2026-05-09 15:46:36,941 | INFO | Logging to file: logs/bot_20260509_154636.log
2026-05-09 15:46:36,941 | INFO | Loading config: configs/chip_observe.yaml
2026-05-09 15:46:37,623 | INFO | Rate limits loaded from exchangeInfo: 6000 weight / 60s
2026-05-09 15:46:37,635 | INFO | Checking exchange connection...
2026-05-09 15:46:37,900 | INFO | Connected to exchange. Server time: 1778334397854
2026-05-09 15:46:37,912 | INFO | DEX engine: Uniswap V3 (fee_tier=100)
2026-05-09 15:46:37,916 | INFO | TxBuilder wired: address=0x84b7346c733Daa8c189e1f31d574087971e5cD7a dex=v3 fee_tier=100
2026-05-09 15:46:37,924 | WARNING | ⚠️  PRODUCTION MODE — REAL MONEY ⚠️
2026-05-09 15:46:37,924 | INFO | Bot starting | pairs=['CHIP/USDC'] | risk={'capital': '100', 'peak': '100', 'daily_pnl': '0', 'drawdown': '0.0%', 'consec_loss': 0, 'tph': 0}
2026-05-09 15:46:42,190 | INFO | API key is valid (expiration unknown).
2026-05-09 15:46:42,712 | INFO | fetch_order_book: symbol=CHIP/USDC limit=20
2026-05-09 15:46:42,715 | INFO | Start polling
2026-05-09 15:46:42,743 | INFO | Run polling for bot @arb_bot_peanutbot id=8642945117 - 'arb_bot_peanut'
2026-05-09 15:46:42,968 | INFO | fetch_order_book: mid=0.065705 spread=4.57bps bids=20 asks=20
2026-05-09 15:46:43,960 | INFO | SPREAD | pair=CHIP/USDC | cex=0.06569/0.06572 | dex_sell=0.0656897 dex_buy=0.0657066 | spread_a=-4.6bps spread_b=-2.5bps | min=30.0bps
2026-05-09 15:46:44,964 | INFO | fetch_order_book: symbol=CHIP/USDC limit=20
2026-05-09 15:46:45,229 | INFO | fetch_order_book: mid=0.065705 spread=4.57bps bids=20 asks=20
2026-05-09 15:46:46,083 | INFO | SPREAD | pair=CHIP/USDC | cex=0.06569/0.06572 | dex_sell=0.0656897 dex_buy=0.0657066 | spread_a=-4.6bps spread_b=-2.5bps | min=30.0bps
2026-05-09 15:46:47,085 | INFO | fetch_order_book: symbol=CHIP/USDC limit=20
2026-05-09 15:46:47,468 | INFO | fetch_order_book: mid=0.065705 spread=4.57bps bids=20 asks=20
2026-05-09 15:46:48,323 | INFO | SPREAD | pair=CHIP/USDC | cex=0.06569/0.06572 | dex_sell=0.0656897 dex_buy=0.0657066 | spread_a=-4.6bps spread_b=-2.5bps | min=30.0bps
2026-05-09 15:46:49,325 | INFO | fetch_order_book: symbol=CHIP/USDC limit=20
2026-05-09 15:46:49,580 | INFO | fetch_order_book: mid=0.06573 spread=3.04bps bids=20 asks=20
2026-05-09 15:46:50,452 | INFO | SPREAD | pair=CHIP/USDC | cex=0.06572/0.06574 | dex_sell=0.0656897 dex_buy=0.0657066 | spread_a=-7.7bps spread_b=2.0bps | min=30.0bps
2026-05-09 15:46:51,454 | INFO | fetch_order_book: symbol=CHIP/USDC limit=20
2026-05-09 15:46:51,717 | INFO | fetch_order_book: mid=0.065715 spread=4.57bps bids=20 asks=20
2026-05-09 15:46:52,587 | INFO | SPREAD | pair=CHIP/USDC | cex=0.0657/0.06573 | dex_sell=0.0657197 dex_buy=0.0657366 | spread_a=-1.6bps spread_b=-5.6bps | min=30.0bps
2026-05-09 15:46:53,589 | INFO | fetch_order_book: symbol=CHIP/USDC limit=20
2026-05-09 15:46:53,845 | INFO | fetch_order_book: mid=0.06572 spread=6.09bps bids=20 asks=20
2026-05-09 15:46:54,681 | INFO | SPREAD | pair=CHIP/USDC | cex=0.0657/0.06574 | dex_sell=0.0657197 dex_buy=0.0657366 | spread_a=-3.1bps spread_b=-5.6bps | min=30.0bps
2026-05-09 15:46:55,683 | INFO | fetch_order_book: symbol=CHIP/USDC limit=20
2026-05-09 15:46:55,938 | INFO | fetch_order_book: mid=0.065715 spread=4.57bps bids=20 asks=20
2026-05-09 15:46:56,828 | INFO | SPREAD | pair=CHIP/USDC | cex=0.0657/0.06573 | dex_sell=0.0657197 dex_buy=0.0657366 | spread_a=-1.6bps spread_b=-5.6bps | min=30.0bps
2026-05-09 15:46:57,830 | INFO | fetch_order_book: symbol=CHIP/USDC limit=20
2026-05-09 15:46:58,085 | INFO | fetch_order_book: mid=0.06572 spread=6.09bps bids=20 asks=20
2026-05-09 15:46:58,962 | INFO | SPREAD | pair=CHIP/USDC | cex=0.0657/0.06574 | dex_sell=0.0657197 dex_buy=0.0657366 | spread_a=-3.1bps spread_b=-5.6bps | min=30.0bps
2026-05-09 15:46:59,964 | INFO | fetch_order_book: symbol=CHIP/USDC limit=20
2026-05-09 15:47:00,221 | INFO | fetch_order_book: mid=0.06572 spread=6.09bps bids=20 asks=20
2026-05-09 15:47:01,112 | INFO | SPREAD | pair=CHIP/USDC | cex=0.0657/0.06574 | dex_sell=0.0657197 dex_buy=0.0657366 | spread_a=-3.1bps spread_b=-5.6bps | min=30.0bps
2026-05-09 15:47:02,114 | INFO | fetch_order_book: symbol=CHIP/USDC limit=20
2026-05-09 15:47:02,478 | INFO | fetch_order_book: mid=0.065785 spread=4.56bps bids=20 asks=20
2026-05-09 15:47:03,363 | INFO | SPREAD | pair=CHIP/USDC | cex=0.06577/0.0658 | dex_sell=0.0657497 dex_buy=0.0657666 | spread_a=-7.6bps spread_b=0.5bps | min=30.0bps
2026-05-09 15:47:04,365 | INFO | fetch_order_book: symbol=CHIP/USDC limit=20
2026-05-09 15:47:04,628 | INFO | fetch_order_book: mid=0.065795 spread=1.52bps bids=20 asks=20
2026-05-09 15:47:05,559 | INFO | SPREAD | pair=CHIP/USDC | cex=0.06579/0.0658 | dex_sell=0.0657797 dex_buy=0.0657966 | spread_a=-3.1bps spread_b=-1.0bps | min=30.0bps
2026-05-09 15:47:06,561 | INFO | fetch_order_book: symbol=CHIP/USDC limit=20
2026-05-09 15:47:06,824 | INFO | fetch_order_book: mid=0.065795 spread=1.52bps bids=20 asks=20
2026-05-09 15:47:07,684 | INFO | SPREAD | pair=CHIP/USDC | cex=0.06579/0.0658 | dex_sell=0.0657797 dex_buy=0.0657966 | spread_a=-3.1bps spread_b=-1.0bps | min=30.0bps
2026-05-09 15:47:08,686 | INFO | fetch_order_book: symbol=CHIP/USDC limit=20
2026-05-09 15:47:08,958 | INFO | fetch_order_book: mid=0.065835 spread=1.52bps bids=20 asks=20
2026-05-09 15:47:09,831 | INFO | SPREAD | pair=CHIP/USDC | cex=0.06583/0.06584 | dex_sell=0.0658094 dex_buy=0.0658465 | spread_a=-4.6bps spread_b=-2.5bps | min=30.0bps
2026-05-09 15:47:10,834 | INFO | fetch_order_book: symbol=CHIP/USDC limit=20
2026-05-09 15:47:11,091 | INFO | fetch_order_book: mid=0.065835 spread=1.52bps bids=20 asks=20
2026-05-09 15:47:11,971 | INFO | SPREAD | pair=CHIP/USDC | cex=0.06583/0.06584 | dex_sell=0.0658296 dex_buy=0.0658766 | spread_a=-1.6bps spread_b=-7.1bps | min=30.0bps
2026-05-09 15:47:12,972 | INFO | fetch_order_book: symbol=CHIP/USDC limit=20
2026-05-09 15:47:13,226 | INFO | fetch_order_book: mid=0.06587 spread=3.04bps bids=20 asks=20
2026-05-09 15:47:14,112 | INFO | SPREAD | pair=CHIP/USDC | cex=0.06586/0.06588 | dex_sell=0.0658596 dex_buy=0.0658766 | spread_a=-3.1bps spread_b=-2.5bps | min=30.0bps
2026-05-09 15:47:15,115 | INFO | fetch_order_book: symbol=CHIP/USDC limit=20
2026-05-09 15:47:15,386 | INFO | fetch_order_book: mid=0.06589 spread=3.04bps bids=20 asks=20
2026-05-09 15:47:16,254 | INFO | SPREAD | pair=CHIP/USDC | cex=0.06588/0.0659 | dex_sell=0.0658596 dex_buy=0.0659066 | spread_a=-6.1bps spread_b=-4.0bps | min=30.0bps
2026-05-09 15:47:17,255 | INFO | fetch_order_book: symbol=CHIP/USDC limit=20
2026-05-09 15:47:17,510 | INFO | fetch_order_book: mid=0.06589 spread=3.04bps bids=20 asks=20
2026-05-09 15:47:18,415 | INFO | SPREAD | pair=CHIP/USDC | cex=0.06588/0.0659 | dex_sell=0.0658897 dex_buy=0.0659066 | spread_a=-1.6bps spread_b=-4.0bps | min=30.0bps
2026-05-09 15:47:19,417 | INFO | fetch_order_book: symbol=CHIP/USDC limit=20
2026-05-09 15:47:19,688 | INFO | fetch_order_book: mid=0.06589 spread=3.04bps bids=20 asks=20
2026-05-09 15:47:20,537 | INFO | SPREAD | pair=CHIP/USDC | cex=0.06588/0.0659 | dex_sell=0.0658897 dex_buy=0.0659066 | spread_a=-1.6bps spread_b=-4.0bps | min=30.0bps
2026-05-09 15:47:21,540 | INFO | fetch_order_book: symbol=CHIP/USDC limit=20
2026-05-09 15:47:21,803 | INFO | fetch_order_book: mid=0.06589 spread=3.04bps bids=20 asks=20
2026-05-09 15:47:22,683 | INFO | SPREAD | pair=CHIP/USDC | cex=0.06588/0.0659 | dex_sell=0.0658897 dex_buy=0.0659066 | spread_a=-1.6bps spread_b=-4.0bps | min=30.0bps
2026-05-09 15:47:23,686 | INFO | fetch_order_book: symbol=CHIP/USDC limit=20
2026-05-09 15:47:23,944 | INFO | fetch_order_book: mid=0.065885 spread=4.55bps bids=20 asks=20
2026-05-09 15:47:24,802 | INFO | SPREAD | pair=CHIP/USDC | cex=0.06587/0.0659 | dex_sell=0.0658897 dex_buy=0.0659066 | spread_a=-1.6bps spread_b=-5.6bps | min=30.0bps
2026-05-09 15:47:25,804 | INFO | fetch_order_book: symbol=CHIP/USDC limit=20
2026-05-09 15:47:26,136 | INFO | fetch_order_book: mid=0.065895 spread=1.52bps bids=20 asks=20
2026-05-09 15:47:27,013 | INFO | SPREAD | pair=CHIP/USDC | cex=0.06589/0.0659 | dex_sell=0.0658897 dex_buy=0.0659066 | spread_a=-1.6bps spread_b=-2.5bps | min=30.0bps
2026-05-09 15:47:28,016 | INFO | fetch_order_book: symbol=CHIP/USDC limit=20
2026-05-09 15:47:28,346 | INFO | fetch_order_book: mid=0.06591 spread=3.03bps bids=20 asks=20
2026-05-09 15:47:29,227 | INFO | SPREAD | pair=CHIP/USDC | cex=0.0659/0.06592 | dex_sell=0.0658897 dex_buy=0.0659066 | spread_a=-4.6bps spread_b=-1.0bps | min=30.0bps
2026-05-09 15:47:30,229 | INFO | fetch_order_book: symbol=CHIP/USDC limit=20
2026-05-09 15:47:30,638 | INFO | fetch_order_book: mid=0.065915 spread=1.52bps bids=20 asks=20
2026-05-09 15:47:31,510 | INFO | SPREAD | pair=CHIP/USDC | cex=0.06591/0.06592 | dex_sell=0.0659194 dex_buy=0.0659364 | spread_a=-0.1bps spread_b=-4.0bps | min=30.0bps
2026-05-09 15:47:32,513 | INFO | fetch_order_book: symbol=CHIP/USDC limit=20
2026-05-09 15:47:32,904 | INFO | fetch_order_book: mid=0.06593 spread=3.03bps bids=20 asks=20
2026-05-09 15:47:33,759 | INFO | SPREAD | pair=CHIP/USDC | cex=0.06592/0.06594 | dex_sell=0.0659194 dex_buy=0.0659364 | spread_a=-3.1bps spread_b=-2.5bps | min=30.0bps
2026-05-09 15:47:34,761 | INFO | fetch_order_book: symbol=CHIP/USDC limit=20
2026-05-09 15:47:35,031 | INFO | fetch_order_book: mid=0.06593 spread=3.03bps bids=20 asks=20
2026-05-09 15:47:35,895 | INFO | SPREAD | pair=CHIP/USDC | cex=0.06592/0.06594 | dex_sell=0.0659194 dex_buy=0.0659364 | spread_a=-3.1bps spread_b=-2.5bps | min=30.0bps
2026-05-09 15:47:36,897 | INFO | fetch_order_book: symbol=CHIP/USDC limit=20
2026-05-09 15:47:37,157 | INFO | fetch_order_book: mid=0.065935 spread=1.52bps bids=20 asks=20
2026-05-09 15:47:38,068 | INFO | SPREAD | pair=CHIP/USDC | cex=0.06593/0.06594 | dex_sell=0.0659194 dex_buy=0.0659364 | spread_a=-3.1bps spread_b=-1.0bps | min=30.0bps
2026-05-09 15:47:39,071 | INFO | fetch_order_book: symbol=CHIP/USDC limit=20
2026-05-09 15:47:39,341 | INFO | fetch_order_book: mid=0.065935 spread=1.52bps bids=20 asks=20
2026-05-09 15:47:40,202 | INFO | SPREAD | pair=CHIP/USDC | cex=0.06593/0.06594 | dex_sell=0.0659396 dex_buy=0.0659566 | spread_a=-0.1bps spread_b=-4.0bps | min=30.0bps
2026-05-09 15:47:41,204 | INFO | fetch_order_book: symbol=CHIP/USDC limit=20
2026-05-09 15:47:41,487 | INFO | fetch_order_book: mid=0.065965 spread=4.55bps bids=20 asks=20
2026-05-09 15:47:42,335 | INFO | SPREAD | pair=CHIP/USDC | cex=0.06595/0.06598 | dex_sell=0.0659697 dex_buy=0.065972 | spread_a=-1.6bps spread_b=-3.3bps | min=30.0bps
2026-05-09 15:47:43,338 | INFO | fetch_order_book: symbol=CHIP/USDC limit=20
2026-05-09 15:47:43,848 | INFO | fetch_order_book: mid=0.065955 spread=4.55bps bids=20 asks=20
2026-05-09 15:47:44,739 | INFO | SPREAD | pair=CHIP/USDC | cex=0.06594/0.06597 | dex_sell=0.0659551 dex_buy=0.065972 | spread_a=-2.3bps spread_b=-4.9bps | min=30.0bps
2026-05-09 15:47:45,741 | INFO | fetch_order_book: symbol=CHIP/USDC limit=20
2026-05-09 15:47:45,996 | INFO | fetch_order_book: mid=0.065955 spread=4.55bps bids=20 asks=20
2026-05-09 15:47:46,893 | INFO | SPREAD | pair=CHIP/USDC | cex=0.06594/0.06597 | dex_sell=0.0659551 dex_buy=0.065972 | spread_a=-2.3bps spread_b=-4.9bps | min=30.0bps
2026-05-09 15:47:47,895 | INFO | fetch_order_book: symbol=CHIP/USDC limit=20
2026-05-09 15:47:48,307 | INFO | fetch_order_book: mid=0.065935 spread=7.58bps bids=20 asks=20
2026-05-09 15:47:49,173 | INFO | SPREAD | pair=CHIP/USDC | cex=0.06591/0.06596 | dex_sell=0.0659551 dex_buy=0.065972 | spread_a=-0.7bps spread_b=-9.4bps | min=30.0bps
2026-05-09 15:47:50,175 | INFO | fetch_order_book: symbol=CHIP/USDC limit=20
2026-05-09 15:47:50,429 | INFO | fetch_order_book: mid=0.065935 spread=7.58bps bids=20 asks=20
2026-05-09 15:47:51,258 | INFO | SPREAD | pair=CHIP/USDC | cex=0.06591/0.06596 | dex_sell=0.0659551 dex_buy=0.0659502 | spread_a=-0.7bps spread_b=-6.1bps | min=30.0bps
2026-05-09 15:47:52,259 | INFO | fetch_order_book: symbol=CHIP/USDC limit=20
2026-05-09 15:47:52,514 | INFO | fetch_order_book: mid=0.06591 spread=3.03bps bids=20 asks=20
2026-05-09 15:47:53,371 | INFO | SPREAD | pair=CHIP/USDC | cex=0.0659/0.06592 | dex_sell=0.0659032 dex_buy=0.0659201 | spread_a=-2.5bps spread_b=-3.1bps | min=30.0bps
2026-05-09 15:47:54,373 | INFO | fetch_order_book: symbol=CHIP/USDC limit=20
2026-05-09 15:47:54,629 | INFO | fetch_order_book: mid=0.06589 spread=3.04bps bids=20 asks=20
2026-05-09 15:47:55,506 | INFO | SPREAD | pair=CHIP/USDC | cex=0.06588/0.0659 | dex_sell=0.0659032 dex_buy=0.0659201 | spread_a=0.5bps spread_b=-6.1bps | min=30.0bps
2026-05-09 15:47:56,509 | INFO | fetch_order_book: symbol=CHIP/USDC limit=20
2026-05-09 15:47:56,780 | INFO | fetch_order_book: mid=0.06587 spread=3.04bps bids=20 asks=20
2026-05-09 15:47:57,632 | INFO | SPREAD | pair=CHIP/USDC | cex=0.06586/0.06588 | dex_sell=0.0658735 dex_buy=0.0658904 | spread_a=-1.0bps spread_b=-4.6bps | min=30.0bps
2026-05-09 15:47:58,634 | INFO | fetch_order_book: symbol=CHIP/USDC limit=20
2026-05-09 15:47:58,889 | INFO | fetch_order_book: mid=0.06588 spread=6.07bps bids=20 asks=20
2026-05-09 15:47:59,764 | INFO | SPREAD | pair=CHIP/USDC | cex=0.06586/0.0659 | dex_sell=0.0658735 dex_buy=0.0658904 | spread_a=-4.0bps spread_b=-4.6bps | min=30.0bps
2026-05-09 15:48:00,766 | INFO | fetch_order_book: symbol=CHIP/USDC limit=20
2026-05-09 15:48:01,019 | INFO | fetch_order_book: mid=0.06589 spread=6.07bps bids=20 asks=20
2026-05-09 15:48:01,909 | INFO | SPREAD | pair=CHIP/USDC | cex=0.06587/0.06591 | dex_sell=0.0658735 dex_buy=0.0658904 | spread_a=-5.5bps spread_b=-3.1bps | min=30.0bps
2026-05-09 15:48:02,911 | INFO | fetch_order_book: symbol=CHIP/USDC limit=20
2026-05-09 15:48:03,172 | INFO | fetch_order_book: mid=0.06589 spread=6.07bps bids=20 asks=20
2026-05-09 15:48:04,060 | INFO | SPREAD | pair=CHIP/USDC | cex=0.06587/0.06591 | dex_sell=0.0658735 dex_buy=0.0658904 | spread_a=-5.5bps spread_b=-3.1bps | min=30.0bps
2026-05-09 15:48:05,062 | INFO | fetch_order_book: symbol=CHIP/USDC limit=20
2026-05-09 15:48:05,370 | INFO | fetch_order_book: mid=0.065885 spread=7.59bps bids=20 asks=20
2026-05-09 15:48:06,261 | INFO | SPREAD | pair=CHIP/USDC | cex=0.06586/0.06591 | dex_sell=0.0658735 dex_buy=0.0658904 | spread_a=-5.5bps spread_b=-4.6bps | min=30.0bps
2026-05-09 15:48:07,263 | INFO | fetch_order_book: symbol=CHIP/USDC limit=20
2026-05-09 15:48:07,528 | INFO | fetch_order_book: mid=0.06590 spread=6.07bps bids=20 asks=20
2026-05-09 15:48:08,389 | INFO | SPREAD | pair=CHIP/USDC | cex=0.06588/0.06592 | dex_sell=0.0658735 dex_buy=0.0658904 | spread_a=-7.1bps spread_b=-1.6bps | min=30.0bps
2026-05-09 15:48:09,391 | INFO | fetch_order_book: symbol=CHIP/USDC limit=20
2026-05-09 15:48:09,656 | INFO | fetch_order_book: mid=0.06589 spread=6.07bps bids=20 asks=20
2026-05-09 15:48:10,519 | INFO | SPREAD | pair=CHIP/USDC | cex=0.06587/0.06591 | dex_sell=0.0658735 dex_buy=0.0658904 | spread_a=-5.5bps spread_b=-3.1bps | min=30.0bps
2026-05-09 15:48:11,521 | INFO | fetch_order_book: symbol=CHIP/USDC limit=20
2026-05-09 15:48:11,777 | INFO | fetch_order_book: mid=0.06589 spread=6.07bps bids=20 asks=20
2026-05-09 15:48:12,655 | INFO | SPREAD | pair=CHIP/USDC | cex=0.06587/0.06591 | dex_sell=0.0658735 dex_buy=0.0658904 | spread_a=-5.5bps spread_b=-3.1bps | min=30.0bps
2026-05-09 15:48:13,658 | INFO | fetch_order_book: symbol=CHIP/USDC limit=20
2026-05-09 15:48:13,919 | INFO | fetch_order_book: mid=0.06589 spread=6.07bps bids=20 asks=20
2026-05-09 15:48:14,870 | INFO | SPREAD | pair=CHIP/USDC | cex=0.06587/0.06591 | dex_sell=0.0658735 dex_buy=0.0658904 | spread_a=-5.5bps spread_b=-3.1bps | min=30.0bps
2026-05-09 15:48:15,873 | INFO | fetch_order_book: symbol=CHIP/USDC limit=20
2026-05-09 15:48:16,128 | INFO | fetch_order_book: mid=0.065885 spread=7.59bps bids=20 asks=20
2026-05-09 15:48:17,004 | INFO | SPREAD | pair=CHIP/USDC | cex=0.06586/0.06591 | dex_sell=0.0658735 dex_buy=0.0658904 | spread_a=-5.5bps spread_b=-4.6bps | min=30.0bps
2026-05-09 15:48:18,006 | INFO | fetch_order_book: symbol=CHIP/USDC limit=20
2026-05-09 15:48:18,261 | INFO | fetch_order_book: mid=0.065895 spread=4.55bps bids=20 asks=20
2026-05-09 15:48:19,118 | INFO | SPREAD | pair=CHIP/USDC | cex=0.06588/0.06591 | dex_sell=0.0658735 dex_buy=0.0658904 | spread_a=-5.5bps spread_b=-1.6bps | min=30.0bps
2026-05-09 15:48:20,123 | INFO | fetch_order_book: symbol=CHIP/USDC limit=20
2026-05-09 15:48:20,383 | INFO | fetch_order_book: mid=0.06585 spread=3.04bps bids=20 asks=20
2026-05-09 15:48:21,247 | INFO | SPREAD | pair=CHIP/USDC | cex=0.06584/0.06586 | dex_sell=0.0658735 dex_buy=0.0658904 | spread_a=2.0bps spread_b=-7.6bps | min=30.0bps
2026-05-09 15:48:22,249 | INFO | fetch_order_book: symbol=CHIP/USDC limit=20
2026-05-09 15:48:22,506 | INFO | fetch_order_book: mid=0.06585 spread=3.04bps bids=20 asks=20
2026-05-09 15:48:23,352 | INFO | SPREAD | pair=CHIP/USDC | cex=0.06584/0.06586 | dex_sell=0.0658535 dex_buy=0.0658704 | spread_a=-1.0bps spread_b=-4.6bps | min=30.0bps
2026-05-09 15:48:24,354 | INFO | fetch_order_book: symbol=CHIP/USDC limit=20
2026-05-09 15:48:24,723 | INFO | fetch_order_book: mid=0.06585 spread=3.04bps bids=20 asks=20
2026-05-09 15:48:25,604 | INFO | SPREAD | pair=CHIP/USDC | cex=0.06584/0.06586 | dex_sell=0.0658535 dex_buy=0.0658704 | spread_a=-1.0bps spread_b=-4.6bps | min=30.0bps
2026-05-09 15:48:26,606 | INFO | fetch_order_book: symbol=CHIP/USDC limit=20
2026-05-09 15:48:26,860 | INFO | fetch_order_book: mid=0.06587 spread=6.07bps bids=20 asks=20
2026-05-09 15:48:27,794 | INFO | SPREAD | pair=CHIP/USDC | cex=0.06585/0.06589 | dex_sell=0.0658535 dex_buy=0.0658704 | spread_a=-5.5bps spread_b=-3.1bps | min=30.0bps
2026-05-09 15:48:28,796 | INFO | fetch_order_book: symbol=CHIP/USDC limit=20
2026-05-09 15:48:29,056 | INFO | fetch_order_book: mid=0.06587 spread=6.07bps bids=20 asks=20
2026-05-09 15:48:29,895 | INFO | SPREAD | pair=CHIP/USDC | cex=0.06585/0.06589 | dex_sell=0.0658535 dex_buy=0.0658704 | spread_a=-5.5bps spread_b=-3.1bps | min=30.0bps
2026-05-09 15:48:30,898 | INFO | fetch_order_book: symbol=CHIP/USDC limit=20
2026-05-09 15:48:31,154 | INFO | fetch_order_book: mid=0.06587 spread=6.07bps bids=20 asks=20
2026-05-09 15:48:32,057 | INFO | SPREAD | pair=CHIP/USDC | cex=0.06585/0.06589 | dex_sell=0.0658535 dex_buy=0.0658704 | spread_a=-5.5bps spread_b=-3.1bps | min=30.0bps
2026-05-09 15:48:33,059 | INFO | fetch_order_book: symbol=CHIP/USDC limit=20
2026-05-09 15:48:33,316 | INFO | fetch_order_book: mid=0.065865 spread=7.59bps bids=20 asks=20
2026-05-09 15:48:34,167 | INFO | SPREAD | pair=CHIP/USDC | cex=0.06584/0.06589 | dex_sell=0.0658535 dex_buy=0.0658704 | spread_a=-5.5bps spread_b=-4.6bps | min=30.0bps
2026-05-09 15:48:35,169 | INFO | fetch_order_book: symbol=CHIP/USDC limit=20
2026-05-09 15:48:35,427 | INFO | fetch_order_book: mid=0.065865 spread=7.59bps bids=20 asks=20
2026-05-09 15:48:36,300 | INFO | SPREAD | pair=CHIP/USDC | cex=0.06584/0.06589 | dex_sell=0.0658535 dex_buy=0.0658704 | spread_a=-5.5bps spread_b=-4.6bps | min=30.0bps
2026-05-09 15:48:37,303 | INFO | fetch_order_book: symbol=CHIP/USDC limit=20
2026-05-09 15:48:37,559 | INFO | fetch_order_book: mid=0.06588 spread=6.07bps bids=20 asks=20
2026-05-09 15:48:38,478 | INFO | SPREAD | pair=CHIP/USDC | cex=0.06586/0.0659 | dex_sell=0.0658535 dex_buy=0.0658704 | spread_a=-7.1bps spread_b=-1.6bps | min=30.0bps
2026-05-09 15:48:39,481 | INFO | fetch_order_book: symbol=CHIP/USDC limit=20
2026-05-09 15:48:39,743 | INFO | fetch_order_book: mid=0.065895 spread=1.52bps bids=20 asks=20
2026-05-09 15:48:40,623 | INFO | SPREAD | pair=CHIP/USDC | cex=0.06589/0.0659 | dex_sell=0.0658797 dex_buy=0.0658966 | spread_a=-3.1bps spread_b=-1.0bps | min=30.0bps
2026-05-09 15:48:41,625 | INFO | fetch_order_book: symbol=CHIP/USDC limit=20
2026-05-09 15:48:41,884 | INFO | fetch_order_book: mid=0.06589 spread=3.04bps bids=20 asks=20
2026-05-09 15:48:42,767 | INFO | SPREAD | pair=CHIP/USDC | cex=0.06588/0.0659 | dex_sell=0.0658797 dex_buy=0.0658966 | spread_a=-3.1bps spread_b=-2.5bps | min=30.0bps
2026-05-09 15:48:43,768 | INFO | fetch_order_book: symbol=CHIP/USDC limit=20
2026-05-09 15:48:44,025 | INFO | fetch_order_book: mid=0.06591 spread=3.03bps bids=20 asks=20
2026-05-09 15:48:44,866 | INFO | SPREAD | pair=CHIP/USDC | cex=0.0659/0.06592 | dex_sell=0.0659097 dex_buy=0.0659266 | spread_a=-1.6bps spread_b=-4.0bps | min=30.0bps
2026-05-09 15:48:45,868 | INFO | fetch_order_book: symbol=CHIP/USDC limit=20
2026-05-09 15:48:46,217 | INFO | fetch_order_book: mid=0.06591 spread=3.03bps bids=20 asks=20
2026-05-09 15:48:47,152 | INFO | SPREAD | pair=CHIP/USDC | cex=0.0659/0.06592 | dex_sell=0.0659097 dex_buy=0.0659266 | spread_a=-1.6bps spread_b=-4.0bps | min=30.0bps
2026-05-09 15:48:48,155 | INFO | fetch_order_book: symbol=CHIP/USDC limit=20
2026-05-09 15:48:48,416 | INFO | fetch_order_book: mid=0.06591 spread=3.03bps bids=20 asks=20
2026-05-09 15:48:49,261 | INFO | SPREAD | pair=CHIP/USDC | cex=0.0659/0.06592 | dex_sell=0.0659097 dex_buy=0.0659266 | spread_a=-1.6bps spread_b=-4.0bps | min=30.0bps
2026-05-09 15:48:50,263 | INFO | fetch_order_book: symbol=CHIP/USDC limit=20
2026-05-09 15:48:50,524 | INFO | fetch_order_book: mid=0.065915 spread=1.52bps bids=20 asks=20
2026-05-09 15:48:51,382 | INFO | SPREAD | pair=CHIP/USDC | cex=0.06591/0.06592 | dex_sell=0.0659097 dex_buy=0.0659266 | spread_a=-1.6bps spread_b=-2.5bps | min=30.0bps
2026-05-09 15:48:52,384 | INFO | fetch_order_book: symbol=CHIP/USDC limit=20
2026-05-09 15:48:52,644 | INFO | fetch_order_book: mid=0.065895 spread=4.55bps bids=20 asks=20
2026-05-09 15:48:53,537 | INFO | SPREAD | pair=CHIP/USDC | cex=0.06588/0.06591 | dex_sell=0.0659097 dex_buy=0.0659266 | spread_a=-0.0bps spread_b=-7.1bps | min=30.0bps
2026-05-09 15:48:54,540 | INFO | fetch_order_book: symbol=CHIP/USDC limit=20
2026-05-09 15:48:54,811 | INFO | fetch_order_book: mid=0.065905 spread=4.55bps bids=20 asks=20
2026-05-09 15:48:55,679 | INFO | SPREAD | pair=CHIP/USDC | cex=0.06589/0.06592 | dex_sell=0.0659097 dex_buy=0.0659266 | spread_a=-1.6bps spread_b=-5.6bps | min=30.0bps
2026-05-09 15:48:56,681 | INFO | fetch_order_book: symbol=CHIP/USDC limit=20
2026-05-09 15:48:57,080 | INFO | fetch_order_book: mid=0.065905 spread=4.55bps bids=20 asks=20
2026-05-09 15:48:57,952 | INFO | SPREAD | pair=CHIP/USDC | cex=0.06589/0.06592 | dex_sell=0.0659097 dex_buy=0.0659266 | spread_a=-1.6bps spread_b=-5.6bps | min=30.0bps
2026-05-09 15:48:58,954 | INFO | fetch_order_book: symbol=CHIP/USDC limit=20
2026-05-09 15:48:59,336 | INFO | fetch_order_book: mid=0.06592 spread=12.14bps bids=20 asks=20
2026-05-09 15:49:00,195 | INFO | SPREAD | pair=CHIP/USDC | cex=0.06588/0.06596 | dex_sell=0.0659097 dex_buy=0.0659266 | spread_a=-7.6bps spread_b=-7.1bps | min=30.0bps
2026-05-09 15:49:01,197 | INFO | fetch_order_book: symbol=CHIP/USDC limit=20
2026-05-09 15:49:01,453 | INFO | fetch_order_book: mid=0.06592 spread=9.10bps bids=20 asks=20
2026-05-09 15:49:02,307 | INFO | SPREAD | pair=CHIP/USDC | cex=0.06589/0.06595 | dex_sell=0.0659097 dex_buy=0.0659266 | spread_a=-6.1bps spread_b=-5.6bps | min=30.0bps
2026-05-09 15:49:03,309 | INFO | fetch_order_book: symbol=CHIP/USDC limit=20
2026-05-09 15:49:03,569 | INFO | fetch_order_book: mid=0.065915 spread=7.59bps bids=20 asks=20
2026-05-09 15:49:04,476 | INFO | SPREAD | pair=CHIP/USDC | cex=0.06589/0.06594 | dex_sell=0.0659097 dex_buy=0.0659266 | spread_a=-4.6bps spread_b=-5.6bps | min=30.0bps
2026-05-09 15:49:05,479 | INFO | fetch_order_book: symbol=CHIP/USDC limit=20
2026-05-09 15:49:05,780 | INFO | fetch_order_book: mid=0.06591 spread=9.10bps bids=20 asks=20
2026-05-09 15:49:06,700 | INFO | SPREAD | pair=CHIP/USDC | cex=0.06588/0.06594 | dex_sell=0.0659097 dex_buy=0.0659266 | spread_a=-4.6bps spread_b=-7.1bps | min=30.0bps
2026-05-09 15:49:07,703 | INFO | fetch_order_book: symbol=CHIP/USDC limit=20
2026-05-09 15:49:07,970 | INFO | fetch_order_book: mid=0.065915 spread=7.59bps bids=20 asks=20
2026-05-09 15:49:08,844 | INFO | SPREAD | pair=CHIP/USDC | cex=0.06589/0.06594 | dex_sell=0.0659097 dex_buy=0.0659266 | spread_a=-4.6bps spread_b=-5.6bps | min=30.0bps
2026-05-09 15:49:09,846 | INFO | fetch_order_book: symbol=CHIP/USDC limit=20
2026-05-09 15:49:10,104 | INFO | fetch_order_book: mid=0.065915 spread=7.59bps bids=20 asks=20
2026-05-09 15:49:10,968 | INFO | SPREAD | pair=CHIP/USDC | cex=0.06589/0.06594 | dex_sell=0.0659097 dex_buy=0.0659266 | spread_a=-4.6bps spread_b=-5.6bps | min=30.0bps
2026-05-09 15:49:11,970 | INFO | fetch_order_book: symbol=CHIP/USDC limit=20
2026-05-09 15:49:12,230 | INFO | fetch_order_book: mid=0.065915 spread=7.59bps bids=20 asks=20
2026-05-09 15:49:13,083 | INFO | SPREAD | pair=CHIP/USDC | cex=0.06589/0.06594 | dex_sell=0.0659097 dex_buy=0.0659266 | spread_a=-4.6bps spread_b=-5.6bps | min=30.0bps
2026-05-09 15:49:14,085 | INFO | fetch_order_book: symbol=CHIP/USDC limit=20
2026-05-09 15:49:14,372 | INFO | fetch_order_book: mid=0.065915 spread=7.59bps bids=20 asks=20
2026-05-09 15:49:15,200 | INFO | SPREAD | pair=CHIP/USDC | cex=0.06589/0.06594 | dex_sell=0.0659097 dex_buy=0.0659266 | spread_a=-4.6bps spread_b=-5.6bps | min=30.0bps
2026-05-09 15:49:16,203 | INFO | fetch_order_book: symbol=CHIP/USDC limit=20
2026-05-09 15:49:16,461 | INFO | fetch_order_book: mid=0.065915 spread=7.59bps bids=20 asks=20
2026-05-09 15:49:17,337 | INFO | SPREAD | pair=CHIP/USDC | cex=0.06589/0.06594 | dex_sell=0.0659097 dex_buy=0.0659266 | spread_a=-4.6bps spread_b=-5.6bps | min=30.0bps
2026-05-09 15:49:18,339 | INFO | fetch_order_book: symbol=CHIP/USDC limit=20
2026-05-09 15:49:18,600 | INFO | fetch_order_book: mid=0.065915 spread=7.59bps bids=20 asks=20
2026-05-09 15:49:19,535 | INFO | SPREAD | pair=CHIP/USDC | cex=0.06589/0.06594 | dex_sell=0.0659097 dex_buy=0.0659266 | spread_a=-4.6bps spread_b=-5.6bps | min=30.0bps
2026-05-09 15:49:20,538 | INFO | fetch_order_book: symbol=CHIP/USDC limit=20
2026-05-09 15:49:20,808 | INFO | fetch_order_book: mid=0.06592 spread=9.10bps bids=20 asks=20
2026-05-09 15:49:21,698 | INFO | SPREAD | pair=CHIP/USDC | cex=0.06589/0.06595 | dex_sell=0.0659097 dex_buy=0.0659266 | spread_a=-6.1bps spread_b=-5.6bps | min=30.0bps
2026-05-09 15:49:22,700 | INFO | fetch_order_book: symbol=CHIP/USDC limit=20
2026-05-09 15:49:22,958 | INFO | fetch_order_book: mid=0.06592 spread=9.10bps bids=20 asks=20
2026-05-09 15:49:23,838 | INFO | SPREAD | pair=CHIP/USDC | cex=0.06589/0.06595 | dex_sell=0.0659097 dex_buy=0.0659266 | spread_a=-6.1bps spread_b=-5.6bps | min=30.0bps
2026-05-09 15:49:24,841 | INFO | fetch_order_book: symbol=CHIP/USDC limit=20
2026-05-09 15:49:25,137 | INFO | fetch_order_book: mid=0.065915 spread=7.59bps bids=20 asks=20
2026-05-09 15:49:26,030 | INFO | SPREAD | pair=CHIP/USDC | cex=0.06589/0.06594 | dex_sell=0.0659097 dex_buy=0.0659266 | spread_a=-4.6bps spread_b=-5.6bps | min=30.0bps
2026-05-09 15:49:27,032 | INFO | fetch_order_book: symbol=CHIP/USDC limit=20
2026-05-09 15:49:27,375 | INFO | fetch_order_book: mid=0.065915 spread=7.59bps bids=20 asks=20
2026-05-09 15:49:28,243 | INFO | SPREAD | pair=CHIP/USDC | cex=0.06589/0.06594 | dex_sell=0.0659097 dex_buy=0.0659266 | spread_a=-4.6bps spread_b=-5.6bps | min=30.0bps
2026-05-09 15:49:29,245 | INFO | fetch_order_book: symbol=CHIP/USDC limit=20
2026-05-09 15:49:29,505 | INFO | fetch_order_book: mid=0.065915 spread=7.59bps bids=20 asks=20
2026-05-09 15:49:30,363 | INFO | SPREAD | pair=CHIP/USDC | cex=0.06589/0.06594 | dex_sell=0.0659097 dex_buy=0.0659266 | spread_a=-4.6bps spread_b=-5.6bps | min=30.0bps
2026-05-09 15:49:31,366 | INFO | fetch_order_book: symbol=CHIP/USDC limit=20
2026-05-09 15:49:31,623 | INFO | fetch_order_book: mid=0.065915 spread=7.59bps bids=20 asks=20
2026-05-09 15:49:32,591 | INFO | SPREAD | pair=CHIP/USDC | cex=0.06589/0.06594 | dex_sell=0.0659097 dex_buy=0.0659266 | spread_a=-4.6bps spread_b=-5.6bps | min=30.0bps
2026-05-09 15:49:33,593 | INFO | fetch_order_book: symbol=CHIP/USDC limit=20
2026-05-09 15:49:33,849 | INFO | fetch_order_book: mid=0.065915 spread=7.59bps bids=20 asks=20
2026-05-09 15:49:34,758 | INFO | SPREAD | pair=CHIP/USDC | cex=0.06589/0.06594 | dex_sell=0.0659097 dex_buy=0.0659266 | spread_a=-4.6bps spread_b=-5.6bps | min=30.0bps
2026-05-09 15:49:35,760 | INFO | fetch_order_book: symbol=CHIP/USDC limit=20
2026-05-09 15:49:36,134 | INFO | fetch_order_book: mid=0.06592 spread=9.10bps bids=20 asks=20
2026-05-09 15:49:36,965 | INFO | SPREAD | pair=CHIP/USDC | cex=0.06589/0.06595 | dex_sell=0.0659097 dex_buy=0.0659266 | spread_a=-6.1bps spread_b=-5.6bps | min=30.0bps
2026-05-09 15:49:37,967 | INFO | fetch_order_book: symbol=CHIP/USDC limit=20
2026-05-09 15:49:38,225 | INFO | fetch_order_book: mid=0.06592 spread=9.10bps bids=20 asks=20
2026-05-09 15:49:39,096 | INFO | SPREAD | pair=CHIP/USDC | cex=0.06589/0.06595 | dex_sell=0.0659097 dex_buy=0.0659266 | spread_a=-6.1bps spread_b=-5.6bps | min=30.0bps
2026-05-09 15:49:40,098 | INFO | fetch_order_book: symbol=CHIP/USDC limit=20
2026-05-09 15:49:40,354 | INFO | fetch_order_book: mid=0.065925 spread=7.58bps bids=20 asks=20
2026-05-09 15:49:41,289 | INFO | SPREAD | pair=CHIP/USDC | cex=0.0659/0.06595 | dex_sell=0.0659097 dex_buy=0.0659266 | spread_a=-6.1bps spread_b=-4.0bps | min=30.0bps
2026-05-09 15:49:42,292 | INFO | fetch_order_book: symbol=CHIP/USDC limit=20
2026-05-09 15:49:42,569 | INFO | fetch_order_book: mid=0.06592 spread=9.10bps bids=20 asks=20
2026-05-09 15:49:43,508 | INFO | SPREAD | pair=CHIP/USDC | cex=0.06589/0.06595 | dex_sell=0.0659097 dex_buy=0.0659266 | spread_a=-6.1bps spread_b=-5.6bps | min=30.0bps
2026-05-09 15:49:44,510 | INFO | fetch_order_book: symbol=CHIP/USDC limit=20
2026-05-09 15:49:44,768 | INFO | fetch_order_book: mid=0.065925 spread=7.58bps bids=20 asks=20
2026-05-09 15:49:45,657 | INFO | SPREAD | pair=CHIP/USDC | cex=0.0659/0.06595 | dex_sell=0.0659097 dex_buy=0.0659266 | spread_a=-6.1bps spread_b=-4.0bps | min=30.0bps
2026-05-09 15:49:46,659 | INFO | fetch_order_book: symbol=CHIP/USDC limit=20
2026-05-09 15:49:47,040 | INFO | fetch_order_book: mid=0.06594 spread=6.07bps bids=20 asks=20
2026-05-09 15:49:47,931 | INFO | SPREAD | pair=CHIP/USDC | cex=0.06592/0.06596 | dex_sell=0.0659097 dex_buy=0.0659266 | spread_a=-7.6bps spread_b=-1.0bps | min=30.0bps
2026-05-09 15:49:48,933 | INFO | fetch_order_book: symbol=CHIP/USDC limit=20
2026-05-09 15:49:49,191 | INFO | fetch_order_book: mid=0.06594 spread=6.07bps bids=20 asks=20
2026-05-09 15:49:50,067 | INFO | SPREAD | pair=CHIP/USDC | cex=0.06592/0.06596 | dex_sell=0.0659097 dex_buy=0.0659266 | spread_a=-7.6bps spread_b=-1.0bps | min=30.0bps
2026-05-09 15:49:51,069 | INFO | fetch_order_book: symbol=CHIP/USDC limit=20
2026-05-09 15:49:51,334 | INFO | fetch_order_book: mid=0.065925 spread=7.58bps bids=20 asks=20
2026-05-09 15:49:52,213 | INFO | SPREAD | pair=CHIP/USDC | cex=0.0659/0.06595 | dex_sell=0.0659097 dex_buy=0.0659266 | spread_a=-6.1bps spread_b=-4.0bps | min=30.0bps
2026-05-09 15:49:53,216 | INFO | fetch_order_book: symbol=CHIP/USDC limit=20
2026-05-09 15:49:53,605 | INFO | fetch_order_book: mid=0.065925 spread=7.58bps bids=20 asks=20
2026-05-09 15:49:54,482 | INFO | SPREAD | pair=CHIP/USDC | cex=0.0659/0.06595 | dex_sell=0.0659097 dex_buy=0.0659266 | spread_a=-6.1bps spread_b=-4.0bps | min=30.0bps
2026-05-09 15:49:55,484 | INFO | fetch_order_book: symbol=CHIP/USDC limit=20
2026-05-09 15:49:55,755 | INFO | fetch_order_book: mid=0.065925 spread=7.58bps bids=20 asks=20
2026-05-09 15:49:56,642 | INFO | SPREAD | pair=CHIP/USDC | cex=0.0659/0.06595 | dex_sell=0.0659097 dex_buy=0.0659266 | spread_a=-6.1bps spread_b=-4.0bps | min=30.0bps
2026-05-09 15:49:57,644 | INFO | fetch_order_book: symbol=CHIP/USDC limit=20
2026-05-09 15:49:57,900 | INFO | fetch_order_book: mid=0.06594 spread=6.07bps bids=20 asks=20
2026-05-09 15:49:58,740 | INFO | SPREAD | pair=CHIP/USDC | cex=0.06592/0.06596 | dex_sell=0.0659097 dex_buy=0.0659266 | spread_a=-7.6bps spread_b=-1.0bps | min=30.0bps
2026-05-09 15:49:59,742 | INFO | fetch_order_book: symbol=CHIP/USDC limit=20
2026-05-09 15:49:59,995 | INFO | fetch_order_book: mid=0.065925 spread=7.58bps bids=20 asks=20
2026-05-09 15:50:00,853 | INFO | SPREAD | pair=CHIP/USDC | cex=0.0659/0.06595 | dex_sell=0.0659395 dex_buy=0.0659564 | spread_a=-1.6bps spread_b=-8.6bps | min=30.0bps
2026-05-09 15:50:01,855 | INFO | fetch_order_book: symbol=CHIP/USDC limit=20
2026-05-09 15:50:02,239 | INFO | fetch_order_book: mid=0.06593 spread=9.10bps bids=20 asks=20
2026-05-09 15:50:03,059 | INFO | SPREAD | pair=CHIP/USDC | cex=0.0659/0.06596 | dex_sell=0.0659395 dex_buy=0.0659564 | spread_a=-3.1bps spread_b=-8.6bps | min=30.0bps
2026-05-09 15:50:04,062 | INFO | fetch_order_book: symbol=CHIP/USDC limit=20
2026-05-09 15:50:04,322 | INFO | fetch_order_book: mid=0.06594 spread=6.07bps bids=20 asks=20
2026-05-09 15:50:05,187 | INFO | SPREAD | pair=CHIP/USDC | cex=0.06592/0.06596 | dex_sell=0.0659395 dex_buy=0.0659564 | spread_a=-3.1bps spread_b=-5.5bps | min=30.0bps
2026-05-09 15:50:06,189 | INFO | fetch_order_book: symbol=CHIP/USDC limit=20
2026-05-09 15:50:06,490 | INFO | fetch_order_book: mid=0.06594 spread=6.07bps bids=20 asks=20
2026-05-09 15:50:07,407 | INFO | SPREAD | pair=CHIP/USDC | cex=0.06592/0.06596 | dex_sell=0.0659395 dex_buy=0.0659564 | spread_a=-3.1bps spread_b=-5.5bps | min=30.0bps
2026-05-09 15:50:08,409 | INFO | fetch_order_book: symbol=CHIP/USDC limit=20
2026-05-09 15:50:08,672 | INFO | fetch_order_book: mid=0.06594 spread=6.07bps bids=20 asks=20
2026-05-09 15:50:09,570 | INFO | SPREAD | pair=CHIP/USDC | cex=0.06592/0.06596 | dex_sell=0.0659395 dex_buy=0.0659564 | spread_a=-3.1bps spread_b=-5.5bps | min=30.0bps
2026-05-09 15:50:10,572 | INFO | fetch_order_book: symbol=CHIP/USDC limit=20
2026-05-09 15:50:10,832 | INFO | fetch_order_book: mid=0.06594 spread=6.07bps bids=20 asks=20
2026-05-09 15:50:11,750 | INFO | SPREAD | pair=CHIP/USDC | cex=0.06592/0.06596 | dex_sell=0.0659395 dex_buy=0.0659564 | spread_a=-3.1bps spread_b=-5.5bps | min=30.0bps
2026-05-09 15:50:12,752 | INFO | fetch_order_book: symbol=CHIP/USDC limit=20
2026-05-09 15:50:13,044 | INFO | fetch_order_book: mid=0.065955 spread=1.52bps bids=20 asks=20
2026-05-09 15:50:13,964 | INFO | SPREAD | pair=CHIP/USDC | cex=0.06595/0.06596 | dex_sell=0.0659395 dex_buy=0.0659564 | spread_a=-3.1bps spread_b=-1.0bps | min=30.0bps
2026-05-09 15:50:14,967 | INFO | fetch_order_book: symbol=CHIP/USDC limit=20
2026-05-09 15:50:15,302 | INFO | fetch_order_book: mid=0.065955 spread=1.52bps bids=20 asks=20
2026-05-09 15:50:16,150 | INFO | SPREAD | pair=CHIP/USDC | cex=0.06595/0.06596 | dex_sell=0.0659395 dex_buy=0.0659564 | spread_a=-3.1bps spread_b=-1.0bps | min=30.0bps
2026-05-09 15:50:17,152 | INFO | fetch_order_book: symbol=CHIP/USDC limit=20
2026-05-09 15:50:17,448 | INFO | fetch_order_book: mid=0.065955 spread=1.52bps bids=20 asks=20
2026-05-09 15:50:18,304 | INFO | SPREAD | pair=CHIP/USDC | cex=0.06595/0.06596 | dex_sell=0.0659395 dex_buy=0.0659564 | spread_a=-3.1bps spread_b=-1.0bps | min=30.0bps
2026-05-09 15:50:19,306 | INFO | fetch_order_book: symbol=CHIP/USDC limit=20
2026-05-09 15:50:19,572 | INFO | fetch_order_book: mid=0.065955 spread=1.52bps bids=20 asks=20
2026-05-09 15:50:20,423 | INFO | SPREAD | pair=CHIP/USDC | cex=0.06595/0.06596 | dex_sell=0.0659395 dex_buy=0.0659564 | spread_a=-3.1bps spread_b=-1.0bps | min=30.0bps
2026-05-09 15:50:21,425 | INFO | fetch_order_book: symbol=CHIP/USDC limit=20
2026-05-09 15:50:21,683 | INFO | fetch_order_book: mid=0.065955 spread=1.52bps bids=20 asks=20
2026-05-09 15:50:22,583 | INFO | SPREAD | pair=CHIP/USDC | cex=0.06595/0.06596 | dex_sell=0.0659395 dex_buy=0.0659564 | spread_a=-3.1bps spread_b=-1.0bps | min=30.0bps
2026-05-09 15:50:23,586 | INFO | fetch_order_book: symbol=CHIP/USDC limit=20
2026-05-09 15:50:23,842 | INFO | fetch_order_book: mid=0.06597 spread=3.03bps bids=20 asks=20
2026-05-09 15:50:24,697 | INFO | SPREAD | pair=CHIP/USDC | cex=0.06596/0.06598 | dex_sell=0.065955 dex_buy=0.065972 | spread_a=-3.8bps spread_b=-1.8bps | min=30.0bps
2026-05-09 15:50:25,699 | INFO | fetch_order_book: symbol=CHIP/USDC limit=20
2026-05-09 15:50:25,954 | INFO | fetch_order_book: mid=0.065975 spread=4.55bps bids=20 asks=20
2026-05-09 15:50:26,829 | INFO | SPREAD | pair=CHIP/USDC | cex=0.06596/0.06599 | dex_sell=0.065955 dex_buy=0.065972 | spread_a=-5.3bps spread_b=-1.8bps | min=30.0bps
2026-05-09 15:50:27,832 | INFO | fetch_order_book: symbol=CHIP/USDC limit=20
2026-05-09 15:50:28,091 | INFO | fetch_order_book: mid=0.065975 spread=4.55bps bids=20 asks=20
2026-05-09 15:50:28,970 | INFO | SPREAD | pair=CHIP/USDC | cex=0.06596/0.06599 | dex_sell=0.065955 dex_buy=0.065972 | spread_a=-5.3bps spread_b=-1.8bps | min=30.0bps
2026-05-09 15:50:29,972 | INFO | fetch_order_book: symbol=CHIP/USDC limit=20
2026-05-09 15:50:30,232 | INFO | fetch_order_book: mid=0.06599 spread=3.03bps bids=20 asks=20
2026-05-09 15:50:31,086 | INFO | SPREAD | pair=CHIP/USDC | cex=0.06598/0.066 | dex_sell=0.065955 dex_buy=0.065972 | spread_a=-6.8bps spread_b=1.2bps | min=30.0bps
2026-05-09 15:50:32,088 | INFO | fetch_order_book: symbol=CHIP/USDC limit=20
2026-05-09 15:50:32,356 | INFO | fetch_order_book: mid=0.06599 spread=3.03bps bids=20 asks=20
2026-05-09 15:50:33,229 | INFO | SPREAD | pair=CHIP/USDC | cex=0.06598/0.066 | dex_sell=0.065955 dex_buy=0.065972 | spread_a=-6.8bps spread_b=1.2bps | min=30.0bps
2026-05-09 15:50:34,232 | INFO | fetch_order_book: symbol=CHIP/USDC limit=20
2026-05-09 15:50:34,488 | INFO | fetch_order_book: mid=0.06598 spread=3.03bps bids=20 asks=20
2026-05-09 15:50:35,313 | INFO | SPREAD | pair=CHIP/USDC | cex=0.06597/0.06599 | dex_sell=0.065955 dex_buy=0.065972 | spread_a=-5.3bps spread_b=-0.3bps | min=30.0bps
2026-05-09 15:50:36,315 | INFO | fetch_order_book: symbol=CHIP/USDC limit=20
2026-05-09 15:50:36,698 | INFO | fetch_order_book: mid=0.06598 spread=3.03bps bids=20 asks=20
2026-05-09 15:50:37,563 | INFO | SPREAD | pair=CHIP/USDC | cex=0.06597/0.06599 | dex_sell=0.065955 dex_buy=0.065972 | spread_a=-5.3bps spread_b=-0.3bps | min=30.0bps
2026-05-09 15:50:38,565 | INFO | fetch_order_book: symbol=CHIP/USDC limit=20
2026-05-09 15:50:38,853 | INFO | fetch_order_book: mid=0.065985 spread=4.55bps bids=20 asks=20
2026-05-09 15:50:39,717 | INFO | SPREAD | pair=CHIP/USDC | cex=0.06597/0.066 | dex_sell=0.065955 dex_buy=0.065972 | spread_a=-6.8bps spread_b=-0.3bps | min=30.0bps
2026-05-09 15:50:40,720 | INFO | fetch_order_book: symbol=CHIP/USDC limit=20
2026-05-09 15:50:40,979 | INFO | fetch_order_book: mid=0.06598 spread=3.03bps bids=20 asks=20
2026-05-09 15:50:41,843 | INFO | SPREAD | pair=CHIP/USDC | cex=0.06597/0.06599 | dex_sell=0.065955 dex_buy=0.065972 | spread_a=-5.3bps spread_b=-0.3bps | min=30.0bps
2026-05-09 15:50:42,845 | INFO | fetch_order_book: symbol=CHIP/USDC limit=20
2026-05-09 15:50:43,103 | INFO | fetch_order_book: mid=0.06598 spread=3.03bps bids=20 asks=20
2026-05-09 15:50:43,993 | INFO | SPREAD | pair=CHIP/USDC | cex=0.06597/0.06599 | dex_sell=0.065955 dex_buy=0.065972 | spread_a=-5.3bps spread_b=-0.3bps | min=30.0bps
2026-05-09 15:50:44,995 | INFO | fetch_order_book: symbol=CHIP/USDC limit=20
2026-05-09 15:50:45,257 | INFO | fetch_order_book: mid=0.06598 spread=3.03bps bids=20 asks=20
2026-05-09 15:50:46,268 | INFO | SPREAD | pair=CHIP/USDC | cex=0.06597/0.06599 | dex_sell=0.065955 dex_buy=0.065972 | spread_a=-5.3bps spread_b=-0.3bps | min=30.0bps
2026-05-09 15:50:47,270 | INFO | fetch_order_book: symbol=CHIP/USDC limit=20
2026-05-09 15:50:47,559 | INFO | fetch_order_book: mid=0.06597 spread=6.06bps bids=20 asks=20
2026-05-09 15:50:48,400 | INFO | SPREAD | pair=CHIP/USDC | cex=0.06595/0.06599 | dex_sell=0.065955 dex_buy=0.065972 | spread_a=-5.3bps spread_b=-3.3bps | min=30.0bps
2026-05-09 15:50:49,401 | INFO | fetch_order_book: symbol=CHIP/USDC limit=20
2026-05-09 15:50:49,910 | INFO | fetch_order_book: mid=0.06597 spread=6.06bps bids=20 asks=20
2026-05-09 15:50:50,856 | INFO | SPREAD | pair=CHIP/USDC | cex=0.06595/0.06599 | dex_sell=0.065955 dex_buy=0.065972 | spread_a=-5.3bps spread_b=-3.3bps | min=30.0bps
2026-05-09 15:50:51,859 | INFO | fetch_order_book: symbol=CHIP/USDC limit=20
2026-05-09 15:50:52,183 | INFO | fetch_order_book: mid=0.065965 spread=4.55bps bids=20 asks=20
2026-05-09 15:50:53,051 | INFO | SPREAD | pair=CHIP/USDC | cex=0.06595/0.06598 | dex_sell=0.065955 dex_buy=0.065972 | spread_a=-3.8bps spread_b=-3.3bps | min=30.0bps
2026-05-09 15:50:54,053 | INFO | fetch_order_book: symbol=CHIP/USDC limit=20
2026-05-09 15:50:54,316 | INFO | fetch_order_book: mid=0.06595 spread=3.03bps bids=20 asks=20
2026-05-09 15:50:55,146 | INFO | SPREAD | pair=CHIP/USDC | cex=0.06594/0.06596 | dex_sell=0.065955 dex_buy=0.065972 | spread_a=-0.8bps spread_b=-4.8bps | min=30.0bps
2026-05-09 15:50:56,148 | INFO | fetch_order_book: symbol=CHIP/USDC limit=20
2026-05-09 15:50:56,498 | INFO | fetch_order_book: mid=0.06595 spread=3.03bps bids=20 asks=20
2026-05-09 15:50:57,340 | INFO | SPREAD | pair=CHIP/USDC | cex=0.06594/0.06596 | dex_sell=0.065955 dex_buy=0.065972 | spread_a=-0.8bps spread_b=-4.8bps | min=30.0bps
2026-05-09 15:50:58,343 | INFO | fetch_order_book: symbol=CHIP/USDC limit=20
2026-05-09 15:50:58,600 | INFO | fetch_order_book: mid=0.06595 spread=3.03bps bids=20 asks=20
2026-05-09 15:50:59,557 | INFO | SPREAD | pair=CHIP/USDC | cex=0.06594/0.06596 | dex_sell=0.065955 dex_buy=0.065972 | spread_a=-0.8bps spread_b=-4.8bps | min=30.0bps
2026-05-09 15:51:00,559 | INFO | fetch_order_book: symbol=CHIP/USDC limit=20
2026-05-09 15:51:00,816 | INFO | fetch_order_book: mid=0.06593 spread=3.03bps bids=20 asks=20
2026-05-09 15:51:01,718 | INFO | SPREAD | pair=CHIP/USDC | cex=0.06592/0.06594 | dex_sell=0.0659334 dex_buy=0.0659503 | spread_a=-1.0bps spread_b=-4.6bps | min=30.0bps
2026-05-09 15:51:02,721 | INFO | fetch_order_book: symbol=CHIP/USDC limit=20
2026-05-09 15:51:02,979 | INFO | fetch_order_book: mid=0.06591 spread=3.03bps bids=20 asks=20
2026-05-09 15:51:03,892 | INFO | SPREAD | pair=CHIP/USDC | cex=0.0659/0.06592 | dex_sell=0.0659034 dex_buy=0.0659203 | spread_a=-2.5bps spread_b=-3.1bps | min=30.0bps
2026-05-09 15:51:04,895 | INFO | fetch_order_book: symbol=CHIP/USDC limit=20
2026-05-09 15:51:05,268 | INFO | fetch_order_book: mid=0.06593 spread=3.03bps bids=20 asks=20
2026-05-09 15:51:06,114 | INFO | SPREAD | pair=CHIP/USDC | cex=0.06592/0.06594 | dex_sell=0.0659034 dex_buy=0.0659203 | spread_a=-5.6bps spread_b=-0.0bps | min=30.0bps
2026-05-09 15:51:07,116 | INFO | fetch_order_book: symbol=CHIP/USDC limit=20
2026-05-09 15:51:07,379 | INFO | fetch_order_book: mid=0.06593 spread=3.03bps bids=20 asks=20
2026-05-09 15:51:08,257 | INFO | SPREAD | pair=CHIP/USDC | cex=0.06592/0.06594 | dex_sell=0.0659034 dex_buy=0.0659203 | spread_a=-5.6bps spread_b=-0.0bps | min=30.0bps
2026-05-09 15:51:09,259 | INFO | fetch_order_book: symbol=CHIP/USDC limit=20
2026-05-09 15:51:09,516 | INFO | fetch_order_book: mid=0.06593 spread=3.03bps bids=20 asks=20
2026-05-09 15:51:10,420 | INFO | SPREAD | pair=CHIP/USDC | cex=0.06592/0.06594 | dex_sell=0.0659034 dex_buy=0.0659203 | spread_a=-5.6bps spread_b=-0.0bps | min=30.0bps
2026-05-09 15:51:11,422 | INFO | fetch_order_book: symbol=CHIP/USDC limit=20
2026-05-09 15:51:11,682 | INFO | fetch_order_book: mid=0.065955 spread=7.58bps bids=20 asks=20
2026-05-09 15:51:12,569 | INFO | SPREAD | pair=CHIP/USDC | cex=0.06593/0.06598 | dex_sell=0.0659295 dex_buy=0.0659464 | spread_a=-7.7bps spread_b=-2.5bps | min=30.0bps
2026-05-09 15:51:13,571 | INFO | fetch_order_book: symbol=CHIP/USDC limit=20
2026-05-09 15:51:13,834 | INFO | fetch_order_book: mid=0.065965 spread=4.55bps bids=20 asks=20
2026-05-09 15:51:14,726 | INFO | SPREAD | pair=CHIP/USDC | cex=0.06595/0.06598 | dex_sell=0.0659295 dex_buy=0.0659464 | spread_a=-7.7bps spread_b=0.5bps | min=30.0bps
2026-05-09 15:51:15,729 | INFO | fetch_order_book: symbol=CHIP/USDC limit=20
2026-05-09 15:51:15,991 | INFO | fetch_order_book: mid=0.06599 spread=3.03bps bids=20 asks=20
2026-05-09 15:51:16,844 | INFO | SPREAD | pair=CHIP/USDC | cex=0.06598/0.066 | dex_sell=0.0659549 dex_buy=0.0659718 | spread_a=-6.8bps spread_b=1.2bps | min=30.0bps
2026-05-09 15:51:17,847 | INFO | fetch_order_book: symbol=CHIP/USDC limit=20
2026-05-09 15:51:18,109 | INFO | fetch_order_book: mid=0.065995 spread=1.52bps bids=20 asks=20
2026-05-09 15:51:18,962 | INFO | SPREAD | pair=CHIP/USDC | cex=0.06599/0.066 | dex_sell=0.0659646 dex_buy=0.0659815 | spread_a=-5.4bps spread_b=1.3bps | min=30.0bps
2026-05-09 15:51:19,964 | INFO | fetch_order_book: symbol=CHIP/USDC limit=20
2026-05-09 15:51:20,232 | INFO | fetch_order_book: mid=0.065995 spread=1.52bps bids=20 asks=20
2026-05-09 15:51:21,111 | INFO | SPREAD | pair=CHIP/USDC | cex=0.06599/0.066 | dex_sell=0.0659646 dex_buy=0.0659815 | spread_a=-5.4bps spread_b=1.3bps | min=30.0bps
2026-05-09 15:51:22,112 | INFO | fetch_order_book: symbol=CHIP/USDC limit=20
2026-05-09 15:51:22,375 | INFO | fetch_order_book: mid=0.06601 spread=3.03bps bids=20 asks=20
2026-05-09 15:51:23,233 | INFO | SPREAD | pair=CHIP/USDC | cex=0.066/0.06602 | dex_sell=0.0659646 dex_buy=0.0659816 | spread_a=-8.4bps spread_b=2.8bps | min=30.0bps
2026-05-09 15:51:24,235 | INFO | fetch_order_book: symbol=CHIP/USDC limit=20
2026-05-09 15:51:24,492 | INFO | fetch_order_book: mid=0.066005 spread=4.55bps bids=20 asks=20
2026-05-09 15:51:25,381 | INFO | SPREAD | pair=CHIP/USDC | cex=0.06599/0.06602 | dex_sell=0.0659646 dex_buy=0.0659816 | spread_a=-8.4bps spread_b=1.3bps | min=30.0bps
2026-05-09 15:51:26,384 | INFO | fetch_order_book: symbol=CHIP/USDC limit=20
2026-05-09 15:51:26,667 | INFO | fetch_order_book: mid=0.066005 spread=4.55bps bids=20 asks=20
2026-05-09 15:51:27,508 | INFO | SPREAD | pair=CHIP/USDC | cex=0.06599/0.06602 | dex_sell=0.0659646 dex_buy=0.0659816 | spread_a=-8.4bps spread_b=1.3bps | min=30.0bps
2026-05-09 15:51:28,510 | INFO | fetch_order_book: symbol=CHIP/USDC limit=20
2026-05-09 15:51:28,775 | INFO | fetch_order_book: mid=0.065995 spread=4.55bps bids=20 asks=20
2026-05-09 15:51:29,658 | INFO | SPREAD | pair=CHIP/USDC | cex=0.06598/0.06601 | dex_sell=0.0659646 dex_buy=0.0659815 | spread_a=-6.9bps spread_b=-0.2bps | min=30.0bps
2026-05-09 15:51:30,660 | INFO | fetch_order_book: symbol=CHIP/USDC limit=20
2026-05-09 15:51:30,918 | INFO | fetch_order_book: mid=0.06598 spread=6.06bps bids=20 asks=20
2026-05-09 15:51:31,802 | INFO | SPREAD | pair=CHIP/USDC | cex=0.06596/0.066 | dex_sell=0.0659646 dex_buy=0.0659815 | spread_a=-5.4bps spread_b=-3.3bps | min=30.0bps
2026-05-09 15:51:32,804 | INFO | fetch_order_book: symbol=CHIP/USDC limit=20
2026-05-09 15:51:33,063 | INFO | fetch_order_book: mid=0.06600 spread=6.06bps bids=20 asks=20
2026-05-09 15:51:33,989 | INFO | SPREAD | pair=CHIP/USDC | cex=0.06598/0.06602 | dex_sell=0.0659646 dex_buy=0.0659815 | spread_a=-8.4bps spread_b=-0.2bps | min=30.0bps
2026-05-09 15:51:34,991 | INFO | fetch_order_book: symbol=CHIP/USDC limit=20
2026-05-09 15:51:35,245 | INFO | fetch_order_book: mid=0.06600 spread=6.06bps bids=20 asks=20
2026-05-09 15:51:36,102 | INFO | SPREAD | pair=CHIP/USDC | cex=0.06598/0.06602 | dex_sell=0.0659646 dex_buy=0.0659815 | spread_a=-8.4bps spread_b=-0.2bps | min=30.0bps
2026-05-09 15:51:37,105 | INFO | fetch_order_book: symbol=CHIP/USDC limit=20
2026-05-09 15:51:37,360 | INFO | fetch_order_book: mid=0.06600 spread=6.06bps bids=20 asks=20
2026-05-09 15:51:38,217 | INFO | SPREAD | pair=CHIP/USDC | cex=0.06598/0.06602 | dex_sell=0.0659646 dex_buy=0.0659815 | spread_a=-8.4bps spread_b=-0.2bps | min=30.0bps
2026-05-09 15:51:39,219 | INFO | fetch_order_book: symbol=CHIP/USDC limit=20
2026-05-09 15:51:39,475 | INFO | fetch_order_book: mid=0.066005 spread=4.55bps bids=20 asks=20
2026-05-09 15:51:40,346 | INFO | SPREAD | pair=CHIP/USDC | cex=0.06599/0.06602 | dex_sell=0.0659646 dex_buy=0.0659816 | spread_a=-8.4bps spread_b=1.3bps | min=30.0bps
2026-05-09 15:51:41,348 | INFO | fetch_order_book: symbol=CHIP/USDC limit=20
2026-05-09 15:51:41,720 | INFO | fetch_order_book: mid=0.065985 spread=7.58bps bids=20 asks=20
2026-05-09 15:51:42,643 | INFO | SPREAD | pair=CHIP/USDC | cex=0.06596/0.06601 | dex_sell=0.0659646 dex_buy=0.0659815 | spread_a=-6.9bps spread_b=-3.3bps | min=30.0bps
2026-05-09 15:51:43,645 | INFO | fetch_order_book: symbol=CHIP/USDC limit=20
2026-05-09 15:51:43,974 | INFO | fetch_order_book: mid=0.065985 spread=7.58bps bids=20 asks=20
2026-05-09 15:51:44,845 | INFO | SPREAD | pair=CHIP/USDC | cex=0.06596/0.06601 | dex_sell=0.0659646 dex_buy=0.0659815 | spread_a=-6.9bps spread_b=-3.3bps | min=30.0bps
2026-05-09 15:51:45,848 | INFO | fetch_order_book: symbol=CHIP/USDC limit=20
2026-05-09 15:51:46,103 | INFO | fetch_order_book: mid=0.065985 spread=7.58bps bids=20 asks=20
2026-05-09 15:51:47,017 | INFO | SPREAD | pair=CHIP/USDC | cex=0.06596/0.06601 | dex_sell=0.0659646 dex_buy=0.0659815 | spread_a=-6.9bps spread_b=-3.3bps | min=30.0bps
2026-05-09 15:51:48,019 | INFO | fetch_order_book: symbol=CHIP/USDC limit=20
2026-05-09 15:51:48,275 | INFO | fetch_order_book: mid=0.06599 spread=6.06bps bids=20 asks=20
2026-05-09 15:51:49,106 | INFO | SPREAD | pair=CHIP/USDC | cex=0.06597/0.06601 | dex_sell=0.0659646 dex_buy=0.0659815 | spread_a=-6.9bps spread_b=-1.8bps | min=30.0bps
2026-05-09 15:51:50,108 | INFO | fetch_order_book: symbol=CHIP/USDC limit=20
2026-05-09 15:51:50,365 | INFO | fetch_order_book: mid=0.065995 spread=4.55bps bids=20 asks=20
2026-05-09 15:51:51,218 | INFO | SPREAD | pair=CHIP/USDC | cex=0.06598/0.06601 | dex_sell=0.0659646 dex_buy=0.0659815 | spread_a=-6.9bps spread_b=-0.2bps | min=30.0bps
2026-05-09 15:51:52,220 | INFO | fetch_order_book: symbol=CHIP/USDC limit=20
2026-05-09 15:51:52,475 | INFO | fetch_order_book: mid=0.066015 spread=1.51bps bids=20 asks=20
2026-05-09 15:51:53,333 | INFO | SPREAD | pair=CHIP/USDC | cex=0.06601/0.06602 | dex_sell=0.0659646 dex_buy=0.0659816 | spread_a=-8.4bps spread_b=4.3bps | min=30.0bps
2026-05-09 15:51:54,336 | INFO | fetch_order_book: symbol=CHIP/USDC limit=20
2026-05-09 15:51:54,592 | INFO | fetch_order_book: mid=0.066015 spread=1.51bps bids=20 asks=20
2026-05-09 15:51:55,424 | INFO | SPREAD | pair=CHIP/USDC | cex=0.06601/0.06602 | dex_sell=0.0659646 dex_buy=0.0659816 | spread_a=-8.4bps spread_b=4.3bps | min=30.0bps
2026-05-09 15:51:56,426 | INFO | fetch_order_book: symbol=CHIP/USDC limit=20
2026-05-09 15:51:56,682 | INFO | fetch_order_book: mid=0.06603 spread=3.03bps bids=20 asks=20
2026-05-09 15:51:57,551 | INFO | SPREAD | pair=CHIP/USDC | cex=0.06602/0.06604 | dex_sell=0.0659646 dex_buy=0.0659816 | spread_a=-11.4bps spread_b=5.8bps | min=30.0bps
2026-05-09 15:51:58,553 | INFO | fetch_order_book: symbol=CHIP/USDC limit=20
2026-05-09 15:51:58,809 | INFO | fetch_order_book: mid=0.06603 spread=3.03bps bids=20 asks=20
2026-05-09 15:51:59,676 | INFO | SPREAD | pair=CHIP/USDC | cex=0.06602/0.06604 | dex_sell=0.0659646 dex_buy=0.0659816 | spread_a=-11.4bps spread_b=5.8bps | min=30.0bps
2026-05-09 15:52:00,678 | INFO | fetch_order_book: symbol=CHIP/USDC limit=20
2026-05-09 15:52:00,985 | INFO | fetch_order_book: mid=0.066055 spread=1.51bps bids=20 asks=20
2026-05-09 15:52:02,059 | INFO | SPREAD | pair=CHIP/USDC | cex=0.06605/0.06606 | dex_sell=0.0659646 dex_buy=0.0659816 | spread_a=-14.4bps spread_b=10.4bps | min=30.0bps
2026-05-09 15:52:03,061 | INFO | fetch_order_book: symbol=CHIP/USDC limit=20
2026-05-09 15:52:03,319 | INFO | fetch_order_book: mid=0.06609 spread=3.03bps bids=20 asks=20
2026-05-09 15:52:04,204 | INFO | SPREAD | pair=CHIP/USDC | cex=0.06608/0.0661 | dex_sell=0.066019 dex_buy=0.0660412 | spread_a=-12.3bps spread_b=5.9bps | min=30.0bps
2026-05-09 15:52:05,206 | INFO | fetch_order_book: symbol=CHIP/USDC limit=20
2026-05-09 15:52:05,462 | INFO | fetch_order_book: mid=0.066115 spread=1.51bps bids=20 asks=20
2026-05-09 15:52:06,290 | INFO | SPREAD | pair=CHIP/USDC | cex=0.06611/0.06612 | dex_sell=0.066019 dex_buy=0.0660412 | spread_a=-15.3bps spread_b=10.4bps | min=30.0bps
2026-05-09 15:52:07,292 | INFO | fetch_order_book: symbol=CHIP/USDC limit=20
2026-05-09 15:52:07,554 | INFO | fetch_order_book: mid=0.06611 spread=3.03bps bids=20 asks=20
2026-05-09 15:52:08,459 | INFO | SPREAD | pair=CHIP/USDC | cex=0.0661/0.06612 | dex_sell=0.066019 dex_buy=0.0660412 | spread_a=-15.3bps spread_b=8.9bps | min=30.0bps
2026-05-09 15:52:09,462 | INFO | fetch_order_book: symbol=CHIP/USDC limit=20
2026-05-09 15:52:09,718 | INFO | fetch_order_book: mid=0.066115 spread=1.51bps bids=20 asks=20
2026-05-09 15:52:10,648 | INFO | SPREAD | pair=CHIP/USDC | cex=0.06611/0.06612 | dex_sell=0.066019 dex_buy=0.0660412 | spread_a=-15.3bps spread_b=10.4bps | min=30.0bps
2026-05-09 15:52:11,650 | INFO | fetch_order_book: symbol=CHIP/USDC limit=20
2026-05-09 15:52:11,906 | INFO | fetch_order_book: mid=0.06613 spread=3.02bps bids=20 asks=20
2026-05-09 15:52:12,747 | INFO | SPREAD | pair=CHIP/USDC | cex=0.06612/0.06614 | dex_sell=0.066019 dex_buy=0.0660412 | spread_a=-18.3bps spread_b=11.9bps | min=30.0bps
2026-05-09 15:52:13,749 | INFO | fetch_order_book: symbol=CHIP/USDC limit=20
2026-05-09 15:52:14,008 | INFO | fetch_order_book: mid=0.06615 spread=3.02bps bids=20 asks=20
2026-05-09 15:52:14,937 | INFO | SPREAD | pair=CHIP/USDC | cex=0.06614/0.06616 | dex_sell=0.066019 dex_buy=0.0660412 | spread_a=-21.3bps spread_b=15.0bps | min=30.0bps
2026-05-09 15:52:15,939 | INFO | fetch_order_book: symbol=CHIP/USDC limit=20
2026-05-09 15:52:16,194 | INFO | fetch_order_book: mid=0.06615 spread=3.02bps bids=20 asks=20
2026-05-09 15:52:17,049 | INFO | SPREAD | pair=CHIP/USDC | cex=0.06614/0.06616 | dex_sell=0.066019 dex_buy=0.0661577 | spread_a=-21.3bps spread_b=-2.7bps | min=30.0bps
2026-05-09 15:52:18,051 | INFO | fetch_order_book: symbol=CHIP/USDC limit=20
2026-05-09 15:52:18,309 | INFO | fetch_order_book: mid=0.06615 spread=3.02bps bids=20 asks=20
2026-05-09 15:52:19,167 | INFO | SPREAD | pair=CHIP/USDC | cex=0.06614/0.06616 | dex_sell=0.0661355 dex_buy=0.0661577 | spread_a=-3.7bps spread_b=-2.7bps | min=30.0bps
2026-05-09 15:52:20,169 | INFO | fetch_order_book: symbol=CHIP/USDC limit=20
2026-05-09 15:52:20,423 | INFO | fetch_order_book: mid=0.066175 spread=1.51bps bids=20 asks=20
2026-05-09 15:52:21,963 | INFO | SPREAD | pair=CHIP/USDC | cex=0.06617/0.06618 | dex_sell=0.0661355 dex_buy=0.0661577 | spread_a=-6.7bps spread_b=1.9bps | min=30.0bps
2026-05-09 15:52:22,966 | INFO | fetch_order_book: symbol=CHIP/USDC limit=20
2026-05-09 15:52:23,224 | INFO | fetch_order_book: mid=0.066175 spread=1.51bps bids=20 asks=20
2026-05-09 15:52:24,060 | INFO | SPREAD | pair=CHIP/USDC | cex=0.06617/0.06618 | dex_sell=0.0661355 dex_buy=0.0661577 | spread_a=-6.7bps spread_b=1.9bps | min=30.0bps
2026-05-09 15:52:25,062 | INFO | fetch_order_book: symbol=CHIP/USDC limit=20
2026-05-09 15:52:25,394 | INFO | fetch_order_book: mid=0.066165 spread=4.53bps bids=20 asks=20
2026-05-09 15:52:26,246 | INFO | SPREAD | pair=CHIP/USDC | cex=0.06615/0.06618 | dex_sell=0.0661355 dex_buy=0.0661577 | spread_a=-6.7bps spread_b=-1.2bps | min=30.0bps
2026-05-09 15:52:27,248 | INFO | fetch_order_book: symbol=CHIP/USDC limit=20
2026-05-09 15:52:27,512 | INFO | fetch_order_book: mid=0.06617 spread=3.02bps bids=20 asks=20
2026-05-09 15:52:28,391 | INFO | SPREAD | pair=CHIP/USDC | cex=0.06616/0.06618 | dex_sell=0.0661355 dex_buy=0.0661577 | spread_a=-6.7bps spread_b=0.3bps | min=30.0bps
2026-05-09 15:52:29,393 | INFO | fetch_order_book: symbol=CHIP/USDC limit=20
2026-05-09 15:52:29,650 | INFO | fetch_order_book: mid=0.066135 spread=4.54bps bids=20 asks=20
2026-05-09 15:52:30,515 | INFO | SPREAD | pair=CHIP/USDC | cex=0.06612/0.06615 | dex_sell=0.0661355 dex_buy=0.0661577 | spread_a=-2.2bps spread_b=-5.7bps | min=30.0bps
2026-05-09 15:52:31,517 | INFO | fetch_order_book: symbol=CHIP/USDC limit=20
2026-05-09 15:52:31,773 | INFO | fetch_order_book: mid=0.06613 spread=6.05bps bids=20 asks=20
2026-05-09 15:52:32,598 | INFO | SPREAD | pair=CHIP/USDC | cex=0.06611/0.06615 | dex_sell=0.0661355 dex_buy=0.0661577 | spread_a=-2.2bps spread_b=-7.2bps | min=30.0bps
2026-05-09 15:52:33,600 | INFO | fetch_order_book: symbol=CHIP/USDC limit=20
2026-05-09 15:52:33,857 | INFO | fetch_order_book: mid=0.06612 spread=6.05bps bids=20 asks=20
2026-05-09 15:52:34,727 | INFO | SPREAD | pair=CHIP/USDC | cex=0.0661/0.06614 | dex_sell=0.0661355 dex_buy=0.0661577 | spread_a=-0.7bps spread_b=-8.7bps | min=30.0bps
2026-05-09 15:52:35,729 | INFO | fetch_order_book: symbol=CHIP/USDC limit=20
2026-05-09 15:52:35,996 | INFO | fetch_order_book: mid=0.066145 spread=7.56bps bids=20 asks=20
2026-05-09 15:52:36,824 | INFO | SPREAD | pair=CHIP/USDC | cex=0.06612/0.06617 | dex_sell=0.0661355 dex_buy=0.0661577 | spread_a=-5.2bps spread_b=-5.7bps | min=30.0bps
2026-05-09 15:52:37,826 | INFO | fetch_order_book: symbol=CHIP/USDC limit=20
2026-05-09 15:52:38,081 | INFO | fetch_order_book: mid=0.06615 spread=6.05bps bids=20 asks=20
2026-05-09 15:52:38,964 | INFO | SPREAD | pair=CHIP/USDC | cex=0.06613/0.06617 | dex_sell=0.0661355 dex_buy=0.0661577 | spread_a=-5.2bps spread_b=-4.2bps | min=30.0bps
2026-05-09 15:52:39,966 | INFO | fetch_order_book: symbol=CHIP/USDC limit=20
2026-05-09 15:52:40,223 | INFO | fetch_order_book: mid=0.06612 spread=6.05bps bids=20 asks=20
2026-05-09 15:52:41,055 | INFO | SPREAD | pair=CHIP/USDC | cex=0.0661/0.06614 | dex_sell=0.0661355 dex_buy=0.0661577 | spread_a=-0.7bps spread_b=-8.7bps | min=30.0bps
2026-05-09 15:52:42,057 | INFO | fetch_order_book: symbol=CHIP/USDC limit=20
2026-05-09 15:52:42,354 | INFO | fetch_order_book: mid=0.066125 spread=4.54bps bids=20 asks=20
2026-05-09 15:52:43,239 | INFO | SPREAD | pair=CHIP/USDC | cex=0.06611/0.06614 | dex_sell=0.0661355 dex_buy=0.0661577 | spread_a=-0.7bps spread_b=-7.2bps | min=30.0bps
2026-05-09 15:52:44,242 | INFO | fetch_order_book: symbol=CHIP/USDC limit=20
2026-05-09 15:52:44,504 | INFO | fetch_order_book: mid=0.06614 spread=6.05bps bids=20 asks=20
2026-05-09 15:52:45,412 | INFO | SPREAD | pair=CHIP/USDC | cex=0.06612/0.06616 | dex_sell=0.0661355 dex_buy=0.0661577 | spread_a=-3.7bps spread_b=-5.7bps | min=30.0bps
2026-05-09 15:52:46,414 | INFO | fetch_order_book: symbol=CHIP/USDC limit=20
2026-05-09 15:52:46,672 | INFO | fetch_order_book: mid=0.066125 spread=4.54bps bids=20 asks=20
2026-05-09 15:52:47,544 | INFO | SPREAD | pair=CHIP/USDC | cex=0.06611/0.06614 | dex_sell=0.0661355 dex_buy=0.0661577 | spread_a=-0.7bps spread_b=-7.2bps | min=30.0bps
2026-05-09 15:52:48,546 | INFO | fetch_order_book: symbol=CHIP/USDC limit=20
2026-05-09 15:52:48,799 | INFO | fetch_order_book: mid=0.06614 spread=6.05bps bids=20 asks=20
2026-05-09 15:52:49,723 | INFO | SPREAD | pair=CHIP/USDC | cex=0.06612/0.06616 | dex_sell=0.0661355 dex_buy=0.0661577 | spread_a=-3.7bps spread_b=-5.7bps | min=30.0bps
2026-05-09 15:52:50,725 | INFO | fetch_order_book: symbol=CHIP/USDC limit=20
2026-05-09 15:52:50,980 | INFO | fetch_order_book: mid=0.06615 spread=6.05bps bids=20 asks=20
2026-05-09 15:52:51,873 | INFO | SPREAD | pair=CHIP/USDC | cex=0.06613/0.06617 | dex_sell=0.0661355 dex_buy=0.0661577 | spread_a=-5.2bps spread_b=-4.2bps | min=30.0bps
2026-05-09 15:52:52,876 | INFO | fetch_order_book: symbol=CHIP/USDC limit=20
2026-05-09 15:52:53,197 | INFO | fetch_order_book: mid=0.06615 spread=6.05bps bids=20 asks=20
2026-05-09 15:52:54,152 | INFO | SPREAD | pair=CHIP/USDC | cex=0.06613/0.06617 | dex_sell=0.0661355 dex_buy=0.0661577 | spread_a=-5.2bps spread_b=-4.2bps | min=30.0bps
2026-05-09 15:52:55,154 | INFO | fetch_order_book: symbol=CHIP/USDC limit=20
2026-05-09 15:52:55,415 | INFO | fetch_order_book: mid=0.06616 spread=6.05bps bids=20 asks=20
2026-05-09 15:52:56,332 | INFO | SPREAD | pair=CHIP/USDC | cex=0.06614/0.06618 | dex_sell=0.0661355 dex_buy=0.0661577 | spread_a=-6.7bps spread_b=-2.7bps | min=30.0bps
2026-05-09 15:52:57,334 | INFO | fetch_order_book: symbol=CHIP/USDC limit=20
2026-05-09 15:52:57,606 | INFO | fetch_order_book: mid=0.066165 spread=4.53bps bids=20 asks=20
2026-05-09 15:52:58,519 | INFO | SPREAD | pair=CHIP/USDC | cex=0.06615/0.06618 | dex_sell=0.0661355 dex_buy=0.0661577 | spread_a=-6.7bps spread_b=-1.2bps | min=30.0bps
2026-05-09 15:52:59,521 | INFO | fetch_order_book: symbol=CHIP/USDC limit=20
2026-05-09 15:52:59,852 | INFO | fetch_order_book: mid=0.066165 spread=4.53bps bids=20 asks=20
2026-05-09 15:53:00,793 | INFO | SPREAD | pair=CHIP/USDC | cex=0.06615/0.06618 | dex_sell=0.0661355 dex_buy=0.0661577 | spread_a=-6.7bps spread_b=-1.2bps | min=30.0bps
2026-05-09 15:53:01,795 | INFO | fetch_order_book: symbol=CHIP/USDC limit=20
2026-05-09 15:53:02,053 | INFO | fetch_order_book: mid=0.066175 spread=1.51bps bids=20 asks=20
2026-05-09 15:53:02,945 | INFO | SPREAD | pair=CHIP/USDC | cex=0.06617/0.06618 | dex_sell=0.0661355 dex_buy=0.0661577 | spread_a=-6.7bps spread_b=1.9bps | min=30.0bps
2026-05-09 15:53:03,947 | INFO | fetch_order_book: symbol=CHIP/USDC limit=20
2026-05-09 15:53:04,214 | INFO | fetch_order_book: mid=0.066175 spread=1.51bps bids=20 asks=20
2026-05-09 15:53:05,159 | INFO | SPREAD | pair=CHIP/USDC | cex=0.06617/0.06618 | dex_sell=0.0661355 dex_buy=0.0661577 | spread_a=-6.7bps spread_b=1.9bps | min=30.0bps
2026-05-09 15:53:06,161 | INFO | fetch_order_book: symbol=CHIP/USDC limit=20
2026-05-09 15:53:06,418 | INFO | fetch_order_book: mid=0.066195 spread=1.51bps bids=20 asks=20
2026-05-09 15:53:07,329 | INFO | SPREAD | pair=CHIP/USDC | cex=0.06619/0.0662 | dex_sell=0.0661355 dex_buy=0.0661577 | spread_a=-9.7bps spread_b=4.9bps | min=30.0bps
2026-05-09 15:53:08,331 | INFO | fetch_order_book: symbol=CHIP/USDC limit=20
2026-05-09 15:53:08,588 | INFO | fetch_order_book: mid=0.066185 spread=4.53bps bids=20 asks=20
2026-05-09 15:53:09,541 | INFO | SPREAD | pair=CHIP/USDC | cex=0.06617/0.0662 | dex_sell=0.0661355 dex_buy=0.0661577 | spread_a=-9.7bps spread_b=1.9bps | min=30.0bps
2026-05-09 15:53:10,545 | INFO | fetch_order_book: symbol=CHIP/USDC limit=20
2026-05-09 15:53:10,817 | INFO | fetch_order_book: mid=0.066185 spread=4.53bps bids=20 asks=20
2026-05-09 15:53:11,715 | INFO | SPREAD | pair=CHIP/USDC | cex=0.06617/0.0662 | dex_sell=0.0661355 dex_buy=0.0661577 | spread_a=-9.7bps spread_b=1.9bps | min=30.0bps
2026-05-09 15:53:12,718 | INFO | fetch_order_book: symbol=CHIP/USDC limit=20
2026-05-09 15:53:13,061 | INFO | fetch_order_book: mid=0.066195 spread=1.51bps bids=20 asks=20
2026-05-09 15:53:13,966 | INFO | SPREAD | pair=CHIP/USDC | cex=0.06619/0.0662 | dex_sell=0.0661355 dex_buy=0.0661577 | spread_a=-9.7bps spread_b=4.9bps | min=30.0bps
2026-05-09 15:53:14,968 | INFO | fetch_order_book: symbol=CHIP/USDC limit=20
2026-05-09 15:53:15,231 | INFO | fetch_order_book: mid=0.06618 spread=6.04bps bids=20 asks=20
2026-05-09 15:53:16,141 | INFO | SPREAD | pair=CHIP/USDC | cex=0.06616/0.0662 | dex_sell=0.0661355 dex_buy=0.0661577 | spread_a=-9.7bps spread_b=0.3bps | min=30.0bps
2026-05-09 15:53:17,143 | INFO | fetch_order_book: symbol=CHIP/USDC limit=20
2026-05-09 15:53:17,400 | INFO | fetch_order_book: mid=0.066175 spread=4.53bps bids=20 asks=20
2026-05-09 15:53:18,287 | INFO | SPREAD | pair=CHIP/USDC | cex=0.06616/0.06619 | dex_sell=0.0661355 dex_buy=0.0661577 | spread_a=-8.2bps spread_b=0.3bps | min=30.0bps
2026-05-09 15:53:19,289 | INFO | fetch_order_book: symbol=CHIP/USDC limit=20
2026-05-09 15:53:19,617 | INFO | fetch_order_book: mid=0.066175 spread=4.53bps bids=20 asks=20
2026-05-09 15:53:20,556 | INFO | SPREAD | pair=CHIP/USDC | cex=0.06616/0.06619 | dex_sell=0.0661355 dex_buy=0.0661577 | spread_a=-8.2bps spread_b=0.3bps | min=30.0bps
2026-05-09 15:53:21,558 | INFO | fetch_order_book: symbol=CHIP/USDC limit=20
2026-05-09 15:53:21,821 | INFO | fetch_order_book: mid=0.066185 spread=4.53bps bids=20 asks=20
2026-05-09 15:53:22,748 | INFO | SPREAD | pair=CHIP/USDC | cex=0.06617/0.0662 | dex_sell=0.0661355 dex_buy=0.0661577 | spread_a=-9.7bps spread_b=1.9bps | min=30.0bps
2026-05-09 15:53:23,751 | INFO | fetch_order_book: symbol=CHIP/USDC limit=20
2026-05-09 15:53:24,121 | INFO | fetch_order_book: mid=0.066175 spread=4.53bps bids=20 asks=20
2026-05-09 15:53:25,003 | INFO | SPREAD | pair=CHIP/USDC | cex=0.06616/0.06619 | dex_sell=0.0661355 dex_buy=0.0661577 | spread_a=-8.2bps spread_b=0.3bps | min=30.0bps
2026-05-09 15:53:26,006 | INFO | fetch_order_book: symbol=CHIP/USDC limit=20
2026-05-09 15:53:26,262 | INFO | fetch_order_book: mid=0.066195 spread=1.51bps bids=20 asks=20
2026-05-09 15:53:27,174 | INFO | SPREAD | pair=CHIP/USDC | cex=0.06619/0.0662 | dex_sell=0.0661355 dex_buy=0.0661577 | spread_a=-9.7bps spread_b=4.9bps | min=30.0bps
2026-05-09 15:53:28,176 | INFO | fetch_order_book: symbol=CHIP/USDC limit=20
2026-05-09 15:53:28,433 | INFO | fetch_order_book: mid=0.066195 spread=1.51bps bids=20 asks=20
2026-05-09 15:53:29,375 | INFO | SPREAD | pair=CHIP/USDC | cex=0.06619/0.0662 | dex_sell=0.0661355 dex_buy=0.0661577 | spread_a=-9.7bps spread_b=4.9bps | min=30.0bps
2026-05-09 15:53:30,378 | INFO | fetch_order_book: symbol=CHIP/USDC limit=20
2026-05-09 15:53:30,632 | INFO | fetch_order_book: mid=0.066195 spread=1.51bps bids=20 asks=20
2026-05-09 15:53:31,587 | INFO | SPREAD | pair=CHIP/USDC | cex=0.06619/0.0662 | dex_sell=0.0661355 dex_buy=0.0661577 | spread_a=-9.7bps spread_b=4.9bps | min=30.0bps
2026-05-09 15:53:32,589 | INFO | fetch_order_book: symbol=CHIP/USDC limit=20
2026-05-09 15:53:32,856 | INFO | fetch_order_book: mid=0.066185 spread=4.53bps bids=20 asks=20
2026-05-09 15:53:33,782 | INFO | SPREAD | pair=CHIP/USDC | cex=0.06617/0.0662 | dex_sell=0.0661355 dex_buy=0.0661577 | spread_a=-9.7bps spread_b=1.9bps | min=30.0bps
2026-05-09 15:53:34,784 | INFO | fetch_order_book: symbol=CHIP/USDC limit=20
2026-05-09 15:53:35,039 | INFO | fetch_order_book: mid=0.066195 spread=1.51bps bids=20 asks=20
2026-05-09 15:53:35,972 | INFO | SPREAD | pair=CHIP/USDC | cex=0.06619/0.0662 | dex_sell=0.0661355 dex_buy=0.0661577 | spread_a=-9.7bps spread_b=4.9bps | min=30.0bps
2026-05-09 15:53:36,974 | INFO | fetch_order_book: symbol=CHIP/USDC limit=20
2026-05-09 15:53:37,245 | INFO | fetch_order_book: mid=0.06617 spread=6.05bps bids=20 asks=20
2026-05-09 15:53:38,147 | INFO | SPREAD | pair=CHIP/USDC | cex=0.06615/0.06619 | dex_sell=0.0661355 dex_buy=0.0661577 | spread_a=-8.2bps spread_b=-1.2bps | min=30.0bps
2026-05-09 15:53:39,149 | INFO | fetch_order_book: symbol=CHIP/USDC limit=20
2026-05-09 15:53:39,484 | INFO | fetch_order_book: mid=0.066155 spread=4.53bps bids=20 asks=20
2026-05-09 15:53:40,434 | INFO | SPREAD | pair=CHIP/USDC | cex=0.06614/0.06617 | dex_sell=0.0661355 dex_buy=0.0661577 | spread_a=-5.2bps spread_b=-2.7bps | min=30.0bps
2026-05-09 15:53:41,436 | INFO | fetch_order_book: symbol=CHIP/USDC limit=20
2026-05-09 15:53:41,699 | INFO | fetch_order_book: mid=0.06615 spread=3.02bps bids=20 asks=20
2026-05-09 15:53:42,589 | INFO | SPREAD | pair=CHIP/USDC | cex=0.06614/0.06616 | dex_sell=0.0661355 dex_buy=0.0661577 | spread_a=-3.7bps spread_b=-2.7bps | min=30.0bps
2026-05-09 15:53:43,591 | INFO | fetch_order_book: symbol=CHIP/USDC limit=20
2026-05-09 15:53:43,850 | INFO | fetch_order_book: mid=0.06613 spread=3.02bps bids=20 asks=20
2026-05-09 15:53:44,764 | INFO | SPREAD | pair=CHIP/USDC | cex=0.06612/0.06614 | dex_sell=0.0661355 dex_buy=0.0661577 | spread_a=-0.7bps spread_b=-5.7bps | min=30.0bps
2026-05-09 15:53:45,766 | INFO | fetch_order_book: symbol=CHIP/USDC limit=20
2026-05-09 15:53:46,138 | INFO | fetch_order_book: mid=0.066135 spread=4.54bps bids=20 asks=20
2026-05-09 15:53:47,070 | INFO | SPREAD | pair=CHIP/USDC | cex=0.06612/0.06615 | dex_sell=0.0661355 dex_buy=0.0661577 | spread_a=-2.2bps spread_b=-5.7bps | min=30.0bps
2026-05-09 15:53:48,073 | INFO | fetch_order_book: symbol=CHIP/USDC limit=20
2026-05-09 15:53:48,423 | INFO | fetch_order_book: mid=0.066135 spread=4.54bps bids=20 asks=20
2026-05-09 15:53:49,345 | INFO | SPREAD | pair=CHIP/USDC | cex=0.06612/0.06615 | dex_sell=0.0661355 dex_buy=0.0661577 | spread_a=-2.2bps spread_b=-5.7bps | min=30.0bps
2026-05-09 15:53:50,348 | INFO | fetch_order_book: symbol=CHIP/USDC limit=20
2026-05-09 15:53:50,645 | INFO | fetch_order_book: mid=0.06615 spread=6.05bps bids=20 asks=20
2026-05-09 15:53:51,576 | INFO | SPREAD | pair=CHIP/USDC | cex=0.06613/0.06617 | dex_sell=0.0661355 dex_buy=0.0661577 | spread_a=-5.2bps spread_b=-4.2bps | min=30.0bps
2026-05-09 15:53:52,578 | INFO | fetch_order_book: symbol=CHIP/USDC limit=20
2026-05-09 15:53:52,835 | INFO | fetch_order_book: mid=0.06615 spread=6.05bps bids=20 asks=20
2026-05-09 15:53:53,735 | INFO | SPREAD | pair=CHIP/USDC | cex=0.06613/0.06617 | dex_sell=0.0661355 dex_buy=0.0661577 | spread_a=-5.2bps spread_b=-4.2bps | min=30.0bps
2026-05-09 15:53:54,738 | INFO | fetch_order_book: symbol=CHIP/USDC limit=20
2026-05-09 15:53:55,009 | INFO | fetch_order_book: mid=0.06615 spread=6.05bps bids=20 asks=20
2026-05-09 15:53:56,019 | INFO | SPREAD | pair=CHIP/USDC | cex=0.06613/0.06617 | dex_sell=0.0661355 dex_buy=0.0661577 | spread_a=-5.2bps spread_b=-4.2bps | min=30.0bps
2026-05-09 15:53:57,021 | INFO | fetch_order_book: symbol=CHIP/USDC limit=20
2026-05-09 15:53:57,288 | INFO | fetch_order_book: mid=0.06615 spread=6.05bps bids=20 asks=20
2026-05-09 15:53:58,199 | INFO | SPREAD | pair=CHIP/USDC | cex=0.06613/0.06617 | dex_sell=0.0661355 dex_buy=0.0661577 | spread_a=-5.2bps spread_b=-4.2bps | min=30.0bps
2026-05-09 15:53:59,200 | INFO | fetch_order_book: symbol=CHIP/USDC limit=20
2026-05-09 15:53:59,459 | INFO | fetch_order_book: mid=0.06615 spread=6.05bps bids=20 asks=20
2026-05-09 15:54:00,427 | INFO | SPREAD | pair=CHIP/USDC | cex=0.06613/0.06617 | dex_sell=0.0661355 dex_buy=0.0661577 | spread_a=-5.2bps spread_b=-4.2bps | min=30.0bps
2026-05-09 15:54:01,429 | INFO | fetch_order_book: symbol=CHIP/USDC limit=20
2026-05-09 15:54:01,689 | INFO | fetch_order_book: mid=0.06615 spread=6.05bps bids=20 asks=20
2026-05-09 15:54:02,592 | INFO | SPREAD | pair=CHIP/USDC | cex=0.06613/0.06617 | dex_sell=0.0661355 dex_buy=0.0661577 | spread_a=-5.2bps spread_b=-4.2bps | min=30.0bps
2026-05-09 15:54:03,595 | INFO | fetch_order_book: symbol=CHIP/USDC limit=20
2026-05-09 15:54:03,851 | INFO | fetch_order_book: mid=0.06615 spread=6.05bps bids=20 asks=20
2026-05-09 15:54:04,741 | INFO | SPREAD | pair=CHIP/USDC | cex=0.06613/0.06617 | dex_sell=0.0661355 dex_buy=0.0661577 | spread_a=-5.2bps spread_b=-4.2bps | min=30.0bps
2026-05-09 15:54:05,743 | INFO | fetch_order_book: symbol=CHIP/USDC limit=20
2026-05-09 15:54:06,106 | INFO | fetch_order_book: mid=0.06616 spread=6.05bps bids=20 asks=20
2026-05-09 15:54:07,068 | INFO | SPREAD | pair=CHIP/USDC | cex=0.06614/0.06618 | dex_sell=0.0661355 dex_buy=0.0661577 | spread_a=-6.7bps spread_b=-2.7bps | min=30.0bps
2026-05-09 15:54:08,070 | INFO | fetch_order_book: symbol=CHIP/USDC limit=20
2026-05-09 15:54:08,330 | INFO | fetch_order_book: mid=0.06616 spread=6.05bps bids=20 asks=20
2026-05-09 15:54:09,222 | INFO | SPREAD | pair=CHIP/USDC | cex=0.06614/0.06618 | dex_sell=0.0661355 dex_buy=0.0661577 | spread_a=-6.7bps spread_b=-2.7bps | min=30.0bps
2026-05-09 15:54:10,225 | INFO | fetch_order_book: symbol=CHIP/USDC limit=20
2026-05-09 15:54:10,483 | INFO | fetch_order_book: mid=0.066135 spread=4.54bps bids=20 asks=20
2026-05-09 15:54:11,372 | INFO | SPREAD | pair=CHIP/USDC | cex=0.06612/0.06615 | dex_sell=0.0661355 dex_buy=0.0661577 | spread_a=-2.2bps spread_b=-5.7bps | min=30.0bps
2026-05-09 15:54:12,374 | INFO | fetch_order_book: symbol=CHIP/USDC limit=20
2026-05-09 15:54:12,676 | INFO | fetch_order_book: mid=0.066145 spread=7.56bps bids=20 asks=20
2026-05-09 15:54:13,578 | INFO | SPREAD | pair=CHIP/USDC | cex=0.06612/0.06617 | dex_sell=0.0661355 dex_buy=0.0661577 | spread_a=-5.2bps spread_b=-5.7bps | min=30.0bps
2026-05-09 15:54:14,580 | INFO | fetch_order_book: symbol=CHIP/USDC limit=20
2026-05-09 15:54:14,836 | INFO | fetch_order_book: mid=0.06615 spread=6.05bps bids=20 asks=20
2026-05-09 15:54:15,776 | INFO | SPREAD | pair=CHIP/USDC | cex=0.06613/0.06617 | dex_sell=0.0661355 dex_buy=0.0661577 | spread_a=-5.2bps spread_b=-4.2bps | min=30.0bps
2026-05-09 15:54:16,778 | INFO | fetch_order_book: symbol=CHIP/USDC limit=20
2026-05-09 15:54:17,035 | INFO | fetch_order_book: mid=0.06615 spread=6.05bps bids=20 asks=20
2026-05-09 15:54:17,981 | INFO | SPREAD | pair=CHIP/USDC | cex=0.06613/0.06617 | dex_sell=0.0661355 dex_buy=0.0661577 | spread_a=-5.2bps spread_b=-4.2bps | min=30.0bps
2026-05-09 15:54:18,983 | INFO | fetch_order_book: symbol=CHIP/USDC limit=20
2026-05-09 15:54:19,248 | INFO | fetch_order_book: mid=0.06615 spread=6.05bps bids=20 asks=20
2026-05-09 15:54:20,155 | INFO | SPREAD | pair=CHIP/USDC | cex=0.06613/0.06617 | dex_sell=0.0661355 dex_buy=0.0661577 | spread_a=-5.2bps spread_b=-4.2bps | min=30.0bps
2026-05-09 15:54:21,158 | INFO | fetch_order_book: symbol=CHIP/USDC limit=20
2026-05-09 15:54:21,418 | INFO | fetch_order_book: mid=0.06615 spread=6.05bps bids=20 asks=20
2026-05-09 15:54:22,266 | INFO | SPREAD | pair=CHIP/USDC | cex=0.06613/0.06617 | dex_sell=0.0661355 dex_buy=0.0661577 | spread_a=-5.2bps spread_b=-4.2bps | min=30.0bps
2026-05-09 15:54:23,269 | INFO | fetch_order_book: symbol=CHIP/USDC limit=20
2026-05-09 15:54:23,526 | INFO | fetch_order_book: mid=0.06615 spread=6.05bps bids=20 asks=20
2026-05-09 15:54:24,446 | INFO | SPREAD | pair=CHIP/USDC | cex=0.06613/0.06617 | dex_sell=0.0661355 dex_buy=0.0661577 | spread_a=-5.2bps spread_b=-4.2bps | min=30.0bps
2026-05-09 15:54:25,448 | INFO | fetch_order_book: symbol=CHIP/USDC limit=20
2026-05-09 15:54:25,705 | INFO | fetch_order_book: mid=0.06616 spread=6.05bps bids=20 asks=20
2026-05-09 15:54:26,618 | INFO | SPREAD | pair=CHIP/USDC | cex=0.06614/0.06618 | dex_sell=0.0661355 dex_buy=0.0661577 | spread_a=-6.7bps spread_b=-2.7bps | min=30.0bps
2026-05-09 15:54:27,620 | INFO | fetch_order_book: symbol=CHIP/USDC limit=20
2026-05-09 15:54:27,944 | INFO | fetch_order_book: mid=0.06615 spread=6.05bps bids=20 asks=20
2026-05-09 15:54:28,816 | INFO | SPREAD | pair=CHIP/USDC | cex=0.06613/0.06617 | dex_sell=0.0661355 dex_buy=0.0661577 | spread_a=-5.2bps spread_b=-4.2bps | min=30.0bps
2026-05-09 15:54:29,819 | INFO | fetch_order_book: symbol=CHIP/USDC limit=20
2026-05-09 15:54:30,085 | INFO | fetch_order_book: mid=0.06616 spread=6.05bps bids=20 asks=20
2026-05-09 15:54:31,001 | INFO | SPREAD | pair=CHIP/USDC | cex=0.06614/0.06618 | dex_sell=0.0661355 dex_buy=0.0661577 | spread_a=-6.7bps spread_b=-2.7bps | min=30.0bps
2026-05-09 15:54:32,004 | INFO | fetch_order_book: symbol=CHIP/USDC limit=20
2026-05-09 15:54:32,321 | INFO | fetch_order_book: mid=0.06616 spread=6.05bps bids=20 asks=20
2026-05-09 15:54:33,240 | INFO | SPREAD | pair=CHIP/USDC | cex=0.06614/0.06618 | dex_sell=0.0661355 dex_buy=0.0661577 | spread_a=-6.7bps spread_b=-2.7bps | min=30.0bps
2026-05-09 15:54:34,242 | INFO | fetch_order_book: symbol=CHIP/USDC limit=20
2026-05-09 15:54:34,572 | INFO | fetch_order_book: mid=0.066145 spread=7.56bps bids=20 asks=20
2026-05-09 15:54:35,475 | INFO | SPREAD | pair=CHIP/USDC | cex=0.06612/0.06617 | dex_sell=0.0661355 dex_buy=0.0661577 | spread_a=-5.2bps spread_b=-5.7bps | min=30.0bps
2026-05-09 15:54:36,478 | INFO | fetch_order_book: symbol=CHIP/USDC limit=20
2026-05-09 15:54:36,738 | INFO | fetch_order_book: mid=0.06615 spread=6.05bps bids=20 asks=20
2026-05-09 15:54:37,660 | INFO | SPREAD | pair=CHIP/USDC | cex=0.06613/0.06617 | dex_sell=0.0661355 dex_buy=0.0661577 | spread_a=-5.2bps spread_b=-4.2bps | min=30.0bps
2026-05-09 15:54:38,662 | INFO | fetch_order_book: symbol=CHIP/USDC limit=20
2026-05-09 15:54:38,921 | INFO | fetch_order_book: mid=0.06614 spread=6.05bps bids=20 asks=20
2026-05-09 15:54:39,802 | INFO | SPREAD | pair=CHIP/USDC | cex=0.06612/0.06616 | dex_sell=0.0661355 dex_buy=0.0661577 | spread_a=-3.7bps spread_b=-5.7bps | min=30.0bps
2026-05-09 15:54:40,804 | INFO | fetch_order_book: symbol=CHIP/USDC limit=20
2026-05-09 15:54:41,063 | INFO | fetch_order_book: mid=0.06616 spread=6.05bps bids=20 asks=20
2026-05-09 15:54:41,986 | INFO | SPREAD | pair=CHIP/USDC | cex=0.06614/0.06618 | dex_sell=0.0661355 dex_buy=0.0661577 | spread_a=-6.7bps spread_b=-2.7bps | min=30.0bps
2026-05-09 15:54:42,989 | INFO | fetch_order_book: symbol=CHIP/USDC limit=20
2026-05-09 15:54:43,244 | INFO | fetch_order_book: mid=0.06617 spread=3.02bps bids=20 asks=20
2026-05-09 15:54:44,145 | INFO | SPREAD | pair=CHIP/USDC | cex=0.06616/0.06618 | dex_sell=0.0661355 dex_buy=0.0661577 | spread_a=-6.7bps spread_b=0.3bps | min=30.0bps
2026-05-09 15:54:45,147 | INFO | fetch_order_book: symbol=CHIP/USDC limit=20
2026-05-09 15:54:45,404 | INFO | fetch_order_book: mid=0.06617 spread=3.02bps bids=20 asks=20
2026-05-09 15:54:46,294 | INFO | SPREAD | pair=CHIP/USDC | cex=0.06616/0.06618 | dex_sell=0.0661355 dex_buy=0.0661577 | spread_a=-6.7bps spread_b=0.3bps | min=30.0bps
2026-05-09 15:54:47,296 | INFO | fetch_order_book: symbol=CHIP/USDC limit=20
2026-05-09 15:54:47,680 | INFO | fetch_order_book: mid=0.06617 spread=3.02bps bids=20 asks=20
2026-05-09 15:54:48,578 | INFO | SPREAD | pair=CHIP/USDC | cex=0.06616/0.06618 | dex_sell=0.0661355 dex_buy=0.0661577 | spread_a=-6.7bps spread_b=0.3bps | min=30.0bps
2026-05-09 15:54:49,580 | INFO | fetch_order_book: symbol=CHIP/USDC limit=20
2026-05-09 15:54:49,842 | INFO | fetch_order_book: mid=0.06617 spread=3.02bps bids=20 asks=20
2026-05-09 15:54:50,764 | INFO | SPREAD | pair=CHIP/USDC | cex=0.06616/0.06618 | dex_sell=0.0661355 dex_buy=0.0661577 | spread_a=-6.7bps spread_b=0.3bps | min=30.0bps
2026-05-09 15:54:51,767 | INFO | fetch_order_book: symbol=CHIP/USDC limit=20
2026-05-09 15:54:52,023 | INFO | fetch_order_book: mid=0.06617 spread=3.02bps bids=20 asks=20
2026-05-09 15:54:52,962 | INFO | SPREAD | pair=CHIP/USDC | cex=0.06616/0.06618 | dex_sell=0.0661355 dex_buy=0.0661577 | spread_a=-6.7bps spread_b=0.3bps | min=30.0bps
2026-05-09 15:54:53,965 | INFO | fetch_order_book: symbol=CHIP/USDC limit=20
2026-05-09 15:54:54,343 | INFO | fetch_order_book: mid=0.066175 spread=1.51bps bids=20 asks=20
2026-05-09 15:54:55,210 | INFO | SPREAD | pair=CHIP/USDC | cex=0.06617/0.06618 | dex_sell=0.0661355 dex_buy=0.0661577 | spread_a=-6.7bps spread_b=1.9bps | min=30.0bps
2026-05-09 15:54:56,213 | INFO | fetch_order_book: symbol=CHIP/USDC limit=20
2026-05-09 15:54:56,477 | INFO | fetch_order_book: mid=0.066175 spread=1.51bps bids=20 asks=20
2026-05-09 15:54:57,411 | INFO | SPREAD | pair=CHIP/USDC | cex=0.06617/0.06618 | dex_sell=0.0661355 dex_buy=0.0661577 | spread_a=-6.7bps spread_b=1.9bps | min=30.0bps
2026-05-09 15:54:58,414 | INFO | fetch_order_book: symbol=CHIP/USDC limit=20
2026-05-09 15:54:58,676 | INFO | fetch_order_book: mid=0.066175 spread=1.51bps bids=20 asks=20
2026-05-09 15:54:59,595 | INFO | SPREAD | pair=CHIP/USDC | cex=0.06617/0.06618 | dex_sell=0.0661355 dex_buy=0.0661577 | spread_a=-6.7bps spread_b=1.9bps | min=30.0bps
2026-05-09 15:55:00,597 | INFO | fetch_order_book: symbol=CHIP/USDC limit=20
2026-05-09 15:55:00,864 | INFO | fetch_order_book: mid=0.06619 spread=6.04bps bids=20 asks=20
2026-05-09 15:55:01,760 | INFO | SPREAD | pair=CHIP/USDC | cex=0.06617/0.06621 | dex_sell=0.0661355 dex_buy=0.0661577 | spread_a=-11.3bps spread_b=1.9bps | min=30.0bps
2026-05-09 15:55:02,762 | INFO | fetch_order_book: symbol=CHIP/USDC limit=20
2026-05-09 15:55:03,020 | INFO | fetch_order_book: mid=0.06614 spread=6.05bps bids=20 asks=20
2026-05-09 15:55:03,929 | INFO | SPREAD | pair=CHIP/USDC | cex=0.06612/0.06616 | dex_sell=0.0661355 dex_buy=0.0661577 | spread_a=-3.7bps spread_b=-5.7bps | min=30.0bps
2026-05-09 15:55:04,931 | INFO | fetch_order_book: symbol=CHIP/USDC limit=20
2026-05-09 15:55:05,195 | INFO | fetch_order_book: mid=0.06613 spread=3.02bps bids=20 asks=20
2026-05-09 15:55:06,077 | INFO | SPREAD | pair=CHIP/USDC | cex=0.06612/0.06614 | dex_sell=0.0661355 dex_buy=0.0661577 | spread_a=-0.7bps spread_b=-5.7bps | min=30.0bps
2026-05-09 15:55:07,081 | INFO | fetch_order_book: symbol=CHIP/USDC limit=20
2026-05-09 15:55:07,342 | INFO | fetch_order_book: mid=0.06615 spread=6.05bps bids=20 asks=20
2026-05-09 15:55:08,270 | INFO | SPREAD | pair=CHIP/USDC | cex=0.06613/0.06617 | dex_sell=0.0661355 dex_buy=0.0661577 | spread_a=-5.2bps spread_b=-4.2bps | min=30.0bps
2026-05-09 15:55:09,273 | INFO | fetch_order_book: symbol=CHIP/USDC limit=20
2026-05-09 15:55:09,533 | INFO | fetch_order_book: mid=0.06615 spread=6.05bps bids=20 asks=20
2026-05-09 15:55:10,541 | INFO | SPREAD | pair=CHIP/USDC | cex=0.06613/0.06617 | dex_sell=0.0661355 dex_buy=0.0661577 | spread_a=-5.2bps spread_b=-4.2bps | min=30.0bps
2026-05-09 15:55:11,545 | INFO | fetch_order_book: symbol=CHIP/USDC limit=20
2026-05-09 15:55:11,806 | INFO | fetch_order_book: mid=0.06616 spread=6.05bps bids=20 asks=20
2026-05-09 15:55:12,708 | INFO | SPREAD | pair=CHIP/USDC | cex=0.06614/0.06618 | dex_sell=0.0661355 dex_buy=0.0661577 | spread_a=-6.7bps spread_b=-2.7bps | min=30.0bps
2026-05-09 15:55:13,711 | INFO | fetch_order_book: symbol=CHIP/USDC limit=20
2026-05-09 15:55:13,967 | INFO | fetch_order_book: mid=0.066145 spread=7.56bps bids=20 asks=20
2026-05-09 15:55:14,835 | INFO | SPREAD | pair=CHIP/USDC | cex=0.06612/0.06617 | dex_sell=0.0661355 dex_buy=0.0661577 | spread_a=-5.2bps spread_b=-5.7bps | min=30.0bps
2026-05-09 15:55:15,838 | INFO | fetch_order_book: symbol=CHIP/USDC limit=20
2026-05-09 15:55:16,146 | INFO | fetch_order_book: mid=0.066145 spread=7.56bps bids=20 asks=20
2026-05-09 15:55:17,091 | INFO | SPREAD | pair=CHIP/USDC | cex=0.06612/0.06617 | dex_sell=0.0661355 dex_buy=0.0661577 | spread_a=-5.2bps spread_b=-5.7bps | min=30.0bps
2026-05-09 15:55:18,094 | INFO | fetch_order_book: symbol=CHIP/USDC limit=20
2026-05-09 15:55:18,351 | INFO | fetch_order_book: mid=0.066155 spread=7.56bps bids=20 asks=20
2026-05-09 15:55:19,261 | INFO | SPREAD | pair=CHIP/USDC | cex=0.06613/0.06618 | dex_sell=0.0661355 dex_buy=0.0661577 | spread_a=-6.7bps spread_b=-4.2bps | min=30.0bps
2026-05-09 15:55:20,264 | INFO | fetch_order_book: symbol=CHIP/USDC limit=20
2026-05-09 15:55:20,549 | INFO | fetch_order_book: mid=0.066155 spread=4.53bps bids=20 asks=20
2026-05-09 15:55:21,484 | INFO | SPREAD | pair=CHIP/USDC | cex=0.06614/0.06617 | dex_sell=0.0661355 dex_buy=0.0661577 | spread_a=-5.2bps spread_b=-2.7bps | min=30.0bps
2026-05-09 15:55:22,488 | INFO | fetch_order_book: symbol=CHIP/USDC limit=20
2026-05-09 15:55:22,757 | INFO | fetch_order_book: mid=0.06620 spread=6.04bps bids=20 asks=20
2026-05-09 15:55:23,682 | INFO | SPREAD | pair=CHIP/USDC | cex=0.06618/0.06622 | dex_sell=0.0661355 dex_buy=0.0661577 | spread_a=-12.8bps spread_b=3.4bps | min=30.0bps
2026-05-09 15:55:24,686 | INFO | fetch_order_book: symbol=CHIP/USDC limit=20
2026-05-09 15:55:24,952 | INFO | fetch_order_book: mid=0.06620 spread=6.04bps bids=20 asks=20
2026-05-09 15:55:25,832 | INFO | SPREAD | pair=CHIP/USDC | cex=0.06618/0.06622 | dex_sell=0.0661355 dex_buy=0.0661577 | spread_a=-12.8bps spread_b=3.4bps | min=30.0bps
2026-05-09 15:55:26,835 | INFO | fetch_order_book: symbol=CHIP/USDC limit=20
2026-05-09 15:55:27,208 | INFO | fetch_order_book: mid=0.066225 spread=4.53bps bids=20 asks=20
2026-05-09 15:55:28,117 | INFO | SPREAD | pair=CHIP/USDC | cex=0.06621/0.06624 | dex_sell=0.0661355 dex_buy=0.0661577 | spread_a=-15.8bps spread_b=7.9bps | min=30.0bps
2026-05-09 15:55:29,120 | INFO | fetch_order_book: symbol=CHIP/USDC limit=20
2026-05-09 15:55:29,374 | INFO | fetch_order_book: mid=0.066225 spread=4.53bps bids=20 asks=20
2026-05-09 15:55:30,291 | INFO | SPREAD | pair=CHIP/USDC | cex=0.06621/0.06624 | dex_sell=0.0661355 dex_buy=0.0661577 | spread_a=-15.8bps spread_b=7.9bps | min=30.0bps
2026-05-09 15:55:31,294 | INFO | fetch_order_book: symbol=CHIP/USDC limit=20
2026-05-09 15:55:31,582 | INFO | fetch_order_book: mid=0.06627 spread=3.02bps bids=20 asks=20
2026-05-09 15:55:32,474 | INFO | SPREAD | pair=CHIP/USDC | cex=0.06626/0.06628 | dex_sell=0.0661355 dex_buy=0.0661577 | spread_a=-21.8bps spread_b=15.5bps | min=30.0bps
2026-05-09 15:55:33,478 | INFO | fetch_order_book: symbol=CHIP/USDC limit=20
2026-05-09 15:55:33,733 | INFO | fetch_order_book: mid=0.066265 spread=4.53bps bids=20 asks=20
2026-05-09 15:55:34,662 | INFO | SPREAD | pair=CHIP/USDC | cex=0.06625/0.06628 | dex_sell=0.0661355 dex_buy=0.0661577 | spread_a=-21.8bps spread_b=13.9bps | min=30.0bps
2026-05-09 15:55:35,666 | INFO | fetch_order_book: symbol=CHIP/USDC limit=20
2026-05-09 15:55:36,012 | INFO | fetch_order_book: mid=0.06625 spread=6.04bps bids=20 asks=20
2026-05-09 15:55:36,941 | INFO | SPREAD | pair=CHIP/USDC | cex=0.06623/0.06627 | dex_sell=0.0661355 dex_buy=0.0661577 | spread_a=-20.3bps spread_b=10.9bps | min=30.0bps
2026-05-09 15:55:37,945 | INFO | fetch_order_book: symbol=CHIP/USDC limit=20
2026-05-09 15:55:38,210 | INFO | fetch_order_book: mid=0.066245 spread=7.55bps bids=20 asks=20
2026-05-09 15:55:39,103 | INFO | SPREAD | pair=CHIP/USDC | cex=0.06622/0.06627 | dex_sell=0.0661355 dex_buy=0.0661577 | spread_a=-20.3bps spread_b=9.4bps | min=30.0bps
2026-05-09 15:55:40,106 | INFO | fetch_order_book: symbol=CHIP/USDC limit=20
2026-05-09 15:55:40,360 | INFO | fetch_order_book: mid=0.066245 spread=7.55bps bids=20 asks=20
2026-05-09 15:55:41,300 | INFO | SPREAD | pair=CHIP/USDC | cex=0.06622/0.06627 | dex_sell=0.0661355 dex_buy=0.0661577 | spread_a=-20.3bps spread_b=9.4bps | min=30.0bps
2026-05-09 15:55:42,303 | INFO | fetch_order_book: symbol=CHIP/USDC limit=20
2026-05-09 15:55:42,559 | INFO | fetch_order_book: mid=0.066205 spread=4.53bps bids=20 asks=20
2026-05-09 15:55:43,418 | INFO | SPREAD | pair=CHIP/USDC | cex=0.06619/0.06622 | dex_sell=0.0661355 dex_buy=0.0661577 | spread_a=-12.8bps spread_b=4.9bps | min=30.0bps
2026-05-09 15:55:44,421 | INFO | fetch_order_book: symbol=CHIP/USDC limit=20
2026-05-09 15:55:44,677 | INFO | fetch_order_book: mid=0.06619 spread=3.02bps bids=20 asks=20
2026-05-09 15:55:45,591 | INFO | SPREAD | pair=CHIP/USDC | cex=0.06618/0.0662 | dex_sell=0.0661355 dex_buy=0.0661577 | spread_a=-9.7bps spread_b=3.4bps | min=30.0bps
2026-05-09 15:55:46,594 | INFO | fetch_order_book: symbol=CHIP/USDC limit=20
2026-05-09 15:55:46,969 | INFO | fetch_order_book: mid=0.06614 spread=6.05bps bids=20 asks=20
2026-05-09 15:55:47,876 | INFO | SPREAD | pair=CHIP/USDC | cex=0.06612/0.06616 | dex_sell=0.0661355 dex_buy=0.0661577 | spread_a=-3.7bps spread_b=-5.7bps | min=30.0bps
2026-05-09 15:55:48,880 | INFO | fetch_order_book: symbol=CHIP/USDC limit=20
2026-05-09 15:55:49,135 | INFO | fetch_order_book: mid=0.06615 spread=6.05bps bids=20 asks=20
2026-05-09 15:55:50,036 | INFO | SPREAD | pair=CHIP/USDC | cex=0.06613/0.06617 | dex_sell=0.0661355 dex_buy=0.0661577 | spread_a=-5.2bps spread_b=-4.2bps | min=30.0bps
2026-05-09 15:55:51,039 | INFO | fetch_order_book: symbol=CHIP/USDC limit=20
2026-05-09 15:55:51,299 | INFO | fetch_order_book: mid=0.06614 spread=6.05bps bids=20 asks=20
2026-05-09 15:55:52,216 | INFO | SPREAD | pair=CHIP/USDC | cex=0.06612/0.06616 | dex_sell=0.0661355 dex_buy=0.0661577 | spread_a=-3.7bps spread_b=-5.7bps | min=30.0bps
2026-05-09 15:55:53,219 | INFO | fetch_order_book: symbol=CHIP/USDC limit=20
2026-05-09 15:55:53,479 | INFO | fetch_order_book: mid=0.06615 spread=6.05bps bids=20 asks=20
2026-05-09 15:55:54,386 | INFO | SPREAD | pair=CHIP/USDC | cex=0.06613/0.06617 | dex_sell=0.0661355 dex_buy=0.0661577 | spread_a=-5.2bps spread_b=-4.2bps | min=30.0bps
2026-05-09 15:55:55,390 | INFO | fetch_order_book: symbol=CHIP/USDC limit=20
2026-05-09 15:55:55,670 | INFO | fetch_order_book: mid=0.06614 spread=6.05bps bids=20 asks=20
2026-05-09 15:55:56,571 | INFO | SPREAD | pair=CHIP/USDC | cex=0.06612/0.06616 | dex_sell=0.0661355 dex_buy=0.0661577 | spread_a=-3.7bps spread_b=-5.7bps | min=30.0bps
2026-05-09 15:55:57,574 | INFO | fetch_order_book: symbol=CHIP/USDC limit=20
2026-05-09 15:55:57,834 | INFO | fetch_order_book: mid=0.06614 spread=6.05bps bids=20 asks=20
2026-05-09 15:55:58,783 | INFO | SPREAD | pair=CHIP/USDC | cex=0.06612/0.06616 | dex_sell=0.0661355 dex_buy=0.0661577 | spread_a=-3.7bps spread_b=-5.7bps | min=30.0bps
2026-05-09 15:55:59,787 | INFO | fetch_order_book: symbol=CHIP/USDC limit=20
2026-05-09 15:56:00,046 | INFO | fetch_order_book: mid=0.066135 spread=4.54bps bids=20 asks=20
2026-05-09 15:56:00,946 | INFO | SPREAD | pair=CHIP/USDC | cex=0.06612/0.06615 | dex_sell=0.0661355 dex_buy=0.0661577 | spread_a=-2.2bps spread_b=-5.7bps | min=30.0bps
2026-05-09 15:56:01,950 | INFO | fetch_order_book: symbol=CHIP/USDC limit=20
2026-05-09 15:56:02,298 | INFO | fetch_order_book: mid=0.06614 spread=6.05bps bids=20 asks=20
2026-05-09 15:56:03,224 | INFO | SPREAD | pair=CHIP/USDC | cex=0.06612/0.06616 | dex_sell=0.0661355 dex_buy=0.0661577 | spread_a=-3.7bps spread_b=-5.7bps | min=30.0bps
2026-05-09 15:56:04,228 | INFO | fetch_order_book: symbol=CHIP/USDC limit=20
2026-05-09 15:56:04,485 | INFO | fetch_order_book: mid=0.06615 spread=6.05bps bids=20 asks=20
2026-05-09 15:56:05,391 | INFO | SPREAD | pair=CHIP/USDC | cex=0.06613/0.06617 | dex_sell=0.0661355 dex_buy=0.0661577 | spread_a=-5.2bps spread_b=-4.2bps | min=30.0bps
2026-05-09 15:56:06,394 | INFO | fetch_order_book: symbol=CHIP/USDC limit=20
2026-05-09 15:56:06,651 | INFO | fetch_order_book: mid=0.066145 spread=7.56bps bids=20 asks=20
2026-05-09 15:56:07,563 | INFO | SPREAD | pair=CHIP/USDC | cex=0.06612/0.06617 | dex_sell=0.0661355 dex_buy=0.0661577 | spread_a=-5.2bps spread_b=-5.7bps | min=30.0bps
2026-05-09 15:56:08,566 | INFO | fetch_order_book: symbol=CHIP/USDC limit=20
2026-05-09 15:56:08,826 | INFO | fetch_order_book: mid=0.06614 spread=6.05bps bids=20 asks=20
2026-05-09 15:56:09,725 | INFO | SPREAD | pair=CHIP/USDC | cex=0.06612/0.06616 | dex_sell=0.0661355 dex_buy=0.0661577 | spread_a=-3.7bps spread_b=-5.7bps | min=30.0bps
2026-05-09 15:56:10,729 | INFO | fetch_order_book: symbol=CHIP/USDC limit=20
2026-05-09 15:56:11,545 | INFO | fetch_order_book: mid=0.06613 spread=3.02bps bids=20 asks=20
2026-05-09 15:56:12,484 | INFO | SPREAD | pair=CHIP/USDC | cex=0.06612/0.06614 | dex_sell=0.0661355 dex_buy=0.0661577 | spread_a=-0.7bps spread_b=-5.7bps | min=30.0bps
2026-05-09 15:56:13,487 | INFO | fetch_order_book: symbol=CHIP/USDC limit=20
2026-05-09 15:56:13,745 | INFO | fetch_order_book: mid=0.06611 spread=3.03bps bids=20 asks=20
2026-05-09 15:56:14,637 | INFO | SPREAD | pair=CHIP/USDC | cex=0.0661/0.06612 | dex_sell=0.0661355 dex_buy=0.0661577 | spread_a=2.3bps spread_b=-8.7bps | min=30.0bps
2026-05-09 15:56:15,640 | INFO | fetch_order_book: symbol=CHIP/USDC limit=20
2026-05-09 15:56:15,902 | INFO | fetch_order_book: mid=0.06609 spread=3.03bps bids=20 asks=20
2026-05-09 15:56:16,801 | INFO | SPREAD | pair=CHIP/USDC | cex=0.06608/0.0661 | dex_sell=0.0660908 dex_buy=0.066113 | spread_a=-1.4bps spread_b=-5.0bps | min=30.0bps
2026-05-09 15:56:17,804 | INFO | fetch_order_book: symbol=CHIP/USDC limit=20
2026-05-09 15:56:18,117 | INFO | fetch_order_book: mid=0.06607 spread=3.03bps bids=20 asks=20
2026-05-09 15:56:19,037 | INFO | SPREAD | pair=CHIP/USDC | cex=0.06606/0.06608 | dex_sell=0.0660908 dex_buy=0.066113 | spread_a=1.6bps spread_b=-8.0bps | min=30.0bps
2026-05-09 15:56:20,040 | INFO | fetch_order_book: symbol=CHIP/USDC limit=20
2026-05-09 15:56:20,300 | INFO | fetch_order_book: mid=0.066065 spread=1.51bps bids=20 asks=20
2026-05-09 15:56:21,207 | INFO | SPREAD | pair=CHIP/USDC | cex=0.06606/0.06607 | dex_sell=0.0660508 dex_buy=0.066073 | spread_a=-2.9bps spread_b=-2.0bps | min=30.0bps
2026-05-09 15:56:22,210 | INFO | fetch_order_book: symbol=CHIP/USDC limit=20
2026-05-09 15:56:22,466 | INFO | fetch_order_book: mid=0.06608 spread=6.05bps bids=20 asks=20
2026-05-09 15:56:23,420 | INFO | SPREAD | pair=CHIP/USDC | cex=0.06606/0.0661 | dex_sell=0.0660508 dex_buy=0.066073 | spread_a=-7.4bps spread_b=-2.0bps | min=30.0bps
2026-05-09 15:56:24,423 | INFO | fetch_order_book: symbol=CHIP/USDC limit=20
2026-05-09 15:56:24,678 | INFO | fetch_order_book: mid=0.06608 spread=6.05bps bids=20 asks=20
2026-05-09 15:56:25,625 | INFO | SPREAD | pair=CHIP/USDC | cex=0.06606/0.0661 | dex_sell=0.0660508 dex_buy=0.066073 | spread_a=-7.4bps spread_b=-2.0bps | min=30.0bps
2026-05-09 15:56:26,628 | INFO | fetch_order_book: symbol=CHIP/USDC limit=20
2026-05-09 15:56:26,884 | INFO | fetch_order_book: mid=0.06612 spread=6.05bps bids=20 asks=20
2026-05-09 15:56:27,773 | INFO | SPREAD | pair=CHIP/USDC | cex=0.0661/0.06614 | dex_sell=0.0661068 dex_buy=0.066129 | spread_a=-5.0bps spread_b=-4.4bps | min=30.0bps
2026-05-09 15:56:28,776 | INFO | fetch_order_book: symbol=CHIP/USDC limit=20
2026-05-09 15:56:29,032 | INFO | fetch_order_book: mid=0.06617 spread=3.02bps bids=20 asks=20
2026-05-09 15:56:29,938 | INFO | SPREAD | pair=CHIP/USDC | cex=0.06616/0.06618 | dex_sell=0.0661068 dex_buy=0.0661581 | spread_a=-11.1bps spread_b=0.3bps | min=30.0bps
2026-05-09 15:56:30,942 | INFO | fetch_order_book: symbol=CHIP/USDC limit=20
2026-05-09 15:56:31,199 | INFO | fetch_order_book: mid=0.06623 spread=3.02bps bids=20 asks=20
2026-05-09 15:56:32,097 | INFO | SPREAD | pair=CHIP/USDC | cex=0.06622/0.06624 | dex_sell=0.0661359 dex_buy=0.0661581 | spread_a=-15.7bps spread_b=9.4bps | min=30.0bps
2026-05-09 15:56:33,100 | INFO | fetch_order_book: symbol=CHIP/USDC limit=20
2026-05-09 15:56:33,463 | INFO | fetch_order_book: mid=0.06623 spread=3.02bps bids=20 asks=20
2026-05-09 15:56:34,419 | INFO | SPREAD | pair=CHIP/USDC | cex=0.06622/0.06624 | dex_sell=0.0661359 dex_buy=0.0661581 | spread_a=-15.7bps spread_b=9.4bps | min=30.0bps
2026-05-09 15:56:35,423 | INFO | fetch_order_book: symbol=CHIP/USDC limit=20
2026-05-09 15:56:35,681 | INFO | fetch_order_book: mid=0.066265 spread=4.53bps bids=20 asks=20
2026-05-09 15:56:36,564 | INFO | SPREAD | pair=CHIP/USDC | cex=0.06625/0.06628 | dex_sell=0.0662433 dex_buy=0.066218 | spread_a=-5.5bps spread_b=4.8bps | min=30.0bps
2026-05-09 15:56:37,567 | INFO | fetch_order_book: symbol=CHIP/USDC limit=20
2026-05-09 15:56:37,822 | INFO | fetch_order_book: mid=0.06622 spread=6.04bps bids=20 asks=20
2026-05-09 15:56:38,723 | INFO | SPREAD | pair=CHIP/USDC | cex=0.0662/0.06624 | dex_sell=0.0661957 dex_buy=0.0662179 | spread_a=-6.7bps spread_b=-2.7bps | min=30.0bps
2026-05-09 15:56:39,727 | INFO | fetch_order_book: symbol=CHIP/USDC limit=20
2026-05-09 15:56:39,986 | INFO | fetch_order_book: mid=0.06622 spread=6.04bps bids=20 asks=20
2026-05-09 15:56:40,892 | INFO | SPREAD | pair=CHIP/USDC | cex=0.0662/0.06624 | dex_sell=0.0661957 dex_buy=0.0662179 | spread_a=-6.7bps spread_b=-2.7bps | min=30.0bps
2026-05-09 15:56:41,895 | INFO | fetch_order_book: symbol=CHIP/USDC limit=20
2026-05-09 15:56:42,151 | INFO | fetch_order_book: mid=0.06622 spread=6.04bps bids=20 asks=20
2026-05-09 15:56:43,100 | INFO | SPREAD | pair=CHIP/USDC | cex=0.0662/0.06624 | dex_sell=0.0661957 dex_buy=0.0662179 | spread_a=-6.7bps spread_b=-2.7bps | min=30.0bps
2026-05-09 15:56:44,103 | INFO | fetch_order_book: symbol=CHIP/USDC limit=20
2026-05-09 15:56:44,362 | INFO | fetch_order_book: mid=0.06622 spread=6.04bps bids=20 asks=20
2026-05-09 15:56:45,321 | INFO | SPREAD | pair=CHIP/USDC | cex=0.0662/0.06624 | dex_sell=0.0661957 dex_buy=0.0662179 | spread_a=-6.7bps spread_b=-2.7bps | min=30.0bps
2026-05-09 15:56:46,324 | INFO | fetch_order_book: symbol=CHIP/USDC limit=20
2026-05-09 15:56:46,579 | INFO | fetch_order_book: mid=0.06619 spread=3.02bps bids=20 asks=20
2026-05-09 15:56:47,435 | INFO | SPREAD | pair=CHIP/USDC | cex=0.06618/0.0662 | dex_sell=0.0661957 dex_buy=0.0662179 | spread_a=-0.6bps spread_b=-5.7bps | min=30.0bps
2026-05-09 15:56:48,438 | INFO | fetch_order_book: symbol=CHIP/USDC limit=20
2026-05-09 15:56:48,698 | INFO | fetch_order_book: mid=0.06619 spread=3.02bps bids=20 asks=20
2026-05-09 15:56:49,613 | INFO | SPREAD | pair=CHIP/USDC | cex=0.06618/0.0662 | dex_sell=0.0661957 dex_buy=0.0662179 | spread_a=-0.6bps spread_b=-5.7bps | min=30.0bps
2026-05-09 15:56:50,614 | INFO | fetch_order_book: symbol=CHIP/USDC limit=20
2026-05-09 15:56:50,973 | INFO | fetch_order_book: mid=0.066175 spread=1.51bps bids=20 asks=20
2026-05-09 15:56:51,890 | INFO | SPREAD | pair=CHIP/USDC | cex=0.06617/0.06618 | dex_sell=0.0661608 dex_buy=0.066183 | spread_a=-2.9bps spread_b=-2.0bps | min=30.0bps
2026-05-09 15:56:52,894 | INFO | fetch_order_book: symbol=CHIP/USDC limit=20
2026-05-09 15:56:53,150 | INFO | fetch_order_book: mid=0.066175 spread=1.51bps bids=20 asks=20
2026-05-09 15:56:54,060 | INFO | SPREAD | pair=CHIP/USDC | cex=0.06617/0.06618 | dex_sell=0.0661608 dex_buy=0.066183 | spread_a=-2.9bps spread_b=-2.0bps | min=30.0bps
2026-05-09 15:56:55,064 | INFO | fetch_order_book: symbol=CHIP/USDC limit=20
2026-05-09 15:56:55,325 | INFO | fetch_order_book: mid=0.066165 spread=4.53bps bids=20 asks=20
2026-05-09 15:56:56,255 | INFO | SPREAD | pair=CHIP/USDC | cex=0.06615/0.06618 | dex_sell=0.0661608 dex_buy=0.066183 | spread_a=-2.9bps spread_b=-5.0bps | min=30.0bps
2026-05-09 15:56:57,258 | INFO | fetch_order_book: symbol=CHIP/USDC limit=20
2026-05-09 15:56:57,516 | INFO | fetch_order_book: mid=0.06617 spread=3.02bps bids=20 asks=20
2026-05-09 15:56:58,408 | INFO | SPREAD | pair=CHIP/USDC | cex=0.06616/0.06618 | dex_sell=0.0661608 dex_buy=0.066183 | spread_a=-2.9bps spread_b=-3.5bps | min=30.0bps
2026-05-09 15:56:59,412 | INFO | fetch_order_book: symbol=CHIP/USDC limit=20
2026-05-09 15:56:59,666 | INFO | fetch_order_book: mid=0.066165 spread=4.53bps bids=20 asks=20
2026-05-09 15:57:00,582 | INFO | SPREAD | pair=CHIP/USDC | cex=0.06615/0.06618 | dex_sell=0.0661608 dex_buy=0.066183 | spread_a=-2.9bps spread_b=-5.0bps | min=30.0bps
2026-05-09 15:57:01,585 | INFO | fetch_order_book: symbol=CHIP/USDC limit=20
2026-05-09 15:57:01,842 | INFO | fetch_order_book: mid=0.066165 spread=4.53bps bids=20 asks=20
2026-05-09 15:57:02,744 | INFO | SPREAD | pair=CHIP/USDC | cex=0.06615/0.06618 | dex_sell=0.0661608 dex_buy=0.066183 | spread_a=-2.9bps spread_b=-5.0bps | min=30.0bps
2026-05-09 15:57:03,748 | INFO | fetch_order_book: symbol=CHIP/USDC limit=20
2026-05-09 15:57:04,003 | INFO | fetch_order_book: mid=0.066165 spread=4.53bps bids=20 asks=20
2026-05-09 15:57:04,927 | INFO | SPREAD | pair=CHIP/USDC | cex=0.06615/0.06618 | dex_sell=0.0661608 dex_buy=0.066183 | spread_a=-2.9bps spread_b=-5.0bps | min=30.0bps
2026-05-09 15:57:05,929 | INFO | fetch_order_book: symbol=CHIP/USDC limit=20
2026-05-09 15:57:06,185 | INFO | fetch_order_book: mid=0.066125 spread=1.51bps bids=20 asks=20
2026-05-09 15:57:07,116 | INFO | SPREAD | pair=CHIP/USDC | cex=0.06612/0.06613 | dex_sell=0.0661608 dex_buy=0.066183 | spread_a=4.7bps spread_b=-9.5bps | min=30.0bps
2026-05-09 15:57:08,119 | INFO | fetch_order_book: symbol=CHIP/USDC limit=20
2026-05-09 15:57:08,378 | INFO | fetch_order_book: mid=0.06615 spread=6.05bps bids=20 asks=20
2026-05-09 15:57:09,270 | INFO | SPREAD | pair=CHIP/USDC | cex=0.06613/0.06617 | dex_sell=0.0661207 dex_buy=0.066143 | spread_a=-7.4bps spread_b=-2.0bps | min=30.0bps
2026-05-09 15:57:10,272 | INFO | fetch_order_book: symbol=CHIP/USDC limit=20
2026-05-09 15:57:10,528 | INFO | fetch_order_book: mid=0.06615 spread=6.05bps bids=20 asks=20
2026-05-09 15:57:11,460 | INFO | SPREAD | pair=CHIP/USDC | cex=0.06613/0.06617 | dex_sell=0.0661207 dex_buy=0.066143 | spread_a=-7.4bps spread_b=-2.0bps | min=30.0bps
2026-05-09 15:57:12,462 | INFO | fetch_order_book: symbol=CHIP/USDC limit=20
2026-05-09 15:57:12,716 | INFO | fetch_order_book: mid=0.06617 spread=3.02bps bids=20 asks=20
2026-05-09 15:57:13,657 | INFO | SPREAD | pair=CHIP/USDC | cex=0.06616/0.06618 | dex_sell=0.0661207 dex_buy=0.066143 | spread_a=-9.0bps spread_b=2.6bps | min=30.0bps
2026-05-09 15:57:14,660 | INFO | fetch_order_book: symbol=CHIP/USDC limit=20
2026-05-09 15:57:14,919 | INFO | fetch_order_book: mid=0.06617 spread=3.02bps bids=20 asks=20
2026-05-09 15:57:15,806 | INFO | SPREAD | pair=CHIP/USDC | cex=0.06616/0.06618 | dex_sell=0.0661207 dex_buy=0.066143 | spread_a=-9.0bps spread_b=2.6bps | min=30.0bps
2026-05-09 15:57:16,810 | INFO | fetch_order_book: symbol=CHIP/USDC limit=20
2026-05-09 15:57:17,069 | INFO | fetch_order_book: mid=0.066135 spread=4.54bps bids=20 asks=20
2026-05-09 15:57:18,016 | INFO | SPREAD | pair=CHIP/USDC | cex=0.06612/0.06615 | dex_sell=0.0661207 dex_buy=0.066143 | spread_a=-4.4bps spread_b=-3.5bps | min=30.0bps
2026-05-09 15:57:19,019 | INFO | fetch_order_book: symbol=CHIP/USDC limit=20
2026-05-09 15:57:19,479 | INFO | fetch_order_book: mid=0.066135 spread=4.54bps bids=20 asks=20
2026-05-09 15:57:20,691 | INFO | SPREAD | pair=CHIP/USDC | cex=0.06612/0.06615 | dex_sell=0.0661207 dex_buy=0.066143 | spread_a=-4.4bps spread_b=-3.5bps | min=30.0bps
2026-05-09 15:57:21,694 | INFO | fetch_order_book: symbol=CHIP/USDC limit=20
2026-05-09 15:57:21,996 | INFO | fetch_order_book: mid=0.066135 spread=4.54bps bids=20 asks=20
2026-05-09 15:57:22,877 | INFO | SPREAD | pair=CHIP/USDC | cex=0.06612/0.06615 | dex_sell=0.0661207 dex_buy=0.066143 | spread_a=-4.4bps spread_b=-3.5bps | min=30.0bps
2026-05-09 15:57:23,880 | INFO | fetch_order_book: symbol=CHIP/USDC limit=20
2026-05-09 15:57:24,248 | INFO | fetch_order_book: mid=0.06616 spread=6.05bps bids=20 asks=20
2026-05-09 15:57:25,187 | INFO | SPREAD | pair=CHIP/USDC | cex=0.06614/0.06618 | dex_sell=0.0661207 dex_buy=0.066143 | spread_a=-9.0bps spread_b=-0.4bps | min=30.0bps
2026-05-09 15:57:26,191 | INFO | fetch_order_book: symbol=CHIP/USDC limit=20
2026-05-09 15:57:26,449 | INFO | fetch_order_book: mid=0.06616 spread=6.05bps bids=20 asks=20
2026-05-09 15:57:27,381 | INFO | SPREAD | pair=CHIP/USDC | cex=0.06614/0.06618 | dex_sell=0.0661667 dex_buy=0.0661889 | spread_a=-2.0bps spread_b=-7.4bps | min=30.0bps
2026-05-09 15:57:28,384 | INFO | fetch_order_book: symbol=CHIP/USDC limit=20
2026-05-09 15:57:28,646 | INFO | fetch_order_book: mid=0.06615 spread=3.02bps bids=20 asks=20
2026-05-09 15:57:29,590 | INFO | SPREAD | pair=CHIP/USDC | cex=0.06614/0.06616 | dex_sell=0.0661667 dex_buy=0.0661889 | spread_a=1.0bps spread_b=-7.4bps | min=30.0bps
2026-05-09 15:57:30,593 | INFO | fetch_order_book: symbol=CHIP/USDC limit=20
2026-05-09 15:57:30,857 | INFO | fetch_order_book: mid=0.06615 spread=3.02bps bids=20 asks=20
2026-05-09 15:57:31,802 | INFO | SPREAD | pair=CHIP/USDC | cex=0.06614/0.06616 | dex_sell=0.0661667 dex_buy=0.0661889 | spread_a=1.0bps spread_b=-7.4bps | min=30.0bps
2026-05-09 15:57:32,806 | INFO | fetch_order_book: symbol=CHIP/USDC limit=20
2026-05-09 15:57:33,067 | INFO | fetch_order_book: mid=0.06615 spread=3.02bps bids=20 asks=20
2026-05-09 15:57:33,978 | INFO | SPREAD | pair=CHIP/USDC | cex=0.06614/0.06616 | dex_sell=0.0661667 dex_buy=0.0661889 | spread_a=1.0bps spread_b=-7.4bps | min=30.0bps
2026-05-09 15:57:34,982 | INFO | fetch_order_book: symbol=CHIP/USDC limit=20
2026-05-09 15:57:35,247 | INFO | fetch_order_book: mid=0.06615 spread=3.02bps bids=20 asks=20
2026-05-09 15:57:36,169 | INFO | SPREAD | pair=CHIP/USDC | cex=0.06614/0.06616 | dex_sell=0.0661667 dex_buy=0.0661889 | spread_a=1.0bps spread_b=-7.4bps | min=30.0bps
2026-05-09 15:57:37,172 | INFO | fetch_order_book: symbol=CHIP/USDC limit=20
2026-05-09 15:57:37,433 | INFO | fetch_order_book: mid=0.06615 spread=3.02bps bids=20 asks=20
2026-05-09 15:57:38,341 | INFO | SPREAD | pair=CHIP/USDC | cex=0.06614/0.06616 | dex_sell=0.0661667 dex_buy=0.0661889 | spread_a=1.0bps spread_b=-7.4bps | min=30.0bps
2026-05-09 15:57:39,344 | INFO | fetch_order_book: symbol=CHIP/USDC limit=20
2026-05-09 15:57:39,611 | INFO | fetch_order_book: mid=0.06619 spread=3.02bps bids=20 asks=20
2026-05-09 15:57:40,507 | INFO | SPREAD | pair=CHIP/USDC | cex=0.06618/0.0662 | dex_sell=0.0661667 dex_buy=0.0661889 | spread_a=-5.0bps spread_b=-1.3bps | min=30.0bps
2026-05-09 15:57:41,510 | INFO | fetch_order_book: symbol=CHIP/USDC limit=20
2026-05-09 15:57:41,772 | INFO | fetch_order_book: mid=0.06619 spread=3.02bps bids=20 asks=20
2026-05-09 15:57:42,678 | INFO | SPREAD | pair=CHIP/USDC | cex=0.06618/0.0662 | dex_sell=0.0661667 dex_buy=0.0661889 | spread_a=-5.0bps spread_b=-1.3bps | min=30.0bps
2026-05-09 15:57:43,682 | INFO | fetch_order_book: symbol=CHIP/USDC limit=20
2026-05-09 15:57:43,943 | INFO | fetch_order_book: mid=0.06618 spread=3.02bps bids=20 asks=20
2026-05-09 15:57:44,826 | INFO | SPREAD | pair=CHIP/USDC | cex=0.06617/0.06619 | dex_sell=0.0661667 dex_buy=0.0661889 | spread_a=-3.5bps spread_b=-2.9bps | min=30.0bps
2026-05-09 15:57:45,829 | INFO | fetch_order_book: symbol=CHIP/USDC limit=20
2026-05-09 15:57:46,090 | INFO | fetch_order_book: mid=0.06621 spread=3.02bps bids=20 asks=20
2026-05-09 15:57:47,014 | INFO | SPREAD | pair=CHIP/USDC | cex=0.0662/0.06622 | dex_sell=0.0661667 dex_buy=0.0661889 | spread_a=-8.1bps spread_b=1.7bps | min=30.0bps
2026-05-09 15:57:48,018 | INFO | fetch_order_book: symbol=CHIP/USDC limit=20
2026-05-09 15:57:48,278 | INFO | fetch_order_book: mid=0.06621 spread=3.02bps bids=20 asks=20
2026-05-09 15:57:49,165 | INFO | SPREAD | pair=CHIP/USDC | cex=0.0662/0.06622 | dex_sell=0.0661667 dex_buy=0.0661889 | spread_a=-8.1bps spread_b=1.7bps | min=30.0bps
2026-05-09 15:57:50,169 | INFO | fetch_order_book: symbol=CHIP/USDC limit=20
2026-05-09 15:57:50,423 | INFO | fetch_order_book: mid=0.06621 spread=3.02bps bids=20 asks=20
2026-05-09 15:57:51,360 | INFO | SPREAD | pair=CHIP/USDC | cex=0.0662/0.06622 | dex_sell=0.0661667 dex_buy=0.0661889 | spread_a=-8.1bps spread_b=1.7bps | min=30.0bps
2026-05-09 15:57:52,362 | INFO | fetch_order_book: symbol=CHIP/USDC limit=20
2026-05-09 15:57:52,623 | INFO | fetch_order_book: mid=0.06621 spread=3.02bps bids=20 asks=20
2026-05-09 15:57:53,530 | INFO | SPREAD | pair=CHIP/USDC | cex=0.0662/0.06622 | dex_sell=0.0661667 dex_buy=0.0661889 | spread_a=-8.1bps spread_b=1.7bps | min=30.0bps
2026-05-09 15:57:54,532 | INFO | fetch_order_book: symbol=CHIP/USDC limit=20
2026-05-09 15:57:54,787 | INFO | fetch_order_book: mid=0.06621 spread=3.02bps bids=20 asks=20
2026-05-09 15:57:55,658 | INFO | SPREAD | pair=CHIP/USDC | cex=0.0662/0.06622 | dex_sell=0.0661667 dex_buy=0.0661889 | spread_a=-8.1bps spread_b=1.7bps | min=30.0bps
2026-05-09 15:57:56,661 | INFO | fetch_order_book: symbol=CHIP/USDC limit=20
2026-05-09 15:57:56,917 | INFO | fetch_order_book: mid=0.06621 spread=3.02bps bids=20 asks=20
2026-05-09 15:57:57,820 | INFO | SPREAD | pair=CHIP/USDC | cex=0.0662/0.06622 | dex_sell=0.0661667 dex_buy=0.0661889 | spread_a=-8.1bps spread_b=1.7bps | min=30.0bps
2026-05-09 15:57:58,824 | INFO | fetch_order_book: symbol=CHIP/USDC limit=20
2026-05-09 15:57:59,081 | INFO | fetch_order_book: mid=0.06621 spread=3.02bps bids=20 asks=20
2026-05-09 15:57:59,972 | INFO | SPREAD | pair=CHIP/USDC | cex=0.0662/0.06622 | dex_sell=0.0661667 dex_buy=0.0661889 | spread_a=-8.1bps spread_b=1.7bps | min=30.0bps
2026-05-09 15:58:00,976 | INFO | fetch_order_book: symbol=CHIP/USDC limit=20
2026-05-09 15:58:01,237 | INFO | fetch_order_book: mid=0.06621 spread=3.02bps bids=20 asks=20
2026-05-09 15:58:02,178 | INFO | SPREAD | pair=CHIP/USDC | cex=0.0662/0.06622 | dex_sell=0.0661667 dex_buy=0.0661889 | spread_a=-8.1bps spread_b=1.7bps | min=30.0bps
2026-05-09 15:58:03,182 | INFO | fetch_order_book: symbol=CHIP/USDC limit=20
2026-05-09 15:58:03,466 | INFO | fetch_order_book: mid=0.06621 spread=3.02bps bids=20 asks=20
2026-05-09 15:58:04,368 | INFO | SPREAD | pair=CHIP/USDC | cex=0.0662/0.06622 | dex_sell=0.0661667 dex_buy=0.0661889 | spread_a=-8.1bps spread_b=1.7bps | min=30.0bps
2026-05-09 15:58:05,372 | INFO | fetch_order_book: symbol=CHIP/USDC limit=20
2026-05-09 15:58:05,633 | INFO | fetch_order_book: mid=0.06620 spread=6.04bps bids=20 asks=20
2026-05-09 15:58:06,577 | INFO | SPREAD | pair=CHIP/USDC | cex=0.06618/0.06622 | dex_sell=0.0661667 dex_buy=0.0661889 | spread_a=-8.1bps spread_b=-1.3bps | min=30.0bps
2026-05-09 15:58:07,581 | INFO | fetch_order_book: symbol=CHIP/USDC limit=20
2026-05-09 15:58:07,837 | INFO | fetch_order_book: mid=0.06621 spread=3.02bps bids=20 asks=20
2026-05-09 15:58:08,727 | INFO | SPREAD | pair=CHIP/USDC | cex=0.0662/0.06622 | dex_sell=0.0661667 dex_buy=0.0661889 | spread_a=-8.1bps spread_b=1.7bps | min=30.0bps
2026-05-09 15:58:09,730 | INFO | fetch_order_book: symbol=CHIP/USDC limit=20
2026-05-09 15:58:09,987 | INFO | fetch_order_book: mid=0.06621 spread=3.02bps bids=20 asks=20
2026-05-09 15:58:10,898 | INFO | SPREAD | pair=CHIP/USDC | cex=0.0662/0.06622 | dex_sell=0.0661667 dex_buy=0.0661889 | spread_a=-8.1bps spread_b=1.7bps | min=30.0bps
2026-05-09 15:58:11,902 | INFO | fetch_order_book: symbol=CHIP/USDC limit=20
2026-05-09 15:58:12,157 | INFO | fetch_order_book: mid=0.066265 spread=4.53bps bids=20 asks=20
2026-05-09 15:58:13,085 | INFO | SPREAD | pair=CHIP/USDC | cex=0.06625/0.06628 | dex_sell=0.0661958 dex_buy=0.066218 | spread_a=-12.7bps spread_b=4.8bps | min=30.0bps
2026-05-09 15:58:14,088 | INFO | fetch_order_book: symbol=CHIP/USDC limit=20
2026-05-09 15:58:14,424 | INFO | fetch_order_book: mid=0.06627 spread=3.02bps bids=20 asks=20
2026-05-09 15:58:15,335 | INFO | SPREAD | pair=CHIP/USDC | cex=0.06626/0.06628 | dex_sell=0.0661958 dex_buy=0.066218 | spread_a=-12.7bps spread_b=6.3bps | min=30.0bps
2026-05-09 15:58:16,338 | INFO | fetch_order_book: symbol=CHIP/USDC limit=20
2026-05-09 15:58:16,598 | INFO | fetch_order_book: mid=0.066275 spread=1.51bps bids=20 asks=20
2026-05-09 15:58:17,507 | INFO | SPREAD | pair=CHIP/USDC | cex=0.06627/0.06628 | dex_sell=0.0661958 dex_buy=0.066218 | spread_a=-12.7bps spread_b=7.9bps | min=30.0bps
2026-05-09 15:58:18,510 | INFO | fetch_order_book: symbol=CHIP/USDC limit=20
2026-05-09 15:58:18,771 | INFO | fetch_order_book: mid=0.066285 spread=4.53bps bids=20 asks=20
2026-05-09 15:58:19,673 | INFO | SPREAD | pair=CHIP/USDC | cex=0.06627/0.0663 | dex_sell=0.0661958 dex_buy=0.066218 | spread_a=-15.7bps spread_b=7.9bps | min=30.0bps
2026-05-09 15:58:20,677 | INFO | fetch_order_book: symbol=CHIP/USDC limit=20
2026-05-09 15:58:21,437 | INFO | fetch_order_book: mid=0.066295 spread=1.51bps bids=20 asks=20
2026-05-09 15:58:22,325 | INFO | SPREAD | pair=CHIP/USDC | cex=0.06629/0.0663 | dex_sell=0.0661958 dex_buy=0.066218 | spread_a=-15.7bps spread_b=10.9bps | min=30.0bps
2026-05-09 15:58:23,328 | INFO | fetch_order_book: symbol=CHIP/USDC limit=20
2026-05-09 15:58:23,585 | INFO | fetch_order_book: mid=0.066295 spread=1.51bps bids=20 asks=20
2026-05-09 15:58:24,475 | INFO | SPREAD | pair=CHIP/USDC | cex=0.06629/0.0663 | dex_sell=0.0661958 dex_buy=0.066218 | spread_a=-15.7bps spread_b=10.9bps | min=30.0bps
2026-05-09 15:58:25,479 | INFO | fetch_order_book: symbol=CHIP/USDC limit=20
2026-05-09 15:58:25,732 | INFO | fetch_order_book: mid=0.06629 spread=6.03bps bids=20 asks=20
2026-05-09 15:58:26,656 | INFO | SPREAD | pair=CHIP/USDC | cex=0.06627/0.06631 | dex_sell=0.0661958 dex_buy=0.066218 | spread_a=-17.2bps spread_b=7.9bps | min=30.0bps
2026-05-09 15:58:27,660 | INFO | fetch_order_book: symbol=CHIP/USDC limit=20
2026-05-09 15:58:27,941 | INFO | fetch_order_book: mid=0.06629 spread=6.03bps bids=20 asks=20
2026-05-09 15:58:28,854 | INFO | SPREAD | pair=CHIP/USDC | cex=0.06627/0.06631 | dex_sell=0.0661958 dex_buy=0.066218 | spread_a=-17.2bps spread_b=7.9bps | min=30.0bps
2026-05-09 15:58:29,857 | INFO | fetch_order_book: symbol=CHIP/USDC limit=20
2026-05-09 15:58:30,276 | INFO | fetch_order_book: mid=0.06626 spread=6.04bps bids=20 asks=20
2026-05-09 15:58:31,128 | INFO | SPREAD | pair=CHIP/USDC | cex=0.06624/0.06628 | dex_sell=0.0661958 dex_buy=0.066218 | spread_a=-12.7bps spread_b=3.3bps | min=30.0bps
2026-05-09 15:58:32,131 | INFO | fetch_order_book: symbol=CHIP/USDC limit=20
2026-05-09 15:58:32,389 | INFO | fetch_order_book: mid=0.06623 spread=3.02bps bids=20 asks=20
2026-05-09 15:58:33,285 | INFO | SPREAD | pair=CHIP/USDC | cex=0.06622/0.06624 | dex_sell=0.0661958 dex_buy=0.066218 | spread_a=-6.7bps spread_b=0.3bps | min=30.0bps
2026-05-09 15:58:34,289 | INFO | fetch_order_book: symbol=CHIP/USDC limit=20
2026-05-09 15:58:34,550 | INFO | fetch_order_book: mid=0.066235 spread=4.53bps bids=20 asks=20
2026-05-09 15:58:35,448 | INFO | SPREAD | pair=CHIP/USDC | cex=0.06622/0.06625 | dex_sell=0.0661958 dex_buy=0.066218 | spread_a=-8.2bps spread_b=0.3bps | min=30.0bps
2026-05-09 15:58:36,450 | INFO | fetch_order_book: symbol=CHIP/USDC limit=20
2026-05-09 15:58:36,705 | INFO | fetch_order_book: mid=0.06621 spread=3.02bps bids=20 asks=20
2026-05-09 15:58:37,639 | INFO | SPREAD | pair=CHIP/USDC | cex=0.0662/0.06622 | dex_sell=0.0661958 dex_buy=0.066218 | spread_a=-3.7bps spread_b=-2.7bps | min=30.0bps
2026-05-09 15:58:38,642 | INFO | fetch_order_book: symbol=CHIP/USDC limit=20
2026-05-09 15:58:38,908 | INFO | fetch_order_book: mid=0.06623 spread=6.04bps bids=20 asks=20
2026-05-09 15:58:39,792 | INFO | SPREAD | pair=CHIP/USDC | cex=0.06621/0.06625 | dex_sell=0.0661958 dex_buy=0.066218 | spread_a=-8.2bps spread_b=-1.2bps | min=30.0bps
2026-05-09 15:58:40,795 | INFO | fetch_order_book: symbol=CHIP/USDC limit=20
2026-05-09 15:58:41,151 | INFO | fetch_order_book: mid=0.06623 spread=6.04bps bids=20 asks=20
2026-05-09 15:58:42,064 | INFO | SPREAD | pair=CHIP/USDC | cex=0.06621/0.06625 | dex_sell=0.0661958 dex_buy=0.066218 | spread_a=-8.2bps spread_b=-1.2bps | min=30.0bps
2026-05-09 15:58:43,067 | INFO | fetch_order_book: symbol=CHIP/USDC limit=20
2026-05-09 15:58:43,327 | INFO | fetch_order_book: mid=0.06623 spread=6.04bps bids=20 asks=20
2026-05-09 15:58:44,233 | INFO | SPREAD | pair=CHIP/USDC | cex=0.06621/0.06625 | dex_sell=0.0661958 dex_buy=0.066218 | spread_a=-8.2bps spread_b=-1.2bps | min=30.0bps
2026-05-09 15:58:45,237 | INFO | fetch_order_book: symbol=CHIP/USDC limit=20
2026-05-09 15:58:45,494 | INFO | fetch_order_book: mid=0.06624 spread=6.04bps bids=20 asks=20
2026-05-09 15:58:46,352 | INFO | SPREAD | pair=CHIP/USDC | cex=0.06622/0.06626 | dex_sell=0.0661958 dex_buy=0.066218 | spread_a=-9.7bps spread_b=0.3bps | min=30.0bps
2026-05-09 15:58:47,356 | INFO | fetch_order_book: symbol=CHIP/USDC limit=20
2026-05-09 15:58:47,612 | INFO | fetch_order_book: mid=0.06624 spread=6.04bps bids=20 asks=20
2026-05-09 15:58:48,550 | INFO | SPREAD | pair=CHIP/USDC | cex=0.06622/0.06626 | dex_sell=0.0661958 dex_buy=0.066218 | spread_a=-9.7bps spread_b=0.3bps | min=30.0bps
2026-05-09 15:58:49,553 | INFO | fetch_order_book: symbol=CHIP/USDC limit=20
2026-05-09 15:58:49,808 | INFO | fetch_order_book: mid=0.06624 spread=6.04bps bids=20 asks=20
2026-05-09 15:58:50,787 | INFO | SPREAD | pair=CHIP/USDC | cex=0.06622/0.06626 | dex_sell=0.0661958 dex_buy=0.066218 | spread_a=-9.7bps spread_b=0.3bps | min=30.0bps
2026-05-09 15:58:51,789 | INFO | fetch_order_book: symbol=CHIP/USDC limit=20
2026-05-09 15:58:52,047 | INFO | fetch_order_book: mid=0.06624 spread=6.04bps bids=20 asks=20
2026-05-09 15:58:52,943 | INFO | SPREAD | pair=CHIP/USDC | cex=0.06622/0.06626 | dex_sell=0.0661958 dex_buy=0.066218 | spread_a=-9.7bps spread_b=0.3bps | min=30.0bps
2026-05-09 15:58:53,946 | INFO | fetch_order_book: symbol=CHIP/USDC limit=20
2026-05-09 15:58:54,259 | INFO | fetch_order_book: mid=0.06624 spread=6.04bps bids=20 asks=20
2026-05-09 15:58:55,208 | INFO | SPREAD | pair=CHIP/USDC | cex=0.06622/0.06626 | dex_sell=0.0661958 dex_buy=0.066218 | spread_a=-9.7bps spread_b=0.3bps | min=30.0bps
2026-05-09 15:58:56,212 | INFO | fetch_order_book: symbol=CHIP/USDC limit=20
2026-05-09 15:58:56,510 | INFO | fetch_order_book: mid=0.06624 spread=6.04bps bids=20 asks=20
2026-05-09 15:58:57,453 | INFO | SPREAD | pair=CHIP/USDC | cex=0.06622/0.06626 | dex_sell=0.0661958 dex_buy=0.066218 | spread_a=-9.7bps spread_b=0.3bps | min=30.0bps
2026-05-09 15:58:58,456 | INFO | fetch_order_book: symbol=CHIP/USDC limit=20
2026-05-09 15:58:58,717 | INFO | fetch_order_book: mid=0.06624 spread=6.04bps bids=20 asks=20
2026-05-09 15:58:59,671 | INFO | SPREAD | pair=CHIP/USDC | cex=0.06622/0.06626 | dex_sell=0.0661958 dex_buy=0.066218 | spread_a=-9.7bps spread_b=0.3bps | min=30.0bps
2026-05-09 15:59:00,673 | INFO | fetch_order_book: symbol=CHIP/USDC limit=20
2026-05-09 15:59:00,929 | INFO | fetch_order_book: mid=0.066235 spread=7.55bps bids=20 asks=20
2026-05-09 15:59:01,864 | INFO | SPREAD | pair=CHIP/USDC | cex=0.06621/0.06626 | dex_sell=0.0661958 dex_buy=0.066218 | spread_a=-9.7bps spread_b=-1.2bps | min=30.0bps
2026-05-09 15:59:02,867 | INFO | fetch_order_book: symbol=CHIP/USDC limit=20
2026-05-09 15:59:03,125 | INFO | fetch_order_book: mid=0.066235 spread=7.55bps bids=20 asks=20
2026-05-09 15:59:04,063 | INFO | SPREAD | pair=CHIP/USDC | cex=0.06621/0.06626 | dex_sell=0.0661958 dex_buy=0.066218 | spread_a=-9.7bps spread_b=-1.2bps | min=30.0bps
2026-05-09 15:59:05,066 | INFO | fetch_order_book: symbol=CHIP/USDC limit=20
2026-05-09 15:59:05,331 | INFO | fetch_order_book: mid=0.06624 spread=6.04bps bids=20 asks=20
2026-05-09 15:59:06,255 | INFO | SPREAD | pair=CHIP/USDC | cex=0.06622/0.06626 | dex_sell=0.0661958 dex_buy=0.066218 | spread_a=-9.7bps spread_b=0.3bps | min=30.0bps
2026-05-09 15:59:07,258 | INFO | fetch_order_book: symbol=CHIP/USDC limit=20
2026-05-09 15:59:07,573 | INFO | fetch_order_book: mid=0.066265 spread=4.53bps bids=20 asks=20
2026-05-09 15:59:08,504 | INFO | SPREAD | pair=CHIP/USDC | cex=0.06625/0.06628 | dex_sell=0.0661958 dex_buy=0.066218 | spread_a=-12.7bps spread_b=4.8bps | min=30.0bps
2026-05-09 15:59:09,507 | INFO | fetch_order_book: symbol=CHIP/USDC limit=20
2026-05-09 15:59:09,764 | INFO | fetch_order_book: mid=0.066265 spread=4.53bps bids=20 asks=20
2026-05-09 15:59:10,682 | INFO | SPREAD | pair=CHIP/USDC | cex=0.06625/0.06628 | dex_sell=0.0661958 dex_buy=0.066218 | spread_a=-12.7bps spread_b=4.8bps | min=30.0bps
2026-05-09 15:59:11,686 | INFO | fetch_order_book: symbol=CHIP/USDC limit=20
2026-05-09 15:59:11,942 | INFO | fetch_order_book: mid=0.06626 spread=6.04bps bids=20 asks=20
2026-05-09 15:59:12,907 | INFO | SPREAD | pair=CHIP/USDC | cex=0.06624/0.06628 | dex_sell=0.0661958 dex_buy=0.066218 | spread_a=-12.7bps spread_b=3.3bps | min=30.0bps
2026-05-09 15:59:13,910 | INFO | fetch_order_book: symbol=CHIP/USDC limit=20
2026-05-09 15:59:14,165 | INFO | fetch_order_book: mid=0.066255 spread=4.53bps bids=20 asks=20
2026-05-09 15:59:15,092 | INFO | SPREAD | pair=CHIP/USDC | cex=0.06624/0.06627 | dex_sell=0.0661958 dex_buy=0.066218 | spread_a=-11.2bps spread_b=3.3bps | min=30.0bps
2026-05-09 15:59:16,095 | INFO | fetch_order_book: symbol=CHIP/USDC limit=20
2026-05-09 15:59:16,352 | INFO | fetch_order_book: mid=0.066265 spread=4.53bps bids=20 asks=20
2026-05-09 15:59:17,268 | INFO | SPREAD | pair=CHIP/USDC | cex=0.06625/0.06628 | dex_sell=0.0661958 dex_buy=0.066218 | spread_a=-12.7bps spread_b=4.8bps | min=30.0bps
2026-05-09 15:59:18,271 | INFO | fetch_order_book: symbol=CHIP/USDC limit=20
2026-05-09 15:59:18,542 | INFO | fetch_order_book: mid=0.066265 spread=4.53bps bids=20 asks=20
2026-05-09 15:59:19,528 | INFO | SPREAD | pair=CHIP/USDC | cex=0.06625/0.06628 | dex_sell=0.0661958 dex_buy=0.066218 | spread_a=-12.7bps spread_b=4.8bps | min=30.0bps
2026-05-09 15:59:20,533 | INFO | fetch_order_book: symbol=CHIP/USDC limit=20
2026-05-09 15:59:20,789 | INFO | fetch_order_book: mid=0.066275 spread=1.51bps bids=20 asks=20
2026-05-09 15:59:21,733 | INFO | SPREAD | pair=CHIP/USDC | cex=0.06627/0.06628 | dex_sell=0.0661958 dex_buy=0.066218 | spread_a=-12.7bps spread_b=7.9bps | min=30.0bps
2026-05-09 15:59:22,736 | INFO | fetch_order_book: symbol=CHIP/USDC limit=20
2026-05-09 15:59:23,090 | INFO | fetch_order_book: mid=0.066265 spread=4.53bps bids=20 asks=20
2026-05-09 15:59:24,000 | INFO | SPREAD | pair=CHIP/USDC | cex=0.06625/0.06628 | dex_sell=0.0661958 dex_buy=0.066218 | spread_a=-12.7bps spread_b=4.8bps | min=30.0bps
2026-05-09 15:59:25,003 | INFO | fetch_order_book: symbol=CHIP/USDC limit=20
2026-05-09 15:59:25,260 | INFO | fetch_order_book: mid=0.06626 spread=6.04bps bids=20 asks=20
2026-05-09 15:59:26,136 | INFO | SPREAD | pair=CHIP/USDC | cex=0.06624/0.06628 | dex_sell=0.0661958 dex_buy=0.066218 | spread_a=-12.7bps spread_b=3.3bps | min=30.0bps
2026-05-09 15:59:27,140 | INFO | fetch_order_book: symbol=CHIP/USDC limit=20
2026-05-09 15:59:27,508 | INFO | fetch_order_book: mid=0.06626 spread=6.04bps bids=20 asks=20
2026-05-09 15:59:28,480 | INFO | SPREAD | pair=CHIP/USDC | cex=0.06624/0.06628 | dex_sell=0.0661958 dex_buy=0.066218 | spread_a=-12.7bps spread_b=3.3bps | min=30.0bps
2026-05-09 15:59:29,483 | INFO | fetch_order_book: symbol=CHIP/USDC limit=20
2026-05-09 15:59:29,747 | INFO | fetch_order_book: mid=0.066305 spread=4.52bps bids=20 asks=20
2026-05-09 15:59:30,709 | INFO | SPREAD | pair=CHIP/USDC | cex=0.06629/0.06632 | dex_sell=0.0661958 dex_buy=0.066218 | spread_a=-18.7bps spread_b=10.9bps | min=30.0bps
2026-05-09 15:59:31,711 | INFO | fetch_order_book: symbol=CHIP/USDC limit=20
2026-05-09 15:59:31,970 | INFO | fetch_order_book: mid=0.066285 spread=7.54bps bids=20 asks=20
2026-05-09 15:59:32,884 | INFO | SPREAD | pair=CHIP/USDC | cex=0.06626/0.06631 | dex_sell=0.0661958 dex_buy=0.066218 | spread_a=-17.2bps spread_b=6.3bps | min=30.0bps
2026-05-09 15:59:33,886 | INFO | fetch_order_book: symbol=CHIP/USDC limit=20
2026-05-09 15:59:34,150 | INFO | fetch_order_book: mid=0.066285 spread=7.54bps bids=20 asks=20
2026-05-09 15:59:35,127 | INFO | SPREAD | pair=CHIP/USDC | cex=0.06626/0.06631 | dex_sell=0.0661958 dex_buy=0.066218 | spread_a=-17.2bps spread_b=6.3bps | min=30.0bps
2026-05-09 15:59:36,129 | INFO | fetch_order_book: symbol=CHIP/USDC limit=20
2026-05-09 15:59:36,390 | INFO | fetch_order_book: mid=0.066305 spread=4.52bps bids=20 asks=20
2026-05-09 15:59:37,314 | INFO | SPREAD | pair=CHIP/USDC | cex=0.06629/0.06632 | dex_sell=0.0661958 dex_buy=0.066218 | spread_a=-18.7bps spread_b=10.9bps | min=30.0bps
2026-05-09 15:59:38,316 | INFO | fetch_order_book: symbol=CHIP/USDC limit=20
2026-05-09 15:59:38,577 | INFO | fetch_order_book: mid=0.066305 spread=4.52bps bids=20 asks=20
2026-05-09 15:59:39,482 | INFO | SPREAD | pair=CHIP/USDC | cex=0.06629/0.06632 | dex_sell=0.0661958 dex_buy=0.066218 | spread_a=-18.7bps spread_b=10.9bps | min=30.0bps
2026-05-09 15:59:40,484 | INFO | fetch_order_book: symbol=CHIP/USDC limit=20
2026-05-09 15:59:40,741 | INFO | fetch_order_book: mid=0.066305 spread=4.52bps bids=20 asks=20
2026-05-09 15:59:41,750 | INFO | SPREAD | pair=CHIP/USDC | cex=0.06629/0.06632 | dex_sell=0.0661958 dex_buy=0.066218 | spread_a=-18.7bps spread_b=10.9bps | min=30.0bps
2026-05-09 15:59:42,752 | INFO | fetch_order_book: symbol=CHIP/USDC limit=20
2026-05-09 15:59:43,010 | INFO | fetch_order_book: mid=0.06627 spread=6.04bps bids=20 asks=20
2026-05-09 15:59:43,972 | INFO | SPREAD | pair=CHIP/USDC | cex=0.06625/0.06629 | dex_sell=0.0661958 dex_buy=0.066218 | spread_a=-14.2bps spread_b=4.8bps | min=30.0bps
2026-05-09 15:59:44,975 | INFO | fetch_order_book: symbol=CHIP/USDC limit=20
2026-05-09 15:59:45,236 | INFO | fetch_order_book: mid=0.06627 spread=6.04bps bids=20 asks=20
2026-05-09 15:59:46,131 | INFO | SPREAD | pair=CHIP/USDC | cex=0.06625/0.06629 | dex_sell=0.0661958 dex_buy=0.066218 | spread_a=-14.2bps spread_b=4.8bps | min=30.0bps
2026-05-09 15:59:47,133 | INFO | fetch_order_book: symbol=CHIP/USDC limit=20
2026-05-09 15:59:47,390 | INFO | fetch_order_book: mid=0.06627 spread=6.04bps bids=20 asks=20
2026-05-09 15:59:48,364 | INFO | SPREAD | pair=CHIP/USDC | cex=0.06625/0.06629 | dex_sell=0.0661958 dex_buy=0.0662389 | spread_a=-14.2bps spread_b=1.7bps | min=30.0bps
2026-05-09 15:59:49,367 | INFO | fetch_order_book: symbol=CHIP/USDC limit=20
2026-05-09 15:59:49,657 | INFO | fetch_order_book: mid=0.06626 spread=6.04bps bids=20 asks=20
2026-05-09 15:59:50,645 | INFO | SPREAD | pair=CHIP/USDC | cex=0.06624/0.06628 | dex_sell=0.0662166 dex_buy=0.0662389 | spread_a=-9.6bps spread_b=0.2bps | min=30.0bps
2026-05-09 15:59:51,647 | INFO | fetch_order_book: symbol=CHIP/USDC limit=20
2026-05-09 15:59:51,904 | INFO | fetch_order_book: mid=0.06626 spread=6.04bps bids=20 asks=20
2026-05-09 15:59:52,803 | INFO | SPREAD | pair=CHIP/USDC | cex=0.06624/0.06628 | dex_sell=0.0662166 dex_buy=0.0662389 | spread_a=-9.6bps spread_b=0.2bps | min=30.0bps
2026-05-09 15:59:53,810 | INFO | fetch_order_book: symbol=CHIP/USDC limit=20
2026-05-09 15:59:54,071 | INFO | fetch_order_book: mid=0.066255 spread=4.53bps bids=20 asks=20
2026-05-09 15:59:55,019 | INFO | SPREAD | pair=CHIP/USDC | cex=0.06624/0.06627 | dex_sell=0.0662166 dex_buy=0.0662389 | spread_a=-8.1bps spread_b=0.2bps | min=30.0bps
2026-05-09 15:59:56,021 | INFO | fetch_order_book: symbol=CHIP/USDC limit=20
2026-05-09 15:59:56,277 | INFO | fetch_order_book: mid=0.066235 spread=4.53bps bids=20 asks=20
2026-05-09 15:59:57,195 | INFO | SPREAD | pair=CHIP/USDC | cex=0.06622/0.06625 | dex_sell=0.0662166 dex_buy=0.0662389 | spread_a=-5.0bps spread_b=-2.8bps | min=30.0bps
2026-05-09 15:59:58,197 | INFO | fetch_order_book: symbol=CHIP/USDC limit=20
2026-05-09 15:59:58,458 | INFO | fetch_order_book: mid=0.06627 spread=3.02bps bids=20 asks=20
2026-05-09 15:59:59,395 | INFO | SPREAD | pair=CHIP/USDC | cex=0.06626/0.06628 | dex_sell=0.0662166 dex_buy=0.0662389 | spread_a=-9.6bps spread_b=3.2bps | min=30.0bps
2026-05-09 16:00:00,398 | INFO | fetch_order_book: symbol=CHIP/USDC limit=20
2026-05-09 16:00:01,068 | INFO | fetch_order_book: mid=0.066275 spread=1.51bps bids=20 asks=20
2026-05-09 16:00:02,013 | INFO | SPREAD | pair=CHIP/USDC | cex=0.06627/0.06628 | dex_sell=0.0662166 dex_buy=0.0662389 | spread_a=-9.6bps spread_b=4.7bps | min=30.0bps
2026-05-09 16:00:03,015 | INFO | fetch_order_book: symbol=CHIP/USDC limit=20
2026-05-09 16:00:03,286 | INFO | fetch_order_book: mid=0.06627 spread=3.02bps bids=20 asks=20
2026-05-09 16:00:04,222 | INFO | SPREAD | pair=CHIP/USDC | cex=0.06626/0.06628 | dex_sell=0.0662166 dex_buy=0.0662389 | spread_a=-9.6bps spread_b=3.2bps | min=30.0bps
2026-05-09 16:00:05,224 | INFO | fetch_order_book: symbol=CHIP/USDC limit=20
2026-05-09 16:00:05,494 | INFO | fetch_order_book: mid=0.066275 spread=1.51bps bids=20 asks=20
2026-05-09 16:00:06,381 | INFO | SPREAD | pair=CHIP/USDC | cex=0.06627/0.06628 | dex_sell=0.0662166 dex_buy=0.0662389 | spread_a=-9.6bps spread_b=4.7bps | min=30.0bps
2026-05-09 16:00:07,384 | INFO | fetch_order_book: symbol=CHIP/USDC limit=20
2026-05-09 16:00:07,642 | INFO | fetch_order_book: mid=0.06629 spread=6.03bps bids=20 asks=20
2026-05-09 16:00:08,574 | INFO | SPREAD | pair=CHIP/USDC | cex=0.06627/0.06631 | dex_sell=0.0662166 dex_buy=0.0662389 | spread_a=-14.1bps spread_b=4.7bps | min=30.0bps
2026-05-09 16:00:09,576 | INFO | fetch_order_book: symbol=CHIP/USDC limit=20
2026-05-09 16:00:09,831 | INFO | fetch_order_book: mid=0.066305 spread=4.52bps bids=20 asks=20
2026-05-09 16:00:10,849 | INFO | SPREAD | pair=CHIP/USDC | cex=0.06629/0.06632 | dex_sell=0.0662166 dex_buy=0.0662389 | spread_a=-15.6bps spread_b=7.7bps | min=30.0bps
2026-05-09 16:00:11,851 | INFO | fetch_order_book: symbol=CHIP/USDC limit=20
2026-05-09 16:00:12,211 | INFO | fetch_order_book: mid=0.06631 spread=3.02bps bids=20 asks=20
2026-05-09 16:00:13,094 | INFO | SPREAD | pair=CHIP/USDC | cex=0.0663/0.06632 | dex_sell=0.0662166 dex_buy=0.0662389 | spread_a=-15.6bps spread_b=9.2bps | min=30.0bps
2026-05-09 16:00:14,096 | INFO | fetch_order_book: symbol=CHIP/USDC limit=20
2026-05-09 16:00:14,370 | INFO | fetch_order_book: mid=0.066315 spread=1.51bps bids=20 asks=20
2026-05-09 16:00:15,337 | INFO | SPREAD | pair=CHIP/USDC | cex=0.06631/0.06632 | dex_sell=0.0662166 dex_buy=0.0662389 | spread_a=-15.6bps spread_b=10.7bps | min=30.0bps
2026-05-09 16:00:16,339 | INFO | fetch_order_book: symbol=CHIP/USDC limit=20
2026-05-09 16:00:16,597 | INFO | fetch_order_book: mid=0.066315 spread=1.51bps bids=20 asks=20
2026-05-09 16:00:17,504 | INFO | SPREAD | pair=CHIP/USDC | cex=0.06631/0.06632 | dex_sell=0.0662166 dex_buy=0.0662389 | spread_a=-15.6bps spread_b=10.7bps | min=30.0bps
2026-05-09 16:00:18,506 | INFO | fetch_order_book: symbol=CHIP/USDC limit=20
2026-05-09 16:00:18,770 | INFO | fetch_order_book: mid=0.06631 spread=3.02bps bids=20 asks=20
2026-05-09 16:00:19,717 | INFO | SPREAD | pair=CHIP/USDC | cex=0.0663/0.06632 | dex_sell=0.0662166 dex_buy=0.0662389 | spread_a=-15.6bps spread_b=9.2bps | min=30.0bps
2026-05-09 16:00:20,719 | INFO | fetch_order_book: symbol=CHIP/USDC limit=20
2026-05-09 16:00:21,052 | INFO | fetch_order_book: mid=0.06629 spread=6.03bps bids=20 asks=20
2026-05-09 16:00:21,979 | INFO | SPREAD | pair=CHIP/USDC | cex=0.06627/0.06631 | dex_sell=0.0662166 dex_buy=0.0662389 | spread_a=-14.1bps spread_b=4.7bps | min=30.0bps
2026-05-09 16:00:22,981 | INFO | fetch_order_book: symbol=CHIP/USDC limit=20
2026-05-09 16:00:23,244 | INFO | fetch_order_book: mid=0.06631 spread=6.03bps bids=20 asks=20
2026-05-09 16:00:24,178 | INFO | SPREAD | pair=CHIP/USDC | cex=0.06629/0.06633 | dex_sell=0.0662166 dex_buy=0.0662389 | spread_a=-17.1bps spread_b=7.7bps | min=30.0bps
2026-05-09 16:00:25,180 | INFO | fetch_order_book: symbol=CHIP/USDC limit=20
2026-05-09 16:00:25,438 | INFO | fetch_order_book: mid=0.066315 spread=4.52bps bids=20 asks=20
2026-05-09 16:00:26,386 | INFO | SPREAD | pair=CHIP/USDC | cex=0.0663/0.06633 | dex_sell=0.0662166 dex_buy=0.0662389 | spread_a=-17.1bps spread_b=9.2bps | min=30.0bps
2026-05-09 16:00:27,388 | INFO | fetch_order_book: symbol=CHIP/USDC limit=20
2026-05-09 16:00:27,650 | INFO | fetch_order_book: mid=0.066275 spread=4.53bps bids=20 asks=20
2026-05-09 16:00:28,604 | INFO | SPREAD | pair=CHIP/USDC | cex=0.06626/0.06629 | dex_sell=0.0662166 dex_buy=0.0662389 | spread_a=-11.1bps spread_b=3.2bps | min=30.0bps
2026-05-09 16:00:29,606 | INFO | fetch_order_book: symbol=CHIP/USDC limit=20
2026-05-09 16:00:29,898 | INFO | fetch_order_book: mid=0.066275 spread=4.53bps bids=20 asks=20
2026-05-09 16:00:30,833 | INFO | SPREAD | pair=CHIP/USDC | cex=0.06626/0.06629 | dex_sell=0.0662166 dex_buy=0.0662389 | spread_a=-11.1bps spread_b=3.2bps | min=30.0bps
2026-05-09 16:00:31,835 | INFO | fetch_order_book: symbol=CHIP/USDC limit=20
2026-05-09 16:00:32,091 | INFO | fetch_order_book: mid=0.066275 spread=4.53bps bids=20 asks=20
2026-05-09 16:00:33,033 | INFO | SPREAD | pair=CHIP/USDC | cex=0.06626/0.06629 | dex_sell=0.0662166 dex_buy=0.0662389 | spread_a=-11.1bps spread_b=3.2bps | min=30.0bps
2026-05-09 16:00:34,035 | INFO | fetch_order_book: symbol=CHIP/USDC limit=20
2026-05-09 16:00:34,313 | INFO | fetch_order_book: mid=0.066285 spread=4.53bps bids=20 asks=20
2026-05-09 16:00:35,208 | INFO | SPREAD | pair=CHIP/USDC | cex=0.06627/0.0663 | dex_sell=0.0662166 dex_buy=0.0662389 | spread_a=-12.6bps spread_b=4.7bps | min=30.0bps
2026-05-09 16:00:36,209 | INFO | fetch_order_book: symbol=CHIP/USDC limit=20
2026-05-09 16:00:36,472 | INFO | fetch_order_book: mid=0.066285 spread=4.53bps bids=20 asks=20
2026-05-09 16:00:37,388 | INFO | SPREAD | pair=CHIP/USDC | cex=0.06627/0.0663 | dex_sell=0.0662166 dex_buy=0.0662389 | spread_a=-12.6bps spread_b=4.7bps | min=30.0bps
2026-05-09 16:00:38,390 | INFO | fetch_order_book: symbol=CHIP/USDC limit=20
2026-05-09 16:00:38,647 | INFO | fetch_order_book: mid=0.066285 spread=4.53bps bids=20 asks=20
2026-05-09 16:00:39,598 | INFO | SPREAD | pair=CHIP/USDC | cex=0.06627/0.0663 | dex_sell=0.0662166 dex_buy=0.0662389 | spread_a=-12.6bps spread_b=4.7bps | min=30.0bps
2026-05-09 16:00:40,601 | INFO | fetch_order_book: symbol=CHIP/USDC limit=20
2026-05-09 16:00:40,855 | INFO | fetch_order_book: mid=0.06628 spread=6.04bps bids=20 asks=20
2026-05-09 16:00:41,791 | INFO | SPREAD | pair=CHIP/USDC | cex=0.06626/0.0663 | dex_sell=0.0662166 dex_buy=0.0662389 | spread_a=-12.6bps spread_b=3.2bps | min=30.0bps
2026-05-09 16:00:42,793 | INFO | fetch_order_book: symbol=CHIP/USDC limit=20
2026-05-09 16:00:43,060 | INFO | fetch_order_book: mid=0.06628 spread=6.04bps bids=20 asks=20
2026-05-09 16:00:43,988 | INFO | SPREAD | pair=CHIP/USDC | cex=0.06626/0.0663 | dex_sell=0.0662166 dex_buy=0.0662389 | spread_a=-12.6bps spread_b=3.2bps | min=30.0bps
2026-05-09 16:00:44,990 | INFO | fetch_order_book: symbol=CHIP/USDC limit=20
2026-05-09 16:00:45,252 | INFO | fetch_order_book: mid=0.066285 spread=4.53bps bids=20 asks=20
2026-05-09 16:00:46,144 | INFO | SPREAD | pair=CHIP/USDC | cex=0.06627/0.0663 | dex_sell=0.0662166 dex_buy=0.0662389 | spread_a=-12.6bps spread_b=4.7bps | min=30.0bps
2026-05-09 16:00:47,146 | INFO | fetch_order_book: symbol=CHIP/USDC limit=20
2026-05-09 16:00:47,423 | INFO | fetch_order_book: mid=0.06629 spread=6.03bps bids=20 asks=20
2026-05-09 16:00:48,377 | INFO | SPREAD | pair=CHIP/USDC | cex=0.06627/0.06631 | dex_sell=0.0662166 dex_buy=0.0662389 | spread_a=-14.1bps spread_b=4.7bps | min=30.0bps
2026-05-09 16:00:49,380 | INFO | fetch_order_book: symbol=CHIP/USDC limit=20
2026-05-09 16:00:49,634 | INFO | fetch_order_book: mid=0.06629 spread=6.03bps bids=20 asks=20
2026-05-09 16:00:50,624 | INFO | SPREAD | pair=CHIP/USDC | cex=0.06627/0.06631 | dex_sell=0.0662166 dex_buy=0.0662389 | spread_a=-14.1bps spread_b=4.7bps | min=30.0bps
2026-05-09 16:00:51,627 | INFO | fetch_order_book: symbol=CHIP/USDC limit=20
2026-05-09 16:00:51,885 | INFO | fetch_order_book: mid=0.066245 spread=1.51bps bids=20 asks=20
2026-05-09 16:00:52,854 | INFO | SPREAD | pair=CHIP/USDC | cex=0.06624/0.06625 | dex_sell=0.0662166 dex_buy=0.0662389 | spread_a=-5.0bps spread_b=0.2bps | min=30.0bps
2026-05-09 16:00:53,857 | INFO | fetch_order_book: symbol=CHIP/USDC limit=20
2026-05-09 16:00:54,115 | INFO | fetch_order_book: mid=0.06624 spread=6.04bps bids=20 asks=20
2026-05-09 16:00:55,016 | INFO | SPREAD | pair=CHIP/USDC | cex=0.06622/0.06626 | dex_sell=0.0662166 dex_buy=0.0662389 | spread_a=-6.5bps spread_b=-2.8bps | min=30.0bps
2026-05-09 16:00:56,018 | INFO | fetch_order_book: symbol=CHIP/USDC limit=20
2026-05-09 16:00:56,274 | INFO | fetch_order_book: mid=0.06623 spread=3.02bps bids=20 asks=20
2026-05-09 16:00:57,206 | INFO | SPREAD | pair=CHIP/USDC | cex=0.06622/0.06624 | dex_sell=0.0662166 dex_buy=0.0662389 | spread_a=-3.5bps spread_b=-2.8bps | min=30.0bps
2026-05-09 16:00:58,209 | INFO | fetch_order_book: symbol=CHIP/USDC limit=20
2026-05-09 16:00:58,466 | INFO | fetch_order_book: mid=0.066195 spread=4.53bps bids=20 asks=20
2026-05-09 16:00:59,381 | INFO | SPREAD | pair=CHIP/USDC | cex=0.06618/0.06621 | dex_sell=0.0662166 dex_buy=0.0662036 | spread_a=1.0bps spread_b=-3.6bps | min=30.0bps
2026-05-09 16:01:00,383 | INFO | fetch_order_book: symbol=CHIP/USDC limit=20
2026-05-09 16:01:00,657 | INFO | fetch_order_book: mid=0.06614 spread=6.05bps bids=20 asks=20
2026-05-09 16:01:01,577 | INFO | SPREAD | pair=CHIP/USDC | cex=0.06612/0.06616 | dex_sell=0.0661413 dex_buy=0.0661635 | spread_a=-2.8bps spread_b=-6.6bps | min=30.0bps
2026-05-09 16:01:02,580 | INFO | fetch_order_book: symbol=CHIP/USDC limit=20
2026-05-09 16:01:02,842 | INFO | fetch_order_book: mid=0.06606 spread=6.06bps bids=20 asks=20
2026-05-09 16:01:03,766 | INFO | SPREAD | pair=CHIP/USDC | cex=0.06604/0.06608 | dex_sell=0.0661413 dex_buy=0.0661238 | spread_a=9.3bps spread_b=-12.7bps | min=30.0bps
2026-05-09 16:01:04,768 | INFO | fetch_order_book: symbol=CHIP/USDC limit=20
2026-05-09 16:01:05,024 | INFO | fetch_order_book: mid=0.06609 spread=6.05bps bids=20 asks=20
2026-05-09 16:01:05,980 | INFO | SPREAD | pair=CHIP/USDC | cex=0.06607/0.06611 | dex_sell=0.0660513 dex_buy=0.0660735 | spread_a=-8.9bps spread_b=-0.5bps | min=30.0bps
2026-05-09 16:01:06,982 | INFO | fetch_order_book: symbol=CHIP/USDC limit=20
2026-05-09 16:01:07,465 | INFO | fetch_order_book: mid=0.066125 spread=7.56bps bids=20 asks=20
2026-05-09 16:01:08,397 | INFO | SPREAD | pair=CHIP/USDC | cex=0.0661/0.06615 | dex_sell=0.0660875 dex_buy=0.0661097 | spread_a=-9.5bps spread_b=-1.5bps | min=30.0bps
2026-05-09 16:01:09,399 | INFO | fetch_order_book: symbol=CHIP/USDC limit=20
2026-05-09 16:01:09,654 | INFO | fetch_order_book: mid=0.06613 spread=6.05bps bids=20 asks=20
2026-05-09 16:01:10,537 | INFO | SPREAD | pair=CHIP/USDC | cex=0.06611/0.06615 | dex_sell=0.0660875 dex_buy=0.0661097 | spread_a=-9.5bps spread_b=0.1bps | min=30.0bps
2026-05-09 16:01:11,539 | INFO | fetch_order_book: symbol=CHIP/USDC limit=20
2026-05-09 16:01:11,795 | INFO | fetch_order_book: mid=0.066105 spread=7.56bps bids=20 asks=20
2026-05-09 16:01:12,730 | INFO | SPREAD | pair=CHIP/USDC | cex=0.06608/0.06613 | dex_sell=0.0660875 dex_buy=0.0661097 | spread_a=-6.4bps spread_b=-4.5bps | min=30.0bps
2026-05-09 16:01:13,733 | INFO | fetch_order_book: symbol=CHIP/USDC limit=20
2026-05-09 16:01:13,996 | INFO | fetch_order_book: mid=0.066105 spread=4.54bps bids=20 asks=20
2026-05-09 16:01:14,917 | INFO | SPREAD | pair=CHIP/USDC | cex=0.06609/0.06612 | dex_sell=0.0660875 dex_buy=0.0661097 | spread_a=-4.9bps spread_b=-3.0bps | min=30.0bps
2026-05-09 16:01:15,919 | INFO | fetch_order_book: symbol=CHIP/USDC limit=20
2026-05-09 16:01:16,177 | INFO | fetch_order_book: mid=0.06607 spread=3.03bps bids=20 asks=20
2026-05-09 16:01:17,093 | INFO | SPREAD | pair=CHIP/USDC | cex=0.06606/0.06608 | dex_sell=0.0660875 dex_buy=0.0661097 | spread_a=1.1bps spread_b=-7.5bps | min=30.0bps
2026-05-09 16:01:18,095 | INFO | fetch_order_book: symbol=CHIP/USDC limit=20
2026-05-09 16:01:18,351 | INFO | fetch_order_book: mid=0.066045 spread=4.54bps bids=20 asks=20
2026-05-09 16:01:19,272 | INFO | SPREAD | pair=CHIP/USDC | cex=0.06603/0.06606 | dex_sell=0.0660512 dex_buy=0.0660734 | spread_a=-1.3bps spread_b=-6.6bps | min=30.0bps
2026-05-09 16:01:20,274 | INFO | fetch_order_book: symbol=CHIP/USDC limit=20
2026-05-09 16:01:21,011 | INFO | fetch_order_book: mid=0.06608 spread=6.05bps bids=20 asks=20
2026-05-09 16:01:21,931 | INFO | SPREAD | pair=CHIP/USDC | cex=0.06606/0.0661 | dex_sell=0.0660512 dex_buy=0.0660734 | spread_a=-7.4bps spread_b=-2.0bps | min=30.0bps
2026-05-09 16:01:22,933 | INFO | fetch_order_book: symbol=CHIP/USDC limit=20
2026-05-09 16:01:23,210 | INFO | fetch_order_book: mid=0.066075 spread=7.57bps bids=20 asks=20
2026-05-09 16:01:24,174 | INFO | SPREAD | pair=CHIP/USDC | cex=0.06605/0.0661 | dex_sell=0.0660512 dex_buy=0.0660734 | spread_a=-7.4bps spread_b=-3.5bps | min=30.0bps
2026-05-09 16:01:25,177 | INFO | fetch_order_book: symbol=CHIP/USDC limit=20
2026-05-09 16:01:25,434 | INFO | fetch_order_book: mid=0.066075 spread=7.57bps bids=20 asks=20
2026-05-09 16:01:26,398 | INFO | SPREAD | pair=CHIP/USDC | cex=0.06605/0.0661 | dex_sell=0.0660512 dex_buy=0.0660734 | spread_a=-7.4bps spread_b=-3.5bps | min=30.0bps
2026-05-09 16:01:27,400 | INFO | fetch_order_book: symbol=CHIP/USDC limit=20
2026-05-09 16:01:27,755 | INFO | fetch_order_book: mid=0.06607 spread=6.05bps bids=20 asks=20
2026-05-09 16:01:28,654 | INFO | SPREAD | pair=CHIP/USDC | cex=0.06605/0.06609 | dex_sell=0.0660512 dex_buy=0.0660734 | spread_a=-5.9bps spread_b=-3.5bps | min=30.0bps
2026-05-09 16:01:29,656 | INFO | fetch_order_book: symbol=CHIP/USDC limit=20
2026-05-09 16:01:30,006 | INFO | fetch_order_book: mid=0.06608 spread=3.03bps bids=20 asks=20
2026-05-09 16:01:30,921 | INFO | SPREAD | pair=CHIP/USDC | cex=0.06607/0.06609 | dex_sell=0.0660512 dex_buy=0.0660734 | spread_a=-5.9bps spread_b=-0.5bps | min=30.0bps
2026-05-09 16:01:31,923 | INFO | fetch_order_book: symbol=CHIP/USDC limit=20
2026-05-09 16:01:32,263 | INFO | fetch_order_book: mid=0.06607 spread=6.05bps bids=20 asks=20
2026-05-09 16:01:33,219 | INFO | SPREAD | pair=CHIP/USDC | cex=0.06605/0.06609 | dex_sell=0.0660512 dex_buy=0.0660734 | spread_a=-5.9bps spread_b=-3.5bps | min=30.0bps
2026-05-09 16:01:34,221 | INFO | fetch_order_book: symbol=CHIP/USDC limit=20
2026-05-09 16:01:34,478 | INFO | fetch_order_book: mid=0.066055 spread=4.54bps bids=20 asks=20
2026-05-09 16:01:35,408 | INFO | SPREAD | pair=CHIP/USDC | cex=0.06604/0.06607 | dex_sell=0.0660512 dex_buy=0.0660734 | spread_a=-2.8bps spread_b=-5.1bps | min=30.0bps
2026-05-09 16:01:36,410 | INFO | fetch_order_book: symbol=CHIP/USDC limit=20
2026-05-09 16:01:36,687 | INFO | fetch_order_book: mid=0.06603 spread=6.06bps bids=20 asks=20
2026-05-09 16:01:37,602 | INFO | SPREAD | pair=CHIP/USDC | cex=0.06601/0.06605 | dex_sell=0.0660512 dex_buy=0.0660734 | spread_a=0.2bps spread_b=-9.6bps | min=30.0bps
2026-05-09 16:01:38,604 | INFO | fetch_order_book: symbol=CHIP/USDC limit=20
2026-05-09 16:01:38,942 | INFO | fetch_order_book: mid=0.06602 spread=6.06bps bids=20 asks=20
2026-05-09 16:01:39,896 | INFO | SPREAD | pair=CHIP/USDC | cex=0.066/0.06604 | dex_sell=0.0660512 dex_buy=0.0660338 | spread_a=1.7bps spread_b=-5.1bps | min=30.0bps
2026-05-09 16:01:40,899 | INFO | fetch_order_book: symbol=CHIP/USDC limit=20
2026-05-09 16:01:41,156 | INFO | fetch_order_book: mid=0.06602 spread=6.06bps bids=20 asks=20
2026-05-09 16:01:42,076 | INFO | SPREAD | pair=CHIP/USDC | cex=0.066/0.06604 | dex_sell=0.0660117 dex_buy=0.0660338 | spread_a=-4.3bps spread_b=-5.1bps | min=30.0bps
2026-05-09 16:01:43,079 | INFO | fetch_order_book: symbol=CHIP/USDC limit=20
2026-05-09 16:01:43,434 | INFO | fetch_order_book: mid=0.066005 spread=4.55bps bids=20 asks=20
2026-05-09 16:01:44,317 | INFO | SPREAD | pair=CHIP/USDC | cex=0.06599/0.06602 | dex_sell=0.0659841 dex_buy=0.066001 | spread_a=-5.4bps spread_b=-1.7bps | min=30.0bps
2026-05-09 16:01:45,320 | INFO | fetch_order_book: symbol=CHIP/USDC limit=20
2026-05-09 16:01:45,577 | INFO | fetch_order_book: mid=0.066005 spread=4.55bps bids=20 asks=20
2026-05-09 16:01:46,552 | INFO | SPREAD | pair=CHIP/USDC | cex=0.06599/0.06602 | dex_sell=0.0659841 dex_buy=0.066001 | spread_a=-5.4bps spread_b=-1.7bps | min=30.0bps
2026-05-09 16:01:47,554 | INFO | fetch_order_book: symbol=CHIP/USDC limit=20
2026-05-09 16:01:47,831 | INFO | fetch_order_book: mid=0.06597 spread=3.03bps bids=20 asks=20
2026-05-09 16:01:48,758 | INFO | SPREAD | pair=CHIP/USDC | cex=0.06596/0.06598 | dex_sell=0.0659841 dex_buy=0.066001 | spread_a=0.6bps spread_b=-6.2bps | min=30.0bps
2026-05-09 16:01:49,760 | INFO | fetch_order_book: symbol=CHIP/USDC limit=20
2026-05-09 16:01:50,152 | INFO | fetch_order_book: mid=0.06597 spread=3.03bps bids=20 asks=20
2026-05-09 16:01:51,164 | INFO | SPREAD | pair=CHIP/USDC | cex=0.06596/0.06598 | dex_sell=0.0659841 dex_buy=0.066001 | spread_a=0.6bps spread_b=-6.2bps | min=30.0bps
2026-05-09 16:01:52,166 | INFO | fetch_order_book: symbol=CHIP/USDC limit=20
2026-05-09 16:01:52,429 | INFO | fetch_order_book: mid=0.06599 spread=6.06bps bids=20 asks=20
2026-05-09 16:01:53,274 | INFO | SPREAD | pair=CHIP/USDC | cex=0.06597/0.06601 | dex_sell=0.0659841 dex_buy=0.066001 | spread_a=-3.9bps spread_b=-4.7bps | min=30.0bps
2026-05-09 16:01:54,276 | INFO | fetch_order_book: symbol=CHIP/USDC limit=20
2026-05-09 16:01:54,544 | INFO | fetch_order_book: mid=0.06600 spread=6.06bps bids=20 asks=20
2026-05-09 16:01:55,535 | INFO | SPREAD | pair=CHIP/USDC | cex=0.06598/0.06602 | dex_sell=0.0659841 dex_buy=0.066001 | spread_a=-5.4bps spread_b=-3.2bps | min=30.0bps
2026-05-09 16:01:56,537 | INFO | fetch_order_book: symbol=CHIP/USDC limit=20
2026-05-09 16:01:56,794 | INFO | fetch_order_book: mid=0.066015 spread=4.54bps bids=20 asks=20
2026-05-09 16:01:57,635 | INFO | SPREAD | pair=CHIP/USDC | cex=0.066/0.06603 | dex_sell=0.0659841 dex_buy=0.066001 | spread_a=-7.0bps spread_b=-0.2bps | min=30.0bps
2026-05-09 16:01:58,638 | INFO | fetch_order_book: symbol=CHIP/USDC limit=20
2026-05-09 16:01:58,897 | INFO | fetch_order_book: mid=0.06601 spread=6.06bps bids=20 asks=20
2026-05-09 16:01:59,829 | INFO | SPREAD | pair=CHIP/USDC | cex=0.06599/0.06603 | dex_sell=0.0659841 dex_buy=0.066001 | spread_a=-7.0bps spread_b=-1.7bps | min=30.0bps
2026-05-09 16:02:00,832 | INFO | fetch_order_book: symbol=CHIP/USDC limit=20
2026-05-09 16:02:01,094 | INFO | fetch_order_book: mid=0.06601 spread=6.06bps bids=20 asks=20
2026-05-09 16:02:01,967 | INFO | SPREAD | pair=CHIP/USDC | cex=0.06599/0.06603 | dex_sell=0.0659841 dex_buy=0.066001 | spread_a=-7.0bps spread_b=-1.7bps | min=30.0bps
2026-05-09 16:02:02,970 | INFO | fetch_order_book: symbol=CHIP/USDC limit=20
2026-05-09 16:02:03,233 | INFO | fetch_order_book: mid=0.06601 spread=6.06bps bids=20 asks=20
2026-05-09 16:02:04,143 | INFO | SPREAD | pair=CHIP/USDC | cex=0.06599/0.06603 | dex_sell=0.0659841 dex_buy=0.066001 | spread_a=-7.0bps spread_b=-1.7bps | min=30.0bps
2026-05-09 16:02:05,145 | INFO | fetch_order_book: symbol=CHIP/USDC limit=20
2026-05-09 16:02:05,401 | INFO | fetch_order_book: mid=0.06606 spread=6.06bps bids=20 asks=20
2026-05-09 16:02:06,228 | INFO | SPREAD | pair=CHIP/USDC | cex=0.06604/0.06608 | dex_sell=0.0660374 dex_buy=0.0660596 | spread_a=-6.4bps spread_b=-3.0bps | min=30.0bps
2026-05-09 16:02:07,231 | INFO | fetch_order_book: symbol=CHIP/USDC limit=20
2026-05-09 16:02:07,488 | INFO | fetch_order_book: mid=0.06606 spread=6.06bps bids=20 asks=20
2026-05-09 16:02:08,436 | INFO | SPREAD | pair=CHIP/USDC | cex=0.06604/0.06608 | dex_sell=0.0660374 dex_buy=0.0660596 | spread_a=-6.4bps spread_b=-3.0bps | min=30.0bps
2026-05-09 16:02:09,438 | INFO | fetch_order_book: symbol=CHIP/USDC limit=20
2026-05-09 16:02:09,699 | INFO | fetch_order_book: mid=0.066075 spread=4.54bps bids=20 asks=20
2026-05-09 16:02:10,611 | INFO | SPREAD | pair=CHIP/USDC | cex=0.06606/0.06609 | dex_sell=0.0660374 dex_buy=0.0660596 | spread_a=-8.0bps spread_b=0.1bps | min=30.0bps
2026-05-09 16:02:11,613 | INFO | fetch_order_book: symbol=CHIP/USDC limit=20
2026-05-09 16:02:11,872 | INFO | fetch_order_book: mid=0.06609 spread=6.05bps bids=20 asks=20
2026-05-09 16:02:12,813 | INFO | SPREAD | pair=CHIP/USDC | cex=0.06607/0.06611 | dex_sell=0.0660374 dex_buy=0.0660999 | spread_a=-11.0bps spread_b=-4.5bps | min=30.0bps
2026-05-09 16:02:13,815 | INFO | fetch_order_book: symbol=CHIP/USDC limit=20
2026-05-09 16:02:14,073 | INFO | fetch_order_book: mid=0.06608 spread=6.05bps bids=20 asks=20
2026-05-09 16:02:14,940 | INFO | SPREAD | pair=CHIP/USDC | cex=0.06606/0.0661 | dex_sell=0.0660777 dex_buy=0.0660999 | spread_a=-3.4bps spread_b=-6.0bps | min=30.0bps
2026-05-09 16:02:15,943 | INFO | fetch_order_book: symbol=CHIP/USDC limit=20
2026-05-09 16:02:16,430 | INFO | fetch_order_book: mid=0.066075 spread=7.57bps bids=20 asks=20
2026-05-09 16:02:17,381 | INFO | SPREAD | pair=CHIP/USDC | cex=0.06605/0.0661 | dex_sell=0.0660777 dex_buy=0.0660999 | spread_a=-3.4bps spread_b=-7.6bps | min=30.0bps
2026-05-09 16:02:18,383 | INFO | fetch_order_book: symbol=CHIP/USDC limit=20
2026-05-09 16:02:18,660 | INFO | fetch_order_book: mid=0.066065 spread=4.54bps bids=20 asks=20
2026-05-09 16:02:19,671 | INFO | SPREAD | pair=CHIP/USDC | cex=0.06605/0.06608 | dex_sell=0.0660777 dex_buy=0.0660999 | spread_a=-0.3bps spread_b=-7.6bps | min=30.0bps
2026-05-09 16:02:20,673 | INFO | fetch_order_book: symbol=CHIP/USDC limit=20
2026-05-09 16:02:20,937 | INFO | fetch_order_book: mid=0.066035 spread=4.54bps bids=20 asks=20
2026-05-09 16:02:21,871 | INFO | SPREAD | pair=CHIP/USDC | cex=0.06602/0.06605 | dex_sell=0.0660415 dex_buy=0.0660637 | spread_a=-1.3bps spread_b=-6.6bps | min=30.0bps
2026-05-09 16:02:22,873 | INFO | fetch_order_book: symbol=CHIP/USDC limit=20
2026-05-09 16:02:23,153 | INFO | fetch_order_book: mid=0.06600 spread=6.06bps bids=20 asks=20
2026-05-09 16:02:24,045 | INFO | SPREAD | pair=CHIP/USDC | cex=0.06598/0.06602 | dex_sell=0.0660025 dex_buy=0.0660237 | spread_a=-2.6bps spread_b=-6.6bps | min=30.0bps
2026-05-09 16:02:25,047 | INFO | fetch_order_book: symbol=CHIP/USDC limit=20
2026-05-09 16:02:25,362 | INFO | fetch_order_book: mid=0.06601 spread=6.06bps bids=20 asks=20
2026-05-09 16:02:26,366 | INFO | SPREAD | pair=CHIP/USDC | cex=0.06599/0.06603 | dex_sell=0.0660025 dex_buy=0.0660237 | spread_a=-4.2bps spread_b=-5.1bps | min=30.0bps
2026-05-09 16:02:27,368 | INFO | fetch_order_book: symbol=CHIP/USDC limit=20
2026-05-09 16:02:27,625 | INFO | fetch_order_book: mid=0.06601 spread=6.06bps bids=20 asks=20
2026-05-09 16:02:28,511 | INFO | SPREAD | pair=CHIP/USDC | cex=0.06599/0.06603 | dex_sell=0.0660025 dex_buy=0.0660237 | spread_a=-4.2bps spread_b=-5.1bps | min=30.0bps
2026-05-09 16:02:29,513 | INFO | fetch_order_book: symbol=CHIP/USDC limit=20
2026-05-09 16:02:29,772 | INFO | fetch_order_book: mid=0.06605 spread=6.06bps bids=20 asks=20
2026-05-09 16:02:30,709 | INFO | SPREAD | pair=CHIP/USDC | cex=0.06603/0.06607 | dex_sell=0.0660025 dex_buy=0.0660237 | spread_a=-10.2bps spread_b=0.9bps | min=30.0bps
2026-05-09 16:02:31,710 | INFO | fetch_order_book: symbol=CHIP/USDC limit=20
2026-05-09 16:02:31,971 | INFO | fetch_order_book: mid=0.066085 spread=4.54bps bids=20 asks=20
2026-05-09 16:02:32,864 | INFO | SPREAD | pair=CHIP/USDC | cex=0.06607/0.0661 | dex_sell=0.0660377 dex_buy=0.0660599 | spread_a=-9.4bps spread_b=1.5bps | min=30.0bps
2026-05-09 16:02:33,867 | INFO | fetch_order_book: symbol=CHIP/USDC limit=20
2026-05-09 16:02:34,211 | INFO | fetch_order_book: mid=0.06611 spread=3.03bps bids=20 asks=20
2026-05-09 16:02:35,156 | INFO | SPREAD | pair=CHIP/USDC | cex=0.0661/0.06612 | dex_sell=0.0660874 dex_buy=0.0661096 | spread_a=-4.9bps spread_b=-1.5bps | min=30.0bps
2026-05-09 16:02:36,159 | INFO | fetch_order_book: symbol=CHIP/USDC limit=20
2026-05-09 16:02:36,424 | INFO | fetch_order_book: mid=0.06607 spread=6.05bps bids=20 asks=20
2026-05-09 16:02:37,334 | INFO | SPREAD | pair=CHIP/USDC | cex=0.06605/0.06609 | dex_sell=0.0660874 dex_buy=0.0661096 | spread_a=-0.4bps spread_b=-9.0bps | min=30.0bps
2026-05-09 16:02:38,337 | INFO | fetch_order_book: symbol=CHIP/USDC limit=20
2026-05-09 16:02:38,593 | INFO | fetch_order_book: mid=0.06607 spread=6.05bps bids=20 asks=20
2026-05-09 16:02:39,556 | INFO | SPREAD | pair=CHIP/USDC | cex=0.06605/0.06609 | dex_sell=0.0660874 dex_buy=0.0661096 | spread_a=-0.4bps spread_b=-9.0bps | min=30.0bps
2026-05-09 16:02:40,559 | INFO | fetch_order_book: symbol=CHIP/USDC limit=20
2026-05-09 16:02:40,817 | INFO | fetch_order_book: mid=0.06607 spread=6.05bps bids=20 asks=20
2026-05-09 16:02:41,653 | INFO | SPREAD | pair=CHIP/USDC | cex=0.06605/0.06609 | dex_sell=0.0660874 dex_buy=0.0661096 | spread_a=-0.4bps spread_b=-9.0bps | min=30.0bps
2026-05-09 16:02:42,655 | INFO | fetch_order_book: symbol=CHIP/USDC limit=20
2026-05-09 16:02:42,911 | INFO | fetch_order_book: mid=0.06607 spread=6.05bps bids=20 asks=20
2026-05-09 16:02:43,850 | INFO | SPREAD | pair=CHIP/USDC | cex=0.06605/0.06609 | dex_sell=0.0660874 dex_buy=0.0661096 | spread_a=-0.4bps spread_b=-9.0bps | min=30.0bps
2026-05-09 16:02:44,853 | INFO | fetch_order_book: symbol=CHIP/USDC limit=20
2026-05-09 16:02:45,274 | INFO | fetch_order_book: mid=0.066065 spread=7.57bps bids=20 asks=20
2026-05-09 16:02:46,145 | INFO | SPREAD | pair=CHIP/USDC | cex=0.06604/0.06609 | dex_sell=0.0660874 dex_buy=0.0661096 | spread_a=-0.4bps spread_b=-10.5bps | min=30.0bps
2026-05-09 16:02:47,147 | INFO | fetch_order_book: symbol=CHIP/USDC limit=20
2026-05-09 16:02:47,402 | INFO | fetch_order_book: mid=0.06606 spread=6.06bps bids=20 asks=20
2026-05-09 16:02:48,362 | INFO | SPREAD | pair=CHIP/USDC | cex=0.06604/0.06608 | dex_sell=0.0660874 dex_buy=0.0661096 | spread_a=1.1bps spread_b=-10.5bps | min=30.0bps
2026-05-09 16:02:49,364 | INFO | fetch_order_book: symbol=CHIP/USDC limit=20
2026-05-09 16:02:49,675 | INFO | fetch_order_book: mid=0.06606 spread=6.06bps bids=20 asks=20
2026-05-09 16:02:50,544 | INFO | SPREAD | pair=CHIP/USDC | cex=0.06604/0.06608 | dex_sell=0.0660874 dex_buy=0.0661096 | spread_a=1.1bps spread_b=-10.5bps | min=30.0bps
2026-05-09 16:02:51,547 | INFO | fetch_order_book: symbol=CHIP/USDC limit=20
2026-05-09 16:02:51,804 | INFO | fetch_order_book: mid=0.06606 spread=6.06bps bids=20 asks=20
2026-05-09 16:02:52,780 | INFO | SPREAD | pair=CHIP/USDC | cex=0.06604/0.06608 | dex_sell=0.0660874 dex_buy=0.0661096 | spread_a=1.1bps spread_b=-10.5bps | min=30.0bps
2026-05-09 16:02:53,782 | INFO | fetch_order_book: symbol=CHIP/USDC limit=20
2026-05-09 16:02:54,106 | INFO | fetch_order_book: mid=0.066055 spread=4.54bps bids=20 asks=20
2026-05-09 16:02:54,929 | INFO | SPREAD | pair=CHIP/USDC | cex=0.06604/0.06607 | dex_sell=0.0660313 dex_buy=0.0660535 | spread_a=-5.9bps spread_b=-2.0bps | min=30.0bps
2026-05-09 16:02:55,931 | INFO | fetch_order_book: symbol=CHIP/USDC limit=20
2026-05-09 16:02:56,255 | INFO | fetch_order_book: mid=0.06604 spread=3.03bps bids=20 asks=20
2026-05-09 16:02:57,185 | INFO | SPREAD | pair=CHIP/USDC | cex=0.06603/0.06605 | dex_sell=0.0660313 dex_buy=0.0660535 | spread_a=-2.8bps spread_b=-3.6bps | min=30.0bps
2026-05-09 16:02:58,188 | INFO | fetch_order_book: symbol=CHIP/USDC limit=20
2026-05-09 16:02:58,452 | INFO | fetch_order_book: mid=0.066035 spread=1.51bps bids=20 asks=20
2026-05-09 16:02:59,375 | INFO | SPREAD | pair=CHIP/USDC | cex=0.06603/0.06604 | dex_sell=0.0660313 dex_buy=0.0660535 | spread_a=-1.3bps spread_b=-3.6bps | min=30.0bps
2026-05-09 16:03:00,377 | INFO | fetch_order_book: symbol=CHIP/USDC limit=20
2026-05-09 16:03:00,642 | INFO | fetch_order_book: mid=0.066035 spread=1.51bps bids=20 asks=20
2026-05-09 16:03:01,559 | INFO | SPREAD | pair=CHIP/USDC | cex=0.06603/0.06604 | dex_sell=0.0660313 dex_buy=0.0660535 | spread_a=-1.3bps spread_b=-3.6bps | min=30.0bps
2026-05-09 16:03:02,561 | INFO | fetch_order_book: symbol=CHIP/USDC limit=20
2026-05-09 16:03:02,818 | INFO | fetch_order_book: mid=0.06602 spread=3.03bps bids=20 asks=20
2026-05-09 16:03:03,671 | INFO | SPREAD | pair=CHIP/USDC | cex=0.06601/0.06603 | dex_sell=0.0660313 dex_buy=0.0660535 | spread_a=0.2bps spread_b=-6.6bps | min=30.0bps
2026-05-09 16:03:04,673 | INFO | fetch_order_book: symbol=CHIP/USDC limit=20
2026-05-09 16:03:04,928 | INFO | fetch_order_book: mid=0.066025 spread=4.54bps bids=20 asks=20
2026-05-09 16:03:05,839 | INFO | SPREAD | pair=CHIP/USDC | cex=0.06601/0.06604 | dex_sell=0.0660313 dex_buy=0.0660535 | spread_a=-1.3bps spread_b=-6.6bps | min=30.0bps
2026-05-09 16:03:06,841 | INFO | fetch_order_book: symbol=CHIP/USDC limit=20
2026-05-09 16:03:07,106 | INFO | fetch_order_book: mid=0.06603 spread=6.06bps bids=20 asks=20
2026-05-09 16:03:07,953 | INFO | SPREAD | pair=CHIP/USDC | cex=0.06601/0.06605 | dex_sell=0.0660313 dex_buy=0.0660535 | spread_a=-2.8bps spread_b=-6.6bps | min=30.0bps
2026-05-09 16:03:08,955 | INFO | fetch_order_book: symbol=CHIP/USDC limit=20
2026-05-09 16:03:09,211 | INFO | fetch_order_book: mid=0.066025 spread=4.54bps bids=20 asks=20
2026-05-09 16:03:10,135 | INFO | SPREAD | pair=CHIP/USDC | cex=0.06601/0.06604 | dex_sell=0.0660313 dex_buy=0.0660535 | spread_a=-1.3bps spread_b=-6.6bps | min=30.0bps
2026-05-09 16:03:11,136 | INFO | fetch_order_book: symbol=CHIP/USDC limit=20
2026-05-09 16:03:11,395 | INFO | fetch_order_book: mid=0.066025 spread=4.54bps bids=20 asks=20
2026-05-09 16:03:12,266 | INFO | SPREAD | pair=CHIP/USDC | cex=0.06601/0.06604 | dex_sell=0.0660313 dex_buy=0.0660535 | spread_a=-1.3bps spread_b=-6.6bps | min=30.0bps
2026-05-09 16:03:13,268 | INFO | fetch_order_book: symbol=CHIP/USDC limit=20
2026-05-09 16:03:13,528 | INFO | fetch_order_book: mid=0.06601 spread=3.03bps bids=20 asks=20
2026-05-09 16:03:14,467 | INFO | SPREAD | pair=CHIP/USDC | cex=0.066/0.06602 | dex_sell=0.0660313 dex_buy=0.0660535 | spread_a=1.7bps spread_b=-8.1bps | min=30.0bps
2026-05-09 16:03:15,470 | INFO | fetch_order_book: symbol=CHIP/USDC limit=20
2026-05-09 16:03:15,726 | INFO | fetch_order_book: mid=0.066045 spread=4.54bps bids=20 asks=20
2026-05-09 16:03:16,661 | INFO | SPREAD | pair=CHIP/USDC | cex=0.06603/0.06606 | dex_sell=0.0660313 dex_buy=0.0660535 | spread_a=-4.3bps spread_b=-3.6bps | min=30.0bps
2026-05-09 16:03:17,663 | INFO | fetch_order_book: symbol=CHIP/USDC limit=20
2026-05-09 16:03:17,931 | INFO | fetch_order_book: mid=0.066045 spread=4.54bps bids=20 asks=20
2026-05-09 16:03:18,873 | INFO | SPREAD | pair=CHIP/USDC | cex=0.06603/0.06606 | dex_sell=0.0660313 dex_buy=0.0660535 | spread_a=-4.3bps spread_b=-3.6bps | min=30.0bps
2026-05-09 16:03:19,875 | INFO | fetch_order_book: symbol=CHIP/USDC limit=20
2026-05-09 16:03:20,129 | INFO | fetch_order_book: mid=0.066045 spread=4.54bps bids=20 asks=20
2026-05-09 16:03:20,987 | INFO | SPREAD | pair=CHIP/USDC | cex=0.06603/0.06606 | dex_sell=0.0660313 dex_buy=0.0660535 | spread_a=-4.3bps spread_b=-3.6bps | min=30.0bps
2026-05-09 16:03:21,989 | INFO | fetch_order_book: symbol=CHIP/USDC limit=20
2026-05-09 16:03:22,249 | INFO | fetch_order_book: mid=0.066045 spread=4.54bps bids=20 asks=20
2026-05-09 16:03:23,176 | INFO | SPREAD | pair=CHIP/USDC | cex=0.06603/0.06606 | dex_sell=0.0660313 dex_buy=0.0660535 | spread_a=-4.3bps spread_b=-3.6bps | min=30.0bps
2026-05-09 16:03:24,178 | INFO | fetch_order_book: symbol=CHIP/USDC limit=20
2026-05-09 16:03:24,431 | INFO | fetch_order_book: mid=0.066045 spread=4.54bps bids=20 asks=20
2026-05-09 16:03:25,295 | INFO | SPREAD | pair=CHIP/USDC | cex=0.06603/0.06606 | dex_sell=0.0660313 dex_buy=0.0660535 | spread_a=-4.3bps spread_b=-3.6bps | min=30.0bps
2026-05-09 16:03:26,297 | INFO | fetch_order_book: symbol=CHIP/USDC limit=20
2026-05-09 16:03:26,553 | INFO | fetch_order_book: mid=0.066045 spread=4.54bps bids=20 asks=20
2026-05-09 16:03:27,488 | INFO | SPREAD | pair=CHIP/USDC | cex=0.06603/0.06606 | dex_sell=0.0660313 dex_buy=0.0660535 | spread_a=-4.3bps spread_b=-3.6bps | min=30.0bps
2026-05-09 16:03:28,490 | INFO | fetch_order_book: symbol=CHIP/USDC limit=20
2026-05-09 16:03:29,226 | INFO | fetch_order_book: mid=0.06607 spread=3.03bps bids=20 asks=20
2026-05-09 16:03:30,172 | INFO | SPREAD | pair=CHIP/USDC | cex=0.06606/0.06608 | dex_sell=0.0660313 dex_buy=0.0660535 | spread_a=-7.4bps spread_b=1.0bps | min=30.0bps
2026-05-09 16:03:31,174 | INFO | fetch_order_book: symbol=CHIP/USDC limit=20
2026-05-09 16:03:31,430 | INFO | fetch_order_book: mid=0.066095 spread=1.51bps bids=20 asks=20
2026-05-09 16:03:32,339 | INFO | SPREAD | pair=CHIP/USDC | cex=0.06609/0.0661 | dex_sell=0.0660313 dex_buy=0.0660535 | spread_a=-10.4bps spread_b=5.5bps | min=30.0bps
2026-05-09 16:03:33,341 | INFO | fetch_order_book: symbol=CHIP/USDC limit=20
2026-05-09 16:03:33,597 | INFO | fetch_order_book: mid=0.066095 spread=1.51bps bids=20 asks=20
2026-05-09 16:03:34,434 | INFO | SPREAD | pair=CHIP/USDC | cex=0.06609/0.0661 | dex_sell=0.0660675 dex_buy=0.0660897 | spread_a=-4.9bps spread_b=0.1bps | min=30.0bps
2026-05-09 16:03:35,437 | INFO | fetch_order_book: symbol=CHIP/USDC limit=20
2026-05-09 16:03:35,692 | INFO | fetch_order_book: mid=0.06607 spread=6.05bps bids=20 asks=20
2026-05-09 16:03:36,640 | INFO | SPREAD | pair=CHIP/USDC | cex=0.06605/0.06609 | dex_sell=0.0660675 dex_buy=0.0660896 | spread_a=-3.4bps spread_b=-6.0bps | min=30.0bps
2026-05-09 16:03:37,643 | INFO | fetch_order_book: symbol=CHIP/USDC limit=20
2026-05-09 16:03:37,899 | INFO | fetch_order_book: mid=0.066055 spread=4.54bps bids=20 asks=20
2026-05-09 16:03:38,735 | INFO | SPREAD | pair=CHIP/USDC | cex=0.06604/0.06607 | dex_sell=0.0660675 dex_buy=0.0660896 | spread_a=-0.4bps spread_b=-7.5bps | min=30.0bps
2026-05-09 16:03:39,737 | INFO | fetch_order_book: symbol=CHIP/USDC limit=20
2026-05-09 16:03:39,994 | INFO | fetch_order_book: mid=0.066075 spread=7.57bps bids=20 asks=20
2026-05-09 16:03:40,940 | INFO | SPREAD | pair=CHIP/USDC | cex=0.06605/0.0661 | dex_sell=0.0660675 dex_buy=0.0660896 | spread_a=-4.9bps spread_b=-6.0bps | min=30.0bps
2026-05-09 16:03:41,943 | INFO | fetch_order_book: symbol=CHIP/USDC limit=20
2026-05-09 16:03:42,201 | INFO | fetch_order_book: mid=0.066075 spread=7.57bps bids=20 asks=20
2026-05-09 16:03:43,124 | INFO | SPREAD | pair=CHIP/USDC | cex=0.06605/0.0661 | dex_sell=0.0660675 dex_buy=0.0660896 | spread_a=-4.9bps spread_b=-6.0bps | min=30.0bps
2026-05-09 16:03:44,126 | INFO | fetch_order_book: symbol=CHIP/USDC limit=20
2026-05-09 16:03:44,394 | INFO | fetch_order_book: mid=0.066075 spread=7.57bps bids=20 asks=20
2026-05-09 16:03:45,347 | INFO | SPREAD | pair=CHIP/USDC | cex=0.06605/0.0661 | dex_sell=0.0660675 dex_buy=0.0660896 | spread_a=-4.9bps spread_b=-6.0bps | min=30.0bps
2026-05-09 16:03:46,348 | INFO | fetch_order_book: symbol=CHIP/USDC limit=20
2026-05-09 16:03:46,602 | INFO | fetch_order_book: mid=0.06607 spread=6.05bps bids=20 asks=20
2026-05-09 16:03:47,601 | INFO | SPREAD | pair=CHIP/USDC | cex=0.06605/0.06609 | dex_sell=0.0660675 dex_buy=0.0660896 | spread_a=-3.4bps spread_b=-6.0bps | min=30.0bps
2026-05-09 16:03:48,604 | INFO | fetch_order_book: symbol=CHIP/USDC limit=20
2026-05-09 16:03:48,966 | INFO | fetch_order_book: mid=0.066085 spread=7.57bps bids=20 asks=20
2026-05-09 16:03:49,917 | INFO | SPREAD | pair=CHIP/USDC | cex=0.06606/0.06611 | dex_sell=0.0660675 dex_buy=0.0660897 | spread_a=-6.4bps spread_b=-4.5bps | min=30.0bps
2026-05-09 16:03:50,919 | INFO | fetch_order_book: symbol=CHIP/USDC limit=20
2026-05-09 16:03:51,186 | INFO | fetch_order_book: mid=0.06606 spread=6.06bps bids=20 asks=20
2026-05-09 16:03:52,050 | INFO | SPREAD | pair=CHIP/USDC | cex=0.06604/0.06608 | dex_sell=0.0660675 dex_buy=0.0660896 | spread_a=-1.9bps spread_b=-7.5bps | min=30.0bps
2026-05-09 16:03:53,052 | INFO | fetch_order_book: symbol=CHIP/USDC limit=20
2026-05-09 16:03:53,309 | INFO | fetch_order_book: mid=0.06606 spread=6.06bps bids=20 asks=20
2026-05-09 16:03:54,233 | INFO | SPREAD | pair=CHIP/USDC | cex=0.06604/0.06608 | dex_sell=0.0660675 dex_buy=0.0660896 | spread_a=-1.9bps spread_b=-7.5bps | min=30.0bps
2026-05-09 16:03:55,236 | INFO | fetch_order_book: symbol=CHIP/USDC limit=20
2026-05-09 16:03:55,527 | INFO | fetch_order_book: mid=0.06606 spread=6.06bps bids=20 asks=20
2026-05-09 16:03:56,366 | INFO | SPREAD | pair=CHIP/USDC | cex=0.06604/0.06608 | dex_sell=0.0660675 dex_buy=0.0660896 | spread_a=-1.9bps spread_b=-7.5bps | min=30.0bps
2026-05-09 16:03:57,367 | INFO | fetch_order_book: symbol=CHIP/USDC limit=20
2026-05-09 16:03:57,625 | INFO | fetch_order_book: mid=0.06606 spread=6.06bps bids=20 asks=20
2026-05-09 16:03:58,533 | INFO | SPREAD | pair=CHIP/USDC | cex=0.06604/0.06608 | dex_sell=0.0660675 dex_buy=0.0660896 | spread_a=-1.9bps spread_b=-7.5bps | min=30.0bps
2026-05-09 16:03:59,534 | INFO | fetch_order_book: symbol=CHIP/USDC limit=20
2026-05-09 16:03:59,791 | INFO | fetch_order_book: mid=0.06606 spread=6.06bps bids=20 asks=20
2026-05-09 16:04:00,710 | INFO | SPREAD | pair=CHIP/USDC | cex=0.06604/0.06608 | dex_sell=0.0660675 dex_buy=0.0660896 | spread_a=-1.9bps spread_b=-7.5bps | min=30.0bps
2026-05-09 16:04:01,713 | INFO | fetch_order_book: symbol=CHIP/USDC limit=20
2026-05-09 16:04:01,971 | INFO | fetch_order_book: mid=0.066155 spread=4.53bps bids=20 asks=20
2026-05-09 16:04:02,886 | INFO | SPREAD | pair=CHIP/USDC | cex=0.06614/0.06617 | dex_sell=0.0661177 dex_buy=0.0661799 | spread_a=-7.9bps spread_b=-6.0bps | min=30.0bps
2026-05-09 16:04:03,888 | INFO | fetch_order_book: symbol=CHIP/USDC limit=20
2026-05-09 16:04:04,144 | INFO | fetch_order_book: mid=0.066145 spread=7.56bps bids=20 asks=20
2026-05-09 16:04:05,080 | INFO | SPREAD | pair=CHIP/USDC | cex=0.06612/0.06617 | dex_sell=0.0661576 dex_buy=0.0661799 | spread_a=-1.9bps spread_b=-9.0bps | min=30.0bps
2026-05-09 16:04:06,082 | INFO | fetch_order_book: symbol=CHIP/USDC limit=20
2026-05-09 16:04:06,340 | INFO | fetch_order_book: mid=0.066135 spread=7.56bps bids=20 asks=20
2026-05-09 16:04:07,319 | INFO | SPREAD | pair=CHIP/USDC | cex=0.06611/0.06616 | dex_sell=0.0661214 dex_buy=0.0661436 | spread_a=-5.8bps spread_b=-5.1bps | min=30.0bps
2026-05-09 16:04:08,321 | INFO | fetch_order_book: symbol=CHIP/USDC limit=20
2026-05-09 16:04:08,586 | INFO | fetch_order_book: mid=0.06611 spread=3.03bps bids=20 asks=20
2026-05-09 16:04:09,464 | INFO | SPREAD | pair=CHIP/USDC | cex=0.0661/0.06612 | dex_sell=0.0661214 dex_buy=0.0661436 | spread_a=0.2bps spread_b=-6.6bps | min=30.0bps
2026-05-09 16:04:10,466 | INFO | fetch_order_book: symbol=CHIP/USDC limit=20
2026-05-09 16:04:10,722 | INFO | fetch_order_book: mid=0.06611 spread=3.03bps bids=20 asks=20
2026-05-09 16:04:11,631 | INFO | SPREAD | pair=CHIP/USDC | cex=0.0661/0.06612 | dex_sell=0.0661214 dex_buy=0.0661436 | spread_a=0.2bps spread_b=-6.6bps | min=30.0bps
2026-05-09 16:04:12,633 | INFO | fetch_order_book: symbol=CHIP/USDC limit=20
2026-05-09 16:04:12,892 | INFO | fetch_order_book: mid=0.066035 spread=1.51bps bids=20 asks=20
2026-05-09 16:04:13,770 | INFO | SPREAD | pair=CHIP/USDC | cex=0.06603/0.06604 | dex_sell=0.0660413 dex_buy=0.0660635 | spread_a=0.2bps spread_b=-5.1bps | min=30.0bps
2026-05-09 16:04:14,772 | INFO | fetch_order_book: symbol=CHIP/USDC limit=20
2026-05-09 16:04:15,038 | INFO | fetch_order_book: mid=0.066025 spread=1.51bps bids=20 asks=20
2026-05-09 16:04:15,943 | INFO | SPREAD | pair=CHIP/USDC | cex=0.06602/0.06603 | dex_sell=0.0660413 dex_buy=0.0660635 | spread_a=1.7bps spread_b=-6.6bps | min=30.0bps
2026-05-09 16:04:16,944 | INFO | fetch_order_book: symbol=CHIP/USDC limit=20
2026-05-09 16:04:17,200 | INFO | fetch_order_book: mid=0.066025 spread=1.51bps bids=20 asks=20
2026-05-09 16:04:18,065 | INFO | SPREAD | pair=CHIP/USDC | cex=0.06602/0.06603 | dex_sell=0.0660413 dex_buy=0.0660635 | spread_a=1.7bps spread_b=-6.6bps | min=30.0bps
2026-05-09 16:04:19,067 | INFO | fetch_order_book: symbol=CHIP/USDC limit=20
2026-05-09 16:04:19,323 | INFO | fetch_order_book: mid=0.066025 spread=1.51bps bids=20 asks=20
2026-05-09 16:04:20,272 | INFO | SPREAD | pair=CHIP/USDC | cex=0.06602/0.06603 | dex_sell=0.0660413 dex_buy=0.0660635 | spread_a=1.7bps spread_b=-6.6bps | min=30.0bps
2026-05-09 16:04:21,274 | INFO | fetch_order_book: symbol=CHIP/USDC limit=20
2026-05-09 16:04:21,530 | INFO | fetch_order_book: mid=0.066015 spread=1.51bps bids=20 asks=20
2026-05-09 16:04:22,389 | INFO | SPREAD | pair=CHIP/USDC | cex=0.06601/0.06602 | dex_sell=0.0660413 dex_buy=0.0660635 | spread_a=3.2bps spread_b=-8.1bps | min=30.0bps
2026-05-09 16:04:23,391 | INFO | fetch_order_book: symbol=CHIP/USDC limit=20
2026-05-09 16:04:23,650 | INFO | fetch_order_book: mid=0.06603 spread=3.03bps bids=20 asks=20
2026-05-09 16:04:24,553 | INFO | SPREAD | pair=CHIP/USDC | cex=0.06602/0.06604 | dex_sell=0.0660024 dex_buy=0.0660235 | spread_a=-5.7bps spread_b=-0.5bps | min=30.0bps
2026-05-09 16:04:25,555 | INFO | fetch_order_book: symbol=CHIP/USDC limit=20
2026-05-09 16:04:25,816 | INFO | fetch_order_book: mid=0.06603 spread=3.03bps bids=20 asks=20
2026-05-09 16:04:26,755 | INFO | SPREAD | pair=CHIP/USDC | cex=0.06602/0.06604 | dex_sell=0.0660024 dex_buy=0.0660235 | spread_a=-5.7bps spread_b=-0.5bps | min=30.0bps
2026-05-09 16:04:27,757 | INFO | fetch_order_book: symbol=CHIP/USDC limit=20
2026-05-09 16:04:28,012 | INFO | fetch_order_book: mid=0.06603 spread=3.03bps bids=20 asks=20
2026-05-09 16:04:28,942 | INFO | SPREAD | pair=CHIP/USDC | cex=0.06602/0.06604 | dex_sell=0.0660024 dex_buy=0.0660235 | spread_a=-5.7bps spread_b=-0.5bps | min=30.0bps
2026-05-09 16:04:29,944 | INFO | fetch_order_book: symbol=CHIP/USDC limit=20
2026-05-09 16:04:30,217 | INFO | fetch_order_book: mid=0.06608 spread=3.03bps bids=20 asks=20
2026-05-09 16:04:31,065 | INFO | SPREAD | pair=CHIP/USDC | cex=0.06607/0.06609 | dex_sell=0.0660375 dex_buy=0.0660597 | spread_a=-7.9bps spread_b=1.6bps | min=30.0bps
2026-05-09 16:04:32,068 | INFO | fetch_order_book: symbol=CHIP/USDC limit=20
2026-05-09 16:04:32,327 | INFO | fetch_order_book: mid=0.06609 spread=3.03bps bids=20 asks=20
2026-05-09 16:04:33,306 | INFO | SPREAD | pair=CHIP/USDC | cex=0.06608/0.0661 | dex_sell=0.0660375 dex_buy=0.0660597 | spread_a=-9.5bps spread_b=3.1bps | min=30.0bps
2026-05-09 16:04:34,308 | INFO | fetch_order_book: symbol=CHIP/USDC limit=20
2026-05-09 16:04:34,566 | INFO | fetch_order_book: mid=0.066065 spread=7.57bps bids=20 asks=20
2026-05-09 16:04:35,529 | INFO | SPREAD | pair=CHIP/USDC | cex=0.06604/0.06609 | dex_sell=0.0660375 dex_buy=0.0660597 | spread_a=-7.9bps spread_b=-3.0bps | min=30.0bps
2026-05-09 16:04:36,531 | INFO | fetch_order_book: symbol=CHIP/USDC limit=20
2026-05-09 16:04:36,789 | INFO | fetch_order_book: mid=0.06609 spread=3.03bps bids=20 asks=20
2026-05-09 16:04:37,701 | INFO | SPREAD | pair=CHIP/USDC | cex=0.06608/0.0661 | dex_sell=0.0660774 dex_buy=0.0660996 | spread_a=-3.4bps spread_b=-3.0bps | min=30.0bps
2026-05-09 16:04:38,703 | INFO | fetch_order_book: symbol=CHIP/USDC limit=20
2026-05-09 16:04:38,972 | INFO | fetch_order_book: mid=0.06609 spread=3.03bps bids=20 asks=20
2026-05-09 16:04:39,859 | INFO | SPREAD | pair=CHIP/USDC | cex=0.06608/0.0661 | dex_sell=0.0660774 dex_buy=0.0660996 | spread_a=-3.4bps spread_b=-3.0bps | min=30.0bps
2026-05-09 16:04:40,862 | INFO | fetch_order_book: symbol=CHIP/USDC limit=20
2026-05-09 16:04:41,126 | INFO | fetch_order_book: mid=0.06611 spread=3.03bps bids=20 asks=20
2026-05-09 16:04:42,064 | INFO | SPREAD | pair=CHIP/USDC | cex=0.0661/0.06612 | dex_sell=0.0660774 dex_buy=0.0660996 | spread_a=-6.4bps spread_b=0.1bps | min=30.0bps
2026-05-09 16:04:43,066 | INFO | fetch_order_book: symbol=CHIP/USDC limit=20
2026-05-09 16:04:43,322 | INFO | fetch_order_book: mid=0.066125 spread=4.54bps bids=20 asks=20
2026-05-09 16:04:44,161 | INFO | SPREAD | pair=CHIP/USDC | cex=0.06611/0.06614 | dex_sell=0.0660774 dex_buy=0.0660996 | spread_a=-9.5bps spread_b=1.6bps | min=30.0bps
2026-05-09 16:04:45,164 | INFO | fetch_order_book: symbol=CHIP/USDC limit=20
2026-05-09 16:04:45,420 | INFO | fetch_order_book: mid=0.066125 spread=4.54bps bids=20 asks=20
2026-05-09 16:04:46,337 | INFO | SPREAD | pair=CHIP/USDC | cex=0.06611/0.06614 | dex_sell=0.0660774 dex_buy=0.0660996 | spread_a=-9.5bps spread_b=1.6bps | min=30.0bps
2026-05-09 16:04:47,339 | INFO | fetch_order_book: symbol=CHIP/USDC limit=20
2026-05-09 16:04:47,596 | INFO | fetch_order_book: mid=0.06613 spread=3.02bps bids=20 asks=20
2026-05-09 16:04:48,448 | INFO | SPREAD | pair=CHIP/USDC | cex=0.06612/0.06614 | dex_sell=0.0660774 dex_buy=0.0660996 | spread_a=-9.5bps spread_b=3.1bps | min=30.0bps
2026-05-09 16:04:49,450 | INFO | fetch_order_book: symbol=CHIP/USDC limit=20
2026-05-09 16:04:49,707 | INFO | fetch_order_book: mid=0.06613 spread=3.02bps bids=20 asks=20
2026-05-09 16:04:50,638 | INFO | SPREAD | pair=CHIP/USDC | cex=0.06612/0.06614 | dex_sell=0.0660774 dex_buy=0.0660996 | spread_a=-9.5bps spread_b=3.1bps | min=30.0bps
2026-05-09 16:04:51,640 | INFO | fetch_order_book: symbol=CHIP/USDC limit=20
2026-05-09 16:04:51,897 | INFO | fetch_order_book: mid=0.06613 spread=3.02bps bids=20 asks=20
2026-05-09 16:04:52,771 | INFO | SPREAD | pair=CHIP/USDC | cex=0.06612/0.06614 | dex_sell=0.0660774 dex_buy=0.0660996 | spread_a=-9.5bps spread_b=3.1bps | min=30.0bps
2026-05-09 16:04:53,773 | INFO | fetch_order_book: symbol=CHIP/USDC limit=20
2026-05-09 16:04:54,029 | INFO | fetch_order_book: mid=0.06613 spread=3.02bps bids=20 asks=20
2026-05-09 16:04:54,962 | INFO | SPREAD | pair=CHIP/USDC | cex=0.06612/0.06614 | dex_sell=0.0660774 dex_buy=0.0660996 | spread_a=-9.5bps spread_b=3.1bps | min=30.0bps
2026-05-09 16:04:55,965 | INFO | fetch_order_book: symbol=CHIP/USDC limit=20
2026-05-09 16:04:56,222 | INFO | fetch_order_book: mid=0.06613 spread=3.02bps bids=20 asks=20
2026-05-09 16:04:57,093 | INFO | SPREAD | pair=CHIP/USDC | cex=0.06612/0.06614 | dex_sell=0.0660774 dex_buy=0.0660996 | spread_a=-9.5bps spread_b=3.1bps | min=30.0bps
2026-05-09 16:04:58,096 | INFO | fetch_order_book: symbol=CHIP/USDC limit=20
2026-05-09 16:04:58,353 | INFO | fetch_order_book: mid=0.066095 spread=1.51bps bids=20 asks=20
2026-05-09 16:04:59,324 | INFO | SPREAD | pair=CHIP/USDC | cex=0.06609/0.0661 | dex_sell=0.0660774 dex_buy=0.0660996 | spread_a=-3.4bps spread_b=-1.5bps | min=30.0bps
2026-05-09 16:05:00,327 | INFO | fetch_order_book: symbol=CHIP/USDC limit=20
2026-05-09 16:05:00,584 | INFO | fetch_order_book: mid=0.066085 spread=4.54bps bids=20 asks=20
2026-05-09 16:05:01,491 | INFO | SPREAD | pair=CHIP/USDC | cex=0.06607/0.0661 | dex_sell=0.0660774 dex_buy=0.0660996 | spread_a=-3.4bps spread_b=-4.5bps | min=30.0bps
2026-05-09 16:05:02,494 | INFO | fetch_order_book: symbol=CHIP/USDC limit=20
2026-05-09 16:05:02,770 | INFO | fetch_order_book: mid=0.06607 spread=3.03bps bids=20 asks=20
2026-05-09 16:05:03,689 | INFO | SPREAD | pair=CHIP/USDC | cex=0.06606/0.06608 | dex_sell=0.0660774 dex_buy=0.0660996 | spread_a=-0.4bps spread_b=-6.0bps | min=30.0bps
2026-05-09 16:05:04,691 | INFO | fetch_order_book: symbol=CHIP/USDC limit=20
2026-05-09 16:05:04,958 | INFO | fetch_order_book: mid=0.06610 spread=3.03bps bids=20 asks=20
2026-05-09 16:05:05,800 | INFO | SPREAD | pair=CHIP/USDC | cex=0.06609/0.06611 | dex_sell=0.0660774 dex_buy=0.0660996 | spread_a=-4.9bps spread_b=-1.5bps | min=30.0bps
2026-05-09 16:05:06,803 | INFO | fetch_order_book: symbol=CHIP/USDC limit=20
2026-05-09 16:05:07,060 | INFO | fetch_order_book: mid=0.066105 spread=4.54bps bids=20 asks=20
2026-05-09 16:05:07,988 | INFO | SPREAD | pair=CHIP/USDC | cex=0.06609/0.06612 | dex_sell=0.0660774 dex_buy=0.0660996 | spread_a=-6.4bps spread_b=-1.5bps | min=30.0bps
2026-05-09 16:05:08,991 | INFO | fetch_order_book: symbol=CHIP/USDC limit=20
2026-05-09 16:05:09,258 | INFO | fetch_order_book: mid=0.06609 spread=3.03bps bids=20 asks=20
2026-05-09 16:05:10,135 | INFO | SPREAD | pair=CHIP/USDC | cex=0.06608/0.0661 | dex_sell=0.0660774 dex_buy=0.0660996 | spread_a=-3.4bps spread_b=-3.0bps | min=30.0bps
2026-05-09 16:05:11,137 | INFO | fetch_order_book: symbol=CHIP/USDC limit=20
2026-05-09 16:05:11,408 | INFO | fetch_order_book: mid=0.06607 spread=3.03bps bids=20 asks=20
2026-05-09 16:05:12,338 | INFO | SPREAD | pair=CHIP/USDC | cex=0.06606/0.06608 | dex_sell=0.0660774 dex_buy=0.0660996 | spread_a=-0.4bps spread_b=-6.0bps | min=30.0bps
2026-05-09 16:05:13,340 | INFO | fetch_order_book: symbol=CHIP/USDC limit=20
2026-05-09 16:05:13,594 | INFO | fetch_order_book: mid=0.06607 spread=3.03bps bids=20 asks=20
2026-05-09 16:05:14,485 | INFO | SPREAD | pair=CHIP/USDC | cex=0.06606/0.06608 | dex_sell=0.0660774 dex_buy=0.0660996 | spread_a=-0.4bps spread_b=-6.0bps | min=30.0bps
2026-05-09 16:05:15,488 | INFO | fetch_order_book: symbol=CHIP/USDC limit=20
2026-05-09 16:05:15,744 | INFO | fetch_order_book: mid=0.06605 spread=3.03bps bids=20 asks=20
2026-05-09 16:05:16,661 | INFO | SPREAD | pair=CHIP/USDC | cex=0.06604/0.06606 | dex_sell=0.0660412 dex_buy=0.0660634 | spread_a=-2.8bps spread_b=-3.5bps | min=30.0bps
2026-05-09 16:05:17,663 | INFO | fetch_order_book: symbol=CHIP/USDC limit=20
2026-05-09 16:05:17,918 | INFO | fetch_order_book: mid=0.066045 spread=1.51bps bids=20 asks=20
2026-05-09 16:05:18,851 | INFO | SPREAD | pair=CHIP/USDC | cex=0.06604/0.06605 | dex_sell=0.0660412 dex_buy=0.0660634 | spread_a=-1.3bps spread_b=-3.5bps | min=30.0bps
2026-05-09 16:05:19,853 | INFO | fetch_order_book: symbol=CHIP/USDC limit=20
2026-05-09 16:05:20,108 | INFO | fetch_order_book: mid=0.06602 spread=6.06bps bids=20 asks=20
2026-05-09 16:05:21,048 | INFO | SPREAD | pair=CHIP/USDC | cex=0.066/0.06604 | dex_sell=0.0660023 dex_buy=0.0660234 | spread_a=-5.7bps spread_b=-3.5bps | min=30.0bps
2026-05-09 16:05:22,049 | INFO | fetch_order_book: symbol=CHIP/USDC limit=20
2026-05-09 16:05:22,311 | INFO | fetch_order_book: mid=0.06605 spread=6.06bps bids=20 asks=20
2026-05-09 16:05:23,297 | INFO | SPREAD | pair=CHIP/USDC | cex=0.06603/0.06607 | dex_sell=0.0659694 dex_buy=0.0660502 | spread_a=-15.2bps spread_b=-3.1bps | min=30.0bps
2026-05-09 16:05:24,299 | INFO | fetch_order_book: symbol=CHIP/USDC limit=20
2026-05-09 16:05:24,560 | INFO | fetch_order_book: mid=0.06605 spread=6.06bps bids=20 asks=20
2026-05-09 16:05:25,476 | INFO | SPREAD | pair=CHIP/USDC | cex=0.06603/0.06607 | dex_sell=0.066028 dex_buy=0.0660502 | spread_a=-6.4bps spread_b=-3.1bps | min=30.0bps
2026-05-09 16:05:26,478 | INFO | fetch_order_book: symbol=CHIP/USDC limit=20
2026-05-09 16:05:26,735 | INFO | fetch_order_book: mid=0.06605 spread=6.06bps bids=20 asks=20
2026-05-09 16:05:27,596 | INFO | SPREAD | pair=CHIP/USDC | cex=0.06603/0.06607 | dex_sell=0.066028 dex_buy=0.0660502 | spread_a=-6.4bps spread_b=-3.1bps | min=30.0bps
2026-05-09 16:05:28,598 | INFO | fetch_order_book: symbol=CHIP/USDC limit=20
2026-05-09 16:05:28,855 | INFO | fetch_order_book: mid=0.06605 spread=6.06bps bids=20 asks=20
2026-05-09 16:05:29,809 | INFO | SPREAD | pair=CHIP/USDC | cex=0.06603/0.06607 | dex_sell=0.066028 dex_buy=0.0660502 | spread_a=-6.4bps spread_b=-3.1bps | min=30.0bps
2026-05-09 16:05:30,811 | INFO | fetch_order_book: symbol=CHIP/USDC limit=20
2026-05-09 16:05:31,068 | INFO | fetch_order_book: mid=0.06604 spread=6.06bps bids=20 asks=20
2026-05-09 16:05:31,950 | INFO | SPREAD | pair=CHIP/USDC | cex=0.06602/0.06606 | dex_sell=0.066028 dex_buy=0.0660502 | spread_a=-4.8bps spread_b=-4.6bps | min=30.0bps
2026-05-09 16:05:32,953 | INFO | fetch_order_book: symbol=CHIP/USDC limit=20
2026-05-09 16:05:33,211 | INFO | fetch_order_book: mid=0.06600 spread=3.03bps bids=20 asks=20
2026-05-09 16:05:34,142 | INFO | SPREAD | pair=CHIP/USDC | cex=0.06599/0.06601 | dex_sell=0.066028 dex_buy=0.0660502 | spread_a=2.7bps spread_b=-9.1bps | min=30.0bps
2026-05-09 16:05:35,144 | INFO | fetch_order_book: symbol=CHIP/USDC limit=20
2026-05-09 16:05:35,399 | INFO | fetch_order_book: mid=0.065995 spread=1.52bps bids=20 asks=20
2026-05-09 16:05:36,298 | INFO | SPREAD | pair=CHIP/USDC | cex=0.06599/0.066 | dex_sell=0.0660008 dex_buy=0.0660205 | spread_a=0.1bps spread_b=-4.6bps | min=30.0bps
2026-05-09 16:05:37,301 | INFO | fetch_order_book: symbol=CHIP/USDC limit=20
2026-05-09 16:05:37,557 | INFO | fetch_order_book: mid=0.065995 spread=1.52bps bids=20 asks=20
2026-05-09 16:05:38,510 | INFO | SPREAD | pair=CHIP/USDC | cex=0.06599/0.066 | dex_sell=0.0660008 dex_buy=0.0660205 | spread_a=0.1bps spread_b=-4.6bps | min=30.0bps
2026-05-09 16:05:39,513 | INFO | fetch_order_book: symbol=CHIP/USDC limit=20
2026-05-09 16:05:39,773 | INFO | fetch_order_book: mid=0.065995 spread=1.52bps bids=20 asks=20
2026-05-09 16:05:40,639 | INFO | SPREAD | pair=CHIP/USDC | cex=0.06599/0.066 | dex_sell=0.0660008 dex_buy=0.0660205 | spread_a=0.1bps spread_b=-4.6bps | min=30.0bps
2026-05-09 16:05:41,641 | INFO | fetch_order_book: symbol=CHIP/USDC limit=20
2026-05-09 16:05:41,908 | INFO | fetch_order_book: mid=0.065995 spread=1.52bps bids=20 asks=20
2026-05-09 16:05:42,827 | INFO | SPREAD | pair=CHIP/USDC | cex=0.06599/0.066 | dex_sell=0.0660008 dex_buy=0.0660205 | spread_a=0.1bps spread_b=-4.6bps | min=30.0bps
2026-05-09 16:05:43,829 | INFO | fetch_order_book: symbol=CHIP/USDC limit=20
2026-05-09 16:05:44,084 | INFO | fetch_order_book: mid=0.065985 spread=1.52bps bids=20 asks=20
2026-05-09 16:05:44,995 | INFO | SPREAD | pair=CHIP/USDC | cex=0.06598/0.06599 | dex_sell=0.0659741 dex_buy=0.0659911 | spread_a=-2.4bps spread_b=-1.7bps | min=30.0bps
2026-05-09 16:05:45,997 | INFO | fetch_order_book: symbol=CHIP/USDC limit=20
2026-05-09 16:05:46,253 | INFO | fetch_order_book: mid=0.065985 spread=1.52bps bids=20 asks=20
2026-05-09 16:05:47,191 | INFO | SPREAD | pair=CHIP/USDC | cex=0.06598/0.06599 | dex_sell=0.0659741 dex_buy=0.0659911 | spread_a=-2.4bps spread_b=-1.7bps | min=30.0bps
2026-05-09 16:05:48,193 | INFO | fetch_order_book: symbol=CHIP/USDC limit=20
2026-05-09 16:05:48,451 | INFO | fetch_order_book: mid=0.06601 spread=3.03bps bids=20 asks=20
2026-05-09 16:05:49,352 | INFO | SPREAD | pair=CHIP/USDC | cex=0.066/0.06602 | dex_sell=0.0659741 dex_buy=0.0660193 | spread_a=-6.9bps spread_b=-2.9bps | min=30.0bps
2026-05-09 16:05:50,354 | INFO | fetch_order_book: symbol=CHIP/USDC limit=20
2026-05-09 16:05:50,610 | INFO | fetch_order_book: mid=0.06601 spread=3.03bps bids=20 asks=20
2026-05-09 16:05:51,557 | INFO | SPREAD | pair=CHIP/USDC | cex=0.066/0.06602 | dex_sell=0.0660003 dex_buy=0.0660193 | spread_a=-3.0bps spread_b=-2.9bps | min=30.0bps
2026-05-09 16:05:52,559 | INFO | fetch_order_book: symbol=CHIP/USDC limit=20
2026-05-09 16:05:52,829 | INFO | fetch_order_book: mid=0.06601 spread=3.03bps bids=20 asks=20
2026-05-09 16:05:53,742 | INFO | SPREAD | pair=CHIP/USDC | cex=0.066/0.06602 | dex_sell=0.0660003 dex_buy=0.0660193 | spread_a=-3.0bps spread_b=-2.9bps | min=30.0bps
2026-05-09 16:05:54,744 | INFO | fetch_order_book: symbol=CHIP/USDC limit=20
2026-05-09 16:05:55,008 | INFO | fetch_order_book: mid=0.06603 spread=3.03bps bids=20 asks=20
2026-05-09 16:05:55,971 | INFO | SPREAD | pair=CHIP/USDC | cex=0.06602/0.06604 | dex_sell=0.0660003 dex_buy=0.0660193 | spread_a=-6.0bps spread_b=0.1bps | min=30.0bps
2026-05-09 16:05:56,974 | INFO | fetch_order_book: symbol=CHIP/USDC limit=20
2026-05-09 16:05:57,240 | INFO | fetch_order_book: mid=0.06603 spread=3.03bps bids=20 asks=20
2026-05-09 16:05:58,111 | INFO | SPREAD | pair=CHIP/USDC | cex=0.06602/0.06604 | dex_sell=0.0660003 dex_buy=0.0660193 | spread_a=-6.0bps spread_b=0.1bps | min=30.0bps
2026-05-09 16:05:59,113 | INFO | fetch_order_book: symbol=CHIP/USDC limit=20
2026-05-09 16:05:59,375 | INFO | fetch_order_book: mid=0.06602 spread=6.06bps bids=20 asks=20
2026-05-09 16:06:00,342 | INFO | SPREAD | pair=CHIP/USDC | cex=0.066/0.06604 | dex_sell=0.0660003 dex_buy=0.0660193 | spread_a=-6.0bps spread_b=-2.9bps | min=30.0bps
2026-05-09 16:06:01,344 | INFO | fetch_order_book: symbol=CHIP/USDC limit=20
2026-05-09 16:06:01,618 | INFO | fetch_order_book: mid=0.06604 spread=6.06bps bids=20 asks=20
2026-05-09 16:06:02,537 | INFO | SPREAD | pair=CHIP/USDC | cex=0.06602/0.06606 | dex_sell=0.0660003 dex_buy=0.0660193 | spread_a=-9.0bps spread_b=0.1bps | min=30.0bps
2026-05-09 16:06:03,540 | INFO | fetch_order_book: symbol=CHIP/USDC limit=20
2026-05-09 16:06:03,801 | INFO | fetch_order_book: mid=0.066045 spread=4.54bps bids=20 asks=20
2026-05-09 16:06:04,773 | INFO | SPREAD | pair=CHIP/USDC | cex=0.06603/0.06606 | dex_sell=0.0660003 dex_buy=0.0660193 | spread_a=-9.0bps spread_b=1.6bps | min=30.0bps
2026-05-09 16:06:05,776 | INFO | fetch_order_book: symbol=CHIP/USDC limit=20
2026-05-09 16:06:06,040 | INFO | fetch_order_book: mid=0.066055 spread=1.51bps bids=20 asks=20
2026-05-09 16:06:06,940 | INFO | SPREAD | pair=CHIP/USDC | cex=0.06605/0.06606 | dex_sell=0.0660003 dex_buy=0.0660596 | spread_a=-9.0bps spread_b=-1.5bps | min=30.0bps
2026-05-09 16:06:07,943 | INFO | fetch_order_book: symbol=CHIP/USDC limit=20
2026-05-09 16:06:08,207 | INFO | fetch_order_book: mid=0.066055 spread=1.51bps bids=20 asks=20
2026-05-09 16:06:09,117 | INFO | SPREAD | pair=CHIP/USDC | cex=0.06605/0.06606 | dex_sell=0.0660374 dex_buy=0.0660596 | spread_a=-3.4bps spread_b=-1.5bps | min=30.0bps
2026-05-09 16:06:10,119 | INFO | fetch_order_book: symbol=CHIP/USDC limit=20
2026-05-09 16:06:10,374 | INFO | fetch_order_book: mid=0.066065 spread=1.51bps bids=20 asks=20
2026-05-09 16:06:11,231 | INFO | SPREAD | pair=CHIP/USDC | cex=0.06606/0.06607 | dex_sell=0.0660374 dex_buy=0.0660596 | spread_a=-4.9bps spread_b=0.1bps | min=30.0bps
2026-05-09 16:06:12,234 | INFO | fetch_order_book: symbol=CHIP/USDC limit=20
2026-05-09 16:06:12,500 | INFO | fetch_order_book: mid=0.066065 spread=1.51bps bids=20 asks=20
2026-05-09 16:06:13,463 | INFO | SPREAD | pair=CHIP/USDC | cex=0.06606/0.06607 | dex_sell=0.0660374 dex_buy=0.0660596 | spread_a=-4.9bps spread_b=0.1bps | min=30.0bps
2026-05-09 16:06:14,465 | INFO | fetch_order_book: symbol=CHIP/USDC limit=20
2026-05-09 16:06:14,745 | INFO | fetch_order_book: mid=0.066065 spread=1.51bps bids=20 asks=20
2026-05-09 16:06:15,594 | INFO | SPREAD | pair=CHIP/USDC | cex=0.06606/0.06607 | dex_sell=0.0660374 dex_buy=0.0660596 | spread_a=-4.9bps spread_b=0.1bps | min=30.0bps
2026-05-09 16:06:16,597 | INFO | fetch_order_book: symbol=CHIP/USDC limit=20
2026-05-09 16:06:16,857 | INFO | fetch_order_book: mid=0.06605 spread=3.03bps bids=20 asks=20
2026-05-09 16:06:17,797 | INFO | SPREAD | pair=CHIP/USDC | cex=0.06604/0.06606 | dex_sell=0.0660374 dex_buy=0.0660596 | spread_a=-3.4bps spread_b=-3.0bps | min=30.0bps
2026-05-09 16:06:18,800 | INFO | fetch_order_book: symbol=CHIP/USDC limit=20
2026-05-09 16:06:19,059 | INFO | fetch_order_book: mid=0.06605 spread=3.03bps bids=20 asks=20
2026-05-09 16:06:19,994 | INFO | SPREAD | pair=CHIP/USDC | cex=0.06604/0.06606 | dex_sell=0.0660374 dex_buy=0.0660596 | spread_a=-3.4bps spread_b=-3.0bps | min=30.0bps
2026-05-09 16:06:20,996 | INFO | fetch_order_book: symbol=CHIP/USDC limit=20
2026-05-09 16:06:21,253 | INFO | fetch_order_book: mid=0.06605 spread=3.03bps bids=20 asks=20
2026-05-09 16:06:22,176 | INFO | SPREAD | pair=CHIP/USDC | cex=0.06604/0.06606 | dex_sell=0.0660374 dex_buy=0.0660596 | spread_a=-3.4bps spread_b=-3.0bps | min=30.0bps
2026-05-09 16:06:23,179 | INFO | fetch_order_book: symbol=CHIP/USDC limit=20
2026-05-09 16:06:23,440 | INFO | fetch_order_book: mid=0.06605 spread=3.03bps bids=20 asks=20
2026-05-09 16:06:24,304 | INFO | SPREAD | pair=CHIP/USDC | cex=0.06604/0.06606 | dex_sell=0.0660374 dex_buy=0.0660596 | spread_a=-3.4bps spread_b=-3.0bps | min=30.0bps
2026-05-09 16:06:25,306 | INFO | fetch_order_book: symbol=CHIP/USDC limit=20
2026-05-09 16:06:25,562 | INFO | fetch_order_book: mid=0.06602 spread=3.03bps bids=20 asks=20
2026-05-09 16:06:26,504 | INFO | SPREAD | pair=CHIP/USDC | cex=0.06601/0.06603 | dex_sell=0.0660374 dex_buy=0.0660596 | spread_a=1.1bps spread_b=-7.5bps | min=30.0bps
2026-05-09 16:06:27,506 | INFO | fetch_order_book: symbol=CHIP/USDC limit=20
2026-05-09 16:06:27,765 | INFO | fetch_order_book: mid=0.06602 spread=3.03bps bids=20 asks=20
2026-05-09 16:06:28,617 | INFO | SPREAD | pair=CHIP/USDC | cex=0.06601/0.06603 | dex_sell=0.0660374 dex_buy=0.0660596 | spread_a=1.1bps spread_b=-7.5bps | min=30.0bps
2026-05-09 16:06:29,619 | INFO | fetch_order_book: symbol=CHIP/USDC limit=20
2026-05-09 16:06:29,878 | INFO | fetch_order_book: mid=0.066045 spread=7.57bps bids=20 asks=20
2026-05-09 16:06:30,789 | INFO | SPREAD | pair=CHIP/USDC | cex=0.06602/0.06607 | dex_sell=0.0660374 dex_buy=0.0660596 | spread_a=-4.9bps spread_b=-6.0bps | min=30.0bps
2026-05-09 16:06:31,791 | INFO | fetch_order_book: symbol=CHIP/USDC limit=20
2026-05-09 16:06:32,053 | INFO | fetch_order_book: mid=0.066065 spread=1.51bps bids=20 asks=20
2026-05-09 16:06:32,976 | INFO | SPREAD | pair=CHIP/USDC | cex=0.06606/0.06607 | dex_sell=0.0660374 dex_buy=0.0660596 | spread_a=-4.9bps spread_b=0.1bps | min=30.0bps
2026-05-09 16:06:33,978 | INFO | fetch_order_book: symbol=CHIP/USDC limit=20
2026-05-09 16:06:34,247 | INFO | fetch_order_book: mid=0.066035 spread=4.54bps bids=20 asks=20
2026-05-09 16:06:35,158 | INFO | SPREAD | pair=CHIP/USDC | cex=0.06602/0.06605 | dex_sell=0.0660374 dex_buy=0.0660596 | spread_a=-1.9bps spread_b=-6.0bps | min=30.0bps
2026-05-09 16:06:36,160 | INFO | fetch_order_book: symbol=CHIP/USDC limit=20
2026-05-09 16:06:36,421 | INFO | fetch_order_book: mid=0.066035 spread=4.54bps bids=20 asks=20
2026-05-09 16:06:37,294 | INFO | SPREAD | pair=CHIP/USDC | cex=0.06602/0.06605 | dex_sell=0.0660374 dex_buy=0.0660596 | spread_a=-1.9bps spread_b=-6.0bps | min=30.0bps
2026-05-09 16:06:38,297 | INFO | fetch_order_book: symbol=CHIP/USDC limit=20
2026-05-09 16:06:38,557 | INFO | fetch_order_book: mid=0.066035 spread=4.54bps bids=20 asks=20
2026-05-09 16:06:39,509 | INFO | SPREAD | pair=CHIP/USDC | cex=0.06602/0.06605 | dex_sell=0.0660374 dex_buy=0.0660596 | spread_a=-1.9bps spread_b=-6.0bps | min=30.0bps
2026-05-09 16:06:40,512 | INFO | fetch_order_book: symbol=CHIP/USDC limit=20
2026-05-09 16:06:40,769 | INFO | fetch_order_book: mid=0.06604 spread=3.03bps bids=20 asks=20
2026-05-09 16:06:41,622 | INFO | SPREAD | pair=CHIP/USDC | cex=0.06603/0.06605 | dex_sell=0.0660374 dex_buy=0.0660596 | spread_a=-1.9bps spread_b=-4.5bps | min=30.0bps
2026-05-09 16:06:42,624 | INFO | fetch_order_book: symbol=CHIP/USDC limit=20
2026-05-09 16:06:42,884 | INFO | fetch_order_book: mid=0.06604 spread=3.03bps bids=20 asks=20
2026-05-09 16:06:43,841 | INFO | SPREAD | pair=CHIP/USDC | cex=0.06603/0.06605 | dex_sell=0.0660374 dex_buy=0.0660596 | spread_a=-1.9bps spread_b=-4.5bps | min=30.0bps
2026-05-09 16:06:44,844 | INFO | fetch_order_book: symbol=CHIP/USDC limit=20
2026-05-09 16:06:45,103 | INFO | fetch_order_book: mid=0.066045 spread=1.51bps bids=20 asks=20
2026-05-09 16:06:45,998 | INFO | SPREAD | pair=CHIP/USDC | cex=0.06604/0.06605 | dex_sell=0.0660374 dex_buy=0.0660596 | spread_a=-1.9bps spread_b=-3.0bps | min=30.0bps
2026-05-09 16:06:47,001 | INFO | fetch_order_book: symbol=CHIP/USDC limit=20
2026-05-09 16:06:47,259 | INFO | fetch_order_book: mid=0.06604 spread=3.03bps bids=20 asks=20
2026-05-09 16:06:48,210 | INFO | SPREAD | pair=CHIP/USDC | cex=0.06603/0.06605 | dex_sell=0.0660374 dex_buy=0.0660596 | spread_a=-1.9bps spread_b=-4.5bps | min=30.0bps
2026-05-09 16:06:49,212 | INFO | fetch_order_book: symbol=CHIP/USDC limit=20
2026-05-09 16:06:49,469 | INFO | fetch_order_book: mid=0.06604 spread=3.03bps bids=20 asks=20
2026-05-09 16:06:50,325 | INFO | SPREAD | pair=CHIP/USDC | cex=0.06603/0.06605 | dex_sell=0.0660374 dex_buy=0.0660596 | spread_a=-1.9bps spread_b=-4.5bps | min=30.0bps
2026-05-09 16:06:51,328 | INFO | fetch_order_book: symbol=CHIP/USDC limit=20
2026-05-09 16:06:51,591 | INFO | fetch_order_book: mid=0.066025 spread=1.51bps bids=20 asks=20
2026-05-09 16:06:52,536 | INFO | SPREAD | pair=CHIP/USDC | cex=0.06602/0.06603 | dex_sell=0.0660374 dex_buy=0.0660596 | spread_a=1.1bps spread_b=-6.0bps | min=30.0bps
2026-05-09 16:06:53,539 | INFO | fetch_order_book: symbol=CHIP/USDC limit=20
2026-05-09 16:06:53,801 | INFO | fetch_order_book: mid=0.066025 spread=1.51bps bids=20 asks=20
2026-05-09 16:06:54,694 | INFO | SPREAD | pair=CHIP/USDC | cex=0.06602/0.06603 | dex_sell=0.0660374 dex_buy=0.0660596 | spread_a=1.1bps spread_b=-6.0bps | min=30.0bps
2026-05-09 16:06:55,696 | INFO | fetch_order_book: symbol=CHIP/USDC limit=20
2026-05-09 16:06:55,958 | INFO | fetch_order_book: mid=0.066025 spread=1.51bps bids=20 asks=20
2026-05-09 16:06:56,899 | INFO | SPREAD | pair=CHIP/USDC | cex=0.06602/0.06603 | dex_sell=0.0660023 dex_buy=0.0660234 | spread_a=-4.2bps spread_b=-0.5bps | min=30.0bps
2026-05-09 16:06:57,901 | INFO | fetch_order_book: symbol=CHIP/USDC limit=20
2026-05-09 16:06:58,159 | INFO | fetch_order_book: mid=0.066005 spread=1.52bps bids=20 asks=20
2026-05-09 16:06:59,065 | INFO | SPREAD | pair=CHIP/USDC | cex=0.066/0.06601 | dex_sell=0.0660023 dex_buy=0.0660234 | spread_a=-1.2bps spread_b=-3.5bps | min=30.0bps
2026-05-09 16:07:00,067 | INFO | fetch_order_book: symbol=CHIP/USDC limit=20
2026-05-09 16:07:00,325 | INFO | fetch_order_book: mid=0.065995 spread=1.52bps bids=20 asks=20
2026-05-09 16:07:01,277 | INFO | SPREAD | pair=CHIP/USDC | cex=0.06599/0.066 | dex_sell=0.0660023 dex_buy=0.0660234 | spread_a=0.4bps spread_b=-5.1bps | min=30.0bps
2026-05-09 16:07:02,279 | INFO | fetch_order_book: symbol=CHIP/USDC limit=20
2026-05-09 16:07:02,535 | INFO | fetch_order_book: mid=0.06599 spread=3.03bps bids=20 asks=20
2026-05-09 16:07:03,418 | INFO | SPREAD | pair=CHIP/USDC | cex=0.06598/0.066 | dex_sell=0.0659742 dex_buy=0.0659912 | spread_a=-3.9bps spread_b=-1.7bps | min=30.0bps
2026-05-09 16:07:04,420 | INFO | fetch_order_book: symbol=CHIP/USDC limit=20
2026-05-09 16:07:04,678 | INFO | fetch_order_book: mid=0.06599 spread=3.03bps bids=20 asks=20
2026-05-09 16:07:05,583 | INFO | SPREAD | pair=CHIP/USDC | cex=0.06598/0.066 | dex_sell=0.0659742 dex_buy=0.0659912 | spread_a=-3.9bps spread_b=-1.7bps | min=30.0bps
2026-05-09 16:07:06,585 | INFO | fetch_order_book: symbol=CHIP/USDC limit=20
2026-05-09 16:07:06,846 | INFO | fetch_order_book: mid=0.065985 spread=4.55bps bids=20 asks=20
2026-05-09 16:07:07,737 | INFO | SPREAD | pair=CHIP/USDC | cex=0.06597/0.066 | dex_sell=0.0659742 dex_buy=0.0659912 | spread_a=-3.9bps spread_b=-3.2bps | min=30.0bps
2026-05-09 16:07:08,740 | INFO | fetch_order_book: symbol=CHIP/USDC limit=20
2026-05-09 16:07:08,997 | INFO | fetch_order_book: mid=0.06599 spread=3.03bps bids=20 asks=20
2026-05-09 16:07:09,946 | INFO | SPREAD | pair=CHIP/USDC | cex=0.06598/0.066 | dex_sell=0.0659742 dex_buy=0.0659912 | spread_a=-3.9bps spread_b=-1.7bps | min=30.0bps
2026-05-09 16:07:10,948 | INFO | fetch_order_book: symbol=CHIP/USDC limit=20
2026-05-09 16:07:11,203 | INFO | fetch_order_book: mid=0.06599 spread=3.03bps bids=20 asks=20
2026-05-09 16:07:12,104 | INFO | SPREAD | pair=CHIP/USDC | cex=0.06598/0.066 | dex_sell=0.0659742 dex_buy=0.0659912 | spread_a=-3.9bps spread_b=-1.7bps | min=30.0bps
2026-05-09 16:07:13,107 | INFO | fetch_order_book: symbol=CHIP/USDC limit=20
2026-05-09 16:07:13,366 | INFO | fetch_order_book: mid=0.065985 spread=4.55bps bids=20 asks=20
2026-05-09 16:07:14,281 | INFO | SPREAD | pair=CHIP/USDC | cex=0.06597/0.066 | dex_sell=0.0659742 dex_buy=0.0659912 | spread_a=-3.9bps spread_b=-3.2bps | min=30.0bps
2026-05-09 16:07:15,283 | INFO | fetch_order_book: symbol=CHIP/USDC limit=20
2026-05-09 16:07:15,543 | INFO | fetch_order_book: mid=0.065985 spread=4.55bps bids=20 asks=20
2026-05-09 16:07:16,401 | INFO | SPREAD | pair=CHIP/USDC | cex=0.06597/0.066 | dex_sell=0.0659742 dex_buy=0.0659912 | spread_a=-3.9bps spread_b=-3.2bps | min=30.0bps
2026-05-09 16:07:17,404 | INFO | fetch_order_book: symbol=CHIP/USDC limit=20
2026-05-09 16:07:17,667 | INFO | fetch_order_book: mid=0.065985 spread=4.55bps bids=20 asks=20
2026-05-09 16:07:18,589 | INFO | SPREAD | pair=CHIP/USDC | cex=0.06597/0.066 | dex_sell=0.0659742 dex_buy=0.0659912 | spread_a=-3.9bps spread_b=-3.2bps | min=30.0bps
2026-05-09 16:07:19,591 | INFO | fetch_order_book: symbol=CHIP/USDC limit=20
2026-05-09 16:07:19,850 | INFO | fetch_order_book: mid=0.065985 spread=4.55bps bids=20 asks=20
2026-05-09 16:07:20,715 | INFO | SPREAD | pair=CHIP/USDC | cex=0.06597/0.066 | dex_sell=0.0659742 dex_buy=0.0659912 | spread_a=-3.9bps spread_b=-3.2bps | min=30.0bps
2026-05-09 16:07:21,717 | INFO | fetch_order_book: symbol=CHIP/USDC limit=20
2026-05-09 16:07:21,982 | INFO | fetch_order_book: mid=0.065985 spread=4.55bps bids=20 asks=20
2026-05-09 16:07:23,131 | INFO | SPREAD | pair=CHIP/USDC | cex=0.06597/0.066 | dex_sell=0.0659742 dex_buy=0.0659912 | spread_a=-3.9bps spread_b=-3.2bps | min=30.0bps
2026-05-09 16:07:24,134 | INFO | fetch_order_book: symbol=CHIP/USDC limit=20
2026-05-09 16:07:24,391 | INFO | fetch_order_book: mid=0.06598 spread=3.03bps bids=20 asks=20
2026-05-09 16:07:25,377 | INFO | SPREAD | pair=CHIP/USDC | cex=0.06597/0.06599 | dex_sell=0.0659742 dex_buy=0.0659912 | spread_a=-2.4bps spread_b=-3.2bps | min=30.0bps
2026-05-09 16:07:26,380 | INFO | fetch_order_book: symbol=CHIP/USDC limit=20
2026-05-09 16:07:26,641 | INFO | fetch_order_book: mid=0.065985 spread=4.55bps bids=20 asks=20
2026-05-09 16:07:27,541 | INFO | SPREAD | pair=CHIP/USDC | cex=0.06597/0.066 | dex_sell=0.0659742 dex_buy=0.0659912 | spread_a=-3.9bps spread_b=-3.2bps | min=30.0bps
2026-05-09 16:07:28,543 | INFO | fetch_order_book: symbol=CHIP/USDC limit=20
2026-05-09 16:07:28,803 | INFO | fetch_order_book: mid=0.065985 spread=4.55bps bids=20 asks=20
2026-05-09 16:07:29,673 | INFO | SPREAD | pair=CHIP/USDC | cex=0.06597/0.066 | dex_sell=0.0659742 dex_buy=0.0659912 | spread_a=-3.9bps spread_b=-3.2bps | min=30.0bps
2026-05-09 16:07:30,676 | INFO | fetch_order_book: symbol=CHIP/USDC limit=20
2026-05-09 16:07:30,937 | INFO | fetch_order_book: mid=0.065985 spread=4.55bps bids=20 asks=20
2026-05-09 16:07:31,874 | INFO | SPREAD | pair=CHIP/USDC | cex=0.06597/0.066 | dex_sell=0.0659742 dex_buy=0.0659912 | spread_a=-3.9bps spread_b=-3.2bps | min=30.0bps
2026-05-09 16:07:32,877 | INFO | fetch_order_book: symbol=CHIP/USDC limit=20
2026-05-09 16:07:33,148 | INFO | fetch_order_book: mid=0.065985 spread=4.55bps bids=20 asks=20
2026-05-09 16:07:34,008 | INFO | SPREAD | pair=CHIP/USDC | cex=0.06597/0.066 | dex_sell=0.0659742 dex_buy=0.0659912 | spread_a=-3.9bps spread_b=-3.2bps | min=30.0bps
2026-05-09 16:07:35,011 | INFO | fetch_order_book: symbol=CHIP/USDC limit=20
2026-05-09 16:07:35,269 | INFO | fetch_order_book: mid=0.065985 spread=4.55bps bids=20 asks=20
2026-05-09 16:07:36,248 | INFO | SPREAD | pair=CHIP/USDC | cex=0.06597/0.066 | dex_sell=0.0659742 dex_buy=0.0659912 | spread_a=-3.9bps spread_b=-3.2bps | min=30.0bps
2026-05-09 16:07:37,250 | INFO | fetch_order_book: symbol=CHIP/USDC limit=20
2026-05-09 16:07:37,508 | INFO | fetch_order_book: mid=0.065985 spread=4.55bps bids=20 asks=20
2026-05-09 16:07:38,393 | INFO | SPREAD | pair=CHIP/USDC | cex=0.06597/0.066 | dex_sell=0.0659742 dex_buy=0.0659912 | spread_a=-3.9bps spread_b=-3.2bps | min=30.0bps
2026-05-09 16:07:39,395 | INFO | fetch_order_book: symbol=CHIP/USDC limit=20
2026-05-09 16:07:39,650 | INFO | fetch_order_book: mid=0.065985 spread=4.55bps bids=20 asks=20
2026-05-09 16:07:40,600 | INFO | SPREAD | pair=CHIP/USDC | cex=0.06597/0.066 | dex_sell=0.0659742 dex_buy=0.0659912 | spread_a=-3.9bps spread_b=-3.2bps | min=30.0bps
2026-05-09 16:07:41,603 | INFO | fetch_order_book: symbol=CHIP/USDC limit=20
2026-05-09 16:07:41,858 | INFO | fetch_order_book: mid=0.06598 spread=3.03bps bids=20 asks=20
2026-05-09 16:07:42,718 | INFO | SPREAD | pair=CHIP/USDC | cex=0.06597/0.06599 | dex_sell=0.0659742 dex_buy=0.0659912 | spread_a=-2.4bps spread_b=-3.2bps | min=30.0bps
2026-05-09 16:07:43,720 | INFO | fetch_order_book: symbol=CHIP/USDC limit=20
2026-05-09 16:07:43,982 | INFO | fetch_order_book: mid=0.06598 spread=3.03bps bids=20 asks=20
2026-05-09 16:07:44,934 | INFO | SPREAD | pair=CHIP/USDC | cex=0.06597/0.06599 | dex_sell=0.0659742 dex_buy=0.0659912 | spread_a=-2.4bps spread_b=-3.2bps | min=30.0bps
2026-05-09 16:07:45,936 | INFO | fetch_order_book: symbol=CHIP/USDC limit=20
2026-05-09 16:07:46,193 | INFO | fetch_order_book: mid=0.06598 spread=3.03bps bids=20 asks=20
2026-05-09 16:07:47,162 | INFO | SPREAD | pair=CHIP/USDC | cex=0.06597/0.06599 | dex_sell=0.0659742 dex_buy=0.0659912 | spread_a=-2.4bps spread_b=-3.2bps | min=30.0bps
2026-05-09 16:07:48,164 | INFO | fetch_order_book: symbol=CHIP/USDC limit=20
2026-05-09 16:07:48,425 | INFO | fetch_order_book: mid=0.06598 spread=3.03bps bids=20 asks=20
2026-05-09 16:07:49,376 | INFO | SPREAD | pair=CHIP/USDC | cex=0.06597/0.06599 | dex_sell=0.0659742 dex_buy=0.0659912 | spread_a=-2.4bps spread_b=-3.2bps | min=30.0bps
2026-05-09 16:07:50,377 | INFO | fetch_order_book: symbol=CHIP/USDC limit=20
2026-05-09 16:07:50,635 | INFO | fetch_order_book: mid=0.065985 spread=4.55bps bids=20 asks=20
2026-05-09 16:07:51,511 | INFO | SPREAD | pair=CHIP/USDC | cex=0.06597/0.066 | dex_sell=0.0659742 dex_buy=0.0659912 | spread_a=-3.9bps spread_b=-3.2bps | min=30.0bps
2026-05-09 16:07:52,513 | INFO | fetch_order_book: symbol=CHIP/USDC limit=20
2026-05-09 16:07:52,768 | INFO | fetch_order_book: mid=0.065985 spread=4.55bps bids=20 asks=20
2026-05-09 16:07:53,694 | INFO | SPREAD | pair=CHIP/USDC | cex=0.06597/0.066 | dex_sell=0.0659742 dex_buy=0.0659912 | spread_a=-3.9bps spread_b=-3.2bps | min=30.0bps
2026-05-09 16:07:54,697 | INFO | fetch_order_book: symbol=CHIP/USDC limit=20
2026-05-09 16:07:54,950 | INFO | fetch_order_book: mid=0.065985 spread=4.55bps bids=20 asks=20
2026-05-09 16:07:55,894 | INFO | SPREAD | pair=CHIP/USDC | cex=0.06597/0.066 | dex_sell=0.0659742 dex_buy=0.0659912 | spread_a=-3.9bps spread_b=-3.2bps | min=30.0bps
2026-05-09 16:07:56,896 | INFO | fetch_order_book: symbol=CHIP/USDC limit=20
2026-05-09 16:07:57,152 | INFO | fetch_order_book: mid=0.065955 spread=4.55bps bids=20 asks=20
2026-05-09 16:07:58,034 | INFO | SPREAD | pair=CHIP/USDC | cex=0.06594/0.06597 | dex_sell=0.065954 dex_buy=0.065971 | spread_a=-2.4bps spread_b=-4.7bps | min=30.0bps
2026-05-09 16:07:59,036 | INFO | fetch_order_book: symbol=CHIP/USDC limit=20
2026-05-09 16:07:59,293 | INFO | fetch_order_book: mid=0.06596 spread=3.03bps bids=20 asks=20
2026-05-09 16:08:00,334 | INFO | SPREAD | pair=CHIP/USDC | cex=0.06595/0.06597 | dex_sell=0.065954 dex_buy=0.065971 | spread_a=-2.4bps spread_b=-3.2bps | min=30.0bps
2026-05-09 16:08:01,337 | INFO | fetch_order_book: symbol=CHIP/USDC limit=20
2026-05-09 16:08:01,599 | INFO | fetch_order_book: mid=0.065975 spread=4.55bps bids=20 asks=20
2026-05-09 16:08:02,561 | INFO | SPREAD | pair=CHIP/USDC | cex=0.06596/0.06599 | dex_sell=0.065954 dex_buy=0.065971 | spread_a=-5.4bps spread_b=-1.7bps | min=30.0bps
2026-05-09 16:08:03,564 | INFO | fetch_order_book: symbol=CHIP/USDC limit=20
2026-05-09 16:08:03,829 | INFO | fetch_order_book: mid=0.065985 spread=1.52bps bids=20 asks=20
2026-05-09 16:08:04,737 | INFO | SPREAD | pair=CHIP/USDC | cex=0.06598/0.06599 | dex_sell=0.065954 dex_buy=0.065971 | spread_a=-5.4bps spread_b=1.4bps | min=30.0bps
2026-05-09 16:08:05,739 | INFO | fetch_order_book: symbol=CHIP/USDC limit=20
2026-05-09 16:08:05,993 | INFO | fetch_order_book: mid=0.065995 spread=1.52bps bids=20 asks=20
2026-05-09 16:08:06,972 | INFO | SPREAD | pair=CHIP/USDC | cex=0.06599/0.066 | dex_sell=0.065954 dex_buy=0.065971 | spread_a=-7.0bps spread_b=2.9bps | min=30.0bps
2026-05-09 16:08:07,975 | INFO | fetch_order_book: symbol=CHIP/USDC limit=20
2026-05-09 16:08:08,270 | INFO | fetch_order_book: mid=0.065995 spread=1.52bps bids=20 asks=20
2026-05-09 16:08:09,161 | INFO | SPREAD | pair=CHIP/USDC | cex=0.06599/0.066 | dex_sell=0.065954 dex_buy=0.065971 | spread_a=-7.0bps spread_b=2.9bps | min=30.0bps
2026-05-09 16:08:10,163 | INFO | fetch_order_book: symbol=CHIP/USDC limit=20
2026-05-09 16:08:10,432 | INFO | fetch_order_book: mid=0.065995 spread=1.52bps bids=20 asks=20
2026-05-09 16:08:11,357 | INFO | SPREAD | pair=CHIP/USDC | cex=0.06599/0.066 | dex_sell=0.065954 dex_buy=0.065971 | spread_a=-7.0bps spread_b=2.9bps | min=30.0bps
2026-05-09 16:08:12,360 | INFO | fetch_order_book: symbol=CHIP/USDC limit=20
2026-05-09 16:08:12,644 | INFO | fetch_order_book: mid=0.065995 spread=1.52bps bids=20 asks=20
2026-05-09 16:08:13,541 | INFO | SPREAD | pair=CHIP/USDC | cex=0.06599/0.066 | dex_sell=0.065954 dex_buy=0.065971 | spread_a=-7.0bps spread_b=2.9bps | min=30.0bps
2026-05-09 16:08:14,544 | INFO | fetch_order_book: symbol=CHIP/USDC limit=20
2026-05-09 16:08:14,799 | INFO | fetch_order_book: mid=0.065995 spread=1.52bps bids=20 asks=20
2026-05-09 16:08:15,772 | INFO | SPREAD | pair=CHIP/USDC | cex=0.06599/0.066 | dex_sell=0.065954 dex_buy=0.065971 | spread_a=-7.0bps spread_b=2.9bps | min=30.0bps
2026-05-09 16:08:16,775 | INFO | fetch_order_book: symbol=CHIP/USDC limit=20
2026-05-09 16:08:17,031 | INFO | fetch_order_book: mid=0.065995 spread=1.52bps bids=20 asks=20
2026-05-09 16:08:17,961 | INFO | SPREAD | pair=CHIP/USDC | cex=0.06599/0.066 | dex_sell=0.065954 dex_buy=0.065971 | spread_a=-7.0bps spread_b=2.9bps | min=30.0bps
2026-05-09 16:08:18,964 | INFO | fetch_order_book: symbol=CHIP/USDC limit=20
2026-05-09 16:08:19,287 | INFO | fetch_order_book: mid=0.065995 spread=1.52bps bids=20 asks=20
2026-05-09 16:08:20,232 | INFO | SPREAD | pair=CHIP/USDC | cex=0.06599/0.066 | dex_sell=0.065954 dex_buy=0.065971 | spread_a=-7.0bps spread_b=2.9bps | min=30.0bps
2026-05-09 16:08:21,234 | INFO | fetch_order_book: symbol=CHIP/USDC limit=20
2026-05-09 16:08:21,506 | INFO | fetch_order_book: mid=0.065995 spread=1.52bps bids=20 asks=20
2026-05-09 16:08:22,416 | INFO | SPREAD | pair=CHIP/USDC | cex=0.06599/0.066 | dex_sell=0.065954 dex_buy=0.065971 | spread_a=-7.0bps spread_b=2.9bps | min=30.0bps
2026-05-09 16:08:23,418 | INFO | fetch_order_book: symbol=CHIP/USDC limit=20
2026-05-09 16:08:23,691 | INFO | fetch_order_book: mid=0.066025 spread=1.51bps bids=20 asks=20
2026-05-09 16:08:24,611 | INFO | SPREAD | pair=CHIP/USDC | cex=0.06602/0.06603 | dex_sell=0.0659802 dex_buy=0.0659971 | spread_a=-7.5bps spread_b=3.5bps | min=30.0bps
2026-05-09 16:08:25,613 | INFO | fetch_order_book: symbol=CHIP/USDC limit=20
2026-05-09 16:08:25,884 | INFO | fetch_order_book: mid=0.066025 spread=1.51bps bids=20 asks=20
2026-05-09 16:08:26,908 | INFO | SPREAD | pair=CHIP/USDC | cex=0.06602/0.06603 | dex_sell=0.0660006 dex_buy=0.06602 | spread_a=-4.5bps spread_b=-0.0bps | min=30.0bps
2026-05-09 16:08:27,910 | INFO | fetch_order_book: symbol=CHIP/USDC limit=20
2026-05-09 16:08:28,271 | INFO | fetch_order_book: mid=0.066045 spread=1.51bps bids=20 asks=20
2026-05-09 16:08:29,174 | INFO | SPREAD | pair=CHIP/USDC | cex=0.06604/0.06605 | dex_sell=0.0660006 dex_buy=0.06602 | spread_a=-7.5bps spread_b=3.0bps | min=30.0bps
2026-05-09 16:08:30,176 | INFO | fetch_order_book: symbol=CHIP/USDC limit=20
2026-05-09 16:08:30,433 | INFO | fetch_order_book: mid=0.066045 spread=1.51bps bids=20 asks=20
2026-05-09 16:08:31,282 | INFO | SPREAD | pair=CHIP/USDC | cex=0.06604/0.06605 | dex_sell=0.0660006 dex_buy=0.06602 | spread_a=-7.5bps spread_b=3.0bps | min=30.0bps
2026-05-09 16:08:32,285 | INFO | fetch_order_book: symbol=CHIP/USDC limit=20
2026-05-09 16:08:32,544 | INFO | fetch_order_book: mid=0.066045 spread=1.51bps bids=20 asks=20
2026-05-09 16:08:33,496 | INFO | SPREAD | pair=CHIP/USDC | cex=0.06604/0.06605 | dex_sell=0.0660006 dex_buy=0.06602 | spread_a=-7.5bps spread_b=3.0bps | min=30.0bps
2026-05-09 16:08:34,498 | INFO | fetch_order_book: symbol=CHIP/USDC limit=20
2026-05-09 16:08:34,756 | INFO | fetch_order_book: mid=0.066045 spread=4.54bps bids=20 asks=20
2026-05-09 16:08:35,621 | INFO | SPREAD | pair=CHIP/USDC | cex=0.06603/0.06606 | dex_sell=0.0660006 dex_buy=0.0660599 | spread_a=-9.0bps spread_b=-4.5bps | min=30.0bps
2026-05-09 16:08:36,623 | INFO | fetch_order_book: symbol=CHIP/USDC limit=20
2026-05-09 16:08:36,884 | INFO | fetch_order_book: mid=0.06604 spread=3.03bps bids=20 asks=20
2026-05-09 16:08:37,829 | INFO | SPREAD | pair=CHIP/USDC | cex=0.06603/0.06605 | dex_sell=0.0660378 dex_buy=0.0660599 | spread_a=-1.9bps spread_b=-4.5bps | min=30.0bps
2026-05-09 16:08:38,831 | INFO | fetch_order_book: symbol=CHIP/USDC limit=20
2026-05-09 16:08:39,089 | INFO | fetch_order_book: mid=0.066055 spread=4.54bps bids=20 asks=20
2026-05-09 16:08:39,954 | INFO | SPREAD | pair=CHIP/USDC | cex=0.06604/0.06607 | dex_sell=0.0660378 dex_buy=0.0660599 | spread_a=-4.9bps spread_b=-3.0bps | min=30.0bps
2026-05-09 16:08:40,956 | INFO | fetch_order_book: symbol=CHIP/USDC limit=20
2026-05-09 16:08:41,213 | INFO | fetch_order_book: mid=0.066065 spread=4.54bps bids=20 asks=20
2026-05-09 16:08:42,254 | INFO | SPREAD | pair=CHIP/USDC | cex=0.06605/0.06608 | dex_sell=0.0660378 dex_buy=0.0660599 | spread_a=-6.4bps spread_b=-1.5bps | min=30.0bps
2026-05-09 16:08:43,256 | INFO | fetch_order_book: symbol=CHIP/USDC limit=20
2026-05-09 16:08:43,521 | INFO | fetch_order_book: mid=0.066075 spread=1.51bps bids=20 asks=20
2026-05-09 16:08:44,390 | INFO | SPREAD | pair=CHIP/USDC | cex=0.06607/0.06608 | dex_sell=0.0660378 dex_buy=0.0660599 | spread_a=-6.4bps spread_b=1.5bps | min=30.0bps
2026-05-09 16:08:45,393 | INFO | fetch_order_book: symbol=CHIP/USDC limit=20
2026-05-09 16:08:45,670 | INFO | fetch_order_book: mid=0.066085 spread=1.51bps bids=20 asks=20
2026-05-09 16:08:46,594 | INFO | SPREAD | pair=CHIP/USDC | cex=0.06608/0.06609 | dex_sell=0.0660777 dex_buy=0.0660999 | spread_a=-1.9bps spread_b=-3.0bps | min=30.0bps
2026-05-09 16:08:47,597 | INFO | fetch_order_book: symbol=CHIP/USDC limit=20
2026-05-09 16:08:47,858 | INFO | fetch_order_book: mid=0.066095 spread=1.51bps bids=20 asks=20
2026-05-09 16:08:48,737 | INFO | SPREAD | pair=CHIP/USDC | cex=0.06609/0.0661 | dex_sell=0.0660777 dex_buy=0.0660999 | spread_a=-3.4bps spread_b=-1.5bps | min=30.0bps
2026-05-09 16:08:49,739 | INFO | fetch_order_book: symbol=CHIP/USDC limit=20
2026-05-09 16:08:49,999 | INFO | fetch_order_book: mid=0.066095 spread=1.51bps bids=20 asks=20
2026-05-09 16:08:50,908 | INFO | SPREAD | pair=CHIP/USDC | cex=0.06609/0.0661 | dex_sell=0.0660777 dex_buy=0.0660999 | spread_a=-3.4bps spread_b=-1.5bps | min=30.0bps
2026-05-09 16:08:51,910 | INFO | fetch_order_book: symbol=CHIP/USDC limit=20
2026-05-09 16:08:52,168 | INFO | fetch_order_book: mid=0.066105 spread=1.51bps bids=20 asks=20
2026-05-09 16:08:53,006 | INFO | SPREAD | pair=CHIP/USDC | cex=0.0661/0.06611 | dex_sell=0.0660777 dex_buy=0.0660999 | spread_a=-4.9bps spread_b=0.0bps | min=30.0bps
2026-05-09 16:08:54,009 | INFO | fetch_order_book: symbol=CHIP/USDC limit=20
2026-05-09 16:08:54,267 | INFO | fetch_order_book: mid=0.066095 spread=4.54bps bids=20 asks=20
2026-05-09 16:08:55,212 | INFO | SPREAD | pair=CHIP/USDC | cex=0.06608/0.06611 | dex_sell=0.0660777 dex_buy=0.0660999 | spread_a=-4.9bps spread_b=-3.0bps | min=30.0bps
2026-05-09 16:08:56,214 | INFO | fetch_order_book: symbol=CHIP/USDC limit=20
2026-05-09 16:08:56,472 | INFO | fetch_order_book: mid=0.06610 spread=3.03bps bids=20 asks=20
2026-05-09 16:08:57,355 | INFO | SPREAD | pair=CHIP/USDC | cex=0.06609/0.06611 | dex_sell=0.0660777 dex_buy=0.0660999 | spread_a=-4.9bps spread_b=-1.5bps | min=30.0bps
2026-05-09 16:08:58,357 | INFO | fetch_order_book: symbol=CHIP/USDC limit=20
2026-05-09 16:08:58,614 | INFO | fetch_order_book: mid=0.06610 spread=3.03bps bids=20 asks=20
2026-05-09 16:08:59,535 | INFO | SPREAD | pair=CHIP/USDC | cex=0.06609/0.06611 | dex_sell=0.0660777 dex_buy=0.0660999 | spread_a=-4.9bps spread_b=-1.5bps | min=30.0bps
2026-05-09 16:09:00,537 | INFO | fetch_order_book: symbol=CHIP/USDC limit=20
2026-05-09 16:09:00,794 | INFO | fetch_order_book: mid=0.06609 spread=6.05bps bids=20 asks=20
2026-05-09 16:09:01,685 | INFO | SPREAD | pair=CHIP/USDC | cex=0.06607/0.06611 | dex_sell=0.0660777 dex_buy=0.0660999 | spread_a=-4.9bps spread_b=-4.5bps | min=30.0bps
2026-05-09 16:09:02,687 | INFO | fetch_order_book: symbol=CHIP/USDC limit=20
2026-05-09 16:09:02,954 | INFO | fetch_order_book: mid=0.066085 spread=4.54bps bids=20 asks=20
2026-05-09 16:09:03,895 | INFO | SPREAD | pair=CHIP/USDC | cex=0.06607/0.0661 | dex_sell=0.0660777 dex_buy=0.0660999 | spread_a=-3.4bps spread_b=-4.5bps | min=30.0bps
2026-05-09 16:09:04,897 | INFO | fetch_order_book: symbol=CHIP/USDC limit=20
2026-05-09 16:09:05,165 | INFO | fetch_order_book: mid=0.066065 spread=4.54bps bids=20 asks=20
2026-05-09 16:09:06,141 | INFO | SPREAD | pair=CHIP/USDC | cex=0.06605/0.06608 | dex_sell=0.0660777 dex_buy=0.0660999 | spread_a=-0.4bps spread_b=-7.5bps | min=30.0bps
2026-05-09 16:09:07,144 | INFO | fetch_order_book: symbol=CHIP/USDC limit=20
2026-05-09 16:09:07,399 | INFO | fetch_order_book: mid=0.06606 spread=3.03bps bids=20 asks=20
2026-05-09 16:09:08,343 | INFO | SPREAD | pair=CHIP/USDC | cex=0.06605/0.06607 | dex_sell=0.0660777 dex_buy=0.0660636 | spread_a=1.2bps spread_b=-2.1bps | min=30.0bps
2026-05-09 16:09:09,345 | INFO | fetch_order_book: symbol=CHIP/USDC limit=20
2026-05-09 16:09:09,600 | INFO | fetch_order_book: mid=0.066055 spread=1.51bps bids=20 asks=20
2026-05-09 16:09:10,493 | INFO | SPREAD | pair=CHIP/USDC | cex=0.06605/0.06606 | dex_sell=0.0660415 dex_buy=0.0660636 | spread_a=-2.8bps spread_b=-2.1bps | min=30.0bps
2026-05-09 16:09:11,495 | INFO | fetch_order_book: symbol=CHIP/USDC limit=20
2026-05-09 16:09:11,751 | INFO | fetch_order_book: mid=0.066055 spread=1.51bps bids=20 asks=20
2026-05-09 16:09:12,688 | INFO | SPREAD | pair=CHIP/USDC | cex=0.06605/0.06606 | dex_sell=0.0660415 dex_buy=0.0660636 | spread_a=-2.8bps spread_b=-2.1bps | min=30.0bps
2026-05-09 16:09:13,690 | INFO | fetch_order_book: symbol=CHIP/USDC limit=20
2026-05-09 16:09:13,946 | INFO | fetch_order_book: mid=0.066055 spread=1.51bps bids=20 asks=20
2026-05-09 16:09:14,840 | INFO | SPREAD | pair=CHIP/USDC | cex=0.06605/0.06606 | dex_sell=0.0660415 dex_buy=0.0660636 | spread_a=-2.8bps spread_b=-2.1bps | min=30.0bps
2026-05-09 16:09:15,843 | INFO | fetch_order_book: symbol=CHIP/USDC limit=20
2026-05-09 16:09:16,102 | INFO | fetch_order_book: mid=0.066055 spread=1.51bps bids=20 asks=20
2026-05-09 16:09:17,044 | INFO | SPREAD | pair=CHIP/USDC | cex=0.06605/0.06606 | dex_sell=0.0660415 dex_buy=0.0660636 | spread_a=-2.8bps spread_b=-2.1bps | min=30.0bps
2026-05-09 16:09:18,047 | INFO | fetch_order_book: symbol=CHIP/USDC limit=20
2026-05-09 16:09:18,307 | INFO | fetch_order_book: mid=0.066045 spread=1.51bps bids=20 asks=20
2026-05-09 16:09:19,215 | INFO | SPREAD | pair=CHIP/USDC | cex=0.06604/0.06605 | dex_sell=0.0660415 dex_buy=0.0660636 | spread_a=-1.3bps spread_b=-3.6bps | min=30.0bps
2026-05-09 16:09:20,218 | INFO | fetch_order_book: symbol=CHIP/USDC limit=20
2026-05-09 16:09:20,487 | INFO | fetch_order_book: mid=0.066025 spread=1.51bps bids=20 asks=20
2026-05-09 16:09:21,705 | INFO | SPREAD | pair=CHIP/USDC | cex=0.06602/0.06603 | dex_sell=0.0660415 dex_buy=0.0660636 | spread_a=1.7bps spread_b=-6.6bps | min=30.0bps
2026-05-09 16:09:22,708 | INFO | fetch_order_book: symbol=CHIP/USDC limit=20
2026-05-09 16:09:23,053 | INFO | fetch_order_book: mid=0.066025 spread=1.51bps bids=20 asks=20
2026-05-09 16:09:24,238 | INFO | SPREAD | pair=CHIP/USDC | cex=0.06602/0.06603 | dex_sell=0.0660025 dex_buy=0.0660237 | spread_a=-4.2bps spread_b=-0.6bps | min=30.0bps
2026-05-09 16:09:25,240 | INFO | fetch_order_book: symbol=CHIP/USDC limit=20
2026-05-09 16:09:25,640 | INFO | fetch_order_book: mid=0.066025 spread=1.51bps bids=20 asks=20
2026-05-09 16:09:26,702 | INFO | SPREAD | pair=CHIP/USDC | cex=0.06602/0.06603 | dex_sell=0.0660025 dex_buy=0.0660237 | spread_a=-4.2bps spread_b=-0.6bps | min=30.0bps
2026-05-09 16:09:27,705 | INFO | fetch_order_book: symbol=CHIP/USDC limit=20
2026-05-09 16:09:28,046 | INFO | fetch_order_book: mid=0.066015 spread=1.51bps bids=20 asks=20
2026-05-09 16:09:29,286 | INFO | SPREAD | pair=CHIP/USDC | cex=0.06601/0.06602 | dex_sell=0.0660025 dex_buy=0.0660237 | spread_a=-2.7bps spread_b=-2.1bps | min=30.0bps
2026-05-09 16:09:30,288 | INFO | fetch_order_book: symbol=CHIP/USDC limit=20
2026-05-09 16:09:30,615 | INFO | fetch_order_book: mid=0.065985 spread=1.52bps bids=20 asks=20
2026-05-09 16:09:31,678 | INFO | SPREAD | pair=CHIP/USDC | cex=0.06598/0.06599 | dex_sell=0.0660025 dex_buy=0.065991 | spread_a=1.9bps spread_b=-1.7bps | min=30.0bps
2026-05-09 16:09:32,681 | INFO | fetch_order_book: symbol=CHIP/USDC limit=20
2026-05-09 16:09:32,973 | INFO | fetch_order_book: mid=0.065985 spread=1.52bps bids=20 asks=20
2026-05-09 16:09:34,107 | INFO | SPREAD | pair=CHIP/USDC | cex=0.06598/0.06599 | dex_sell=0.0659741 dex_buy=0.065991 | spread_a=-2.4bps spread_b=-1.7bps | min=30.0bps
2026-05-09 16:09:35,109 | INFO | fetch_order_book: symbol=CHIP/USDC limit=20
2026-05-09 16:09:35,443 | INFO | fetch_order_book: mid=0.065985 spread=1.52bps bids=20 asks=20
2026-05-09 16:09:36,575 | INFO | SPREAD | pair=CHIP/USDC | cex=0.06598/0.06599 | dex_sell=0.0659741 dex_buy=0.065991 | spread_a=-2.4bps spread_b=-1.7bps | min=30.0bps
2026-05-09 16:09:37,577 | INFO | fetch_order_book: symbol=CHIP/USDC limit=20
2026-05-09 16:09:37,840 | INFO | fetch_order_book: mid=0.065985 spread=1.52bps bids=20 asks=20
2026-05-09 16:09:38,784 | INFO | SPREAD | pair=CHIP/USDC | cex=0.06598/0.06599 | dex_sell=0.0659741 dex_buy=0.065991 | spread_a=-2.4bps spread_b=-1.7bps | min=30.0bps
2026-05-09 16:09:39,786 | INFO | fetch_order_book: symbol=CHIP/USDC limit=20
2026-05-09 16:09:40,045 | INFO | fetch_order_book: mid=0.065985 spread=1.52bps bids=20 asks=20
2026-05-09 16:09:40,969 | INFO | SPREAD | pair=CHIP/USDC | cex=0.06598/0.06599 | dex_sell=0.0659741 dex_buy=0.065991 | spread_a=-2.4bps spread_b=-1.7bps | min=30.0bps
2026-05-09 16:09:41,972 | INFO | fetch_order_book: symbol=CHIP/USDC limit=20
2026-05-09 16:09:42,228 | INFO | fetch_order_book: mid=0.06600 spread=3.03bps bids=20 asks=20
2026-05-09 16:09:43,144 | INFO | SPREAD | pair=CHIP/USDC | cex=0.06599/0.06601 | dex_sell=0.0659741 dex_buy=0.065991 | spread_a=-5.4bps spread_b=-0.2bps | min=30.0bps
2026-05-09 16:09:44,146 | INFO | fetch_order_book: symbol=CHIP/USDC limit=20
2026-05-09 16:09:44,491 | INFO | fetch_order_book: mid=0.066045 spread=4.54bps bids=20 asks=20
2026-05-09 16:09:45,450 | INFO | SPREAD | pair=CHIP/USDC | cex=0.06603/0.06606 | dex_sell=0.0660002 dex_buy=0.0660599 | spread_a=-9.0bps spread_b=-4.5bps | min=30.0bps
2026-05-09 16:09:46,452 | INFO | fetch_order_book: symbol=CHIP/USDC limit=20
2026-05-09 16:09:46,774 | INFO | fetch_order_book: mid=0.06605 spread=3.03bps bids=20 asks=20
2026-05-09 16:09:47,715 | INFO | SPREAD | pair=CHIP/USDC | cex=0.06604/0.06606 | dex_sell=0.0660377 dex_buy=0.0660599 | spread_a=-3.4bps spread_b=-3.0bps | min=30.0bps
2026-05-09 16:09:48,717 | INFO | fetch_order_book: symbol=CHIP/USDC limit=20
2026-05-09 16:09:48,994 | INFO | fetch_order_book: mid=0.066025 spread=4.54bps bids=20 asks=20
2026-05-09 16:09:49,888 | INFO | SPREAD | pair=CHIP/USDC | cex=0.06601/0.06604 | dex_sell=0.0660377 dex_buy=0.0660599 | spread_a=-0.3bps spread_b=-7.5bps | min=30.0bps
2026-05-09 16:09:50,890 | INFO | fetch_order_book: symbol=CHIP/USDC limit=20
2026-05-09 16:09:51,146 | INFO | fetch_order_book: mid=0.066025 spread=4.54bps bids=20 asks=20
2026-05-09 16:09:51,984 | INFO | SPREAD | pair=CHIP/USDC | cex=0.06601/0.06604 | dex_sell=0.0660377 dex_buy=0.0660599 | spread_a=-0.3bps spread_b=-7.5bps | min=30.0bps
2026-05-09 16:09:52,985 | INFO | fetch_order_book: symbol=CHIP/USDC limit=20
2026-05-09 16:09:53,245 | INFO | fetch_order_book: mid=0.066025 spread=4.54bps bids=20 asks=20
2026-05-09 16:09:54,182 | INFO | SPREAD | pair=CHIP/USDC | cex=0.06601/0.06604 | dex_sell=0.0660377 dex_buy=0.0660599 | spread_a=-0.3bps spread_b=-7.5bps | min=30.0bps
2026-05-09 16:09:55,185 | INFO | fetch_order_book: symbol=CHIP/USDC limit=20
2026-05-09 16:09:55,443 | INFO | fetch_order_book: mid=0.06602 spread=6.06bps bids=20 asks=20
2026-05-09 16:09:56,301 | INFO | SPREAD | pair=CHIP/USDC | cex=0.066/0.06604 | dex_sell=0.0660377 dex_buy=0.0660599 | spread_a=-0.3bps spread_b=-9.1bps | min=30.0bps
2026-05-09 16:09:57,303 | INFO | fetch_order_book: symbol=CHIP/USDC limit=20
2026-05-09 16:09:57,560 | INFO | fetch_order_book: mid=0.06602 spread=6.06bps bids=20 asks=20
2026-05-09 16:09:58,457 | INFO | SPREAD | pair=CHIP/USDC | cex=0.066/0.06604 | dex_sell=0.0660377 dex_buy=0.0660599 | spread_a=-0.3bps spread_b=-9.1bps | min=30.0bps
2026-05-09 16:09:59,459 | INFO | fetch_order_book: symbol=CHIP/USDC limit=20
2026-05-09 16:09:59,817 | INFO | fetch_order_book: mid=0.06602 spread=6.06bps bids=20 asks=20
2026-05-09 16:10:00,683 | INFO | SPREAD | pair=CHIP/USDC | cex=0.066/0.06604 | dex_sell=0.0660377 dex_buy=0.0660599 | spread_a=-0.3bps spread_b=-9.1bps | min=30.0bps
2026-05-09 16:10:01,685 | INFO | fetch_order_book: symbol=CHIP/USDC limit=20
2026-05-09 16:10:01,954 | INFO | fetch_order_book: mid=0.06601 spread=6.06bps bids=20 asks=20
2026-05-09 16:10:02,878 | INFO | SPREAD | pair=CHIP/USDC | cex=0.06599/0.06603 | dex_sell=0.0660377 dex_buy=0.0660233 | spread_a=1.2bps spread_b=-5.0bps | min=30.0bps
2026-05-09 16:10:03,881 | INFO | fetch_order_book: symbol=CHIP/USDC limit=20
2026-05-09 16:10:04,140 | INFO | fetch_order_book: mid=0.06600 spread=3.03bps bids=20 asks=20
2026-05-09 16:10:04,997 | INFO | SPREAD | pair=CHIP/USDC | cex=0.06599/0.06601 | dex_sell=0.0660023 dex_buy=0.0660233 | spread_a=-1.2bps spread_b=-5.0bps | min=30.0bps
2026-05-09 16:10:05,999 | INFO | fetch_order_book: symbol=CHIP/USDC limit=20
2026-05-09 16:10:06,356 | INFO | fetch_order_book: mid=0.066005 spread=4.55bps bids=20 asks=20
2026-05-09 16:10:07,272 | INFO | SPREAD | pair=CHIP/USDC | cex=0.06599/0.06602 | dex_sell=0.0660023 dex_buy=0.0660233 | spread_a=-2.7bps spread_b=-5.0bps | min=30.0bps
2026-05-09 16:10:08,275 | INFO | fetch_order_book: symbol=CHIP/USDC limit=20
2026-05-09 16:10:08,588 | INFO | fetch_order_book: mid=0.066005 spread=4.55bps bids=20 asks=20
2026-05-09 16:10:09,502 | INFO | SPREAD | pair=CHIP/USDC | cex=0.06599/0.06602 | dex_sell=0.0660023 dex_buy=0.0660233 | spread_a=-2.7bps spread_b=-5.0bps | min=30.0bps
2026-05-09 16:10:10,505 | INFO | fetch_order_book: symbol=CHIP/USDC limit=20
2026-05-09 16:10:10,765 | INFO | fetch_order_book: mid=0.06600 spread=3.03bps bids=20 asks=20
2026-05-09 16:10:11,669 | INFO | SPREAD | pair=CHIP/USDC | cex=0.06599/0.06601 | dex_sell=0.0660023 dex_buy=0.0660233 | spread_a=-1.2bps spread_b=-5.0bps | min=30.0bps
2026-05-09 16:10:12,671 | INFO | fetch_order_book: symbol=CHIP/USDC limit=20
2026-05-09 16:10:12,942 | INFO | fetch_order_book: mid=0.06600 spread=3.03bps bids=20 asks=20
2026-05-09 16:10:13,937 | INFO | SPREAD | pair=CHIP/USDC | cex=0.06599/0.06601 | dex_sell=0.0660023 dex_buy=0.0660233 | spread_a=-1.2bps spread_b=-5.0bps | min=30.0bps
2026-05-09 16:10:14,939 | INFO | fetch_order_book: symbol=CHIP/USDC limit=20
2026-05-09 16:10:15,234 | INFO | fetch_order_book: mid=0.065965 spread=1.52bps bids=20 asks=20
2026-05-09 16:10:16,373 | INFO | SPREAD | pair=CHIP/USDC | cex=0.06596/0.06597 | dex_sell=0.065954 dex_buy=0.0659709 | spread_a=-2.4bps spread_b=-1.7bps | min=30.0bps
2026-05-09 16:10:17,376 | INFO | fetch_order_book: symbol=CHIP/USDC limit=20
2026-05-09 16:10:17,697 | INFO | fetch_order_book: mid=0.065965 spread=1.52bps bids=20 asks=20
2026-05-09 16:10:18,773 | INFO | SPREAD | pair=CHIP/USDC | cex=0.06596/0.06597 | dex_sell=0.065954 dex_buy=0.0659709 | spread_a=-2.4bps spread_b=-1.7bps | min=30.0bps
2026-05-09 16:10:19,776 | INFO | fetch_order_book: symbol=CHIP/USDC limit=20
2026-05-09 16:10:20,035 | INFO | fetch_order_book: mid=0.065965 spread=1.52bps bids=20 asks=20
2026-05-09 16:10:21,087 | INFO | SPREAD | pair=CHIP/USDC | cex=0.06596/0.06597 | dex_sell=0.065954 dex_buy=0.0659709 | spread_a=-2.4bps spread_b=-1.7bps | min=30.0bps
2026-05-09 16:10:22,089 | INFO | fetch_order_book: symbol=CHIP/USDC limit=20
2026-05-09 16:10:22,351 | INFO | fetch_order_book: mid=0.065975 spread=4.55bps bids=20 asks=20
2026-05-09 16:10:23,452 | INFO | SPREAD | pair=CHIP/USDC | cex=0.06596/0.06599 | dex_sell=0.065954 dex_buy=0.0659709 | spread_a=-5.5bps spread_b=-1.7bps | min=30.0bps
2026-05-09 16:10:24,454 | INFO | fetch_order_book: symbol=CHIP/USDC limit=20
2026-05-09 16:10:24,789 | INFO | fetch_order_book: mid=0.065975 spread=4.55bps bids=20 asks=20
2026-05-09 16:10:25,828 | INFO | SPREAD | pair=CHIP/USDC | cex=0.06596/0.06599 | dex_sell=0.065954 dex_buy=0.0659709 | spread_a=-5.5bps spread_b=-1.7bps | min=30.0bps
2026-05-09 16:10:26,830 | INFO | fetch_order_book: symbol=CHIP/USDC limit=20
2026-05-09 16:10:27,158 | INFO | fetch_order_book: mid=0.065975 spread=4.55bps bids=20 asks=20
2026-05-09 16:10:28,576 | INFO | SPREAD | pair=CHIP/USDC | cex=0.06596/0.06599 | dex_sell=0.065954 dex_buy=0.0659709 | spread_a=-5.5bps spread_b=-1.7bps | min=30.0bps
2026-05-09 16:10:29,578 | INFO | fetch_order_book: symbol=CHIP/USDC limit=20
2026-05-09 16:10:29,856 | INFO | fetch_order_book: mid=0.065975 spread=4.55bps bids=20 asks=20
2026-05-09 16:10:30,971 | INFO | SPREAD | pair=CHIP/USDC | cex=0.06596/0.06599 | dex_sell=0.065954 dex_buy=0.0659709 | spread_a=-5.5bps spread_b=-1.7bps | min=30.0bps
2026-05-09 16:10:31,974 | INFO | fetch_order_book: symbol=CHIP/USDC limit=20
2026-05-09 16:10:32,231 | INFO | fetch_order_book: mid=0.065975 spread=4.55bps bids=20 asks=20
2026-05-09 16:10:33,354 | INFO | SPREAD | pair=CHIP/USDC | cex=0.06596/0.06599 | dex_sell=0.065954 dex_buy=0.0659709 | spread_a=-5.5bps spread_b=-1.7bps | min=30.0bps
2026-05-09 16:10:34,356 | INFO | fetch_order_book: symbol=CHIP/USDC limit=20
2026-05-09 16:10:34,711 | INFO | fetch_order_book: mid=0.065965 spread=1.52bps bids=20 asks=20
2026-05-09 16:10:35,771 | INFO | SPREAD | pair=CHIP/USDC | cex=0.06596/0.06597 | dex_sell=0.065954 dex_buy=0.0659709 | spread_a=-2.4bps spread_b=-1.7bps | min=30.0bps
2026-05-09 16:10:36,774 | INFO | fetch_order_book: symbol=CHIP/USDC limit=20
2026-05-09 16:10:37,052 | INFO | fetch_order_book: mid=0.065965 spread=1.52bps bids=20 asks=20
2026-05-09 16:10:38,081 | INFO | SPREAD | pair=CHIP/USDC | cex=0.06596/0.06597 | dex_sell=0.065954 dex_buy=0.0659709 | spread_a=-2.4bps spread_b=-1.7bps | min=30.0bps
2026-05-09 16:10:39,084 | INFO | fetch_order_book: symbol=CHIP/USDC limit=20
2026-05-09 16:10:39,427 | INFO | fetch_order_book: mid=0.065935 spread=1.52bps bids=20 asks=20
2026-05-09 16:10:40,455 | INFO | SPREAD | pair=CHIP/USDC | cex=0.06593/0.06594 | dex_sell=0.065954 dex_buy=0.0659409 | spread_a=2.1bps spread_b=-1.7bps | min=30.0bps
2026-05-09 16:10:41,458 | INFO | fetch_order_book: symbol=CHIP/USDC limit=20
2026-05-09 16:10:41,714 | INFO | fetch_order_book: mid=0.06590 spread=6.07bps bids=20 asks=20
2026-05-09 16:10:42,571 | INFO | SPREAD | pair=CHIP/USDC | cex=0.06588/0.06592 | dex_sell=0.0658839 dex_buy=0.0659008 | spread_a=-5.5bps spread_b=-3.2bps | min=30.0bps
2026-05-09 16:10:43,573 | INFO | fetch_order_book: symbol=CHIP/USDC limit=20
2026-05-09 16:10:43,833 | INFO | fetch_order_book: mid=0.065915 spread=4.55bps bids=20 asks=20
2026-05-09 16:10:44,768 | INFO | SPREAD | pair=CHIP/USDC | cex=0.0659/0.06593 | dex_sell=0.0658839 dex_buy=0.0659272 | spread_a=-7.0bps spread_b=-4.1bps | min=30.0bps
2026-05-09 16:10:45,771 | INFO | fetch_order_book: symbol=CHIP/USDC limit=20
2026-05-09 16:10:46,100 | INFO | fetch_order_book: mid=0.065915 spread=4.55bps bids=20 asks=20
2026-05-09 16:10:46,984 | INFO | SPREAD | pair=CHIP/USDC | cex=0.0659/0.06593 | dex_sell=0.0659103 dex_buy=0.0659272 | spread_a=-3.0bps spread_b=-4.1bps | min=30.0bps
2026-05-09 16:10:47,986 | INFO | fetch_order_book: symbol=CHIP/USDC limit=20
2026-05-09 16:10:48,248 | INFO | fetch_order_book: mid=0.065945 spread=4.55bps bids=20 asks=20
2026-05-09 16:10:49,208 | INFO | SPREAD | pair=CHIP/USDC | cex=0.06593/0.06596 | dex_sell=0.0659103 dex_buy=0.0659272 | spread_a=-7.5bps spread_b=0.4bps | min=30.0bps
2026-05-09 16:10:50,211 | INFO | fetch_order_book: symbol=CHIP/USDC limit=20
2026-05-09 16:10:50,469 | INFO | fetch_order_book: mid=0.06592 spread=3.03bps bids=20 asks=20
2026-05-09 16:10:51,362 | INFO | SPREAD | pair=CHIP/USDC | cex=0.06591/0.06593 | dex_sell=0.0659103 dex_buy=0.0659272 | spread_a=-3.0bps spread_b=-2.6bps | min=30.0bps
2026-05-09 16:10:52,364 | INFO | fetch_order_book: symbol=CHIP/USDC limit=20
2026-05-09 16:10:52,627 | INFO | fetch_order_book: mid=0.06592 spread=3.03bps bids=20 asks=20
2026-05-09 16:10:53,527 | INFO | SPREAD | pair=CHIP/USDC | cex=0.06591/0.06593 | dex_sell=0.0659103 dex_buy=0.0659272 | spread_a=-3.0bps spread_b=-2.6bps | min=30.0bps
2026-05-09 16:10:54,528 | INFO | fetch_order_book: symbol=CHIP/USDC limit=20
2026-05-09 16:10:54,786 | INFO | fetch_order_book: mid=0.06592 spread=3.03bps bids=20 asks=20
2026-05-09 16:10:55,631 | INFO | SPREAD | pair=CHIP/USDC | cex=0.06591/0.06593 | dex_sell=0.0659103 dex_buy=0.0659272 | spread_a=-3.0bps spread_b=-2.6bps | min=30.0bps
2026-05-09 16:10:56,634 | INFO | fetch_order_book: symbol=CHIP/USDC limit=20
2026-05-09 16:10:56,922 | INFO | fetch_order_book: mid=0.065915 spread=4.55bps bids=20 asks=20
2026-05-09 16:10:57,834 | INFO | SPREAD | pair=CHIP/USDC | cex=0.0659/0.06593 | dex_sell=0.0659103 dex_buy=0.0659272 | spread_a=-3.0bps spread_b=-4.1bps | min=30.0bps
2026-05-09 16:10:58,836 | INFO | fetch_order_book: symbol=CHIP/USDC limit=20
2026-05-09 16:10:59,095 | INFO | fetch_order_book: mid=0.065875 spread=4.55bps bids=20 asks=20
2026-05-09 16:10:59,970 | INFO | SPREAD | pair=CHIP/USDC | cex=0.06586/0.06589 | dex_sell=0.0659103 dex_buy=0.0659011 | spread_a=3.1bps spread_b=-6.2bps | min=30.0bps
2026-05-09 16:11:00,972 | INFO | fetch_order_book: symbol=CHIP/USDC limit=20
2026-05-09 16:11:01,234 | INFO | fetch_order_book: mid=0.06588 spread=6.07bps bids=20 asks=20
2026-05-09 16:11:02,172 | INFO | SPREAD | pair=CHIP/USDC | cex=0.06586/0.0659 | dex_sell=0.0658842 dex_buy=0.0659011 | spread_a=-2.4bps spread_b=-6.2bps | min=30.0bps
2026-05-09 16:11:03,174 | INFO | fetch_order_book: symbol=CHIP/USDC limit=20
2026-05-09 16:11:03,434 | INFO | fetch_order_book: mid=0.06587 spread=3.04bps bids=20 asks=20
2026-05-09 16:11:04,366 | INFO | SPREAD | pair=CHIP/USDC | cex=0.06586/0.06588 | dex_sell=0.0658842 dex_buy=0.0659011 | spread_a=0.6bps spread_b=-6.2bps | min=30.0bps
2026-05-09 16:11:05,368 | INFO | fetch_order_book: symbol=CHIP/USDC limit=20
2026-05-09 16:11:05,626 | INFO | fetch_order_book: mid=0.065855 spread=1.52bps bids=20 asks=20
2026-05-09 16:11:06,519 | INFO | SPREAD | pair=CHIP/USDC | cex=0.06585/0.06586 | dex_sell=0.065834 dex_buy=0.065851 | spread_a=-3.9bps spread_b=-0.1bps | min=30.0bps
2026-05-09 16:11:07,522 | INFO | fetch_order_book: symbol=CHIP/USDC limit=20
2026-05-09 16:11:07,784 | INFO | fetch_order_book: mid=0.06586 spread=6.07bps bids=20 asks=20
2026-05-09 16:11:08,727 | INFO | SPREAD | pair=CHIP/USDC | cex=0.06584/0.06588 | dex_sell=0.065834 dex_buy=0.065851 | spread_a=-7.0bps spread_b=-1.7bps | min=30.0bps
2026-05-09 16:11:09,729 | INFO | fetch_order_book: symbol=CHIP/USDC limit=20
2026-05-09 16:11:09,990 | INFO | fetch_order_book: mid=0.065855 spread=4.56bps bids=20 asks=20
2026-05-09 16:11:10,920 | INFO | SPREAD | pair=CHIP/USDC | cex=0.06584/0.06587 | dex_sell=0.065834 dex_buy=0.065851 | spread_a=-5.5bps spread_b=-1.7bps | min=30.0bps
2026-05-09 16:11:11,922 | INFO | fetch_order_book: symbol=CHIP/USDC limit=20
2026-05-09 16:11:12,184 | INFO | fetch_order_book: mid=0.065855 spread=4.56bps bids=20 asks=20
2026-05-09 16:11:13,058 | INFO | SPREAD | pair=CHIP/USDC | cex=0.06584/0.06587 | dex_sell=0.065834 dex_buy=0.065851 | spread_a=-5.5bps spread_b=-1.7bps | min=30.0bps
2026-05-09 16:11:14,060 | INFO | fetch_order_book: symbol=CHIP/USDC limit=20
2026-05-09 16:11:14,320 | INFO | fetch_order_book: mid=0.065855 spread=4.56bps bids=20 asks=20
2026-05-09 16:11:15,247 | INFO | SPREAD | pair=CHIP/USDC | cex=0.06584/0.06587 | dex_sell=0.065834 dex_buy=0.065851 | spread_a=-5.5bps spread_b=-1.7bps | min=30.0bps
2026-05-09 16:11:16,250 | INFO | fetch_order_book: symbol=CHIP/USDC limit=20
2026-05-09 16:11:16,507 | INFO | fetch_order_book: mid=0.065825 spread=1.52bps bids=20 asks=20
2026-05-09 16:11:17,368 | INFO | SPREAD | pair=CHIP/USDC | cex=0.06582/0.06583 | dex_sell=0.065834 dex_buy=0.0658509 | spread_a=0.6bps spread_b=-4.7bps | min=30.0bps
2026-05-09 16:11:18,370 | INFO | fetch_order_book: symbol=CHIP/USDC limit=20
2026-05-09 16:11:18,638 | INFO | fetch_order_book: mid=0.06581 spread=3.04bps bids=20 asks=20
2026-05-09 16:11:19,548 | INFO | SPREAD | pair=CHIP/USDC | cex=0.0658/0.06582 | dex_sell=0.065834 dex_buy=0.0658509 | spread_a=2.1bps spread_b=-7.7bps | min=30.0bps
2026-05-09 16:11:20,551 | INFO | fetch_order_book: symbol=CHIP/USDC limit=20
2026-05-09 16:11:20,815 | INFO | fetch_order_book: mid=0.06581 spread=3.04bps bids=20 asks=20
2026-05-09 16:11:21,726 | INFO | SPREAD | pair=CHIP/USDC | cex=0.0658/0.06582 | dex_sell=0.0658041 dex_buy=0.065821 | spread_a=-2.4bps spread_b=-3.2bps | min=30.0bps
2026-05-09 16:11:22,729 | INFO | fetch_order_book: symbol=CHIP/USDC limit=20
2026-05-09 16:11:23,068 | INFO | fetch_order_book: mid=0.065805 spread=1.52bps bids=20 asks=20
2026-05-09 16:11:24,021 | INFO | SPREAD | pair=CHIP/USDC | cex=0.0658/0.06581 | dex_sell=0.0658041 dex_buy=0.065821 | spread_a=-0.9bps spread_b=-3.2bps | min=30.0bps
2026-05-09 16:11:25,023 | INFO | fetch_order_book: symbol=CHIP/USDC limit=20
2026-05-09 16:11:25,291 | INFO | fetch_order_book: mid=0.065805 spread=1.52bps bids=20 asks=20
2026-05-09 16:11:26,236 | INFO | SPREAD | pair=CHIP/USDC | cex=0.0658/0.06581 | dex_sell=0.0658041 dex_buy=0.065821 | spread_a=-0.9bps spread_b=-3.2bps | min=30.0bps
2026-05-09 16:11:27,238 | INFO | fetch_order_book: symbol=CHIP/USDC limit=20
2026-05-09 16:11:27,541 | INFO | fetch_order_book: mid=0.065795 spread=4.56bps bids=20 asks=20
2026-05-09 16:11:28,467 | INFO | SPREAD | pair=CHIP/USDC | cex=0.06578/0.06581 | dex_sell=0.0658041 dex_buy=0.0658011 | spread_a=-0.9bps spread_b=-3.2bps | min=30.0bps
2026-05-09 16:11:29,470 | INFO | fetch_order_book: symbol=CHIP/USDC limit=20
2026-05-09 16:11:29,726 | INFO | fetch_order_book: mid=0.065795 spread=4.56bps bids=20 asks=20
2026-05-09 16:11:30,684 | INFO | SPREAD | pair=CHIP/USDC | cex=0.06578/0.06581 | dex_sell=0.0657842 dex_buy=0.0658011 | spread_a=-3.9bps spread_b=-3.2bps | min=30.0bps
2026-05-09 16:11:31,686 | INFO | fetch_order_book: symbol=CHIP/USDC limit=20
2026-05-09 16:11:31,941 | INFO | fetch_order_book: mid=0.065785 spread=1.52bps bids=20 asks=20
2026-05-09 16:11:32,919 | INFO | SPREAD | pair=CHIP/USDC | cex=0.06578/0.06579 | dex_sell=0.0657842 dex_buy=0.0658011 | spread_a=-0.9bps spread_b=-3.2bps | min=30.0bps
2026-05-09 16:11:33,921 | INFO | fetch_order_book: symbol=CHIP/USDC limit=20
2026-05-09 16:11:34,179 | INFO | fetch_order_book: mid=0.065785 spread=1.52bps bids=20 asks=20
2026-05-09 16:11:35,112 | INFO | SPREAD | pair=CHIP/USDC | cex=0.06578/0.06579 | dex_sell=0.0657842 dex_buy=0.0658011 | spread_a=-0.9bps spread_b=-3.2bps | min=30.0bps
2026-05-09 16:11:36,115 | INFO | fetch_order_book: symbol=CHIP/USDC limit=20
2026-05-09 16:11:36,381 | INFO | fetch_order_book: mid=0.065765 spread=1.52bps bids=20 asks=20
2026-05-09 16:11:37,309 | INFO | SPREAD | pair=CHIP/USDC | cex=0.06576/0.06577 | dex_sell=0.0657641 dex_buy=0.0657809 | spread_a=-0.9bps spread_b=-3.2bps | min=30.0bps
2026-05-09 16:11:38,312 | INFO | fetch_order_book: symbol=CHIP/USDC limit=20
2026-05-09 16:11:38,657 | INFO | fetch_order_book: mid=0.06575 spread=3.04bps bids=20 asks=20
2026-05-09 16:11:39,562 | INFO | SPREAD | pair=CHIP/USDC | cex=0.06574/0.06576 | dex_sell=0.0657641 dex_buy=0.0657809 | spread_a=0.6bps spread_b=-6.2bps | min=30.0bps
2026-05-09 16:11:40,565 | INFO | fetch_order_book: symbol=CHIP/USDC limit=20
2026-05-09 16:11:40,837 | INFO | fetch_order_book: mid=0.06575 spread=3.04bps bids=20 asks=20
2026-05-09 16:11:41,750 | INFO | SPREAD | pair=CHIP/USDC | cex=0.06574/0.06576 | dex_sell=0.065744 dex_buy=0.0657608 | spread_a=-2.4bps spread_b=-3.2bps | min=30.0bps
2026-05-09 16:11:42,753 | INFO | fetch_order_book: symbol=CHIP/USDC limit=20
2026-05-09 16:11:43,009 | INFO | fetch_order_book: mid=0.065725 spread=1.52bps bids=20 asks=20
2026-05-09 16:11:43,926 | INFO | SPREAD | pair=CHIP/USDC | cex=0.06572/0.06573 | dex_sell=0.0657141 dex_buy=0.0657309 | spread_a=-2.4bps spread_b=-1.7bps | min=30.0bps
2026-05-09 16:11:44,929 | INFO | fetch_order_book: symbol=CHIP/USDC limit=20
2026-05-09 16:11:45,286 | INFO | fetch_order_book: mid=0.06574 spread=6.08bps bids=20 asks=20
2026-05-09 16:11:46,214 | INFO | SPREAD | pair=CHIP/USDC | cex=0.06572/0.06576 | dex_sell=0.0657402 dex_buy=0.065757 | spread_a=-3.0bps spread_b=-5.6bps | min=30.0bps
2026-05-09 16:11:47,216 | INFO | fetch_order_book: symbol=CHIP/USDC limit=20
2026-05-09 16:11:47,483 | INFO | fetch_order_book: mid=0.06574 spread=6.08bps bids=20 asks=20
2026-05-09 16:11:48,400 | INFO | SPREAD | pair=CHIP/USDC | cex=0.06572/0.06576 | dex_sell=0.0657402 dex_buy=0.065757 | spread_a=-3.0bps spread_b=-5.6bps | min=30.0bps
2026-05-09 16:11:49,402 | INFO | fetch_order_book: symbol=CHIP/USDC limit=20
2026-05-09 16:11:49,660 | INFO | fetch_order_book: mid=0.06574 spread=6.08bps bids=20 asks=20
2026-05-09 16:11:50,563 | INFO | SPREAD | pair=CHIP/USDC | cex=0.06572/0.06576 | dex_sell=0.0657402 dex_buy=0.065757 | spread_a=-3.0bps spread_b=-5.6bps | min=30.0bps
2026-05-09 16:11:51,565 | INFO | fetch_order_book: symbol=CHIP/USDC limit=20
2026-05-09 16:11:51,827 | INFO | fetch_order_book: mid=0.06574 spread=6.08bps bids=20 asks=20
2026-05-09 16:11:52,730 | INFO | SPREAD | pair=CHIP/USDC | cex=0.06572/0.06576 | dex_sell=0.0657402 dex_buy=0.065757 | spread_a=-3.0bps spread_b=-5.6bps | min=30.0bps
2026-05-09 16:11:53,732 | INFO | fetch_order_book: symbol=CHIP/USDC limit=20
2026-05-09 16:11:53,995 | INFO | fetch_order_book: mid=0.06574 spread=6.08bps bids=20 asks=20
2026-05-09 16:11:54,897 | INFO | SPREAD | pair=CHIP/USDC | cex=0.06572/0.06576 | dex_sell=0.0657402 dex_buy=0.065757 | spread_a=-3.0bps spread_b=-5.6bps | min=30.0bps
2026-05-09 16:11:55,899 | INFO | fetch_order_book: symbol=CHIP/USDC limit=20
2026-05-09 16:11:56,155 | INFO | fetch_order_book: mid=0.06575 spread=6.08bps bids=20 asks=20
2026-05-09 16:11:57,101 | INFO | SPREAD | pair=CHIP/USDC | cex=0.06573/0.06577 | dex_sell=0.0657402 dex_buy=0.065757 | spread_a=-4.5bps spread_b=-4.1bps | min=30.0bps
2026-05-09 16:11:58,103 | INFO | fetch_order_book: symbol=CHIP/USDC limit=20
2026-05-09 16:11:58,360 | INFO | fetch_order_book: mid=0.065775 spread=1.52bps bids=20 asks=20
2026-05-09 16:11:59,277 | INFO | SPREAD | pair=CHIP/USDC | cex=0.06577/0.06578 | dex_sell=0.0657402 dex_buy=0.065757 | spread_a=-6.1bps spread_b=2.0bps | min=30.0bps
2026-05-09 16:12:00,279 | INFO | fetch_order_book: symbol=CHIP/USDC limit=20
2026-05-09 16:12:00,545 | INFO | fetch_order_book: mid=0.065775 spread=1.52bps bids=20 asks=20
2026-05-09 16:12:01,418 | INFO | SPREAD | pair=CHIP/USDC | cex=0.06577/0.06578 | dex_sell=0.0657402 dex_buy=0.0657772 | spread_a=-6.1bps spread_b=-1.1bps | min=30.0bps
2026-05-09 16:12:02,421 | INFO | fetch_order_book: symbol=CHIP/USDC limit=20
2026-05-09 16:12:02,677 | INFO | fetch_order_book: mid=0.065795 spread=1.52bps bids=20 asks=20
2026-05-09 16:12:03,634 | INFO | SPREAD | pair=CHIP/USDC | cex=0.06579/0.0658 | dex_sell=0.0657603 dex_buy=0.0657772 | spread_a=-6.0bps spread_b=1.9bps | min=30.0bps
2026-05-09 16:12:04,637 | INFO | fetch_order_book: symbol=CHIP/USDC limit=20
2026-05-09 16:12:04,917 | INFO | fetch_order_book: mid=0.065805 spread=1.52bps bids=20 asks=20
2026-05-09 16:12:05,990 | INFO | SPREAD | pair=CHIP/USDC | cex=0.0658/0.06581 | dex_sell=0.0657903 dex_buy=0.0658072 | spread_a=-3.0bps spread_b=-1.1bps | min=30.0bps
2026-05-09 16:12:06,992 | INFO | fetch_order_book: symbol=CHIP/USDC limit=20
2026-05-09 16:12:07,304 | INFO | fetch_order_book: mid=0.06582 spread=3.04bps bids=20 asks=20
2026-05-09 16:12:08,520 | INFO | SPREAD | pair=CHIP/USDC | cex=0.06581/0.06583 | dex_sell=0.0657903 dex_buy=0.0658072 | spread_a=-6.0bps spread_b=0.4bps | min=30.0bps
2026-05-09 16:12:09,522 | INFO | fetch_order_book: symbol=CHIP/USDC limit=20
2026-05-09 16:12:10,308 | INFO | fetch_order_book: mid=0.06583 spread=6.08bps bids=20 asks=20
2026-05-09 16:12:11,372 | INFO | SPREAD | pair=CHIP/USDC | cex=0.06581/0.06585 | dex_sell=0.0657903 dex_buy=0.0658072 | spread_a=-9.1bps spread_b=0.4bps | min=30.0bps
2026-05-09 16:12:12,375 | INFO | fetch_order_book: symbol=CHIP/USDC limit=20
2026-05-09 16:12:12,673 | INFO | fetch_order_book: mid=0.06583 spread=6.08bps bids=20 asks=20
2026-05-09 16:12:13,789 | INFO | SPREAD | pair=CHIP/USDC | cex=0.06581/0.06585 | dex_sell=0.0657903 dex_buy=0.0658072 | spread_a=-9.1bps spread_b=0.4bps | min=30.0bps
2026-05-09 16:12:14,791 | INFO | fetch_order_book: symbol=CHIP/USDC limit=20
2026-05-09 16:12:15,212 | INFO | fetch_order_book: mid=0.065835 spread=4.56bps bids=20 asks=20
2026-05-09 16:12:16,310 | INFO | SPREAD | pair=CHIP/USDC | cex=0.06582/0.06585 | dex_sell=0.0657903 dex_buy=0.0658072 | spread_a=-9.1bps spread_b=1.9bps | min=30.0bps
2026-05-09 16:12:17,312 | INFO | fetch_order_book: symbol=CHIP/USDC limit=20
2026-05-09 16:12:17,583 | INFO | fetch_order_book: mid=0.06584 spread=6.08bps bids=20 asks=20
2026-05-09 16:12:18,593 | INFO | SPREAD | pair=CHIP/USDC | cex=0.06582/0.06586 | dex_sell=0.0657903 dex_buy=0.0658072 | spread_a=-10.6bps spread_b=1.9bps | min=30.0bps
2026-05-09 16:12:19,595 | INFO | fetch_order_book: symbol=CHIP/USDC limit=20
2026-05-09 16:12:19,867 | INFO | fetch_order_book: mid=0.06584 spread=6.08bps bids=20 asks=20
2026-05-09 16:12:20,863 | INFO | SPREAD | pair=CHIP/USDC | cex=0.06582/0.06586 | dex_sell=0.0657903 dex_buy=0.0658072 | spread_a=-10.6bps spread_b=1.9bps | min=30.0bps
2026-05-09 16:12:21,865 | INFO | fetch_order_book: symbol=CHIP/USDC limit=20
2026-05-09 16:12:22,174 | INFO | fetch_order_book: mid=0.06585 spread=6.07bps bids=20 asks=20
2026-05-09 16:12:23,176 | INFO | SPREAD | pair=CHIP/USDC | cex=0.06583/0.06587 | dex_sell=0.0658204 dex_buy=0.0658373 | spread_a=-7.5bps spread_b=-1.1bps | min=30.0bps
2026-05-09 16:12:24,178 | INFO | fetch_order_book: symbol=CHIP/USDC limit=20
2026-05-09 16:12:24,438 | INFO | fetch_order_book: mid=0.06584 spread=6.08bps bids=20 asks=20
2026-05-09 16:12:25,550 | INFO | SPREAD | pair=CHIP/USDC | cex=0.06582/0.06586 | dex_sell=0.0658204 dex_buy=0.0658373 | spread_a=-6.0bps spread_b=-2.6bps | min=30.0bps
2026-05-09 16:12:26,553 | INFO | fetch_order_book: symbol=CHIP/USDC limit=20
2026-05-09 16:12:26,827 | INFO | fetch_order_book: mid=0.065865 spread=1.52bps bids=20 asks=20
2026-05-09 16:12:27,879 | INFO | SPREAD | pair=CHIP/USDC | cex=0.06586/0.06587 | dex_sell=0.0658204 dex_buy=0.065867 | spread_a=-7.5bps spread_b=-1.1bps | min=30.0bps
2026-05-09 16:12:28,882 | INFO | fetch_order_book: symbol=CHIP/USDC limit=20
2026-05-09 16:12:29,164 | INFO | fetch_order_book: mid=0.065865 spread=1.52bps bids=20 asks=20
2026-05-09 16:12:30,128 | INFO | SPREAD | pair=CHIP/USDC | cex=0.06586/0.06587 | dex_sell=0.0658501 dex_buy=0.065867 | spread_a=-3.0bps spread_b=-1.1bps | min=30.0bps
2026-05-09 16:12:31,130 | INFO | fetch_order_book: symbol=CHIP/USDC limit=20
2026-05-09 16:12:31,390 | INFO | fetch_order_book: mid=0.06586 spread=3.04bps bids=20 asks=20
2026-05-09 16:12:32,457 | INFO | SPREAD | pair=CHIP/USDC | cex=0.06585/0.06587 | dex_sell=0.0658501 dex_buy=0.065867 | spread_a=-3.0bps spread_b=-2.6bps | min=30.0bps
2026-05-09 16:12:33,459 | INFO | fetch_order_book: symbol=CHIP/USDC limit=20
2026-05-09 16:12:33,728 | INFO | fetch_order_book: mid=0.06586 spread=3.04bps bids=20 asks=20
2026-05-09 16:12:34,720 | INFO | SPREAD | pair=CHIP/USDC | cex=0.06585/0.06587 | dex_sell=0.0658501 dex_buy=0.065867 | spread_a=-3.0bps spread_b=-2.6bps | min=30.0bps
2026-05-09 16:12:35,722 | INFO | fetch_order_book: symbol=CHIP/USDC limit=20
2026-05-09 16:12:35,996 | INFO | fetch_order_book: mid=0.06586 spread=3.04bps bids=20 asks=20
2026-05-09 16:12:37,121 | INFO | SPREAD | pair=CHIP/USDC | cex=0.06585/0.06587 | dex_sell=0.0658501 dex_buy=0.065867 | spread_a=-3.0bps spread_b=-2.6bps | min=30.0bps
2026-05-09 16:12:38,124 | INFO | fetch_order_book: symbol=CHIP/USDC limit=20
2026-05-09 16:12:38,406 | INFO | fetch_order_book: mid=0.06586 spread=3.04bps bids=20 asks=20
2026-05-09 16:12:39,489 | INFO | SPREAD | pair=CHIP/USDC | cex=0.06585/0.06587 | dex_sell=0.0658501 dex_buy=0.065867 | spread_a=-3.0bps spread_b=-2.6bps | min=30.0bps
2026-05-09 16:12:40,492 | INFO | fetch_order_book: symbol=CHIP/USDC limit=20
2026-05-09 16:12:40,774 | INFO | fetch_order_book: mid=0.06586 spread=3.04bps bids=20 asks=20
2026-05-09 16:12:41,674 | INFO | SPREAD | pair=CHIP/USDC | cex=0.06585/0.06587 | dex_sell=0.0658501 dex_buy=0.065867 | spread_a=-3.0bps spread_b=-2.6bps | min=30.0bps
2026-05-09 16:12:42,676 | INFO | fetch_order_book: symbol=CHIP/USDC limit=20
2026-05-09 16:12:42,935 | INFO | fetch_order_book: mid=0.06586 spread=3.04bps bids=20 asks=20
2026-05-09 16:12:43,787 | INFO | SPREAD | pair=CHIP/USDC | cex=0.06585/0.06587 | dex_sell=0.0658501 dex_buy=0.065867 | spread_a=-3.0bps spread_b=-2.6bps | min=30.0bps
2026-05-09 16:12:44,790 | INFO | fetch_order_book: symbol=CHIP/USDC limit=20
2026-05-09 16:12:45,062 | INFO | fetch_order_book: mid=0.06586 spread=3.04bps bids=20 asks=20
2026-05-09 16:12:46,278 | INFO | SPREAD | pair=CHIP/USDC | cex=0.06585/0.06587 | dex_sell=0.0658501 dex_buy=0.065867 | spread_a=-3.0bps spread_b=-2.6bps | min=30.0bps
2026-05-09 16:12:47,281 | INFO | fetch_order_book: symbol=CHIP/USDC limit=20
2026-05-09 16:12:47,558 | INFO | fetch_order_book: mid=0.065875 spread=1.52bps bids=20 asks=20
2026-05-09 16:12:48,531 | INFO | SPREAD | pair=CHIP/USDC | cex=0.06587/0.06588 | dex_sell=0.0658501 dex_buy=0.065867 | spread_a=-4.5bps spread_b=0.5bps | min=30.0bps
2026-05-09 16:12:49,533 | INFO | fetch_order_book: symbol=CHIP/USDC limit=20
2026-05-09 16:12:49,803 | INFO | fetch_order_book: mid=0.065885 spread=1.52bps bids=20 asks=20
2026-05-09 16:12:50,897 | INFO | SPREAD | pair=CHIP/USDC | cex=0.06588/0.06589 | dex_sell=0.0658501 dex_buy=0.065867 | spread_a=-6.1bps spread_b=2.0bps | min=30.0bps
2026-05-09 16:12:51,899 | INFO | fetch_order_book: symbol=CHIP/USDC limit=20
2026-05-09 16:12:52,178 | INFO | fetch_order_book: mid=0.06587 spread=3.04bps bids=20 asks=20
2026-05-09 16:12:53,110 | INFO | SPREAD | pair=CHIP/USDC | cex=0.06586/0.06588 | dex_sell=0.0658501 dex_buy=0.065867 | spread_a=-4.5bps spread_b=-1.1bps | min=30.0bps
2026-05-09 16:12:54,114 | INFO | fetch_order_book: symbol=CHIP/USDC limit=20
2026-05-09 16:12:54,376 | INFO | fetch_order_book: mid=0.06585 spread=3.04bps bids=20 asks=20
2026-05-09 16:12:55,351 | INFO | SPREAD | pair=CHIP/USDC | cex=0.06584/0.06586 | dex_sell=0.0658501 dex_buy=0.065867 | spread_a=-1.5bps spread_b=-4.1bps | min=30.0bps
2026-05-09 16:12:56,353 | INFO | fetch_order_book: symbol=CHIP/USDC limit=20
2026-05-09 16:12:56,704 | INFO | fetch_order_book: mid=0.06585 spread=3.04bps bids=20 asks=20
2026-05-09 16:12:57,738 | INFO | SPREAD | pair=CHIP/USDC | cex=0.06584/0.06586 | dex_sell=0.0658501 dex_buy=0.065867 | spread_a=-1.5bps spread_b=-4.1bps | min=30.0bps
2026-05-09 16:12:58,740 | INFO | fetch_order_book: symbol=CHIP/USDC limit=20
2026-05-09 16:12:59,221 | INFO | fetch_order_book: mid=0.06585 spread=3.04bps bids=20 asks=20
2026-05-09 16:13:00,379 | INFO | SPREAD | pair=CHIP/USDC | cex=0.06584/0.06586 | dex_sell=0.0658501 dex_buy=0.065867 | spread_a=-1.5bps spread_b=-4.1bps | min=30.0bps
2026-05-09 16:13:01,382 | INFO | fetch_order_book: symbol=CHIP/USDC limit=20
2026-05-09 16:13:01,647 | INFO | fetch_order_book: mid=0.065845 spread=1.52bps bids=20 asks=20
2026-05-09 16:13:02,952 | INFO | SPREAD | pair=CHIP/USDC | cex=0.06584/0.06585 | dex_sell=0.0658501 dex_buy=0.065867 | spread_a=0.0bps spread_b=-4.1bps | min=30.0bps
2026-05-09 16:13:03,954 | INFO | fetch_order_book: symbol=CHIP/USDC limit=20
2026-05-09 16:13:04,247 | INFO | fetch_order_book: mid=0.065845 spread=1.52bps bids=20 asks=20
2026-05-09 16:13:05,205 | INFO | SPREAD | pair=CHIP/USDC | cex=0.06584/0.06585 | dex_sell=0.0658501 dex_buy=0.065867 | spread_a=0.0bps spread_b=-4.1bps | min=30.0bps
2026-05-09 16:13:06,207 | INFO | fetch_order_book: symbol=CHIP/USDC limit=20
2026-05-09 16:13:06,463 | INFO | fetch_order_book: mid=0.065845 spread=1.52bps bids=20 asks=20
2026-05-09 16:13:07,362 | INFO | SPREAD | pair=CHIP/USDC | cex=0.06584/0.06585 | dex_sell=0.0658501 dex_buy=0.065867 | spread_a=0.0bps spread_b=-4.1bps | min=30.0bps
2026-05-09 16:13:08,364 | INFO | fetch_order_book: symbol=CHIP/USDC limit=20
2026-05-09 16:13:08,623 | INFO | fetch_order_book: mid=0.06585 spread=3.04bps bids=20 asks=20
2026-05-09 16:13:09,533 | INFO | SPREAD | pair=CHIP/USDC | cex=0.06584/0.06586 | dex_sell=0.0658501 dex_buy=0.065867 | spread_a=-1.5bps spread_b=-4.1bps | min=30.0bps
2026-05-09 16:13:10,535 | INFO | fetch_order_book: symbol=CHIP/USDC limit=20
2026-05-09 16:13:11,267 | INFO | fetch_order_book: mid=0.06585 spread=3.04bps bids=20 asks=20
2026-05-09 16:13:12,151 | INFO | SPREAD | pair=CHIP/USDC | cex=0.06584/0.06586 | dex_sell=0.0658501 dex_buy=0.065867 | spread_a=-1.5bps spread_b=-4.1bps | min=30.0bps
2026-05-09 16:13:13,153 | INFO | fetch_order_book: symbol=CHIP/USDC limit=20
2026-05-09 16:13:13,411 | INFO | fetch_order_book: mid=0.06583 spread=3.04bps bids=20 asks=20
2026-05-09 16:13:14,290 | INFO | SPREAD | pair=CHIP/USDC | cex=0.06582/0.06584 | dex_sell=0.0658501 dex_buy=0.0658409 | spread_a=1.5bps spread_b=-3.2bps | min=30.0bps
2026-05-09 16:13:15,293 | INFO | fetch_order_book: symbol=CHIP/USDC limit=20
2026-05-09 16:13:15,560 | INFO | fetch_order_book: mid=0.065825 spread=1.52bps bids=20 asks=20
2026-05-09 16:13:16,817 | INFO | SPREAD | pair=CHIP/USDC | cex=0.06582/0.06583 | dex_sell=0.065824 dex_buy=0.0658409 | spread_a=-0.9bps spread_b=-3.2bps | min=30.0bps
2026-05-09 16:13:17,819 | INFO | fetch_order_book: symbol=CHIP/USDC limit=20
2026-05-09 16:13:18,168 | INFO | fetch_order_book: mid=0.06580 spread=3.04bps bids=20 asks=20
2026-05-09 16:13:19,103 | INFO | SPREAD | pair=CHIP/USDC | cex=0.06579/0.06581 | dex_sell=0.065794 dex_buy=0.0658109 | spread_a=-2.4bps spread_b=-3.2bps | min=30.0bps
2026-05-09 16:13:20,105 | INFO | fetch_order_book: symbol=CHIP/USDC limit=20
2026-05-09 16:13:20,843 | INFO | fetch_order_book: mid=0.065775 spread=1.52bps bids=20 asks=20
2026-05-09 16:13:21,721 | INFO | SPREAD | pair=CHIP/USDC | cex=0.06577/0.06578 | dex_sell=0.0657641 dex_buy=0.065781 | spread_a=-2.4bps spread_b=-1.7bps | min=30.0bps
2026-05-09 16:13:22,723 | INFO | fetch_order_book: symbol=CHIP/USDC limit=20
2026-05-09 16:13:22,984 | INFO | fetch_order_book: mid=0.065765 spread=4.56bps bids=20 asks=20
2026-05-09 16:13:23,919 | INFO | SPREAD | pair=CHIP/USDC | cex=0.06575/0.06578 | dex_sell=0.0657641 dex_buy=0.065781 | spread_a=-2.4bps spread_b=-4.7bps | min=30.0bps
2026-05-09 16:13:24,922 | INFO | fetch_order_book: symbol=CHIP/USDC limit=20
2026-05-09 16:13:25,246 | INFO | fetch_order_book: mid=0.065765 spread=4.56bps bids=20 asks=20
2026-05-09 16:13:26,118 | INFO | SPREAD | pair=CHIP/USDC | cex=0.06575/0.06578 | dex_sell=0.0657641 dex_buy=0.065781 | spread_a=-2.4bps spread_b=-4.7bps | min=30.0bps
2026-05-09 16:13:27,121 | INFO | fetch_order_book: symbol=CHIP/USDC limit=20
2026-05-09 16:13:27,377 | INFO | fetch_order_book: mid=0.065765 spread=4.56bps bids=20 asks=20
2026-05-09 16:13:28,293 | INFO | SPREAD | pair=CHIP/USDC | cex=0.06575/0.06578 | dex_sell=0.0657641 dex_buy=0.065781 | spread_a=-2.4bps spread_b=-4.7bps | min=30.0bps
2026-05-09 16:13:29,295 | INFO | fetch_order_book: symbol=CHIP/USDC limit=20
2026-05-09 16:13:29,549 | INFO | fetch_order_book: mid=0.065765 spread=4.56bps bids=20 asks=20
2026-05-09 16:13:30,482 | INFO | SPREAD | pair=CHIP/USDC | cex=0.06575/0.06578 | dex_sell=0.0657641 dex_buy=0.065781 | spread_a=-2.4bps spread_b=-4.7bps | min=30.0bps
2026-05-09 16:13:31,486 | INFO | fetch_order_book: symbol=CHIP/USDC limit=20
2026-05-09 16:13:31,750 | INFO | fetch_order_book: mid=0.065765 spread=4.56bps bids=20 asks=20
2026-05-09 16:13:32,760 | INFO | SPREAD | pair=CHIP/USDC | cex=0.06575/0.06578 | dex_sell=0.0657641 dex_buy=0.065781 | spread_a=-2.4bps spread_b=-4.7bps | min=30.0bps
2026-05-09 16:13:33,762 | INFO | fetch_order_book: symbol=CHIP/USDC limit=20
2026-05-09 16:13:34,020 | INFO | fetch_order_book: mid=0.065765 spread=4.56bps bids=20 asks=20
2026-05-09 16:13:34,885 | INFO | SPREAD | pair=CHIP/USDC | cex=0.06575/0.06578 | dex_sell=0.0657641 dex_buy=0.065781 | spread_a=-2.4bps spread_b=-4.7bps | min=30.0bps
2026-05-09 16:13:35,888 | INFO | fetch_order_book: symbol=CHIP/USDC limit=20
2026-05-09 16:13:36,241 | INFO | fetch_order_book: mid=0.06576 spread=3.04bps bids=20 asks=20
2026-05-09 16:13:37,196 | INFO | SPREAD | pair=CHIP/USDC | cex=0.06575/0.06577 | dex_sell=0.0657641 dex_buy=0.065781 | spread_a=-0.9bps spread_b=-4.7bps | min=30.0bps
2026-05-09 16:13:38,199 | INFO | fetch_order_book: symbol=CHIP/USDC limit=20
2026-05-09 16:13:38,547 | INFO | fetch_order_book: mid=0.06576 spread=3.04bps bids=20 asks=20
2026-05-09 16:13:39,389 | INFO | SPREAD | pair=CHIP/USDC | cex=0.06575/0.06577 | dex_sell=0.065744 dex_buy=0.0657609 | spread_a=-4.0bps spread_b=-1.7bps | min=30.0bps
2026-05-09 16:13:40,392 | INFO | fetch_order_book: symbol=CHIP/USDC limit=20
2026-05-09 16:13:40,653 | INFO | fetch_order_book: mid=0.065755 spread=1.52bps bids=20 asks=20
2026-05-09 16:13:41,534 | INFO | SPREAD | pair=CHIP/USDC | cex=0.06575/0.06576 | dex_sell=0.065744 dex_buy=0.0657609 | spread_a=-2.4bps spread_b=-1.7bps | min=30.0bps
2026-05-09 16:13:42,536 | INFO | fetch_order_book: symbol=CHIP/USDC limit=20
2026-05-09 16:13:42,795 | INFO | fetch_order_book: mid=0.065755 spread=1.52bps bids=20 asks=20
2026-05-09 16:13:43,690 | INFO | SPREAD | pair=CHIP/USDC | cex=0.06575/0.06576 | dex_sell=0.065744 dex_buy=0.0657609 | spread_a=-2.4bps spread_b=-1.7bps | min=30.0bps
2026-05-09 16:13:44,693 | INFO | fetch_order_book: symbol=CHIP/USDC limit=20
2026-05-09 16:13:44,953 | INFO | fetch_order_book: mid=0.065745 spread=1.52bps bids=20 asks=20
2026-05-09 16:13:46,001 | INFO | SPREAD | pair=CHIP/USDC | cex=0.06574/0.06575 | dex_sell=0.065744 dex_buy=0.0657609 | spread_a=-0.9bps spread_b=-3.2bps | min=30.0bps
2026-05-09 16:13:47,003 | INFO | fetch_order_book: symbol=CHIP/USDC limit=20
2026-05-09 16:13:47,267 | INFO | fetch_order_book: mid=0.06573 spread=3.04bps bids=20 asks=20
2026-05-09 16:13:48,172 | INFO | SPREAD | pair=CHIP/USDC | cex=0.06572/0.06574 | dex_sell=0.065744 dex_buy=0.0657609 | spread_a=0.6bps spread_b=-6.2bps | min=30.0bps
2026-05-09 16:13:49,174 | INFO | fetch_order_book: symbol=CHIP/USDC limit=20
2026-05-09 16:13:49,433 | INFO | fetch_order_book: mid=0.06573 spread=3.04bps bids=20 asks=20
2026-05-09 16:13:50,329 | INFO | SPREAD | pair=CHIP/USDC | cex=0.06572/0.06574 | dex_sell=0.065744 dex_buy=0.0657609 | spread_a=0.6bps spread_b=-6.2bps | min=30.0bps
2026-05-09 16:13:51,332 | INFO | fetch_order_book: symbol=CHIP/USDC limit=20
2026-05-09 16:13:51,593 | INFO | fetch_order_book: mid=0.065755 spread=4.56bps bids=20 asks=20
2026-05-09 16:13:52,475 | INFO | SPREAD | pair=CHIP/USDC | cex=0.06574/0.06577 | dex_sell=0.065744 dex_buy=0.0657609 | spread_a=-4.0bps spread_b=-3.2bps | min=30.0bps
2026-05-09 16:13:53,477 | INFO | fetch_order_book: symbol=CHIP/USDC limit=20
2026-05-09 16:13:53,740 | INFO | fetch_order_book: mid=0.065765 spread=1.52bps bids=20 asks=20
2026-05-09 16:13:54,638 | INFO | SPREAD | pair=CHIP/USDC | cex=0.06576/0.06577 | dex_sell=0.065744 dex_buy=0.0657609 | spread_a=-4.0bps spread_b=-0.1bps | min=30.0bps
2026-05-09 16:13:55,640 | INFO | fetch_order_book: symbol=CHIP/USDC limit=20
2026-05-09 16:13:55,981 | INFO | fetch_order_book: mid=0.065765 spread=1.52bps bids=20 asks=20
2026-05-09 16:13:56,817 | INFO | SPREAD | pair=CHIP/USDC | cex=0.06576/0.06577 | dex_sell=0.065744 dex_buy=0.0657609 | spread_a=-4.0bps spread_b=-0.1bps | min=30.0bps
2026-05-09 16:13:57,820 | INFO | fetch_order_book: symbol=CHIP/USDC limit=20
2026-05-09 16:13:58,078 | INFO | fetch_order_book: mid=0.065755 spread=4.56bps bids=20 asks=20
2026-05-09 16:13:59,045 | INFO | SPREAD | pair=CHIP/USDC | cex=0.06574/0.06577 | dex_sell=0.065744 dex_buy=0.0657609 | spread_a=-4.0bps spread_b=-3.2bps | min=30.0bps
2026-05-09 16:14:00,048 | INFO | fetch_order_book: symbol=CHIP/USDC limit=20
2026-05-09 16:14:00,311 | INFO | fetch_order_book: mid=0.065755 spread=4.56bps bids=20 asks=20
2026-05-09 16:14:01,273 | INFO | SPREAD | pair=CHIP/USDC | cex=0.06574/0.06577 | dex_sell=0.065744 dex_buy=0.0657609 | spread_a=-4.0bps spread_b=-3.2bps | min=30.0bps
2026-05-09 16:14:02,275 | INFO | fetch_order_book: symbol=CHIP/USDC limit=20
2026-05-09 16:14:02,666 | INFO | fetch_order_book: mid=0.06576 spread=3.04bps bids=20 asks=20
2026-05-09 16:14:03,582 | INFO | SPREAD | pair=CHIP/USDC | cex=0.06575/0.06577 | dex_sell=0.065744 dex_buy=0.0657609 | spread_a=-4.0bps spread_b=-1.7bps | min=30.0bps
2026-05-09 16:14:04,584 | INFO | fetch_order_book: symbol=CHIP/USDC limit=20
2026-05-09 16:14:04,847 | INFO | fetch_order_book: mid=0.065755 spread=4.56bps bids=20 asks=20
2026-05-09 16:14:05,760 | INFO | SPREAD | pair=CHIP/USDC | cex=0.06574/0.06577 | dex_sell=0.065744 dex_buy=0.0657609 | spread_a=-4.0bps spread_b=-3.2bps | min=30.0bps
2026-05-09 16:14:06,762 | INFO | fetch_order_book: symbol=CHIP/USDC limit=20
2026-05-09 16:14:07,025 | INFO | fetch_order_book: mid=0.065745 spread=1.52bps bids=20 asks=20
2026-05-09 16:14:07,939 | INFO | SPREAD | pair=CHIP/USDC | cex=0.06574/0.06575 | dex_sell=0.065744 dex_buy=0.0657609 | spread_a=-0.9bps spread_b=-3.2bps | min=30.0bps
2026-05-09 16:14:08,941 | INFO | fetch_order_book: symbol=CHIP/USDC limit=20
2026-05-09 16:14:09,209 | INFO | fetch_order_book: mid=0.06574 spread=3.04bps bids=20 asks=20
2026-05-09 16:14:10,051 | INFO | SPREAD | pair=CHIP/USDC | cex=0.06573/0.06575 | dex_sell=0.065744 dex_buy=0.0657609 | spread_a=-0.9bps spread_b=-4.7bps | min=30.0bps
2026-05-09 16:14:11,053 | INFO | fetch_order_book: symbol=CHIP/USDC limit=20
2026-05-09 16:14:11,416 | INFO | fetch_order_book: mid=0.065745 spread=4.56bps bids=20 asks=20
2026-05-09 16:14:12,325 | INFO | SPREAD | pair=CHIP/USDC | cex=0.06573/0.06576 | dex_sell=0.065744 dex_buy=0.0657609 | spread_a=-2.4bps spread_b=-4.7bps | min=30.0bps
2026-05-09 16:14:13,327 | INFO | fetch_order_book: symbol=CHIP/USDC limit=20
2026-05-09 16:14:13,591 | INFO | fetch_order_book: mid=0.065745 spread=4.56bps bids=20 asks=20
2026-05-09 16:14:14,465 | INFO | SPREAD | pair=CHIP/USDC | cex=0.06573/0.06576 | dex_sell=0.065744 dex_buy=0.0657609 | spread_a=-2.4bps spread_b=-4.7bps | min=30.0bps
2026-05-09 16:14:15,467 | INFO | fetch_order_book: symbol=CHIP/USDC limit=20
2026-05-09 16:14:15,729 | INFO | fetch_order_book: mid=0.065745 spread=4.56bps bids=20 asks=20
2026-05-09 16:14:16,624 | INFO | SPREAD | pair=CHIP/USDC | cex=0.06573/0.06576 | dex_sell=0.065744 dex_buy=0.0657609 | spread_a=-2.4bps spread_b=-4.7bps | min=30.0bps
2026-05-09 16:14:17,626 | INFO | fetch_order_book: symbol=CHIP/USDC limit=20
2026-05-09 16:14:17,885 | INFO | fetch_order_book: mid=0.065785 spread=1.52bps bids=20 asks=20
2026-05-09 16:14:18,770 | INFO | SPREAD | pair=CHIP/USDC | cex=0.06578/0.06579 | dex_sell=0.065744 dex_buy=0.0657609 | spread_a=-7.0bps spread_b=2.9bps | min=30.0bps
2026-05-09 16:14:19,772 | INFO | fetch_order_book: symbol=CHIP/USDC limit=20
2026-05-09 16:14:20,037 | INFO | fetch_order_book: mid=0.065785 spread=1.52bps bids=20 asks=20
2026-05-09 16:14:21,164 | INFO | SPREAD | pair=CHIP/USDC | cex=0.06578/0.06579 | dex_sell=0.0657701 dex_buy=0.065787 | spread_a=-3.0bps spread_b=-1.1bps | min=30.0bps
2026-05-09 16:14:22,168 | INFO | fetch_order_book: symbol=CHIP/USDC limit=20
2026-05-09 16:14:22,424 | INFO | fetch_order_book: mid=0.065785 spread=1.52bps bids=20 asks=20
2026-05-09 16:14:23,280 | INFO | SPREAD | pair=CHIP/USDC | cex=0.06578/0.06579 | dex_sell=0.0657701 dex_buy=0.065787 | spread_a=-3.0bps spread_b=-1.1bps | min=30.0bps
2026-05-09 16:14:24,282 | INFO | fetch_order_book: symbol=CHIP/USDC limit=20
2026-05-09 16:14:24,540 | INFO | fetch_order_book: mid=0.065835 spread=1.52bps bids=20 asks=20
2026-05-09 16:14:25,435 | INFO | SPREAD | pair=CHIP/USDC | cex=0.06583/0.06584 | dex_sell=0.0657701 dex_buy=0.065817 | spread_a=-10.6bps spread_b=2.0bps | min=30.0bps
2026-05-09 16:14:26,437 | INFO | fetch_order_book: symbol=CHIP/USDC limit=20
2026-05-09 16:14:26,784 | INFO | fetch_order_book: mid=0.065835 spread=1.52bps bids=20 asks=20
2026-05-09 16:14:27,662 | INFO | SPREAD | pair=CHIP/USDC | cex=0.06583/0.06584 | dex_sell=0.0658203 dex_buy=0.0658372 | spread_a=-3.0bps spread_b=-1.1bps | min=30.0bps
2026-05-09 16:14:28,664 | INFO | fetch_order_book: symbol=CHIP/USDC limit=20
2026-05-09 16:14:28,924 | INFO | fetch_order_book: mid=0.06583 spread=3.04bps bids=20 asks=20
2026-05-09 16:14:29,891 | INFO | SPREAD | pair=CHIP/USDC | cex=0.06582/0.06584 | dex_sell=0.0658203 dex_buy=0.0658372 | spread_a=-3.0bps spread_b=-2.6bps | min=30.0bps
2026-05-09 16:14:30,893 | INFO | fetch_order_book: symbol=CHIP/USDC limit=20
2026-05-09 16:14:31,148 | INFO | fetch_order_book: mid=0.06583 spread=3.04bps bids=20 asks=20
2026-05-09 16:14:32,012 | INFO | SPREAD | pair=CHIP/USDC | cex=0.06582/0.06584 | dex_sell=0.0658203 dex_buy=0.0658372 | spread_a=-3.0bps spread_b=-2.6bps | min=30.0bps
2026-05-09 16:14:33,015 | INFO | fetch_order_book: symbol=CHIP/USDC limit=20
2026-05-09 16:14:33,272 | INFO | fetch_order_book: mid=0.06583 spread=3.04bps bids=20 asks=20
2026-05-09 16:14:34,156 | INFO | SPREAD | pair=CHIP/USDC | cex=0.06582/0.06584 | dex_sell=0.0658203 dex_buy=0.0658372 | spread_a=-3.0bps spread_b=-2.6bps | min=30.0bps
2026-05-09 16:14:35,158 | INFO | fetch_order_book: symbol=CHIP/USDC limit=20
2026-05-09 16:14:35,570 | INFO | fetch_order_book: mid=0.065845 spread=1.52bps bids=20 asks=20
2026-05-09 16:14:36,431 | INFO | SPREAD | pair=CHIP/USDC | cex=0.06584/0.06585 | dex_sell=0.0658203 dex_buy=0.0658372 | spread_a=-4.5bps spread_b=0.4bps | min=30.0bps
2026-05-09 16:14:37,434 | INFO | fetch_order_book: symbol=CHIP/USDC limit=20
2026-05-09 16:14:37,829 | INFO | fetch_order_book: mid=0.065835 spread=4.56bps bids=20 asks=20
2026-05-09 16:14:38,731 | INFO | SPREAD | pair=CHIP/USDC | cex=0.06582/0.06585 | dex_sell=0.0658203 dex_buy=0.0658372 | spread_a=-4.5bps spread_b=-2.6bps | min=30.0bps
2026-05-09 16:14:39,733 | INFO | fetch_order_book: symbol=CHIP/USDC limit=20
2026-05-09 16:14:40,000 | INFO | fetch_order_book: mid=0.06584 spread=3.04bps bids=20 asks=20
2026-05-09 16:14:40,892 | INFO | SPREAD | pair=CHIP/USDC | cex=0.06583/0.06585 | dex_sell=0.0658203 dex_buy=0.0658372 | spread_a=-4.5bps spread_b=-1.1bps | min=30.0bps
2026-05-09 16:14:41,894 | INFO | fetch_order_book: symbol=CHIP/USDC limit=20
2026-05-09 16:14:42,157 | INFO | fetch_order_book: mid=0.06584 spread=3.04bps bids=20 asks=20
2026-05-09 16:14:43,113 | INFO | SPREAD | pair=CHIP/USDC | cex=0.06583/0.06585 | dex_sell=0.0658203 dex_buy=0.0658372 | spread_a=-4.5bps spread_b=-1.1bps | min=30.0bps
2026-05-09 16:14:44,115 | INFO | fetch_order_book: symbol=CHIP/USDC limit=20
2026-05-09 16:14:44,371 | INFO | fetch_order_book: mid=0.065845 spread=1.52bps bids=20 asks=20
2026-05-09 16:14:45,246 | INFO | SPREAD | pair=CHIP/USDC | cex=0.06584/0.06585 | dex_sell=0.0658203 dex_buy=0.0658372 | spread_a=-4.5bps spread_b=0.4bps | min=30.0bps
2026-05-09 16:14:46,249 | INFO | fetch_order_book: symbol=CHIP/USDC limit=20
2026-05-09 16:14:46,504 | INFO | fetch_order_book: mid=0.06584 spread=3.04bps bids=20 asks=20
2026-05-09 16:14:47,407 | INFO | SPREAD | pair=CHIP/USDC | cex=0.06583/0.06585 | dex_sell=0.0658203 dex_buy=0.0658372 | spread_a=-4.5bps spread_b=-1.1bps | min=30.0bps
2026-05-09 16:14:48,411 | INFO | fetch_order_book: symbol=CHIP/USDC limit=20
2026-05-09 16:14:48,794 | INFO | fetch_order_book: mid=0.065845 spread=1.52bps bids=20 asks=20
2026-05-09 16:14:49,698 | INFO | SPREAD | pair=CHIP/USDC | cex=0.06584/0.06585 | dex_sell=0.0658203 dex_buy=0.0658372 | spread_a=-4.5bps spread_b=0.4bps | min=30.0bps
2026-05-09 16:14:50,701 | INFO | fetch_order_book: symbol=CHIP/USDC limit=20
2026-05-09 16:14:51,049 | INFO | fetch_order_book: mid=0.065855 spread=1.52bps bids=20 asks=20
2026-05-09 16:14:51,942 | INFO | SPREAD | pair=CHIP/USDC | cex=0.06585/0.06586 | dex_sell=0.0658203 dex_buy=0.0658372 | spread_a=-6.0bps spread_b=1.9bps | min=30.0bps
2026-05-09 16:14:52,944 | INFO | fetch_order_book: symbol=CHIP/USDC limit=20
2026-05-09 16:14:53,203 | INFO | fetch_order_book: mid=0.065855 spread=1.52bps bids=20 asks=20
2026-05-09 16:14:54,049 | INFO | SPREAD | pair=CHIP/USDC | cex=0.06585/0.06586 | dex_sell=0.0658203 dex_buy=0.0658372 | spread_a=-6.0bps spread_b=1.9bps | min=30.0bps
2026-05-09 16:14:55,051 | INFO | fetch_order_book: symbol=CHIP/USDC limit=20
2026-05-09 16:14:55,314 | INFO | fetch_order_book: mid=0.065855 spread=1.52bps bids=20 asks=20
2026-05-09 16:14:56,283 | INFO | SPREAD | pair=CHIP/USDC | cex=0.06585/0.06586 | dex_sell=0.0658203 dex_buy=0.0658372 | spread_a=-6.0bps spread_b=1.9bps | min=30.0bps
2026-05-09 16:14:57,285 | INFO | fetch_order_book: symbol=CHIP/USDC limit=20
2026-05-09 16:14:57,677 | INFO | fetch_order_book: mid=0.065855 spread=1.52bps bids=20 asks=20
2026-05-09 16:14:58,582 | INFO | SPREAD | pair=CHIP/USDC | cex=0.06585/0.06586 | dex_sell=0.0658203 dex_buy=0.0658673 | spread_a=-6.0bps spread_b=-2.6bps | min=30.0bps
2026-05-09 16:14:59,584 | INFO | fetch_order_book: symbol=CHIP/USDC limit=20
2026-05-09 16:15:00,058 | INFO | fetch_order_book: mid=0.065855 spread=1.52bps bids=20 asks=20
2026-05-09 16:15:00,961 | INFO | SPREAD | pair=CHIP/USDC | cex=0.06585/0.06586 | dex_sell=0.0658503 dex_buy=0.0658673 | spread_a=-1.5bps spread_b=-2.6bps | min=30.0bps
2026-05-09 16:15:01,964 | INFO | fetch_order_book: symbol=CHIP/USDC limit=20
2026-05-09 16:15:02,309 | INFO | fetch_order_book: mid=0.06586 spread=6.07bps bids=20 asks=20
2026-05-09 16:15:03,177 | INFO | SPREAD | pair=CHIP/USDC | cex=0.06584/0.06588 | dex_sell=0.0658503 dex_buy=0.0658673 | spread_a=-4.5bps spread_b=-4.1bps | min=30.0bps
2026-05-09 16:15:04,180 | INFO | fetch_order_book: symbol=CHIP/USDC limit=20
2026-05-09 16:15:04,435 | INFO | fetch_order_book: mid=0.06587 spread=3.04bps bids=20 asks=20
2026-05-09 16:15:05,360 | INFO | SPREAD | pair=CHIP/USDC | cex=0.06586/0.06588 | dex_sell=0.0658503 dex_buy=0.0658673 | spread_a=-4.5bps spread_b=-1.1bps | min=30.0bps
2026-05-09 16:15:06,363 | INFO | fetch_order_book: symbol=CHIP/USDC limit=20
2026-05-09 16:15:06,618 | INFO | fetch_order_book: mid=0.065905 spread=4.55bps bids=20 asks=20
2026-05-09 16:15:07,487 | INFO | SPREAD | pair=CHIP/USDC | cex=0.06589/0.06592 | dex_sell=0.0658801 dex_buy=0.065897 | spread_a=-6.1bps spread_b=-1.1bps | min=30.0bps
2026-05-09 16:15:08,490 | INFO | fetch_order_book: symbol=CHIP/USDC limit=20
2026-05-09 16:15:08,746 | INFO | fetch_order_book: mid=0.06589 spread=6.07bps bids=20 asks=20
2026-05-09 16:15:09,675 | INFO | SPREAD | pair=CHIP/USDC | cex=0.06587/0.06591 | dex_sell=0.0658801 dex_buy=0.065897 | spread_a=-4.5bps spread_b=-4.1bps | min=30.0bps
2026-05-09 16:15:10,677 | INFO | fetch_order_book: symbol=CHIP/USDC limit=20
2026-05-09 16:15:10,941 | INFO | fetch_order_book: mid=0.06591 spread=3.03bps bids=20 asks=20
2026-05-09 16:15:11,822 | INFO | SPREAD | pair=CHIP/USDC | cex=0.0659/0.06592 | dex_sell=0.0659003 dex_buy=0.0659172 | spread_a=-3.0bps spread_b=-2.6bps | min=30.0bps
2026-05-09 16:15:12,825 | INFO | fetch_order_book: symbol=CHIP/USDC limit=20
2026-05-09 16:15:13,082 | INFO | fetch_order_book: mid=0.06591 spread=3.03bps bids=20 asks=20
2026-05-09 16:15:13,985 | INFO | SPREAD | pair=CHIP/USDC | cex=0.0659/0.06592 | dex_sell=0.0659003 dex_buy=0.0659172 | spread_a=-3.0bps spread_b=-2.6bps | min=30.0bps
2026-05-09 16:15:14,988 | INFO | fetch_order_book: symbol=CHIP/USDC limit=20
2026-05-09 16:15:15,314 | INFO | fetch_order_book: mid=0.065895 spread=4.55bps bids=20 asks=20
2026-05-09 16:15:16,223 | INFO | SPREAD | pair=CHIP/USDC | cex=0.06588/0.06591 | dex_sell=0.0659003 dex_buy=0.0659172 | spread_a=-1.5bps spread_b=-5.6bps | min=30.0bps
2026-05-09 16:15:17,226 | INFO | fetch_order_book: symbol=CHIP/USDC limit=20
2026-05-09 16:15:17,491 | INFO | fetch_order_book: mid=0.065905 spread=4.55bps bids=20 asks=20
2026-05-09 16:15:18,381 | INFO | SPREAD | pair=CHIP/USDC | cex=0.06589/0.06592 | dex_sell=0.06588 dex_buy=0.0658969 | spread_a=-6.1bps spread_b=-1.1bps | min=30.0bps
2026-05-09 16:15:19,383 | INFO | fetch_order_book: symbol=CHIP/USDC limit=20
2026-05-09 16:15:19,645 | INFO | fetch_order_book: mid=0.06591 spread=3.03bps bids=20 asks=20
2026-05-09 16:15:20,530 | INFO | SPREAD | pair=CHIP/USDC | cex=0.0659/0.06592 | dex_sell=0.06588 dex_buy=0.0659171 | spread_a=-6.1bps spread_b=-2.6bps | min=30.0bps
2026-05-09 16:15:21,532 | INFO | fetch_order_book: symbol=CHIP/USDC limit=20
2026-05-09 16:15:21,804 | INFO | fetch_order_book: mid=0.065925 spread=1.52bps bids=20 asks=20
2026-05-09 16:15:22,912 | INFO | SPREAD | pair=CHIP/USDC | cex=0.06592/0.06593 | dex_sell=0.0659002 dex_buy=0.0659171 | spread_a=-4.5bps spread_b=0.4bps | min=30.0bps
2026-05-09 16:15:23,914 | INFO | fetch_order_book: symbol=CHIP/USDC limit=20
2026-05-09 16:15:24,173 | INFO | fetch_order_book: mid=0.065935 spread=1.52bps bids=20 asks=20
2026-05-09 16:15:25,044 | INFO | SPREAD | pair=CHIP/USDC | cex=0.06593/0.06594 | dex_sell=0.0659002 dex_buy=0.0659472 | spread_a=-6.0bps spread_b=-2.6bps | min=30.0bps
2026-05-09 16:15:26,047 | INFO | fetch_order_book: symbol=CHIP/USDC limit=20
2026-05-09 16:15:26,456 | INFO | fetch_order_book: mid=0.065935 spread=1.52bps bids=20 asks=20
2026-05-09 16:15:27,371 | INFO | SPREAD | pair=CHIP/USDC | cex=0.06593/0.06594 | dex_sell=0.0659303 dex_buy=0.0659472 | spread_a=-1.5bps spread_b=-2.6bps | min=30.0bps
2026-05-09 16:15:28,373 | INFO | fetch_order_book: symbol=CHIP/USDC limit=20
2026-05-09 16:15:28,640 | INFO | fetch_order_book: mid=0.06592 spread=3.03bps bids=20 asks=20
2026-05-09 16:15:29,517 | INFO | SPREAD | pair=CHIP/USDC | cex=0.06591/0.06593 | dex_sell=0.0659303 dex_buy=0.0659472 | spread_a=0.0bps spread_b=-5.6bps | min=30.0bps
2026-05-09 16:15:30,520 | INFO | fetch_order_book: symbol=CHIP/USDC limit=20
2026-05-09 16:15:30,779 | INFO | fetch_order_book: mid=0.065905 spread=7.59bps bids=20 asks=20
2026-05-09 16:15:31,680 | INFO | SPREAD | pair=CHIP/USDC | cex=0.06588/0.06593 | dex_sell=0.0659303 dex_buy=0.0659472 | spread_a=0.0bps spread_b=-10.2bps | min=30.0bps
2026-05-09 16:15:32,682 | INFO | fetch_order_book: symbol=CHIP/USDC limit=20
2026-05-09 16:15:32,941 | INFO | fetch_order_book: mid=0.065905 spread=7.59bps bids=20 asks=20
2026-05-09 16:15:33,826 | INFO | SPREAD | pair=CHIP/USDC | cex=0.06588/0.06593 | dex_sell=0.0659041 dex_buy=0.0659211 | spread_a=-3.9bps spread_b=-6.2bps | min=30.0bps
2026-05-09 16:15:34,829 | INFO | fetch_order_book: symbol=CHIP/USDC limit=20
2026-05-09 16:15:35,203 | INFO | fetch_order_book: mid=0.065905 spread=7.59bps bids=20 asks=20
2026-05-09 16:15:36,110 | INFO | SPREAD | pair=CHIP/USDC | cex=0.06588/0.06593 | dex_sell=0.0659041 dex_buy=0.0659211 | spread_a=-3.9bps spread_b=-6.2bps | min=30.0bps
2026-05-09 16:15:37,113 | INFO | fetch_order_book: symbol=CHIP/USDC limit=20
2026-05-09 16:15:37,461 | INFO | fetch_order_book: mid=0.065905 spread=7.59bps bids=20 asks=20
2026-05-09 16:15:38,341 | INFO | SPREAD | pair=CHIP/USDC | cex=0.06588/0.06593 | dex_sell=0.0659041 dex_buy=0.0659211 | spread_a=-3.9bps spread_b=-6.2bps | min=30.0bps
2026-05-09 16:15:39,343 | INFO | fetch_order_book: symbol=CHIP/USDC limit=20
2026-05-09 16:15:39,597 | INFO | fetch_order_book: mid=0.065905 spread=7.59bps bids=20 asks=20
2026-05-09 16:15:40,525 | INFO | SPREAD | pair=CHIP/USDC | cex=0.06588/0.06593 | dex_sell=0.0659041 dex_buy=0.0659211 | spread_a=-3.9bps spread_b=-6.2bps | min=30.0bps
2026-05-09 16:15:41,528 | INFO | fetch_order_book: symbol=CHIP/USDC limit=20
2026-05-09 16:15:41,796 | INFO | fetch_order_book: mid=0.065905 spread=7.59bps bids=20 asks=20
2026-05-09 16:15:42,703 | INFO | SPREAD | pair=CHIP/USDC | cex=0.06588/0.06593 | dex_sell=0.0659041 dex_buy=0.0659211 | spread_a=-3.9bps spread_b=-6.2bps | min=30.0bps
2026-05-09 16:15:43,705 | INFO | fetch_order_book: symbol=CHIP/USDC limit=20
2026-05-09 16:15:44,091 | INFO | fetch_order_book: mid=0.065905 spread=7.59bps bids=20 asks=20
2026-05-09 16:15:44,987 | INFO | SPREAD | pair=CHIP/USDC | cex=0.06588/0.06593 | dex_sell=0.0659041 dex_buy=0.0659211 | spread_a=-3.9bps spread_b=-6.2bps | min=30.0bps
2026-05-09 16:15:45,989 | INFO | fetch_order_book: symbol=CHIP/USDC limit=20
2026-05-09 16:15:46,248 | INFO | fetch_order_book: mid=0.06590 spread=6.07bps bids=20 asks=20
2026-05-09 16:15:47,099 | INFO | SPREAD | pair=CHIP/USDC | cex=0.06588/0.06592 | dex_sell=0.0659041 dex_buy=0.0659211 | spread_a=-2.4bps spread_b=-6.2bps | min=30.0bps
2026-05-09 16:15:48,102 | INFO | fetch_order_book: symbol=CHIP/USDC limit=20
2026-05-09 16:15:48,459 | INFO | fetch_order_book: mid=0.06590 spread=6.07bps bids=20 asks=20
2026-05-09 16:15:49,390 | INFO | SPREAD | pair=CHIP/USDC | cex=0.06588/0.06592 | dex_sell=0.0659041 dex_buy=0.0659211 | spread_a=-2.4bps spread_b=-6.2bps | min=30.0bps
2026-05-09 16:15:50,392 | INFO | fetch_order_book: symbol=CHIP/USDC limit=20
2026-05-09 16:15:50,649 | INFO | fetch_order_book: mid=0.065875 spread=1.52bps bids=20 asks=20
2026-05-09 16:15:51,486 | INFO | SPREAD | pair=CHIP/USDC | cex=0.06587/0.06588 | dex_sell=0.0658842 dex_buy=0.0659011 | spread_a=0.6bps spread_b=-4.7bps | min=30.0bps
2026-05-09 16:15:52,489 | INFO | fetch_order_book: symbol=CHIP/USDC limit=20
2026-05-09 16:15:52,748 | INFO | fetch_order_book: mid=0.065875 spread=1.52bps bids=20 asks=20
2026-05-09 16:15:53,658 | INFO | SPREAD | pair=CHIP/USDC | cex=0.06587/0.06588 | dex_sell=0.0658842 dex_buy=0.0659011 | spread_a=0.6bps spread_b=-4.7bps | min=30.0bps
2026-05-09 16:15:54,661 | INFO | fetch_order_book: symbol=CHIP/USDC limit=20
2026-05-09 16:15:54,914 | INFO | fetch_order_book: mid=0.065845 spread=1.52bps bids=20 asks=20
2026-05-09 16:15:55,827 | INFO | SPREAD | pair=CHIP/USDC | cex=0.06584/0.06585 | dex_sell=0.065834 dex_buy=0.0658509 | spread_a=-2.4bps spread_b=-1.7bps | min=30.0bps
2026-05-09 16:15:56,829 | INFO | fetch_order_book: symbol=CHIP/USDC limit=20
2026-05-09 16:15:57,108 | INFO | fetch_order_book: mid=0.06586 spread=6.07bps bids=20 asks=20
2026-05-09 16:15:58,018 | INFO | SPREAD | pair=CHIP/USDC | cex=0.06584/0.06588 | dex_sell=0.065834 dex_buy=0.0658509 | spread_a=-7.0bps spread_b=-1.7bps | min=30.0bps
2026-05-09 16:15:59,021 | INFO | fetch_order_book: symbol=CHIP/USDC limit=20
2026-05-09 16:15:59,281 | INFO | fetch_order_book: mid=0.06587 spread=6.07bps bids=20 asks=20
2026-05-09 16:16:00,142 | INFO | SPREAD | pair=CHIP/USDC | cex=0.06585/0.06589 | dex_sell=0.065834 dex_buy=0.0658509 | spread_a=-8.5bps spread_b=-0.1bps | min=30.0bps
2026-05-09 16:16:01,144 | INFO | fetch_order_book: symbol=CHIP/USDC limit=20
2026-05-09 16:16:01,413 | INFO | fetch_order_book: mid=0.065875 spread=4.55bps bids=20 asks=20
2026-05-09 16:16:02,358 | INFO | SPREAD | pair=CHIP/USDC | cex=0.06586/0.06589 | dex_sell=0.0658602 dex_buy=0.0658771 | spread_a=-4.5bps spread_b=-2.6bps | min=30.0bps
2026-05-09 16:16:03,361 | INFO | fetch_order_book: symbol=CHIP/USDC limit=20
2026-05-09 16:16:03,754 | INFO | fetch_order_book: mid=0.065815 spread=1.52bps bids=20 asks=20
2026-05-09 16:16:04,637 | INFO | SPREAD | pair=CHIP/USDC | cex=0.06581/0.06582 | dex_sell=0.0658602 dex_buy=0.065851 | spread_a=6.1bps spread_b=-6.2bps | min=30.0bps
2026-05-09 16:16:05,640 | INFO | fetch_order_book: symbol=CHIP/USDC limit=20
2026-05-09 16:16:05,902 | INFO | fetch_order_book: mid=0.06579 spread=3.04bps bids=20 asks=20
2026-05-09 16:16:06,845 | INFO | SPREAD | pair=CHIP/USDC | cex=0.06578/0.0658 | dex_sell=0.0658041 dex_buy=0.065821 | spread_a=0.6bps spread_b=-6.2bps | min=30.0bps
2026-05-09 16:16:07,848 | INFO | fetch_order_book: symbol=CHIP/USDC limit=20
2026-05-09 16:16:08,151 | INFO | fetch_order_book: mid=0.06579 spread=3.04bps bids=20 asks=20
2026-05-09 16:16:09,012 | INFO | SPREAD | pair=CHIP/USDC | cex=0.06578/0.0658 | dex_sell=0.065784 dex_buy=0.0658009 | spread_a=-2.4bps spread_b=-3.2bps | min=30.0bps
2026-05-09 16:16:10,015 | INFO | fetch_order_book: symbol=CHIP/USDC limit=20
2026-05-09 16:16:10,270 | INFO | fetch_order_book: mid=0.06579 spread=3.04bps bids=20 asks=20
2026-05-09 16:16:11,228 | INFO | SPREAD | pair=CHIP/USDC | cex=0.06578/0.0658 | dex_sell=0.065784 dex_buy=0.0658009 | spread_a=-2.4bps spread_b=-3.2bps | min=30.0bps
2026-05-09 16:16:12,230 | INFO | fetch_order_book: symbol=CHIP/USDC limit=20
2026-05-09 16:16:12,553 | INFO | fetch_order_book: mid=0.06579 spread=3.04bps bids=20 asks=20
2026-05-09 16:16:13,403 | INFO | SPREAD | pair=CHIP/USDC | cex=0.06578/0.0658 | dex_sell=0.065784 dex_buy=0.0658009 | spread_a=-2.4bps spread_b=-3.2bps | min=30.0bps
2026-05-09 16:16:14,405 | INFO | fetch_order_book: symbol=CHIP/USDC limit=20
2026-05-09 16:16:14,712 | INFO | fetch_order_book: mid=0.065795 spread=4.56bps bids=20 asks=20
2026-05-09 16:16:15,616 | INFO | SPREAD | pair=CHIP/USDC | cex=0.06578/0.06581 | dex_sell=0.065784 dex_buy=0.0658009 | spread_a=-4.0bps spread_b=-3.2bps | min=30.0bps
2026-05-09 16:16:16,620 | INFO | fetch_order_book: symbol=CHIP/USDC limit=20
2026-05-09 16:16:16,876 | INFO | fetch_order_book: mid=0.065795 spread=4.56bps bids=20 asks=20
2026-05-09 16:16:17,753 | INFO | SPREAD | pair=CHIP/USDC | cex=0.06578/0.06581 | dex_sell=0.065784 dex_buy=0.0658009 | spread_a=-4.0bps spread_b=-3.2bps | min=30.0bps
2026-05-09 16:16:18,755 | INFO | fetch_order_book: symbol=CHIP/USDC limit=20
2026-05-09 16:16:19,117 | INFO | fetch_order_book: mid=0.065795 spread=4.56bps bids=20 asks=20
2026-05-09 16:16:20,047 | INFO | SPREAD | pair=CHIP/USDC | cex=0.06578/0.06581 | dex_sell=0.065784 dex_buy=0.0658009 | spread_a=-4.0bps spread_b=-3.2bps | min=30.0bps
2026-05-09 16:16:21,049 | INFO | fetch_order_book: symbol=CHIP/USDC limit=20
2026-05-09 16:16:21,464 | INFO | fetch_order_book: mid=0.06580 spread=3.04bps bids=20 asks=20
2026-05-09 16:16:22,299 | INFO | SPREAD | pair=CHIP/USDC | cex=0.06579/0.06581 | dex_sell=0.065784 dex_buy=0.0658009 | spread_a=-4.0bps spread_b=-1.7bps | min=30.0bps
2026-05-09 16:16:23,301 | INFO | fetch_order_book: symbol=CHIP/USDC limit=20
2026-05-09 16:16:23,620 | INFO | fetch_order_book: mid=0.06580 spread=3.04bps bids=20 asks=20
2026-05-09 16:16:24,510 | INFO | SPREAD | pair=CHIP/USDC | cex=0.06579/0.06581 | dex_sell=0.065784 dex_buy=0.0658009 | spread_a=-4.0bps spread_b=-1.7bps | min=30.0bps
2026-05-09 16:16:25,512 | INFO | fetch_order_book: symbol=CHIP/USDC limit=20
2026-05-09 16:16:25,887 | INFO | fetch_order_book: mid=0.06580 spread=3.04bps bids=20 asks=20
2026-05-09 16:16:26,696 | INFO | SPREAD | pair=CHIP/USDC | cex=0.06579/0.06581 | dex_sell=0.065784 dex_buy=0.0658009 | spread_a=-4.0bps spread_b=-1.7bps | min=30.0bps
2026-05-09 16:16:27,699 | INFO | fetch_order_book: symbol=CHIP/USDC limit=20
2026-05-09 16:16:27,958 | INFO | fetch_order_book: mid=0.06580 spread=3.04bps bids=20 asks=20
2026-05-09 16:16:28,877 | INFO | SPREAD | pair=CHIP/USDC | cex=0.06579/0.06581 | dex_sell=0.065784 dex_buy=0.0658009 | spread_a=-4.0bps spread_b=-1.7bps | min=30.0bps
2026-05-09 16:16:29,880 | INFO | fetch_order_book: symbol=CHIP/USDC limit=20
2026-05-09 16:16:30,197 | INFO | fetch_order_book: mid=0.06580 spread=3.04bps bids=20 asks=20
2026-05-09 16:16:31,332 | INFO | SPREAD | pair=CHIP/USDC | cex=0.06579/0.06581 | dex_sell=0.065784 dex_buy=0.0658009 | spread_a=-4.0bps spread_b=-1.7bps | min=30.0bps
2026-05-09 16:16:32,336 | INFO | fetch_order_book: symbol=CHIP/USDC limit=20
2026-05-09 16:16:32,594 | INFO | fetch_order_book: mid=0.06580 spread=3.04bps bids=20 asks=20
2026-05-09 16:16:33,675 | INFO | SPREAD | pair=CHIP/USDC | cex=0.06579/0.06581 | dex_sell=0.065784 dex_buy=0.0658009 | spread_a=-4.0bps spread_b=-1.7bps | min=30.0bps
2026-05-09 16:16:34,679 | INFO | fetch_order_book: symbol=CHIP/USDC limit=20
2026-05-09 16:16:34,939 | INFO | fetch_order_book: mid=0.06580 spread=3.04bps bids=20 asks=20
2026-05-09 16:16:35,849 | INFO | SPREAD | pair=CHIP/USDC | cex=0.06579/0.06581 | dex_sell=0.065784 dex_buy=0.0658009 | spread_a=-4.0bps spread_b=-1.7bps | min=30.0bps
2026-05-09 16:16:36,851 | INFO | fetch_order_book: symbol=CHIP/USDC limit=20
2026-05-09 16:16:37,106 | INFO | fetch_order_book: mid=0.06580 spread=3.04bps bids=20 asks=20
2026-05-09 16:16:37,988 | INFO | SPREAD | pair=CHIP/USDC | cex=0.06579/0.06581 | dex_sell=0.065784 dex_buy=0.0658009 | spread_a=-4.0bps spread_b=-1.7bps | min=30.0bps
2026-05-09 16:16:38,992 | INFO | fetch_order_book: symbol=CHIP/USDC limit=20
2026-05-09 16:16:39,248 | INFO | fetch_order_book: mid=0.06579 spread=3.04bps bids=20 asks=20
2026-05-09 16:16:40,202 | INFO | SPREAD | pair=CHIP/USDC | cex=0.06578/0.0658 | dex_sell=0.065784 dex_buy=0.0658009 | spread_a=-2.4bps spread_b=-3.2bps | min=30.0bps
2026-05-09 16:16:41,205 | INFO | fetch_order_book: symbol=CHIP/USDC limit=20
2026-05-09 16:16:41,510 | INFO | fetch_order_book: mid=0.06579 spread=3.04bps bids=20 asks=20
2026-05-09 16:16:42,422 | INFO | SPREAD | pair=CHIP/USDC | cex=0.06578/0.0658 | dex_sell=0.065784 dex_buy=0.0658009 | spread_a=-2.4bps spread_b=-3.2bps | min=30.0bps
2026-05-09 16:16:43,425 | INFO | fetch_order_book: symbol=CHIP/USDC limit=20
2026-05-09 16:16:43,784 | INFO | fetch_order_book: mid=0.06579 spread=3.04bps bids=20 asks=20
2026-05-09 16:16:44,697 | INFO | SPREAD | pair=CHIP/USDC | cex=0.06578/0.0658 | dex_sell=0.065784 dex_buy=0.0658009 | spread_a=-2.4bps spread_b=-3.2bps | min=30.0bps
2026-05-09 16:16:45,701 | INFO | fetch_order_book: symbol=CHIP/USDC limit=20
2026-05-09 16:16:45,958 | INFO | fetch_order_book: mid=0.06585 spread=3.04bps bids=20 asks=20
2026-05-09 16:16:46,815 | INFO | SPREAD | pair=CHIP/USDC | cex=0.06584/0.06586 | dex_sell=0.0658101 dex_buy=0.0658472 | spread_a=-7.6bps spread_b=-1.1bps | min=30.0bps
2026-05-09 16:16:47,818 | INFO | fetch_order_book: symbol=CHIP/USDC limit=20
2026-05-09 16:16:48,203 | INFO | fetch_order_book: mid=0.06583 spread=6.08bps bids=20 asks=20
2026-05-09 16:16:49,152 | INFO | SPREAD | pair=CHIP/USDC | cex=0.06581/0.06585 | dex_sell=0.0658303 dex_buy=0.0658472 | spread_a=-3.0bps spread_b=-5.6bps | min=30.0bps
2026-05-09 16:16:50,156 | INFO | fetch_order_book: symbol=CHIP/USDC limit=20
2026-05-09 16:16:50,445 | INFO | fetch_order_book: mid=0.065825 spread=4.56bps bids=20 asks=20
2026-05-09 16:16:51,297 | INFO | SPREAD | pair=CHIP/USDC | cex=0.06581/0.06584 | dex_sell=0.0658303 dex_buy=0.0658472 | spread_a=-1.5bps spread_b=-5.6bps | min=30.0bps
2026-05-09 16:16:52,300 | INFO | fetch_order_book: symbol=CHIP/USDC limit=20
2026-05-09 16:16:52,567 | INFO | fetch_order_book: mid=0.065825 spread=4.56bps bids=20 asks=20
2026-05-09 16:16:53,468 | INFO | SPREAD | pair=CHIP/USDC | cex=0.06581/0.06584 | dex_sell=0.0658303 dex_buy=0.0658208 | spread_a=-1.5bps spread_b=-1.6bps | min=30.0bps
2026-05-09 16:16:54,471 | INFO | fetch_order_book: symbol=CHIP/USDC limit=20
2026-05-09 16:16:54,728 | INFO | fetch_order_book: mid=0.065805 spread=4.56bps bids=20 asks=20
2026-05-09 16:16:55,638 | INFO | SPREAD | pair=CHIP/USDC | cex=0.06579/0.06582 | dex_sell=0.0658039 dex_buy=0.0658208 | spread_a=-2.4bps spread_b=-4.7bps | min=30.0bps
2026-05-09 16:16:56,641 | INFO | fetch_order_book: symbol=CHIP/USDC limit=20
2026-05-09 16:16:56,905 | INFO | fetch_order_book: mid=0.06581 spread=6.08bps bids=20 asks=20
2026-05-09 16:16:57,855 | INFO | SPREAD | pair=CHIP/USDC | cex=0.06579/0.06583 | dex_sell=0.0658039 dex_buy=0.0658208 | spread_a=-4.0bps spread_b=-4.7bps | min=30.0bps
2026-05-09 16:16:58,859 | INFO | fetch_order_book: symbol=CHIP/USDC limit=20
2026-05-09 16:16:59,115 | INFO | fetch_order_book: mid=0.06581 spread=6.08bps bids=20 asks=20
2026-05-09 16:16:59,948 | INFO | SPREAD | pair=CHIP/USDC | cex=0.06579/0.06583 | dex_sell=0.0658039 dex_buy=0.0658208 | spread_a=-4.0bps spread_b=-4.7bps | min=30.0bps
2026-05-09 16:17:00,951 | INFO | fetch_order_book: symbol=CHIP/USDC limit=20
2026-05-09 16:17:01,210 | INFO | fetch_order_book: mid=0.065805 spread=4.56bps bids=20 asks=20
2026-05-09 16:17:02,106 | INFO | SPREAD | pair=CHIP/USDC | cex=0.06579/0.06582 | dex_sell=0.0658039 dex_buy=0.0658208 | spread_a=-2.4bps spread_b=-4.7bps | min=30.0bps
2026-05-09 16:17:03,110 | INFO | fetch_order_book: symbol=CHIP/USDC limit=20
2026-05-09 16:17:03,373 | INFO | fetch_order_book: mid=0.06583 spread=3.04bps bids=20 asks=20
2026-05-09 16:17:04,250 | INFO | SPREAD | pair=CHIP/USDC | cex=0.06582/0.06584 | dex_sell=0.0658039 dex_buy=0.0658208 | spread_a=-5.5bps spread_b=-0.1bps | min=30.0bps
2026-05-09 16:17:05,253 | INFO | fetch_order_book: symbol=CHIP/USDC limit=20
2026-05-09 16:17:05,512 | INFO | fetch_order_book: mid=0.06584 spread=6.08bps bids=20 asks=20
2026-05-09 16:17:06,467 | INFO | SPREAD | pair=CHIP/USDC | cex=0.06582/0.06586 | dex_sell=0.0658303 dex_buy=0.0658472 | spread_a=-4.5bps spread_b=-4.1bps | min=30.0bps
2026-05-09 16:17:07,470 | INFO | fetch_order_book: symbol=CHIP/USDC limit=20
2026-05-09 16:17:07,850 | INFO | fetch_order_book: mid=0.06584 spread=6.08bps bids=20 asks=20
2026-05-09 16:17:08,675 | INFO | SPREAD | pair=CHIP/USDC | cex=0.06582/0.06586 | dex_sell=0.0658303 dex_buy=0.0658472 | spread_a=-4.5bps spread_b=-4.1bps | min=30.0bps
2026-05-09 16:17:09,677 | INFO | fetch_order_book: symbol=CHIP/USDC limit=20
2026-05-09 16:17:09,940 | INFO | fetch_order_book: mid=0.06585 spread=3.04bps bids=20 asks=20
2026-05-09 16:17:10,858 | INFO | SPREAD | pair=CHIP/USDC | cex=0.06584/0.06586 | dex_sell=0.0658303 dex_buy=0.0658472 | spread_a=-4.5bps spread_b=-1.1bps | min=30.0bps
2026-05-09 16:17:11,862 | INFO | fetch_order_book: symbol=CHIP/USDC limit=20
2026-05-09 16:17:12,155 | INFO | fetch_order_book: mid=0.06585 spread=3.04bps bids=20 asks=20
2026-05-09 16:17:13,042 | INFO | SPREAD | pair=CHIP/USDC | cex=0.06584/0.06586 | dex_sell=0.0658303 dex_buy=0.0658472 | spread_a=-4.5bps spread_b=-1.1bps | min=30.0bps
2026-05-09 16:17:14,045 | INFO | fetch_order_book: symbol=CHIP/USDC limit=20
2026-05-09 16:17:14,406 | INFO | fetch_order_book: mid=0.06585 spread=3.04bps bids=20 asks=20
2026-05-09 16:17:15,289 | INFO | SPREAD | pair=CHIP/USDC | cex=0.06584/0.06586 | dex_sell=0.0658303 dex_buy=0.0658472 | spread_a=-4.5bps spread_b=-1.1bps | min=30.0bps
2026-05-09 16:17:16,293 | INFO | fetch_order_book: symbol=CHIP/USDC limit=20
2026-05-09 16:17:16,566 | INFO | fetch_order_book: mid=0.06585 spread=3.04bps bids=20 asks=20
2026-05-09 16:17:17,404 | INFO | SPREAD | pair=CHIP/USDC | cex=0.06584/0.06586 | dex_sell=0.0658303 dex_buy=0.0658472 | spread_a=-4.5bps spread_b=-1.1bps | min=30.0bps
2026-05-09 16:17:18,408 | INFO | fetch_order_book: symbol=CHIP/USDC limit=20
2026-05-09 16:17:18,666 | INFO | fetch_order_book: mid=0.06585 spread=3.04bps bids=20 asks=20
2026-05-09 16:17:19,586 | INFO | SPREAD | pair=CHIP/USDC | cex=0.06584/0.06586 | dex_sell=0.0658303 dex_buy=0.0658472 | spread_a=-4.5bps spread_b=-1.1bps | min=30.0bps
2026-05-09 16:17:20,589 | INFO | fetch_order_book: symbol=CHIP/USDC limit=20
2026-05-09 16:17:20,846 | INFO | fetch_order_book: mid=0.06586 spread=3.04bps bids=20 asks=20
2026-05-09 16:17:21,705 | INFO | SPREAD | pair=CHIP/USDC | cex=0.06585/0.06587 | dex_sell=0.0658303 dex_buy=0.0658472 | spread_a=-6.0bps spread_b=0.4bps | min=30.0bps
2026-05-09 16:17:22,708 | INFO | fetch_order_book: symbol=CHIP/USDC limit=20
2026-05-09 16:17:22,966 | INFO | fetch_order_book: mid=0.06589 spread=3.04bps bids=20 asks=20
2026-05-09 16:17:23,859 | INFO | SPREAD | pair=CHIP/USDC | cex=0.06588/0.0659 | dex_sell=0.0658604 dex_buy=0.0658773 | spread_a=-6.0bps spread_b=0.4bps | min=30.0bps
2026-05-09 16:17:24,862 | INFO | fetch_order_book: symbol=CHIP/USDC limit=20
2026-05-09 16:17:25,119 | INFO | fetch_order_book: mid=0.06590 spread=6.07bps bids=20 asks=20
2026-05-09 16:17:25,940 | INFO | SPREAD | pair=CHIP/USDC | cex=0.06588/0.06592 | dex_sell=0.0658604 dex_buy=0.0658773 | spread_a=-9.0bps spread_b=0.4bps | min=30.0bps
2026-05-09 16:17:26,944 | INFO | fetch_order_book: symbol=CHIP/USDC limit=20
2026-05-09 16:17:27,208 | INFO | fetch_order_book: mid=0.065905 spread=4.55bps bids=20 asks=20
2026-05-09 16:17:28,128 | INFO | SPREAD | pair=CHIP/USDC | cex=0.06589/0.06592 | dex_sell=0.0658901 dex_buy=0.065907 | spread_a=-4.5bps spread_b=-2.6bps | min=30.0bps
2026-05-09 16:17:29,132 | INFO | fetch_order_book: symbol=CHIP/USDC limit=20
2026-05-09 16:17:29,526 | INFO | fetch_order_book: mid=0.06591 spread=3.03bps bids=20 asks=20
2026-05-09 16:17:30,446 | INFO | SPREAD | pair=CHIP/USDC | cex=0.0659/0.06592 | dex_sell=0.0658901 dex_buy=0.065907 | spread_a=-4.5bps spread_b=-1.1bps | min=30.0bps
2026-05-09 16:17:31,449 | INFO | fetch_order_book: symbol=CHIP/USDC limit=20
2026-05-09 16:17:31,705 | INFO | fetch_order_book: mid=0.065925 spread=1.52bps bids=20 asks=20
2026-05-09 16:17:32,595 | INFO | SPREAD | pair=CHIP/USDC | cex=0.06592/0.06593 | dex_sell=0.0659202 dex_buy=0.0659371 | spread_a=-1.5bps spread_b=-2.6bps | min=30.0bps
2026-05-09 16:17:33,599 | INFO | fetch_order_book: symbol=CHIP/USDC limit=20
2026-05-09 16:17:33,862 | INFO | fetch_order_book: mid=0.065935 spread=4.55bps bids=20 asks=20
2026-05-09 16:17:34,767 | INFO | SPREAD | pair=CHIP/USDC | cex=0.06592/0.06595 | dex_sell=0.0659202 dex_buy=0.0659371 | spread_a=-4.5bps spread_b=-2.6bps | min=30.0bps
2026-05-09 16:17:35,771 | INFO | fetch_order_book: symbol=CHIP/USDC limit=20
2026-05-09 16:17:36,047 | INFO | fetch_order_book: mid=0.06595 spread=3.03bps bids=20 asks=20
2026-05-09 16:17:37,141 | INFO | SPREAD | pair=CHIP/USDC | cex=0.06594/0.06596 | dex_sell=0.0659202 dex_buy=0.0659371 | spread_a=-6.0bps spread_b=0.4bps | min=30.0bps
2026-05-09 16:17:38,144 | INFO | fetch_order_book: symbol=CHIP/USDC limit=20
2026-05-09 16:17:38,478 | INFO | fetch_order_book: mid=0.06595 spread=3.03bps bids=20 asks=20
2026-05-09 16:17:39,324 | INFO | SPREAD | pair=CHIP/USDC | cex=0.06594/0.06596 | dex_sell=0.0659202 dex_buy=0.0659371 | spread_a=-6.0bps spread_b=0.4bps | min=30.0bps
2026-05-09 16:17:40,327 | INFO | fetch_order_book: symbol=CHIP/USDC limit=20
2026-05-09 16:17:40,583 | INFO | fetch_order_book: mid=0.06595 spread=3.03bps bids=20 asks=20
2026-05-09 16:17:41,511 | INFO | SPREAD | pair=CHIP/USDC | cex=0.06594/0.06596 | dex_sell=0.0659401 dex_buy=0.0659571 | spread_a=-3.0bps spread_b=-2.6bps | min=30.0bps
2026-05-09 16:17:42,515 | INFO | fetch_order_book: symbol=CHIP/USDC limit=20
2026-05-09 16:17:42,773 | INFO | fetch_order_book: mid=0.065945 spread=4.55bps bids=20 asks=20
2026-05-09 16:17:43,647 | INFO | SPREAD | pair=CHIP/USDC | cex=0.06593/0.06596 | dex_sell=0.0659401 dex_buy=0.0659571 | spread_a=-3.0bps spread_b=-4.1bps | min=30.0bps
2026-05-09 16:17:44,650 | INFO | fetch_order_book: symbol=CHIP/USDC limit=20
2026-05-09 16:17:45,051 | INFO | fetch_order_book: mid=0.065955 spread=1.52bps bids=20 asks=20
2026-05-09 16:17:45,965 | INFO | SPREAD | pair=CHIP/USDC | cex=0.06595/0.06596 | dex_sell=0.0659401 dex_buy=0.0659571 | spread_a=-3.0bps spread_b=-1.1bps | min=30.0bps
2026-05-09 16:17:46,968 | INFO | fetch_order_book: symbol=CHIP/USDC limit=20
2026-05-09 16:17:47,226 | INFO | fetch_order_book: mid=0.065955 spread=4.55bps bids=20 asks=20
2026-05-09 16:17:48,086 | INFO | SPREAD | pair=CHIP/USDC | cex=0.06594/0.06597 | dex_sell=0.0659401 dex_buy=0.0659571 | spread_a=-4.5bps spread_b=-2.6bps | min=30.0bps
2026-05-09 16:17:49,090 | INFO | fetch_order_book: symbol=CHIP/USDC limit=20
2026-05-09 16:17:49,351 | INFO | fetch_order_book: mid=0.065915 spread=4.55bps bids=20 asks=20
2026-05-09 16:17:50,429 | INFO | SPREAD | pair=CHIP/USDC | cex=0.0659/0.06593 | dex_sell=0.065914 dex_buy=0.0659309 | spread_a=-2.4bps spread_b=-4.7bps | min=30.0bps
2026-05-09 16:17:51,432 | INFO | fetch_order_book: symbol=CHIP/USDC limit=20
2026-05-09 16:17:51,687 | INFO | fetch_order_book: mid=0.065905 spread=7.59bps bids=20 asks=20
2026-05-09 16:17:52,531 | INFO | SPREAD | pair=CHIP/USDC | cex=0.06588/0.06593 | dex_sell=0.065914 dex_buy=0.0659309 | spread_a=-2.4bps spread_b=-7.7bps | min=30.0bps
2026-05-09 16:17:53,534 | INFO | fetch_order_book: symbol=CHIP/USDC limit=20
2026-05-09 16:17:53,792 | INFO | fetch_order_book: mid=0.065905 spread=7.59bps bids=20 asks=20
2026-05-09 16:17:54,704 | INFO | SPREAD | pair=CHIP/USDC | cex=0.06588/0.06593 | dex_sell=0.065914 dex_buy=0.0659309 | spread_a=-2.4bps spread_b=-7.7bps | min=30.0bps
2026-05-09 16:17:55,708 | INFO | fetch_order_book: symbol=CHIP/USDC limit=20
2026-05-09 16:17:55,996 | INFO | fetch_order_book: mid=0.06590 spread=6.07bps bids=20 asks=20
2026-05-09 16:17:56,913 | INFO | SPREAD | pair=CHIP/USDC | cex=0.06588/0.06592 | dex_sell=0.065914 dex_buy=0.0659309 | spread_a=-0.9bps spread_b=-7.7bps | min=30.0bps
2026-05-09 16:17:57,917 | INFO | fetch_order_book: symbol=CHIP/USDC limit=20
2026-05-09 16:17:58,209 | INFO | fetch_order_book: mid=0.06591 spread=6.07bps bids=20 asks=20
2026-05-09 16:17:59,097 | INFO | SPREAD | pair=CHIP/USDC | cex=0.06589/0.06593 | dex_sell=0.065914 dex_buy=0.0659309 | spread_a=-2.4bps spread_b=-6.2bps | min=30.0bps
2026-05-09 16:18:00,101 | INFO | fetch_order_book: symbol=CHIP/USDC limit=20
2026-05-09 16:18:00,357 | INFO | fetch_order_book: mid=0.06591 spread=6.07bps bids=20 asks=20
2026-05-09 16:18:01,329 | INFO | SPREAD | pair=CHIP/USDC | cex=0.06589/0.06593 | dex_sell=0.065914 dex_buy=0.0659309 | spread_a=-2.4bps spread_b=-6.2bps | min=30.0bps
2026-05-09 16:18:02,333 | INFO | fetch_order_book: symbol=CHIP/USDC limit=20
2026-05-09 16:18:02,656 | INFO | fetch_order_book: mid=0.065935 spread=4.55bps bids=20 asks=20
2026-05-09 16:18:03,638 | INFO | SPREAD | pair=CHIP/USDC | cex=0.06592/0.06595 | dex_sell=0.065914 dex_buy=0.0659309 | spread_a=-5.5bps spread_b=-1.7bps | min=30.0bps
2026-05-09 16:18:04,641 | INFO | fetch_order_book: symbol=CHIP/USDC limit=20
2026-05-09 16:18:05,004 | INFO | fetch_order_book: mid=0.06590 spread=6.07bps bids=20 asks=20
2026-05-09 16:18:05,956 | INFO | SPREAD | pair=CHIP/USDC | cex=0.06588/0.06592 | dex_sell=0.065914 dex_buy=0.0659309 | spread_a=-0.9bps spread_b=-7.7bps | min=30.0bps
2026-05-09 16:18:06,959 | INFO | fetch_order_book: symbol=CHIP/USDC limit=20
2026-05-09 16:18:07,222 | INFO | fetch_order_book: mid=0.06590 spread=6.07bps bids=20 asks=20
2026-05-09 16:18:08,120 | INFO | SPREAD | pair=CHIP/USDC | cex=0.06588/0.06592 | dex_sell=0.065914 dex_buy=0.0659309 | spread_a=-0.9bps spread_b=-7.7bps | min=30.0bps
2026-05-09 16:18:09,122 | INFO | fetch_order_book: symbol=CHIP/USDC limit=20
2026-05-09 16:18:09,378 | INFO | fetch_order_book: mid=0.06589 spread=9.11bps bids=20 asks=20
2026-05-09 16:18:10,292 | INFO | SPREAD | pair=CHIP/USDC | cex=0.06586/0.06592 | dex_sell=0.065914 dex_buy=0.0659309 | spread_a=-0.9bps spread_b=-10.8bps | min=30.0bps
2026-05-09 16:18:11,295 | INFO | fetch_order_book: symbol=CHIP/USDC limit=20
2026-05-09 16:18:11,881 | INFO | fetch_order_book: mid=0.06589 spread=9.11bps bids=20 asks=20
2026-05-09 16:18:12,783 | INFO | SPREAD | pair=CHIP/USDC | cex=0.06586/0.06592 | dex_sell=0.065884 dex_buy=0.0659009 | spread_a=-5.5bps spread_b=-6.2bps | min=30.0bps
2026-05-09 16:18:13,786 | INFO | fetch_order_book: symbol=CHIP/USDC limit=20
2026-05-09 16:18:14,041 | INFO | fetch_order_book: mid=0.065895 spread=7.59bps bids=20 asks=20
2026-05-09 16:18:14,961 | INFO | SPREAD | pair=CHIP/USDC | cex=0.06587/0.06592 | dex_sell=0.065884 dex_buy=0.0659009 | spread_a=-5.5bps spread_b=-4.7bps | min=30.0bps
2026-05-09 16:18:15,964 | INFO | fetch_order_book: symbol=CHIP/USDC limit=20
2026-05-09 16:18:16,299 | INFO | fetch_order_book: mid=0.065895 spread=7.59bps bids=20 asks=20
2026-05-09 16:18:17,233 | INFO | SPREAD | pair=CHIP/USDC | cex=0.06587/0.06592 | dex_sell=0.065884 dex_buy=0.0659009 | spread_a=-5.5bps spread_b=-4.7bps | min=30.0bps
2026-05-09 16:18:18,236 | INFO | fetch_order_book: symbol=CHIP/USDC limit=20
2026-05-09 16:18:18,623 | INFO | fetch_order_book: mid=0.065895 spread=7.59bps bids=20 asks=20
2026-05-09 16:18:19,518 | INFO | SPREAD | pair=CHIP/USDC | cex=0.06587/0.06592 | dex_sell=0.065884 dex_buy=0.0659009 | spread_a=-5.5bps spread_b=-4.7bps | min=30.0bps
2026-05-09 16:18:20,521 | INFO | fetch_order_book: symbol=CHIP/USDC limit=20
2026-05-09 16:18:20,789 | INFO | fetch_order_book: mid=0.065895 spread=7.59bps bids=20 asks=20
2026-05-09 16:18:21,977 | INFO | SPREAD | pair=CHIP/USDC | cex=0.06587/0.06592 | dex_sell=0.065884 dex_buy=0.0659009 | spread_a=-5.5bps spread_b=-4.7bps | min=30.0bps
2026-05-09 16:18:22,981 | INFO | fetch_order_book: symbol=CHIP/USDC limit=20
2026-05-09 16:18:23,255 | INFO | fetch_order_book: mid=0.06590 spread=6.07bps bids=20 asks=20
2026-05-09 16:18:24,099 | INFO | SPREAD | pair=CHIP/USDC | cex=0.06588/0.06592 | dex_sell=0.065884 dex_buy=0.0659009 | spread_a=-5.5bps spread_b=-3.2bps | min=30.0bps
2026-05-09 16:18:25,102 | INFO | fetch_order_book: symbol=CHIP/USDC limit=20
2026-05-09 16:18:25,371 | INFO | fetch_order_book: mid=0.065895 spread=7.59bps bids=20 asks=20
2026-05-09 16:18:26,295 | INFO | SPREAD | pair=CHIP/USDC | cex=0.06587/0.06592 | dex_sell=0.065884 dex_buy=0.0659009 | spread_a=-5.5bps spread_b=-4.7bps | min=30.0bps
2026-05-09 16:18:27,298 | INFO | fetch_order_book: symbol=CHIP/USDC limit=20
2026-05-09 16:18:27,625 | INFO | fetch_order_book: mid=0.065895 spread=7.59bps bids=20 asks=20
2026-05-09 16:18:28,622 | INFO | SPREAD | pair=CHIP/USDC | cex=0.06587/0.06592 | dex_sell=0.065884 dex_buy=0.0659009 | spread_a=-5.5bps spread_b=-4.7bps | min=30.0bps
2026-05-09 16:18:29,624 | INFO | fetch_order_book: symbol=CHIP/USDC limit=20
2026-05-09 16:18:30,081 | INFO | fetch_order_book: mid=0.065895 spread=7.59bps bids=20 asks=20
2026-05-09 16:18:30,991 | INFO | SPREAD | pair=CHIP/USDC | cex=0.06587/0.06592 | dex_sell=0.065884 dex_buy=0.0659009 | spread_a=-5.5bps spread_b=-4.7bps | min=30.0bps
2026-05-09 16:18:31,994 | INFO | fetch_order_book: symbol=CHIP/USDC limit=20
2026-05-09 16:18:32,462 | INFO | fetch_order_book: mid=0.065915 spread=7.59bps bids=20 asks=20
2026-05-09 16:18:33,294 | INFO | SPREAD | pair=CHIP/USDC | cex=0.06589/0.06594 | dex_sell=0.065884 dex_buy=0.0659009 | spread_a=-8.5bps spread_b=-1.7bps | min=30.0bps
2026-05-09 16:18:34,298 | INFO | fetch_order_book: symbol=CHIP/USDC limit=20
2026-05-09 16:18:34,607 | INFO | fetch_order_book: mid=0.06594 spread=3.03bps bids=20 asks=20
2026-05-09 16:18:35,811 | INFO | SPREAD | pair=CHIP/USDC | cex=0.06593/0.06595 | dex_sell=0.0659303 dex_buy=0.0659472 | spread_a=-3.0bps spread_b=-2.6bps | min=30.0bps
2026-05-09 16:18:36,815 | INFO | fetch_order_book: symbol=CHIP/USDC limit=20
2026-05-09 16:18:37,179 | INFO | fetch_order_book: mid=0.065945 spread=4.55bps bids=20 asks=20
2026-05-09 16:18:38,190 | INFO | SPREAD | pair=CHIP/USDC | cex=0.06593/0.06596 | dex_sell=0.0659303 dex_buy=0.0659472 | spread_a=-4.5bps spread_b=-2.6bps | min=30.0bps
2026-05-09 16:18:39,193 | INFO | fetch_order_book: symbol=CHIP/USDC limit=20
2026-05-09 16:18:39,533 | INFO | fetch_order_book: mid=0.06595 spread=6.07bps bids=20 asks=20
2026-05-09 16:18:40,494 | INFO | SPREAD | pair=CHIP/USDC | cex=0.06593/0.06597 | dex_sell=0.0659303 dex_buy=0.0659472 | spread_a=-6.0bps spread_b=-2.6bps | min=30.0bps
2026-05-09 16:18:41,497 | INFO | fetch_order_book: symbol=CHIP/USDC limit=20
2026-05-09 16:18:41,833 | INFO | fetch_order_book: mid=0.065955 spread=4.55bps bids=20 asks=20
2026-05-09 16:18:42,767 | INFO | SPREAD | pair=CHIP/USDC | cex=0.06594/0.06597 | dex_sell=0.0659303 dex_buy=0.0659472 | spread_a=-6.0bps spread_b=-1.1bps | min=30.0bps
2026-05-09 16:18:43,770 | INFO | fetch_order_book: symbol=CHIP/USDC limit=20
2026-05-09 16:18:44,026 | INFO | fetch_order_book: mid=0.06595 spread=6.07bps bids=20 asks=20
2026-05-09 16:18:45,035 | INFO | SPREAD | pair=CHIP/USDC | cex=0.06593/0.06597 | dex_sell=0.0659303 dex_buy=0.0659472 | spread_a=-6.0bps spread_b=-2.6bps | min=30.0bps
2026-05-09 16:18:46,038 | INFO | fetch_order_book: symbol=CHIP/USDC limit=20
2026-05-09 16:18:46,302 | INFO | fetch_order_book: mid=0.06595 spread=6.07bps bids=20 asks=20
2026-05-09 16:18:47,266 | INFO | SPREAD | pair=CHIP/USDC | cex=0.06593/0.06597 | dex_sell=0.0659303 dex_buy=0.0659472 | spread_a=-6.0bps spread_b=-2.6bps | min=30.0bps
2026-05-09 16:18:48,269 | INFO | fetch_order_book: symbol=CHIP/USDC limit=20
2026-05-09 16:18:48,621 | INFO | fetch_order_book: mid=0.06595 spread=6.07bps bids=20 asks=20
2026-05-09 16:18:49,554 | INFO | SPREAD | pair=CHIP/USDC | cex=0.06593/0.06597 | dex_sell=0.0659303 dex_buy=0.0659472 | spread_a=-6.0bps spread_b=-2.6bps | min=30.0bps
2026-05-09 16:18:50,557 | INFO | fetch_order_book: symbol=CHIP/USDC limit=20
2026-05-09 16:18:50,822 | INFO | fetch_order_book: mid=0.06595 spread=6.07bps bids=20 asks=20
2026-05-09 16:18:51,654 | INFO | SPREAD | pair=CHIP/USDC | cex=0.06593/0.06597 | dex_sell=0.0659303 dex_buy=0.0659472 | spread_a=-6.0bps spread_b=-2.6bps | min=30.0bps
2026-05-09 16:18:52,657 | INFO | fetch_order_book: symbol=CHIP/USDC limit=20
2026-05-09 16:18:53,464 | INFO | fetch_order_book: mid=0.065945 spread=4.55bps bids=20 asks=20
2026-05-09 16:18:54,389 | INFO | SPREAD | pair=CHIP/USDC | cex=0.06593/0.06596 | dex_sell=0.0659303 dex_buy=0.0659472 | spread_a=-4.5bps spread_b=-2.6bps | min=30.0bps
2026-05-09 16:18:55,391 | INFO | fetch_order_book: symbol=CHIP/USDC limit=20
2026-05-09 16:18:55,649 | INFO | fetch_order_book: mid=0.06592 spread=9.10bps bids=20 asks=20
2026-05-09 16:18:56,563 | INFO | SPREAD | pair=CHIP/USDC | cex=0.06589/0.06595 | dex_sell=0.0659303 dex_buy=0.0659472 | spread_a=-3.0bps spread_b=-8.7bps | min=30.0bps
2026-05-09 16:18:57,567 | INFO | fetch_order_book: symbol=CHIP/USDC limit=20
2026-05-09 16:18:58,145 | INFO | fetch_order_book: mid=0.06592 spread=6.07bps bids=20 asks=20
2026-05-09 16:18:59,040 | INFO | SPREAD | pair=CHIP/USDC | cex=0.0659/0.06594 | dex_sell=0.0659303 dex_buy=0.0659472 | spread_a=-1.5bps spread_b=-7.2bps | min=30.0bps
2026-05-09 16:19:00,044 | INFO | fetch_order_book: symbol=CHIP/USDC limit=20
2026-05-09 16:19:00,398 | INFO | fetch_order_book: mid=0.06591 spread=6.07bps bids=20 asks=20
2026-05-09 16:19:01,344 | INFO | SPREAD | pair=CHIP/USDC | cex=0.06589/0.06593 | dex_sell=0.0659042 dex_buy=0.0659211 | spread_a=-3.9bps spread_b=-4.7bps | min=30.0bps
2026-05-09 16:19:02,348 | INFO | fetch_order_book: symbol=CHIP/USDC limit=20
2026-05-09 16:19:02,614 | INFO | fetch_order_book: mid=0.06595 spread=6.07bps bids=20 asks=20
2026-05-09 16:19:03,535 | INFO | SPREAD | pair=CHIP/USDC | cex=0.06593/0.06597 | dex_sell=0.0659303 dex_buy=0.0659473 | spread_a=-6.0bps spread_b=-2.6bps | min=30.0bps
2026-05-09 16:19:04,538 | INFO | fetch_order_book: symbol=CHIP/USDC limit=20
2026-05-09 16:19:04,798 | INFO | fetch_order_book: mid=0.06595 spread=6.07bps bids=20 asks=20
2026-05-09 16:19:05,753 | INFO | SPREAD | pair=CHIP/USDC | cex=0.06593/0.06597 | dex_sell=0.0659303 dex_buy=0.0659473 | spread_a=-6.0bps spread_b=-2.6bps | min=30.0bps
2026-05-09 16:19:06,756 | INFO | fetch_order_book: symbol=CHIP/USDC limit=20
2026-05-09 16:19:07,022 | INFO | fetch_order_book: mid=0.06592 spread=6.07bps bids=20 asks=20
2026-05-09 16:19:07,907 | INFO | SPREAD | pair=CHIP/USDC | cex=0.0659/0.06594 | dex_sell=0.0659303 dex_buy=0.0659473 | spread_a=-1.5bps spread_b=-7.2bps | min=30.0bps
2026-05-09 16:19:08,910 | INFO | fetch_order_book: symbol=CHIP/USDC limit=20
2026-05-09 16:19:09,289 | INFO | fetch_order_book: mid=0.06592 spread=6.07bps bids=20 asks=20
2026-05-09 16:19:10,161 | INFO | SPREAD | pair=CHIP/USDC | cex=0.0659/0.06594 | dex_sell=0.0659303 dex_buy=0.0659473 | spread_a=-1.5bps spread_b=-7.2bps | min=30.0bps
2026-05-09 16:19:11,164 | INFO | fetch_order_book: symbol=CHIP/USDC limit=20
2026-05-09 16:19:11,420 | INFO | fetch_order_book: mid=0.065915 spread=7.59bps bids=20 asks=20
2026-05-09 16:19:12,361 | INFO | SPREAD | pair=CHIP/USDC | cex=0.06589/0.06594 | dex_sell=0.0659303 dex_buy=0.0659473 | spread_a=-1.5bps spread_b=-8.7bps | min=30.0bps
2026-05-09 16:19:13,364 | INFO | fetch_order_book: symbol=CHIP/USDC limit=20
2026-05-09 16:19:13,619 | INFO | fetch_order_book: mid=0.06593 spread=6.07bps bids=20 asks=20
2026-05-09 16:19:14,494 | INFO | SPREAD | pair=CHIP/USDC | cex=0.06591/0.06595 | dex_sell=0.0659303 dex_buy=0.0659473 | spread_a=-3.0bps spread_b=-5.6bps | min=30.0bps
2026-05-09 16:19:15,498 | INFO | fetch_order_book: symbol=CHIP/USDC limit=20
2026-05-09 16:19:15,875 | INFO | fetch_order_book: mid=0.065935 spread=4.55bps bids=20 asks=20
2026-05-09 16:19:16,798 | INFO | SPREAD | pair=CHIP/USDC | cex=0.06592/0.06595 | dex_sell=0.0659303 dex_buy=0.0659473 | spread_a=-3.0bps spread_b=-4.1bps | min=30.0bps
2026-05-09 16:19:17,801 | INFO | fetch_order_book: symbol=CHIP/USDC limit=20
2026-05-09 16:19:18,062 | INFO | fetch_order_book: mid=0.065955 spread=7.58bps bids=20 asks=20
2026-05-09 16:19:18,973 | INFO | SPREAD | pair=CHIP/USDC | cex=0.06593/0.06598 | dex_sell=0.0659303 dex_buy=0.0659473 | spread_a=-7.5bps spread_b=-2.6bps | min=30.0bps
2026-05-09 16:19:19,976 | INFO | fetch_order_book: symbol=CHIP/USDC limit=20
2026-05-09 16:19:20,386 | INFO | fetch_order_book: mid=0.065965 spread=4.55bps bids=20 asks=20
2026-05-09 16:19:21,271 | INFO | SPREAD | pair=CHIP/USDC | cex=0.06595/0.06598 | dex_sell=0.0659303 dex_buy=0.0659473 | spread_a=-7.5bps spread_b=0.4bps | min=30.0bps
2026-05-09 16:19:22,274 | INFO | fetch_order_book: symbol=CHIP/USDC limit=20
2026-05-09 16:19:22,533 | INFO | fetch_order_book: mid=0.065965 spread=4.55bps bids=20 asks=20
2026-05-09 16:19:23,378 | INFO | SPREAD | pair=CHIP/USDC | cex=0.06595/0.06598 | dex_sell=0.0659303 dex_buy=0.0659473 | spread_a=-7.5bps spread_b=0.4bps | min=30.0bps
2026-05-09 16:19:24,382 | INFO | fetch_order_book: symbol=CHIP/USDC limit=20
2026-05-09 16:19:24,643 | INFO | fetch_order_book: mid=0.06595 spread=6.07bps bids=20 asks=20
2026-05-09 16:19:25,564 | INFO | SPREAD | pair=CHIP/USDC | cex=0.06593/0.06597 | dex_sell=0.0659303 dex_buy=0.0659473 | spread_a=-6.0bps spread_b=-2.6bps | min=30.0bps
2026-05-09 16:19:26,567 | INFO | fetch_order_book: symbol=CHIP/USDC limit=20
2026-05-09 16:19:26,829 | INFO | fetch_order_book: mid=0.065965 spread=4.55bps bids=20 asks=20
2026-05-09 16:19:27,675 | INFO | SPREAD | pair=CHIP/USDC | cex=0.06595/0.06598 | dex_sell=0.0659303 dex_buy=0.0659473 | spread_a=-7.5bps spread_b=0.4bps | min=30.0bps
2026-05-09 16:19:28,678 | INFO | fetch_order_book: symbol=CHIP/USDC limit=20
2026-05-09 16:19:28,940 | INFO | fetch_order_book: mid=0.065965 spread=4.55bps bids=20 asks=20
2026-05-09 16:19:29,849 | INFO | SPREAD | pair=CHIP/USDC | cex=0.06595/0.06598 | dex_sell=0.0659303 dex_buy=0.0659473 | spread_a=-7.5bps spread_b=0.4bps | min=30.0bps
2026-05-09 16:19:30,852 | INFO | fetch_order_book: symbol=CHIP/USDC limit=20
2026-05-09 16:19:31,110 | INFO | fetch_order_book: mid=0.065965 spread=4.55bps bids=20 asks=20
2026-05-09 16:19:32,006 | INFO | SPREAD | pair=CHIP/USDC | cex=0.06595/0.06598 | dex_sell=0.0659303 dex_buy=0.0659473 | spread_a=-7.5bps spread_b=0.4bps | min=30.0bps
2026-05-09 16:19:33,010 | INFO | fetch_order_book: symbol=CHIP/USDC limit=20
2026-05-09 16:19:33,337 | INFO | fetch_order_book: mid=0.065965 spread=4.55bps bids=20 asks=20
2026-05-09 16:19:34,289 | INFO | SPREAD | pair=CHIP/USDC | cex=0.06595/0.06598 | dex_sell=0.0659303 dex_buy=0.0659473 | spread_a=-7.5bps spread_b=0.4bps | min=30.0bps
2026-05-09 16:19:35,292 | INFO | fetch_order_book: symbol=CHIP/USDC limit=20
2026-05-09 16:19:35,706 | INFO | fetch_order_book: mid=0.06595 spread=6.07bps bids=20 asks=20
2026-05-09 16:19:36,565 | INFO | SPREAD | pair=CHIP/USDC | cex=0.06593/0.06597 | dex_sell=0.0659303 dex_buy=0.0659473 | spread_a=-6.0bps spread_b=-2.6bps | min=30.0bps
2026-05-09 16:19:37,568 | INFO | fetch_order_book: symbol=CHIP/USDC limit=20
2026-05-09 16:19:37,825 | INFO | fetch_order_book: mid=0.065945 spread=7.58bps bids=20 asks=20
2026-05-09 16:19:38,730 | INFO | SPREAD | pair=CHIP/USDC | cex=0.06592/0.06597 | dex_sell=0.0659303 dex_buy=0.0659473 | spread_a=-6.0bps spread_b=-4.1bps | min=30.0bps
2026-05-09 16:19:39,733 | INFO | fetch_order_book: symbol=CHIP/USDC limit=20
2026-05-09 16:19:40,033 | INFO | fetch_order_book: mid=0.06594 spread=6.07bps bids=20 asks=20
2026-05-09 16:19:40,894 | INFO | SPREAD | pair=CHIP/USDC | cex=0.06592/0.06596 | dex_sell=0.0659303 dex_buy=0.0659473 | spread_a=-4.5bps spread_b=-4.1bps | min=30.0bps
2026-05-09 16:19:41,897 | INFO | fetch_order_book: symbol=CHIP/USDC limit=20
2026-05-09 16:19:42,166 | INFO | fetch_order_book: mid=0.065945 spread=4.55bps bids=20 asks=20
2026-05-09 16:19:43,077 | INFO | SPREAD | pair=CHIP/USDC | cex=0.06593/0.06596 | dex_sell=0.0659303 dex_buy=0.0659473 | spread_a=-4.5bps spread_b=-2.6bps | min=30.0bps
2026-05-09 16:19:44,080 | INFO | fetch_order_book: symbol=CHIP/USDC limit=20
2026-05-09 16:19:44,449 | INFO | fetch_order_book: mid=0.06594 spread=6.07bps bids=20 asks=20
2026-05-09 16:19:45,277 | INFO | SPREAD | pair=CHIP/USDC | cex=0.06592/0.06596 | dex_sell=0.0659303 dex_buy=0.0659473 | spread_a=-4.5bps spread_b=-4.1bps | min=30.0bps
2026-05-09 16:19:46,280 | INFO | fetch_order_book: symbol=CHIP/USDC limit=20
2026-05-09 16:19:46,537 | INFO | fetch_order_book: mid=0.06594 spread=6.07bps bids=20 asks=20
2026-05-09 16:19:47,445 | INFO | SPREAD | pair=CHIP/USDC | cex=0.06592/0.06596 | dex_sell=0.0659303 dex_buy=0.0659473 | spread_a=-4.5bps spread_b=-4.1bps | min=30.0bps
2026-05-09 16:19:48,448 | INFO | fetch_order_book: symbol=CHIP/USDC limit=20
2026-05-09 16:19:48,720 | INFO | fetch_order_book: mid=0.06594 spread=6.07bps bids=20 asks=20
2026-05-09 16:19:49,646 | INFO | SPREAD | pair=CHIP/USDC | cex=0.06592/0.06596 | dex_sell=0.0659303 dex_buy=0.0659473 | spread_a=-4.5bps spread_b=-4.1bps | min=30.0bps
2026-05-09 16:19:50,652 | INFO | fetch_order_book: symbol=CHIP/USDC limit=20
2026-05-09 16:19:51,036 | INFO | fetch_order_book: mid=0.06594 spread=6.07bps bids=20 asks=20
2026-05-09 16:19:51,964 | INFO | SPREAD | pair=CHIP/USDC | cex=0.06592/0.06596 | dex_sell=0.0659303 dex_buy=0.0659473 | spread_a=-4.5bps spread_b=-4.1bps | min=30.0bps
2026-05-09 16:19:52,967 | INFO | fetch_order_book: symbol=CHIP/USDC limit=20
2026-05-09 16:19:53,223 | INFO | fetch_order_book: mid=0.06594 spread=6.07bps bids=20 asks=20
2026-05-09 16:19:54,051 | INFO | SPREAD | pair=CHIP/USDC | cex=0.06592/0.06596 | dex_sell=0.0659303 dex_buy=0.0659473 | spread_a=-4.5bps spread_b=-4.1bps | min=30.0bps
2026-05-09 16:19:55,055 | INFO | fetch_order_book: symbol=CHIP/USDC limit=20
2026-05-09 16:19:55,309 | INFO | fetch_order_book: mid=0.06594 spread=6.07bps bids=20 asks=20
2026-05-09 16:19:56,253 | INFO | SPREAD | pair=CHIP/USDC | cex=0.06592/0.06596 | dex_sell=0.0659303 dex_buy=0.0659473 | spread_a=-4.5bps spread_b=-4.1bps | min=30.0bps
2026-05-09 16:19:57,257 | INFO | fetch_order_book: symbol=CHIP/USDC limit=20
2026-05-09 16:19:57,511 | INFO | fetch_order_book: mid=0.06594 spread=6.07bps bids=20 asks=20
2026-05-09 16:19:58,410 | INFO | SPREAD | pair=CHIP/USDC | cex=0.06592/0.06596 | dex_sell=0.0659303 dex_buy=0.0659473 | spread_a=-4.5bps spread_b=-4.1bps | min=30.0bps
2026-05-09 16:19:59,413 | INFO | fetch_order_book: symbol=CHIP/USDC limit=20
2026-05-09 16:19:59,795 | INFO | fetch_order_book: mid=0.065965 spread=4.55bps bids=20 asks=20
2026-05-09 16:20:00,769 | INFO | SPREAD | pair=CHIP/USDC | cex=0.06595/0.06598 | dex_sell=0.0659303 dex_buy=0.0659473 | spread_a=-7.5bps spread_b=0.4bps | min=30.0bps
2026-05-09 16:20:01,772 | INFO | fetch_order_book: symbol=CHIP/USDC limit=20
2026-05-09 16:20:02,037 | INFO | fetch_order_book: mid=0.065945 spread=7.58bps bids=20 asks=20
2026-05-09 16:20:02,947 | INFO | SPREAD | pair=CHIP/USDC | cex=0.06592/0.06597 | dex_sell=0.0659303 dex_buy=0.0659473 | spread_a=-6.0bps spread_b=-4.1bps | min=30.0bps
2026-05-09 16:20:03,950 | INFO | fetch_order_book: symbol=CHIP/USDC limit=20
2026-05-09 16:20:04,206 | INFO | fetch_order_book: mid=0.065945 spread=7.58bps bids=20 asks=20
2026-05-09 16:20:05,184 | INFO | SPREAD | pair=CHIP/USDC | cex=0.06592/0.06597 | dex_sell=0.0659303 dex_buy=0.0659473 | spread_a=-6.0bps spread_b=-4.1bps | min=30.0bps
2026-05-09 16:20:06,188 | INFO | fetch_order_book: symbol=CHIP/USDC limit=20
2026-05-09 16:20:06,930 | INFO | fetch_order_book: mid=0.06594 spread=6.07bps bids=20 asks=20
2026-05-09 16:20:07,821 | INFO | SPREAD | pair=CHIP/USDC | cex=0.06592/0.06596 | dex_sell=0.0659303 dex_buy=0.0659473 | spread_a=-4.5bps spread_b=-4.1bps | min=30.0bps
2026-05-09 16:20:08,824 | INFO | fetch_order_book: symbol=CHIP/USDC limit=20
2026-05-09 16:20:09,215 | INFO | fetch_order_book: mid=0.06594 spread=6.07bps bids=20 asks=20
2026-05-09 16:20:10,150 | INFO | SPREAD | pair=CHIP/USDC | cex=0.06592/0.06596 | dex_sell=0.0659303 dex_buy=0.0659473 | spread_a=-4.5bps spread_b=-4.1bps | min=30.0bps
2026-05-09 16:20:11,154 | INFO | fetch_order_book: symbol=CHIP/USDC limit=20
2026-05-09 16:20:11,892 | INFO | fetch_order_book: mid=0.06594 spread=6.07bps bids=20 asks=20
2026-05-09 16:20:12,758 | INFO | SPREAD | pair=CHIP/USDC | cex=0.06592/0.06596 | dex_sell=0.0659303 dex_buy=0.0659473 | spread_a=-4.5bps spread_b=-4.1bps | min=30.0bps
2026-05-09 16:20:13,761 | INFO | fetch_order_book: symbol=CHIP/USDC limit=20
2026-05-09 16:20:14,123 | INFO | fetch_order_book: mid=0.065935 spread=4.55bps bids=20 asks=20
2026-05-09 16:20:15,023 | INFO | SPREAD | pair=CHIP/USDC | cex=0.06592/0.06595 | dex_sell=0.0659303 dex_buy=0.0659473 | spread_a=-3.0bps spread_b=-4.1bps | min=30.0bps
2026-05-09 16:20:16,026 | INFO | fetch_order_book: symbol=CHIP/USDC limit=20
2026-05-09 16:20:16,287 | INFO | fetch_order_book: mid=0.065935 spread=4.55bps bids=20 asks=20
2026-05-09 16:20:17,149 | INFO | SPREAD | pair=CHIP/USDC | cex=0.06592/0.06595 | dex_sell=0.0659303 dex_buy=0.0659473 | spread_a=-3.0bps spread_b=-4.1bps | min=30.0bps
2026-05-09 16:20:18,152 | INFO | fetch_order_book: symbol=CHIP/USDC limit=20
2026-05-09 16:20:18,525 | INFO | fetch_order_book: mid=0.065935 spread=4.55bps bids=20 asks=20
2026-05-09 16:20:19,427 | INFO | SPREAD | pair=CHIP/USDC | cex=0.06592/0.06595 | dex_sell=0.0659303 dex_buy=0.0659473 | spread_a=-3.0bps spread_b=-4.1bps | min=30.0bps
2026-05-09 16:20:20,430 | INFO | fetch_order_book: symbol=CHIP/USDC limit=20
2026-05-09 16:20:20,786 | INFO | fetch_order_book: mid=0.06595 spread=6.07bps bids=20 asks=20
2026-05-09 16:20:21,631 | INFO | SPREAD | pair=CHIP/USDC | cex=0.06593/0.06597 | dex_sell=0.0659303 dex_buy=0.0659473 | spread_a=-6.0bps spread_b=-2.6bps | min=30.0bps
2026-05-09 16:20:22,635 | INFO | fetch_order_book: symbol=CHIP/USDC limit=20
2026-05-09 16:20:22,914 | INFO | fetch_order_book: mid=0.065955 spread=7.58bps bids=20 asks=20
2026-05-09 16:20:23,822 | INFO | SPREAD | pair=CHIP/USDC | cex=0.06593/0.06598 | dex_sell=0.0659303 dex_buy=0.0659473 | spread_a=-7.5bps spread_b=-2.6bps | min=30.0bps
2026-05-09 16:20:24,826 | INFO | fetch_order_book: symbol=CHIP/USDC limit=20
2026-05-09 16:20:25,146 | INFO | fetch_order_book: mid=0.065955 spread=7.58bps bids=20 asks=20
2026-05-09 16:20:26,091 | INFO | SPREAD | pair=CHIP/USDC | cex=0.06593/0.06598 | dex_sell=0.0659303 dex_buy=0.0659473 | spread_a=-7.5bps spread_b=-2.6bps | min=30.0bps
2026-05-09 16:20:27,094 | INFO | fetch_order_book: symbol=CHIP/USDC limit=20
2026-05-09 16:20:27,349 | INFO | fetch_order_book: mid=0.06596 spread=6.06bps bids=20 asks=20
2026-05-09 16:20:28,293 | INFO | SPREAD | pair=CHIP/USDC | cex=0.06594/0.06598 | dex_sell=0.0659303 dex_buy=0.0659473 | spread_a=-7.5bps spread_b=-1.1bps | min=30.0bps
2026-05-09 16:20:29,296 | INFO | fetch_order_book: symbol=CHIP/USDC limit=20
2026-05-09 16:20:29,553 | INFO | fetch_order_book: mid=0.06596 spread=6.06bps bids=20 asks=20
2026-05-09 16:20:30,463 | INFO | SPREAD | pair=CHIP/USDC | cex=0.06594/0.06598 | dex_sell=0.0659303 dex_buy=0.0659473 | spread_a=-7.5bps spread_b=-1.1bps | min=30.0bps
2026-05-09 16:20:31,466 | INFO | fetch_order_book: symbol=CHIP/USDC limit=20
2026-05-09 16:20:31,735 | INFO | fetch_order_book: mid=0.065985 spread=4.55bps bids=20 asks=20
2026-05-09 16:20:32,712 | INFO | SPREAD | pair=CHIP/USDC | cex=0.06597/0.066 | dex_sell=0.0659601 dex_buy=0.065977 | spread_a=-6.0bps spread_b=-1.1bps | min=30.0bps
2026-05-09 16:20:33,715 | INFO | fetch_order_book: symbol=CHIP/USDC limit=20
2026-05-09 16:20:33,971 | INFO | fetch_order_book: mid=0.06594 spread=6.07bps bids=20 asks=20
2026-05-09 16:20:34,838 | INFO | SPREAD | pair=CHIP/USDC | cex=0.06592/0.06596 | dex_sell=0.0659601 dex_buy=0.0659509 | spread_a=0.0bps spread_b=-4.7bps | min=30.0bps
2026-05-09 16:20:35,841 | INFO | fetch_order_book: symbol=CHIP/USDC limit=20
2026-05-09 16:20:36,112 | INFO | fetch_order_book: mid=0.065935 spread=4.55bps bids=20 asks=20
2026-05-09 16:20:37,078 | INFO | SPREAD | pair=CHIP/USDC | cex=0.06592/0.06595 | dex_sell=0.0659339 dex_buy=0.0659509 | spread_a=-2.4bps spread_b=-4.7bps | min=30.0bps
2026-05-09 16:20:38,081 | INFO | fetch_order_book: symbol=CHIP/USDC limit=20
2026-05-09 16:20:38,413 | INFO | fetch_order_book: mid=0.065935 spread=4.55bps bids=20 asks=20
2026-05-09 16:20:39,261 | INFO | SPREAD | pair=CHIP/USDC | cex=0.06592/0.06595 | dex_sell=0.0658831 dex_buy=0.0659272 | spread_a=-10.1bps spread_b=-1.1bps | min=30.0bps
2026-05-09 16:20:40,264 | INFO | fetch_order_book: symbol=CHIP/USDC limit=20
2026-05-09 16:20:40,523 | INFO | fetch_order_book: mid=0.065935 spread=4.55bps bids=20 asks=20
2026-05-09 16:20:41,413 | INFO | SPREAD | pair=CHIP/USDC | cex=0.06592/0.06595 | dex_sell=0.0659103 dex_buy=0.0659272 | spread_a=-6.0bps spread_b=-1.1bps | min=30.0bps
2026-05-09 16:20:42,416 | INFO | fetch_order_book: symbol=CHIP/USDC limit=20
2026-05-09 16:20:42,672 | INFO | fetch_order_book: mid=0.06598 spread=3.03bps bids=20 asks=20
2026-05-09 16:20:43,518 | INFO | SPREAD | pair=CHIP/USDC | cex=0.06597/0.06599 | dex_sell=0.0659222 dex_buy=0.0659391 | spread_a=-10.3bps spread_b=4.7bps | min=30.0bps
2026-05-09 16:20:44,521 | INFO | fetch_order_book: symbol=CHIP/USDC limit=20
2026-05-09 16:20:44,848 | INFO | fetch_order_book: mid=0.065975 spread=4.55bps bids=20 asks=20
2026-05-09 16:20:45,743 | INFO | SPREAD | pair=CHIP/USDC | cex=0.06596/0.06599 | dex_sell=0.0659222 dex_buy=0.0659391 | spread_a=-10.3bps spread_b=3.2bps | min=30.0bps
2026-05-09 16:20:46,746 | INFO | fetch_order_book: symbol=CHIP/USDC limit=20
2026-05-09 16:20:47,015 | INFO | fetch_order_book: mid=0.065955 spread=7.58bps bids=20 asks=20
2026-05-09 16:20:47,902 | INFO | SPREAD | pair=CHIP/USDC | cex=0.06593/0.06598 | dex_sell=0.0659222 dex_buy=0.0659391 | spread_a=-8.8bps spread_b=-1.4bps | min=30.0bps
2026-05-09 16:20:48,906 | INFO | fetch_order_book: symbol=CHIP/USDC limit=20
2026-05-09 16:20:49,160 | INFO | fetch_order_book: mid=0.06594 spread=6.07bps bids=20 asks=20
2026-05-09 16:20:50,045 | INFO | SPREAD | pair=CHIP/USDC | cex=0.06592/0.06596 | dex_sell=0.0659222 dex_buy=0.0659391 | spread_a=-5.7bps spread_b=-2.9bps | min=30.0bps
2026-05-09 16:20:51,048 | INFO | fetch_order_book: symbol=CHIP/USDC limit=20
2026-05-09 16:20:51,394 | INFO | fetch_order_book: mid=0.065925 spread=1.52bps bids=20 asks=20
2026-05-09 16:20:52,225 | INFO | SPREAD | pair=CHIP/USDC | cex=0.06592/0.06593 | dex_sell=0.0659222 dex_buy=0.0659391 | spread_a=-1.2bps spread_b=-2.9bps | min=30.0bps
2026-05-09 16:20:53,227 | INFO | fetch_order_book: symbol=CHIP/USDC limit=20
2026-05-09 16:20:53,483 | INFO | fetch_order_book: mid=0.065925 spread=1.52bps bids=20 asks=20
2026-05-09 16:20:54,342 | INFO | SPREAD | pair=CHIP/USDC | cex=0.06592/0.06593 | dex_sell=0.0659222 dex_buy=0.0659391 | spread_a=-1.2bps spread_b=-2.9bps | min=30.0bps
2026-05-09 16:20:55,344 | INFO | fetch_order_book: symbol=CHIP/USDC limit=20
2026-05-09 16:20:55,602 | INFO | fetch_order_book: mid=0.065925 spread=1.52bps bids=20 asks=20
2026-05-09 16:20:56,469 | INFO | SPREAD | pair=CHIP/USDC | cex=0.06592/0.06593 | dex_sell=0.0659222 dex_buy=0.0659391 | spread_a=-1.2bps spread_b=-2.9bps | min=30.0bps
2026-05-09 16:20:57,473 | INFO | fetch_order_book: symbol=CHIP/USDC limit=20
2026-05-09 16:20:57,869 | INFO | fetch_order_book: mid=0.065925 spread=1.52bps bids=20 asks=20
2026-05-09 16:20:58,739 | INFO | SPREAD | pair=CHIP/USDC | cex=0.06592/0.06593 | dex_sell=0.0659222 dex_buy=0.0659391 | spread_a=-1.2bps spread_b=-2.9bps | min=30.0bps
2026-05-09 16:20:59,742 | INFO | fetch_order_book: symbol=CHIP/USDC limit=20
2026-05-09 16:21:00,002 | INFO | fetch_order_book: mid=0.065905 spread=4.55bps bids=20 asks=20
2026-05-09 16:21:00,899 | INFO | SPREAD | pair=CHIP/USDC | cex=0.06589/0.06592 | dex_sell=0.0659222 dex_buy=0.0659391 | spread_a=0.3bps spread_b=-7.5bps | min=30.0bps
2026-05-09 16:21:01,902 | INFO | fetch_order_book: symbol=CHIP/USDC limit=20
2026-05-09 16:21:02,169 | INFO | fetch_order_book: mid=0.06589 spread=3.04bps bids=20 asks=20
2026-05-09 16:21:03,088 | INFO | SPREAD | pair=CHIP/USDC | cex=0.06588/0.0659 | dex_sell=0.0658942 dex_buy=0.0659111 | spread_a=-0.9bps spread_b=-4.7bps | min=30.0bps
2026-05-09 16:21:04,091 | INFO | fetch_order_book: symbol=CHIP/USDC limit=20
2026-05-09 16:21:04,411 | INFO | fetch_order_book: mid=0.06589 spread=3.04bps bids=20 asks=20
2026-05-09 16:21:05,245 | INFO | SPREAD | pair=CHIP/USDC | cex=0.06588/0.0659 | dex_sell=0.0658942 dex_buy=0.0659111 | spread_a=-0.9bps spread_b=-4.7bps | min=30.0bps
2026-05-09 16:21:06,248 | INFO | fetch_order_book: symbol=CHIP/USDC limit=20
2026-05-09 16:21:06,571 | INFO | fetch_order_book: mid=0.065885 spread=1.52bps bids=20 asks=20
2026-05-09 16:21:07,470 | INFO | SPREAD | pair=CHIP/USDC | cex=0.06588/0.06589 | dex_sell=0.0658942 dex_buy=0.065891 | spread_a=0.6bps spread_b=-1.7bps | min=30.0bps
2026-05-09 16:21:08,474 | INFO | fetch_order_book: symbol=CHIP/USDC limit=20
2026-05-09 16:21:08,735 | INFO | fetch_order_book: mid=0.06587 spread=3.04bps bids=20 asks=20
2026-05-09 16:21:09,639 | INFO | SPREAD | pair=CHIP/USDC | cex=0.06586/0.06588 | dex_sell=0.065874 dex_buy=0.065891 | spread_a=-0.9bps spread_b=-4.7bps | min=30.0bps
2026-05-09 16:21:10,642 | INFO | fetch_order_book: symbol=CHIP/USDC limit=20
2026-05-09 16:21:10,897 | INFO | fetch_order_book: mid=0.065895 spread=4.55bps bids=20 asks=20
2026-05-09 16:21:11,771 | INFO | SPREAD | pair=CHIP/USDC | cex=0.06588/0.06591 | dex_sell=0.065874 dex_buy=0.065891 | spread_a=-5.5bps spread_b=-1.7bps | min=30.0bps
2026-05-09 16:21:12,774 | INFO | fetch_order_book: symbol=CHIP/USDC limit=20
2026-05-09 16:21:13,031 | INFO | fetch_order_book: mid=0.065895 spread=4.55bps bids=20 asks=20
2026-05-09 16:21:13,871 | INFO | SPREAD | pair=CHIP/USDC | cex=0.06588/0.06591 | dex_sell=0.065874 dex_buy=0.065891 | spread_a=-5.5bps spread_b=-1.7bps | min=30.0bps
2026-05-09 16:21:14,875 | INFO | fetch_order_book: symbol=CHIP/USDC limit=20
2026-05-09 16:21:15,256 | INFO | fetch_order_book: mid=0.06587 spread=3.04bps bids=20 asks=20
2026-05-09 16:21:16,129 | INFO | SPREAD | pair=CHIP/USDC | cex=0.06586/0.06588 | dex_sell=0.065874 dex_buy=0.065891 | spread_a=-0.9bps spread_b=-4.7bps | min=30.0bps
2026-05-09 16:21:17,132 | INFO | fetch_order_book: symbol=CHIP/USDC limit=20
2026-05-09 16:21:17,386 | INFO | fetch_order_book: mid=0.06587 spread=3.04bps bids=20 asks=20
2026-05-09 16:21:18,248 | INFO | SPREAD | pair=CHIP/USDC | cex=0.06586/0.06588 | dex_sell=0.065874 dex_buy=0.065891 | spread_a=-0.9bps spread_b=-4.7bps | min=30.0bps
2026-05-09 16:21:19,252 | INFO | fetch_order_book: symbol=CHIP/USDC limit=20
2026-05-09 16:21:19,509 | INFO | fetch_order_book: mid=0.06587 spread=3.04bps bids=20 asks=20
2026-05-09 16:21:20,357 | INFO | SPREAD | pair=CHIP/USDC | cex=0.06586/0.06588 | dex_sell=0.065874 dex_buy=0.065891 | spread_a=-0.9bps spread_b=-4.7bps | min=30.0bps
2026-05-09 16:21:21,361 | INFO | fetch_order_book: symbol=CHIP/USDC limit=20
2026-05-09 16:21:21,745 | INFO | fetch_order_book: mid=0.06587 spread=3.04bps bids=20 asks=20
2026-05-09 16:21:22,634 | INFO | SPREAD | pair=CHIP/USDC | cex=0.06586/0.06588 | dex_sell=0.065874 dex_buy=0.065891 | spread_a=-0.9bps spread_b=-4.7bps | min=30.0bps
2026-05-09 16:21:23,637 | INFO | fetch_order_book: symbol=CHIP/USDC limit=20
2026-05-09 16:21:23,959 | INFO | fetch_order_book: mid=0.06585 spread=3.04bps bids=20 asks=20
2026-05-09 16:21:24,814 | INFO | SPREAD | pair=CHIP/USDC | cex=0.06584/0.06586 | dex_sell=0.065874 dex_buy=0.065891 | spread_a=2.1bps spread_b=-7.7bps | min=30.0bps
2026-05-09 16:21:25,818 | INFO | fetch_order_book: symbol=CHIP/USDC limit=20
2026-05-09 16:21:26,080 | INFO | fetch_order_book: mid=0.065845 spread=1.52bps bids=20 asks=20
2026-05-09 16:21:26,909 | INFO | SPREAD | pair=CHIP/USDC | cex=0.06584/0.06585 | dex_sell=0.0658441 dex_buy=0.065861 | spread_a=-0.9bps spread_b=-3.2bps | min=30.0bps
2026-05-09 16:21:27,912 | INFO | fetch_order_book: symbol=CHIP/USDC limit=20
2026-05-09 16:21:28,186 | INFO | fetch_order_book: mid=0.065845 spread=1.52bps bids=20 asks=20
2026-05-09 16:21:29,025 | INFO | SPREAD | pair=CHIP/USDC | cex=0.06584/0.06585 | dex_sell=0.0658441 dex_buy=0.065861 | spread_a=-0.9bps spread_b=-3.2bps | min=30.0bps
2026-05-09 16:21:30,029 | INFO | fetch_order_book: symbol=CHIP/USDC limit=20
2026-05-09 16:21:30,286 | INFO | fetch_order_book: mid=0.06585 spread=3.04bps bids=20 asks=20
2026-05-09 16:21:31,188 | INFO | SPREAD | pair=CHIP/USDC | cex=0.06584/0.06586 | dex_sell=0.0658441 dex_buy=0.065861 | spread_a=-2.4bps spread_b=-3.2bps | min=30.0bps
2026-05-09 16:21:32,192 | INFO | fetch_order_book: symbol=CHIP/USDC limit=20
2026-05-09 16:21:32,451 | INFO | fetch_order_book: mid=0.065805 spread=1.52bps bids=20 asks=20
2026-05-09 16:21:33,309 | INFO | SPREAD | pair=CHIP/USDC | cex=0.0658/0.06581 | dex_sell=0.0657942 dex_buy=0.0658111 | spread_a=-2.4bps spread_b=-1.7bps | min=30.0bps
2026-05-09 16:21:34,312 | INFO | fetch_order_book: symbol=CHIP/USDC limit=20
2026-05-09 16:21:34,568 | INFO | fetch_order_book: mid=0.065805 spread=1.52bps bids=20 asks=20
2026-05-09 16:21:35,483 | INFO | SPREAD | pair=CHIP/USDC | cex=0.0658/0.06581 | dex_sell=0.0657942 dex_buy=0.0658111 | spread_a=-2.4bps spread_b=-1.7bps | min=30.0bps
2026-05-09 16:21:36,486 | INFO | fetch_order_book: symbol=CHIP/USDC limit=20
2026-05-09 16:21:36,862 | INFO | fetch_order_book: mid=0.06577 spread=3.04bps bids=20 asks=20
2026-05-09 16:21:37,728 | INFO | SPREAD | pair=CHIP/USDC | cex=0.06576/0.06578 | dex_sell=0.0657639 dex_buy=0.0657808 | spread_a=-2.4bps spread_b=-3.2bps | min=30.0bps
2026-05-09 16:21:38,731 | INFO | fetch_order_book: symbol=CHIP/USDC limit=20
2026-05-09 16:21:38,993 | INFO | fetch_order_book: mid=0.065785 spread=4.56bps bids=20 asks=20
2026-05-09 16:21:39,887 | INFO | SPREAD | pair=CHIP/USDC | cex=0.06577/0.0658 | dex_sell=0.0657639 dex_buy=0.0657808 | spread_a=-5.5bps spread_b=-1.6bps | min=30.0bps
2026-05-09 16:21:40,891 | INFO | fetch_order_book: symbol=CHIP/USDC limit=20
2026-05-09 16:21:41,328 | INFO | fetch_order_book: mid=0.06579 spread=6.08bps bids=20 asks=20
2026-05-09 16:21:42,213 | INFO | SPREAD | pair=CHIP/USDC | cex=0.06577/0.06581 | dex_sell=0.0657639 dex_buy=0.0657808 | spread_a=-7.0bps spread_b=-1.6bps | min=30.0bps
2026-05-09 16:21:43,215 | INFO | fetch_order_book: symbol=CHIP/USDC limit=20
2026-05-09 16:21:43,479 | INFO | fetch_order_book: mid=0.06579 spread=6.08bps bids=20 asks=20
2026-05-09 16:21:44,364 | INFO | SPREAD | pair=CHIP/USDC | cex=0.06577/0.06581 | dex_sell=0.0657639 dex_buy=0.0657808 | spread_a=-7.0bps spread_b=-1.6bps | min=30.0bps
2026-05-09 16:21:45,368 | INFO | fetch_order_book: symbol=CHIP/USDC limit=20
2026-05-09 16:21:45,629 | INFO | fetch_order_book: mid=0.06579 spread=6.08bps bids=20 asks=20
2026-05-09 16:21:46,450 | INFO | SPREAD | pair=CHIP/USDC | cex=0.06577/0.06581 | dex_sell=0.0657639 dex_buy=0.0657808 | spread_a=-7.0bps spread_b=-1.6bps | min=30.0bps
2026-05-09 16:21:47,453 | INFO | fetch_order_book: symbol=CHIP/USDC limit=20
2026-05-09 16:21:47,717 | INFO | fetch_order_book: mid=0.065845 spread=4.56bps bids=20 asks=20
2026-05-09 16:21:48,545 | INFO | SPREAD | pair=CHIP/USDC | cex=0.06583/0.06586 | dex_sell=0.0658002 dex_buy=0.0658171 | spread_a=-9.1bps spread_b=2.0bps | min=30.0bps
2026-05-09 16:21:49,549 | INFO | fetch_order_book: symbol=CHIP/USDC limit=20
2026-05-09 16:21:49,865 | INFO | fetch_order_book: mid=0.065845 spread=4.56bps bids=20 asks=20
2026-05-09 16:21:50,695 | INFO | SPREAD | pair=CHIP/USDC | cex=0.06583/0.06586 | dex_sell=0.0658403 dex_buy=0.0658572 | spread_a=-3.0bps spread_b=-4.1bps | min=30.0bps
2026-05-09 16:21:51,699 | INFO | fetch_order_book: symbol=CHIP/USDC limit=20
2026-05-09 16:21:51,953 | INFO | fetch_order_book: mid=0.065845 spread=4.56bps bids=20 asks=20
2026-05-09 16:21:52,864 | INFO | SPREAD | pair=CHIP/USDC | cex=0.06583/0.06586 | dex_sell=0.0658403 dex_buy=0.0658572 | spread_a=-3.0bps spread_b=-4.1bps | min=30.0bps
2026-05-09 16:21:53,867 | INFO | fetch_order_book: symbol=CHIP/USDC limit=20
2026-05-09 16:21:54,169 | INFO | fetch_order_book: mid=0.065845 spread=4.56bps bids=20 asks=20
2026-05-09 16:21:55,059 | INFO | SPREAD | pair=CHIP/USDC | cex=0.06583/0.06586 | dex_sell=0.0658403 dex_buy=0.0658572 | spread_a=-3.0bps spread_b=-4.1bps | min=30.0bps
2026-05-09 16:21:56,062 | INFO | fetch_order_book: symbol=CHIP/USDC limit=20
2026-05-09 16:21:56,337 | INFO | fetch_order_book: mid=0.06588 spread=6.07bps bids=20 asks=20
2026-05-09 16:21:57,208 | INFO | SPREAD | pair=CHIP/USDC | cex=0.06586/0.0659 | dex_sell=0.0658703 dex_buy=0.0658872 | spread_a=-4.5bps spread_b=-4.1bps | min=30.0bps
2026-05-09 16:21:58,212 | INFO | fetch_order_book: symbol=CHIP/USDC limit=20
2026-05-09 16:21:58,473 | INFO | fetch_order_book: mid=0.06589 spread=3.04bps bids=20 asks=20
2026-05-09 16:21:59,415 | INFO | SPREAD | pair=CHIP/USDC | cex=0.06588/0.0659 | dex_sell=0.0658703 dex_buy=0.0658872 | spread_a=-4.5bps spread_b=-1.1bps | min=30.0bps
2026-05-09 16:22:00,419 | INFO | fetch_order_book: symbol=CHIP/USDC limit=20
2026-05-09 16:22:00,675 | INFO | fetch_order_book: mid=0.06589 spread=3.04bps bids=20 asks=20
2026-05-09 16:22:01,541 | INFO | SPREAD | pair=CHIP/USDC | cex=0.06588/0.0659 | dex_sell=0.0658703 dex_buy=0.0658872 | spread_a=-4.5bps spread_b=-1.1bps | min=30.0bps
2026-05-09 16:22:02,543 | INFO | fetch_order_book: symbol=CHIP/USDC limit=20
2026-05-09 16:22:02,799 | INFO | fetch_order_book: mid=0.06587 spread=6.07bps bids=20 asks=20
2026-05-09 16:22:03,713 | INFO | SPREAD | pair=CHIP/USDC | cex=0.06585/0.06589 | dex_sell=0.0658703 dex_buy=0.0658872 | spread_a=-3.0bps spread_b=-5.6bps | min=30.0bps
2026-05-09 16:22:04,715 | INFO | fetch_order_book: symbol=CHIP/USDC limit=20
2026-05-09 16:22:05,193 | INFO | fetch_order_book: mid=0.06587 spread=6.07bps bids=20 asks=20
2026-05-09 16:22:06,062 | INFO | SPREAD | pair=CHIP/USDC | cex=0.06585/0.06589 | dex_sell=0.0658703 dex_buy=0.0658872 | spread_a=-3.0bps spread_b=-5.6bps | min=30.0bps
2026-05-09 16:22:07,065 | INFO | fetch_order_book: symbol=CHIP/USDC limit=20
2026-05-09 16:22:07,328 | INFO | fetch_order_book: mid=0.065885 spread=4.55bps bids=20 asks=20
2026-05-09 16:22:08,175 | INFO | SPREAD | pair=CHIP/USDC | cex=0.06587/0.0659 | dex_sell=0.0658703 dex_buy=0.0658872 | spread_a=-4.5bps spread_b=-2.6bps | min=30.0bps
2026-05-09 16:22:09,177 | INFO | fetch_order_book: symbol=CHIP/USDC limit=20
2026-05-09 16:22:09,435 | INFO | fetch_order_book: mid=0.06589 spread=3.04bps bids=20 asks=20
2026-05-09 16:22:10,287 | INFO | SPREAD | pair=CHIP/USDC | cex=0.06588/0.0659 | dex_sell=0.0658703 dex_buy=0.0658872 | spread_a=-4.5bps spread_b=-1.1bps | min=30.0bps
2026-05-09 16:22:11,291 | INFO | fetch_order_book: symbol=CHIP/USDC limit=20
2026-05-09 16:22:11,555 | INFO | fetch_order_book: mid=0.06589 spread=3.04bps bids=20 asks=20
2026-05-09 16:22:12,463 | INFO | SPREAD | pair=CHIP/USDC | cex=0.06588/0.0659 | dex_sell=0.0658703 dex_buy=0.0658872 | spread_a=-4.5bps spread_b=-1.1bps | min=30.0bps
2026-05-09 16:22:13,466 | INFO | fetch_order_book: symbol=CHIP/USDC limit=20
2026-05-09 16:22:13,723 | INFO | fetch_order_book: mid=0.06589 spread=3.04bps bids=20 asks=20
2026-05-09 16:22:14,564 | INFO | SPREAD | pair=CHIP/USDC | cex=0.06588/0.0659 | dex_sell=0.0658703 dex_buy=0.0658872 | spread_a=-4.5bps spread_b=-1.1bps | min=30.0bps
2026-05-09 16:22:15,568 | INFO | fetch_order_book: symbol=CHIP/USDC limit=20
2026-05-09 16:22:15,829 | INFO | fetch_order_book: mid=0.065885 spread=4.55bps bids=20 asks=20
2026-05-09 16:22:16,659 | INFO | SPREAD | pair=CHIP/USDC | cex=0.06587/0.0659 | dex_sell=0.0658703 dex_buy=0.0658872 | spread_a=-4.5bps spread_b=-2.6bps | min=30.0bps
2026-05-09 16:22:17,663 | INFO | fetch_order_book: symbol=CHIP/USDC limit=20
2026-05-09 16:22:17,932 | INFO | fetch_order_book: mid=0.065885 spread=4.55bps bids=20 asks=20
2026-05-09 16:22:18,969 | INFO | SPREAD | pair=CHIP/USDC | cex=0.06587/0.0659 | dex_sell=0.0658703 dex_buy=0.0658872 | spread_a=-4.5bps spread_b=-2.6bps | min=30.0bps
2026-05-09 16:22:19,972 | INFO | fetch_order_book: symbol=CHIP/USDC limit=20
2026-05-09 16:22:20,281 | INFO | fetch_order_book: mid=0.065885 spread=4.55bps bids=20 asks=20
2026-05-09 16:22:21,130 | INFO | SPREAD | pair=CHIP/USDC | cex=0.06587/0.0659 | dex_sell=0.0658703 dex_buy=0.0658872 | spread_a=-4.5bps spread_b=-2.6bps | min=30.0bps
2026-05-09 16:22:22,133 | INFO | fetch_order_book: symbol=CHIP/USDC limit=20
2026-05-09 16:22:22,391 | INFO | fetch_order_book: mid=0.065885 spread=4.55bps bids=20 asks=20
2026-05-09 16:22:23,270 | INFO | SPREAD | pair=CHIP/USDC | cex=0.06587/0.0659 | dex_sell=0.0658703 dex_buy=0.0658872 | spread_a=-4.5bps spread_b=-2.6bps | min=30.0bps
2026-05-09 16:22:24,273 | INFO | fetch_order_book: symbol=CHIP/USDC limit=20
2026-05-09 16:22:24,591 | INFO | fetch_order_book: mid=0.065915 spread=1.52bps bids=20 asks=20
2026-05-09 16:22:25,444 | INFO | SPREAD | pair=CHIP/USDC | cex=0.06591/0.06592 | dex_sell=0.0659104 dex_buy=0.0659273 | spread_a=-1.5bps spread_b=-2.6bps | min=30.0bps
2026-05-09 16:22:26,447 | INFO | fetch_order_book: symbol=CHIP/USDC limit=20
2026-05-09 16:22:26,748 | INFO | fetch_order_book: mid=0.06593 spread=3.03bps bids=20 asks=20
2026-05-09 16:22:27,581 | INFO | SPREAD | pair=CHIP/USDC | cex=0.06592/0.06594 | dex_sell=0.0659104 dex_buy=0.0659273 | spread_a=-4.5bps spread_b=-1.1bps | min=30.0bps
2026-05-09 16:22:28,585 | INFO | fetch_order_book: symbol=CHIP/USDC limit=20
2026-05-09 16:22:28,910 | INFO | fetch_order_book: mid=0.06593 spread=3.03bps bids=20 asks=20
2026-05-09 16:22:29,815 | INFO | SPREAD | pair=CHIP/USDC | cex=0.06592/0.06594 | dex_sell=0.0659104 dex_buy=0.0659273 | spread_a=-4.5bps spread_b=-1.1bps | min=30.0bps
2026-05-09 16:22:30,818 | INFO | fetch_order_book: symbol=CHIP/USDC limit=20
2026-05-09 16:22:31,076 | INFO | fetch_order_book: mid=0.06593 spread=3.03bps bids=20 asks=20
2026-05-09 16:22:31,981 | INFO | SPREAD | pair=CHIP/USDC | cex=0.06592/0.06594 | dex_sell=0.0659104 dex_buy=0.0659273 | spread_a=-4.5bps spread_b=-1.1bps | min=30.0bps
2026-05-09 16:22:32,984 | INFO | fetch_order_book: symbol=CHIP/USDC limit=20
2026-05-09 16:22:33,242 | INFO | fetch_order_book: mid=0.06593 spread=3.03bps bids=20 asks=20
2026-05-09 16:22:34,071 | INFO | SPREAD | pair=CHIP/USDC | cex=0.06592/0.06594 | dex_sell=0.0659104 dex_buy=0.0659273 | spread_a=-4.5bps spread_b=-1.1bps | min=30.0bps
2026-05-09 16:22:35,074 | INFO | fetch_order_book: symbol=CHIP/USDC limit=20
2026-05-09 16:22:35,484 | INFO | fetch_order_book: mid=0.06591 spread=6.07bps bids=20 asks=20
2026-05-09 16:22:36,421 | INFO | SPREAD | pair=CHIP/USDC | cex=0.06589/0.06593 | dex_sell=0.0659104 dex_buy=0.0659273 | spread_a=-3.0bps spread_b=-5.7bps | min=30.0bps
2026-05-09 16:22:37,427 | INFO | fetch_order_book: symbol=CHIP/USDC limit=20
2026-05-09 16:22:37,690 | INFO | fetch_order_book: mid=0.065905 spread=7.59bps bids=20 asks=20
2026-05-09 16:22:38,531 | INFO | SPREAD | pair=CHIP/USDC | cex=0.06588/0.06593 | dex_sell=0.0659104 dex_buy=0.0659273 | spread_a=-3.0bps spread_b=-7.2bps | min=30.0bps
2026-05-09 16:22:39,534 | INFO | fetch_order_book: symbol=CHIP/USDC limit=20
2026-05-09 16:22:39,906 | INFO | fetch_order_book: mid=0.065915 spread=4.55bps bids=20 asks=20
2026-05-09 16:22:40,798 | INFO | SPREAD | pair=CHIP/USDC | cex=0.0659/0.06593 | dex_sell=0.0659104 dex_buy=0.0659273 | spread_a=-3.0bps spread_b=-4.1bps | min=30.0bps
2026-05-09 16:22:41,802 | INFO | fetch_order_book: symbol=CHIP/USDC limit=20
2026-05-09 16:22:42,166 | INFO | fetch_order_book: mid=0.065905 spread=7.59bps bids=20 asks=20
2026-05-09 16:22:43,064 | INFO | SPREAD | pair=CHIP/USDC | cex=0.06588/0.06593 | dex_sell=0.0659104 dex_buy=0.0659273 | spread_a=-3.0bps spread_b=-7.2bps | min=30.0bps
2026-05-09 16:22:44,067 | INFO | fetch_order_book: symbol=CHIP/USDC limit=20
2026-05-09 16:22:44,325 | INFO | fetch_order_book: mid=0.06589 spread=3.04bps bids=20 asks=20
2026-05-09 16:22:45,164 | INFO | SPREAD | pair=CHIP/USDC | cex=0.06588/0.0659 | dex_sell=0.065884 dex_buy=0.0659009 | spread_a=-2.4bps spread_b=-3.2bps | min=30.0bps
2026-05-09 16:22:46,166 | INFO | fetch_order_book: symbol=CHIP/USDC limit=20
2026-05-09 16:22:46,580 | INFO | fetch_order_book: mid=0.065845 spread=4.56bps bids=20 asks=20
2026-05-09 16:22:47,511 | INFO | SPREAD | pair=CHIP/USDC | cex=0.06583/0.06586 | dex_sell=0.065854 dex_buy=0.0658709 | spread_a=-0.9bps spread_b=-6.2bps | min=30.0bps
2026-05-09 16:22:48,514 | INFO | fetch_order_book: symbol=CHIP/USDC limit=20
2026-05-09 16:22:48,859 | INFO | fetch_order_book: mid=0.06584 spread=6.08bps bids=20 asks=20
2026-05-09 16:22:49,690 | INFO | SPREAD | pair=CHIP/USDC | cex=0.06582/0.06586 | dex_sell=0.065854 dex_buy=0.0658709 | spread_a=-0.9bps spread_b=-7.7bps | min=30.0bps
2026-05-09 16:22:50,692 | INFO | fetch_order_book: symbol=CHIP/USDC limit=20
2026-05-09 16:22:51,010 | INFO | fetch_order_book: mid=0.065835 spread=4.56bps bids=20 asks=20
2026-05-09 16:22:51,860 | INFO | SPREAD | pair=CHIP/USDC | cex=0.06582/0.06585 | dex_sell=0.065854 dex_buy=0.0658709 | spread_a=0.6bps spread_b=-7.7bps | min=30.0bps
2026-05-09 16:22:52,863 | INFO | fetch_order_book: symbol=CHIP/USDC limit=20
2026-05-09 16:22:53,124 | INFO | fetch_order_book: mid=0.065835 spread=4.56bps bids=20 asks=20
2026-05-09 16:22:53,959 | INFO | SPREAD | pair=CHIP/USDC | cex=0.06582/0.06585 | dex_sell=0.065854 dex_buy=0.0658709 | spread_a=0.6bps spread_b=-7.7bps | min=30.0bps
2026-05-09 16:22:54,962 | INFO | fetch_order_book: symbol=CHIP/USDC limit=20
2026-05-09 16:22:55,227 | INFO | fetch_order_book: mid=0.065835 spread=4.56bps bids=20 asks=20
2026-05-09 16:22:56,171 | INFO | SPREAD | pair=CHIP/USDC | cex=0.06582/0.06585 | dex_sell=0.065854 dex_buy=0.0658709 | spread_a=0.6bps spread_b=-7.7bps | min=30.0bps
2026-05-09 16:22:57,174 | INFO | fetch_order_book: symbol=CHIP/USDC limit=20
2026-05-09 16:22:57,552 | INFO | fetch_order_book: mid=0.065805 spread=1.52bps bids=20 asks=20
2026-05-09 16:22:58,477 | INFO | SPREAD | pair=CHIP/USDC | cex=0.0658/0.06581 | dex_sell=0.065824 dex_buy=0.0658409 | spread_a=2.1bps spread_b=-6.2bps | min=30.0bps
2026-05-09 16:22:59,481 | INFO | fetch_order_book: symbol=CHIP/USDC limit=20
2026-05-09 16:22:59,737 | INFO | fetch_order_book: mid=0.065805 spread=1.52bps bids=20 asks=20
2026-05-09 16:23:00,615 | INFO | SPREAD | pair=CHIP/USDC | cex=0.0658/0.06581 | dex_sell=0.0657941 dex_buy=0.065811 | spread_a=-2.4bps spread_b=-1.7bps | min=30.0bps
2026-05-09 16:23:01,619 | INFO | fetch_order_book: symbol=CHIP/USDC limit=20
2026-05-09 16:23:01,881 | INFO | fetch_order_book: mid=0.06577 spread=3.04bps bids=20 asks=20
2026-05-09 16:23:02,798 | INFO | SPREAD | pair=CHIP/USDC | cex=0.06576/0.06578 | dex_sell=0.0657641 dex_buy=0.065781 | spread_a=-2.4bps spread_b=-3.2bps | min=30.0bps
2026-05-09 16:23:03,802 | INFO | fetch_order_book: symbol=CHIP/USDC limit=20
2026-05-09 16:23:04,106 | INFO | fetch_order_book: mid=0.06575 spread=3.04bps bids=20 asks=20
2026-05-09 16:23:05,008 | INFO | SPREAD | pair=CHIP/USDC | cex=0.06574/0.06576 | dex_sell=0.0657641 dex_buy=0.0657609 | spread_a=0.6bps spread_b=-3.2bps | min=30.0bps
2026-05-09 16:23:06,011 | INFO | fetch_order_book: symbol=CHIP/USDC limit=20
2026-05-09 16:23:06,321 | INFO | fetch_order_book: mid=0.06577 spread=3.04bps bids=20 asks=20
2026-05-09 16:23:07,181 | INFO | SPREAD | pair=CHIP/USDC | cex=0.06576/0.06578 | dex_sell=0.065744 dex_buy=0.0657609 | spread_a=-5.5bps spread_b=-0.1bps | min=30.0bps
2026-05-09 16:23:08,184 | INFO | fetch_order_book: symbol=CHIP/USDC limit=20
2026-05-09 16:23:08,439 | INFO | fetch_order_book: mid=0.06578 spread=6.08bps bids=20 asks=20
2026-05-09 16:23:09,245 | INFO | SPREAD | pair=CHIP/USDC | cex=0.06576/0.0658 | dex_sell=0.065744 dex_buy=0.0657609 | spread_a=-8.5bps spread_b=-0.1bps | min=30.0bps
2026-05-09 16:23:10,249 | INFO | fetch_order_book: symbol=CHIP/USDC limit=20
2026-05-09 16:23:10,512 | INFO | fetch_order_book: mid=0.06578 spread=6.08bps bids=20 asks=20
2026-05-09 16:23:11,397 | INFO | SPREAD | pair=CHIP/USDC | cex=0.06576/0.0658 | dex_sell=0.0657701 dex_buy=0.065787 | spread_a=-4.5bps spread_b=-4.1bps | min=30.0bps
2026-05-09 16:23:12,401 | INFO | fetch_order_book: symbol=CHIP/USDC limit=20
2026-05-09 16:23:12,657 | INFO | fetch_order_book: mid=0.065755 spread=4.56bps bids=20 asks=20
2026-05-09 16:23:13,547 | INFO | SPREAD | pair=CHIP/USDC | cex=0.06574/0.06577 | dex_sell=0.0657701 dex_buy=0.065787 | spread_a=0.0bps spread_b=-7.1bps | min=30.0bps
2026-05-09 16:23:14,550 | INFO | fetch_order_book: symbol=CHIP/USDC limit=20
2026-05-09 16:23:14,808 | INFO | fetch_order_book: mid=0.06575 spread=3.04bps bids=20 asks=20
2026-05-09 16:23:15,674 | INFO | SPREAD | pair=CHIP/USDC | cex=0.06574/0.06576 | dex_sell=0.0657701 dex_buy=0.065787 | spread_a=1.5bps spread_b=-7.1bps | min=30.0bps
2026-05-09 16:23:16,678 | INFO | fetch_order_book: symbol=CHIP/USDC limit=20
2026-05-09 16:23:16,950 | INFO | fetch_order_book: mid=0.065755 spread=4.56bps bids=20 asks=20
2026-05-09 16:23:17,796 | INFO | SPREAD | pair=CHIP/USDC | cex=0.06574/0.06577 | dex_sell=0.0657701 dex_buy=0.065787 | spread_a=0.0bps spread_b=-7.1bps | min=30.0bps
2026-05-09 16:23:18,800 | INFO | fetch_order_book: symbol=CHIP/USDC limit=20
2026-05-09 16:23:19,088 | INFO | fetch_order_book: mid=0.06578 spread=6.08bps bids=20 asks=20
2026-05-09 16:23:19,909 | INFO | SPREAD | pair=CHIP/USDC | cex=0.06576/0.0658 | dex_sell=0.0657701 dex_buy=0.065787 | spread_a=-4.5bps spread_b=-4.1bps | min=30.0bps
2026-05-09 16:23:20,912 | INFO | fetch_order_book: symbol=CHIP/USDC limit=20
2026-05-09 16:23:21,173 | INFO | fetch_order_book: mid=0.065785 spread=4.56bps bids=20 asks=20
2026-05-09 16:23:22,024 | INFO | SPREAD | pair=CHIP/USDC | cex=0.06577/0.0658 | dex_sell=0.0657701 dex_buy=0.065787 | spread_a=-4.5bps spread_b=-2.6bps | min=30.0bps
2026-05-09 16:23:23,027 | INFO | fetch_order_book: symbol=CHIP/USDC limit=20
2026-05-09 16:23:23,281 | INFO | fetch_order_book: mid=0.06579 spread=3.04bps bids=20 asks=20
2026-05-09 16:23:24,151 | INFO | SPREAD | pair=CHIP/USDC | cex=0.06578/0.0658 | dex_sell=0.0657701 dex_buy=0.065787 | spread_a=-4.5bps spread_b=-1.1bps | min=30.0bps
2026-05-09 16:23:25,154 | INFO | fetch_order_book: symbol=CHIP/USDC limit=20
2026-05-09 16:23:25,539 | INFO | fetch_order_book: mid=0.06579 spread=3.04bps bids=20 asks=20
2026-05-09 16:23:26,419 | INFO | SPREAD | pair=CHIP/USDC | cex=0.06578/0.0658 | dex_sell=0.0657701 dex_buy=0.065787 | spread_a=-4.5bps spread_b=-1.1bps | min=30.0bps
2026-05-09 16:23:27,423 | INFO | fetch_order_book: symbol=CHIP/USDC limit=20
2026-05-09 16:23:27,684 | INFO | fetch_order_book: mid=0.06580 spread=6.08bps bids=20 asks=20
2026-05-09 16:23:28,550 | INFO | SPREAD | pair=CHIP/USDC | cex=0.06578/0.06582 | dex_sell=0.0657903 dex_buy=0.0658072 | spread_a=-4.5bps spread_b=-4.1bps | min=30.0bps
2026-05-09 16:23:29,553 | INFO | fetch_order_book: symbol=CHIP/USDC limit=20
2026-05-09 16:23:29,818 | INFO | fetch_order_book: mid=0.06582 spread=6.08bps bids=20 asks=20
2026-05-09 16:23:30,744 | INFO | SPREAD | pair=CHIP/USDC | cex=0.0658/0.06584 | dex_sell=0.0657903 dex_buy=0.0658072 | spread_a=-7.5bps spread_b=-1.1bps | min=30.0bps
2026-05-09 16:23:31,747 | INFO | fetch_order_book: symbol=CHIP/USDC limit=20
2026-05-09 16:23:32,003 | INFO | fetch_order_book: mid=0.06579 spread=3.04bps bids=20 asks=20
2026-05-09 16:23:32,841 | INFO | SPREAD | pair=CHIP/USDC | cex=0.06578/0.0658 | dex_sell=0.0657903 dex_buy=0.0658072 | spread_a=-1.5bps spread_b=-4.1bps | min=30.0bps
2026-05-09 16:23:33,844 | INFO | fetch_order_book: symbol=CHIP/USDC limit=20
2026-05-09 16:23:34,212 | INFO | fetch_order_book: mid=0.065785 spread=1.52bps bids=20 asks=20
2026-05-09 16:23:35,064 | INFO | SPREAD | pair=CHIP/USDC | cex=0.06578/0.06579 | dex_sell=0.0657903 dex_buy=0.0658072 | spread_a=0.0bps spread_b=-4.1bps | min=30.0bps
2026-05-09 16:23:36,067 | INFO | fetch_order_book: symbol=CHIP/USDC limit=20
2026-05-09 16:23:36,440 | INFO | fetch_order_book: mid=0.065775 spread=4.56bps bids=20 asks=20
2026-05-09 16:23:37,309 | INFO | SPREAD | pair=CHIP/USDC | cex=0.06576/0.06579 | dex_sell=0.0657903 dex_buy=0.0658072 | spread_a=0.0bps spread_b=-7.2bps | min=30.0bps
2026-05-09 16:23:38,311 | INFO | fetch_order_book: symbol=CHIP/USDC limit=20
2026-05-09 16:23:38,699 | INFO | fetch_order_book: mid=0.065775 spread=4.56bps bids=20 asks=20
2026-05-09 16:23:39,636 | INFO | SPREAD | pair=CHIP/USDC | cex=0.06576/0.06579 | dex_sell=0.0657903 dex_buy=0.0658072 | spread_a=0.0bps spread_b=-7.2bps | min=30.0bps
2026-05-09 16:23:40,640 | INFO | fetch_order_book: symbol=CHIP/USDC limit=20
2026-05-09 16:23:40,982 | INFO | fetch_order_book: mid=0.06578 spread=6.08bps bids=20 asks=20
2026-05-09 16:23:41,954 | INFO | SPREAD | pair=CHIP/USDC | cex=0.06576/0.0658 | dex_sell=0.0657903 dex_buy=0.0658072 | spread_a=-1.5bps spread_b=-7.2bps | min=30.0bps
2026-05-09 16:23:42,958 | INFO | fetch_order_book: symbol=CHIP/USDC limit=20
2026-05-09 16:23:43,328 | INFO | fetch_order_book: mid=0.065775 spread=4.56bps bids=20 asks=20
2026-05-09 16:23:44,267 | INFO | SPREAD | pair=CHIP/USDC | cex=0.06576/0.06579 | dex_sell=0.0657903 dex_buy=0.0658072 | spread_a=0.0bps spread_b=-7.2bps | min=30.0bps
2026-05-09 16:23:45,269 | INFO | fetch_order_book: symbol=CHIP/USDC limit=20
2026-05-09 16:23:45,592 | INFO | fetch_order_book: mid=0.065765 spread=1.52bps bids=20 asks=20
2026-05-09 16:23:46,436 | INFO | SPREAD | pair=CHIP/USDC | cex=0.06576/0.06577 | dex_sell=0.065764 dex_buy=0.0657809 | spread_a=-0.9bps spread_b=-3.2bps | min=30.0bps
2026-05-09 16:23:47,438 | INFO | fetch_order_book: symbol=CHIP/USDC limit=20
2026-05-09 16:23:47,714 | INFO | fetch_order_book: mid=0.06575 spread=3.04bps bids=20 asks=20
2026-05-09 16:23:48,548 | INFO | SPREAD | pair=CHIP/USDC | cex=0.06574/0.06576 | dex_sell=0.065764 dex_buy=0.0657809 | spread_a=0.6bps spread_b=-6.2bps | min=30.0bps
2026-05-09 16:23:49,551 | INFO | fetch_order_book: symbol=CHIP/USDC limit=20
2026-05-09 16:23:49,904 | INFO | fetch_order_book: mid=0.06577 spread=3.04bps bids=20 asks=20
2026-05-09 16:23:50,838 | INFO | SPREAD | pair=CHIP/USDC | cex=0.06576/0.06578 | dex_sell=0.065764 dex_buy=0.0657809 | spread_a=-2.4bps spread_b=-3.2bps | min=30.0bps
2026-05-09 16:23:51,842 | INFO | fetch_order_book: symbol=CHIP/USDC limit=20
2026-05-09 16:23:52,164 | INFO | fetch_order_book: mid=0.06576 spread=6.08bps bids=20 asks=20
2026-05-09 16:23:53,006 | INFO | SPREAD | pair=CHIP/USDC | cex=0.06574/0.06578 | dex_sell=0.065764 dex_buy=0.0657809 | spread_a=-2.4bps spread_b=-6.2bps | min=30.0bps
2026-05-09 16:23:54,010 | INFO | fetch_order_book: symbol=CHIP/USDC limit=20
2026-05-09 16:23:54,326 | INFO | fetch_order_book: mid=0.06576 spread=6.08bps bids=20 asks=20
2026-05-09 16:23:55,159 | INFO | SPREAD | pair=CHIP/USDC | cex=0.06574/0.06578 | dex_sell=0.065764 dex_buy=0.0657809 | spread_a=-2.4bps spread_b=-6.2bps | min=30.0bps
2026-05-09 16:23:56,163 | INFO | fetch_order_book: symbol=CHIP/USDC limit=20
2026-05-09 16:23:56,423 | INFO | fetch_order_book: mid=0.065735 spread=4.56bps bids=20 asks=20
2026-05-09 16:23:57,383 | INFO | SPREAD | pair=CHIP/USDC | cex=0.06572/0.06575 | dex_sell=0.065764 dex_buy=0.0657809 | spread_a=2.1bps spread_b=-9.3bps | min=30.0bps
2026-05-09 16:23:58,387 | INFO | fetch_order_book: symbol=CHIP/USDC limit=20
2026-05-09 16:23:58,654 | INFO | fetch_order_book: mid=0.065745 spread=7.61bps bids=20 asks=20
2026-05-09 16:23:59,518 | INFO | SPREAD | pair=CHIP/USDC | cex=0.06572/0.06577 | dex_sell=0.0657241 dex_buy=0.065741 | spread_a=-7.0bps spread_b=-3.2bps | min=30.0bps
2026-05-09 16:24:00,521 | INFO | fetch_order_book: symbol=CHIP/USDC limit=20
2026-05-09 16:24:00,904 | INFO | fetch_order_book: mid=0.065735 spread=4.56bps bids=20 asks=20
2026-05-09 16:24:01,794 | INFO | SPREAD | pair=CHIP/USDC | cex=0.06572/0.06575 | dex_sell=0.0657241 dex_buy=0.065741 | spread_a=-3.9bps spread_b=-3.2bps | min=30.0bps
2026-05-09 16:24:02,797 | INFO | fetch_order_book: symbol=CHIP/USDC limit=20
2026-05-09 16:24:03,065 | INFO | fetch_order_book: mid=0.06574 spread=3.04bps bids=20 asks=20
2026-05-09 16:24:03,928 | INFO | SPREAD | pair=CHIP/USDC | cex=0.06573/0.06575 | dex_sell=0.0657241 dex_buy=0.065741 | spread_a=-3.9bps spread_b=-1.7bps | min=30.0bps
2026-05-09 16:24:04,932 | INFO | fetch_order_book: symbol=CHIP/USDC limit=20
2026-05-09 16:24:05,191 | INFO | fetch_order_book: mid=0.065735 spread=4.56bps bids=20 asks=20
2026-05-09 16:24:06,027 | INFO | SPREAD | pair=CHIP/USDC | cex=0.06572/0.06575 | dex_sell=0.0657241 dex_buy=0.0657108 | spread_a=-3.9bps spread_b=1.4bps | min=30.0bps
2026-05-09 16:24:07,031 | INFO | fetch_order_book: symbol=CHIP/USDC limit=20
2026-05-09 16:24:07,391 | INFO | fetch_order_book: mid=0.06572 spread=6.09bps bids=20 asks=20
2026-05-09 16:24:08,248 | INFO | SPREAD | pair=CHIP/USDC | cex=0.0657/0.06574 | dex_sell=0.0657203 dex_buy=0.0657371 | spread_a=-3.0bps spread_b=-5.6bps | min=30.0bps
2026-05-09 16:24:09,252 | INFO | fetch_order_book: symbol=CHIP/USDC limit=20
2026-05-09 16:24:09,514 | INFO | fetch_order_book: mid=0.06570 spread=6.09bps bids=20 asks=20
2026-05-09 16:24:10,355 | INFO | SPREAD | pair=CHIP/USDC | cex=0.06568/0.06572 | dex_sell=0.0657203 dex_buy=0.0657371 | spread_a=0.0bps spread_b=-8.7bps | min=30.0bps
2026-05-09 16:24:11,358 | INFO | fetch_order_book: symbol=CHIP/USDC limit=20
2026-05-09 16:24:11,830 | INFO | fetch_order_book: mid=0.06571 spread=6.09bps bids=20 asks=20
2026-05-09 16:24:12,705 | INFO | SPREAD | pair=CHIP/USDC | cex=0.06569/0.06573 | dex_sell=0.0657203 dex_buy=0.0657371 | spread_a=-1.5bps spread_b=-7.2bps | min=30.0bps
2026-05-09 16:24:13,708 | INFO | fetch_order_book: symbol=CHIP/USDC limit=20
2026-05-09 16:24:13,968 | INFO | fetch_order_book: mid=0.06571 spread=6.09bps bids=20 asks=20
2026-05-09 16:24:14,831 | INFO | SPREAD | pair=CHIP/USDC | cex=0.06569/0.06573 | dex_sell=0.0657203 dex_buy=0.0657371 | spread_a=-1.5bps spread_b=-7.2bps | min=30.0bps
2026-05-09 16:24:15,835 | INFO | fetch_order_book: symbol=CHIP/USDC limit=20
2026-05-09 16:24:16,093 | INFO | fetch_order_book: mid=0.065705 spread=4.57bps bids=20 asks=20
2026-05-09 16:24:17,018 | INFO | SPREAD | pair=CHIP/USDC | cex=0.06569/0.06572 | dex_sell=0.0657203 dex_buy=0.0657371 | spread_a=0.0bps spread_b=-7.2bps | min=30.0bps
2026-05-09 16:24:18,022 | INFO | fetch_order_book: symbol=CHIP/USDC limit=20
2026-05-09 16:24:18,517 | INFO | fetch_order_book: mid=0.065695 spread=4.57bps bids=20 asks=20
2026-05-09 16:24:19,407 | INFO | SPREAD | pair=CHIP/USDC | cex=0.06568/0.06571 | dex_sell=0.065694 dex_buy=0.0657109 | spread_a=-2.4bps spread_b=-4.7bps | min=30.0bps
2026-05-09 16:24:20,409 | INFO | fetch_order_book: symbol=CHIP/USDC limit=20
2026-05-09 16:24:20,663 | INFO | fetch_order_book: mid=0.065695 spread=4.57bps bids=20 asks=20
2026-05-09 16:24:21,623 | INFO | SPREAD | pair=CHIP/USDC | cex=0.06568/0.06571 | dex_sell=0.065694 dex_buy=0.0657109 | spread_a=-2.4bps spread_b=-4.7bps | min=30.0bps
2026-05-09 16:24:22,627 | INFO | fetch_order_book: symbol=CHIP/USDC limit=20
2026-05-09 16:24:22,925 | INFO | fetch_order_book: mid=0.065705 spread=4.57bps bids=20 asks=20
2026-05-09 16:24:23,867 | INFO | SPREAD | pair=CHIP/USDC | cex=0.06569/0.06572 | dex_sell=0.065694 dex_buy=0.0657109 | spread_a=-4.0bps spread_b=-3.2bps | min=30.0bps
2026-05-09 16:24:24,871 | INFO | fetch_order_book: symbol=CHIP/USDC limit=20
2026-05-09 16:24:25,129 | INFO | fetch_order_book: mid=0.06571 spread=6.09bps bids=20 asks=20
2026-05-09 16:24:25,993 | INFO | SPREAD | pair=CHIP/USDC | cex=0.06569/0.06573 | dex_sell=0.065694 dex_buy=0.0657109 | spread_a=-5.5bps spread_b=-3.2bps | min=30.0bps
2026-05-09 16:24:26,997 | INFO | fetch_order_book: symbol=CHIP/USDC limit=20
2026-05-09 16:24:27,366 | INFO | fetch_order_book: mid=0.065725 spread=4.56bps bids=20 asks=20
2026-05-09 16:24:28,224 | INFO | SPREAD | pair=CHIP/USDC | cex=0.06571/0.06574 | dex_sell=0.065694 dex_buy=0.0657109 | spread_a=-7.0bps spread_b=-0.1bps | min=30.0bps
2026-05-09 16:24:29,227 | INFO | fetch_order_book: symbol=CHIP/USDC limit=20
2026-05-09 16:24:29,488 | INFO | fetch_order_book: mid=0.06573 spread=6.09bps bids=20 asks=20
2026-05-09 16:24:30,331 | INFO | SPREAD | pair=CHIP/USDC | cex=0.06571/0.06575 | dex_sell=0.065694 dex_buy=0.0657109 | spread_a=-8.5bps spread_b=-0.1bps | min=30.0bps
2026-05-09 16:24:31,334 | INFO | fetch_order_book: symbol=CHIP/USDC limit=20
2026-05-09 16:24:31,823 | INFO | fetch_order_book: mid=0.065715 spread=1.52bps bids=20 asks=20
2026-05-09 16:24:32,665 | INFO | SPREAD | pair=CHIP/USDC | cex=0.06571/0.06572 | dex_sell=0.065694 dex_buy=0.0657109 | spread_a=-4.0bps spread_b=-0.1bps | min=30.0bps
2026-05-09 16:24:33,668 | INFO | fetch_order_book: symbol=CHIP/USDC limit=20
2026-05-09 16:24:33,932 | INFO | fetch_order_book: mid=0.06570 spread=3.04bps bids=20 asks=20
2026-05-09 16:24:34,804 | INFO | SPREAD | pair=CHIP/USDC | cex=0.06569/0.06571 | dex_sell=0.065694 dex_buy=0.0657109 | spread_a=-2.4bps spread_b=-3.2bps | min=30.0bps
2026-05-09 16:24:35,807 | INFO | fetch_order_book: symbol=CHIP/USDC limit=20
2026-05-09 16:24:36,166 | INFO | fetch_order_book: mid=0.06570 spread=3.04bps bids=20 asks=20
2026-05-09 16:24:37,015 | INFO | SPREAD | pair=CHIP/USDC | cex=0.06569/0.06571 | dex_sell=0.065694 dex_buy=0.0657109 | spread_a=-2.4bps spread_b=-3.2bps | min=30.0bps
2026-05-09 16:24:38,018 | INFO | fetch_order_book: symbol=CHIP/USDC limit=20
2026-05-09 16:24:38,278 | INFO | fetch_order_book: mid=0.06570 spread=3.04bps bids=20 asks=20
2026-05-09 16:24:39,108 | INFO | SPREAD | pair=CHIP/USDC | cex=0.06569/0.06571 | dex_sell=0.065694 dex_buy=0.0657109 | spread_a=-2.4bps spread_b=-3.2bps | min=30.0bps
2026-05-09 16:24:40,111 | INFO | fetch_order_book: symbol=CHIP/USDC limit=20
2026-05-09 16:24:40,372 | INFO | fetch_order_book: mid=0.065705 spread=4.57bps bids=20 asks=20
2026-05-09 16:24:41,204 | INFO | SPREAD | pair=CHIP/USDC | cex=0.06569/0.06572 | dex_sell=0.065694 dex_buy=0.0657109 | spread_a=-4.0bps spread_b=-3.2bps | min=30.0bps
2026-05-09 16:24:42,208 | INFO | fetch_order_book: symbol=CHIP/USDC limit=20
2026-05-09 16:24:42,533 | INFO | fetch_order_book: mid=0.065705 spread=4.57bps bids=20 asks=20
2026-05-09 16:24:43,385 | INFO | SPREAD | pair=CHIP/USDC | cex=0.06569/0.06572 | dex_sell=0.065694 dex_buy=0.0657109 | spread_a=-4.0bps spread_b=-3.2bps | min=30.0bps
2026-05-09 16:24:44,388 | INFO | fetch_order_book: symbol=CHIP/USDC limit=20
2026-05-09 16:24:44,768 | INFO | fetch_order_book: mid=0.06572 spread=6.09bps bids=20 asks=20
2026-05-09 16:24:45,612 | INFO | SPREAD | pair=CHIP/USDC | cex=0.0657/0.06574 | dex_sell=0.065694 dex_buy=0.0657109 | spread_a=-7.0bps spread_b=-1.7bps | min=30.0bps
2026-05-09 16:24:46,615 | INFO | fetch_order_book: symbol=CHIP/USDC limit=20
2026-05-09 16:24:46,958 | INFO | fetch_order_book: mid=0.065735 spread=4.56bps bids=20 asks=20
2026-05-09 16:24:47,852 | INFO | SPREAD | pair=CHIP/USDC | cex=0.06572/0.06575 | dex_sell=0.065694 dex_buy=0.0657109 | spread_a=-8.5bps spread_b=1.4bps | min=30.0bps
2026-05-09 16:24:48,856 | INFO | fetch_order_book: symbol=CHIP/USDC limit=20
2026-05-09 16:24:49,170 | INFO | fetch_order_book: mid=0.06574 spread=6.08bps bids=20 asks=20
2026-05-09 16:24:50,071 | INFO | SPREAD | pair=CHIP/USDC | cex=0.06572/0.06576 | dex_sell=0.0657204 dex_buy=0.0657372 | spread_a=-6.0bps spread_b=-2.6bps | min=30.0bps
2026-05-09 16:24:51,073 | INFO | fetch_order_book: symbol=CHIP/USDC limit=20
2026-05-09 16:24:51,327 | INFO | fetch_order_book: mid=0.06574 spread=6.08bps bids=20 asks=20
2026-05-09 16:24:52,225 | INFO | SPREAD | pair=CHIP/USDC | cex=0.06572/0.06576 | dex_sell=0.0657204 dex_buy=0.0657372 | spread_a=-6.0bps spread_b=-2.6bps | min=30.0bps
2026-05-09 16:24:53,229 | INFO | fetch_order_book: symbol=CHIP/USDC limit=20
2026-05-09 16:24:53,485 | INFO | fetch_order_book: mid=0.065725 spread=7.61bps bids=20 asks=20
2026-05-09 16:24:54,375 | INFO | SPREAD | pair=CHIP/USDC | cex=0.0657/0.06575 | dex_sell=0.0657204 dex_buy=0.0657372 | spread_a=-4.5bps spread_b=-5.7bps | min=30.0bps
2026-05-09 16:24:55,377 | INFO | fetch_order_book: symbol=CHIP/USDC limit=20
2026-05-09 16:24:55,632 | INFO | fetch_order_book: mid=0.06573 spread=6.09bps bids=20 asks=20
2026-05-09 16:24:56,524 | INFO | SPREAD | pair=CHIP/USDC | cex=0.06571/0.06575 | dex_sell=0.0657204 dex_buy=0.0657372 | spread_a=-4.5bps spread_b=-4.1bps | min=30.0bps
2026-05-09 16:24:57,528 | INFO | fetch_order_book: symbol=CHIP/USDC limit=20
2026-05-09 16:24:57,875 | INFO | fetch_order_book: mid=0.06575 spread=3.04bps bids=20 asks=20
2026-05-09 16:24:58,739 | INFO | SPREAD | pair=CHIP/USDC | cex=0.06574/0.06576 | dex_sell=0.0657204 dex_buy=0.0657372 | spread_a=-6.0bps spread_b=0.4bps | min=30.0bps
2026-05-09 16:24:59,742 | INFO | fetch_order_book: symbol=CHIP/USDC limit=20
2026-05-09 16:25:00,004 | INFO | fetch_order_book: mid=0.06577 spread=3.04bps bids=20 asks=20
2026-05-09 16:25:00,918 | INFO | SPREAD | pair=CHIP/USDC | cex=0.06576/0.06578 | dex_sell=0.0657604 dex_buy=0.0657773 | spread_a=-3.0bps spread_b=-2.6bps | min=30.0bps
2026-05-09 16:25:01,922 | INFO | fetch_order_book: symbol=CHIP/USDC limit=20
2026-05-09 16:25:02,184 | INFO | fetch_order_book: mid=0.065725 spread=4.56bps bids=20 asks=20
2026-05-09 16:25:03,047 | INFO | SPREAD | pair=CHIP/USDC | cex=0.06571/0.06574 | dex_sell=0.0657239 dex_buy=0.0657408 | spread_a=-2.4bps spread_b=-4.7bps | min=30.0bps
2026-05-09 16:25:04,051 | INFO | fetch_order_book: symbol=CHIP/USDC limit=20
2026-05-09 16:25:04,439 | INFO | fetch_order_book: mid=0.065705 spread=1.52bps bids=20 asks=20
2026-05-09 16:25:05,270 | INFO | SPREAD | pair=CHIP/USDC | cex=0.0657/0.06571 | dex_sell=0.065694 dex_buy=0.0657109 | spread_a=-2.4bps spread_b=-1.7bps | min=30.0bps
2026-05-09 16:25:06,273 | INFO | fetch_order_book: symbol=CHIP/USDC limit=20
2026-05-09 16:25:06,537 | INFO | fetch_order_book: mid=0.065705 spread=1.52bps bids=20 asks=20
2026-05-09 16:25:07,477 | INFO | SPREAD | pair=CHIP/USDC | cex=0.0657/0.06571 | dex_sell=0.065694 dex_buy=0.0657109 | spread_a=-2.4bps spread_b=-1.7bps | min=30.0bps
2026-05-09 16:25:08,481 | INFO | fetch_order_book: symbol=CHIP/USDC limit=20
2026-05-09 16:25:08,960 | INFO | fetch_order_book: mid=0.06572 spread=3.04bps bids=20 asks=20
2026-05-09 16:25:09,850 | INFO | SPREAD | pair=CHIP/USDC | cex=0.06571/0.06573 | dex_sell=0.065694 dex_buy=0.0657109 | spread_a=-5.5bps spread_b=-0.1bps | min=30.0bps
2026-05-09 16:25:10,853 | INFO | fetch_order_book: symbol=CHIP/USDC limit=20
2026-05-09 16:25:11,109 | INFO | fetch_order_book: mid=0.06573 spread=6.09bps bids=20 asks=20
2026-05-09 16:25:11,955 | INFO | SPREAD | pair=CHIP/USDC | cex=0.06571/0.06575 | dex_sell=0.065694 dex_buy=0.0657372 | spread_a=-8.5bps spread_b=-4.1bps | min=30.0bps
2026-05-09 16:25:12,959 | INFO | fetch_order_book: symbol=CHIP/USDC limit=20
2026-05-09 16:25:13,219 | INFO | fetch_order_book: mid=0.065745 spread=7.61bps bids=20 asks=20
2026-05-09 16:25:14,159 | INFO | SPREAD | pair=CHIP/USDC | cex=0.06572/0.06577 | dex_sell=0.0657504 dex_buy=0.0657673 | spread_a=-3.0bps spread_b=-7.2bps | min=30.0bps
2026-05-09 16:25:15,162 | INFO | fetch_order_book: symbol=CHIP/USDC limit=20
2026-05-09 16:25:15,547 | INFO | fetch_order_book: mid=0.065755 spread=7.60bps bids=20 asks=20
2026-05-09 16:25:16,373 | INFO | SPREAD | pair=CHIP/USDC | cex=0.06573/0.06578 | dex_sell=0.0657504 dex_buy=0.0657673 | spread_a=-4.5bps spread_b=-5.7bps | min=30.0bps
2026-05-09 16:25:17,376 | INFO | fetch_order_book: symbol=CHIP/USDC limit=20
2026-05-09 16:25:17,662 | INFO | fetch_order_book: mid=0.06575 spread=6.08bps bids=20 asks=20
2026-05-09 16:25:18,596 | INFO | SPREAD | pair=CHIP/USDC | cex=0.06573/0.06577 | dex_sell=0.0657504 dex_buy=0.0657673 | spread_a=-3.0bps spread_b=-5.7bps | min=30.0bps
2026-05-09 16:25:19,600 | INFO | fetch_order_book: symbol=CHIP/USDC limit=20
2026-05-09 16:25:19,932 | INFO | fetch_order_book: mid=0.065745 spread=7.61bps bids=20 asks=20
2026-05-09 16:25:20,891 | INFO | SPREAD | pair=CHIP/USDC | cex=0.06572/0.06577 | dex_sell=0.0657504 dex_buy=0.0657673 | spread_a=-3.0bps spread_b=-7.2bps | min=30.0bps
2026-05-09 16:25:21,894 | INFO | fetch_order_book: symbol=CHIP/USDC limit=20
2026-05-09 16:25:22,186 | INFO | fetch_order_book: mid=0.06571 spread=3.04bps bids=20 asks=20
2026-05-09 16:25:23,032 | INFO | SPREAD | pair=CHIP/USDC | cex=0.0657/0.06572 | dex_sell=0.0657241 dex_buy=0.065741 | spread_a=0.6bps spread_b=-6.2bps | min=30.0bps
2026-05-09 16:25:24,035 | INFO | fetch_order_book: symbol=CHIP/USDC limit=20
2026-05-09 16:25:24,300 | INFO | fetch_order_book: mid=0.065695 spread=7.61bps bids=20 asks=20
2026-05-09 16:25:25,141 | INFO | SPREAD | pair=CHIP/USDC | cex=0.06567/0.06572 | dex_sell=0.065684 dex_buy=0.0657008 | spread_a=-5.5bps spread_b=-4.7bps | min=30.0bps
2026-05-09 16:25:26,144 | INFO | fetch_order_book: symbol=CHIP/USDC limit=20
2026-05-09 16:25:26,407 | INFO | fetch_order_book: mid=0.06568 spread=6.09bps bids=20 asks=20
2026-05-09 16:25:27,273 | INFO | SPREAD | pair=CHIP/USDC | cex=0.06566/0.0657 | dex_sell=0.065684 dex_buy=0.0657008 | spread_a=-2.4bps spread_b=-6.2bps | min=30.0bps
2026-05-09 16:25:28,276 | INFO | fetch_order_book: symbol=CHIP/USDC limit=20
2026-05-09 16:25:28,592 | INFO | fetch_order_book: mid=0.06568 spread=6.09bps bids=20 asks=20
2026-05-09 16:25:29,423 | INFO | SPREAD | pair=CHIP/USDC | cex=0.06566/0.0657 | dex_sell=0.065684 dex_buy=0.0657008 | spread_a=-2.4bps spread_b=-6.2bps | min=30.0bps
2026-05-09 16:25:30,426 | INFO | fetch_order_book: symbol=CHIP/USDC limit=20
2026-05-09 16:25:30,745 | INFO | fetch_order_book: mid=0.065685 spread=4.57bps bids=20 asks=20
2026-05-09 16:25:31,618 | INFO | SPREAD | pair=CHIP/USDC | cex=0.06567/0.0657 | dex_sell=0.065684 dex_buy=0.0657008 | spread_a=-2.4bps spread_b=-4.7bps | min=30.0bps
2026-05-09 16:25:32,620 | INFO | fetch_order_book: symbol=CHIP/USDC limit=20
2026-05-09 16:25:32,885 | INFO | fetch_order_book: mid=0.06568 spread=6.09bps bids=20 asks=20
2026-05-09 16:25:33,780 | INFO | SPREAD | pair=CHIP/USDC | cex=0.06566/0.0657 | dex_sell=0.065684 dex_buy=0.0657008 | spread_a=-2.4bps spread_b=-6.2bps | min=30.0bps
2026-05-09 16:25:34,784 | INFO | fetch_order_book: symbol=CHIP/USDC limit=20
2026-05-09 16:25:35,151 | INFO | fetch_order_book: mid=0.065675 spread=4.57bps bids=20 asks=20
2026-05-09 16:25:36,068 | INFO | SPREAD | pair=CHIP/USDC | cex=0.06566/0.06569 | dex_sell=0.065684 dex_buy=0.0657008 | spread_a=-0.9bps spread_b=-6.2bps | min=30.0bps
2026-05-09 16:25:37,072 | INFO | fetch_order_book: symbol=CHIP/USDC limit=20
2026-05-09 16:25:37,334 | INFO | fetch_order_book: mid=0.06567 spread=3.05bps bids=20 asks=20
2026-05-09 16:25:38,171 | INFO | SPREAD | pair=CHIP/USDC | cex=0.06566/0.06568 | dex_sell=0.065684 dex_buy=0.0657008 | spread_a=0.6bps spread_b=-6.2bps | min=30.0bps
2026-05-09 16:25:39,174 | INFO | fetch_order_book: symbol=CHIP/USDC limit=20
2026-05-09 16:25:39,468 | INFO | fetch_order_book: mid=0.06567 spread=3.05bps bids=20 asks=20
2026-05-09 16:25:40,335 | INFO | SPREAD | pair=CHIP/USDC | cex=0.06566/0.06568 | dex_sell=0.065684 dex_buy=0.0657008 | spread_a=0.6bps spread_b=-6.2bps | min=30.0bps
2026-05-09 16:25:41,338 | INFO | fetch_order_book: symbol=CHIP/USDC limit=20
2026-05-09 16:25:41,707 | INFO | fetch_order_book: mid=0.06567 spread=3.05bps bids=20 asks=20
2026-05-09 16:25:42,603 | INFO | SPREAD | pair=CHIP/USDC | cex=0.06566/0.06568 | dex_sell=0.065684 dex_buy=0.0657008 | spread_a=0.6bps spread_b=-6.2bps | min=30.0bps
2026-05-09 16:25:43,607 | INFO | fetch_order_book: symbol=CHIP/USDC limit=20
2026-05-09 16:25:44,345 | INFO | fetch_order_book: mid=0.065685 spread=4.57bps bids=20 asks=20
2026-05-09 16:25:45,249 | INFO | SPREAD | pair=CHIP/USDC | cex=0.06567/0.0657 | dex_sell=0.065684 dex_buy=0.0657008 | spread_a=-2.4bps spread_b=-4.7bps | min=30.0bps
2026-05-09 16:25:46,253 | INFO | fetch_order_book: symbol=CHIP/USDC limit=20
2026-05-09 16:25:46,655 | INFO | fetch_order_book: mid=0.06569 spread=6.09bps bids=20 asks=20
2026-05-09 16:25:47,598 | INFO | SPREAD | pair=CHIP/USDC | cex=0.06567/0.06571 | dex_sell=0.065684 dex_buy=0.0657008 | spread_a=-4.0bps spread_b=-4.7bps | min=30.0bps
2026-05-09 16:25:48,601 | INFO | fetch_order_book: symbol=CHIP/USDC limit=20
2026-05-09 16:25:48,867 | INFO | fetch_order_book: mid=0.06568 spread=9.14bps bids=20 asks=20
2026-05-09 16:25:49,757 | INFO | SPREAD | pair=CHIP/USDC | cex=0.06565/0.06571 | dex_sell=0.065684 dex_buy=0.0657008 | spread_a=-4.0bps spread_b=-7.7bps | min=30.0bps
2026-05-09 16:25:50,760 | INFO | fetch_order_book: symbol=CHIP/USDC limit=20
2026-05-09 16:25:51,076 | INFO | fetch_order_book: mid=0.065665 spread=7.61bps bids=20 asks=20
2026-05-09 16:25:51,910 | INFO | SPREAD | pair=CHIP/USDC | cex=0.06564/0.06569 | dex_sell=0.065684 dex_buy=0.0657008 | spread_a=-0.9bps spread_b=-9.3bps | min=30.0bps
2026-05-09 16:25:52,912 | INFO | fetch_order_book: symbol=CHIP/USDC limit=20
2026-05-09 16:25:53,173 | INFO | fetch_order_book: mid=0.065665 spread=7.61bps bids=20 asks=20
2026-05-09 16:25:54,019 | INFO | SPREAD | pair=CHIP/USDC | cex=0.06564/0.06569 | dex_sell=0.065684 dex_buy=0.0657008 | spread_a=-0.9bps spread_b=-9.3bps | min=30.0bps
2026-05-09 16:25:55,022 | INFO | fetch_order_book: symbol=CHIP/USDC limit=20
2026-05-09 16:25:55,289 | INFO | fetch_order_book: mid=0.06565 spread=3.05bps bids=20 asks=20
2026-05-09 16:25:56,209 | INFO | SPREAD | pair=CHIP/USDC | cex=0.06564/0.06566 | dex_sell=0.0656541 dex_buy=0.0656709 | spread_a=-0.9bps spread_b=-4.7bps | min=30.0bps
2026-05-09 16:25:57,211 | INFO | fetch_order_book: symbol=CHIP/USDC limit=20
2026-05-09 16:25:57,466 | INFO | fetch_order_book: mid=0.06563 spread=3.05bps bids=20 asks=20
2026-05-09 16:25:58,356 | INFO | SPREAD | pair=CHIP/USDC | cex=0.06562/0.06564 | dex_sell=0.065634 dex_buy=0.0656509 | spread_a=-0.9bps spread_b=-4.7bps | min=30.0bps
2026-05-09 16:25:59,359 | INFO | fetch_order_book: symbol=CHIP/USDC limit=20
2026-05-09 16:25:59,626 | INFO | fetch_order_book: mid=0.06564 spread=6.09bps bids=20 asks=20
2026-05-09 16:26:00,461 | INFO | SPREAD | pair=CHIP/USDC | cex=0.06562/0.06566 | dex_sell=0.065634 dex_buy=0.0656509 | spread_a=-4.0bps spread_b=-4.7bps | min=30.0bps
2026-05-09 16:26:01,464 | INFO | fetch_order_book: symbol=CHIP/USDC limit=20
2026-05-09 16:26:01,773 | INFO | fetch_order_book: mid=0.065615 spread=4.57bps bids=20 asks=20
2026-05-09 16:26:02,709 | INFO | SPREAD | pair=CHIP/USDC | cex=0.0656/0.06563 | dex_sell=0.065634 dex_buy=0.0656308 | spread_a=0.6bps spread_b=-4.7bps | min=30.0bps
2026-05-09 16:26:03,712 | INFO | fetch_order_book: symbol=CHIP/USDC limit=20
2026-05-09 16:26:03,974 | INFO | fetch_order_book: mid=0.065625 spread=7.62bps bids=20 asks=20
2026-05-09 16:26:04,821 | INFO | SPREAD | pair=CHIP/USDC | cex=0.0656/0.06565 | dex_sell=0.065614 dex_buy=0.0656309 | spread_a=-5.5bps spread_b=-4.7bps | min=30.0bps
2026-05-09 16:26:05,824 | INFO | fetch_order_book: symbol=CHIP/USDC limit=20
2026-05-09 16:26:06,175 | INFO | fetch_order_book: mid=0.065605 spread=1.52bps bids=20 asks=20
2026-05-09 16:26:07,057 | INFO | SPREAD | pair=CHIP/USDC | cex=0.0656/0.06561 | dex_sell=0.0656281 dex_buy=0.065645 | spread_a=2.8bps spread_b=-6.8bps | min=30.0bps
2026-05-09 16:26:08,061 | INFO | fetch_order_book: symbol=CHIP/USDC limit=20
2026-05-09 16:26:08,323 | INFO | fetch_order_book: mid=0.06559 spread=3.05bps bids=20 asks=20
2026-05-09 16:26:09,198 | INFO | SPREAD | pair=CHIP/USDC | cex=0.06558/0.0656 | dex_sell=0.0656042 dex_buy=0.065621 | spread_a=0.6bps spread_b=-6.2bps | min=30.0bps
2026-05-09 16:26:10,201 | INFO | fetch_order_book: symbol=CHIP/USDC limit=20
2026-05-09 16:26:10,474 | INFO | fetch_order_book: mid=0.06557 spread=3.05bps bids=20 asks=20
2026-05-09 16:26:11,383 | INFO | SPREAD | pair=CHIP/USDC | cex=0.06556/0.06558 | dex_sell=0.0655839 dex_buy=0.0656008 | spread_a=0.6bps spread_b=-6.2bps | min=30.0bps
2026-05-09 16:26:12,386 | INFO | fetch_order_book: symbol=CHIP/USDC limit=20
2026-05-09 16:26:12,767 | INFO | fetch_order_book: mid=0.06557 spread=3.05bps bids=20 asks=20
2026-05-09 16:26:13,611 | INFO | SPREAD | pair=CHIP/USDC | cex=0.06556/0.06558 | dex_sell=0.0655839 dex_buy=0.0656008 | spread_a=0.6bps spread_b=-6.2bps | min=30.0bps
2026-05-09 16:26:14,614 | INFO | fetch_order_book: symbol=CHIP/USDC limit=20
2026-05-09 16:26:14,984 | INFO | fetch_order_book: mid=0.06555 spread=3.05bps bids=20 asks=20
2026-05-09 16:26:15,855 | INFO | SPREAD | pair=CHIP/USDC | cex=0.06554/0.06556 | dex_sell=0.0655541 dex_buy=0.065571 | spread_a=-0.9bps spread_b=-4.7bps | min=30.0bps
2026-05-09 16:26:16,856 | INFO | fetch_order_book: symbol=CHIP/USDC limit=20
2026-05-09 16:26:17,236 | INFO | fetch_order_book: mid=0.065545 spread=1.53bps bids=20 asks=20
2026-05-09 16:26:18,077 | INFO | SPREAD | pair=CHIP/USDC | cex=0.06554/0.06555 | dex_sell=0.0655541 dex_buy=0.065571 | spread_a=0.6bps spread_b=-4.7bps | min=30.0bps
2026-05-09 16:26:19,080 | INFO | fetch_order_book: symbol=CHIP/USDC limit=20
2026-05-09 16:26:19,373 | INFO | fetch_order_book: mid=0.065545 spread=7.63bps bids=20 asks=20
2026-05-09 16:26:20,318 | INFO | SPREAD | pair=CHIP/USDC | cex=0.06552/0.06557 | dex_sell=0.0655541 dex_buy=0.065551 | spread_a=-2.4bps spread_b=-4.7bps | min=30.0bps
2026-05-09 16:26:21,321 | INFO | fetch_order_book: symbol=CHIP/USDC limit=20
2026-05-09 16:26:21,589 | INFO | fetch_order_book: mid=0.065535 spread=4.58bps bids=20 asks=20
2026-05-09 16:26:22,471 | INFO | SPREAD | pair=CHIP/USDC | cex=0.06552/0.06555 | dex_sell=0.0655341 dex_buy=0.065551 | spread_a=-2.4bps spread_b=-4.7bps | min=30.0bps
2026-05-09 16:26:23,474 | INFO | fetch_order_book: symbol=CHIP/USDC limit=20
2026-05-09 16:26:23,730 | INFO | fetch_order_book: mid=0.06555 spread=6.10bps bids=20 asks=20
2026-05-09 16:26:24,645 | INFO | SPREAD | pair=CHIP/USDC | cex=0.06553/0.06557 | dex_sell=0.0655341 dex_buy=0.065551 | spread_a=-5.5bps spread_b=-3.2bps | min=30.0bps
2026-05-09 16:26:25,648 | INFO | fetch_order_book: symbol=CHIP/USDC limit=20
2026-05-09 16:26:25,908 | INFO | fetch_order_book: mid=0.06554 spread=6.10bps bids=20 asks=20
2026-05-09 16:26:26,737 | INFO | SPREAD | pair=CHIP/USDC | cex=0.06552/0.06556 | dex_sell=0.0655341 dex_buy=0.065551 | spread_a=-3.9bps spread_b=-4.7bps | min=30.0bps
2026-05-09 16:26:27,741 | INFO | fetch_order_book: symbol=CHIP/USDC limit=20
2026-05-09 16:26:28,010 | INFO | fetch_order_book: mid=0.06554 spread=6.10bps bids=20 asks=20
2026-05-09 16:26:28,926 | INFO | SPREAD | pair=CHIP/USDC | cex=0.06552/0.06556 | dex_sell=0.0655341 dex_buy=0.065551 | spread_a=-3.9bps spread_b=-4.7bps | min=30.0bps
2026-05-09 16:26:29,929 | INFO | fetch_order_book: symbol=CHIP/USDC limit=20
2026-05-09 16:26:30,196 | INFO | fetch_order_book: mid=0.06554 spread=6.10bps bids=20 asks=20
2026-05-09 16:26:31,032 | INFO | SPREAD | pair=CHIP/USDC | cex=0.06552/0.06556 | dex_sell=0.0655341 dex_buy=0.065551 | spread_a=-3.9bps spread_b=-4.7bps | min=30.0bps
2026-05-09 16:26:32,037 | INFO | fetch_order_book: symbol=CHIP/USDC limit=20
2026-05-09 16:26:32,392 | INFO | fetch_order_book: mid=0.06555 spread=6.10bps bids=20 asks=20
2026-05-09 16:26:33,266 | INFO | SPREAD | pair=CHIP/USDC | cex=0.06553/0.06557 | dex_sell=0.0655341 dex_buy=0.065551 | spread_a=-5.5bps spread_b=-3.2bps | min=30.0bps
2026-05-09 16:26:34,269 | INFO | fetch_order_book: symbol=CHIP/USDC limit=20
2026-05-09 16:26:34,524 | INFO | fetch_order_book: mid=0.06558 spread=3.05bps bids=20 asks=20
2026-05-09 16:26:35,421 | INFO | SPREAD | pair=CHIP/USDC | cex=0.06557/0.06559 | dex_sell=0.0655341 dex_buy=0.065577 | spread_a=-8.5bps spread_b=-1.1bps | min=30.0bps
2026-05-09 16:26:36,424 | INFO | fetch_order_book: symbol=CHIP/USDC limit=20
2026-05-09 16:26:36,685 | INFO | fetch_order_book: mid=0.06561 spread=3.05bps bids=20 asks=20
2026-05-09 16:26:37,519 | INFO | SPREAD | pair=CHIP/USDC | cex=0.0656/0.06562 | dex_sell=0.0655803 dex_buy=0.0655972 | spread_a=-6.0bps spread_b=0.4bps | min=30.0bps
2026-05-09 16:26:38,522 | INFO | fetch_order_book: symbol=CHIP/USDC limit=20
2026-05-09 16:26:38,842 | INFO | fetch_order_book: mid=0.06561 spread=3.05bps bids=20 asks=20
2026-05-09 16:26:39,662 | INFO | SPREAD | pair=CHIP/USDC | cex=0.0656/0.06562 | dex_sell=0.0655803 dex_buy=0.0655972 | spread_a=-6.0bps spread_b=0.4bps | min=30.0bps
2026-05-09 16:26:40,665 | INFO | fetch_order_book: symbol=CHIP/USDC limit=20
2026-05-09 16:26:40,919 | INFO | fetch_order_book: mid=0.06563 spread=3.05bps bids=20 asks=20
2026-05-09 16:26:41,772 | INFO | SPREAD | pair=CHIP/USDC | cex=0.06562/0.06564 | dex_sell=0.0656103 dex_buy=0.0656272 | spread_a=-4.5bps spread_b=-1.1bps | min=30.0bps
2026-05-09 16:26:42,776 | INFO | fetch_order_book: symbol=CHIP/USDC limit=20
2026-05-09 16:26:43,036 | INFO | fetch_order_book: mid=0.06563 spread=3.05bps bids=20 asks=20
2026-05-09 16:26:44,268 | INFO | SPREAD | pair=CHIP/USDC | cex=0.06562/0.06564 | dex_sell=0.0656103 dex_buy=0.0656272 | spread_a=-4.5bps spread_b=-1.1bps | min=30.0bps
2026-05-09 16:26:45,270 | INFO | fetch_order_book: symbol=CHIP/USDC limit=20
2026-05-09 16:26:45,569 | INFO | fetch_order_book: mid=0.065645 spread=7.62bps bids=20 asks=20
2026-05-09 16:26:46,419 | INFO | SPREAD | pair=CHIP/USDC | cex=0.06562/0.06567 | dex_sell=0.0656103 dex_buy=0.0656272 | spread_a=-9.1bps spread_b=-1.1bps | min=30.0bps
2026-05-09 16:26:47,423 | INFO | fetch_order_book: symbol=CHIP/USDC limit=20
2026-05-09 16:26:47,681 | INFO | fetch_order_book: mid=0.06564 spread=6.09bps bids=20 asks=20
2026-05-09 16:26:48,522 | INFO | SPREAD | pair=CHIP/USDC | cex=0.06562/0.06566 | dex_sell=0.0656403 dex_buy=0.0656571 | spread_a=-3.0bps spread_b=-5.7bps | min=30.0bps
2026-05-09 16:26:49,525 | INFO | fetch_order_book: symbol=CHIP/USDC limit=20
2026-05-09 16:26:49,787 | INFO | fetch_order_book: mid=0.06564 spread=6.09bps bids=20 asks=20
2026-05-09 16:26:50,620 | INFO | SPREAD | pair=CHIP/USDC | cex=0.06562/0.06566 | dex_sell=0.0656403 dex_buy=0.0656571 | spread_a=-3.0bps spread_b=-5.7bps | min=30.0bps
2026-05-09 16:26:51,623 | INFO | fetch_order_book: symbol=CHIP/USDC limit=20
2026-05-09 16:26:51,880 | INFO | fetch_order_book: mid=0.065635 spread=4.57bps bids=20 asks=20
2026-05-09 16:26:52,850 | INFO | SPREAD | pair=CHIP/USDC | cex=0.06562/0.06565 | dex_sell=0.0656403 dex_buy=0.0656571 | spread_a=-1.5bps spread_b=-5.7bps | min=30.0bps
2026-05-09 16:26:53,854 | INFO | fetch_order_book: symbol=CHIP/USDC limit=20
2026-05-09 16:26:54,211 | INFO | fetch_order_book: mid=0.06565 spread=6.09bps bids=20 asks=20
2026-05-09 16:26:55,118 | INFO | SPREAD | pair=CHIP/USDC | cex=0.06563/0.06567 | dex_sell=0.0656403 dex_buy=0.0656571 | spread_a=-4.5bps spread_b=-4.1bps | min=30.0bps
2026-05-09 16:26:56,122 | INFO | fetch_order_book: symbol=CHIP/USDC limit=20
2026-05-09 16:26:56,387 | INFO | fetch_order_book: mid=0.065635 spread=4.57bps bids=20 asks=20
2026-05-09 16:26:57,233 | INFO | SPREAD | pair=CHIP/USDC | cex=0.06562/0.06565 | dex_sell=0.0656403 dex_buy=0.0656571 | spread_a=-1.5bps spread_b=-5.7bps | min=30.0bps
2026-05-09 16:26:58,236 | INFO | fetch_order_book: symbol=CHIP/USDC limit=20
2026-05-09 16:26:58,608 | INFO | fetch_order_book: mid=0.065635 spread=4.57bps bids=20 asks=20
2026-05-09 16:26:59,472 | INFO | SPREAD | pair=CHIP/USDC | cex=0.06562/0.06565 | dex_sell=0.0656403 dex_buy=0.0656571 | spread_a=-1.5bps spread_b=-5.7bps | min=30.0bps
2026-05-09 16:27:00,475 | INFO | fetch_order_book: symbol=CHIP/USDC limit=20
2026-05-09 16:27:00,740 | INFO | fetch_order_book: mid=0.06563 spread=3.05bps bids=20 asks=20
2026-05-09 16:27:01,584 | INFO | SPREAD | pair=CHIP/USDC | cex=0.06562/0.06564 | dex_sell=0.0656403 dex_buy=0.0656571 | spread_a=0.0bps spread_b=-5.7bps | min=30.0bps
2026-05-09 16:27:02,588 | INFO | fetch_order_book: symbol=CHIP/USDC limit=20
2026-05-09 16:27:02,849 | INFO | fetch_order_book: mid=0.065625 spread=7.62bps bids=20 asks=20
2026-05-09 16:27:03,811 | INFO | SPREAD | pair=CHIP/USDC | cex=0.0656/0.06565 | dex_sell=0.0656141 dex_buy=0.0656309 | spread_a=-5.5bps spread_b=-4.7bps | min=30.0bps
2026-05-09 16:27:04,814 | INFO | fetch_order_book: symbol=CHIP/USDC limit=20
2026-05-09 16:27:05,161 | INFO | fetch_order_book: mid=0.06565 spread=6.09bps bids=20 asks=20
2026-05-09 16:27:06,049 | INFO | SPREAD | pair=CHIP/USDC | cex=0.06563/0.06567 | dex_sell=0.0656141 dex_buy=0.0656309 | spread_a=-8.5bps spread_b=-0.1bps | min=30.0bps
2026-05-09 16:27:07,051 | INFO | fetch_order_book: symbol=CHIP/USDC limit=20
2026-05-09 16:27:07,317 | INFO | fetch_order_book: mid=0.06566 spread=6.09bps bids=20 asks=20
2026-05-09 16:27:08,220 | INFO | SPREAD | pair=CHIP/USDC | cex=0.06564/0.06568 | dex_sell=0.0656402 dex_buy=0.065657 | spread_a=-6.1bps spread_b=-2.6bps | min=30.0bps
2026-05-09 16:27:09,222 | INFO | fetch_order_book: symbol=CHIP/USDC limit=20
2026-05-09 16:27:09,486 | INFO | fetch_order_book: mid=0.06566 spread=6.09bps bids=20 asks=20
2026-05-09 16:27:10,382 | INFO | SPREAD | pair=CHIP/USDC | cex=0.06564/0.06568 | dex_sell=0.0656402 dex_buy=0.065657 | spread_a=-6.1bps spread_b=-2.6bps | min=30.0bps
2026-05-09 16:27:11,385 | INFO | fetch_order_book: symbol=CHIP/USDC limit=20
2026-05-09 16:27:11,645 | INFO | fetch_order_book: mid=0.06567 spread=3.05bps bids=20 asks=20
2026-05-09 16:27:12,488 | INFO | SPREAD | pair=CHIP/USDC | cex=0.06566/0.06568 | dex_sell=0.0656402 dex_buy=0.065657 | spread_a=-6.1bps spread_b=0.5bps | min=30.0bps
2026-05-09 16:27:13,491 | INFO | fetch_order_book: symbol=CHIP/USDC limit=20
2026-05-09 16:27:13,754 | INFO | fetch_order_book: mid=0.065655 spread=7.62bps bids=20 asks=20
2026-05-09 16:27:14,601 | INFO | SPREAD | pair=CHIP/USDC | cex=0.06563/0.06568 | dex_sell=0.0656402 dex_buy=0.065657 | spread_a=-6.1bps spread_b=-4.1bps | min=30.0bps
2026-05-09 16:27:15,604 | INFO | fetch_order_book: symbol=CHIP/USDC limit=20
2026-05-09 16:27:15,859 | INFO | fetch_order_book: mid=0.06565 spread=6.09bps bids=20 asks=20
2026-05-09 16:27:16,797 | INFO | SPREAD | pair=CHIP/USDC | cex=0.06563/0.06567 | dex_sell=0.0656402 dex_buy=0.065657 | spread_a=-4.5bps spread_b=-4.1bps | min=30.0bps
2026-05-09 16:27:17,801 | INFO | fetch_order_book: symbol=CHIP/USDC limit=20
2026-05-09 16:27:18,165 | INFO | fetch_order_book: mid=0.065645 spread=7.62bps bids=20 asks=20
2026-05-09 16:27:19,008 | INFO | SPREAD | pair=CHIP/USDC | cex=0.06562/0.06567 | dex_sell=0.0656402 dex_buy=0.065657 | spread_a=-4.5bps spread_b=-5.6bps | min=30.0bps
2026-05-09 16:27:20,010 | INFO | fetch_order_book: symbol=CHIP/USDC limit=20
2026-05-09 16:27:20,265 | INFO | fetch_order_book: mid=0.065655 spread=4.57bps bids=20 asks=20
2026-05-09 16:27:21,129 | INFO | SPREAD | pair=CHIP/USDC | cex=0.06564/0.06567 | dex_sell=0.0656402 dex_buy=0.065657 | spread_a=-4.5bps spread_b=-2.6bps | min=30.0bps
2026-05-09 16:27:22,133 | INFO | fetch_order_book: symbol=CHIP/USDC limit=20
2026-05-09 16:27:22,389 | INFO | fetch_order_book: mid=0.06563 spread=3.05bps bids=20 asks=20
2026-05-09 16:27:23,224 | INFO | SPREAD | pair=CHIP/USDC | cex=0.06562/0.06564 | dex_sell=0.0656402 dex_buy=0.065657 | spread_a=0.0bps spread_b=-5.6bps | min=30.0bps
2026-05-09 16:27:24,227 | INFO | fetch_order_book: symbol=CHIP/USDC limit=20
2026-05-09 16:27:24,483 | INFO | fetch_order_book: mid=0.06563 spread=3.05bps bids=20 asks=20
2026-05-09 16:27:25,352 | INFO | SPREAD | pair=CHIP/USDC | cex=0.06562/0.06564 | dex_sell=0.0656402 dex_buy=0.065657 | spread_a=0.0bps spread_b=-5.6bps | min=30.0bps
2026-05-09 16:27:26,356 | INFO | fetch_order_book: symbol=CHIP/USDC limit=20
2026-05-09 16:27:26,612 | INFO | fetch_order_book: mid=0.06563 spread=3.05bps bids=20 asks=20
2026-05-09 16:27:27,477 | INFO | SPREAD | pair=CHIP/USDC | cex=0.06562/0.06564 | dex_sell=0.0656402 dex_buy=0.065657 | spread_a=0.0bps spread_b=-5.6bps | min=30.0bps
2026-05-09 16:27:28,481 | INFO | fetch_order_book: symbol=CHIP/USDC limit=20
2026-05-09 16:27:29,221 | INFO | fetch_order_book: mid=0.06563 spread=3.05bps bids=20 asks=20
2026-05-09 16:27:30,067 | INFO | SPREAD | pair=CHIP/USDC | cex=0.06562/0.06564 | dex_sell=0.0656402 dex_buy=0.065657 | spread_a=0.0bps spread_b=-5.6bps | min=30.0bps
2026-05-09 16:27:31,071 | INFO | fetch_order_book: symbol=CHIP/USDC limit=20
2026-05-09 16:27:31,335 | INFO | fetch_order_book: mid=0.06565 spread=6.09bps bids=20 asks=20
2026-05-09 16:27:32,208 | INFO | SPREAD | pair=CHIP/USDC | cex=0.06563/0.06567 | dex_sell=0.0656402 dex_buy=0.065657 | spread_a=-4.5bps spread_b=-4.1bps | min=30.0bps
2026-05-09 16:27:33,211 | INFO | fetch_order_book: symbol=CHIP/USDC limit=20
2026-05-09 16:27:33,470 | INFO | fetch_order_book: mid=0.06566 spread=3.05bps bids=20 asks=20
2026-05-09 16:27:34,434 | INFO | SPREAD | pair=CHIP/USDC | cex=0.06565/0.06567 | dex_sell=0.0656402 dex_buy=0.065657 | spread_a=-4.5bps spread_b=-1.1bps | min=30.0bps
2026-05-09 16:27:35,438 | INFO | fetch_order_book: symbol=CHIP/USDC limit=20
2026-05-09 16:27:35,857 | INFO | fetch_order_book: mid=0.065645 spread=4.57bps bids=20 asks=20
2026-05-09 16:27:36,697 | INFO | SPREAD | pair=CHIP/USDC | cex=0.06563/0.06566 | dex_sell=0.0656402 dex_buy=0.065657 | spread_a=-3.0bps spread_b=-4.1bps | min=30.0bps
2026-05-09 16:27:37,700 | INFO | fetch_order_book: symbol=CHIP/USDC limit=20
2026-05-09 16:27:37,961 | INFO | fetch_order_book: mid=0.065645 spread=4.57bps bids=20 asks=20
2026-05-09 16:27:38,784 | INFO | SPREAD | pair=CHIP/USDC | cex=0.06563/0.06566 | dex_sell=0.0656402 dex_buy=0.065657 | spread_a=-3.0bps spread_b=-4.1bps | min=30.0bps
2026-05-09 16:27:39,787 | INFO | fetch_order_book: symbol=CHIP/USDC limit=20
2026-05-09 16:27:40,049 | INFO | fetch_order_book: mid=0.06565 spread=6.09bps bids=20 asks=20
2026-05-09 16:27:40,989 | INFO | SPREAD | pair=CHIP/USDC | cex=0.06563/0.06567 | dex_sell=0.0656402 dex_buy=0.065657 | spread_a=-4.5bps spread_b=-4.1bps | min=30.0bps
2026-05-09 16:27:41,992 | INFO | fetch_order_book: symbol=CHIP/USDC limit=20
2026-05-09 16:27:42,249 | INFO | fetch_order_book: mid=0.06563 spread=3.05bps bids=20 asks=20
2026-05-09 16:27:43,139 | INFO | SPREAD | pair=CHIP/USDC | cex=0.06562/0.06564 | dex_sell=0.0656402 dex_buy=0.065657 | spread_a=0.0bps spread_b=-5.6bps | min=30.0bps
2026-05-09 16:27:44,142 | INFO | fetch_order_book: symbol=CHIP/USDC limit=20
2026-05-09 16:27:44,493 | INFO | fetch_order_book: mid=0.06563 spread=3.05bps bids=20 asks=20
2026-05-09 16:27:45,440 | INFO | SPREAD | pair=CHIP/USDC | cex=0.06562/0.06564 | dex_sell=0.0656402 dex_buy=0.065657 | spread_a=0.0bps spread_b=-5.6bps | min=30.0bps
2026-05-09 16:27:46,443 | INFO | fetch_order_book: symbol=CHIP/USDC limit=20
2026-05-09 16:27:46,834 | INFO | fetch_order_book: mid=0.06563 spread=3.05bps bids=20 asks=20
2026-05-09 16:27:47,876 | INFO | SPREAD | pair=CHIP/USDC | cex=0.06562/0.06564 | dex_sell=0.0656402 dex_buy=0.065657 | spread_a=0.0bps spread_b=-5.6bps | min=30.0bps
2026-05-09 16:27:48,879 | INFO | fetch_order_book: symbol=CHIP/USDC limit=20
2026-05-09 16:27:49,220 | INFO | fetch_order_book: mid=0.06563 spread=3.05bps bids=20 asks=20
2026-05-09 16:27:50,043 | INFO | SPREAD | pair=CHIP/USDC | cex=0.06562/0.06564 | dex_sell=0.0656402 dex_buy=0.065657 | spread_a=0.0bps spread_b=-5.6bps | min=30.0bps
2026-05-09 16:27:51,046 | INFO | fetch_order_book: symbol=CHIP/USDC limit=20
2026-05-09 16:27:51,378 | INFO | fetch_order_book: mid=0.06563 spread=3.05bps bids=20 asks=20
2026-05-09 16:27:52,191 | INFO | SPREAD | pair=CHIP/USDC | cex=0.06562/0.06564 | dex_sell=0.0656402 dex_buy=0.065657 | spread_a=0.0bps spread_b=-5.6bps | min=30.0bps
2026-05-09 16:27:53,194 | INFO | fetch_order_book: symbol=CHIP/USDC limit=20
2026-05-09 16:27:53,540 | INFO | fetch_order_book: mid=0.06563 spread=3.05bps bids=20 asks=20
2026-05-09 16:27:54,379 | INFO | SPREAD | pair=CHIP/USDC | cex=0.06562/0.06564 | dex_sell=0.0656402 dex_buy=0.065657 | spread_a=0.0bps spread_b=-5.6bps | min=30.0bps
2026-05-09 16:27:55,382 | INFO | fetch_order_book: symbol=CHIP/USDC limit=20
2026-05-09 16:27:55,746 | INFO | fetch_order_book: mid=0.065655 spread=4.57bps bids=20 asks=20
2026-05-09 16:27:56,704 | INFO | SPREAD | pair=CHIP/USDC | cex=0.06564/0.06567 | dex_sell=0.0656402 dex_buy=0.065657 | spread_a=-4.5bps spread_b=-2.6bps | min=30.0bps
2026-05-09 16:27:57,707 | INFO | fetch_order_book: symbol=CHIP/USDC limit=20
2026-05-09 16:27:57,964 | INFO | fetch_order_book: mid=0.065645 spread=4.57bps bids=20 asks=20
2026-05-09 16:27:58,860 | INFO | SPREAD | pair=CHIP/USDC | cex=0.06563/0.06566 | dex_sell=0.0656402 dex_buy=0.065657 | spread_a=-3.0bps spread_b=-4.1bps | min=30.0bps
2026-05-09 16:27:59,864 | INFO | fetch_order_book: symbol=CHIP/USDC limit=20
2026-05-09 16:28:00,221 | INFO | fetch_order_book: mid=0.065645 spread=4.57bps bids=20 asks=20
2026-05-09 16:28:01,056 | INFO | SPREAD | pair=CHIP/USDC | cex=0.06563/0.06566 | dex_sell=0.0656402 dex_buy=0.065657 | spread_a=-3.0bps spread_b=-4.1bps | min=30.0bps
2026-05-09 16:28:02,059 | INFO | fetch_order_book: symbol=CHIP/USDC limit=20
2026-05-09 16:28:02,322 | INFO | fetch_order_book: mid=0.065645 spread=7.62bps bids=20 asks=20
2026-05-09 16:28:03,180 | INFO | SPREAD | pair=CHIP/USDC | cex=0.06562/0.06567 | dex_sell=0.0656402 dex_buy=0.065657 | spread_a=-4.5bps spread_b=-5.6bps | min=30.0bps
2026-05-09 16:28:04,182 | INFO | fetch_order_book: symbol=CHIP/USDC limit=20
2026-05-09 16:28:04,437 | INFO | fetch_order_book: mid=0.065635 spread=4.57bps bids=20 asks=20
2026-05-09 16:28:05,303 | INFO | SPREAD | pair=CHIP/USDC | cex=0.06562/0.06565 | dex_sell=0.0656402 dex_buy=0.065657 | spread_a=-1.5bps spread_b=-5.6bps | min=30.0bps
2026-05-09 16:28:06,306 | INFO | fetch_order_book: symbol=CHIP/USDC limit=20
2026-05-09 16:28:06,600 | INFO | fetch_order_book: mid=0.065625 spread=1.52bps bids=20 asks=20
2026-05-09 16:28:07,440 | INFO | SPREAD | pair=CHIP/USDC | cex=0.06562/0.06563 | dex_sell=0.0656402 dex_buy=0.0656308 | spread_a=1.5bps spread_b=-1.6bps | min=30.0bps
2026-05-09 16:28:08,444 | INFO | fetch_order_book: symbol=CHIP/USDC limit=20
2026-05-09 16:28:08,753 | INFO | fetch_order_book: mid=0.065585 spread=1.52bps bids=20 asks=20
2026-05-09 16:28:09,614 | INFO | SPREAD | pair=CHIP/USDC | cex=0.06558/0.06559 | dex_sell=0.0655841 dex_buy=0.065601 | spread_a=-0.9bps spread_b=-3.2bps | min=30.0bps
2026-05-09 16:28:10,618 | INFO | fetch_order_book: symbol=CHIP/USDC limit=20
2026-05-09 16:28:10,945 | INFO | fetch_order_book: mid=0.065595 spread=4.57bps bids=20 asks=20
2026-05-09 16:28:11,812 | INFO | SPREAD | pair=CHIP/USDC | cex=0.06558/0.06561 | dex_sell=0.0655841 dex_buy=0.065601 | spread_a=-3.9bps spread_b=-3.2bps | min=30.0bps
2026-05-09 16:28:12,815 | INFO | fetch_order_book: symbol=CHIP/USDC limit=20
2026-05-09 16:28:13,077 | INFO | fetch_order_book: mid=0.06560 spread=6.10bps bids=20 asks=20
2026-05-09 16:28:13,904 | INFO | SPREAD | pair=CHIP/USDC | cex=0.06558/0.06562 | dex_sell=0.0655841 dex_buy=0.065601 | spread_a=-5.5bps spread_b=-3.2bps | min=30.0bps
2026-05-09 16:28:14,908 | INFO | fetch_order_book: symbol=CHIP/USDC limit=20
2026-05-09 16:28:15,175 | INFO | fetch_order_book: mid=0.065595 spread=4.57bps bids=20 asks=20
2026-05-09 16:28:16,059 | INFO | SPREAD | pair=CHIP/USDC | cex=0.06558/0.06561 | dex_sell=0.0655841 dex_buy=0.065601 | spread_a=-3.9bps spread_b=-3.2bps | min=30.0bps
2026-05-09 16:28:17,062 | INFO | fetch_order_book: symbol=CHIP/USDC limit=20
2026-05-09 16:28:17,320 | INFO | fetch_order_book: mid=0.065595 spread=4.57bps bids=20 asks=20
2026-05-09 16:28:18,137 | INFO | SPREAD | pair=CHIP/USDC | cex=0.06558/0.06561 | dex_sell=0.0655841 dex_buy=0.065601 | spread_a=-3.9bps spread_b=-3.2bps | min=30.0bps
2026-05-09 16:28:19,140 | INFO | fetch_order_book: symbol=CHIP/USDC limit=20
2026-05-09 16:28:19,406 | INFO | fetch_order_book: mid=0.06563 spread=6.09bps bids=20 asks=20
2026-05-09 16:28:20,254 | INFO | SPREAD | pair=CHIP/USDC | cex=0.06561/0.06565 | dex_sell=0.0655841 dex_buy=0.0656271 | spread_a=-10.0bps spread_b=-2.6bps | min=30.0bps
2026-05-09 16:28:21,257 | INFO | fetch_order_book: symbol=CHIP/USDC limit=20
2026-05-09 16:28:21,603 | INFO | fetch_order_book: mid=0.06562 spread=6.10bps bids=20 asks=20
2026-05-09 16:28:22,468 | INFO | SPREAD | pair=CHIP/USDC | cex=0.0656/0.06564 | dex_sell=0.0656102 dex_buy=0.0656271 | spread_a=-4.5bps spread_b=-4.1bps | min=30.0bps
2026-05-09 16:28:23,471 | INFO | fetch_order_book: symbol=CHIP/USDC limit=20
2026-05-09 16:28:23,729 | INFO | fetch_order_book: mid=0.065605 spread=4.57bps bids=20 asks=20
2026-05-09 16:28:24,599 | INFO | SPREAD | pair=CHIP/USDC | cex=0.06559/0.06562 | dex_sell=0.0656102 dex_buy=0.065627 | spread_a=-1.5bps spread_b=-5.6bps | min=30.0bps
2026-05-09 16:28:25,603 | INFO | fetch_order_book: symbol=CHIP/USDC limit=20
2026-05-09 16:28:25,924 | INFO | fetch_order_book: mid=0.065595 spread=4.57bps bids=20 asks=20
2026-05-09 16:28:26,775 | INFO | SPREAD | pair=CHIP/USDC | cex=0.06558/0.06561 | dex_sell=0.0656102 dex_buy=0.0656008 | spread_a=0.0bps spread_b=-3.2bps | min=30.0bps
2026-05-09 16:28:27,778 | INFO | fetch_order_book: symbol=CHIP/USDC limit=20
2026-05-09 16:28:28,033 | INFO | fetch_order_book: mid=0.065605 spread=4.57bps bids=20 asks=20
2026-05-09 16:28:29,064 | INFO | SPREAD | pair=CHIP/USDC | cex=0.06559/0.06562 | dex_sell=0.065584 dex_buy=0.0656008 | spread_a=-5.5bps spread_b=-1.7bps | min=30.0bps
2026-05-09 16:28:30,068 | INFO | fetch_order_book: symbol=CHIP/USDC limit=20
2026-05-09 16:28:30,327 | INFO | fetch_order_book: mid=0.065615 spread=1.52bps bids=20 asks=20
2026-05-09 16:28:31,223 | INFO | SPREAD | pair=CHIP/USDC | cex=0.06561/0.06562 | dex_sell=0.065584 dex_buy=0.0656008 | spread_a=-5.5bps spread_b=1.4bps | min=30.0bps
2026-05-09 16:28:32,226 | INFO | fetch_order_book: symbol=CHIP/USDC limit=20
2026-05-09 16:28:32,489 | INFO | fetch_order_book: mid=0.065595 spread=4.57bps bids=20 asks=20
2026-05-09 16:28:33,357 | INFO | SPREAD | pair=CHIP/USDC | cex=0.06558/0.06561 | dex_sell=0.065584 dex_buy=0.0656008 | spread_a=-4.0bps spread_b=-3.2bps | min=30.0bps
2026-05-09 16:28:34,360 | INFO | fetch_order_book: symbol=CHIP/USDC limit=20
2026-05-09 16:28:34,654 | INFO | fetch_order_book: mid=0.06555 spread=3.05bps bids=20 asks=20
2026-05-09 16:28:35,556 | INFO | SPREAD | pair=CHIP/USDC | cex=0.06554/0.06556 | dex_sell=0.065584 dex_buy=0.0655808 | spread_a=3.7bps spread_b=-6.2bps | min=30.0bps
2026-05-09 16:28:36,559 | INFO | fetch_order_book: symbol=CHIP/USDC limit=20
2026-05-09 16:28:36,933 | INFO | fetch_order_book: mid=0.06555 spread=3.05bps bids=20 asks=20
2026-05-09 16:28:37,776 | INFO | SPREAD | pair=CHIP/USDC | cex=0.06554/0.06556 | dex_sell=0.065564 dex_buy=0.0655808 | spread_a=0.6bps spread_b=-6.2bps | min=30.0bps
2026-05-09 16:28:38,780 | INFO | fetch_order_book: symbol=CHIP/USDC limit=20
2026-05-09 16:28:39,048 | INFO | fetch_order_book: mid=0.065555 spread=4.58bps bids=20 asks=20
2026-05-09 16:28:39,966 | INFO | SPREAD | pair=CHIP/USDC | cex=0.06554/0.06557 | dex_sell=0.065544 dex_buy=0.0655608 | spread_a=-4.0bps spread_b=-3.2bps | min=30.0bps
2026-05-09 16:28:40,969 | INFO | fetch_order_book: symbol=CHIP/USDC limit=20
2026-05-09 16:28:41,347 | INFO | fetch_order_book: mid=0.06555 spread=3.05bps bids=20 asks=20
2026-05-09 16:28:42,210 | INFO | SPREAD | pair=CHIP/USDC | cex=0.06554/0.06556 | dex_sell=0.065544 dex_buy=0.0655608 | spread_a=-2.4bps spread_b=-3.2bps | min=30.0bps
2026-05-09 16:28:43,213 | INFO | fetch_order_book: symbol=CHIP/USDC limit=20
2026-05-09 16:28:43,471 | INFO | fetch_order_book: mid=0.065535 spread=4.58bps bids=20 asks=20
2026-05-09 16:28:44,285 | INFO | SPREAD | pair=CHIP/USDC | cex=0.06552/0.06555 | dex_sell=0.065544 dex_buy=0.0655608 | spread_a=-0.9bps spread_b=-6.2bps | min=30.0bps
2026-05-09 16:28:45,288 | INFO | fetch_order_book: symbol=CHIP/USDC limit=20
2026-05-09 16:28:45,548 | INFO | fetch_order_book: mid=0.06554 spread=6.10bps bids=20 asks=20
2026-05-09 16:28:46,457 | INFO | SPREAD | pair=CHIP/USDC | cex=0.06552/0.06556 | dex_sell=0.065544 dex_buy=0.0655608 | spread_a=-2.4bps spread_b=-6.2bps | min=30.0bps
2026-05-09 16:28:47,460 | INFO | fetch_order_book: symbol=CHIP/USDC limit=20
2026-05-09 16:28:47,721 | INFO | fetch_order_book: mid=0.06553 spread=3.05bps bids=20 asks=20
2026-05-09 16:28:48,544 | INFO | SPREAD | pair=CHIP/USDC | cex=0.06552/0.06554 | dex_sell=0.065544 dex_buy=0.0655608 | spread_a=0.6bps spread_b=-6.2bps | min=30.0bps
2026-05-09 16:28:49,548 | INFO | fetch_order_book: symbol=CHIP/USDC limit=20
2026-05-09 16:28:49,808 | INFO | fetch_order_book: mid=0.06553 spread=3.05bps bids=20 asks=20
2026-05-09 16:28:50,686 | INFO | SPREAD | pair=CHIP/USDC | cex=0.06552/0.06554 | dex_sell=0.065544 dex_buy=0.0655608 | spread_a=0.6bps spread_b=-6.2bps | min=30.0bps
2026-05-09 16:28:51,689 | INFO | fetch_order_book: symbol=CHIP/USDC limit=20
2026-05-09 16:28:51,980 | INFO | fetch_order_book: mid=0.06551 spread=3.05bps bids=20 asks=20
2026-05-09 16:28:52,923 | INFO | SPREAD | pair=CHIP/USDC | cex=0.0655/0.06552 | dex_sell=0.0655142 dex_buy=0.065531 | spread_a=-0.9bps spread_b=-4.7bps | min=30.0bps
2026-05-09 16:28:53,924 | INFO | fetch_order_book: symbol=CHIP/USDC limit=20
2026-05-09 16:28:54,299 | INFO | fetch_order_book: mid=0.06549 spread=3.05bps bids=20 asks=20
2026-05-09 16:28:55,235 | INFO | SPREAD | pair=CHIP/USDC | cex=0.06548/0.0655 | dex_sell=0.0654938 dex_buy=0.0655107 | spread_a=-0.9bps spread_b=-4.7bps | min=30.0bps
2026-05-09 16:28:56,238 | INFO | fetch_order_book: symbol=CHIP/USDC limit=20
2026-05-09 16:28:56,497 | INFO | fetch_order_book: mid=0.06549 spread=3.05bps bids=20 asks=20
2026-05-09 16:28:57,381 | INFO | SPREAD | pair=CHIP/USDC | cex=0.06548/0.0655 | dex_sell=0.0654938 dex_buy=0.0655107 | spread_a=-0.9bps spread_b=-4.7bps | min=30.0bps
2026-05-09 16:28:58,383 | INFO | fetch_order_book: symbol=CHIP/USDC limit=20
2026-05-09 16:28:58,721 | INFO | fetch_order_book: mid=0.06550 spread=6.11bps bids=20 asks=20
2026-05-09 16:28:59,583 | INFO | SPREAD | pair=CHIP/USDC | cex=0.06548/0.06552 | dex_sell=0.0654938 dex_buy=0.0655107 | spread_a=-4.0bps spread_b=-4.7bps | min=30.0bps
2026-05-09 16:29:00,586 | INFO | fetch_order_book: symbol=CHIP/USDC limit=20
2026-05-09 16:29:00,842 | INFO | fetch_order_book: mid=0.065495 spread=4.58bps bids=20 asks=20
2026-05-09 16:29:01,657 | INFO | SPREAD | pair=CHIP/USDC | cex=0.06548/0.06551 | dex_sell=0.0654938 dex_buy=0.0655107 | spread_a=-2.5bps spread_b=-4.7bps | min=30.0bps
2026-05-09 16:29:02,661 | INFO | fetch_order_book: symbol=CHIP/USDC limit=20
2026-05-09 16:29:03,021 | INFO | fetch_order_book: mid=0.065475 spread=7.64bps bids=20 asks=20
2026-05-09 16:29:04,106 | INFO | SPREAD | pair=CHIP/USDC | cex=0.06545/0.0655 | dex_sell=0.0654641 dex_buy=0.0654809 | spread_a=-5.5bps spread_b=-4.7bps | min=30.0bps
2026-05-09 16:29:05,110 | INFO | fetch_order_book: symbol=CHIP/USDC limit=20
2026-05-09 16:29:05,480 | INFO | fetch_order_book: mid=0.06552 spread=6.11bps bids=20 asks=20
2026-05-09 16:29:06,317 | INFO | SPREAD | pair=CHIP/USDC | cex=0.0655/0.06554 | dex_sell=0.0655003 dex_buy=0.0655171 | spread_a=-6.1bps spread_b=-2.6bps | min=30.0bps
2026-05-09 16:29:07,321 | INFO | fetch_order_book: symbol=CHIP/USDC limit=20
2026-05-09 16:29:07,663 | INFO | fetch_order_book: mid=0.06550 spread=6.11bps bids=20 asks=20
2026-05-09 16:29:08,554 | INFO | SPREAD | pair=CHIP/USDC | cex=0.06548/0.06552 | dex_sell=0.0655003 dex_buy=0.0655171 | spread_a=-3.0bps spread_b=-5.7bps | min=30.0bps
2026-05-09 16:29:09,557 | INFO | fetch_order_book: symbol=CHIP/USDC limit=20
2026-05-09 16:29:09,829 | INFO | fetch_order_book: mid=0.06552 spread=6.11bps bids=20 asks=20
2026-05-09 16:29:10,676 | INFO | SPREAD | pair=CHIP/USDC | cex=0.0655/0.06554 | dex_sell=0.0655003 dex_buy=0.0655171 | spread_a=-6.1bps spread_b=-2.6bps | min=30.0bps
2026-05-09 16:29:11,678 | INFO | fetch_order_book: symbol=CHIP/USDC limit=20
2026-05-09 16:29:12,035 | INFO | fetch_order_book: mid=0.06552 spread=6.11bps bids=20 asks=20
2026-05-09 16:29:12,868 | INFO | SPREAD | pair=CHIP/USDC | cex=0.0655/0.06554 | dex_sell=0.0655003 dex_buy=0.0655171 | spread_a=-6.1bps spread_b=-2.6bps | min=30.0bps
2026-05-09 16:29:13,872 | INFO | fetch_order_book: symbol=CHIP/USDC limit=20
2026-05-09 16:29:14,126 | INFO | fetch_order_book: mid=0.065525 spread=4.58bps bids=20 asks=20
2026-05-09 16:29:14,994 | INFO | SPREAD | pair=CHIP/USDC | cex=0.06551/0.06554 | dex_sell=0.0655003 dex_buy=0.0655171 | spread_a=-6.1bps spread_b=-1.1bps | min=30.0bps
2026-05-09 16:29:15,997 | INFO | fetch_order_book: symbol=CHIP/USDC limit=20
2026-05-09 16:29:16,254 | INFO | fetch_order_book: mid=0.065515 spread=4.58bps bids=20 asks=20
2026-05-09 16:29:17,085 | INFO | SPREAD | pair=CHIP/USDC | cex=0.0655/0.06553 | dex_sell=0.0655202 dex_buy=0.065537 | spread_a=-1.5bps spread_b=-5.6bps | min=30.0bps
2026-05-09 16:29:18,088 | INFO | fetch_order_book: symbol=CHIP/USDC limit=20
2026-05-09 16:29:18,346 | INFO | fetch_order_book: mid=0.06549 spread=3.05bps bids=20 asks=20
2026-05-09 16:29:19,214 | INFO | SPREAD | pair=CHIP/USDC | cex=0.06548/0.0655 | dex_sell=0.0654941 dex_buy=0.0655109 | spread_a=-0.9bps spread_b=-4.7bps | min=30.0bps
2026-05-09 16:29:20,217 | INFO | fetch_order_book: symbol=CHIP/USDC limit=20
2026-05-09 16:29:20,479 | INFO | fetch_order_book: mid=0.06550 spread=6.11bps bids=20 asks=20
2026-05-09 16:29:21,329 | INFO | SPREAD | pair=CHIP/USDC | cex=0.06548/0.06552 | dex_sell=0.0654941 dex_buy=0.0655109 | spread_a=-4.0bps spread_b=-4.7bps | min=30.0bps
2026-05-09 16:29:22,333 | INFO | fetch_order_book: symbol=CHIP/USDC limit=20
2026-05-09 16:29:22,774 | INFO | fetch_order_book: mid=0.065495 spread=4.58bps bids=20 asks=20
2026-05-09 16:29:23,622 | INFO | SPREAD | pair=CHIP/USDC | cex=0.06548/0.06551 | dex_sell=0.0654941 dex_buy=0.0655109 | spread_a=-2.4bps spread_b=-4.7bps | min=30.0bps
2026-05-09 16:29:24,626 | INFO | fetch_order_book: symbol=CHIP/USDC limit=20
2026-05-09 16:29:24,882 | INFO | fetch_order_book: mid=0.065505 spread=4.58bps bids=20 asks=20
2026-05-09 16:29:25,746 | INFO | SPREAD | pair=CHIP/USDC | cex=0.06549/0.06552 | dex_sell=0.0654941 dex_buy=0.0655109 | spread_a=-4.0bps spread_b=-3.2bps | min=30.0bps
2026-05-09 16:29:26,750 | INFO | fetch_order_book: symbol=CHIP/USDC limit=20
2026-05-09 16:29:27,113 | INFO | fetch_order_book: mid=0.06550 spread=6.11bps bids=20 asks=20
2026-05-09 16:29:27,982 | INFO | SPREAD | pair=CHIP/USDC | cex=0.06548/0.06552 | dex_sell=0.0654941 dex_buy=0.0655109 | spread_a=-4.0bps spread_b=-4.7bps | min=30.0bps
2026-05-09 16:29:28,985 | INFO | fetch_order_book: symbol=CHIP/USDC limit=20
2026-05-09 16:29:29,259 | INFO | fetch_order_book: mid=0.06549 spread=3.05bps bids=20 asks=20
2026-05-09 16:29:30,147 | INFO | SPREAD | pair=CHIP/USDC | cex=0.06548/0.0655 | dex_sell=0.0654941 dex_buy=0.0655109 | spread_a=-0.9bps spread_b=-4.7bps | min=30.0bps
2026-05-09 16:29:31,150 | INFO | fetch_order_book: symbol=CHIP/USDC limit=20
2026-05-09 16:29:31,413 | INFO | fetch_order_book: mid=0.06549 spread=6.11bps bids=20 asks=20
2026-05-09 16:29:32,275 | INFO | SPREAD | pair=CHIP/USDC | cex=0.06547/0.06551 | dex_sell=0.0654941 dex_buy=0.0655109 | spread_a=-2.4bps spread_b=-6.2bps | min=30.0bps
2026-05-09 16:29:33,278 | INFO | fetch_order_book: symbol=CHIP/USDC limit=20
2026-05-09 16:29:33,643 | INFO | fetch_order_book: mid=0.06548 spread=6.11bps bids=20 asks=20
2026-05-09 16:29:34,518 | INFO | SPREAD | pair=CHIP/USDC | cex=0.06546/0.0655 | dex_sell=0.0654941 dex_buy=0.0654909 | spread_a=-0.9bps spread_b=-4.7bps | min=30.0bps
2026-05-09 16:29:35,521 | INFO | fetch_order_book: symbol=CHIP/USDC limit=20
2026-05-09 16:29:35,780 | INFO | fetch_order_book: mid=0.065455 spread=4.58bps bids=20 asks=20
2026-05-09 16:29:36,675 | INFO | SPREAD | pair=CHIP/USDC | cex=0.06544/0.06547 | dex_sell=0.0654741 dex_buy=0.0654909 | spread_a=0.6bps spread_b=-7.8bps | min=30.0bps
2026-05-09 16:29:37,678 | INFO | fetch_order_book: symbol=CHIP/USDC limit=20
2026-05-09 16:29:38,043 | INFO | fetch_order_book: mid=0.06544 spread=6.11bps bids=20 asks=20
2026-05-09 16:29:38,924 | INFO | SPREAD | pair=CHIP/USDC | cex=0.06542/0.06546 | dex_sell=0.0654441 dex_buy=0.0654609 | spread_a=-2.4bps spread_b=-6.2bps | min=30.0bps
2026-05-09 16:29:39,928 | INFO | fetch_order_book: symbol=CHIP/USDC limit=20
2026-05-09 16:29:40,183 | INFO | fetch_order_book: mid=0.06545 spread=6.11bps bids=20 asks=20
2026-05-09 16:29:41,288 | INFO | SPREAD | pair=CHIP/USDC | cex=0.06543/0.06547 | dex_sell=0.0654441 dex_buy=0.0654609 | spread_a=-4.0bps spread_b=-4.7bps | min=30.0bps
2026-05-09 16:29:42,292 | INFO | fetch_order_book: symbol=CHIP/USDC limit=20
2026-05-09 16:29:42,556 | INFO | fetch_order_book: mid=0.06545 spread=6.11bps bids=20 asks=20
2026-05-09 16:29:43,507 | INFO | SPREAD | pair=CHIP/USDC | cex=0.06543/0.06547 | dex_sell=0.0654241 dex_buy=0.0654409 | spread_a=-7.0bps spread_b=-1.7bps | min=30.0bps
2026-05-09 16:29:44,510 | INFO | fetch_order_book: symbol=CHIP/USDC limit=20
2026-05-09 16:29:44,882 | INFO | fetch_order_book: mid=0.065435 spread=7.64bps bids=20 asks=20
2026-05-09 16:29:45,795 | INFO | SPREAD | pair=CHIP/USDC | cex=0.06541/0.06546 | dex_sell=0.0654241 dex_buy=0.0654409 | spread_a=-5.5bps spread_b=-4.7bps | min=30.0bps
2026-05-09 16:29:46,798 | INFO | fetch_order_book: symbol=CHIP/USDC limit=20
2026-05-09 16:29:47,157 | INFO | fetch_order_book: mid=0.065445 spread=4.58bps bids=20 asks=20
2026-05-09 16:29:48,040 | INFO | SPREAD | pair=CHIP/USDC | cex=0.06543/0.06546 | dex_sell=0.0654241 dex_buy=0.0654409 | spread_a=-5.5bps spread_b=-1.7bps | min=30.0bps
2026-05-09 16:29:49,044 | INFO | fetch_order_book: symbol=CHIP/USDC limit=20
2026-05-09 16:29:49,407 | INFO | fetch_order_book: mid=0.06548 spread=6.11bps bids=20 asks=20
2026-05-09 16:29:50,392 | INFO | SPREAD | pair=CHIP/USDC | cex=0.06546/0.0655 | dex_sell=0.0654502 dex_buy=0.065467 | spread_a=-7.6bps spread_b=-1.1bps | min=30.0bps
2026-05-09 16:29:51,396 | INFO | fetch_order_book: symbol=CHIP/USDC limit=20
2026-05-09 16:29:51,656 | INFO | fetch_order_book: mid=0.06548 spread=6.11bps bids=20 asks=20
2026-05-09 16:29:52,545 | INFO | SPREAD | pair=CHIP/USDC | cex=0.06546/0.0655 | dex_sell=0.0654703 dex_buy=0.0654871 | spread_a=-4.5bps spread_b=-4.1bps | min=30.0bps
2026-05-09 16:29:53,549 | INFO | fetch_order_book: symbol=CHIP/USDC limit=20
2026-05-09 16:29:53,809 | INFO | fetch_order_book: mid=0.06548 spread=6.11bps bids=20 asks=20
2026-05-09 16:29:54,835 | INFO | SPREAD | pair=CHIP/USDC | cex=0.06546/0.0655 | dex_sell=0.0654703 dex_buy=0.0654871 | spread_a=-4.5bps spread_b=-4.1bps | min=30.0bps
2026-05-09 16:29:55,839 | INFO | fetch_order_book: symbol=CHIP/USDC limit=20
2026-05-09 16:29:56,194 | INFO | fetch_order_book: mid=0.06547 spread=6.11bps bids=20 asks=20
2026-05-09 16:29:57,045 | INFO | SPREAD | pair=CHIP/USDC | cex=0.06545/0.06549 | dex_sell=0.0654703 dex_buy=0.0654871 | spread_a=-3.0bps spread_b=-5.7bps | min=30.0bps
2026-05-09 16:29:58,048 | INFO | fetch_order_book: symbol=CHIP/USDC limit=20
2026-05-09 16:29:58,426 | INFO | fetch_order_book: mid=0.06547 spread=9.16bps bids=20 asks=20
2026-05-09 16:29:59,270 | INFO | SPREAD | pair=CHIP/USDC | cex=0.06544/0.0655 | dex_sell=0.0654703 dex_buy=0.0654871 | spread_a=-4.5bps spread_b=-7.2bps | min=30.0bps
2026-05-09 16:30:00,274 | INFO | fetch_order_book: symbol=CHIP/USDC limit=20
2026-05-09 16:30:00,530 | INFO | fetch_order_book: mid=0.06547 spread=9.16bps bids=20 asks=20
2026-05-09 16:30:01,430 | INFO | SPREAD | pair=CHIP/USDC | cex=0.06544/0.0655 | dex_sell=0.0654703 dex_buy=0.0654871 | spread_a=-4.5bps spread_b=-7.2bps | min=30.0bps
2026-05-09 16:30:02,433 | INFO | fetch_order_book: symbol=CHIP/USDC limit=20
2026-05-09 16:30:02,771 | INFO | fetch_order_book: mid=0.065465 spread=7.64bps bids=20 asks=20
2026-05-09 16:30:03,644 | INFO | SPREAD | pair=CHIP/USDC | cex=0.06544/0.06549 | dex_sell=0.0654703 dex_buy=0.0654871 | spread_a=-3.0bps spread_b=-7.2bps | min=30.0bps
2026-05-09 16:30:04,648 | INFO | fetch_order_book: symbol=CHIP/USDC limit=20
2026-05-09 16:30:04,906 | INFO | fetch_order_book: mid=0.065485 spread=4.58bps bids=20 asks=20
2026-05-09 16:30:05,757 | INFO | SPREAD | pair=CHIP/USDC | cex=0.06547/0.0655 | dex_sell=0.0654703 dex_buy=0.0654871 | spread_a=-4.5bps spread_b=-2.6bps | min=30.0bps
2026-05-09 16:30:06,761 | INFO | fetch_order_book: symbol=CHIP/USDC limit=20
2026-05-09 16:30:07,017 | INFO | fetch_order_book: mid=0.06551 spread=3.05bps bids=20 asks=20
2026-05-09 16:30:07,897 | INFO | SPREAD | pair=CHIP/USDC | cex=0.0655/0.06552 | dex_sell=0.0654902 dex_buy=0.065507 | spread_a=-4.5bps spread_b=-1.1bps | min=30.0bps
2026-05-09 16:30:08,901 | INFO | fetch_order_book: symbol=CHIP/USDC limit=20
2026-05-09 16:30:09,353 | INFO | fetch_order_book: mid=0.06550 spread=6.11bps bids=20 asks=20
2026-05-09 16:30:10,212 | INFO | SPREAD | pair=CHIP/USDC | cex=0.06548/0.06552 | dex_sell=0.0654902 dex_buy=0.065507 | spread_a=-4.5bps spread_b=-4.1bps | min=30.0bps
2026-05-09 16:30:11,216 | INFO | fetch_order_book: symbol=CHIP/USDC limit=20
2026-05-09 16:30:11,474 | INFO | fetch_order_book: mid=0.06549 spread=6.11bps bids=20 asks=20
2026-05-09 16:30:12,377 | INFO | SPREAD | pair=CHIP/USDC | cex=0.06547/0.06551 | dex_sell=0.0654902 dex_buy=0.065507 | spread_a=-3.0bps spread_b=-5.7bps | min=30.0bps
2026-05-09 16:30:13,380 | INFO | fetch_order_book: symbol=CHIP/USDC limit=20
2026-05-09 16:30:13,635 | INFO | fetch_order_book: mid=0.06550 spread=6.11bps bids=20 asks=20
2026-05-09 16:30:14,510 | INFO | SPREAD | pair=CHIP/USDC | cex=0.06548/0.06552 | dex_sell=0.0654902 dex_buy=0.065507 | spread_a=-4.5bps spread_b=-4.1bps | min=30.0bps
2026-05-09 16:30:15,513 | INFO | fetch_order_book: symbol=CHIP/USDC limit=20
2026-05-09 16:30:15,773 | INFO | fetch_order_book: mid=0.06550 spread=6.11bps bids=20 asks=20
2026-05-09 16:30:16,614 | INFO | SPREAD | pair=CHIP/USDC | cex=0.06548/0.06552 | dex_sell=0.0654902 dex_buy=0.065507 | spread_a=-4.5bps spread_b=-4.1bps | min=30.0bps
2026-05-09 16:30:17,617 | INFO | fetch_order_book: symbol=CHIP/USDC limit=20
2026-05-09 16:30:17,987 | INFO | fetch_order_book: mid=0.06550 spread=6.11bps bids=20 asks=20
2026-05-09 16:30:18,833 | INFO | SPREAD | pair=CHIP/USDC | cex=0.06548/0.06552 | dex_sell=0.0654902 dex_buy=0.065507 | spread_a=-4.5bps spread_b=-4.1bps | min=30.0bps
2026-05-09 16:30:19,836 | INFO | fetch_order_book: symbol=CHIP/USDC limit=20
2026-05-09 16:30:20,101 | INFO | fetch_order_book: mid=0.06550 spread=6.11bps bids=20 asks=20
2026-05-09 16:30:20,946 | INFO | SPREAD | pair=CHIP/USDC | cex=0.06548/0.06552 | dex_sell=0.0654902 dex_buy=0.065507 | spread_a=-4.5bps spread_b=-4.1bps | min=30.0bps
2026-05-09 16:30:21,949 | INFO | fetch_order_book: symbol=CHIP/USDC limit=20
2026-05-09 16:30:22,306 | INFO | fetch_order_book: mid=0.06553 spread=3.05bps bids=20 asks=20
2026-05-09 16:30:23,143 | INFO | SPREAD | pair=CHIP/USDC | cex=0.06552/0.06554 | dex_sell=0.0655103 dex_buy=0.0655271 | spread_a=-4.5bps spread_b=-1.1bps | min=30.0bps
2026-05-09 16:30:24,146 | INFO | fetch_order_book: symbol=CHIP/USDC limit=20
2026-05-09 16:30:24,407 | INFO | fetch_order_book: mid=0.065535 spread=1.53bps bids=20 asks=20
2026-05-09 16:30:25,287 | INFO | SPREAD | pair=CHIP/USDC | cex=0.06553/0.06554 | dex_sell=0.0655103 dex_buy=0.0655271 | spread_a=-4.5bps spread_b=0.4bps | min=30.0bps
2026-05-09 16:30:26,290 | INFO | fetch_order_book: symbol=CHIP/USDC limit=20
2026-05-09 16:30:26,624 | INFO | fetch_order_book: mid=0.065535 spread=1.53bps bids=20 asks=20
2026-05-09 16:30:27,504 | INFO | SPREAD | pair=CHIP/USDC | cex=0.06553/0.06554 | dex_sell=0.0655103 dex_buy=0.0655271 | spread_a=-4.5bps spread_b=0.4bps | min=30.0bps
2026-05-09 16:30:28,507 | INFO | fetch_order_book: symbol=CHIP/USDC limit=20
2026-05-09 16:30:28,761 | INFO | fetch_order_book: mid=0.065525 spread=7.63bps bids=20 asks=20
2026-05-09 16:30:29,584 | INFO | SPREAD | pair=CHIP/USDC | cex=0.0655/0.06555 | dex_sell=0.0655302 dex_buy=0.0655471 | spread_a=-3.0bps spread_b=-7.2bps | min=30.0bps
2026-05-09 16:30:30,588 | INFO | fetch_order_book: symbol=CHIP/USDC limit=20
2026-05-09 16:30:30,852 | INFO | fetch_order_book: mid=0.065525 spread=7.63bps bids=20 asks=20
2026-05-09 16:30:31,667 | INFO | SPREAD | pair=CHIP/USDC | cex=0.0655/0.06555 | dex_sell=0.0655302 dex_buy=0.0655471 | spread_a=-3.0bps spread_b=-7.2bps | min=30.0bps
2026-05-09 16:30:32,670 | INFO | fetch_order_book: symbol=CHIP/USDC limit=20
2026-05-09 16:30:32,932 | INFO | fetch_order_book: mid=0.06552 spread=9.16bps bids=20 asks=20
2026-05-09 16:30:33,820 | INFO | SPREAD | pair=CHIP/USDC | cex=0.06549/0.06555 | dex_sell=0.0655302 dex_buy=0.0655471 | spread_a=-3.0bps spread_b=-8.7bps | min=30.0bps
2026-05-09 16:30:34,823 | INFO | fetch_order_book: symbol=CHIP/USDC limit=20
2026-05-09 16:30:35,084 | INFO | fetch_order_book: mid=0.06554 spread=6.10bps bids=20 asks=20
2026-05-09 16:30:35,916 | INFO | SPREAD | pair=CHIP/USDC | cex=0.06552/0.06556 | dex_sell=0.0655302 dex_buy=0.0655471 | spread_a=-4.5bps spread_b=-4.1bps | min=30.0bps
2026-05-09 16:30:36,919 | INFO | fetch_order_book: symbol=CHIP/USDC limit=20
2026-05-09 16:30:37,180 | INFO | fetch_order_book: mid=0.065585 spread=4.57bps bids=20 asks=20
2026-05-09 16:30:38,074 | INFO | SPREAD | pair=CHIP/USDC | cex=0.06557/0.0656 | dex_sell=0.0655302 dex_buy=0.0655871 | spread_a=-10.6bps spread_b=-2.6bps | min=30.0bps
2026-05-09 16:30:39,077 | INFO | fetch_order_book: symbol=CHIP/USDC limit=20
2026-05-09 16:30:39,378 | INFO | fetch_order_book: mid=0.06558 spread=6.10bps bids=20 asks=20
2026-05-09 16:30:40,281 | INFO | SPREAD | pair=CHIP/USDC | cex=0.06556/0.0656 | dex_sell=0.0656304 dex_buy=0.0656472 | spread_a=4.6bps spread_b=-13.3bps | min=30.0bps
2026-05-09 16:30:41,284 | INFO | fetch_order_book: symbol=CHIP/USDC limit=20
2026-05-09 16:30:41,637 | INFO | fetch_order_book: mid=0.06558 spread=6.10bps bids=20 asks=20
2026-05-09 16:30:42,504 | INFO | SPREAD | pair=CHIP/USDC | cex=0.06556/0.0656 | dex_sell=0.0655742 dex_buy=0.065591 | spread_a=-3.9bps spread_b=-4.7bps | min=30.0bps
2026-05-09 16:30:43,507 | INFO | fetch_order_book: symbol=CHIP/USDC limit=20
2026-05-09 16:30:43,798 | INFO | fetch_order_book: mid=0.06558 spread=6.10bps bids=20 asks=20
2026-05-09 16:30:44,697 | INFO | SPREAD | pair=CHIP/USDC | cex=0.06556/0.0656 | dex_sell=0.0655742 dex_buy=0.065591 | spread_a=-3.9bps spread_b=-4.7bps | min=30.0bps
2026-05-09 16:30:45,700 | INFO | fetch_order_book: symbol=CHIP/USDC limit=20
2026-05-09 16:30:45,988 | INFO | fetch_order_book: mid=0.065575 spread=7.62bps bids=20 asks=20
2026-05-09 16:30:46,870 | INFO | SPREAD | pair=CHIP/USDC | cex=0.06555/0.0656 | dex_sell=0.0655742 dex_buy=0.065591 | spread_a=-3.9bps spread_b=-6.3bps | min=30.0bps
2026-05-09 16:30:47,873 | INFO | fetch_order_book: symbol=CHIP/USDC limit=20
2026-05-09 16:30:48,212 | INFO | fetch_order_book: mid=0.065585 spread=7.62bps bids=20 asks=20
2026-05-09 16:30:49,046 | INFO | SPREAD | pair=CHIP/USDC | cex=0.06556/0.06561 | dex_sell=0.0655742 dex_buy=0.065591 | spread_a=-5.5bps spread_b=-4.7bps | min=30.0bps
2026-05-09 16:30:50,050 | INFO | fetch_order_book: symbol=CHIP/USDC limit=20
2026-05-09 16:30:50,376 | INFO | fetch_order_book: mid=0.06557 spread=6.10bps bids=20 asks=20
2026-05-09 16:30:51,288 | INFO | SPREAD | pair=CHIP/USDC | cex=0.06555/0.06559 | dex_sell=0.0655742 dex_buy=0.065591 | spread_a=-2.4bps spread_b=-6.3bps | min=30.0bps
2026-05-09 16:30:52,289 | INFO | fetch_order_book: symbol=CHIP/USDC limit=20
2026-05-09 16:30:52,638 | INFO | fetch_order_book: mid=0.06557 spread=6.10bps bids=20 asks=20
2026-05-09 16:30:53,578 | INFO | SPREAD | pair=CHIP/USDC | cex=0.06555/0.06559 | dex_sell=0.0655742 dex_buy=0.065591 | spread_a=-2.4bps spread_b=-6.3bps | min=30.0bps
2026-05-09 16:30:54,582 | INFO | fetch_order_book: symbol=CHIP/USDC limit=20
2026-05-09 16:30:54,839 | INFO | fetch_order_book: mid=0.06557 spread=6.10bps bids=20 asks=20
2026-05-09 16:30:55,721 | INFO | SPREAD | pair=CHIP/USDC | cex=0.06555/0.06559 | dex_sell=0.0655742 dex_buy=0.065591 | spread_a=-2.4bps spread_b=-6.3bps | min=30.0bps
2026-05-09 16:30:56,724 | INFO | fetch_order_book: symbol=CHIP/USDC limit=20
2026-05-09 16:30:57,098 | INFO | fetch_order_book: mid=0.065575 spread=4.57bps bids=20 asks=20
2026-05-09 16:30:57,934 | INFO | SPREAD | pair=CHIP/USDC | cex=0.06556/0.06559 | dex_sell=0.0655742 dex_buy=0.065591 | spread_a=-2.4bps spread_b=-4.7bps | min=30.0bps
2026-05-09 16:30:58,937 | INFO | fetch_order_book: symbol=CHIP/USDC limit=20
2026-05-09 16:30:59,194 | INFO | fetch_order_book: mid=0.06558 spread=6.10bps bids=20 asks=20
2026-05-09 16:31:00,057 | INFO | SPREAD | pair=CHIP/USDC | cex=0.06556/0.0656 | dex_sell=0.0655742 dex_buy=0.065591 | spread_a=-3.9bps spread_b=-4.7bps | min=30.0bps
2026-05-09 16:31:01,060 | INFO | fetch_order_book: symbol=CHIP/USDC limit=20
2026-05-09 16:31:01,371 | INFO | fetch_order_book: mid=0.065565 spread=7.63bps bids=20 asks=20
2026-05-09 16:31:02,246 | INFO | SPREAD | pair=CHIP/USDC | cex=0.06554/0.06559 | dex_sell=0.0655742 dex_buy=0.065591 | spread_a=-2.4bps spread_b=-7.8bps | min=30.0bps
2026-05-09 16:31:03,249 | INFO | fetch_order_book: symbol=CHIP/USDC limit=20
2026-05-09 16:31:03,633 | INFO | fetch_order_book: mid=0.065545 spread=4.58bps bids=20 asks=20
2026-05-09 16:31:04,530 | INFO | SPREAD | pair=CHIP/USDC | cex=0.06553/0.06556 | dex_sell=0.0655542 dex_buy=0.065571 | spread_a=-0.9bps spread_b=-6.3bps | min=30.0bps
2026-05-09 16:31:05,533 | INFO | fetch_order_book: symbol=CHIP/USDC limit=20
2026-05-09 16:31:05,810 | INFO | fetch_order_book: mid=0.065545 spread=4.58bps bids=20 asks=20
2026-05-09 16:31:06,694 | INFO | SPREAD | pair=CHIP/USDC | cex=0.06553/0.06556 | dex_sell=0.0655542 dex_buy=0.065571 | spread_a=-0.9bps spread_b=-6.3bps | min=30.0bps
2026-05-09 16:31:07,697 | INFO | fetch_order_book: symbol=CHIP/USDC limit=20
2026-05-09 16:31:08,059 | INFO | fetch_order_book: mid=0.06555 spread=6.10bps bids=20 asks=20
2026-05-09 16:31:08,954 | INFO | SPREAD | pair=CHIP/USDC | cex=0.06553/0.06557 | dex_sell=0.0655542 dex_buy=0.065571 | spread_a=-2.4bps spread_b=-6.3bps | min=30.0bps
2026-05-09 16:31:09,958 | INFO | fetch_order_book: symbol=CHIP/USDC limit=20
2026-05-09 16:31:10,220 | INFO | fetch_order_book: mid=0.06555 spread=6.10bps bids=20 asks=20
2026-05-09 16:31:11,077 | INFO | SPREAD | pair=CHIP/USDC | cex=0.06553/0.06557 | dex_sell=0.0655542 dex_buy=0.065571 | spread_a=-2.4bps spread_b=-6.3bps | min=30.0bps
2026-05-09 16:31:12,080 | INFO | fetch_order_book: symbol=CHIP/USDC limit=20
2026-05-09 16:31:12,340 | INFO | fetch_order_book: mid=0.06555 spread=6.10bps bids=20 asks=20
2026-05-09 16:31:13,232 | INFO | SPREAD | pair=CHIP/USDC | cex=0.06553/0.06557 | dex_sell=0.0655542 dex_buy=0.065571 | spread_a=-2.4bps spread_b=-6.3bps | min=30.0bps
2026-05-09 16:31:14,236 | INFO | fetch_order_book: symbol=CHIP/USDC limit=20
2026-05-09 16:31:14,500 | INFO | fetch_order_book: mid=0.06555 spread=6.10bps bids=20 asks=20
2026-05-09 16:31:15,358 | INFO | SPREAD | pair=CHIP/USDC | cex=0.06553/0.06557 | dex_sell=0.0655542 dex_buy=0.065571 | spread_a=-2.4bps spread_b=-6.3bps | min=30.0bps
2026-05-09 16:31:16,361 | INFO | fetch_order_book: symbol=CHIP/USDC limit=20
2026-05-09 16:31:16,616 | INFO | fetch_order_book: mid=0.065545 spread=7.63bps bids=20 asks=20
2026-05-09 16:31:17,444 | INFO | SPREAD | pair=CHIP/USDC | cex=0.06552/0.06557 | dex_sell=0.0655542 dex_buy=0.065571 | spread_a=-2.4bps spread_b=-7.8bps | min=30.0bps
2026-05-09 16:31:18,448 | INFO | fetch_order_book: symbol=CHIP/USDC limit=20
2026-05-09 16:31:18,707 | INFO | fetch_order_book: mid=0.06553 spread=3.05bps bids=20 asks=20
2026-05-09 16:31:19,635 | INFO | SPREAD | pair=CHIP/USDC | cex=0.06552/0.06554 | dex_sell=0.0655542 dex_buy=0.065571 | spread_a=2.2bps spread_b=-7.8bps | min=30.0bps
2026-05-09 16:31:20,639 | INFO | fetch_order_book: symbol=CHIP/USDC limit=20
2026-05-09 16:31:21,029 | INFO | fetch_order_book: mid=0.06553 spread=3.05bps bids=20 asks=20
2026-05-09 16:31:21,912 | INFO | SPREAD | pair=CHIP/USDC | cex=0.06552/0.06554 | dex_sell=0.0655542 dex_buy=0.065571 | spread_a=2.2bps spread_b=-7.8bps | min=30.0bps
2026-05-09 16:31:22,916 | INFO | fetch_order_book: symbol=CHIP/USDC limit=20
2026-05-09 16:31:23,175 | INFO | fetch_order_book: mid=0.06555 spread=6.10bps bids=20 asks=20
2026-05-09 16:31:24,055 | INFO | SPREAD | pair=CHIP/USDC | cex=0.06553/0.06557 | dex_sell=0.0655542 dex_buy=0.065571 | spread_a=-2.4bps spread_b=-6.3bps | min=30.0bps
2026-05-09 16:31:25,060 | INFO | fetch_order_book: symbol=CHIP/USDC limit=20
2026-05-09 16:31:25,315 | INFO | fetch_order_book: mid=0.06555 spread=6.10bps bids=20 asks=20
2026-05-09 16:31:26,219 | INFO | SPREAD | pair=CHIP/USDC | cex=0.06553/0.06557 | dex_sell=0.0655542 dex_buy=0.065571 | spread_a=-2.4bps spread_b=-6.3bps | min=30.0bps
2026-05-09 16:31:27,223 | INFO | fetch_order_book: symbol=CHIP/USDC limit=20
2026-05-09 16:31:27,600 | INFO | fetch_order_book: mid=0.065575 spread=1.52bps bids=20 asks=20
2026-05-09 16:31:28,495 | INFO | SPREAD | pair=CHIP/USDC | cex=0.06557/0.06558 | dex_sell=0.0655542 dex_buy=0.0655971 | spread_a=-3.9bps spread_b=-4.1bps | min=30.0bps
2026-05-09 16:31:29,498 | INFO | fetch_order_book: symbol=CHIP/USDC limit=20
2026-05-09 16:31:29,760 | INFO | fetch_order_book: mid=0.06555 spread=6.10bps bids=20 asks=20
2026-05-09 16:31:30,776 | INFO | SPREAD | pair=CHIP/USDC | cex=0.06553/0.06557 | dex_sell=0.0655802 dex_buy=0.0655971 | spread_a=1.6bps spread_b=-10.2bps | min=30.0bps
2026-05-09 16:31:31,780 | INFO | fetch_order_book: symbol=CHIP/USDC limit=20
2026-05-09 16:31:32,039 | INFO | fetch_order_book: mid=0.06556 spread=6.10bps bids=20 asks=20
2026-05-09 16:31:32,953 | INFO | SPREAD | pair=CHIP/USDC | cex=0.06554/0.06558 | dex_sell=0.0655802 dex_buy=0.0655971 | spread_a=0.0bps spread_b=-8.7bps | min=30.0bps
2026-05-09 16:31:33,956 | INFO | fetch_order_book: symbol=CHIP/USDC limit=20
2026-05-09 16:31:34,227 | INFO | fetch_order_book: mid=0.06556 spread=6.10bps bids=20 asks=20
2026-05-09 16:31:35,163 | INFO | SPREAD | pair=CHIP/USDC | cex=0.06554/0.06558 | dex_sell=0.0655802 dex_buy=0.0655971 | spread_a=0.0bps spread_b=-8.7bps | min=30.0bps
2026-05-09 16:31:36,166 | INFO | fetch_order_book: symbol=CHIP/USDC limit=20
2026-05-09 16:31:36,425 | INFO | fetch_order_book: mid=0.065545 spread=4.58bps bids=20 asks=20
2026-05-09 16:31:37,292 | INFO | SPREAD | pair=CHIP/USDC | cex=0.06553/0.06556 | dex_sell=0.0655802 dex_buy=0.0655971 | spread_a=3.1bps spread_b=-10.2bps | min=30.0bps
2026-05-09 16:31:38,296 | INFO | fetch_order_book: symbol=CHIP/USDC limit=20
2026-05-09 16:31:38,632 | INFO | fetch_order_book: mid=0.065545 spread=4.58bps bids=20 asks=20
2026-05-09 16:31:39,537 | INFO | SPREAD | pair=CHIP/USDC | cex=0.06553/0.06556 | dex_sell=0.0655802 dex_buy=0.0655971 | spread_a=3.1bps spread_b=-10.2bps | min=30.0bps
2026-05-09 16:31:40,541 | INFO | fetch_order_book: symbol=CHIP/USDC limit=20
2026-05-09 16:31:40,860 | INFO | fetch_order_book: mid=0.06554 spread=6.10bps bids=20 asks=20
2026-05-09 16:31:41,741 | INFO | SPREAD | pair=CHIP/USDC | cex=0.06552/0.06556 | dex_sell=0.0655802 dex_buy=0.0655971 | spread_a=3.1bps spread_b=-11.8bps | min=30.0bps
2026-05-09 16:31:42,744 | INFO | fetch_order_book: symbol=CHIP/USDC limit=20
2026-05-09 16:31:43,005 | INFO | fetch_order_book: mid=0.06554 spread=6.10bps bids=20 asks=20
2026-05-09 16:31:43,831 | INFO | SPREAD | pair=CHIP/USDC | cex=0.06552/0.06556 | dex_sell=0.0655541 dex_buy=0.0655709 | spread_a=-0.9bps spread_b=-7.8bps | min=30.0bps
2026-05-09 16:31:44,835 | INFO | fetch_order_book: symbol=CHIP/USDC limit=20
2026-05-09 16:31:45,178 | INFO | fetch_order_book: mid=0.06554 spread=6.10bps bids=20 asks=20
2026-05-09 16:31:46,171 | INFO | SPREAD | pair=CHIP/USDC | cex=0.06552/0.06556 | dex_sell=0.0655541 dex_buy=0.0655709 | spread_a=-0.9bps spread_b=-7.8bps | min=30.0bps
2026-05-09 16:31:47,175 | INFO | fetch_order_book: symbol=CHIP/USDC limit=20
2026-05-09 16:31:47,434 | INFO | fetch_order_book: mid=0.06554 spread=6.10bps bids=20 asks=20
2026-05-09 16:31:48,338 | INFO | SPREAD | pair=CHIP/USDC | cex=0.06552/0.06556 | dex_sell=0.0655541 dex_buy=0.0655709 | spread_a=-0.9bps spread_b=-7.8bps | min=30.0bps
2026-05-09 16:31:49,342 | INFO | fetch_order_book: symbol=CHIP/USDC limit=20
2026-05-09 16:31:49,701 | INFO | fetch_order_book: mid=0.065535 spread=4.58bps bids=20 asks=20
2026-05-09 16:31:50,570 | INFO | SPREAD | pair=CHIP/USDC | cex=0.06552/0.06555 | dex_sell=0.0655541 dex_buy=0.0655709 | spread_a=0.6bps spread_b=-7.8bps | min=30.0bps
2026-05-09 16:31:51,573 | INFO | fetch_order_book: symbol=CHIP/USDC limit=20
2026-05-09 16:31:51,837 | INFO | fetch_order_book: mid=0.065545 spread=4.58bps bids=20 asks=20
2026-05-09 16:31:52,672 | INFO | SPREAD | pair=CHIP/USDC | cex=0.06553/0.06556 | dex_sell=0.0655541 dex_buy=0.0655709 | spread_a=-0.9bps spread_b=-6.2bps | min=30.0bps
2026-05-09 16:31:53,675 | INFO | fetch_order_book: symbol=CHIP/USDC limit=20
2026-05-09 16:31:54,034 | INFO | fetch_order_book: mid=0.06555 spread=6.10bps bids=20 asks=20
2026-05-09 16:31:54,915 | INFO | SPREAD | pair=CHIP/USDC | cex=0.06553/0.06557 | dex_sell=0.0655541 dex_buy=0.0655709 | spread_a=-2.4bps spread_b=-6.2bps | min=30.0bps
2026-05-09 16:31:55,919 | INFO | fetch_order_book: symbol=CHIP/USDC limit=20
2026-05-09 16:31:56,179 | INFO | fetch_order_book: mid=0.06555 spread=6.10bps bids=20 asks=20
2026-05-09 16:31:57,079 | INFO | SPREAD | pair=CHIP/USDC | cex=0.06553/0.06557 | dex_sell=0.0655541 dex_buy=0.0655709 | spread_a=-2.4bps spread_b=-6.2bps | min=30.0bps
2026-05-09 16:31:58,082 | INFO | fetch_order_book: symbol=CHIP/USDC limit=20
2026-05-09 16:31:58,355 | INFO | fetch_order_book: mid=0.06553 spread=3.05bps bids=20 asks=20
2026-05-09 16:31:59,266 | INFO | SPREAD | pair=CHIP/USDC | cex=0.06552/0.06554 | dex_sell=0.0655341 dex_buy=0.0655509 | spread_a=-0.9bps spread_b=-4.7bps | min=30.0bps
2026-05-09 16:32:00,269 | INFO | fetch_order_book: symbol=CHIP/USDC limit=20
2026-05-09 16:32:00,526 | INFO | fetch_order_book: mid=0.06553 spread=3.05bps bids=20 asks=20
2026-05-09 16:32:01,376 | INFO | SPREAD | pair=CHIP/USDC | cex=0.06552/0.06554 | dex_sell=0.0655341 dex_buy=0.0655509 | spread_a=-0.9bps spread_b=-4.7bps | min=30.0bps
2026-05-09 16:32:02,379 | INFO | fetch_order_book: symbol=CHIP/USDC limit=20
2026-05-09 16:32:02,636 | INFO | fetch_order_book: mid=0.06553 spread=3.05bps bids=20 asks=20
2026-05-09 16:32:03,471 | INFO | SPREAD | pair=CHIP/USDC | cex=0.06552/0.06554 | dex_sell=0.0655341 dex_buy=0.0655509 | spread_a=-0.9bps spread_b=-4.7bps | min=30.0bps
2026-05-09 16:32:04,474 | INFO | fetch_order_book: symbol=CHIP/USDC limit=20
2026-05-09 16:32:04,739 | INFO | fetch_order_book: mid=0.06551 spread=3.05bps bids=20 asks=20
2026-05-09 16:32:05,602 | INFO | SPREAD | pair=CHIP/USDC | cex=0.0655/0.06552 | dex_sell=0.0655341 dex_buy=0.0655509 | spread_a=2.1bps spread_b=-7.8bps | min=30.0bps
2026-05-09 16:32:06,605 | INFO | fetch_order_book: symbol=CHIP/USDC limit=20
2026-05-09 16:32:06,866 | INFO | fetch_order_book: mid=0.06549 spread=3.05bps bids=20 asks=20
2026-05-09 16:32:07,743 | INFO | SPREAD | pair=CHIP/USDC | cex=0.06548/0.0655 | dex_sell=0.0655139 dex_buy=0.0655307 | spread_a=2.1bps spread_b=-7.7bps | min=30.0bps
2026-05-09 16:32:08,746 | INFO | fetch_order_book: symbol=CHIP/USDC limit=20
2026-05-09 16:32:09,490 | INFO | fetch_order_book: mid=0.065415 spread=4.59bps bids=20 asks=20
2026-05-09 16:32:10,358 | INFO | SPREAD | pair=CHIP/USDC | cex=0.0654/0.06543 | dex_sell=0.0654841 dex_buy=0.0654709 | spread_a=8.3bps spread_b=-10.8bps | min=30.0bps
2026-05-09 16:32:11,362 | INFO | fetch_order_book: symbol=CHIP/USDC limit=20
2026-05-09 16:32:11,704 | INFO | fetch_order_book: mid=0.065385 spread=4.59bps bids=20 asks=20
2026-05-09 16:32:12,547 | INFO | SPREAD | pair=CHIP/USDC | cex=0.06537/0.0654 | dex_sell=0.065374 dex_buy=0.0653908 | spread_a=-4.0bps spread_b=-3.2bps | min=30.0bps
2026-05-09 16:32:13,551 | INFO | fetch_order_book: symbol=CHIP/USDC limit=20
2026-05-09 16:32:13,806 | INFO | fetch_order_book: mid=0.06538 spread=6.12bps bids=20 asks=20
2026-05-09 16:32:14,682 | INFO | SPREAD | pair=CHIP/USDC | cex=0.06536/0.0654 | dex_sell=0.065374 dex_buy=0.0653908 | spread_a=-4.0bps spread_b=-4.7bps | min=30.0bps
2026-05-09 16:32:15,686 | INFO | fetch_order_book: symbol=CHIP/USDC limit=20
2026-05-09 16:32:15,944 | INFO | fetch_order_book: mid=0.06540 spread=6.12bps bids=20 asks=20
2026-05-09 16:32:16,781 | INFO | SPREAD | pair=CHIP/USDC | cex=0.06538/0.06542 | dex_sell=0.065374 dex_buy=0.0653908 | spread_a=-7.0bps spread_b=-1.6bps | min=30.0bps
2026-05-09 16:32:17,784 | INFO | fetch_order_book: symbol=CHIP/USDC limit=20
2026-05-09 16:32:18,043 | INFO | fetch_order_book: mid=0.06540 spread=6.12bps bids=20 asks=20
2026-05-09 16:32:18,946 | INFO | SPREAD | pair=CHIP/USDC | cex=0.06538/0.06542 | dex_sell=0.065374 dex_buy=0.0653908 | spread_a=-7.0bps spread_b=-1.6bps | min=30.0bps
2026-05-09 16:32:19,951 | INFO | fetch_order_book: symbol=CHIP/USDC limit=20
2026-05-09 16:32:20,361 | INFO | fetch_order_book: mid=0.065445 spread=4.58bps bids=20 asks=20
2026-05-09 16:32:21,233 | INFO | SPREAD | pair=CHIP/USDC | cex=0.06543/0.06546 | dex_sell=0.0654403 dex_buy=0.0654571 | spread_a=-3.0bps spread_b=-4.1bps | min=30.0bps
2026-05-09 16:32:22,235 | INFO | fetch_order_book: symbol=CHIP/USDC limit=20
2026-05-09 16:32:22,605 | INFO | fetch_order_book: mid=0.06549 spread=6.11bps bids=20 asks=20
2026-05-09 16:32:23,466 | INFO | SPREAD | pair=CHIP/USDC | cex=0.06547/0.06551 | dex_sell=0.0654403 dex_buy=0.065477 | spread_a=-10.6bps spread_b=-1.1bps | min=30.0bps
2026-05-09 16:32:24,469 | INFO | fetch_order_book: symbol=CHIP/USDC limit=20
2026-05-09 16:32:24,725 | INFO | fetch_order_book: mid=0.06550 spread=6.11bps bids=20 asks=20
2026-05-09 16:32:25,634 | INFO | SPREAD | pair=CHIP/USDC | cex=0.06548/0.06552 | dex_sell=0.0654803 dex_buy=0.0654971 | spread_a=-6.1bps spread_b=-2.6bps | min=30.0bps
2026-05-09 16:32:26,637 | INFO | fetch_order_book: symbol=CHIP/USDC limit=20
2026-05-09 16:32:26,917 | INFO | fetch_order_book: mid=0.06550 spread=6.11bps bids=20 asks=20
2026-05-09 16:32:27,736 | INFO | SPREAD | pair=CHIP/USDC | cex=0.06548/0.06552 | dex_sell=0.0654803 dex_buy=0.0654971 | spread_a=-6.1bps spread_b=-2.6bps | min=30.0bps
2026-05-09 16:32:28,739 | INFO | fetch_order_book: symbol=CHIP/USDC limit=20
2026-05-09 16:32:29,473 | INFO | fetch_order_book: mid=0.06550 spread=6.11bps bids=20 asks=20
2026-05-09 16:32:30,397 | INFO | SPREAD | pair=CHIP/USDC | cex=0.06548/0.06552 | dex_sell=0.0654803 dex_buy=0.0654971 | spread_a=-6.1bps spread_b=-2.6bps | min=30.0bps
2026-05-09 16:32:31,400 | INFO | fetch_order_book: symbol=CHIP/USDC limit=20
2026-05-09 16:32:31,654 | INFO | fetch_order_book: mid=0.06550 spread=6.11bps bids=20 asks=20
2026-05-09 16:32:32,504 | INFO | SPREAD | pair=CHIP/USDC | cex=0.06548/0.06552 | dex_sell=0.0654803 dex_buy=0.0654971 | spread_a=-6.1bps spread_b=-2.6bps | min=30.0bps
2026-05-09 16:32:33,507 | INFO | fetch_order_book: symbol=CHIP/USDC limit=20
2026-05-09 16:32:33,867 | INFO | fetch_order_book: mid=0.06549 spread=6.11bps bids=20 asks=20
2026-05-09 16:32:34,702 | INFO | SPREAD | pair=CHIP/USDC | cex=0.06547/0.06551 | dex_sell=0.0654803 dex_buy=0.0654971 | spread_a=-4.5bps spread_b=-4.1bps | min=30.0bps
2026-05-09 16:32:35,706 | INFO | fetch_order_book: symbol=CHIP/USDC limit=20
2026-05-09 16:32:36,064 | INFO | fetch_order_book: mid=0.06548 spread=6.11bps bids=20 asks=20
2026-05-09 16:32:36,935 | INFO | SPREAD | pair=CHIP/USDC | cex=0.06546/0.0655 | dex_sell=0.0654803 dex_buy=0.0654971 | spread_a=-3.0bps spread_b=-5.7bps | min=30.0bps
2026-05-09 16:32:37,938 | INFO | fetch_order_book: symbol=CHIP/USDC limit=20
2026-05-09 16:32:38,333 | INFO | fetch_order_book: mid=0.06549 spread=6.11bps bids=20 asks=20
2026-05-09 16:32:39,233 | INFO | SPREAD | pair=CHIP/USDC | cex=0.06547/0.06551 | dex_sell=0.0654803 dex_buy=0.0654971 | spread_a=-4.5bps spread_b=-4.1bps | min=30.0bps
2026-05-09 16:32:40,236 | INFO | fetch_order_book: symbol=CHIP/USDC limit=20
2026-05-09 16:32:40,493 | INFO | fetch_order_book: mid=0.06548 spread=6.11bps bids=20 asks=20
2026-05-09 16:32:41,412 | INFO | SPREAD | pair=CHIP/USDC | cex=0.06546/0.0655 | dex_sell=0.0654803 dex_buy=0.0654971 | spread_a=-3.0bps spread_b=-5.7bps | min=30.0bps
2026-05-09 16:32:42,415 | INFO | fetch_order_book: symbol=CHIP/USDC limit=20
2026-05-09 16:32:42,673 | INFO | fetch_order_book: mid=0.06550 spread=6.11bps bids=20 asks=20
2026-05-09 16:32:43,528 | INFO | SPREAD | pair=CHIP/USDC | cex=0.06548/0.06552 | dex_sell=0.0654803 dex_buy=0.0654971 | spread_a=-6.1bps spread_b=-2.6bps | min=30.0bps
2026-05-09 16:32:44,531 | INFO | fetch_order_book: symbol=CHIP/USDC limit=20
2026-05-09 16:32:44,909 | INFO | fetch_order_book: mid=0.06550 spread=6.11bps bids=20 asks=20
2026-05-09 16:32:45,749 | INFO | SPREAD | pair=CHIP/USDC | cex=0.06548/0.06552 | dex_sell=0.0655003 dex_buy=0.0655171 | spread_a=-3.0bps spread_b=-5.7bps | min=30.0bps
2026-05-09 16:32:46,752 | INFO | fetch_order_book: symbol=CHIP/USDC limit=20
2026-05-09 16:32:47,009 | INFO | fetch_order_book: mid=0.065505 spread=4.58bps bids=20 asks=20
2026-05-09 16:32:47,886 | INFO | SPREAD | pair=CHIP/USDC | cex=0.06549/0.06552 | dex_sell=0.0655204 dex_buy=0.0655372 | spread_a=0.1bps spread_b=-7.2bps | min=30.0bps
2026-05-09 16:32:48,889 | INFO | fetch_order_book: symbol=CHIP/USDC limit=20
2026-05-09 16:32:49,228 | INFO | fetch_order_book: mid=0.06545 spread=3.06bps bids=20 asks=20
2026-05-09 16:32:50,183 | INFO | SPREAD | pair=CHIP/USDC | cex=0.06544/0.06546 | dex_sell=0.0655204 dex_buy=0.0654906 | spread_a=9.2bps spread_b=-7.7bps | min=30.0bps
2026-05-09 16:32:51,186 | INFO | fetch_order_book: symbol=CHIP/USDC limit=20
2026-05-09 16:32:51,449 | INFO | fetch_order_book: mid=0.06540 spread=6.12bps bids=20 asks=20
2026-05-09 16:32:52,289 | INFO | SPREAD | pair=CHIP/USDC | cex=0.06538/0.06542 | dex_sell=0.0654242 dex_buy=0.065441 | spread_a=0.6bps spread_b=-9.3bps | min=30.0bps
2026-05-09 16:32:53,293 | INFO | fetch_order_book: symbol=CHIP/USDC limit=20
2026-05-09 16:32:53,556 | INFO | fetch_order_book: mid=0.06540 spread=6.12bps bids=20 asks=20
2026-05-09 16:32:54,424 | INFO | SPREAD | pair=CHIP/USDC | cex=0.06538/0.06542 | dex_sell=0.065404 dex_buy=0.0654208 | spread_a=-2.4bps spread_b=-6.2bps | min=30.0bps
2026-05-09 16:32:55,428 | INFO | fetch_order_book: symbol=CHIP/USDC limit=20
2026-05-09 16:32:55,693 | INFO | fetch_order_book: mid=0.06539 spread=6.12bps bids=20 asks=20
2026-05-09 16:32:56,611 | INFO | SPREAD | pair=CHIP/USDC | cex=0.06537/0.06541 | dex_sell=0.065404 dex_buy=0.0654208 | spread_a=-0.9bps spread_b=-7.8bps | min=30.0bps
2026-05-09 16:32:57,613 | INFO | fetch_order_book: symbol=CHIP/USDC limit=20
2026-05-09 16:32:57,868 | INFO | fetch_order_book: mid=0.06539 spread=3.06bps bids=20 asks=20
2026-05-09 16:32:58,737 | INFO | SPREAD | pair=CHIP/USDC | cex=0.06538/0.0654 | dex_sell=0.065404 dex_buy=0.0654208 | spread_a=0.6bps spread_b=-6.2bps | min=30.0bps
2026-05-09 16:32:59,740 | INFO | fetch_order_book: symbol=CHIP/USDC limit=20
2026-05-09 16:32:59,996 | INFO | fetch_order_book: mid=0.06540 spread=6.12bps bids=20 asks=20
2026-05-09 16:33:00,842 | INFO | SPREAD | pair=CHIP/USDC | cex=0.06538/0.06542 | dex_sell=0.065404 dex_buy=0.0654208 | spread_a=-2.4bps spread_b=-6.2bps | min=30.0bps
2026-05-09 16:33:01,846 | INFO | fetch_order_book: symbol=CHIP/USDC limit=20
2026-05-09 16:33:02,102 | INFO | fetch_order_book: mid=0.06537 spread=6.12bps bids=20 asks=20
2026-05-09 16:33:03,037 | INFO | SPREAD | pair=CHIP/USDC | cex=0.06535/0.06539 | dex_sell=0.065404 dex_buy=0.0654208 | spread_a=2.1bps spread_b=-10.8bps | min=30.0bps
2026-05-09 16:33:04,040 | INFO | fetch_order_book: symbol=CHIP/USDC limit=20
2026-05-09 16:33:04,445 | INFO | fetch_order_book: mid=0.065355 spread=4.59bps bids=20 asks=20
2026-05-09 16:33:05,339 | INFO | SPREAD | pair=CHIP/USDC | cex=0.06534/0.06537 | dex_sell=0.065364 dex_buy=0.0653807 | spread_a=-0.9bps spread_b=-6.2bps | min=30.0bps
2026-05-09 16:33:06,342 | INFO | fetch_order_book: symbol=CHIP/USDC limit=20
2026-05-09 16:33:06,602 | INFO | fetch_order_book: mid=0.065375 spread=7.65bps bids=20 asks=20
2026-05-09 16:33:07,434 | INFO | SPREAD | pair=CHIP/USDC | cex=0.06535/0.0654 | dex_sell=0.065364 dex_buy=0.0653807 | spread_a=-5.5bps spread_b=-4.7bps | min=30.0bps
2026-05-09 16:33:08,438 | INFO | fetch_order_book: symbol=CHIP/USDC limit=20
2026-05-09 16:33:08,694 | INFO | fetch_order_book: mid=0.06539 spread=6.12bps bids=20 asks=20
2026-05-09 16:33:09,520 | INFO | SPREAD | pair=CHIP/USDC | cex=0.06537/0.06541 | dex_sell=0.065364 dex_buy=0.065407 | spread_a=-7.0bps spread_b=-5.7bps | min=30.0bps
2026-05-09 16:33:10,522 | INFO | fetch_order_book: symbol=CHIP/USDC limit=20
2026-05-09 16:33:10,785 | INFO | fetch_order_book: mid=0.06539 spread=6.12bps bids=20 asks=20
2026-05-09 16:33:11,651 | INFO | SPREAD | pair=CHIP/USDC | cex=0.06537/0.06541 | dex_sell=0.0653903 dex_buy=0.065407 | spread_a=-3.0bps spread_b=-5.7bps | min=30.0bps
2026-05-09 16:33:12,655 | INFO | fetch_order_book: symbol=CHIP/USDC limit=20
2026-05-09 16:33:12,914 | INFO | fetch_order_book: mid=0.065395 spread=7.65bps bids=20 asks=20
2026-05-09 16:33:13,827 | INFO | SPREAD | pair=CHIP/USDC | cex=0.06537/0.06542 | dex_sell=0.0653903 dex_buy=0.065407 | spread_a=-4.5bps spread_b=-5.7bps | min=30.0bps
2026-05-09 16:33:14,830 | INFO | fetch_order_book: symbol=CHIP/USDC limit=20
2026-05-09 16:33:15,134 | INFO | fetch_order_book: mid=0.065375 spread=4.59bps bids=20 asks=20
2026-05-09 16:33:16,002 | INFO | SPREAD | pair=CHIP/USDC | cex=0.06536/0.06539 | dex_sell=0.0653903 dex_buy=0.065407 | spread_a=0.0bps spread_b=-7.2bps | min=30.0bps
2026-05-09 16:33:17,005 | INFO | fetch_order_book: symbol=CHIP/USDC limit=20
2026-05-09 16:33:17,265 | INFO | fetch_order_book: mid=0.06538 spread=6.12bps bids=20 asks=20
2026-05-09 16:33:18,117 | INFO | SPREAD | pair=CHIP/USDC | cex=0.06536/0.0654 | dex_sell=0.0653903 dex_buy=0.065407 | spread_a=-1.5bps spread_b=-7.2bps | min=30.0bps
2026-05-09 16:33:19,119 | INFO | fetch_order_book: symbol=CHIP/USDC limit=20
2026-05-09 16:33:19,376 | INFO | fetch_order_book: mid=0.06537 spread=6.12bps bids=20 asks=20
2026-05-09 16:33:20,249 | INFO | SPREAD | pair=CHIP/USDC | cex=0.06535/0.06539 | dex_sell=0.0653903 dex_buy=0.065407 | spread_a=0.0bps spread_b=-8.7bps | min=30.0bps
2026-05-09 16:33:21,252 | INFO | fetch_order_book: symbol=CHIP/USDC limit=20
2026-05-09 16:33:21,614 | INFO | fetch_order_book: mid=0.065395 spread=7.65bps bids=20 asks=20
2026-05-09 16:33:22,506 | INFO | SPREAD | pair=CHIP/USDC | cex=0.06537/0.06542 | dex_sell=0.0653903 dex_buy=0.065407 | spread_a=-4.5bps spread_b=-5.7bps | min=30.0bps
2026-05-09 16:33:23,510 | INFO | fetch_order_book: symbol=CHIP/USDC limit=20
2026-05-09 16:33:23,771 | INFO | fetch_order_book: mid=0.065395 spread=7.65bps bids=20 asks=20
2026-05-09 16:33:24,629 | INFO | SPREAD | pair=CHIP/USDC | cex=0.06537/0.06542 | dex_sell=0.0653903 dex_buy=0.065407 | spread_a=-4.5bps spread_b=-5.7bps | min=30.0bps
2026-05-09 16:33:25,632 | INFO | fetch_order_book: symbol=CHIP/USDC limit=20
2026-05-09 16:33:26,034 | INFO | fetch_order_book: mid=0.065395 spread=7.65bps bids=20 asks=20
2026-05-09 16:33:26,869 | INFO | SPREAD | pair=CHIP/USDC | cex=0.06537/0.06542 | dex_sell=0.0653903 dex_buy=0.065407 | spread_a=-4.5bps spread_b=-5.7bps | min=30.0bps
2026-05-09 16:33:27,872 | INFO | fetch_order_book: symbol=CHIP/USDC limit=20
2026-05-09 16:33:28,294 | INFO | fetch_order_book: mid=0.06541 spread=3.06bps bids=20 asks=20
2026-05-09 16:33:29,126 | INFO | SPREAD | pair=CHIP/USDC | cex=0.0654/0.06542 | dex_sell=0.0654104 dex_buy=0.0654272 | spread_a=-1.5bps spread_b=-4.1bps | min=30.0bps
2026-05-09 16:33:30,130 | INFO | fetch_order_book: symbol=CHIP/USDC limit=20
2026-05-09 16:33:30,390 | INFO | fetch_order_book: mid=0.065405 spread=4.59bps bids=20 asks=20
2026-05-09 16:33:31,201 | INFO | SPREAD | pair=CHIP/USDC | cex=0.06539/0.06542 | dex_sell=0.0654104 dex_buy=0.0654272 | spread_a=-1.5bps spread_b=-5.7bps | min=30.0bps
2026-05-09 16:33:32,204 | INFO | fetch_order_book: symbol=CHIP/USDC limit=20
2026-05-09 16:33:32,466 | INFO | fetch_order_book: mid=0.065405 spread=4.59bps bids=20 asks=20
2026-05-09 16:33:33,325 | INFO | SPREAD | pair=CHIP/USDC | cex=0.06539/0.06542 | dex_sell=0.0654104 dex_buy=0.0654272 | spread_a=-1.5bps spread_b=-5.7bps | min=30.0bps
2026-05-09 16:33:34,329 | INFO | fetch_order_book: symbol=CHIP/USDC limit=20
2026-05-09 16:33:34,589 | INFO | fetch_order_book: mid=0.065405 spread=4.59bps bids=20 asks=20
2026-05-09 16:33:35,443 | INFO | SPREAD | pair=CHIP/USDC | cex=0.06539/0.06542 | dex_sell=0.0654104 dex_buy=0.0654272 | spread_a=-1.5bps spread_b=-5.7bps | min=30.0bps
2026-05-09 16:33:36,447 | INFO | fetch_order_book: symbol=CHIP/USDC limit=20
2026-05-09 16:33:36,822 | INFO | fetch_order_book: mid=0.065415 spread=1.53bps bids=20 asks=20
2026-05-09 16:33:37,658 | INFO | SPREAD | pair=CHIP/USDC | cex=0.06541/0.06542 | dex_sell=0.0654303 dex_buy=0.0654471 | spread_a=1.6bps spread_b=-5.7bps | min=30.0bps
2026-05-09 16:33:38,661 | INFO | fetch_order_book: symbol=CHIP/USDC limit=20
2026-05-09 16:33:38,920 | INFO | fetch_order_book: mid=0.065425 spread=4.59bps bids=20 asks=20
2026-05-09 16:33:39,783 | INFO | SPREAD | pair=CHIP/USDC | cex=0.06541/0.06544 | dex_sell=0.0654303 dex_buy=0.0654471 | spread_a=-1.5bps spread_b=-5.7bps | min=30.0bps
2026-05-09 16:33:40,788 | INFO | fetch_order_book: symbol=CHIP/USDC limit=20
2026-05-09 16:33:41,145 | INFO | fetch_order_book: mid=0.065425 spread=4.59bps bids=20 asks=20
2026-05-09 16:33:42,091 | INFO | SPREAD | pair=CHIP/USDC | cex=0.06541/0.06544 | dex_sell=0.0654303 dex_buy=0.0654471 | spread_a=-1.5bps spread_b=-5.7bps | min=30.0bps
2026-05-09 16:33:43,096 | INFO | fetch_order_book: symbol=CHIP/USDC limit=20
2026-05-09 16:33:43,356 | INFO | fetch_order_book: mid=0.06540 spread=6.12bps bids=20 asks=20
2026-05-09 16:33:44,250 | INFO | SPREAD | pair=CHIP/USDC | cex=0.06538/0.06542 | dex_sell=0.0654303 dex_buy=0.0654471 | spread_a=1.6bps spread_b=-10.2bps | min=30.0bps
2026-05-09 16:33:45,254 | INFO | fetch_order_book: symbol=CHIP/USDC limit=20
2026-05-09 16:33:45,523 | INFO | fetch_order_book: mid=0.065385 spread=7.65bps bids=20 asks=20
2026-05-09 16:33:46,436 | INFO | SPREAD | pair=CHIP/USDC | cex=0.06536/0.06541 | dex_sell=0.0654303 dex_buy=0.0654471 | spread_a=3.1bps spread_b=-13.3bps | min=30.0bps
2026-05-09 16:33:47,441 | INFO | fetch_order_book: symbol=CHIP/USDC limit=20
2026-05-09 16:33:47,706 | INFO | fetch_order_book: mid=0.065375 spread=4.59bps bids=20 asks=20
2026-05-09 16:33:48,558 | INFO | SPREAD | pair=CHIP/USDC | cex=0.06536/0.06539 | dex_sell=0.0654039 dex_buy=0.0654207 | spread_a=2.1bps spread_b=-9.3bps | min=30.0bps
2026-05-09 16:33:49,562 | INFO | fetch_order_book: symbol=CHIP/USDC limit=20
2026-05-09 16:33:49,895 | INFO | fetch_order_book: mid=0.065375 spread=4.59bps bids=20 asks=20
2026-05-09 16:33:50,787 | INFO | SPREAD | pair=CHIP/USDC | cex=0.06536/0.06539 | dex_sell=0.065384 dex_buy=0.0654008 | spread_a=-0.9bps spread_b=-6.2bps | min=30.0bps
2026-05-09 16:33:51,791 | INFO | fetch_order_book: symbol=CHIP/USDC limit=20
2026-05-09 16:33:52,047 | INFO | fetch_order_book: mid=0.065365 spread=1.53bps bids=20 asks=20
2026-05-09 16:33:52,908 | INFO | SPREAD | pair=CHIP/USDC | cex=0.06536/0.06537 | dex_sell=0.065384 dex_buy=0.0654008 | spread_a=2.1bps spread_b=-6.2bps | min=30.0bps
2026-05-09 16:33:53,913 | INFO | fetch_order_book: symbol=CHIP/USDC limit=20
2026-05-09 16:33:54,312 | INFO | fetch_order_book: mid=0.065365 spread=1.53bps bids=20 asks=20
2026-05-09 16:33:55,151 | INFO | SPREAD | pair=CHIP/USDC | cex=0.06536/0.06537 | dex_sell=0.065384 dex_buy=0.0654008 | spread_a=2.1bps spread_b=-6.2bps | min=30.0bps
2026-05-09 16:33:56,155 | INFO | fetch_order_book: symbol=CHIP/USDC limit=20
2026-05-09 16:33:56,416 | INFO | fetch_order_book: mid=0.065375 spread=4.59bps bids=20 asks=20
2026-05-09 16:33:57,263 | INFO | SPREAD | pair=CHIP/USDC | cex=0.06536/0.06539 | dex_sell=0.065384 dex_buy=0.0654008 | spread_a=-0.9bps spread_b=-6.2bps | min=30.0bps
2026-05-09 16:33:58,266 | INFO | fetch_order_book: symbol=CHIP/USDC limit=20
2026-05-09 16:33:58,668 | INFO | fetch_order_book: mid=0.06537 spread=3.06bps bids=20 asks=20
2026-05-09 16:33:59,529 | INFO | SPREAD | pair=CHIP/USDC | cex=0.06536/0.06538 | dex_sell=0.065384 dex_buy=0.0654008 | spread_a=0.6bps spread_b=-6.2bps | min=30.0bps
2026-05-09 16:34:00,533 | INFO | fetch_order_book: symbol=CHIP/USDC limit=20
2026-05-09 16:34:00,793 | INFO | fetch_order_book: mid=0.06537 spread=3.06bps bids=20 asks=20
2026-05-09 16:34:01,695 | INFO | SPREAD | pair=CHIP/USDC | cex=0.06536/0.06538 | dex_sell=0.065384 dex_buy=0.0654008 | spread_a=0.6bps spread_b=-6.2bps | min=30.0bps
2026-05-09 16:34:02,698 | INFO | fetch_order_book: symbol=CHIP/USDC limit=20
2026-05-09 16:34:02,955 | INFO | fetch_order_book: mid=0.06540 spread=6.12bps bids=20 asks=20
2026-05-09 16:34:03,797 | INFO | SPREAD | pair=CHIP/USDC | cex=0.06538/0.06542 | dex_sell=0.065384 dex_buy=0.0654008 | spread_a=-5.5bps spread_b=-3.2bps | min=30.0bps
2026-05-09 16:34:04,800 | INFO | fetch_order_book: symbol=CHIP/USDC limit=20
2026-05-09 16:34:05,220 | INFO | fetch_order_book: mid=0.06538 spread=3.06bps bids=20 asks=20
2026-05-09 16:34:06,086 | INFO | SPREAD | pair=CHIP/USDC | cex=0.06537/0.06539 | dex_sell=0.065384 dex_buy=0.0654008 | spread_a=-0.9bps spread_b=-4.7bps | min=30.0bps
2026-05-09 16:34:07,088 | INFO | fetch_order_book: symbol=CHIP/USDC limit=20
2026-05-09 16:34:07,343 | INFO | fetch_order_book: mid=0.06537 spread=3.06bps bids=20 asks=20
2026-05-09 16:34:08,259 | INFO | SPREAD | pair=CHIP/USDC | cex=0.06536/0.06538 | dex_sell=0.065384 dex_buy=0.0654008 | spread_a=0.6bps spread_b=-6.2bps | min=30.0bps
2026-05-09 16:34:09,263 | INFO | fetch_order_book: symbol=CHIP/USDC limit=20
2026-05-09 16:34:09,521 | INFO | fetch_order_book: mid=0.06537 spread=3.06bps bids=20 asks=20
2026-05-09 16:34:10,381 | INFO | SPREAD | pair=CHIP/USDC | cex=0.06536/0.06538 | dex_sell=0.065384 dex_buy=0.0654008 | spread_a=0.6bps spread_b=-6.2bps | min=30.0bps
2026-05-09 16:34:11,385 | INFO | fetch_order_book: symbol=CHIP/USDC limit=20
2026-05-09 16:34:11,642 | INFO | fetch_order_book: mid=0.06537 spread=3.06bps bids=20 asks=20
2026-05-09 16:34:12,526 | INFO | SPREAD | pair=CHIP/USDC | cex=0.06536/0.06538 | dex_sell=0.065384 dex_buy=0.0654008 | spread_a=0.6bps spread_b=-6.2bps | min=30.0bps
2026-05-09 16:34:13,529 | INFO | fetch_order_book: symbol=CHIP/USDC limit=20
2026-05-09 16:34:13,786 | INFO | fetch_order_book: mid=0.065375 spread=4.59bps bids=20 asks=20
2026-05-09 16:34:14,633 | INFO | SPREAD | pair=CHIP/USDC | cex=0.06536/0.06539 | dex_sell=0.065384 dex_buy=0.0654008 | spread_a=-0.9bps spread_b=-6.2bps | min=30.0bps
2026-05-09 16:34:15,637 | INFO | fetch_order_book: symbol=CHIP/USDC limit=20
2026-05-09 16:34:15,897 | INFO | fetch_order_book: mid=0.065375 spread=4.59bps bids=20 asks=20
2026-05-09 16:34:16,751 | INFO | SPREAD | pair=CHIP/USDC | cex=0.06536/0.06539 | dex_sell=0.065384 dex_buy=0.0654008 | spread_a=-0.9bps spread_b=-6.2bps | min=30.0bps
2026-05-09 16:34:17,754 | INFO | fetch_order_book: symbol=CHIP/USDC limit=20
2026-05-09 16:34:18,016 | INFO | fetch_order_book: mid=0.065375 spread=4.59bps bids=20 asks=20
2026-05-09 16:34:18,827 | INFO | SPREAD | pair=CHIP/USDC | cex=0.06536/0.06539 | dex_sell=0.065384 dex_buy=0.0654008 | spread_a=-0.9bps spread_b=-6.2bps | min=30.0bps
2026-05-09 16:34:19,831 | INFO | fetch_order_book: symbol=CHIP/USDC limit=20
2026-05-09 16:34:20,085 | INFO | fetch_order_book: mid=0.065375 spread=4.59bps bids=20 asks=20
2026-05-09 16:34:20,994 | INFO | SPREAD | pair=CHIP/USDC | cex=0.06536/0.06539 | dex_sell=0.065384 dex_buy=0.0654008 | spread_a=-0.9bps spread_b=-6.2bps | min=30.0bps
2026-05-09 16:34:21,998 | INFO | fetch_order_book: symbol=CHIP/USDC limit=20
2026-05-09 16:34:22,388 | INFO | fetch_order_book: mid=0.065375 spread=4.59bps bids=20 asks=20
2026-05-09 16:34:23,449 | INFO | SPREAD | pair=CHIP/USDC | cex=0.06536/0.06539 | dex_sell=0.065384 dex_buy=0.0654008 | spread_a=-0.9bps spread_b=-6.2bps | min=30.0bps
2026-05-09 16:34:24,453 | INFO | fetch_order_book: symbol=CHIP/USDC limit=20
2026-05-09 16:34:24,709 | INFO | fetch_order_book: mid=0.065375 spread=4.59bps bids=20 asks=20
2026-05-09 16:34:25,578 | INFO | SPREAD | pair=CHIP/USDC | cex=0.06536/0.06539 | dex_sell=0.065384 dex_buy=0.0654008 | spread_a=-0.9bps spread_b=-6.2bps | min=30.0bps
2026-05-09 16:34:26,582 | INFO | fetch_order_book: symbol=CHIP/USDC limit=20
2026-05-09 16:34:26,841 | INFO | fetch_order_book: mid=0.065375 spread=4.59bps bids=20 asks=20
2026-05-09 16:34:27,710 | INFO | SPREAD | pair=CHIP/USDC | cex=0.06536/0.06539 | dex_sell=0.065384 dex_buy=0.0654008 | spread_a=-0.9bps spread_b=-6.2bps | min=30.0bps
2026-05-09 16:34:28,715 | INFO | fetch_order_book: symbol=CHIP/USDC limit=20
2026-05-09 16:34:29,007 | INFO | fetch_order_book: mid=0.065375 spread=4.59bps bids=20 asks=20
2026-05-09 16:34:29,882 | INFO | SPREAD | pair=CHIP/USDC | cex=0.06536/0.06539 | dex_sell=0.065384 dex_buy=0.0654008 | spread_a=-0.9bps spread_b=-6.2bps | min=30.0bps
2026-05-09 16:34:30,886 | INFO | fetch_order_book: symbol=CHIP/USDC limit=20
2026-05-09 16:34:31,146 | INFO | fetch_order_book: mid=0.06540 spread=6.12bps bids=20 asks=20
2026-05-09 16:34:32,016 | INFO | SPREAD | pair=CHIP/USDC | cex=0.06538/0.06542 | dex_sell=0.065384 dex_buy=0.0654008 | spread_a=-5.5bps spread_b=-3.2bps | min=30.0bps
2026-05-09 16:34:33,020 | INFO | fetch_order_book: symbol=CHIP/USDC limit=20
2026-05-09 16:34:33,387 | INFO | fetch_order_book: mid=0.06540 spread=6.12bps bids=20 asks=20
2026-05-09 16:34:34,202 | INFO | SPREAD | pair=CHIP/USDC | cex=0.06538/0.06542 | dex_sell=0.065384 dex_buy=0.0654008 | spread_a=-5.5bps spread_b=-3.2bps | min=30.0bps
2026-05-09 16:34:35,205 | INFO | fetch_order_book: symbol=CHIP/USDC limit=20
2026-05-09 16:34:35,460 | INFO | fetch_order_book: mid=0.065425 spread=4.59bps bids=20 asks=20
2026-05-09 16:34:36,338 | INFO | SPREAD | pair=CHIP/USDC | cex=0.06541/0.06544 | dex_sell=0.065384 dex_buy=0.0654568 | spread_a=-8.6bps spread_b=-7.2bps | min=30.0bps
2026-05-09 16:34:37,340 | INFO | fetch_order_book: symbol=CHIP/USDC limit=20
2026-05-09 16:34:37,594 | INFO | fetch_order_book: mid=0.065435 spread=1.53bps bids=20 asks=20
2026-05-09 16:34:38,429 | INFO | SPREAD | pair=CHIP/USDC | cex=0.06543/0.06544 | dex_sell=0.06544 dex_buy=0.0654568 | spread_a=0.0bps spread_b=-4.1bps | min=30.0bps
2026-05-09 16:34:39,433 | INFO | fetch_order_book: symbol=CHIP/USDC limit=20
2026-05-09 16:34:39,691 | INFO | fetch_order_book: mid=0.06543 spread=3.06bps bids=20 asks=20
2026-05-09 16:34:40,571 | INFO | SPREAD | pair=CHIP/USDC | cex=0.06542/0.06544 | dex_sell=0.06544 dex_buy=0.0654568 | spread_a=0.0bps spread_b=-5.6bps | min=30.0bps
2026-05-09 16:34:41,574 | INFO | fetch_order_book: symbol=CHIP/USDC limit=20
2026-05-09 16:34:41,845 | INFO | fetch_order_book: mid=0.06543 spread=3.06bps bids=20 asks=20
2026-05-09 16:34:42,730 | INFO | SPREAD | pair=CHIP/USDC | cex=0.06542/0.06544 | dex_sell=0.06544 dex_buy=0.0654568 | spread_a=0.0bps spread_b=-5.6bps | min=30.0bps
2026-05-09 16:34:43,733 | INFO | fetch_order_book: symbol=CHIP/USDC limit=20
2026-05-09 16:34:43,991 | INFO | fetch_order_book: mid=0.065415 spread=4.59bps bids=20 asks=20
2026-05-09 16:34:44,855 | INFO | SPREAD | pair=CHIP/USDC | cex=0.0654/0.06543 | dex_sell=0.06544 dex_buy=0.0654568 | spread_a=1.5bps spread_b=-8.7bps | min=30.0bps
2026-05-09 16:34:45,858 | INFO | fetch_order_book: symbol=CHIP/USDC limit=20
2026-05-09 16:34:46,115 | INFO | fetch_order_book: mid=0.065415 spread=4.59bps bids=20 asks=20
2026-05-09 16:34:46,962 | INFO | SPREAD | pair=CHIP/USDC | cex=0.0654/0.06543 | dex_sell=0.06544 dex_buy=0.0654568 | spread_a=1.5bps spread_b=-8.7bps | min=30.0bps
2026-05-09 16:34:47,964 | INFO | fetch_order_book: symbol=CHIP/USDC limit=20
2026-05-09 16:34:48,225 | INFO | fetch_order_book: mid=0.065405 spread=7.64bps bids=20 asks=20
2026-05-09 16:34:49,073 | INFO | SPREAD | pair=CHIP/USDC | cex=0.06538/0.06543 | dex_sell=0.06544 dex_buy=0.0654307 | spread_a=1.5bps spread_b=-7.8bps | min=30.0bps
2026-05-09 16:34:50,076 | INFO | fetch_order_book: symbol=CHIP/USDC limit=20
2026-05-09 16:34:50,337 | INFO | fetch_order_book: mid=0.065405 spread=7.64bps bids=20 asks=20
2026-05-09 16:34:51,190 | INFO | SPREAD | pair=CHIP/USDC | cex=0.06538/0.06543 | dex_sell=0.0654139 dex_buy=0.0654307 | spread_a=-2.5bps spread_b=-7.8bps | min=30.0bps
2026-05-09 16:34:52,192 | INFO | fetch_order_book: symbol=CHIP/USDC limit=20
2026-05-09 16:34:52,453 | INFO | fetch_order_book: mid=0.065385 spread=7.65bps bids=20 asks=20
2026-05-09 16:34:53,356 | INFO | SPREAD | pair=CHIP/USDC | cex=0.06536/0.06541 | dex_sell=0.0654139 dex_buy=0.0654307 | spread_a=0.6bps spread_b=-10.8bps | min=30.0bps
2026-05-09 16:34:54,359 | INFO | fetch_order_book: symbol=CHIP/USDC limit=20
2026-05-09 16:34:54,618 | INFO | fetch_order_book: mid=0.065385 spread=7.65bps bids=20 asks=20
2026-05-09 16:34:55,476 | INFO | SPREAD | pair=CHIP/USDC | cex=0.06536/0.06541 | dex_sell=0.0654139 dex_buy=0.0654307 | spread_a=0.6bps spread_b=-10.8bps | min=30.0bps
2026-05-09 16:34:56,479 | INFO | fetch_order_book: symbol=CHIP/USDC limit=20
2026-05-09 16:34:56,838 | INFO | fetch_order_book: mid=0.065375 spread=4.59bps bids=20 asks=20
2026-05-09 16:34:57,727 | INFO | SPREAD | pair=CHIP/USDC | cex=0.06536/0.06539 | dex_sell=0.0654139 dex_buy=0.0654307 | spread_a=3.7bps spread_b=-10.8bps | min=30.0bps
2026-05-09 16:34:58,731 | INFO | fetch_order_book: symbol=CHIP/USDC limit=20
2026-05-09 16:34:59,090 | INFO | fetch_order_book: mid=0.065375 spread=4.59bps bids=20 asks=20
2026-05-09 16:34:59,920 | INFO | SPREAD | pair=CHIP/USDC | cex=0.06536/0.06539 | dex_sell=0.0654139 dex_buy=0.0654307 | spread_a=3.7bps spread_b=-10.8bps | min=30.0bps
2026-05-09 16:35:00,923 | INFO | fetch_order_book: symbol=CHIP/USDC limit=20
2026-05-09 16:35:01,181 | INFO | fetch_order_book: mid=0.06538 spread=6.12bps bids=20 asks=20
2026-05-09 16:35:02,139 | INFO | SPREAD | pair=CHIP/USDC | cex=0.06536/0.0654 | dex_sell=0.0653839 dex_buy=0.0654007 | spread_a=-2.5bps spread_b=-6.2bps | min=30.0bps
2026-05-09 16:35:03,142 | INFO | fetch_order_book: symbol=CHIP/USDC limit=20
2026-05-09 16:35:03,404 | INFO | fetch_order_book: mid=0.06538 spread=6.12bps bids=20 asks=20
2026-05-09 16:35:04,262 | INFO | SPREAD | pair=CHIP/USDC | cex=0.06536/0.0654 | dex_sell=0.0653839 dex_buy=0.0654007 | spread_a=-2.5bps spread_b=-6.2bps | min=30.0bps
2026-05-09 16:35:05,266 | INFO | fetch_order_book: symbol=CHIP/USDC limit=20
2026-05-09 16:35:05,522 | INFO | fetch_order_book: mid=0.06538 spread=6.12bps bids=20 asks=20
2026-05-09 16:35:06,397 | INFO | SPREAD | pair=CHIP/USDC | cex=0.06536/0.0654 | dex_sell=0.0653839 dex_buy=0.0654007 | spread_a=-2.5bps spread_b=-6.2bps | min=30.0bps
2026-05-09 16:35:07,401 | INFO | fetch_order_book: symbol=CHIP/USDC limit=20
2026-05-09 16:35:07,658 | INFO | fetch_order_book: mid=0.065395 spread=7.65bps bids=20 asks=20
2026-05-09 16:35:08,519 | INFO | SPREAD | pair=CHIP/USDC | cex=0.06537/0.06542 | dex_sell=0.0653839 dex_buy=0.0654007 | spread_a=-5.5bps spread_b=-4.7bps | min=30.0bps
2026-05-09 16:35:09,522 | INFO | fetch_order_book: symbol=CHIP/USDC limit=20
2026-05-09 16:35:09,781 | INFO | fetch_order_book: mid=0.065405 spread=4.59bps bids=20 asks=20
2026-05-09 16:35:10,643 | INFO | SPREAD | pair=CHIP/USDC | cex=0.06539/0.06542 | dex_sell=0.0654102 dex_buy=0.065427 | spread_a=-1.5bps spread_b=-5.7bps | min=30.0bps
2026-05-09 16:35:11,647 | INFO | fetch_order_book: symbol=CHIP/USDC limit=20
2026-05-09 16:35:11,902 | INFO | fetch_order_book: mid=0.06541 spread=3.06bps bids=20 asks=20
2026-05-09 16:35:12,706 | INFO | SPREAD | pair=CHIP/USDC | cex=0.0654/0.06542 | dex_sell=0.0654102 dex_buy=0.065427 | spread_a=-1.5bps spread_b=-4.1bps | min=30.0bps
2026-05-09 16:35:13,710 | INFO | fetch_order_book: symbol=CHIP/USDC limit=20
2026-05-09 16:35:13,967 | INFO | fetch_order_book: mid=0.06546 spread=6.11bps bids=20 asks=20
2026-05-09 16:35:14,782 | INFO | SPREAD | pair=CHIP/USDC | cex=0.06544/0.06548 | dex_sell=0.0654304 dex_buy=0.0654771 | spread_a=-7.6bps spread_b=-5.7bps | min=30.0bps
2026-05-09 16:35:15,786 | INFO | fetch_order_book: symbol=CHIP/USDC limit=20
2026-05-09 16:35:16,042 | INFO | fetch_order_book: mid=0.065465 spread=4.58bps bids=20 asks=20
2026-05-09 16:35:16,894 | INFO | SPREAD | pair=CHIP/USDC | cex=0.06545/0.06548 | dex_sell=0.0654603 dex_buy=0.0654771 | spread_a=-3.0bps spread_b=-4.1bps | min=30.0bps
2026-05-09 16:35:17,897 | INFO | fetch_order_book: symbol=CHIP/USDC limit=20
2026-05-09 16:35:18,154 | INFO | fetch_order_book: mid=0.06547 spread=3.05bps bids=20 asks=20
2026-05-09 16:35:19,022 | INFO | SPREAD | pair=CHIP/USDC | cex=0.06546/0.06548 | dex_sell=0.0654603 dex_buy=0.0654771 | spread_a=-3.0bps spread_b=-2.6bps | min=30.0bps
2026-05-09 16:35:20,026 | INFO | fetch_order_book: symbol=CHIP/USDC limit=20
2026-05-09 16:35:20,381 | INFO | fetch_order_book: mid=0.06547 spread=3.05bps bids=20 asks=20
2026-05-09 16:35:21,229 | INFO | SPREAD | pair=CHIP/USDC | cex=0.06546/0.06548 | dex_sell=0.0654603 dex_buy=0.0654771 | spread_a=-3.0bps spread_b=-2.6bps | min=30.0bps
2026-05-09 16:35:22,233 | INFO | fetch_order_book: symbol=CHIP/USDC limit=20
2026-05-09 16:35:22,494 | INFO | fetch_order_book: mid=0.065475 spread=1.53bps bids=20 asks=20
2026-05-09 16:35:23,371 | INFO | SPREAD | pair=CHIP/USDC | cex=0.06547/0.06548 | dex_sell=0.0654802 dex_buy=0.065497 | spread_a=0.0bps spread_b=-4.1bps | min=30.0bps
2026-05-09 16:35:24,375 | INFO | fetch_order_book: symbol=CHIP/USDC limit=20
2026-05-09 16:35:24,702 | INFO | fetch_order_book: mid=0.065475 spread=1.53bps bids=20 asks=20
2026-05-09 16:35:25,581 | INFO | SPREAD | pair=CHIP/USDC | cex=0.06547/0.06548 | dex_sell=0.0654802 dex_buy=0.065497 | spread_a=0.0bps spread_b=-4.1bps | min=30.0bps
2026-05-09 16:35:26,584 | INFO | fetch_order_book: symbol=CHIP/USDC limit=20
2026-05-09 16:35:26,847 | INFO | fetch_order_book: mid=0.065465 spread=4.58bps bids=20 asks=20
2026-05-09 16:35:27,708 | INFO | SPREAD | pair=CHIP/USDC | cex=0.06545/0.06548 | dex_sell=0.0654802 dex_buy=0.065497 | spread_a=0.0bps spread_b=-7.2bps | min=30.0bps
2026-05-09 16:35:28,710 | INFO | fetch_order_book: symbol=CHIP/USDC limit=20
2026-05-09 16:35:28,968 | INFO | fetch_order_book: mid=0.06546 spread=3.06bps bids=20 asks=20
2026-05-09 16:35:29,879 | INFO | SPREAD | pair=CHIP/USDC | cex=0.06545/0.06547 | dex_sell=0.0654802 dex_buy=0.065497 | spread_a=1.6bps spread_b=-7.2bps | min=30.0bps
2026-05-09 16:35:30,883 | INFO | fetch_order_book: symbol=CHIP/USDC limit=20
2026-05-09 16:35:31,148 | INFO | fetch_order_book: mid=0.065455 spread=4.58bps bids=20 asks=20
2026-05-09 16:35:32,009 | INFO | SPREAD | pair=CHIP/USDC | cex=0.06544/0.06547 | dex_sell=0.0654802 dex_buy=0.065497 | spread_a=1.6bps spread_b=-8.7bps | min=30.0bps
2026-05-09 16:35:33,012 | INFO | fetch_order_book: symbol=CHIP/USDC limit=20
2026-05-09 16:35:33,271 | INFO | fetch_order_book: mid=0.065455 spread=4.58bps bids=20 asks=20
2026-05-09 16:35:34,171 | INFO | SPREAD | pair=CHIP/USDC | cex=0.06544/0.06547 | dex_sell=0.0654802 dex_buy=0.065497 | spread_a=1.6bps spread_b=-8.7bps | min=30.0bps
2026-05-09 16:35:35,175 | INFO | fetch_order_book: symbol=CHIP/USDC limit=20
2026-05-09 16:35:35,647 | INFO | fetch_order_book: mid=0.065455 spread=4.58bps bids=20 asks=20
2026-05-09 16:35:36,540 | INFO | SPREAD | pair=CHIP/USDC | cex=0.06544/0.06547 | dex_sell=0.0654802 dex_buy=0.065497 | spread_a=1.6bps spread_b=-8.7bps | min=30.0bps
2026-05-09 16:35:37,544 | INFO | fetch_order_book: symbol=CHIP/USDC limit=20
2026-05-09 16:35:37,805 | INFO | fetch_order_book: mid=0.06545 spread=6.11bps bids=20 asks=20
2026-05-09 16:35:38,629 | INFO | SPREAD | pair=CHIP/USDC | cex=0.06543/0.06547 | dex_sell=0.0654802 dex_buy=0.065497 | spread_a=1.6bps spread_b=-10.2bps | min=30.0bps
2026-05-09 16:35:39,632 | INFO | fetch_order_book: symbol=CHIP/USDC limit=20
2026-05-09 16:35:39,891 | INFO | fetch_order_book: mid=0.065455 spread=4.58bps bids=20 asks=20
2026-05-09 16:35:40,729 | INFO | SPREAD | pair=CHIP/USDC | cex=0.06544/0.06547 | dex_sell=0.0654802 dex_buy=0.065497 | spread_a=1.6bps spread_b=-8.7bps | min=30.0bps
2026-05-09 16:35:41,733 | INFO | fetch_order_book: symbol=CHIP/USDC limit=20
2026-05-09 16:35:41,987 | INFO | fetch_order_book: mid=0.06545 spread=6.11bps bids=20 asks=20
2026-05-09 16:35:42,837 | INFO | SPREAD | pair=CHIP/USDC | cex=0.06543/0.06547 | dex_sell=0.0654802 dex_buy=0.065497 | spread_a=1.6bps spread_b=-10.2bps | min=30.0bps
2026-05-09 16:35:43,840 | INFO | fetch_order_book: symbol=CHIP/USDC limit=20
2026-05-09 16:35:44,095 | INFO | fetch_order_book: mid=0.065435 spread=4.58bps bids=20 asks=20
2026-05-09 16:35:44,924 | INFO | SPREAD | pair=CHIP/USDC | cex=0.06542/0.06545 | dex_sell=0.0654541 dex_buy=0.0654709 | spread_a=0.6bps spread_b=-7.8bps | min=30.0bps
2026-05-09 16:35:45,927 | INFO | fetch_order_book: symbol=CHIP/USDC limit=20
2026-05-09 16:35:46,307 | INFO | fetch_order_book: mid=0.065435 spread=4.58bps bids=20 asks=20
2026-05-09 16:35:47,223 | INFO | SPREAD | pair=CHIP/USDC | cex=0.06542/0.06545 | dex_sell=0.0654541 dex_buy=0.0654709 | spread_a=0.6bps spread_b=-7.8bps | min=30.0bps
2026-05-09 16:35:48,226 | INFO | fetch_order_book: symbol=CHIP/USDC limit=20
2026-05-09 16:35:48,684 | INFO | fetch_order_book: mid=0.065455 spread=4.58bps bids=20 asks=20
2026-05-09 16:35:49,544 | INFO | SPREAD | pair=CHIP/USDC | cex=0.06544/0.06547 | dex_sell=0.0654541 dex_buy=0.0654709 | spread_a=-2.4bps spread_b=-4.7bps | min=30.0bps
2026-05-09 16:35:50,547 | INFO | fetch_order_book: symbol=CHIP/USDC limit=20
2026-05-09 16:35:50,803 | INFO | fetch_order_book: mid=0.065465 spread=4.58bps bids=20 asks=20
2026-05-09 16:35:51,633 | INFO | SPREAD | pair=CHIP/USDC | cex=0.06545/0.06548 | dex_sell=0.0654541 dex_buy=0.0654709 | spread_a=-4.0bps spread_b=-3.2bps | min=30.0bps
2026-05-09 16:35:52,636 | INFO | fetch_order_book: symbol=CHIP/USDC limit=20
2026-05-09 16:35:52,970 | INFO | fetch_order_book: mid=0.065465 spread=4.58bps bids=20 asks=20
2026-05-09 16:35:53,867 | INFO | SPREAD | pair=CHIP/USDC | cex=0.06545/0.06548 | dex_sell=0.0654541 dex_buy=0.0654709 | spread_a=-4.0bps spread_b=-3.2bps | min=30.0bps
2026-05-09 16:35:54,871 | INFO | fetch_order_book: symbol=CHIP/USDC limit=20
2026-05-09 16:35:55,129 | INFO | fetch_order_book: mid=0.065475 spread=1.53bps bids=20 asks=20
2026-05-09 16:35:55,998 | INFO | SPREAD | pair=CHIP/USDC | cex=0.06547/0.06548 | dex_sell=0.0654541 dex_buy=0.0654709 | spread_a=-4.0bps spread_b=-0.1bps | min=30.0bps
2026-05-09 16:35:57,002 | INFO | fetch_order_book: symbol=CHIP/USDC limit=20
2026-05-09 16:35:57,255 | INFO | fetch_order_book: mid=0.065475 spread=1.53bps bids=20 asks=20
2026-05-09 16:35:58,086 | INFO | SPREAD | pair=CHIP/USDC | cex=0.06547/0.06548 | dex_sell=0.0654541 dex_buy=0.0654972 | spread_a=-4.0bps spread_b=-4.2bps | min=30.0bps
2026-05-09 16:35:59,090 | INFO | fetch_order_book: symbol=CHIP/USDC limit=20
2026-05-09 16:35:59,441 | INFO | fetch_order_book: mid=0.065475 spread=1.53bps bids=20 asks=20
2026-05-09 16:36:00,340 | INFO | SPREAD | pair=CHIP/USDC | cex=0.06547/0.06548 | dex_sell=0.0654804 dex_buy=0.0654972 | spread_a=0.1bps spread_b=-4.2bps | min=30.0bps
2026-05-09 16:36:01,344 | INFO | fetch_order_book: symbol=CHIP/USDC limit=20
2026-05-09 16:36:01,603 | INFO | fetch_order_book: mid=0.065475 spread=1.53bps bids=20 asks=20
2026-05-09 16:36:02,445 | INFO | SPREAD | pair=CHIP/USDC | cex=0.06547/0.06548 | dex_sell=0.0654804 dex_buy=0.0654972 | spread_a=0.1bps spread_b=-4.2bps | min=30.0bps
2026-05-09 16:36:03,448 | INFO | fetch_order_book: symbol=CHIP/USDC limit=20
2026-05-09 16:36:03,811 | INFO | fetch_order_book: mid=0.065475 spread=1.53bps bids=20 asks=20
2026-05-09 16:36:04,641 | INFO | SPREAD | pair=CHIP/USDC | cex=0.06547/0.06548 | dex_sell=0.0654804 dex_buy=0.0654972 | spread_a=0.1bps spread_b=-4.2bps | min=30.0bps
2026-05-09 16:36:05,644 | INFO | fetch_order_book: symbol=CHIP/USDC limit=20
2026-05-09 16:36:05,903 | INFO | fetch_order_book: mid=0.065475 spread=1.53bps bids=20 asks=20
2026-05-09 16:36:06,824 | INFO | SPREAD | pair=CHIP/USDC | cex=0.06547/0.06548 | dex_sell=0.0654804 dex_buy=0.0654972 | spread_a=0.1bps spread_b=-4.2bps | min=30.0bps
2026-05-09 16:36:07,827 | INFO | fetch_order_book: symbol=CHIP/USDC limit=20
2026-05-09 16:36:08,090 | INFO | fetch_order_book: mid=0.065475 spread=1.53bps bids=20 asks=20
2026-05-09 16:36:08,901 | INFO | SPREAD | pair=CHIP/USDC | cex=0.06547/0.06548 | dex_sell=0.0654804 dex_buy=0.0654972 | spread_a=0.1bps spread_b=-4.2bps | min=30.0bps
2026-05-09 16:36:09,905 | INFO | fetch_order_book: symbol=CHIP/USDC limit=20
2026-05-09 16:36:10,370 | INFO | fetch_order_book: mid=0.065475 spread=1.53bps bids=20 asks=20
2026-05-09 16:36:11,240 | INFO | SPREAD | pair=CHIP/USDC | cex=0.06547/0.06548 | dex_sell=0.0654804 dex_buy=0.0654972 | spread_a=0.1bps spread_b=-4.2bps | min=30.0bps
2026-05-09 16:36:12,244 | INFO | fetch_order_book: symbol=CHIP/USDC limit=20
2026-05-09 16:36:12,499 | INFO | fetch_order_book: mid=0.06549 spread=3.05bps bids=20 asks=20
2026-05-09 16:36:13,324 | INFO | SPREAD | pair=CHIP/USDC | cex=0.06548/0.0655 | dex_sell=0.0654804 dex_buy=0.0654972 | spread_a=-3.0bps spread_b=-2.6bps | min=30.0bps
2026-05-09 16:36:14,327 | INFO | fetch_order_book: symbol=CHIP/USDC limit=20
2026-05-09 16:36:14,584 | INFO | fetch_order_book: mid=0.06549 spread=3.05bps bids=20 asks=20
2026-05-09 16:36:15,425 | INFO | SPREAD | pair=CHIP/USDC | cex=0.06548/0.0655 | dex_sell=0.0654804 dex_buy=0.0654972 | spread_a=-3.0bps spread_b=-2.6bps | min=30.0bps
2026-05-09 16:36:16,428 | INFO | fetch_order_book: symbol=CHIP/USDC limit=20
2026-05-09 16:36:16,684 | INFO | fetch_order_book: mid=0.065485 spread=4.58bps bids=20 asks=20
2026-05-09 16:36:17,645 | INFO | SPREAD | pair=CHIP/USDC | cex=0.06547/0.0655 | dex_sell=0.0654804 dex_buy=0.0654972 | spread_a=-3.0bps spread_b=-4.2bps | min=30.0bps
2026-05-09 16:36:18,649 | INFO | fetch_order_book: symbol=CHIP/USDC limit=20
2026-05-09 16:36:18,916 | INFO | fetch_order_book: mid=0.065475 spread=4.58bps bids=20 asks=20
2026-05-09 16:36:19,782 | INFO | SPREAD | pair=CHIP/USDC | cex=0.06546/0.06549 | dex_sell=0.0654804 dex_buy=0.0654972 | spread_a=-1.5bps spread_b=-5.7bps | min=30.0bps
2026-05-09 16:36:20,785 | INFO | fetch_order_book: symbol=CHIP/USDC limit=20
2026-05-09 16:36:21,043 | INFO | fetch_order_book: mid=0.06548 spread=6.11bps bids=20 asks=20
2026-05-09 16:36:21,935 | INFO | SPREAD | pair=CHIP/USDC | cex=0.06546/0.0655 | dex_sell=0.0654804 dex_buy=0.0654972 | spread_a=-3.0bps spread_b=-5.7bps | min=30.0bps
2026-05-09 16:36:22,938 | INFO | fetch_order_book: symbol=CHIP/USDC limit=20
2026-05-09 16:36:23,197 | INFO | fetch_order_book: mid=0.06548 spread=6.11bps bids=20 asks=20
2026-05-09 16:36:24,040 | INFO | SPREAD | pair=CHIP/USDC | cex=0.06546/0.0655 | dex_sell=0.0654804 dex_buy=0.0654972 | spread_a=-3.0bps spread_b=-5.7bps | min=30.0bps
2026-05-09 16:36:25,044 | INFO | fetch_order_book: symbol=CHIP/USDC limit=20
2026-05-09 16:36:25,417 | INFO | fetch_order_book: mid=0.06547 spread=6.11bps bids=20 asks=20
2026-05-09 16:36:26,305 | INFO | SPREAD | pair=CHIP/USDC | cex=0.06545/0.06549 | dex_sell=0.0654804 dex_buy=0.0654972 | spread_a=-1.5bps spread_b=-7.2bps | min=30.0bps
2026-05-09 16:36:27,308 | INFO | fetch_order_book: symbol=CHIP/USDC limit=20
2026-05-09 16:36:27,573 | INFO | fetch_order_book: mid=0.06547 spread=6.11bps bids=20 asks=20
2026-05-09 16:36:28,524 | INFO | SPREAD | pair=CHIP/USDC | cex=0.06545/0.06549 | dex_sell=0.0654804 dex_buy=0.0654972 | spread_a=-1.5bps spread_b=-7.2bps | min=30.0bps
2026-05-09 16:36:29,527 | INFO | fetch_order_book: symbol=CHIP/USDC limit=20
2026-05-09 16:36:29,786 | INFO | fetch_order_book: mid=0.065485 spread=4.58bps bids=20 asks=20
2026-05-09 16:36:30,640 | INFO | SPREAD | pair=CHIP/USDC | cex=0.06547/0.0655 | dex_sell=0.0654804 dex_buy=0.0654972 | spread_a=-3.0bps spread_b=-4.2bps | min=30.0bps
2026-05-09 16:36:31,644 | INFO | fetch_order_book: symbol=CHIP/USDC limit=20
2026-05-09 16:36:31,901 | INFO | fetch_order_book: mid=0.065485 spread=4.58bps bids=20 asks=20
2026-05-09 16:36:32,783 | INFO | SPREAD | pair=CHIP/USDC | cex=0.06547/0.0655 | dex_sell=0.0654804 dex_buy=0.0654972 | spread_a=-3.0bps spread_b=-4.2bps | min=30.0bps
2026-05-09 16:36:33,786 | INFO | fetch_order_book: symbol=CHIP/USDC limit=20
2026-05-09 16:36:34,048 | INFO | fetch_order_book: mid=0.06546 spread=6.11bps bids=20 asks=20
2026-05-09 16:36:34,879 | INFO | SPREAD | pair=CHIP/USDC | cex=0.06544/0.06548 | dex_sell=0.0654804 dex_buy=0.0654972 | spread_a=0.1bps spread_b=-8.7bps | min=30.0bps
2026-05-09 16:36:35,882 | INFO | fetch_order_book: symbol=CHIP/USDC limit=20
2026-05-09 16:36:36,142 | INFO | fetch_order_book: mid=0.06546 spread=6.11bps bids=20 asks=20
2026-05-09 16:36:36,970 | INFO | SPREAD | pair=CHIP/USDC | cex=0.06544/0.06548 | dex_sell=0.0654804 dex_buy=0.0654972 | spread_a=0.1bps spread_b=-8.7bps | min=30.0bps
2026-05-09 16:36:37,973 | INFO | fetch_order_book: symbol=CHIP/USDC limit=20
2026-05-09 16:36:38,253 | INFO | fetch_order_book: mid=0.06546 spread=6.11bps bids=20 asks=20
2026-05-09 16:36:39,116 | INFO | SPREAD | pair=CHIP/USDC | cex=0.06544/0.06548 | dex_sell=0.0654804 dex_buy=0.0654972 | spread_a=0.1bps spread_b=-8.7bps | min=30.0bps
2026-05-09 16:36:40,119 | INFO | fetch_order_book: symbol=CHIP/USDC limit=20
2026-05-09 16:36:40,376 | INFO | fetch_order_book: mid=0.06546 spread=6.11bps bids=20 asks=20
2026-05-09 16:36:41,251 | INFO | SPREAD | pair=CHIP/USDC | cex=0.06544/0.06548 | dex_sell=0.0654804 dex_buy=0.0654972 | spread_a=0.1bps spread_b=-8.7bps | min=30.0bps
2026-05-09 16:36:42,255 | INFO | fetch_order_book: symbol=CHIP/USDC limit=20
2026-05-09 16:36:42,522 | INFO | fetch_order_book: mid=0.06547 spread=6.11bps bids=20 asks=20
2026-05-09 16:36:43,331 | INFO | SPREAD | pair=CHIP/USDC | cex=0.06545/0.06549 | dex_sell=0.0654804 dex_buy=0.0654972 | spread_a=-1.5bps spread_b=-7.2bps | min=30.0bps
2026-05-09 16:36:44,335 | INFO | fetch_order_book: symbol=CHIP/USDC limit=20
2026-05-09 16:36:44,597 | INFO | fetch_order_book: mid=0.06546 spread=6.11bps bids=20 asks=20
2026-05-09 16:36:45,493 | INFO | SPREAD | pair=CHIP/USDC | cex=0.06544/0.06548 | dex_sell=0.0654804 dex_buy=0.0654972 | spread_a=0.1bps spread_b=-8.7bps | min=30.0bps
2026-05-09 16:36:46,496 | INFO | fetch_order_book: symbol=CHIP/USDC limit=20
2026-05-09 16:36:46,758 | INFO | fetch_order_book: mid=0.06546 spread=6.11bps bids=20 asks=20
2026-05-09 16:36:47,619 | INFO | SPREAD | pair=CHIP/USDC | cex=0.06544/0.06548 | dex_sell=0.0654804 dex_buy=0.0654972 | spread_a=0.1bps spread_b=-8.7bps | min=30.0bps
2026-05-09 16:36:48,622 | INFO | fetch_order_book: symbol=CHIP/USDC limit=20
2026-05-09 16:36:48,879 | INFO | fetch_order_book: mid=0.065445 spread=1.53bps bids=20 asks=20
2026-05-09 16:36:49,793 | INFO | SPREAD | pair=CHIP/USDC | cex=0.06544/0.06545 | dex_sell=0.0654804 dex_buy=0.0654708 | spread_a=4.6bps spread_b=-4.7bps | min=30.0bps
2026-05-09 16:36:50,796 | INFO | fetch_order_book: symbol=CHIP/USDC limit=20
2026-05-09 16:36:51,054 | INFO | fetch_order_book: mid=0.06546 spread=6.11bps bids=20 asks=20
2026-05-09 16:36:51,923 | INFO | SPREAD | pair=CHIP/USDC | cex=0.06544/0.06548 | dex_sell=0.065454 dex_buy=0.0654708 | spread_a=-4.0bps spread_b=-4.7bps | min=30.0bps
2026-05-09 16:36:52,927 | INFO | fetch_order_book: symbol=CHIP/USDC limit=20
2026-05-09 16:36:53,182 | INFO | fetch_order_book: mid=0.065465 spread=4.58bps bids=20 asks=20
2026-05-09 16:36:54,058 | INFO | SPREAD | pair=CHIP/USDC | cex=0.06545/0.06548 | dex_sell=0.065454 dex_buy=0.0654708 | spread_a=-4.0bps spread_b=-3.2bps | min=30.0bps
2026-05-09 16:36:55,061 | INFO | fetch_order_book: symbol=CHIP/USDC limit=20
2026-05-09 16:36:55,327 | INFO | fetch_order_book: mid=0.065465 spread=4.58bps bids=20 asks=20
2026-05-09 16:36:56,150 | INFO | SPREAD | pair=CHIP/USDC | cex=0.06545/0.06548 | dex_sell=0.065454 dex_buy=0.0654708 | spread_a=-4.0bps spread_b=-3.2bps | min=30.0bps
2026-05-09 16:36:57,153 | INFO | fetch_order_book: symbol=CHIP/USDC limit=20
2026-05-09 16:36:57,410 | INFO | fetch_order_book: mid=0.065465 spread=4.58bps bids=20 asks=20
2026-05-09 16:36:58,280 | INFO | SPREAD | pair=CHIP/USDC | cex=0.06545/0.06548 | dex_sell=0.065454 dex_buy=0.0654708 | spread_a=-4.0bps spread_b=-3.2bps | min=30.0bps
2026-05-09 16:36:59,283 | INFO | fetch_order_book: symbol=CHIP/USDC limit=20
2026-05-09 16:36:59,539 | INFO | fetch_order_book: mid=0.065465 spread=4.58bps bids=20 asks=20
2026-05-09 16:37:00,451 | INFO | SPREAD | pair=CHIP/USDC | cex=0.06545/0.06548 | dex_sell=0.065454 dex_buy=0.0654708 | spread_a=-4.0bps spread_b=-3.2bps | min=30.0bps
2026-05-09 16:37:01,455 | INFO | fetch_order_book: symbol=CHIP/USDC limit=20
2026-05-09 16:37:01,723 | INFO | fetch_order_book: mid=0.06547 spread=3.05bps bids=20 asks=20
2026-05-09 16:37:02,629 | INFO | SPREAD | pair=CHIP/USDC | cex=0.06546/0.06548 | dex_sell=0.065454 dex_buy=0.0654708 | spread_a=-4.0bps spread_b=-1.7bps | min=30.0bps
2026-05-09 16:37:03,632 | INFO | fetch_order_book: symbol=CHIP/USDC limit=20
2026-05-09 16:37:04,030 | INFO | fetch_order_book: mid=0.06547 spread=3.05bps bids=20 asks=20
2026-05-09 16:37:04,848 | INFO | SPREAD | pair=CHIP/USDC | cex=0.06546/0.06548 | dex_sell=0.065454 dex_buy=0.0654708 | spread_a=-4.0bps spread_b=-1.7bps | min=30.0bps
2026-05-09 16:37:05,851 | INFO | fetch_order_book: symbol=CHIP/USDC limit=20
2026-05-09 16:37:06,178 | INFO | fetch_order_book: mid=0.065495 spread=1.53bps bids=20 asks=20
2026-05-09 16:37:07,124 | INFO | SPREAD | pair=CHIP/USDC | cex=0.06549/0.0655 | dex_sell=0.0655003 dex_buy=0.0655171 | spread_a=0.0bps spread_b=-4.1bps | min=30.0bps
2026-05-09 16:37:08,127 | INFO | fetch_order_book: symbol=CHIP/USDC limit=20
2026-05-09 16:37:08,397 | INFO | fetch_order_book: mid=0.06549 spread=3.05bps bids=20 asks=20
2026-05-09 16:37:09,269 | INFO | SPREAD | pair=CHIP/USDC | cex=0.06548/0.0655 | dex_sell=0.0655003 dex_buy=0.0655171 | spread_a=0.0bps spread_b=-5.7bps | min=30.0bps
2026-05-09 16:37:10,272 | INFO | fetch_order_book: symbol=CHIP/USDC limit=20
2026-05-09 16:37:10,529 | INFO | fetch_order_book: mid=0.06549 spread=3.05bps bids=20 asks=20
2026-05-09 16:37:11,443 | INFO | SPREAD | pair=CHIP/USDC | cex=0.06548/0.0655 | dex_sell=0.0655003 dex_buy=0.0655171 | spread_a=0.0bps spread_b=-5.7bps | min=30.0bps
2026-05-09 16:37:12,446 | INFO | fetch_order_book: symbol=CHIP/USDC limit=20
2026-05-09 16:37:12,701 | INFO | fetch_order_book: mid=0.065455 spread=4.58bps bids=20 asks=20
2026-05-09 16:37:13,557 | INFO | SPREAD | pair=CHIP/USDC | cex=0.06544/0.06547 | dex_sell=0.0654741 dex_buy=0.0654909 | spread_a=0.6bps spread_b=-7.8bps | min=30.0bps
2026-05-09 16:37:14,560 | INFO | fetch_order_book: symbol=CHIP/USDC limit=20
2026-05-09 16:37:14,817 | INFO | fetch_order_book: mid=0.065455 spread=4.58bps bids=20 asks=20
2026-05-09 16:37:15,695 | INFO | SPREAD | pair=CHIP/USDC | cex=0.06544/0.06547 | dex_sell=0.0654741 dex_buy=0.0654909 | spread_a=0.6bps spread_b=-7.8bps | min=30.0bps
2026-05-09 16:37:16,696 | INFO | fetch_order_book: symbol=CHIP/USDC limit=20
2026-05-09 16:37:16,951 | INFO | fetch_order_book: mid=0.065455 spread=4.58bps bids=20 asks=20
2026-05-09 16:37:17,870 | INFO | SPREAD | pair=CHIP/USDC | cex=0.06544/0.06547 | dex_sell=0.0654741 dex_buy=0.0654909 | spread_a=0.6bps spread_b=-7.8bps | min=30.0bps
2026-05-09 16:37:18,874 | INFO | fetch_order_book: symbol=CHIP/USDC limit=20
2026-05-09 16:37:19,129 | INFO | fetch_order_book: mid=0.06547 spread=6.11bps bids=20 asks=20
2026-05-09 16:37:20,056 | INFO | SPREAD | pair=CHIP/USDC | cex=0.06545/0.06549 | dex_sell=0.0654741 dex_buy=0.0654909 | spread_a=-2.4bps spread_b=-6.2bps | min=30.0bps
2026-05-09 16:37:21,060 | INFO | fetch_order_book: symbol=CHIP/USDC limit=20
2026-05-09 16:37:21,317 | INFO | fetch_order_book: mid=0.065475 spread=7.64bps bids=20 asks=20
2026-05-09 16:37:22,175 | INFO | SPREAD | pair=CHIP/USDC | cex=0.06545/0.0655 | dex_sell=0.0654741 dex_buy=0.0654909 | spread_a=-4.0bps spread_b=-6.2bps | min=30.0bps
2026-05-09 16:37:23,179 | INFO | fetch_order_book: symbol=CHIP/USDC limit=20
2026-05-09 16:37:23,439 | INFO | fetch_order_book: mid=0.06547 spread=6.11bps bids=20 asks=20
2026-05-09 16:37:24,286 | INFO | SPREAD | pair=CHIP/USDC | cex=0.06545/0.06549 | dex_sell=0.0654741 dex_buy=0.0654909 | spread_a=-2.4bps spread_b=-6.2bps | min=30.0bps
2026-05-09 16:37:25,290 | INFO | fetch_order_book: symbol=CHIP/USDC limit=20
2026-05-09 16:37:25,629 | INFO | fetch_order_book: mid=0.06547 spread=6.11bps bids=20 asks=20
2026-05-09 16:37:26,533 | INFO | SPREAD | pair=CHIP/USDC | cex=0.06545/0.06549 | dex_sell=0.0654741 dex_buy=0.0654909 | spread_a=-2.4bps spread_b=-6.2bps | min=30.0bps
2026-05-09 16:37:27,536 | INFO | fetch_order_book: symbol=CHIP/USDC limit=20
2026-05-09 16:37:28,009 | INFO | fetch_order_book: mid=0.06546 spread=6.11bps bids=20 asks=20
2026-05-09 16:37:28,904 | INFO | SPREAD | pair=CHIP/USDC | cex=0.06544/0.06548 | dex_sell=0.0654741 dex_buy=0.0654909 | spread_a=-0.9bps spread_b=-7.8bps | min=30.0bps
2026-05-09 16:37:29,908 | INFO | fetch_order_book: symbol=CHIP/USDC limit=20
2026-05-09 16:37:30,165 | INFO | fetch_order_book: mid=0.065455 spread=4.58bps bids=20 asks=20
2026-05-09 16:37:31,051 | INFO | SPREAD | pair=CHIP/USDC | cex=0.06544/0.06547 | dex_sell=0.0654741 dex_buy=0.0654909 | spread_a=0.6bps spread_b=-7.8bps | min=30.0bps
2026-05-09 16:37:32,055 | INFO | fetch_order_book: symbol=CHIP/USDC limit=20
2026-05-09 16:37:32,311 | INFO | fetch_order_book: mid=0.06547 spread=6.11bps bids=20 asks=20
2026-05-09 16:37:33,149 | INFO | SPREAD | pair=CHIP/USDC | cex=0.06545/0.06549 | dex_sell=0.0654741 dex_buy=0.0654909 | spread_a=-2.4bps spread_b=-6.2bps | min=30.0bps
2026-05-09 16:37:34,153 | INFO | fetch_order_book: symbol=CHIP/USDC limit=20
2026-05-09 16:37:34,409 | INFO | fetch_order_book: mid=0.065455 spread=4.58bps bids=20 asks=20
2026-05-09 16:37:35,237 | INFO | SPREAD | pair=CHIP/USDC | cex=0.06544/0.06547 | dex_sell=0.0654741 dex_buy=0.0654909 | spread_a=0.6bps spread_b=-7.8bps | min=30.0bps
2026-05-09 16:37:36,240 | INFO | fetch_order_book: symbol=CHIP/USDC limit=20
2026-05-09 16:37:36,501 | INFO | fetch_order_book: mid=0.06545 spread=3.06bps bids=20 asks=20
2026-05-09 16:37:37,348 | INFO | SPREAD | pair=CHIP/USDC | cex=0.06544/0.06546 | dex_sell=0.0654741 dex_buy=0.0654708 | spread_a=2.2bps spread_b=-4.7bps | min=30.0bps
2026-05-09 16:37:38,352 | INFO | fetch_order_book: symbol=CHIP/USDC limit=20
2026-05-09 16:37:38,733 | INFO | fetch_order_book: mid=0.065455 spread=4.58bps bids=20 asks=20
2026-05-09 16:37:39,618 | INFO | SPREAD | pair=CHIP/USDC | cex=0.06544/0.06547 | dex_sell=0.065454 dex_buy=0.0654708 | spread_a=-2.4bps spread_b=-4.7bps | min=30.0bps
2026-05-09 16:37:40,621 | INFO | fetch_order_book: symbol=CHIP/USDC limit=20
2026-05-09 16:37:40,879 | INFO | fetch_order_book: mid=0.06545 spread=3.06bps bids=20 asks=20
2026-05-09 16:37:41,761 | INFO | SPREAD | pair=CHIP/USDC | cex=0.06544/0.06546 | dex_sell=0.065454 dex_buy=0.0654708 | spread_a=-0.9bps spread_b=-4.7bps | min=30.0bps
2026-05-09 16:37:42,765 | INFO | fetch_order_book: symbol=CHIP/USDC limit=20
2026-05-09 16:37:43,020 | INFO | fetch_order_book: mid=0.06545 spread=3.06bps bids=20 asks=20
2026-05-09 16:37:43,888 | INFO | SPREAD | pair=CHIP/USDC | cex=0.06544/0.06546 | dex_sell=0.065454 dex_buy=0.0654708 | spread_a=-0.9bps spread_b=-4.7bps | min=30.0bps
2026-05-09 16:37:44,891 | INFO | fetch_order_book: symbol=CHIP/USDC limit=20
2026-05-09 16:37:45,162 | INFO | fetch_order_book: mid=0.06545 spread=3.06bps bids=20 asks=20
2026-05-09 16:37:46,076 | INFO | SPREAD | pair=CHIP/USDC | cex=0.06544/0.06546 | dex_sell=0.065454 dex_buy=0.0654708 | spread_a=-0.9bps spread_b=-4.7bps | min=30.0bps
2026-05-09 16:37:47,079 | INFO | fetch_order_book: symbol=CHIP/USDC limit=20
2026-05-09 16:37:47,389 | INFO | fetch_order_book: mid=0.06545 spread=3.06bps bids=20 asks=20
2026-05-09 16:37:48,237 | INFO | SPREAD | pair=CHIP/USDC | cex=0.06544/0.06546 | dex_sell=0.065454 dex_buy=0.0654708 | spread_a=-0.9bps spread_b=-4.7bps | min=30.0bps
2026-05-09 16:37:49,242 | INFO | fetch_order_book: symbol=CHIP/USDC limit=20
2026-05-09 16:37:49,507 | INFO | fetch_order_book: mid=0.06545 spread=3.06bps bids=20 asks=20
2026-05-09 16:37:50,373 | INFO | SPREAD | pair=CHIP/USDC | cex=0.06544/0.06546 | dex_sell=0.065454 dex_buy=0.0654708 | spread_a=-0.9bps spread_b=-4.7bps | min=30.0bps
2026-05-09 16:37:51,377 | INFO | fetch_order_book: symbol=CHIP/USDC limit=20
2026-05-09 16:37:51,648 | INFO | fetch_order_book: mid=0.06545 spread=3.06bps bids=20 asks=20
2026-05-09 16:37:52,490 | INFO | SPREAD | pair=CHIP/USDC | cex=0.06544/0.06546 | dex_sell=0.065454 dex_buy=0.0654708 | spread_a=-0.9bps spread_b=-4.7bps | min=30.0bps
2026-05-09 16:37:53,493 | INFO | fetch_order_book: symbol=CHIP/USDC limit=20
2026-05-09 16:37:53,750 | INFO | fetch_order_book: mid=0.06545 spread=3.06bps bids=20 asks=20
2026-05-09 16:37:54,571 | INFO | SPREAD | pair=CHIP/USDC | cex=0.06544/0.06546 | dex_sell=0.065454 dex_buy=0.0654708 | spread_a=-0.9bps spread_b=-4.7bps | min=30.0bps
2026-05-09 16:37:55,575 | INFO | fetch_order_book: symbol=CHIP/USDC limit=20
2026-05-09 16:37:55,833 | INFO | fetch_order_book: mid=0.06543 spread=3.06bps bids=20 asks=20
2026-05-09 16:37:56,706 | INFO | SPREAD | pair=CHIP/USDC | cex=0.06542/0.06544 | dex_sell=0.065454 dex_buy=0.0654708 | spread_a=2.1bps spread_b=-7.8bps | min=30.0bps
2026-05-09 16:37:57,709 | INFO | fetch_order_book: symbol=CHIP/USDC limit=20
2026-05-09 16:37:57,967 | INFO | fetch_order_book: mid=0.06543 spread=3.06bps bids=20 asks=20
2026-05-09 16:37:58,835 | INFO | SPREAD | pair=CHIP/USDC | cex=0.06542/0.06544 | dex_sell=0.065454 dex_buy=0.0654708 | spread_a=2.1bps spread_b=-7.8bps | min=30.0bps
2026-05-09 16:37:59,839 | INFO | fetch_order_book: symbol=CHIP/USDC limit=20
2026-05-09 16:38:00,135 | INFO | fetch_order_book: mid=0.06545 spread=6.11bps bids=20 asks=20
2026-05-09 16:38:01,068 | INFO | SPREAD | pair=CHIP/USDC | cex=0.06543/0.06547 | dex_sell=0.065454 dex_buy=0.0654708 | spread_a=-2.4bps spread_b=-6.2bps | min=30.0bps
2026-05-09 16:38:02,072 | INFO | fetch_order_book: symbol=CHIP/USDC limit=20
2026-05-09 16:38:02,335 | INFO | fetch_order_book: mid=0.06545 spread=6.11bps bids=20 asks=20
2026-05-09 16:38:03,218 | INFO | SPREAD | pair=CHIP/USDC | cex=0.06543/0.06547 | dex_sell=0.065454 dex_buy=0.0654708 | spread_a=-2.4bps spread_b=-6.2bps | min=30.0bps
2026-05-09 16:38:04,221 | INFO | fetch_order_book: symbol=CHIP/USDC limit=20
2026-05-09 16:38:04,476 | INFO | fetch_order_book: mid=0.06546 spread=6.11bps bids=20 asks=20
2026-05-09 16:38:05,328 | INFO | SPREAD | pair=CHIP/USDC | cex=0.06544/0.06548 | dex_sell=0.065454 dex_buy=0.0654708 | spread_a=-4.0bps spread_b=-4.7bps | min=30.0bps
2026-05-09 16:38:06,331 | INFO | fetch_order_book: symbol=CHIP/USDC limit=20
2026-05-09 16:38:06,586 | INFO | fetch_order_book: mid=0.065445 spread=1.53bps bids=20 asks=20
2026-05-09 16:38:07,454 | INFO | SPREAD | pair=CHIP/USDC | cex=0.06544/0.06545 | dex_sell=0.0654542 dex_buy=0.065471 | spread_a=0.6bps spread_b=-4.7bps | min=30.0bps
2026-05-09 16:38:08,457 | INFO | fetch_order_book: symbol=CHIP/USDC limit=20
2026-05-09 16:38:08,776 | INFO | fetch_order_book: mid=0.065465 spread=4.58bps bids=20 asks=20
2026-05-09 16:38:09,623 | INFO | SPREAD | pair=CHIP/USDC | cex=0.06545/0.06548 | dex_sell=0.0654542 dex_buy=0.065471 | spread_a=-3.9bps spread_b=-3.2bps | min=30.0bps
2026-05-09 16:38:10,626 | INFO | fetch_order_book: symbol=CHIP/USDC limit=20
2026-05-09 16:38:10,884 | INFO | fetch_order_book: mid=0.065455 spread=4.58bps bids=20 asks=20
2026-05-09 16:38:11,682 | INFO | SPREAD | pair=CHIP/USDC | cex=0.06544/0.06547 | dex_sell=0.0654542 dex_buy=0.065471 | spread_a=-2.4bps spread_b=-4.7bps | min=30.0bps
2026-05-09 16:38:12,686 | INFO | fetch_order_book: symbol=CHIP/USDC limit=20
2026-05-09 16:38:12,942 | INFO | fetch_order_book: mid=0.065455 spread=4.58bps bids=20 asks=20
2026-05-09 16:38:13,782 | INFO | SPREAD | pair=CHIP/USDC | cex=0.06544/0.06547 | dex_sell=0.0654542 dex_buy=0.065471 | spread_a=-2.4bps spread_b=-4.7bps | min=30.0bps
2026-05-09 16:38:14,786 | INFO | fetch_order_book: symbol=CHIP/USDC limit=20
2026-05-09 16:38:15,040 | INFO | fetch_order_book: mid=0.06546 spread=6.11bps bids=20 asks=20
2026-05-09 16:38:15,868 | INFO | SPREAD | pair=CHIP/USDC | cex=0.06544/0.06548 | dex_sell=0.0654542 dex_buy=0.065471 | spread_a=-3.9bps spread_b=-4.7bps | min=30.0bps
2026-05-09 16:38:16,871 | INFO | fetch_order_book: symbol=CHIP/USDC limit=20
2026-05-09 16:38:17,126 | INFO | fetch_order_book: mid=0.06545 spread=3.06bps bids=20 asks=20
2026-05-09 16:38:17,996 | INFO | SPREAD | pair=CHIP/USDC | cex=0.06544/0.06546 | dex_sell=0.0654542 dex_buy=0.065471 | spread_a=-0.9bps spread_b=-4.7bps | min=30.0bps
2026-05-09 16:38:19,000 | INFO | fetch_order_book: symbol=CHIP/USDC limit=20
2026-05-09 16:38:19,255 | INFO | fetch_order_book: mid=0.065455 spread=4.58bps bids=20 asks=20
2026-05-09 16:38:20,194 | INFO | SPREAD | pair=CHIP/USDC | cex=0.06544/0.06547 | dex_sell=0.0654542 dex_buy=0.065471 | spread_a=-2.4bps spread_b=-4.7bps | min=30.0bps
2026-05-09 16:38:21,197 | INFO | fetch_order_book: symbol=CHIP/USDC limit=20
2026-05-09 16:38:21,456 | INFO | fetch_order_book: mid=0.065445 spread=1.53bps bids=20 asks=20
2026-05-09 16:38:22,389 | INFO | SPREAD | pair=CHIP/USDC | cex=0.06544/0.06545 | dex_sell=0.0654542 dex_buy=0.065471 | spread_a=0.6bps spread_b=-4.7bps | min=30.0bps
2026-05-09 16:38:23,393 | INFO | fetch_order_book: symbol=CHIP/USDC limit=20
2026-05-09 16:38:23,662 | INFO | fetch_order_book: mid=0.06543 spread=3.06bps bids=20 asks=20
2026-05-09 16:38:24,667 | INFO | SPREAD | pair=CHIP/USDC | cex=0.06542/0.06544 | dex_sell=0.0654542 dex_buy=0.065471 | spread_a=2.2bps spread_b=-7.8bps | min=30.0bps
2026-05-09 16:38:25,670 | INFO | fetch_order_book: symbol=CHIP/USDC limit=20
2026-05-09 16:38:25,951 | INFO | fetch_order_book: mid=0.065425 spread=1.53bps bids=20 asks=20
2026-05-09 16:38:26,808 | INFO | SPREAD | pair=CHIP/USDC | cex=0.06542/0.06543 | dex_sell=0.0654542 dex_buy=0.065451 | spread_a=3.7bps spread_b=-4.7bps | min=30.0bps
2026-05-09 16:38:27,809 | INFO | fetch_order_book: symbol=CHIP/USDC limit=20
2026-05-09 16:38:28,065 | INFO | fetch_order_book: mid=0.06543 spread=3.06bps bids=20 asks=20
2026-05-09 16:38:28,960 | INFO | SPREAD | pair=CHIP/USDC | cex=0.06542/0.06544 | dex_sell=0.0654342 dex_buy=0.065451 | spread_a=-0.9bps spread_b=-4.7bps | min=30.0bps
2026-05-09 16:38:29,963 | INFO | fetch_order_book: symbol=CHIP/USDC limit=20
2026-05-09 16:38:30,219 | INFO | fetch_order_book: mid=0.06543 spread=3.06bps bids=20 asks=20
2026-05-09 16:38:31,071 | INFO | SPREAD | pair=CHIP/USDC | cex=0.06542/0.06544 | dex_sell=0.0654342 dex_buy=0.065451 | spread_a=-0.9bps spread_b=-4.7bps | min=30.0bps
2026-05-09 16:38:32,074 | INFO | fetch_order_book: symbol=CHIP/USDC limit=20
2026-05-09 16:38:32,334 | INFO | fetch_order_book: mid=0.06543 spread=3.06bps bids=20 asks=20
2026-05-09 16:38:33,239 | INFO | SPREAD | pair=CHIP/USDC | cex=0.06542/0.06544 | dex_sell=0.0654342 dex_buy=0.065451 | spread_a=-0.9bps spread_b=-4.7bps | min=30.0bps
2026-05-09 16:38:34,243 | INFO | fetch_order_book: symbol=CHIP/USDC limit=20
2026-05-09 16:38:34,497 | INFO | fetch_order_book: mid=0.06543 spread=3.06bps bids=20 asks=20
2026-05-09 16:38:35,332 | INFO | SPREAD | pair=CHIP/USDC | cex=0.06542/0.06544 | dex_sell=0.0654342 dex_buy=0.065451 | spread_a=-0.9bps spread_b=-4.7bps | min=30.0bps
2026-05-09 16:38:36,336 | INFO | fetch_order_book: symbol=CHIP/USDC limit=20
2026-05-09 16:38:36,599 | INFO | fetch_order_book: mid=0.06543 spread=3.06bps bids=20 asks=20
2026-05-09 16:38:37,498 | INFO | SPREAD | pair=CHIP/USDC | cex=0.06542/0.06544 | dex_sell=0.0654342 dex_buy=0.065451 | spread_a=-0.9bps spread_b=-4.7bps | min=30.0bps
2026-05-09 16:38:38,501 | INFO | fetch_order_book: symbol=CHIP/USDC limit=20
2026-05-09 16:38:38,757 | INFO | fetch_order_book: mid=0.06543 spread=3.06bps bids=20 asks=20
2026-05-09 16:38:39,637 | INFO | SPREAD | pair=CHIP/USDC | cex=0.06542/0.06544 | dex_sell=0.0654342 dex_buy=0.065451 | spread_a=-0.9bps spread_b=-4.7bps | min=30.0bps
2026-05-09 16:38:40,640 | INFO | fetch_order_book: symbol=CHIP/USDC limit=20
2026-05-09 16:38:40,898 | INFO | fetch_order_book: mid=0.065455 spread=7.64bps bids=20 asks=20
2026-05-09 16:38:41,798 | INFO | SPREAD | pair=CHIP/USDC | cex=0.06543/0.06548 | dex_sell=0.0654342 dex_buy=0.065451 | spread_a=-7.0bps spread_b=-3.2bps | min=30.0bps
2026-05-09 16:38:42,801 | INFO | fetch_order_book: symbol=CHIP/USDC limit=20
2026-05-09 16:38:43,064 | INFO | fetch_order_book: mid=0.06545 spread=6.11bps bids=20 asks=20
2026-05-09 16:38:43,955 | INFO | SPREAD | pair=CHIP/USDC | cex=0.06543/0.06547 | dex_sell=0.0654342 dex_buy=0.065451 | spread_a=-5.5bps spread_b=-3.2bps | min=30.0bps
2026-05-09 16:38:44,959 | INFO | fetch_order_book: symbol=CHIP/USDC limit=20
2026-05-09 16:38:45,219 | INFO | fetch_order_book: mid=0.06544 spread=6.11bps bids=20 asks=20
2026-05-09 16:38:46,117 | INFO | SPREAD | pair=CHIP/USDC | cex=0.06542/0.06546 | dex_sell=0.0654342 dex_buy=0.065451 | spread_a=-3.9bps spread_b=-4.7bps | min=30.0bps
2026-05-09 16:38:47,120 | INFO | fetch_order_book: symbol=CHIP/USDC limit=20
2026-05-09 16:38:47,375 | INFO | fetch_order_book: mid=0.06544 spread=6.11bps bids=20 asks=20
2026-05-09 16:38:48,255 | INFO | SPREAD | pair=CHIP/USDC | cex=0.06542/0.06546 | dex_sell=0.0654342 dex_buy=0.065451 | spread_a=-3.9bps spread_b=-4.7bps | min=30.0bps
2026-05-09 16:38:49,259 | INFO | fetch_order_book: symbol=CHIP/USDC limit=20
2026-05-09 16:38:49,532 | INFO | fetch_order_book: mid=0.065455 spread=7.64bps bids=20 asks=20
2026-05-09 16:38:50,568 | INFO | SPREAD | pair=CHIP/USDC | cex=0.06543/0.06548 | dex_sell=0.0654342 dex_buy=0.065451 | spread_a=-7.0bps spread_b=-3.2bps | min=30.0bps
2026-05-09 16:38:51,572 | INFO | fetch_order_book: symbol=CHIP/USDC limit=20
2026-05-09 16:38:51,829 | INFO | fetch_order_book: mid=0.06545 spread=6.11bps bids=20 asks=20
2026-05-09 16:38:52,726 | INFO | SPREAD | pair=CHIP/USDC | cex=0.06543/0.06547 | dex_sell=0.0654342 dex_buy=0.065451 | spread_a=-5.5bps spread_b=-3.2bps | min=30.0bps
2026-05-09 16:38:53,730 | INFO | fetch_order_book: symbol=CHIP/USDC limit=20
2026-05-09 16:38:53,999 | INFO | fetch_order_book: mid=0.065445 spread=4.58bps bids=20 asks=20
2026-05-09 16:38:54,962 | INFO | SPREAD | pair=CHIP/USDC | cex=0.06543/0.06546 | dex_sell=0.0654342 dex_buy=0.065451 | spread_a=-3.9bps spread_b=-3.2bps | min=30.0bps
2026-05-09 16:38:55,965 | INFO | fetch_order_book: symbol=CHIP/USDC limit=20
2026-05-09 16:38:56,227 | INFO | fetch_order_book: mid=0.06545 spread=6.11bps bids=20 asks=20
2026-05-09 16:38:57,094 | INFO | SPREAD | pair=CHIP/USDC | cex=0.06543/0.06547 | dex_sell=0.0654342 dex_buy=0.065451 | spread_a=-5.5bps spread_b=-3.2bps | min=30.0bps
2026-05-09 16:38:58,097 | INFO | fetch_order_book: symbol=CHIP/USDC limit=20
2026-05-09 16:38:58,353 | INFO | fetch_order_book: mid=0.06545 spread=6.11bps bids=20 asks=20
2026-05-09 16:38:59,264 | INFO | SPREAD | pair=CHIP/USDC | cex=0.06543/0.06547 | dex_sell=0.0654342 dex_buy=0.065451 | spread_a=-5.5bps spread_b=-3.2bps | min=30.0bps
2026-05-09 16:39:00,267 | INFO | fetch_order_book: symbol=CHIP/USDC limit=20
2026-05-09 16:39:00,523 | INFO | fetch_order_book: mid=0.06545 spread=6.11bps bids=20 asks=20
2026-05-09 16:39:01,386 | INFO | SPREAD | pair=CHIP/USDC | cex=0.06543/0.06547 | dex_sell=0.0654342 dex_buy=0.065451 | spread_a=-5.5bps spread_b=-3.2bps | min=30.0bps
2026-05-09 16:39:02,389 | INFO | fetch_order_book: symbol=CHIP/USDC limit=20
2026-05-09 16:39:02,704 | INFO | fetch_order_book: mid=0.06549 spread=3.05bps bids=20 asks=20
2026-05-09 16:39:03,623 | INFO | SPREAD | pair=CHIP/USDC | cex=0.06548/0.0655 | dex_sell=0.0654804 dex_buy=0.0654972 | spread_a=-3.0bps spread_b=-2.6bps | min=30.0bps
2026-05-09 16:39:04,626 | INFO | fetch_order_book: symbol=CHIP/USDC limit=20
2026-05-09 16:39:04,882 | INFO | fetch_order_book: mid=0.06551 spread=3.05bps bids=20 asks=20
2026-05-09 16:39:05,767 | INFO | SPREAD | pair=CHIP/USDC | cex=0.0655/0.06552 | dex_sell=0.0655003 dex_buy=0.0655171 | spread_a=-3.0bps spread_b=-2.6bps | min=30.0bps
2026-05-09 16:39:06,770 | INFO | fetch_order_book: symbol=CHIP/USDC limit=20
2026-05-09 16:39:07,026 | INFO | fetch_order_book: mid=0.06551 spread=3.05bps bids=20 asks=20
2026-05-09 16:39:07,905 | INFO | SPREAD | pair=CHIP/USDC | cex=0.0655/0.06552 | dex_sell=0.0655003 dex_buy=0.065537 | spread_a=-3.0bps spread_b=-5.6bps | min=30.0bps
2026-05-09 16:39:08,907 | INFO | fetch_order_book: symbol=CHIP/USDC limit=20
2026-05-09 16:39:09,258 | INFO | fetch_order_book: mid=0.065515 spread=1.53bps bids=20 asks=20
2026-05-09 16:39:10,089 | INFO | SPREAD | pair=CHIP/USDC | cex=0.06551/0.06552 | dex_sell=0.0655202 dex_buy=0.065537 | spread_a=0.0bps spread_b=-4.1bps | min=30.0bps
2026-05-09 16:39:11,093 | INFO | fetch_order_book: symbol=CHIP/USDC limit=20
2026-05-09 16:39:11,351 | INFO | fetch_order_book: mid=0.065515 spread=1.53bps bids=20 asks=20
2026-05-09 16:39:12,237 | INFO | SPREAD | pair=CHIP/USDC | cex=0.06551/0.06552 | dex_sell=0.0655202 dex_buy=0.065537 | spread_a=0.0bps spread_b=-4.1bps | min=30.0bps
2026-05-09 16:39:13,240 | INFO | fetch_order_book: symbol=CHIP/USDC limit=20
2026-05-09 16:39:13,496 | INFO | fetch_order_book: mid=0.065515 spread=1.53bps bids=20 asks=20
2026-05-09 16:39:14,374 | INFO | SPREAD | pair=CHIP/USDC | cex=0.06551/0.06552 | dex_sell=0.0655202 dex_buy=0.065537 | spread_a=0.0bps spread_b=-4.1bps | min=30.0bps
2026-05-09 16:39:15,377 | INFO | fetch_order_book: symbol=CHIP/USDC limit=20
2026-05-09 16:39:15,633 | INFO | fetch_order_book: mid=0.065515 spread=1.53bps bids=20 asks=20
2026-05-09 16:39:16,572 | INFO | SPREAD | pair=CHIP/USDC | cex=0.06551/0.06552 | dex_sell=0.0655202 dex_buy=0.065537 | spread_a=0.0bps spread_b=-4.1bps | min=30.0bps
2026-05-09 16:39:17,575 | INFO | fetch_order_book: symbol=CHIP/USDC limit=20
2026-05-09 16:39:17,860 | INFO | fetch_order_book: mid=0.065515 spread=1.53bps bids=20 asks=20
2026-05-09 16:39:18,745 | INFO | SPREAD | pair=CHIP/USDC | cex=0.06551/0.06552 | dex_sell=0.0655202 dex_buy=0.065537 | spread_a=0.0bps spread_b=-4.1bps | min=30.0bps
2026-05-09 16:39:19,748 | INFO | fetch_order_book: symbol=CHIP/USDC limit=20
2026-05-09 16:39:20,006 | INFO | fetch_order_book: mid=0.065535 spread=1.53bps bids=20 asks=20
2026-05-09 16:39:21,023 | INFO | SPREAD | pair=CHIP/USDC | cex=0.06553/0.06554 | dex_sell=0.0655403 dex_buy=0.0655571 | spread_a=0.0bps spread_b=-4.1bps | min=30.0bps
2026-05-09 16:39:22,026 | INFO | fetch_order_book: symbol=CHIP/USDC limit=20
2026-05-09 16:39:22,288 | INFO | fetch_order_book: mid=0.06557 spread=3.05bps bids=20 asks=20
2026-05-09 16:39:23,325 | INFO | SPREAD | pair=CHIP/USDC | cex=0.06556/0.06558 | dex_sell=0.0655703 dex_buy=0.0655871 | spread_a=-1.5bps spread_b=-4.1bps | min=30.0bps
2026-05-09 16:39:24,328 | INFO | fetch_order_book: symbol=CHIP/USDC limit=20
2026-05-09 16:39:24,650 | INFO | fetch_order_book: mid=0.06557 spread=3.05bps bids=20 asks=20
2026-05-09 16:39:25,550 | INFO | SPREAD | pair=CHIP/USDC | cex=0.06556/0.06558 | dex_sell=0.0655703 dex_buy=0.0655871 | spread_a=-1.5bps spread_b=-4.1bps | min=30.0bps
2026-05-09 16:39:26,553 | INFO | fetch_order_book: symbol=CHIP/USDC limit=20
2026-05-09 16:39:26,811 | INFO | fetch_order_book: mid=0.06557 spread=3.05bps bids=20 asks=20
2026-05-09 16:39:27,701 | INFO | SPREAD | pair=CHIP/USDC | cex=0.06556/0.06558 | dex_sell=0.0655703 dex_buy=0.0655871 | spread_a=-1.5bps spread_b=-4.1bps | min=30.0bps
2026-05-09 16:39:28,704 | INFO | fetch_order_book: symbol=CHIP/USDC limit=20
2026-05-09 16:39:28,973 | INFO | fetch_order_book: mid=0.06557 spread=3.05bps bids=20 asks=20
2026-05-09 16:39:29,948 | INFO | SPREAD | pair=CHIP/USDC | cex=0.06556/0.06558 | dex_sell=0.0655703 dex_buy=0.0655871 | spread_a=-1.5bps spread_b=-4.1bps | min=30.0bps
2026-05-09 16:39:30,951 | INFO | fetch_order_book: symbol=CHIP/USDC limit=20
2026-05-09 16:39:31,221 | INFO | fetch_order_book: mid=0.065575 spread=1.52bps bids=20 asks=20
2026-05-09 16:39:32,120 | INFO | SPREAD | pair=CHIP/USDC | cex=0.06557/0.06558 | dex_sell=0.0655703 dex_buy=0.0655871 | spread_a=-1.5bps spread_b=-2.6bps | min=30.0bps
2026-05-09 16:39:33,124 | INFO | fetch_order_book: symbol=CHIP/USDC limit=20
2026-05-09 16:39:33,379 | INFO | fetch_order_book: mid=0.065585 spread=4.57bps bids=20 asks=20
2026-05-09 16:39:34,280 | INFO | SPREAD | pair=CHIP/USDC | cex=0.06557/0.0656 | dex_sell=0.0655703 dex_buy=0.0655871 | spread_a=-4.5bps spread_b=-2.6bps | min=30.0bps
2026-05-09 16:39:35,284 | INFO | fetch_order_book: symbol=CHIP/USDC limit=20
2026-05-09 16:39:35,546 | INFO | fetch_order_book: mid=0.065585 spread=4.57bps bids=20 asks=20
2026-05-09 16:39:36,386 | INFO | SPREAD | pair=CHIP/USDC | cex=0.06557/0.0656 | dex_sell=0.0655703 dex_buy=0.0655871 | spread_a=-4.5bps spread_b=-2.6bps | min=30.0bps
2026-05-09 16:39:37,389 | INFO | fetch_order_book: symbol=CHIP/USDC limit=20
2026-05-09 16:39:37,726 | INFO | fetch_order_book: mid=0.065585 spread=4.57bps bids=20 asks=20
2026-05-09 16:39:38,629 | INFO | SPREAD | pair=CHIP/USDC | cex=0.06557/0.0656 | dex_sell=0.0655703 dex_buy=0.0655871 | spread_a=-4.5bps spread_b=-2.6bps | min=30.0bps
2026-05-09 16:39:39,632 | INFO | fetch_order_book: symbol=CHIP/USDC limit=20
2026-05-09 16:39:39,888 | INFO | fetch_order_book: mid=0.06559 spread=3.05bps bids=20 asks=20
2026-05-09 16:39:40,834 | INFO | SPREAD | pair=CHIP/USDC | cex=0.06558/0.0656 | dex_sell=0.0655902 dex_buy=0.0656071 | spread_a=-1.5bps spread_b=-4.1bps | min=30.0bps
2026-05-09 16:39:41,837 | INFO | fetch_order_book: symbol=CHIP/USDC limit=20
2026-05-09 16:39:42,093 | INFO | fetch_order_book: mid=0.06559 spread=3.05bps bids=20 asks=20
2026-05-09 16:39:43,036 | INFO | SPREAD | pair=CHIP/USDC | cex=0.06558/0.0656 | dex_sell=0.0655902 dex_buy=0.0656071 | spread_a=-1.5bps spread_b=-4.1bps | min=30.0bps
2026-05-09 16:39:44,040 | INFO | fetch_order_book: symbol=CHIP/USDC limit=20
2026-05-09 16:39:44,391 | INFO | fetch_order_book: mid=0.06559 spread=3.05bps bids=20 asks=20
2026-05-09 16:39:45,317 | INFO | SPREAD | pair=CHIP/USDC | cex=0.06558/0.0656 | dex_sell=0.0655902 dex_buy=0.0656071 | spread_a=-1.5bps spread_b=-4.1bps | min=30.0bps
2026-05-09 16:39:46,321 | INFO | fetch_order_book: symbol=CHIP/USDC limit=20
2026-05-09 16:39:46,588 | INFO | fetch_order_book: mid=0.065595 spread=1.52bps bids=20 asks=20
2026-05-09 16:39:47,529 | INFO | SPREAD | pair=CHIP/USDC | cex=0.06559/0.0656 | dex_sell=0.0655902 dex_buy=0.0656071 | spread_a=-1.5bps spread_b=-2.6bps | min=30.0bps
2026-05-09 16:39:48,532 | INFO | fetch_order_book: symbol=CHIP/USDC limit=20
2026-05-09 16:39:48,787 | INFO | fetch_order_book: mid=0.065605 spread=4.57bps bids=20 asks=20
2026-05-09 16:39:49,670 | INFO | SPREAD | pair=CHIP/USDC | cex=0.06559/0.06562 | dex_sell=0.0655902 dex_buy=0.0656071 | spread_a=-4.5bps spread_b=-2.6bps | min=30.0bps
2026-05-09 16:39:50,673 | INFO | fetch_order_book: symbol=CHIP/USDC limit=20
2026-05-09 16:39:50,935 | INFO | fetch_order_book: mid=0.065595 spread=4.57bps bids=20 asks=20
2026-05-09 16:39:51,868 | INFO | SPREAD | pair=CHIP/USDC | cex=0.06558/0.06561 | dex_sell=0.0656104 dex_buy=0.0656272 | spread_a=0.1bps spread_b=-7.2bps | min=30.0bps
2026-05-09 16:39:52,871 | INFO | fetch_order_book: symbol=CHIP/USDC limit=20
2026-05-09 16:39:53,227 | INFO | fetch_order_book: mid=0.06560 spread=6.10bps bids=20 asks=20
2026-05-09 16:39:54,088 | INFO | SPREAD | pair=CHIP/USDC | cex=0.06558/0.06562 | dex_sell=0.0656104 dex_buy=0.0656272 | spread_a=-1.5bps spread_b=-7.2bps | min=30.0bps
2026-05-09 16:39:55,092 | INFO | fetch_order_book: symbol=CHIP/USDC limit=20
2026-05-09 16:39:55,348 | INFO | fetch_order_book: mid=0.06561 spread=3.05bps bids=20 asks=20
2026-05-09 16:39:56,281 | INFO | SPREAD | pair=CHIP/USDC | cex=0.0656/0.06562 | dex_sell=0.0656104 dex_buy=0.0656272 | spread_a=-1.5bps spread_b=-4.1bps | min=30.0bps
2026-05-09 16:39:57,284 | INFO | fetch_order_book: symbol=CHIP/USDC limit=20
2026-05-09 16:39:57,547 | INFO | fetch_order_book: mid=0.06561 spread=3.05bps bids=20 asks=20
2026-05-09 16:39:58,474 | INFO | SPREAD | pair=CHIP/USDC | cex=0.0656/0.06562 | dex_sell=0.0656104 dex_buy=0.0656272 | spread_a=-1.5bps spread_b=-4.1bps | min=30.0bps
2026-05-09 16:39:59,478 | INFO | fetch_order_book: symbol=CHIP/USDC limit=20
2026-05-09 16:39:59,848 | INFO | fetch_order_book: mid=0.06561 spread=3.05bps bids=20 asks=20
2026-05-09 16:40:00,782 | INFO | SPREAD | pair=CHIP/USDC | cex=0.0656/0.06562 | dex_sell=0.0656104 dex_buy=0.0656272 | spread_a=-1.5bps spread_b=-4.1bps | min=30.0bps
2026-05-09 16:40:01,785 | INFO | fetch_order_book: symbol=CHIP/USDC limit=20
2026-05-09 16:40:02,063 | INFO | fetch_order_book: mid=0.06560 spread=6.10bps bids=20 asks=20
2026-05-09 16:40:02,945 | INFO | SPREAD | pair=CHIP/USDC | cex=0.06558/0.06562 | dex_sell=0.0656104 dex_buy=0.0656272 | spread_a=-1.5bps spread_b=-7.2bps | min=30.0bps
2026-05-09 16:40:03,947 | INFO | fetch_order_book: symbol=CHIP/USDC limit=20
2026-05-09 16:40:04,202 | INFO | fetch_order_book: mid=0.06560 spread=6.10bps bids=20 asks=20
2026-05-09 16:40:05,115 | INFO | SPREAD | pair=CHIP/USDC | cex=0.06558/0.06562 | dex_sell=0.0656104 dex_buy=0.0656272 | spread_a=-1.5bps spread_b=-7.2bps | min=30.0bps
2026-05-09 16:40:06,119 | INFO | fetch_order_book: symbol=CHIP/USDC limit=20
2026-05-09 16:40:06,375 | INFO | fetch_order_book: mid=0.06561 spread=3.05bps bids=20 asks=20
2026-05-09 16:40:07,331 | INFO | SPREAD | pair=CHIP/USDC | cex=0.0656/0.06562 | dex_sell=0.0656104 dex_buy=0.0656272 | spread_a=-1.5bps spread_b=-4.1bps | min=30.0bps
2026-05-09 16:40:08,336 | INFO | fetch_order_book: symbol=CHIP/USDC limit=20
2026-05-09 16:40:08,612 | INFO | fetch_order_book: mid=0.065615 spread=1.52bps bids=20 asks=20
2026-05-09 16:40:09,568 | INFO | SPREAD | pair=CHIP/USDC | cex=0.06561/0.06562 | dex_sell=0.0656104 dex_buy=0.0656272 | spread_a=-1.5bps spread_b=-2.6bps | min=30.0bps
2026-05-09 16:40:10,570 | INFO | fetch_order_book: symbol=CHIP/USDC limit=20
2026-05-09 16:40:10,848 | INFO | fetch_order_book: mid=0.06563 spread=3.05bps bids=20 asks=20
2026-05-09 16:40:11,794 | INFO | SPREAD | pair=CHIP/USDC | cex=0.06562/0.06564 | dex_sell=0.0656104 dex_buy=0.0656272 | spread_a=-4.5bps spread_b=-1.1bps | min=30.0bps
2026-05-09 16:40:12,797 | INFO | fetch_order_book: symbol=CHIP/USDC limit=20
2026-05-09 16:40:13,062 | INFO | fetch_order_book: mid=0.06570 spread=6.09bps bids=20 asks=20
2026-05-09 16:40:13,986 | INFO | SPREAD | pair=CHIP/USDC | cex=0.06568/0.06572 | dex_sell=0.0656104 dex_buy=0.0656572 | spread_a=-16.7bps spread_b=3.5bps | min=30.0bps
2026-05-09 16:40:14,989 | INFO | fetch_order_book: symbol=CHIP/USDC limit=20
2026-05-09 16:40:15,245 | INFO | fetch_order_book: mid=0.06569 spread=6.09bps bids=20 asks=20
2026-05-09 16:40:16,104 | INFO | SPREAD | pair=CHIP/USDC | cex=0.06567/0.06571 | dex_sell=0.0657005 dex_buy=0.0657174 | spread_a=-1.4bps spread_b=-7.2bps | min=30.0bps
2026-05-09 16:40:17,107 | INFO | fetch_order_book: symbol=CHIP/USDC limit=20
2026-05-09 16:40:17,371 | INFO | fetch_order_book: mid=0.06569 spread=6.09bps bids=20 asks=20
2026-05-09 16:40:18,325 | INFO | SPREAD | pair=CHIP/USDC | cex=0.06567/0.06571 | dex_sell=0.0657005 dex_buy=0.0657174 | spread_a=-1.4bps spread_b=-7.2bps | min=30.0bps
2026-05-09 16:40:19,328 | INFO | fetch_order_book: symbol=CHIP/USDC limit=20
2026-05-09 16:40:19,589 | INFO | fetch_order_book: mid=0.06569 spread=6.09bps bids=20 asks=20
2026-05-09 16:40:20,450 | INFO | SPREAD | pair=CHIP/USDC | cex=0.06567/0.06571 | dex_sell=0.0657005 dex_buy=0.0657174 | spread_a=-1.4bps spread_b=-7.2bps | min=30.0bps
2026-05-09 16:40:21,453 | INFO | fetch_order_book: symbol=CHIP/USDC limit=20
2026-05-09 16:40:21,714 | INFO | fetch_order_book: mid=0.065685 spread=7.61bps bids=20 asks=20
2026-05-09 16:40:22,915 | INFO | SPREAD | pair=CHIP/USDC | cex=0.06566/0.06571 | dex_sell=0.0657005 dex_buy=0.0657174 | spread_a=-1.4bps spread_b=-8.7bps | min=30.0bps
2026-05-09 16:40:23,919 | INFO | fetch_order_book: symbol=CHIP/USDC limit=20
2026-05-09 16:40:24,200 | INFO | fetch_order_book: mid=0.065685 spread=7.61bps bids=20 asks=20
2026-05-09 16:40:25,044 | INFO | SPREAD | pair=CHIP/USDC | cex=0.06566/0.06571 | dex_sell=0.0657005 dex_buy=0.0657174 | spread_a=-1.4bps spread_b=-8.7bps | min=30.0bps
2026-05-09 16:40:26,047 | INFO | fetch_order_book: symbol=CHIP/USDC limit=20
2026-05-09 16:40:26,308 | INFO | fetch_order_book: mid=0.06569 spread=6.09bps bids=20 asks=20
2026-05-09 16:40:27,216 | INFO | SPREAD | pair=CHIP/USDC | cex=0.06567/0.06571 | dex_sell=0.0657005 dex_buy=0.0657174 | spread_a=-1.4bps spread_b=-7.2bps | min=30.0bps
2026-05-09 16:40:28,220 | INFO | fetch_order_book: symbol=CHIP/USDC limit=20
2026-05-09 16:40:28,476 | INFO | fetch_order_book: mid=0.06569 spread=6.09bps bids=20 asks=20
2026-05-09 16:40:29,316 | INFO | SPREAD | pair=CHIP/USDC | cex=0.06567/0.06571 | dex_sell=0.0657005 dex_buy=0.0657174 | spread_a=-1.4bps spread_b=-7.2bps | min=30.0bps
2026-05-09 16:40:30,319 | INFO | fetch_order_book: symbol=CHIP/USDC limit=20
2026-05-09 16:40:30,595 | INFO | fetch_order_book: mid=0.06569 spread=6.09bps bids=20 asks=20
2026-05-09 16:40:31,494 | INFO | SPREAD | pair=CHIP/USDC | cex=0.06567/0.06571 | dex_sell=0.0657005 dex_buy=0.0657174 | spread_a=-1.4bps spread_b=-7.2bps | min=30.0bps
2026-05-09 16:40:32,496 | INFO | fetch_order_book: symbol=CHIP/USDC limit=20
2026-05-09 16:40:32,753 | INFO | fetch_order_book: mid=0.06569 spread=6.09bps bids=20 asks=20
2026-05-09 16:40:33,705 | INFO | SPREAD | pair=CHIP/USDC | cex=0.06567/0.06571 | dex_sell=0.0657005 dex_buy=0.0657174 | spread_a=-1.4bps spread_b=-7.2bps | min=30.0bps
2026-05-09 16:40:34,708 | INFO | fetch_order_book: symbol=CHIP/USDC limit=20
2026-05-09 16:40:34,967 | INFO | fetch_order_book: mid=0.06569 spread=6.09bps bids=20 asks=20
2026-05-09 16:40:35,917 | INFO | SPREAD | pair=CHIP/USDC | cex=0.06567/0.06571 | dex_sell=0.0657005 dex_buy=0.0657174 | spread_a=-1.4bps spread_b=-7.2bps | min=30.0bps
2026-05-09 16:40:36,921 | INFO | fetch_order_book: symbol=CHIP/USDC limit=20
2026-05-09 16:40:37,179 | INFO | fetch_order_book: mid=0.065665 spread=7.61bps bids=20 asks=20
2026-05-09 16:40:38,039 | INFO | SPREAD | pair=CHIP/USDC | cex=0.06564/0.06569 | dex_sell=0.0657005 dex_buy=0.0657174 | spread_a=1.6bps spread_b=-11.8bps | min=30.0bps
2026-05-09 16:40:39,042 | INFO | fetch_order_book: symbol=CHIP/USDC limit=20
2026-05-09 16:40:39,297 | INFO | fetch_order_book: mid=0.065655 spread=4.57bps bids=20 asks=20
2026-05-09 16:40:40,229 | INFO | SPREAD | pair=CHIP/USDC | cex=0.06564/0.06567 | dex_sell=0.0656641 dex_buy=0.0656809 | spread_a=-0.9bps spread_b=-6.2bps | min=30.0bps
2026-05-09 16:40:41,230 | INFO | fetch_order_book: symbol=CHIP/USDC limit=20
2026-05-09 16:40:41,509 | INFO | fetch_order_book: mid=0.065655 spread=4.57bps bids=20 asks=20
2026-05-09 16:40:42,454 | INFO | SPREAD | pair=CHIP/USDC | cex=0.06564/0.06567 | dex_sell=0.0656641 dex_buy=0.0656809 | spread_a=-0.9bps spread_b=-6.2bps | min=30.0bps
2026-05-09 16:40:43,458 | INFO | fetch_order_book: symbol=CHIP/USDC limit=20
2026-05-09 16:40:43,728 | INFO | fetch_order_book: mid=0.06565 spread=3.05bps bids=20 asks=20
2026-05-09 16:40:44,673 | INFO | SPREAD | pair=CHIP/USDC | cex=0.06564/0.06566 | dex_sell=0.0656641 dex_buy=0.0656809 | spread_a=0.6bps spread_b=-6.2bps | min=30.0bps
2026-05-09 16:40:45,676 | INFO | fetch_order_book: symbol=CHIP/USDC limit=20
2026-05-09 16:40:45,934 | INFO | fetch_order_book: mid=0.06565 spread=3.05bps bids=20 asks=20
2026-05-09 16:40:46,785 | INFO | SPREAD | pair=CHIP/USDC | cex=0.06564/0.06566 | dex_sell=0.0656641 dex_buy=0.0656809 | spread_a=0.6bps spread_b=-6.2bps | min=30.0bps
2026-05-09 16:40:47,788 | INFO | fetch_order_book: symbol=CHIP/USDC limit=20
2026-05-09 16:40:48,078 | INFO | fetch_order_book: mid=0.065655 spread=4.57bps bids=20 asks=20
2026-05-09 16:40:49,026 | INFO | SPREAD | pair=CHIP/USDC | cex=0.06564/0.06567 | dex_sell=0.0656641 dex_buy=0.0656809 | spread_a=-0.9bps spread_b=-6.2bps | min=30.0bps
2026-05-09 16:40:50,029 | INFO | fetch_order_book: symbol=CHIP/USDC limit=20
2026-05-09 16:40:50,286 | INFO | fetch_order_book: mid=0.06566 spread=6.09bps bids=20 asks=20
2026-05-09 16:40:51,175 | INFO | SPREAD | pair=CHIP/USDC | cex=0.06564/0.06568 | dex_sell=0.0656641 dex_buy=0.0656809 | spread_a=-2.4bps spread_b=-6.2bps | min=30.0bps
2026-05-09 16:40:52,178 | INFO | fetch_order_book: symbol=CHIP/USDC limit=20
2026-05-09 16:40:52,464 | INFO | fetch_order_book: mid=0.065655 spread=4.57bps bids=20 asks=20
2026-05-09 16:40:53,408 | INFO | SPREAD | pair=CHIP/USDC | cex=0.06564/0.06567 | dex_sell=0.0656641 dex_buy=0.0656809 | spread_a=-0.9bps spread_b=-6.2bps | min=30.0bps
2026-05-09 16:40:54,411 | INFO | fetch_order_book: symbol=CHIP/USDC limit=20
2026-05-09 16:40:54,678 | INFO | fetch_order_book: mid=0.065655 spread=4.57bps bids=20 asks=20
2026-05-09 16:40:55,604 | INFO | SPREAD | pair=CHIP/USDC | cex=0.06564/0.06567 | dex_sell=0.0656641 dex_buy=0.0656809 | spread_a=-0.9bps spread_b=-6.2bps | min=30.0bps
2026-05-09 16:40:56,607 | INFO | fetch_order_book: symbol=CHIP/USDC limit=20
2026-05-09 16:40:56,863 | INFO | fetch_order_book: mid=0.065655 spread=4.57bps bids=20 asks=20
2026-05-09 16:40:57,758 | INFO | SPREAD | pair=CHIP/USDC | cex=0.06564/0.06567 | dex_sell=0.0656641 dex_buy=0.0656809 | spread_a=-0.9bps spread_b=-6.2bps | min=30.0bps
2026-05-09 16:40:58,761 | INFO | fetch_order_book: symbol=CHIP/USDC limit=20
2026-05-09 16:40:59,016 | INFO | fetch_order_book: mid=0.065655 spread=4.57bps bids=20 asks=20
2026-05-09 16:40:59,944 | INFO | SPREAD | pair=CHIP/USDC | cex=0.06564/0.06567 | dex_sell=0.0656641 dex_buy=0.0656809 | spread_a=-0.9bps spread_b=-6.2bps | min=30.0bps
2026-05-09 16:41:00,947 | INFO | fetch_order_book: symbol=CHIP/USDC limit=20
2026-05-09 16:41:01,209 | INFO | fetch_order_book: mid=0.065655 spread=4.57bps bids=20 asks=20
2026-05-09 16:41:02,107 | INFO | SPREAD | pair=CHIP/USDC | cex=0.06564/0.06567 | dex_sell=0.0656641 dex_buy=0.0656809 | spread_a=-0.9bps spread_b=-6.2bps | min=30.0bps
2026-05-09 16:41:03,111 | INFO | fetch_order_book: symbol=CHIP/USDC limit=20
2026-05-09 16:41:03,367 | INFO | fetch_order_book: mid=0.065655 spread=4.57bps bids=20 asks=20
2026-05-09 16:41:04,256 | INFO | SPREAD | pair=CHIP/USDC | cex=0.06564/0.06567 | dex_sell=0.0656641 dex_buy=0.0656809 | spread_a=-0.9bps spread_b=-6.2bps | min=30.0bps
2026-05-09 16:41:05,260 | INFO | fetch_order_book: symbol=CHIP/USDC limit=20
2026-05-09 16:41:05,519 | INFO | fetch_order_book: mid=0.065655 spread=4.57bps bids=20 asks=20
2026-05-09 16:41:06,437 | INFO | SPREAD | pair=CHIP/USDC | cex=0.06564/0.06567 | dex_sell=0.0656641 dex_buy=0.0656809 | spread_a=-0.9bps spread_b=-6.2bps | min=30.0bps
2026-05-09 16:41:07,440 | INFO | fetch_order_book: symbol=CHIP/USDC limit=20
2026-05-09 16:41:07,700 | INFO | fetch_order_book: mid=0.065655 spread=4.57bps bids=20 asks=20
2026-05-09 16:41:08,571 | INFO | SPREAD | pair=CHIP/USDC | cex=0.06564/0.06567 | dex_sell=0.0656641 dex_buy=0.0656809 | spread_a=-0.9bps spread_b=-6.2bps | min=30.0bps
2026-05-09 16:41:09,574 | INFO | fetch_order_book: symbol=CHIP/USDC limit=20
2026-05-09 16:41:09,829 | INFO | fetch_order_book: mid=0.065635 spread=4.57bps bids=20 asks=20
2026-05-09 16:41:10,741 | INFO | SPREAD | pair=CHIP/USDC | cex=0.06562/0.06565 | dex_sell=0.065644 dex_buy=0.0656609 | spread_a=-0.9bps spread_b=-6.2bps | min=30.0bps
2026-05-09 16:41:11,744 | INFO | fetch_order_book: symbol=CHIP/USDC limit=20
2026-05-09 16:41:12,011 | INFO | fetch_order_book: mid=0.06561 spread=3.05bps bids=20 asks=20
2026-05-09 16:41:12,941 | INFO | SPREAD | pair=CHIP/USDC | cex=0.0656/0.06562 | dex_sell=0.065644 dex_buy=0.0656609 | spread_a=3.7bps spread_b=-9.3bps | min=30.0bps
2026-05-09 16:41:13,944 | INFO | fetch_order_book: symbol=CHIP/USDC limit=20
2026-05-09 16:41:14,244 | INFO | fetch_order_book: mid=0.065645 spread=4.57bps bids=20 asks=20
2026-05-09 16:41:15,274 | INFO | SPREAD | pair=CHIP/USDC | cex=0.06563/0.06566 | dex_sell=0.065644 dex_buy=0.0656609 | spread_a=-2.4bps spread_b=-4.7bps | min=30.0bps
2026-05-09 16:41:16,278 | INFO | fetch_order_book: symbol=CHIP/USDC limit=20
2026-05-09 16:41:16,533 | INFO | fetch_order_book: mid=0.065615 spread=4.57bps bids=20 asks=20
2026-05-09 16:41:17,536 | INFO | SPREAD | pair=CHIP/USDC | cex=0.0656/0.06563 | dex_sell=0.065644 dex_buy=0.0656609 | spread_a=2.1bps spread_b=-9.3bps | min=30.0bps
2026-05-09 16:41:18,540 | INFO | fetch_order_book: symbol=CHIP/USDC limit=20
2026-05-09 16:41:18,802 | INFO | fetch_order_book: mid=0.06563 spread=6.09bps bids=20 asks=20
2026-05-09 16:41:19,705 | INFO | SPREAD | pair=CHIP/USDC | cex=0.06561/0.06565 | dex_sell=0.065644 dex_buy=0.0656609 | spread_a=-0.9bps spread_b=-7.7bps | min=30.0bps
2026-05-09 16:41:20,709 | INFO | fetch_order_book: symbol=CHIP/USDC limit=20
2026-05-09 16:41:20,967 | INFO | fetch_order_book: mid=0.06563 spread=6.09bps bids=20 asks=20
2026-05-09 16:41:21,905 | INFO | SPREAD | pair=CHIP/USDC | cex=0.06561/0.06565 | dex_sell=0.065644 dex_buy=0.0656609 | spread_a=-0.9bps spread_b=-7.7bps | min=30.0bps
2026-05-09 16:41:22,908 | INFO | fetch_order_book: symbol=CHIP/USDC limit=20
2026-05-09 16:41:23,299 | INFO | fetch_order_book: mid=0.06563 spread=6.09bps bids=20 asks=20
2026-05-09 16:41:24,196 | INFO | SPREAD | pair=CHIP/USDC | cex=0.06561/0.06565 | dex_sell=0.065644 dex_buy=0.0656609 | spread_a=-0.9bps spread_b=-7.7bps | min=30.0bps
2026-05-09 16:41:25,198 | INFO | fetch_order_book: symbol=CHIP/USDC limit=20
2026-05-09 16:41:25,451 | INFO | fetch_order_book: mid=0.06563 spread=6.09bps bids=20 asks=20
2026-05-09 16:41:26,347 | INFO | SPREAD | pair=CHIP/USDC | cex=0.06561/0.06565 | dex_sell=0.065644 dex_buy=0.0656609 | spread_a=-0.9bps spread_b=-7.7bps | min=30.0bps
2026-05-09 16:41:27,351 | INFO | fetch_order_book: symbol=CHIP/USDC limit=20
2026-05-09 16:41:27,607 | INFO | fetch_order_book: mid=0.06563 spread=6.09bps bids=20 asks=20
2026-05-09 16:41:28,501 | INFO | SPREAD | pair=CHIP/USDC | cex=0.06561/0.06565 | dex_sell=0.065644 dex_buy=0.0656609 | spread_a=-0.9bps spread_b=-7.7bps | min=30.0bps
2026-05-09 16:41:29,504 | INFO | fetch_order_book: symbol=CHIP/USDC limit=20
2026-05-09 16:41:29,760 | INFO | fetch_order_book: mid=0.06563 spread=6.09bps bids=20 asks=20
2026-05-09 16:41:30,612 | INFO | SPREAD | pair=CHIP/USDC | cex=0.06561/0.06565 | dex_sell=0.065644 dex_buy=0.0656609 | spread_a=-0.9bps spread_b=-7.7bps | min=30.0bps
2026-05-09 16:41:31,615 | INFO | fetch_order_book: symbol=CHIP/USDC limit=20
2026-05-09 16:41:31,873 | INFO | fetch_order_book: mid=0.06563 spread=6.09bps bids=20 asks=20
2026-05-09 16:41:32,781 | INFO | SPREAD | pair=CHIP/USDC | cex=0.06561/0.06565 | dex_sell=0.065644 dex_buy=0.0656609 | spread_a=-0.9bps spread_b=-7.7bps | min=30.0bps
2026-05-09 16:41:33,784 | INFO | fetch_order_book: symbol=CHIP/USDC limit=20
2026-05-09 16:41:34,045 | INFO | fetch_order_book: mid=0.06563 spread=6.09bps bids=20 asks=20
2026-05-09 16:41:34,946 | INFO | SPREAD | pair=CHIP/USDC | cex=0.06561/0.06565 | dex_sell=0.065644 dex_buy=0.0656609 | spread_a=-0.9bps spread_b=-7.7bps | min=30.0bps
2026-05-09 16:41:35,949 | INFO | fetch_order_book: symbol=CHIP/USDC limit=20
2026-05-09 16:41:36,306 | INFO | fetch_order_book: mid=0.065635 spread=7.62bps bids=20 asks=20
2026-05-09 16:41:37,227 | INFO | SPREAD | pair=CHIP/USDC | cex=0.06561/0.06566 | dex_sell=0.065644 dex_buy=0.0656609 | spread_a=-2.4bps spread_b=-7.7bps | min=30.0bps
2026-05-09 16:41:38,231 | INFO | fetch_order_book: symbol=CHIP/USDC limit=20
2026-05-09 16:41:38,487 | INFO | fetch_order_book: mid=0.06563 spread=6.09bps bids=20 asks=20
2026-05-09 16:41:39,400 | INFO | SPREAD | pair=CHIP/USDC | cex=0.06561/0.06565 | dex_sell=0.065644 dex_buy=0.0656609 | spread_a=-0.9bps spread_b=-7.7bps | min=30.0bps
2026-05-09 16:41:40,404 | INFO | fetch_order_book: symbol=CHIP/USDC limit=20
2026-05-09 16:41:40,662 | INFO | fetch_order_book: mid=0.065635 spread=7.62bps bids=20 asks=20
2026-05-09 16:41:41,594 | INFO | SPREAD | pair=CHIP/USDC | cex=0.06561/0.06566 | dex_sell=0.065644 dex_buy=0.0656609 | spread_a=-2.4bps spread_b=-7.7bps | min=30.0bps
2026-05-09 16:41:42,597 | INFO | fetch_order_book: symbol=CHIP/USDC limit=20
2026-05-09 16:41:42,858 | INFO | fetch_order_book: mid=0.06564 spread=9.14bps bids=20 asks=20
2026-05-09 16:41:43,781 | INFO | SPREAD | pair=CHIP/USDC | cex=0.06561/0.06567 | dex_sell=0.065644 dex_buy=0.0656609 | spread_a=-4.0bps spread_b=-7.7bps | min=30.0bps
2026-05-09 16:41:44,784 | INFO | fetch_order_book: symbol=CHIP/USDC limit=20
2026-05-09 16:41:45,045 | INFO | fetch_order_book: mid=0.06564 spread=9.14bps bids=20 asks=20
2026-05-09 16:41:45,943 | INFO | SPREAD | pair=CHIP/USDC | cex=0.06561/0.06567 | dex_sell=0.065644 dex_buy=0.0656609 | spread_a=-4.0bps spread_b=-7.7bps | min=30.0bps
2026-05-09 16:41:46,946 | INFO | fetch_order_book: symbol=CHIP/USDC limit=20
2026-05-09 16:41:47,265 | INFO | fetch_order_book: mid=0.06564 spread=9.14bps bids=20 asks=20
2026-05-09 16:41:48,167 | INFO | SPREAD | pair=CHIP/USDC | cex=0.06561/0.06567 | dex_sell=0.065644 dex_buy=0.0656609 | spread_a=-4.0bps spread_b=-7.7bps | min=30.0bps
2026-05-09 16:41:49,170 | INFO | fetch_order_book: symbol=CHIP/USDC limit=20
2026-05-09 16:41:49,430 | INFO | fetch_order_book: mid=0.06564 spread=9.14bps bids=20 asks=20
2026-05-09 16:41:50,314 | INFO | SPREAD | pair=CHIP/USDC | cex=0.06561/0.06567 | dex_sell=0.065644 dex_buy=0.0656609 | spread_a=-4.0bps spread_b=-7.7bps | min=30.0bps
2026-05-09 16:41:51,316 | INFO | fetch_order_book: symbol=CHIP/USDC limit=20
2026-05-09 16:41:51,579 | INFO | fetch_order_book: mid=0.06565 spread=6.09bps bids=20 asks=20
2026-05-09 16:41:52,526 | INFO | SPREAD | pair=CHIP/USDC | cex=0.06563/0.06567 | dex_sell=0.065644 dex_buy=0.0656609 | spread_a=-4.0bps spread_b=-4.7bps | min=30.0bps
2026-05-09 16:41:53,529 | INFO | fetch_order_book: symbol=CHIP/USDC limit=20
2026-05-09 16:41:53,823 | INFO | fetch_order_book: mid=0.06565 spread=6.09bps bids=20 asks=20
2026-05-09 16:41:54,853 | INFO | SPREAD | pair=CHIP/USDC | cex=0.06563/0.06567 | dex_sell=0.065644 dex_buy=0.0656609 | spread_a=-4.0bps spread_b=-4.7bps | min=30.0bps
2026-05-09 16:41:55,856 | INFO | fetch_order_book: symbol=CHIP/USDC limit=20
2026-05-09 16:41:56,131 | INFO | fetch_order_book: mid=0.06565 spread=6.09bps bids=20 asks=20
2026-05-09 16:41:57,221 | INFO | SPREAD | pair=CHIP/USDC | cex=0.06563/0.06567 | dex_sell=0.065644 dex_buy=0.0656609 | spread_a=-4.0bps spread_b=-4.7bps | min=30.0bps
2026-05-09 16:41:58,225 | INFO | fetch_order_book: symbol=CHIP/USDC limit=20
2026-05-09 16:41:58,482 | INFO | fetch_order_book: mid=0.06563 spread=6.09bps bids=20 asks=20
2026-05-09 16:41:59,376 | INFO | SPREAD | pair=CHIP/USDC | cex=0.06561/0.06565 | dex_sell=0.065644 dex_buy=0.0656609 | spread_a=-0.9bps spread_b=-7.7bps | min=30.0bps
2026-05-09 16:42:00,379 | INFO | fetch_order_book: symbol=CHIP/USDC limit=20
2026-05-09 16:42:00,663 | INFO | fetch_order_book: mid=0.065615 spread=4.57bps bids=20 asks=20
2026-05-09 16:42:01,525 | INFO | SPREAD | pair=CHIP/USDC | cex=0.0656/0.06563 | dex_sell=0.065644 dex_buy=0.0656609 | spread_a=2.1bps spread_b=-9.3bps | min=30.0bps
2026-05-09 16:42:02,529 | INFO | fetch_order_book: symbol=CHIP/USDC limit=20
2026-05-09 16:42:02,791 | INFO | fetch_order_book: mid=0.065615 spread=4.57bps bids=20 asks=20
2026-05-09 16:42:03,727 | INFO | SPREAD | pair=CHIP/USDC | cex=0.0656/0.06563 | dex_sell=0.065644 dex_buy=0.0656609 | spread_a=2.1bps spread_b=-9.3bps | min=30.0bps
2026-05-09 16:42:04,730 | INFO | fetch_order_book: symbol=CHIP/USDC limit=20
2026-05-09 16:42:04,987 | INFO | fetch_order_book: mid=0.06561 spread=3.05bps bids=20 asks=20
2026-05-09 16:42:05,864 | INFO | SPREAD | pair=CHIP/USDC | cex=0.0656/0.06562 | dex_sell=0.065644 dex_buy=0.0656609 | spread_a=3.7bps spread_b=-9.3bps | min=30.0bps
2026-05-09 16:42:06,867 | INFO | fetch_order_book: symbol=CHIP/USDC limit=20
2026-05-09 16:42:07,125 | INFO | fetch_order_book: mid=0.065615 spread=4.57bps bids=20 asks=20
2026-05-09 16:42:08,019 | INFO | SPREAD | pair=CHIP/USDC | cex=0.0656/0.06563 | dex_sell=0.065644 dex_buy=0.0656609 | spread_a=2.1bps spread_b=-9.3bps | min=30.0bps
2026-05-09 16:42:09,023 | INFO | fetch_order_book: symbol=CHIP/USDC limit=20
2026-05-09 16:42:09,286 | INFO | fetch_order_book: mid=0.065615 spread=4.57bps bids=20 asks=20
2026-05-09 16:42:10,210 | INFO | SPREAD | pair=CHIP/USDC | cex=0.0656/0.06563 | dex_sell=0.065644 dex_buy=0.0656609 | spread_a=2.1bps spread_b=-9.3bps | min=30.0bps
2026-05-09 16:42:11,214 | INFO | fetch_order_book: symbol=CHIP/USDC limit=20
2026-05-09 16:42:11,491 | INFO | fetch_order_book: mid=0.06562 spread=6.10bps bids=20 asks=20
2026-05-09 16:42:12,372 | INFO | SPREAD | pair=CHIP/USDC | cex=0.0656/0.06564 | dex_sell=0.065644 dex_buy=0.0656609 | spread_a=0.6bps spread_b=-9.3bps | min=30.0bps
2026-05-09 16:42:13,375 | INFO | fetch_order_book: symbol=CHIP/USDC limit=20
2026-05-09 16:42:13,638 | INFO | fetch_order_book: mid=0.06563 spread=6.09bps bids=20 asks=20
2026-05-09 16:42:14,525 | INFO | SPREAD | pair=CHIP/USDC | cex=0.06561/0.06565 | dex_sell=0.065644 dex_buy=0.0656609 | spread_a=-0.9bps spread_b=-7.7bps | min=30.0bps
2026-05-09 16:42:15,528 | INFO | fetch_order_book: symbol=CHIP/USDC limit=20
2026-05-09 16:42:15,787 | INFO | fetch_order_book: mid=0.06563 spread=6.09bps bids=20 asks=20
2026-05-09 16:42:16,698 | INFO | SPREAD | pair=CHIP/USDC | cex=0.06561/0.06565 | dex_sell=0.065644 dex_buy=0.0656609 | spread_a=-0.9bps spread_b=-7.7bps | min=30.0bps
2026-05-09 16:42:17,701 | INFO | fetch_order_book: symbol=CHIP/USDC limit=20
2026-05-09 16:42:17,959 | INFO | fetch_order_book: mid=0.06564 spread=6.09bps bids=20 asks=20
2026-05-09 16:42:18,811 | INFO | SPREAD | pair=CHIP/USDC | cex=0.06562/0.06566 | dex_sell=0.065644 dex_buy=0.0656609 | spread_a=-2.4bps spread_b=-6.2bps | min=30.0bps
2026-05-09 16:42:19,814 | INFO | fetch_order_book: symbol=CHIP/USDC limit=20
2026-05-09 16:42:20,075 | INFO | fetch_order_book: mid=0.06565 spread=3.05bps bids=20 asks=20
2026-05-09 16:42:20,965 | INFO | SPREAD | pair=CHIP/USDC | cex=0.06564/0.06566 | dex_sell=0.065644 dex_buy=0.0656609 | spread_a=-2.4bps spread_b=-3.2bps | min=30.0bps
2026-05-09 16:42:21,968 | INFO | fetch_order_book: symbol=CHIP/USDC limit=20
2026-05-09 16:42:22,230 | INFO | fetch_order_book: mid=0.06566 spread=6.09bps bids=20 asks=20
2026-05-09 16:42:23,370 | INFO | SPREAD | pair=CHIP/USDC | cex=0.06564/0.06568 | dex_sell=0.065644 dex_buy=0.0656609 | spread_a=-5.5bps spread_b=-3.2bps | min=30.0bps
2026-05-09 16:42:24,373 | INFO | fetch_order_book: symbol=CHIP/USDC limit=20
2026-05-09 16:42:24,671 | INFO | fetch_order_book: mid=0.06568 spread=6.09bps bids=20 asks=20
2026-05-09 16:42:25,738 | INFO | SPREAD | pair=CHIP/USDC | cex=0.06566/0.0657 | dex_sell=0.0656704 dex_buy=0.0656872 | spread_a=-4.5bps spread_b=-4.1bps | min=30.0bps
2026-05-09 16:42:26,741 | INFO | fetch_order_book: symbol=CHIP/USDC limit=20
2026-05-09 16:42:27,012 | INFO | fetch_order_book: mid=0.06568 spread=6.09bps bids=20 asks=20
2026-05-09 16:42:27,890 | INFO | SPREAD | pair=CHIP/USDC | cex=0.06566/0.0657 | dex_sell=0.0657004 dex_buy=0.0657172 | spread_a=0.1bps spread_b=-8.7bps | min=30.0bps
2026-05-09 16:42:28,894 | INFO | fetch_order_book: symbol=CHIP/USDC limit=20
2026-05-09 16:42:29,188 | INFO | fetch_order_book: mid=0.065665 spread=7.61bps bids=20 asks=20
2026-05-09 16:42:30,100 | INFO | SPREAD | pair=CHIP/USDC | cex=0.06564/0.06569 | dex_sell=0.0657004 dex_buy=0.0657172 | spread_a=1.6bps spread_b=-11.8bps | min=30.0bps
2026-05-09 16:42:31,103 | INFO | fetch_order_book: symbol=CHIP/USDC limit=20
2026-05-09 16:42:31,360 | INFO | fetch_order_book: mid=0.06567 spread=6.09bps bids=20 asks=20
2026-05-09 16:42:32,445 | INFO | SPREAD | pair=CHIP/USDC | cex=0.06565/0.06569 | dex_sell=0.0657004 dex_buy=0.0657172 | spread_a=1.6bps spread_b=-10.2bps | min=30.0bps
2026-05-09 16:42:33,449 | INFO | fetch_order_book: symbol=CHIP/USDC limit=20
2026-05-09 16:42:33,708 | INFO | fetch_order_book: mid=0.065675 spread=7.61bps bids=20 asks=20
2026-05-09 16:42:35,178 | INFO | SPREAD | pair=CHIP/USDC | cex=0.06565/0.0657 | dex_sell=0.0657004 dex_buy=0.0657172 | spread_a=0.1bps spread_b=-10.2bps | min=30.0bps
2026-05-09 16:42:36,182 | INFO | fetch_order_book: symbol=CHIP/USDC limit=20
2026-05-09 16:42:36,443 | INFO | fetch_order_book: mid=0.06567 spread=6.09bps bids=20 asks=20
2026-05-09 16:42:37,264 | INFO | SPREAD | pair=CHIP/USDC | cex=0.06565/0.06569 | dex_sell=0.0657004 dex_buy=0.0657172 | spread_a=1.6bps spread_b=-10.2bps | min=30.0bps
2026-05-09 16:42:38,267 | INFO | fetch_order_book: symbol=CHIP/USDC limit=20
2026-05-09 16:42:38,527 | INFO | fetch_order_book: mid=0.06567 spread=6.09bps bids=20 asks=20
2026-05-09 16:42:39,576 | INFO | SPREAD | pair=CHIP/USDC | cex=0.06565/0.06569 | dex_sell=0.0657004 dex_buy=0.0657172 | spread_a=1.6bps spread_b=-10.2bps | min=30.0bps
2026-05-09 16:42:40,580 | INFO | fetch_order_book: symbol=CHIP/USDC limit=20
2026-05-09 16:42:40,838 | INFO | fetch_order_book: mid=0.06568 spread=9.14bps bids=20 asks=20
2026-05-09 16:42:42,155 | INFO | SPREAD | pair=CHIP/USDC | cex=0.06565/0.06571 | dex_sell=0.0657004 dex_buy=0.0657172 | spread_a=-1.5bps spread_b=-10.2bps | min=30.0bps
2026-05-09 16:42:43,158 | INFO | fetch_order_book: symbol=CHIP/USDC limit=20
2026-05-09 16:42:43,416 | INFO | fetch_order_book: mid=0.065675 spread=7.61bps bids=20 asks=20
2026-05-09 16:42:44,394 | INFO | SPREAD | pair=CHIP/USDC | cex=0.06565/0.0657 | dex_sell=0.0657004 dex_buy=0.0657172 | spread_a=0.1bps spread_b=-10.2bps | min=30.0bps
2026-05-09 16:42:45,397 | INFO | fetch_order_book: symbol=CHIP/USDC limit=20
2026-05-09 16:42:45,652 | INFO | fetch_order_book: mid=0.065695 spread=7.61bps bids=20 asks=20
2026-05-09 16:42:46,774 | INFO | SPREAD | pair=CHIP/USDC | cex=0.06567/0.06572 | dex_sell=0.0657004 dex_buy=0.0657172 | spread_a=-3.0bps spread_b=-7.2bps | min=30.0bps
2026-05-09 16:42:47,777 | INFO | fetch_order_book: symbol=CHIP/USDC limit=20
2026-05-09 16:42:48,033 | INFO | fetch_order_book: mid=0.065695 spread=7.61bps bids=20 asks=20
2026-05-09 16:42:49,000 | INFO | SPREAD | pair=CHIP/USDC | cex=0.06567/0.06572 | dex_sell=0.0657004 dex_buy=0.0657172 | spread_a=-3.0bps spread_b=-7.2bps | min=30.0bps
2026-05-09 16:42:50,003 | INFO | fetch_order_book: symbol=CHIP/USDC limit=20
2026-05-09 16:42:50,259 | INFO | fetch_order_book: mid=0.065695 spread=7.61bps bids=20 asks=20
2026-05-09 16:42:51,082 | INFO | SPREAD | pair=CHIP/USDC | cex=0.06567/0.06572 | dex_sell=0.0657004 dex_buy=0.0657172 | spread_a=-3.0bps spread_b=-7.2bps | min=30.0bps
2026-05-09 16:42:52,085 | INFO | fetch_order_book: symbol=CHIP/USDC limit=20
2026-05-09 16:42:52,428 | INFO | fetch_order_book: mid=0.06569 spread=6.09bps bids=20 asks=20
2026-05-09 16:42:53,310 | INFO | SPREAD | pair=CHIP/USDC | cex=0.06567/0.06571 | dex_sell=0.0657004 dex_buy=0.0657172 | spread_a=-1.5bps spread_b=-7.2bps | min=30.0bps
2026-05-09 16:42:54,313 | INFO | fetch_order_book: symbol=CHIP/USDC limit=20
2026-05-09 16:42:54,572 | INFO | fetch_order_book: mid=0.06569 spread=6.09bps bids=20 asks=20
2026-05-09 16:42:55,463 | INFO | SPREAD | pair=CHIP/USDC | cex=0.06567/0.06571 | dex_sell=0.0657004 dex_buy=0.0657172 | spread_a=-1.5bps spread_b=-7.2bps | min=30.0bps
2026-05-09 16:42:56,464 | INFO | fetch_order_book: symbol=CHIP/USDC limit=20
2026-05-09 16:42:56,732 | INFO | fetch_order_book: mid=0.06569 spread=6.09bps bids=20 asks=20
2026-05-09 16:42:57,659 | INFO | SPREAD | pair=CHIP/USDC | cex=0.06567/0.06571 | dex_sell=0.0657004 dex_buy=0.0657172 | spread_a=-1.5bps spread_b=-7.2bps | min=30.0bps
2026-05-09 16:42:58,662 | INFO | fetch_order_book: symbol=CHIP/USDC limit=20
2026-05-09 16:42:58,923 | INFO | fetch_order_book: mid=0.065725 spread=4.56bps bids=20 asks=20
2026-05-09 16:42:59,771 | INFO | SPREAD | pair=CHIP/USDC | cex=0.06571/0.06574 | dex_sell=0.0657004 dex_buy=0.0657473 | spread_a=-6.0bps spread_b=-5.7bps | min=30.0bps
2026-05-09 16:43:00,774 | INFO | fetch_order_book: symbol=CHIP/USDC limit=20
2026-05-09 16:43:01,033 | INFO | fetch_order_book: mid=0.065725 spread=4.56bps bids=20 asks=20
2026-05-09 16:43:01,921 | INFO | SPREAD | pair=CHIP/USDC | cex=0.06571/0.06574 | dex_sell=0.0657304 dex_buy=0.0657473 | spread_a=-1.5bps spread_b=-5.7bps | min=30.0bps
2026-05-09 16:43:02,925 | INFO | fetch_order_book: symbol=CHIP/USDC limit=20
2026-05-09 16:43:03,180 | INFO | fetch_order_book: mid=0.065725 spread=4.56bps bids=20 asks=20
2026-05-09 16:43:04,112 | INFO | SPREAD | pair=CHIP/USDC | cex=0.06571/0.06574 | dex_sell=0.0657304 dex_buy=0.0657473 | spread_a=-1.5bps spread_b=-5.7bps | min=30.0bps
2026-05-09 16:43:05,114 | INFO | fetch_order_book: symbol=CHIP/USDC limit=20
2026-05-09 16:43:05,372 | INFO | fetch_order_book: mid=0.065725 spread=4.56bps bids=20 asks=20
2026-05-09 16:43:06,283 | INFO | SPREAD | pair=CHIP/USDC | cex=0.06571/0.06574 | dex_sell=0.0657304 dex_buy=0.0657473 | spread_a=-1.5bps spread_b=-5.7bps | min=30.0bps
2026-05-09 16:43:07,287 | INFO | fetch_order_book: symbol=CHIP/USDC limit=20
2026-05-09 16:43:07,544 | INFO | fetch_order_book: mid=0.065725 spread=4.56bps bids=20 asks=20
2026-05-09 16:43:08,470 | INFO | SPREAD | pair=CHIP/USDC | cex=0.06571/0.06574 | dex_sell=0.0657304 dex_buy=0.0657473 | spread_a=-1.5bps spread_b=-5.7bps | min=30.0bps
2026-05-09 16:43:09,473 | INFO | fetch_order_book: symbol=CHIP/USDC limit=20
2026-05-09 16:43:09,731 | INFO | fetch_order_book: mid=0.06573 spread=3.04bps bids=20 asks=20
2026-05-09 16:43:10,662 | INFO | SPREAD | pair=CHIP/USDC | cex=0.06572/0.06574 | dex_sell=0.0657304 dex_buy=0.0657473 | spread_a=-1.5bps spread_b=-4.1bps | min=30.0bps
2026-05-09 16:43:11,664 | INFO | fetch_order_book: symbol=CHIP/USDC limit=20
2026-05-09 16:43:11,925 | INFO | fetch_order_book: mid=0.065715 spread=7.61bps bids=20 asks=20
2026-05-09 16:43:12,787 | INFO | SPREAD | pair=CHIP/USDC | cex=0.06569/0.06574 | dex_sell=0.0657304 dex_buy=0.0657473 | spread_a=-1.5bps spread_b=-8.7bps | min=30.0bps
2026-05-09 16:43:13,791 | INFO | fetch_order_book: symbol=CHIP/USDC limit=20
2026-05-09 16:43:14,052 | INFO | fetch_order_book: mid=0.06571 spread=6.09bps bids=20 asks=20
2026-05-09 16:43:14,937 | INFO | SPREAD | pair=CHIP/USDC | cex=0.06569/0.06573 | dex_sell=0.0657304 dex_buy=0.0657473 | spread_a=0.1bps spread_b=-8.7bps | min=30.0bps
2026-05-09 16:43:15,941 | INFO | fetch_order_book: symbol=CHIP/USDC limit=20
2026-05-09 16:43:16,196 | INFO | fetch_order_book: mid=0.06572 spread=3.04bps bids=20 asks=20
2026-05-09 16:43:17,043 | INFO | SPREAD | pair=CHIP/USDC | cex=0.06571/0.06573 | dex_sell=0.0657304 dex_buy=0.0657473 | spread_a=0.1bps spread_b=-5.7bps | min=30.0bps
2026-05-09 16:43:18,046 | INFO | fetch_order_book: symbol=CHIP/USDC limit=20
2026-05-09 16:43:18,308 | INFO | fetch_order_book: mid=0.06572 spread=3.04bps bids=20 asks=20
2026-05-09 16:43:19,330 | INFO | SPREAD | pair=CHIP/USDC | cex=0.06571/0.06573 | dex_sell=0.0657304 dex_buy=0.0657473 | spread_a=0.1bps spread_b=-5.7bps | min=30.0bps
2026-05-09 16:43:20,333 | INFO | fetch_order_book: symbol=CHIP/USDC limit=20
2026-05-09 16:43:20,593 | INFO | fetch_order_book: mid=0.065725 spread=4.56bps bids=20 asks=20
2026-05-09 16:43:21,484 | INFO | SPREAD | pair=CHIP/USDC | cex=0.06571/0.06574 | dex_sell=0.0657304 dex_buy=0.0657473 | spread_a=-1.5bps spread_b=-5.7bps | min=30.0bps
2026-05-09 16:43:22,488 | INFO | fetch_order_book: symbol=CHIP/USDC limit=20
2026-05-09 16:43:22,751 | INFO | fetch_order_book: mid=0.065725 spread=4.56bps bids=20 asks=20
2026-05-09 16:43:23,630 | INFO | SPREAD | pair=CHIP/USDC | cex=0.06571/0.06574 | dex_sell=0.0657304 dex_buy=0.0657473 | spread_a=-1.5bps spread_b=-5.7bps | min=30.0bps
2026-05-09 16:43:24,634 | INFO | fetch_order_book: symbol=CHIP/USDC limit=20
2026-05-09 16:43:24,897 | INFO | fetch_order_book: mid=0.065725 spread=4.56bps bids=20 asks=20
2026-05-09 16:43:25,720 | INFO | SPREAD | pair=CHIP/USDC | cex=0.06571/0.06574 | dex_sell=0.0657304 dex_buy=0.0657473 | spread_a=-1.5bps spread_b=-5.7bps | min=30.0bps
2026-05-09 16:43:26,724 | INFO | fetch_order_book: symbol=CHIP/USDC limit=20
2026-05-09 16:43:26,981 | INFO | fetch_order_book: mid=0.06573 spread=3.04bps bids=20 asks=20
2026-05-09 16:43:27,925 | INFO | SPREAD | pair=CHIP/USDC | cex=0.06572/0.06574 | dex_sell=0.0657304 dex_buy=0.0657473 | spread_a=-1.5bps spread_b=-4.1bps | min=30.0bps
2026-05-09 16:43:28,929 | INFO | fetch_order_book: symbol=CHIP/USDC limit=20
2026-05-09 16:43:29,331 | INFO | fetch_order_book: mid=0.06573 spread=3.04bps bids=20 asks=20
2026-05-09 16:43:30,247 | INFO | SPREAD | pair=CHIP/USDC | cex=0.06572/0.06574 | dex_sell=0.0657304 dex_buy=0.0657473 | spread_a=-1.5bps spread_b=-4.1bps | min=30.0bps
2026-05-09 16:43:31,249 | INFO | fetch_order_book: symbol=CHIP/USDC limit=20
2026-05-09 16:43:31,503 | INFO | fetch_order_book: mid=0.065725 spread=1.52bps bids=20 asks=20
2026-05-09 16:43:32,419 | INFO | SPREAD | pair=CHIP/USDC | cex=0.06572/0.06573 | dex_sell=0.0657304 dex_buy=0.0657473 | spread_a=0.1bps spread_b=-4.1bps | min=30.0bps
2026-05-09 16:43:33,423 | INFO | fetch_order_book: symbol=CHIP/USDC limit=20
2026-05-09 16:43:33,696 | INFO | fetch_order_book: mid=0.06572 spread=3.04bps bids=20 asks=20
2026-05-09 16:43:34,605 | INFO | SPREAD | pair=CHIP/USDC | cex=0.06571/0.06573 | dex_sell=0.0657304 dex_buy=0.0657473 | spread_a=0.1bps spread_b=-5.7bps | min=30.0bps
2026-05-09 16:43:35,608 | INFO | fetch_order_book: symbol=CHIP/USDC limit=20
2026-05-09 16:43:35,863 | INFO | fetch_order_book: mid=0.06572 spread=3.04bps bids=20 asks=20
2026-05-09 16:43:36,776 | INFO | SPREAD | pair=CHIP/USDC | cex=0.06571/0.06573 | dex_sell=0.0657304 dex_buy=0.0657473 | spread_a=0.1bps spread_b=-5.7bps | min=30.0bps
2026-05-09 16:43:37,779 | INFO | fetch_order_book: symbol=CHIP/USDC limit=20
2026-05-09 16:43:38,040 | INFO | fetch_order_book: mid=0.06572 spread=3.04bps bids=20 asks=20
2026-05-09 16:43:38,999 | INFO | SPREAD | pair=CHIP/USDC | cex=0.06571/0.06573 | dex_sell=0.0657304 dex_buy=0.0657473 | spread_a=0.1bps spread_b=-5.7bps | min=30.0bps
2026-05-09 16:43:40,002 | INFO | fetch_order_book: symbol=CHIP/USDC limit=20
2026-05-09 16:43:40,414 | INFO | fetch_order_book: mid=0.06572 spread=3.04bps bids=20 asks=20
2026-05-09 16:43:41,357 | INFO | SPREAD | pair=CHIP/USDC | cex=0.06571/0.06573 | dex_sell=0.0657304 dex_buy=0.0657473 | spread_a=0.1bps spread_b=-5.7bps | min=30.0bps
2026-05-09 16:43:42,361 | INFO | fetch_order_book: symbol=CHIP/USDC limit=20
2026-05-09 16:43:42,622 | INFO | fetch_order_book: mid=0.065755 spread=1.52bps bids=20 asks=20
2026-05-09 16:43:43,537 | INFO | SPREAD | pair=CHIP/USDC | cex=0.06575/0.06576 | dex_sell=0.0657604 dex_buy=0.0657773 | spread_a=0.1bps spread_b=-4.1bps | min=30.0bps
2026-05-09 16:43:44,541 | INFO | fetch_order_book: symbol=CHIP/USDC limit=20
2026-05-09 16:43:44,798 | INFO | fetch_order_book: mid=0.065755 spread=1.52bps bids=20 asks=20
2026-05-09 16:43:45,682 | INFO | SPREAD | pair=CHIP/USDC | cex=0.06575/0.06576 | dex_sell=0.0657604 dex_buy=0.0657773 | spread_a=0.1bps spread_b=-4.1bps | min=30.0bps
2026-05-09 16:43:46,686 | INFO | fetch_order_book: symbol=CHIP/USDC limit=20
2026-05-09 16:43:47,023 | INFO | fetch_order_book: mid=0.065775 spread=1.52bps bids=20 asks=20
2026-05-09 16:43:47,874 | INFO | SPREAD | pair=CHIP/USDC | cex=0.06577/0.06578 | dex_sell=0.0657901 dex_buy=0.065807 | spread_a=1.5bps spread_b=-5.6bps | min=30.0bps
2026-05-09 16:43:48,877 | INFO | fetch_order_book: symbol=CHIP/USDC limit=20
2026-05-09 16:43:49,149 | INFO | fetch_order_book: mid=0.065775 spread=1.52bps bids=20 asks=20
2026-05-09 16:43:50,035 | INFO | SPREAD | pair=CHIP/USDC | cex=0.06577/0.06578 | dex_sell=0.0657901 dex_buy=0.065807 | spread_a=1.5bps spread_b=-5.6bps | min=30.0bps
2026-05-09 16:43:51,038 | INFO | fetch_order_book: symbol=CHIP/USDC limit=20
2026-05-09 16:43:51,293 | INFO | fetch_order_book: mid=0.065775 spread=1.52bps bids=20 asks=20
2026-05-09 16:43:52,206 | INFO | SPREAD | pair=CHIP/USDC | cex=0.06577/0.06578 | dex_sell=0.0657901 dex_buy=0.065807 | spread_a=1.5bps spread_b=-5.6bps | min=30.0bps
2026-05-09 16:43:53,209 | INFO | fetch_order_book: symbol=CHIP/USDC limit=20
2026-05-09 16:43:53,518 | INFO | fetch_order_book: mid=0.06577 spread=3.04bps bids=20 asks=20
2026-05-09 16:43:54,428 | INFO | SPREAD | pair=CHIP/USDC | cex=0.06576/0.06578 | dex_sell=0.0657901 dex_buy=0.065807 | spread_a=1.5bps spread_b=-7.1bps | min=30.0bps
2026-05-09 16:43:55,431 | INFO | fetch_order_book: symbol=CHIP/USDC limit=20
2026-05-09 16:43:55,693 | INFO | fetch_order_book: mid=0.065775 spread=1.52bps bids=20 asks=20
2026-05-09 16:43:56,575 | INFO | SPREAD | pair=CHIP/USDC | cex=0.06577/0.06578 | dex_sell=0.0657901 dex_buy=0.065807 | spread_a=1.5bps spread_b=-5.6bps | min=30.0bps
2026-05-09 16:43:57,578 | INFO | fetch_order_book: symbol=CHIP/USDC limit=20
2026-05-09 16:43:57,839 | INFO | fetch_order_book: mid=0.065775 spread=1.52bps bids=20 asks=20
2026-05-09 16:43:58,746 | INFO | SPREAD | pair=CHIP/USDC | cex=0.06577/0.06578 | dex_sell=0.0657901 dex_buy=0.065807 | spread_a=1.5bps spread_b=-5.6bps | min=30.0bps
2026-05-09 16:43:59,750 | INFO | fetch_order_book: symbol=CHIP/USDC limit=20
2026-05-09 16:44:00,011 | INFO | fetch_order_book: mid=0.065775 spread=1.52bps bids=20 asks=20
2026-05-09 16:44:01,046 | INFO | SPREAD | pair=CHIP/USDC | cex=0.06577/0.06578 | dex_sell=0.0657901 dex_buy=0.065807 | spread_a=1.5bps spread_b=-5.6bps | min=30.0bps
2026-05-09 16:44:02,048 | INFO | fetch_order_book: symbol=CHIP/USDC limit=20
2026-05-09 16:44:02,352 | INFO | fetch_order_book: mid=0.06579 spread=3.04bps bids=20 asks=20
2026-05-09 16:44:03,262 | INFO | SPREAD | pair=CHIP/USDC | cex=0.06578/0.0658 | dex_sell=0.0657901 dex_buy=0.065807 | spread_a=-1.5bps spread_b=-4.1bps | min=30.0bps
2026-05-09 16:44:04,266 | INFO | fetch_order_book: symbol=CHIP/USDC limit=20
2026-05-09 16:44:04,526 | INFO | fetch_order_book: mid=0.06590 spread=6.07bps bids=20 asks=20
2026-05-09 16:44:05,436 | INFO | SPREAD | pair=CHIP/USDC | cex=0.06588/0.06592 | dex_sell=0.0658859 dex_buy=0.0659028 | spread_a=-5.2bps spread_b=-3.5bps | min=30.0bps
2026-05-09 16:44:06,439 | INFO | fetch_order_book: symbol=CHIP/USDC limit=20
2026-05-09 16:44:06,712 | INFO | fetch_order_book: mid=0.065925 spread=10.62bps bids=20 asks=20
2026-05-09 16:44:07,634 | INFO | SPREAD | pair=CHIP/USDC | cex=0.06589/0.06596 | dex_sell=0.0659103 dex_buy=0.0659272 | spread_a=-7.5bps spread_b=-5.6bps | min=30.0bps
2026-05-09 16:44:08,638 | INFO | fetch_order_book: symbol=CHIP/USDC limit=20
2026-05-09 16:44:08,900 | INFO | fetch_order_book: mid=0.065905 spread=7.59bps bids=20 asks=20
2026-05-09 16:44:09,790 | INFO | SPREAD | pair=CHIP/USDC | cex=0.06588/0.06593 | dex_sell=0.0659103 dex_buy=0.0659272 | spread_a=-3.0bps spread_b=-7.2bps | min=30.0bps
2026-05-09 16:44:10,794 | INFO | fetch_order_book: symbol=CHIP/USDC limit=20
2026-05-09 16:44:11,051 | INFO | fetch_order_book: mid=0.06589 spread=6.07bps bids=20 asks=20
2026-05-09 16:44:12,022 | INFO | SPREAD | pair=CHIP/USDC | cex=0.06587/0.06591 | dex_sell=0.0659103 dex_buy=0.0659272 | spread_a=0.0bps spread_b=-8.7bps | min=30.0bps
2026-05-09 16:44:13,025 | INFO | fetch_order_book: symbol=CHIP/USDC limit=20
2026-05-09 16:44:13,309 | INFO | fetch_order_book: mid=0.065885 spread=7.59bps bids=20 asks=20
2026-05-09 16:44:14,169 | INFO | SPREAD | pair=CHIP/USDC | cex=0.06586/0.06591 | dex_sell=0.0659103 dex_buy=0.0659272 | spread_a=0.0bps spread_b=-10.2bps | min=30.0bps
2026-05-09 16:44:15,171 | INFO | fetch_order_book: symbol=CHIP/USDC limit=20
2026-05-09 16:44:15,429 | INFO | fetch_order_book: mid=0.06588 spread=9.11bps bids=20 asks=20
2026-05-09 16:44:16,313 | INFO | SPREAD | pair=CHIP/USDC | cex=0.06585/0.06591 | dex_sell=0.0659103 dex_buy=0.0659272 | spread_a=0.0bps spread_b=-11.7bps | min=30.0bps
2026-05-09 16:44:17,317 | INFO | fetch_order_book: symbol=CHIP/USDC limit=20
2026-05-09 16:44:17,574 | INFO | fetch_order_book: mid=0.06594 spread=6.07bps bids=20 asks=20
2026-05-09 16:44:18,408 | INFO | SPREAD | pair=CHIP/USDC | cex=0.06592/0.06596 | dex_sell=0.0658642 dex_buy=0.0658812 | spread_a=-14.5bps spread_b=5.9bps | min=30.0bps
2026-05-09 16:44:19,411 | INFO | fetch_order_book: symbol=CHIP/USDC limit=20
2026-05-09 16:44:19,667 | INFO | fetch_order_book: mid=0.06595 spread=3.03bps bids=20 asks=20
2026-05-09 16:44:20,592 | INFO | SPREAD | pair=CHIP/USDC | cex=0.06594/0.06596 | dex_sell=0.0659302 dex_buy=0.0659471 | spread_a=-4.5bps spread_b=-1.1bps | min=30.0bps
2026-05-09 16:44:21,596 | INFO | fetch_order_book: symbol=CHIP/USDC limit=20
2026-05-09 16:44:21,864 | INFO | fetch_order_book: mid=0.06595 spread=3.03bps bids=20 asks=20
2026-05-09 16:44:22,712 | INFO | SPREAD | pair=CHIP/USDC | cex=0.06594/0.06596 | dex_sell=0.0659302 dex_buy=0.0659471 | spread_a=-4.5bps spread_b=-1.1bps | min=30.0bps
2026-05-09 16:44:23,715 | INFO | fetch_order_book: symbol=CHIP/USDC limit=20
2026-05-09 16:44:23,975 | INFO | fetch_order_book: mid=0.065965 spread=7.58bps bids=20 asks=20
2026-05-09 16:44:24,928 | INFO | SPREAD | pair=CHIP/USDC | cex=0.06594/0.06599 | dex_sell=0.0659553 dex_buy=0.0659723 | spread_a=-5.3bps spread_b=-4.9bps | min=30.0bps
2026-05-09 16:44:25,931 | INFO | fetch_order_book: symbol=CHIP/USDC limit=20
2026-05-09 16:44:26,398 | INFO | fetch_order_book: mid=0.06598 spread=9.09bps bids=20 asks=20
2026-05-09 16:44:27,234 | INFO | SPREAD | pair=CHIP/USDC | cex=0.06595/0.06601 | dex_sell=0.0659553 dex_buy=0.0659723 | spread_a=-8.3bps spread_b=-3.4bps | min=30.0bps
2026-05-09 16:44:28,237 | INFO | fetch_order_book: symbol=CHIP/USDC limit=20
2026-05-09 16:44:28,498 | INFO | fetch_order_book: mid=0.065965 spread=7.58bps bids=20 asks=20
2026-05-09 16:44:29,376 | INFO | SPREAD | pair=CHIP/USDC | cex=0.06594/0.06599 | dex_sell=0.0659553 dex_buy=0.0659723 | spread_a=-5.3bps spread_b=-4.9bps | min=30.0bps
2026-05-09 16:44:30,379 | INFO | fetch_order_book: symbol=CHIP/USDC limit=20
2026-05-09 16:44:30,640 | INFO | fetch_order_book: mid=0.065995 spread=7.58bps bids=20 asks=20
2026-05-09 16:44:31,533 | INFO | SPREAD | pair=CHIP/USDC | cex=0.06597/0.06602 | dex_sell=0.0659553 dex_buy=0.0659723 | spread_a=-9.8bps spread_b=-0.3bps | min=30.0bps
2026-05-09 16:44:32,536 | INFO | fetch_order_book: symbol=CHIP/USDC limit=20
2026-05-09 16:44:32,793 | INFO | fetch_order_book: mid=0.065995 spread=7.58bps bids=20 asks=20
2026-05-09 16:44:33,740 | INFO | SPREAD | pair=CHIP/USDC | cex=0.06597/0.06602 | dex_sell=0.0659553 dex_buy=0.0659723 | spread_a=-9.8bps spread_b=-0.3bps | min=30.0bps
2026-05-09 16:44:34,742 | INFO | fetch_order_book: symbol=CHIP/USDC limit=20
2026-05-09 16:44:35,000 | INFO | fetch_order_book: mid=0.065975 spread=7.58bps bids=20 asks=20
2026-05-09 16:44:35,927 | INFO | SPREAD | pair=CHIP/USDC | cex=0.06595/0.066 | dex_sell=0.0659553 dex_buy=0.0659723 | spread_a=-6.8bps spread_b=-3.4bps | min=30.0bps
2026-05-09 16:44:36,930 | INFO | fetch_order_book: symbol=CHIP/USDC limit=20
2026-05-09 16:44:37,195 | INFO | fetch_order_book: mid=0.065975 spread=7.58bps bids=20 asks=20
2026-05-09 16:44:38,134 | INFO | SPREAD | pair=CHIP/USDC | cex=0.06595/0.066 | dex_sell=0.0659553 dex_buy=0.0659723 | spread_a=-6.8bps spread_b=-3.4bps | min=30.0bps
2026-05-09 16:44:39,138 | INFO | fetch_order_book: symbol=CHIP/USDC limit=20
2026-05-09 16:44:39,466 | INFO | fetch_order_book: mid=0.06599 spread=6.06bps bids=20 asks=20
2026-05-09 16:44:40,378 | INFO | SPREAD | pair=CHIP/USDC | cex=0.06597/0.06601 | dex_sell=0.0659553 dex_buy=0.0659723 | spread_a=-8.3bps spread_b=-0.3bps | min=30.0bps
2026-05-09 16:44:41,381 | INFO | fetch_order_book: symbol=CHIP/USDC limit=20
2026-05-09 16:44:41,642 | INFO | fetch_order_book: mid=0.06599 spread=6.06bps bids=20 asks=20
2026-05-09 16:44:42,528 | INFO | SPREAD | pair=CHIP/USDC | cex=0.06597/0.06601 | dex_sell=0.0659553 dex_buy=0.0659723 | spread_a=-8.3bps spread_b=-0.3bps | min=30.0bps
2026-05-09 16:44:43,531 | INFO | fetch_order_book: symbol=CHIP/USDC limit=20
2026-05-09 16:44:43,786 | INFO | fetch_order_book: mid=0.06599 spread=6.06bps bids=20 asks=20
2026-05-09 16:44:44,665 | INFO | SPREAD | pair=CHIP/USDC | cex=0.06597/0.06601 | dex_sell=0.0659553 dex_buy=0.0659723 | spread_a=-8.3bps spread_b=-0.3bps | min=30.0bps
2026-05-09 16:44:45,668 | INFO | fetch_order_book: symbol=CHIP/USDC limit=20
2026-05-09 16:44:45,932 | INFO | fetch_order_book: mid=0.065995 spread=7.58bps bids=20 asks=20
2026-05-09 16:44:46,836 | INFO | SPREAD | pair=CHIP/USDC | cex=0.06597/0.06602 | dex_sell=0.0659553 dex_buy=0.0659723 | spread_a=-9.8bps spread_b=-0.3bps | min=30.0bps
2026-05-09 16:44:47,839 | INFO | fetch_order_book: symbol=CHIP/USDC limit=20
2026-05-09 16:44:48,097 | INFO | fetch_order_book: mid=0.066005 spread=7.58bps bids=20 asks=20
2026-05-09 16:44:48,992 | INFO | SPREAD | pair=CHIP/USDC | cex=0.06598/0.06603 | dex_sell=0.0659553 dex_buy=0.0659723 | spread_a=-11.3bps spread_b=1.2bps | min=30.0bps
2026-05-09 16:44:49,994 | INFO | fetch_order_book: symbol=CHIP/USDC limit=20
2026-05-09 16:44:50,261 | INFO | fetch_order_book: mid=0.066005 spread=7.58bps bids=20 asks=20
2026-05-09 16:44:51,233 | INFO | SPREAD | pair=CHIP/USDC | cex=0.06598/0.06603 | dex_sell=0.0659553 dex_buy=0.0659723 | spread_a=-11.3bps spread_b=1.2bps | min=30.0bps
2026-05-09 16:44:52,236 | INFO | fetch_order_book: symbol=CHIP/USDC limit=20
2026-05-09 16:44:52,510 | INFO | fetch_order_book: mid=0.065985 spread=4.55bps bids=20 asks=20
2026-05-09 16:44:53,405 | INFO | SPREAD | pair=CHIP/USDC | cex=0.06597/0.066 | dex_sell=0.0659553 dex_buy=0.0659723 | spread_a=-6.8bps spread_b=-0.3bps | min=30.0bps
2026-05-09 16:44:54,407 | INFO | fetch_order_book: symbol=CHIP/USDC limit=20
2026-05-09 16:44:54,668 | INFO | fetch_order_book: mid=0.065985 spread=4.55bps bids=20 asks=20
2026-05-09 16:44:55,588 | INFO | SPREAD | pair=CHIP/USDC | cex=0.06597/0.066 | dex_sell=0.0659553 dex_buy=0.0659723 | spread_a=-6.8bps spread_b=-0.3bps | min=30.0bps
2026-05-09 16:44:56,591 | INFO | fetch_order_book: symbol=CHIP/USDC limit=20
2026-05-09 16:44:56,878 | INFO | fetch_order_book: mid=0.06600 spread=3.03bps bids=20 asks=20
2026-05-09 16:44:57,785 | INFO | SPREAD | pair=CHIP/USDC | cex=0.06599/0.06601 | dex_sell=0.0659553 dex_buy=0.0659723 | spread_a=-8.3bps spread_b=2.7bps | min=30.0bps
2026-05-09 16:44:58,788 | INFO | fetch_order_book: symbol=CHIP/USDC limit=20
2026-05-09 16:44:59,068 | INFO | fetch_order_book: mid=0.06599 spread=6.06bps bids=20 asks=20
2026-05-09 16:44:59,974 | INFO | SPREAD | pair=CHIP/USDC | cex=0.06597/0.06601 | dex_sell=0.0659553 dex_buy=0.0659723 | spread_a=-8.3bps spread_b=-0.3bps | min=30.0bps
2026-05-09 16:45:00,978 | INFO | fetch_order_book: symbol=CHIP/USDC limit=20
2026-05-09 16:45:01,233 | INFO | fetch_order_book: mid=0.06602 spread=6.06bps bids=20 asks=20
2026-05-09 16:45:02,291 | INFO | SPREAD | pair=CHIP/USDC | cex=0.066/0.06604 | dex_sell=0.0659553 dex_buy=0.0659723 | spread_a=-12.8bps spread_b=4.2bps | min=30.0bps
2026-05-09 16:45:03,296 | INFO | fetch_order_book: symbol=CHIP/USDC limit=20
2026-05-09 16:45:03,774 | INFO | fetch_order_book: mid=0.066025 spread=7.57bps bids=20 asks=20
2026-05-09 16:45:04,961 | INFO | SPREAD | pair=CHIP/USDC | cex=0.066/0.06605 | dex_sell=0.0660462 dex_buy=0.0660684 | spread_a=-0.6bps spread_b=-10.3bps | min=30.0bps
2026-05-09 16:45:05,964 | INFO | fetch_order_book: symbol=CHIP/USDC limit=20
2026-05-09 16:45:06,225 | INFO | fetch_order_book: mid=0.066025 spread=7.57bps bids=20 asks=20
2026-05-09 16:45:07,113 | INFO | SPREAD | pair=CHIP/USDC | cex=0.066/0.06605 | dex_sell=0.0660462 dex_buy=0.0660684 | spread_a=-0.6bps spread_b=-10.3bps | min=30.0bps
2026-05-09 16:45:08,116 | INFO | fetch_order_book: symbol=CHIP/USDC limit=20
2026-05-09 16:45:08,371 | INFO | fetch_order_book: mid=0.065985 spread=4.55bps bids=20 asks=20
2026-05-09 16:45:09,324 | INFO | SPREAD | pair=CHIP/USDC | cex=0.06597/0.066 | dex_sell=0.0660118 dex_buy=0.0660339 | spread_a=1.8bps spread_b=-9.7bps | min=30.0bps
2026-05-09 16:45:10,327 | INFO | fetch_order_book: symbol=CHIP/USDC limit=20
2026-05-09 16:45:10,588 | INFO | fetch_order_book: mid=0.06599 spread=6.06bps bids=20 asks=20
2026-05-09 16:45:11,534 | INFO | SPREAD | pair=CHIP/USDC | cex=0.06597/0.06601 | dex_sell=0.0660118 dex_buy=0.0660339 | spread_a=0.3bps spread_b=-9.7bps | min=30.0bps
2026-05-09 16:45:12,538 | INFO | fetch_order_book: symbol=CHIP/USDC limit=20
2026-05-09 16:45:12,887 | INFO | fetch_order_book: mid=0.065995 spread=7.58bps bids=20 asks=20
2026-05-09 16:45:13,811 | INFO | SPREAD | pair=CHIP/USDC | cex=0.06597/0.06602 | dex_sell=0.0660118 dex_buy=0.0660339 | spread_a=-1.2bps spread_b=-9.7bps | min=30.0bps
2026-05-09 16:45:14,815 | INFO | fetch_order_book: symbol=CHIP/USDC limit=20
2026-05-09 16:45:15,078 | INFO | fetch_order_book: mid=0.065985 spread=4.55bps bids=20 asks=20
2026-05-09 16:45:15,966 | INFO | SPREAD | pair=CHIP/USDC | cex=0.06597/0.066 | dex_sell=0.0660118 dex_buy=0.0660339 | spread_a=1.8bps spread_b=-9.7bps | min=30.0bps
2026-05-09 16:45:16,970 | INFO | fetch_order_book: symbol=CHIP/USDC limit=20
2026-05-09 16:45:17,226 | INFO | fetch_order_book: mid=0.065975 spread=1.52bps bids=20 asks=20
2026-05-09 16:45:18,163 | INFO | SPREAD | pair=CHIP/USDC | cex=0.06597/0.06598 | dex_sell=0.0659841 dex_buy=0.066001 | spread_a=0.6bps spread_b=-4.7bps | min=30.0bps
2026-05-09 16:45:19,166 | INFO | fetch_order_book: symbol=CHIP/USDC limit=20
2026-05-09 16:45:19,421 | INFO | fetch_order_book: mid=0.065935 spread=4.55bps bids=20 asks=20
2026-05-09 16:45:20,269 | INFO | SPREAD | pair=CHIP/USDC | cex=0.06592/0.06595 | dex_sell=0.065954 dex_buy=0.065971 | spread_a=0.6bps spread_b=-7.7bps | min=30.0bps
2026-05-09 16:45:21,273 | INFO | fetch_order_book: symbol=CHIP/USDC limit=20
2026-05-09 16:45:21,529 | INFO | fetch_order_book: mid=0.06593 spread=3.03bps bids=20 asks=20
2026-05-09 16:45:22,424 | INFO | SPREAD | pair=CHIP/USDC | cex=0.06592/0.06594 | dex_sell=0.065954 dex_buy=0.065971 | spread_a=2.1bps spread_b=-7.7bps | min=30.0bps
2026-05-09 16:45:23,427 | INFO | fetch_order_book: symbol=CHIP/USDC limit=20
2026-05-09 16:45:23,682 | INFO | fetch_order_book: mid=0.06594 spread=3.03bps bids=20 asks=20
2026-05-09 16:45:24,578 | INFO | SPREAD | pair=CHIP/USDC | cex=0.06593/0.06595 | dex_sell=0.065954 dex_buy=0.065971 | spread_a=0.6bps spread_b=-6.2bps | min=30.0bps
2026-05-09 16:45:25,582 | INFO | fetch_order_book: symbol=CHIP/USDC limit=20
2026-05-09 16:45:25,840 | INFO | fetch_order_book: mid=0.06593 spread=3.03bps bids=20 asks=20
2026-05-09 16:45:26,736 | INFO | SPREAD | pair=CHIP/USDC | cex=0.06592/0.06594 | dex_sell=0.065954 dex_buy=0.065971 | spread_a=2.1bps spread_b=-7.7bps | min=30.0bps
2026-05-09 16:45:27,740 | INFO | fetch_order_book: symbol=CHIP/USDC limit=20
2026-05-09 16:45:27,994 | INFO | fetch_order_book: mid=0.065935 spread=4.55bps bids=20 asks=20
2026-05-09 16:45:28,878 | INFO | SPREAD | pair=CHIP/USDC | cex=0.06592/0.06595 | dex_sell=0.065954 dex_buy=0.065971 | spread_a=0.6bps spread_b=-7.7bps | min=30.0bps
2026-05-09 16:45:29,881 | INFO | fetch_order_book: symbol=CHIP/USDC limit=20
2026-05-09 16:45:30,138 | INFO | fetch_order_book: mid=0.06593 spread=3.03bps bids=20 asks=20
2026-05-09 16:45:31,087 | INFO | SPREAD | pair=CHIP/USDC | cex=0.06592/0.06594 | dex_sell=0.065954 dex_buy=0.065971 | spread_a=2.1bps spread_b=-7.7bps | min=30.0bps
2026-05-09 16:45:32,090 | INFO | fetch_order_book: symbol=CHIP/USDC limit=20
2026-05-09 16:45:32,537 | INFO | fetch_order_book: mid=0.06594 spread=3.03bps bids=20 asks=20
2026-05-09 16:45:33,359 | INFO | SPREAD | pair=CHIP/USDC | cex=0.06593/0.06595 | dex_sell=0.065954 dex_buy=0.065971 | spread_a=0.6bps spread_b=-6.2bps | min=30.0bps
2026-05-09 16:45:34,363 | INFO | fetch_order_book: symbol=CHIP/USDC limit=20
2026-05-09 16:45:34,618 | INFO | fetch_order_book: mid=0.06595 spread=6.07bps bids=20 asks=20
2026-05-09 16:45:35,508 | INFO | SPREAD | pair=CHIP/USDC | cex=0.06593/0.06597 | dex_sell=0.065954 dex_buy=0.065971 | spread_a=-2.4bps spread_b=-6.2bps | min=30.0bps
2026-05-09 16:45:36,510 | INFO | fetch_order_book: symbol=CHIP/USDC limit=20
2026-05-09 16:45:36,766 | INFO | fetch_order_book: mid=0.06595 spread=6.07bps bids=20 asks=20
2026-05-09 16:45:37,595 | INFO | SPREAD | pair=CHIP/USDC | cex=0.06593/0.06597 | dex_sell=0.065954 dex_buy=0.065971 | spread_a=-2.4bps spread_b=-6.2bps | min=30.0bps
2026-05-09 16:45:38,599 | INFO | fetch_order_book: symbol=CHIP/USDC limit=20
2026-05-09 16:45:38,889 | INFO | fetch_order_book: mid=0.06595 spread=6.07bps bids=20 asks=20
2026-05-09 16:45:39,957 | INFO | SPREAD | pair=CHIP/USDC | cex=0.06593/0.06597 | dex_sell=0.0659802 dex_buy=0.0659971 | spread_a=1.5bps spread_b=-10.2bps | min=30.0bps
2026-05-09 16:45:40,960 | INFO | fetch_order_book: symbol=CHIP/USDC limit=20
2026-05-09 16:45:41,217 | INFO | fetch_order_book: mid=0.06591 spread=6.07bps bids=20 asks=20
2026-05-09 16:45:42,079 | INFO | SPREAD | pair=CHIP/USDC | cex=0.06589/0.06593 | dex_sell=0.065954 dex_buy=0.065971 | spread_a=3.6bps spread_b=-12.3bps | min=30.0bps
2026-05-09 16:45:43,082 | INFO | fetch_order_book: symbol=CHIP/USDC limit=20
2026-05-09 16:45:43,341 | INFO | fetch_order_book: mid=0.065915 spread=7.59bps bids=20 asks=20
2026-05-09 16:45:44,259 | INFO | SPREAD | pair=CHIP/USDC | cex=0.06589/0.06594 | dex_sell=0.065954 dex_buy=0.065971 | spread_a=2.1bps spread_b=-12.3bps | min=30.0bps
2026-05-09 16:45:45,263 | INFO | fetch_order_book: symbol=CHIP/USDC limit=20
2026-05-09 16:45:45,518 | INFO | fetch_order_book: mid=0.06591 spread=6.07bps bids=20 asks=20
2026-05-09 16:45:46,458 | INFO | SPREAD | pair=CHIP/USDC | cex=0.06589/0.06593 | dex_sell=0.065954 dex_buy=0.065971 | spread_a=3.6bps spread_b=-12.3bps | min=30.0bps
2026-05-09 16:45:47,461 | INFO | fetch_order_book: symbol=CHIP/USDC limit=20
2026-05-09 16:45:47,807 | INFO | fetch_order_book: mid=0.06591 spread=6.07bps bids=20 asks=20
2026-05-09 16:45:48,687 | INFO | SPREAD | pair=CHIP/USDC | cex=0.06589/0.06593 | dex_sell=0.065954 dex_buy=0.065971 | spread_a=3.6bps spread_b=-12.3bps | min=30.0bps
2026-05-09 16:45:49,690 | INFO | fetch_order_book: symbol=CHIP/USDC limit=20
2026-05-09 16:45:49,946 | INFO | fetch_order_book: mid=0.06591 spread=6.07bps bids=20 asks=20
2026-05-09 16:45:50,805 | INFO | SPREAD | pair=CHIP/USDC | cex=0.06589/0.06593 | dex_sell=0.065954 dex_buy=0.065971 | spread_a=3.6bps spread_b=-12.3bps | min=30.0bps
2026-05-09 16:45:51,808 | INFO | fetch_order_book: symbol=CHIP/USDC limit=20
2026-05-09 16:45:52,063 | INFO | fetch_order_book: mid=0.06594 spread=6.07bps bids=20 asks=20
2026-05-09 16:45:52,985 | INFO | SPREAD | pair=CHIP/USDC | cex=0.06592/0.06596 | dex_sell=0.065954 dex_buy=0.065971 | spread_a=-0.9bps spread_b=-7.7bps | min=30.0bps
2026-05-09 16:45:53,988 | INFO | fetch_order_book: symbol=CHIP/USDC limit=20
2026-05-09 16:45:54,271 | INFO | fetch_order_book: mid=0.06594 spread=6.07bps bids=20 asks=20
2026-05-09 16:45:55,115 | INFO | SPREAD | pair=CHIP/USDC | cex=0.06592/0.06596 | dex_sell=0.065954 dex_buy=0.065971 | spread_a=-0.9bps spread_b=-7.7bps | min=30.0bps
2026-05-09 16:45:56,118 | INFO | fetch_order_book: symbol=CHIP/USDC limit=20
2026-05-09 16:45:56,375 | INFO | fetch_order_book: mid=0.06594 spread=6.07bps bids=20 asks=20
2026-05-09 16:45:57,267 | INFO | SPREAD | pair=CHIP/USDC | cex=0.06592/0.06596 | dex_sell=0.065954 dex_buy=0.065971 | spread_a=-0.9bps spread_b=-7.7bps | min=30.0bps
2026-05-09 16:45:58,271 | INFO | fetch_order_book: symbol=CHIP/USDC limit=20
2026-05-09 16:45:58,532 | INFO | fetch_order_book: mid=0.06594 spread=6.07bps bids=20 asks=20
2026-05-09 16:45:59,384 | INFO | SPREAD | pair=CHIP/USDC | cex=0.06592/0.06596 | dex_sell=0.065954 dex_buy=0.065971 | spread_a=-0.9bps spread_b=-7.7bps | min=30.0bps
2026-05-09 16:46:00,387 | INFO | fetch_order_book: symbol=CHIP/USDC limit=20
2026-05-09 16:46:00,644 | INFO | fetch_order_book: mid=0.06595 spread=3.03bps bids=20 asks=20
2026-05-09 16:46:01,543 | INFO | SPREAD | pair=CHIP/USDC | cex=0.06594/0.06596 | dex_sell=0.065954 dex_buy=0.065971 | spread_a=-0.9bps spread_b=-4.7bps | min=30.0bps
2026-05-09 16:46:02,547 | INFO | fetch_order_book: symbol=CHIP/USDC limit=20
2026-05-09 16:46:02,891 | INFO | fetch_order_book: mid=0.06597 spread=6.06bps bids=20 asks=20
2026-05-09 16:46:03,782 | INFO | SPREAD | pair=CHIP/USDC | cex=0.06595/0.06599 | dex_sell=0.0659802 dex_buy=0.0659971 | spread_a=-1.5bps spread_b=-7.1bps | min=30.0bps
2026-05-09 16:46:04,785 | INFO | fetch_order_book: symbol=CHIP/USDC limit=20
2026-05-09 16:46:05,042 | INFO | fetch_order_book: mid=0.065975 spread=4.55bps bids=20 asks=20
2026-05-09 16:46:05,940 | INFO | SPREAD | pair=CHIP/USDC | cex=0.06596/0.06599 | dex_sell=0.0659802 dex_buy=0.0659971 | spread_a=-1.5bps spread_b=-5.6bps | min=30.0bps
2026-05-09 16:46:06,943 | INFO | fetch_order_book: symbol=CHIP/USDC limit=20
2026-05-09 16:46:07,205 | INFO | fetch_order_book: mid=0.065955 spread=4.55bps bids=20 asks=20
2026-05-09 16:46:08,078 | INFO | SPREAD | pair=CHIP/USDC | cex=0.06594/0.06597 | dex_sell=0.0659802 dex_buy=0.0659971 | spread_a=1.5bps spread_b=-8.7bps | min=30.0bps
2026-05-09 16:46:09,081 | INFO | fetch_order_book: symbol=CHIP/USDC limit=20
2026-05-09 16:46:09,526 | INFO | fetch_order_book: mid=0.06596 spread=3.03bps bids=20 asks=20
2026-05-09 16:46:10,444 | INFO | SPREAD | pair=CHIP/USDC | cex=0.06595/0.06597 | dex_sell=0.0659802 dex_buy=0.0659971 | spread_a=1.5bps spread_b=-7.1bps | min=30.0bps
2026-05-09 16:46:11,446 | INFO | fetch_order_book: symbol=CHIP/USDC limit=20
2026-05-09 16:46:11,701 | INFO | fetch_order_book: mid=0.06596 spread=3.03bps bids=20 asks=20
2026-05-09 16:46:12,585 | INFO | SPREAD | pair=CHIP/USDC | cex=0.06595/0.06597 | dex_sell=0.0659802 dex_buy=0.0659971 | spread_a=1.5bps spread_b=-7.1bps | min=30.0bps
2026-05-09 16:46:13,588 | INFO | fetch_order_book: symbol=CHIP/USDC limit=20
2026-05-09 16:46:13,845 | INFO | fetch_order_book: mid=0.06596 spread=3.03bps bids=20 asks=20
2026-05-09 16:46:14,756 | INFO | SPREAD | pair=CHIP/USDC | cex=0.06595/0.06597 | dex_sell=0.0659802 dex_buy=0.0659971 | spread_a=1.5bps spread_b=-7.1bps | min=30.0bps
2026-05-09 16:46:15,760 | INFO | fetch_order_book: symbol=CHIP/USDC limit=20
2026-05-09 16:46:16,033 | INFO | fetch_order_book: mid=0.06596 spread=3.03bps bids=20 asks=20
2026-05-09 16:46:16,887 | INFO | SPREAD | pair=CHIP/USDC | cex=0.06595/0.06597 | dex_sell=0.0659802 dex_buy=0.0659971 | spread_a=1.5bps spread_b=-7.1bps | min=30.0bps
2026-05-09 16:46:17,891 | INFO | fetch_order_book: symbol=CHIP/USDC limit=20
2026-05-09 16:46:18,149 | INFO | fetch_order_book: mid=0.065965 spread=1.52bps bids=20 asks=20
2026-05-09 16:46:19,037 | INFO | SPREAD | pair=CHIP/USDC | cex=0.06596/0.06597 | dex_sell=0.0659802 dex_buy=0.0659971 | spread_a=1.5bps spread_b=-5.6bps | min=30.0bps
2026-05-09 16:46:20,040 | INFO | fetch_order_book: symbol=CHIP/USDC limit=20
2026-05-09 16:46:20,298 | INFO | fetch_order_book: mid=0.065965 spread=1.52bps bids=20 asks=20
2026-05-09 16:46:21,209 | INFO | SPREAD | pair=CHIP/USDC | cex=0.06596/0.06597 | dex_sell=0.0659802 dex_buy=0.0659971 | spread_a=1.5bps spread_b=-5.6bps | min=30.0bps
2026-05-09 16:46:22,212 | INFO | fetch_order_book: symbol=CHIP/USDC limit=20
2026-05-09 16:46:22,472 | INFO | fetch_order_book: mid=0.066005 spread=4.55bps bids=20 asks=20
2026-05-09 16:46:23,493 | INFO | SPREAD | pair=CHIP/USDC | cex=0.06599/0.06602 | dex_sell=0.0659802 dex_buy=0.0659971 | spread_a=-6.0bps spread_b=-1.1bps | min=30.0bps
2026-05-09 16:46:24,498 | INFO | fetch_order_book: symbol=CHIP/USDC limit=20
2026-05-09 16:46:24,760 | INFO | fetch_order_book: mid=0.065995 spread=4.55bps bids=20 asks=20
2026-05-09 16:46:25,674 | INFO | SPREAD | pair=CHIP/USDC | cex=0.06598/0.06601 | dex_sell=0.0660006 dex_buy=0.06602 | spread_a=-1.4bps spread_b=-6.1bps | min=30.0bps
2026-05-09 16:46:26,677 | INFO | fetch_order_book: symbol=CHIP/USDC limit=20
2026-05-09 16:46:26,930 | INFO | fetch_order_book: mid=0.06599 spread=6.06bps bids=20 asks=20
2026-05-09 16:46:27,871 | INFO | SPREAD | pair=CHIP/USDC | cex=0.06597/0.06601 | dex_sell=0.0660006 dex_buy=0.06602 | spread_a=-1.4bps spread_b=-7.6bps | min=30.0bps
2026-05-09 16:46:28,874 | INFO | fetch_order_book: symbol=CHIP/USDC limit=20
2026-05-09 16:46:29,131 | INFO | fetch_order_book: mid=0.065995 spread=4.55bps bids=20 asks=20
2026-05-09 16:46:30,031 | INFO | SPREAD | pair=CHIP/USDC | cex=0.06598/0.06601 | dex_sell=0.0660006 dex_buy=0.06602 | spread_a=-1.4bps spread_b=-6.1bps | min=30.0bps
2026-05-09 16:46:31,034 | INFO | fetch_order_book: symbol=CHIP/USDC limit=20
2026-05-09 16:46:31,293 | INFO | fetch_order_book: mid=0.065975 spread=1.52bps bids=20 asks=20
2026-05-09 16:46:32,200 | INFO | SPREAD | pair=CHIP/USDC | cex=0.06597/0.06598 | dex_sell=0.0660006 dex_buy=0.06602 | spread_a=3.1bps spread_b=-7.6bps | min=30.0bps
2026-05-09 16:46:33,204 | INFO | fetch_order_book: symbol=CHIP/USDC limit=20
2026-05-09 16:46:33,494 | INFO | fetch_order_book: mid=0.06597 spread=3.03bps bids=20 asks=20
2026-05-09 16:46:34,338 | INFO | SPREAD | pair=CHIP/USDC | cex=0.06596/0.06598 | dex_sell=0.0660006 dex_buy=0.06602 | spread_a=3.1bps spread_b=-9.1bps | min=30.0bps
2026-05-09 16:46:35,341 | INFO | fetch_order_book: symbol=CHIP/USDC limit=20
2026-05-09 16:46:35,598 | INFO | fetch_order_book: mid=0.065965 spread=4.55bps bids=20 asks=20
2026-05-09 16:46:36,548 | INFO | SPREAD | pair=CHIP/USDC | cex=0.06595/0.06598 | dex_sell=0.0660006 dex_buy=0.06602 | spread_a=3.1bps spread_b=-10.6bps | min=30.0bps
2026-05-09 16:46:37,552 | INFO | fetch_order_book: symbol=CHIP/USDC limit=20
2026-05-09 16:46:37,941 | INFO | fetch_order_book: mid=0.065965 spread=4.55bps bids=20 asks=20
2026-05-09 16:46:38,787 | INFO | SPREAD | pair=CHIP/USDC | cex=0.06595/0.06598 | dex_sell=0.0660006 dex_buy=0.06602 | spread_a=3.1bps spread_b=-10.6bps | min=30.0bps
2026-05-09 16:46:39,790 | INFO | fetch_order_book: symbol=CHIP/USDC limit=20
2026-05-09 16:46:40,059 | INFO | fetch_order_book: mid=0.06597 spread=3.03bps bids=20 asks=20
2026-05-09 16:46:40,988 | INFO | SPREAD | pair=CHIP/USDC | cex=0.06596/0.06598 | dex_sell=0.0660006 dex_buy=0.06602 | spread_a=3.1bps spread_b=-9.1bps | min=30.0bps
2026-05-09 16:46:41,991 | INFO | fetch_order_book: symbol=CHIP/USDC limit=20
2026-05-09 16:46:42,248 | INFO | fetch_order_book: mid=0.06597 spread=3.03bps bids=20 asks=20
2026-05-09 16:46:42,793 | INFO | HOURLY_SUMMARY | signals=0 | passed_score=0 | passed_validator=0 | passed_risk=0 | trades=0 | success=0 | failed=0 | execution_rate=0.0% | errors={}
2026-05-09 16:46:43,148 | INFO | SPREAD | pair=CHIP/USDC | cex=0.06596/0.06598 | dex_sell=0.0660006 dex_buy=0.06602 | spread_a=3.1bps spread_b=-9.1bps | min=30.0bps
2026-05-09 16:46:44,151 | INFO | fetch_order_book: symbol=CHIP/USDC limit=20
2026-05-09 16:46:44,456 | INFO | fetch_order_book: mid=0.06597 spread=3.03bps bids=20 asks=20
2026-05-09 16:46:45,356 | INFO | SPREAD | pair=CHIP/USDC | cex=0.06596/0.06598 | dex_sell=0.0660006 dex_buy=0.06602 | spread_a=3.1bps spread_b=-9.1bps | min=30.0bps
2026-05-09 16:46:46,359 | INFO | fetch_order_book: symbol=CHIP/USDC limit=20
2026-05-09 16:46:46,615 | INFO | fetch_order_book: mid=0.065965 spread=4.55bps bids=20 asks=20
2026-05-09 16:46:47,493 | INFO | SPREAD | pair=CHIP/USDC | cex=0.06595/0.06598 | dex_sell=0.0660006 dex_buy=0.06602 | spread_a=3.1bps spread_b=-10.6bps | min=30.0bps
2026-05-09 16:46:48,497 | INFO | fetch_order_book: symbol=CHIP/USDC limit=20
2026-05-09 16:46:48,752 | INFO | fetch_order_book: mid=0.065965 spread=4.55bps bids=20 asks=20
2026-05-09 16:46:49,645 | INFO | SPREAD | pair=CHIP/USDC | cex=0.06595/0.06598 | dex_sell=0.0660006 dex_buy=0.06602 | spread_a=3.1bps spread_b=-10.6bps | min=30.0bps
2026-05-09 16:46:50,647 | INFO | fetch_order_book: symbol=CHIP/USDC limit=20
2026-05-09 16:46:50,905 | INFO | fetch_order_book: mid=0.065965 spread=4.55bps bids=20 asks=20
2026-05-09 16:46:51,855 | INFO | SPREAD | pair=CHIP/USDC | cex=0.06595/0.06598 | dex_sell=0.0660006 dex_buy=0.06602 | spread_a=3.1bps spread_b=-10.6bps | min=30.0bps
2026-05-09 16:46:52,859 | INFO | fetch_order_book: symbol=CHIP/USDC limit=20
2026-05-09 16:46:53,111 | INFO | fetch_order_book: mid=0.065975 spread=1.52bps bids=20 asks=20
2026-05-09 16:46:54,011 | INFO | SPREAD | pair=CHIP/USDC | cex=0.06597/0.06598 | dex_sell=0.0660006 dex_buy=0.06602 | spread_a=3.1bps spread_b=-7.6bps | min=30.0bps
2026-05-09 16:46:55,015 | INFO | fetch_order_book: symbol=CHIP/USDC limit=20
2026-05-09 16:46:55,271 | INFO | fetch_order_book: mid=0.065975 spread=1.52bps bids=20 asks=20
2026-05-09 16:46:56,147 | INFO | SPREAD | pair=CHIP/USDC | cex=0.06597/0.06598 | dex_sell=0.0660006 dex_buy=0.06602 | spread_a=3.1bps spread_b=-7.6bps | min=30.0bps
2026-05-09 16:46:57,150 | INFO | fetch_order_book: symbol=CHIP/USDC limit=20
2026-05-09 16:46:57,406 | INFO | fetch_order_book: mid=0.065975 spread=1.52bps bids=20 asks=20
2026-05-09 16:46:58,302 | INFO | SPREAD | pair=CHIP/USDC | cex=0.06597/0.06598 | dex_sell=0.0660006 dex_buy=0.06602 | spread_a=3.1bps spread_b=-7.6bps | min=30.0bps
2026-05-09 16:46:59,306 | INFO | fetch_order_book: symbol=CHIP/USDC limit=20
2026-05-09 16:46:59,694 | INFO | fetch_order_book: mid=0.065995 spread=4.55bps bids=20 asks=20
2026-05-09 16:47:00,780 | INFO | SPREAD | pair=CHIP/USDC | cex=0.06598/0.06601 | dex_sell=0.0660006 dex_buy=0.06602 | spread_a=-1.4bps spread_b=-6.1bps | min=30.0bps
2026-05-09 16:47:01,784 | INFO | fetch_order_book: symbol=CHIP/USDC limit=20
2026-05-09 16:47:02,069 | INFO | fetch_order_book: mid=0.065955 spread=4.55bps bids=20 asks=20
2026-05-09 16:47:03,089 | INFO | SPREAD | pair=CHIP/USDC | cex=0.06594/0.06597 | dex_sell=0.0660006 dex_buy=0.06602 | spread_a=4.6bps spread_b=-12.1bps | min=30.0bps
2026-05-09 16:47:04,092 | INFO | fetch_order_book: symbol=CHIP/USDC limit=20
2026-05-09 16:47:04,353 | INFO | fetch_order_book: mid=0.065945 spread=1.52bps bids=20 asks=20
2026-05-09 16:47:05,208 | INFO | SPREAD | pair=CHIP/USDC | cex=0.06594/0.06595 | dex_sell=0.0659741 dex_buy=0.0659911 | spread_a=3.7bps spread_b=-7.7bps | min=30.0bps
2026-05-09 16:47:06,212 | INFO | fetch_order_book: symbol=CHIP/USDC limit=20
2026-05-09 16:47:06,479 | INFO | fetch_order_book: mid=0.065945 spread=1.52bps bids=20 asks=20
2026-05-09 16:47:07,407 | INFO | SPREAD | pair=CHIP/USDC | cex=0.06594/0.06595 | dex_sell=0.0659539 dex_buy=0.0659709 | spread_a=0.6bps spread_b=-4.7bps | min=30.0bps
2026-05-09 16:47:08,410 | INFO | fetch_order_book: symbol=CHIP/USDC limit=20
2026-05-09 16:47:08,664 | INFO | fetch_order_book: mid=0.065945 spread=1.52bps bids=20 asks=20
2026-05-09 16:47:09,543 | INFO | SPREAD | pair=CHIP/USDC | cex=0.06594/0.06595 | dex_sell=0.0659539 dex_buy=0.0659709 | spread_a=0.6bps spread_b=-4.7bps | min=30.0bps
2026-05-09 16:47:10,547 | INFO | fetch_order_book: symbol=CHIP/USDC limit=20
2026-05-09 16:47:10,808 | INFO | fetch_order_book: mid=0.065945 spread=1.52bps bids=20 asks=20
2026-05-09 16:47:11,706 | INFO | SPREAD | pair=CHIP/USDC | cex=0.06594/0.06595 | dex_sell=0.0659539 dex_buy=0.0659709 | spread_a=0.6bps spread_b=-4.7bps | min=30.0bps
2026-05-09 16:47:12,710 | INFO | fetch_order_book: symbol=CHIP/USDC limit=20
2026-05-09 16:47:13,060 | INFO | fetch_order_book: mid=0.065945 spread=1.52bps bids=20 asks=20
2026-05-09 16:47:13,890 | INFO | SPREAD | pair=CHIP/USDC | cex=0.06594/0.06595 | dex_sell=0.0659539 dex_buy=0.0659709 | spread_a=0.6bps spread_b=-4.7bps | min=30.0bps
2026-05-09 16:47:14,893 | INFO | fetch_order_book: symbol=CHIP/USDC limit=20
2026-05-09 16:47:15,151 | INFO | fetch_order_book: mid=0.065935 spread=1.52bps bids=20 asks=20
2026-05-09 16:47:16,121 | INFO | SPREAD | pair=CHIP/USDC | cex=0.06593/0.06594 | dex_sell=0.0659539 dex_buy=0.0659709 | spread_a=2.1bps spread_b=-6.2bps | min=30.0bps
2026-05-09 16:47:17,124 | INFO | fetch_order_book: symbol=CHIP/USDC limit=20
2026-05-09 16:47:17,381 | INFO | fetch_order_book: mid=0.065935 spread=1.52bps bids=20 asks=20
2026-05-09 16:47:18,209 | INFO | SPREAD | pair=CHIP/USDC | cex=0.06593/0.06594 | dex_sell=0.0659539 dex_buy=0.0659709 | spread_a=2.1bps spread_b=-6.2bps | min=30.0bps
2026-05-09 16:47:19,211 | INFO | fetch_order_book: symbol=CHIP/USDC limit=20
2026-05-09 16:47:19,470 | INFO | fetch_order_book: mid=0.065935 spread=1.52bps bids=20 asks=20
2026-05-09 16:47:20,399 | INFO | SPREAD | pair=CHIP/USDC | cex=0.06593/0.06594 | dex_sell=0.0659539 dex_buy=0.0659709 | spread_a=2.1bps spread_b=-6.2bps | min=30.0bps
2026-05-09 16:47:21,402 | INFO | fetch_order_book: symbol=CHIP/USDC limit=20
2026-05-09 16:47:21,661 | INFO | fetch_order_book: mid=0.06597 spread=3.03bps bids=20 asks=20
2026-05-09 16:47:22,606 | INFO | SPREAD | pair=CHIP/USDC | cex=0.06596/0.06598 | dex_sell=0.0659539 dex_buy=0.065997 | spread_a=-3.9bps spread_b=-5.6bps | min=30.0bps
2026-05-09 16:47:23,609 | INFO | fetch_order_book: symbol=CHIP/USDC limit=20
2026-05-09 16:47:23,865 | INFO | fetch_order_book: mid=0.065965 spread=4.55bps bids=20 asks=20
2026-05-09 16:47:24,839 | INFO | SPREAD | pair=CHIP/USDC | cex=0.06595/0.06598 | dex_sell=0.0659801 dex_buy=0.065997 | spread_a=0.0bps spread_b=-7.1bps | min=30.0bps
2026-05-09 16:47:25,843 | INFO | fetch_order_book: symbol=CHIP/USDC limit=20
2026-05-09 16:47:26,099 | INFO | fetch_order_book: mid=0.065965 spread=4.55bps bids=20 asks=20
2026-05-09 16:47:26,964 | INFO | SPREAD | pair=CHIP/USDC | cex=0.06595/0.06598 | dex_sell=0.0659801 dex_buy=0.065997 | spread_a=0.0bps spread_b=-7.1bps | min=30.0bps
2026-05-09 16:47:27,968 | INFO | fetch_order_book: symbol=CHIP/USDC limit=20
2026-05-09 16:47:28,224 | INFO | fetch_order_book: mid=0.06593 spread=3.03bps bids=20 asks=20
2026-05-09 16:47:29,210 | INFO | SPREAD | pair=CHIP/USDC | cex=0.06592/0.06594 | dex_sell=0.0659539 dex_buy=0.0659709 | spread_a=2.1bps spread_b=-7.7bps | min=30.0bps
2026-05-09 16:47:30,213 | INFO | fetch_order_book: symbol=CHIP/USDC limit=20
2026-05-09 16:47:30,956 | INFO | fetch_order_book: mid=0.06593 spread=3.03bps bids=20 asks=20
2026-05-09 16:47:31,934 | INFO | SPREAD | pair=CHIP/USDC | cex=0.06592/0.06594 | dex_sell=0.0659539 dex_buy=0.0659709 | spread_a=2.1bps spread_b=-7.7bps | min=30.0bps
2026-05-09 16:47:32,937 | INFO | fetch_order_book: symbol=CHIP/USDC limit=20
2026-05-09 16:47:33,194 | INFO | fetch_order_book: mid=0.06593 spread=3.03bps bids=20 asks=20
2026-05-09 16:47:34,109 | INFO | SPREAD | pair=CHIP/USDC | cex=0.06592/0.06594 | dex_sell=0.0659539 dex_buy=0.0659709 | spread_a=2.1bps spread_b=-7.7bps | min=30.0bps
2026-05-09 16:47:35,113 | INFO | fetch_order_book: symbol=CHIP/USDC limit=20
2026-05-09 16:47:35,369 | INFO | fetch_order_book: mid=0.06593 spread=3.03bps bids=20 asks=20
2026-05-09 16:47:36,210 | INFO | SPREAD | pair=CHIP/USDC | cex=0.06592/0.06594 | dex_sell=0.0659539 dex_buy=0.0659709 | spread_a=2.1bps spread_b=-7.7bps | min=30.0bps
2026-05-09 16:47:37,214 | INFO | fetch_order_book: symbol=CHIP/USDC limit=20
2026-05-09 16:47:37,467 | INFO | fetch_order_book: mid=0.06593 spread=3.03bps bids=20 asks=20
2026-05-09 16:47:38,614 | INFO | SPREAD | pair=CHIP/USDC | cex=0.06592/0.06594 | dex_sell=0.0659539 dex_buy=0.0659709 | spread_a=2.1bps spread_b=-7.7bps | min=30.0bps
2026-05-09 16:47:39,618 | INFO | fetch_order_book: symbol=CHIP/USDC limit=20
2026-05-09 16:47:39,871 | INFO | fetch_order_book: mid=0.06593 spread=3.03bps bids=20 asks=20
2026-05-09 16:47:40,900 | INFO | SPREAD | pair=CHIP/USDC | cex=0.06592/0.06594 | dex_sell=0.0659539 dex_buy=0.0659709 | spread_a=2.1bps spread_b=-7.7bps | min=30.0bps
2026-05-09 16:47:41,903 | INFO | fetch_order_book: symbol=CHIP/USDC limit=20
2026-05-09 16:47:42,160 | INFO | fetch_order_book: mid=0.065945 spread=4.55bps bids=20 asks=20
2026-05-09 16:47:45,724 | INFO | SPREAD | pair=CHIP/USDC | cex=0.06593/0.06596 | dex_sell=0.0659539 dex_buy=0.0659709 | spread_a=-0.9bps spread_b=-6.2bps | min=30.0bps
2026-05-09 16:47:46,728 | INFO | fetch_order_book: symbol=CHIP/USDC limit=20
2026-05-09 16:47:47,022 | INFO | fetch_order_book: mid=0.06594 spread=6.07bps bids=20 asks=20
2026-05-09 16:47:47,949 | INFO | SPREAD | pair=CHIP/USDC | cex=0.06592/0.06596 | dex_sell=0.0659539 dex_buy=0.0659709 | spread_a=-0.9bps spread_b=-7.7bps | min=30.0bps
2026-05-09 16:47:48,952 | INFO | fetch_order_book: symbol=CHIP/USDC limit=20
2026-05-09 16:47:49,211 | INFO | fetch_order_book: mid=0.065945 spread=4.55bps bids=20 asks=20
2026-05-09 16:47:50,105 | INFO | SPREAD | pair=CHIP/USDC | cex=0.06593/0.06596 | dex_sell=0.0659539 dex_buy=0.0659709 | spread_a=-0.9bps spread_b=-6.2bps | min=30.0bps
2026-05-09 16:47:51,108 | INFO | fetch_order_book: symbol=CHIP/USDC limit=20
2026-05-09 16:47:51,400 | INFO | fetch_order_book: mid=0.065935 spread=4.55bps bids=20 asks=20
2026-05-09 16:47:52,306 | INFO | SPREAD | pair=CHIP/USDC | cex=0.06592/0.06595 | dex_sell=0.0659539 dex_buy=0.0659709 | spread_a=0.6bps spread_b=-7.7bps | min=30.0bps
2026-05-09 16:47:53,309 | INFO | fetch_order_book: symbol=CHIP/USDC limit=20
2026-05-09 16:47:53,592 | INFO | fetch_order_book: mid=0.065965 spread=4.55bps bids=20 asks=20
2026-05-09 16:47:54,617 | INFO | SPREAD | pair=CHIP/USDC | cex=0.06595/0.06598 | dex_sell=0.0659539 dex_buy=0.0659709 | spread_a=-3.9bps spread_b=-3.2bps | min=30.0bps
2026-05-09 16:47:55,621 | INFO | fetch_order_book: symbol=CHIP/USDC limit=20
2026-05-09 16:47:56,364 | INFO | fetch_order_book: mid=0.06599 spread=3.03bps bids=20 asks=20
2026-05-09 16:47:57,230 | INFO | SPREAD | pair=CHIP/USDC | cex=0.06598/0.066 | dex_sell=0.0659801 dex_buy=0.065997 | spread_a=-3.0bps spread_b=-2.6bps | min=30.0bps
2026-05-09 16:47:58,233 | INFO | fetch_order_book: symbol=CHIP/USDC limit=20
2026-05-09 16:47:58,491 | INFO | fetch_order_book: mid=0.065995 spread=1.52bps bids=20 asks=20
2026-05-09 16:47:59,453 | INFO | SPREAD | pair=CHIP/USDC | cex=0.06599/0.066 | dex_sell=0.0659801 dex_buy=0.065997 | spread_a=-3.0bps spread_b=-1.1bps | min=30.0bps
2026-05-09 16:48:00,456 | INFO | fetch_order_book: symbol=CHIP/USDC limit=20
2026-05-09 16:48:00,722 | INFO | fetch_order_book: mid=0.06601 spread=3.03bps bids=20 asks=20
2026-05-09 16:48:01,602 | INFO | SPREAD | pair=CHIP/USDC | cex=0.066/0.06602 | dex_sell=0.0660007 dex_buy=0.0660202 | spread_a=-2.9bps spread_b=-3.1bps | min=30.0bps
2026-05-09 16:48:02,606 | INFO | fetch_order_book: symbol=CHIP/USDC limit=20
2026-05-09 16:48:02,860 | INFO | fetch_order_book: mid=0.066015 spread=1.51bps bids=20 asks=20
2026-05-09 16:48:03,767 | INFO | SPREAD | pair=CHIP/USDC | cex=0.06601/0.06602 | dex_sell=0.0660007 dex_buy=0.0660202 | spread_a=-2.9bps spread_b=-1.6bps | min=30.0bps
2026-05-09 16:48:04,770 | INFO | fetch_order_book: symbol=CHIP/USDC limit=20
2026-05-09 16:48:05,201 | INFO | fetch_order_book: mid=0.06603 spread=3.03bps bids=20 asks=20
2026-05-09 16:48:06,091 | INFO | SPREAD | pair=CHIP/USDC | cex=0.06602/0.06604 | dex_sell=0.0660007 dex_buy=0.0660598 | spread_a=-6.0bps spread_b=-6.0bps | min=30.0bps
2026-05-09 16:48:07,094 | INFO | fetch_order_book: symbol=CHIP/USDC limit=20
2026-05-09 16:48:07,354 | INFO | fetch_order_book: mid=0.066055 spread=1.51bps bids=20 asks=20
2026-05-09 16:48:08,265 | INFO | SPREAD | pair=CHIP/USDC | cex=0.06605/0.06606 | dex_sell=0.0660376 dex_buy=0.0660598 | spread_a=-3.4bps spread_b=-1.5bps | min=30.0bps
2026-05-09 16:48:09,268 | INFO | fetch_order_book: symbol=CHIP/USDC limit=20
2026-05-09 16:48:09,525 | INFO | fetch_order_book: mid=0.06609 spread=3.03bps bids=20 asks=20
2026-05-09 16:48:10,412 | INFO | SPREAD | pair=CHIP/USDC | cex=0.06608/0.0661 | dex_sell=0.0660376 dex_buy=0.0660598 | spread_a=-9.4bps spread_b=3.1bps | min=30.0bps
2026-05-09 16:48:11,415 | INFO | fetch_order_book: symbol=CHIP/USDC limit=20
2026-05-09 16:48:11,669 | INFO | fetch_order_book: mid=0.06609 spread=3.03bps bids=20 asks=20
2026-05-09 16:48:12,609 | INFO | SPREAD | pair=CHIP/USDC | cex=0.06608/0.0661 | dex_sell=0.0660376 dex_buy=0.0660598 | spread_a=-9.4bps spread_b=3.1bps | min=30.0bps
2026-05-09 16:48:13,612 | INFO | fetch_order_book: symbol=CHIP/USDC limit=20
2026-05-09 16:48:13,872 | INFO | fetch_order_book: mid=0.066095 spread=10.59bps bids=20 asks=20
2026-05-09 16:48:14,772 | INFO | SPREAD | pair=CHIP/USDC | cex=0.06606/0.06613 | dex_sell=0.0660466 dex_buy=0.0660688 | spread_a=-12.6bps spread_b=-1.3bps | min=30.0bps
2026-05-09 16:48:15,776 | INFO | fetch_order_book: symbol=CHIP/USDC limit=20
2026-05-09 16:48:16,048 | INFO | fetch_order_book: mid=0.06610 spread=9.08bps bids=20 asks=20
2026-05-09 16:48:17,038 | INFO | SPREAD | pair=CHIP/USDC | cex=0.06607/0.06613 | dex_sell=0.0660466 dex_buy=0.0660688 | spread_a=-12.6bps spread_b=0.2bps | min=30.0bps
2026-05-09 16:48:18,041 | INFO | fetch_order_book: symbol=CHIP/USDC limit=20
2026-05-09 16:48:18,310 | INFO | fetch_order_book: mid=0.06610 spread=9.08bps bids=20 asks=20
2026-05-09 16:48:19,249 | INFO | SPREAD | pair=CHIP/USDC | cex=0.06607/0.06613 | dex_sell=0.0660466 dex_buy=0.0660688 | spread_a=-12.6bps spread_b=0.2bps | min=30.0bps
2026-05-09 16:48:20,252 | INFO | fetch_order_book: symbol=CHIP/USDC limit=20
2026-05-09 16:48:20,526 | INFO | fetch_order_book: mid=0.06607 spread=9.08bps bids=20 asks=20
2026-05-09 16:48:21,439 | INFO | SPREAD | pair=CHIP/USDC | cex=0.06604/0.0661 | dex_sell=0.0660466 dex_buy=0.0660688 | spread_a=-8.1bps spread_b=-4.4bps | min=30.0bps
2026-05-09 16:48:22,441 | INFO | fetch_order_book: symbol=CHIP/USDC limit=20
2026-05-09 16:48:22,717 | INFO | fetch_order_book: mid=0.06607 spread=9.08bps bids=20 asks=20
2026-05-09 16:48:23,575 | INFO | SPREAD | pair=CHIP/USDC | cex=0.06604/0.0661 | dex_sell=0.0660466 dex_buy=0.0660688 | spread_a=-8.1bps spread_b=-4.4bps | min=30.0bps
2026-05-09 16:48:24,578 | INFO | fetch_order_book: symbol=CHIP/USDC limit=20
2026-05-09 16:48:24,834 | INFO | fetch_order_book: mid=0.066065 spread=7.57bps bids=20 asks=20
2026-05-09 16:48:25,754 | INFO | SPREAD | pair=CHIP/USDC | cex=0.06604/0.06609 | dex_sell=0.0660466 dex_buy=0.0660688 | spread_a=-6.6bps spread_b=-4.4bps | min=30.0bps
2026-05-09 16:48:26,757 | INFO | fetch_order_book: symbol=CHIP/USDC limit=20
2026-05-09 16:48:27,016 | INFO | fetch_order_book: mid=0.06605 spread=6.06bps bids=20 asks=20
2026-05-09 16:48:27,927 | INFO | SPREAD | pair=CHIP/USDC | cex=0.06603/0.06607 | dex_sell=0.0660466 dex_buy=0.0660688 | spread_a=-3.5bps spread_b=-5.9bps | min=30.0bps
2026-05-09 16:48:28,932 | INFO | fetch_order_book: symbol=CHIP/USDC limit=20
2026-05-09 16:48:29,294 | INFO | fetch_order_book: mid=0.06607 spread=6.05bps bids=20 asks=20
2026-05-09 16:48:30,198 | INFO | SPREAD | pair=CHIP/USDC | cex=0.06605/0.06609 | dex_sell=0.0660466 dex_buy=0.0660688 | spread_a=-6.6bps spread_b=-2.8bps | min=30.0bps
2026-05-09 16:48:31,202 | INFO | fetch_order_book: symbol=CHIP/USDC limit=20
2026-05-09 16:48:31,458 | INFO | fetch_order_book: mid=0.066045 spread=7.57bps bids=20 asks=20
2026-05-09 16:48:32,376 | INFO | SPREAD | pair=CHIP/USDC | cex=0.06602/0.06607 | dex_sell=0.0660466 dex_buy=0.0660688 | spread_a=-3.5bps spread_b=-7.4bps | min=30.0bps
2026-05-09 16:48:33,379 | INFO | fetch_order_book: symbol=CHIP/USDC limit=20
2026-05-09 16:48:33,640 | INFO | fetch_order_book: mid=0.066035 spread=4.54bps bids=20 asks=20
2026-05-09 16:48:34,562 | INFO | SPREAD | pair=CHIP/USDC | cex=0.06602/0.06605 | dex_sell=0.0660466 dex_buy=0.0660688 | spread_a=-0.5bps spread_b=-7.4bps | min=30.0bps
2026-05-09 16:48:35,565 | INFO | fetch_order_book: symbol=CHIP/USDC limit=20
2026-05-09 16:48:35,862 | INFO | fetch_order_book: mid=0.066035 spread=4.54bps bids=20 asks=20
2026-05-09 16:48:36,682 | INFO | SPREAD | pair=CHIP/USDC | cex=0.06602/0.06605 | dex_sell=0.0660466 dex_buy=0.0660688 | spread_a=-0.5bps spread_b=-7.4bps | min=30.0bps
2026-05-09 16:48:37,685 | INFO | fetch_order_book: symbol=CHIP/USDC limit=20
2026-05-09 16:48:37,954 | INFO | fetch_order_book: mid=0.06603 spread=3.03bps bids=20 asks=20
2026-05-09 16:48:38,872 | INFO | SPREAD | pair=CHIP/USDC | cex=0.06602/0.06604 | dex_sell=0.0660466 dex_buy=0.0660688 | spread_a=1.0bps spread_b=-7.4bps | min=30.0bps
2026-05-09 16:48:39,875 | INFO | fetch_order_book: symbol=CHIP/USDC limit=20
2026-05-09 16:48:40,134 | INFO | fetch_order_book: mid=0.06603 spread=3.03bps bids=20 asks=20
2026-05-09 16:48:41,029 | INFO | SPREAD | pair=CHIP/USDC | cex=0.06602/0.06604 | dex_sell=0.0660466 dex_buy=0.0660688 | spread_a=1.0bps spread_b=-7.4bps | min=30.0bps
2026-05-09 16:48:42,033 | INFO | fetch_order_book: symbol=CHIP/USDC limit=20
2026-05-09 16:48:42,287 | INFO | fetch_order_book: mid=0.066025 spread=1.51bps bids=20 asks=20
2026-05-09 16:48:43,172 | INFO | SPREAD | pair=CHIP/USDC | cex=0.06602/0.06603 | dex_sell=0.0660466 dex_buy=0.0660688 | spread_a=2.5bps spread_b=-7.4bps | min=30.0bps
2026-05-09 16:48:44,175 | INFO | fetch_order_book: symbol=CHIP/USDC limit=20
2026-05-09 16:48:44,431 | INFO | fetch_order_book: mid=0.066025 spread=1.51bps bids=20 asks=20
2026-05-09 16:48:45,334 | INFO | SPREAD | pair=CHIP/USDC | cex=0.06602/0.06603 | dex_sell=0.0660466 dex_buy=0.0660688 | spread_a=2.5bps spread_b=-7.4bps | min=30.0bps
2026-05-09 16:48:46,337 | INFO | fetch_order_book: symbol=CHIP/USDC limit=20
2026-05-09 16:48:46,596 | INFO | fetch_order_book: mid=0.066025 spread=1.51bps bids=20 asks=20
2026-05-09 16:48:47,511 | INFO | SPREAD | pair=CHIP/USDC | cex=0.06602/0.06603 | dex_sell=0.0660466 dex_buy=0.0660688 | spread_a=2.5bps spread_b=-7.4bps | min=30.0bps
2026-05-09 16:48:48,514 | INFO | fetch_order_book: symbol=CHIP/USDC limit=20
2026-05-09 16:48:48,859 | INFO | fetch_order_book: mid=0.066025 spread=1.51bps bids=20 asks=20
2026-05-09 16:48:49,815 | INFO | SPREAD | pair=CHIP/USDC | cex=0.06602/0.06603 | dex_sell=0.0660466 dex_buy=0.0660688 | spread_a=2.5bps spread_b=-7.4bps | min=30.0bps
2026-05-09 16:48:50,819 | INFO | fetch_order_book: symbol=CHIP/USDC limit=20
2026-05-09 16:48:51,093 | INFO | fetch_order_book: mid=0.066025 spread=1.51bps bids=20 asks=20
2026-05-09 16:48:52,055 | INFO | SPREAD | pair=CHIP/USDC | cex=0.06602/0.06603 | dex_sell=0.0660466 dex_buy=0.0660688 | spread_a=2.5bps spread_b=-7.4bps | min=30.0bps
2026-05-09 16:48:53,058 | INFO | fetch_order_book: symbol=CHIP/USDC limit=20
2026-05-09 16:48:53,318 | INFO | fetch_order_book: mid=0.066025 spread=1.51bps bids=20 asks=20
2026-05-09 16:48:54,233 | INFO | SPREAD | pair=CHIP/USDC | cex=0.06602/0.06603 | dex_sell=0.0660466 dex_buy=0.0660688 | spread_a=2.5bps spread_b=-7.4bps | min=30.0bps
2026-05-09 16:48:55,237 | INFO | fetch_order_book: symbol=CHIP/USDC limit=20
2026-05-09 16:48:55,543 | INFO | fetch_order_book: mid=0.06601 spread=3.03bps bids=20 asks=20
2026-05-09 16:48:56,518 | INFO | SPREAD | pair=CHIP/USDC | cex=0.066/0.06602 | dex_sell=0.0660466 dex_buy=0.0660336 | spread_a=4.0bps spread_b=-5.1bps | min=30.0bps
2026-05-09 16:48:57,522 | INFO | fetch_order_book: symbol=CHIP/USDC limit=20
2026-05-09 16:48:57,778 | INFO | fetch_order_book: mid=0.066005 spread=1.52bps bids=20 asks=20
2026-05-09 16:48:58,644 | INFO | SPREAD | pair=CHIP/USDC | cex=0.066/0.06601 | dex_sell=0.0660115 dex_buy=0.0660336 | spread_a=0.2bps spread_b=-5.1bps | min=30.0bps
2026-05-09 16:48:59,648 | INFO | fetch_order_book: symbol=CHIP/USDC limit=20
2026-05-09 16:48:59,909 | INFO | fetch_order_book: mid=0.065995 spread=4.55bps bids=20 asks=20
2026-05-09 16:49:00,823 | INFO | SPREAD | pair=CHIP/USDC | cex=0.06598/0.06601 | dex_sell=0.0660115 dex_buy=0.0660336 | spread_a=0.2bps spread_b=-8.1bps | min=30.0bps
2026-05-09 16:49:01,828 | INFO | fetch_order_book: symbol=CHIP/USDC limit=20
2026-05-09 16:49:02,087 | INFO | fetch_order_book: mid=0.06595 spread=3.03bps bids=20 asks=20
2026-05-09 16:49:02,934 | INFO | SPREAD | pair=CHIP/USDC | cex=0.06594/0.06596 | dex_sell=0.065984 dex_buy=0.0659709 | spread_a=3.6bps spread_b=-4.7bps | min=30.0bps
2026-05-09 16:49:03,936 | INFO | fetch_order_book: symbol=CHIP/USDC limit=20
2026-05-09 16:49:04,197 | INFO | fetch_order_book: mid=0.06593 spread=3.03bps bids=20 asks=20
2026-05-09 16:49:05,098 | INFO | SPREAD | pair=CHIP/USDC | cex=0.06592/0.06594 | dex_sell=0.0659242 dex_buy=0.0659411 | spread_a=-2.4bps spread_b=-3.2bps | min=30.0bps
2026-05-09 16:49:06,101 | INFO | fetch_order_book: symbol=CHIP/USDC limit=20
2026-05-09 16:49:06,466 | INFO | fetch_order_book: mid=0.065955 spread=7.58bps bids=20 asks=20
2026-05-09 16:49:07,331 | INFO | SPREAD | pair=CHIP/USDC | cex=0.06593/0.06598 | dex_sell=0.0659242 dex_buy=0.0659672 | spread_a=-8.5bps spread_b=-5.6bps | min=30.0bps
2026-05-09 16:49:08,335 | INFO | fetch_order_book: symbol=CHIP/USDC limit=20
2026-05-09 16:49:08,599 | INFO | fetch_order_book: mid=0.065965 spread=4.55bps bids=20 asks=20
2026-05-09 16:49:09,572 | INFO | SPREAD | pair=CHIP/USDC | cex=0.06595/0.06598 | dex_sell=0.0659503 dex_buy=0.0659672 | spread_a=-4.5bps spread_b=-2.6bps | min=30.0bps
2026-05-09 16:49:10,576 | INFO | fetch_order_book: symbol=CHIP/USDC limit=20
2026-05-09 16:49:10,848 | INFO | fetch_order_book: mid=0.06599 spread=6.06bps bids=20 asks=20
2026-05-09 16:49:11,719 | INFO | SPREAD | pair=CHIP/USDC | cex=0.06597/0.06601 | dex_sell=0.0659503 dex_buy=0.065997 | spread_a=-9.0bps spread_b=-4.1bps | min=30.0bps
2026-05-09 16:49:12,720 | INFO | fetch_order_book: symbol=CHIP/USDC limit=20
2026-05-09 16:49:12,981 | INFO | fetch_order_book: mid=0.06598 spread=6.06bps bids=20 asks=20
2026-05-09 16:49:13,876 | INFO | SPREAD | pair=CHIP/USDC | cex=0.06596/0.066 | dex_sell=0.0659801 dex_buy=0.065997 | spread_a=-3.0bps spread_b=-5.6bps | min=30.0bps
2026-05-09 16:49:14,880 | INFO | fetch_order_book: symbol=CHIP/USDC limit=20
2026-05-09 16:49:15,136 | INFO | fetch_order_book: mid=0.06598 spread=6.06bps bids=20 asks=20
2026-05-09 16:49:15,964 | INFO | SPREAD | pair=CHIP/USDC | cex=0.06596/0.066 | dex_sell=0.0659801 dex_buy=0.065997 | spread_a=-3.0bps spread_b=-5.6bps | min=30.0bps
2026-05-09 16:49:16,968 | INFO | fetch_order_book: symbol=CHIP/USDC limit=20
2026-05-09 16:49:17,224 | INFO | fetch_order_book: mid=0.06599 spread=6.06bps bids=20 asks=20
2026-05-09 16:49:18,173 | INFO | SPREAD | pair=CHIP/USDC | cex=0.06597/0.06601 | dex_sell=0.0659801 dex_buy=0.065997 | spread_a=-4.5bps spread_b=-4.1bps | min=30.0bps
2026-05-09 16:49:19,176 | INFO | fetch_order_book: symbol=CHIP/USDC limit=20
2026-05-09 16:49:19,434 | INFO | fetch_order_book: mid=0.06599 spread=6.06bps bids=20 asks=20
2026-05-09 16:49:20,376 | INFO | SPREAD | pair=CHIP/USDC | cex=0.06597/0.06601 | dex_sell=0.0659801 dex_buy=0.065997 | spread_a=-4.5bps spread_b=-4.1bps | min=30.0bps
2026-05-09 16:49:21,379 | INFO | fetch_order_book: symbol=CHIP/USDC limit=20
2026-05-09 16:49:21,633 | INFO | fetch_order_book: mid=0.06599 spread=6.06bps bids=20 asks=20
2026-05-09 16:49:22,642 | INFO | SPREAD | pair=CHIP/USDC | cex=0.06597/0.06601 | dex_sell=0.0659801 dex_buy=0.065997 | spread_a=-4.5bps spread_b=-4.1bps | min=30.0bps
2026-05-09 16:49:23,645 | INFO | fetch_order_book: symbol=CHIP/USDC limit=20
2026-05-09 16:49:23,912 | INFO | fetch_order_book: mid=0.06594 spread=6.07bps bids=20 asks=20
2026-05-09 16:49:24,786 | INFO | SPREAD | pair=CHIP/USDC | cex=0.06592/0.06596 | dex_sell=0.0659801 dex_buy=0.0659711 | spread_a=3.0bps spread_b=-7.7bps | min=30.0bps
2026-05-09 16:49:25,789 | INFO | fetch_order_book: symbol=CHIP/USDC limit=20
2026-05-09 16:49:26,048 | INFO | fetch_order_book: mid=0.065935 spread=4.55bps bids=20 asks=20
2026-05-09 16:49:26,995 | INFO | SPREAD | pair=CHIP/USDC | cex=0.06592/0.06595 | dex_sell=0.0659542 dex_buy=0.0659711 | spread_a=0.6bps spread_b=-7.7bps | min=30.0bps
2026-05-09 16:49:27,997 | INFO | fetch_order_book: symbol=CHIP/USDC limit=20
2026-05-09 16:49:28,257 | INFO | fetch_order_book: mid=0.06594 spread=6.07bps bids=20 asks=20
2026-05-09 16:49:29,129 | INFO | SPREAD | pair=CHIP/USDC | cex=0.06592/0.06596 | dex_sell=0.0659542 dex_buy=0.0659711 | spread_a=-0.9bps spread_b=-7.7bps | min=30.0bps
2026-05-09 16:49:30,132 | INFO | fetch_order_book: symbol=CHIP/USDC limit=20
2026-05-09 16:49:30,386 | INFO | fetch_order_book: mid=0.065965 spread=7.58bps bids=20 asks=20
2026-05-09 16:49:31,311 | INFO | SPREAD | pair=CHIP/USDC | cex=0.06594/0.06599 | dex_sell=0.0659542 dex_buy=0.0659711 | spread_a=-5.4bps spread_b=-4.7bps | min=30.0bps
2026-05-09 16:49:32,314 | INFO | fetch_order_book: symbol=CHIP/USDC limit=20
2026-05-09 16:49:32,579 | INFO | fetch_order_book: mid=0.06597 spread=6.06bps bids=20 asks=20
2026-05-09 16:49:33,430 | INFO | SPREAD | pair=CHIP/USDC | cex=0.06595/0.06599 | dex_sell=0.0659542 dex_buy=0.0659711 | spread_a=-5.4bps spread_b=-3.2bps | min=30.0bps
2026-05-09 16:49:34,433 | INFO | fetch_order_book: symbol=CHIP/USDC limit=20
2026-05-09 16:49:34,697 | INFO | fetch_order_book: mid=0.06594 spread=6.07bps bids=20 asks=20
2026-05-09 16:49:35,611 | INFO | SPREAD | pair=CHIP/USDC | cex=0.06592/0.06596 | dex_sell=0.0659542 dex_buy=0.0659711 | spread_a=-0.9bps spread_b=-7.7bps | min=30.0bps
2026-05-09 16:49:36,614 | INFO | fetch_order_book: symbol=CHIP/USDC limit=20
2026-05-09 16:49:36,912 | INFO | fetch_order_book: mid=0.06593 spread=3.03bps bids=20 asks=20
2026-05-09 16:49:37,842 | INFO | SPREAD | pair=CHIP/USDC | cex=0.06592/0.06594 | dex_sell=0.0659542 dex_buy=0.0659711 | spread_a=2.1bps spread_b=-7.7bps | min=30.0bps
2026-05-09 16:49:38,845 | INFO | fetch_order_book: symbol=CHIP/USDC limit=20
2026-05-09 16:49:39,224 | INFO | fetch_order_book: mid=0.06593 spread=3.03bps bids=20 asks=20
2026-05-09 16:49:40,122 | INFO | SPREAD | pair=CHIP/USDC | cex=0.06592/0.06594 | dex_sell=0.0659542 dex_buy=0.0659711 | spread_a=2.1bps spread_b=-7.7bps | min=30.0bps
2026-05-09 16:49:41,125 | INFO | fetch_order_book: symbol=CHIP/USDC limit=20
2026-05-09 16:49:41,383 | INFO | fetch_order_book: mid=0.065925 spread=1.52bps bids=20 asks=20
2026-05-09 16:49:42,220 | INFO | SPREAD | pair=CHIP/USDC | cex=0.06592/0.06593 | dex_sell=0.0659241 dex_buy=0.0659411 | spread_a=-0.9bps spread_b=-3.2bps | min=30.0bps
2026-05-09 16:49:43,224 | INFO | fetch_order_book: symbol=CHIP/USDC limit=20
2026-05-09 16:49:43,479 | INFO | fetch_order_book: mid=0.06591 spread=3.03bps bids=20 asks=20
2026-05-09 16:49:44,442 | INFO | SPREAD | pair=CHIP/USDC | cex=0.0659/0.06592 | dex_sell=0.0659241 dex_buy=0.0659411 | spread_a=0.6bps spread_b=-6.2bps | min=30.0bps
2026-05-09 16:49:45,446 | INFO | fetch_order_book: symbol=CHIP/USDC limit=20
2026-05-09 16:49:45,810 | INFO | fetch_order_book: mid=0.065905 spread=1.52bps bids=20 asks=20
2026-05-09 16:49:46,702 | INFO | SPREAD | pair=CHIP/USDC | cex=0.0659/0.06591 | dex_sell=0.0659241 dex_buy=0.0659411 | spread_a=2.1bps spread_b=-6.2bps | min=30.0bps
2026-05-09 16:49:47,705 | INFO | fetch_order_book: symbol=CHIP/USDC limit=20
2026-05-09 16:49:47,983 | INFO | fetch_order_book: mid=0.065905 spread=1.52bps bids=20 asks=20
2026-05-09 16:49:48,977 | INFO | SPREAD | pair=CHIP/USDC | cex=0.0659/0.06591 | dex_sell=0.0659241 dex_buy=0.0659411 | spread_a=2.1bps spread_b=-6.2bps | min=30.0bps
2026-05-09 16:49:49,980 | INFO | fetch_order_book: symbol=CHIP/USDC limit=20
2026-05-09 16:49:50,251 | INFO | fetch_order_book: mid=0.06589 spread=3.04bps bids=20 asks=20
2026-05-09 16:49:51,131 | INFO | SPREAD | pair=CHIP/USDC | cex=0.06588/0.0659 | dex_sell=0.0658941 dex_buy=0.065911 | spread_a=-0.9bps spread_b=-4.7bps | min=30.0bps
2026-05-09 16:49:52,133 | INFO | fetch_order_book: symbol=CHIP/USDC limit=20
2026-05-09 16:49:52,486 | INFO | fetch_order_book: mid=0.06589 spread=3.04bps bids=20 asks=20
2026-05-09 16:49:53,457 | INFO | SPREAD | pair=CHIP/USDC | cex=0.06588/0.0659 | dex_sell=0.0658941 dex_buy=0.065911 | spread_a=-0.9bps spread_b=-4.7bps | min=30.0bps
2026-05-09 16:49:54,460 | INFO | fetch_order_book: symbol=CHIP/USDC limit=20
2026-05-09 16:49:54,727 | INFO | fetch_order_book: mid=0.065885 spread=1.52bps bids=20 asks=20
2026-05-09 16:49:55,683 | INFO | SPREAD | pair=CHIP/USDC | cex=0.06588/0.06589 | dex_sell=0.0658941 dex_buy=0.065911 | spread_a=0.6bps spread_b=-4.7bps | min=30.0bps
2026-05-09 16:49:56,686 | INFO | fetch_order_book: symbol=CHIP/USDC limit=20
2026-05-09 16:49:56,958 | INFO | fetch_order_book: mid=0.065875 spread=4.55bps bids=20 asks=20
2026-05-09 16:49:57,862 | INFO | SPREAD | pair=CHIP/USDC | cex=0.06586/0.06589 | dex_sell=0.0658941 dex_buy=0.065911 | spread_a=0.6bps spread_b=-7.7bps | min=30.0bps
2026-05-09 16:49:58,865 | INFO | fetch_order_book: symbol=CHIP/USDC limit=20
2026-05-09 16:49:59,140 | INFO | fetch_order_book: mid=0.065875 spread=4.55bps bids=20 asks=20
2026-05-09 16:49:59,989 | INFO | SPREAD | pair=CHIP/USDC | cex=0.06586/0.06589 | dex_sell=0.0658941 dex_buy=0.065911 | spread_a=0.6bps spread_b=-7.7bps | min=30.0bps
2026-05-09 16:50:00,993 | INFO | fetch_order_book: symbol=CHIP/USDC limit=20
2026-05-09 16:50:01,266 | INFO | fetch_order_book: mid=0.06587 spread=3.04bps bids=20 asks=20
2026-05-09 16:50:02,229 | INFO | SPREAD | pair=CHIP/USDC | cex=0.06586/0.06588 | dex_sell=0.0658941 dex_buy=0.065911 | spread_a=2.1bps spread_b=-7.7bps | min=30.0bps
2026-05-09 16:50:03,232 | INFO | fetch_order_book: symbol=CHIP/USDC limit=20
2026-05-09 16:50:03,488 | INFO | fetch_order_book: mid=0.065865 spread=1.52bps bids=20 asks=20
2026-05-09 16:50:04,380 | INFO | SPREAD | pair=CHIP/USDC | cex=0.06586/0.06587 | dex_sell=0.0658941 dex_buy=0.065911 | spread_a=3.7bps spread_b=-7.7bps | min=30.0bps
2026-05-09 16:50:05,383 | INFO | fetch_order_book: symbol=CHIP/USDC limit=20
2026-05-09 16:50:05,638 | INFO | fetch_order_book: mid=0.065885 spread=4.55bps bids=20 asks=20
2026-05-09 16:50:06,618 | INFO | SPREAD | pair=CHIP/USDC | cex=0.06587/0.0659 | dex_sell=0.0658941 dex_buy=0.065911 | spread_a=-0.9bps spread_b=-6.2bps | min=30.0bps
2026-05-09 16:50:07,622 | INFO | fetch_order_book: symbol=CHIP/USDC limit=20
2026-05-09 16:50:07,894 | INFO | fetch_order_book: mid=0.065885 spread=4.55bps bids=20 asks=20
2026-05-09 16:50:08,766 | INFO | SPREAD | pair=CHIP/USDC | cex=0.06587/0.0659 | dex_sell=0.0658941 dex_buy=0.065911 | spread_a=-0.9bps spread_b=-6.2bps | min=30.0bps
2026-05-09 16:50:09,769 | INFO | fetch_order_book: symbol=CHIP/USDC limit=20
2026-05-09 16:50:10,023 | INFO | fetch_order_book: mid=0.065885 spread=4.55bps bids=20 asks=20
2026-05-09 16:50:11,089 | INFO | SPREAD | pair=CHIP/USDC | cex=0.06587/0.0659 | dex_sell=0.0658941 dex_buy=0.065911 | spread_a=-0.9bps spread_b=-6.2bps | min=30.0bps
2026-05-09 16:50:12,092 | INFO | fetch_order_book: symbol=CHIP/USDC limit=20
2026-05-09 16:50:12,352 | INFO | fetch_order_book: mid=0.06588 spread=6.07bps bids=20 asks=20
2026-05-09 16:50:13,249 | INFO | SPREAD | pair=CHIP/USDC | cex=0.06586/0.0659 | dex_sell=0.0658941 dex_buy=0.065911 | spread_a=-0.9bps spread_b=-7.7bps | min=30.0bps
2026-05-09 16:50:14,253 | INFO | fetch_order_book: symbol=CHIP/USDC limit=20
2026-05-09 16:50:14,572 | INFO | fetch_order_book: mid=0.065875 spread=4.55bps bids=20 asks=20
2026-05-09 16:50:15,452 | INFO | SPREAD | pair=CHIP/USDC | cex=0.06586/0.06589 | dex_sell=0.0658941 dex_buy=0.065911 | spread_a=0.6bps spread_b=-7.7bps | min=30.0bps
2026-05-09 16:50:16,455 | INFO | fetch_order_book: symbol=CHIP/USDC limit=20
2026-05-09 16:50:16,711 | INFO | fetch_order_book: mid=0.065875 spread=4.55bps bids=20 asks=20
2026-05-09 16:50:17,579 | INFO | SPREAD | pair=CHIP/USDC | cex=0.06586/0.06589 | dex_sell=0.0658941 dex_buy=0.065911 | spread_a=0.6bps spread_b=-7.7bps | min=30.0bps
2026-05-09 16:50:18,582 | INFO | fetch_order_book: symbol=CHIP/USDC limit=20
2026-05-09 16:50:18,839 | INFO | fetch_order_book: mid=0.065875 spread=4.55bps bids=20 asks=20
2026-05-09 16:50:19,747 | INFO | SPREAD | pair=CHIP/USDC | cex=0.06586/0.06589 | dex_sell=0.0658941 dex_buy=0.065911 | spread_a=0.6bps spread_b=-7.7bps | min=30.0bps
2026-05-09 16:50:20,750 | INFO | fetch_order_book: symbol=CHIP/USDC limit=20
2026-05-09 16:50:21,004 | INFO | fetch_order_book: mid=0.065905 spread=4.55bps bids=20 asks=20
2026-05-09 16:50:21,891 | INFO | SPREAD | pair=CHIP/USDC | cex=0.06589/0.06592 | dex_sell=0.0658941 dex_buy=0.065911 | spread_a=-3.9bps spread_b=-3.2bps | min=30.0bps
2026-05-09 16:50:22,895 | INFO | fetch_order_book: symbol=CHIP/USDC limit=20
2026-05-09 16:50:23,154 | INFO | fetch_order_book: mid=0.065905 spread=4.55bps bids=20 asks=20
2026-05-09 16:50:24,199 | INFO | SPREAD | pair=CHIP/USDC | cex=0.06589/0.06592 | dex_sell=0.0658941 dex_buy=0.065911 | spread_a=-3.9bps spread_b=-3.2bps | min=30.0bps
2026-05-09 16:50:25,202 | INFO | fetch_order_book: symbol=CHIP/USDC limit=20
2026-05-09 16:50:25,470 | INFO | fetch_order_book: mid=0.06593 spread=3.03bps bids=20 asks=20
2026-05-09 16:50:26,331 | INFO | SPREAD | pair=CHIP/USDC | cex=0.06592/0.06594 | dex_sell=0.0658941 dex_buy=0.065911 | spread_a=-7.0bps spread_b=1.4bps | min=30.0bps
2026-05-09 16:50:27,335 | INFO | fetch_order_book: symbol=CHIP/USDC limit=20
2026-05-09 16:50:27,598 | INFO | fetch_order_book: mid=0.06593 spread=3.03bps bids=20 asks=20
2026-05-09 16:50:28,552 | INFO | SPREAD | pair=CHIP/USDC | cex=0.06592/0.06594 | dex_sell=0.0659195 dex_buy=0.0659364 | spread_a=-3.1bps spread_b=-2.5bps | min=30.0bps
2026-05-09 16:50:29,554 | INFO | fetch_order_book: symbol=CHIP/USDC limit=20
2026-05-09 16:50:29,809 | INFO | fetch_order_book: mid=0.06592 spread=6.07bps bids=20 asks=20
2026-05-09 16:50:30,711 | INFO | SPREAD | pair=CHIP/USDC | cex=0.0659/0.06594 | dex_sell=0.0659195 dex_buy=0.0659364 | spread_a=-3.1bps spread_b=-5.5bps | min=30.0bps
2026-05-09 16:50:31,714 | INFO | fetch_order_book: symbol=CHIP/USDC limit=20
2026-05-09 16:50:32,091 | INFO | fetch_order_book: mid=0.06592 spread=6.07bps bids=20 asks=20
2026-05-09 16:50:33,008 | INFO | SPREAD | pair=CHIP/USDC | cex=0.0659/0.06594 | dex_sell=0.0659195 dex_buy=0.0659364 | spread_a=-3.1bps spread_b=-5.5bps | min=30.0bps
2026-05-09 16:50:34,012 | INFO | fetch_order_book: symbol=CHIP/USDC limit=20
2026-05-09 16:50:34,269 | INFO | fetch_order_book: mid=0.06592 spread=6.07bps bids=20 asks=20
2026-05-09 16:50:35,113 | INFO | SPREAD | pair=CHIP/USDC | cex=0.0659/0.06594 | dex_sell=0.0659195 dex_buy=0.0659364 | spread_a=-3.1bps spread_b=-5.5bps | min=30.0bps
2026-05-09 16:50:36,117 | INFO | fetch_order_book: symbol=CHIP/USDC limit=20
2026-05-09 16:50:36,397 | INFO | fetch_order_book: mid=0.06592 spread=6.07bps bids=20 asks=20
2026-05-09 16:50:37,383 | INFO | SPREAD | pair=CHIP/USDC | cex=0.0659/0.06594 | dex_sell=0.0659195 dex_buy=0.0659364 | spread_a=-3.1bps spread_b=-5.5bps | min=30.0bps
2026-05-09 16:50:38,387 | INFO | fetch_order_book: symbol=CHIP/USDC limit=20
2026-05-09 16:50:38,669 | INFO | fetch_order_book: mid=0.06592 spread=6.07bps bids=20 asks=20
2026-05-09 16:50:39,549 | INFO | SPREAD | pair=CHIP/USDC | cex=0.0659/0.06594 | dex_sell=0.0659195 dex_buy=0.0659364 | spread_a=-3.1bps spread_b=-5.5bps | min=30.0bps
2026-05-09 16:50:40,552 | INFO | fetch_order_book: symbol=CHIP/USDC limit=20
2026-05-09 16:50:40,956 | INFO | fetch_order_book: mid=0.06592 spread=6.07bps bids=20 asks=20
2026-05-09 16:50:41,991 | INFO | SPREAD | pair=CHIP/USDC | cex=0.0659/0.06594 | dex_sell=0.0659195 dex_buy=0.0659364 | spread_a=-3.1bps spread_b=-5.5bps | min=30.0bps
2026-05-09 16:50:42,994 | INFO | fetch_order_book: symbol=CHIP/USDC limit=20
2026-05-09 16:50:43,251 | INFO | fetch_order_book: mid=0.065925 spread=4.55bps bids=20 asks=20
2026-05-09 16:50:44,125 | INFO | SPREAD | pair=CHIP/USDC | cex=0.06591/0.06594 | dex_sell=0.0659195 dex_buy=0.0659364 | spread_a=-3.1bps spread_b=-4.0bps | min=30.0bps
2026-05-09 16:50:45,129 | INFO | fetch_order_book: symbol=CHIP/USDC limit=20
2026-05-09 16:50:45,390 | INFO | fetch_order_book: mid=0.065905 spread=7.59bps bids=20 asks=20
2026-05-09 16:50:46,395 | INFO | SPREAD | pair=CHIP/USDC | cex=0.06588/0.06593 | dex_sell=0.0659195 dex_buy=0.0659364 | spread_a=-1.6bps spread_b=-8.6bps | min=30.0bps
2026-05-09 16:50:47,399 | INFO | fetch_order_book: symbol=CHIP/USDC limit=20
2026-05-09 16:50:47,658 | INFO | fetch_order_book: mid=0.06589 spread=3.04bps bids=20 asks=20
2026-05-09 16:50:48,534 | INFO | SPREAD | pair=CHIP/USDC | cex=0.06588/0.0659 | dex_sell=0.0659195 dex_buy=0.0659364 | spread_a=3.0bps spread_b=-8.6bps | min=30.0bps
2026-05-09 16:50:49,537 | INFO | fetch_order_book: symbol=CHIP/USDC limit=20
2026-05-09 16:50:49,795 | INFO | fetch_order_book: mid=0.06589 spread=3.04bps bids=20 asks=20
2026-05-09 16:50:50,757 | INFO | SPREAD | pair=CHIP/USDC | cex=0.06588/0.0659 | dex_sell=0.0659195 dex_buy=0.0659364 | spread_a=3.0bps spread_b=-8.6bps | min=30.0bps
2026-05-09 16:50:51,760 | INFO | fetch_order_book: symbol=CHIP/USDC limit=20
2026-05-09 16:50:52,014 | INFO | fetch_order_book: mid=0.06589 spread=3.04bps bids=20 asks=20
2026-05-09 16:50:52,870 | INFO | SPREAD | pair=CHIP/USDC | cex=0.06588/0.0659 | dex_sell=0.0659195 dex_buy=0.0659364 | spread_a=3.0bps spread_b=-8.6bps | min=30.0bps
2026-05-09 16:50:53,873 | INFO | fetch_order_book: symbol=CHIP/USDC limit=20
2026-05-09 16:50:54,131 | INFO | fetch_order_book: mid=0.06589 spread=3.04bps bids=20 asks=20
2026-05-09 16:50:55,032 | INFO | SPREAD | pair=CHIP/USDC | cex=0.06588/0.0659 | dex_sell=0.0659195 dex_buy=0.0659364 | spread_a=3.0bps spread_b=-8.6bps | min=30.0bps
2026-05-09 16:50:56,036 | INFO | fetch_order_book: symbol=CHIP/USDC limit=20
2026-05-09 16:50:56,294 | INFO | fetch_order_book: mid=0.065895 spread=4.55bps bids=20 asks=20
2026-05-09 16:50:57,658 | INFO | SPREAD | pair=CHIP/USDC | cex=0.06588/0.06591 | dex_sell=0.0658933 dex_buy=0.0659103 | spread_a=-2.5bps spread_b=-4.6bps | min=30.0bps
2026-05-09 16:50:58,662 | INFO | fetch_order_book: symbol=CHIP/USDC limit=20
2026-05-09 16:50:58,929 | INFO | fetch_order_book: mid=0.06590 spread=6.07bps bids=20 asks=20
2026-05-09 16:50:59,887 | INFO | SPREAD | pair=CHIP/USDC | cex=0.06588/0.06592 | dex_sell=0.0658933 dex_buy=0.0659103 | spread_a=-4.0bps spread_b=-4.6bps | min=30.0bps
2026-05-09 16:51:00,890 | INFO | fetch_order_book: symbol=CHIP/USDC limit=20
2026-05-09 16:51:01,145 | INFO | fetch_order_book: mid=0.06587 spread=3.04bps bids=20 asks=20
2026-05-09 16:51:01,965 | INFO | SPREAD | pair=CHIP/USDC | cex=0.06586/0.06588 | dex_sell=0.0658933 dex_buy=0.0659103 | spread_a=2.0bps spread_b=-7.6bps | min=30.0bps
2026-05-09 16:51:02,969 | INFO | fetch_order_book: symbol=CHIP/USDC limit=20
2026-05-09 16:51:03,308 | INFO | fetch_order_book: mid=0.06586 spread=6.07bps bids=20 asks=20
2026-05-09 16:51:04,294 | INFO | SPREAD | pair=CHIP/USDC | cex=0.06584/0.06588 | dex_sell=0.0658633 dex_buy=0.0658803 | spread_a=-2.5bps spread_b=-6.1bps | min=30.0bps
2026-05-09 16:51:05,297 | INFO | fetch_order_book: symbol=CHIP/USDC limit=20
2026-05-09 16:51:05,614 | INFO | fetch_order_book: mid=0.065845 spread=1.52bps bids=20 asks=20
2026-05-09 16:51:06,457 | INFO | SPREAD | pair=CHIP/USDC | cex=0.06584/0.06585 | dex_sell=0.0658633 dex_buy=0.0658803 | spread_a=2.0bps spread_b=-6.1bps | min=30.0bps
2026-05-09 16:51:07,461 | INFO | fetch_order_book: symbol=CHIP/USDC limit=20
2026-05-09 16:51:07,744 | INFO | fetch_order_book: mid=0.065845 spread=1.52bps bids=20 asks=20
2026-05-09 16:51:08,792 | INFO | SPREAD | pair=CHIP/USDC | cex=0.06584/0.06585 | dex_sell=0.0658633 dex_buy=0.0658803 | spread_a=2.0bps spread_b=-6.1bps | min=30.0bps
2026-05-09 16:51:09,795 | INFO | fetch_order_book: symbol=CHIP/USDC limit=20
2026-05-09 16:51:10,049 | INFO | fetch_order_book: mid=0.06583 spread=3.04bps bids=20 asks=20
2026-05-09 16:51:10,846 | INFO | SPREAD | pair=CHIP/USDC | cex=0.06582/0.06584 | dex_sell=0.0658334 dex_buy=0.0658503 | spread_a=-1.0bps spread_b=-4.6bps | min=30.0bps
2026-05-09 16:51:11,850 | INFO | fetch_order_book: symbol=CHIP/USDC limit=20
2026-05-09 16:51:12,223 | INFO | fetch_order_book: mid=0.06577 spread=3.04bps bids=20 asks=20
2026-05-09 16:51:13,220 | INFO | SPREAD | pair=CHIP/USDC | cex=0.06576/0.06578 | dex_sell=0.0657734 dex_buy=0.0657903 | spread_a=-1.0bps spread_b=-4.6bps | min=30.0bps
2026-05-09 16:51:14,223 | INFO | fetch_order_book: symbol=CHIP/USDC limit=20
2026-05-09 16:51:14,477 | INFO | fetch_order_book: mid=0.065725 spread=1.52bps bids=20 asks=20
2026-05-09 16:51:15,327 | INFO | SPREAD | pair=CHIP/USDC | cex=0.06572/0.06573 | dex_sell=0.0657432 dex_buy=0.0657601 | spread_a=2.0bps spread_b=-6.1bps | min=30.0bps
2026-05-09 16:51:16,330 | INFO | fetch_order_book: symbol=CHIP/USDC limit=20
2026-05-09 16:51:16,591 | INFO | fetch_order_book: mid=0.06574 spread=6.08bps bids=20 asks=20
2026-05-09 16:51:17,447 | INFO | SPREAD | pair=CHIP/USDC | cex=0.06572/0.06576 | dex_sell=0.0657432 dex_buy=0.0657601 | spread_a=-2.6bps spread_b=-6.1bps | min=30.0bps
2026-05-09 16:51:18,450 | INFO | fetch_order_book: symbol=CHIP/USDC limit=20
2026-05-09 16:51:18,707 | INFO | fetch_order_book: mid=0.06574 spread=6.08bps bids=20 asks=20
2026-05-09 16:51:19,636 | INFO | SPREAD | pair=CHIP/USDC | cex=0.06572/0.06576 | dex_sell=0.0657432 dex_buy=0.0657601 | spread_a=-2.6bps spread_b=-6.1bps | min=30.0bps
2026-05-09 16:51:20,640 | INFO | fetch_order_book: symbol=CHIP/USDC limit=20
2026-05-09 16:51:20,896 | INFO | fetch_order_book: mid=0.06571 spread=3.04bps bids=20 asks=20
2026-05-09 16:51:21,815 | INFO | SPREAD | pair=CHIP/USDC | cex=0.0657/0.06572 | dex_sell=0.0657432 dex_buy=0.0657601 | spread_a=3.5bps spread_b=-9.1bps | min=30.0bps
2026-05-09 16:51:22,818 | INFO | fetch_order_book: symbol=CHIP/USDC limit=20
2026-05-09 16:51:23,074 | INFO | fetch_order_book: mid=0.06571 spread=3.04bps bids=20 asks=20
2026-05-09 16:51:23,987 | INFO | SPREAD | pair=CHIP/USDC | cex=0.0657/0.06572 | dex_sell=0.0657432 dex_buy=0.0657601 | spread_a=3.5bps spread_b=-9.1bps | min=30.0bps
2026-05-09 16:51:24,990 | INFO | fetch_order_book: symbol=CHIP/USDC limit=20
2026-05-09 16:51:25,251 | INFO | fetch_order_book: mid=0.06571 spread=3.04bps bids=20 asks=20
2026-05-09 16:51:26,153 | INFO | SPREAD | pair=CHIP/USDC | cex=0.0657/0.06572 | dex_sell=0.0657133 dex_buy=0.0657302 | spread_a=-1.0bps spread_b=-4.6bps | min=30.0bps
2026-05-09 16:51:27,157 | INFO | fetch_order_book: symbol=CHIP/USDC limit=20
2026-05-09 16:51:27,417 | INFO | fetch_order_book: mid=0.06571 spread=3.04bps bids=20 asks=20
2026-05-09 16:51:28,508 | INFO | SPREAD | pair=CHIP/USDC | cex=0.0657/0.06572 | dex_sell=0.0657133 dex_buy=0.0657302 | spread_a=-1.0bps spread_b=-4.6bps | min=30.0bps
2026-05-09 16:51:29,511 | INFO | fetch_order_book: symbol=CHIP/USDC limit=20
2026-05-09 16:51:29,768 | INFO | fetch_order_book: mid=0.06571 spread=3.04bps bids=20 asks=20
2026-05-09 16:51:30,709 | INFO | SPREAD | pair=CHIP/USDC | cex=0.0657/0.06572 | dex_sell=0.0657133 dex_buy=0.0657302 | spread_a=-1.0bps spread_b=-4.6bps | min=30.0bps
2026-05-09 16:51:31,712 | INFO | fetch_order_book: symbol=CHIP/USDC limit=20
2026-05-09 16:51:31,973 | INFO | fetch_order_book: mid=0.06573 spread=6.09bps bids=20 asks=20
2026-05-09 16:51:32,883 | INFO | SPREAD | pair=CHIP/USDC | cex=0.06571/0.06575 | dex_sell=0.0657133 dex_buy=0.0657302 | spread_a=-5.6bps spread_b=-3.1bps | min=30.0bps
2026-05-09 16:51:33,887 | INFO | fetch_order_book: symbol=CHIP/USDC limit=20
2026-05-09 16:51:34,144 | INFO | fetch_order_book: mid=0.06573 spread=6.09bps bids=20 asks=20
2026-05-09 16:51:35,056 | INFO | SPREAD | pair=CHIP/USDC | cex=0.06571/0.06575 | dex_sell=0.0657133 dex_buy=0.0657302 | spread_a=-5.6bps spread_b=-3.1bps | min=30.0bps
2026-05-09 16:51:36,059 | INFO | fetch_order_book: symbol=CHIP/USDC limit=20
2026-05-09 16:51:36,315 | INFO | fetch_order_book: mid=0.065775 spread=4.56bps bids=20 asks=20
2026-05-09 16:51:37,171 | INFO | SPREAD | pair=CHIP/USDC | cex=0.06576/0.06579 | dex_sell=0.0657598 dex_buy=0.0657767 | spread_a=-4.6bps spread_b=-2.5bps | min=30.0bps
2026-05-09 16:51:38,175 | INFO | fetch_order_book: symbol=CHIP/USDC limit=20
2026-05-09 16:51:38,430 | INFO | fetch_order_book: mid=0.065755 spread=4.56bps bids=20 asks=20
2026-05-09 16:51:39,376 | INFO | SPREAD | pair=CHIP/USDC | cex=0.06574/0.06577 | dex_sell=0.0657335 dex_buy=0.0657504 | spread_a=-5.5bps spread_b=-1.6bps | min=30.0bps
2026-05-09 16:51:40,380 | INFO | fetch_order_book: symbol=CHIP/USDC limit=20
2026-05-09 16:51:40,636 | INFO | fetch_order_book: mid=0.06577 spread=6.08bps bids=20 asks=20
2026-05-09 16:51:41,534 | INFO | SPREAD | pair=CHIP/USDC | cex=0.06575/0.06579 | dex_sell=0.0657335 dex_buy=0.0657504 | spread_a=-8.6bps spread_b=-0.1bps | min=30.0bps
2026-05-09 16:51:42,537 | INFO | fetch_order_book: symbol=CHIP/USDC limit=20
2026-05-09 16:51:42,795 | INFO | fetch_order_book: mid=0.065775 spread=7.60bps bids=20 asks=20
2026-05-09 16:51:43,714 | INFO | SPREAD | pair=CHIP/USDC | cex=0.06575/0.0658 | dex_sell=0.0657335 dex_buy=0.0657765 | spread_a=-10.1bps spread_b=-4.0bps | min=30.0bps
2026-05-09 16:51:44,717 | INFO | fetch_order_book: symbol=CHIP/USDC limit=20
2026-05-09 16:51:44,974 | INFO | fetch_order_book: mid=0.06579 spread=3.04bps bids=20 asks=20
2026-05-09 16:51:45,852 | INFO | SPREAD | pair=CHIP/USDC | cex=0.06578/0.0658 | dex_sell=0.0657896 dex_buy=0.0658065 | spread_a=-1.6bps spread_b=-4.0bps | min=30.0bps
2026-05-09 16:51:46,856 | INFO | fetch_order_book: symbol=CHIP/USDC limit=20
2026-05-09 16:51:47,239 | INFO | fetch_order_book: mid=0.06579 spread=3.04bps bids=20 asks=20
2026-05-09 16:51:48,146 | INFO | SPREAD | pair=CHIP/USDC | cex=0.06578/0.0658 | dex_sell=0.0657896 dex_buy=0.0658065 | spread_a=-1.6bps spread_b=-4.0bps | min=30.0bps
2026-05-09 16:51:49,150 | INFO | fetch_order_book: symbol=CHIP/USDC limit=20
2026-05-09 16:51:49,414 | INFO | fetch_order_book: mid=0.06579 spread=3.04bps bids=20 asks=20
2026-05-09 16:51:50,281 | INFO | SPREAD | pair=CHIP/USDC | cex=0.06578/0.0658 | dex_sell=0.0657896 dex_buy=0.0658065 | spread_a=-1.6bps spread_b=-4.0bps | min=30.0bps
2026-05-09 16:51:51,284 | INFO | fetch_order_book: symbol=CHIP/USDC limit=20
2026-05-09 16:51:51,548 | INFO | fetch_order_book: mid=0.06580 spread=6.08bps bids=20 asks=20
2026-05-09 16:51:52,471 | INFO | SPREAD | pair=CHIP/USDC | cex=0.06578/0.06582 | dex_sell=0.0657896 dex_buy=0.0658065 | spread_a=-4.6bps spread_b=-4.0bps | min=30.0bps
2026-05-09 16:51:53,475 | INFO | fetch_order_book: symbol=CHIP/USDC limit=20
2026-05-09 16:51:53,731 | INFO | fetch_order_book: mid=0.06580 spread=6.08bps bids=20 asks=20
2026-05-09 16:51:54,604 | INFO | SPREAD | pair=CHIP/USDC | cex=0.06578/0.06582 | dex_sell=0.0657896 dex_buy=0.0658065 | spread_a=-4.6bps spread_b=-4.0bps | min=30.0bps
2026-05-09 16:51:55,608 | INFO | fetch_order_book: symbol=CHIP/USDC limit=20
2026-05-09 16:51:55,872 | INFO | fetch_order_book: mid=0.065785 spread=7.60bps bids=20 asks=20
2026-05-09 16:51:56,789 | INFO | SPREAD | pair=CHIP/USDC | cex=0.06576/0.06581 | dex_sell=0.0657896 dex_buy=0.0658065 | spread_a=-3.1bps spread_b=-7.1bps | min=30.0bps
2026-05-09 16:51:57,792 | INFO | fetch_order_book: symbol=CHIP/USDC limit=20
2026-05-09 16:51:58,055 | INFO | fetch_order_book: mid=0.06579 spread=6.08bps bids=20 asks=20
2026-05-09 16:51:59,016 | INFO | SPREAD | pair=CHIP/USDC | cex=0.06577/0.06581 | dex_sell=0.0657896 dex_buy=0.0658065 | spread_a=-3.1bps spread_b=-5.6bps | min=30.0bps
2026-05-09 16:52:00,019 | INFO | fetch_order_book: symbol=CHIP/USDC limit=20
2026-05-09 16:52:00,285 | INFO | fetch_order_book: mid=0.06579 spread=6.08bps bids=20 asks=20
2026-05-09 16:52:01,220 | INFO | SPREAD | pair=CHIP/USDC | cex=0.06577/0.06581 | dex_sell=0.0657896 dex_buy=0.0658065 | spread_a=-3.1bps spread_b=-5.6bps | min=30.0bps
2026-05-09 16:52:02,223 | INFO | fetch_order_book: symbol=CHIP/USDC limit=20
2026-05-09 16:52:02,478 | INFO | fetch_order_book: mid=0.06579 spread=6.08bps bids=20 asks=20
2026-05-09 16:52:03,348 | INFO | SPREAD | pair=CHIP/USDC | cex=0.06577/0.06581 | dex_sell=0.0657896 dex_buy=0.0658065 | spread_a=-3.1bps spread_b=-5.6bps | min=30.0bps
2026-05-09 16:52:04,351 | INFO | fetch_order_book: symbol=CHIP/USDC limit=20
2026-05-09 16:52:04,607 | INFO | fetch_order_book: mid=0.06583 spread=3.04bps bids=20 asks=20
2026-05-09 16:52:05,622 | INFO | SPREAD | pair=CHIP/USDC | cex=0.06582/0.06584 | dex_sell=0.0658197 dex_buy=0.0658366 | spread_a=-3.1bps spread_b=-2.5bps | min=30.0bps
2026-05-09 16:52:06,626 | INFO | fetch_order_book: symbol=CHIP/USDC limit=20
2026-05-09 16:52:06,880 | INFO | fetch_order_book: mid=0.065815 spread=7.60bps bids=20 asks=20
2026-05-09 16:52:07,905 | INFO | SPREAD | pair=CHIP/USDC | cex=0.06579/0.06584 | dex_sell=0.0658197 dex_buy=0.0658366 | spread_a=-3.1bps spread_b=-7.1bps | min=30.0bps
2026-05-09 16:52:08,908 | INFO | fetch_order_book: symbol=CHIP/USDC limit=20
2026-05-09 16:52:09,170 | INFO | fetch_order_book: mid=0.06581 spread=6.08bps bids=20 asks=20
2026-05-09 16:52:10,104 | INFO | SPREAD | pair=CHIP/USDC | cex=0.06579/0.06583 | dex_sell=0.0658197 dex_buy=0.0658366 | spread_a=-1.6bps spread_b=-7.1bps | min=30.0bps
2026-05-09 16:52:11,107 | INFO | fetch_order_book: symbol=CHIP/USDC limit=20
2026-05-09 16:52:11,368 | INFO | fetch_order_book: mid=0.06581 spread=6.08bps bids=20 asks=20
2026-05-09 16:52:12,231 | INFO | SPREAD | pair=CHIP/USDC | cex=0.06579/0.06583 | dex_sell=0.0658197 dex_buy=0.0658366 | spread_a=-1.6bps spread_b=-7.1bps | min=30.0bps
2026-05-09 16:52:13,235 | INFO | fetch_order_book: symbol=CHIP/USDC limit=20
2026-05-09 16:52:13,494 | INFO | fetch_order_book: mid=0.065815 spread=7.60bps bids=20 asks=20
2026-05-09 16:52:14,381 | INFO | SPREAD | pair=CHIP/USDC | cex=0.06579/0.06584 | dex_sell=0.0658197 dex_buy=0.0658366 | spread_a=-3.1bps spread_b=-7.1bps | min=30.0bps
2026-05-09 16:52:15,383 | INFO | fetch_order_book: symbol=CHIP/USDC limit=20
2026-05-09 16:52:15,642 | INFO | fetch_order_book: mid=0.065825 spread=4.56bps bids=20 asks=20
2026-05-09 16:52:16,555 | INFO | SPREAD | pair=CHIP/USDC | cex=0.06581/0.06584 | dex_sell=0.0658197 dex_buy=0.0658366 | spread_a=-3.1bps spread_b=-4.0bps | min=30.0bps
2026-05-09 16:52:17,558 | INFO | fetch_order_book: symbol=CHIP/USDC limit=20
2026-05-09 16:52:17,821 | INFO | fetch_order_book: mid=0.065815 spread=4.56bps bids=20 asks=20
2026-05-09 16:52:18,718 | INFO | SPREAD | pair=CHIP/USDC | cex=0.0658/0.06583 | dex_sell=0.0658197 dex_buy=0.0658366 | spread_a=-1.6bps spread_b=-5.6bps | min=30.0bps
2026-05-09 16:52:19,722 | INFO | fetch_order_book: symbol=CHIP/USDC limit=20
2026-05-09 16:52:19,991 | INFO | fetch_order_book: mid=0.06581 spread=6.08bps bids=20 asks=20
2026-05-09 16:52:20,817 | INFO | SPREAD | pair=CHIP/USDC | cex=0.06579/0.06583 | dex_sell=0.0658197 dex_buy=0.0658366 | spread_a=-1.6bps spread_b=-7.1bps | min=30.0bps
2026-05-09 16:52:21,820 | INFO | fetch_order_book: symbol=CHIP/USDC limit=20
2026-05-09 16:52:22,076 | INFO | fetch_order_book: mid=0.065805 spread=7.60bps bids=20 asks=20
2026-05-09 16:52:22,987 | INFO | SPREAD | pair=CHIP/USDC | cex=0.06578/0.06583 | dex_sell=0.0658197 dex_buy=0.0658366 | spread_a=-1.6bps spread_b=-8.6bps | min=30.0bps
2026-05-09 16:52:23,991 | INFO | fetch_order_book: symbol=CHIP/USDC limit=20
2026-05-09 16:52:24,255 | INFO | fetch_order_book: mid=0.065805 spread=7.60bps bids=20 asks=20
2026-05-09 16:52:25,121 | INFO | SPREAD | pair=CHIP/USDC | cex=0.06578/0.06583 | dex_sell=0.0658197 dex_buy=0.0658366 | spread_a=-1.6bps spread_b=-8.6bps | min=30.0bps
2026-05-09 16:52:26,125 | INFO | fetch_order_book: symbol=CHIP/USDC limit=20
2026-05-09 16:52:26,381 | INFO | fetch_order_book: mid=0.065795 spread=4.56bps bids=20 asks=20
2026-05-09 16:52:27,268 | INFO | SPREAD | pair=CHIP/USDC | cex=0.06578/0.06581 | dex_sell=0.0657933 dex_buy=0.0658102 | spread_a=-2.5bps spread_b=-4.6bps | min=30.0bps
2026-05-09 16:52:28,271 | INFO | fetch_order_book: symbol=CHIP/USDC limit=20
2026-05-09 16:52:28,527 | INFO | fetch_order_book: mid=0.065795 spread=4.56bps bids=20 asks=20
2026-05-09 16:52:29,389 | INFO | SPREAD | pair=CHIP/USDC | cex=0.06578/0.06581 | dex_sell=0.0657933 dex_buy=0.0658102 | spread_a=-2.5bps spread_b=-4.6bps | min=30.0bps
2026-05-09 16:52:30,392 | INFO | fetch_order_book: symbol=CHIP/USDC limit=20
2026-05-09 16:52:30,651 | INFO | fetch_order_book: mid=0.065795 spread=4.56bps bids=20 asks=20
2026-05-09 16:52:31,587 | INFO | SPREAD | pair=CHIP/USDC | cex=0.06578/0.06581 | dex_sell=0.0657933 dex_buy=0.0658102 | spread_a=-2.5bps spread_b=-4.6bps | min=30.0bps
2026-05-09 16:52:32,590 | INFO | fetch_order_book: symbol=CHIP/USDC limit=20
2026-05-09 16:52:32,848 | INFO | fetch_order_book: mid=0.065805 spread=4.56bps bids=20 asks=20
2026-05-09 16:52:33,775 | INFO | SPREAD | pair=CHIP/USDC | cex=0.06579/0.06582 | dex_sell=0.0657933 dex_buy=0.0658102 | spread_a=-4.0bps spread_b=-3.1bps | min=30.0bps
2026-05-09 16:52:34,778 | INFO | fetch_order_book: symbol=CHIP/USDC limit=20
2026-05-09 16:52:35,035 | INFO | fetch_order_book: mid=0.065795 spread=4.56bps bids=20 asks=20
2026-05-09 16:52:35,931 | INFO | SPREAD | pair=CHIP/USDC | cex=0.06578/0.06581 | dex_sell=0.0657933 dex_buy=0.0658102 | spread_a=-2.5bps spread_b=-4.6bps | min=30.0bps
2026-05-09 16:52:36,935 | INFO | fetch_order_book: symbol=CHIP/USDC limit=20
2026-05-09 16:52:37,191 | INFO | fetch_order_book: mid=0.06581 spread=6.08bps bids=20 asks=20
2026-05-09 16:52:38,082 | INFO | SPREAD | pair=CHIP/USDC | cex=0.06579/0.06583 | dex_sell=0.0657933 dex_buy=0.0658102 | spread_a=-5.6bps spread_b=-3.1bps | min=30.0bps
2026-05-09 16:52:39,086 | INFO | fetch_order_book: symbol=CHIP/USDC limit=20
2026-05-09 16:52:39,342 | INFO | fetch_order_book: mid=0.06581 spread=6.08bps bids=20 asks=20
2026-05-09 16:52:40,256 | INFO | SPREAD | pair=CHIP/USDC | cex=0.06579/0.06583 | dex_sell=0.0657933 dex_buy=0.0658102 | spread_a=-5.6bps spread_b=-3.1bps | min=30.0bps
2026-05-09 16:52:41,259 | INFO | fetch_order_book: symbol=CHIP/USDC limit=20
2026-05-09 16:52:41,517 | INFO | fetch_order_book: mid=0.06581 spread=6.08bps bids=20 asks=20
2026-05-09 16:52:42,354 | INFO | SPREAD | pair=CHIP/USDC | cex=0.06579/0.06583 | dex_sell=0.0657933 dex_buy=0.0658102 | spread_a=-5.6bps spread_b=-3.1bps | min=30.0bps
2026-05-09 16:52:43,357 | INFO | fetch_order_book: symbol=CHIP/USDC limit=20
2026-05-09 16:52:43,666 | INFO | fetch_order_book: mid=0.06581 spread=6.08bps bids=20 asks=20
2026-05-09 16:52:44,573 | INFO | SPREAD | pair=CHIP/USDC | cex=0.06579/0.06583 | dex_sell=0.0657933 dex_buy=0.0658102 | spread_a=-5.6bps spread_b=-3.1bps | min=30.0bps
2026-05-09 16:52:45,577 | INFO | fetch_order_book: symbol=CHIP/USDC limit=20
2026-05-09 16:52:45,831 | INFO | fetch_order_book: mid=0.065815 spread=7.60bps bids=20 asks=20
2026-05-09 16:52:46,696 | INFO | SPREAD | pair=CHIP/USDC | cex=0.06579/0.06584 | dex_sell=0.0657933 dex_buy=0.0658102 | spread_a=-7.1bps spread_b=-3.1bps | min=30.0bps
2026-05-09 16:52:47,700 | INFO | fetch_order_book: symbol=CHIP/USDC limit=20
2026-05-09 16:52:47,960 | INFO | fetch_order_book: mid=0.065815 spread=7.60bps bids=20 asks=20
2026-05-09 16:52:48,882 | INFO | SPREAD | pair=CHIP/USDC | cex=0.06579/0.06584 | dex_sell=0.0657933 dex_buy=0.0658102 | spread_a=-7.1bps spread_b=-3.1bps | min=30.0bps
2026-05-09 16:52:49,885 | INFO | fetch_order_book: symbol=CHIP/USDC limit=20
2026-05-09 16:52:50,142 | INFO | fetch_order_book: mid=0.065815 spread=7.60bps bids=20 asks=20
2026-05-09 16:52:50,993 | INFO | SPREAD | pair=CHIP/USDC | cex=0.06579/0.06584 | dex_sell=0.0657933 dex_buy=0.0658102 | spread_a=-7.1bps spread_b=-3.1bps | min=30.0bps
2026-05-09 16:52:51,998 | INFO | fetch_order_book: symbol=CHIP/USDC limit=20
2026-05-09 16:52:52,259 | INFO | fetch_order_book: mid=0.065815 spread=7.60bps bids=20 asks=20
2026-05-09 16:52:53,173 | INFO | SPREAD | pair=CHIP/USDC | cex=0.06579/0.06584 | dex_sell=0.0657933 dex_buy=0.0658102 | spread_a=-7.1bps spread_b=-3.1bps | min=30.0bps
2026-05-09 16:52:54,177 | INFO | fetch_order_book: symbol=CHIP/USDC limit=20
2026-05-09 16:52:54,439 | INFO | fetch_order_book: mid=0.065815 spread=7.60bps bids=20 asks=20
2026-05-09 16:52:55,332 | INFO | SPREAD | pair=CHIP/USDC | cex=0.06579/0.06584 | dex_sell=0.0657933 dex_buy=0.0658102 | spread_a=-7.1bps spread_b=-3.1bps | min=30.0bps
2026-05-09 16:52:56,336 | INFO | fetch_order_book: symbol=CHIP/USDC limit=20
2026-05-09 16:52:56,590 | INFO | fetch_order_book: mid=0.065825 spread=4.56bps bids=20 asks=20
2026-05-09 16:52:57,521 | INFO | SPREAD | pair=CHIP/USDC | cex=0.06581/0.06584 | dex_sell=0.0658195 dex_buy=0.0658364 | spread_a=-3.1bps spread_b=-4.0bps | min=30.0bps
2026-05-09 16:52:58,525 | INFO | fetch_order_book: symbol=CHIP/USDC limit=20
2026-05-09 16:52:58,783 | INFO | fetch_order_book: mid=0.065825 spread=4.56bps bids=20 asks=20
2026-05-09 16:52:59,635 | INFO | SPREAD | pair=CHIP/USDC | cex=0.06581/0.06584 | dex_sell=0.0658195 dex_buy=0.0658364 | spread_a=-3.1bps spread_b=-4.0bps | min=30.0bps
2026-05-09 16:53:00,639 | INFO | fetch_order_book: symbol=CHIP/USDC limit=20
2026-05-09 16:53:00,894 | INFO | fetch_order_book: mid=0.06580 spread=9.12bps bids=20 asks=20
2026-05-09 16:53:01,793 | INFO | SPREAD | pair=CHIP/USDC | cex=0.06577/0.06583 | dex_sell=0.0658195 dex_buy=0.0658364 | spread_a=-1.6bps spread_b=-10.1bps | min=30.0bps
2026-05-09 16:53:02,796 | INFO | fetch_order_book: symbol=CHIP/USDC limit=20
2026-05-09 16:53:03,160 | INFO | fetch_order_book: mid=0.065785 spread=4.56bps bids=20 asks=20
2026-05-09 16:53:04,061 | INFO | SPREAD | pair=CHIP/USDC | cex=0.06577/0.0658 | dex_sell=0.0658195 dex_buy=0.0658364 | spread_a=3.0bps spread_b=-10.1bps | min=30.0bps
2026-05-09 16:53:05,065 | INFO | fetch_order_book: symbol=CHIP/USDC limit=20
2026-05-09 16:53:05,425 | INFO | fetch_order_book: mid=0.06578 spread=6.08bps bids=20 asks=20
2026-05-09 16:53:06,510 | INFO | SPREAD | pair=CHIP/USDC | cex=0.06576/0.0658 | dex_sell=0.0657934 dex_buy=0.0658103 | spread_a=-1.0bps spread_b=-7.6bps | min=30.0bps
2026-05-09 16:53:07,513 | INFO | fetch_order_book: symbol=CHIP/USDC limit=20
2026-05-09 16:53:07,768 | INFO | fetch_order_book: mid=0.065775 spread=4.56bps bids=20 asks=20
2026-05-09 16:53:08,678 | INFO | SPREAD | pair=CHIP/USDC | cex=0.06576/0.06579 | dex_sell=0.0657934 dex_buy=0.0658103 | spread_a=0.5bps spread_b=-7.6bps | min=30.0bps
2026-05-09 16:53:09,682 | INFO | fetch_order_book: symbol=CHIP/USDC limit=20
2026-05-09 16:53:09,962 | INFO | fetch_order_book: mid=0.06581 spread=6.08bps bids=20 asks=20
2026-05-09 16:53:10,852 | INFO | SPREAD | pair=CHIP/USDC | cex=0.06579/0.06583 | dex_sell=0.0657934 dex_buy=0.0658103 | spread_a=-5.6bps spread_b=-3.1bps | min=30.0bps
2026-05-09 16:53:11,855 | INFO | fetch_order_book: symbol=CHIP/USDC limit=20
2026-05-09 16:53:12,114 | INFO | fetch_order_book: mid=0.06581 spread=6.08bps bids=20 asks=20
2026-05-09 16:53:12,971 | INFO | SPREAD | pair=CHIP/USDC | cex=0.06579/0.06583 | dex_sell=0.0657934 dex_buy=0.0658103 | spread_a=-5.6bps spread_b=-3.1bps | min=30.0bps
2026-05-09 16:53:13,974 | INFO | fetch_order_book: symbol=CHIP/USDC limit=20
2026-05-09 16:53:14,278 | INFO | fetch_order_book: mid=0.06581 spread=6.08bps bids=20 asks=20
2026-05-09 16:53:15,226 | INFO | SPREAD | pair=CHIP/USDC | cex=0.06579/0.06583 | dex_sell=0.0657934 dex_buy=0.0658103 | spread_a=-5.6bps spread_b=-3.1bps | min=30.0bps
2026-05-09 16:53:16,229 | INFO | fetch_order_book: symbol=CHIP/USDC limit=20
2026-05-09 16:53:16,486 | INFO | fetch_order_book: mid=0.065815 spread=7.60bps bids=20 asks=20
2026-05-09 16:53:17,357 | INFO | SPREAD | pair=CHIP/USDC | cex=0.06579/0.06584 | dex_sell=0.0657934 dex_buy=0.0658103 | spread_a=-7.1bps spread_b=-3.1bps | min=30.0bps
2026-05-09 16:53:18,360 | INFO | fetch_order_book: symbol=CHIP/USDC limit=20
2026-05-09 16:53:18,618 | INFO | fetch_order_book: mid=0.065815 spread=7.60bps bids=20 asks=20
2026-05-09 16:53:19,501 | INFO | SPREAD | pair=CHIP/USDC | cex=0.06579/0.06584 | dex_sell=0.0657934 dex_buy=0.0658103 | spread_a=-7.1bps spread_b=-3.1bps | min=30.0bps
2026-05-09 16:53:20,504 | INFO | fetch_order_book: symbol=CHIP/USDC limit=20
2026-05-09 16:53:20,830 | INFO | fetch_order_book: mid=0.06578 spread=6.08bps bids=20 asks=20
2026-05-09 16:53:21,723 | INFO | SPREAD | pair=CHIP/USDC | cex=0.06576/0.0658 | dex_sell=0.0657934 dex_buy=0.0658103 | spread_a=-1.0bps spread_b=-7.6bps | min=30.0bps
2026-05-09 16:53:22,727 | INFO | fetch_order_book: symbol=CHIP/USDC limit=20
2026-05-09 16:53:23,171 | INFO | fetch_order_book: mid=0.065775 spread=4.56bps bids=20 asks=20
2026-05-09 16:53:24,082 | INFO | SPREAD | pair=CHIP/USDC | cex=0.06576/0.06579 | dex_sell=0.0657934 dex_buy=0.0658103 | spread_a=0.5bps spread_b=-7.6bps | min=30.0bps
2026-05-09 16:53:25,085 | INFO | fetch_order_book: symbol=CHIP/USDC limit=20
2026-05-09 16:53:25,346 | INFO | fetch_order_book: mid=0.065775 spread=4.56bps bids=20 asks=20
2026-05-09 16:53:26,198 | INFO | SPREAD | pair=CHIP/USDC | cex=0.06576/0.06579 | dex_sell=0.0657934 dex_buy=0.0658103 | spread_a=0.5bps spread_b=-7.6bps | min=30.0bps
2026-05-09 16:53:27,200 | INFO | fetch_order_book: symbol=CHIP/USDC limit=20
2026-05-09 16:53:27,456 | INFO | fetch_order_book: mid=0.065775 spread=4.56bps bids=20 asks=20
2026-05-09 16:53:28,401 | INFO | SPREAD | pair=CHIP/USDC | cex=0.06576/0.06579 | dex_sell=0.0657934 dex_buy=0.0658103 | spread_a=0.5bps spread_b=-7.6bps | min=30.0bps
2026-05-09 16:53:29,404 | INFO | fetch_order_book: symbol=CHIP/USDC limit=20
2026-05-09 16:53:29,683 | INFO | fetch_order_book: mid=0.06578 spread=6.08bps bids=20 asks=20
2026-05-09 16:53:30,624 | INFO | SPREAD | pair=CHIP/USDC | cex=0.06576/0.0658 | dex_sell=0.0657934 dex_buy=0.0658103 | spread_a=-1.0bps spread_b=-7.6bps | min=30.0bps
2026-05-09 16:53:31,627 | INFO | fetch_order_book: symbol=CHIP/USDC limit=20
2026-05-09 16:53:31,895 | INFO | fetch_order_book: mid=0.06578 spread=6.08bps bids=20 asks=20
2026-05-09 16:53:32,831 | INFO | SPREAD | pair=CHIP/USDC | cex=0.06576/0.0658 | dex_sell=0.0657934 dex_buy=0.0658103 | spread_a=-1.0bps spread_b=-7.6bps | min=30.0bps
2026-05-09 16:53:33,834 | INFO | fetch_order_book: symbol=CHIP/USDC limit=20
2026-05-09 16:53:34,092 | INFO | fetch_order_book: mid=0.06575 spread=3.04bps bids=20 asks=20
2026-05-09 16:53:35,057 | INFO | SPREAD | pair=CHIP/USDC | cex=0.06574/0.06576 | dex_sell=0.0657535 dex_buy=0.0657703 | spread_a=-1.0bps spread_b=-4.6bps | min=30.0bps
2026-05-09 16:53:36,061 | INFO | fetch_order_book: symbol=CHIP/USDC limit=20
2026-05-09 16:53:36,327 | INFO | fetch_order_book: mid=0.06575 spread=3.04bps bids=20 asks=20
2026-05-09 16:53:37,304 | INFO | SPREAD | pair=CHIP/USDC | cex=0.06574/0.06576 | dex_sell=0.0657535 dex_buy=0.0657703 | spread_a=-1.0bps spread_b=-4.6bps | min=30.0bps
2026-05-09 16:53:38,307 | INFO | fetch_order_book: symbol=CHIP/USDC limit=20
2026-05-09 16:53:38,565 | INFO | fetch_order_book: mid=0.06575 spread=3.04bps bids=20 asks=20
2026-05-09 16:53:39,459 | INFO | SPREAD | pair=CHIP/USDC | cex=0.06574/0.06576 | dex_sell=0.0657535 dex_buy=0.0657703 | spread_a=-1.0bps spread_b=-4.6bps | min=30.0bps
2026-05-09 16:53:40,462 | INFO | fetch_order_book: symbol=CHIP/USDC limit=20
2026-05-09 16:53:40,719 | INFO | fetch_order_book: mid=0.06575 spread=3.04bps bids=20 asks=20
2026-05-09 16:53:41,658 | INFO | SPREAD | pair=CHIP/USDC | cex=0.06574/0.06576 | dex_sell=0.0657535 dex_buy=0.0657703 | spread_a=-1.0bps spread_b=-4.6bps | min=30.0bps
2026-05-09 16:53:42,662 | INFO | fetch_order_book: symbol=CHIP/USDC limit=20
2026-05-09 16:53:42,917 | INFO | fetch_order_book: mid=0.065755 spread=4.56bps bids=20 asks=20
2026-05-09 16:53:44,161 | INFO | SPREAD | pair=CHIP/USDC | cex=0.06574/0.06577 | dex_sell=0.0657535 dex_buy=0.0657703 | spread_a=-2.5bps spread_b=-4.6bps | min=30.0bps
2026-05-09 16:53:45,164 | INFO | fetch_order_book: symbol=CHIP/USDC limit=20
2026-05-09 16:53:45,422 | INFO | fetch_order_book: mid=0.065755 spread=4.56bps bids=20 asks=20
2026-05-09 16:53:46,378 | INFO | SPREAD | pair=CHIP/USDC | cex=0.06574/0.06577 | dex_sell=0.0657535 dex_buy=0.0657703 | spread_a=-2.5bps spread_b=-4.6bps | min=30.0bps
2026-05-09 16:53:47,380 | INFO | fetch_order_book: symbol=CHIP/USDC limit=20
2026-05-09 16:53:47,765 | INFO | fetch_order_book: mid=0.06579 spread=3.04bps bids=20 asks=20
2026-05-09 16:53:48,734 | INFO | SPREAD | pair=CHIP/USDC | cex=0.06578/0.0658 | dex_sell=0.0657796 dex_buy=0.0657965 | spread_a=-3.1bps spread_b=-2.5bps | min=30.0bps
2026-05-09 16:53:49,737 | INFO | fetch_order_book: symbol=CHIP/USDC limit=20
2026-05-09 16:53:49,998 | INFO | fetch_order_book: mid=0.065795 spread=1.52bps bids=20 asks=20
2026-05-09 16:53:50,874 | INFO | SPREAD | pair=CHIP/USDC | cex=0.06579/0.0658 | dex_sell=0.0657796 dex_buy=0.0657965 | spread_a=-3.1bps spread_b=-1.0bps | min=30.0bps
2026-05-09 16:53:51,877 | INFO | fetch_order_book: symbol=CHIP/USDC limit=20
2026-05-09 16:53:52,166 | INFO | fetch_order_book: mid=0.06578 spread=6.08bps bids=20 asks=20
2026-05-09 16:53:53,027 | INFO | SPREAD | pair=CHIP/USDC | cex=0.06576/0.0658 | dex_sell=0.0657796 dex_buy=0.0657965 | spread_a=-3.1bps spread_b=-5.5bps | min=30.0bps
2026-05-09 16:53:54,031 | INFO | fetch_order_book: symbol=CHIP/USDC limit=20
2026-05-09 16:53:54,297 | INFO | fetch_order_book: mid=0.06579 spread=3.04bps bids=20 asks=20
2026-05-09 16:53:55,235 | INFO | SPREAD | pair=CHIP/USDC | cex=0.06578/0.0658 | dex_sell=0.0657796 dex_buy=0.0657965 | spread_a=-3.1bps spread_b=-2.5bps | min=30.0bps
2026-05-09 16:53:56,241 | INFO | fetch_order_book: symbol=CHIP/USDC limit=20
2026-05-09 16:53:56,502 | INFO | fetch_order_book: mid=0.06579 spread=3.04bps bids=20 asks=20
2026-05-09 16:53:57,436 | INFO | SPREAD | pair=CHIP/USDC | cex=0.06578/0.0658 | dex_sell=0.0657796 dex_buy=0.0657965 | spread_a=-3.1bps spread_b=-2.5bps | min=30.0bps
2026-05-09 16:53:58,439 | INFO | fetch_order_book: symbol=CHIP/USDC limit=20
2026-05-09 16:53:58,743 | INFO | fetch_order_book: mid=0.06579 spread=3.04bps bids=20 asks=20
2026-05-09 16:53:59,685 | INFO | SPREAD | pair=CHIP/USDC | cex=0.06578/0.0658 | dex_sell=0.0657796 dex_buy=0.0657965 | spread_a=-3.1bps spread_b=-2.5bps | min=30.0bps
2026-05-09 16:54:00,689 | INFO | fetch_order_book: symbol=CHIP/USDC limit=20
2026-05-09 16:54:00,948 | INFO | fetch_order_book: mid=0.06579 spread=3.04bps bids=20 asks=20
2026-05-09 16:54:01,778 | INFO | SPREAD | pair=CHIP/USDC | cex=0.06578/0.0658 | dex_sell=0.0657796 dex_buy=0.0657965 | spread_a=-3.1bps spread_b=-2.5bps | min=30.0bps
2026-05-09 16:54:02,781 | INFO | fetch_order_book: symbol=CHIP/USDC limit=20
2026-05-09 16:54:03,125 | INFO | fetch_order_book: mid=0.065805 spread=4.56bps bids=20 asks=20
2026-05-09 16:54:04,066 | INFO | SPREAD | pair=CHIP/USDC | cex=0.06579/0.06582 | dex_sell=0.0657796 dex_buy=0.0657965 | spread_a=-6.1bps spread_b=-1.0bps | min=30.0bps
2026-05-09 16:54:05,069 | INFO | fetch_order_book: symbol=CHIP/USDC limit=20
2026-05-09 16:54:05,332 | INFO | fetch_order_book: mid=0.065805 spread=4.56bps bids=20 asks=20
2026-05-09 16:54:06,375 | INFO | SPREAD | pair=CHIP/USDC | cex=0.06579/0.06582 | dex_sell=0.0657796 dex_buy=0.0657965 | spread_a=-6.1bps spread_b=-1.0bps | min=30.0bps
2026-05-09 16:54:07,378 | INFO | fetch_order_book: symbol=CHIP/USDC limit=20
2026-05-09 16:54:07,636 | INFO | fetch_order_book: mid=0.06581 spread=3.04bps bids=20 asks=20
2026-05-09 16:54:08,559 | INFO | SPREAD | pair=CHIP/USDC | cex=0.0658/0.06582 | dex_sell=0.0657796 dex_buy=0.0657965 | spread_a=-6.1bps spread_b=0.5bps | min=30.0bps
2026-05-09 16:54:09,563 | INFO | fetch_order_book: symbol=CHIP/USDC limit=20
2026-05-09 16:54:09,837 | INFO | fetch_order_book: mid=0.06581 spread=3.04bps bids=20 asks=20
2026-05-09 16:54:10,662 | INFO | SPREAD | pair=CHIP/USDC | cex=0.0658/0.06582 | dex_sell=0.0657796 dex_buy=0.0657965 | spread_a=-6.1bps spread_b=0.5bps | min=30.0bps
2026-05-09 16:54:11,666 | INFO | fetch_order_book: symbol=CHIP/USDC limit=20
2026-05-09 16:54:11,925 | INFO | fetch_order_book: mid=0.06581 spread=3.04bps bids=20 asks=20
2026-05-09 16:54:12,831 | INFO | SPREAD | pair=CHIP/USDC | cex=0.0658/0.06582 | dex_sell=0.0657796 dex_buy=0.0657965 | spread_a=-6.1bps spread_b=0.5bps | min=30.0bps
2026-05-09 16:54:13,834 | INFO | fetch_order_book: symbol=CHIP/USDC limit=20
2026-05-09 16:54:14,108 | INFO | fetch_order_book: mid=0.06581 spread=3.04bps bids=20 asks=20
2026-05-09 16:54:14,992 | INFO | SPREAD | pair=CHIP/USDC | cex=0.0658/0.06582 | dex_sell=0.0657796 dex_buy=0.0657965 | spread_a=-6.1bps spread_b=0.5bps | min=30.0bps
2026-05-09 16:54:15,996 | INFO | fetch_order_book: symbol=CHIP/USDC limit=20
2026-05-09 16:54:16,254 | INFO | fetch_order_book: mid=0.06581 spread=3.04bps bids=20 asks=20
2026-05-09 16:54:17,175 | INFO | SPREAD | pair=CHIP/USDC | cex=0.0658/0.06582 | dex_sell=0.0657796 dex_buy=0.0657965 | spread_a=-6.1bps spread_b=0.5bps | min=30.0bps
2026-05-09 16:54:18,177 | INFO | fetch_order_book: symbol=CHIP/USDC limit=20
2026-05-09 16:54:18,560 | INFO | fetch_order_book: mid=0.06581 spread=3.04bps bids=20 asks=20
2026-05-09 16:54:19,528 | INFO | SPREAD | pair=CHIP/USDC | cex=0.0658/0.06582 | dex_sell=0.0657796 dex_buy=0.0657965 | spread_a=-6.1bps spread_b=0.5bps | min=30.0bps
2026-05-09 16:54:20,531 | INFO | fetch_order_book: symbol=CHIP/USDC limit=20
2026-05-09 16:54:20,815 | INFO | fetch_order_book: mid=0.06581 spread=3.04bps bids=20 asks=20
2026-05-09 16:54:21,742 | INFO | SPREAD | pair=CHIP/USDC | cex=0.0658/0.06582 | dex_sell=0.0657796 dex_buy=0.0657965 | spread_a=-6.1bps spread_b=0.5bps | min=30.0bps
2026-05-09 16:54:22,745 | INFO | fetch_order_book: symbol=CHIP/USDC limit=20
2026-05-09 16:54:23,002 | INFO | fetch_order_book: mid=0.06581 spread=3.04bps bids=20 asks=20
2026-05-09 16:54:23,872 | INFO | SPREAD | pair=CHIP/USDC | cex=0.0658/0.06582 | dex_sell=0.0657796 dex_buy=0.0657965 | spread_a=-6.1bps spread_b=0.5bps | min=30.0bps
2026-05-09 16:54:24,875 | INFO | fetch_order_book: symbol=CHIP/USDC limit=20
2026-05-09 16:54:25,220 | INFO | fetch_order_book: mid=0.06581 spread=3.04bps bids=20 asks=20
2026-05-09 16:54:26,199 | INFO | SPREAD | pair=CHIP/USDC | cex=0.0658/0.06582 | dex_sell=0.0657796 dex_buy=0.0657965 | spread_a=-6.1bps spread_b=0.5bps | min=30.0bps
2026-05-09 16:54:27,202 | INFO | fetch_order_book: symbol=CHIP/USDC limit=20
2026-05-09 16:54:27,457 | INFO | fetch_order_book: mid=0.06581 spread=3.04bps bids=20 asks=20
2026-05-09 16:54:28,407 | INFO | SPREAD | pair=CHIP/USDC | cex=0.0658/0.06582 | dex_sell=0.0657796 dex_buy=0.0657965 | spread_a=-6.1bps spread_b=0.5bps | min=30.0bps
2026-05-09 16:54:29,411 | INFO | fetch_order_book: symbol=CHIP/USDC limit=20
2026-05-09 16:54:29,749 | INFO | fetch_order_book: mid=0.06581 spread=3.04bps bids=20 asks=20
2026-05-09 16:54:30,642 | INFO | SPREAD | pair=CHIP/USDC | cex=0.0658/0.06582 | dex_sell=0.0657796 dex_buy=0.0657965 | spread_a=-6.1bps spread_b=0.5bps | min=30.0bps
2026-05-09 16:54:31,645 | INFO | fetch_order_book: symbol=CHIP/USDC limit=20
2026-05-09 16:54:31,904 | INFO | fetch_order_book: mid=0.065815 spread=1.52bps bids=20 asks=20
2026-05-09 16:54:32,864 | INFO | SPREAD | pair=CHIP/USDC | cex=0.06581/0.06582 | dex_sell=0.0657796 dex_buy=0.0657965 | spread_a=-6.1bps spread_b=2.1bps | min=30.0bps
2026-05-09 16:54:33,867 | INFO | fetch_order_book: symbol=CHIP/USDC limit=20
2026-05-09 16:54:34,122 | INFO | fetch_order_book: mid=0.065815 spread=1.52bps bids=20 asks=20
2026-05-09 16:54:35,044 | INFO | SPREAD | pair=CHIP/USDC | cex=0.06581/0.06582 | dex_sell=0.0657796 dex_buy=0.0657965 | spread_a=-6.1bps spread_b=2.1bps | min=30.0bps
2026-05-09 16:54:36,048 | INFO | fetch_order_book: symbol=CHIP/USDC limit=20
2026-05-09 16:54:36,421 | INFO | fetch_order_book: mid=0.06583 spread=3.04bps bids=20 asks=20
2026-05-09 16:54:37,322 | INFO | SPREAD | pair=CHIP/USDC | cex=0.06582/0.06584 | dex_sell=0.0658096 dex_buy=0.0658265 | spread_a=-4.6bps spread_b=-1.0bps | min=30.0bps
2026-05-09 16:54:38,325 | INFO | fetch_order_book: symbol=CHIP/USDC limit=20
2026-05-09 16:54:38,821 | INFO | fetch_order_book: mid=0.06583 spread=3.04bps bids=20 asks=20
2026-05-09 16:54:39,785 | INFO | SPREAD | pair=CHIP/USDC | cex=0.06582/0.06584 | dex_sell=0.0658096 dex_buy=0.0658265 | spread_a=-4.6bps spread_b=-1.0bps | min=30.0bps
2026-05-09 16:54:40,788 | INFO | fetch_order_book: symbol=CHIP/USDC limit=20
2026-05-09 16:54:41,054 | INFO | fetch_order_book: mid=0.06583 spread=3.04bps bids=20 asks=20
2026-05-09 16:54:41,989 | INFO | SPREAD | pair=CHIP/USDC | cex=0.06582/0.06584 | dex_sell=0.0658096 dex_buy=0.0658265 | spread_a=-4.6bps spread_b=-1.0bps | min=30.0bps
2026-05-09 16:54:42,992 | INFO | fetch_order_book: symbol=CHIP/USDC limit=20
2026-05-09 16:54:43,274 | INFO | fetch_order_book: mid=0.06581 spread=6.08bps bids=20 asks=20
2026-05-09 16:54:44,766 | INFO | SPREAD | pair=CHIP/USDC | cex=0.06579/0.06583 | dex_sell=0.0658096 dex_buy=0.0658265 | spread_a=-3.1bps spread_b=-5.5bps | min=30.0bps
2026-05-09 16:54:45,769 | INFO | fetch_order_book: symbol=CHIP/USDC limit=20
2026-05-09 16:54:46,135 | INFO | fetch_order_book: mid=0.06581 spread=6.08bps bids=20 asks=20
2026-05-09 16:54:47,055 | INFO | SPREAD | pair=CHIP/USDC | cex=0.06579/0.06583 | dex_sell=0.0658096 dex_buy=0.0658265 | spread_a=-3.1bps spread_b=-5.5bps | min=30.0bps
2026-05-09 16:54:48,058 | INFO | fetch_order_book: symbol=CHIP/USDC limit=20
2026-05-09 16:54:48,401 | INFO | fetch_order_book: mid=0.065825 spread=4.56bps bids=20 asks=20
2026-05-09 16:54:49,331 | INFO | SPREAD | pair=CHIP/USDC | cex=0.06581/0.06584 | dex_sell=0.0658096 dex_buy=0.0658265 | spread_a=-4.6bps spread_b=-2.5bps | min=30.0bps
2026-05-09 16:54:50,333 | INFO | fetch_order_book: symbol=CHIP/USDC limit=20
2026-05-09 16:54:50,597 | INFO | fetch_order_book: mid=0.065825 spread=4.56bps bids=20 asks=20
2026-05-09 16:54:51,506 | INFO | SPREAD | pair=CHIP/USDC | cex=0.06581/0.06584 | dex_sell=0.0658096 dex_buy=0.0658265 | spread_a=-4.6bps spread_b=-2.5bps | min=30.0bps
2026-05-09 16:54:52,509 | INFO | fetch_order_book: symbol=CHIP/USDC limit=20
2026-05-09 16:54:52,797 | INFO | fetch_order_book: mid=0.065825 spread=4.56bps bids=20 asks=20
2026-05-09 16:54:53,837 | INFO | SPREAD | pair=CHIP/USDC | cex=0.06581/0.06584 | dex_sell=0.0658096 dex_buy=0.0658265 | spread_a=-4.6bps spread_b=-2.5bps | min=30.0bps
2026-05-09 16:54:54,841 | INFO | fetch_order_book: symbol=CHIP/USDC limit=20
2026-05-09 16:54:55,116 | INFO | fetch_order_book: mid=0.06582 spread=6.08bps bids=20 asks=20
2026-05-09 16:54:56,305 | INFO | SPREAD | pair=CHIP/USDC | cex=0.0658/0.06584 | dex_sell=0.0658096 dex_buy=0.0658265 | spread_a=-4.6bps spread_b=-4.0bps | min=30.0bps
2026-05-09 16:54:57,309 | INFO | fetch_order_book: symbol=CHIP/USDC limit=20
2026-05-09 16:54:57,621 | INFO | fetch_order_book: mid=0.06579 spread=6.08bps bids=20 asks=20
2026-05-09 16:54:58,650 | INFO | SPREAD | pair=CHIP/USDC | cex=0.06577/0.06581 | dex_sell=0.0657833 dex_buy=0.0658002 | spread_a=-4.1bps spread_b=-4.6bps | min=30.0bps
2026-05-09 16:54:59,653 | INFO | fetch_order_book: symbol=CHIP/USDC limit=20
2026-05-09 16:54:59,947 | INFO | fetch_order_book: mid=0.065785 spread=7.60bps bids=20 asks=20
2026-05-09 16:55:01,466 | INFO | SPREAD | pair=CHIP/USDC | cex=0.06576/0.06581 | dex_sell=0.0657833 dex_buy=0.0658002 | spread_a=-4.1bps spread_b=-6.1bps | min=30.0bps
2026-05-09 16:55:02,470 | INFO | fetch_order_book: symbol=CHIP/USDC limit=20
2026-05-09 16:55:02,736 | INFO | fetch_order_book: mid=0.06577 spread=3.04bps bids=20 asks=20
2026-05-09 16:55:03,711 | INFO | SPREAD | pair=CHIP/USDC | cex=0.06576/0.06578 | dex_sell=0.0657833 dex_buy=0.0658002 | spread_a=0.5bps spread_b=-6.1bps | min=30.0bps
2026-05-09 16:55:04,714 | INFO | fetch_order_book: symbol=CHIP/USDC limit=20
2026-05-09 16:55:05,088 | INFO | fetch_order_book: mid=0.06577 spread=3.04bps bids=20 asks=20
2026-05-09 16:55:05,970 | INFO | SPREAD | pair=CHIP/USDC | cex=0.06576/0.06578 | dex_sell=0.0657533 dex_buy=0.0657702 | spread_a=-4.1bps spread_b=-1.6bps | min=30.0bps
2026-05-09 16:55:06,974 | INFO | fetch_order_book: symbol=CHIP/USDC limit=20
2026-05-09 16:55:07,233 | INFO | fetch_order_book: mid=0.06577 spread=3.04bps bids=20 asks=20
2026-05-09 16:55:08,128 | INFO | SPREAD | pair=CHIP/USDC | cex=0.06576/0.06578 | dex_sell=0.0657533 dex_buy=0.0657702 | spread_a=-4.1bps spread_b=-1.6bps | min=30.0bps
2026-05-09 16:55:09,131 | INFO | fetch_order_book: symbol=CHIP/USDC limit=20
2026-05-09 16:55:09,393 | INFO | fetch_order_book: mid=0.06577 spread=3.04bps bids=20 asks=20
2026-05-09 16:55:10,252 | INFO | SPREAD | pair=CHIP/USDC | cex=0.06576/0.06578 | dex_sell=0.0657533 dex_buy=0.0657702 | spread_a=-4.1bps spread_b=-1.6bps | min=30.0bps
2026-05-09 16:55:11,255 | INFO | fetch_order_book: symbol=CHIP/USDC limit=20
2026-05-09 16:55:11,513 | INFO | fetch_order_book: mid=0.06575 spread=3.04bps bids=20 asks=20
2026-05-09 16:55:12,445 | INFO | SPREAD | pair=CHIP/USDC | cex=0.06574/0.06576 | dex_sell=0.0657533 dex_buy=0.0657702 | spread_a=-1.0bps spread_b=-4.6bps | min=30.0bps
2026-05-09 16:55:13,449 | INFO | fetch_order_book: symbol=CHIP/USDC limit=20
2026-05-09 16:55:13,711 | INFO | fetch_order_book: mid=0.06577 spread=6.08bps bids=20 asks=20
2026-05-09 16:55:14,538 | INFO | SPREAD | pair=CHIP/USDC | cex=0.06575/0.06579 | dex_sell=0.0657533 dex_buy=0.0657702 | spread_a=-5.6bps spread_b=-3.1bps | min=30.0bps
2026-05-09 16:55:15,540 | INFO | fetch_order_book: symbol=CHIP/USDC limit=20
2026-05-09 16:55:15,798 | INFO | fetch_order_book: mid=0.06576 spread=6.08bps bids=20 asks=20
2026-05-09 16:55:16,686 | INFO | SPREAD | pair=CHIP/USDC | cex=0.06574/0.06578 | dex_sell=0.0657533 dex_buy=0.0657702 | spread_a=-4.1bps spread_b=-4.6bps | min=30.0bps
2026-05-09 16:55:17,690 | INFO | fetch_order_book: symbol=CHIP/USDC limit=20
2026-05-09 16:55:17,948 | INFO | fetch_order_book: mid=0.065785 spread=4.56bps bids=20 asks=20
2026-05-09 16:55:18,788 | INFO | SPREAD | pair=CHIP/USDC | cex=0.06577/0.0658 | dex_sell=0.0657533 dex_buy=0.0657702 | spread_a=-7.1bps spread_b=-0.0bps | min=30.0bps
2026-05-09 16:55:19,793 | INFO | fetch_order_book: symbol=CHIP/USDC limit=20
2026-05-09 16:55:20,055 | INFO | fetch_order_book: mid=0.065785 spread=4.56bps bids=20 asks=20
2026-05-09 16:55:20,929 | INFO | SPREAD | pair=CHIP/USDC | cex=0.06577/0.0658 | dex_sell=0.0657533 dex_buy=0.0657702 | spread_a=-7.1bps spread_b=-0.0bps | min=30.0bps
2026-05-09 16:55:21,932 | INFO | fetch_order_book: symbol=CHIP/USDC limit=20
2026-05-09 16:55:22,187 | INFO | fetch_order_book: mid=0.065785 spread=4.56bps bids=20 asks=20
2026-05-09 16:55:23,069 | INFO | SPREAD | pair=CHIP/USDC | cex=0.06577/0.0658 | dex_sell=0.0657533 dex_buy=0.0657702 | spread_a=-7.1bps spread_b=-0.0bps | min=30.0bps
2026-05-09 16:55:24,073 | INFO | fetch_order_book: symbol=CHIP/USDC limit=20
2026-05-09 16:55:24,441 | INFO | fetch_order_book: mid=0.06578 spread=6.08bps bids=20 asks=20
2026-05-09 16:55:25,365 | INFO | SPREAD | pair=CHIP/USDC | cex=0.06576/0.0658 | dex_sell=0.0657533 dex_buy=0.0657702 | spread_a=-7.1bps spread_b=-1.6bps | min=30.0bps
2026-05-09 16:55:26,369 | INFO | fetch_order_book: symbol=CHIP/USDC limit=20
2026-05-09 16:55:26,704 | INFO | fetch_order_book: mid=0.06578 spread=6.08bps bids=20 asks=20
2026-05-09 16:55:27,586 | INFO | SPREAD | pair=CHIP/USDC | cex=0.06576/0.0658 | dex_sell=0.0657533 dex_buy=0.0657702 | spread_a=-7.1bps spread_b=-1.6bps | min=30.0bps
2026-05-09 16:55:28,589 | INFO | fetch_order_book: symbol=CHIP/USDC limit=20
2026-05-09 16:55:28,847 | INFO | fetch_order_book: mid=0.065775 spread=4.56bps bids=20 asks=20
2026-05-09 16:55:29,736 | INFO | SPREAD | pair=CHIP/USDC | cex=0.06576/0.06579 | dex_sell=0.0657533 dex_buy=0.0657702 | spread_a=-5.6bps spread_b=-1.6bps | min=30.0bps
2026-05-09 16:55:30,739 | INFO | fetch_order_book: symbol=CHIP/USDC limit=20
2026-05-09 16:55:31,001 | INFO | fetch_order_book: mid=0.06578 spread=6.08bps bids=20 asks=20
2026-05-09 16:55:31,892 | INFO | SPREAD | pair=CHIP/USDC | cex=0.06576/0.0658 | dex_sell=0.0657533 dex_buy=0.0657702 | spread_a=-7.1bps spread_b=-1.6bps | min=30.0bps
2026-05-09 16:55:32,895 | INFO | fetch_order_book: symbol=CHIP/USDC limit=20
2026-05-09 16:55:33,152 | INFO | fetch_order_book: mid=0.065785 spread=4.56bps bids=20 asks=20
2026-05-09 16:55:34,062 | INFO | SPREAD | pair=CHIP/USDC | cex=0.06577/0.0658 | dex_sell=0.0657533 dex_buy=0.0657702 | spread_a=-7.1bps spread_b=-0.0bps | min=30.0bps
2026-05-09 16:55:35,066 | INFO | fetch_order_book: symbol=CHIP/USDC limit=20
2026-05-09 16:55:35,388 | INFO | fetch_order_book: mid=0.06581 spread=3.04bps bids=20 asks=20
2026-05-09 16:55:36,283 | INFO | SPREAD | pair=CHIP/USDC | cex=0.0658/0.06582 | dex_sell=0.0657533 dex_buy=0.0657702 | spread_a=-10.1bps spread_b=4.5bps | min=30.0bps
2026-05-09 16:55:37,287 | INFO | fetch_order_book: symbol=CHIP/USDC limit=20
2026-05-09 16:55:37,545 | INFO | fetch_order_book: mid=0.06583 spread=3.04bps bids=20 asks=20
2026-05-09 16:55:38,489 | INFO | SPREAD | pair=CHIP/USDC | cex=0.06582/0.06584 | dex_sell=0.0658095 dex_buy=0.0658264 | spread_a=-4.6bps spread_b=-1.0bps | min=30.0bps
2026-05-09 16:55:39,493 | INFO | fetch_order_book: symbol=CHIP/USDC limit=20
2026-05-09 16:55:39,749 | INFO | fetch_order_book: mid=0.06583 spread=3.04bps bids=20 asks=20
2026-05-09 16:55:40,624 | INFO | SPREAD | pair=CHIP/USDC | cex=0.06582/0.06584 | dex_sell=0.0658095 dex_buy=0.0658264 | spread_a=-4.6bps spread_b=-1.0bps | min=30.0bps
2026-05-09 16:55:41,628 | INFO | fetch_order_book: symbol=CHIP/USDC limit=20
2026-05-09 16:55:42,003 | INFO | fetch_order_book: mid=0.06583 spread=3.04bps bids=20 asks=20
2026-05-09 16:55:42,931 | INFO | SPREAD | pair=CHIP/USDC | cex=0.06582/0.06584 | dex_sell=0.0658095 dex_buy=0.0658264 | spread_a=-4.6bps spread_b=-1.0bps | min=30.0bps
2026-05-09 16:55:43,934 | INFO | fetch_order_book: symbol=CHIP/USDC limit=20
2026-05-09 16:55:44,308 | INFO | fetch_order_book: mid=0.065825 spread=4.56bps bids=20 asks=20
2026-05-09 16:55:45,234 | INFO | SPREAD | pair=CHIP/USDC | cex=0.06581/0.06584 | dex_sell=0.0658095 dex_buy=0.0658264 | spread_a=-4.6bps spread_b=-2.5bps | min=30.0bps
2026-05-09 16:55:46,237 | INFO | fetch_order_book: symbol=CHIP/USDC limit=20
2026-05-09 16:55:46,561 | INFO | fetch_order_book: mid=0.065865 spread=4.55bps bids=20 asks=20
2026-05-09 16:55:47,607 | INFO | SPREAD | pair=CHIP/USDC | cex=0.06585/0.06588 | dex_sell=0.0658395 dex_buy=0.0658564 | spread_a=-6.1bps spread_b=-1.0bps | min=30.0bps
2026-05-09 16:55:48,610 | INFO | fetch_order_book: symbol=CHIP/USDC limit=20
2026-05-09 16:55:48,879 | INFO | fetch_order_book: mid=0.06587 spread=3.04bps bids=20 asks=20
2026-05-09 16:55:49,775 | INFO | SPREAD | pair=CHIP/USDC | cex=0.06586/0.06588 | dex_sell=0.0658395 dex_buy=0.0658564 | spread_a=-6.1bps spread_b=0.5bps | min=30.0bps
2026-05-09 16:55:50,778 | INFO | fetch_order_book: symbol=CHIP/USDC limit=20
2026-05-09 16:55:51,043 | INFO | fetch_order_book: mid=0.06587 spread=3.04bps bids=20 asks=20
2026-05-09 16:55:51,977 | INFO | SPREAD | pair=CHIP/USDC | cex=0.06586/0.06588 | dex_sell=0.0658395 dex_buy=0.0658564 | spread_a=-6.1bps spread_b=0.5bps | min=30.0bps
2026-05-09 16:55:52,981 | INFO | fetch_order_book: symbol=CHIP/USDC limit=20
2026-05-09 16:55:53,249 | INFO | fetch_order_book: mid=0.06587 spread=3.04bps bids=20 asks=20
2026-05-09 16:55:54,153 | INFO | SPREAD | pair=CHIP/USDC | cex=0.06586/0.06588 | dex_sell=0.0658395 dex_buy=0.0658564 | spread_a=-6.1bps spread_b=0.5bps | min=30.0bps
2026-05-09 16:55:55,157 | INFO | fetch_order_book: symbol=CHIP/USDC limit=20
2026-05-09 16:55:55,573 | INFO | fetch_order_book: mid=0.06589 spread=3.04bps bids=20 asks=20
2026-05-09 16:55:56,506 | INFO | SPREAD | pair=CHIP/USDC | cex=0.06588/0.0659 | dex_sell=0.0658695 dex_buy=0.0658865 | spread_a=-4.6bps spread_b=-1.0bps | min=30.0bps
2026-05-09 16:55:57,509 | INFO | fetch_order_book: symbol=CHIP/USDC limit=20
2026-05-09 16:55:57,855 | INFO | fetch_order_book: mid=0.06589 spread=6.07bps bids=20 asks=20
2026-05-09 16:55:58,810 | INFO | SPREAD | pair=CHIP/USDC | cex=0.06587/0.06591 | dex_sell=0.0658695 dex_buy=0.0658865 | spread_a=-6.1bps spread_b=-2.5bps | min=30.0bps
2026-05-09 16:55:59,814 | INFO | fetch_order_book: symbol=CHIP/USDC limit=20
2026-05-09 16:56:00,105 | INFO | fetch_order_book: mid=0.065895 spread=4.55bps bids=20 asks=20
2026-05-09 16:56:01,071 | INFO | SPREAD | pair=CHIP/USDC | cex=0.06588/0.06591 | dex_sell=0.0658695 dex_buy=0.0658865 | spread_a=-6.1bps spread_b=-1.0bps | min=30.0bps
2026-05-09 16:56:02,075 | INFO | fetch_order_book: symbol=CHIP/USDC limit=20
2026-05-09 16:56:02,329 | INFO | fetch_order_book: mid=0.06591 spread=3.03bps bids=20 asks=20
2026-05-09 16:56:03,190 | INFO | SPREAD | pair=CHIP/USDC | cex=0.0659/0.06592 | dex_sell=0.0658996 dex_buy=0.0659165 | spread_a=-3.1bps spread_b=-2.5bps | min=30.0bps
2026-05-09 16:56:04,193 | INFO | fetch_order_book: symbol=CHIP/USDC limit=20
2026-05-09 16:56:04,453 | INFO | fetch_order_book: mid=0.065945 spread=4.55bps bids=20 asks=20
2026-05-09 16:56:05,433 | INFO | SPREAD | pair=CHIP/USDC | cex=0.06593/0.06596 | dex_sell=0.0659296 dex_buy=0.0659466 | spread_a=-4.6bps spread_b=-2.5bps | min=30.0bps
2026-05-09 16:56:06,437 | INFO | fetch_order_book: symbol=CHIP/USDC limit=20
2026-05-09 16:56:06,693 | INFO | fetch_order_book: mid=0.065985 spread=4.55bps bids=20 asks=20
2026-05-09 16:56:07,630 | INFO | SPREAD | pair=CHIP/USDC | cex=0.06597/0.066 | dex_sell=0.0659296 dex_buy=0.0659766 | spread_a=-10.7bps spread_b=-1.0bps | min=30.0bps
2026-05-09 16:56:08,634 | INFO | fetch_order_book: symbol=CHIP/USDC limit=20
2026-05-09 16:56:08,894 | INFO | fetch_order_book: mid=0.065985 spread=4.55bps bids=20 asks=20
2026-05-09 16:56:09,779 | INFO | SPREAD | pair=CHIP/USDC | cex=0.06597/0.066 | dex_sell=0.0659597 dex_buy=0.0659766 | spread_a=-6.1bps spread_b=-1.0bps | min=30.0bps
2026-05-09 16:56:10,783 | INFO | fetch_order_book: symbol=CHIP/USDC limit=20
2026-05-09 16:56:11,066 | INFO | fetch_order_book: mid=0.06598 spread=6.06bps bids=20 asks=20
2026-05-09 16:56:11,972 | INFO | SPREAD | pair=CHIP/USDC | cex=0.06596/0.066 | dex_sell=0.0659597 dex_buy=0.0659766 | spread_a=-6.1bps spread_b=-2.5bps | min=30.0bps
2026-05-09 16:56:12,975 | INFO | fetch_order_book: symbol=CHIP/USDC limit=20
2026-05-09 16:56:13,257 | INFO | fetch_order_book: mid=0.06598 spread=6.06bps bids=20 asks=20
2026-05-09 16:56:14,198 | INFO | SPREAD | pair=CHIP/USDC | cex=0.06596/0.066 | dex_sell=0.0659597 dex_buy=0.0659766 | spread_a=-6.1bps spread_b=-2.5bps | min=30.0bps
2026-05-09 16:56:15,202 | INFO | fetch_order_book: symbol=CHIP/USDC limit=20
2026-05-09 16:56:15,466 | INFO | fetch_order_book: mid=0.065985 spread=4.55bps bids=20 asks=20
2026-05-09 16:56:16,437 | INFO | SPREAD | pair=CHIP/USDC | cex=0.06597/0.066 | dex_sell=0.0659597 dex_buy=0.0659766 | spread_a=-6.1bps spread_b=-1.0bps | min=30.0bps
2026-05-09 16:56:17,440 | INFO | fetch_order_book: symbol=CHIP/USDC limit=20
2026-05-09 16:56:17,787 | INFO | fetch_order_book: mid=0.065985 spread=4.55bps bids=20 asks=20
2026-05-09 16:56:18,695 | INFO | SPREAD | pair=CHIP/USDC | cex=0.06597/0.066 | dex_sell=0.0659597 dex_buy=0.0659766 | spread_a=-6.1bps spread_b=-1.0bps | min=30.0bps
2026-05-09 16:56:19,698 | INFO | fetch_order_book: symbol=CHIP/USDC limit=20
2026-05-09 16:56:19,993 | INFO | fetch_order_book: mid=0.06597 spread=6.06bps bids=20 asks=20
2026-05-09 16:56:20,919 | INFO | SPREAD | pair=CHIP/USDC | cex=0.06595/0.06599 | dex_sell=0.0659597 dex_buy=0.0659766 | spread_a=-4.6bps spread_b=-4.0bps | min=30.0bps
2026-05-09 16:56:21,922 | INFO | fetch_order_book: symbol=CHIP/USDC limit=20
2026-05-09 16:56:22,189 | INFO | fetch_order_book: mid=0.065985 spread=4.55bps bids=20 asks=20
2026-05-09 16:56:23,088 | INFO | SPREAD | pair=CHIP/USDC | cex=0.06597/0.066 | dex_sell=0.0659597 dex_buy=0.0659766 | spread_a=-6.1bps spread_b=-1.0bps | min=30.0bps
2026-05-09 16:56:24,092 | INFO | fetch_order_book: symbol=CHIP/USDC limit=20
2026-05-09 16:56:24,460 | INFO | fetch_order_book: mid=0.06598 spread=6.06bps bids=20 asks=20
2026-05-09 16:56:25,394 | INFO | SPREAD | pair=CHIP/USDC | cex=0.06596/0.066 | dex_sell=0.0659597 dex_buy=0.0659766 | spread_a=-6.1bps spread_b=-2.5bps | min=30.0bps
2026-05-09 16:56:26,397 | INFO | fetch_order_book: symbol=CHIP/USDC limit=20
2026-05-09 16:56:26,721 | INFO | fetch_order_book: mid=0.065985 spread=4.55bps bids=20 asks=20
2026-05-09 16:56:27,603 | INFO | SPREAD | pair=CHIP/USDC | cex=0.06597/0.066 | dex_sell=0.0659597 dex_buy=0.0659766 | spread_a=-6.1bps spread_b=-1.0bps | min=30.0bps
2026-05-09 16:56:28,607 | INFO | fetch_order_book: symbol=CHIP/USDC limit=20
2026-05-09 16:56:29,130 | INFO | fetch_order_book: mid=0.065985 spread=4.55bps bids=20 asks=20
2026-05-09 16:56:30,046 | INFO | SPREAD | pair=CHIP/USDC | cex=0.06597/0.066 | dex_sell=0.0659597 dex_buy=0.0659766 | spread_a=-6.1bps spread_b=-1.0bps | min=30.0bps
2026-05-09 16:56:31,050 | INFO | fetch_order_book: symbol=CHIP/USDC limit=20
2026-05-09 16:56:31,324 | INFO | fetch_order_book: mid=0.065985 spread=4.55bps bids=20 asks=20
2026-05-09 16:56:32,301 | INFO | SPREAD | pair=CHIP/USDC | cex=0.06597/0.066 | dex_sell=0.0659597 dex_buy=0.0659766 | spread_a=-6.1bps spread_b=-1.0bps | min=30.0bps
2026-05-09 16:56:33,304 | INFO | fetch_order_book: symbol=CHIP/USDC limit=20
2026-05-09 16:56:33,656 | INFO | fetch_order_book: mid=0.06598 spread=6.06bps bids=20 asks=20
2026-05-09 16:56:34,496 | INFO | SPREAD | pair=CHIP/USDC | cex=0.06596/0.066 | dex_sell=0.0659597 dex_buy=0.0659766 | spread_a=-6.1bps spread_b=-2.5bps | min=30.0bps
2026-05-09 16:56:35,499 | INFO | fetch_order_book: symbol=CHIP/USDC limit=20
2026-05-09 16:56:35,790 | INFO | fetch_order_book: mid=0.06598 spread=6.06bps bids=20 asks=20
2026-05-09 16:56:36,681 | INFO | SPREAD | pair=CHIP/USDC | cex=0.06596/0.066 | dex_sell=0.0659597 dex_buy=0.0659766 | spread_a=-6.1bps spread_b=-2.5bps | min=30.0bps
2026-05-09 16:56:37,684 | INFO | fetch_order_book: symbol=CHIP/USDC limit=20
2026-05-09 16:56:37,955 | INFO | fetch_order_book: mid=0.06599 spread=3.03bps bids=20 asks=20
2026-05-09 16:56:38,859 | INFO | SPREAD | pair=CHIP/USDC | cex=0.06598/0.066 | dex_sell=0.0659597 dex_buy=0.0659766 | spread_a=-6.1bps spread_b=0.5bps | min=30.0bps
2026-05-09 16:56:39,862 | INFO | fetch_order_book: symbol=CHIP/USDC limit=20
2026-05-09 16:56:40,123 | INFO | fetch_order_book: mid=0.066015 spread=1.51bps bids=20 asks=20
2026-05-09 16:56:41,070 | INFO | SPREAD | pair=CHIP/USDC | cex=0.06601/0.06602 | dex_sell=0.0659597 dex_buy=0.0660064 | spread_a=-9.1bps spread_b=0.5bps | min=30.0bps
2026-05-09 16:56:42,073 | INFO | fetch_order_book: symbol=CHIP/USDC limit=20
2026-05-09 16:56:42,341 | INFO | fetch_order_book: mid=0.066015 spread=1.51bps bids=20 asks=20
2026-05-09 16:56:43,280 | INFO | SPREAD | pair=CHIP/USDC | cex=0.06601/0.06602 | dex_sell=0.0659895 dex_buy=0.0660064 | spread_a=-4.6bps spread_b=0.5bps | min=30.0bps
2026-05-09 16:56:44,283 | INFO | fetch_order_book: symbol=CHIP/USDC limit=20
2026-05-09 16:56:44,636 | INFO | fetch_order_book: mid=0.066005 spread=4.55bps bids=20 asks=20
2026-05-09 16:56:45,575 | INFO | SPREAD | pair=CHIP/USDC | cex=0.06599/0.06602 | dex_sell=0.0659895 dex_buy=0.0660064 | spread_a=-4.6bps spread_b=-2.5bps | min=30.0bps
2026-05-09 16:56:46,578 | INFO | fetch_order_book: symbol=CHIP/USDC limit=20
2026-05-09 16:56:46,874 | INFO | fetch_order_book: mid=0.066005 spread=4.55bps bids=20 asks=20
2026-05-09 16:56:47,753 | INFO | SPREAD | pair=CHIP/USDC | cex=0.06599/0.06602 | dex_sell=0.0659895 dex_buy=0.0660064 | spread_a=-4.6bps spread_b=-2.5bps | min=30.0bps
2026-05-09 16:56:48,755 | INFO | fetch_order_book: symbol=CHIP/USDC limit=20
2026-05-09 16:56:49,013 | INFO | fetch_order_book: mid=0.066025 spread=4.54bps bids=20 asks=20
2026-05-09 16:56:49,949 | INFO | SPREAD | pair=CHIP/USDC | cex=0.06601/0.06604 | dex_sell=0.0659895 dex_buy=0.0660064 | spread_a=-7.7bps spread_b=0.5bps | min=30.0bps
2026-05-09 16:56:50,952 | INFO | fetch_order_book: symbol=CHIP/USDC limit=20
2026-05-09 16:56:51,209 | INFO | fetch_order_book: mid=0.066045 spread=4.54bps bids=20 asks=20
2026-05-09 16:56:52,150 | INFO | SPREAD | pair=CHIP/USDC | cex=0.06603/0.06606 | dex_sell=0.0660171 dex_buy=0.0660393 | spread_a=-6.5bps spread_b=-1.4bps | min=30.0bps
2026-05-09 16:56:53,153 | INFO | fetch_order_book: symbol=CHIP/USDC limit=20
2026-05-09 16:56:53,451 | INFO | fetch_order_book: mid=0.06607 spread=3.03bps bids=20 asks=20
2026-05-09 16:56:54,422 | INFO | SPREAD | pair=CHIP/USDC | cex=0.06606/0.06608 | dex_sell=0.0660171 dex_buy=0.0660393 | spread_a=-9.5bps spread_b=3.1bps | min=30.0bps
2026-05-09 16:56:55,425 | INFO | fetch_order_book: symbol=CHIP/USDC limit=20
2026-05-09 16:56:55,814 | INFO | fetch_order_book: mid=0.06607 spread=3.03bps bids=20 asks=20
2026-05-09 16:56:56,684 | INFO | SPREAD | pair=CHIP/USDC | cex=0.06606/0.06608 | dex_sell=0.0660171 dex_buy=0.0660393 | spread_a=-9.5bps spread_b=3.1bps | min=30.0bps
2026-05-09 16:56:57,688 | INFO | fetch_order_book: symbol=CHIP/USDC limit=20
2026-05-09 16:56:57,947 | INFO | fetch_order_book: mid=0.066065 spread=4.54bps bids=20 asks=20
2026-05-09 16:56:58,879 | INFO | SPREAD | pair=CHIP/USDC | cex=0.06605/0.06608 | dex_sell=0.0660171 dex_buy=0.0660393 | spread_a=-9.5bps spread_b=1.6bps | min=30.0bps
2026-05-09 16:56:59,882 | INFO | fetch_order_book: symbol=CHIP/USDC limit=20
2026-05-09 16:57:00,139 | INFO | fetch_order_book: mid=0.066065 spread=4.54bps bids=20 asks=20
2026-05-09 16:57:01,008 | INFO | SPREAD | pair=CHIP/USDC | cex=0.06605/0.06608 | dex_sell=0.0660171 dex_buy=0.0660393 | spread_a=-9.5bps spread_b=1.6bps | min=30.0bps
2026-05-09 16:57:02,011 | INFO | fetch_order_book: symbol=CHIP/USDC limit=20
2026-05-09 16:57:02,393 | INFO | fetch_order_book: mid=0.06607 spread=3.03bps bids=20 asks=20
2026-05-09 16:57:03,701 | INFO | SPREAD | pair=CHIP/USDC | cex=0.06606/0.06608 | dex_sell=0.0660171 dex_buy=0.0660393 | spread_a=-9.5bps spread_b=3.1bps | min=30.0bps
2026-05-09 16:57:04,704 | INFO | fetch_order_book: symbol=CHIP/USDC limit=20
2026-05-09 16:57:04,972 | INFO | fetch_order_book: mid=0.06606 spread=6.06bps bids=20 asks=20
2026-05-09 16:57:05,896 | INFO | SPREAD | pair=CHIP/USDC | cex=0.06604/0.06608 | dex_sell=0.0660171 dex_buy=0.0660393 | spread_a=-9.5bps spread_b=0.1bps | min=30.0bps
2026-05-09 16:57:06,900 | INFO | fetch_order_book: symbol=CHIP/USDC limit=20
2026-05-09 16:57:07,163 | INFO | fetch_order_book: mid=0.06606 spread=6.06bps bids=20 asks=20
2026-05-09 16:57:08,106 | INFO | SPREAD | pair=CHIP/USDC | cex=0.06604/0.06608 | dex_sell=0.0660171 dex_buy=0.0660393 | spread_a=-9.5bps spread_b=0.1bps | min=30.0bps
2026-05-09 16:57:09,110 | INFO | fetch_order_book: symbol=CHIP/USDC limit=20
2026-05-09 16:57:09,371 | INFO | fetch_order_book: mid=0.06608 spread=6.05bps bids=20 asks=20
2026-05-09 16:57:10,220 | INFO | SPREAD | pair=CHIP/USDC | cex=0.06606/0.0661 | dex_sell=0.0660464 dex_buy=0.0660686 | spread_a=-8.1bps spread_b=-1.3bps | min=30.0bps
2026-05-09 16:57:11,223 | INFO | fetch_order_book: symbol=CHIP/USDC limit=20
2026-05-09 16:57:11,483 | INFO | fetch_order_book: mid=0.06608 spread=6.05bps bids=20 asks=20
2026-05-09 16:57:12,422 | INFO | SPREAD | pair=CHIP/USDC | cex=0.06606/0.0661 | dex_sell=0.0660464 dex_buy=0.0660686 | spread_a=-8.1bps spread_b=-1.3bps | min=30.0bps
2026-05-09 16:57:13,425 | INFO | fetch_order_book: symbol=CHIP/USDC limit=20
2026-05-09 16:57:13,839 | INFO | fetch_order_book: mid=0.06608 spread=6.05bps bids=20 asks=20
2026-05-09 16:57:14,901 | INFO | SPREAD | pair=CHIP/USDC | cex=0.06606/0.0661 | dex_sell=0.0660464 dex_buy=0.0660686 | spread_a=-8.1bps spread_b=-1.3bps | min=30.0bps
2026-05-09 16:57:15,903 | INFO | fetch_order_book: symbol=CHIP/USDC limit=20
2026-05-09 16:57:16,173 | INFO | fetch_order_book: mid=0.06608 spread=6.05bps bids=20 asks=20
2026-05-09 16:57:17,078 | INFO | SPREAD | pair=CHIP/USDC | cex=0.06606/0.0661 | dex_sell=0.0660464 dex_buy=0.0660686 | spread_a=-8.1bps spread_b=-1.3bps | min=30.0bps
2026-05-09 16:57:18,081 | INFO | fetch_order_book: symbol=CHIP/USDC limit=20
2026-05-09 16:57:18,423 | INFO | fetch_order_book: mid=0.06606 spread=6.06bps bids=20 asks=20
2026-05-09 16:57:19,391 | INFO | SPREAD | pair=CHIP/USDC | cex=0.06604/0.06608 | dex_sell=0.0660464 dex_buy=0.0660686 | spread_a=-5.1bps spread_b=-4.3bps | min=30.0bps
2026-05-09 16:57:20,392 | INFO | fetch_order_book: symbol=CHIP/USDC limit=20
2026-05-09 16:57:20,650 | INFO | fetch_order_book: mid=0.06606 spread=6.06bps bids=20 asks=20
2026-05-09 16:57:21,765 | INFO | SPREAD | pair=CHIP/USDC | cex=0.06604/0.06608 | dex_sell=0.0660464 dex_buy=0.0660686 | spread_a=-5.1bps spread_b=-4.3bps | min=30.0bps
2026-05-09 16:57:22,768 | INFO | fetch_order_book: symbol=CHIP/USDC limit=20
2026-05-09 16:57:23,050 | INFO | fetch_order_book: mid=0.06606 spread=6.06bps bids=20 asks=20
2026-05-09 16:57:23,944 | INFO | SPREAD | pair=CHIP/USDC | cex=0.06604/0.06608 | dex_sell=0.0660464 dex_buy=0.0660686 | spread_a=-5.1bps spread_b=-4.3bps | min=30.0bps
2026-05-09 16:57:24,948 | INFO | fetch_order_book: symbol=CHIP/USDC limit=20
2026-05-09 16:57:25,207 | INFO | fetch_order_book: mid=0.06606 spread=6.06bps bids=20 asks=20
2026-05-09 16:57:26,166 | INFO | SPREAD | pair=CHIP/USDC | cex=0.06604/0.06608 | dex_sell=0.0660464 dex_buy=0.0660686 | spread_a=-5.1bps spread_b=-4.3bps | min=30.0bps
2026-05-09 16:57:27,169 | INFO | fetch_order_book: symbol=CHIP/USDC limit=20
2026-05-09 16:57:27,526 | INFO | fetch_order_book: mid=0.06606 spread=6.06bps bids=20 asks=20
2026-05-09 16:57:28,487 | INFO | SPREAD | pair=CHIP/USDC | cex=0.06604/0.06608 | dex_sell=0.0660464 dex_buy=0.0660686 | spread_a=-5.1bps spread_b=-4.3bps | min=30.0bps
2026-05-09 16:57:29,490 | INFO | fetch_order_book: symbol=CHIP/USDC limit=20
2026-05-09 16:57:29,749 | INFO | fetch_order_book: mid=0.06606 spread=6.06bps bids=20 asks=20
2026-05-09 16:57:30,635 | INFO | SPREAD | pair=CHIP/USDC | cex=0.06604/0.06608 | dex_sell=0.0660464 dex_buy=0.0660686 | spread_a=-5.1bps spread_b=-4.3bps | min=30.0bps
2026-05-09 16:57:31,639 | INFO | fetch_order_book: symbol=CHIP/USDC limit=20
2026-05-09 16:57:31,899 | INFO | fetch_order_book: mid=0.06606 spread=6.06bps bids=20 asks=20
2026-05-09 16:57:32,859 | INFO | SPREAD | pair=CHIP/USDC | cex=0.06604/0.06608 | dex_sell=0.0660464 dex_buy=0.0660686 | spread_a=-5.1bps spread_b=-4.3bps | min=30.0bps
2026-05-09 16:57:33,862 | INFO | fetch_order_book: symbol=CHIP/USDC limit=20
2026-05-09 16:57:34,117 | INFO | fetch_order_book: mid=0.066045 spread=10.60bps bids=20 asks=20
2026-05-09 16:57:35,081 | INFO | SPREAD | pair=CHIP/USDC | cex=0.06601/0.06608 | dex_sell=0.0660464 dex_buy=0.0660686 | spread_a=-5.1bps spread_b=-8.9bps | min=30.0bps
2026-05-09 16:57:36,084 | INFO | fetch_order_book: symbol=CHIP/USDC limit=20
2026-05-09 16:57:36,401 | INFO | fetch_order_book: mid=0.066025 spread=7.57bps bids=20 asks=20
2026-05-09 16:57:37,319 | INFO | SPREAD | pair=CHIP/USDC | cex=0.066/0.06605 | dex_sell=0.0660464 dex_buy=0.0660686 | spread_a=-0.5bps spread_b=-10.4bps | min=30.0bps
2026-05-09 16:57:38,323 | INFO | fetch_order_book: symbol=CHIP/USDC limit=20
2026-05-09 16:57:38,583 | INFO | fetch_order_book: mid=0.066025 spread=7.57bps bids=20 asks=20
2026-05-09 16:57:39,479 | INFO | SPREAD | pair=CHIP/USDC | cex=0.066/0.06605 | dex_sell=0.0660464 dex_buy=0.0660686 | spread_a=-0.5bps spread_b=-10.4bps | min=30.0bps
2026-05-09 16:57:40,482 | INFO | fetch_order_book: symbol=CHIP/USDC limit=20
2026-05-09 16:57:40,737 | INFO | fetch_order_book: mid=0.06603 spread=6.06bps bids=20 asks=20
2026-05-09 16:57:41,683 | INFO | SPREAD | pair=CHIP/USDC | cex=0.06601/0.06605 | dex_sell=0.0660464 dex_buy=0.0660686 | spread_a=-0.5bps spread_b=-8.9bps | min=30.0bps
2026-05-09 16:57:42,686 | INFO | fetch_order_book: symbol=CHIP/USDC limit=20
2026-05-09 16:57:42,950 | INFO | fetch_order_book: mid=0.066035 spread=7.57bps bids=20 asks=20
2026-05-09 16:57:43,874 | INFO | SPREAD | pair=CHIP/USDC | cex=0.06601/0.06606 | dex_sell=0.0660464 dex_buy=0.0660686 | spread_a=-2.1bps spread_b=-8.9bps | min=30.0bps
2026-05-09 16:57:44,880 | INFO | fetch_order_book: symbol=CHIP/USDC limit=20
2026-05-09 16:57:45,242 | INFO | fetch_order_book: mid=0.06603 spread=6.06bps bids=20 asks=20
2026-05-09 16:57:46,162 | INFO | SPREAD | pair=CHIP/USDC | cex=0.06601/0.06605 | dex_sell=0.0660464 dex_buy=0.0660686 | spread_a=-0.5bps spread_b=-8.9bps | min=30.0bps
2026-05-09 16:57:47,166 | INFO | fetch_order_book: symbol=CHIP/USDC limit=20
2026-05-09 16:57:47,422 | INFO | fetch_order_book: mid=0.06603 spread=6.06bps bids=20 asks=20
2026-05-09 16:57:48,345 | INFO | SPREAD | pair=CHIP/USDC | cex=0.06601/0.06605 | dex_sell=0.0660464 dex_buy=0.0660686 | spread_a=-0.5bps spread_b=-8.9bps | min=30.0bps
2026-05-09 16:57:49,350 | INFO | fetch_order_book: symbol=CHIP/USDC limit=20
2026-05-09 16:57:49,655 | INFO | fetch_order_book: mid=0.066045 spread=7.57bps bids=20 asks=20
2026-05-09 16:57:50,545 | INFO | SPREAD | pair=CHIP/USDC | cex=0.06602/0.06607 | dex_sell=0.0660464 dex_buy=0.0660686 | spread_a=-3.6bps spread_b=-7.4bps | min=30.0bps
2026-05-09 16:57:51,548 | INFO | fetch_order_book: symbol=CHIP/USDC limit=20
2026-05-09 16:57:51,890 | INFO | fetch_order_book: mid=0.066045 spread=7.57bps bids=20 asks=20
2026-05-09 16:57:52,798 | INFO | SPREAD | pair=CHIP/USDC | cex=0.06602/0.06607 | dex_sell=0.0660464 dex_buy=0.0660686 | spread_a=-3.6bps spread_b=-7.4bps | min=30.0bps
2026-05-09 16:57:53,802 | INFO | fetch_order_book: symbol=CHIP/USDC limit=20
2026-05-09 16:57:54,056 | INFO | fetch_order_book: mid=0.066035 spread=4.54bps bids=20 asks=20
2026-05-09 16:57:55,265 | INFO | SPREAD | pair=CHIP/USDC | cex=0.06602/0.06605 | dex_sell=0.0660464 dex_buy=0.0660686 | spread_a=-0.5bps spread_b=-7.4bps | min=30.0bps
2026-05-09 16:57:56,268 | INFO | fetch_order_book: symbol=CHIP/USDC limit=20
2026-05-09 16:57:56,608 | INFO | fetch_order_book: mid=0.06605 spread=6.06bps bids=20 asks=20
2026-05-09 16:57:57,521 | INFO | SPREAD | pair=CHIP/USDC | cex=0.06603/0.06607 | dex_sell=0.0660464 dex_buy=0.0660686 | spread_a=-3.6bps spread_b=-5.8bps | min=30.0bps
2026-05-09 16:57:58,524 | INFO | fetch_order_book: symbol=CHIP/USDC limit=20
2026-05-09 16:57:58,854 | INFO | fetch_order_book: mid=0.06606 spread=6.06bps bids=20 asks=20
2026-05-09 16:57:59,773 | INFO | SPREAD | pair=CHIP/USDC | cex=0.06604/0.06608 | dex_sell=0.0660464 dex_buy=0.0660686 | spread_a=-5.1bps spread_b=-4.3bps | min=30.0bps
2026-05-09 16:58:00,777 | INFO | fetch_order_book: symbol=CHIP/USDC limit=20
2026-05-09 16:58:01,063 | INFO | fetch_order_book: mid=0.06606 spread=6.06bps bids=20 asks=20
2026-05-09 16:58:02,043 | INFO | SPREAD | pair=CHIP/USDC | cex=0.06604/0.06608 | dex_sell=0.0660464 dex_buy=0.0660686 | spread_a=-5.1bps spread_b=-4.3bps | min=30.0bps
2026-05-09 16:58:03,047 | INFO | fetch_order_book: symbol=CHIP/USDC limit=20
2026-05-09 16:58:03,319 | INFO | fetch_order_book: mid=0.06606 spread=6.06bps bids=20 asks=20
2026-05-09 16:58:04,235 | INFO | SPREAD | pair=CHIP/USDC | cex=0.06604/0.06608 | dex_sell=0.0660464 dex_buy=0.0660686 | spread_a=-5.1bps spread_b=-4.3bps | min=30.0bps
2026-05-09 16:58:05,238 | INFO | fetch_order_book: symbol=CHIP/USDC limit=20
2026-05-09 16:58:05,507 | INFO | fetch_order_book: mid=0.06607 spread=6.05bps bids=20 asks=20
2026-05-09 16:58:06,508 | INFO | SPREAD | pair=CHIP/USDC | cex=0.06605/0.06609 | dex_sell=0.0660464 dex_buy=0.0660686 | spread_a=-6.6bps spread_b=-2.8bps | min=30.0bps
2026-05-09 16:58:07,510 | INFO | fetch_order_book: symbol=CHIP/USDC limit=20
2026-05-09 16:58:07,864 | INFO | fetch_order_book: mid=0.06606 spread=6.06bps bids=20 asks=20
2026-05-09 16:58:08,855 | INFO | SPREAD | pair=CHIP/USDC | cex=0.06604/0.06608 | dex_sell=0.0660464 dex_buy=0.0660686 | spread_a=-5.1bps spread_b=-4.3bps | min=30.0bps
2026-05-09 16:58:09,859 | INFO | fetch_order_book: symbol=CHIP/USDC limit=20
2026-05-09 16:58:10,120 | INFO | fetch_order_book: mid=0.06606 spread=6.06bps bids=20 asks=20
2026-05-09 16:58:11,017 | INFO | SPREAD | pair=CHIP/USDC | cex=0.06604/0.06608 | dex_sell=0.0660464 dex_buy=0.0660686 | spread_a=-5.1bps spread_b=-4.3bps | min=30.0bps
2026-05-09 16:58:12,020 | INFO | fetch_order_book: symbol=CHIP/USDC limit=20
2026-05-09 16:58:12,337 | INFO | fetch_order_book: mid=0.06606 spread=6.06bps bids=20 asks=20
2026-05-09 16:58:13,303 | INFO | SPREAD | pair=CHIP/USDC | cex=0.06604/0.06608 | dex_sell=0.0660464 dex_buy=0.0660686 | spread_a=-5.1bps spread_b=-4.3bps | min=30.0bps
2026-05-09 16:58:14,307 | INFO | fetch_order_book: symbol=CHIP/USDC limit=20
2026-05-09 16:58:14,607 | INFO | fetch_order_book: mid=0.066065 spread=4.54bps bids=20 asks=20
2026-05-09 16:58:15,525 | INFO | SPREAD | pair=CHIP/USDC | cex=0.06605/0.06608 | dex_sell=0.0660464 dex_buy=0.0660686 | spread_a=-5.1bps spread_b=-2.8bps | min=30.0bps
2026-05-09 16:58:16,528 | INFO | fetch_order_book: symbol=CHIP/USDC limit=20
2026-05-09 16:58:16,792 | INFO | fetch_order_book: mid=0.066065 spread=4.54bps bids=20 asks=20
2026-05-09 16:58:17,774 | INFO | SPREAD | pair=CHIP/USDC | cex=0.06605/0.06608 | dex_sell=0.0660464 dex_buy=0.0660686 | spread_a=-5.1bps spread_b=-2.8bps | min=30.0bps
2026-05-09 16:58:18,777 | INFO | fetch_order_book: symbol=CHIP/USDC limit=20
2026-05-09 16:58:19,031 | INFO | fetch_order_book: mid=0.06605 spread=9.08bps bids=20 asks=20
2026-05-09 16:58:19,928 | INFO | SPREAD | pair=CHIP/USDC | cex=0.06602/0.06608 | dex_sell=0.0660464 dex_buy=0.0660686 | spread_a=-5.1bps spread_b=-7.4bps | min=30.0bps
2026-05-09 16:58:20,931 | INFO | fetch_order_book: symbol=CHIP/USDC limit=20
2026-05-09 16:58:21,199 | INFO | fetch_order_book: mid=0.066055 spread=7.57bps bids=20 asks=20
2026-05-09 16:58:22,126 | INFO | SPREAD | pair=CHIP/USDC | cex=0.06603/0.06608 | dex_sell=0.0660464 dex_buy=0.0660686 | spread_a=-5.1bps spread_b=-5.8bps | min=30.0bps
2026-05-09 16:58:23,130 | INFO | fetch_order_book: symbol=CHIP/USDC limit=20
2026-05-09 16:58:23,468 | INFO | fetch_order_book: mid=0.066055 spread=7.57bps bids=20 asks=20
2026-05-09 16:58:24,357 | INFO | SPREAD | pair=CHIP/USDC | cex=0.06603/0.06608 | dex_sell=0.0660464 dex_buy=0.0660686 | spread_a=-5.1bps spread_b=-5.8bps | min=30.0bps
2026-05-09 16:58:25,360 | INFO | fetch_order_book: symbol=CHIP/USDC limit=20
2026-05-09 16:58:25,619 | INFO | fetch_order_book: mid=0.06606 spread=6.06bps bids=20 asks=20
2026-05-09 16:58:26,647 | INFO | SPREAD | pair=CHIP/USDC | cex=0.06604/0.06608 | dex_sell=0.0660464 dex_buy=0.0660686 | spread_a=-5.1bps spread_b=-4.3bps | min=30.0bps
2026-05-09 16:58:27,651 | INFO | fetch_order_book: symbol=CHIP/USDC limit=20
2026-05-09 16:58:28,038 | INFO | fetch_order_book: mid=0.06606 spread=6.06bps bids=20 asks=20
2026-05-09 16:58:28,954 | INFO | SPREAD | pair=CHIP/USDC | cex=0.06604/0.06608 | dex_sell=0.0660464 dex_buy=0.0660686 | spread_a=-5.1bps spread_b=-4.3bps | min=30.0bps
2026-05-09 16:58:29,958 | INFO | fetch_order_book: symbol=CHIP/USDC limit=20
2026-05-09 16:58:30,215 | INFO | fetch_order_book: mid=0.06607 spread=6.05bps bids=20 asks=20
2026-05-09 16:58:31,150 | INFO | SPREAD | pair=CHIP/USDC | cex=0.06605/0.06609 | dex_sell=0.0660464 dex_buy=0.0660686 | spread_a=-6.6bps spread_b=-2.8bps | min=30.0bps
2026-05-09 16:58:32,154 | INFO | fetch_order_book: symbol=CHIP/USDC limit=20
2026-05-09 16:58:32,431 | INFO | fetch_order_book: mid=0.066075 spread=4.54bps bids=20 asks=20
2026-05-09 16:58:33,323 | INFO | SPREAD | pair=CHIP/USDC | cex=0.06606/0.06609 | dex_sell=0.0660464 dex_buy=0.0660686 | spread_a=-6.6bps spread_b=-1.3bps | min=30.0bps
2026-05-09 16:58:34,326 | INFO | fetch_order_book: symbol=CHIP/USDC limit=20
2026-05-09 16:58:34,588 | INFO | fetch_order_book: mid=0.06608 spread=6.05bps bids=20 asks=20
2026-05-09 16:58:35,537 | INFO | SPREAD | pair=CHIP/USDC | cex=0.06606/0.0661 | dex_sell=0.0660464 dex_buy=0.0660686 | spread_a=-8.1bps spread_b=-1.3bps | min=30.0bps
2026-05-09 16:58:36,540 | INFO | fetch_order_book: symbol=CHIP/USDC limit=20
2026-05-09 16:58:36,826 | INFO | fetch_order_book: mid=0.06608 spread=6.05bps bids=20 asks=20
2026-05-09 16:58:37,747 | INFO | SPREAD | pair=CHIP/USDC | cex=0.06606/0.0661 | dex_sell=0.0660464 dex_buy=0.0660686 | spread_a=-8.1bps spread_b=-1.3bps | min=30.0bps
2026-05-09 16:58:38,749 | INFO | fetch_order_book: symbol=CHIP/USDC limit=20
2026-05-09 16:58:39,032 | INFO | fetch_order_book: mid=0.06608 spread=6.05bps bids=20 asks=20
2026-05-09 16:58:40,172 | INFO | SPREAD | pair=CHIP/USDC | cex=0.06606/0.0661 | dex_sell=0.0660464 dex_buy=0.0660686 | spread_a=-8.1bps spread_b=-1.3bps | min=30.0bps
2026-05-09 16:58:41,175 | INFO | fetch_order_book: symbol=CHIP/USDC limit=20
2026-05-09 16:58:41,428 | INFO | fetch_order_book: mid=0.06608 spread=6.05bps bids=20 asks=20
2026-05-09 16:58:42,334 | INFO | SPREAD | pair=CHIP/USDC | cex=0.06606/0.0661 | dex_sell=0.0660464 dex_buy=0.0660686 | spread_a=-8.1bps spread_b=-1.3bps | min=30.0bps
2026-05-09 16:58:43,337 | INFO | fetch_order_book: symbol=CHIP/USDC limit=20
2026-05-09 16:58:43,596 | INFO | fetch_order_book: mid=0.06608 spread=6.05bps bids=20 asks=20
2026-05-09 16:58:44,669 | INFO | SPREAD | pair=CHIP/USDC | cex=0.06606/0.0661 | dex_sell=0.0660464 dex_buy=0.0660686 | spread_a=-8.1bps spread_b=-1.3bps | min=30.0bps
2026-05-09 16:58:45,672 | INFO | fetch_order_book: symbol=CHIP/USDC limit=20
2026-05-09 16:58:45,981 | INFO | fetch_order_book: mid=0.066085 spread=4.54bps bids=20 asks=20
2026-05-09 16:58:47,449 | INFO | SPREAD | pair=CHIP/USDC | cex=0.06607/0.0661 | dex_sell=0.0660464 dex_buy=0.0660686 | spread_a=-8.1bps spread_b=0.2bps | min=30.0bps
2026-05-09 16:58:48,452 | INFO | fetch_order_book: symbol=CHIP/USDC limit=20
2026-05-09 16:58:48,708 | INFO | fetch_order_book: mid=0.06609 spread=3.03bps bids=20 asks=20
2026-05-09 16:58:49,644 | INFO | SPREAD | pair=CHIP/USDC | cex=0.06608/0.0661 | dex_sell=0.0660464 dex_buy=0.0660686 | spread_a=-8.1bps spread_b=1.7bps | min=30.0bps
2026-05-09 16:58:50,647 | INFO | fetch_order_book: symbol=CHIP/USDC limit=20
2026-05-09 16:58:51,088 | INFO | fetch_order_book: mid=0.06611 spread=3.03bps bids=20 asks=20
2026-05-09 16:58:51,999 | INFO | SPREAD | pair=CHIP/USDC | cex=0.0661/0.06612 | dex_sell=0.0660464 dex_buy=0.0660686 | spread_a=-11.1bps spread_b=4.7bps | min=30.0bps
2026-05-09 16:58:53,002 | INFO | fetch_order_book: symbol=CHIP/USDC limit=20
2026-05-09 16:58:53,262 | INFO | fetch_order_book: mid=0.066125 spread=4.54bps bids=20 asks=20
2026-05-09 16:58:54,223 | INFO | SPREAD | pair=CHIP/USDC | cex=0.06611/0.06614 | dex_sell=0.0660464 dex_buy=0.0660686 | spread_a=-14.1bps spread_b=6.3bps | min=30.0bps
2026-05-09 16:58:55,226 | INFO | fetch_order_book: symbol=CHIP/USDC limit=20
2026-05-09 16:58:55,648 | INFO | fetch_order_book: mid=0.06613 spread=3.02bps bids=20 asks=20
2026-05-09 16:58:56,527 | INFO | SPREAD | pair=CHIP/USDC | cex=0.06612/0.06614 | dex_sell=0.0660464 dex_buy=0.0660686 | spread_a=-14.1bps spread_b=7.8bps | min=30.0bps
2026-05-09 16:58:57,531 | INFO | fetch_order_book: symbol=CHIP/USDC limit=20
2026-05-09 16:58:57,841 | INFO | fetch_order_book: mid=0.06613 spread=3.02bps bids=20 asks=20
2026-05-09 16:58:58,801 | INFO | SPREAD | pair=CHIP/USDC | cex=0.06612/0.06614 | dex_sell=0.0660464 dex_buy=0.0660686 | spread_a=-14.1bps spread_b=7.8bps | min=30.0bps
2026-05-09 16:58:59,802 | INFO | fetch_order_book: symbol=CHIP/USDC limit=20
2026-05-09 16:59:00,061 | INFO | fetch_order_book: mid=0.066135 spread=1.51bps bids=20 asks=20
2026-05-09 16:59:00,968 | INFO | SPREAD | pair=CHIP/USDC | cex=0.06613/0.06614 | dex_sell=0.0660464 dex_buy=0.0660686 | spread_a=-14.1bps spread_b=9.3bps | min=30.0bps
2026-05-09 16:59:01,972 | INFO | fetch_order_book: symbol=CHIP/USDC limit=20
2026-05-09 16:59:02,236 | INFO | fetch_order_book: mid=0.06615 spread=6.05bps bids=20 asks=20
2026-05-09 16:59:03,230 | INFO | SPREAD | pair=CHIP/USDC | cex=0.06613/0.06617 | dex_sell=0.0660464 dex_buy=0.0660686 | spread_a=-18.7bps spread_b=9.3bps | min=30.0bps
2026-05-09 16:59:04,233 | INFO | fetch_order_book: symbol=CHIP/USDC limit=20
2026-05-09 16:59:04,498 | INFO | fetch_order_book: mid=0.066165 spread=1.51bps bids=20 asks=20
2026-05-09 16:59:05,480 | INFO | SPREAD | pair=CHIP/USDC | cex=0.06616/0.06617 | dex_sell=0.0660464 dex_buy=0.0661285 | spread_a=-18.7bps spread_b=4.8bps | min=30.0bps
2026-05-09 16:59:06,483 | INFO | fetch_order_book: symbol=CHIP/USDC limit=20
2026-05-09 16:59:06,956 | INFO | fetch_order_book: mid=0.066175 spread=1.51bps bids=20 asks=20
2026-05-09 16:59:08,252 | INFO | SPREAD | pair=CHIP/USDC | cex=0.06617/0.06618 | dex_sell=0.0661063 dex_buy=0.0661285 | spread_a=-11.1bps spread_b=6.3bps | min=30.0bps
2026-05-09 16:59:09,256 | INFO | fetch_order_book: symbol=CHIP/USDC limit=20
2026-05-09 16:59:09,524 | INFO | fetch_order_book: mid=0.06619 spread=3.02bps bids=20 asks=20
2026-05-09 16:59:10,645 | INFO | SPREAD | pair=CHIP/USDC | cex=0.06618/0.0662 | dex_sell=0.0661063 dex_buy=0.0661285 | spread_a=-14.2bps spread_b=7.8bps | min=30.0bps
2026-05-09 16:59:11,648 | INFO | fetch_order_book: symbol=CHIP/USDC limit=20
2026-05-09 16:59:11,906 | INFO | fetch_order_book: mid=0.06619 spread=3.02bps bids=20 asks=20
2026-05-09 16:59:13,233 | INFO | SPREAD | pair=CHIP/USDC | cex=0.06618/0.0662 | dex_sell=0.0661063 dex_buy=0.0661285 | spread_a=-14.2bps spread_b=7.8bps | min=30.0bps
2026-05-09 16:59:14,236 | INFO | fetch_order_book: symbol=CHIP/USDC limit=20
2026-05-09 16:59:14,545 | INFO | fetch_order_book: mid=0.066195 spread=1.51bps bids=20 asks=20
2026-05-09 16:59:15,673 | INFO | SPREAD | pair=CHIP/USDC | cex=0.06619/0.0662 | dex_sell=0.0661063 dex_buy=0.0661285 | spread_a=-14.2bps spread_b=9.3bps | min=30.0bps
2026-05-09 16:59:16,677 | INFO | fetch_order_book: symbol=CHIP/USDC limit=20
2026-05-09 16:59:16,985 | INFO | fetch_order_book: mid=0.066195 spread=1.51bps bids=20 asks=20
2026-05-09 16:59:18,067 | INFO | SPREAD | pair=CHIP/USDC | cex=0.06619/0.0662 | dex_sell=0.0661063 dex_buy=0.0661285 | spread_a=-14.2bps spread_b=9.3bps | min=30.0bps
2026-05-09 16:59:19,069 | INFO | fetch_order_book: symbol=CHIP/USDC limit=20
2026-05-09 16:59:19,331 | INFO | fetch_order_book: mid=0.066195 spread=1.51bps bids=20 asks=20
2026-05-09 16:59:20,243 | INFO | SPREAD | pair=CHIP/USDC | cex=0.06619/0.0662 | dex_sell=0.0661063 dex_buy=0.0661285 | spread_a=-14.2bps spread_b=9.3bps | min=30.0bps
2026-05-09 16:59:21,246 | INFO | fetch_order_book: symbol=CHIP/USDC limit=20
2026-05-09 16:59:21,503 | INFO | fetch_order_book: mid=0.06620 spread=6.04bps bids=20 asks=20
2026-05-09 16:59:22,452 | INFO | SPREAD | pair=CHIP/USDC | cex=0.06618/0.06622 | dex_sell=0.0661063 dex_buy=0.0661285 | spread_a=-17.2bps spread_b=7.8bps | min=30.0bps
2026-05-09 16:59:23,456 | INFO | fetch_order_book: symbol=CHIP/USDC limit=20
2026-05-09 16:59:23,801 | INFO | fetch_order_book: mid=0.066205 spread=4.53bps bids=20 asks=20
2026-05-09 16:59:24,716 | INFO | SPREAD | pair=CHIP/USDC | cex=0.06619/0.06622 | dex_sell=0.0661063 dex_buy=0.0661285 | spread_a=-17.2bps spread_b=9.3bps | min=30.0bps
2026-05-09 16:59:25,720 | INFO | fetch_order_book: symbol=CHIP/USDC limit=20
2026-05-09 16:59:26,125 | INFO | fetch_order_book: mid=0.066215 spread=1.51bps bids=20 asks=20
2026-05-09 16:59:27,096 | INFO | SPREAD | pair=CHIP/USDC | cex=0.06621/0.06622 | dex_sell=0.0661063 dex_buy=0.0661285 | spread_a=-17.2bps spread_b=12.3bps | min=30.0bps
2026-05-09 16:59:28,099 | INFO | fetch_order_book: symbol=CHIP/USDC limit=20
2026-05-09 16:59:28,372 | INFO | fetch_order_book: mid=0.06623 spread=6.04bps bids=20 asks=20
2026-05-09 16:59:29,310 | INFO | SPREAD | pair=CHIP/USDC | cex=0.06621/0.06625 | dex_sell=0.0661063 dex_buy=0.0661285 | spread_a=-21.7bps spread_b=12.3bps | min=30.0bps
2026-05-09 16:59:30,313 | INFO | fetch_order_book: symbol=CHIP/USDC limit=20
2026-05-09 16:59:30,568 | INFO | fetch_order_book: mid=0.06613 spread=3.02bps bids=20 asks=20
2026-05-09 16:59:31,822 | INFO | SPREAD | pair=CHIP/USDC | cex=0.06612/0.06614 | dex_sell=0.0661063 dex_buy=0.0661285 | spread_a=-5.1bps spread_b=-1.3bps | min=30.0bps
2026-05-09 16:59:32,826 | INFO | fetch_order_book: symbol=CHIP/USDC limit=20
2026-05-09 16:59:33,132 | INFO | fetch_order_book: mid=0.06613 spread=3.02bps bids=20 asks=20
2026-05-09 16:59:34,146 | INFO | SPREAD | pair=CHIP/USDC | cex=0.06612/0.06614 | dex_sell=0.0661063 dex_buy=0.0661285 | spread_a=-5.1bps spread_b=-1.3bps | min=30.0bps
2026-05-09 16:59:35,149 | INFO | fetch_order_book: symbol=CHIP/USDC limit=20
2026-05-09 16:59:35,427 | INFO | fetch_order_book: mid=0.06615 spread=6.05bps bids=20 asks=20
2026-05-09 16:59:36,862 | INFO | SPREAD | pair=CHIP/USDC | cex=0.06613/0.06617 | dex_sell=0.0661063 dex_buy=0.0661285 | spread_a=-9.6bps spread_b=0.2bps | min=30.0bps
2026-05-09 16:59:37,865 | INFO | fetch_order_book: symbol=CHIP/USDC limit=20
2026-05-09 16:59:38,236 | INFO | fetch_order_book: mid=0.066135 spread=4.54bps bids=20 asks=20
2026-05-09 16:59:39,246 | INFO | SPREAD | pair=CHIP/USDC | cex=0.06612/0.06615 | dex_sell=0.0661063 dex_buy=0.0661285 | spread_a=-6.6bps spread_b=-1.3bps | min=30.0bps
2026-05-09 16:59:40,249 | INFO | fetch_order_book: symbol=CHIP/USDC limit=20
2026-05-09 16:59:40,504 | INFO | fetch_order_book: mid=0.066135 spread=4.54bps bids=20 asks=20
2026-05-09 16:59:41,455 | INFO | SPREAD | pair=CHIP/USDC | cex=0.06612/0.06615 | dex_sell=0.0661063 dex_buy=0.0661285 | spread_a=-6.6bps spread_b=-1.3bps | min=30.0bps
2026-05-09 16:59:42,458 | INFO | fetch_order_book: symbol=CHIP/USDC limit=20
2026-05-09 16:59:42,812 | INFO | fetch_order_book: mid=0.066135 spread=4.54bps bids=20 asks=20
2026-05-09 16:59:43,731 | INFO | SPREAD | pair=CHIP/USDC | cex=0.06612/0.06615 | dex_sell=0.0661063 dex_buy=0.0661285 | spread_a=-6.6bps spread_b=-1.3bps | min=30.0bps
2026-05-09 16:59:44,734 | INFO | fetch_order_book: symbol=CHIP/USDC limit=20
2026-05-09 16:59:45,069 | INFO | fetch_order_book: mid=0.06611 spread=3.03bps bids=20 asks=20
2026-05-09 16:59:46,035 | INFO | SPREAD | pair=CHIP/USDC | cex=0.0661/0.06612 | dex_sell=0.0661063 dex_buy=0.0661285 | spread_a=-2.1bps spread_b=-4.3bps | min=30.0bps
2026-05-09 16:59:47,037 | INFO | fetch_order_book: symbol=CHIP/USDC limit=20
2026-05-09 16:59:47,397 | INFO | fetch_order_book: mid=0.06609 spread=3.03bps bids=20 asks=20
2026-05-09 16:59:48,343 | INFO | SPREAD | pair=CHIP/USDC | cex=0.06608/0.0661 | dex_sell=0.0661063 dex_buy=0.0661285 | spread_a=0.9bps spread_b=-7.3bps | min=30.0bps
2026-05-09 16:59:49,347 | INFO | fetch_order_book: symbol=CHIP/USDC limit=20
2026-05-09 16:59:49,761 | INFO | fetch_order_book: mid=0.06609 spread=3.03bps bids=20 asks=20
2026-05-09 16:59:50,652 | INFO | SPREAD | pair=CHIP/USDC | cex=0.06608/0.0661 | dex_sell=0.0661063 dex_buy=0.0661285 | spread_a=0.9bps spread_b=-7.3bps | min=30.0bps
2026-05-09 16:59:51,655 | INFO | fetch_order_book: symbol=CHIP/USDC limit=20
2026-05-09 16:59:52,006 | INFO | fetch_order_book: mid=0.06610 spread=6.05bps bids=20 asks=20
2026-05-09 16:59:52,907 | INFO | SPREAD | pair=CHIP/USDC | cex=0.06608/0.06612 | dex_sell=0.0661063 dex_buy=0.0661285 | spread_a=-2.1bps spread_b=-7.3bps | min=30.0bps
2026-05-09 16:59:53,911 | INFO | fetch_order_book: symbol=CHIP/USDC limit=20
2026-05-09 16:59:54,231 | INFO | fetch_order_book: mid=0.066075 spread=4.54bps bids=20 asks=20
2026-05-09 16:59:55,134 | INFO | SPREAD | pair=CHIP/USDC | cex=0.06606/0.06609 | dex_sell=0.0660707 dex_buy=0.0660929 | spread_a=-2.9bps spread_b=-5.0bps | min=30.0bps
2026-05-09 16:59:56,138 | INFO | fetch_order_book: symbol=CHIP/USDC limit=20
2026-05-09 16:59:56,397 | INFO | fetch_order_book: mid=0.066075 spread=4.54bps bids=20 asks=20
2026-05-09 16:59:57,292 | INFO | SPREAD | pair=CHIP/USDC | cex=0.06606/0.06609 | dex_sell=0.0660707 dex_buy=0.0660929 | spread_a=-2.9bps spread_b=-5.0bps | min=30.0bps
2026-05-09 16:59:58,294 | INFO | fetch_order_book: symbol=CHIP/USDC limit=20
2026-05-09 16:59:58,667 | INFO | fetch_order_book: mid=0.06605 spread=3.03bps bids=20 asks=20
2026-05-09 16:59:59,724 | INFO | SPREAD | pair=CHIP/USDC | cex=0.06604/0.06606 | dex_sell=0.0660707 dex_buy=0.0660929 | spread_a=1.6bps spread_b=-8.0bps | min=30.0bps
2026-05-09 17:00:00,728 | INFO | fetch_order_book: symbol=CHIP/USDC limit=20
2026-05-09 17:00:01,346 | INFO | fetch_order_book: mid=0.065975 spread=4.55bps bids=20 asks=20
2026-05-09 17:00:02,256 | INFO | SPREAD | pair=CHIP/USDC | cex=0.06596/0.06599 | dex_sell=0.0660008 dex_buy=0.0660205 | spread_a=1.6bps spread_b=-9.2bps | min=30.0bps
2026-05-09 17:00:03,260 | INFO | fetch_order_book: symbol=CHIP/USDC limit=20
2026-05-09 17:00:03,524 | INFO | fetch_order_book: mid=0.065985 spread=7.58bps bids=20 asks=20
2026-05-09 17:00:04,478 | INFO | SPREAD | pair=CHIP/USDC | cex=0.06596/0.06601 | dex_sell=0.0659736 dex_buy=0.0659905 | spread_a=-5.5bps spread_b=-4.6bps | min=30.0bps
2026-05-09 17:00:05,481 | INFO | fetch_order_book: symbol=CHIP/USDC limit=20
2026-05-09 17:00:05,832 | INFO | fetch_order_book: mid=0.065995 spread=7.58bps bids=20 asks=20
2026-05-09 17:00:06,791 | INFO | SPREAD | pair=CHIP/USDC | cex=0.06597/0.06602 | dex_sell=0.0659736 dex_buy=0.0659905 | spread_a=-7.0bps spread_b=-3.1bps | min=30.0bps
2026-05-09 17:00:07,794 | INFO | fetch_order_book: symbol=CHIP/USDC limit=20
2026-05-09 17:00:08,085 | INFO | fetch_order_book: mid=0.065995 spread=7.58bps bids=20 asks=20
2026-05-09 17:00:08,967 | INFO | SPREAD | pair=CHIP/USDC | cex=0.06597/0.06602 | dex_sell=0.0659736 dex_buy=0.0659905 | spread_a=-7.0bps spread_b=-3.1bps | min=30.0bps
2026-05-09 17:00:09,972 | INFO | fetch_order_book: symbol=CHIP/USDC limit=20
2026-05-09 17:00:10,233 | INFO | fetch_order_book: mid=0.065955 spread=4.55bps bids=20 asks=20
2026-05-09 17:00:11,132 | INFO | SPREAD | pair=CHIP/USDC | cex=0.06594/0.06597 | dex_sell=0.0659736 dex_buy=0.0659905 | spread_a=0.5bps spread_b=-7.7bps | min=30.0bps
2026-05-09 17:00:12,135 | INFO | fetch_order_book: symbol=CHIP/USDC limit=20
2026-05-09 17:00:12,398 | INFO | fetch_order_book: mid=0.065955 spread=4.55bps bids=20 asks=20
2026-05-09 17:00:13,367 | INFO | SPREAD | pair=CHIP/USDC | cex=0.06594/0.06597 | dex_sell=0.0659736 dex_buy=0.0659905 | spread_a=0.5bps spread_b=-7.7bps | min=30.0bps
2026-05-09 17:00:14,370 | INFO | fetch_order_book: symbol=CHIP/USDC limit=20
2026-05-09 17:00:14,626 | INFO | fetch_order_book: mid=0.065955 spread=4.55bps bids=20 asks=20
2026-05-09 17:00:15,566 | INFO | SPREAD | pair=CHIP/USDC | cex=0.06594/0.06597 | dex_sell=0.0659736 dex_buy=0.0659905 | spread_a=0.5bps spread_b=-7.7bps | min=30.0bps
2026-05-09 17:00:16,569 | INFO | fetch_order_book: symbol=CHIP/USDC limit=20
2026-05-09 17:00:16,930 | INFO | fetch_order_book: mid=0.065955 spread=4.55bps bids=20 asks=20
2026-05-09 17:00:17,898 | INFO | SPREAD | pair=CHIP/USDC | cex=0.06594/0.06597 | dex_sell=0.0659736 dex_buy=0.0659905 | spread_a=0.5bps spread_b=-7.7bps | min=30.0bps
2026-05-09 17:00:18,901 | INFO | fetch_order_book: symbol=CHIP/USDC limit=20
2026-05-09 17:00:19,159 | INFO | fetch_order_book: mid=0.065965 spread=7.58bps bids=20 asks=20
2026-05-09 17:00:20,066 | INFO | SPREAD | pair=CHIP/USDC | cex=0.06594/0.06599 | dex_sell=0.0659696 dex_buy=0.0659866 | spread_a=-3.1bps spread_b=-7.1bps | min=30.0bps
2026-05-09 17:00:21,069 | INFO | fetch_order_book: symbol=CHIP/USDC limit=20
2026-05-09 17:00:21,461 | INFO | fetch_order_book: mid=0.065965 spread=7.58bps bids=20 asks=20
2026-05-09 17:00:22,496 | INFO | SPREAD | pair=CHIP/USDC | cex=0.06594/0.06599 | dex_sell=0.0659696 dex_buy=0.0659866 | spread_a=-3.1bps spread_b=-7.1bps | min=30.0bps
2026-05-09 17:00:23,499 | INFO | fetch_order_book: symbol=CHIP/USDC limit=20
2026-05-09 17:00:23,755 | INFO | fetch_order_book: mid=0.065965 spread=7.58bps bids=20 asks=20
2026-05-09 17:00:24,659 | INFO | SPREAD | pair=CHIP/USDC | cex=0.06594/0.06599 | dex_sell=0.0659696 dex_buy=0.0659866 | spread_a=-3.1bps spread_b=-7.1bps | min=30.0bps
2026-05-09 17:00:25,663 | INFO | fetch_order_book: symbol=CHIP/USDC limit=20
2026-05-09 17:00:26,004 | INFO | fetch_order_book: mid=0.065965 spread=7.58bps bids=20 asks=20
2026-05-09 17:00:26,945 | INFO | SPREAD | pair=CHIP/USDC | cex=0.06594/0.06599 | dex_sell=0.0659696 dex_buy=0.0659866 | spread_a=-3.1bps spread_b=-7.1bps | min=30.0bps
2026-05-09 17:00:27,948 | INFO | fetch_order_book: symbol=CHIP/USDC limit=20
2026-05-09 17:00:28,210 | INFO | fetch_order_book: mid=0.065995 spread=4.55bps bids=20 asks=20
2026-05-09 17:00:29,127 | INFO | SPREAD | pair=CHIP/USDC | cex=0.06598/0.06601 | dex_sell=0.0659696 dex_buy=0.0659866 | spread_a=-6.1bps spread_b=-1.0bps | min=30.0bps
2026-05-09 17:00:30,130 | INFO | fetch_order_book: symbol=CHIP/USDC limit=20
2026-05-09 17:00:30,391 | INFO | fetch_order_book: mid=0.065985 spread=7.58bps bids=20 asks=20
2026-05-09 17:00:31,290 | INFO | SPREAD | pair=CHIP/USDC | cex=0.06596/0.06601 | dex_sell=0.0659696 dex_buy=0.0659866 | spread_a=-6.1bps spread_b=-4.0bps | min=30.0bps
2026-05-09 17:00:32,293 | INFO | fetch_order_book: symbol=CHIP/USDC limit=20
2026-05-09 17:00:32,548 | INFO | fetch_order_book: mid=0.06597 spread=6.06bps bids=20 asks=20
2026-05-09 17:00:33,450 | INFO | SPREAD | pair=CHIP/USDC | cex=0.06595/0.06599 | dex_sell=0.0659696 dex_buy=0.0659866 | spread_a=-3.1bps spread_b=-5.5bps | min=30.0bps
2026-05-09 17:00:34,453 | INFO | fetch_order_book: symbol=CHIP/USDC limit=20
2026-05-09 17:00:34,816 | INFO | fetch_order_book: mid=0.065955 spread=4.55bps bids=20 asks=20
2026-05-09 17:00:35,741 | INFO | SPREAD | pair=CHIP/USDC | cex=0.06594/0.06597 | dex_sell=0.0659435 dex_buy=0.0659604 | spread_a=-4.0bps spread_b=-3.1bps | min=30.0bps
2026-05-09 17:00:36,744 | INFO | fetch_order_book: symbol=CHIP/USDC limit=20
2026-05-09 17:00:37,070 | INFO | fetch_order_book: mid=0.065915 spread=4.55bps bids=20 asks=20
2026-05-09 17:00:37,992 | INFO | SPREAD | pair=CHIP/USDC | cex=0.0659/0.06593 | dex_sell=0.0659435 dex_buy=0.0659303 | spread_a=2.0bps spread_b=-4.6bps | min=30.0bps
2026-05-09 17:00:38,995 | INFO | fetch_order_book: symbol=CHIP/USDC limit=20
2026-05-09 17:00:39,251 | INFO | fetch_order_book: mid=0.065905 spread=7.59bps bids=20 asks=20
2026-05-09 17:00:40,165 | INFO | SPREAD | pair=CHIP/USDC | cex=0.06588/0.06593 | dex_sell=0.0659134 dex_buy=0.0659303 | spread_a=-2.5bps spread_b=-7.6bps | min=30.0bps
2026-05-09 17:00:41,169 | INFO | fetch_order_book: symbol=CHIP/USDC limit=20
2026-05-09 17:00:41,481 | INFO | fetch_order_book: mid=0.06591 spread=6.07bps bids=20 asks=20
2026-05-09 17:00:42,357 | INFO | SPREAD | pair=CHIP/USDC | cex=0.06589/0.06593 | dex_sell=0.0658834 dex_buy=0.0659003 | spread_a=-7.1bps spread_b=-1.6bps | min=30.0bps
2026-05-09 17:00:43,361 | INFO | fetch_order_book: symbol=CHIP/USDC limit=20
2026-05-09 17:00:43,617 | INFO | fetch_order_book: mid=0.06591 spread=6.07bps bids=20 asks=20
2026-05-09 17:00:44,607 | INFO | SPREAD | pair=CHIP/USDC | cex=0.06589/0.06593 | dex_sell=0.0658834 dex_buy=0.0659003 | spread_a=-7.1bps spread_b=-1.6bps | min=30.0bps
2026-05-09 17:00:45,611 | INFO | fetch_order_book: symbol=CHIP/USDC limit=20
2026-05-09 17:00:45,973 | INFO | fetch_order_book: mid=0.065895 spread=4.55bps bids=20 asks=20
2026-05-09 17:00:46,890 | INFO | SPREAD | pair=CHIP/USDC | cex=0.06588/0.06591 | dex_sell=0.0658834 dex_buy=0.0659003 | spread_a=-4.0bps spread_b=-3.1bps | min=30.0bps
2026-05-09 17:00:47,894 | INFO | fetch_order_book: symbol=CHIP/USDC limit=20
2026-05-09 17:00:48,232 | INFO | fetch_order_book: mid=0.065905 spread=7.59bps bids=20 asks=20
2026-05-09 17:00:49,126 | INFO | SPREAD | pair=CHIP/USDC | cex=0.06588/0.06593 | dex_sell=0.0658834 dex_buy=0.0659003 | spread_a=-7.1bps spread_b=-3.1bps | min=30.0bps
2026-05-09 17:00:50,129 | INFO | fetch_order_book: symbol=CHIP/USDC limit=20
2026-05-09 17:00:50,425 | INFO | fetch_order_book: mid=0.065895 spread=4.55bps bids=20 asks=20
2026-05-09 17:00:51,340 | INFO | SPREAD | pair=CHIP/USDC | cex=0.06588/0.06591 | dex_sell=0.0658834 dex_buy=0.0659003 | spread_a=-4.0bps spread_b=-3.1bps | min=30.0bps
2026-05-09 17:00:52,343 | INFO | fetch_order_book: symbol=CHIP/USDC limit=20
2026-05-09 17:00:52,600 | INFO | fetch_order_book: mid=0.06588 spread=6.07bps bids=20 asks=20
2026-05-09 17:00:53,518 | INFO | SPREAD | pair=CHIP/USDC | cex=0.06586/0.0659 | dex_sell=0.0658834 dex_buy=0.0659003 | spread_a=-2.5bps spread_b=-6.1bps | min=30.0bps
2026-05-09 17:00:54,522 | INFO | fetch_order_book: symbol=CHIP/USDC limit=20
2026-05-09 17:00:54,778 | INFO | fetch_order_book: mid=0.06588 spread=6.07bps bids=20 asks=20
2026-05-09 17:00:55,717 | INFO | SPREAD | pair=CHIP/USDC | cex=0.06586/0.0659 | dex_sell=0.0658834 dex_buy=0.0659003 | spread_a=-2.5bps spread_b=-6.1bps | min=30.0bps
2026-05-09 17:00:56,721 | INFO | fetch_order_book: symbol=CHIP/USDC limit=20
2026-05-09 17:00:57,033 | INFO | fetch_order_book: mid=0.06589 spread=6.07bps bids=20 asks=20
2026-05-09 17:00:57,971 | INFO | SPREAD | pair=CHIP/USDC | cex=0.06587/0.06591 | dex_sell=0.0658834 dex_buy=0.0659003 | spread_a=-4.0bps spread_b=-4.6bps | min=30.0bps
2026-05-09 17:00:58,974 | INFO | fetch_order_book: symbol=CHIP/USDC limit=20
2026-05-09 17:00:59,300 | INFO | fetch_order_book: mid=0.06591 spread=6.07bps bids=20 asks=20
2026-05-09 17:01:00,194 | INFO | SPREAD | pair=CHIP/USDC | cex=0.06589/0.06593 | dex_sell=0.0658834 dex_buy=0.0659003 | spread_a=-7.1bps spread_b=-1.6bps | min=30.0bps
2026-05-09 17:01:01,197 | INFO | fetch_order_book: symbol=CHIP/USDC limit=20
2026-05-09 17:01:01,460 | INFO | fetch_order_book: mid=0.06593 spread=3.03bps bids=20 asks=20
2026-05-09 17:01:02,422 | INFO | SPREAD | pair=CHIP/USDC | cex=0.06592/0.06594 | dex_sell=0.0659095 dex_buy=0.0659265 | spread_a=-4.6bps spread_b=-1.0bps | min=30.0bps
2026-05-09 17:01:03,426 | INFO | fetch_order_book: symbol=CHIP/USDC limit=20
2026-05-09 17:01:03,686 | INFO | fetch_order_book: mid=0.06593 spread=3.03bps bids=20 asks=20
2026-05-09 17:01:04,653 | INFO | SPREAD | pair=CHIP/USDC | cex=0.06592/0.06594 | dex_sell=0.0659095 dex_buy=0.0659265 | spread_a=-4.6bps spread_b=-1.0bps | min=30.0bps
2026-05-09 17:01:05,656 | INFO | fetch_order_book: symbol=CHIP/USDC limit=20
2026-05-09 17:01:05,941 | INFO | fetch_order_book: mid=0.065895 spread=4.55bps bids=20 asks=20
2026-05-09 17:01:06,913 | INFO | SPREAD | pair=CHIP/USDC | cex=0.06588/0.06591 | dex_sell=0.0659095 dex_buy=0.0659265 | spread_a=-0.1bps spread_b=-7.0bps | min=30.0bps
2026-05-09 17:01:07,916 | INFO | fetch_order_book: symbol=CHIP/USDC limit=20
2026-05-09 17:01:08,315 | INFO | fetch_order_book: mid=0.065895 spread=4.55bps bids=20 asks=20
2026-05-09 17:01:09,270 | INFO | SPREAD | pair=CHIP/USDC | cex=0.06588/0.06591 | dex_sell=0.0659095 dex_buy=0.0659003 | spread_a=-0.1bps spread_b=-3.1bps | min=30.0bps
2026-05-09 17:01:10,273 | INFO | fetch_order_book: symbol=CHIP/USDC limit=20
2026-05-09 17:01:10,652 | INFO | fetch_order_book: mid=0.06586 spread=6.07bps bids=20 asks=20
2026-05-09 17:01:11,573 | INFO | SPREAD | pair=CHIP/USDC | cex=0.06584/0.06588 | dex_sell=0.0658834 dex_buy=0.0659003 | spread_a=0.5bps spread_b=-9.2bps | min=30.0bps
2026-05-09 17:01:12,576 | INFO | fetch_order_book: symbol=CHIP/USDC limit=20
2026-05-09 17:01:12,911 | INFO | fetch_order_book: mid=0.065865 spread=4.55bps bids=20 asks=20
2026-05-09 17:01:13,857 | INFO | SPREAD | pair=CHIP/USDC | cex=0.06585/0.06588 | dex_sell=0.0658834 dex_buy=0.0659003 | spread_a=0.5bps spread_b=-7.6bps | min=30.0bps
2026-05-09 17:01:14,860 | INFO | fetch_order_book: symbol=CHIP/USDC limit=20
2026-05-09 17:01:15,114 | INFO | fetch_order_book: mid=0.065865 spread=4.55bps bids=20 asks=20
2026-05-09 17:01:16,052 | INFO | SPREAD | pair=CHIP/USDC | cex=0.06585/0.06588 | dex_sell=0.0658834 dex_buy=0.0659003 | spread_a=0.5bps spread_b=-7.6bps | min=30.0bps
2026-05-09 17:01:17,056 | INFO | fetch_order_book: symbol=CHIP/USDC limit=20
2026-05-09 17:01:17,410 | INFO | fetch_order_book: mid=0.06587 spread=3.04bps bids=20 asks=20
2026-05-09 17:01:18,327 | INFO | SPREAD | pair=CHIP/USDC | cex=0.06586/0.06588 | dex_sell=0.0658834 dex_buy=0.0659003 | spread_a=0.5bps spread_b=-6.1bps | min=30.0bps
2026-05-09 17:01:19,330 | INFO | fetch_order_book: symbol=CHIP/USDC limit=20
2026-05-09 17:01:19,599 | INFO | fetch_order_book: mid=0.065865 spread=4.55bps bids=20 asks=20
2026-05-09 17:01:20,490 | INFO | SPREAD | pair=CHIP/USDC | cex=0.06585/0.06588 | dex_sell=0.0658834 dex_buy=0.0659003 | spread_a=0.5bps spread_b=-7.6bps | min=30.0bps
2026-05-09 17:01:21,494 | INFO | fetch_order_book: symbol=CHIP/USDC limit=20
2026-05-09 17:01:21,753 | INFO | fetch_order_book: mid=0.065865 spread=4.55bps bids=20 asks=20
2026-05-09 17:01:22,637 | INFO | SPREAD | pair=CHIP/USDC | cex=0.06585/0.06588 | dex_sell=0.0658834 dex_buy=0.0659003 | spread_a=0.5bps spread_b=-7.6bps | min=30.0bps
2026-05-09 17:01:23,640 | INFO | fetch_order_book: symbol=CHIP/USDC limit=20
2026-05-09 17:01:23,960 | INFO | fetch_order_book: mid=0.065855 spread=4.56bps bids=20 asks=20
2026-05-09 17:01:24,927 | INFO | SPREAD | pair=CHIP/USDC | cex=0.06584/0.06587 | dex_sell=0.0658834 dex_buy=0.0658703 | spread_a=2.0bps spread_b=-4.6bps | min=30.0bps
2026-05-09 17:01:25,931 | INFO | fetch_order_book: symbol=CHIP/USDC limit=20
2026-05-09 17:01:26,319 | INFO | fetch_order_book: mid=0.065845 spread=7.59bps bids=20 asks=20
2026-05-09 17:01:27,284 | INFO | SPREAD | pair=CHIP/USDC | cex=0.06582/0.06587 | dex_sell=0.0658534 dex_buy=0.0658703 | spread_a=-2.5bps spread_b=-7.6bps | min=30.0bps
2026-05-09 17:01:28,287 | INFO | fetch_order_book: symbol=CHIP/USDC limit=20
2026-05-09 17:01:28,674 | INFO | fetch_order_book: mid=0.06582 spread=6.08bps bids=20 asks=20
2026-05-09 17:01:29,645 | INFO | SPREAD | pair=CHIP/USDC | cex=0.0658/0.06584 | dex_sell=0.0658234 dex_buy=0.0658403 | spread_a=-2.5bps spread_b=-6.1bps | min=30.0bps
2026-05-09 17:01:30,648 | INFO | fetch_order_book: symbol=CHIP/USDC limit=20
2026-05-09 17:01:30,904 | INFO | fetch_order_book: mid=0.06582 spread=6.08bps bids=20 asks=20
2026-05-09 17:01:31,809 | INFO | SPREAD | pair=CHIP/USDC | cex=0.0658/0.06584 | dex_sell=0.0658234 dex_buy=0.0658403 | spread_a=-2.5bps spread_b=-6.1bps | min=30.0bps
2026-05-09 17:01:32,812 | INFO | fetch_order_book: symbol=CHIP/USDC limit=20
2026-05-09 17:01:33,073 | INFO | fetch_order_book: mid=0.06582 spread=6.08bps bids=20 asks=20
2026-05-09 17:01:34,036 | INFO | SPREAD | pair=CHIP/USDC | cex=0.0658/0.06584 | dex_sell=0.0658234 dex_buy=0.0658403 | spread_a=-2.5bps spread_b=-6.1bps | min=30.0bps
2026-05-09 17:01:35,039 | INFO | fetch_order_book: symbol=CHIP/USDC limit=20
2026-05-09 17:01:35,299 | INFO | fetch_order_book: mid=0.06582 spread=6.08bps bids=20 asks=20
2026-05-09 17:01:36,170 | INFO | SPREAD | pair=CHIP/USDC | cex=0.0658/0.06584 | dex_sell=0.0658234 dex_buy=0.0658403 | spread_a=-2.5bps spread_b=-6.1bps | min=30.0bps
2026-05-09 17:01:37,173 | INFO | fetch_order_book: symbol=CHIP/USDC limit=20
2026-05-09 17:01:37,443 | INFO | fetch_order_book: mid=0.06582 spread=6.08bps bids=20 asks=20
2026-05-09 17:01:38,358 | INFO | SPREAD | pair=CHIP/USDC | cex=0.0658/0.06584 | dex_sell=0.0658234 dex_buy=0.0658403 | spread_a=-2.5bps spread_b=-6.1bps | min=30.0bps
2026-05-09 17:01:39,362 | INFO | fetch_order_book: symbol=CHIP/USDC limit=20
2026-05-09 17:01:39,735 | INFO | fetch_order_book: mid=0.065815 spread=4.56bps bids=20 asks=20
2026-05-09 17:01:40,679 | INFO | SPREAD | pair=CHIP/USDC | cex=0.0658/0.06583 | dex_sell=0.0658234 dex_buy=0.0658404 | spread_a=-1.0bps spread_b=-6.1bps | min=30.0bps
2026-05-09 17:01:41,683 | INFO | fetch_order_book: symbol=CHIP/USDC limit=20
2026-05-09 17:01:42,002 | INFO | fetch_order_book: mid=0.06582 spread=6.08bps bids=20 asks=20
2026-05-09 17:01:42,907 | INFO | SPREAD | pair=CHIP/USDC | cex=0.0658/0.06584 | dex_sell=0.0658234 dex_buy=0.0658403 | spread_a=-2.5bps spread_b=-6.1bps | min=30.0bps
2026-05-09 17:01:43,910 | INFO | fetch_order_book: symbol=CHIP/USDC limit=20
2026-05-09 17:01:44,266 | INFO | fetch_order_book: mid=0.065815 spread=4.56bps bids=20 asks=20
2026-05-09 17:01:45,245 | INFO | SPREAD | pair=CHIP/USDC | cex=0.0658/0.06583 | dex_sell=0.0658234 dex_buy=0.0658404 | spread_a=-1.0bps spread_b=-6.1bps | min=30.0bps
2026-05-09 17:01:46,248 | INFO | fetch_order_book: symbol=CHIP/USDC limit=20
2026-05-09 17:01:46,595 | INFO | fetch_order_book: mid=0.065815 spread=4.56bps bids=20 asks=20
2026-05-09 17:01:47,522 | INFO | SPREAD | pair=CHIP/USDC | cex=0.0658/0.06583 | dex_sell=0.0658234 dex_buy=0.0658404 | spread_a=-1.0bps spread_b=-6.1bps | min=30.0bps
2026-05-09 17:01:48,524 | INFO | fetch_order_book: symbol=CHIP/USDC limit=20
2026-05-09 17:01:48,781 | INFO | fetch_order_book: mid=0.065815 spread=4.56bps bids=20 asks=20
2026-05-09 17:01:49,691 | INFO | SPREAD | pair=CHIP/USDC | cex=0.0658/0.06583 | dex_sell=0.0658234 dex_buy=0.0658404 | spread_a=-1.0bps spread_b=-6.1bps | min=30.0bps
2026-05-09 17:01:50,694 | INFO | fetch_order_book: symbol=CHIP/USDC limit=20
2026-05-09 17:01:50,998 | INFO | fetch_order_book: mid=0.065805 spread=1.52bps bids=20 asks=20
2026-05-09 17:01:51,893 | INFO | SPREAD | pair=CHIP/USDC | cex=0.0658/0.06581 | dex_sell=0.0658234 dex_buy=0.0658404 | spread_a=2.0bps spread_b=-6.1bps | min=30.0bps
2026-05-09 17:01:52,897 | INFO | fetch_order_book: symbol=CHIP/USDC limit=20
2026-05-09 17:01:53,256 | INFO | fetch_order_book: mid=0.065805 spread=1.52bps bids=20 asks=20
2026-05-09 17:01:54,154 | INFO | SPREAD | pair=CHIP/USDC | cex=0.0658/0.06581 | dex_sell=0.0658234 dex_buy=0.0658404 | spread_a=2.0bps spread_b=-6.1bps | min=30.0bps
2026-05-09 17:01:55,157 | INFO | fetch_order_book: symbol=CHIP/USDC limit=20
2026-05-09 17:01:55,416 | INFO | fetch_order_book: mid=0.065815 spread=4.56bps bids=20 asks=20
2026-05-09 17:01:56,321 | INFO | SPREAD | pair=CHIP/USDC | cex=0.0658/0.06583 | dex_sell=0.0658234 dex_buy=0.0658404 | spread_a=-1.0bps spread_b=-6.1bps | min=30.0bps
2026-05-09 17:01:57,324 | INFO | fetch_order_book: symbol=CHIP/USDC limit=20
2026-05-09 17:01:57,654 | INFO | fetch_order_book: mid=0.065815 spread=4.56bps bids=20 asks=20
2026-05-09 17:01:58,510 | INFO | SPREAD | pair=CHIP/USDC | cex=0.0658/0.06583 | dex_sell=0.0658234 dex_buy=0.0658404 | spread_a=-1.0bps spread_b=-6.1bps | min=30.0bps
2026-05-09 17:01:59,513 | INFO | fetch_order_book: symbol=CHIP/USDC limit=20
2026-05-09 17:01:59,773 | INFO | fetch_order_book: mid=0.065815 spread=4.56bps bids=20 asks=20
2026-05-09 17:02:00,664 | INFO | SPREAD | pair=CHIP/USDC | cex=0.0658/0.06583 | dex_sell=0.0658234 dex_buy=0.0658404 | spread_a=-1.0bps spread_b=-6.1bps | min=30.0bps
2026-05-09 17:02:01,667 | INFO | fetch_order_book: symbol=CHIP/USDC limit=20
2026-05-09 17:02:01,928 | INFO | fetch_order_book: mid=0.06582 spread=6.08bps bids=20 asks=20
2026-05-09 17:02:02,928 | INFO | SPREAD | pair=CHIP/USDC | cex=0.0658/0.06584 | dex_sell=0.0658234 dex_buy=0.0658403 | spread_a=-2.5bps spread_b=-6.1bps | min=30.0bps
2026-05-09 17:02:03,932 | INFO | fetch_order_book: symbol=CHIP/USDC limit=20
2026-05-09 17:02:04,192 | INFO | fetch_order_book: mid=0.06582 spread=6.08bps bids=20 asks=20
2026-05-09 17:02:05,098 | INFO | SPREAD | pair=CHIP/USDC | cex=0.0658/0.06584 | dex_sell=0.0658234 dex_buy=0.0658403 | spread_a=-2.5bps spread_b=-6.1bps | min=30.0bps
2026-05-09 17:02:06,102 | INFO | fetch_order_book: symbol=CHIP/USDC limit=20
2026-05-09 17:02:06,461 | INFO | fetch_order_book: mid=0.065825 spread=4.56bps bids=20 asks=20
2026-05-09 17:02:07,392 | INFO | SPREAD | pair=CHIP/USDC | cex=0.06581/0.06584 | dex_sell=0.0658234 dex_buy=0.0658403 | spread_a=-2.5bps spread_b=-4.6bps | min=30.0bps
2026-05-09 17:02:08,396 | INFO | fetch_order_book: symbol=CHIP/USDC limit=20
2026-05-09 17:02:08,655 | INFO | fetch_order_book: mid=0.065825 spread=4.56bps bids=20 asks=20
2026-05-09 17:02:09,528 | INFO | SPREAD | pair=CHIP/USDC | cex=0.06581/0.06584 | dex_sell=0.0658234 dex_buy=0.0658403 | spread_a=-2.5bps spread_b=-4.6bps | min=30.0bps
2026-05-09 17:02:10,531 | INFO | fetch_order_book: symbol=CHIP/USDC limit=20
2026-05-09 17:02:10,793 | INFO | fetch_order_book: mid=0.06584 spread=6.08bps bids=20 asks=20
2026-05-09 17:02:11,762 | INFO | SPREAD | pair=CHIP/USDC | cex=0.06582/0.06586 | dex_sell=0.0658234 dex_buy=0.0658403 | spread_a=-5.6bps spread_b=-3.1bps | min=30.0bps
2026-05-09 17:02:12,766 | INFO | fetch_order_book: symbol=CHIP/USDC limit=20
2026-05-09 17:02:13,021 | INFO | fetch_order_book: mid=0.06584 spread=6.08bps bids=20 asks=20
2026-05-09 17:02:13,951 | INFO | SPREAD | pair=CHIP/USDC | cex=0.06582/0.06586 | dex_sell=0.0658234 dex_buy=0.0658403 | spread_a=-5.6bps spread_b=-3.1bps | min=30.0bps
2026-05-09 17:02:14,954 | INFO | fetch_order_book: symbol=CHIP/USDC limit=20
2026-05-09 17:02:15,276 | INFO | fetch_order_book: mid=0.065835 spread=4.56bps bids=20 asks=20
2026-05-09 17:02:16,233 | INFO | SPREAD | pair=CHIP/USDC | cex=0.06582/0.06585 | dex_sell=0.0658234 dex_buy=0.0658403 | spread_a=-4.0bps spread_b=-3.1bps | min=30.0bps
2026-05-09 17:02:17,237 | INFO | fetch_order_book: symbol=CHIP/USDC limit=20
2026-05-09 17:02:17,628 | INFO | fetch_order_book: mid=0.06584 spread=6.08bps bids=20 asks=20
2026-05-09 17:02:18,566 | INFO | SPREAD | pair=CHIP/USDC | cex=0.06582/0.06586 | dex_sell=0.0658234 dex_buy=0.0658403 | spread_a=-5.6bps spread_b=-3.1bps | min=30.0bps
2026-05-09 17:02:19,570 | INFO | fetch_order_book: symbol=CHIP/USDC limit=20
2026-05-09 17:02:19,848 | INFO | fetch_order_book: mid=0.06585 spread=3.04bps bids=20 asks=20
2026-05-09 17:02:20,811 | INFO | SPREAD | pair=CHIP/USDC | cex=0.06584/0.06586 | dex_sell=0.0658234 dex_buy=0.0658404 | spread_a=-5.6bps spread_b=-0.1bps | min=30.0bps
2026-05-09 17:02:21,813 | INFO | fetch_order_book: symbol=CHIP/USDC limit=20
2026-05-09 17:02:22,080 | INFO | fetch_order_book: mid=0.065845 spread=4.56bps bids=20 asks=20
2026-05-09 17:02:22,963 | INFO | SPREAD | pair=CHIP/USDC | cex=0.06583/0.06586 | dex_sell=0.0658234 dex_buy=0.0658403 | spread_a=-5.6bps spread_b=-1.6bps | min=30.0bps
2026-05-09 17:02:23,967 | INFO | fetch_order_book: symbol=CHIP/USDC limit=20
2026-05-09 17:02:24,242 | INFO | fetch_order_book: mid=0.065855 spread=1.52bps bids=20 asks=20
2026-05-09 17:02:25,213 | INFO | SPREAD | pair=CHIP/USDC | cex=0.06585/0.06586 | dex_sell=0.0658496 dex_buy=0.0658665 | spread_a=-1.6bps spread_b=-2.5bps | min=30.0bps
2026-05-09 17:02:26,217 | INFO | fetch_order_book: symbol=CHIP/USDC limit=20
2026-05-09 17:02:26,471 | INFO | fetch_order_book: mid=0.065855 spread=1.52bps bids=20 asks=20
2026-05-09 17:02:27,404 | INFO | SPREAD | pair=CHIP/USDC | cex=0.06585/0.06586 | dex_sell=0.0658496 dex_buy=0.0658665 | spread_a=-1.6bps spread_b=-2.5bps | min=30.0bps
2026-05-09 17:02:28,408 | INFO | fetch_order_book: symbol=CHIP/USDC limit=20
2026-05-09 17:02:28,784 | INFO | fetch_order_book: mid=0.065855 spread=1.52bps bids=20 asks=20
2026-05-09 17:02:29,653 | INFO | SPREAD | pair=CHIP/USDC | cex=0.06585/0.06586 | dex_sell=0.0658496 dex_buy=0.0658665 | spread_a=-1.6bps spread_b=-2.5bps | min=30.0bps
2026-05-09 17:02:30,656 | INFO | fetch_order_book: symbol=CHIP/USDC limit=20
2026-05-09 17:02:30,939 | INFO | fetch_order_book: mid=0.065875 spread=1.52bps bids=20 asks=20
2026-05-09 17:02:31,816 | INFO | SPREAD | pair=CHIP/USDC | cex=0.06587/0.06588 | dex_sell=0.0658796 dex_buy=0.0658965 | spread_a=-0.1bps spread_b=-4.0bps | min=30.0bps
2026-05-09 17:02:32,819 | INFO | fetch_order_book: symbol=CHIP/USDC limit=20
2026-05-09 17:02:33,074 | INFO | fetch_order_book: mid=0.06582 spread=6.08bps bids=20 asks=20
2026-05-09 17:02:33,984 | INFO | SPREAD | pair=CHIP/USDC | cex=0.0658/0.06584 | dex_sell=0.0658535 dex_buy=0.0658704 | spread_a=2.1bps spread_b=-10.7bps | min=30.0bps
2026-05-09 17:02:34,987 | INFO | fetch_order_book: symbol=CHIP/USDC limit=20
2026-05-09 17:02:35,344 | INFO | fetch_order_book: mid=0.06581 spread=3.04bps bids=20 asks=20
2026-05-09 17:02:36,258 | INFO | SPREAD | pair=CHIP/USDC | cex=0.0658/0.06582 | dex_sell=0.0658232 dex_buy=0.0658401 | spread_a=0.5bps spread_b=-6.1bps | min=30.0bps
2026-05-09 17:02:37,262 | INFO | fetch_order_book: symbol=CHIP/USDC limit=20
2026-05-09 17:02:37,597 | INFO | fetch_order_book: mid=0.06578 spread=6.08bps bids=20 asks=20
2026-05-09 17:02:38,554 | INFO | SPREAD | pair=CHIP/USDC | cex=0.06576/0.0658 | dex_sell=0.0657933 dex_buy=0.0658102 | spread_a=-1.0bps spread_b=-7.6bps | min=30.0bps
2026-05-09 17:02:39,557 | INFO | fetch_order_book: symbol=CHIP/USDC limit=20
2026-05-09 17:02:39,829 | INFO | fetch_order_book: mid=0.06578 spread=6.08bps bids=20 asks=20
2026-05-09 17:02:40,699 | INFO | SPREAD | pair=CHIP/USDC | cex=0.06576/0.0658 | dex_sell=0.0657933 dex_buy=0.0658102 | spread_a=-1.0bps spread_b=-7.6bps | min=30.0bps
2026-05-09 17:02:41,703 | INFO | fetch_order_book: symbol=CHIP/USDC limit=20
2026-05-09 17:02:42,017 | INFO | fetch_order_book: mid=0.06578 spread=6.08bps bids=20 asks=20
2026-05-09 17:02:42,913 | INFO | SPREAD | pair=CHIP/USDC | cex=0.06576/0.0658 | dex_sell=0.0657933 dex_buy=0.0658102 | spread_a=-1.0bps spread_b=-7.6bps | min=30.0bps
2026-05-09 17:02:43,916 | INFO | fetch_order_book: symbol=CHIP/USDC limit=20
2026-05-09 17:02:44,247 | INFO | fetch_order_book: mid=0.06578 spread=6.08bps bids=20 asks=20
2026-05-09 17:02:45,165 | INFO | SPREAD | pair=CHIP/USDC | cex=0.06576/0.0658 | dex_sell=0.0657933 dex_buy=0.0658102 | spread_a=-1.0bps spread_b=-7.6bps | min=30.0bps
2026-05-09 17:02:46,166 | INFO | fetch_order_book: symbol=CHIP/USDC limit=20
2026-05-09 17:02:46,444 | INFO | fetch_order_book: mid=0.06579 spread=6.08bps bids=20 asks=20
2026-05-09 17:02:47,338 | INFO | SPREAD | pair=CHIP/USDC | cex=0.06577/0.06581 | dex_sell=0.0657933 dex_buy=0.0658102 | spread_a=-2.5bps spread_b=-6.1bps | min=30.0bps
2026-05-09 17:02:48,342 | INFO | fetch_order_book: symbol=CHIP/USDC limit=20
2026-05-09 17:02:48,701 | INFO | fetch_order_book: mid=0.06579 spread=6.08bps bids=20 asks=20
2026-05-09 17:02:49,633 | INFO | SPREAD | pair=CHIP/USDC | cex=0.06577/0.06581 | dex_sell=0.0657933 dex_buy=0.0658102 | spread_a=-2.5bps spread_b=-6.1bps | min=30.0bps
2026-05-09 17:02:50,636 | INFO | fetch_order_book: symbol=CHIP/USDC limit=20
2026-05-09 17:02:50,897 | INFO | fetch_order_book: mid=0.06579 spread=6.08bps bids=20 asks=20
2026-05-09 17:02:51,830 | INFO | SPREAD | pair=CHIP/USDC | cex=0.06577/0.06581 | dex_sell=0.0657933 dex_buy=0.0658102 | spread_a=-2.5bps spread_b=-6.1bps | min=30.0bps
2026-05-09 17:02:52,833 | INFO | fetch_order_book: symbol=CHIP/USDC limit=20
2026-05-09 17:02:53,090 | INFO | fetch_order_book: mid=0.06579 spread=6.08bps bids=20 asks=20
2026-05-09 17:02:54,027 | INFO | SPREAD | pair=CHIP/USDC | cex=0.06577/0.06581 | dex_sell=0.0657933 dex_buy=0.0658102 | spread_a=-2.5bps spread_b=-6.1bps | min=30.0bps
2026-05-09 17:02:55,030 | INFO | fetch_order_book: symbol=CHIP/USDC limit=20
2026-05-09 17:02:55,286 | INFO | fetch_order_book: mid=0.06579 spread=6.08bps bids=20 asks=20
2026-05-09 17:02:56,236 | INFO | SPREAD | pair=CHIP/USDC | cex=0.06577/0.06581 | dex_sell=0.0657933 dex_buy=0.0658102 | spread_a=-2.5bps spread_b=-6.1bps | min=30.0bps
2026-05-09 17:02:57,240 | INFO | fetch_order_book: symbol=CHIP/USDC limit=20
2026-05-09 17:02:57,564 | INFO | fetch_order_book: mid=0.06579 spread=6.08bps bids=20 asks=20
2026-05-09 17:02:58,521 | INFO | SPREAD | pair=CHIP/USDC | cex=0.06577/0.06581 | dex_sell=0.0657933 dex_buy=0.0658102 | spread_a=-2.5bps spread_b=-6.1bps | min=30.0bps
2026-05-09 17:02:59,524 | INFO | fetch_order_book: symbol=CHIP/USDC limit=20
2026-05-09 17:02:59,810 | INFO | fetch_order_book: mid=0.065825 spread=4.56bps bids=20 asks=20
2026-05-09 17:03:00,789 | INFO | SPREAD | pair=CHIP/USDC | cex=0.06581/0.06584 | dex_sell=0.0658197 dex_buy=0.0658366 | spread_a=-3.1bps spread_b=-4.0bps | min=30.0bps
2026-05-09 17:03:01,793 | INFO | fetch_order_book: symbol=CHIP/USDC limit=20
2026-05-09 17:03:02,172 | INFO | fetch_order_book: mid=0.06583 spread=3.04bps bids=20 asks=20
2026-05-09 17:03:03,101 | INFO | SPREAD | pair=CHIP/USDC | cex=0.06582/0.06584 | dex_sell=0.0658197 dex_buy=0.0658366 | spread_a=-3.1bps spread_b=-2.5bps | min=30.0bps
2026-05-09 17:03:04,105 | INFO | fetch_order_book: symbol=CHIP/USDC limit=20
2026-05-09 17:03:04,375 | INFO | fetch_order_book: mid=0.06583 spread=3.04bps bids=20 asks=20
2026-05-09 17:03:05,358 | INFO | SPREAD | pair=CHIP/USDC | cex=0.06582/0.06584 | dex_sell=0.0658197 dex_buy=0.0658366 | spread_a=-3.1bps spread_b=-2.5bps | min=30.0bps
2026-05-09 17:03:06,361 | INFO | fetch_order_book: symbol=CHIP/USDC limit=20
2026-05-09 17:03:06,688 | INFO | fetch_order_book: mid=0.06583 spread=6.08bps bids=20 asks=20
2026-05-09 17:03:07,577 | INFO | SPREAD | pair=CHIP/USDC | cex=0.06581/0.06585 | dex_sell=0.0658497 dex_buy=0.0658666 | spread_a=-0.0bps spread_b=-8.6bps | min=30.0bps
2026-05-09 17:03:08,580 | INFO | fetch_order_book: symbol=CHIP/USDC limit=20
2026-05-09 17:03:08,848 | INFO | fetch_order_book: mid=0.06584 spread=6.08bps bids=20 asks=20
2026-05-09 17:03:09,783 | INFO | SPREAD | pair=CHIP/USDC | cex=0.06582/0.06586 | dex_sell=0.0658497 dex_buy=0.0658666 | spread_a=-1.6bps spread_b=-7.1bps | min=30.0bps
2026-05-09 17:03:10,786 | INFO | fetch_order_book: symbol=CHIP/USDC limit=20
2026-05-09 17:03:11,098 | INFO | fetch_order_book: mid=0.06585 spread=3.04bps bids=20 asks=20
2026-05-09 17:03:11,954 | INFO | SPREAD | pair=CHIP/USDC | cex=0.06584/0.06586 | dex_sell=0.0658497 dex_buy=0.0658666 | spread_a=-1.6bps spread_b=-4.0bps | min=30.0bps
2026-05-09 17:03:12,957 | INFO | fetch_order_book: symbol=CHIP/USDC limit=20
2026-05-09 17:03:13,224 | INFO | fetch_order_book: mid=0.065845 spread=4.56bps bids=20 asks=20
2026-05-09 17:03:14,178 | INFO | SPREAD | pair=CHIP/USDC | cex=0.06583/0.06586 | dex_sell=0.0658497 dex_buy=0.0658666 | spread_a=-1.6bps spread_b=-5.6bps | min=30.0bps
2026-05-09 17:03:15,181 | INFO | fetch_order_book: symbol=CHIP/USDC limit=20
2026-05-09 17:03:15,523 | INFO | fetch_order_book: mid=0.065845 spread=4.56bps bids=20 asks=20
2026-05-09 17:03:16,405 | INFO | SPREAD | pair=CHIP/USDC | cex=0.06583/0.06586 | dex_sell=0.0658497 dex_buy=0.0658666 | spread_a=-1.6bps spread_b=-5.6bps | min=30.0bps
2026-05-09 17:03:17,408 | INFO | fetch_order_book: symbol=CHIP/USDC limit=20
2026-05-09 17:03:17,675 | INFO | fetch_order_book: mid=0.065835 spread=4.56bps bids=20 asks=20
2026-05-09 17:03:18,591 | INFO | SPREAD | pair=CHIP/USDC | cex=0.06582/0.06585 | dex_sell=0.0658497 dex_buy=0.0658666 | spread_a=-0.0bps spread_b=-7.1bps | min=30.0bps
2026-05-09 17:03:19,594 | INFO | fetch_order_book: symbol=CHIP/USDC limit=20
2026-05-09 17:03:19,867 | INFO | fetch_order_book: mid=0.06584 spread=6.08bps bids=20 asks=20
2026-05-09 17:03:20,760 | INFO | SPREAD | pair=CHIP/USDC | cex=0.06582/0.06586 | dex_sell=0.0658497 dex_buy=0.0658666 | spread_a=-1.6bps spread_b=-7.1bps | min=30.0bps
2026-05-09 17:03:21,762 | INFO | fetch_order_book: symbol=CHIP/USDC limit=20
2026-05-09 17:03:22,130 | INFO | fetch_order_book: mid=0.06584 spread=6.08bps bids=20 asks=20
2026-05-09 17:03:23,123 | INFO | SPREAD | pair=CHIP/USDC | cex=0.06582/0.06586 | dex_sell=0.0658497 dex_buy=0.0658666 | spread_a=-1.6bps spread_b=-7.1bps | min=30.0bps
2026-05-09 17:03:24,126 | INFO | fetch_order_book: symbol=CHIP/USDC limit=20
2026-05-09 17:03:24,385 | INFO | fetch_order_book: mid=0.06585 spread=3.04bps bids=20 asks=20
2026-05-09 17:03:25,315 | INFO | SPREAD | pair=CHIP/USDC | cex=0.06584/0.06586 | dex_sell=0.0658497 dex_buy=0.0658666 | spread_a=-1.6bps spread_b=-4.0bps | min=30.0bps
2026-05-09 17:03:26,319 | INFO | fetch_order_book: symbol=CHIP/USDC limit=20
2026-05-09 17:03:26,576 | INFO | fetch_order_book: mid=0.06587 spread=3.04bps bids=20 asks=20
2026-05-09 17:03:27,545 | INFO | SPREAD | pair=CHIP/USDC | cex=0.06586/0.06588 | dex_sell=0.0658497 dex_buy=0.0658666 | spread_a=-4.6bps spread_b=-1.0bps | min=30.0bps
2026-05-09 17:03:28,548 | INFO | fetch_order_book: symbol=CHIP/USDC limit=20
2026-05-09 17:03:28,818 | INFO | fetch_order_book: mid=0.065835 spread=4.56bps bids=20 asks=20
2026-05-09 17:03:29,727 | INFO | SPREAD | pair=CHIP/USDC | cex=0.06582/0.06585 | dex_sell=0.0658497 dex_buy=0.0658666 | spread_a=-0.0bps spread_b=-7.1bps | min=30.0bps
2026-05-09 17:03:30,730 | INFO | fetch_order_book: symbol=CHIP/USDC limit=20
2026-05-09 17:03:31,134 | INFO | fetch_order_book: mid=0.06586 spread=6.07bps bids=20 asks=20
2026-05-09 17:03:32,051 | INFO | SPREAD | pair=CHIP/USDC | cex=0.06584/0.06588 | dex_sell=0.0658497 dex_buy=0.0658666 | spread_a=-4.6bps spread_b=-4.0bps | min=30.0bps
2026-05-09 17:03:33,054 | INFO | fetch_order_book: symbol=CHIP/USDC limit=20
2026-05-09 17:03:33,317 | INFO | fetch_order_book: mid=0.06581 spread=3.04bps bids=20 asks=20
2026-05-09 17:03:34,186 | INFO | SPREAD | pair=CHIP/USDC | cex=0.0658/0.06582 | dex_sell=0.0658233 dex_buy=0.0658403 | spread_a=0.5bps spread_b=-6.1bps | min=30.0bps
2026-05-09 17:03:35,189 | INFO | fetch_order_book: symbol=CHIP/USDC limit=20
2026-05-09 17:03:35,551 | INFO | fetch_order_book: mid=0.06581 spread=3.04bps bids=20 asks=20
2026-05-09 17:03:36,451 | INFO | SPREAD | pair=CHIP/USDC | cex=0.0658/0.06582 | dex_sell=0.0658233 dex_buy=0.0658403 | spread_a=0.5bps spread_b=-6.1bps | min=30.0bps
2026-05-09 17:03:37,454 | INFO | fetch_order_book: symbol=CHIP/USDC limit=20
2026-05-09 17:03:37,906 | INFO | fetch_order_book: mid=0.06580 spread=6.08bps bids=20 asks=20
2026-05-09 17:03:38,789 | INFO | SPREAD | pair=CHIP/USDC | cex=0.06578/0.06582 | dex_sell=0.0658233 dex_buy=0.0658403 | spread_a=0.5bps spread_b=-9.2bps | min=30.0bps
2026-05-09 17:03:39,793 | INFO | fetch_order_book: symbol=CHIP/USDC limit=20
2026-05-09 17:03:40,136 | INFO | fetch_order_book: mid=0.06579 spread=3.04bps bids=20 asks=20
2026-05-09 17:03:41,031 | INFO | SPREAD | pair=CHIP/USDC | cex=0.06578/0.0658 | dex_sell=0.0657934 dex_buy=0.0658103 | spread_a=-1.0bps spread_b=-4.6bps | min=30.0bps
2026-05-09 17:03:42,034 | INFO | fetch_order_book: symbol=CHIP/USDC limit=20
2026-05-09 17:03:42,821 | INFO | fetch_order_book: mid=0.065795 spread=4.56bps bids=20 asks=20
2026-05-09 17:03:43,696 | INFO | SPREAD | pair=CHIP/USDC | cex=0.06578/0.06581 | dex_sell=0.0657934 dex_buy=0.0658103 | spread_a=-2.5bps spread_b=-4.6bps | min=30.0bps
2026-05-09 17:03:44,699 | INFO | fetch_order_book: symbol=CHIP/USDC limit=20
2026-05-09 17:03:45,115 | INFO | fetch_order_book: mid=0.06579 spread=3.04bps bids=20 asks=20
2026-05-09 17:03:46,007 | INFO | SPREAD | pair=CHIP/USDC | cex=0.06578/0.0658 | dex_sell=0.0657934 dex_buy=0.0658103 | spread_a=-1.0bps spread_b=-4.6bps | min=30.0bps
2026-05-09 17:03:47,010 | INFO | fetch_order_book: symbol=CHIP/USDC limit=20
2026-05-09 17:03:47,268 | INFO | fetch_order_book: mid=0.065795 spread=4.56bps bids=20 asks=20
2026-05-09 17:03:48,155 | INFO | SPREAD | pair=CHIP/USDC | cex=0.06578/0.06581 | dex_sell=0.0657934 dex_buy=0.0658103 | spread_a=-2.5bps spread_b=-4.6bps | min=30.0bps
2026-05-09 17:03:49,158 | INFO | fetch_order_book: symbol=CHIP/USDC limit=20
2026-05-09 17:03:49,416 | INFO | fetch_order_book: mid=0.065795 spread=4.56bps bids=20 asks=20
2026-05-09 17:03:50,420 | INFO | SPREAD | pair=CHIP/USDC | cex=0.06578/0.06581 | dex_sell=0.0657934 dex_buy=0.0658103 | spread_a=-2.5bps spread_b=-4.6bps | min=30.0bps
2026-05-09 17:03:51,423 | INFO | fetch_order_book: symbol=CHIP/USDC limit=20
2026-05-09 17:03:51,739 | INFO | fetch_order_book: mid=0.065835 spread=4.56bps bids=20 asks=20
2026-05-09 17:03:52,683 | INFO | SPREAD | pair=CHIP/USDC | cex=0.06582/0.06585 | dex_sell=0.0658195 dex_buy=0.0658364 | spread_a=-4.6bps spread_b=-2.5bps | min=30.0bps
2026-05-09 17:03:53,686 | INFO | fetch_order_book: symbol=CHIP/USDC limit=20
2026-05-09 17:03:53,946 | INFO | fetch_order_book: mid=0.06583 spread=3.04bps bids=20 asks=20
2026-05-09 17:03:54,871 | INFO | SPREAD | pair=CHIP/USDC | cex=0.06582/0.06584 | dex_sell=0.0658195 dex_buy=0.0658364 | spread_a=-3.1bps spread_b=-2.5bps | min=30.0bps
2026-05-09 17:03:55,875 | INFO | fetch_order_book: symbol=CHIP/USDC limit=20
2026-05-09 17:03:56,139 | INFO | fetch_order_book: mid=0.06582 spread=6.08bps bids=20 asks=20
2026-05-09 17:03:57,074 | INFO | SPREAD | pair=CHIP/USDC | cex=0.0658/0.06584 | dex_sell=0.0658195 dex_buy=0.0658364 | spread_a=-3.1bps spread_b=-5.5bps | min=30.0bps
2026-05-09 17:03:58,077 | INFO | fetch_order_book: symbol=CHIP/USDC limit=20
2026-05-09 17:03:58,343 | INFO | fetch_order_book: mid=0.06581 spread=9.12bps bids=20 asks=20
2026-05-09 17:03:59,261 | INFO | SPREAD | pair=CHIP/USDC | cex=0.06578/0.06584 | dex_sell=0.0658195 dex_buy=0.0658364 | spread_a=-3.1bps spread_b=-8.6bps | min=30.0bps
2026-05-09 17:04:00,264 | INFO | fetch_order_book: symbol=CHIP/USDC limit=20
2026-05-09 17:04:00,648 | INFO | fetch_order_book: mid=0.06581 spread=9.12bps bids=20 asks=20
2026-05-09 17:04:01,515 | INFO | SPREAD | pair=CHIP/USDC | cex=0.06578/0.06584 | dex_sell=0.0658195 dex_buy=0.0658364 | spread_a=-3.1bps spread_b=-8.6bps | min=30.0bps
2026-05-09 17:04:02,518 | INFO | fetch_order_book: symbol=CHIP/USDC limit=20
2026-05-09 17:04:02,785 | INFO | fetch_order_book: mid=0.065795 spread=4.56bps bids=20 asks=20
2026-05-09 17:04:03,717 | INFO | SPREAD | pair=CHIP/USDC | cex=0.06578/0.06581 | dex_sell=0.0657934 dex_buy=0.0658103 | spread_a=-2.5bps spread_b=-4.6bps | min=30.0bps
2026-05-09 17:04:04,721 | INFO | fetch_order_book: symbol=CHIP/USDC limit=20
2026-05-09 17:04:05,051 | INFO | fetch_order_book: mid=0.06578 spread=6.08bps bids=20 asks=20
2026-05-09 17:04:05,905 | INFO | SPREAD | pair=CHIP/USDC | cex=0.06576/0.0658 | dex_sell=0.0657934 dex_buy=0.0658103 | spread_a=-1.0bps spread_b=-7.7bps | min=30.0bps
2026-05-09 17:04:06,908 | INFO | fetch_order_book: symbol=CHIP/USDC limit=20
2026-05-09 17:04:07,169 | INFO | fetch_order_book: mid=0.06577 spread=3.04bps bids=20 asks=20
2026-05-09 17:04:08,181 | INFO | SPREAD | pair=CHIP/USDC | cex=0.06576/0.06578 | dex_sell=0.0657635 dex_buy=0.0657804 | spread_a=-2.5bps spread_b=-3.1bps | min=30.0bps
2026-05-09 17:04:09,184 | INFO | fetch_order_book: symbol=CHIP/USDC limit=20
2026-05-09 17:04:09,554 | INFO | fetch_order_book: mid=0.06575 spread=3.04bps bids=20 asks=20
2026-05-09 17:04:10,468 | INFO | SPREAD | pair=CHIP/USDC | cex=0.06574/0.06576 | dex_sell=0.0657635 dex_buy=0.0657804 | spread_a=0.5bps spread_b=-6.1bps | min=30.0bps
2026-05-09 17:04:11,470 | INFO | fetch_order_book: symbol=CHIP/USDC limit=20
2026-05-09 17:04:11,752 | INFO | fetch_order_book: mid=0.06575 spread=3.04bps bids=20 asks=20
2026-05-09 17:04:12,781 | INFO | SPREAD | pair=CHIP/USDC | cex=0.06574/0.06576 | dex_sell=0.0657635 dex_buy=0.0657804 | spread_a=0.5bps spread_b=-6.1bps | min=30.0bps
2026-05-09 17:04:13,784 | INFO | fetch_order_book: symbol=CHIP/USDC limit=20
2026-05-09 17:04:14,155 | INFO | fetch_order_book: mid=0.06575 spread=3.04bps bids=20 asks=20
2026-05-09 17:04:14,997 | INFO | SPREAD | pair=CHIP/USDC | cex=0.06574/0.06576 | dex_sell=0.0657333 dex_buy=0.0657502 | spread_a=-4.1bps spread_b=-1.5bps | min=30.0bps
2026-05-09 17:04:16,001 | INFO | fetch_order_book: symbol=CHIP/USDC limit=20
2026-05-09 17:04:16,256 | INFO | fetch_order_book: mid=0.06575 spread=3.04bps bids=20 asks=20
2026-05-09 17:04:17,162 | INFO | SPREAD | pair=CHIP/USDC | cex=0.06574/0.06576 | dex_sell=0.0657333 dex_buy=0.0657502 | spread_a=-4.1bps spread_b=-1.5bps | min=30.0bps
2026-05-09 17:04:18,166 | INFO | fetch_order_book: symbol=CHIP/USDC limit=20
2026-05-09 17:04:18,449 | INFO | fetch_order_book: mid=0.065765 spread=7.60bps bids=20 asks=20
2026-05-09 17:04:19,309 | INFO | SPREAD | pair=CHIP/USDC | cex=0.06574/0.06579 | dex_sell=0.0657333 dex_buy=0.0657502 | spread_a=-8.6bps spread_b=-1.5bps | min=30.0bps
2026-05-09 17:04:20,312 | INFO | fetch_order_book: symbol=CHIP/USDC limit=20
2026-05-09 17:04:20,610 | INFO | fetch_order_book: mid=0.065755 spread=4.56bps bids=20 asks=20
2026-05-09 17:04:21,519 | INFO | SPREAD | pair=CHIP/USDC | cex=0.06574/0.06577 | dex_sell=0.0657333 dex_buy=0.0657502 | spread_a=-5.6bps spread_b=-1.5bps | min=30.0bps
2026-05-09 17:04:22,522 | INFO | fetch_order_book: symbol=CHIP/USDC limit=20
2026-05-09 17:04:22,792 | INFO | fetch_order_book: mid=0.06569 spread=3.04bps bids=20 asks=20
2026-05-09 17:04:23,660 | INFO | SPREAD | pair=CHIP/USDC | cex=0.06568/0.0657 | dex_sell=0.0657034 dex_buy=0.0657203 | spread_a=0.5bps spread_b=-6.1bps | min=30.0bps
2026-05-09 17:04:24,664 | INFO | fetch_order_book: symbol=CHIP/USDC limit=20
2026-05-09 17:04:24,922 | INFO | fetch_order_book: mid=0.065685 spread=1.52bps bids=20 asks=20
2026-05-09 17:04:25,878 | INFO | SPREAD | pair=CHIP/USDC | cex=0.06568/0.06569 | dex_sell=0.0656735 dex_buy=0.0656904 | spread_a=-2.5bps spread_b=-1.6bps | min=30.0bps
2026-05-09 17:04:26,881 | INFO | fetch_order_book: symbol=CHIP/USDC limit=20
2026-05-09 17:04:27,230 | INFO | fetch_order_book: mid=0.06568 spread=6.09bps bids=20 asks=20
2026-05-09 17:04:28,128 | INFO | SPREAD | pair=CHIP/USDC | cex=0.06566/0.0657 | dex_sell=0.0656735 dex_buy=0.0656904 | spread_a=-4.0bps spread_b=-4.6bps | min=30.0bps
2026-05-09 17:04:29,131 | INFO | fetch_order_book: symbol=CHIP/USDC limit=20
2026-05-09 17:04:29,516 | INFO | fetch_order_book: mid=0.06567 spread=3.05bps bids=20 asks=20
2026-05-09 17:04:30,451 | INFO | SPREAD | pair=CHIP/USDC | cex=0.06566/0.06568 | dex_sell=0.0656735 dex_buy=0.0656904 | spread_a=-1.0bps spread_b=-4.6bps | min=30.0bps
2026-05-09 17:04:31,454 | INFO | fetch_order_book: symbol=CHIP/USDC limit=20
2026-05-09 17:04:31,769 | INFO | fetch_order_book: mid=0.06568 spread=6.09bps bids=20 asks=20
2026-05-09 17:04:32,649 | INFO | SPREAD | pair=CHIP/USDC | cex=0.06566/0.0657 | dex_sell=0.0656735 dex_buy=0.0656904 | spread_a=-4.0bps spread_b=-4.6bps | min=30.0bps
2026-05-09 17:04:33,652 | INFO | fetch_order_book: symbol=CHIP/USDC limit=20
2026-05-09 17:04:33,907 | INFO | fetch_order_book: mid=0.06568 spread=6.09bps bids=20 asks=20
2026-05-09 17:04:34,917 | INFO | SPREAD | pair=CHIP/USDC | cex=0.06566/0.0657 | dex_sell=0.0656735 dex_buy=0.0656904 | spread_a=-4.0bps spread_b=-4.6bps | min=30.0bps
2026-05-09 17:04:35,921 | INFO | fetch_order_book: symbol=CHIP/USDC limit=20
2026-05-09 17:04:36,280 | INFO | fetch_order_book: mid=0.06570 spread=6.09bps bids=20 asks=20
2026-05-09 17:04:37,182 | INFO | SPREAD | pair=CHIP/USDC | cex=0.06568/0.06572 | dex_sell=0.0656735 dex_buy=0.0656904 | spread_a=-7.1bps spread_b=-1.6bps | min=30.0bps
2026-05-09 17:04:38,186 | INFO | fetch_order_book: symbol=CHIP/USDC limit=20
2026-05-09 17:04:38,528 | INFO | fetch_order_book: mid=0.065695 spread=7.61bps bids=20 asks=20
2026-05-09 17:04:39,483 | INFO | SPREAD | pair=CHIP/USDC | cex=0.06567/0.06572 | dex_sell=0.0656735 dex_buy=0.0656904 | spread_a=-7.1bps spread_b=-3.1bps | min=30.0bps
2026-05-09 17:04:40,486 | INFO | fetch_order_book: symbol=CHIP/USDC limit=20
2026-05-09 17:04:40,743 | INFO | fetch_order_book: mid=0.065695 spread=4.57bps bids=20 asks=20
2026-05-09 17:04:41,620 | INFO | SPREAD | pair=CHIP/USDC | cex=0.06568/0.06571 | dex_sell=0.0656735 dex_buy=0.0656904 | spread_a=-5.6bps spread_b=-1.6bps | min=30.0bps
2026-05-09 17:04:42,624 | INFO | fetch_order_book: symbol=CHIP/USDC limit=20
2026-05-09 17:04:42,882 | INFO | fetch_order_book: mid=0.065695 spread=7.61bps bids=20 asks=20
2026-05-09 17:04:43,838 | INFO | SPREAD | pair=CHIP/USDC | cex=0.06567/0.06572 | dex_sell=0.0656735 dex_buy=0.0656904 | spread_a=-7.1bps spread_b=-3.1bps | min=30.0bps
2026-05-09 17:04:44,841 | INFO | fetch_order_book: symbol=CHIP/USDC limit=20
2026-05-09 17:04:45,235 | INFO | fetch_order_book: mid=0.06570 spread=6.09bps bids=20 asks=20
2026-05-09 17:04:46,105 | INFO | SPREAD | pair=CHIP/USDC | cex=0.06568/0.06572 | dex_sell=0.0656735 dex_buy=0.0656904 | spread_a=-7.1bps spread_b=-1.6bps | min=30.0bps
2026-05-09 17:04:47,107 | INFO | fetch_order_book: symbol=CHIP/USDC limit=20
2026-05-09 17:04:47,363 | INFO | fetch_order_book: mid=0.065695 spread=7.61bps bids=20 asks=20
2026-05-09 17:04:48,259 | INFO | SPREAD | pair=CHIP/USDC | cex=0.06567/0.06572 | dex_sell=0.0656735 dex_buy=0.0656904 | spread_a=-7.1bps spread_b=-3.1bps | min=30.0bps
2026-05-09 17:04:49,262 | INFO | fetch_order_book: symbol=CHIP/USDC limit=20
2026-05-09 17:04:49,520 | INFO | fetch_order_book: mid=0.065695 spread=7.61bps bids=20 asks=20
2026-05-09 17:04:50,391 | INFO | SPREAD | pair=CHIP/USDC | cex=0.06567/0.06572 | dex_sell=0.0656735 dex_buy=0.0656904 | spread_a=-7.1bps spread_b=-3.1bps | min=30.0bps
2026-05-09 17:04:51,395 | INFO | fetch_order_book: symbol=CHIP/USDC limit=20
2026-05-09 17:04:51,680 | INFO | fetch_order_book: mid=0.06570 spread=6.09bps bids=20 asks=20
2026-05-09 17:04:52,582 | INFO | SPREAD | pair=CHIP/USDC | cex=0.06568/0.06572 | dex_sell=0.0656735 dex_buy=0.0656904 | spread_a=-7.1bps spread_b=-1.6bps | min=30.0bps
2026-05-09 17:04:53,585 | INFO | fetch_order_book: symbol=CHIP/USDC limit=20
2026-05-09 17:04:53,868 | INFO | fetch_order_book: mid=0.06570 spread=6.09bps bids=20 asks=20
2026-05-09 17:04:54,802 | INFO | SPREAD | pair=CHIP/USDC | cex=0.06568/0.06572 | dex_sell=0.0656735 dex_buy=0.0656904 | spread_a=-7.1bps spread_b=-1.6bps | min=30.0bps
2026-05-09 17:04:55,805 | INFO | fetch_order_book: symbol=CHIP/USDC limit=20
2026-05-09 17:04:56,229 | INFO | fetch_order_book: mid=0.065695 spread=7.61bps bids=20 asks=20
2026-05-09 17:04:57,142 | INFO | SPREAD | pair=CHIP/USDC | cex=0.06567/0.06572 | dex_sell=0.0656735 dex_buy=0.0656904 | spread_a=-7.1bps spread_b=-3.1bps | min=30.0bps
2026-05-09 17:04:58,144 | INFO | fetch_order_book: symbol=CHIP/USDC limit=20
2026-05-09 17:04:58,405 | INFO | fetch_order_book: mid=0.065675 spread=4.57bps bids=20 asks=20
2026-05-09 17:04:59,236 | INFO | SPREAD | pair=CHIP/USDC | cex=0.06566/0.06569 | dex_sell=0.0656735 dex_buy=0.0656904 | spread_a=-2.5bps spread_b=-4.6bps | min=30.0bps
2026-05-09 17:05:00,240 | INFO | fetch_order_book: symbol=CHIP/USDC limit=20
2026-05-09 17:05:00,652 | INFO | fetch_order_book: mid=0.065675 spread=4.57bps bids=20 asks=20
2026-05-09 17:05:01,599 | INFO | SPREAD | pair=CHIP/USDC | cex=0.06566/0.06569 | dex_sell=0.0656735 dex_buy=0.0656904 | spread_a=-2.5bps spread_b=-4.6bps | min=30.0bps
2026-05-09 17:05:02,602 | INFO | fetch_order_book: symbol=CHIP/USDC limit=20
2026-05-09 17:05:02,882 | INFO | fetch_order_book: mid=0.065675 spread=4.57bps bids=20 asks=20
2026-05-09 17:05:03,773 | INFO | SPREAD | pair=CHIP/USDC | cex=0.06566/0.06569 | dex_sell=0.0656735 dex_buy=0.0656904 | spread_a=-2.5bps spread_b=-4.6bps | min=30.0bps
2026-05-09 17:05:04,776 | INFO | fetch_order_book: symbol=CHIP/USDC limit=20
2026-05-09 17:05:05,043 | INFO | fetch_order_book: mid=0.065675 spread=4.57bps bids=20 asks=20
2026-05-09 17:05:05,930 | INFO | SPREAD | pair=CHIP/USDC | cex=0.06566/0.06569 | dex_sell=0.0656735 dex_buy=0.0656904 | spread_a=-2.5bps spread_b=-4.6bps | min=30.0bps
2026-05-09 17:05:06,933 | INFO | fetch_order_book: symbol=CHIP/USDC limit=20
2026-05-09 17:05:07,194 | INFO | fetch_order_book: mid=0.06569 spread=6.09bps bids=20 asks=20
2026-05-09 17:05:08,077 | INFO | SPREAD | pair=CHIP/USDC | cex=0.06567/0.06571 | dex_sell=0.0656735 dex_buy=0.0656904 | spread_a=-5.6bps spread_b=-3.1bps | min=30.0bps
2026-05-09 17:05:09,080 | INFO | fetch_order_book: symbol=CHIP/USDC limit=20
2026-05-09 17:05:09,457 | INFO | fetch_order_book: mid=0.06568 spread=6.09bps bids=20 asks=20
2026-05-09 17:05:10,402 | INFO | SPREAD | pair=CHIP/USDC | cex=0.06566/0.0657 | dex_sell=0.0656735 dex_buy=0.0656904 | spread_a=-4.0bps spread_b=-4.6bps | min=30.0bps
2026-05-09 17:05:11,405 | INFO | fetch_order_book: symbol=CHIP/USDC limit=20
2026-05-09 17:05:11,683 | INFO | fetch_order_book: mid=0.065675 spread=4.57bps bids=20 asks=20
2026-05-09 17:05:12,530 | INFO | SPREAD | pair=CHIP/USDC | cex=0.06566/0.06569 | dex_sell=0.0656735 dex_buy=0.0656904 | spread_a=-2.5bps spread_b=-4.6bps | min=30.0bps
2026-05-09 17:05:13,535 | INFO | fetch_order_book: symbol=CHIP/USDC limit=20
2026-05-09 17:05:13,911 | INFO | fetch_order_book: mid=0.065675 spread=4.57bps bids=20 asks=20
2026-05-09 17:05:14,878 | INFO | SPREAD | pair=CHIP/USDC | cex=0.06566/0.06569 | dex_sell=0.0656735 dex_buy=0.0656904 | spread_a=-2.5bps spread_b=-4.6bps | min=30.0bps
2026-05-09 17:05:15,882 | INFO | fetch_order_book: symbol=CHIP/USDC limit=20
2026-05-09 17:05:16,138 | INFO | fetch_order_book: mid=0.065675 spread=4.57bps bids=20 asks=20
2026-05-09 17:05:17,009 | INFO | SPREAD | pair=CHIP/USDC | cex=0.06566/0.06569 | dex_sell=0.0656735 dex_buy=0.0656904 | spread_a=-2.5bps spread_b=-4.6bps | min=30.0bps
2026-05-09 17:05:18,012 | INFO | fetch_order_book: symbol=CHIP/USDC limit=20
2026-05-09 17:05:18,300 | INFO | fetch_order_book: mid=0.065655 spread=4.57bps bids=20 asks=20
2026-05-09 17:05:19,176 | INFO | SPREAD | pair=CHIP/USDC | cex=0.06564/0.06567 | dex_sell=0.0656735 dex_buy=0.0656904 | spread_a=0.5bps spread_b=-7.7bps | min=30.0bps
2026-05-09 17:05:20,180 | INFO | fetch_order_book: symbol=CHIP/USDC limit=20
2026-05-09 17:05:20,512 | INFO | fetch_order_book: mid=0.065655 spread=4.57bps bids=20 asks=20
2026-05-09 17:05:21,368 | INFO | SPREAD | pair=CHIP/USDC | cex=0.06564/0.06567 | dex_sell=0.0656434 dex_buy=0.0656602 | spread_a=-4.1bps spread_b=-3.1bps | min=30.0bps
2026-05-09 17:05:22,370 | INFO | fetch_order_book: symbol=CHIP/USDC limit=20
2026-05-09 17:05:22,745 | INFO | fetch_order_book: mid=0.06565 spread=3.05bps bids=20 asks=20
2026-05-09 17:05:23,686 | INFO | SPREAD | pair=CHIP/USDC | cex=0.06564/0.06566 | dex_sell=0.0656434 dex_buy=0.0656602 | spread_a=-2.5bps spread_b=-3.1bps | min=30.0bps
2026-05-09 17:05:24,690 | INFO | fetch_order_book: symbol=CHIP/USDC limit=20
2026-05-09 17:05:24,952 | INFO | fetch_order_book: mid=0.06565 spread=3.05bps bids=20 asks=20
2026-05-09 17:05:25,789 | INFO | SPREAD | pair=CHIP/USDC | cex=0.06564/0.06566 | dex_sell=0.0656434 dex_buy=0.0656602 | spread_a=-2.5bps spread_b=-3.1bps | min=30.0bps
2026-05-09 17:05:26,793 | INFO | fetch_order_book: symbol=CHIP/USDC limit=20
2026-05-09 17:05:27,050 | INFO | fetch_order_book: mid=0.06565 spread=3.05bps bids=20 asks=20
2026-05-09 17:05:28,012 | INFO | SPREAD | pair=CHIP/USDC | cex=0.06564/0.06566 | dex_sell=0.0656434 dex_buy=0.0656602 | spread_a=-2.5bps spread_b=-3.1bps | min=30.0bps
2026-05-09 17:05:29,016 | INFO | fetch_order_book: symbol=CHIP/USDC limit=20
2026-05-09 17:05:29,432 | INFO | fetch_order_book: mid=0.06565 spread=3.05bps bids=20 asks=20
2026-05-09 17:05:30,319 | INFO | SPREAD | pair=CHIP/USDC | cex=0.06564/0.06566 | dex_sell=0.0656434 dex_buy=0.0656602 | spread_a=-2.5bps spread_b=-3.1bps | min=30.0bps
2026-05-09 17:05:31,322 | INFO | fetch_order_book: symbol=CHIP/USDC limit=20
2026-05-09 17:05:31,583 | INFO | fetch_order_book: mid=0.06565 spread=3.05bps bids=20 asks=20
2026-05-09 17:05:32,538 | INFO | SPREAD | pair=CHIP/USDC | cex=0.06564/0.06566 | dex_sell=0.0656434 dex_buy=0.0656602 | spread_a=-2.5bps spread_b=-3.1bps | min=30.0bps
2026-05-09 17:05:33,541 | INFO | fetch_order_book: symbol=CHIP/USDC limit=20
2026-05-09 17:05:33,798 | INFO | fetch_order_book: mid=0.06562 spread=6.10bps bids=20 asks=20
2026-05-09 17:05:34,706 | INFO | SPREAD | pair=CHIP/USDC | cex=0.0656/0.06564 | dex_sell=0.0656434 dex_buy=0.0656602 | spread_a=0.5bps spread_b=-9.2bps | min=30.0bps
2026-05-09 17:05:35,709 | INFO | fetch_order_book: symbol=CHIP/USDC limit=20
2026-05-09 17:05:35,985 | INFO | fetch_order_book: mid=0.065595 spread=4.57bps bids=20 asks=20
2026-05-09 17:05:36,862 | INFO | SPREAD | pair=CHIP/USDC | cex=0.06558/0.06561 | dex_sell=0.0656135 dex_buy=0.0656304 | spread_a=0.5bps spread_b=-7.7bps | min=30.0bps
2026-05-09 17:05:37,864 | INFO | fetch_order_book: symbol=CHIP/USDC limit=20
2026-05-09 17:05:38,227 | INFO | fetch_order_book: mid=0.06559 spread=3.05bps bids=20 asks=20
2026-05-09 17:05:39,167 | INFO | SPREAD | pair=CHIP/USDC | cex=0.06558/0.0656 | dex_sell=0.0656135 dex_buy=0.0656003 | spread_a=2.1bps spread_b=-3.1bps | min=30.0bps
2026-05-09 17:05:40,170 | INFO | fetch_order_book: symbol=CHIP/USDC limit=20
2026-05-09 17:05:40,430 | INFO | fetch_order_book: mid=0.06559 spread=3.05bps bids=20 asks=20
2026-05-09 17:05:41,430 | INFO | SPREAD | pair=CHIP/USDC | cex=0.06558/0.0656 | dex_sell=0.0655834 dex_buy=0.0656003 | spread_a=-2.5bps spread_b=-3.1bps | min=30.0bps
2026-05-09 17:05:42,434 | INFO | fetch_order_book: symbol=CHIP/USDC limit=20
2026-05-09 17:05:42,794 | INFO | fetch_order_book: mid=0.06555 spread=3.05bps bids=20 asks=20
2026-05-09 17:05:43,677 | INFO | SPREAD | pair=CHIP/USDC | cex=0.06554/0.06556 | dex_sell=0.0655533 dex_buy=0.0655702 | spread_a=-1.0bps spread_b=-4.6bps | min=30.0bps
2026-05-09 17:05:44,680 | INFO | fetch_order_book: symbol=CHIP/USDC limit=20
2026-05-09 17:05:44,946 | INFO | fetch_order_book: mid=0.065565 spread=4.58bps bids=20 asks=20
2026-05-09 17:05:45,836 | INFO | SPREAD | pair=CHIP/USDC | cex=0.06555/0.06558 | dex_sell=0.0655533 dex_buy=0.0655702 | spread_a=-4.1bps spread_b=-3.1bps | min=30.0bps
2026-05-09 17:05:46,837 | INFO | fetch_order_book: symbol=CHIP/USDC limit=20
2026-05-09 17:05:47,215 | INFO | fetch_order_book: mid=0.06556 spread=6.10bps bids=20 asks=20
2026-05-09 17:05:48,130 | INFO | SPREAD | pair=CHIP/USDC | cex=0.06554/0.06558 | dex_sell=0.0655533 dex_buy=0.0655702 | spread_a=-4.1bps spread_b=-4.6bps | min=30.0bps
2026-05-09 17:05:49,133 | INFO | fetch_order_book: symbol=CHIP/USDC limit=20
2026-05-09 17:05:49,398 | INFO | fetch_order_book: mid=0.06556 spread=6.10bps bids=20 asks=20
2026-05-09 17:05:50,262 | INFO | SPREAD | pair=CHIP/USDC | cex=0.06554/0.06558 | dex_sell=0.0655533 dex_buy=0.0655702 | spread_a=-4.1bps spread_b=-4.6bps | min=30.0bps
2026-05-09 17:05:51,265 | INFO | fetch_order_book: symbol=CHIP/USDC limit=20
2026-05-09 17:05:51,524 | INFO | fetch_order_book: mid=0.06555 spread=3.05bps bids=20 asks=20
2026-05-09 17:05:52,391 | INFO | SPREAD | pair=CHIP/USDC | cex=0.06554/0.06556 | dex_sell=0.0655533 dex_buy=0.0655702 | spread_a=-1.0bps spread_b=-4.6bps | min=30.0bps
2026-05-09 17:05:53,395 | INFO | fetch_order_book: symbol=CHIP/USDC limit=20
2026-05-09 17:05:53,652 | INFO | fetch_order_book: mid=0.065545 spread=1.53bps bids=20 asks=20
2026-05-09 17:05:54,607 | INFO | SPREAD | pair=CHIP/USDC | cex=0.06554/0.06555 | dex_sell=0.0655533 dex_buy=0.0655702 | spread_a=0.5bps spread_b=-4.6bps | min=30.0bps
2026-05-09 17:05:55,610 | INFO | fetch_order_book: symbol=CHIP/USDC limit=20
2026-05-09 17:05:55,948 | INFO | fetch_order_book: mid=0.065545 spread=1.53bps bids=20 asks=20
2026-05-09 17:05:56,803 | INFO | SPREAD | pair=CHIP/USDC | cex=0.06554/0.06555 | dex_sell=0.0655533 dex_buy=0.0655702 | spread_a=0.5bps spread_b=-4.6bps | min=30.0bps
2026-05-09 17:05:57,807 | INFO | fetch_order_book: symbol=CHIP/USDC limit=20
2026-05-09 17:05:58,067 | INFO | fetch_order_book: mid=0.06553 spread=3.05bps bids=20 asks=20
2026-05-09 17:05:58,992 | INFO | SPREAD | pair=CHIP/USDC | cex=0.06552/0.06554 | dex_sell=0.0655233 dex_buy=0.0655401 | spread_a=-2.6bps spread_b=-3.1bps | min=30.0bps
2026-05-09 17:05:59,996 | INFO | fetch_order_book: symbol=CHIP/USDC limit=20
2026-05-09 17:06:00,251 | INFO | fetch_order_book: mid=0.065535 spread=4.58bps bids=20 asks=20
2026-05-09 17:06:01,087 | INFO | SPREAD | pair=CHIP/USDC | cex=0.06552/0.06555 | dex_sell=0.0655233 dex_buy=0.0655401 | spread_a=-4.1bps spread_b=-3.1bps | min=30.0bps
2026-05-09 17:06:02,090 | INFO | fetch_order_book: symbol=CHIP/USDC limit=20
2026-05-09 17:06:02,425 | INFO | fetch_order_book: mid=0.06549 spread=3.05bps bids=20 asks=20
2026-05-09 17:06:03,396 | INFO | SPREAD | pair=CHIP/USDC | cex=0.06548/0.0655 | dex_sell=0.0654932 dex_buy=0.06551 | spread_a=-1.0bps spread_b=-4.6bps | min=30.0bps
2026-05-09 17:06:04,399 | INFO | fetch_order_book: symbol=CHIP/USDC limit=20
2026-05-09 17:06:04,661 | INFO | fetch_order_book: mid=0.065435 spread=4.58bps bids=20 asks=20
2026-05-09 17:06:05,555 | INFO | SPREAD | pair=CHIP/USDC | cex=0.06542/0.06545 | dex_sell=0.0654638 dex_buy=0.0654806 | spread_a=2.1bps spread_b=-9.2bps | min=30.0bps
2026-05-09 17:06:06,558 | INFO | fetch_order_book: symbol=CHIP/USDC limit=20
2026-05-09 17:06:06,955 | INFO | fetch_order_book: mid=0.065415 spread=4.59bps bids=20 asks=20
2026-05-09 17:06:07,893 | INFO | SPREAD | pair=CHIP/USDC | cex=0.0654/0.06543 | dex_sell=0.0654242 dex_buy=0.065441 | spread_a=-0.9bps spread_b=-6.3bps | min=30.0bps
2026-05-09 17:06:08,896 | INFO | fetch_order_book: symbol=CHIP/USDC limit=20
2026-05-09 17:06:09,317 | INFO | fetch_order_book: mid=0.065415 spread=4.59bps bids=20 asks=20
2026-05-09 17:06:10,183 | INFO | SPREAD | pair=CHIP/USDC | cex=0.0654/0.06543 | dex_sell=0.0654018 dex_buy=0.0654186 | spread_a=-4.3bps spread_b=-2.8bps | min=30.0bps
2026-05-09 17:06:11,186 | INFO | fetch_order_book: symbol=CHIP/USDC limit=20
2026-05-09 17:06:11,448 | INFO | fetch_order_book: mid=0.06540 spread=6.12bps bids=20 asks=20
2026-05-09 17:06:12,344 | INFO | SPREAD | pair=CHIP/USDC | cex=0.06538/0.06542 | dex_sell=0.0654018 dex_buy=0.0654186 | spread_a=-2.8bps spread_b=-5.9bps | min=30.0bps
2026-05-09 17:06:13,347 | INFO | fetch_order_book: symbol=CHIP/USDC limit=20
2026-05-09 17:06:13,607 | INFO | fetch_order_book: mid=0.065405 spread=7.64bps bids=20 asks=20
2026-05-09 17:06:14,470 | INFO | SPREAD | pair=CHIP/USDC | cex=0.06538/0.06543 | dex_sell=0.0654018 dex_buy=0.0654186 | spread_a=-4.3bps spread_b=-5.9bps | min=30.0bps
2026-05-09 17:06:15,475 | INFO | fetch_order_book: symbol=CHIP/USDC limit=20
2026-05-09 17:06:15,898 | INFO | fetch_order_book: mid=0.065465 spread=4.58bps bids=20 asks=20
2026-05-09 17:06:16,805 | INFO | SPREAD | pair=CHIP/USDC | cex=0.06545/0.06548 | dex_sell=0.0654496 dex_buy=0.0654664 | spread_a=-4.6bps spread_b=-2.5bps | min=30.0bps
2026-05-09 17:06:17,808 | INFO | fetch_order_book: symbol=CHIP/USDC limit=20
2026-05-09 17:06:18,070 | INFO | fetch_order_book: mid=0.06544 spread=6.11bps bids=20 asks=20
2026-05-09 17:06:19,016 | INFO | SPREAD | pair=CHIP/USDC | cex=0.06542/0.06546 | dex_sell=0.0654796 dex_buy=0.0654503 | spread_a=3.0bps spread_b=-4.6bps | min=30.0bps
2026-05-09 17:06:20,020 | INFO | fetch_order_book: symbol=CHIP/USDC limit=20
2026-05-09 17:06:20,319 | INFO | fetch_order_book: mid=0.065465 spread=4.58bps bids=20 asks=20
2026-05-09 17:06:21,212 | INFO | SPREAD | pair=CHIP/USDC | cex=0.06545/0.06548 | dex_sell=0.0654335 dex_buy=0.0654503 | spread_a=-7.1bps spread_b=-0.0bps | min=30.0bps
2026-05-09 17:06:22,216 | INFO | fetch_order_book: symbol=CHIP/USDC limit=20
2026-05-09 17:06:22,473 | INFO | fetch_order_book: mid=0.06547 spread=6.11bps bids=20 asks=20
2026-05-09 17:06:23,304 | INFO | SPREAD | pair=CHIP/USDC | cex=0.06545/0.06549 | dex_sell=0.0654335 dex_buy=0.0654503 | spread_a=-8.6bps spread_b=-0.0bps | min=30.0bps
2026-05-09 17:06:24,307 | INFO | fetch_order_book: symbol=CHIP/USDC limit=20
2026-05-09 17:06:24,636 | INFO | fetch_order_book: mid=0.06550 spread=6.11bps bids=20 asks=20
2026-05-09 17:06:25,575 | INFO | SPREAD | pair=CHIP/USDC | cex=0.06548/0.06552 | dex_sell=0.0654596 dex_buy=0.0654764 | spread_a=-9.2bps spread_b=0.6bps | min=30.0bps
2026-05-09 17:06:26,579 | INFO | fetch_order_book: symbol=CHIP/USDC limit=20
2026-05-09 17:06:26,902 | INFO | fetch_order_book: mid=0.06550 spread=6.11bps bids=20 asks=20
2026-05-09 17:06:27,787 | INFO | SPREAD | pair=CHIP/USDC | cex=0.06548/0.06552 | dex_sell=0.0654596 dex_buy=0.0654764 | spread_a=-9.2bps spread_b=0.6bps | min=30.0bps
2026-05-09 17:06:28,790 | INFO | fetch_order_book: symbol=CHIP/USDC limit=20
2026-05-09 17:06:29,055 | INFO | fetch_order_book: mid=0.06548 spread=6.11bps bids=20 asks=20
2026-05-09 17:06:29,985 | INFO | SPREAD | pair=CHIP/USDC | cex=0.06546/0.0655 | dex_sell=0.0654596 dex_buy=0.0654764 | spread_a=-6.2bps spread_b=-2.5bps | min=30.0bps
2026-05-09 17:06:30,988 | INFO | fetch_order_book: symbol=CHIP/USDC limit=20
2026-05-09 17:06:31,287 | INFO | fetch_order_book: mid=0.06545 spread=6.11bps bids=20 asks=20
2026-05-09 17:06:32,170 | INFO | SPREAD | pair=CHIP/USDC | cex=0.06543/0.06547 | dex_sell=0.0654596 dex_buy=0.0654764 | spread_a=-1.6bps spread_b=-7.1bps | min=30.0bps
2026-05-09 17:06:33,173 | INFO | fetch_order_book: symbol=CHIP/USDC limit=20
2026-05-09 17:06:33,441 | INFO | fetch_order_book: mid=0.06546 spread=6.11bps bids=20 asks=20
2026-05-09 17:06:34,338 | INFO | SPREAD | pair=CHIP/USDC | cex=0.06544/0.06548 | dex_sell=0.0654596 dex_buy=0.0654764 | spread_a=-3.1bps spread_b=-5.6bps | min=30.0bps
2026-05-09 17:06:35,342 | INFO | fetch_order_book: symbol=CHIP/USDC limit=20
2026-05-09 17:06:35,734 | INFO | fetch_order_book: mid=0.06545 spread=6.11bps bids=20 asks=20
2026-05-09 17:06:36,627 | INFO | SPREAD | pair=CHIP/USDC | cex=0.06543/0.06547 | dex_sell=0.0654596 dex_buy=0.0654764 | spread_a=-1.6bps spread_b=-7.1bps | min=30.0bps
2026-05-09 17:06:37,630 | INFO | fetch_order_book: symbol=CHIP/USDC limit=20
2026-05-09 17:06:37,999 | INFO | fetch_order_book: mid=0.065445 spread=4.58bps bids=20 asks=20
2026-05-09 17:06:38,959 | INFO | SPREAD | pair=CHIP/USDC | cex=0.06543/0.06546 | dex_sell=0.0654335 dex_buy=0.0654503 | spread_a=-4.1bps spread_b=-3.1bps | min=30.0bps
2026-05-09 17:06:39,962 | INFO | fetch_order_book: symbol=CHIP/USDC limit=20
2026-05-09 17:06:40,222 | INFO | fetch_order_book: mid=0.065445 spread=4.58bps bids=20 asks=20
2026-05-09 17:06:41,083 | INFO | SPREAD | pair=CHIP/USDC | cex=0.06543/0.06546 | dex_sell=0.0654335 dex_buy=0.0654503 | spread_a=-4.1bps spread_b=-3.1bps | min=30.0bps
2026-05-09 17:06:42,087 | INFO | fetch_order_book: symbol=CHIP/USDC limit=20
2026-05-09 17:06:42,438 | INFO | fetch_order_book: mid=0.065445 spread=4.58bps bids=20 asks=20
2026-05-09 17:06:43,396 | INFO | SPREAD | pair=CHIP/USDC | cex=0.06543/0.06546 | dex_sell=0.0654335 dex_buy=0.0654503 | spread_a=-4.1bps spread_b=-3.1bps | min=30.0bps
2026-05-09 17:06:44,400 | INFO | fetch_order_book: symbol=CHIP/USDC limit=20
2026-05-09 17:06:44,667 | INFO | fetch_order_book: mid=0.06547 spread=6.11bps bids=20 asks=20
2026-05-09 17:06:45,528 | INFO | SPREAD | pair=CHIP/USDC | cex=0.06545/0.06549 | dex_sell=0.0654335 dex_buy=0.0654503 | spread_a=-8.6bps spread_b=-0.0bps | min=30.0bps
2026-05-09 17:06:46,531 | INFO | fetch_order_book: symbol=CHIP/USDC limit=20
2026-05-09 17:06:46,851 | INFO | fetch_order_book: mid=0.06547 spread=6.11bps bids=20 asks=20
2026-05-09 17:06:47,814 | INFO | SPREAD | pair=CHIP/USDC | cex=0.06545/0.06549 | dex_sell=0.0654595 dex_buy=0.0654763 | spread_a=-4.7bps spread_b=-4.0bps | min=30.0bps
2026-05-09 17:06:48,817 | INFO | fetch_order_book: symbol=CHIP/USDC limit=20
2026-05-09 17:06:49,073 | INFO | fetch_order_book: mid=0.06547 spread=6.11bps bids=20 asks=20
2026-05-09 17:06:49,930 | INFO | SPREAD | pair=CHIP/USDC | cex=0.06545/0.06549 | dex_sell=0.0654595 dex_buy=0.0654763 | spread_a=-4.7bps spread_b=-4.0bps | min=30.0bps
2026-05-09 17:06:50,934 | INFO | fetch_order_book: symbol=CHIP/USDC limit=20
2026-05-09 17:06:51,191 | INFO | fetch_order_book: mid=0.06547 spread=6.11bps bids=20 asks=20
2026-05-09 17:06:52,122 | INFO | SPREAD | pair=CHIP/USDC | cex=0.06545/0.06549 | dex_sell=0.0654595 dex_buy=0.0654763 | spread_a=-4.7bps spread_b=-4.0bps | min=30.0bps
2026-05-09 17:06:53,126 | INFO | fetch_order_book: symbol=CHIP/USDC limit=20
2026-05-09 17:06:53,385 | INFO | fetch_order_book: mid=0.06547 spread=6.11bps bids=20 asks=20
2026-05-09 17:06:54,285 | INFO | SPREAD | pair=CHIP/USDC | cex=0.06545/0.06549 | dex_sell=0.0654595 dex_buy=0.0654763 | spread_a=-4.7bps spread_b=-4.0bps | min=30.0bps
2026-05-09 17:06:55,289 | INFO | fetch_order_book: symbol=CHIP/USDC limit=20
2026-05-09 17:06:55,560 | INFO | fetch_order_book: mid=0.06547 spread=6.11bps bids=20 asks=20
2026-05-09 17:06:56,707 | INFO | SPREAD | pair=CHIP/USDC | cex=0.06545/0.06549 | dex_sell=0.0654595 dex_buy=0.0654763 | spread_a=-4.7bps spread_b=-4.0bps | min=30.0bps
2026-05-09 17:06:57,711 | INFO | fetch_order_book: symbol=CHIP/USDC limit=20
2026-05-09 17:06:57,980 | INFO | fetch_order_book: mid=0.06547 spread=6.11bps bids=20 asks=20
2026-05-09 17:06:58,891 | INFO | SPREAD | pair=CHIP/USDC | cex=0.06545/0.06549 | dex_sell=0.0654595 dex_buy=0.0654763 | spread_a=-4.7bps spread_b=-4.0bps | min=30.0bps
2026-05-09 17:06:59,895 | INFO | fetch_order_book: symbol=CHIP/USDC limit=20
2026-05-09 17:07:00,153 | INFO | fetch_order_book: mid=0.06547 spread=6.11bps bids=20 asks=20
2026-05-09 17:07:01,104 | INFO | SPREAD | pair=CHIP/USDC | cex=0.06545/0.06549 | dex_sell=0.0654595 dex_buy=0.0654763 | spread_a=-4.7bps spread_b=-4.0bps | min=30.0bps
2026-05-09 17:07:02,108 | INFO | fetch_order_book: symbol=CHIP/USDC limit=20
2026-05-09 17:07:02,466 | INFO | fetch_order_book: mid=0.065445 spread=4.58bps bids=20 asks=20
2026-05-09 17:07:03,361 | INFO | SPREAD | pair=CHIP/USDC | cex=0.06543/0.06546 | dex_sell=0.0654595 dex_buy=0.0654763 | spread_a=-0.1bps spread_b=-7.1bps | min=30.0bps
2026-05-09 17:07:04,364 | INFO | fetch_order_book: symbol=CHIP/USDC limit=20
2026-05-09 17:07:04,723 | INFO | fetch_order_book: mid=0.06544 spread=3.06bps bids=20 asks=20
2026-05-09 17:07:05,640 | INFO | SPREAD | pair=CHIP/USDC | cex=0.06543/0.06545 | dex_sell=0.0654334 dex_buy=0.0654502 | spread_a=-2.5bps spread_b=-3.1bps | min=30.0bps
2026-05-09 17:07:06,643 | INFO | fetch_order_book: symbol=CHIP/USDC limit=20
2026-05-09 17:07:06,901 | INFO | fetch_order_book: mid=0.06544 spread=3.06bps bids=20 asks=20
2026-05-09 17:07:07,794 | INFO | SPREAD | pair=CHIP/USDC | cex=0.06543/0.06545 | dex_sell=0.0654334 dex_buy=0.0654502 | spread_a=-2.5bps spread_b=-3.1bps | min=30.0bps
2026-05-09 17:07:08,797 | INFO | fetch_order_book: symbol=CHIP/USDC limit=20
2026-05-09 17:07:09,087 | INFO | fetch_order_book: mid=0.065455 spread=4.58bps bids=20 asks=20
2026-05-09 17:07:10,040 | INFO | SPREAD | pair=CHIP/USDC | cex=0.06544/0.06547 | dex_sell=0.0654334 dex_buy=0.0654502 | spread_a=-5.6bps spread_b=-1.6bps | min=30.0bps
2026-05-09 17:07:11,044 | INFO | fetch_order_book: symbol=CHIP/USDC limit=20
2026-05-09 17:07:11,413 | INFO | fetch_order_book: mid=0.06545 spread=6.11bps bids=20 asks=20
2026-05-09 17:07:12,276 | INFO | SPREAD | pair=CHIP/USDC | cex=0.06543/0.06547 | dex_sell=0.0654334 dex_buy=0.0654502 | spread_a=-5.6bps spread_b=-3.1bps | min=30.0bps
2026-05-09 17:07:13,280 | INFO | fetch_order_book: symbol=CHIP/USDC limit=20
2026-05-09 17:07:13,535 | INFO | fetch_order_book: mid=0.065445 spread=4.58bps bids=20 asks=20
2026-05-09 17:07:14,461 | INFO | SPREAD | pair=CHIP/USDC | cex=0.06543/0.06546 | dex_sell=0.0654334 dex_buy=0.0654502 | spread_a=-4.1bps spread_b=-3.1bps | min=30.0bps
2026-05-09 17:07:15,464 | INFO | fetch_order_book: symbol=CHIP/USDC limit=20
2026-05-09 17:07:15,835 | INFO | fetch_order_book: mid=0.065445 spread=4.58bps bids=20 asks=20
2026-05-09 17:07:16,753 | INFO | SPREAD | pair=CHIP/USDC | cex=0.06543/0.06546 | dex_sell=0.0654334 dex_buy=0.0654502 | spread_a=-4.1bps spread_b=-3.1bps | min=30.0bps
2026-05-09 17:07:17,754 | INFO | fetch_order_book: symbol=CHIP/USDC limit=20
2026-05-09 17:07:18,018 | INFO | fetch_order_book: mid=0.06544 spread=3.06bps bids=20 asks=20
2026-05-09 17:07:18,892 | INFO | SPREAD | pair=CHIP/USDC | cex=0.06543/0.06545 | dex_sell=0.0654334 dex_buy=0.0654502 | spread_a=-2.5bps spread_b=-3.1bps | min=30.0bps
2026-05-09 17:07:19,896 | INFO | fetch_order_book: symbol=CHIP/USDC limit=20
2026-05-09 17:07:20,168 | INFO | fetch_order_book: mid=0.06545 spread=6.11bps bids=20 asks=20
2026-05-09 17:07:21,026 | INFO | SPREAD | pair=CHIP/USDC | cex=0.06543/0.06547 | dex_sell=0.0654334 dex_buy=0.0654502 | spread_a=-5.6bps spread_b=-3.1bps | min=30.0bps
2026-05-09 17:07:22,030 | INFO | fetch_order_book: symbol=CHIP/USDC limit=20
2026-05-09 17:07:22,283 | INFO | fetch_order_book: mid=0.06545 spread=6.11bps bids=20 asks=20
2026-05-09 17:07:23,184 | INFO | SPREAD | pair=CHIP/USDC | cex=0.06543/0.06547 | dex_sell=0.0654334 dex_buy=0.0654502 | spread_a=-5.6bps spread_b=-3.1bps | min=30.0bps
2026-05-09 17:07:24,188 | INFO | fetch_order_book: symbol=CHIP/USDC limit=20
2026-05-09 17:07:24,443 | INFO | fetch_order_book: mid=0.06545 spread=6.11bps bids=20 asks=20
2026-05-09 17:07:25,269 | INFO | SPREAD | pair=CHIP/USDC | cex=0.06543/0.06547 | dex_sell=0.0654334 dex_buy=0.0654502 | spread_a=-5.6bps spread_b=-3.1bps | min=30.0bps
2026-05-09 17:07:26,273 | INFO | fetch_order_book: symbol=CHIP/USDC limit=20
2026-05-09 17:07:26,533 | INFO | fetch_order_book: mid=0.065415 spread=4.59bps bids=20 asks=20
2026-05-09 17:07:27,468 | INFO | SPREAD | pair=CHIP/USDC | cex=0.0654/0.06543 | dex_sell=0.0654334 dex_buy=0.0654202 | spread_a=0.5bps spread_b=-3.1bps | min=30.0bps
2026-05-09 17:07:28,471 | INFO | fetch_order_book: symbol=CHIP/USDC limit=20
2026-05-09 17:07:28,885 | INFO | fetch_order_book: mid=0.065415 spread=4.59bps bids=20 asks=20
2026-05-09 17:07:29,808 | INFO | SPREAD | pair=CHIP/USDC | cex=0.0654/0.06543 | dex_sell=0.0654034 dex_buy=0.0654202 | spread_a=-4.1bps spread_b=-3.1bps | min=30.0bps
2026-05-09 17:07:30,812 | INFO | fetch_order_book: symbol=CHIP/USDC limit=20
2026-05-09 17:07:31,068 | INFO | fetch_order_book: mid=0.065415 spread=4.59bps bids=20 asks=20
2026-05-09 17:07:31,992 | INFO | SPREAD | pair=CHIP/USDC | cex=0.0654/0.06543 | dex_sell=0.0654034 dex_buy=0.0654202 | spread_a=-4.1bps spread_b=-3.1bps | min=30.0bps
2026-05-09 17:07:32,996 | INFO | fetch_order_book: symbol=CHIP/USDC limit=20
2026-05-09 17:07:33,328 | INFO | fetch_order_book: mid=0.065415 spread=4.59bps bids=20 asks=20
2026-05-09 17:07:34,160 | INFO | SPREAD | pair=CHIP/USDC | cex=0.0654/0.06543 | dex_sell=0.0654034 dex_buy=0.0654202 | spread_a=-4.1bps spread_b=-3.1bps | min=30.0bps
2026-05-09 17:07:35,164 | INFO | fetch_order_book: symbol=CHIP/USDC limit=20
2026-05-09 17:07:35,419 | INFO | fetch_order_book: mid=0.06541 spread=3.06bps bids=20 asks=20
2026-05-09 17:07:36,330 | INFO | SPREAD | pair=CHIP/USDC | cex=0.0654/0.06542 | dex_sell=0.0654034 dex_buy=0.0654202 | spread_a=-2.5bps spread_b=-3.1bps | min=30.0bps
2026-05-09 17:07:37,333 | INFO | fetch_order_book: symbol=CHIP/USDC limit=20
2026-05-09 17:07:37,763 | INFO | fetch_order_book: mid=0.06539 spread=3.06bps bids=20 asks=20
2026-05-09 17:07:38,622 | INFO | SPREAD | pair=CHIP/USDC | cex=0.06538/0.0654 | dex_sell=0.0654034 dex_buy=0.0654202 | spread_a=0.5bps spread_b=-6.1bps | min=30.0bps
2026-05-09 17:07:39,626 | INFO | fetch_order_book: symbol=CHIP/USDC limit=20
2026-05-09 17:07:39,988 | INFO | fetch_order_book: mid=0.06539 spread=3.06bps bids=20 asks=20
2026-05-09 17:07:40,922 | INFO | SPREAD | pair=CHIP/USDC | cex=0.06538/0.0654 | dex_sell=0.0654034 dex_buy=0.0654202 | spread_a=0.5bps spread_b=-6.1bps | min=30.0bps
2026-05-09 17:07:41,925 | INFO | fetch_order_book: symbol=CHIP/USDC limit=20
2026-05-09 17:07:42,271 | INFO | fetch_order_book: mid=0.06539 spread=3.06bps bids=20 asks=20
2026-05-09 17:07:43,098 | INFO | SPREAD | pair=CHIP/USDC | cex=0.06538/0.0654 | dex_sell=0.0654034 dex_buy=0.0654202 | spread_a=0.5bps spread_b=-6.1bps | min=30.0bps
2026-05-09 17:07:44,102 | INFO | fetch_order_book: symbol=CHIP/USDC limit=20
2026-05-09 17:07:44,358 | INFO | fetch_order_book: mid=0.06539 spread=3.06bps bids=20 asks=20
2026-05-09 17:07:45,279 | INFO | SPREAD | pair=CHIP/USDC | cex=0.06538/0.0654 | dex_sell=0.0654034 dex_buy=0.0654202 | spread_a=0.5bps spread_b=-6.1bps | min=30.0bps
2026-05-09 17:07:46,282 | INFO | fetch_order_book: symbol=CHIP/USDC limit=20
2026-05-09 17:07:46,542 | INFO | fetch_order_book: mid=0.06539 spread=3.06bps bids=20 asks=20
2026-05-09 17:07:47,365 | INFO | SPREAD | pair=CHIP/USDC | cex=0.06538/0.0654 | dex_sell=0.0654034 dex_buy=0.0654202 | spread_a=0.5bps spread_b=-6.1bps | min=30.0bps
2026-05-09 17:07:48,369 | INFO | fetch_order_book: symbol=CHIP/USDC limit=20
2026-05-09 17:07:48,687 | INFO | fetch_order_book: mid=0.06539 spread=3.06bps bids=20 asks=20
2026-05-09 17:07:49,649 | INFO | SPREAD | pair=CHIP/USDC | cex=0.06538/0.0654 | dex_sell=0.0654034 dex_buy=0.0654202 | spread_a=0.5bps spread_b=-6.1bps | min=30.0bps
2026-05-09 17:07:50,653 | INFO | fetch_order_book: symbol=CHIP/USDC limit=20
2026-05-09 17:07:50,912 | INFO | fetch_order_book: mid=0.065405 spread=4.59bps bids=20 asks=20
2026-05-09 17:07:51,847 | INFO | SPREAD | pair=CHIP/USDC | cex=0.06539/0.06542 | dex_sell=0.0654034 dex_buy=0.0654202 | spread_a=-2.5bps spread_b=-4.6bps | min=30.0bps
2026-05-09 17:07:52,850 | INFO | fetch_order_book: symbol=CHIP/USDC limit=20
2026-05-09 17:07:53,116 | INFO | fetch_order_book: mid=0.065435 spread=7.64bps bids=20 asks=20
2026-05-09 17:07:54,057 | INFO | SPREAD | pair=CHIP/USDC | cex=0.06541/0.06546 | dex_sell=0.0654297 dex_buy=0.0654465 | spread_a=-4.6bps spread_b=-5.6bps | min=30.0bps
2026-05-09 17:07:55,060 | INFO | fetch_order_book: symbol=CHIP/USDC limit=20
2026-05-09 17:07:55,393 | INFO | fetch_order_book: mid=0.065435 spread=7.64bps bids=20 asks=20
2026-05-09 17:07:56,287 | INFO | SPREAD | pair=CHIP/USDC | cex=0.06541/0.06546 | dex_sell=0.0654297 dex_buy=0.0654465 | spread_a=-4.6bps spread_b=-5.6bps | min=30.0bps
2026-05-09 17:07:57,292 | INFO | fetch_order_book: symbol=CHIP/USDC limit=20
2026-05-09 17:07:57,550 | INFO | fetch_order_book: mid=0.065445 spread=4.58bps bids=20 asks=20
2026-05-09 17:07:58,464 | INFO | SPREAD | pair=CHIP/USDC | cex=0.06543/0.06546 | dex_sell=0.0654297 dex_buy=0.0654465 | spread_a=-4.6bps spread_b=-2.5bps | min=30.0bps
2026-05-09 17:07:59,467 | INFO | fetch_order_book: symbol=CHIP/USDC limit=20
2026-05-09 17:07:59,733 | INFO | fetch_order_book: mid=0.06545 spread=3.06bps bids=20 asks=20
2026-05-09 17:08:00,653 | INFO | SPREAD | pair=CHIP/USDC | cex=0.06544/0.06546 | dex_sell=0.0654297 dex_buy=0.0654465 | spread_a=-4.6bps spread_b=-1.0bps | min=30.0bps
2026-05-09 17:08:01,657 | INFO | fetch_order_book: symbol=CHIP/USDC limit=20
2026-05-09 17:08:02,003 | INFO | fetch_order_book: mid=0.065475 spread=1.53bps bids=20 asks=20
2026-05-09 17:08:02,936 | INFO | SPREAD | pair=CHIP/USDC | cex=0.06547/0.06548 | dex_sell=0.0654597 dex_buy=0.0654765 | spread_a=-3.1bps spread_b=-1.0bps | min=30.0bps
2026-05-09 17:08:03,940 | INFO | fetch_order_book: symbol=CHIP/USDC limit=20
2026-05-09 17:08:04,198 | INFO | fetch_order_book: mid=0.06546 spread=6.11bps bids=20 asks=20
2026-05-09 17:08:05,121 | INFO | SPREAD | pair=CHIP/USDC | cex=0.06544/0.06548 | dex_sell=0.0654597 dex_buy=0.0654765 | spread_a=-3.1bps spread_b=-5.6bps | min=30.0bps
2026-05-09 17:08:06,124 | INFO | fetch_order_book: symbol=CHIP/USDC limit=20
2026-05-09 17:08:06,381 | INFO | fetch_order_book: mid=0.06555 spread=3.05bps bids=20 asks=20
2026-05-09 17:08:07,352 | INFO | SPREAD | pair=CHIP/USDC | cex=0.06554/0.06556 | dex_sell=0.0655296 dex_buy=0.0655764 | spread_a=-4.6bps spread_b=-5.5bps | min=30.0bps
2026-05-09 17:08:08,355 | INFO | fetch_order_book: symbol=CHIP/USDC limit=20
2026-05-09 17:08:08,615 | INFO | fetch_order_book: mid=0.065545 spread=4.58bps bids=20 asks=20
2026-05-09 17:08:09,520 | INFO | SPREAD | pair=CHIP/USDC | cex=0.06553/0.06556 | dex_sell=0.0655596 dex_buy=0.0655764 | spread_a=-0.1bps spread_b=-7.1bps | min=30.0bps
2026-05-09 17:08:10,524 | INFO | fetch_order_book: symbol=CHIP/USDC limit=20
2026-05-09 17:08:11,015 | INFO | fetch_order_book: mid=0.06553 spread=6.10bps bids=20 asks=20
2026-05-09 17:08:11,999 | INFO | SPREAD | pair=CHIP/USDC | cex=0.06551/0.06555 | dex_sell=0.0655596 dex_buy=0.0655764 | spread_a=1.5bps spread_b=-10.1bps | min=30.0bps
2026-05-09 17:08:13,001 | INFO | fetch_order_book: symbol=CHIP/USDC limit=20
2026-05-09 17:08:13,263 | INFO | fetch_order_book: mid=0.06553 spread=6.10bps bids=20 asks=20
2026-05-09 17:08:14,122 | INFO | SPREAD | pair=CHIP/USDC | cex=0.06551/0.06555 | dex_sell=0.0655334 dex_buy=0.0655502 | spread_a=-2.5bps spread_b=-6.1bps | min=30.0bps
2026-05-09 17:08:15,125 | INFO | fetch_order_book: symbol=CHIP/USDC limit=20
2026-05-09 17:08:15,520 | INFO | fetch_order_book: mid=0.06552 spread=9.16bps bids=20 asks=20
2026-05-09 17:08:16,498 | INFO | SPREAD | pair=CHIP/USDC | cex=0.06549/0.06555 | dex_sell=0.0655334 dex_buy=0.0655502 | spread_a=-2.5bps spread_b=-9.2bps | min=30.0bps
2026-05-09 17:08:17,502 | INFO | fetch_order_book: symbol=CHIP/USDC limit=20
2026-05-09 17:08:17,872 | INFO | fetch_order_book: mid=0.06554 spread=6.10bps bids=20 asks=20
2026-05-09 17:08:18,765 | INFO | SPREAD | pair=CHIP/USDC | cex=0.06552/0.06556 | dex_sell=0.0655334 dex_buy=0.0655502 | spread_a=-4.1bps spread_b=-4.6bps | min=30.0bps
2026-05-09 17:08:19,768 | INFO | fetch_order_book: symbol=CHIP/USDC limit=20
2026-05-09 17:08:20,029 | INFO | fetch_order_book: mid=0.065545 spread=4.58bps bids=20 asks=20
2026-05-09 17:08:20,947 | INFO | SPREAD | pair=CHIP/USDC | cex=0.06553/0.06556 | dex_sell=0.0655334 dex_buy=0.0655502 | spread_a=-4.1bps spread_b=-3.1bps | min=30.0bps
2026-05-09 17:08:21,951 | INFO | fetch_order_book: symbol=CHIP/USDC limit=20
2026-05-09 17:08:22,211 | INFO | fetch_order_book: mid=0.065545 spread=4.58bps bids=20 asks=20
2026-05-09 17:08:23,099 | INFO | SPREAD | pair=CHIP/USDC | cex=0.06553/0.06556 | dex_sell=0.0655334 dex_buy=0.0655502 | spread_a=-4.1bps spread_b=-3.1bps | min=30.0bps
2026-05-09 17:08:24,101 | INFO | fetch_order_book: symbol=CHIP/USDC limit=20
2026-05-09 17:08:24,413 | INFO | fetch_order_book: mid=0.06553 spread=6.10bps bids=20 asks=20
2026-05-09 17:08:25,369 | INFO | SPREAD | pair=CHIP/USDC | cex=0.06551/0.06555 | dex_sell=0.0655334 dex_buy=0.0655502 | spread_a=-2.5bps spread_b=-6.1bps | min=30.0bps
2026-05-09 17:08:26,372 | INFO | fetch_order_book: symbol=CHIP/USDC limit=20
2026-05-09 17:08:26,650 | INFO | fetch_order_book: mid=0.06555 spread=3.05bps bids=20 asks=20
2026-05-09 17:08:27,537 | INFO | SPREAD | pair=CHIP/USDC | cex=0.06554/0.06556 | dex_sell=0.0655334 dex_buy=0.0655502 | spread_a=-4.1bps spread_b=-1.6bps | min=30.0bps
2026-05-09 17:08:28,541 | INFO | fetch_order_book: symbol=CHIP/USDC limit=20
2026-05-09 17:08:28,833 | INFO | fetch_order_book: mid=0.06553 spread=6.10bps bids=20 asks=20
2026-05-09 17:08:29,808 | INFO | SPREAD | pair=CHIP/USDC | cex=0.06551/0.06555 | dex_sell=0.0655334 dex_buy=0.0655502 | spread_a=-2.5bps spread_b=-6.1bps | min=30.0bps
2026-05-09 17:08:30,811 | INFO | fetch_order_book: symbol=CHIP/USDC limit=20
2026-05-09 17:08:31,190 | INFO | fetch_order_book: mid=0.06553 spread=6.10bps bids=20 asks=20
2026-05-09 17:08:32,045 | INFO | SPREAD | pair=CHIP/USDC | cex=0.06551/0.06555 | dex_sell=0.0655334 dex_buy=0.0655502 | spread_a=-2.5bps spread_b=-6.1bps | min=30.0bps
2026-05-09 17:08:33,048 | INFO | fetch_order_book: symbol=CHIP/USDC limit=20
2026-05-09 17:08:33,303 | INFO | fetch_order_book: mid=0.06555 spread=3.05bps bids=20 asks=20
2026-05-09 17:08:34,236 | INFO | SPREAD | pair=CHIP/USDC | cex=0.06554/0.06556 | dex_sell=0.0655334 dex_buy=0.0655502 | spread_a=-4.1bps spread_b=-1.6bps | min=30.0bps
2026-05-09 17:08:35,239 | INFO | fetch_order_book: symbol=CHIP/USDC limit=20
2026-05-09 17:08:35,594 | INFO | fetch_order_book: mid=0.06555 spread=3.05bps bids=20 asks=20
2026-05-09 17:08:36,455 | INFO | SPREAD | pair=CHIP/USDC | cex=0.06554/0.06556 | dex_sell=0.0655334 dex_buy=0.0655502 | spread_a=-4.1bps spread_b=-1.6bps | min=30.0bps
2026-05-09 17:08:37,458 | INFO | fetch_order_book: symbol=CHIP/USDC limit=20
2026-05-09 17:08:37,853 | INFO | fetch_order_book: mid=0.06555 spread=3.05bps bids=20 asks=20
2026-05-09 17:08:38,766 | INFO | SPREAD | pair=CHIP/USDC | cex=0.06554/0.06556 | dex_sell=0.0655334 dex_buy=0.0655502 | spread_a=-4.1bps spread_b=-1.6bps | min=30.0bps
2026-05-09 17:08:39,770 | INFO | fetch_order_book: symbol=CHIP/USDC limit=20
2026-05-09 17:08:40,118 | INFO | fetch_order_book: mid=0.06553 spread=6.10bps bids=20 asks=20
2026-05-09 17:08:41,063 | INFO | SPREAD | pair=CHIP/USDC | cex=0.06551/0.06555 | dex_sell=0.0655334 dex_buy=0.0655502 | spread_a=-2.5bps spread_b=-6.1bps | min=30.0bps
2026-05-09 17:08:42,067 | INFO | fetch_order_book: symbol=CHIP/USDC limit=20
2026-05-09 17:08:42,324 | INFO | fetch_order_book: mid=0.06553 spread=6.10bps bids=20 asks=20
2026-05-09 17:08:43,266 | INFO | SPREAD | pair=CHIP/USDC | cex=0.06551/0.06555 | dex_sell=0.0655334 dex_buy=0.0655502 | spread_a=-2.5bps spread_b=-6.1bps | min=30.0bps
2026-05-09 17:08:44,269 | INFO | fetch_order_book: symbol=CHIP/USDC limit=20
2026-05-09 17:08:44,602 | INFO | fetch_order_book: mid=0.065545 spread=4.58bps bids=20 asks=20
2026-05-09 17:08:45,487 | INFO | SPREAD | pair=CHIP/USDC | cex=0.06553/0.06556 | dex_sell=0.0655597 dex_buy=0.0655765 | spread_a=-0.0bps spread_b=-7.1bps | min=30.0bps
2026-05-09 17:08:46,490 | INFO | fetch_order_book: symbol=CHIP/USDC limit=20
2026-05-09 17:08:46,758 | INFO | fetch_order_book: mid=0.065545 spread=4.58bps bids=20 asks=20
2026-05-09 17:08:47,650 | INFO | SPREAD | pair=CHIP/USDC | cex=0.06553/0.06556 | dex_sell=0.0655597 dex_buy=0.0655765 | spread_a=-0.0bps spread_b=-7.1bps | min=30.0bps
2026-05-09 17:08:48,653 | INFO | fetch_order_book: symbol=CHIP/USDC limit=20
2026-05-09 17:08:49,057 | INFO | fetch_order_book: mid=0.065515 spread=4.58bps bids=20 asks=20
2026-05-09 17:08:49,905 | INFO | SPREAD | pair=CHIP/USDC | cex=0.0655/0.06553 | dex_sell=0.0655336 dex_buy=0.0655504 | spread_a=0.5bps spread_b=-7.7bps | min=30.0bps
2026-05-09 17:08:50,908 | INFO | fetch_order_book: symbol=CHIP/USDC limit=20
2026-05-09 17:08:51,168 | INFO | fetch_order_book: mid=0.06553 spread=6.10bps bids=20 asks=20
2026-05-09 17:08:52,114 | INFO | SPREAD | pair=CHIP/USDC | cex=0.06551/0.06555 | dex_sell=0.0655134 dex_buy=0.0655302 | spread_a=-5.6bps spread_b=-3.1bps | min=30.0bps
2026-05-09 17:08:53,116 | INFO | fetch_order_book: symbol=CHIP/USDC limit=20
2026-05-09 17:08:53,371 | INFO | fetch_order_book: mid=0.06552 spread=6.11bps bids=20 asks=20
2026-05-09 17:08:54,259 | INFO | SPREAD | pair=CHIP/USDC | cex=0.0655/0.06554 | dex_sell=0.0655134 dex_buy=0.0655302 | spread_a=-4.1bps spread_b=-4.6bps | min=30.0bps
2026-05-09 17:08:55,262 | INFO | fetch_order_book: symbol=CHIP/USDC limit=20
2026-05-09 17:08:55,518 | INFO | fetch_order_book: mid=0.065515 spread=4.58bps bids=20 asks=20
2026-05-09 17:08:56,394 | INFO | SPREAD | pair=CHIP/USDC | cex=0.0655/0.06553 | dex_sell=0.0655134 dex_buy=0.0655302 | spread_a=-2.5bps spread_b=-4.6bps | min=30.0bps
2026-05-09 17:08:57,398 | INFO | fetch_order_book: symbol=CHIP/USDC limit=20
2026-05-09 17:08:57,795 | INFO | fetch_order_book: mid=0.065515 spread=4.58bps bids=20 asks=20
2026-05-09 17:08:58,778 | INFO | SPREAD | pair=CHIP/USDC | cex=0.0655/0.06553 | dex_sell=0.0655134 dex_buy=0.0655302 | spread_a=-2.5bps spread_b=-4.6bps | min=30.0bps
2026-05-09 17:08:59,781 | INFO | fetch_order_book: symbol=CHIP/USDC limit=20
2026-05-09 17:09:00,061 | INFO | fetch_order_book: mid=0.065515 spread=4.58bps bids=20 asks=20
2026-05-09 17:09:01,132 | INFO | SPREAD | pair=CHIP/USDC | cex=0.0655/0.06553 | dex_sell=0.0655134 dex_buy=0.0655302 | spread_a=-2.5bps spread_b=-4.6bps | min=30.0bps
2026-05-09 17:09:02,136 | INFO | fetch_order_book: symbol=CHIP/USDC limit=20
2026-05-09 17:09:02,395 | INFO | fetch_order_book: mid=0.065475 spread=4.58bps bids=20 asks=20
2026-05-09 17:09:03,282 | INFO | SPREAD | pair=CHIP/USDC | cex=0.06546/0.06549 | dex_sell=0.0654833 dex_buy=0.0655001 | spread_a=-1.0bps spread_b=-6.1bps | min=30.0bps
2026-05-09 17:09:04,286 | INFO | fetch_order_book: symbol=CHIP/USDC limit=20
2026-05-09 17:09:04,546 | INFO | fetch_order_book: mid=0.06548 spread=6.11bps bids=20 asks=20
2026-05-09 17:09:05,487 | INFO | SPREAD | pair=CHIP/USDC | cex=0.06546/0.0655 | dex_sell=0.0654833 dex_buy=0.0655001 | spread_a=-2.5bps spread_b=-6.1bps | min=30.0bps
2026-05-09 17:09:06,490 | INFO | fetch_order_book: symbol=CHIP/USDC limit=20
2026-05-09 17:09:06,841 | INFO | fetch_order_book: mid=0.06547 spread=6.11bps bids=20 asks=20
2026-05-09 17:09:07,765 | INFO | SPREAD | pair=CHIP/USDC | cex=0.06545/0.06549 | dex_sell=0.0654533 dex_buy=0.0654701 | spread_a=-5.6bps spread_b=-3.1bps | min=30.0bps
2026-05-09 17:09:08,769 | INFO | fetch_order_book: symbol=CHIP/USDC limit=20
2026-05-09 17:09:09,100 | INFO | fetch_order_book: mid=0.06549 spread=3.05bps bids=20 asks=20
2026-05-09 17:09:10,129 | INFO | SPREAD | pair=CHIP/USDC | cex=0.06548/0.0655 | dex_sell=0.0654895 dex_buy=0.0655063 | spread_a=-1.6bps spread_b=-4.0bps | min=30.0bps
2026-05-09 17:09:11,132 | INFO | fetch_order_book: symbol=CHIP/USDC limit=20
2026-05-09 17:09:11,391 | INFO | fetch_order_book: mid=0.065475 spread=7.64bps bids=20 asks=20
2026-05-09 17:09:12,245 | INFO | SPREAD | pair=CHIP/USDC | cex=0.06545/0.0655 | dex_sell=0.0654895 dex_buy=0.0655063 | spread_a=-1.6bps spread_b=-8.6bps | min=30.0bps
2026-05-09 17:09:13,248 | INFO | fetch_order_book: symbol=CHIP/USDC limit=20
2026-05-09 17:09:13,505 | INFO | fetch_order_book: mid=0.065475 spread=7.64bps bids=20 asks=20
2026-05-09 17:09:14,448 | INFO | SPREAD | pair=CHIP/USDC | cex=0.06545/0.0655 | dex_sell=0.0654895 dex_buy=0.0655063 | spread_a=-1.6bps spread_b=-8.6bps | min=30.0bps
2026-05-09 17:09:15,452 | INFO | fetch_order_book: symbol=CHIP/USDC limit=20
2026-05-09 17:09:15,713 | INFO | fetch_order_book: mid=0.065475 spread=7.64bps bids=20 asks=20
2026-05-09 17:09:16,587 | INFO | SPREAD | pair=CHIP/USDC | cex=0.06545/0.0655 | dex_sell=0.0654895 dex_buy=0.0655063 | spread_a=-1.6bps spread_b=-8.6bps | min=30.0bps
2026-05-09 17:09:17,591 | INFO | fetch_order_book: symbol=CHIP/USDC limit=20
2026-05-09 17:09:17,848 | INFO | fetch_order_book: mid=0.065475 spread=7.64bps bids=20 asks=20
2026-05-09 17:09:18,770 | INFO | SPREAD | pair=CHIP/USDC | cex=0.06545/0.0655 | dex_sell=0.0654895 dex_buy=0.0655063 | spread_a=-1.6bps spread_b=-8.6bps | min=30.0bps
2026-05-09 17:09:19,774 | INFO | fetch_order_book: symbol=CHIP/USDC limit=20
2026-05-09 17:09:20,036 | INFO | fetch_order_book: mid=0.06549 spread=3.05bps bids=20 asks=20
2026-05-09 17:09:20,927 | INFO | SPREAD | pair=CHIP/USDC | cex=0.06548/0.0655 | dex_sell=0.0654895 dex_buy=0.0655063 | spread_a=-1.6bps spread_b=-4.0bps | min=30.0bps
2026-05-09 17:09:21,930 | INFO | fetch_order_book: symbol=CHIP/USDC limit=20
2026-05-09 17:09:22,186 | INFO | fetch_order_book: mid=0.06549 spread=3.05bps bids=20 asks=20
2026-05-09 17:09:23,150 | INFO | SPREAD | pair=CHIP/USDC | cex=0.06548/0.0655 | dex_sell=0.0654895 dex_buy=0.0655063 | spread_a=-1.6bps spread_b=-4.0bps | min=30.0bps
2026-05-09 17:09:24,154 | INFO | fetch_order_book: symbol=CHIP/USDC limit=20
2026-05-09 17:09:24,438 | INFO | fetch_order_book: mid=0.06549 spread=3.05bps bids=20 asks=20
2026-05-09 17:09:25,268 | INFO | SPREAD | pair=CHIP/USDC | cex=0.06548/0.0655 | dex_sell=0.0654895 dex_buy=0.0655063 | spread_a=-1.6bps spread_b=-4.0bps | min=30.0bps
2026-05-09 17:09:26,272 | INFO | fetch_order_book: symbol=CHIP/USDC limit=20
2026-05-09 17:09:26,690 | INFO | fetch_order_book: mid=0.06549 spread=3.05bps bids=20 asks=20
2026-05-09 17:09:27,642 | INFO | SPREAD | pair=CHIP/USDC | cex=0.06548/0.0655 | dex_sell=0.0654895 dex_buy=0.0655063 | spread_a=-1.6bps spread_b=-4.0bps | min=30.0bps
2026-05-09 17:09:28,645 | INFO | fetch_order_book: symbol=CHIP/USDC limit=20
2026-05-09 17:09:28,910 | INFO | fetch_order_book: mid=0.065495 spread=1.53bps bids=20 asks=20
2026-05-09 17:09:29,848 | INFO | SPREAD | pair=CHIP/USDC | cex=0.06549/0.0655 | dex_sell=0.0654895 dex_buy=0.0655063 | spread_a=-1.6bps spread_b=-2.5bps | min=30.0bps
2026-05-09 17:09:30,851 | INFO | fetch_order_book: symbol=CHIP/USDC limit=20
2026-05-09 17:09:31,114 | INFO | fetch_order_book: mid=0.065495 spread=1.53bps bids=20 asks=20
2026-05-09 17:09:32,079 | INFO | SPREAD | pair=CHIP/USDC | cex=0.06549/0.0655 | dex_sell=0.0654895 dex_buy=0.0655063 | spread_a=-1.6bps spread_b=-2.5bps | min=30.0bps
2026-05-09 17:09:33,082 | INFO | fetch_order_book: symbol=CHIP/USDC limit=20
2026-05-09 17:09:33,339 | INFO | fetch_order_book: mid=0.065515 spread=4.58bps bids=20 asks=20
2026-05-09 17:09:34,278 | INFO | SPREAD | pair=CHIP/USDC | cex=0.0655/0.06553 | dex_sell=0.0654895 dex_buy=0.0655264 | spread_a=-6.2bps spread_b=-4.0bps | min=30.0bps
2026-05-09 17:09:35,282 | INFO | fetch_order_book: symbol=CHIP/USDC limit=20
2026-05-09 17:09:35,601 | INFO | fetch_order_book: mid=0.065515 spread=1.53bps bids=20 asks=20
2026-05-09 17:09:36,481 | INFO | SPREAD | pair=CHIP/USDC | cex=0.06551/0.06552 | dex_sell=0.0655096 dex_buy=0.0655264 | spread_a=-1.6bps spread_b=-2.5bps | min=30.0bps
2026-05-09 17:09:37,484 | INFO | fetch_order_book: symbol=CHIP/USDC limit=20
2026-05-09 17:09:37,744 | INFO | fetch_order_book: mid=0.06548 spread=3.05bps bids=20 asks=20
2026-05-09 17:09:38,657 | INFO | SPREAD | pair=CHIP/USDC | cex=0.06547/0.06549 | dex_sell=0.0654733 dex_buy=0.0654901 | spread_a=-2.6bps spread_b=-3.1bps | min=30.0bps
2026-05-09 17:09:39,660 | INFO | fetch_order_book: symbol=CHIP/USDC limit=20
2026-05-09 17:09:39,919 | INFO | fetch_order_book: mid=0.06548 spread=3.05bps bids=20 asks=20
2026-05-09 17:09:40,872 | INFO | SPREAD | pair=CHIP/USDC | cex=0.06547/0.06549 | dex_sell=0.0654733 dex_buy=0.0654901 | spread_a=-2.6bps spread_b=-3.1bps | min=30.0bps
2026-05-09 17:09:41,875 | INFO | fetch_order_book: symbol=CHIP/USDC limit=20
2026-05-09 17:09:42,257 | INFO | fetch_order_book: mid=0.065475 spread=4.58bps bids=20 asks=20
2026-05-09 17:09:43,143 | INFO | SPREAD | pair=CHIP/USDC | cex=0.06546/0.06549 | dex_sell=0.0654733 dex_buy=0.0654901 | spread_a=-2.6bps spread_b=-4.6bps | min=30.0bps
2026-05-09 17:09:44,146 | INFO | fetch_order_book: symbol=CHIP/USDC limit=20
2026-05-09 17:09:44,400 | INFO | fetch_order_book: mid=0.065475 spread=4.58bps bids=20 asks=20
2026-05-09 17:09:45,421 | INFO | SPREAD | pair=CHIP/USDC | cex=0.06546/0.06549 | dex_sell=0.0654733 dex_buy=0.0654901 | spread_a=-2.6bps spread_b=-4.6bps | min=30.0bps
2026-05-09 17:09:46,424 | INFO | fetch_order_book: symbol=CHIP/USDC limit=20
2026-05-09 17:09:46,677 | INFO | fetch_order_book: mid=0.06550 spread=3.05bps bids=20 asks=20
2026-05-09 17:09:47,532 | INFO | SPREAD | pair=CHIP/USDC | cex=0.06549/0.06551 | dex_sell=0.0654733 dex_buy=0.0654901 | spread_a=-5.6bps spread_b=-0.0bps | min=30.0bps
2026-05-09 17:09:48,536 | INFO | fetch_order_book: symbol=CHIP/USDC limit=20
2026-05-09 17:09:49,271 | INFO | fetch_order_book: mid=0.065505 spread=4.58bps bids=20 asks=20
2026-05-09 17:09:50,220 | INFO | SPREAD | pair=CHIP/USDC | cex=0.06549/0.06552 | dex_sell=0.0654996 dex_buy=0.0655164 | spread_a=-3.1bps spread_b=-4.0bps | min=30.0bps
2026-05-09 17:09:51,223 | INFO | fetch_order_book: symbol=CHIP/USDC limit=20
2026-05-09 17:09:51,569 | INFO | fetch_order_book: mid=0.065505 spread=4.58bps bids=20 asks=20
2026-05-09 17:09:52,494 | INFO | SPREAD | pair=CHIP/USDC | cex=0.06549/0.06552 | dex_sell=0.0654996 dex_buy=0.0655464 | spread_a=-3.1bps spread_b=-8.6bps | min=30.0bps
2026-05-09 17:09:53,497 | INFO | fetch_order_book: symbol=CHIP/USDC limit=20
2026-05-09 17:09:53,772 | INFO | fetch_order_book: mid=0.06554 spread=6.10bps bids=20 asks=20
2026-05-09 17:09:54,669 | INFO | SPREAD | pair=CHIP/USDC | cex=0.06552/0.06556 | dex_sell=0.0655296 dex_buy=0.0655464 | spread_a=-4.6bps spread_b=-4.0bps | min=30.0bps
2026-05-09 17:09:55,673 | INFO | fetch_order_book: symbol=CHIP/USDC limit=20
2026-05-09 17:09:55,980 | INFO | fetch_order_book: mid=0.06554 spread=6.10bps bids=20 asks=20
2026-05-09 17:09:56,908 | INFO | SPREAD | pair=CHIP/USDC | cex=0.06552/0.06556 | dex_sell=0.0655296 dex_buy=0.0655464 | spread_a=-4.6bps spread_b=-4.0bps | min=30.0bps
2026-05-09 17:09:57,911 | INFO | fetch_order_book: symbol=CHIP/USDC limit=20
2026-05-09 17:09:58,174 | INFO | fetch_order_book: mid=0.06554 spread=6.10bps bids=20 asks=20
2026-05-09 17:09:59,117 | INFO | SPREAD | pair=CHIP/USDC | cex=0.06552/0.06556 | dex_sell=0.0655296 dex_buy=0.0655464 | spread_a=-4.6bps spread_b=-4.0bps | min=30.0bps
2026-05-09 17:10:00,120 | INFO | fetch_order_book: symbol=CHIP/USDC limit=20
2026-05-09 17:10:00,378 | INFO | fetch_order_book: mid=0.065565 spread=4.58bps bids=20 asks=20
2026-05-09 17:10:01,221 | INFO | SPREAD | pair=CHIP/USDC | cex=0.06555/0.06558 | dex_sell=0.0655296 dex_buy=0.0655464 | spread_a=-7.7bps spread_b=0.5bps | min=30.0bps
2026-05-09 17:10:02,224 | INFO | fetch_order_book: symbol=CHIP/USDC limit=20
2026-05-09 17:10:02,665 | INFO | fetch_order_book: mid=0.06557 spread=6.10bps bids=20 asks=20
2026-05-09 17:10:03,565 | INFO | SPREAD | pair=CHIP/USDC | cex=0.06555/0.06559 | dex_sell=0.0655595 dex_buy=0.0655764 | spread_a=-4.6bps spread_b=-4.0bps | min=30.0bps
2026-05-09 17:10:04,569 | INFO | fetch_order_book: symbol=CHIP/USDC limit=20
2026-05-09 17:10:04,831 | INFO | fetch_order_book: mid=0.06560 spread=6.10bps bids=20 asks=20
2026-05-09 17:10:05,730 | INFO | SPREAD | pair=CHIP/USDC | cex=0.06558/0.06562 | dex_sell=0.0655595 dex_buy=0.0655764 | spread_a=-9.2bps spread_b=0.6bps | min=30.0bps
2026-05-09 17:10:06,733 | INFO | fetch_order_book: symbol=CHIP/USDC limit=20
2026-05-09 17:10:07,140 | INFO | fetch_order_book: mid=0.06561 spread=3.05bps bids=20 asks=20
2026-05-09 17:10:08,074 | INFO | SPREAD | pair=CHIP/USDC | cex=0.0656/0.06562 | dex_sell=0.0655895 dex_buy=0.0656063 | spread_a=-4.6bps spread_b=-1.0bps | min=30.0bps
2026-05-09 17:10:09,077 | INFO | fetch_order_book: symbol=CHIP/USDC limit=20
2026-05-09 17:10:09,446 | INFO | fetch_order_book: mid=0.06560 spread=6.10bps bids=20 asks=20
2026-05-09 17:10:10,333 | INFO | SPREAD | pair=CHIP/USDC | cex=0.06558/0.06562 | dex_sell=0.0655895 dex_buy=0.0656063 | spread_a=-4.6bps spread_b=-4.0bps | min=30.0bps
2026-05-09 17:10:11,336 | INFO | fetch_order_book: symbol=CHIP/USDC limit=20
2026-05-09 17:10:11,717 | INFO | fetch_order_book: mid=0.06560 spread=6.10bps bids=20 asks=20
2026-05-09 17:10:12,648 | INFO | SPREAD | pair=CHIP/USDC | cex=0.06558/0.06562 | dex_sell=0.0655895 dex_buy=0.0656063 | spread_a=-4.6bps spread_b=-4.0bps | min=30.0bps
2026-05-09 17:10:13,651 | INFO | fetch_order_book: symbol=CHIP/USDC limit=20
2026-05-09 17:10:13,915 | INFO | fetch_order_book: mid=0.065605 spread=4.57bps bids=20 asks=20
2026-05-09 17:10:14,794 | INFO | SPREAD | pair=CHIP/USDC | cex=0.06559/0.06562 | dex_sell=0.0655895 dex_buy=0.0656063 | spread_a=-4.6bps spread_b=-2.5bps | min=30.0bps
2026-05-09 17:10:15,798 | INFO | fetch_order_book: symbol=CHIP/USDC limit=20
2026-05-09 17:10:16,147 | INFO | fetch_order_book: mid=0.06560 spread=6.10bps bids=20 asks=20
2026-05-09 17:10:17,143 | INFO | SPREAD | pair=CHIP/USDC | cex=0.06558/0.06562 | dex_sell=0.0655895 dex_buy=0.0656063 | spread_a=-4.6bps spread_b=-4.0bps | min=30.0bps
2026-05-09 17:10:18,147 | INFO | fetch_order_book: symbol=CHIP/USDC limit=20
2026-05-09 17:10:18,405 | INFO | fetch_order_book: mid=0.065605 spread=4.57bps bids=20 asks=20
2026-05-09 17:10:19,297 | INFO | SPREAD | pair=CHIP/USDC | cex=0.06559/0.06562 | dex_sell=0.0655895 dex_buy=0.0656063 | spread_a=-4.6bps spread_b=-2.5bps | min=30.0bps
2026-05-09 17:10:20,301 | INFO | fetch_order_book: symbol=CHIP/USDC limit=20
2026-05-09 17:10:20,579 | INFO | fetch_order_book: mid=0.065605 spread=4.57bps bids=20 asks=20
2026-05-09 17:10:21,510 | INFO | SPREAD | pair=CHIP/USDC | cex=0.06559/0.06562 | dex_sell=0.0655895 dex_buy=0.0656063 | spread_a=-4.6bps spread_b=-2.5bps | min=30.0bps
2026-05-09 17:10:22,513 | INFO | fetch_order_book: symbol=CHIP/USDC limit=20
2026-05-09 17:10:22,886 | INFO | fetch_order_book: mid=0.065605 spread=4.57bps bids=20 asks=20
2026-05-09 17:10:23,771 | INFO | SPREAD | pair=CHIP/USDC | cex=0.06559/0.06562 | dex_sell=0.0655895 dex_buy=0.0656063 | spread_a=-4.6bps spread_b=-2.5bps | min=30.0bps
2026-05-09 17:10:24,774 | INFO | fetch_order_book: symbol=CHIP/USDC limit=20
2026-05-09 17:10:25,040 | INFO | fetch_order_book: mid=0.065605 spread=4.57bps bids=20 asks=20
2026-05-09 17:10:25,991 | INFO | SPREAD | pair=CHIP/USDC | cex=0.06559/0.06562 | dex_sell=0.0655895 dex_buy=0.0656063 | spread_a=-4.6bps spread_b=-2.5bps | min=30.0bps
2026-05-09 17:10:26,995 | INFO | fetch_order_book: symbol=CHIP/USDC limit=20
2026-05-09 17:10:27,256 | INFO | fetch_order_book: mid=0.06563 spread=3.05bps bids=20 asks=20
2026-05-09 17:10:28,138 | INFO | SPREAD | pair=CHIP/USDC | cex=0.06562/0.06564 | dex_sell=0.0655895 dex_buy=0.0656064 | spread_a=-7.7bps spread_b=2.1bps | min=30.0bps
2026-05-09 17:10:29,142 | INFO | fetch_order_book: symbol=CHIP/USDC limit=20
2026-05-09 17:10:29,405 | INFO | fetch_order_book: mid=0.06563 spread=3.05bps bids=20 asks=20
2026-05-09 17:10:30,296 | INFO | SPREAD | pair=CHIP/USDC | cex=0.06562/0.06564 | dex_sell=0.0655895 dex_buy=0.0656064 | spread_a=-7.7bps spread_b=2.1bps | min=30.0bps
2026-05-09 17:10:31,300 | INFO | fetch_order_book: symbol=CHIP/USDC limit=20
2026-05-09 17:10:31,760 | INFO | fetch_order_book: mid=0.065625 spread=4.57bps bids=20 asks=20
2026-05-09 17:10:32,672 | INFO | SPREAD | pair=CHIP/USDC | cex=0.06561/0.06564 | dex_sell=0.0655895 dex_buy=0.0656064 | spread_a=-7.7bps spread_b=0.6bps | min=30.0bps
2026-05-09 17:10:33,675 | INFO | fetch_order_book: symbol=CHIP/USDC limit=20
2026-05-09 17:10:33,945 | INFO | fetch_order_book: mid=0.065625 spread=4.57bps bids=20 asks=20
2026-05-09 17:10:34,865 | INFO | SPREAD | pair=CHIP/USDC | cex=0.06561/0.06564 | dex_sell=0.0655895 dex_buy=0.0656064 | spread_a=-7.7bps spread_b=0.6bps | min=30.0bps
2026-05-09 17:10:35,868 | INFO | fetch_order_book: symbol=CHIP/USDC limit=20
2026-05-09 17:10:36,128 | INFO | fetch_order_book: mid=0.06564 spread=3.05bps bids=20 asks=20
2026-05-09 17:10:37,052 | INFO | SPREAD | pair=CHIP/USDC | cex=0.06563/0.06565 | dex_sell=0.0656195 dex_buy=0.0656363 | spread_a=-4.6bps spread_b=-1.0bps | min=30.0bps
2026-05-09 17:10:38,055 | INFO | fetch_order_book: symbol=CHIP/USDC limit=20
2026-05-09 17:10:38,435 | INFO | fetch_order_book: mid=0.065645 spread=1.52bps bids=20 asks=20
2026-05-09 17:10:39,383 | INFO | SPREAD | pair=CHIP/USDC | cex=0.06564/0.06565 | dex_sell=0.0656195 dex_buy=0.0656363 | spread_a=-4.6bps spread_b=0.6bps | min=30.0bps
2026-05-09 17:10:40,387 | INFO | fetch_order_book: symbol=CHIP/USDC limit=20
2026-05-09 17:10:40,724 | INFO | fetch_order_book: mid=0.06567 spread=3.05bps bids=20 asks=20
2026-05-09 17:10:41,653 | INFO | SPREAD | pair=CHIP/USDC | cex=0.06566/0.06568 | dex_sell=0.0656195 dex_buy=0.0656663 | spread_a=-9.2bps spread_b=-1.0bps | min=30.0bps
2026-05-09 17:10:42,657 | INFO | fetch_order_book: symbol=CHIP/USDC limit=20
2026-05-09 17:10:43,084 | INFO | fetch_order_book: mid=0.06562 spread=9.14bps bids=20 asks=20
2026-05-09 17:10:44,040 | INFO | SPREAD | pair=CHIP/USDC | cex=0.06559/0.06565 | dex_sell=0.0656495 dex_buy=0.0656404 | spread_a=-0.1bps spread_b=-7.7bps | min=30.0bps
2026-05-09 17:10:45,042 | INFO | fetch_order_book: symbol=CHIP/USDC limit=20
2026-05-09 17:10:45,334 | INFO | fetch_order_book: mid=0.065615 spread=7.62bps bids=20 asks=20
2026-05-09 17:10:46,233 | INFO | SPREAD | pair=CHIP/USDC | cex=0.06559/0.06564 | dex_sell=0.0656235 dex_buy=0.0656404 | spread_a=-2.5bps spread_b=-7.7bps | min=30.0bps
2026-05-09 17:10:47,236 | INFO | fetch_order_book: symbol=CHIP/USDC limit=20
2026-05-09 17:10:47,496 | INFO | fetch_order_book: mid=0.06560 spread=6.10bps bids=20 asks=20
2026-05-09 17:10:48,415 | INFO | SPREAD | pair=CHIP/USDC | cex=0.06558/0.06562 | dex_sell=0.0656235 dex_buy=0.0656404 | spread_a=0.5bps spread_b=-9.2bps | min=30.0bps
2026-05-09 17:10:49,419 | INFO | fetch_order_book: symbol=CHIP/USDC limit=20
2026-05-09 17:10:49,741 | INFO | fetch_order_book: mid=0.06564 spread=9.14bps bids=20 asks=20
2026-05-09 17:10:50,810 | INFO | SPREAD | pair=CHIP/USDC | cex=0.06561/0.06567 | dex_sell=0.0655934 dex_buy=0.0656366 | spread_a=-11.7bps spread_b=-4.0bps | min=30.0bps
2026-05-09 17:10:51,813 | INFO | fetch_order_book: symbol=CHIP/USDC limit=20
2026-05-09 17:10:52,073 | INFO | fetch_order_book: mid=0.065585 spread=7.62bps bids=20 asks=20
2026-05-09 17:10:53,030 | INFO | SPREAD | pair=CHIP/USDC | cex=0.06556/0.06561 | dex_sell=0.0656197 dex_buy=0.0656101 | spread_a=1.5bps spread_b=-7.6bps | min=30.0bps
2026-05-09 17:10:54,033 | INFO | fetch_order_book: symbol=CHIP/USDC limit=20
2026-05-09 17:10:54,363 | INFO | fetch_order_book: mid=0.065585 spread=7.62bps bids=20 asks=20
2026-05-09 17:10:55,212 | INFO | SPREAD | pair=CHIP/USDC | cex=0.06556/0.06561 | dex_sell=0.0655933 dex_buy=0.0656101 | spread_a=-2.6bps spread_b=-7.6bps | min=30.0bps
2026-05-09 17:10:56,215 | INFO | fetch_order_book: symbol=CHIP/USDC limit=20
2026-05-09 17:10:56,476 | INFO | fetch_order_book: mid=0.065565 spread=1.53bps bids=20 asks=20
2026-05-09 17:10:57,428 | INFO | SPREAD | pair=CHIP/USDC | cex=0.06556/0.06557 | dex_sell=0.0655635 dex_buy=0.0655803 | spread_a=-1.0bps spread_b=-3.1bps | min=30.0bps
2026-05-09 17:10:58,432 | INFO | fetch_order_book: symbol=CHIP/USDC limit=20
2026-05-09 17:10:58,688 | INFO | fetch_order_book: mid=0.065565 spread=1.53bps bids=20 asks=20
2026-05-09 17:10:59,569 | INFO | SPREAD | pair=CHIP/USDC | cex=0.06556/0.06557 | dex_sell=0.0655635 dex_buy=0.0655803 | spread_a=-1.0bps spread_b=-3.1bps | min=30.0bps
2026-05-09 17:11:00,570 | INFO | fetch_order_book: symbol=CHIP/USDC limit=20
2026-05-09 17:11:01,012 | INFO | fetch_order_book: mid=0.065575 spread=4.57bps bids=20 asks=20
2026-05-09 17:11:02,086 | INFO | SPREAD | pair=CHIP/USDC | cex=0.06556/0.06559 | dex_sell=0.0655635 dex_buy=0.0655803 | spread_a=-4.0bps spread_b=-3.1bps | min=30.0bps
2026-05-09 17:11:03,089 | INFO | fetch_order_book: symbol=CHIP/USDC limit=20
2026-05-09 17:11:03,463 | INFO | fetch_order_book: mid=0.06553 spread=3.05bps bids=20 asks=20
2026-05-09 17:11:04,315 | INFO | SPREAD | pair=CHIP/USDC | cex=0.06552/0.06554 | dex_sell=0.0655334 dex_buy=0.0655502 | spread_a=-1.0bps spread_b=-4.6bps | min=30.0bps
2026-05-09 17:11:05,318 | INFO | fetch_order_book: symbol=CHIP/USDC limit=20
2026-05-09 17:11:05,593 | INFO | fetch_order_book: mid=0.065495 spread=4.58bps bids=20 asks=20
2026-05-09 17:11:06,548 | INFO | SPREAD | pair=CHIP/USDC | cex=0.06548/0.06551 | dex_sell=0.0655033 dex_buy=0.0655201 | spread_a=-1.0bps spread_b=-6.1bps | min=30.0bps
2026-05-09 17:11:07,551 | INFO | fetch_order_book: symbol=CHIP/USDC limit=20
2026-05-09 17:11:07,856 | INFO | fetch_order_book: mid=0.065485 spread=1.53bps bids=20 asks=20
2026-05-09 17:11:08,675 | INFO | SPREAD | pair=CHIP/USDC | cex=0.06548/0.06549 | dex_sell=0.0655033 dex_buy=0.0654901 | spread_a=2.0bps spread_b=-1.5bps | min=30.0bps
2026-05-09 17:11:09,679 | INFO | fetch_order_book: symbol=CHIP/USDC limit=20
2026-05-09 17:11:09,939 | INFO | fetch_order_book: mid=0.065545 spread=7.63bps bids=20 asks=20
2026-05-09 17:11:10,834 | INFO | SPREAD | pair=CHIP/USDC | cex=0.06552/0.06557 | dex_sell=0.0655496 dex_buy=0.0655665 | spread_a=-3.1bps spread_b=-7.1bps | min=30.0bps
2026-05-09 17:11:11,837 | INFO | fetch_order_book: symbol=CHIP/USDC limit=20
2026-05-09 17:11:12,187 | INFO | fetch_order_book: mid=0.06552 spread=9.16bps bids=20 asks=20
2026-05-09 17:11:13,029 | INFO | SPREAD | pair=CHIP/USDC | cex=0.06549/0.06555 | dex_sell=0.0655235 dex_buy=0.0655403 | spread_a=-4.0bps spread_b=-7.7bps | min=30.0bps
2026-05-09 17:11:14,033 | INFO | fetch_order_book: symbol=CHIP/USDC limit=20
2026-05-09 17:11:14,411 | INFO | fetch_order_book: mid=0.065505 spread=4.58bps bids=20 asks=20
2026-05-09 17:11:15,411 | INFO | SPREAD | pair=CHIP/USDC | cex=0.06549/0.06552 | dex_sell=0.0655235 dex_buy=0.0655403 | spread_a=0.5bps spread_b=-7.7bps | min=30.0bps
2026-05-09 17:11:16,414 | INFO | fetch_order_book: symbol=CHIP/USDC limit=20
2026-05-09 17:11:16,671 | INFO | fetch_order_book: mid=0.065535 spread=7.63bps bids=20 asks=20
2026-05-09 17:11:17,610 | INFO | SPREAD | pair=CHIP/USDC | cex=0.06551/0.06556 | dex_sell=0.0655235 dex_buy=0.0655403 | spread_a=-5.6bps spread_b=-4.6bps | min=30.0bps
2026-05-09 17:11:18,614 | INFO | fetch_order_book: symbol=CHIP/USDC limit=20
2026-05-09 17:11:18,874 | INFO | fetch_order_book: mid=0.065545 spread=4.58bps bids=20 asks=20
2026-05-09 17:11:19,815 | INFO | SPREAD | pair=CHIP/USDC | cex=0.06553/0.06556 | dex_sell=0.0655235 dex_buy=0.0655403 | spread_a=-5.6bps spread_b=-1.6bps | min=30.0bps
2026-05-09 17:11:20,818 | INFO | fetch_order_book: symbol=CHIP/USDC limit=20
2026-05-09 17:11:21,078 | INFO | fetch_order_book: mid=0.065555 spread=1.53bps bids=20 asks=20
2026-05-09 17:11:21,898 | INFO | SPREAD | pair=CHIP/USDC | cex=0.06555/0.06556 | dex_sell=0.0655235 dex_buy=0.0655664 | spread_a=-5.6bps spread_b=-2.5bps | min=30.0bps
2026-05-09 17:11:22,901 | INFO | fetch_order_book: symbol=CHIP/USDC limit=20
2026-05-09 17:11:23,248 | INFO | fetch_order_book: mid=0.06555 spread=3.05bps bids=20 asks=20
2026-05-09 17:11:24,207 | INFO | SPREAD | pair=CHIP/USDC | cex=0.06554/0.06556 | dex_sell=0.0655495 dex_buy=0.0655664 | spread_a=-1.6bps spread_b=-4.0bps | min=30.0bps
2026-05-09 17:11:25,210 | INFO | fetch_order_book: symbol=CHIP/USDC limit=20
2026-05-09 17:11:25,467 | INFO | fetch_order_book: mid=0.06558 spread=6.10bps bids=20 asks=20
2026-05-09 17:11:26,357 | INFO | SPREAD | pair=CHIP/USDC | cex=0.06556/0.0656 | dex_sell=0.0655495 dex_buy=0.0655664 | spread_a=-7.7bps spread_b=-1.0bps | min=30.0bps
2026-05-09 17:11:27,361 | INFO | fetch_order_book: symbol=CHIP/USDC limit=20
2026-05-09 17:11:27,616 | INFO | fetch_order_book: mid=0.06558 spread=6.10bps bids=20 asks=20
2026-05-09 17:11:28,490 | INFO | SPREAD | pair=CHIP/USDC | cex=0.06556/0.0656 | dex_sell=0.0655495 dex_buy=0.0655664 | spread_a=-7.7bps spread_b=-1.0bps | min=30.0bps
2026-05-09 17:11:29,494 | INFO | fetch_order_book: symbol=CHIP/USDC limit=20
2026-05-09 17:11:29,882 | INFO | fetch_order_book: mid=0.06558 spread=6.10bps bids=20 asks=20
2026-05-09 17:11:30,712 | INFO | SPREAD | pair=CHIP/USDC | cex=0.06556/0.0656 | dex_sell=0.0655495 dex_buy=0.0655664 | spread_a=-7.7bps spread_b=-1.0bps | min=30.0bps
2026-05-09 17:11:31,715 | INFO | fetch_order_book: symbol=CHIP/USDC limit=20
2026-05-09 17:11:31,976 | INFO | fetch_order_book: mid=0.065555 spread=7.63bps bids=20 asks=20
2026-05-09 17:11:32,923 | INFO | SPREAD | pair=CHIP/USDC | cex=0.06553/0.06558 | dex_sell=0.0655495 dex_buy=0.0655664 | spread_a=-4.6bps spread_b=-5.5bps | min=30.0bps
2026-05-09 17:11:33,926 | INFO | fetch_order_book: symbol=CHIP/USDC limit=20
2026-05-09 17:11:34,184 | INFO | fetch_order_book: mid=0.065555 spread=7.63bps bids=20 asks=20
2026-05-09 17:11:35,049 | INFO | SPREAD | pair=CHIP/USDC | cex=0.06553/0.06558 | dex_sell=0.0655495 dex_buy=0.0655664 | spread_a=-4.6bps spread_b=-5.5bps | min=30.0bps
2026-05-09 17:11:36,052 | INFO | fetch_order_book: symbol=CHIP/USDC limit=20
2026-05-09 17:11:36,337 | INFO | fetch_order_book: mid=0.06556 spread=6.10bps bids=20 asks=20
2026-05-09 17:11:37,288 | INFO | SPREAD | pair=CHIP/USDC | cex=0.06554/0.06558 | dex_sell=0.0655495 dex_buy=0.0655664 | spread_a=-4.6bps spread_b=-4.0bps | min=30.0bps
2026-05-09 17:11:38,291 | INFO | fetch_order_book: symbol=CHIP/USDC limit=20
2026-05-09 17:11:38,559 | INFO | fetch_order_book: mid=0.065585 spread=4.57bps bids=20 asks=20
2026-05-09 17:11:39,385 | INFO | SPREAD | pair=CHIP/USDC | cex=0.06557/0.0656 | dex_sell=0.0655495 dex_buy=0.0655664 | spread_a=-7.7bps spread_b=0.6bps | min=30.0bps
2026-05-09 17:11:40,388 | INFO | fetch_order_book: symbol=CHIP/USDC limit=20
2026-05-09 17:11:40,643 | INFO | fetch_order_book: mid=0.06559 spread=3.05bps bids=20 asks=20
2026-05-09 17:11:41,708 | INFO | SPREAD | pair=CHIP/USDC | cex=0.06558/0.0656 | dex_sell=0.0655795 dex_buy=0.0655963 | spread_a=-3.1bps spread_b=-2.5bps | min=30.0bps
2026-05-09 17:11:42,709 | INFO | fetch_order_book: symbol=CHIP/USDC limit=20
2026-05-09 17:11:43,089 | INFO | fetch_order_book: mid=0.06559 spread=3.05bps bids=20 asks=20
2026-05-09 17:11:43,919 | INFO | SPREAD | pair=CHIP/USDC | cex=0.06558/0.0656 | dex_sell=0.0655795 dex_buy=0.0655963 | spread_a=-3.1bps spread_b=-2.5bps | min=30.0bps
2026-05-09 17:11:44,920 | INFO | fetch_order_book: symbol=CHIP/USDC limit=20
2026-05-09 17:11:45,238 | INFO | fetch_order_book: mid=0.06559 spread=3.05bps bids=20 asks=20
2026-05-09 17:11:46,124 | INFO | SPREAD | pair=CHIP/USDC | cex=0.06558/0.0656 | dex_sell=0.0655795 dex_buy=0.0655963 | spread_a=-3.1bps spread_b=-2.5bps | min=30.0bps
2026-05-09 17:11:47,125 | INFO | fetch_order_book: symbol=CHIP/USDC limit=20
2026-05-09 17:11:47,495 | INFO | fetch_order_book: mid=0.065595 spread=1.52bps bids=20 asks=20
2026-05-09 17:14:24,170 | INFO | SPREAD | pair=CHIP/USDC | cex=0.06559/0.0656 | dex_sell=0.0658904 dex_buy=0.0659073 | spread_a=44.3bps spread_b=-48.1bps | min=30.0bps
2026-05-09 17:14:24,172 | INFO | SIGNAL | GENERATED | pair=CHIP/USDC | direction=buy_cex_sell_dex | size=130.0000 | spread=44.3bps | expected_pnl=$-0.10
2026-05-09 17:14:24,172 | INFO | Signal: CHIP/USDC spread=44.3bps score=38.1
2026-05-09 17:14:24,172 | INFO | SIGNAL | EXECUTED | pair=CHIP/USDC | direction=buy_cex_sell_dex | size=130.0000 | spread=44.3bps | expected_pnl=$-0.10
2026-05-09 17:14:24,173 | WARNING | FAILED: Signal invalid
2026-05-09 17:14:27,737 | INFO | fetch_order_book: symbol=CHIP/USDC limit=20
2026-05-09 17:14:28,054 | INFO | fetch_order_book: mid=0.06591 spread=3.03bps bids=20 asks=20
2026-05-09 17:14:29,363 | INFO | SPREAD | pair=CHIP/USDC | cex=0.0659/0.06592 | dex_sell=0.0658904 dex_buy=0.0659073 | spread_a=-4.5bps spread_b=-1.1bps | min=30.0bps
2026-05-09 17:14:30,365 | INFO | fetch_order_book: symbol=CHIP/USDC limit=20
2026-05-09 17:14:30,708 | INFO | fetch_order_book: mid=0.06593 spread=3.03bps bids=20 asks=20
2026-05-09 17:14:32,055 | INFO | SPREAD | pair=CHIP/USDC | cex=0.06592/0.06594 | dex_sell=0.0658904 dex_buy=0.0659178 | spread_a=-7.5bps spread_b=0.3bps | min=30.0bps
2026-05-09 17:14:33,057 | INFO | fetch_order_book: symbol=CHIP/USDC limit=20
2026-05-09 17:14:33,488 | INFO | fetch_order_book: mid=0.06593 spread=3.03bps bids=20 asks=20
2026-05-09 17:14:34,712 | INFO | SPREAD | pair=CHIP/USDC | cex=0.06592/0.06594 | dex_sell=0.0659008 dex_buy=0.0659178 | spread_a=-5.9bps spread_b=0.3bps | min=30.0bps
2026-05-09 17:14:35,714 | INFO | fetch_order_book: symbol=CHIP/USDC limit=20
2026-05-09 17:14:36,050 | INFO | fetch_order_book: mid=0.065925 spread=4.55bps bids=20 asks=20
2026-05-09 17:14:37,278 | INFO | SPREAD | pair=CHIP/USDC | cex=0.06591/0.06594 | dex_sell=0.0659008 dex_buy=0.0659178 | spread_a=-5.9bps spread_b=-1.2bps | min=30.0bps
2026-05-09 17:14:38,280 | INFO | fetch_order_book: symbol=CHIP/USDC limit=20
2026-05-09 17:14:38,672 | INFO | fetch_order_book: mid=0.06593 spread=3.03bps bids=20 asks=20
2026-05-09 17:14:39,955 | INFO | SPREAD | pair=CHIP/USDC | cex=0.06592/0.06594 | dex_sell=0.0659008 dex_buy=0.0659178 | spread_a=-5.9bps spread_b=0.3bps | min=30.0bps
2026-05-09 17:14:40,958 | INFO | fetch_order_book: symbol=CHIP/USDC limit=20
2026-05-09 17:14:41,327 | INFO | fetch_order_book: mid=0.06593 spread=3.03bps bids=20 asks=20
2026-05-09 17:14:42,324 | INFO | SPREAD | pair=CHIP/USDC | cex=0.06592/0.06594 | dex_sell=0.0659008 dex_buy=0.0659178 | spread_a=-5.9bps spread_b=0.3bps | min=30.0bps
2026-05-09 17:14:43,326 | INFO | fetch_order_book: symbol=CHIP/USDC limit=20
2026-05-09 17:14:43,606 | INFO | fetch_order_book: mid=0.06592 spread=6.07bps bids=20 asks=20
2026-05-09 17:14:44,477 | INFO | SPREAD | pair=CHIP/USDC | cex=0.0659/0.06594 | dex_sell=0.0659008 dex_buy=0.0659178 | spread_a=-5.9bps spread_b=-2.7bps | min=30.0bps
2026-05-09 17:14:45,478 | INFO | fetch_order_book: symbol=CHIP/USDC limit=20
2026-05-09 17:14:45,744 | INFO | fetch_order_book: mid=0.06593 spread=3.03bps bids=20 asks=20
2026-05-09 17:14:46,690 | INFO | SPREAD | pair=CHIP/USDC | cex=0.06592/0.06594 | dex_sell=0.0659008 dex_buy=0.0659178 | spread_a=-5.9bps spread_b=0.3bps | min=30.0bps
2026-05-09 17:14:47,692 | INFO | fetch_order_book: symbol=CHIP/USDC limit=20
2026-05-09 17:14:48,073 | INFO | fetch_order_book: mid=0.065935 spread=1.52bps bids=20 asks=20
2026-05-09 17:14:48,988 | INFO | SPREAD | pair=CHIP/USDC | cex=0.06593/0.06594 | dex_sell=0.0659008 dex_buy=0.0659178 | spread_a=-5.9bps spread_b=1.9bps | min=30.0bps
2026-05-09 17:14:49,990 | INFO | fetch_order_book: symbol=CHIP/USDC limit=20
2026-05-09 17:14:50,493 | INFO | fetch_order_book: mid=0.06595 spread=6.07bps bids=20 asks=20
2026-05-09 17:14:51,456 | INFO | SPREAD | pair=CHIP/USDC | cex=0.06593/0.06597 | dex_sell=0.0659008 dex_buy=0.0659178 | spread_a=-10.5bps spread_b=1.9bps | min=30.0bps
2026-05-09 17:14:52,458 | INFO | fetch_order_book: symbol=CHIP/USDC limit=20
2026-05-09 17:14:52,737 | INFO | fetch_order_book: mid=0.06595 spread=6.07bps bids=20 asks=20
2026-05-09 17:14:53,708 | INFO | SPREAD | pair=CHIP/USDC | cex=0.06593/0.06597 | dex_sell=0.0659008 dex_buy=0.0659178 | spread_a=-10.5bps spread_b=1.9bps | min=30.0bps
2026-05-09 17:14:54,710 | INFO | fetch_order_book: symbol=CHIP/USDC limit=20
2026-05-09 17:14:54,970 | INFO | fetch_order_book: mid=0.06595 spread=6.07bps bids=20 asks=20
2026-05-09 17:14:55,944 | INFO | SPREAD | pair=CHIP/USDC | cex=0.06593/0.06597 | dex_sell=0.0659008 dex_buy=0.0659178 | spread_a=-10.5bps spread_b=1.9bps | min=30.0bps
2026-05-09 17:14:56,946 | INFO | fetch_order_book: symbol=CHIP/USDC limit=20
2026-05-09 17:14:57,205 | INFO | fetch_order_book: mid=0.06593 spread=6.07bps bids=20 asks=20
2026-05-09 17:14:58,195 | INFO | SPREAD | pair=CHIP/USDC | cex=0.06591/0.06595 | dex_sell=0.0659008 dex_buy=0.0659178 | spread_a=-7.5bps spread_b=-1.2bps | min=30.0bps
2026-05-09 17:14:59,197 | INFO | fetch_order_book: symbol=CHIP/USDC limit=20
2026-05-09 17:14:59,459 | INFO | fetch_order_book: mid=0.065945 spread=7.58bps bids=20 asks=20
2026-05-09 17:15:00,428 | INFO | SPREAD | pair=CHIP/USDC | cex=0.06592/0.06597 | dex_sell=0.0659008 dex_buy=0.0659178 | spread_a=-10.5bps spread_b=0.3bps | min=30.0bps
2026-05-09 17:15:01,431 | INFO | fetch_order_book: symbol=CHIP/USDC limit=20
2026-05-09 17:15:01,694 | INFO | fetch_order_book: mid=0.06595 spread=6.07bps bids=20 asks=20
2026-05-09 17:15:02,618 | INFO | SPREAD | pair=CHIP/USDC | cex=0.06593/0.06597 | dex_sell=0.0659008 dex_buy=0.0659178 | spread_a=-10.5bps spread_b=1.9bps | min=30.0bps
2026-05-09 17:15:03,620 | INFO | fetch_order_book: symbol=CHIP/USDC limit=20
2026-05-09 17:15:03,881 | INFO | fetch_order_book: mid=0.065955 spread=7.58bps bids=20 asks=20
2026-05-09 17:15:04,841 | INFO | SPREAD | pair=CHIP/USDC | cex=0.06593/0.06598 | dex_sell=0.0659008 dex_buy=0.0659178 | spread_a=-12.0bps spread_b=1.9bps | min=30.0bps
2026-05-09 17:15:05,842 | INFO | fetch_order_book: symbol=CHIP/USDC limit=20
2026-05-09 17:15:06,106 | INFO | fetch_order_book: mid=0.065955 spread=7.58bps bids=20 asks=20
2026-05-09 17:15:07,002 | INFO | SPREAD | pair=CHIP/USDC | cex=0.06593/0.06598 | dex_sell=0.0659008 dex_buy=0.0659178 | spread_a=-12.0bps spread_b=1.9bps | min=30.0bps
2026-05-09 17:15:08,004 | INFO | fetch_order_book: symbol=CHIP/USDC limit=20
2026-05-09 17:15:08,261 | INFO | fetch_order_book: mid=0.065955 spread=7.58bps bids=20 asks=20
2026-05-09 17:15:09,216 | INFO | SPREAD | pair=CHIP/USDC | cex=0.06593/0.06598 | dex_sell=0.0659008 dex_buy=0.0659178 | spread_a=-12.0bps spread_b=1.9bps | min=30.0bps
2026-05-09 17:15:10,219 | INFO | fetch_order_book: symbol=CHIP/USDC limit=20
2026-05-09 17:15:10,575 | INFO | fetch_order_book: mid=0.065955 spread=7.58bps bids=20 asks=20
2026-05-09 17:15:11,859 | INFO | SPREAD | pair=CHIP/USDC | cex=0.06593/0.06598 | dex_sell=0.0659008 dex_buy=0.0659178 | spread_a=-12.0bps spread_b=1.9bps | min=30.0bps
2026-05-09 17:15:12,861 | INFO | fetch_order_book: symbol=CHIP/USDC limit=20
2026-05-09 17:15:13,259 | INFO | fetch_order_book: mid=0.065955 spread=7.58bps bids=20 asks=20
2026-05-09 17:15:14,889 | INFO | SPREAD | pair=CHIP/USDC | cex=0.06593/0.06598 | dex_sell=0.0659008 dex_buy=0.0659178 | spread_a=-12.0bps spread_b=1.9bps | min=30.0bps
2026-05-09 17:15:15,891 | INFO | fetch_order_book: symbol=CHIP/USDC limit=20
2026-05-09 17:15:16,176 | INFO | fetch_order_book: mid=0.065955 spread=7.58bps bids=20 asks=20
2026-05-09 17:15:17,167 | INFO | SPREAD | pair=CHIP/USDC | cex=0.06593/0.06598 | dex_sell=0.0659008 dex_buy=0.0659178 | spread_a=-12.0bps spread_b=1.9bps | min=30.0bps
2026-05-09 17:15:18,113 | INFO | Update id=722885990 is handled. Duration 210 ms by bot id=8642945117
2026-05-09 17:15:18,114 | WARNING | Received SIGTERM — shutting down.
2026-05-09 17:15:18,115 | INFO | Polling stopped
2026-05-09 17:15:18,117 | ERROR | Failed to fetch updates - TelegramNetworkError: HTTP Client says - ServerDisconnectedError: Server disconnected
2026-05-09 17:15:18,117 | WARNING | Sleep for 1.000000 seconds and try again... (tryings = 0, bot id = 8642945117)
2026-05-09 17:15:18,796 | INFO | Bot stopped.
2026-05-09 17:15:18,797 | INFO | Polling stopped for bot @arb_bot_peanutbot id=8642945117 - 'arb_bot_peanut'
