2026-05-08 22:15:41,044 | INFO | Logging to file: logs/bot_20260508_221541.log
2026-05-08 22:15:41,044 | INFO | Loading config: configs/chip_observe.yaml
2026-05-08 22:15:41,681 | INFO | Rate limits loaded from exchangeInfo: 6000 weight / 60s
2026-05-08 22:15:41,694 | INFO | Checking exchange connection...
2026-05-08 22:15:41,956 | INFO | Connected to exchange. Server time: 1778271341868
2026-05-08 22:15:41,968 | INFO | DEX engine: Uniswap V3 (fee_tier=100)
2026-05-08 22:15:41,972 | INFO | TxBuilder wired: address=0x84b7346c733Daa8c189e1f31d574087971e5cD7a dex=v3 fee_tier=100
2026-05-08 22:15:41,980 | WARNING | ⚠️  PRODUCTION MODE — REAL MONEY ⚠️
2026-05-08 22:15:41,980 | INFO | Bot starting | pairs=['CHIP/USDC'] | risk={'capital': '100', 'peak': '100', 'daily_pnl': '0', 'drawdown': '0.0%', 'consec_loss': 0, 'tph': 0}
2026-05-08 22:15:46,068 | INFO | API key is valid (expiration unknown).
2026-05-08 22:15:46,509 | INFO | fetch_order_book: symbol=CHIP/USDC limit=20
2026-05-08 22:15:46,512 | INFO | Start polling
2026-05-08 22:15:46,558 | INFO | Run polling for bot @arb_bot_peanutbot id=8642945117 - 'arb_bot_peanut'
2026-05-08 22:15:46,795 | INFO | fetch_order_book: mid=0.07464 spread=8.04bps bids=20 asks=20
2026-05-08 22:15:47,758 | INFO | SPREAD | pair=CHIP/USDC | cex=0.07461/0.07467 | dex_sell=0.0745537 dex_buy=0.0746031 | spread_a=-15.6bps spread_b=0.9bps | min=30.0bps
2026-05-08 22:15:48,760 | INFO | fetch_order_book: symbol=CHIP/USDC limit=20
2026-05-08 22:15:49,015 | INFO | fetch_order_book: mid=0.074625 spread=6.70bps bids=20 asks=20
2026-05-08 22:15:49,925 | INFO | SPREAD | pair=CHIP/USDC | cex=0.0746/0.07465 | dex_sell=0.0746512 dex_buy=0.0746713 | spread_a=0.2bps spread_b=-9.5bps | min=30.0bps
2026-05-08 22:15:50,928 | INFO | fetch_order_book: symbol=CHIP/USDC limit=20
2026-05-08 22:15:51,195 | INFO | fetch_order_book: mid=0.07461 spread=8.04bps bids=20 asks=20
2026-05-08 22:15:52,268 | INFO | SPREAD | pair=CHIP/USDC | cex=0.07458/0.07464 | dex_sell=0.0746292 dex_buy=0.0746486 | spread_a=-1.4bps spread_b=-9.2bps | min=30.0bps
2026-05-08 22:15:53,271 | INFO | fetch_order_book: symbol=CHIP/USDC limit=20
2026-05-08 22:15:53,809 | INFO | fetch_order_book: mid=0.074595 spread=6.70bps bids=20 asks=20
2026-05-08 22:15:55,149 | INFO | SPREAD | pair=CHIP/USDC | cex=0.07457/0.07462 | dex_sell=0.0746292 dex_buy=0.0746217 | spread_a=1.2bps spread_b=-6.9bps | min=30.0bps
2026-05-08 22:15:56,151 | INFO | fetch_order_book: symbol=CHIP/USDC limit=20
2026-05-08 22:15:56,481 | INFO | fetch_order_book: mid=0.07446 spread=10.74bps bids=20 asks=20
2026-05-08 22:15:57,717 | INFO | SPREAD | pair=CHIP/USDC | cex=0.07442/0.0745 | dex_sell=0.0745323 dex_buy=0.0745217 | spread_a=4.3bps spread_b=-13.7bps | min=30.0bps
2026-05-08 22:15:58,719 | INFO | fetch_order_book: symbol=CHIP/USDC limit=20
2026-05-08 22:15:59,061 | INFO | fetch_order_book: mid=0.07444 spread=8.06bps bids=20 asks=20
2026-05-08 22:16:00,490 | INFO | SPREAD | pair=CHIP/USDC | cex=0.07441/0.07447 | dex_sell=0.0744705 dex_buy=0.0744899 | spread_a=0.1bps spread_b=-10.7bps | min=30.0bps
2026-05-08 22:16:01,493 | INFO | fetch_order_book: symbol=CHIP/USDC limit=20
2026-05-08 22:16:01,827 | INFO | fetch_order_book: mid=0.07444 spread=5.37bps bids=20 asks=20
2026-05-08 22:16:02,958 | INFO | SPREAD | pair=CHIP/USDC | cex=0.07442/0.07446 | dex_sell=0.0744705 dex_buy=0.0744899 | spread_a=1.4bps spread_b=-9.4bps | min=30.0bps
2026-05-08 22:16:03,055 | INFO | Update id=722885986 is handled. Duration 300 ms by bot id=8642945117
2026-05-08 22:16:03,962 | INFO | fetch_order_book: symbol=CHIP/USDC limit=20
2026-05-08 22:16:04,296 | INFO | fetch_order_book: mid=0.074455 spread=6.72bps bids=20 asks=20
2026-05-08 22:16:05,427 | INFO | SPREAD | pair=CHIP/USDC | cex=0.07443/0.07448 | dex_sell=0.0744705 dex_buy=0.0744899 | spread_a=-1.3bps spread_b=-8.0bps | min=30.0bps
2026-05-08 22:16:06,429 | INFO | fetch_order_book: symbol=CHIP/USDC limit=20
2026-05-08 22:16:06,688 | INFO | fetch_order_book: mid=0.07446 spread=8.06bps bids=20 asks=20
2026-05-08 22:16:07,617 | INFO | SPREAD | pair=CHIP/USDC | cex=0.07443/0.07449 | dex_sell=0.0744705 dex_buy=0.0744899 | spread_a=-2.6bps spread_b=-8.0bps | min=30.0bps
2026-05-08 22:16:08,620 | INFO | fetch_order_book: symbol=CHIP/USDC limit=20
2026-05-08 22:16:08,876 | INFO | fetch_order_book: mid=0.07447 spread=5.37bps bids=20 asks=20
2026-05-08 22:16:09,833 | INFO | SPREAD | pair=CHIP/USDC | cex=0.07445/0.07449 | dex_sell=0.0744705 dex_buy=0.0744899 | spread_a=-2.6bps spread_b=-5.4bps | min=30.0bps
2026-05-08 22:16:10,835 | INFO | fetch_order_book: symbol=CHIP/USDC limit=20
2026-05-08 22:16:11,099 | INFO | fetch_order_book: mid=0.07448 spread=8.06bps bids=20 asks=20
2026-05-08 22:16:12,039 | INFO | SPREAD | pair=CHIP/USDC | cex=0.07445/0.07451 | dex_sell=0.0744705 dex_buy=0.0744899 | spread_a=-5.3bps spread_b=-5.4bps | min=30.0bps
2026-05-08 22:16:13,042 | INFO | fetch_order_book: symbol=CHIP/USDC limit=20
2026-05-08 22:16:13,297 | INFO | fetch_order_book: mid=0.074475 spread=6.71bps bids=20 asks=20
2026-05-08 22:16:14,249 | INFO | SPREAD | pair=CHIP/USDC | cex=0.07445/0.0745 | dex_sell=0.0744937 dex_buy=0.074513 | spread_a=-0.8bps spread_b=-8.5bps | min=30.0bps
2026-05-08 22:16:15,251 | INFO | fetch_order_book: symbol=CHIP/USDC limit=20
2026-05-08 22:16:15,621 | INFO | fetch_order_book: mid=0.074425 spread=6.72bps bids=20 asks=20
2026-05-08 22:16:16,576 | INFO | SPREAD | pair=CHIP/USDC | cex=0.0744/0.07445 | dex_sell=0.0744704 dex_buy=0.0744897 | spread_a=2.7bps spread_b=-12.0bps | min=30.0bps
2026-05-08 22:16:17,578 | INFO | fetch_order_book: symbol=CHIP/USDC limit=20
2026-05-08 22:16:17,838 | INFO | fetch_order_book: mid=0.074425 spread=6.72bps bids=20 asks=20
2026-05-08 22:16:18,782 | INFO | SPREAD | pair=CHIP/USDC | cex=0.0744/0.07445 | dex_sell=0.0744704 dex_buy=0.0744897 | spread_a=2.7bps spread_b=-12.0bps | min=30.0bps
2026-05-08 22:16:19,784 | INFO | fetch_order_book: symbol=CHIP/USDC limit=20
2026-05-08 22:16:20,046 | INFO | fetch_order_book: mid=0.074425 spread=6.72bps bids=20 asks=20
2026-05-08 22:16:21,040 | INFO | SPREAD | pair=CHIP/USDC | cex=0.0744/0.07445 | dex_sell=0.0744704 dex_buy=0.0744897 | spread_a=2.7bps spread_b=-12.0bps | min=30.0bps
2026-05-08 22:16:22,042 | INFO | fetch_order_book: symbol=CHIP/USDC limit=20
2026-05-08 22:16:22,302 | INFO | fetch_order_book: mid=0.07423 spread=8.08bps bids=20 asks=20
2026-05-08 22:16:23,216 | INFO | SPREAD | pair=CHIP/USDC | cex=0.0742/0.07426 | dex_sell=0.0743138 dex_buy=0.0743119 | spread_a=7.2bps spread_b=-15.1bps | min=30.0bps
2026-05-08 22:16:24,218 | INFO | fetch_order_book: symbol=CHIP/USDC limit=20
2026-05-08 22:16:24,480 | INFO | fetch_order_book: mid=0.074145 spread=6.74bps bids=20 asks=20
2026-05-08 22:16:25,403 | INFO | SPREAD | pair=CHIP/USDC | cex=0.07412/0.07417 | dex_sell=0.0741353 dex_buy=0.0741545 | spread_a=-4.7bps spread_b=-4.7bps | min=30.0bps
2026-05-08 22:16:26,405 | INFO | fetch_order_book: symbol=CHIP/USDC limit=20
2026-05-08 22:16:26,667 | INFO | fetch_order_book: mid=0.07391 spread=8.12bps bids=20 asks=20
2026-05-08 22:16:27,548 | INFO | SPREAD | pair=CHIP/USDC | cex=0.07388/0.07394 | dex_sell=0.0740556 dex_buy=0.0739862 | spread_a=15.6bps spread_b=-14.4bps | min=30.0bps
2026-05-08 22:16:28,550 | INFO | fetch_order_book: symbol=CHIP/USDC limit=20
2026-05-08 22:16:28,809 | INFO | fetch_order_book: mid=0.07398 spread=5.41bps bids=20 asks=20
2026-05-08 22:16:29,746 | INFO | SPREAD | pair=CHIP/USDC | cex=0.07396/0.074 | dex_sell=0.0739529 dex_buy=0.0739721 | spread_a=-6.4bps spread_b=-1.6bps | min=30.0bps
2026-05-08 22:16:30,748 | INFO | fetch_order_book: symbol=CHIP/USDC limit=20
2026-05-08 22:16:31,111 | INFO | fetch_order_book: mid=0.073935 spread=6.76bps bids=20 asks=20
2026-05-08 22:16:32,053 | INFO | SPREAD | pair=CHIP/USDC | cex=0.07391/0.07396 | dex_sell=0.0739529 dex_buy=0.0739721 | spread_a=-1.0bps spread_b=-8.4bps | min=30.0bps
2026-05-08 22:16:33,055 | INFO | fetch_order_book: symbol=CHIP/USDC limit=20
2026-05-08 22:16:33,311 | INFO | fetch_order_book: mid=0.074065 spread=6.75bps bids=20 asks=20
2026-05-08 22:16:34,224 | INFO | SPREAD | pair=CHIP/USDC | cex=0.07404/0.07409 | dex_sell=0.0739837 dex_buy=0.0740795 | spread_a=-14.3bps spread_b=-5.3bps | min=30.0bps
2026-05-08 22:16:35,227 | INFO | fetch_order_book: symbol=CHIP/USDC limit=20
2026-05-08 22:16:35,484 | INFO | fetch_order_book: mid=0.07396 spread=5.41bps bids=20 asks=20
2026-05-08 22:16:36,477 | INFO | SPREAD | pair=CHIP/USDC | cex=0.07394/0.07398 | dex_sell=0.0740292 dex_buy=0.0740085 | spread_a=6.6bps spread_b=-9.3bps | min=30.0bps
2026-05-08 22:16:37,479 | INFO | fetch_order_book: symbol=CHIP/USDC limit=20
2026-05-08 22:16:37,758 | INFO | fetch_order_book: mid=0.074055 spread=6.75bps bids=20 asks=20
2026-05-08 22:16:38,726 | INFO | SPREAD | pair=CHIP/USDC | cex=0.07403/0.07408 | dex_sell=0.0740138 dex_buy=0.074063 | spread_a=-8.9bps spread_b=-4.4bps | min=30.0bps
2026-05-08 22:16:39,728 | INFO | fetch_order_book: symbol=CHIP/USDC limit=20
2026-05-08 22:16:39,985 | INFO | fetch_order_book: mid=0.07401 spread=2.70bps bids=20 asks=20
2026-05-08 22:16:40,890 | INFO | SPREAD | pair=CHIP/USDC | cex=0.074/0.07402 | dex_sell=0.0740437 dex_buy=0.074063 | spread_a=3.2bps spread_b=-8.5bps | min=30.0bps
2026-05-08 22:16:41,892 | INFO | fetch_order_book: symbol=CHIP/USDC limit=20
2026-05-08 22:16:42,152 | INFO | fetch_order_book: mid=0.07369 spread=2.71bps bids=20 asks=20
2026-05-08 22:16:43,086 | INFO | SPREAD | pair=CHIP/USDC | cex=0.07368/0.0737 | dex_sell=0.0737762 dex_buy=0.073729 | spread_a=10.3bps spread_b=-6.6bps | min=30.0bps
2026-05-08 22:16:44,088 | INFO | fetch_order_book: symbol=CHIP/USDC limit=20
2026-05-08 22:16:44,345 | INFO | fetch_order_book: mid=0.073615 spread=6.79bps bids=20 asks=20
2026-05-08 22:16:45,221 | INFO | SPREAD | pair=CHIP/USDC | cex=0.07359/0.07364 | dex_sell=0.0735739 dex_buy=0.0736064 | spread_a=-9.0bps spread_b=-2.2bps | min=30.0bps
2026-05-08 22:16:46,224 | INFO | fetch_order_book: symbol=CHIP/USDC limit=20
2026-05-08 22:16:46,487 | INFO | fetch_order_book: mid=0.073605 spread=4.08bps bids=20 asks=20
2026-05-08 22:16:47,387 | INFO | SPREAD | pair=CHIP/USDC | cex=0.07359/0.07362 | dex_sell=0.0735874 dex_buy=0.0736329 | spread_a=-4.4bps spread_b=-5.8bps | min=30.0bps
2026-05-08 22:16:48,389 | INFO | fetch_order_book: symbol=CHIP/USDC limit=20
2026-05-08 22:16:48,648 | INFO | fetch_order_book: mid=0.073325 spread=4.09bps bids=20 asks=20
2026-05-08 22:16:49,618 | INFO | SPREAD | pair=CHIP/USDC | cex=0.07331/0.07334 | dex_sell=0.0732895 dex_buy=0.0733329 | spread_a=-6.9bps spread_b=-3.1bps | min=30.0bps
2026-05-08 22:16:50,621 | INFO | fetch_order_book: symbol=CHIP/USDC limit=20
2026-05-08 22:16:50,879 | INFO | fetch_order_book: mid=0.07342 spread=5.45bps bids=20 asks=20
2026-05-08 22:16:51,823 | INFO | SPREAD | pair=CHIP/USDC | cex=0.0734/0.07344 | dex_sell=0.0734203 dex_buy=0.0734393 | spread_a=-2.7bps spread_b=-5.4bps | min=30.0bps
2026-05-08 22:16:52,825 | INFO | fetch_order_book: symbol=CHIP/USDC limit=20
2026-05-08 22:16:53,084 | INFO | fetch_order_book: mid=0.073605 spread=4.08bps bids=20 asks=20
2026-05-08 22:16:53,983 | INFO | SPREAD | pair=CHIP/USDC | cex=0.07359/0.07362 | dex_sell=0.0735048 dex_buy=0.0735886 | spread_a=-15.6bps spread_b=0.2bps | min=30.0bps
2026-05-08 22:16:54,986 | INFO | fetch_order_book: symbol=CHIP/USDC limit=20
2026-05-08 22:16:55,254 | INFO | fetch_order_book: mid=0.073655 spread=4.07bps bids=20 asks=20
2026-05-08 22:16:56,149 | INFO | SPREAD | pair=CHIP/USDC | cex=0.07364/0.07367 | dex_sell=0.0736278 dex_buy=0.0736469 | spread_a=-5.7bps spread_b=-0.9bps | min=30.0bps
2026-05-08 22:16:57,152 | INFO | fetch_order_book: symbol=CHIP/USDC limit=20
2026-05-08 22:16:57,410 | INFO | fetch_order_book: mid=0.07361 spread=5.43bps bids=20 asks=20
2026-05-08 22:16:58,343 | INFO | SPREAD | pair=CHIP/USDC | cex=0.07359/0.07363 | dex_sell=0.0736278 dex_buy=0.0736214 | spread_a=-0.3bps spread_b=-4.3bps | min=30.0bps
2026-05-08 22:16:59,345 | INFO | fetch_order_book: symbol=CHIP/USDC limit=20
2026-05-08 22:16:59,602 | INFO | fetch_order_book: mid=0.07360 spread=5.43bps bids=20 asks=20
2026-05-08 22:17:00,508 | INFO | SPREAD | pair=CHIP/USDC | cex=0.07358/0.07362 | dex_sell=0.0735815 dex_buy=0.0735806 | spread_a=-5.2bps spread_b=-0.1bps | min=30.0bps
2026-05-08 22:17:01,511 | INFO | fetch_order_book: symbol=CHIP/USDC limit=20
2026-05-08 22:17:01,853 | INFO | fetch_order_book: mid=0.07353 spread=2.72bps bids=20 asks=20
2026-05-08 22:17:02,736 | INFO | SPREAD | pair=CHIP/USDC | cex=0.07352/0.07354 | dex_sell=0.0735938 dex_buy=0.0735884 | spread_a=7.3bps spread_b=-9.3bps | min=30.0bps
2026-05-08 22:17:03,739 | INFO | fetch_order_book: symbol=CHIP/USDC limit=20
2026-05-08 22:17:04,001 | INFO | fetch_order_book: mid=0.073535 spread=4.08bps bids=20 asks=20
2026-05-08 22:17:04,912 | INFO | SPREAD | pair=CHIP/USDC | cex=0.07352/0.07355 | dex_sell=0.0735416 dex_buy=0.0735607 | spread_a=-1.1bps spread_b=-5.5bps | min=30.0bps
2026-05-08 22:17:05,915 | INFO | fetch_order_book: symbol=CHIP/USDC limit=20
2026-05-08 22:17:06,174 | INFO | fetch_order_book: mid=0.073635 spread=1.36bps bids=20 asks=20
2026-05-08 22:17:07,082 | INFO | SPREAD | pair=CHIP/USDC | cex=0.07363/0.07364 | dex_sell=0.0735096 dex_buy=0.0735519 | spread_a=-17.7bps spread_b=10.6bps | min=30.0bps
2026-05-08 22:17:08,084 | INFO | fetch_order_book: symbol=CHIP/USDC limit=20
2026-05-08 22:17:08,340 | INFO | fetch_order_book: mid=0.073665 spread=6.79bps bids=20 asks=20
2026-05-08 22:17:09,227 | INFO | SPREAD | pair=CHIP/USDC | cex=0.07364/0.07369 | dex_sell=0.0736905 dex_buy=0.0736878 | spread_a=0.1bps spread_b=-6.5bps | min=30.0bps
2026-05-08 22:17:10,229 | INFO | fetch_order_book: symbol=CHIP/USDC limit=20
2026-05-08 22:17:10,547 | INFO | fetch_order_book: mid=0.073745 spread=4.07bps bids=20 asks=20
2026-05-08 22:17:11,495 | INFO | SPREAD | pair=CHIP/USDC | cex=0.07373/0.07376 | dex_sell=0.0736939 dex_buy=0.0737529 | spread_a=-9.0bps spread_b=-3.1bps | min=30.0bps
2026-05-08 22:17:12,498 | INFO | fetch_order_book: symbol=CHIP/USDC limit=20
2026-05-08 22:17:12,811 | INFO | fetch_order_book: mid=0.073775 spread=9.49bps bids=20 asks=20
2026-05-08 22:17:13,738 | INFO | SPREAD | pair=CHIP/USDC | cex=0.07374/0.07381 | dex_sell=0.0737492 dex_buy=0.0737683 | spread_a=-8.2bps spread_b=-3.8bps | min=30.0bps
2026-05-08 22:17:14,740 | INFO | fetch_order_book: symbol=CHIP/USDC limit=20
2026-05-08 22:17:14,997 | INFO | fetch_order_book: mid=0.073755 spread=6.78bps bids=20 asks=20
2026-05-08 22:17:15,896 | INFO | SPREAD | pair=CHIP/USDC | cex=0.07373/0.07378 | dex_sell=0.0737493 dex_buy=0.0737684 | spread_a=-4.2bps spread_b=-5.2bps | min=30.0bps
2026-05-08 22:17:16,899 | INFO | fetch_order_book: symbol=CHIP/USDC limit=20
2026-05-08 22:17:17,246 | INFO | fetch_order_book: mid=0.07393 spread=8.12bps bids=20 asks=20
2026-05-08 22:17:18,336 | INFO | SPREAD | pair=CHIP/USDC | cex=0.0739/0.07396 | dex_sell=0.0739071 dex_buy=0.0738985 | spread_a=-7.2bps spread_b=0.2bps | min=30.0bps
2026-05-08 22:17:19,338 | INFO | fetch_order_book: symbol=CHIP/USDC limit=20
2026-05-08 22:17:19,648 | INFO | fetch_order_book: mid=0.07387 spread=8.12bps bids=20 asks=20
2026-05-08 22:17:20,868 | INFO | SPREAD | pair=CHIP/USDC | cex=0.07384/0.0739 | dex_sell=0.0738492 dex_buy=0.0738386 | spread_a=-6.9bps spread_b=0.2bps | min=30.0bps
2026-05-08 22:17:21,871 | INFO | fetch_order_book: symbol=CHIP/USDC limit=20
2026-05-08 22:17:22,176 | INFO | fetch_order_book: mid=0.07391 spread=8.12bps bids=20 asks=20
2026-05-08 22:17:23,215 | INFO | SPREAD | pair=CHIP/USDC | cex=0.07388/0.07394 | dex_sell=0.0738837 dex_buy=0.0739028 | spread_a=-7.6bps spread_b=-3.1bps | min=30.0bps
2026-05-08 22:17:24,218 | INFO | fetch_order_book: symbol=CHIP/USDC limit=20
2026-05-08 22:17:24,499 | INFO | fetch_order_book: mid=0.07393 spread=5.41bps bids=20 asks=20
2026-05-08 22:17:25,442 | INFO | SPREAD | pair=CHIP/USDC | cex=0.07391/0.07395 | dex_sell=0.0738837 dex_buy=0.0739503 | spread_a=-9.0bps spread_b=-5.4bps | min=30.0bps
2026-05-08 22:17:26,445 | INFO | fetch_order_book: symbol=CHIP/USDC limit=20
2026-05-08 22:17:26,798 | INFO | fetch_order_book: mid=0.07390 spread=5.41bps bids=20 asks=20
2026-05-08 22:17:27,736 | INFO | SPREAD | pair=CHIP/USDC | cex=0.07388/0.07392 | dex_sell=0.0739311 dex_buy=0.0739284 | spread_a=1.5bps spread_b=-6.5bps | min=30.0bps
2026-05-08 22:17:28,739 | INFO | fetch_order_book: symbol=CHIP/USDC limit=20
2026-05-08 22:17:28,999 | INFO | fetch_order_book: mid=0.073915 spread=4.06bps bids=20 asks=20
2026-05-08 22:17:29,964 | INFO | SPREAD | pair=CHIP/USDC | cex=0.0739/0.07393 | dex_sell=0.0739092 dex_buy=0.0739284 | spread_a=-2.8bps spread_b=-3.8bps | min=30.0bps
2026-05-08 22:17:30,965 | INFO | fetch_order_book: symbol=CHIP/USDC limit=20
2026-05-08 22:17:31,223 | INFO | fetch_order_book: mid=0.073905 spread=6.77bps bids=20 asks=20
2026-05-08 22:17:32,104 | INFO | SPREAD | pair=CHIP/USDC | cex=0.07388/0.07393 | dex_sell=0.0739092 dex_buy=0.0739284 | spread_a=-2.8bps spread_b=-6.5bps | min=30.0bps
2026-05-08 22:17:33,106 | INFO | fetch_order_book: symbol=CHIP/USDC limit=20
2026-05-08 22:17:33,366 | INFO | fetch_order_book: mid=0.073905 spread=6.77bps bids=20 asks=20
2026-05-08 22:17:34,247 | INFO | SPREAD | pair=CHIP/USDC | cex=0.07388/0.07393 | dex_sell=0.0739092 dex_buy=0.0739284 | spread_a=-2.8bps spread_b=-6.5bps | min=30.0bps
2026-05-08 22:17:35,249 | INFO | fetch_order_book: symbol=CHIP/USDC limit=20
2026-05-08 22:17:35,505 | INFO | fetch_order_book: mid=0.073845 spread=9.48bps bids=20 asks=20
2026-05-08 22:17:36,492 | INFO | SPREAD | pair=CHIP/USDC | cex=0.07381/0.07388 | dex_sell=0.0739092 dex_buy=0.0739284 | spread_a=4.0bps spread_b=-16.0bps | min=30.0bps
2026-05-08 22:17:37,494 | INFO | fetch_order_book: symbol=CHIP/USDC limit=20
2026-05-08 22:17:37,750 | INFO | fetch_order_book: mid=0.073905 spread=6.77bps bids=20 asks=20
2026-05-08 22:17:38,682 | INFO | SPREAD | pair=CHIP/USDC | cex=0.07388/0.07393 | dex_sell=0.0738694 dex_buy=0.0739128 | spread_a=-8.2bps spread_b=-4.4bps | min=30.0bps
2026-05-08 22:17:39,684 | INFO | fetch_order_book: symbol=CHIP/USDC limit=20
2026-05-08 22:17:39,979 | INFO | fetch_order_book: mid=0.07389 spread=5.41bps bids=20 asks=20
2026-05-08 22:17:40,895 | INFO | SPREAD | pair=CHIP/USDC | cex=0.07387/0.07391 | dex_sell=0.0738937 dex_buy=0.0739128 | spread_a=-2.2bps spread_b=-5.8bps | min=30.0bps
2026-05-08 22:17:41,897 | INFO | fetch_order_book: symbol=CHIP/USDC limit=20
2026-05-08 22:17:42,156 | INFO | fetch_order_book: mid=0.07389 spread=5.41bps bids=20 asks=20
2026-05-08 22:17:43,056 | INFO | SPREAD | pair=CHIP/USDC | cex=0.07387/0.07391 | dex_sell=0.0738937 dex_buy=0.0739128 | spread_a=-2.2bps spread_b=-5.8bps | min=30.0bps
2026-05-08 22:17:44,059 | INFO | fetch_order_book: symbol=CHIP/USDC limit=20
2026-05-08 22:17:44,388 | INFO | fetch_order_book: mid=0.07383 spread=2.71bps bids=20 asks=20
2026-05-08 22:17:45,283 | INFO | SPREAD | pair=CHIP/USDC | cex=0.07382/0.07384 | dex_sell=0.0738937 dex_buy=0.0738884 | spread_a=7.3bps spread_b=-9.3bps | min=30.0bps
2026-05-08 22:17:46,285 | INFO | fetch_order_book: symbol=CHIP/USDC limit=20
2026-05-08 22:17:46,571 | INFO | fetch_order_book: mid=0.07386 spread=5.42bps bids=20 asks=20
2026-05-08 22:17:47,534 | INFO | SPREAD | pair=CHIP/USDC | cex=0.07384/0.07388 | dex_sell=0.0738392 dex_buy=0.0738583 | spread_a=-5.5bps spread_b=-2.5bps | min=30.0bps
2026-05-08 22:17:48,536 | INFO | fetch_order_book: symbol=CHIP/USDC limit=20
2026-05-08 22:17:48,800 | INFO | fetch_order_book: mid=0.073865 spread=6.77bps bids=20 asks=20
2026-05-08 22:17:49,728 | INFO | SPREAD | pair=CHIP/USDC | cex=0.07384/0.07389 | dex_sell=0.0738837 dex_buy=0.0739028 | spread_a=-0.9bps spread_b=-8.5bps | min=30.0bps
2026-05-08 22:17:50,731 | INFO | fetch_order_book: symbol=CHIP/USDC limit=20
2026-05-08 22:17:51,021 | INFO | fetch_order_book: mid=0.07393 spread=5.41bps bids=20 asks=20
2026-05-08 22:17:51,950 | INFO | SPREAD | pair=CHIP/USDC | cex=0.07391/0.07395 | dex_sell=0.0738837 dex_buy=0.073933 | spread_a=-9.0bps spread_b=-3.1bps | min=30.0bps
2026-05-08 22:17:52,952 | INFO | fetch_order_book: symbol=CHIP/USDC limit=20
2026-05-08 22:17:53,207 | INFO | fetch_order_book: mid=0.07394 spread=5.41bps bids=20 asks=20
2026-05-08 22:17:54,105 | INFO | SPREAD | pair=CHIP/USDC | cex=0.07392/0.07396 | dex_sell=0.0739399 dex_buy=0.0739591 | spread_a=-2.7bps spread_b=-5.3bps | min=30.0bps
2026-05-08 22:17:55,107 | INFO | fetch_order_book: symbol=CHIP/USDC limit=20
2026-05-08 22:17:55,365 | INFO | fetch_order_book: mid=0.07396 spread=5.41bps bids=20 asks=20
2026-05-08 22:17:56,304 | INFO | SPREAD | pair=CHIP/USDC | cex=0.07394/0.07398 | dex_sell=0.0739399 dex_buy=0.0739591 | spread_a=-5.4bps spread_b=-2.6bps | min=30.0bps
2026-05-08 22:17:57,306 | INFO | fetch_order_book: symbol=CHIP/USDC limit=20
2026-05-08 22:17:57,695 | INFO | fetch_order_book: mid=0.07396 spread=5.41bps bids=20 asks=20
2026-05-08 22:17:58,591 | INFO | SPREAD | pair=CHIP/USDC | cex=0.07394/0.07398 | dex_sell=0.0739399 dex_buy=0.0739591 | spread_a=-5.4bps spread_b=-2.6bps | min=30.0bps
2026-05-08 22:17:59,593 | INFO | fetch_order_book: symbol=CHIP/USDC limit=20
2026-05-08 22:17:59,847 | INFO | fetch_order_book: mid=0.073905 spread=4.06bps bids=20 asks=20
2026-05-08 22:18:00,799 | INFO | SPREAD | pair=CHIP/USDC | cex=0.07389/0.07392 | dex_sell=0.0738995 dex_buy=0.0739187 | spread_a=-2.8bps spread_b=-3.9bps | min=30.0bps
2026-05-08 22:18:01,801 | INFO | fetch_order_book: symbol=CHIP/USDC limit=20
2026-05-08 22:18:02,076 | INFO | fetch_order_book: mid=0.07387 spread=8.12bps bids=20 asks=20
2026-05-08 22:18:03,001 | INFO | SPREAD | pair=CHIP/USDC | cex=0.07384/0.0739 | dex_sell=0.0738991 dex_buy=0.0738884 | spread_a=-0.1bps spread_b=-6.6bps | min=30.0bps
2026-05-08 22:18:04,003 | INFO | fetch_order_book: symbol=CHIP/USDC limit=20
2026-05-08 22:18:04,412 | INFO | fetch_order_book: mid=0.07393 spread=5.41bps bids=20 asks=20
2026-05-08 22:18:05,349 | INFO | SPREAD | pair=CHIP/USDC | cex=0.07391/0.07395 | dex_sell=0.0738938 dex_buy=0.0739129 | spread_a=-7.6bps spread_b=-0.4bps | min=30.0bps
2026-05-08 22:18:06,351 | INFO | fetch_order_book: symbol=CHIP/USDC limit=20
2026-05-08 22:18:06,907 | INFO | fetch_order_book: mid=0.073925 spread=6.76bps bids=20 asks=20
2026-05-08 22:18:07,901 | INFO | SPREAD | pair=CHIP/USDC | cex=0.0739/0.07395 | dex_sell=0.0739237 dex_buy=0.0739429 | spread_a=-3.6bps spread_b=-5.8bps | min=30.0bps
2026-05-08 22:18:08,903 | INFO | fetch_order_book: symbol=CHIP/USDC limit=20
2026-05-08 22:18:09,163 | INFO | fetch_order_book: mid=0.073885 spread=4.06bps bids=20 asks=20
2026-05-08 22:18:10,068 | INFO | SPREAD | pair=CHIP/USDC | cex=0.07387/0.0739 | dex_sell=0.0738992 dex_buy=0.0739184 | spread_a=-0.1bps spread_b=-6.5bps | min=30.0bps
2026-05-08 22:18:11,071 | INFO | fetch_order_book: symbol=CHIP/USDC limit=20
2026-05-08 22:18:11,336 | INFO | fetch_order_book: mid=0.073855 spread=6.77bps bids=20 asks=20
2026-05-08 22:18:12,230 | INFO | SPREAD | pair=CHIP/USDC | cex=0.07383/0.07388 | dex_sell=0.0738695 dex_buy=0.0738585 | spread_a=-1.4bps spread_b=-3.9bps | min=30.0bps
2026-05-08 22:18:13,233 | INFO | fetch_order_book: symbol=CHIP/USDC limit=20
2026-05-08 22:18:13,489 | INFO | fetch_order_book: mid=0.07386 spread=8.12bps bids=20 asks=20
2026-05-08 22:18:14,398 | INFO | SPREAD | pair=CHIP/USDC | cex=0.07383/0.07389 | dex_sell=0.0738394 dex_buy=0.0738585 | spread_a=-6.9bps spread_b=-3.9bps | min=30.0bps
2026-05-08 22:18:15,400 | INFO | fetch_order_book: symbol=CHIP/USDC limit=20
2026-05-08 22:18:15,670 | INFO | fetch_order_book: mid=0.073855 spread=6.77bps bids=20 asks=20
2026-05-08 22:18:16,646 | INFO | SPREAD | pair=CHIP/USDC | cex=0.07383/0.07388 | dex_sell=0.0738394 dex_buy=0.0738585 | spread_a=-5.5bps spread_b=-3.9bps | min=30.0bps
2026-05-08 22:18:17,649 | INFO | fetch_order_book: symbol=CHIP/USDC limit=20
2026-05-08 22:18:17,904 | INFO | fetch_order_book: mid=0.07389 spread=8.12bps bids=20 asks=20
2026-05-08 22:18:18,844 | INFO | SPREAD | pair=CHIP/USDC | cex=0.07386/0.07392 | dex_sell=0.0738692 dex_buy=0.0738883 | spread_a=-6.9bps spread_b=-3.8bps | min=30.0bps
2026-05-08 22:18:19,846 | INFO | fetch_order_book: symbol=CHIP/USDC limit=20
2026-05-08 22:18:20,104 | INFO | fetch_order_book: mid=0.07391 spread=5.41bps bids=20 asks=20
2026-05-08 22:18:21,262 | INFO | SPREAD | pair=CHIP/USDC | cex=0.07389/0.07393 | dex_sell=0.0738937 dex_buy=0.0739128 | spread_a=-4.9bps spread_b=-3.1bps | min=30.0bps
2026-05-08 22:18:22,265 | INFO | fetch_order_book: symbol=CHIP/USDC limit=20
2026-05-08 22:18:22,524 | INFO | fetch_order_book: mid=0.074015 spread=6.76bps bids=20 asks=20
2026-05-08 22:18:23,467 | INFO | SPREAD | pair=CHIP/USDC | cex=0.07399/0.07404 | dex_sell=0.0739838 dex_buy=0.074003 | spread_a=-7.6bps spread_b=-1.8bps | min=30.0bps
2026-05-08 22:18:24,469 | INFO | fetch_order_book: symbol=CHIP/USDC limit=20
2026-05-08 22:18:24,829 | INFO | fetch_order_book: mid=0.074035 spread=4.05bps bids=20 asks=20
2026-05-08 22:18:25,728 | INFO | SPREAD | pair=CHIP/USDC | cex=0.07402/0.07405 | dex_sell=0.0740137 dex_buy=0.0740329 | spread_a=-4.9bps spread_b=-1.7bps | min=30.0bps
2026-05-08 22:18:26,729 | INFO | fetch_order_book: symbol=CHIP/USDC limit=20
2026-05-08 22:18:26,995 | INFO | fetch_order_book: mid=0.074035 spread=4.05bps bids=20 asks=20
2026-05-08 22:18:28,037 | INFO | SPREAD | pair=CHIP/USDC | cex=0.07402/0.07405 | dex_sell=0.0740137 dex_buy=0.0740329 | spread_a=-4.9bps spread_b=-1.7bps | min=30.0bps
2026-05-08 22:18:29,040 | INFO | fetch_order_book: symbol=CHIP/USDC limit=20
2026-05-08 22:18:29,373 | INFO | fetch_order_book: mid=0.074005 spread=6.76bps bids=20 asks=20
2026-05-08 22:18:30,307 | INFO | SPREAD | pair=CHIP/USDC | cex=0.07398/0.07403 | dex_sell=0.0740137 dex_buy=0.0740329 | spread_a=-2.2bps spread_b=-7.2bps | min=30.0bps
2026-05-08 22:18:31,310 | INFO | fetch_order_book: symbol=CHIP/USDC limit=20
2026-05-08 22:18:31,565 | INFO | fetch_order_book: mid=0.073895 spread=4.06bps bids=20 asks=20
2026-05-08 22:18:32,479 | INFO | SPREAD | pair=CHIP/USDC | cex=0.07388/0.07391 | dex_sell=0.0739392 dex_buy=0.0739083 | spread_a=4.0bps spread_b=-3.8bps | min=30.0bps
2026-05-08 22:18:33,481 | INFO | fetch_order_book: symbol=CHIP/USDC limit=20
2026-05-08 22:18:33,739 | INFO | fetch_order_book: mid=0.073855 spread=4.06bps bids=20 asks=20
2026-05-08 22:18:34,811 | INFO | SPREAD | pair=CHIP/USDC | cex=0.07384/0.07387 | dex_sell=0.0738657 dex_buy=0.0738849 | spread_a=-0.6bps spread_b=-6.1bps | min=30.0bps
2026-05-08 22:18:35,813 | INFO | fetch_order_book: symbol=CHIP/USDC limit=20
2026-05-08 22:18:36,068 | INFO | fetch_order_book: mid=0.07381 spread=2.71bps bids=20 asks=20
2026-05-08 22:18:37,003 | INFO | SPREAD | pair=CHIP/USDC | cex=0.0738/0.07382 | dex_sell=0.0738294 dex_buy=0.0738185 | spread_a=1.3bps spread_b=-2.5bps | min=30.0bps
2026-05-08 22:18:38,006 | INFO | fetch_order_book: symbol=CHIP/USDC limit=20
2026-05-08 22:18:38,260 | INFO | fetch_order_book: mid=0.073835 spread=6.77bps bids=20 asks=20
2026-05-08 22:18:39,173 | INFO | SPREAD | pair=CHIP/USDC | cex=0.07381/0.07386 | dex_sell=0.0738238 dex_buy=0.073843 | spread_a=-4.9bps spread_b=-4.5bps | min=30.0bps
2026-05-08 22:18:40,175 | INFO | fetch_order_book: symbol=CHIP/USDC limit=20
2026-05-08 22:18:40,454 | INFO | fetch_order_book: mid=0.073835 spread=6.77bps bids=20 asks=20
2026-05-08 22:18:41,401 | INFO | SPREAD | pair=CHIP/USDC | cex=0.07381/0.07386 | dex_sell=0.0738238 dex_buy=0.073843 | spread_a=-4.9bps spread_b=-4.5bps | min=30.0bps
2026-05-08 22:18:42,404 | INFO | fetch_order_book: symbol=CHIP/USDC limit=20
2026-05-08 22:18:42,661 | INFO | fetch_order_book: mid=0.07391 spread=5.41bps bids=20 asks=20
2026-05-08 22:18:43,552 | INFO | SPREAD | pair=CHIP/USDC | cex=0.07389/0.07393 | dex_sell=0.0738839 dex_buy=0.073903 | spread_a=-6.2bps spread_b=-1.8bps | min=30.0bps
2026-05-08 22:18:44,555 | INFO | fetch_order_book: symbol=CHIP/USDC limit=20
2026-05-08 22:18:44,817 | INFO | fetch_order_book: mid=0.07398 spread=5.41bps bids=20 asks=20
2026-05-08 22:18:45,740 | INFO | SPREAD | pair=CHIP/USDC | cex=0.07396/0.074 | dex_sell=0.0739532 dex_buy=0.0739724 | spread_a=-6.3bps spread_b=-1.7bps | min=30.0bps
2026-05-08 22:18:46,742 | INFO | fetch_order_book: symbol=CHIP/USDC limit=20
2026-05-08 22:18:46,997 | INFO | fetch_order_book: mid=0.07401 spread=5.40bps bids=20 asks=20
2026-05-08 22:18:47,905 | INFO | SPREAD | pair=CHIP/USDC | cex=0.07399/0.07403 | dex_sell=0.0739831 dex_buy=0.0740023 | spread_a=-6.3bps spread_b=-1.7bps | min=30.0bps
2026-05-08 22:18:48,907 | INFO | fetch_order_book: symbol=CHIP/USDC limit=20
2026-05-08 22:18:49,166 | INFO | fetch_order_book: mid=0.07403 spread=5.40bps bids=20 asks=20
2026-05-08 22:18:50,084 | INFO | SPREAD | pair=CHIP/USDC | cex=0.07401/0.07405 | dex_sell=0.074013 dex_buy=0.0740322 | spread_a=-5.0bps spread_b=-3.0bps | min=30.0bps
2026-05-08 22:18:51,087 | INFO | fetch_order_book: symbol=CHIP/USDC limit=20
2026-05-08 22:18:51,346 | INFO | fetch_order_book: mid=0.07402 spread=5.40bps bids=20 asks=20
2026-05-08 22:18:52,281 | INFO | SPREAD | pair=CHIP/USDC | cex=0.074/0.07404 | dex_sell=0.074013 dex_buy=0.0740077 | spread_a=-3.6bps spread_b=-1.0bps | min=30.0bps
2026-05-08 22:18:53,284 | INFO | fetch_order_book: symbol=CHIP/USDC limit=20
2026-05-08 22:18:53,541 | INFO | fetch_order_book: mid=0.07405 spread=2.70bps bids=20 asks=20
2026-05-08 22:18:54,464 | INFO | SPREAD | pair=CHIP/USDC | cex=0.07404/0.07406 | dex_sell=0.074033 dex_buy=0.0740522 | spread_a=-3.7bps spread_b=-1.6bps | min=30.0bps
2026-05-08 22:18:55,467 | INFO | fetch_order_book: symbol=CHIP/USDC limit=20
2026-05-08 22:18:55,726 | INFO | fetch_order_book: mid=0.07404 spread=5.40bps bids=20 asks=20
2026-05-08 22:18:56,671 | INFO | SPREAD | pair=CHIP/USDC | cex=0.07402/0.07406 | dex_sell=0.074033 dex_buy=0.0740522 | spread_a=-3.7bps spread_b=-4.3bps | min=30.0bps
2026-05-08 22:18:57,674 | INFO | fetch_order_book: symbol=CHIP/USDC limit=20
2026-05-08 22:18:57,967 | INFO | fetch_order_book: mid=0.07405 spread=2.70bps bids=20 asks=20
2026-05-08 22:18:58,908 | INFO | SPREAD | pair=CHIP/USDC | cex=0.07404/0.07406 | dex_sell=0.074033 dex_buy=0.0740522 | spread_a=-3.7bps spread_b=-1.6bps | min=30.0bps
2026-05-08 22:18:59,910 | INFO | fetch_order_book: symbol=CHIP/USDC limit=20
2026-05-08 22:19:00,169 | INFO | fetch_order_book: mid=0.074035 spread=4.05bps bids=20 asks=20
2026-05-08 22:19:01,090 | INFO | SPREAD | pair=CHIP/USDC | cex=0.07402/0.07405 | dex_sell=0.074033 dex_buy=0.0740522 | spread_a=-2.3bps spread_b=-4.3bps | min=30.0bps
2026-05-08 22:19:02,093 | INFO | fetch_order_book: symbol=CHIP/USDC limit=20
2026-05-08 22:19:02,353 | INFO | fetch_order_book: mid=0.073915 spread=6.76bps bids=20 asks=20
2026-05-08 22:19:03,273 | INFO | SPREAD | pair=CHIP/USDC | cex=0.07389/0.07394 | dex_sell=0.073927 dex_buy=0.0739462 | spread_a=-1.8bps spread_b=-7.6bps | min=30.0bps
2026-05-08 22:19:04,276 | INFO | fetch_order_book: symbol=CHIP/USDC limit=20
2026-05-08 22:19:04,530 | INFO | fetch_order_book: mid=0.073875 spread=6.77bps bids=20 asks=20
2026-05-08 22:19:05,480 | INFO | SPREAD | pair=CHIP/USDC | cex=0.07385/0.0739 | dex_sell=0.0738984 dex_buy=0.0738877 | spread_a=-0.2bps spread_b=-5.1bps | min=30.0bps
2026-05-08 22:19:06,482 | INFO | fetch_order_book: symbol=CHIP/USDC limit=20
2026-05-08 22:19:06,741 | INFO | fetch_order_book: mid=0.07389 spread=5.41bps bids=20 asks=20
2026-05-08 22:19:07,672 | INFO | SPREAD | pair=CHIP/USDC | cex=0.07387/0.07391 | dex_sell=0.0738686 dex_buy=0.0738877 | spread_a=-5.6bps spread_b=-2.4bps | min=30.0bps
2026-05-08 22:19:08,675 | INFO | fetch_order_book: symbol=CHIP/USDC limit=20
2026-05-08 22:19:08,932 | INFO | fetch_order_book: mid=0.07386 spread=5.42bps bids=20 asks=20
2026-05-08 22:19:09,908 | INFO | SPREAD | pair=CHIP/USDC | cex=0.07384/0.07388 | dex_sell=0.0738684 dex_buy=0.0738876 | spread_a=-1.6bps spread_b=-6.4bps | min=30.0bps
2026-05-08 22:19:10,911 | INFO | fetch_order_book: symbol=CHIP/USDC limit=20
2026-05-08 22:19:11,168 | INFO | fetch_order_book: mid=0.073855 spread=4.06bps bids=20 asks=20
2026-05-08 22:19:12,061 | INFO | SPREAD | pair=CHIP/USDC | cex=0.07384/0.07387 | dex_sell=0.0738684 dex_buy=0.0738876 | spread_a=-0.2bps spread_b=-6.4bps | min=30.0bps
2026-05-08 22:19:13,064 | INFO | fetch_order_book: symbol=CHIP/USDC limit=20
2026-05-08 22:19:13,437 | INFO | fetch_order_book: mid=0.07381 spread=2.71bps bids=20 asks=20
2026-05-08 22:19:14,360 | INFO | SPREAD | pair=CHIP/USDC | cex=0.0738/0.07382 | dex_sell=0.0738086 dex_buy=0.0738277 | spread_a=-1.5bps spread_b=-3.8bps | min=30.0bps
2026-05-08 22:19:15,363 | INFO | fetch_order_book: symbol=CHIP/USDC limit=20
2026-05-08 22:19:15,619 | INFO | fetch_order_book: mid=0.073845 spread=6.77bps bids=20 asks=20
2026-05-08 22:19:16,520 | INFO | SPREAD | pair=CHIP/USDC | cex=0.07382/0.07387 | dex_sell=0.0738331 dex_buy=0.0738522 | spread_a=-5.0bps spread_b=-4.4bps | min=30.0bps
2026-05-08 22:19:17,523 | INFO | fetch_order_book: symbol=CHIP/USDC limit=20
2026-05-08 22:19:17,795 | INFO | fetch_order_book: mid=0.073845 spread=6.77bps bids=20 asks=20
2026-05-08 22:19:18,719 | INFO | SPREAD | pair=CHIP/USDC | cex=0.07382/0.07387 | dex_sell=0.0738331 dex_buy=0.0738522 | spread_a=-5.0bps spread_b=-4.4bps | min=30.0bps
2026-05-08 22:19:19,721 | INFO | fetch_order_book: symbol=CHIP/USDC limit=20
2026-05-08 22:19:20,094 | INFO | fetch_order_book: mid=0.073895 spread=4.06bps bids=20 asks=20
2026-05-08 22:19:21,156 | INFO | SPREAD | pair=CHIP/USDC | cex=0.07388/0.07391 | dex_sell=0.0738629 dex_buy=0.0738821 | spread_a=-6.4bps spread_b=-0.3bps | min=30.0bps
2026-05-08 22:19:22,158 | INFO | fetch_order_book: symbol=CHIP/USDC limit=20
2026-05-08 22:19:22,416 | INFO | fetch_order_book: mid=0.07389 spread=5.41bps bids=20 asks=20
2026-05-08 22:19:23,392 | INFO | SPREAD | pair=CHIP/USDC | cex=0.07387/0.07391 | dex_sell=0.0738629 dex_buy=0.0738821 | spread_a=-6.4bps spread_b=-1.6bps | min=30.0bps
2026-05-08 22:19:24,394 | INFO | fetch_order_book: symbol=CHIP/USDC limit=20
2026-05-08 22:19:24,735 | INFO | fetch_order_book: mid=0.07379 spread=2.71bps bids=20 asks=20
2026-05-08 22:19:25,709 | INFO | SPREAD | pair=CHIP/USDC | cex=0.07378/0.0738 | dex_sell=0.0738385 dex_buy=0.0738276 | spread_a=5.2bps spread_b=-6.5bps | min=30.0bps
2026-05-08 22:19:26,711 | INFO | fetch_order_book: symbol=CHIP/USDC limit=20
2026-05-08 22:19:26,971 | INFO | fetch_order_book: mid=0.07381 spread=5.42bps bids=20 asks=20
2026-05-08 22:19:27,873 | INFO | SPREAD | pair=CHIP/USDC | cex=0.07379/0.07383 | dex_sell=0.0738085 dex_buy=0.0738276 | spread_a=-2.9bps spread_b=-5.1bps | min=30.0bps
2026-05-08 22:19:28,876 | INFO | fetch_order_book: symbol=CHIP/USDC limit=20
2026-05-08 22:19:29,140 | INFO | fetch_order_book: mid=0.073815 spread=6.77bps bids=20 asks=20
2026-05-08 22:19:30,097 | INFO | SPREAD | pair=CHIP/USDC | cex=0.07379/0.07384 | dex_sell=0.0738085 dex_buy=0.0738276 | spread_a=-4.3bps spread_b=-5.1bps | min=30.0bps
2026-05-08 22:19:31,099 | INFO | fetch_order_book: symbol=CHIP/USDC limit=20
2026-05-08 22:19:31,358 | INFO | fetch_order_book: mid=0.073795 spread=6.78bps bids=20 asks=20
2026-05-08 22:19:32,268 | INFO | SPREAD | pair=CHIP/USDC | cex=0.07377/0.07382 | dex_sell=0.0737787 dex_buy=0.0737979 | spread_a=-5.6bps spread_b=-3.8bps | min=30.0bps
2026-05-08 22:19:33,272 | INFO | fetch_order_book: symbol=CHIP/USDC limit=20
2026-05-08 22:19:33,529 | INFO | fetch_order_book: mid=0.073805 spread=6.77bps bids=20 asks=20
2026-05-08 22:19:34,465 | INFO | SPREAD | pair=CHIP/USDC | cex=0.07378/0.07383 | dex_sell=0.0737787 dex_buy=0.0737979 | spread_a=-6.9bps spread_b=-2.4bps | min=30.0bps
2026-05-08 22:19:35,467 | INFO | fetch_order_book: symbol=CHIP/USDC limit=20
2026-05-08 22:19:35,723 | INFO | fetch_order_book: mid=0.07379 spread=5.42bps bids=20 asks=20
2026-05-08 22:19:36,662 | INFO | SPREAD | pair=CHIP/USDC | cex=0.07377/0.07381 | dex_sell=0.0737484 dex_buy=0.0737675 | spread_a=-8.3bps spread_b=0.3bps | min=30.0bps
2026-05-08 22:19:37,664 | INFO | fetch_order_book: symbol=CHIP/USDC limit=20
2026-05-08 22:19:37,957 | INFO | fetch_order_book: mid=0.073795 spread=4.07bps bids=20 asks=20
2026-05-08 22:19:38,839 | INFO | SPREAD | pair=CHIP/USDC | cex=0.07378/0.07381 | dex_sell=0.0737731 dex_buy=0.0737923 | spread_a=-5.0bps spread_b=-1.7bps | min=30.0bps
2026-05-08 22:19:39,842 | INFO | fetch_order_book: symbol=CHIP/USDC limit=20
2026-05-08 22:19:40,099 | INFO | fetch_order_book: mid=0.07379 spread=5.42bps bids=20 asks=20
2026-05-08 22:19:41,031 | INFO | SPREAD | pair=CHIP/USDC | cex=0.07377/0.07381 | dex_sell=0.073803 dex_buy=0.0738221 | spread_a=-0.9bps spread_b=-7.1bps | min=30.0bps
2026-05-08 22:19:42,034 | INFO | fetch_order_book: symbol=CHIP/USDC limit=20
2026-05-08 22:19:42,290 | INFO | fetch_order_book: mid=0.073835 spread=6.77bps bids=20 asks=20
2026-05-08 22:19:43,211 | INFO | SPREAD | pair=CHIP/USDC | cex=0.07381/0.07386 | dex_sell=0.073803 dex_buy=0.0738221 | spread_a=-7.7bps spread_b=-1.6bps | min=30.0bps
2026-05-08 22:19:44,213 | INFO | fetch_order_book: symbol=CHIP/USDC limit=20
2026-05-08 22:19:44,494 | INFO | fetch_order_book: mid=0.07382 spread=2.71bps bids=20 asks=20
2026-05-08 22:19:45,417 | INFO | SPREAD | pair=CHIP/USDC | cex=0.07381/0.07383 | dex_sell=0.0738332 dex_buy=0.0738523 | spread_a=0.4bps spread_b=-5.7bps | min=30.0bps
2026-05-08 22:19:46,419 | INFO | fetch_order_book: symbol=CHIP/USDC limit=20
2026-05-08 22:19:46,675 | INFO | fetch_order_book: mid=0.07379 spread=5.42bps bids=20 asks=20
2026-05-08 22:19:47,596 | INFO | SPREAD | pair=CHIP/USDC | cex=0.07377/0.07381 | dex_sell=0.0737986 dex_buy=0.0738178 | spread_a=-1.5bps spread_b=-6.5bps | min=30.0bps
2026-05-08 22:19:48,598 | INFO | fetch_order_book: symbol=CHIP/USDC limit=20
2026-05-08 22:19:48,859 | INFO | fetch_order_book: mid=0.07387 spread=2.71bps bids=20 asks=20
2026-05-08 22:19:49,822 | INFO | SPREAD | pair=CHIP/USDC | cex=0.07386/0.07388 | dex_sell=0.0737986 dex_buy=0.0738178 | spread_a=-11.0bps spread_b=5.7bps | min=30.0bps
2026-05-08 22:19:50,825 | INFO | fetch_order_book: symbol=CHIP/USDC limit=20
2026-05-08 22:19:51,177 | INFO | fetch_order_book: mid=0.07387 spread=2.71bps bids=20 asks=20
2026-05-08 22:19:52,149 | INFO | SPREAD | pair=CHIP/USDC | cex=0.07386/0.07388 | dex_sell=0.0738733 dex_buy=0.0738924 | spread_a=-0.9bps spread_b=-4.4bps | min=30.0bps
2026-05-08 22:19:53,151 | INFO | fetch_order_book: symbol=CHIP/USDC limit=20
2026-05-08 22:19:53,409 | INFO | fetch_order_book: mid=0.07388 spread=5.41bps bids=20 asks=20
2026-05-08 22:19:54,320 | INFO | SPREAD | pair=CHIP/USDC | cex=0.07386/0.0739 | dex_sell=0.0738733 dex_buy=0.0738924 | spread_a=-3.6bps spread_b=-4.4bps | min=30.0bps
2026-05-08 22:19:55,322 | INFO | fetch_order_book: symbol=CHIP/USDC limit=20
2026-05-08 22:19:55,580 | INFO | fetch_order_book: mid=0.073905 spread=6.77bps bids=20 asks=20
2026-05-08 22:19:56,465 | INFO | SPREAD | pair=CHIP/USDC | cex=0.07388/0.07393 | dex_sell=0.0738733 dex_buy=0.0738924 | spread_a=-7.7bps spread_b=-1.7bps | min=30.0bps
2026-05-08 22:19:57,467 | INFO | fetch_order_book: symbol=CHIP/USDC limit=20
2026-05-08 22:19:57,730 | INFO | fetch_order_book: mid=0.073885 spread=4.06bps bids=20 asks=20
2026-05-08 22:19:58,650 | INFO | SPREAD | pair=CHIP/USDC | cex=0.07387/0.0739 | dex_sell=0.0739031 dex_buy=0.0739223 | spread_a=0.4bps spread_b=-7.1bps | min=30.0bps
2026-05-08 22:19:59,653 | INFO | fetch_order_book: symbol=CHIP/USDC limit=20
2026-05-08 22:19:59,912 | INFO | fetch_order_book: mid=0.073885 spread=4.06bps bids=20 asks=20
2026-05-08 22:20:00,817 | INFO | SPREAD | pair=CHIP/USDC | cex=0.07387/0.0739 | dex_sell=0.0739031 dex_buy=0.0739223 | spread_a=0.4bps spread_b=-7.1bps | min=30.0bps
2026-05-08 22:20:01,819 | INFO | fetch_order_book: symbol=CHIP/USDC limit=20
2026-05-08 22:20:02,284 | INFO | fetch_order_book: mid=0.073835 spread=4.06bps bids=20 asks=20
2026-05-08 22:20:03,229 | INFO | SPREAD | pair=CHIP/USDC | cex=0.07382/0.07385 | dex_sell=0.0738285 dex_buy=0.0738477 | spread_a=-2.9bps spread_b=-3.7bps | min=30.0bps
2026-05-08 22:20:04,232 | INFO | fetch_order_book: symbol=CHIP/USDC limit=20
2026-05-08 22:20:04,527 | INFO | fetch_order_book: mid=0.073795 spread=4.07bps bids=20 asks=20
2026-05-08 22:20:05,452 | INFO | SPREAD | pair=CHIP/USDC | cex=0.07378/0.07381 | dex_sell=0.0737884 dex_buy=0.0738076 | spread_a=-2.9bps spread_b=-3.7bps | min=30.0bps
2026-05-08 22:20:06,455 | INFO | fetch_order_book: symbol=CHIP/USDC limit=20
2026-05-08 22:20:06,718 | INFO | fetch_order_book: mid=0.07375 spread=2.71bps bids=20 asks=20
2026-05-08 22:20:07,648 | INFO | SPREAD | pair=CHIP/USDC | cex=0.07374/0.07376 | dex_sell=0.0738232 dex_buy=0.0738177 | spread_a=8.6bps spread_b=-10.5bps | min=30.0bps
2026-05-08 22:20:08,650 | INFO | fetch_order_book: symbol=CHIP/USDC limit=20
2026-05-08 22:20:08,912 | INFO | fetch_order_book: mid=0.07374 spread=2.71bps bids=20 asks=20
2026-05-08 22:20:09,812 | INFO | SPREAD | pair=CHIP/USDC | cex=0.07373/0.07375 | dex_sell=0.0737686 dex_buy=0.0737877 | spread_a=2.5bps spread_b=-7.8bps | min=30.0bps
2026-05-08 22:20:10,815 | INFO | fetch_order_book: symbol=CHIP/USDC limit=20
2026-05-08 22:20:11,073 | INFO | fetch_order_book: mid=0.07371 spread=8.14bps bids=20 asks=20
2026-05-08 22:20:11,987 | INFO | SPREAD | pair=CHIP/USDC | cex=0.07368/0.07374 | dex_sell=0.0737437 dex_buy=0.0737628 | spread_a=0.5bps spread_b=-11.2bps | min=30.0bps
2026-05-08 22:20:12,990 | INFO | fetch_order_book: symbol=CHIP/USDC limit=20
2026-05-08 22:20:13,254 | INFO | fetch_order_book: mid=0.073645 spread=6.79bps bids=20 asks=20
2026-05-08 22:20:14,280 | INFO | SPREAD | pair=CHIP/USDC | cex=0.07362/0.07367 | dex_sell=0.0736385 dex_buy=0.0736576 | spread_a=-4.3bps spread_b=-5.1bps | min=30.0bps
2026-05-08 22:20:15,283 | INFO | fetch_order_book: symbol=CHIP/USDC limit=20
2026-05-08 22:20:15,543 | INFO | fetch_order_book: mid=0.073655 spread=6.79bps bids=20 asks=20
2026-05-08 22:20:16,612 | INFO | SPREAD | pair=CHIP/USDC | cex=0.07363/0.07368 | dex_sell=0.0736385 dex_buy=0.0736576 | spread_a=-5.6bps spread_b=-3.8bps | min=30.0bps
2026-05-08 22:20:17,614 | INFO | fetch_order_book: symbol=CHIP/USDC limit=20
2026-05-08 22:20:17,876 | INFO | fetch_order_book: mid=0.07368 spread=8.14bps bids=20 asks=20
2026-05-08 22:20:18,902 | INFO | SPREAD | pair=CHIP/USDC | cex=0.07365/0.07371 | dex_sell=0.0736732 dex_buy=0.0736923 | spread_a=-5.0bps spread_b=-5.7bps | min=30.0bps
2026-05-08 22:20:19,904 | INFO | fetch_order_book: symbol=CHIP/USDC limit=20
2026-05-08 22:20:20,227 | INFO | fetch_order_book: mid=0.07366 spread=5.43bps bids=20 asks=20
2026-05-08 22:20:21,484 | INFO | SPREAD | pair=CHIP/USDC | cex=0.07364/0.07368 | dex_sell=0.0736732 dex_buy=0.0736923 | spread_a=-0.9bps spread_b=-7.1bps | min=30.0bps
2026-05-08 22:20:22,486 | INFO | fetch_order_book: symbol=CHIP/USDC limit=20
2026-05-08 22:20:22,741 | INFO | fetch_order_book: mid=0.07369 spread=5.43bps bids=20 asks=20
2026-05-08 22:20:23,739 | INFO | SPREAD | pair=CHIP/USDC | cex=0.07367/0.07371 | dex_sell=0.0736732 dex_buy=0.0736923 | spread_a=-5.0bps spread_b=-3.0bps | min=30.0bps
2026-05-08 22:20:24,742 | INFO | fetch_order_book: symbol=CHIP/USDC limit=20
2026-05-08 22:20:25,025 | INFO | fetch_order_book: mid=0.073595 spread=6.79bps bids=20 asks=20
2026-05-08 22:20:25,915 | INFO | SPREAD | pair=CHIP/USDC | cex=0.07357/0.07362 | dex_sell=0.0735784 dex_buy=0.0735974 | spread_a=-5.7bps spread_b=-3.7bps | min=30.0bps
2026-05-08 22:20:26,917 | INFO | fetch_order_book: symbol=CHIP/USDC limit=20
2026-05-08 22:20:27,178 | INFO | fetch_order_book: mid=0.07363 spread=5.43bps bids=20 asks=20
2026-05-08 22:20:28,097 | INFO | SPREAD | pair=CHIP/USDC | cex=0.07361/0.07365 | dex_sell=0.0736332 dex_buy=0.0736523 | spread_a=-2.3bps spread_b=-5.7bps | min=30.0bps
2026-05-08 22:20:29,099 | INFO | fetch_order_book: symbol=CHIP/USDC limit=20
2026-05-08 22:20:29,361 | INFO | fetch_order_book: mid=0.07360 spread=5.43bps bids=20 asks=20
2026-05-08 22:20:30,313 | INFO | SPREAD | pair=CHIP/USDC | cex=0.07358/0.07362 | dex_sell=0.0736332 dex_buy=0.0736275 | spread_a=1.8bps spread_b=-6.5bps | min=30.0bps
2026-05-08 22:20:31,316 | INFO | fetch_order_book: symbol=CHIP/USDC limit=20
2026-05-08 22:20:31,596 | INFO | fetch_order_book: mid=0.073575 spread=4.08bps bids=20 asks=20
2026-05-08 22:20:32,563 | INFO | SPREAD | pair=CHIP/USDC | cex=0.07356/0.07359 | dex_sell=0.0736084 dex_buy=0.0736275 | spread_a=2.5bps spread_b=-9.2bps | min=30.0bps
2026-05-08 22:20:33,566 | INFO | fetch_order_book: symbol=CHIP/USDC limit=20
2026-05-08 22:20:33,826 | INFO | fetch_order_book: mid=0.073565 spread=1.36bps bids=20 asks=20
2026-05-08 22:20:34,725 | INFO | SPREAD | pair=CHIP/USDC | cex=0.07356/0.07357 | dex_sell=0.0735785 dex_buy=0.0735976 | spread_a=1.2bps spread_b=-5.1bps | min=30.0bps
2026-05-08 22:20:35,727 | INFO | fetch_order_book: symbol=CHIP/USDC limit=20
2026-05-08 22:20:36,067 | INFO | fetch_order_book: mid=0.073515 spread=4.08bps bids=20 asks=20
2026-05-08 22:20:37,196 | INFO | SPREAD | pair=CHIP/USDC | cex=0.0735/0.07353 | dex_sell=0.0735084 dex_buy=0.0735522 | spread_a=-2.9bps spread_b=-7.1bps | min=30.0bps
2026-05-08 22:20:38,198 | INFO | fetch_order_book: symbol=CHIP/USDC limit=20
2026-05-08 22:20:38,571 | INFO | fetch_order_book: mid=0.073505 spread=6.80bps bids=20 asks=20
2026-05-08 22:20:39,970 | INFO | SPREAD | pair=CHIP/USDC | cex=0.07348/0.07353 | dex_sell=0.0735331 dex_buy=0.0735377 | spread_a=0.4bps spread_b=-7.9bps | min=30.0bps
2026-05-08 22:20:40,973 | INFO | fetch_order_book: symbol=CHIP/USDC limit=20
2026-05-08 22:20:41,229 | INFO | fetch_order_book: mid=0.07340 spread=5.45bps bids=20 asks=20
2026-05-08 22:20:42,442 | INFO | SPREAD | pair=CHIP/USDC | cex=0.07338/0.07342 | dex_sell=0.0734431 dex_buy=0.0734621 | spread_a=3.1bps spread_b=-11.2bps | min=30.0bps
2026-05-08 22:20:43,445 | INFO | fetch_order_book: symbol=CHIP/USDC limit=20
2026-05-08 22:20:43,773 | INFO | fetch_order_book: mid=0.073465 spread=6.81bps bids=20 asks=20
2026-05-08 22:20:44,905 | INFO | SPREAD | pair=CHIP/USDC | cex=0.07344/0.07349 | dex_sell=0.0734732 dex_buy=0.0734922 | spread_a=-2.3bps spread_b=-7.1bps | min=30.0bps
2026-05-08 22:20:45,908 | INFO | fetch_order_book: symbol=CHIP/USDC limit=20
2026-05-08 22:20:46,242 | INFO | fetch_order_book: mid=0.073445 spread=6.81bps bids=20 asks=20
2026-05-08 22:20:47,476 | INFO | SPREAD | pair=CHIP/USDC | cex=0.07342/0.07347 | dex_sell=0.0734487 dex_buy=0.0734678 | spread_a=-2.9bps spread_b=-6.5bps | min=30.0bps
2026-05-08 22:20:48,480 | INFO | fetch_order_book: symbol=CHIP/USDC limit=20
2026-05-08 22:20:48,811 | INFO | fetch_order_book: mid=0.073465 spread=6.81bps bids=20 asks=20
2026-05-08 22:20:49,881 | INFO | SPREAD | pair=CHIP/USDC | cex=0.07344/0.07349 | dex_sell=0.0734487 dex_buy=0.0734922 | spread_a=-5.6bps spread_b=-7.1bps | min=30.0bps
2026-05-08 22:20:50,885 | INFO | fetch_order_book: symbol=CHIP/USDC limit=20
2026-05-08 22:20:51,177 | INFO | fetch_order_book: mid=0.07347 spread=8.17bps bids=20 asks=20
2026-05-08 22:20:52,206 | INFO | SPREAD | pair=CHIP/USDC | cex=0.07344/0.0735 | dex_sell=0.0734732 dex_buy=0.0734922 | spread_a=-3.6bps spread_b=-7.1bps | min=30.0bps
2026-05-08 22:20:53,209 | INFO | fetch_order_book: symbol=CHIP/USDC limit=20
2026-05-08 22:20:53,464 | INFO | fetch_order_book: mid=0.073595 spread=4.08bps bids=20 asks=20
2026-05-08 22:20:54,576 | INFO | SPREAD | pair=CHIP/USDC | cex=0.07358/0.07361 | dex_sell=0.0735631 dex_buy=0.0735822 | spread_a=-6.4bps spread_b=-0.3bps | min=30.0bps
2026-05-08 22:20:55,579 | INFO | fetch_order_book: symbol=CHIP/USDC limit=20
2026-05-08 22:20:55,905 | INFO | fetch_order_book: mid=0.073555 spread=6.80bps bids=20 asks=20
2026-05-08 22:20:56,904 | INFO | SPREAD | pair=CHIP/USDC | cex=0.07353/0.07358 | dex_sell=0.0735631 dex_buy=0.0735822 | spread_a=-2.3bps spread_b=-7.1bps | min=30.0bps
2026-05-08 22:20:57,908 | INFO | fetch_order_book: symbol=CHIP/USDC limit=20
2026-05-08 22:20:58,165 | INFO | fetch_order_book: mid=0.07365 spread=2.72bps bids=20 asks=20
2026-05-08 22:20:59,098 | INFO | SPREAD | pair=CHIP/USDC | cex=0.07364/0.07366 | dex_sell=0.0735631 dex_buy=0.073612 | spread_a=-13.1bps spread_b=3.8bps | min=30.0bps
2026-05-08 22:21:00,102 | INFO | fetch_order_book: symbol=CHIP/USDC limit=20
2026-05-08 22:21:00,479 | INFO | fetch_order_book: mid=0.073505 spread=6.80bps bids=20 asks=20
2026-05-08 22:21:01,378 | INFO | SPREAD | pair=CHIP/USDC | cex=0.07348/0.07353 | dex_sell=0.0735387 dex_buy=0.0735577 | spread_a=1.2bps spread_b=-10.6bps | min=30.0bps
2026-05-08 22:21:02,379 | INFO | fetch_order_book: symbol=CHIP/USDC limit=20
2026-05-08 22:21:02,690 | INFO | fetch_order_book: mid=0.073425 spread=4.09bps bids=20 asks=20
2026-05-08 22:21:03,586 | INFO | SPREAD | pair=CHIP/USDC | cex=0.07341/0.07344 | dex_sell=0.0734721 dex_buy=0.0734777 | spread_a=4.4bps spread_b=-9.2bps | min=30.0bps
2026-05-08 22:21:04,589 | INFO | fetch_order_book: symbol=CHIP/USDC limit=20
2026-05-08 22:21:04,869 | INFO | fetch_order_book: mid=0.07340 spread=5.45bps bids=20 asks=20
2026-05-08 22:21:05,806 | INFO | SPREAD | pair=CHIP/USDC | cex=0.07338/0.07342 | dex_sell=0.0734253 dex_buy=0.0734443 | spread_a=0.7bps spread_b=-8.8bps | min=30.0bps
2026-05-08 22:21:06,808 | INFO | fetch_order_book: symbol=CHIP/USDC limit=20
2026-05-08 22:21:07,073 | INFO | fetch_order_book: mid=0.07340 spread=5.45bps bids=20 asks=20
2026-05-08 22:21:07,985 | INFO | SPREAD | pair=CHIP/USDC | cex=0.07338/0.07342 | dex_sell=0.0734253 dex_buy=0.0734443 | spread_a=0.7bps spread_b=-8.8bps | min=30.0bps
2026-05-08 22:21:08,988 | INFO | fetch_order_book: symbol=CHIP/USDC limit=20
2026-05-08 22:21:09,268 | INFO | fetch_order_book: mid=0.07340 spread=5.45bps bids=20 asks=20
2026-05-08 22:21:10,218 | INFO | SPREAD | pair=CHIP/USDC | cex=0.07338/0.07342 | dex_sell=0.0734253 dex_buy=0.0734443 | spread_a=0.7bps spread_b=-8.8bps | min=30.0bps
2026-05-08 22:21:11,221 | INFO | fetch_order_book: symbol=CHIP/USDC limit=20
2026-05-08 22:21:11,517 | INFO | fetch_order_book: mid=0.07346 spread=5.45bps bids=20 asks=20
2026-05-08 22:21:12,458 | INFO | SPREAD | pair=CHIP/USDC | cex=0.07344/0.07348 | dex_sell=0.0734253 dex_buy=0.0734721 | spread_a=-7.4bps spread_b=-4.4bps | min=30.0bps
2026-05-08 22:21:13,461 | INFO | fetch_order_book: symbol=CHIP/USDC limit=20
2026-05-08 22:21:13,721 | INFO | fetch_order_book: mid=0.073625 spread=4.07bps bids=20 asks=20
2026-05-08 22:21:14,675 | INFO | SPREAD | pair=CHIP/USDC | cex=0.07361/0.07364 | dex_sell=0.0734531 dex_buy=0.0734721 | spread_a=-25.4bps spread_b=18.8bps | min=30.0bps
2026-05-08 22:21:15,678 | INFO | fetch_order_book: symbol=CHIP/USDC limit=20
2026-05-08 22:21:15,956 | INFO | fetch_order_book: mid=0.07354 spread=2.72bps bids=20 asks=20
2026-05-08 22:21:16,908 | INFO | SPREAD | pair=CHIP/USDC | cex=0.07353/0.07355 | dex_sell=0.0735885 dex_buy=0.0736076 | spread_a=5.2bps spread_b=-10.5bps | min=30.0bps
2026-05-08 22:21:17,912 | INFO | fetch_order_book: symbol=CHIP/USDC limit=20
2026-05-08 22:21:18,175 | INFO | fetch_order_book: mid=0.073435 spread=6.81bps bids=20 asks=20
2026-05-08 22:21:19,104 | INFO | SPREAD | pair=CHIP/USDC | cex=0.07341/0.07346 | dex_sell=0.0734911 dex_buy=0.0734762 | spread_a=4.2bps spread_b=-9.0bps | min=30.0bps
2026-05-08 22:21:20,108 | INFO | fetch_order_book: symbol=CHIP/USDC limit=20
2026-05-08 22:21:20,491 | INFO | fetch_order_book: mid=0.073395 spread=4.09bps bids=20 asks=20
2026-05-08 22:21:21,491 | INFO | SPREAD | pair=CHIP/USDC | cex=0.07338/0.07341 | dex_sell=0.0734139 dex_buy=0.073433 | spread_a=0.5bps spread_b=-7.2bps | min=30.0bps
2026-05-08 22:21:22,494 | INFO | fetch_order_book: symbol=CHIP/USDC limit=20
2026-05-08 22:21:22,762 | INFO | fetch_order_book: mid=0.07339 spread=2.73bps bids=20 asks=20
2026-05-08 22:21:23,712 | INFO | SPREAD | pair=CHIP/USDC | cex=0.07338/0.0734 | dex_sell=0.0734139 dex_buy=0.073433 | spread_a=1.9bps spread_b=-7.2bps | min=30.0bps
2026-05-08 22:21:24,715 | INFO | fetch_order_book: symbol=CHIP/USDC limit=20
2026-05-08 22:21:25,056 | INFO | fetch_order_book: mid=0.07337 spread=5.45bps bids=20 asks=20
2026-05-08 22:21:25,978 | INFO | SPREAD | pair=CHIP/USDC | cex=0.07335/0.07339 | dex_sell=0.0734139 dex_buy=0.073433 | spread_a=3.3bps spread_b=-11.3bps | min=30.0bps
2026-05-08 22:21:26,981 | INFO | fetch_order_book: symbol=CHIP/USDC limit=20
2026-05-08 22:21:27,241 | INFO | fetch_order_book: mid=0.07343 spread=2.72bps bids=20 asks=20
2026-05-08 22:21:28,191 | INFO | SPREAD | pair=CHIP/USDC | cex=0.07342/0.07344 | dex_sell=0.0734462 dex_buy=0.0734333 | spread_a=0.8bps spread_b=-1.8bps | min=30.0bps
2026-05-08 22:21:29,194 | INFO | fetch_order_book: symbol=CHIP/USDC limit=20
2026-05-08 22:21:29,561 | INFO | fetch_order_book: mid=0.07343 spread=2.72bps bids=20 asks=20
2026-05-08 22:21:30,458 | INFO | SPREAD | pair=CHIP/USDC | cex=0.07342/0.07344 | dex_sell=0.0734432 dex_buy=0.0734622 | spread_a=0.4bps spread_b=-5.7bps | min=30.0bps
2026-05-08 22:21:31,462 | INFO | fetch_order_book: symbol=CHIP/USDC limit=20
2026-05-08 22:21:31,721 | INFO | fetch_order_book: mid=0.073495 spread=4.08bps bids=20 asks=20
2026-05-08 22:21:32,649 | INFO | SPREAD | pair=CHIP/USDC | cex=0.07348/0.07351 | dex_sell=0.0734432 dex_buy=0.0734923 | spread_a=-9.1bps spread_b=-1.7bps | min=30.0bps
2026-05-08 22:21:33,652 | INFO | fetch_order_book: symbol=CHIP/USDC limit=20
2026-05-08 22:21:33,916 | INFO | fetch_order_book: mid=0.07353 spread=5.44bps bids=20 asks=20
2026-05-08 22:21:34,813 | INFO | SPREAD | pair=CHIP/USDC | cex=0.07351/0.07355 | dex_sell=0.0735935 dex_buy=0.0735675 | spread_a=5.9bps spread_b=-7.8bps | min=30.0bps
2026-05-08 22:21:35,815 | INFO | fetch_order_book: symbol=CHIP/USDC limit=20
2026-05-08 22:21:36,070 | INFO | fetch_order_book: mid=0.073455 spread=4.08bps bids=20 asks=20
2026-05-08 22:21:36,980 | INFO | SPREAD | pair=CHIP/USDC | cex=0.07344/0.07347 | dex_sell=0.0735198 dex_buy=0.0735388 | spread_a=6.8bps spread_b=-13.4bps | min=30.0bps
2026-05-08 22:21:37,983 | INFO | fetch_order_book: symbol=CHIP/USDC limit=20
2026-05-08 22:21:38,240 | INFO | fetch_order_book: mid=0.073625 spread=4.07bps bids=20 asks=20
2026-05-08 22:21:39,154 | INFO | SPREAD | pair=CHIP/USDC | cex=0.07361/0.07364 | dex_sell=0.073546 dex_buy=0.073565 | spread_a=-12.8bps spread_b=6.1bps | min=30.0bps
2026-05-08 22:21:40,157 | INFO | fetch_order_book: symbol=CHIP/USDC limit=20
2026-05-08 22:21:40,419 | INFO | fetch_order_book: mid=0.07365 spread=2.72bps bids=20 asks=20
2026-05-08 22:21:41,362 | INFO | SPREAD | pair=CHIP/USDC | cex=0.07364/0.07366 | dex_sell=0.0735806 dex_buy=0.0735997 | spread_a=-10.8bps spread_b=5.5bps | min=30.0bps
2026-05-08 22:21:42,366 | INFO | fetch_order_book: symbol=CHIP/USDC limit=20
2026-05-08 22:21:42,621 | INFO | fetch_order_book: mid=0.07364 spread=5.43bps bids=20 asks=20
2026-05-08 22:21:43,511 | INFO | SPREAD | pair=CHIP/USDC | cex=0.07362/0.07366 | dex_sell=0.0736323 dex_buy=0.0736513 | spread_a=-3.8bps spread_b=-4.3bps | min=30.0bps
2026-05-08 22:21:44,514 | INFO | fetch_order_book: symbol=CHIP/USDC limit=20
2026-05-08 22:21:44,771 | INFO | fetch_order_book: mid=0.073635 spread=4.07bps bids=20 asks=20
2026-05-08 22:21:45,667 | INFO | SPREAD | pair=CHIP/USDC | cex=0.07362/0.07365 | dex_sell=0.0736323 dex_buy=0.0736513 | spread_a=-2.4bps spread_b=-4.3bps | min=30.0bps
2026-05-08 22:21:46,671 | INFO | fetch_order_book: symbol=CHIP/USDC limit=20
2026-05-08 22:21:46,938 | INFO | fetch_order_book: mid=0.073635 spread=4.07bps bids=20 asks=20
2026-05-08 22:21:47,910 | INFO | SPREAD | pair=CHIP/USDC | cex=0.07362/0.07365 | dex_sell=0.0736323 dex_buy=0.0736513 | spread_a=-2.4bps spread_b=-4.3bps | min=30.0bps
2026-05-08 22:21:48,911 | INFO | fetch_order_book: symbol=CHIP/USDC limit=20
2026-05-08 22:21:49,282 | INFO | fetch_order_book: mid=0.07361 spread=5.43bps bids=20 asks=20
2026-05-08 22:21:50,196 | INFO | SPREAD | pair=CHIP/USDC | cex=0.07359/0.07363 | dex_sell=0.0736235 dex_buy=0.0736426 | spread_a=-0.9bps spread_b=-7.1bps | min=30.0bps
2026-05-08 22:21:51,199 | INFO | fetch_order_book: symbol=CHIP/USDC limit=20
2026-05-08 22:21:51,543 | INFO | fetch_order_book: mid=0.07354 spread=5.44bps bids=20 asks=20
2026-05-08 22:21:52,428 | INFO | SPREAD | pair=CHIP/USDC | cex=0.07352/0.07356 | dex_sell=0.0736235 dex_buy=0.0736426 | spread_a=8.6bps spread_b=-16.7bps | min=30.0bps
2026-05-08 22:21:53,431 | INFO | fetch_order_book: symbol=CHIP/USDC limit=20
2026-05-08 22:21:53,691 | INFO | fetch_order_book: mid=0.07346 spread=5.45bps bids=20 asks=20
2026-05-08 22:21:54,595 | INFO | SPREAD | pair=CHIP/USDC | cex=0.07344/0.07348 | dex_sell=0.0735412 dex_buy=0.0735137 | spread_a=8.3bps spread_b=-10.0bps | min=30.0bps
2026-05-08 22:21:55,597 | INFO | fetch_order_book: symbol=CHIP/USDC limit=20
2026-05-08 22:21:55,853 | INFO | fetch_order_book: mid=0.07347 spread=5.44bps bids=20 asks=20
2026-05-08 22:21:56,779 | INFO | SPREAD | pair=CHIP/USDC | cex=0.07345/0.07349 | dex_sell=0.0734947 dex_buy=0.0735137 | spread_a=0.6bps spread_b=-8.7bps | min=30.0bps
2026-05-08 22:21:57,782 | INFO | fetch_order_book: symbol=CHIP/USDC limit=20
2026-05-08 22:21:58,040 | INFO | fetch_order_book: mid=0.07346 spread=5.45bps bids=20 asks=20
2026-05-08 22:21:58,930 | INFO | SPREAD | pair=CHIP/USDC | cex=0.07344/0.07348 | dex_sell=0.0734947 dex_buy=0.0735137 | spread_a=2.0bps spread_b=-10.0bps | min=30.0bps
2026-05-08 22:21:59,933 | INFO | fetch_order_book: symbol=CHIP/USDC limit=20
2026-05-08 22:22:00,329 | INFO | fetch_order_book: mid=0.073455 spread=6.81bps bids=20 asks=20
2026-05-08 22:22:01,343 | INFO | SPREAD | pair=CHIP/USDC | cex=0.07343/0.07348 | dex_sell=0.0734947 dex_buy=0.0735137 | spread_a=2.0bps spread_b=-11.4bps | min=30.0bps
2026-05-08 22:22:02,345 | INFO | fetch_order_book: symbol=CHIP/USDC limit=20
2026-05-08 22:22:02,606 | INFO | fetch_order_book: mid=0.07348 spread=5.44bps bids=20 asks=20
2026-05-08 22:22:03,440 | INFO | SPREAD | pair=CHIP/USDC | cex=0.07346/0.0735 | dex_sell=0.0734947 dex_buy=0.0735137 | spread_a=-0.7bps spread_b=-7.3bps | min=30.0bps
2026-05-08 22:22:04,443 | INFO | fetch_order_book: symbol=CHIP/USDC limit=20
2026-05-08 22:22:04,707 | INFO | fetch_order_book: mid=0.073425 spread=4.09bps bids=20 asks=20
2026-05-08 22:22:05,582 | INFO | SPREAD | pair=CHIP/USDC | cex=0.07341/0.07344 | dex_sell=0.0734355 dex_buy=0.0734545 | spread_a=-0.6bps spread_b=-6.1bps | min=30.0bps
2026-05-08 22:22:06,586 | INFO | fetch_order_book: symbol=CHIP/USDC limit=20
2026-05-08 22:22:06,845 | INFO | fetch_order_book: mid=0.07341 spread=5.45bps bids=20 asks=20
2026-05-08 22:22:07,692 | INFO | SPREAD | pair=CHIP/USDC | cex=0.07339/0.07343 | dex_sell=0.0734355 dex_buy=0.0734545 | spread_a=0.7bps spread_b=-8.8bps | min=30.0bps
2026-05-08 22:22:08,696 | INFO | fetch_order_book: symbol=CHIP/USDC limit=20
2026-05-08 22:22:08,954 | INFO | fetch_order_book: mid=0.073395 spread=4.09bps bids=20 asks=20
2026-05-08 22:22:09,779 | INFO | SPREAD | pair=CHIP/USDC | cex=0.07338/0.07341 | dex_sell=0.0734355 dex_buy=0.0734545 | spread_a=3.5bps spread_b=-10.1bps | min=30.0bps
2026-05-08 22:22:10,782 | INFO | fetch_order_book: symbol=CHIP/USDC limit=20
2026-05-08 22:22:11,042 | INFO | fetch_order_book: mid=0.073385 spread=4.09bps bids=20 asks=20
2026-05-08 22:22:11,872 | INFO | SPREAD | pair=CHIP/USDC | cex=0.07337/0.0734 | dex_sell=0.073395 dex_buy=0.073414 | spread_a=-0.7bps spread_b=-6.0bps | min=30.0bps
2026-05-08 22:22:12,875 | INFO | fetch_order_book: symbol=CHIP/USDC limit=20
2026-05-08 22:22:13,133 | INFO | fetch_order_book: mid=0.073435 spread=6.81bps bids=20 asks=20
2026-05-08 22:22:14,034 | INFO | SPREAD | pair=CHIP/USDC | cex=0.07341/0.07346 | dex_sell=0.0733986 dex_buy=0.0734176 | spread_a=-8.4bps spread_b=-1.0bps | min=30.0bps
2026-05-08 22:22:15,038 | INFO | fetch_order_book: symbol=CHIP/USDC limit=20
2026-05-08 22:22:15,296 | INFO | fetch_order_book: mid=0.07346 spread=5.45bps bids=20 asks=20
2026-05-08 22:22:16,180 | INFO | SPREAD | pair=CHIP/USDC | cex=0.07344/0.07348 | dex_sell=0.073463 dex_buy=0.073482 | spread_a=-2.3bps spread_b=-5.7bps | min=30.0bps
2026-05-08 22:22:17,184 | INFO | fetch_order_book: symbol=CHIP/USDC limit=20
2026-05-08 22:22:17,921 | INFO | fetch_order_book: mid=0.073425 spread=6.81bps bids=20 asks=20
2026-05-08 22:22:18,874 | INFO | SPREAD | pair=CHIP/USDC | cex=0.0734/0.07345 | dex_sell=0.0734386 dex_buy=0.0734576 | spread_a=-1.6bps spread_b=-7.8bps | min=30.0bps
2026-05-08 22:22:19,878 | INFO | fetch_order_book: symbol=CHIP/USDC limit=20
2026-05-08 22:22:20,135 | INFO | fetch_order_book: mid=0.07342 spread=5.45bps bids=20 asks=20
2026-05-08 22:22:21,029 | INFO | SPREAD | pair=CHIP/USDC | cex=0.0734/0.07344 | dex_sell=0.0734386 dex_buy=0.0734576 | spread_a=-0.2bps spread_b=-7.8bps | min=30.0bps
2026-05-08 22:22:22,032 | INFO | fetch_order_book: symbol=CHIP/USDC limit=20
2026-05-08 22:22:22,517 | INFO | fetch_order_book: mid=0.07341 spread=2.72bps bids=20 asks=20
2026-05-08 22:22:23,392 | INFO | SPREAD | pair=CHIP/USDC | cex=0.0734/0.07342 | dex_sell=0.0734085 dex_buy=0.0734275 | spread_a=-1.6bps spread_b=-3.7bps | min=30.0bps
2026-05-08 22:22:24,395 | INFO | fetch_order_book: symbol=CHIP/USDC limit=20
2026-05-08 22:22:24,653 | INFO | fetch_order_book: mid=0.073405 spread=1.36bps bids=20 asks=20
2026-05-08 22:22:25,581 | INFO | SPREAD | pair=CHIP/USDC | cex=0.0734/0.07341 | dex_sell=0.0734085 dex_buy=0.0734275 | spread_a=-0.2bps spread_b=-3.7bps | min=30.0bps
2026-05-08 22:22:26,584 | INFO | fetch_order_book: symbol=CHIP/USDC limit=20
2026-05-08 22:22:26,841 | INFO | fetch_order_book: mid=0.07341 spread=8.17bps bids=20 asks=20
2026-05-08 22:22:27,728 | INFO | SPREAD | pair=CHIP/USDC | cex=0.07338/0.07344 | dex_sell=0.0734085 dex_buy=0.0734275 | spread_a=-4.3bps spread_b=-6.5bps | min=30.0bps
2026-05-08 22:22:28,731 | INFO | fetch_order_book: symbol=CHIP/USDC limit=20
2026-05-08 22:22:28,988 | INFO | fetch_order_book: mid=0.07341 spread=8.17bps bids=20 asks=20
2026-05-08 22:22:29,881 | INFO | SPREAD | pair=CHIP/USDC | cex=0.07338/0.07344 | dex_sell=0.0734085 dex_buy=0.0734275 | spread_a=-4.3bps spread_b=-6.5bps | min=30.0bps
2026-05-08 22:22:30,882 | INFO | fetch_order_book: symbol=CHIP/USDC limit=20
2026-05-08 22:22:31,137 | INFO | fetch_order_book: mid=0.073425 spread=4.09bps bids=20 asks=20
2026-05-08 22:22:31,996 | INFO | SPREAD | pair=CHIP/USDC | cex=0.07341/0.07344 | dex_sell=0.0734085 dex_buy=0.0734275 | spread_a=-4.3bps spread_b=-2.4bps | min=30.0bps
2026-05-08 22:22:32,999 | INFO | fetch_order_book: symbol=CHIP/USDC limit=20
2026-05-08 22:22:33,259 | INFO | fetch_order_book: mid=0.07344 spread=8.17bps bids=20 asks=20
2026-05-08 22:22:34,093 | INFO | SPREAD | pair=CHIP/USDC | cex=0.07341/0.07347 | dex_sell=0.0734085 dex_buy=0.07345 | spread_a=-8.4bps spread_b=-5.5bps | min=30.0bps
2026-05-08 22:22:35,096 | INFO | fetch_order_book: symbol=CHIP/USDC limit=20
2026-05-08 22:22:35,357 | INFO | fetch_order_book: mid=0.073485 spread=4.08bps bids=20 asks=20
2026-05-08 22:22:36,198 | INFO | SPREAD | pair=CHIP/USDC | cex=0.07347/0.0735 | dex_sell=0.073431 dex_buy=0.0734722 | spread_a=-9.4bps spread_b=-0.3bps | min=30.0bps
2026-05-08 22:22:37,202 | INFO | fetch_order_book: symbol=CHIP/USDC limit=20
2026-05-08 22:22:37,459 | INFO | fetch_order_book: mid=0.07338 spread=5.45bps bids=20 asks=20
2026-05-08 22:22:38,351 | INFO | SPREAD | pair=CHIP/USDC | cex=0.07336/0.0734 | dex_sell=0.0734485 dex_buy=0.0734676 | spread_a=6.6bps spread_b=-14.6bps | min=30.0bps
2026-05-08 22:22:39,353 | INFO | fetch_order_book: symbol=CHIP/USDC limit=20
2026-05-08 22:22:39,609 | INFO | fetch_order_book: mid=0.073345 spread=6.82bps bids=20 asks=20
2026-05-08 22:22:40,457 | INFO | SPREAD | pair=CHIP/USDC | cex=0.07332/0.07337 | dex_sell=0.0733035 dex_buy=0.0733225 | spread_a=-9.1bps spread_b=-0.3bps | min=30.0bps
2026-05-08 22:22:41,460 | INFO | fetch_order_book: symbol=CHIP/USDC limit=20
2026-05-08 22:22:41,755 | INFO | fetch_order_book: mid=0.07334 spread=5.45bps bids=20 asks=20
2026-05-08 22:22:42,620 | INFO | SPREAD | pair=CHIP/USDC | cex=0.07332/0.07336 | dex_sell=0.0733333 dex_buy=0.0733523 | spread_a=-3.6bps spread_b=-4.4bps | min=30.0bps
2026-05-08 22:22:43,624 | INFO | fetch_order_book: symbol=CHIP/USDC limit=20
2026-05-08 22:22:43,914 | INFO | fetch_order_book: mid=0.07337 spread=5.45bps bids=20 asks=20
2026-05-08 22:22:44,763 | INFO | SPREAD | pair=CHIP/USDC | cex=0.07335/0.07339 | dex_sell=0.0733333 dex_buy=0.0733523 | spread_a=-7.7bps spread_b=-0.3bps | min=30.0bps
2026-05-08 22:22:45,767 | INFO | fetch_order_book: symbol=CHIP/USDC limit=20
2026-05-08 22:22:46,025 | INFO | fetch_order_book: mid=0.07337 spread=5.45bps bids=20 asks=20
2026-05-08 22:22:46,892 | INFO | SPREAD | pair=CHIP/USDC | cex=0.07335/0.07339 | dex_sell=0.0733639 dex_buy=0.073383 | spread_a=-3.6bps spread_b=-4.5bps | min=30.0bps
2026-05-08 22:22:47,896 | INFO | fetch_order_book: symbol=CHIP/USDC limit=20
2026-05-08 22:22:48,155 | INFO | fetch_order_book: mid=0.07337 spread=5.45bps bids=20 asks=20
2026-05-08 22:22:49,018 | INFO | SPREAD | pair=CHIP/USDC | cex=0.07335/0.07339 | dex_sell=0.0733639 dex_buy=0.073383 | spread_a=-3.6bps spread_b=-4.5bps | min=30.0bps
2026-05-08 22:22:50,021 | INFO | fetch_order_book: symbol=CHIP/USDC limit=20
2026-05-08 22:22:50,283 | INFO | fetch_order_book: mid=0.073355 spread=4.09bps bids=20 asks=20
2026-05-08 22:22:51,193 | INFO | SPREAD | pair=CHIP/USDC | cex=0.07334/0.07337 | dex_sell=0.0733639 dex_buy=0.073383 | spread_a=-0.8bps spread_b=-5.9bps | min=30.0bps
2026-05-08 22:22:52,196 | INFO | fetch_order_book: symbol=CHIP/USDC limit=20
2026-05-08 22:22:52,471 | INFO | fetch_order_book: mid=0.073385 spread=4.09bps bids=20 asks=20
2026-05-08 22:22:53,350 | INFO | SPREAD | pair=CHIP/USDC | cex=0.07337/0.0734 | dex_sell=0.0733639 dex_buy=0.073383 | spread_a=-4.9bps spread_b=-1.8bps | min=30.0bps
2026-05-08 22:22:54,352 | INFO | fetch_order_book: symbol=CHIP/USDC limit=20
2026-05-08 22:22:54,610 | INFO | fetch_order_book: mid=0.073375 spread=6.81bps bids=20 asks=20
2026-05-08 22:22:55,486 | INFO | SPREAD | pair=CHIP/USDC | cex=0.07335/0.0734 | dex_sell=0.0733931 dex_buy=0.0734122 | spread_a=-0.9bps spread_b=-8.5bps | min=30.0bps
2026-05-08 22:22:56,489 | INFO | fetch_order_book: symbol=CHIP/USDC limit=20
2026-05-08 22:22:56,748 | INFO | fetch_order_book: mid=0.073315 spread=6.82bps bids=20 asks=20
2026-05-08 22:22:57,632 | INFO | SPREAD | pair=CHIP/USDC | cex=0.07329/0.07334 | dex_sell=0.0733687 dex_buy=0.0733574 | spread_a=3.9bps spread_b=-9.2bps | min=30.0bps
2026-05-08 22:22:58,636 | INFO | fetch_order_book: symbol=CHIP/USDC limit=20
2026-05-08 22:22:58,895 | INFO | fetch_order_book: mid=0.07332 spread=5.46bps bids=20 asks=20
2026-05-08 22:22:59,761 | INFO | SPREAD | pair=CHIP/USDC | cex=0.0733/0.07334 | dex_sell=0.0733384 dex_buy=0.0733574 | spread_a=-0.2bps spread_b=-7.8bps | min=30.0bps
2026-05-08 22:23:00,764 | INFO | fetch_order_book: symbol=CHIP/USDC limit=20
2026-05-08 22:23:01,036 | INFO | fetch_order_book: mid=0.07335 spread=5.45bps bids=20 asks=20
2026-05-08 22:23:01,903 | INFO | SPREAD | pair=CHIP/USDC | cex=0.07333/0.07337 | dex_sell=0.0733384 dex_buy=0.0733574 | spread_a=-4.3bps spread_b=-3.7bps | min=30.0bps
2026-05-08 22:23:02,906 | INFO | fetch_order_book: symbol=CHIP/USDC limit=20
2026-05-08 22:23:03,187 | INFO | fetch_order_book: mid=0.073365 spread=9.54bps bids=20 asks=20
2026-05-08 22:23:04,119 | INFO | SPREAD | pair=CHIP/USDC | cex=0.07333/0.0734 | dex_sell=0.0733384 dex_buy=0.0733574 | spread_a=-8.4bps spread_b=-3.7bps | min=30.0bps
2026-05-08 22:23:05,122 | INFO | fetch_order_book: symbol=CHIP/USDC limit=20
2026-05-08 22:23:05,395 | INFO | fetch_order_book: mid=0.07342 spread=5.45bps bids=20 asks=20
2026-05-08 22:23:06,278 | INFO | SPREAD | pair=CHIP/USDC | cex=0.0734/0.07344 | dex_sell=0.0733384 dex_buy=0.0733823 | spread_a=-13.8bps spread_b=2.4bps | min=30.0bps
2026-05-08 22:23:07,282 | INFO | fetch_order_book: symbol=CHIP/USDC limit=20
2026-05-08 22:23:07,543 | INFO | fetch_order_book: mid=0.07341 spread=5.45bps bids=20 asks=20
2026-05-08 22:23:08,410 | INFO | SPREAD | pair=CHIP/USDC | cex=0.07339/0.07343 | dex_sell=0.073403 dex_buy=0.073422 | spread_a=-3.7bps spread_b=-4.4bps | min=30.0bps
2026-05-08 22:23:09,413 | INFO | fetch_order_book: symbol=CHIP/USDC limit=20
2026-05-08 22:23:09,673 | INFO | fetch_order_book: mid=0.07338 spread=5.45bps bids=20 asks=20
2026-05-08 22:23:10,542 | INFO | SPREAD | pair=CHIP/USDC | cex=0.07336/0.0734 | dex_sell=0.073403 dex_buy=0.0734001 | spread_a=0.4bps spread_b=-5.5bps | min=30.0bps
2026-05-08 22:23:11,546 | INFO | fetch_order_book: symbol=CHIP/USDC limit=20
2026-05-08 22:23:12,278 | INFO | fetch_order_book: mid=0.07337 spread=8.18bps bids=20 asks=20
2026-05-08 22:23:13,232 | INFO | SPREAD | pair=CHIP/USDC | cex=0.07334/0.0734 | dex_sell=0.0733811 dex_buy=0.0734001 | spread_a=-2.6bps spread_b=-8.2bps | min=30.0bps
2026-05-08 22:23:14,235 | INFO | fetch_order_book: symbol=CHIP/USDC limit=20
2026-05-08 22:23:14,982 | INFO | fetch_order_book: mid=0.07343 spread=5.45bps bids=20 asks=20
2026-05-08 22:23:15,834 | INFO | SPREAD | pair=CHIP/USDC | cex=0.07341/0.07345 | dex_sell=0.0733811 dex_buy=0.0734196 | spread_a=-9.4bps spread_b=-1.3bps | min=30.0bps
2026-05-08 22:23:16,838 | INFO | fetch_order_book: symbol=CHIP/USDC limit=20
2026-05-08 22:23:17,101 | INFO | fetch_order_book: mid=0.073415 spread=6.81bps bids=20 asks=20
2026-05-08 22:23:18,006 | INFO | SPREAD | pair=CHIP/USDC | cex=0.07339/0.07344 | dex_sell=0.0734085 dex_buy=0.0734275 | spread_a=-4.3bps spread_b=-5.1bps | min=30.0bps
2026-05-08 22:23:19,009 | INFO | fetch_order_book: symbol=CHIP/USDC limit=20
2026-05-08 22:23:19,273 | INFO | fetch_order_book: mid=0.073415 spread=6.81bps bids=20 asks=20
2026-05-08 22:23:20,145 | INFO | SPREAD | pair=CHIP/USDC | cex=0.07339/0.07344 | dex_sell=0.0734417 dex_buy=0.0734377 | spread_a=0.2bps spread_b=-6.5bps | min=30.0bps
2026-05-08 22:23:21,148 | INFO | fetch_order_book: symbol=CHIP/USDC limit=20
2026-05-08 22:23:21,404 | INFO | fetch_order_book: mid=0.073445 spread=4.08bps bids=20 asks=20
2026-05-08 22:23:22,257 | INFO | SPREAD | pair=CHIP/USDC | cex=0.07343/0.07346 | dex_sell=0.0734187 dex_buy=0.0734377 | spread_a=-5.6bps spread_b=-1.0bps | min=30.0bps
2026-05-08 22:23:23,260 | INFO | fetch_order_book: symbol=CHIP/USDC limit=20
2026-05-08 22:23:23,542 | INFO | fetch_order_book: mid=0.073505 spread=6.80bps bids=20 asks=20
2026-05-08 22:23:24,450 | INFO | SPREAD | pair=CHIP/USDC | cex=0.07348/0.07353 | dex_sell=0.0734916 dex_buy=0.0735521 | spread_a=-5.2bps spread_b=-9.8bps | min=30.0bps
2026-05-08 22:23:25,453 | INFO | fetch_order_book: symbol=CHIP/USDC limit=20
2026-05-08 22:23:25,712 | INFO | fetch_order_book: mid=0.073465 spread=4.08bps bids=20 asks=20
2026-05-08 22:23:26,533 | INFO | SPREAD | pair=CHIP/USDC | cex=0.07345/0.07348 | dex_sell=0.0735086 dex_buy=0.0735276 | spread_a=3.9bps spread_b=-10.6bps | min=30.0bps
2026-05-08 22:23:27,534 | INFO | fetch_order_book: symbol=CHIP/USDC limit=20
2026-05-08 22:23:27,795 | INFO | fetch_order_book: mid=0.07349 spread=5.44bps bids=20 asks=20
2026-05-08 22:23:28,679 | INFO | SPREAD | pair=CHIP/USDC | cex=0.07347/0.07351 | dex_sell=0.0734784 dex_buy=0.0734974 | spread_a=-4.3bps spread_b=-3.7bps | min=30.0bps
2026-05-08 22:23:29,682 | INFO | fetch_order_book: symbol=CHIP/USDC limit=20
2026-05-08 22:23:29,938 | INFO | fetch_order_book: mid=0.073495 spread=4.08bps bids=20 asks=20
2026-05-08 22:23:30,820 | INFO | SPREAD | pair=CHIP/USDC | cex=0.07348/0.07351 | dex_sell=0.0734784 dex_buy=0.0734974 | spread_a=-4.3bps spread_b=-2.4bps | min=30.0bps
2026-05-08 22:23:31,823 | INFO | fetch_order_book: symbol=CHIP/USDC limit=20
2026-05-08 22:23:32,078 | INFO | fetch_order_book: mid=0.073435 spread=4.09bps bids=20 asks=20
2026-05-08 22:23:32,918 | INFO | SPREAD | pair=CHIP/USDC | cex=0.07342/0.07345 | dex_sell=0.0734558 dex_buy=0.0734377 | spread_a=0.8bps spread_b=-2.4bps | min=30.0bps
2026-05-08 22:23:33,921 | INFO | fetch_order_book: symbol=CHIP/USDC limit=20
2026-05-08 22:23:34,181 | INFO | fetch_order_book: mid=0.07337 spread=2.73bps bids=20 asks=20
2026-05-08 22:23:35,038 | INFO | SPREAD | pair=CHIP/USDC | cex=0.07336/0.07338 | dex_sell=0.0733785 dex_buy=0.0733975 | spread_a=-0.2bps spread_b=-5.1bps | min=30.0bps
2026-05-08 22:23:36,042 | INFO | fetch_order_book: symbol=CHIP/USDC limit=20
2026-05-08 22:23:36,300 | INFO | fetch_order_book: mid=0.07338 spread=2.73bps bids=20 asks=20
2026-05-08 22:23:37,165 | INFO | SPREAD | pair=CHIP/USDC | cex=0.07337/0.07339 | dex_sell=0.0733785 dex_buy=0.0733975 | spread_a=-1.6bps spread_b=-3.8bps | min=30.0bps
2026-05-08 22:23:38,168 | INFO | fetch_order_book: symbol=CHIP/USDC limit=20
2026-05-08 22:23:38,424 | INFO | fetch_order_book: mid=0.073385 spread=4.09bps bids=20 asks=20
2026-05-08 22:23:39,343 | INFO | SPREAD | pair=CHIP/USDC | cex=0.07337/0.0734 | dex_sell=0.0733785 dex_buy=0.0733976 | spread_a=-2.9bps spread_b=-3.8bps | min=30.0bps
2026-05-08 22:23:40,347 | INFO | fetch_order_book: symbol=CHIP/USDC limit=20
2026-05-08 22:23:40,631 | INFO | fetch_order_book: mid=0.073375 spread=4.09bps bids=20 asks=20
2026-05-08 22:23:41,537 | INFO | SPREAD | pair=CHIP/USDC | cex=0.07336/0.07339 | dex_sell=0.0733785 dex_buy=0.0733975 | spread_a=-1.6bps spread_b=-5.1bps | min=30.0bps
2026-05-08 22:23:42,541 | INFO | fetch_order_book: symbol=CHIP/USDC limit=20
2026-05-08 22:23:42,802 | INFO | fetch_order_book: mid=0.073385 spread=4.09bps bids=20 asks=20
2026-05-08 22:23:43,692 | INFO | SPREAD | pair=CHIP/USDC | cex=0.07337/0.0734 | dex_sell=0.0733785 dex_buy=0.0733976 | spread_a=-2.9bps spread_b=-3.8bps | min=30.0bps
2026-05-08 22:23:44,695 | INFO | fetch_order_book: symbol=CHIP/USDC limit=20
2026-05-08 22:23:45,038 | INFO | fetch_order_book: mid=0.073385 spread=4.09bps bids=20 asks=20
2026-05-08 22:23:45,921 | INFO | SPREAD | pair=CHIP/USDC | cex=0.07337/0.0734 | dex_sell=0.0733785 dex_buy=0.0733976 | spread_a=-2.9bps spread_b=-3.8bps | min=30.0bps
2026-05-08 22:23:46,924 | INFO | fetch_order_book: symbol=CHIP/USDC limit=20
2026-05-08 22:23:47,199 | INFO | fetch_order_book: mid=0.073405 spread=4.09bps bids=20 asks=20
2026-05-08 22:23:48,022 | INFO | SPREAD | pair=CHIP/USDC | cex=0.07339/0.07342 | dex_sell=0.0733785 dex_buy=0.0733976 | spread_a=-5.6bps spread_b=-1.0bps | min=30.0bps
2026-05-08 22:23:49,025 | INFO | fetch_order_book: symbol=CHIP/USDC limit=20
2026-05-08 22:23:49,280 | INFO | fetch_order_book: mid=0.07337 spread=2.73bps bids=20 asks=20
2026-05-08 22:23:50,130 | INFO | SPREAD | pair=CHIP/USDC | cex=0.07336/0.07338 | dex_sell=0.0733785 dex_buy=0.0733975 | spread_a=-0.2bps spread_b=-5.1bps | min=30.0bps
2026-05-08 22:23:51,133 | INFO | fetch_order_book: symbol=CHIP/USDC limit=20
2026-05-08 22:23:51,396 | INFO | fetch_order_book: mid=0.07337 spread=2.73bps bids=20 asks=20
2026-05-08 22:23:52,285 | INFO | SPREAD | pair=CHIP/USDC | cex=0.07336/0.07338 | dex_sell=0.0733616 dex_buy=0.0733807 | spread_a=-2.5bps spread_b=-2.8bps | min=30.0bps
2026-05-08 22:23:53,290 | INFO | fetch_order_book: symbol=CHIP/USDC limit=20
2026-05-08 22:23:53,641 | INFO | fetch_order_book: mid=0.07334 spread=5.45bps bids=20 asks=20
2026-05-08 22:23:54,488 | INFO | SPREAD | pair=CHIP/USDC | cex=0.07332/0.07336 | dex_sell=0.0733616 dex_buy=0.0733807 | spread_a=0.2bps spread_b=-8.3bps | min=30.0bps
2026-05-08 22:23:55,491 | INFO | fetch_order_book: symbol=CHIP/USDC limit=20
2026-05-08 22:23:55,749 | INFO | fetch_order_book: mid=0.073365 spread=6.82bps bids=20 asks=20
2026-05-08 22:23:56,623 | INFO | SPREAD | pair=CHIP/USDC | cex=0.07334/0.07339 | dex_sell=0.0733616 dex_buy=0.0733807 | spread_a=-3.9bps spread_b=-5.5bps | min=30.0bps
2026-05-08 22:23:57,626 | INFO | fetch_order_book: symbol=CHIP/USDC limit=20
2026-05-08 22:23:57,890 | INFO | fetch_order_book: mid=0.073255 spread=4.10bps bids=20 asks=20
2026-05-08 22:23:58,724 | INFO | SPREAD | pair=CHIP/USDC | cex=0.07324/0.07327 | dex_sell=0.0733616 dex_buy=0.0733229 | spread_a=12.5bps spread_b=-11.3bps | min=30.0bps
2026-05-08 22:23:59,727 | INFO | fetch_order_book: symbol=CHIP/USDC limit=20
2026-05-08 22:23:59,989 | INFO | fetch_order_book: mid=0.07336 spread=5.45bps bids=20 asks=20
2026-05-08 22:24:00,880 | INFO | SPREAD | pair=CHIP/USDC | cex=0.07334/0.07338 | dex_sell=0.0732931 dex_buy=0.0733523 | spread_a=-11.8bps spread_b=-1.7bps | min=30.0bps
2026-05-08 22:24:01,884 | INFO | fetch_order_book: symbol=CHIP/USDC limit=20
2026-05-08 22:24:02,141 | INFO | fetch_order_book: mid=0.07338 spread=5.45bps bids=20 asks=20
2026-05-08 22:24:03,001 | INFO | SPREAD | pair=CHIP/USDC | cex=0.07336/0.0734 | dex_sell=0.0733333 dex_buy=0.0733523 | spread_a=-9.1bps spread_b=1.1bps | min=30.0bps
2026-05-08 22:24:04,004 | INFO | fetch_order_book: symbol=CHIP/USDC limit=20
2026-05-08 22:24:04,269 | INFO | fetch_order_book: mid=0.073375 spread=6.81bps bids=20 asks=20
2026-05-08 22:24:05,162 | INFO | SPREAD | pair=CHIP/USDC | cex=0.07335/0.0734 | dex_sell=0.0733333 dex_buy=0.0733523 | spread_a=-9.1bps spread_b=-0.3bps | min=30.0bps
2026-05-08 22:24:06,165 | INFO | fetch_order_book: symbol=CHIP/USDC limit=20
2026-05-08 22:24:06,427 | INFO | fetch_order_book: mid=0.073385 spread=4.09bps bids=20 asks=20
2026-05-08 22:24:07,362 | INFO | SPREAD | pair=CHIP/USDC | cex=0.07337/0.0734 | dex_sell=0.0733333 dex_buy=0.0733523 | spread_a=-9.1bps spread_b=2.4bps | min=30.0bps
2026-05-08 22:24:08,365 | INFO | fetch_order_book: symbol=CHIP/USDC limit=20
2026-05-08 22:24:08,621 | INFO | fetch_order_book: mid=0.073375 spread=6.81bps bids=20 asks=20
2026-05-08 22:24:09,472 | INFO | SPREAD | pair=CHIP/USDC | cex=0.07335/0.0734 | dex_sell=0.0733333 dex_buy=0.0733523 | spread_a=-9.1bps spread_b=-0.3bps | min=30.0bps
2026-05-08 22:24:10,476 | INFO | fetch_order_book: symbol=CHIP/USDC limit=20
2026-05-08 22:24:10,735 | INFO | fetch_order_book: mid=0.07338 spread=5.45bps bids=20 asks=20
2026-05-08 22:24:11,681 | INFO | SPREAD | pair=CHIP/USDC | cex=0.07336/0.0734 | dex_sell=0.0733631 dex_buy=0.0733821 | spread_a=-5.0bps spread_b=-3.0bps | min=30.0bps
2026-05-08 22:24:12,684 | INFO | fetch_order_book: symbol=CHIP/USDC limit=20
2026-05-08 22:24:12,991 | INFO | fetch_order_book: mid=0.07334 spread=5.45bps bids=20 asks=20
2026-05-08 22:24:13,898 | INFO | SPREAD | pair=CHIP/USDC | cex=0.07332/0.07336 | dex_sell=0.0733384 dex_buy=0.0733574 | spread_a=-2.9bps spread_b=-5.1bps | min=30.0bps
2026-05-08 22:24:14,901 | INFO | fetch_order_book: symbol=CHIP/USDC limit=20
2026-05-08 22:24:15,161 | INFO | fetch_order_book: mid=0.073295 spread=4.09bps bids=20 asks=20
2026-05-08 22:24:16,047 | INFO | SPREAD | pair=CHIP/USDC | cex=0.07328/0.07331 | dex_sell=0.0732786 dex_buy=0.0732976 | spread_a=-4.3bps spread_b=-2.4bps | min=30.0bps
2026-05-08 22:24:17,051 | INFO | fetch_order_book: symbol=CHIP/USDC limit=20
2026-05-08 22:24:17,315 | INFO | fetch_order_book: mid=0.07321 spread=2.73bps bids=20 asks=20
2026-05-08 22:24:18,121 | INFO | SPREAD | pair=CHIP/USDC | cex=0.0732/0.07322 | dex_sell=0.0732587 dex_buy=0.0732777 | spread_a=5.3bps spread_b=-10.6bps | min=30.0bps
2026-05-08 22:24:19,125 | INFO | fetch_order_book: symbol=CHIP/USDC limit=20
2026-05-08 22:24:19,448 | INFO | fetch_order_book: mid=0.07315 spread=2.73bps bids=20 asks=20
2026-05-08 22:24:20,284 | INFO | SPREAD | pair=CHIP/USDC | cex=0.07314/0.07316 | dex_sell=0.0732118 dex_buy=0.0732308 | spread_a=7.1bps spread_b=-12.4bps | min=30.0bps
2026-05-08 22:24:21,288 | INFO | fetch_order_book: symbol=CHIP/USDC limit=20
2026-05-08 22:24:21,617 | INFO | fetch_order_book: mid=0.073145 spread=4.10bps bids=20 asks=20
2026-05-08 22:24:22,485 | INFO | SPREAD | pair=CHIP/USDC | cex=0.07313/0.07316 | dex_sell=0.0732118 dex_buy=0.0732308 | spread_a=7.1bps spread_b=-13.8bps | min=30.0bps
2026-05-08 22:24:23,488 | INFO | fetch_order_book: symbol=CHIP/USDC limit=20
2026-05-08 22:24:23,744 | INFO | fetch_order_book: mid=0.073155 spread=6.83bps bids=20 asks=20
2026-05-08 22:24:24,641 | INFO | SPREAD | pair=CHIP/USDC | cex=0.07313/0.07318 | dex_sell=0.0731768 dex_buy=0.0731942 | spread_a=-0.4bps spread_b=-8.8bps | min=30.0bps
2026-05-08 22:24:25,644 | INFO | fetch_order_book: symbol=CHIP/USDC limit=20
2026-05-08 22:24:25,913 | INFO | fetch_order_book: mid=0.073155 spread=6.83bps bids=20 asks=20
2026-05-08 22:24:26,766 | INFO | SPREAD | pair=CHIP/USDC | cex=0.07313/0.07318 | dex_sell=0.0731653 dex_buy=0.0731813 | spread_a=-2.0bps spread_b=-7.0bps | min=30.0bps
2026-05-08 22:24:27,769 | INFO | fetch_order_book: symbol=CHIP/USDC limit=20
2026-05-08 22:24:28,152 | INFO | fetch_order_book: mid=0.07316 spread=8.20bps bids=20 asks=20
2026-05-08 22:24:29,082 | INFO | SPREAD | pair=CHIP/USDC | cex=0.07313/0.07319 | dex_sell=0.0731653 dex_buy=0.0731813 | spread_a=-3.4bps spread_b=-7.0bps | min=30.0bps
2026-05-08 22:24:30,085 | INFO | fetch_order_book: symbol=CHIP/USDC limit=20
2026-05-08 22:24:30,348 | INFO | fetch_order_book: mid=0.07315 spread=5.47bps bids=20 asks=20
2026-05-08 22:24:31,190 | INFO | SPREAD | pair=CHIP/USDC | cex=0.07313/0.07317 | dex_sell=0.0731653 dex_buy=0.0731813 | spread_a=-0.6bps spread_b=-7.0bps | min=30.0bps
2026-05-08 22:24:32,193 | INFO | fetch_order_book: symbol=CHIP/USDC limit=20
2026-05-08 22:24:32,769 | INFO | fetch_order_book: mid=0.073135 spread=6.84bps bids=20 asks=20
2026-05-08 22:24:33,632 | INFO | SPREAD | pair=CHIP/USDC | cex=0.07311/0.07316 | dex_sell=0.0731653 dex_buy=0.0731813 | spread_a=0.7bps spread_b=-9.7bps | min=30.0bps
2026-05-08 22:24:34,635 | INFO | fetch_order_book: symbol=CHIP/USDC limit=20
2026-05-08 22:24:34,892 | INFO | fetch_order_book: mid=0.073175 spread=6.83bps bids=20 asks=20
2026-05-08 22:24:35,748 | INFO | SPREAD | pair=CHIP/USDC | cex=0.07315/0.0732 | dex_sell=0.0731653 dex_buy=0.0731813 | spread_a=-4.7bps spread_b=-4.3bps | min=30.0bps
2026-05-08 22:24:36,751 | INFO | fetch_order_book: symbol=CHIP/USDC limit=20
2026-05-08 22:24:37,009 | INFO | fetch_order_book: mid=0.073175 spread=6.83bps bids=20 asks=20
2026-05-08 22:24:37,916 | INFO | SPREAD | pair=CHIP/USDC | cex=0.07315/0.0732 | dex_sell=0.0731769 dex_buy=0.0731943 | spread_a=-3.2bps spread_b=-6.1bps | min=30.0bps
2026-05-08 22:24:38,920 | INFO | fetch_order_book: symbol=CHIP/USDC limit=20
2026-05-08 22:24:39,177 | INFO | fetch_order_book: mid=0.07316 spread=5.47bps bids=20 asks=20
2026-05-08 22:24:40,063 | INFO | SPREAD | pair=CHIP/USDC | cex=0.07314/0.07318 | dex_sell=0.0731769 dex_buy=0.0731943 | spread_a=-0.4bps spread_b=-7.4bps | min=30.0bps
2026-05-08 22:24:41,066 | INFO | fetch_order_book: symbol=CHIP/USDC limit=20
2026-05-08 22:24:41,322 | INFO | fetch_order_book: mid=0.07315 spread=8.20bps bids=20 asks=20
2026-05-08 22:24:42,190 | INFO | SPREAD | pair=CHIP/USDC | cex=0.07312/0.07318 | dex_sell=0.0731654 dex_buy=0.0731813 | spread_a=-2.0bps spread_b=-8.4bps | min=30.0bps
2026-05-08 22:24:43,193 | INFO | fetch_order_book: symbol=CHIP/USDC limit=20
2026-05-08 22:24:43,463 | INFO | fetch_order_book: mid=0.07314 spread=5.47bps bids=20 asks=20
2026-05-08 22:24:44,391 | INFO | SPREAD | pair=CHIP/USDC | cex=0.07312/0.07316 | dex_sell=0.0731654 dex_buy=0.0731813 | spread_a=0.7bps spread_b=-8.4bps | min=30.0bps
2026-05-08 22:24:45,394 | INFO | fetch_order_book: symbol=CHIP/USDC limit=20
2026-05-08 22:24:45,657 | INFO | fetch_order_book: mid=0.07313 spread=5.47bps bids=20 asks=20
2026-05-08 22:24:46,544 | INFO | SPREAD | pair=CHIP/USDC | cex=0.07311/0.07315 | dex_sell=0.0731405 dex_buy=0.0731564 | spread_a=-1.3bps spread_b=-6.3bps | min=30.0bps
2026-05-08 22:24:47,547 | INFO | fetch_order_book: symbol=CHIP/USDC limit=20
2026-05-08 22:24:47,803 | INFO | fetch_order_book: mid=0.073145 spread=6.84bps bids=20 asks=20
2026-05-08 22:24:48,678 | INFO | SPREAD | pair=CHIP/USDC | cex=0.07312/0.07317 | dex_sell=0.0731405 dex_buy=0.0731564 | spread_a=-4.0bps spread_b=-5.0bps | min=30.0bps
2026-05-08 22:24:49,682 | INFO | fetch_order_book: symbol=CHIP/USDC limit=20
2026-05-08 22:24:49,939 | INFO | fetch_order_book: mid=0.07313 spread=8.20bps bids=20 asks=20
2026-05-08 22:24:50,813 | INFO | SPREAD | pair=CHIP/USDC | cex=0.0731/0.07316 | dex_sell=0.0731405 dex_buy=0.0731564 | spread_a=-2.7bps spread_b=-7.7bps | min=30.0bps
2026-05-08 22:24:51,817 | INFO | fetch_order_book: symbol=CHIP/USDC limit=20
2026-05-08 22:24:52,073 | INFO | fetch_order_book: mid=0.073155 spread=6.83bps bids=20 asks=20
2026-05-08 22:24:52,911 | INFO | SPREAD | pair=CHIP/USDC | cex=0.07313/0.07318 | dex_sell=0.0731647 dex_buy=0.0731807 | spread_a=-2.1bps spread_b=-6.9bps | min=30.0bps
2026-05-08 22:24:53,914 | INFO | fetch_order_book: symbol=CHIP/USDC limit=20
2026-05-08 22:24:54,189 | INFO | fetch_order_book: mid=0.07315 spread=5.47bps bids=20 asks=20
2026-05-08 22:24:55,034 | INFO | SPREAD | pair=CHIP/USDC | cex=0.07313/0.07317 | dex_sell=0.0731647 dex_buy=0.0731807 | spread_a=-0.7bps spread_b=-6.9bps | min=30.0bps
2026-05-08 22:24:56,037 | INFO | fetch_order_book: symbol=CHIP/USDC limit=20
2026-05-08 22:24:56,303 | INFO | fetch_order_book: mid=0.07317 spread=2.73bps bids=20 asks=20
2026-05-08 22:24:57,224 | INFO | SPREAD | pair=CHIP/USDC | cex=0.07316/0.07318 | dex_sell=0.0731647 dex_buy=0.0731942 | spread_a=-2.1bps spread_b=-4.7bps | min=30.0bps
2026-05-08 22:24:58,229 | INFO | fetch_order_book: symbol=CHIP/USDC limit=20
2026-05-08 22:24:58,490 | INFO | fetch_order_book: mid=0.07316 spread=5.47bps bids=20 asks=20
2026-05-08 22:24:59,405 | INFO | SPREAD | pair=CHIP/USDC | cex=0.07314/0.07318 | dex_sell=0.07316 dex_buy=0.073176 | spread_a=-2.7bps spread_b=-4.9bps | min=30.0bps
2026-05-08 22:25:00,408 | INFO | fetch_order_book: symbol=CHIP/USDC limit=20
2026-05-08 22:25:00,666 | INFO | fetch_order_book: mid=0.07319 spread=2.73bps bids=20 asks=20
2026-05-08 22:25:01,560 | INFO | SPREAD | pair=CHIP/USDC | cex=0.07318/0.0732 | dex_sell=0.0731747 dex_buy=0.0731907 | spread_a=-3.5bps spread_b=-1.5bps | min=30.0bps
2026-05-08 22:25:02,563 | INFO | fetch_order_book: symbol=CHIP/USDC limit=20
2026-05-08 22:25:02,825 | INFO | fetch_order_book: mid=0.07313 spread=2.73bps bids=20 asks=20
2026-05-08 22:25:03,716 | INFO | SPREAD | pair=CHIP/USDC | cex=0.07312/0.07314 | dex_sell=0.0731601 dex_buy=0.0731719 | spread_a=2.8bps spread_b=-7.1bps | min=30.0bps
2026-05-08 22:25:04,719 | INFO | fetch_order_book: symbol=CHIP/USDC limit=20
2026-05-08 22:25:04,989 | INFO | fetch_order_book: mid=0.07312 spread=5.47bps bids=20 asks=20
2026-05-08 22:25:05,910 | INFO | SPREAD | pair=CHIP/USDC | cex=0.0731/0.07314 | dex_sell=0.0731559 dex_buy=0.0731625 | spread_a=2.2bps spread_b=-8.5bps | min=30.0bps
2026-05-08 22:25:06,914 | INFO | fetch_order_book: symbol=CHIP/USDC limit=20
2026-05-08 22:25:07,265 | INFO | fetch_order_book: mid=0.07303 spread=5.48bps bids=20 asks=20
2026-05-08 22:25:08,112 | INFO | SPREAD | pair=CHIP/USDC | cex=0.07301/0.07305 | dex_sell=0.0730177 dex_buy=0.0730336 | spread_a=-4.4bps spread_b=-3.2bps | min=30.0bps
2026-05-08 22:25:09,116 | INFO | fetch_order_book: symbol=CHIP/USDC limit=20
2026-05-08 22:25:09,375 | INFO | fetch_order_book: mid=0.07304 spread=5.48bps bids=20 asks=20
2026-05-08 22:25:10,237 | INFO | SPREAD | pair=CHIP/USDC | cex=0.07302/0.07306 | dex_sell=0.0730598 dex_buy=0.0730757 | spread_a=-0.0bps spread_b=-7.6bps | min=30.0bps
2026-05-08 22:25:11,238 | INFO | fetch_order_book: symbol=CHIP/USDC limit=20
2026-05-08 22:25:11,542 | INFO | fetch_order_book: mid=0.07303 spread=5.48bps bids=20 asks=20
2026-05-08 22:25:12,436 | INFO | SPREAD | pair=CHIP/USDC | cex=0.07301/0.07305 | dex_sell=0.0730598 dex_buy=0.0730757 | spread_a=1.3bps spread_b=-9.0bps | min=30.0bps
2026-05-08 22:25:13,439 | INFO | fetch_order_book: symbol=CHIP/USDC limit=20
2026-05-08 22:25:13,825 | INFO | fetch_order_book: mid=0.07300 spread=5.48bps bids=20 asks=20
2026-05-08 22:25:14,712 | INFO | SPREAD | pair=CHIP/USDC | cex=0.07298/0.07302 | dex_sell=0.0730083 dex_buy=0.0730243 | spread_a=-1.6bps spread_b=-6.1bps | min=30.0bps
2026-05-08 22:25:15,716 | INFO | fetch_order_book: symbol=CHIP/USDC limit=20
2026-05-08 22:25:15,975 | INFO | fetch_order_book: mid=0.073095 spread=6.84bps bids=20 asks=20
2026-05-08 22:25:16,869 | INFO | SPREAD | pair=CHIP/USDC | cex=0.07307/0.07312 | dex_sell=0.0730958 dex_buy=0.0731118 | spread_a=-3.3bps spread_b=-5.7bps | min=30.0bps
2026-05-08 22:25:17,873 | INFO | fetch_order_book: symbol=CHIP/USDC limit=20
2026-05-08 22:25:18,221 | INFO | fetch_order_book: mid=0.073125 spread=4.10bps bids=20 asks=20
2026-05-08 22:25:19,088 | INFO | SPREAD | pair=CHIP/USDC | cex=0.07311/0.07314 | dex_sell=0.0731433 dex_buy=0.0731593 | spread_a=0.5bps spread_b=-6.7bps | min=30.0bps
2026-05-08 22:25:20,091 | INFO | fetch_order_book: symbol=CHIP/USDC limit=20
2026-05-08 22:25:20,346 | INFO | fetch_order_book: mid=0.07313 spread=5.47bps bids=20 asks=20
2026-05-08 22:25:21,173 | INFO | SPREAD | pair=CHIP/USDC | cex=0.07311/0.07315 | dex_sell=0.0731433 dex_buy=0.0731593 | spread_a=-0.9bps spread_b=-6.7bps | min=30.0bps
2026-05-08 22:25:22,176 | INFO | fetch_order_book: symbol=CHIP/USDC limit=20
2026-05-08 22:25:22,435 | INFO | fetch_order_book: mid=0.07310 spread=8.21bps bids=20 asks=20
2026-05-08 22:25:23,339 | INFO | SPREAD | pair=CHIP/USDC | cex=0.07307/0.07313 | dex_sell=0.0731172 dex_buy=0.0731332 | spread_a=-1.7bps spread_b=-8.6bps | min=30.0bps
2026-05-08 22:25:24,343 | INFO | fetch_order_book: symbol=CHIP/USDC limit=20
2026-05-08 22:25:24,599 | INFO | fetch_order_book: mid=0.073055 spread=4.11bps bids=20 asks=20
2026-05-08 22:25:25,463 | INFO | SPREAD | pair=CHIP/USDC | cex=0.07304/0.07307 | dex_sell=0.0730965 dex_buy=0.0731124 | spread_a=3.6bps spread_b=-9.9bps | min=30.0bps
2026-05-08 22:25:26,466 | INFO | fetch_order_book: symbol=CHIP/USDC limit=20
2026-05-08 22:25:26,723 | INFO | fetch_order_book: mid=0.07307 spread=5.47bps bids=20 asks=20
2026-05-08 22:25:27,580 | INFO | SPREAD | pair=CHIP/USDC | cex=0.07305/0.07309 | dex_sell=0.0730965 dex_buy=0.0731124 | spread_a=0.9bps spread_b=-8.5bps | min=30.0bps
2026-05-08 22:25:28,584 | INFO | fetch_order_book: symbol=CHIP/USDC limit=20
2026-05-08 22:25:28,839 | INFO | fetch_order_book: mid=0.07307 spread=5.47bps bids=20 asks=20
2026-05-08 22:25:29,709 | INFO | SPREAD | pair=CHIP/USDC | cex=0.07305/0.07309 | dex_sell=0.073075 dex_buy=0.0730909 | spread_a=-2.1bps spread_b=-5.6bps | min=30.0bps
2026-05-08 22:25:30,712 | INFO | fetch_order_book: symbol=CHIP/USDC limit=20
2026-05-08 22:25:30,969 | INFO | fetch_order_book: mid=0.07310 spread=5.47bps bids=20 asks=20
2026-05-08 22:25:31,878 | INFO | SPREAD | pair=CHIP/USDC | cex=0.07308/0.07312 | dex_sell=0.0730847 dex_buy=0.0731007 | spread_a=-4.8bps spread_b=-2.8bps | min=30.0bps
2026-05-08 22:25:32,881 | INFO | fetch_order_book: symbol=CHIP/USDC limit=20
2026-05-08 22:25:33,141 | INFO | fetch_order_book: mid=0.07309 spread=2.74bps bids=20 asks=20
2026-05-08 22:25:33,978 | INFO | SPREAD | pair=CHIP/USDC | cex=0.07308/0.0731 | dex_sell=0.0731142 dex_buy=0.0731301 | spread_a=1.9bps spread_b=-6.9bps | min=30.0bps
2026-05-08 22:25:34,982 | INFO | fetch_order_book: symbol=CHIP/USDC limit=20
2026-05-08 22:25:35,326 | INFO | fetch_order_book: mid=0.07305 spread=2.74bps bids=20 asks=20
2026-05-08 22:25:36,270 | INFO | SPREAD | pair=CHIP/USDC | cex=0.07304/0.07306 | dex_sell=0.0730632 dex_buy=0.0730792 | spread_a=0.4bps spread_b=-5.4bps | min=30.0bps
2026-05-08 22:25:37,273 | INFO | fetch_order_book: symbol=CHIP/USDC limit=20
2026-05-08 22:25:37,529 | INFO | fetch_order_book: mid=0.073025 spread=6.85bps bids=20 asks=20
2026-05-08 22:25:38,393 | INFO | SPREAD | pair=CHIP/USDC | cex=0.073/0.07305 | dex_sell=0.0730632 dex_buy=0.0730792 | spread_a=1.8bps spread_b=-10.8bps | min=30.0bps
2026-05-08 22:25:39,397 | INFO | fetch_order_book: symbol=CHIP/USDC limit=20
2026-05-08 22:25:39,652 | INFO | fetch_order_book: mid=0.07303 spread=8.22bps bids=20 asks=20
2026-05-08 22:25:40,591 | INFO | SPREAD | pair=CHIP/USDC | cex=0.073/0.07306 | dex_sell=0.0730632 dex_buy=0.0730792 | spread_a=0.4bps spread_b=-10.8bps | min=30.0bps
2026-05-08 22:25:41,592 | INFO | fetch_order_book: symbol=CHIP/USDC limit=20
2026-05-08 22:25:41,848 | INFO | fetch_order_book: mid=0.073095 spread=6.84bps bids=20 asks=20
2026-05-08 22:25:42,700 | INFO | SPREAD | pair=CHIP/USDC | cex=0.07307/0.07312 | dex_sell=0.0731078 dex_buy=0.0731238 | spread_a=-1.7bps spread_b=-7.4bps | min=30.0bps
2026-05-08 22:25:43,703 | INFO | fetch_order_book: symbol=CHIP/USDC limit=20
2026-05-08 22:25:44,024 | INFO | fetch_order_book: mid=0.073105 spread=4.10bps bids=20 asks=20
2026-05-08 22:25:44,873 | INFO | SPREAD | pair=CHIP/USDC | cex=0.07309/0.07312 | dex_sell=0.0731078 dex_buy=0.0731238 | spread_a=-1.7bps spread_b=-4.6bps | min=30.0bps
2026-05-08 22:25:45,876 | INFO | fetch_order_book: symbol=CHIP/USDC limit=20
2026-05-08 22:25:46,137 | INFO | fetch_order_book: mid=0.07315 spread=2.73bps bids=20 asks=20
2026-05-08 22:25:47,057 | INFO | SPREAD | pair=CHIP/USDC | cex=0.07314/0.07316 | dex_sell=0.0731078 dex_buy=0.0731406 | spread_a=-7.1bps spread_b=-0.1bps | min=30.0bps
2026-05-08 22:25:48,060 | INFO | fetch_order_book: symbol=CHIP/USDC limit=20
2026-05-08 22:25:48,330 | INFO | fetch_order_book: mid=0.073175 spread=6.83bps bids=20 asks=20
2026-05-08 22:25:49,234 | INFO | SPREAD | pair=CHIP/USDC | cex=0.07315/0.0732 | dex_sell=0.0731746 dex_buy=0.0731906 | spread_a=-3.5bps spread_b=-5.5bps | min=30.0bps
2026-05-08 22:25:50,238 | INFO | fetch_order_book: symbol=CHIP/USDC limit=20
2026-05-08 22:25:50,507 | INFO | fetch_order_book: mid=0.073185 spread=6.83bps bids=20 asks=20
2026-05-08 22:25:51,430 | INFO | SPREAD | pair=CHIP/USDC | cex=0.07316/0.07321 | dex_sell=0.0731746 dex_buy=0.0731906 | spread_a=-4.8bps spread_b=-4.2bps | min=30.0bps
2026-05-08 22:25:52,432 | INFO | fetch_order_book: symbol=CHIP/USDC limit=20
2026-05-08 22:25:52,691 | INFO | fetch_order_book: mid=0.07318 spread=8.20bps bids=20 asks=20
2026-05-08 22:25:53,580 | INFO | SPREAD | pair=CHIP/USDC | cex=0.07315/0.07321 | dex_sell=0.0731932 dex_buy=0.0732121 | spread_a=-2.3bps spread_b=-8.5bps | min=30.0bps
2026-05-08 22:25:54,584 | INFO | fetch_order_book: symbol=CHIP/USDC limit=20
2026-05-08 22:25:54,841 | INFO | fetch_order_book: mid=0.073145 spread=6.84bps bids=20 asks=20
2026-05-08 22:25:55,746 | INFO | SPREAD | pair=CHIP/USDC | cex=0.07312/0.07317 | dex_sell=0.073173 dex_buy=0.073189 | spread_a=0.4bps spread_b=-9.4bps | min=30.0bps
2026-05-08 22:25:56,749 | INFO | fetch_order_book: symbol=CHIP/USDC limit=20
2026-05-08 22:25:57,062 | INFO | fetch_order_book: mid=0.073145 spread=6.84bps bids=20 asks=20
2026-05-08 22:25:57,937 | INFO | SPREAD | pair=CHIP/USDC | cex=0.07312/0.07317 | dex_sell=0.0731578 dex_buy=0.0731738 | spread_a=-1.7bps spread_b=-7.3bps | min=30.0bps
2026-05-08 22:25:58,941 | INFO | fetch_order_book: symbol=CHIP/USDC limit=20
2026-05-08 22:25:59,199 | INFO | fetch_order_book: mid=0.073135 spread=4.10bps bids=20 asks=20
2026-05-08 22:26:00,046 | INFO | SPREAD | pair=CHIP/USDC | cex=0.07312/0.07315 | dex_sell=0.0731578 dex_buy=0.0731738 | spread_a=1.1bps spread_b=-7.3bps | min=30.0bps
2026-05-08 22:26:01,049 | INFO | fetch_order_book: symbol=CHIP/USDC limit=20
2026-05-08 22:26:01,546 | INFO | fetch_order_book: mid=0.073115 spread=6.84bps bids=20 asks=20
2026-05-08 22:26:02,426 | INFO | SPREAD | pair=CHIP/USDC | cex=0.07309/0.07314 | dex_sell=0.0731578 dex_buy=0.0731738 | spread_a=2.4bps spread_b=-11.4bps | min=30.0bps
2026-05-08 22:26:03,429 | INFO | fetch_order_book: symbol=CHIP/USDC limit=20
2026-05-08 22:26:03,789 | INFO | fetch_order_book: mid=0.07311 spread=5.47bps bids=20 asks=20
2026-05-08 22:26:04,636 | INFO | SPREAD | pair=CHIP/USDC | cex=0.07309/0.07313 | dex_sell=0.0731357 dex_buy=0.0731517 | spread_a=0.8bps spread_b=-8.4bps | min=30.0bps
2026-05-08 22:26:05,639 | INFO | fetch_order_book: symbol=CHIP/USDC limit=20
2026-05-08 22:26:05,893 | INFO | fetch_order_book: mid=0.07312 spread=8.21bps bids=20 asks=20
2026-05-08 22:26:06,799 | INFO | SPREAD | pair=CHIP/USDC | cex=0.07309/0.07315 | dex_sell=0.0731357 dex_buy=0.0731327 | spread_a=-2.0bps spread_b=-5.8bps | min=30.0bps
2026-05-08 22:26:07,802 | INFO | fetch_order_book: symbol=CHIP/USDC limit=20
2026-05-08 22:26:08,061 | INFO | fetch_order_book: mid=0.07309 spread=8.21bps bids=20 asks=20
2026-05-08 22:26:08,936 | INFO | SPREAD | pair=CHIP/USDC | cex=0.07306/0.07312 | dex_sell=0.0731167 dex_buy=0.0731327 | spread_a=-0.4bps spread_b=-9.9bps | min=30.0bps
2026-05-08 22:26:09,939 | INFO | fetch_order_book: symbol=CHIP/USDC limit=20
2026-05-08 22:26:10,198 | INFO | fetch_order_book: mid=0.07305 spread=2.74bps bids=20 asks=20
2026-05-08 22:26:11,090 | INFO | SPREAD | pair=CHIP/USDC | cex=0.07304/0.07306 | dex_sell=0.0730727 dex_buy=0.0730886 | spread_a=1.7bps spread_b=-6.7bps | min=30.0bps
2026-05-08 22:26:12,093 | INFO | fetch_order_book: symbol=CHIP/USDC limit=20
2026-05-08 22:26:12,352 | INFO | fetch_order_book: mid=0.07304 spread=5.48bps bids=20 asks=20
2026-05-08 22:26:13,277 | INFO | SPREAD | pair=CHIP/USDC | cex=0.07302/0.07306 | dex_sell=0.0730443 dex_buy=0.0730602 | spread_a=-2.2bps spread_b=-5.5bps | min=30.0bps
2026-05-08 22:26:14,281 | INFO | fetch_order_book: symbol=CHIP/USDC limit=20
2026-05-08 22:26:14,537 | INFO | fetch_order_book: mid=0.07304 spread=5.48bps bids=20 asks=20
2026-05-08 22:26:15,404 | INFO | SPREAD | pair=CHIP/USDC | cex=0.07302/0.07306 | dex_sell=0.0730443 dex_buy=0.0730602 | spread_a=-2.2bps spread_b=-5.5bps | min=30.0bps
2026-05-08 22:26:16,407 | INFO | fetch_order_book: symbol=CHIP/USDC limit=20
2026-05-08 22:26:16,669 | INFO | fetch_order_book: mid=0.07305 spread=5.48bps bids=20 asks=20
2026-05-08 22:26:17,526 | INFO | SPREAD | pair=CHIP/USDC | cex=0.07303/0.07307 | dex_sell=0.0730443 dex_buy=0.0730602 | spread_a=-3.5bps spread_b=-4.1bps | min=30.0bps
2026-05-08 22:26:18,529 | INFO | fetch_order_book: symbol=CHIP/USDC limit=20
2026-05-08 22:26:18,784 | INFO | fetch_order_book: mid=0.07305 spread=5.48bps bids=20 asks=20
2026-05-08 22:26:19,674 | INFO | SPREAD | pair=CHIP/USDC | cex=0.07303/0.07307 | dex_sell=0.0730443 dex_buy=0.0730602 | spread_a=-3.5bps spread_b=-4.1bps | min=30.0bps
2026-05-08 22:26:20,676 | INFO | fetch_order_book: symbol=CHIP/USDC limit=20
2026-05-08 22:26:20,933 | INFO | fetch_order_book: mid=0.07311 spread=2.74bps bids=20 asks=20
2026-05-08 22:26:21,869 | INFO | SPREAD | pair=CHIP/USDC | cex=0.0731/0.07312 | dex_sell=0.0730443 dex_buy=0.0731007 | spread_a=-10.4bps spread_b=-0.1bps | min=30.0bps
2026-05-08 22:26:22,873 | INFO | fetch_order_book: symbol=CHIP/USDC limit=20
2026-05-08 22:26:23,143 | INFO | fetch_order_book: mid=0.073145 spread=4.10bps bids=20 asks=20
2026-05-08 22:26:23,959 | INFO | SPREAD | pair=CHIP/USDC | cex=0.07313/0.07316 | dex_sell=0.0731047 dex_buy=0.0731206 | spread_a=-7.6bps spread_b=1.3bps | min=30.0bps
2026-05-08 22:26:24,963 | INFO | fetch_order_book: symbol=CHIP/USDC limit=20
2026-05-08 22:26:25,297 | INFO | fetch_order_book: mid=0.07308 spread=8.21bps bids=20 asks=20
2026-05-08 22:26:26,184 | INFO | SPREAD | pair=CHIP/USDC | cex=0.07305/0.07311 | dex_sell=0.0731447 dex_buy=0.0731607 | spread_a=4.8bps spread_b=-15.1bps | min=30.0bps
2026-05-08 22:26:27,187 | INFO | fetch_order_book: symbol=CHIP/USDC limit=20
2026-05-08 22:26:27,444 | INFO | fetch_order_book: mid=0.07306 spread=5.47bps bids=20 asks=20
2026-05-08 22:26:28,316 | INFO | SPREAD | pair=CHIP/USDC | cex=0.07304/0.07308 | dex_sell=0.0730902 dex_buy=0.0730861 | spread_a=1.4bps spread_b=-6.3bps | min=30.0bps
2026-05-08 22:26:29,318 | INFO | fetch_order_book: symbol=CHIP/USDC limit=20
2026-05-08 22:26:29,579 | INFO | fetch_order_book: mid=0.073075 spread=4.11bps bids=20 asks=20
2026-05-08 22:26:30,445 | INFO | SPREAD | pair=CHIP/USDC | cex=0.07306/0.07309 | dex_sell=0.0730701 dex_buy=0.0730861 | spread_a=-2.7bps spread_b=-3.6bps | min=30.0bps
2026-05-08 22:26:31,448 | INFO | fetch_order_book: symbol=CHIP/USDC limit=20
2026-05-08 22:26:31,706 | INFO | fetch_order_book: mid=0.073095 spread=6.84bps bids=20 asks=20
2026-05-08 22:26:32,536 | INFO | SPREAD | pair=CHIP/USDC | cex=0.07307/0.07312 | dex_sell=0.0730701 dex_buy=0.0730861 | spread_a=-6.8bps spread_b=-2.2bps | min=30.0bps
2026-05-08 22:26:33,539 | INFO | fetch_order_book: symbol=CHIP/USDC limit=20
2026-05-08 22:26:33,797 | INFO | fetch_order_book: mid=0.073095 spread=6.84bps bids=20 asks=20
2026-05-08 22:26:34,734 | INFO | SPREAD | pair=CHIP/USDC | cex=0.07307/0.07312 | dex_sell=0.0730701 dex_buy=0.0730861 | spread_a=-6.8bps spread_b=-2.2bps | min=30.0bps
2026-05-08 22:26:35,737 | INFO | fetch_order_book: symbol=CHIP/USDC limit=20
2026-05-08 22:26:35,996 | INFO | fetch_order_book: mid=0.073115 spread=6.84bps bids=20 asks=20
2026-05-08 22:26:36,865 | INFO | SPREAD | pair=CHIP/USDC | cex=0.07309/0.07314 | dex_sell=0.0730848 dex_buy=0.0731007 | spread_a=-7.6bps spread_b=-1.5bps | min=30.0bps
2026-05-08 22:26:37,869 | INFO | fetch_order_book: symbol=CHIP/USDC limit=20
2026-05-08 22:26:38,127 | INFO | fetch_order_book: mid=0.07318 spread=5.47bps bids=20 asks=20
2026-05-08 22:26:38,973 | INFO | SPREAD | pair=CHIP/USDC | cex=0.07316/0.0732 | dex_sell=0.073129 dex_buy=0.0731924 | spread_a=-9.7bps spread_b=-4.4bps | min=30.0bps
2026-05-08 22:26:39,976 | INFO | fetch_order_book: symbol=CHIP/USDC limit=20
2026-05-08 22:26:40,309 | INFO | fetch_order_book: mid=0.07319 spread=5.47bps bids=20 asks=20
2026-05-08 22:26:41,176 | INFO | SPREAD | pair=CHIP/USDC | cex=0.07317/0.07321 | dex_sell=0.0731761 dex_buy=0.0731924 | spread_a=-4.6bps spread_b=-3.1bps | min=30.0bps
2026-05-08 22:26:42,179 | INFO | fetch_order_book: symbol=CHIP/USDC limit=20
2026-05-08 22:26:42,440 | INFO | fetch_order_book: mid=0.073135 spread=6.84bps bids=20 asks=20
2026-05-08 22:26:43,371 | INFO | SPREAD | pair=CHIP/USDC | cex=0.07311/0.07316 | dex_sell=0.0731501 dex_buy=0.073166 | spread_a=-1.4bps spread_b=-7.7bps | min=30.0bps
2026-05-08 22:26:44,374 | INFO | fetch_order_book: symbol=CHIP/USDC limit=20
2026-05-08 22:26:45,081 | INFO | fetch_order_book: mid=0.073095 spread=4.10bps bids=20 asks=20
2026-05-08 22:26:45,935 | INFO | SPREAD | pair=CHIP/USDC | cex=0.07308/0.07311 | dex_sell=0.0730967 dex_buy=0.0731127 | spread_a=-1.8bps spread_b=-4.5bps | min=30.0bps
2026-05-08 22:26:46,938 | INFO | fetch_order_book: symbol=CHIP/USDC limit=20
2026-05-08 22:26:47,211 | INFO | fetch_order_book: mid=0.07310 spread=5.47bps bids=20 asks=20
2026-05-08 22:26:48,075 | INFO | SPREAD | pair=CHIP/USDC | cex=0.07308/0.07312 | dex_sell=0.0730967 dex_buy=0.0731127 | spread_a=-3.2bps spread_b=-4.5bps | min=30.0bps
2026-05-08 22:26:49,079 | INFO | fetch_order_book: symbol=CHIP/USDC limit=20
2026-05-08 22:26:49,332 | INFO | fetch_order_book: mid=0.073105 spread=4.10bps bids=20 asks=20
2026-05-08 22:26:50,215 | INFO | SPREAD | pair=CHIP/USDC | cex=0.07309/0.07312 | dex_sell=0.0730967 dex_buy=0.0731127 | spread_a=-3.2bps spread_b=-3.1bps | min=30.0bps
2026-05-08 22:26:51,217 | INFO | fetch_order_book: symbol=CHIP/USDC limit=20
2026-05-08 22:26:51,472 | INFO | fetch_order_book: mid=0.07315 spread=5.47bps bids=20 asks=20
2026-05-08 22:26:52,306 | INFO | SPREAD | pair=CHIP/USDC | cex=0.07313/0.07317 | dex_sell=0.0730967 dex_buy=0.0731127 | spread_a=-10.0bps spread_b=2.4bps | min=30.0bps
2026-05-08 22:26:53,309 | INFO | fetch_order_book: symbol=CHIP/USDC limit=20
2026-05-08 22:26:53,568 | INFO | fetch_order_book: mid=0.073145 spread=4.10bps bids=20 asks=20
2026-05-08 22:26:54,439 | INFO | SPREAD | pair=CHIP/USDC | cex=0.07313/0.07316 | dex_sell=0.0731348 dex_buy=0.0731508 | spread_a=-3.4bps spread_b=-2.8bps | min=30.0bps
2026-05-08 22:26:55,443 | INFO | fetch_order_book: symbol=CHIP/USDC limit=20
2026-05-08 22:26:55,701 | INFO | fetch_order_book: mid=0.07315 spread=5.47bps bids=20 asks=20
2026-05-08 22:26:56,531 | INFO | SPREAD | pair=CHIP/USDC | cex=0.07313/0.07317 | dex_sell=0.0731348 dex_buy=0.0731508 | spread_a=-4.8bps spread_b=-2.8bps | min=30.0bps
2026-05-08 22:26:57,534 | INFO | fetch_order_book: symbol=CHIP/USDC limit=20
2026-05-08 22:26:57,792 | INFO | fetch_order_book: mid=0.07310 spread=5.47bps bids=20 asks=20
2026-05-08 22:26:58,626 | INFO | SPREAD | pair=CHIP/USDC | cex=0.07308/0.07312 | dex_sell=0.073128 dex_buy=0.0731355 | spread_a=1.1bps spread_b=-7.6bps | min=30.0bps
2026-05-08 22:26:59,629 | INFO | fetch_order_book: symbol=CHIP/USDC limit=20
2026-05-08 22:26:59,889 | INFO | fetch_order_book: mid=0.07304 spread=5.48bps bids=20 asks=20
2026-05-08 22:27:00,750 | INFO | SPREAD | pair=CHIP/USDC | cex=0.07302/0.07306 | dex_sell=0.0731195 dex_buy=0.0730886 | spread_a=8.1bps spread_b=-9.4bps | min=30.0bps
2026-05-08 22:27:01,754 | INFO | fetch_order_book: symbol=CHIP/USDC limit=20
2026-05-08 22:27:02,017 | INFO | fetch_order_book: mid=0.073035 spread=6.85bps bids=20 asks=20
2026-05-08 22:27:02,953 | INFO | SPREAD | pair=CHIP/USDC | cex=0.07301/0.07306 | dex_sell=0.0730253 dex_buy=0.0730412 | spread_a=-4.8bps spread_b=-4.3bps | min=30.0bps
2026-05-08 22:27:03,956 | INFO | fetch_order_book: symbol=CHIP/USDC limit=20
2026-05-08 22:27:04,227 | INFO | fetch_order_book: mid=0.07305 spread=2.74bps bids=20 asks=20
2026-05-08 22:27:05,083 | INFO | SPREAD | pair=CHIP/USDC | cex=0.07304/0.07306 | dex_sell=0.0730253 dex_buy=0.0730412 | spread_a=-4.8bps spread_b=-0.2bps | min=30.0bps
2026-05-08 22:27:06,086 | INFO | fetch_order_book: symbol=CHIP/USDC limit=20
2026-05-08 22:27:06,343 | INFO | fetch_order_book: mid=0.073025 spread=6.85bps bids=20 asks=20
2026-05-08 22:27:07,203 | INFO | SPREAD | pair=CHIP/USDC | cex=0.073/0.07305 | dex_sell=0.0730253 dex_buy=0.0730412 | spread_a=-3.4bps spread_b=-5.6bps | min=30.0bps
2026-05-08 22:27:08,206 | INFO | fetch_order_book: symbol=CHIP/USDC limit=20
2026-05-08 22:27:08,464 | INFO | fetch_order_book: mid=0.072985 spread=6.85bps bids=20 asks=20
2026-05-08 22:27:09,326 | INFO | SPREAD | pair=CHIP/USDC | cex=0.07296/0.07301 | dex_sell=0.0730253 dex_buy=0.0730412 | spread_a=2.1bps spread_b=-11.1bps | min=30.0bps
2026-05-08 22:27:10,329 | INFO | fetch_order_book: symbol=CHIP/USDC limit=20
2026-05-08 22:27:10,647 | INFO | fetch_order_book: mid=0.07299 spread=5.48bps bids=20 asks=20
2026-05-08 22:27:11,582 | INFO | SPREAD | pair=CHIP/USDC | cex=0.07297/0.07301 | dex_sell=0.0730056 dex_buy=0.0730215 | spread_a=-0.6bps spread_b=-7.1bps | min=30.0bps
2026-05-08 22:27:12,586 | INFO | fetch_order_book: symbol=CHIP/USDC limit=20
2026-05-08 22:27:12,846 | INFO | fetch_order_book: mid=0.072975 spread=6.85bps bids=20 asks=20
2026-05-08 22:27:13,767 | INFO | SPREAD | pair=CHIP/USDC | cex=0.07295/0.073 | dex_sell=0.0730056 dex_buy=0.0730215 | spread_a=0.8bps spread_b=-9.8bps | min=30.0bps
2026-05-08 22:27:14,770 | INFO | fetch_order_book: symbol=CHIP/USDC limit=20
2026-05-08 22:27:15,025 | INFO | fetch_order_book: mid=0.072995 spread=6.85bps bids=20 asks=20
2026-05-08 22:27:15,851 | INFO | SPREAD | pair=CHIP/USDC | cex=0.07297/0.07302 | dex_sell=0.0730056 dex_buy=0.0730215 | spread_a=-2.0bps spread_b=-7.1bps | min=30.0bps
2026-05-08 22:27:16,854 | INFO | fetch_order_book: symbol=CHIP/USDC limit=20
2026-05-08 22:27:17,111 | INFO | fetch_order_book: mid=0.072995 spread=6.85bps bids=20 asks=20
2026-05-08 22:27:17,956 | INFO | SPREAD | pair=CHIP/USDC | cex=0.07297/0.07302 | dex_sell=0.0730056 dex_buy=0.0730215 | spread_a=-2.0bps spread_b=-7.1bps | min=30.0bps
2026-05-08 22:27:18,959 | INFO | fetch_order_book: symbol=CHIP/USDC limit=20
2026-05-08 22:27:19,214 | INFO | fetch_order_book: mid=0.072975 spread=6.85bps bids=20 asks=20
2026-05-08 22:27:20,085 | INFO | SPREAD | pair=CHIP/USDC | cex=0.07295/0.073 | dex_sell=0.0730056 dex_buy=0.0730215 | spread_a=0.8bps spread_b=-9.8bps | min=30.0bps
2026-05-08 22:27:21,089 | INFO | fetch_order_book: symbol=CHIP/USDC limit=20
2026-05-08 22:27:21,349 | INFO | fetch_order_book: mid=0.072935 spread=6.86bps bids=20 asks=20
2026-05-08 22:27:22,207 | INFO | SPREAD | pair=CHIP/USDC | cex=0.07291/0.07296 | dex_sell=0.0729281 dex_buy=0.072944 | spread_a=-4.4bps spread_b=-4.7bps | min=30.0bps
2026-05-08 22:27:23,210 | INFO | fetch_order_book: symbol=CHIP/USDC limit=20
2026-05-08 22:27:23,466 | INFO | fetch_order_book: mid=0.07300 spread=8.22bps bids=20 asks=20
2026-05-08 22:27:24,383 | INFO | SPREAD | pair=CHIP/USDC | cex=0.07297/0.07303 | dex_sell=0.072983 dex_buy=0.072999 | spread_a=-6.4bps spread_b=-4.0bps | min=30.0bps
2026-05-08 22:27:25,386 | INFO | fetch_order_book: symbol=CHIP/USDC limit=20
2026-05-08 22:27:25,648 | INFO | fetch_order_book: mid=0.072985 spread=6.85bps bids=20 asks=20
2026-05-08 22:27:26,527 | INFO | SPREAD | pair=CHIP/USDC | cex=0.07296/0.07301 | dex_sell=0.0730148 dex_buy=0.0729786 | spread_a=0.7bps spread_b=-2.5bps | min=30.0bps
2026-05-08 22:27:27,530 | INFO | fetch_order_book: symbol=CHIP/USDC limit=20
2026-05-08 22:27:27,794 | INFO | fetch_order_book: mid=0.072985 spread=6.85bps bids=20 asks=20
2026-05-08 22:27:28,679 | INFO | SPREAD | pair=CHIP/USDC | cex=0.07296/0.07301 | dex_sell=0.0729747 dex_buy=0.0729907 | spread_a=-4.8bps spread_b=-4.2bps | min=30.0bps
2026-05-08 22:27:29,683 | INFO | fetch_order_book: symbol=CHIP/USDC limit=20
2026-05-08 22:27:30,070 | INFO | fetch_order_book: mid=0.07296 spread=8.22bps bids=20 asks=20
2026-05-08 22:27:30,989 | INFO | SPREAD | pair=CHIP/USDC | cex=0.07293/0.07299 | dex_sell=0.072968 dex_buy=0.0729839 | spread_a=-3.0bps spread_b=-7.4bps | min=30.0bps
2026-05-08 22:27:31,992 | INFO | fetch_order_book: symbol=CHIP/USDC limit=20
2026-05-08 22:27:32,248 | INFO | fetch_order_book: mid=0.072975 spread=4.11bps bids=20 asks=20
2026-05-08 22:27:33,066 | INFO | SPREAD | pair=CHIP/USDC | cex=0.07296/0.07299 | dex_sell=0.072968 dex_buy=0.0729839 | spread_a=-3.0bps spread_b=-3.3bps | min=30.0bps
2026-05-08 22:27:34,070 | INFO | fetch_order_book: symbol=CHIP/USDC limit=20
2026-05-08 22:27:34,330 | INFO | fetch_order_book: mid=0.072945 spread=6.85bps bids=20 asks=20
2026-05-08 22:27:35,197 | INFO | SPREAD | pair=CHIP/USDC | cex=0.07292/0.07297 | dex_sell=0.072968 dex_buy=0.0729718 | spread_a=-0.3bps spread_b=-7.1bps | min=30.0bps
2026-05-08 22:27:36,200 | INFO | fetch_order_book: symbol=CHIP/USDC limit=20
2026-05-08 22:27:36,512 | INFO | fetch_order_book: mid=0.07291 spread=2.74bps bids=20 asks=20
2026-05-08 22:27:37,391 | INFO | SPREAD | pair=CHIP/USDC | cex=0.0729/0.07292 | dex_sell=0.0729204 dex_buy=0.0729363 | spread_a=0.1bps spread_b=-5.0bps | min=30.0bps
2026-05-08 22:27:38,392 | INFO | fetch_order_book: symbol=CHIP/USDC limit=20
2026-05-08 22:27:38,660 | INFO | fetch_order_book: mid=0.07288 spread=5.49bps bids=20 asks=20
2026-05-08 22:27:39,596 | INFO | SPREAD | pair=CHIP/USDC | cex=0.07286/0.0729 | dex_sell=0.0729106 dex_buy=0.0729266 | spread_a=1.5bps spread_b=-9.1bps | min=30.0bps
2026-05-08 22:27:40,600 | INFO | fetch_order_book: symbol=CHIP/USDC limit=20
2026-05-08 22:27:40,856 | INFO | fetch_order_book: mid=0.07283 spread=5.49bps bids=20 asks=20
2026-05-08 22:27:41,755 | INFO | SPREAD | pair=CHIP/USDC | cex=0.07281/0.07285 | dex_sell=0.0728871 dex_buy=0.072903 | spread_a=5.1bps spread_b=-12.8bps | min=30.0bps
2026-05-08 22:27:42,759 | INFO | fetch_order_book: symbol=CHIP/USDC limit=20
2026-05-08 22:27:43,026 | INFO | fetch_order_book: mid=0.07282 spread=5.49bps bids=20 asks=20
2026-05-08 22:27:43,887 | INFO | SPREAD | pair=CHIP/USDC | cex=0.0728/0.07284 | dex_sell=0.0728565 dex_buy=0.0728724 | spread_a=2.3bps spread_b=-9.9bps | min=30.0bps
2026-05-08 22:27:44,890 | INFO | fetch_order_book: symbol=CHIP/USDC limit=20
2026-05-08 22:27:45,147 | INFO | fetch_order_book: mid=0.07277 spread=2.75bps bids=20 asks=20
2026-05-08 22:27:45,975 | INFO | SPREAD | pair=CHIP/USDC | cex=0.07276/0.07278 | dex_sell=0.0728394 dex_buy=0.072832 | spread_a=8.2bps spread_b=-9.9bps | min=30.0bps
2026-05-08 22:27:46,979 | INFO | fetch_order_book: symbol=CHIP/USDC limit=20
2026-05-08 22:27:47,247 | INFO | fetch_order_book: mid=0.07279 spread=8.24bps bids=20 asks=20
2026-05-08 22:27:48,146 | INFO | SPREAD | pair=CHIP/USDC | cex=0.07276/0.07282 | dex_sell=0.0727968 dex_buy=0.0728127 | spread_a=-3.2bps spread_b=-7.2bps | min=30.0bps
2026-05-08 22:27:49,150 | INFO | fetch_order_book: symbol=CHIP/USDC limit=20
2026-05-08 22:27:49,406 | INFO | fetch_order_book: mid=0.072795 spread=6.87bps bids=20 asks=20
2026-05-08 22:27:50,277 | INFO | SPREAD | pair=CHIP/USDC | cex=0.07277/0.07282 | dex_sell=0.0728148 dex_buy=0.0728307 | spread_a=-0.7bps spread_b=-8.3bps | min=30.0bps
2026-05-08 22:27:51,281 | INFO | fetch_order_book: symbol=CHIP/USDC limit=20
2026-05-08 22:27:51,546 | INFO | fetch_order_book: mid=0.072745 spread=6.87bps bids=20 asks=20
2026-05-08 22:27:52,456 | INFO | SPREAD | pair=CHIP/USDC | cex=0.07272/0.07277 | dex_sell=0.0728066 dex_buy=0.0728225 | spread_a=5.0bps spread_b=-14.1bps | min=30.0bps
2026-05-08 22:27:53,459 | INFO | fetch_order_book: symbol=CHIP/USDC limit=20
2026-05-08 22:27:53,715 | INFO | fetch_order_book: mid=0.072755 spread=6.87bps bids=20 asks=20
2026-05-08 22:27:54,662 | INFO | SPREAD | pair=CHIP/USDC | cex=0.07273/0.07278 | dex_sell=0.0728066 dex_buy=0.0728225 | spread_a=3.7bps spread_b=-12.7bps | min=30.0bps
2026-05-08 22:27:55,665 | INFO | fetch_order_book: symbol=CHIP/USDC limit=20
2026-05-08 22:27:55,940 | INFO | fetch_order_book: mid=0.07275 spread=5.50bps bids=20 asks=20
2026-05-08 22:27:56,835 | INFO | SPREAD | pair=CHIP/USDC | cex=0.07273/0.07277 | dex_sell=0.0728066 dex_buy=0.072787 | spread_a=5.0bps spread_b=-7.8bps | min=30.0bps
2026-05-08 22:27:57,838 | INFO | fetch_order_book: symbol=CHIP/USDC limit=20
2026-05-08 22:27:58,096 | INFO | fetch_order_book: mid=0.072675 spread=6.88bps bids=20 asks=20
2026-05-08 22:27:58,977 | INFO | SPREAD | pair=CHIP/USDC | cex=0.07265/0.0727 | dex_sell=0.0726726 dex_buy=0.0726936 | spread_a=-3.8bps spread_b=-6.0bps | min=30.0bps
2026-05-08 22:27:59,980 | INFO | fetch_order_book: symbol=CHIP/USDC limit=20
2026-05-08 22:28:00,237 | INFO | fetch_order_book: mid=0.07268 spread=8.26bps bids=20 asks=20
2026-05-08 22:28:01,037 | INFO | SPREAD | pair=CHIP/USDC | cex=0.07265/0.07271 | dex_sell=0.0726778 dex_buy=0.0726936 | spread_a=-4.4bps spread_b=-6.0bps | min=30.0bps
2026-05-08 22:28:02,041 | INFO | fetch_order_book: symbol=CHIP/USDC limit=20
2026-05-08 22:28:02,304 | INFO | fetch_order_book: mid=0.07276 spread=5.50bps bids=20 asks=20
2026-05-08 22:28:03,256 | INFO | SPREAD | pair=CHIP/USDC | cex=0.07274/0.07278 | dex_sell=0.0727724 dex_buy=0.0727883 | spread_a=-1.0bps spread_b=-6.6bps | min=30.0bps
2026-05-08 22:28:04,259 | INFO | fetch_order_book: symbol=CHIP/USDC limit=20
2026-05-08 22:28:04,518 | INFO | fetch_order_book: mid=0.07284 spread=5.49bps bids=20 asks=20
2026-05-08 22:28:05,422 | INFO | SPREAD | pair=CHIP/USDC | cex=0.07282/0.07286 | dex_sell=0.0728238 dex_buy=0.0728397 | spread_a=-5.0bps spread_b=-2.7bps | min=30.0bps
2026-05-08 22:28:06,426 | INFO | fetch_order_book: symbol=CHIP/USDC limit=20
2026-05-08 22:28:06,691 | INFO | fetch_order_book: mid=0.072875 spread=1.37bps bids=20 asks=20
2026-05-08 22:28:07,612 | INFO | SPREAD | pair=CHIP/USDC | cex=0.07287/0.07288 | dex_sell=0.0728857 dex_buy=0.0729016 | spread_a=0.8bps spread_b=-4.3bps | min=30.0bps
2026-05-08 22:28:08,615 | INFO | fetch_order_book: symbol=CHIP/USDC limit=20
2026-05-08 22:28:08,872 | INFO | fetch_order_book: mid=0.072825 spread=6.87bps bids=20 asks=20
2026-05-08 22:28:09,791 | INFO | SPREAD | pair=CHIP/USDC | cex=0.0728/0.07285 | dex_sell=0.0728407 dex_buy=0.0728566 | spread_a=-1.3bps spread_b=-7.8bps | min=30.0bps
2026-05-08 22:28:10,795 | INFO | fetch_order_book: symbol=CHIP/USDC limit=20
2026-05-08 22:28:11,057 | INFO | fetch_order_book: mid=0.072755 spread=6.87bps bids=20 asks=20
2026-05-08 22:28:11,975 | INFO | SPREAD | pair=CHIP/USDC | cex=0.07273/0.07278 | dex_sell=0.0727926 dex_buy=0.0728085 | spread_a=1.7bps spread_b=-10.8bps | min=30.0bps
2026-05-08 22:28:12,978 | INFO | fetch_order_book: symbol=CHIP/USDC limit=20
2026-05-08 22:28:13,235 | INFO | fetch_order_book: mid=0.072755 spread=6.87bps bids=20 asks=20
2026-05-08 22:28:14,169 | INFO | SPREAD | pair=CHIP/USDC | cex=0.07273/0.07278 | dex_sell=0.0727926 dex_buy=0.0728085 | spread_a=1.7bps spread_b=-10.8bps | min=30.0bps
2026-05-08 22:28:15,172 | INFO | fetch_order_book: symbol=CHIP/USDC limit=20
2026-05-08 22:28:15,433 | INFO | fetch_order_book: mid=0.07294 spread=5.48bps bids=20 asks=20
2026-05-08 22:28:16,347 | INFO | SPREAD | pair=CHIP/USDC | cex=0.07292/0.07296 | dex_sell=0.0729024 dex_buy=0.0729307 | spread_a=-7.9bps spread_b=-1.5bps | min=30.0bps
2026-05-08 22:28:17,350 | INFO | fetch_order_book: symbol=CHIP/USDC limit=20
2026-05-08 22:28:17,606 | INFO | fetch_order_book: mid=0.07288 spread=5.49bps bids=20 asks=20
2026-05-08 22:28:18,478 | INFO | SPREAD | pair=CHIP/USDC | cex=0.07286/0.0729 | dex_sell=0.0729347 dex_buy=0.0728911 | spread_a=4.8bps spread_b=-4.3bps | min=30.0bps
2026-05-08 22:28:19,481 | INFO | fetch_order_book: symbol=CHIP/USDC limit=20
2026-05-08 22:28:19,741 | INFO | fetch_order_book: mid=0.072825 spread=4.12bps bids=20 asks=20
2026-05-08 22:28:20,682 | INFO | SPREAD | pair=CHIP/USDC | cex=0.07281/0.07284 | dex_sell=0.0728703 dex_buy=0.0728663 | spread_a=4.2bps spread_b=-7.7bps | min=30.0bps
2026-05-08 22:28:21,686 | INFO | fetch_order_book: symbol=CHIP/USDC limit=20
2026-05-08 22:28:21,948 | INFO | fetch_order_book: mid=0.07291 spread=5.49bps bids=20 asks=20
2026-05-08 22:28:22,869 | INFO | SPREAD | pair=CHIP/USDC | cex=0.07289/0.07293 | dex_sell=0.0728643 dex_buy=0.0729309 | spread_a=-9.0bps spread_b=-5.6bps | min=30.0bps
2026-05-08 22:28:23,872 | INFO | fetch_order_book: symbol=CHIP/USDC limit=20
2026-05-08 22:28:24,252 | INFO | fetch_order_book: mid=0.07294 spread=5.48bps bids=20 asks=20
2026-05-08 22:28:25,169 | INFO | SPREAD | pair=CHIP/USDC | cex=0.07292/0.07296 | dex_sell=0.072915 dex_buy=0.0729309 | spread_a=-6.2bps spread_b=-1.5bps | min=30.0bps
2026-05-08 22:28:26,173 | INFO | fetch_order_book: symbol=CHIP/USDC limit=20
2026-05-08 22:28:26,538 | INFO | fetch_order_book: mid=0.07303 spread=2.74bps bids=20 asks=20
2026-05-08 22:28:27,446 | INFO | SPREAD | pair=CHIP/USDC | cex=0.07302/0.07304 | dex_sell=0.0730055 dex_buy=0.0730408 | spread_a=-4.7bps spread_b=-2.8bps | min=30.0bps
2026-05-08 22:28:28,449 | INFO | fetch_order_book: symbol=CHIP/USDC limit=20
2026-05-08 22:28:28,727 | INFO | fetch_order_book: mid=0.073005 spread=6.85bps bids=20 asks=20
2026-05-08 22:28:29,682 | INFO | SPREAD | pair=CHIP/USDC | cex=0.07298/0.07303 | dex_sell=0.0730138 dex_buy=0.0730297 | spread_a=-2.2bps spread_b=-6.8bps | min=30.0bps
2026-05-08 22:28:30,685 | INFO | fetch_order_book: symbol=CHIP/USDC limit=20
2026-05-08 22:28:30,968 | INFO | fetch_order_book: mid=0.07299 spread=5.48bps bids=20 asks=20
2026-05-08 22:28:31,880 | INFO | SPREAD | pair=CHIP/USDC | cex=0.07297/0.07301 | dex_sell=0.0730001 dex_buy=0.0730043 | spread_a=-1.4bps spread_b=-4.7bps | min=30.0bps
2026-05-08 22:28:32,883 | INFO | fetch_order_book: symbol=CHIP/USDC limit=20
2026-05-08 22:28:33,139 | INFO | fetch_order_book: mid=0.07296 spread=5.48bps bids=20 asks=20
2026-05-08 22:28:34,045 | INFO | SPREAD | pair=CHIP/USDC | cex=0.07294/0.07298 | dex_sell=0.0729884 dex_buy=0.0730043 | spread_a=1.1bps spread_b=-8.8bps | min=30.0bps
2026-05-08 22:28:35,048 | INFO | fetch_order_book: symbol=CHIP/USDC limit=20
2026-05-08 22:28:35,332 | INFO | fetch_order_book: mid=0.07297 spread=8.22bps bids=20 asks=20
2026-05-08 22:28:36,261 | INFO | SPREAD | pair=CHIP/USDC | cex=0.07294/0.073 | dex_sell=0.0729884 dex_buy=0.0730043 | spread_a=-1.6bps spread_b=-8.8bps | min=30.0bps
2026-05-08 22:28:37,264 | INFO | fetch_order_book: symbol=CHIP/USDC limit=20
2026-05-08 22:28:37,524 | INFO | fetch_order_book: mid=0.07297 spread=5.48bps bids=20 asks=20
2026-05-08 22:28:38,455 | INFO | SPREAD | pair=CHIP/USDC | cex=0.07295/0.07299 | dex_sell=0.0729884 dex_buy=0.0730043 | spread_a=-0.2bps spread_b=-7.4bps | min=30.0bps
2026-05-08 22:28:39,458 | INFO | fetch_order_book: symbol=CHIP/USDC limit=20
2026-05-08 22:28:39,714 | INFO | fetch_order_book: mid=0.073025 spread=4.11bps bids=20 asks=20
2026-05-08 22:28:40,647 | INFO | SPREAD | pair=CHIP/USDC | cex=0.07301/0.07304 | dex_sell=0.0730032 dex_buy=0.0730191 | spread_a=-5.0bps spread_b=-1.2bps | min=30.0bps
2026-05-08 22:28:41,650 | INFO | fetch_order_book: symbol=CHIP/USDC limit=20
2026-05-08 22:28:41,906 | INFO | fetch_order_book: mid=0.073015 spread=4.11bps bids=20 asks=20
2026-05-08 22:28:42,824 | INFO | SPREAD | pair=CHIP/USDC | cex=0.073/0.07303 | dex_sell=0.0730032 dex_buy=0.0730191 | spread_a=-3.7bps spread_b=-2.6bps | min=30.0bps
2026-05-08 22:28:43,828 | INFO | fetch_order_book: symbol=CHIP/USDC limit=20
2026-05-08 22:28:44,091 | INFO | fetch_order_book: mid=0.07299 spread=8.22bps bids=20 asks=20
2026-05-08 22:28:45,008 | INFO | SPREAD | pair=CHIP/USDC | cex=0.07296/0.07302 | dex_sell=0.07299 dex_buy=0.0730059 | spread_a=-4.1bps spread_b=-6.3bps | min=30.0bps
2026-05-08 22:28:46,012 | INFO | fetch_order_book: symbol=CHIP/USDC limit=20
2026-05-08 22:28:46,291 | INFO | fetch_order_book: mid=0.07292 spread=5.49bps bids=20 asks=20
2026-05-08 22:28:47,290 | INFO | SPREAD | pair=CHIP/USDC | cex=0.0729/0.07294 | dex_sell=0.07299 dex_buy=0.0729586 | spread_a=6.9bps spread_b=-8.0bps | min=30.0bps
2026-05-08 22:28:48,293 | INFO | fetch_order_book: symbol=CHIP/USDC limit=20
2026-05-08 22:28:48,571 | INFO | fetch_order_book: mid=0.07292 spread=5.49bps bids=20 asks=20
2026-05-08 22:28:49,481 | INFO | SPREAD | pair=CHIP/USDC | cex=0.0729/0.07294 | dex_sell=0.0729426 dex_buy=0.0729586 | spread_a=0.4bps spread_b=-8.0bps | min=30.0bps
2026-05-08 22:28:50,484 | INFO | fetch_order_book: symbol=CHIP/USDC limit=20
2026-05-08 22:28:50,763 | INFO | fetch_order_book: mid=0.07292 spread=5.49bps bids=20 asks=20
2026-05-08 22:28:51,669 | INFO | SPREAD | pair=CHIP/USDC | cex=0.0729/0.07294 | dex_sell=0.0729426 dex_buy=0.0729586 | spread_a=0.4bps spread_b=-8.0bps | min=30.0bps
2026-05-08 22:28:52,673 | INFO | fetch_order_book: symbol=CHIP/USDC limit=20
2026-05-08 22:28:52,930 | INFO | fetch_order_book: mid=0.07293 spread=5.48bps bids=20 asks=20
2026-05-08 22:28:53,842 | INFO | SPREAD | pair=CHIP/USDC | cex=0.07291/0.07295 | dex_sell=0.0729426 dex_buy=0.0729586 | spread_a=-1.0bps spread_b=-6.7bps | min=30.0bps
2026-05-08 22:28:54,845 | INFO | fetch_order_book: symbol=CHIP/USDC limit=20
2026-05-08 22:28:55,210 | INFO | fetch_order_book: mid=0.072935 spread=6.86bps bids=20 asks=20
2026-05-08 22:28:56,117 | INFO | SPREAD | pair=CHIP/USDC | cex=0.07291/0.07296 | dex_sell=0.0729426 dex_buy=0.0729586 | spread_a=-2.4bps spread_b=-6.7bps | min=30.0bps
2026-05-08 22:28:57,121 | INFO | fetch_order_book: symbol=CHIP/USDC limit=20
2026-05-08 22:28:57,381 | INFO | fetch_order_book: mid=0.072965 spread=6.85bps bids=20 asks=20
2026-05-08 22:28:58,290 | INFO | SPREAD | pair=CHIP/USDC | cex=0.07294/0.07299 | dex_sell=0.0729547 dex_buy=0.0729707 | spread_a=-4.8bps spread_b=-4.2bps | min=30.0bps
2026-05-08 22:28:59,294 | INFO | fetch_order_book: symbol=CHIP/USDC limit=20
2026-05-08 22:28:59,552 | INFO | fetch_order_book: mid=0.072965 spread=6.85bps bids=20 asks=20
2026-05-08 22:29:00,454 | INFO | SPREAD | pair=CHIP/USDC | cex=0.07294/0.07299 | dex_sell=0.0729547 dex_buy=0.0729707 | spread_a=-4.8bps spread_b=-4.2bps | min=30.0bps
2026-05-08 22:29:01,458 | INFO | fetch_order_book: symbol=CHIP/USDC limit=20
2026-05-08 22:29:01,716 | INFO | fetch_order_book: mid=0.07290 spread=5.49bps bids=20 asks=20
2026-05-08 22:29:02,643 | INFO | SPREAD | pair=CHIP/USDC | cex=0.07288/0.07292 | dex_sell=0.0729547 dex_buy=0.072957 | spread_a=4.8bps spread_b=-10.6bps | min=30.0bps
2026-05-08 22:29:03,646 | INFO | fetch_order_book: symbol=CHIP/USDC limit=20
2026-05-08 22:29:03,906 | INFO | fetch_order_book: mid=0.07291 spread=5.49bps bids=20 asks=20
2026-05-08 22:29:04,811 | INFO | SPREAD | pair=CHIP/USDC | cex=0.07289/0.07293 | dex_sell=0.0729158 dex_buy=0.0729317 | spread_a=-2.0bps spread_b=-5.7bps | min=30.0bps
2026-05-08 22:29:05,815 | INFO | fetch_order_book: symbol=CHIP/USDC limit=20
2026-05-08 22:29:06,165 | INFO | fetch_order_book: mid=0.07295 spread=5.48bps bids=20 asks=20
2026-05-08 22:29:07,050 | INFO | SPREAD | pair=CHIP/USDC | cex=0.07293/0.07297 | dex_sell=0.0729331 dex_buy=0.072949 | spread_a=-5.1bps spread_b=-2.6bps | min=30.0bps
2026-05-08 22:29:08,053 | INFO | fetch_order_book: symbol=CHIP/USDC limit=20
2026-05-08 22:29:08,311 | INFO | fetch_order_book: mid=0.07296 spread=5.48bps bids=20 asks=20
2026-05-08 22:29:09,252 | INFO | SPREAD | pair=CHIP/USDC | cex=0.07294/0.07298 | dex_sell=0.0729331 dex_buy=0.072949 | spread_a=-6.4bps spread_b=-1.2bps | min=30.0bps
2026-05-08 22:29:10,254 | INFO | fetch_order_book: symbol=CHIP/USDC limit=20
2026-05-08 22:29:10,511 | INFO | fetch_order_book: mid=0.07301 spread=2.74bps bids=20 asks=20
2026-05-08 22:29:11,439 | INFO | SPREAD | pair=CHIP/USDC | cex=0.073/0.07302 | dex_sell=0.0729331 dex_buy=0.0730056 | spread_a=-11.9bps spread_b=-0.8bps | min=30.0bps
2026-05-08 22:29:12,442 | INFO | fetch_order_book: symbol=CHIP/USDC limit=20
2026-05-08 22:29:12,702 | INFO | fetch_order_book: mid=0.07301 spread=2.74bps bids=20 asks=20
2026-05-08 22:29:13,608 | INFO | SPREAD | pair=CHIP/USDC | cex=0.073/0.07302 | dex_sell=0.0729896 dex_buy=0.0730056 | spread_a=-4.2bps spread_b=-0.8bps | min=30.0bps
2026-05-08 22:29:14,610 | INFO | fetch_order_book: symbol=CHIP/USDC limit=20
2026-05-08 22:29:14,870 | INFO | fetch_order_book: mid=0.073115 spread=1.37bps bids=20 asks=20
2026-05-08 22:29:15,788 | INFO | SPREAD | pair=CHIP/USDC | cex=0.07311/0.07312 | dex_sell=0.0730742 dex_buy=0.0730995 | spread_a=-6.3bps spread_b=1.4bps | min=30.0bps
2026-05-08 22:29:16,792 | INFO | fetch_order_book: symbol=CHIP/USDC limit=20
2026-05-08 22:29:17,058 | INFO | fetch_order_book: mid=0.07309 spread=8.21bps bids=20 asks=20
2026-05-08 22:29:17,989 | INFO | SPREAD | pair=CHIP/USDC | cex=0.07306/0.07312 | dex_sell=0.0730751 dex_buy=0.0730911 | spread_a=-6.1bps spread_b=-4.3bps | min=30.0bps
2026-05-08 22:29:18,992 | INFO | fetch_order_book: symbol=CHIP/USDC limit=20
2026-05-08 22:29:19,257 | INFO | fetch_order_book: mid=0.073085 spread=6.84bps bids=20 asks=20
2026-05-08 22:29:20,176 | INFO | SPREAD | pair=CHIP/USDC | cex=0.07306/0.07311 | dex_sell=0.07308 dex_buy=0.073096 | spread_a=-4.1bps spread_b=-4.9bps | min=30.0bps
2026-05-08 22:29:21,179 | INFO | fetch_order_book: symbol=CHIP/USDC limit=20
2026-05-08 22:29:21,435 | INFO | fetch_order_book: mid=0.07308 spread=8.21bps bids=20 asks=20
2026-05-08 22:29:22,365 | INFO | SPREAD | pair=CHIP/USDC | cex=0.07305/0.07311 | dex_sell=0.07308 dex_buy=0.073096 | spread_a=-4.1bps spread_b=-6.3bps | min=30.0bps
2026-05-08 22:29:23,368 | INFO | fetch_order_book: symbol=CHIP/USDC limit=20
2026-05-08 22:29:23,625 | INFO | fetch_order_book: mid=0.07306 spread=5.47bps bids=20 asks=20
2026-05-08 22:29:24,499 | INFO | SPREAD | pair=CHIP/USDC | cex=0.07304/0.07308 | dex_sell=0.0730614 dex_buy=0.0730774 | spread_a=-2.5bps spread_b=-5.1bps | min=30.0bps
2026-05-08 22:29:25,503 | INFO | fetch_order_book: symbol=CHIP/USDC limit=20
2026-05-08 22:29:25,761 | INFO | fetch_order_book: mid=0.073025 spread=6.85bps bids=20 asks=20
2026-05-08 22:29:26,653 | INFO | SPREAD | pair=CHIP/USDC | cex=0.073/0.07305 | dex_sell=0.0730614 dex_buy=0.0730774 | spread_a=1.6bps spread_b=-10.6bps | min=30.0bps
2026-05-08 22:29:27,656 | INFO | fetch_order_book: symbol=CHIP/USDC limit=20
2026-05-08 22:29:27,912 | INFO | fetch_order_book: mid=0.07304 spread=5.48bps bids=20 asks=20
2026-05-08 22:29:28,836 | INFO | SPREAD | pair=CHIP/USDC | cex=0.07302/0.07306 | dex_sell=0.0730614 dex_buy=0.0730774 | spread_a=0.2bps spread_b=-7.9bps | min=30.0bps
2026-05-08 22:29:29,840 | INFO | fetch_order_book: symbol=CHIP/USDC limit=20
2026-05-08 22:29:30,148 | INFO | fetch_order_book: mid=0.07306 spread=8.21bps bids=20 asks=20
2026-05-08 22:29:31,024 | INFO | SPREAD | pair=CHIP/USDC | cex=0.07303/0.07309 | dex_sell=0.0730614 dex_buy=0.0730774 | spread_a=-3.9bps spread_b=-6.5bps | min=30.0bps
2026-05-08 22:29:32,029 | INFO | fetch_order_book: symbol=CHIP/USDC limit=20
2026-05-08 22:29:32,286 | INFO | fetch_order_book: mid=0.07307 spread=5.47bps bids=20 asks=20
2026-05-08 22:29:33,172 | INFO | SPREAD | pair=CHIP/USDC | cex=0.07305/0.07309 | dex_sell=0.0730614 dex_buy=0.0730774 | spread_a=-3.9bps spread_b=-3.7bps | min=30.0bps
2026-05-08 22:29:34,175 | INFO | fetch_order_book: symbol=CHIP/USDC limit=20
2026-05-08 22:29:34,445 | INFO | fetch_order_book: mid=0.073055 spread=6.84bps bids=20 asks=20
2026-05-08 22:29:35,364 | INFO | SPREAD | pair=CHIP/USDC | cex=0.07303/0.07308 | dex_sell=0.0730615 dex_buy=0.0730774 | spread_a=-2.5bps spread_b=-6.5bps | min=30.0bps
2026-05-08 22:29:36,367 | INFO | fetch_order_book: symbol=CHIP/USDC limit=20
2026-05-08 22:29:36,624 | INFO | fetch_order_book: mid=0.07306 spread=8.21bps bids=20 asks=20
2026-05-08 22:29:37,543 | INFO | SPREAD | pair=CHIP/USDC | cex=0.07303/0.07309 | dex_sell=0.0730615 dex_buy=0.0730774 | spread_a=-3.9bps spread_b=-6.5bps | min=30.0bps
2026-05-08 22:29:38,546 | INFO | fetch_order_book: symbol=CHIP/USDC limit=20
2026-05-08 22:29:38,804 | INFO | fetch_order_book: mid=0.07307 spread=5.47bps bids=20 asks=20
2026-05-08 22:29:39,690 | INFO | SPREAD | pair=CHIP/USDC | cex=0.07305/0.07309 | dex_sell=0.0730615 dex_buy=0.0730774 | spread_a=-3.9bps spread_b=-3.8bps | min=30.0bps
2026-05-08 22:29:40,692 | INFO | fetch_order_book: symbol=CHIP/USDC limit=20
2026-05-08 22:29:40,952 | INFO | fetch_order_book: mid=0.07305 spread=5.48bps bids=20 asks=20
2026-05-08 22:29:41,884 | INFO | SPREAD | pair=CHIP/USDC | cex=0.07303/0.07307 | dex_sell=0.0730615 dex_buy=0.0730774 | spread_a=-1.2bps spread_b=-6.5bps | min=30.0bps
2026-05-08 22:29:42,887 | INFO | fetch_order_book: symbol=CHIP/USDC limit=20
2026-05-08 22:29:43,234 | INFO | fetch_order_book: mid=0.073055 spread=6.84bps bids=20 asks=20
2026-05-08 22:29:44,142 | INFO | SPREAD | pair=CHIP/USDC | cex=0.07303/0.07308 | dex_sell=0.0730615 dex_buy=0.0730774 | spread_a=-2.5bps spread_b=-6.5bps | min=30.0bps
2026-05-08 22:29:45,145 | INFO | fetch_order_book: symbol=CHIP/USDC limit=20
2026-05-08 22:29:45,420 | INFO | fetch_order_book: mid=0.07303 spread=5.48bps bids=20 asks=20
2026-05-08 22:29:46,360 | INFO | SPREAD | pair=CHIP/USDC | cex=0.07301/0.07305 | dex_sell=0.0730615 dex_buy=0.0730286 | spread_a=1.6bps spread_b=-2.5bps | min=30.0bps
2026-05-08 22:29:47,364 | INFO | fetch_order_book: symbol=CHIP/USDC limit=20
2026-05-08 22:29:47,635 | INFO | fetch_order_book: mid=0.073075 spread=6.84bps bids=20 asks=20
2026-05-08 22:29:48,557 | INFO | SPREAD | pair=CHIP/USDC | cex=0.07305/0.0731 | dex_sell=0.072952 dex_buy=0.0730139 | spread_a=-20.2bps spread_b=4.9bps | min=30.0bps
2026-05-08 22:29:49,560 | INFO | fetch_order_book: symbol=CHIP/USDC limit=20
2026-05-08 22:29:49,827 | INFO | fetch_order_book: mid=0.07310 spread=5.47bps bids=20 asks=20
2026-05-08 22:29:50,683 | INFO | SPREAD | pair=CHIP/USDC | cex=0.07308/0.07312 | dex_sell=0.0730886 dex_buy=0.0731046 | spread_a=-4.3bps spread_b=-3.4bps | min=30.0bps
2026-05-08 22:29:51,686 | INFO | fetch_order_book: symbol=CHIP/USDC limit=20
2026-05-08 22:29:51,949 | INFO | fetch_order_book: mid=0.073115 spread=1.37bps bids=20 asks=20
2026-05-08 22:29:52,896 | INFO | SPREAD | pair=CHIP/USDC | cex=0.07311/0.07312 | dex_sell=0.0731046 dex_buy=0.0731206 | spread_a=-2.1bps spread_b=-1.5bps | min=30.0bps
2026-05-08 22:29:53,900 | INFO | fetch_order_book: symbol=CHIP/USDC limit=20
2026-05-08 22:29:54,163 | INFO | fetch_order_book: mid=0.073155 spread=4.10bps bids=20 asks=20
2026-05-08 22:29:55,062 | INFO | SPREAD | pair=CHIP/USDC | cex=0.07314/0.07317 | dex_sell=0.0731147 dex_buy=0.0731407 | spread_a=-7.6bps spread_b=-0.1bps | min=30.0bps
2026-05-08 22:29:56,066 | INFO | fetch_order_book: symbol=CHIP/USDC limit=20
2026-05-08 22:29:56,325 | INFO | fetch_order_book: mid=0.073135 spread=6.84bps bids=20 asks=20
2026-05-08 22:29:57,216 | INFO | SPREAD | pair=CHIP/USDC | cex=0.07311/0.07316 | dex_sell=0.0731247 dex_buy=0.0731407 | spread_a=-4.8bps spread_b=-4.2bps | min=30.0bps
2026-05-08 22:29:58,220 | INFO | fetch_order_book: symbol=CHIP/USDC limit=20
2026-05-08 22:29:58,482 | INFO | fetch_order_book: mid=0.07315 spread=5.47bps bids=20 asks=20
2026-05-08 22:29:59,415 | INFO | SPREAD | pair=CHIP/USDC | cex=0.07313/0.07317 | dex_sell=0.0731247 dex_buy=0.0731407 | spread_a=-6.2bps spread_b=-1.5bps | min=30.0bps
2026-05-08 22:30:00,417 | INFO | fetch_order_book: symbol=CHIP/USDC limit=20
2026-05-08 22:30:00,745 | INFO | fetch_order_book: mid=0.07316 spread=5.47bps bids=20 asks=20
2026-05-08 22:30:01,650 | INFO | SPREAD | pair=CHIP/USDC | cex=0.07314/0.07318 | dex_sell=0.0731748 dex_buy=0.0731661 | spread_a=-0.7bps spread_b=-3.6bps | min=30.0bps
2026-05-08 22:30:02,653 | INFO | fetch_order_book: symbol=CHIP/USDC limit=20
2026-05-08 22:30:02,949 | INFO | fetch_order_book: mid=0.073105 spread=9.58bps bids=20 asks=20
2026-05-08 22:30:03,877 | INFO | SPREAD | pair=CHIP/USDC | cex=0.07307/0.07314 | dex_sell=0.07309 dex_buy=0.073106 | spread_a=-6.8bps spread_b=-4.9bps | min=30.0bps
2026-05-08 22:30:04,881 | INFO | fetch_order_book: symbol=CHIP/USDC limit=20
2026-05-08 22:30:05,156 | INFO | fetch_order_book: mid=0.07304 spread=5.48bps bids=20 asks=20
2026-05-08 22:30:06,074 | INFO | SPREAD | pair=CHIP/USDC | cex=0.07302/0.07306 | dex_sell=0.07307 dex_buy=0.0730732 | spread_a=1.4bps spread_b=-7.3bps | min=30.0bps
2026-05-08 22:30:07,078 | INFO | fetch_order_book: symbol=CHIP/USDC limit=20
2026-05-08 22:30:07,375 | INFO | fetch_order_book: mid=0.07302 spread=5.48bps bids=20 asks=20
2026-05-08 22:30:08,276 | INFO | SPREAD | pair=CHIP/USDC | cex=0.073/0.07304 | dex_sell=0.0730445 dex_buy=0.0730314 | spread_a=0.6bps spread_b=-4.3bps | min=30.0bps
2026-05-08 22:30:09,280 | INFO | fetch_order_book: symbol=CHIP/USDC limit=20
2026-05-08 22:30:09,539 | INFO | fetch_order_book: mid=0.073095 spread=6.84bps bids=20 asks=20
2026-05-08 22:30:10,531 | INFO | SPREAD | pair=CHIP/USDC | cex=0.07307/0.07312 | dex_sell=0.0730346 dex_buy=0.0730506 | spread_a=-11.7bps spread_b=2.7bps | min=30.0bps
2026-05-08 22:30:11,534 | INFO | fetch_order_book: symbol=CHIP/USDC limit=20
2026-05-08 22:30:12,282 | INFO | fetch_order_book: mid=0.073105 spread=4.10bps bids=20 asks=20
2026-05-08 22:30:13,195 | INFO | SPREAD | pair=CHIP/USDC | cex=0.07309/0.07312 | dex_sell=0.0730746 dex_buy=0.0730906 | spread_a=-6.2bps spread_b=-0.1bps | min=30.0bps
2026-05-08 22:30:14,198 | INFO | fetch_order_book: symbol=CHIP/USDC limit=20
2026-05-08 22:30:14,485 | INFO | fetch_order_book: mid=0.073105 spread=6.84bps bids=20 asks=20
2026-05-08 22:30:15,385 | INFO | SPREAD | pair=CHIP/USDC | cex=0.07308/0.07313 | dex_sell=0.0730872 dex_buy=0.0731032 | spread_a=-5.8bps spread_b=-3.2bps | min=30.0bps
2026-05-08 22:30:16,388 | INFO | fetch_order_book: symbol=CHIP/USDC limit=20
2026-05-08 22:30:16,644 | INFO | fetch_order_book: mid=0.07312 spread=8.21bps bids=20 asks=20
2026-05-08 22:30:17,554 | INFO | SPREAD | pair=CHIP/USDC | cex=0.07309/0.07315 | dex_sell=0.0730872 dex_buy=0.0731032 | spread_a=-8.6bps spread_b=-1.8bps | min=30.0bps
2026-05-08 22:30:18,557 | INFO | fetch_order_book: symbol=CHIP/USDC limit=20
2026-05-08 22:30:18,812 | INFO | fetch_order_book: mid=0.073125 spread=6.84bps bids=20 asks=20
2026-05-08 22:30:19,734 | INFO | SPREAD | pair=CHIP/USDC | cex=0.0731/0.07315 | dex_sell=0.0731048 dex_buy=0.0731207 | spread_a=-6.2bps spread_b=-2.8bps | min=30.0bps
2026-05-08 22:30:20,737 | INFO | fetch_order_book: symbol=CHIP/USDC limit=20
2026-05-08 22:30:20,993 | INFO | fetch_order_book: mid=0.07314 spread=5.47bps bids=20 asks=20
2026-05-08 22:30:21,863 | INFO | SPREAD | pair=CHIP/USDC | cex=0.07312/0.07316 | dex_sell=0.0731048 dex_buy=0.0731207 | spread_a=-7.6bps spread_b=-0.1bps | min=30.0bps
2026-05-08 22:30:22,866 | INFO | fetch_order_book: symbol=CHIP/USDC limit=20
2026-05-08 22:30:23,603 | INFO | fetch_order_book: mid=0.07317 spread=2.73bps bids=20 asks=20
2026-05-08 22:30:24,526 | INFO | SPREAD | pair=CHIP/USDC | cex=0.07316/0.07318 | dex_sell=0.0731247 dex_buy=0.0731606 | spread_a=-7.6bps spread_b=-0.1bps | min=30.0bps
2026-05-08 22:30:25,528 | INFO | fetch_order_book: symbol=CHIP/USDC limit=20
2026-05-08 22:30:25,785 | INFO | fetch_order_book: mid=0.073165 spread=4.10bps bids=20 asks=20
2026-05-08 22:30:26,694 | INFO | SPREAD | pair=CHIP/USDC | cex=0.07315/0.07318 | dex_sell=0.0731446 dex_buy=0.0731606 | spread_a=-4.8bps spread_b=-1.4bps | min=30.0bps
2026-05-08 22:30:27,698 | INFO | fetch_order_book: symbol=CHIP/USDC limit=20
2026-05-08 22:30:27,955 | INFO | fetch_order_book: mid=0.07321 spread=2.73bps bids=20 asks=20
2026-05-08 22:30:28,835 | INFO | SPREAD | pair=CHIP/USDC | cex=0.0732/0.07322 | dex_sell=0.0731547 dex_buy=0.0731707 | spread_a=-8.9bps spread_b=4.0bps | min=30.0bps
2026-05-08 22:30:29,839 | INFO | fetch_order_book: symbol=CHIP/USDC limit=20
2026-05-08 22:30:30,096 | INFO | fetch_order_book: mid=0.073175 spread=6.83bps bids=20 asks=20
2026-05-08 22:30:31,014 | INFO | SPREAD | pair=CHIP/USDC | cex=0.07315/0.0732 | dex_sell=0.0731501 dex_buy=0.0731661 | spread_a=-6.8bps spread_b=-2.2bps | min=30.0bps
2026-05-08 22:30:32,016 | INFO | fetch_order_book: symbol=CHIP/USDC limit=20
2026-05-08 22:30:32,752 | INFO | fetch_order_book: mid=0.07316 spread=5.47bps bids=20 asks=20
2026-05-08 22:30:33,667 | INFO | SPREAD | pair=CHIP/USDC | cex=0.07314/0.07318 | dex_sell=0.073142 dex_buy=0.073158 | spread_a=-5.2bps spread_b=-2.5bps | min=30.0bps
2026-05-08 22:30:34,670 | INFO | fetch_order_book: symbol=CHIP/USDC limit=20
2026-05-08 22:30:34,926 | INFO | fetch_order_book: mid=0.073155 spread=4.10bps bids=20 asks=20
2026-05-08 22:30:35,837 | INFO | SPREAD | pair=CHIP/USDC | cex=0.07314/0.07317 | dex_sell=0.073142 dex_buy=0.073158 | spread_a=-3.8bps spread_b=-2.5bps | min=30.0bps
2026-05-08 22:30:36,841 | INFO | fetch_order_book: symbol=CHIP/USDC limit=20
2026-05-08 22:30:37,239 | INFO | fetch_order_book: mid=0.07316 spread=5.47bps bids=20 asks=20
2026-05-08 22:30:38,181 | INFO | SPREAD | pair=CHIP/USDC | cex=0.07314/0.07318 | dex_sell=0.073142 dex_buy=0.073158 | spread_a=-5.2bps spread_b=-2.5bps | min=30.0bps
2026-05-08 22:30:39,184 | INFO | fetch_order_book: symbol=CHIP/USDC limit=20
2026-05-08 22:30:39,440 | INFO | fetch_order_book: mid=0.073085 spread=6.84bps bids=20 asks=20
2026-05-08 22:30:40,351 | INFO | SPREAD | pair=CHIP/USDC | cex=0.07306/0.07311 | dex_sell=0.0730789 dex_buy=0.0730949 | spread_a=-4.3bps spread_b=-4.8bps | min=30.0bps
2026-05-08 22:30:41,352 | INFO | fetch_order_book: symbol=CHIP/USDC limit=20
2026-05-08 22:30:41,609 | INFO | fetch_order_book: mid=0.073085 spread=6.84bps bids=20 asks=20
2026-05-08 22:30:42,550 | INFO | SPREAD | pair=CHIP/USDC | cex=0.07306/0.07311 | dex_sell=0.0730789 dex_buy=0.0730949 | spread_a=-4.3bps spread_b=-4.8bps | min=30.0bps
2026-05-08 22:30:43,553 | INFO | fetch_order_book: symbol=CHIP/USDC limit=20
2026-05-08 22:30:43,808 | INFO | fetch_order_book: mid=0.07309 spread=5.47bps bids=20 asks=20
2026-05-08 22:30:44,714 | INFO | SPREAD | pair=CHIP/USDC | cex=0.07307/0.07311 | dex_sell=0.0730789 dex_buy=0.0730949 | spread_a=-4.3bps spread_b=-3.4bps | min=30.0bps
2026-05-08 22:30:45,717 | INFO | fetch_order_book: symbol=CHIP/USDC limit=20
2026-05-08 22:30:46,009 | INFO | fetch_order_book: mid=0.073075 spread=4.11bps bids=20 asks=20
2026-05-08 22:30:46,915 | INFO | SPREAD | pair=CHIP/USDC | cex=0.07306/0.07309 | dex_sell=0.0730789 dex_buy=0.0730949 | spread_a=-1.5bps spread_b=-4.8bps | min=30.0bps
2026-05-08 22:30:47,919 | INFO | fetch_order_book: symbol=CHIP/USDC limit=20
2026-05-08 22:30:48,259 | INFO | fetch_order_book: mid=0.073035 spread=4.11bps bids=20 asks=20
2026-05-08 22:30:49,159 | INFO | SPREAD | pair=CHIP/USDC | cex=0.07302/0.07305 | dex_sell=0.0730301 dex_buy=0.0730461 | spread_a=-2.7bps spread_b=-3.6bps | min=30.0bps
2026-05-08 22:30:50,162 | INFO | fetch_order_book: symbol=CHIP/USDC limit=20
2026-05-08 22:30:50,496 | INFO | fetch_order_book: mid=0.073035 spread=4.11bps bids=20 asks=20
2026-05-08 22:30:51,435 | INFO | SPREAD | pair=CHIP/USDC | cex=0.07302/0.07305 | dex_sell=0.0730301 dex_buy=0.0730461 | spread_a=-2.7bps spread_b=-3.6bps | min=30.0bps
2026-05-08 22:30:52,439 | INFO | fetch_order_book: symbol=CHIP/USDC limit=20
2026-05-08 22:30:52,694 | INFO | fetch_order_book: mid=0.073035 spread=4.11bps bids=20 asks=20
2026-05-08 22:30:53,609 | INFO | SPREAD | pair=CHIP/USDC | cex=0.07302/0.07305 | dex_sell=0.0730301 dex_buy=0.0730461 | spread_a=-2.7bps spread_b=-3.6bps | min=30.0bps
2026-05-08 22:30:54,612 | INFO | fetch_order_book: symbol=CHIP/USDC limit=20
2026-05-08 22:30:54,865 | INFO | fetch_order_book: mid=0.073035 spread=4.11bps bids=20 asks=20
2026-05-08 22:30:55,746 | INFO | SPREAD | pair=CHIP/USDC | cex=0.07302/0.07305 | dex_sell=0.0730301 dex_buy=0.0730461 | spread_a=-2.7bps spread_b=-3.6bps | min=30.0bps
2026-05-08 22:30:56,749 | INFO | fetch_order_book: symbol=CHIP/USDC limit=20
2026-05-08 22:30:57,005 | INFO | fetch_order_book: mid=0.07303 spread=2.74bps bids=20 asks=20
2026-05-08 22:30:57,919 | INFO | SPREAD | pair=CHIP/USDC | cex=0.07302/0.07304 | dex_sell=0.0730301 dex_buy=0.0730461 | spread_a=-1.4bps spread_b=-3.6bps | min=30.0bps
2026-05-08 22:30:58,922 | INFO | fetch_order_book: symbol=CHIP/USDC limit=20
2026-05-08 22:30:59,179 | INFO | fetch_order_book: mid=0.072915 spread=4.11bps bids=20 asks=20
2026-05-08 22:31:00,111 | INFO | SPREAD | pair=CHIP/USDC | cex=0.0729/0.07293 | dex_sell=0.0729363 dex_buy=0.0729211 | spread_a=0.9bps spread_b=-2.9bps | min=30.0bps
2026-05-08 22:31:01,114 | INFO | fetch_order_book: symbol=CHIP/USDC limit=20
2026-05-08 22:31:01,372 | INFO | fetch_order_book: mid=0.072955 spread=4.11bps bids=20 asks=20
2026-05-08 22:31:02,302 | INFO | SPREAD | pair=CHIP/USDC | cex=0.07294/0.07297 | dex_sell=0.0729052 dex_buy=0.0729306 | spread_a=-8.9bps spread_b=1.3bps | min=30.0bps
2026-05-08 22:31:03,306 | INFO | fetch_order_book: symbol=CHIP/USDC limit=20
2026-05-08 22:31:03,564 | INFO | fetch_order_book: mid=0.07296 spread=8.22bps bids=20 asks=20
2026-05-08 22:31:04,461 | INFO | SPREAD | pair=CHIP/USDC | cex=0.07293/0.07299 | dex_sell=0.0729012 dex_buy=0.0729407 | spread_a=-12.2bps spread_b=-1.5bps | min=30.0bps
2026-05-08 22:31:05,464 | INFO | fetch_order_book: symbol=CHIP/USDC limit=20
2026-05-08 22:31:05,752 | INFO | fetch_order_book: mid=0.072975 spread=6.85bps bids=20 asks=20
2026-05-08 22:31:06,690 | INFO | SPREAD | pair=CHIP/USDC | cex=0.07295/0.073 | dex_sell=0.0729547 dex_buy=0.0729706 | spread_a=-6.2bps spread_b=-2.8bps | min=30.0bps
2026-05-08 22:31:07,693 | INFO | fetch_order_book: symbol=CHIP/USDC limit=20
2026-05-08 22:31:07,953 | INFO | fetch_order_book: mid=0.073065 spread=4.11bps bids=20 asks=20
2026-05-08 22:31:08,839 | INFO | SPREAD | pair=CHIP/USDC | cex=0.07305/0.07308 | dex_sell=0.0729547 dex_buy=0.0730282 | spread_a=-17.2bps spread_b=3.0bps | min=30.0bps
2026-05-08 22:31:09,842 | INFO | fetch_order_book: symbol=CHIP/USDC limit=20
2026-05-08 22:31:10,581 | INFO | fetch_order_book: mid=0.073055 spread=4.11bps bids=20 asks=20
2026-05-08 22:31:11,502 | INFO | SPREAD | pair=CHIP/USDC | cex=0.07304/0.07307 | dex_sell=0.0730446 dex_buy=0.0730606 | spread_a=-3.5bps spread_b=-2.8bps | min=30.0bps
2026-05-08 22:31:12,506 | INFO | fetch_order_book: symbol=CHIP/USDC limit=20
2026-05-08 22:31:12,761 | INFO | fetch_order_book: mid=0.073055 spread=6.84bps bids=20 asks=20
2026-05-08 22:31:13,661 | INFO | SPREAD | pair=CHIP/USDC | cex=0.07303/0.07308 | dex_sell=0.0730446 dex_buy=0.0730606 | spread_a=-4.8bps spread_b=-4.2bps | min=30.0bps
2026-05-08 22:31:14,665 | INFO | fetch_order_book: symbol=CHIP/USDC limit=20
2026-05-08 22:31:14,922 | INFO | fetch_order_book: mid=0.073065 spread=4.11bps bids=20 asks=20
2026-05-08 22:31:15,828 | INFO | SPREAD | pair=CHIP/USDC | cex=0.07305/0.07308 | dex_sell=0.0730342 dex_buy=0.0730501 | spread_a=-6.3bps spread_b=-0.0bps | min=30.0bps
2026-05-08 22:31:16,831 | INFO | fetch_order_book: symbol=CHIP/USDC limit=20
2026-05-08 22:31:17,106 | INFO | fetch_order_book: mid=0.07305 spread=5.48bps bids=20 asks=20
2026-05-08 22:31:17,995 | INFO | SPREAD | pair=CHIP/USDC | cex=0.07303/0.07307 | dex_sell=0.0730342 dex_buy=0.0730501 | spread_a=-4.9bps spread_b=-2.8bps | min=30.0bps
2026-05-08 22:31:18,998 | INFO | fetch_order_book: symbol=CHIP/USDC limit=20
2026-05-08 22:31:19,740 | INFO | fetch_order_book: mid=0.07291 spread=8.23bps bids=20 asks=20
2026-05-08 22:31:20,649 | INFO | SPREAD | pair=CHIP/USDC | cex=0.07288/0.07294 | dex_sell=0.0730342 dex_buy=0.072909 | spread_a=12.9bps spread_b=-4.0bps | min=30.0bps
2026-05-08 22:31:21,653 | INFO | fetch_order_book: symbol=CHIP/USDC limit=20
2026-05-08 22:31:21,947 | INFO | fetch_order_book: mid=0.072915 spread=4.11bps bids=20 asks=20
2026-05-08 22:31:22,899 | INFO | SPREAD | pair=CHIP/USDC | cex=0.0729/0.07293 | dex_sell=0.072893 dex_buy=0.072909 | spread_a=-5.1bps spread_b=-1.2bps | min=30.0bps
2026-05-08 22:31:23,902 | INFO | fetch_order_book: symbol=CHIP/USDC limit=20
2026-05-08 22:31:24,158 | INFO | fetch_order_book: mid=0.072895 spread=6.86bps bids=20 asks=20
2026-05-08 22:31:25,055 | INFO | SPREAD | pair=CHIP/USDC | cex=0.07287/0.07292 | dex_sell=0.072893 dex_buy=0.072909 | spread_a=-3.7bps spread_b=-5.3bps | min=30.0bps
2026-05-08 22:31:26,059 | INFO | fetch_order_book: symbol=CHIP/USDC limit=20
2026-05-08 22:31:26,353 | INFO | fetch_order_book: mid=0.072915 spread=6.86bps bids=20 asks=20
2026-05-08 22:31:27,231 | INFO | SPREAD | pair=CHIP/USDC | cex=0.07289/0.07294 | dex_sell=0.072893 dex_buy=0.072909 | spread_a=-6.4bps spread_b=-2.6bps | min=30.0bps
2026-05-08 22:31:28,233 | INFO | fetch_order_book: symbol=CHIP/USDC limit=20
2026-05-08 22:31:28,490 | INFO | fetch_order_book: mid=0.072915 spread=4.11bps bids=20 asks=20
2026-05-08 22:31:29,419 | INFO | SPREAD | pair=CHIP/USDC | cex=0.0729/0.07293 | dex_sell=0.072893 dex_buy=0.072909 | spread_a=-5.1bps spread_b=-1.2bps | min=30.0bps
2026-05-08 22:31:30,422 | INFO | fetch_order_book: symbol=CHIP/USDC limit=20
2026-05-08 22:31:30,675 | INFO | fetch_order_book: mid=0.072915 spread=4.11bps bids=20 asks=20
2026-05-08 22:31:31,569 | INFO | SPREAD | pair=CHIP/USDC | cex=0.0729/0.07293 | dex_sell=0.072893 dex_buy=0.072909 | spread_a=-5.1bps spread_b=-1.2bps | min=30.0bps
2026-05-08 22:31:32,572 | INFO | fetch_order_book: symbol=CHIP/USDC limit=20
2026-05-08 22:31:32,828 | INFO | fetch_order_book: mid=0.07293 spread=5.48bps bids=20 asks=20
2026-05-08 22:31:33,737 | INFO | SPREAD | pair=CHIP/USDC | cex=0.07291/0.07295 | dex_sell=0.0729248 dex_buy=0.0729407 | spread_a=-3.5bps spread_b=-4.2bps | min=30.0bps
2026-05-08 22:31:34,738 | INFO | fetch_order_book: symbol=CHIP/USDC limit=20
2026-05-08 22:31:34,994 | INFO | fetch_order_book: mid=0.072925 spread=6.86bps bids=20 asks=20
2026-05-08 22:32:05,015 | INFO | SPREAD | pair=CHIP/USDC | cex=0.0729/0.07295 | dex_sell=0.0728276 dex_buy=0.0728161 | spread_a=-16.8bps spread_b=11.5bps | min=30.0bps
2026-05-08 22:32:06,019 | INFO | fetch_order_book: symbol=CHIP/USDC limit=20
2026-05-08 22:32:06,276 | INFO | fetch_order_book: mid=0.07284 spread=5.49bps bids=20 asks=20
2026-05-08 22:32:07,194 | INFO | SPREAD | pair=CHIP/USDC | cex=0.07282/0.07286 | dex_sell=0.0728347 dex_buy=0.0728506 | spread_a=-3.5bps spread_b=-4.2bps | min=30.0bps
2026-05-08 22:32:08,198 | INFO | fetch_order_book: symbol=CHIP/USDC limit=20
2026-05-08 22:32:08,542 | INFO | fetch_order_book: mid=0.072815 spread=6.87bps bids=20 asks=20
2026-05-08 22:32:09,441 | INFO | SPREAD | pair=CHIP/USDC | cex=0.07279/0.07284 | dex_sell=0.07282 dex_buy=0.0728359 | spread_a=-2.7bps spread_b=-6.3bps | min=30.0bps
2026-05-08 22:32:10,444 | INFO | fetch_order_book: symbol=CHIP/USDC limit=20
2026-05-08 22:32:10,698 | INFO | fetch_order_book: mid=0.07279 spread=8.24bps bids=20 asks=20
2026-05-08 22:32:11,603 | INFO | SPREAD | pair=CHIP/USDC | cex=0.07276/0.07282 | dex_sell=0.0728348 dex_buy=0.0728359 | spread_a=2.0bps spread_b=-10.4bps | min=30.0bps
2026-05-08 22:32:12,606 | INFO | fetch_order_book: symbol=CHIP/USDC limit=20
2026-05-08 22:32:12,881 | INFO | fetch_order_book: mid=0.072795 spread=6.87bps bids=20 asks=20
2026-05-08 22:32:13,803 | INFO | SPREAD | pair=CHIP/USDC | cex=0.07277/0.07282 | dex_sell=0.0728001 dex_buy=0.072816 | spread_a=-2.7bps spread_b=-6.3bps | min=30.0bps
2026-05-08 22:32:14,806 | INFO | fetch_order_book: symbol=CHIP/USDC limit=20
2026-05-08 22:32:15,093 | INFO | fetch_order_book: mid=0.072805 spread=6.87bps bids=20 asks=20
2026-05-08 22:32:15,983 | INFO | SPREAD | pair=CHIP/USDC | cex=0.07278/0.07283 | dex_sell=0.0728001 dex_buy=0.072816 | spread_a=-4.1bps spread_b=-4.9bps | min=30.0bps
2026-05-08 22:32:16,987 | INFO | fetch_order_book: symbol=CHIP/USDC limit=20
2026-05-08 22:32:17,245 | INFO | fetch_order_book: mid=0.072795 spread=6.87bps bids=20 asks=20
2026-05-08 22:32:18,151 | INFO | SPREAD | pair=CHIP/USDC | cex=0.07277/0.07282 | dex_sell=0.0728001 dex_buy=0.072816 | spread_a=-2.7bps spread_b=-6.3bps | min=30.0bps
2026-05-08 22:32:19,155 | INFO | fetch_order_book: symbol=CHIP/USDC limit=20
2026-05-08 22:32:19,413 | INFO | fetch_order_book: mid=0.072785 spread=6.87bps bids=20 asks=20
2026-05-08 22:32:20,312 | INFO | SPREAD | pair=CHIP/USDC | cex=0.07276/0.07281 | dex_sell=0.0728001 dex_buy=0.072816 | spread_a=-1.4bps spread_b=-7.7bps | min=30.0bps
2026-05-08 22:32:21,316 | INFO | fetch_order_book: symbol=CHIP/USDC limit=20
2026-05-08 22:32:21,576 | INFO | fetch_order_book: mid=0.07279 spread=8.24bps bids=20 asks=20
2026-05-08 22:32:22,479 | INFO | SPREAD | pair=CHIP/USDC | cex=0.07276/0.07282 | dex_sell=0.0728001 dex_buy=0.072816 | spread_a=-2.7bps spread_b=-7.7bps | min=30.0bps
2026-05-08 22:32:23,482 | INFO | fetch_order_book: symbol=CHIP/USDC limit=20
2026-05-08 22:32:23,743 | INFO | fetch_order_book: mid=0.072805 spread=6.87bps bids=20 asks=20
2026-05-08 22:32:24,709 | INFO | SPREAD | pair=CHIP/USDC | cex=0.07278/0.07283 | dex_sell=0.0728001 dex_buy=0.072816 | spread_a=-4.1bps spread_b=-4.9bps | min=30.0bps
2026-05-08 22:32:25,712 | INFO | fetch_order_book: symbol=CHIP/USDC limit=20
2026-05-08 22:32:25,969 | INFO | fetch_order_book: mid=0.072785 spread=6.87bps bids=20 asks=20
2026-05-08 22:32:26,854 | INFO | SPREAD | pair=CHIP/USDC | cex=0.07276/0.07281 | dex_sell=0.0728001 dex_buy=0.072816 | spread_a=-1.4bps spread_b=-7.7bps | min=30.0bps
2026-05-08 22:32:27,857 | INFO | fetch_order_book: symbol=CHIP/USDC limit=20
2026-05-08 22:32:28,201 | INFO | fetch_order_book: mid=0.07279 spread=5.50bps bids=20 asks=20
2026-05-08 22:32:29,084 | INFO | SPREAD | pair=CHIP/USDC | cex=0.07277/0.07281 | dex_sell=0.0728001 dex_buy=0.072816 | spread_a=-1.4bps spread_b=-6.3bps | min=30.0bps
2026-05-08 22:32:30,087 | INFO | fetch_order_book: symbol=CHIP/USDC limit=20
2026-05-08 22:32:30,459 | INFO | fetch_order_book: mid=0.07284 spread=5.49bps bids=20 asks=20
2026-05-08 22:32:31,357 | INFO | SPREAD | pair=CHIP/USDC | cex=0.07282/0.07286 | dex_sell=0.0728148 dex_buy=0.0728506 | spread_a=-6.2bps spread_b=-4.2bps | min=30.0bps
2026-05-08 22:32:32,360 | INFO | fetch_order_book: symbol=CHIP/USDC limit=20
2026-05-08 22:32:32,615 | INFO | fetch_order_book: mid=0.072885 spread=4.12bps bids=20 asks=20
2026-05-08 22:32:33,538 | INFO | SPREAD | pair=CHIP/USDC | cex=0.07287/0.0729 | dex_sell=0.0728747 dex_buy=0.072902 | spread_a=-3.5bps spread_b=-4.4bps | min=30.0bps
2026-05-08 22:32:34,540 | INFO | fetch_order_book: symbol=CHIP/USDC limit=20
2026-05-08 22:32:34,796 | INFO | fetch_order_book: mid=0.07282 spread=10.99bps bids=20 asks=20
2026-05-08 22:32:35,688 | INFO | SPREAD | pair=CHIP/USDC | cex=0.07278/0.07286 | dex_sell=0.0728701 dex_buy=0.072866 | spread_a=1.4bps spread_b=-11.8bps | min=30.0bps
2026-05-08 22:32:36,690 | INFO | fetch_order_book: symbol=CHIP/USDC limit=20
2026-05-08 22:32:36,958 | INFO | fetch_order_book: mid=0.07285 spread=8.24bps bids=20 asks=20
2026-05-08 22:32:37,871 | INFO | SPREAD | pair=CHIP/USDC | cex=0.07282/0.07288 | dex_sell=0.0728501 dex_buy=0.072866 | spread_a=-4.1bps spread_b=-6.3bps | min=30.0bps
2026-05-08 22:32:38,875 | INFO | fetch_order_book: symbol=CHIP/USDC limit=20
2026-05-08 22:32:39,219 | INFO | fetch_order_book: mid=0.072875 spread=6.86bps bids=20 asks=20
2026-05-08 22:32:40,084 | INFO | SPREAD | pair=CHIP/USDC | cex=0.07285/0.0729 | dex_sell=0.0728647 dex_buy=0.0728806 | spread_a=-4.8bps spread_b=-4.2bps | min=30.0bps
2026-05-08 22:32:41,088 | INFO | fetch_order_book: symbol=CHIP/USDC limit=20
2026-05-08 22:32:41,345 | INFO | fetch_order_book: mid=0.072875 spread=6.86bps bids=20 asks=20
2026-05-08 22:32:42,298 | INFO | SPREAD | pair=CHIP/USDC | cex=0.07285/0.0729 | dex_sell=0.0728647 dex_buy=0.0728806 | spread_a=-4.8bps spread_b=-4.2bps | min=30.0bps
2026-05-08 22:32:43,301 | INFO | fetch_order_book: symbol=CHIP/USDC limit=20
2026-05-08 22:32:43,560 | INFO | fetch_order_book: mid=0.07290 spread=5.49bps bids=20 asks=20
2026-05-08 22:32:44,468 | INFO | SPREAD | pair=CHIP/USDC | cex=0.07288/0.07292 | dex_sell=0.0728848 dex_buy=0.0729206 | spread_a=-4.8bps spread_b=-5.6bps | min=30.0bps
2026-05-08 22:32:45,471 | INFO | fetch_order_book: symbol=CHIP/USDC limit=20
2026-05-08 22:32:45,729 | INFO | fetch_order_book: mid=0.073025 spread=6.85bps bids=20 asks=20
2026-05-08 22:32:46,614 | INFO | SPREAD | pair=CHIP/USDC | cex=0.073/0.07305 | dex_sell=0.0729248 dex_buy=0.0730147 | spread_a=-17.1bps spread_b=-2.0bps | min=30.0bps
2026-05-08 22:32:47,617 | INFO | fetch_order_book: symbol=CHIP/USDC limit=20
2026-05-08 22:32:47,872 | INFO | fetch_order_book: mid=0.07304 spread=5.48bps bids=20 asks=20
2026-05-08 22:32:48,763 | INFO | SPREAD | pair=CHIP/USDC | cex=0.07302/0.07306 | dex_sell=0.0729987 dex_buy=0.0730147 | spread_a=-8.4bps spread_b=0.7bps | min=30.0bps
2026-05-08 22:32:49,766 | INFO | fetch_order_book: symbol=CHIP/USDC limit=20
2026-05-08 22:32:50,037 | INFO | fetch_order_book: mid=0.07307 spread=2.74bps bids=20 asks=20
2026-05-08 22:32:50,957 | INFO | SPREAD | pair=CHIP/USDC | cex=0.07306/0.07308 | dex_sell=0.0729987 dex_buy=0.0730404 | spread_a=-11.1bps spread_b=2.7bps | min=30.0bps
2026-05-08 22:32:51,960 | INFO | fetch_order_book: symbol=CHIP/USDC limit=20
2026-05-08 22:32:52,219 | INFO | fetch_order_book: mid=0.07305 spread=5.48bps bids=20 asks=20
2026-05-08 22:32:53,092 | INFO | SPREAD | pair=CHIP/USDC | cex=0.07303/0.07307 | dex_sell=0.0730245 dex_buy=0.0730404 | spread_a=-6.2bps spread_b=-1.4bps | min=30.0bps
2026-05-08 22:32:54,094 | INFO | fetch_order_book: symbol=CHIP/USDC limit=20
2026-05-08 22:32:54,357 | INFO | fetch_order_book: mid=0.073065 spread=6.84bps bids=20 asks=20
2026-05-08 22:32:55,269 | INFO | SPREAD | pair=CHIP/USDC | cex=0.07304/0.07309 | dex_sell=0.0730245 dex_buy=0.0730404 | spread_a=-9.0bps spread_b=-0.1bps | min=30.0bps
2026-05-08 22:32:56,272 | INFO | fetch_order_book: symbol=CHIP/USDC limit=20
2026-05-08 22:32:56,530 | INFO | fetch_order_book: mid=0.07307 spread=8.21bps bids=20 asks=20
2026-05-08 22:32:57,441 | INFO | SPREAD | pair=CHIP/USDC | cex=0.07304/0.0731 | dex_sell=0.0730245 dex_buy=0.0730404 | spread_a=-10.3bps spread_b=-0.1bps | min=30.0bps
2026-05-08 22:32:58,444 | INFO | fetch_order_book: symbol=CHIP/USDC limit=20
2026-05-08 22:32:58,716 | INFO | fetch_order_book: mid=0.073065 spread=6.84bps bids=20 asks=20
2026-05-08 22:32:59,648 | INFO | SPREAD | pair=CHIP/USDC | cex=0.07304/0.07309 | dex_sell=0.0730245 dex_buy=0.0730404 | spread_a=-9.0bps spread_b=-0.1bps | min=30.0bps
2026-05-08 22:33:00,652 | INFO | fetch_order_book: symbol=CHIP/USDC limit=20
2026-05-08 22:33:00,909 | INFO | fetch_order_book: mid=0.073075 spread=4.11bps bids=20 asks=20
2026-05-08 22:33:01,784 | INFO | SPREAD | pair=CHIP/USDC | cex=0.07306/0.07309 | dex_sell=0.0730245 dex_buy=0.073096 | spread_a=-9.0bps spread_b=-4.9bps | min=30.0bps
2026-05-08 22:33:02,787 | INFO | fetch_order_book: symbol=CHIP/USDC limit=20
2026-05-08 22:33:03,221 | INFO | fetch_order_book: mid=0.07302 spread=5.48bps bids=20 asks=20
2026-05-08 22:33:04,373 | INFO | SPREAD | pair=CHIP/USDC | cex=0.073/0.07304 | dex_sell=0.07304 dex_buy=0.073036 | spread_a=0.0bps spread_b=-4.9bps | min=30.0bps
2026-05-08 22:33:05,376 | INFO | fetch_order_book: symbol=CHIP/USDC limit=20
2026-05-08 22:33:05,693 | INFO | fetch_order_book: mid=0.072985 spread=6.85bps bids=20 asks=20
2026-05-08 22:33:06,593 | INFO | SPREAD | pair=CHIP/USDC | cex=0.07296/0.07301 | dex_sell=0.073 dex_buy=0.0730036 | spread_a=-1.4bps spread_b=-6.0bps | min=30.0bps
2026-05-08 22:33:07,595 | INFO | fetch_order_book: symbol=CHIP/USDC limit=20
2026-05-08 22:33:07,852 | INFO | fetch_order_book: mid=0.07296 spread=5.48bps bids=20 asks=20
2026-05-08 22:33:08,771 | INFO | SPREAD | pair=CHIP/USDC | cex=0.07294/0.07298 | dex_sell=0.07297 dex_buy=0.0729752 | spread_a=-1.4bps spread_b=-4.8bps | min=30.0bps
2026-05-08 22:33:09,773 | INFO | fetch_order_book: symbol=CHIP/USDC limit=20
2026-05-08 22:33:10,028 | INFO | fetch_order_book: mid=0.07296 spread=5.48bps bids=20 asks=20
2026-05-08 22:33:10,905 | INFO | SPREAD | pair=CHIP/USDC | cex=0.07294/0.07298 | dex_sell=0.0729593 dex_buy=0.0729752 | spread_a=-2.8bps spread_b=-4.8bps | min=30.0bps
2026-05-08 22:33:11,908 | INFO | fetch_order_book: symbol=CHIP/USDC limit=20
2026-05-08 22:33:12,172 | INFO | fetch_order_book: mid=0.07295 spread=5.48bps bids=20 asks=20
2026-05-08 22:33:13,097 | INFO | SPREAD | pair=CHIP/USDC | cex=0.07293/0.07297 | dex_sell=0.0729593 dex_buy=0.0729635 | spread_a=-1.5bps spread_b=-4.6bps | min=30.0bps
2026-05-08 22:33:14,100 | INFO | fetch_order_book: symbol=CHIP/USDC limit=20
2026-05-08 22:33:14,362 | INFO | fetch_order_book: mid=0.072985 spread=6.85bps bids=20 asks=20
2026-05-08 22:33:15,233 | INFO | SPREAD | pair=CHIP/USDC | cex=0.07296/0.07301 | dex_sell=0.0729647 dex_buy=0.0729807 | spread_a=-6.2bps spread_b=-2.8bps | min=30.0bps
2026-05-08 22:33:16,235 | INFO | fetch_order_book: symbol=CHIP/USDC limit=20
2026-05-08 22:33:16,491 | INFO | fetch_order_book: mid=0.073025 spread=6.85bps bids=20 asks=20
2026-05-08 22:33:17,468 | INFO | SPREAD | pair=CHIP/USDC | cex=0.073/0.07305 | dex_sell=0.0729993 dex_buy=0.0730153 | spread_a=-6.9bps spread_b=-2.1bps | min=30.0bps
2026-05-08 22:33:18,472 | INFO | fetch_order_book: symbol=CHIP/USDC limit=20
2026-05-08 22:33:18,730 | INFO | fetch_order_book: mid=0.073015 spread=6.85bps bids=20 asks=20
2026-05-08 22:33:19,611 | INFO | SPREAD | pair=CHIP/USDC | cex=0.07299/0.07304 | dex_sell=0.0729993 dex_buy=0.0730153 | spread_a=-5.6bps spread_b=-3.5bps | min=30.0bps
2026-05-08 22:33:20,615 | INFO | fetch_order_book: symbol=CHIP/USDC limit=20
2026-05-08 22:33:20,877 | INFO | fetch_order_book: mid=0.073015 spread=6.85bps bids=20 asks=20
2026-05-08 22:33:21,799 | INFO | SPREAD | pair=CHIP/USDC | cex=0.07299/0.07304 | dex_sell=0.0729993 dex_buy=0.0730153 | spread_a=-5.6bps spread_b=-3.5bps | min=30.0bps
2026-05-08 22:33:22,803 | INFO | fetch_order_book: symbol=CHIP/USDC limit=20
2026-05-08 22:33:23,087 | INFO | fetch_order_book: mid=0.073015 spread=6.85bps bids=20 asks=20
2026-05-08 22:33:23,966 | INFO | SPREAD | pair=CHIP/USDC | cex=0.07299/0.07304 | dex_sell=0.0729993 dex_buy=0.0730153 | spread_a=-5.6bps spread_b=-3.5bps | min=30.0bps
2026-05-08 22:33:24,969 | INFO | fetch_order_book: symbol=CHIP/USDC limit=20
2026-05-08 22:33:25,454 | INFO | fetch_order_book: mid=0.07303 spread=5.48bps bids=20 asks=20
2026-05-08 22:33:26,388 | INFO | SPREAD | pair=CHIP/USDC | cex=0.07301/0.07305 | dex_sell=0.0729993 dex_buy=0.0730153 | spread_a=-6.9bps spread_b=-0.7bps | min=30.0bps
2026-05-08 22:33:27,391 | INFO | fetch_order_book: symbol=CHIP/USDC limit=20
2026-05-08 22:33:27,649 | INFO | fetch_order_book: mid=0.072985 spread=6.85bps bids=20 asks=20
2026-05-08 22:33:28,550 | INFO | SPREAD | pair=CHIP/USDC | cex=0.07296/0.07301 | dex_sell=0.0729993 dex_buy=0.0730028 | spread_a=-1.5bps spread_b=-5.9bps | min=30.0bps
2026-05-08 22:33:29,553 | INFO | fetch_order_book: symbol=CHIP/USDC limit=20
2026-05-08 22:33:29,813 | INFO | fetch_order_book: mid=0.07298 spread=5.48bps bids=20 asks=20
2026-05-08 22:33:30,735 | INFO | SPREAD | pair=CHIP/USDC | cex=0.07296/0.073 | dex_sell=0.0729729 dex_buy=0.0729889 | spread_a=-3.7bps spread_b=-4.0bps | min=30.0bps
2026-05-08 22:33:31,739 | INFO | fetch_order_book: symbol=CHIP/USDC limit=20
2026-05-08 22:33:31,994 | INFO | fetch_order_book: mid=0.07303 spread=8.22bps bids=20 asks=20
2026-05-08 22:33:32,878 | INFO | SPREAD | pair=CHIP/USDC | cex=0.073/0.07306 | dex_sell=0.0729712 dex_buy=0.0730107 | spread_a=-12.2bps spread_b=-1.5bps | min=30.0bps
2026-05-08 22:33:33,882 | INFO | fetch_order_book: symbol=CHIP/USDC limit=20
2026-05-08 22:33:34,249 | INFO | fetch_order_book: mid=0.073035 spread=6.85bps bids=20 asks=20
2026-05-08 22:33:35,168 | INFO | SPREAD | pair=CHIP/USDC | cex=0.07301/0.07306 | dex_sell=0.0730147 dex_buy=0.0730307 | spread_a=-6.2bps spread_b=-2.8bps | min=30.0bps
2026-05-08 22:33:36,171 | INFO | fetch_order_book: symbol=CHIP/USDC limit=20
2026-05-08 22:33:36,429 | INFO | fetch_order_book: mid=0.07304 spread=8.21bps bids=20 asks=20
2026-05-08 22:33:37,314 | INFO | SPREAD | pair=CHIP/USDC | cex=0.07301/0.07307 | dex_sell=0.0730247 dex_buy=0.0730407 | spread_a=-6.2bps spread_b=-4.2bps | min=30.0bps
2026-05-08 22:33:38,317 | INFO | fetch_order_book: symbol=CHIP/USDC limit=20
2026-05-08 22:33:38,576 | INFO | fetch_order_book: mid=0.07305 spread=5.48bps bids=20 asks=20
2026-05-08 22:33:39,443 | INFO | SPREAD | pair=CHIP/USDC | cex=0.07303/0.07307 | dex_sell=0.0730247 dex_buy=0.0730407 | spread_a=-6.2bps spread_b=-1.5bps | min=30.0bps
2026-05-08 22:33:40,447 | INFO | fetch_order_book: symbol=CHIP/USDC limit=20
2026-05-08 22:33:40,711 | INFO | fetch_order_book: mid=0.07306 spread=5.47bps bids=20 asks=20
2026-05-08 22:33:41,648 | INFO | SPREAD | pair=CHIP/USDC | cex=0.07304/0.07308 | dex_sell=0.0730247 dex_buy=0.0730407 | spread_a=-7.6bps spread_b=-0.1bps | min=30.0bps
2026-05-08 22:33:42,651 | INFO | fetch_order_book: symbol=CHIP/USDC limit=20
2026-05-08 22:33:42,953 | INFO | fetch_order_book: mid=0.07306 spread=5.47bps bids=20 asks=20
2026-05-08 22:33:43,876 | INFO | SPREAD | pair=CHIP/USDC | cex=0.07304/0.07308 | dex_sell=0.0730247 dex_buy=0.0730407 | spread_a=-7.6bps spread_b=-0.1bps | min=30.0bps
2026-05-08 22:33:44,879 | INFO | fetch_order_book: symbol=CHIP/USDC limit=20
2026-05-08 22:33:45,137 | INFO | fetch_order_book: mid=0.07310 spread=5.47bps bids=20 asks=20
2026-05-08 22:33:46,026 | INFO | SPREAD | pair=CHIP/USDC | cex=0.07308/0.07312 | dex_sell=0.0730648 dex_buy=0.0730807 | spread_a=-7.6bps spread_b=-0.1bps | min=30.0bps
2026-05-08 22:33:47,030 | INFO | fetch_order_book: symbol=CHIP/USDC limit=20
2026-05-08 22:33:47,284 | INFO | fetch_order_book: mid=0.073105 spread=4.10bps bids=20 asks=20
2026-05-08 22:33:48,159 | INFO | SPREAD | pair=CHIP/USDC | cex=0.07309/0.07312 | dex_sell=0.0730906 dex_buy=0.0731065 | spread_a=-4.0bps spread_b=-2.3bps | min=30.0bps
2026-05-08 22:33:49,162 | INFO | fetch_order_book: symbol=CHIP/USDC limit=20
2026-05-08 22:33:49,431 | INFO | fetch_order_book: mid=0.073135 spread=6.84bps bids=20 asks=20
2026-05-08 22:33:50,416 | INFO | SPREAD | pair=CHIP/USDC | cex=0.07311/0.07316 | dex_sell=0.0730906 dex_buy=0.0731065 | spread_a=-9.5bps spread_b=0.5bps | min=30.0bps
2026-05-08 22:33:51,419 | INFO | fetch_order_book: symbol=CHIP/USDC limit=20
2026-05-08 22:33:51,688 | INFO | fetch_order_book: mid=0.073085 spread=6.84bps bids=20 asks=20
2026-05-08 22:33:52,612 | INFO | SPREAD | pair=CHIP/USDC | cex=0.07306/0.07311 | dex_sell=0.0730648 dex_buy=0.0730807 | spread_a=-6.2bps spread_b=-2.8bps | min=30.0bps
2026-05-08 22:33:53,615 | INFO | fetch_order_book: symbol=CHIP/USDC limit=20
2026-05-08 22:33:53,871 | INFO | fetch_order_book: mid=0.073085 spread=6.84bps bids=20 asks=20
2026-05-08 22:33:54,749 | INFO | SPREAD | pair=CHIP/USDC | cex=0.07306/0.07311 | dex_sell=0.0730648 dex_buy=0.0730807 | spread_a=-6.2bps spread_b=-2.8bps | min=30.0bps
2026-05-08 22:33:55,752 | INFO | fetch_order_book: symbol=CHIP/USDC limit=20
2026-05-08 22:33:56,010 | INFO | fetch_order_book: mid=0.073095 spread=6.84bps bids=20 asks=20
2026-05-08 22:33:56,948 | INFO | SPREAD | pair=CHIP/USDC | cex=0.07307/0.07312 | dex_sell=0.073055 dex_buy=0.073071 | spread_a=-8.9bps spread_b=-0.1bps | min=30.0bps
2026-05-08 22:33:57,951 | INFO | fetch_order_book: symbol=CHIP/USDC limit=20
2026-05-08 22:33:58,216 | INFO | fetch_order_book: mid=0.07310 spread=8.21bps bids=20 asks=20
2026-05-08 22:33:59,136 | INFO | SPREAD | pair=CHIP/USDC | cex=0.07307/0.07313 | dex_sell=0.0730704 dex_buy=0.0730863 | spread_a=-8.2bps spread_b=-2.2bps | min=30.0bps
2026-05-08 22:34:00,139 | INFO | fetch_order_book: symbol=CHIP/USDC limit=20
2026-05-08 22:34:00,394 | INFO | fetch_order_book: mid=0.07310 spread=8.21bps bids=20 asks=20
2026-05-08 22:34:01,282 | INFO | SPREAD | pair=CHIP/USDC | cex=0.07307/0.07313 | dex_sell=0.0730704 dex_buy=0.0730863 | spread_a=-8.2bps spread_b=-2.2bps | min=30.0bps
2026-05-08 22:34:02,285 | INFO | fetch_order_book: symbol=CHIP/USDC limit=20
2026-05-08 22:34:02,546 | INFO | fetch_order_book: mid=0.073095 spread=6.84bps bids=20 asks=20
2026-05-08 22:34:03,443 | INFO | SPREAD | pair=CHIP/USDC | cex=0.07307/0.07312 | dex_sell=0.0730704 dex_buy=0.0730863 | spread_a=-6.8bps spread_b=-2.2bps | min=30.0bps
2026-05-08 22:34:04,447 | INFO | fetch_order_book: symbol=CHIP/USDC limit=20
2026-05-08 22:34:04,707 | INFO | fetch_order_book: mid=0.07311 spread=5.47bps bids=20 asks=20
2026-05-08 22:34:05,647 | INFO | SPREAD | pair=CHIP/USDC | cex=0.07309/0.07313 | dex_sell=0.0730704 dex_buy=0.0730863 | spread_a=-8.2bps spread_b=0.5bps | min=30.0bps
2026-05-08 22:34:06,650 | INFO | fetch_order_book: symbol=CHIP/USDC limit=20
2026-05-08 22:34:06,910 | INFO | fetch_order_book: mid=0.073085 spread=6.84bps bids=20 asks=20
2026-05-08 22:34:07,817 | INFO | SPREAD | pair=CHIP/USDC | cex=0.07306/0.07311 | dex_sell=0.0730704 dex_buy=0.0730863 | spread_a=-5.4bps spread_b=-3.6bps | min=30.0bps
2026-05-08 22:34:08,820 | INFO | fetch_order_book: symbol=CHIP/USDC limit=20
2026-05-08 22:34:09,079 | INFO | fetch_order_book: mid=0.07311 spread=5.47bps bids=20 asks=20
2026-05-08 22:34:09,607 | INFO | Update id=722885987 is handled. Duration 51 ms by bot id=8642945117
2026-05-08 22:34:09,608 | WARNING | Received SIGTERM — shutting down.
2026-05-08 22:34:09,609 | INFO | Polling stopped
2026-05-08 22:34:09,611 | ERROR | Failed to fetch updates - TelegramNetworkError: HTTP Client says - ServerDisconnectedError: Server disconnected
2026-05-08 22:34:09,612 | WARNING | Sleep for 1.000000 seconds and try again... (tryings = 0, bot id = 8642945117)
2026-05-08 22:34:10,012 | INFO | SPREAD | pair=CHIP/USDC | cex=0.07309/0.07313 | dex_sell=0.0730705 dex_buy=0.0730864 | spread_a=-8.1bps spread_b=0.5bps | min=30.0bps
2026-05-08 22:34:10,039 | INFO | Bot stopped.
2026-05-08 22:34:10,040 | INFO | Polling stopped for bot @arb_bot_peanutbot id=8642945117 - 'arb_bot_peanut'
