2026-05-08 22:36:35,601 | INFO | Logging to file: logs/bot_20260508_223635.log
2026-05-08 22:36:35,602 | INFO | Loading config: configs/chip_observe.yaml
2026-05-08 22:36:36,428 | INFO | Rate limits loaded from exchangeInfo: 6000 weight / 60s
2026-05-08 22:36:36,437 | INFO | Checking exchange connection...
2026-05-08 22:36:36,695 | INFO | Connected to exchange. Server time: 1778272596609
2026-05-08 22:36:36,706 | INFO | DEX engine: Uniswap V3 (fee_tier=100)
2026-05-08 22:36:36,711 | INFO | TxBuilder wired: address=0x84b7346c733Daa8c189e1f31d574087971e5cD7a dex=v3 fee_tier=100
2026-05-08 22:36:36,718 | WARNING | ⚠️  PRODUCTION MODE — REAL MONEY ⚠️
2026-05-08 22:36:36,718 | INFO | Bot starting | pairs=['CHIP/USDC'] | risk={'capital': '100', 'peak': '100', 'daily_pnl': '0', 'drawdown': '0.0%', 'consec_loss': 0, 'tph': 0}
2026-05-08 22:36:43,572 | INFO | API key is valid (expiration unknown).
2026-05-08 22:36:44,000 | INFO | fetch_order_book: symbol=CHIP/USDC limit=20
2026-05-08 22:36:44,002 | INFO | Start polling
2026-05-08 22:36:44,033 | INFO | Run polling for bot @arb_bot_peanutbot id=8642945117 - 'arb_bot_peanut'
2026-05-08 22:36:44,254 | INFO | fetch_order_book: mid=0.073045 spread=6.85bps bids=20 asks=20
2026-05-08 22:36:45,251 | INFO | SPREAD | pair=CHIP/USDC | cex=0.07302/0.07307 | dex_sell=0.0730201 dex_buy=0.073036 | spread_a=-6.8bps spread_b=-2.2bps | min=30.0bps
2026-05-08 22:36:46,253 | INFO | fetch_order_book: symbol=CHIP/USDC limit=20
2026-05-08 22:36:46,509 | INFO | fetch_order_book: mid=0.07310 spread=8.21bps bids=20 asks=20
2026-05-08 22:36:47,450 | INFO | SPREAD | pair=CHIP/USDC | cex=0.07307/0.07313 | dex_sell=0.0730447 dex_buy=0.0730806 | spread_a=-11.7bps spread_b=-1.5bps | min=30.0bps
2026-05-08 22:36:48,452 | INFO | fetch_order_book: symbol=CHIP/USDC limit=20
2026-05-08 22:36:48,755 | INFO | fetch_order_book: mid=0.07309 spread=5.47bps bids=20 asks=20
2026-05-08 22:36:49,709 | INFO | SPREAD | pair=CHIP/USDC | cex=0.07307/0.07311 | dex_sell=0.0730646 dex_buy=0.0730806 | spread_a=-6.2bps spread_b=-1.5bps | min=30.0bps
2026-05-08 22:36:50,712 | INFO | fetch_order_book: symbol=CHIP/USDC limit=20
2026-05-08 22:36:50,979 | INFO | fetch_order_book: mid=0.07318 spread=5.47bps bids=20 asks=20
2026-05-08 22:36:52,105 | INFO | SPREAD | pair=CHIP/USDC | cex=0.07316/0.0732 | dex_sell=0.0730947 dex_buy=0.0731703 | spread_a=-14.4bps spread_b=-1.4bps | min=30.0bps
2026-05-08 22:36:53,109 | INFO | fetch_order_book: symbol=CHIP/USDC limit=20
2026-05-08 22:36:53,368 | INFO | fetch_order_book: mid=0.07318 spread=5.47bps bids=20 asks=20
2026-05-08 22:36:54,252 | INFO | SPREAD | pair=CHIP/USDC | cex=0.07316/0.0732 | dex_sell=0.0731543 dex_buy=0.0731703 | spread_a=-6.2bps spread_b=-1.4bps | min=30.0bps
2026-05-08 22:36:55,255 | INFO | fetch_order_book: symbol=CHIP/USDC limit=20
2026-05-08 22:36:55,511 | INFO | fetch_order_book: mid=0.07318 spread=5.47bps bids=20 asks=20
2026-05-08 22:36:56,427 | INFO | SPREAD | pair=CHIP/USDC | cex=0.07316/0.0732 | dex_sell=0.0731543 dex_buy=0.0731703 | spread_a=-6.2bps spread_b=-1.4bps | min=30.0bps
2026-05-08 22:36:57,430 | INFO | fetch_order_book: symbol=CHIP/USDC limit=20
2026-05-08 22:36:57,723 | INFO | fetch_order_book: mid=0.07318 spread=5.47bps bids=20 asks=20
2026-05-08 22:36:58,614 | INFO | SPREAD | pair=CHIP/USDC | cex=0.07316/0.0732 | dex_sell=0.0731543 dex_buy=0.0731703 | spread_a=-6.2bps spread_b=-1.4bps | min=30.0bps
2026-05-08 22:36:59,617 | INFO | fetch_order_book: symbol=CHIP/USDC limit=20
2026-05-08 22:36:59,871 | INFO | fetch_order_book: mid=0.07318 spread=5.47bps bids=20 asks=20
2026-05-08 22:37:00,773 | INFO | SPREAD | pair=CHIP/USDC | cex=0.07316/0.0732 | dex_sell=0.0731543 dex_buy=0.0731703 | spread_a=-6.2bps spread_b=-1.4bps | min=30.0bps
2026-05-08 22:37:01,775 | INFO | fetch_order_book: symbol=CHIP/USDC limit=20
2026-05-08 22:37:02,032 | INFO | fetch_order_book: mid=0.07325 spread=2.73bps bids=20 asks=20
2026-05-08 22:37:02,948 | INFO | SPREAD | pair=CHIP/USDC | cex=0.07324/0.07326 | dex_sell=0.0731543 dex_buy=0.073184 | spread_a=-14.4bps spread_b=7.7bps | min=30.0bps
2026-05-08 22:37:03,950 | INFO | fetch_order_book: symbol=CHIP/USDC limit=20
2026-05-08 22:37:04,208 | INFO | fetch_order_book: mid=0.07324 spread=5.46bps bids=20 asks=20
2026-05-08 22:37:05,155 | INFO | SPREAD | pair=CHIP/USDC | cex=0.07322/0.07326 | dex_sell=0.0731946 dex_buy=0.0732136 | spread_a=-8.9bps spread_b=0.9bps | min=30.0bps
2026-05-08 22:37:06,157 | INFO | fetch_order_book: symbol=CHIP/USDC limit=20
2026-05-08 22:37:06,423 | INFO | fetch_order_book: mid=0.07327 spread=2.73bps bids=20 asks=20
2026-05-08 22:37:07,310 | INFO | SPREAD | pair=CHIP/USDC | cex=0.07326/0.07328 | dex_sell=0.0731946 dex_buy=0.0732136 | spread_a=-11.7bps spread_b=6.3bps | min=30.0bps
2026-05-08 22:37:08,312 | INFO | fetch_order_book: symbol=CHIP/USDC limit=20
2026-05-08 22:37:08,574 | INFO | fetch_order_book: mid=0.07327 spread=2.73bps bids=20 asks=20
2026-05-08 22:37:09,523 | INFO | SPREAD | pair=CHIP/USDC | cex=0.07326/0.07328 | dex_sell=0.0731946 dex_buy=0.0732136 | spread_a=-11.7bps spread_b=6.3bps | min=30.0bps
2026-05-08 22:37:10,526 | INFO | fetch_order_book: symbol=CHIP/USDC limit=20
2026-05-08 22:37:10,788 | INFO | fetch_order_book: mid=0.07328 spread=5.46bps bids=20 asks=20
2026-05-08 22:37:11,698 | INFO | SPREAD | pair=CHIP/USDC | cex=0.07326/0.0733 | dex_sell=0.0732334 dex_buy=0.0732524 | spread_a=-9.1bps spread_b=1.0bps | min=30.0bps
2026-05-08 22:37:12,701 | INFO | fetch_order_book: symbol=CHIP/USDC limit=20
2026-05-08 22:37:12,958 | INFO | fetch_order_book: mid=0.07327 spread=5.46bps bids=20 asks=20
2026-05-08 22:37:13,844 | INFO | SPREAD | pair=CHIP/USDC | cex=0.07325/0.07329 | dex_sell=0.0732334 dex_buy=0.0732524 | spread_a=-7.7bps spread_b=-0.3bps | min=30.0bps
2026-05-08 22:37:14,847 | INFO | fetch_order_book: symbol=CHIP/USDC limit=20
2026-05-08 22:37:15,158 | INFO | fetch_order_book: mid=0.07329 spread=5.46bps bids=20 asks=20
2026-05-08 22:37:16,088 | INFO | SPREAD | pair=CHIP/USDC | cex=0.07327/0.07331 | dex_sell=0.0732334 dex_buy=0.0732524 | spread_a=-10.4bps spread_b=2.4bps | min=30.0bps
2026-05-08 22:37:17,090 | INFO | fetch_order_book: symbol=CHIP/USDC limit=20
2026-05-08 22:37:17,352 | INFO | fetch_order_book: mid=0.07329 spread=5.46bps bids=20 asks=20
2026-05-08 22:37:18,248 | INFO | SPREAD | pair=CHIP/USDC | cex=0.07327/0.07331 | dex_sell=0.0732334 dex_buy=0.0732524 | spread_a=-10.4bps spread_b=2.4bps | min=30.0bps
2026-05-08 22:37:19,251 | INFO | fetch_order_book: symbol=CHIP/USDC limit=20
2026-05-08 22:37:19,507 | INFO | fetch_order_book: mid=0.07330 spread=5.46bps bids=20 asks=20
2026-05-08 22:37:20,404 | INFO | SPREAD | pair=CHIP/USDC | cex=0.07328/0.07332 | dex_sell=0.0732334 dex_buy=0.0732524 | spread_a=-11.8bps spread_b=3.8bps | min=30.0bps
2026-05-08 22:37:21,406 | INFO | fetch_order_book: symbol=CHIP/USDC limit=20
2026-05-08 22:37:21,661 | INFO | fetch_order_book: mid=0.073295 spread=4.09bps bids=20 asks=20
2026-05-08 22:37:22,660 | INFO | SPREAD | pair=CHIP/USDC | cex=0.07328/0.07331 | dex_sell=0.0732334 dex_buy=0.0732524 | spread_a=-10.4bps spread_b=3.8bps | min=30.0bps
2026-05-08 22:37:23,662 | INFO | fetch_order_book: symbol=CHIP/USDC limit=20
2026-05-08 22:37:24,043 | INFO | fetch_order_book: mid=0.073265 spread=6.82bps bids=20 asks=20
2026-05-08 22:37:24,994 | INFO | SPREAD | pair=CHIP/USDC | cex=0.07324/0.07329 | dex_sell=0.0732334 dex_buy=0.0732524 | spread_a=-7.7bps spread_b=-1.7bps | min=30.0bps
2026-05-08 22:37:25,997 | INFO | fetch_order_book: symbol=CHIP/USDC limit=20
2026-05-08 22:37:26,254 | INFO | fetch_order_book: mid=0.073305 spread=4.09bps bids=20 asks=20
2026-05-08 22:37:27,146 | INFO | SPREAD | pair=CHIP/USDC | cex=0.07329/0.07332 | dex_sell=0.0732334 dex_buy=0.0732524 | spread_a=-11.8bps spread_b=5.1bps | min=30.0bps
2026-05-08 22:37:28,149 | INFO | fetch_order_book: symbol=CHIP/USDC limit=20
2026-05-08 22:37:28,521 | INFO | fetch_order_book: mid=0.073315 spread=1.36bps bids=20 asks=20
2026-05-08 22:37:29,449 | INFO | SPREAD | pair=CHIP/USDC | cex=0.07331/0.07332 | dex_sell=0.0732334 dex_buy=0.0732524 | spread_a=-11.8bps spread_b=7.9bps | min=30.0bps
2026-05-08 22:37:30,452 | INFO | fetch_order_book: symbol=CHIP/USDC limit=20
2026-05-08 22:37:30,801 | INFO | fetch_order_book: mid=0.073325 spread=6.82bps bids=20 asks=20
2026-05-08 22:37:31,721 | INFO | SPREAD | pair=CHIP/USDC | cex=0.0733/0.07335 | dex_sell=0.0732742 dex_buy=0.0732932 | spread_a=-10.3bps spread_b=0.9bps | min=30.0bps
2026-05-08 22:37:32,723 | INFO | fetch_order_book: symbol=CHIP/USDC limit=20
2026-05-08 22:37:32,981 | INFO | fetch_order_book: mid=0.07330 spread=5.46bps bids=20 asks=20
2026-05-08 22:37:33,870 | INFO | SPREAD | pair=CHIP/USDC | cex=0.07328/0.07332 | dex_sell=0.0732742 dex_buy=0.0732932 | spread_a=-6.2bps spread_b=-1.8bps | min=30.0bps
2026-05-08 22:37:34,872 | INFO | fetch_order_book: symbol=CHIP/USDC limit=20
2026-05-08 22:37:35,130 | INFO | fetch_order_book: mid=0.07331 spread=5.46bps bids=20 asks=20
2026-05-08 22:37:36,018 | INFO | SPREAD | pair=CHIP/USDC | cex=0.07329/0.07333 | dex_sell=0.0732742 dex_buy=0.0732932 | spread_a=-7.6bps spread_b=-0.4bps | min=30.0bps
2026-05-08 22:37:37,022 | INFO | fetch_order_book: symbol=CHIP/USDC limit=20
2026-05-08 22:37:37,519 | INFO | fetch_order_book: mid=0.07334 spread=5.45bps bids=20 asks=20
2026-05-08 22:37:38,402 | INFO | SPREAD | pair=CHIP/USDC | cex=0.07332/0.07336 | dex_sell=0.0732742 dex_buy=0.0732932 | spread_a=-11.7bps spread_b=3.7bps | min=30.0bps
2026-05-08 22:37:39,404 | INFO | fetch_order_book: symbol=CHIP/USDC limit=20
2026-05-08 22:37:39,673 | INFO | fetch_order_book: mid=0.073405 spread=4.09bps bids=20 asks=20
2026-05-08 22:37:40,566 | INFO | SPREAD | pair=CHIP/USDC | cex=0.07339/0.07342 | dex_sell=0.0733605 dex_buy=0.0733795 | spread_a=-8.1bps spread_b=1.4bps | min=30.0bps
2026-05-08 22:37:41,569 | INFO | fetch_order_book: symbol=CHIP/USDC limit=20
2026-05-08 22:37:41,826 | INFO | fetch_order_book: mid=0.07341 spread=2.72bps bids=20 asks=20
2026-05-08 22:37:42,737 | INFO | SPREAD | pair=CHIP/USDC | cex=0.0734/0.07342 | dex_sell=0.0733605 dex_buy=0.0733795 | spread_a=-8.1bps spread_b=2.8bps | min=30.0bps
2026-05-08 22:37:43,740 | INFO | fetch_order_book: symbol=CHIP/USDC limit=20
2026-05-08 22:37:43,996 | INFO | fetch_order_book: mid=0.07340 spread=5.45bps bids=20 asks=20
2026-05-08 22:37:44,900 | INFO | SPREAD | pair=CHIP/USDC | cex=0.07338/0.07342 | dex_sell=0.0733605 dex_buy=0.0733795 | spread_a=-8.1bps spread_b=0.1bps | min=30.0bps
2026-05-08 22:37:45,902 | INFO | fetch_order_book: symbol=CHIP/USDC limit=20
2026-05-08 22:37:46,163 | INFO | fetch_order_book: mid=0.07340 spread=5.45bps bids=20 asks=20
2026-05-08 22:37:47,036 | INFO | SPREAD | pair=CHIP/USDC | cex=0.07338/0.07342 | dex_sell=0.0733605 dex_buy=0.0733795 | spread_a=-8.1bps spread_b=0.1bps | min=30.0bps
2026-05-08 22:37:48,039 | INFO | fetch_order_book: symbol=CHIP/USDC limit=20
2026-05-08 22:37:48,396 | INFO | fetch_order_book: mid=0.073385 spread=6.81bps bids=20 asks=20
2026-05-08 22:37:49,335 | INFO | SPREAD | pair=CHIP/USDC | cex=0.07336/0.07341 | dex_sell=0.0733605 dex_buy=0.0733795 | spread_a=-6.7bps spread_b=-2.7bps | min=30.0bps
2026-05-08 22:37:50,337 | INFO | fetch_order_book: symbol=CHIP/USDC limit=20
2026-05-08 22:37:50,666 | INFO | fetch_order_book: mid=0.073425 spread=6.81bps bids=20 asks=20
2026-05-08 22:37:51,540 | INFO | SPREAD | pair=CHIP/USDC | cex=0.0734/0.07345 | dex_sell=0.0733605 dex_buy=0.0733795 | spread_a=-12.2bps spread_b=2.8bps | min=30.0bps
2026-05-08 22:37:52,542 | INFO | fetch_order_book: symbol=CHIP/USDC limit=20
2026-05-08 22:37:52,798 | INFO | fetch_order_book: mid=0.073665 spread=12.22bps bids=20 asks=20
2026-05-08 22:37:53,734 | INFO | SPREAD | pair=CHIP/USDC | cex=0.07362/0.07371 | dex_sell=0.0734784 dex_buy=0.0734825 | spread_a=-31.4bps spread_b=18.7bps | min=30.0bps
2026-05-08 22:37:54,736 | INFO | fetch_order_book: symbol=CHIP/USDC limit=20
2026-05-08 22:37:55,077 | INFO | fetch_order_book: mid=0.07352 spread=2.72bps bids=20 asks=20
2026-05-08 22:37:56,049 | INFO | SPREAD | pair=CHIP/USDC | cex=0.07351/0.07353 | dex_sell=0.0735253 dex_buy=0.0735443 | spread_a=-0.6bps spread_b=-4.7bps | min=30.0bps
2026-05-08 22:37:57,052 | INFO | fetch_order_book: symbol=CHIP/USDC limit=20
2026-05-08 22:37:57,316 | INFO | fetch_order_book: mid=0.07348 spread=2.72bps bids=20 asks=20
2026-05-08 22:37:58,197 | INFO | SPREAD | pair=CHIP/USDC | cex=0.07347/0.07349 | dex_sell=0.0734985 dex_buy=0.0735176 | spread_a=1.2bps spread_b=-6.5bps | min=30.0bps
2026-05-08 22:37:59,198 | INFO | fetch_order_book: symbol=CHIP/USDC limit=20
2026-05-08 22:37:59,455 | INFO | fetch_order_book: mid=0.07345 spread=2.72bps bids=20 asks=20
2026-05-08 22:38:00,349 | INFO | SPREAD | pair=CHIP/USDC | cex=0.07344/0.07346 | dex_sell=0.0734385 dex_buy=0.0734576 | spread_a=-2.9bps spread_b=-2.4bps | min=30.0bps
2026-05-08 22:38:01,351 | INFO | fetch_order_book: symbol=CHIP/USDC limit=20
2026-05-08 22:38:01,613 | INFO | fetch_order_book: mid=0.07342 spread=2.72bps bids=20 asks=20
2026-05-08 22:38:02,594 | INFO | SPREAD | pair=CHIP/USDC | cex=0.07341/0.07343 | dex_sell=0.0734084 dex_buy=0.0734275 | spread_a=-2.9bps spread_b=-2.4bps | min=30.0bps
2026-05-08 22:38:03,597 | INFO | fetch_order_book: symbol=CHIP/USDC limit=20
2026-05-08 22:38:03,854 | INFO | fetch_order_book: mid=0.07342 spread=2.72bps bids=20 asks=20
2026-05-08 22:38:04,737 | INFO | SPREAD | pair=CHIP/USDC | cex=0.07341/0.07343 | dex_sell=0.0734084 dex_buy=0.0734275 | spread_a=-2.9bps spread_b=-2.4bps | min=30.0bps
2026-05-08 22:38:05,740 | INFO | fetch_order_book: symbol=CHIP/USDC limit=20
2026-05-08 22:38:05,995 | INFO | fetch_order_book: mid=0.07342 spread=2.72bps bids=20 asks=20
2026-05-08 22:38:06,876 | INFO | SPREAD | pair=CHIP/USDC | cex=0.07341/0.07343 | dex_sell=0.0734084 dex_buy=0.0734275 | spread_a=-2.9bps spread_b=-2.4bps | min=30.0bps
2026-05-08 22:38:07,878 | INFO | fetch_order_book: symbol=CHIP/USDC limit=20
2026-05-08 22:38:08,133 | INFO | fetch_order_book: mid=0.073495 spread=4.08bps bids=20 asks=20
2026-05-08 22:38:09,061 | INFO | SPREAD | pair=CHIP/USDC | cex=0.07348/0.07351 | dex_sell=0.0734632 dex_buy=0.0734822 | spread_a=-6.4bps spread_b=-0.3bps | min=30.0bps
2026-05-08 22:38:10,064 | INFO | fetch_order_book: symbol=CHIP/USDC limit=20
2026-05-08 22:38:10,802 | INFO | fetch_order_book: mid=0.07352 spread=5.44bps bids=20 asks=20
2026-05-08 22:38:11,736 | INFO | SPREAD | pair=CHIP/USDC | cex=0.0735/0.07354 | dex_sell=0.0735085 dex_buy=0.0735275 | spread_a=-4.3bps spread_b=-3.7bps | min=30.0bps
2026-05-08 22:38:12,738 | INFO | fetch_order_book: symbol=CHIP/USDC limit=20
2026-05-08 22:38:13,103 | INFO | fetch_order_book: mid=0.07355 spread=2.72bps bids=20 asks=20
2026-05-08 22:38:14,048 | INFO | SPREAD | pair=CHIP/USDC | cex=0.07354/0.07356 | dex_sell=0.0735085 dex_buy=0.0735275 | spread_a=-7.0bps spread_b=1.7bps | min=30.0bps
2026-05-08 22:38:15,050 | INFO | fetch_order_book: symbol=CHIP/USDC limit=20
2026-05-08 22:38:15,306 | INFO | fetch_order_book: mid=0.07358 spread=5.44bps bids=20 asks=20
2026-05-08 22:38:16,229 | INFO | SPREAD | pair=CHIP/USDC | cex=0.07356/0.0736 | dex_sell=0.0735087 dex_buy=0.0735522 | spread_a=-12.4bps spread_b=1.1bps | min=30.0bps
2026-05-08 22:38:17,232 | INFO | fetch_order_book: symbol=CHIP/USDC limit=20
2026-05-08 22:38:17,489 | INFO | fetch_order_book: mid=0.073615 spread=4.08bps bids=20 asks=20
2026-05-08 22:38:18,379 | INFO | SPREAD | pair=CHIP/USDC | cex=0.0736/0.07363 | dex_sell=0.0735632 dex_buy=0.0735823 | spread_a=-9.1bps spread_b=2.4bps | min=30.0bps
2026-05-08 22:38:19,381 | INFO | fetch_order_book: symbol=CHIP/USDC limit=20
2026-05-08 22:38:19,654 | INFO | fetch_order_book: mid=0.073615 spread=4.08bps bids=20 asks=20
2026-05-08 22:38:20,529 | INFO | SPREAD | pair=CHIP/USDC | cex=0.0736/0.07363 | dex_sell=0.0735704 dex_buy=0.0735895 | spread_a=-8.1bps spread_b=1.4bps | min=30.0bps
2026-05-08 22:38:21,531 | INFO | fetch_order_book: symbol=CHIP/USDC limit=20
2026-05-08 22:38:21,786 | INFO | fetch_order_book: mid=0.07362 spread=5.43bps bids=20 asks=20
2026-05-08 22:38:22,698 | INFO | SPREAD | pair=CHIP/USDC | cex=0.0736/0.07364 | dex_sell=0.0735704 dex_buy=0.0735895 | spread_a=-9.5bps spread_b=1.4bps | min=30.0bps
2026-05-08 22:38:23,701 | INFO | fetch_order_book: symbol=CHIP/USDC limit=20
2026-05-08 22:38:24,049 | INFO | fetch_order_book: mid=0.07361 spread=5.43bps bids=20 asks=20
2026-05-08 22:38:24,991 | INFO | SPREAD | pair=CHIP/USDC | cex=0.07359/0.07363 | dex_sell=0.0735704 dex_buy=0.0735895 | spread_a=-8.1bps spread_b=0.1bps | min=30.0bps
2026-05-08 22:38:25,993 | INFO | fetch_order_book: symbol=CHIP/USDC limit=20
2026-05-08 22:38:26,256 | INFO | fetch_order_book: mid=0.07361 spread=5.43bps bids=20 asks=20
2026-05-08 22:38:27,139 | INFO | SPREAD | pair=CHIP/USDC | cex=0.07359/0.07363 | dex_sell=0.0735704 dex_buy=0.0735895 | spread_a=-8.1bps spread_b=0.1bps | min=30.0bps
2026-05-08 22:38:28,141 | INFO | fetch_order_book: symbol=CHIP/USDC limit=20
2026-05-08 22:38:28,419 | INFO | fetch_order_book: mid=0.07361 spread=5.43bps bids=20 asks=20
2026-05-08 22:38:29,300 | INFO | SPREAD | pair=CHIP/USDC | cex=0.07359/0.07363 | dex_sell=0.0735704 dex_buy=0.0735895 | spread_a=-8.1bps spread_b=0.1bps | min=30.0bps
2026-05-08 22:38:30,303 | INFO | fetch_order_book: symbol=CHIP/USDC limit=20
2026-05-08 22:38:30,560 | INFO | fetch_order_book: mid=0.073585 spread=6.79bps bids=20 asks=20
2026-05-08 22:38:31,502 | INFO | SPREAD | pair=CHIP/USDC | cex=0.07356/0.07361 | dex_sell=0.0735484 dex_buy=0.0735675 | spread_a=-8.4bps spread_b=-1.0bps | min=30.0bps
2026-05-08 22:38:32,505 | INFO | fetch_order_book: symbol=CHIP/USDC limit=20
2026-05-08 22:38:32,770 | INFO | fetch_order_book: mid=0.07359 spread=5.44bps bids=20 asks=20
2026-05-08 22:38:33,654 | INFO | SPREAD | pair=CHIP/USDC | cex=0.07357/0.07361 | dex_sell=0.0735703 dex_buy=0.0735894 | spread_a=-5.4bps spread_b=-2.6bps | min=30.0bps
2026-05-08 22:38:34,656 | INFO | fetch_order_book: symbol=CHIP/USDC limit=20
2026-05-08 22:38:34,915 | INFO | fetch_order_book: mid=0.07359 spread=8.15bps bids=20 asks=20
2026-05-08 22:38:35,831 | INFO | SPREAD | pair=CHIP/USDC | cex=0.07356/0.07362 | dex_sell=0.0735703 dex_buy=0.0735894 | spread_a=-6.7bps spread_b=-4.0bps | min=30.0bps
2026-05-08 22:38:36,833 | INFO | fetch_order_book: symbol=CHIP/USDC limit=20
2026-05-08 22:38:37,142 | INFO | fetch_order_book: mid=0.07359 spread=8.15bps bids=20 asks=20
2026-05-08 22:38:38,076 | INFO | SPREAD | pair=CHIP/USDC | cex=0.07356/0.07362 | dex_sell=0.0735703 dex_buy=0.0735894 | spread_a=-6.7bps spread_b=-4.0bps | min=30.0bps
2026-05-08 22:38:39,078 | INFO | fetch_order_book: symbol=CHIP/USDC limit=20
2026-05-08 22:38:39,369 | INFO | fetch_order_book: mid=0.073555 spread=6.80bps bids=20 asks=20
2026-05-08 22:38:40,293 | INFO | SPREAD | pair=CHIP/USDC | cex=0.07353/0.07358 | dex_sell=0.0735486 dex_buy=0.0735677 | spread_a=-4.3bps spread_b=-5.1bps | min=30.0bps
2026-05-08 22:38:41,296 | INFO | fetch_order_book: symbol=CHIP/USDC limit=20
2026-05-08 22:38:42,034 | INFO | fetch_order_book: mid=0.07360 spread=5.43bps bids=20 asks=20
2026-05-08 22:38:42,923 | INFO | SPREAD | pair=CHIP/USDC | cex=0.07358/0.07362 | dex_sell=0.0735703 dex_buy=0.0735894 | spread_a=-6.8bps spread_b=-1.3bps | min=30.0bps
2026-05-08 22:38:43,926 | INFO | fetch_order_book: symbol=CHIP/USDC limit=20
2026-05-08 22:38:44,181 | INFO | fetch_order_book: mid=0.073605 spread=6.79bps bids=20 asks=20
2026-05-08 22:38:45,060 | INFO | SPREAD | pair=CHIP/USDC | cex=0.07358/0.07363 | dex_sell=0.0735703 dex_buy=0.0735894 | spread_a=-8.1bps spread_b=-1.3bps | min=30.0bps
2026-05-08 22:38:46,062 | INFO | fetch_order_book: symbol=CHIP/USDC limit=20
2026-05-08 22:38:46,318 | INFO | fetch_order_book: mid=0.07361 spread=5.43bps bids=20 asks=20
2026-05-08 22:38:47,250 | INFO | SPREAD | pair=CHIP/USDC | cex=0.07359/0.07363 | dex_sell=0.0735703 dex_buy=0.0735894 | spread_a=-8.1bps spread_b=0.1bps | min=30.0bps
2026-05-08 22:38:48,252 | INFO | fetch_order_book: symbol=CHIP/USDC limit=20
2026-05-08 22:38:48,517 | INFO | fetch_order_book: mid=0.07363 spread=5.43bps bids=20 asks=20
2026-05-08 22:38:49,440 | INFO | SPREAD | pair=CHIP/USDC | cex=0.07361/0.07365 | dex_sell=0.0735703 dex_buy=0.0735894 | spread_a=-10.8bps spread_b=2.8bps | min=30.0bps
2026-05-08 22:38:50,443 | INFO | fetch_order_book: symbol=CHIP/USDC limit=20
2026-05-08 22:38:50,697 | INFO | fetch_order_book: mid=0.07364 spread=8.15bps bids=20 asks=20
2026-05-08 22:38:51,553 | INFO | SPREAD | pair=CHIP/USDC | cex=0.07361/0.07367 | dex_sell=0.0735703 dex_buy=0.0735894 | spread_a=-13.5bps spread_b=2.8bps | min=30.0bps
2026-05-08 22:38:52,556 | INFO | fetch_order_book: symbol=CHIP/USDC limit=20
2026-05-08 22:38:52,818 | INFO | fetch_order_book: mid=0.073645 spread=6.79bps bids=20 asks=20
2026-05-08 22:38:53,705 | INFO | SPREAD | pair=CHIP/USDC | cex=0.07362/0.07367 | dex_sell=0.0736215 dex_buy=0.0736406 | spread_a=-6.6bps spread_b=-2.8bps | min=30.0bps
2026-05-08 22:38:54,708 | INFO | fetch_order_book: symbol=CHIP/USDC limit=20
2026-05-08 22:38:54,960 | INFO | fetch_order_book: mid=0.07362 spread=5.43bps bids=20 asks=20
2026-05-08 22:38:55,851 | INFO | SPREAD | pair=CHIP/USDC | cex=0.0736/0.07364 | dex_sell=0.0736215 dex_buy=0.0736406 | spread_a=-2.5bps spread_b=-5.5bps | min=30.0bps
2026-05-08 22:38:56,853 | INFO | fetch_order_book: symbol=CHIP/USDC limit=20
2026-05-08 22:38:57,111 | INFO | fetch_order_book: mid=0.073585 spread=6.79bps bids=20 asks=20
2026-05-08 22:38:58,029 | INFO | SPREAD | pair=CHIP/USDC | cex=0.07356/0.07361 | dex_sell=0.0735884 dex_buy=0.0736075 | spread_a=-2.9bps spread_b=-6.5bps | min=30.0bps
2026-05-08 22:38:59,031 | INFO | fetch_order_book: symbol=CHIP/USDC limit=20
2026-05-08 22:38:59,287 | INFO | fetch_order_book: mid=0.07356 spread=5.44bps bids=20 asks=20
2026-05-08 22:39:00,203 | INFO | SPREAD | pair=CHIP/USDC | cex=0.07354/0.07358 | dex_sell=0.0735884 dex_buy=0.0735776 | spread_a=1.1bps spread_b=-5.1bps | min=30.0bps
2026-05-08 22:39:01,205 | INFO | fetch_order_book: symbol=CHIP/USDC limit=20
2026-05-08 22:39:01,462 | INFO | fetch_order_book: mid=0.073535 spread=4.08bps bids=20 asks=20
2026-05-08 22:39:02,365 | INFO | SPREAD | pair=CHIP/USDC | cex=0.07352/0.07355 | dex_sell=0.0735283 dex_buy=0.0735474 | spread_a=-2.9bps spread_b=-3.7bps | min=30.0bps
2026-05-08 22:39:03,368 | INFO | fetch_order_book: symbol=CHIP/USDC limit=20
2026-05-08 22:39:03,638 | INFO | fetch_order_book: mid=0.07354 spread=5.44bps bids=20 asks=20
2026-05-08 22:39:04,536 | INFO | SPREAD | pair=CHIP/USDC | cex=0.07352/0.07356 | dex_sell=0.0735283 dex_buy=0.0735474 | spread_a=-4.3bps spread_b=-3.7bps | min=30.0bps
2026-05-08 22:39:05,539 | INFO | fetch_order_book: symbol=CHIP/USDC limit=20
2026-05-08 22:39:05,804 | INFO | fetch_order_book: mid=0.07354 spread=5.44bps bids=20 asks=20
2026-05-08 22:39:06,730 | INFO | SPREAD | pair=CHIP/USDC | cex=0.07352/0.07356 | dex_sell=0.0735283 dex_buy=0.0735474 | spread_a=-4.3bps spread_b=-3.7bps | min=30.0bps
2026-05-08 22:39:07,733 | INFO | fetch_order_book: symbol=CHIP/USDC limit=20
2026-05-08 22:39:07,989 | INFO | fetch_order_book: mid=0.07354 spread=5.44bps bids=20 asks=20
2026-05-08 22:39:08,919 | INFO | SPREAD | pair=CHIP/USDC | cex=0.07352/0.07356 | dex_sell=0.0735283 dex_buy=0.0735474 | spread_a=-4.3bps spread_b=-3.7bps | min=30.0bps
2026-05-08 22:39:09,921 | INFO | fetch_order_book: symbol=CHIP/USDC limit=20
2026-05-08 22:39:10,176 | INFO | fetch_order_book: mid=0.073535 spread=4.08bps bids=20 asks=20
2026-05-08 22:39:11,089 | INFO | SPREAD | pair=CHIP/USDC | cex=0.07352/0.07355 | dex_sell=0.0735283 dex_buy=0.0735474 | spread_a=-2.9bps spread_b=-3.7bps | min=30.0bps
2026-05-08 22:39:12,091 | INFO | fetch_order_book: symbol=CHIP/USDC limit=20
2026-05-08 22:39:12,345 | INFO | fetch_order_book: mid=0.07355 spread=2.72bps bids=20 asks=20
2026-05-08 22:39:13,269 | INFO | SPREAD | pair=CHIP/USDC | cex=0.07354/0.07356 | dex_sell=0.0735283 dex_buy=0.0735474 | spread_a=-4.3bps spread_b=-1.0bps | min=30.0bps
2026-05-08 22:39:14,271 | INFO | fetch_order_book: symbol=CHIP/USDC limit=20
2026-05-08 22:39:14,527 | INFO | fetch_order_book: mid=0.073555 spread=4.08bps bids=20 asks=20
2026-05-08 22:39:15,411 | INFO | SPREAD | pair=CHIP/USDC | cex=0.07354/0.07357 | dex_sell=0.0735283 dex_buy=0.0735474 | spread_a=-5.7bps spread_b=-1.0bps | min=30.0bps
2026-05-08 22:39:16,413 | INFO | fetch_order_book: symbol=CHIP/USDC limit=20
2026-05-08 22:39:17,146 | INFO | fetch_order_book: mid=0.07355 spread=2.72bps bids=20 asks=20
2026-05-08 22:39:18,097 | INFO | SPREAD | pair=CHIP/USDC | cex=0.07354/0.07356 | dex_sell=0.0735283 dex_buy=0.0735474 | spread_a=-4.3bps spread_b=-1.0bps | min=30.0bps
2026-05-08 22:39:19,099 | INFO | fetch_order_book: symbol=CHIP/USDC limit=20
2026-05-08 22:39:19,352 | INFO | fetch_order_book: mid=0.073545 spread=1.36bps bids=20 asks=20
2026-05-08 22:39:20,249 | INFO | SPREAD | pair=CHIP/USDC | cex=0.07354/0.07355 | dex_sell=0.0735283 dex_buy=0.0735474 | spread_a=-2.9bps spread_b=-1.0bps | min=30.0bps
2026-05-08 22:39:21,251 | INFO | fetch_order_book: symbol=CHIP/USDC limit=20
2026-05-08 22:39:21,506 | INFO | fetch_order_book: mid=0.073555 spread=4.08bps bids=20 asks=20
2026-05-08 22:39:22,405 | INFO | SPREAD | pair=CHIP/USDC | cex=0.07354/0.07357 | dex_sell=0.0735283 dex_buy=0.0735474 | spread_a=-5.7bps spread_b=-1.0bps | min=30.0bps
2026-05-08 22:39:23,408 | INFO | fetch_order_book: symbol=CHIP/USDC limit=20
2026-05-08 22:39:23,663 | INFO | fetch_order_book: mid=0.073595 spread=4.08bps bids=20 asks=20
2026-05-08 22:39:24,556 | INFO | SPREAD | pair=CHIP/USDC | cex=0.07358/0.07361 | dex_sell=0.073561 dex_buy=0.07358 | spread_a=-6.7bps spread_b=-0.0bps | min=30.0bps
2026-05-08 22:39:25,558 | INFO | fetch_order_book: symbol=CHIP/USDC limit=20
2026-05-08 22:39:25,813 | INFO | fetch_order_book: mid=0.073595 spread=4.08bps bids=20 asks=20
2026-05-08 22:39:26,703 | INFO | SPREAD | pair=CHIP/USDC | cex=0.07358/0.07361 | dex_sell=0.073561 dex_buy=0.07358 | spread_a=-6.7bps spread_b=-0.0bps | min=30.0bps
2026-05-08 22:39:27,705 | INFO | fetch_order_book: symbol=CHIP/USDC limit=20
2026-05-08 22:39:27,964 | INFO | fetch_order_book: mid=0.073595 spread=4.08bps bids=20 asks=20
2026-05-08 22:39:28,867 | INFO | SPREAD | pair=CHIP/USDC | cex=0.07358/0.07361 | dex_sell=0.073561 dex_buy=0.07358 | spread_a=-6.7bps spread_b=-0.0bps | min=30.0bps
2026-05-08 22:39:29,869 | INFO | fetch_order_book: symbol=CHIP/USDC limit=20
2026-05-08 22:39:30,203 | INFO | fetch_order_book: mid=0.073595 spread=4.08bps bids=20 asks=20
2026-05-08 22:39:31,137 | INFO | SPREAD | pair=CHIP/USDC | cex=0.07358/0.07361 | dex_sell=0.073561 dex_buy=0.07358 | spread_a=-6.7bps spread_b=-0.0bps | min=30.0bps
2026-05-08 22:39:32,140 | INFO | fetch_order_book: symbol=CHIP/USDC limit=20
2026-05-08 22:39:32,883 | INFO | fetch_order_book: mid=0.07360 spread=5.43bps bids=20 asks=20
2026-05-08 22:39:33,818 | INFO | SPREAD | pair=CHIP/USDC | cex=0.07358/0.07362 | dex_sell=0.073561 dex_buy=0.07358 | spread_a=-8.0bps spread_b=-0.0bps | min=30.0bps
2026-05-08 22:39:34,821 | INFO | fetch_order_book: symbol=CHIP/USDC limit=20
2026-05-08 22:39:35,076 | INFO | fetch_order_book: mid=0.073585 spread=1.36bps bids=20 asks=20
2026-05-08 22:39:35,989 | INFO | SPREAD | pair=CHIP/USDC | cex=0.07358/0.07359 | dex_sell=0.0735386 dex_buy=0.0735576 | spread_a=-7.0bps spread_b=3.0bps | min=30.0bps
2026-05-08 22:39:36,991 | INFO | fetch_order_book: symbol=CHIP/USDC limit=20
2026-05-08 22:39:37,369 | INFO | fetch_order_book: mid=0.073585 spread=1.36bps bids=20 asks=20
2026-05-08 22:39:38,480 | INFO | SPREAD | pair=CHIP/USDC | cex=0.07358/0.07359 | dex_sell=0.0735386 dex_buy=0.0735576 | spread_a=-7.0bps spread_b=3.0bps | min=30.0bps
2026-05-08 22:39:39,484 | INFO | fetch_order_book: symbol=CHIP/USDC limit=20
2026-05-08 22:39:39,739 | INFO | fetch_order_book: mid=0.073555 spread=4.08bps bids=20 asks=20
2026-05-08 22:39:40,640 | INFO | SPREAD | pair=CHIP/USDC | cex=0.07354/0.07357 | dex_sell=0.0735065 dex_buy=0.0735521 | spread_a=-8.6bps spread_b=-1.6bps | min=30.0bps
2026-05-08 22:39:41,642 | INFO | fetch_order_book: symbol=CHIP/USDC limit=20
2026-05-08 22:39:41,897 | INFO | fetch_order_book: mid=0.07356 spread=5.44bps bids=20 asks=20
2026-05-08 22:39:42,817 | INFO | SPREAD | pair=CHIP/USDC | cex=0.07354/0.07358 | dex_sell=0.073533 dex_buy=0.0735521 | spread_a=-6.4bps spread_b=-1.6bps | min=30.0bps
2026-05-08 22:39:43,819 | INFO | fetch_order_book: symbol=CHIP/USDC limit=20
2026-05-08 22:39:44,073 | INFO | fetch_order_book: mid=0.073555 spread=4.08bps bids=20 asks=20
2026-05-08 22:39:44,921 | INFO | SPREAD | pair=CHIP/USDC | cex=0.07354/0.07357 | dex_sell=0.073533 dex_buy=0.0735521 | spread_a=-5.0bps spread_b=-1.6bps | min=30.0bps
2026-05-08 22:39:45,923 | INFO | fetch_order_book: symbol=CHIP/USDC limit=20
2026-05-08 22:39:46,178 | INFO | fetch_order_book: mid=0.07342 spread=2.72bps bids=20 asks=20
2026-05-08 22:39:47,077 | INFO | SPREAD | pair=CHIP/USDC | cex=0.07341/0.07343 | dex_sell=0.073408 dex_buy=0.073404 | spread_a=-3.0bps spread_b=0.8bps | min=30.0bps
2026-05-08 22:39:48,079 | INFO | fetch_order_book: symbol=CHIP/USDC limit=20
2026-05-08 22:39:48,342 | INFO | fetch_order_book: mid=0.073395 spread=6.81bps bids=20 asks=20
2026-05-08 22:39:49,231 | INFO | SPREAD | pair=CHIP/USDC | cex=0.07337/0.07342 | dex_sell=0.0734131 dex_buy=0.0734321 | spread_a=-0.9bps spread_b=-8.5bps | min=30.0bps
2026-05-08 22:39:50,233 | INFO | fetch_order_book: symbol=CHIP/USDC limit=20
2026-05-08 22:39:50,502 | INFO | fetch_order_book: mid=0.07339 spread=5.45bps bids=20 asks=20
2026-05-08 22:39:51,379 | INFO | SPREAD | pair=CHIP/USDC | cex=0.07337/0.07341 | dex_sell=0.0733586 dex_buy=0.0733776 | spread_a=-7.0bps spread_b=-1.0bps | min=30.0bps
2026-05-08 22:39:52,381 | INFO | fetch_order_book: symbol=CHIP/USDC limit=20
2026-05-08 22:39:52,648 | INFO | fetch_order_book: mid=0.073395 spread=4.09bps bids=20 asks=20
2026-05-08 22:39:53,566 | INFO | SPREAD | pair=CHIP/USDC | cex=0.07338/0.07341 | dex_sell=0.0733586 dex_buy=0.0733776 | spread_a=-7.0bps spread_b=0.3bps | min=30.0bps
2026-05-08 22:39:54,568 | INFO | fetch_order_book: symbol=CHIP/USDC limit=20
2026-05-08 22:39:54,823 | INFO | fetch_order_book: mid=0.07339 spread=5.45bps bids=20 asks=20
2026-05-08 22:39:55,716 | INFO | SPREAD | pair=CHIP/USDC | cex=0.07337/0.07341 | dex_sell=0.0733586 dex_buy=0.0733776 | spread_a=-7.0bps spread_b=-1.0bps | min=30.0bps
2026-05-08 22:39:56,719 | INFO | fetch_order_book: symbol=CHIP/USDC limit=20
2026-05-08 22:39:56,978 | INFO | fetch_order_book: mid=0.07338 spread=5.45bps bids=20 asks=20
2026-05-08 22:39:57,866 | INFO | SPREAD | pair=CHIP/USDC | cex=0.07336/0.0734 | dex_sell=0.0733285 dex_buy=0.0733475 | spread_a=-9.7bps spread_b=1.7bps | min=30.0bps
2026-05-08 22:39:58,869 | INFO | fetch_order_book: symbol=CHIP/USDC limit=20
2026-05-08 22:39:59,125 | INFO | fetch_order_book: mid=0.073395 spread=4.09bps bids=20 asks=20
2026-05-08 22:40:00,044 | INFO | SPREAD | pair=CHIP/USDC | cex=0.07338/0.07341 | dex_sell=0.0733285 dex_buy=0.0733475 | spread_a=-11.1bps spread_b=4.4bps | min=30.0bps
2026-05-08 22:40:01,046 | INFO | fetch_order_book: symbol=CHIP/USDC limit=20
2026-05-08 22:40:01,311 | INFO | fetch_order_book: mid=0.07340 spread=5.45bps bids=20 asks=20
2026-05-08 22:40:02,188 | INFO | SPREAD | pair=CHIP/USDC | cex=0.07338/0.07342 | dex_sell=0.0733532 dex_buy=0.0733722 | spread_a=-9.1bps spread_b=1.1bps | min=30.0bps
2026-05-08 22:40:03,190 | INFO | fetch_order_book: symbol=CHIP/USDC limit=20
2026-05-08 22:40:03,447 | INFO | fetch_order_book: mid=0.07339 spread=5.45bps bids=20 asks=20
2026-05-08 22:40:04,337 | INFO | SPREAD | pair=CHIP/USDC | cex=0.07337/0.07341 | dex_sell=0.0733532 dex_buy=0.0733722 | spread_a=-7.7bps spread_b=-0.3bps | min=30.0bps
2026-05-08 22:40:05,339 | INFO | fetch_order_book: symbol=CHIP/USDC limit=20
2026-05-08 22:40:05,593 | INFO | fetch_order_book: mid=0.07339 spread=5.45bps bids=20 asks=20
2026-05-08 22:40:06,495 | INFO | SPREAD | pair=CHIP/USDC | cex=0.07337/0.07341 | dex_sell=0.0733532 dex_buy=0.0733722 | spread_a=-7.7bps spread_b=-0.3bps | min=30.0bps
2026-05-08 22:40:07,497 | INFO | fetch_order_book: symbol=CHIP/USDC limit=20
2026-05-08 22:40:07,754 | INFO | fetch_order_book: mid=0.07339 spread=5.45bps bids=20 asks=20
2026-05-08 22:40:08,685 | INFO | SPREAD | pair=CHIP/USDC | cex=0.07337/0.07341 | dex_sell=0.0733532 dex_buy=0.0733722 | spread_a=-7.7bps spread_b=-0.3bps | min=30.0bps
2026-05-08 22:40:09,688 | INFO | fetch_order_book: symbol=CHIP/USDC limit=20
2026-05-08 22:40:09,948 | INFO | fetch_order_book: mid=0.073395 spread=6.81bps bids=20 asks=20
2026-05-08 22:40:10,850 | INFO | SPREAD | pair=CHIP/USDC | cex=0.07337/0.07342 | dex_sell=0.0733532 dex_buy=0.0733722 | spread_a=-9.1bps spread_b=-0.3bps | min=30.0bps
2026-05-08 22:40:11,853 | INFO | fetch_order_book: symbol=CHIP/USDC limit=20
2026-05-08 22:40:12,110 | INFO | fetch_order_book: mid=0.073395 spread=6.81bps bids=20 asks=20
2026-05-08 22:40:13,041 | INFO | SPREAD | pair=CHIP/USDC | cex=0.07337/0.07342 | dex_sell=0.0733532 dex_buy=0.0733722 | spread_a=-9.1bps spread_b=-0.3bps | min=30.0bps
2026-05-08 22:40:14,043 | INFO | fetch_order_book: symbol=CHIP/USDC limit=20
2026-05-08 22:40:14,298 | INFO | fetch_order_book: mid=0.073395 spread=6.81bps bids=20 asks=20
2026-05-08 22:40:15,215 | INFO | SPREAD | pair=CHIP/USDC | cex=0.07337/0.07342 | dex_sell=0.0733532 dex_buy=0.0733722 | spread_a=-9.1bps spread_b=-0.3bps | min=30.0bps
2026-05-08 22:40:16,218 | INFO | fetch_order_book: symbol=CHIP/USDC limit=20
2026-05-08 22:40:16,473 | INFO | fetch_order_book: mid=0.07340 spread=8.17bps bids=20 asks=20
2026-05-08 22:40:17,343 | INFO | SPREAD | pair=CHIP/USDC | cex=0.07337/0.07343 | dex_sell=0.0733532 dex_buy=0.0733722 | spread_a=-10.5bps spread_b=-0.3bps | min=30.0bps
2026-05-08 22:40:18,345 | INFO | fetch_order_book: symbol=CHIP/USDC limit=20
2026-05-08 22:40:18,647 | INFO | fetch_order_book: mid=0.073425 spread=4.09bps bids=20 asks=20
2026-05-08 22:40:19,801 | INFO | SPREAD | pair=CHIP/USDC | cex=0.07341/0.07344 | dex_sell=0.0733833 dex_buy=0.0734023 | spread_a=-7.7bps spread_b=1.1bps | min=30.0bps
2026-05-08 22:40:20,804 | INFO | fetch_order_book: symbol=CHIP/USDC limit=20
2026-05-08 22:40:21,218 | INFO | fetch_order_book: mid=0.073445 spread=1.36bps bids=20 asks=20
2026-05-08 22:40:22,103 | INFO | SPREAD | pair=CHIP/USDC | cex=0.07344/0.07345 | dex_sell=0.073413 dex_buy=0.0734321 | spread_a=-5.0bps spread_b=1.1bps | min=30.0bps
2026-05-08 22:40:23,105 | INFO | fetch_order_book: symbol=CHIP/USDC limit=20
2026-05-08 22:40:23,362 | INFO | fetch_order_book: mid=0.07344 spread=5.45bps bids=20 asks=20
2026-05-08 22:40:24,224 | INFO | SPREAD | pair=CHIP/USDC | cex=0.07342/0.07346 | dex_sell=0.073413 dex_buy=0.0734321 | spread_a=-6.4bps spread_b=-1.6bps | min=30.0bps
2026-05-08 22:40:25,226 | INFO | fetch_order_book: symbol=CHIP/USDC limit=20
2026-05-08 22:40:25,486 | INFO | fetch_order_book: mid=0.07344 spread=5.45bps bids=20 asks=20
2026-05-08 22:40:26,359 | INFO | SPREAD | pair=CHIP/USDC | cex=0.07342/0.07346 | dex_sell=0.073413 dex_buy=0.0734321 | spread_a=-6.4bps spread_b=-1.6bps | min=30.0bps
2026-05-08 22:40:27,361 | INFO | fetch_order_book: symbol=CHIP/USDC limit=20
2026-05-08 22:40:27,619 | INFO | fetch_order_book: mid=0.07345 spread=2.72bps bids=20 asks=20
2026-05-08 22:40:28,528 | INFO | SPREAD | pair=CHIP/USDC | cex=0.07344/0.07346 | dex_sell=0.073413 dex_buy=0.0734321 | spread_a=-6.4bps spread_b=1.1bps | min=30.0bps
2026-05-08 22:40:29,531 | INFO | fetch_order_book: symbol=CHIP/USDC limit=20
2026-05-08 22:40:29,796 | INFO | fetch_order_book: mid=0.07345 spread=2.72bps bids=20 asks=20
2026-05-08 22:40:30,704 | INFO | SPREAD | pair=CHIP/USDC | cex=0.07344/0.07346 | dex_sell=0.073413 dex_buy=0.0734321 | spread_a=-6.4bps spread_b=1.1bps | min=30.0bps
2026-05-08 22:40:31,706 | INFO | fetch_order_book: symbol=CHIP/USDC limit=20
2026-05-08 22:40:31,964 | INFO | fetch_order_book: mid=0.07348 spread=5.44bps bids=20 asks=20
2026-05-08 22:40:32,893 | INFO | SPREAD | pair=CHIP/USDC | cex=0.07346/0.0735 | dex_sell=0.0734431 dex_buy=0.0734622 | spread_a=-7.7bps spread_b=-0.3bps | min=30.0bps
2026-05-08 22:40:33,896 | INFO | fetch_order_book: symbol=CHIP/USDC limit=20
2026-05-08 22:40:34,155 | INFO | fetch_order_book: mid=0.07347 spread=5.44bps bids=20 asks=20
2026-05-08 22:40:35,068 | INFO | SPREAD | pair=CHIP/USDC | cex=0.07345/0.07349 | dex_sell=0.0734431 dex_buy=0.0734622 | spread_a=-6.4bps spread_b=-1.7bps | min=30.0bps
2026-05-08 22:40:36,070 | INFO | fetch_order_book: symbol=CHIP/USDC limit=20
2026-05-08 22:40:36,340 | INFO | fetch_order_book: mid=0.073455 spread=6.81bps bids=20 asks=20
2026-05-08 22:40:37,228 | INFO | SPREAD | pair=CHIP/USDC | cex=0.07343/0.07348 | dex_sell=0.0734431 dex_buy=0.0734377 | spread_a=-5.0bps spread_b=-1.1bps | min=30.0bps
2026-05-08 22:40:38,231 | INFO | fetch_order_book: symbol=CHIP/USDC limit=20
2026-05-08 22:40:38,487 | INFO | fetch_order_book: mid=0.07346 spread=5.45bps bids=20 asks=20
2026-05-08 22:40:39,401 | INFO | SPREAD | pair=CHIP/USDC | cex=0.07344/0.07348 | dex_sell=0.0734187 dex_buy=0.0734377 | spread_a=-8.3bps spread_b=0.3bps | min=30.0bps
2026-05-08 22:40:40,404 | INFO | fetch_order_book: symbol=CHIP/USDC limit=20
2026-05-08 22:40:40,660 | INFO | fetch_order_book: mid=0.07345 spread=5.45bps bids=20 asks=20
2026-05-08 22:40:41,560 | INFO | SPREAD | pair=CHIP/USDC | cex=0.07343/0.07347 | dex_sell=0.0734187 dex_buy=0.0734377 | spread_a=-7.0bps spread_b=-1.1bps | min=30.0bps
2026-05-08 22:40:42,562 | INFO | fetch_order_book: symbol=CHIP/USDC limit=20
2026-05-08 22:40:42,819 | INFO | fetch_order_book: mid=0.07360 spread=5.43bps bids=20 asks=20
2026-05-08 22:40:43,699 | INFO | SPREAD | pair=CHIP/USDC | cex=0.07358/0.07362 | dex_sell=0.0734187 dex_buy=0.0734987 | spread_a=-27.3bps spread_b=11.1bps | min=30.0bps
2026-05-08 22:40:44,701 | INFO | fetch_order_book: symbol=CHIP/USDC limit=20
2026-05-08 22:40:44,957 | INFO | fetch_order_book: mid=0.073595 spread=4.08bps bids=20 asks=20
2026-05-08 22:40:45,869 | INFO | SPREAD | pair=CHIP/USDC | cex=0.07358/0.07361 | dex_sell=0.0735432 dex_buy=0.0735622 | spread_a=-9.1bps spread_b=2.4bps | min=30.0bps
2026-05-08 22:40:46,871 | INFO | fetch_order_book: symbol=CHIP/USDC limit=20
2026-05-08 22:40:47,130 | INFO | fetch_order_book: mid=0.073595 spread=4.08bps bids=20 asks=20
2026-05-08 22:40:48,055 | INFO | SPREAD | pair=CHIP/USDC | cex=0.07358/0.07361 | dex_sell=0.0735432 dex_buy=0.0735622 | spread_a=-9.1bps spread_b=2.4bps | min=30.0bps
2026-05-08 22:40:49,057 | INFO | fetch_order_book: symbol=CHIP/USDC limit=20
2026-05-08 22:40:49,313 | INFO | fetch_order_book: mid=0.073565 spread=1.36bps bids=20 asks=20
2026-05-08 22:40:50,275 | INFO | SPREAD | pair=CHIP/USDC | cex=0.07356/0.07357 | dex_sell=0.0735432 dex_buy=0.0735622 | spread_a=-3.6bps spread_b=-0.3bps | min=30.0bps
2026-05-08 22:40:51,277 | INFO | fetch_order_book: symbol=CHIP/USDC limit=20
2026-05-08 22:40:51,567 | INFO | fetch_order_book: mid=0.07353 spread=2.72bps bids=20 asks=20
2026-05-08 22:40:52,478 | INFO | SPREAD | pair=CHIP/USDC | cex=0.07352/0.07354 | dex_sell=0.0734886 dex_buy=0.0735076 | spread_a=-7.0bps spread_b=1.7bps | min=30.0bps
2026-05-08 22:40:53,480 | INFO | fetch_order_book: symbol=CHIP/USDC limit=20
2026-05-08 22:40:53,736 | INFO | fetch_order_book: mid=0.07349 spread=2.72bps bids=20 asks=20
2026-05-08 22:40:54,639 | INFO | SPREAD | pair=CHIP/USDC | cex=0.07348/0.0735 | dex_sell=0.0734886 dex_buy=0.0735076 | spread_a=-1.6bps spread_b=-3.8bps | min=30.0bps
2026-05-08 22:40:55,642 | INFO | fetch_order_book: symbol=CHIP/USDC limit=20
2026-05-08 22:40:55,904 | INFO | fetch_order_book: mid=0.07349 spread=2.72bps bids=20 asks=20
2026-05-08 22:40:56,846 | INFO | SPREAD | pair=CHIP/USDC | cex=0.07348/0.0735 | dex_sell=0.0734886 dex_buy=0.0734778 | spread_a=-1.6bps spread_b=0.3bps | min=30.0bps
2026-05-08 22:40:57,848 | INFO | fetch_order_book: symbol=CHIP/USDC limit=20
2026-05-08 22:40:58,102 | INFO | fetch_order_book: mid=0.073405 spread=1.36bps bids=20 asks=20
2026-05-08 22:40:58,999 | INFO | SPREAD | pair=CHIP/USDC | cex=0.0734/0.07341 | dex_sell=0.0734286 dex_buy=0.0734175 | spread_a=2.5bps spread_b=-2.4bps | min=30.0bps
2026-05-08 22:41:00,002 | INFO | fetch_order_book: symbol=CHIP/USDC limit=20
2026-05-08 22:41:00,257 | INFO | fetch_order_book: mid=0.073295 spread=6.82bps bids=20 asks=20
2026-05-08 22:41:01,128 | INFO | SPREAD | pair=CHIP/USDC | cex=0.07327/0.07332 | dex_sell=0.0733286 dex_buy=0.0732776 | spread_a=1.2bps spread_b=-1.0bps | min=30.0bps
2026-05-08 22:41:02,131 | INFO | fetch_order_book: symbol=CHIP/USDC limit=20
2026-05-08 22:41:02,390 | INFO | fetch_order_book: mid=0.073355 spread=6.82bps bids=20 asks=20
2026-05-08 22:41:03,300 | INFO | SPREAD | pair=CHIP/USDC | cex=0.07333/0.07338 | dex_sell=0.073313 dex_buy=0.0733621 | spread_a=-9.1bps spread_b=-4.4bps | min=30.0bps
2026-05-08 22:41:04,302 | INFO | fetch_order_book: symbol=CHIP/USDC limit=20
2026-05-08 22:41:04,556 | INFO | fetch_order_book: mid=0.07338 spread=8.18bps bids=20 asks=20
2026-05-08 22:41:05,441 | INFO | SPREAD | pair=CHIP/USDC | cex=0.07335/0.07341 | dex_sell=0.0733431 dex_buy=0.0733621 | spread_a=-9.1bps spread_b=-1.6bps | min=30.0bps
2026-05-08 22:41:06,443 | INFO | fetch_order_book: symbol=CHIP/USDC limit=20
2026-05-08 22:41:06,700 | INFO | fetch_order_book: mid=0.07338 spread=8.18bps bids=20 asks=20
2026-05-08 22:41:07,612 | INFO | SPREAD | pair=CHIP/USDC | cex=0.07335/0.07341 | dex_sell=0.0733431 dex_buy=0.0733621 | spread_a=-9.1bps spread_b=-1.6bps | min=30.0bps
2026-05-08 22:41:08,614 | INFO | fetch_order_book: symbol=CHIP/USDC limit=20
2026-05-08 22:41:08,882 | INFO | fetch_order_book: mid=0.073385 spread=6.81bps bids=20 asks=20
2026-05-08 22:41:09,815 | INFO | SPREAD | pair=CHIP/USDC | cex=0.07336/0.07341 | dex_sell=0.0733431 dex_buy=0.0733621 | spread_a=-9.1bps spread_b=-0.3bps | min=30.0bps
2026-05-08 22:41:10,818 | INFO | fetch_order_book: symbol=CHIP/USDC limit=20
2026-05-08 22:41:11,073 | INFO | fetch_order_book: mid=0.073385 spread=6.81bps bids=20 asks=20
2026-05-08 22:41:11,948 | INFO | SPREAD | pair=CHIP/USDC | cex=0.07336/0.07341 | dex_sell=0.0733431 dex_buy=0.0733621 | spread_a=-9.1bps spread_b=-0.3bps | min=30.0bps
2026-05-08 22:41:12,951 | INFO | fetch_order_book: symbol=CHIP/USDC limit=20
2026-05-08 22:41:13,220 | INFO | fetch_order_book: mid=0.07338 spread=8.18bps bids=20 asks=20
2026-05-08 22:41:14,125 | INFO | SPREAD | pair=CHIP/USDC | cex=0.07335/0.07341 | dex_sell=0.0733431 dex_buy=0.0733621 | spread_a=-9.1bps spread_b=-1.6bps | min=30.0bps
2026-05-08 22:41:15,127 | INFO | fetch_order_book: symbol=CHIP/USDC limit=20
2026-05-08 22:41:15,468 | INFO | fetch_order_book: mid=0.07338 spread=8.18bps bids=20 asks=20
2026-05-08 22:41:16,352 | INFO | SPREAD | pair=CHIP/USDC | cex=0.07335/0.07341 | dex_sell=0.0733431 dex_buy=0.0733621 | spread_a=-9.1bps spread_b=-1.6bps | min=30.0bps
2026-05-08 22:41:17,354 | INFO | fetch_order_book: symbol=CHIP/USDC limit=20
2026-05-08 22:41:17,609 | INFO | fetch_order_book: mid=0.073405 spread=4.09bps bids=20 asks=20
2026-05-08 22:41:18,500 | INFO | SPREAD | pair=CHIP/USDC | cex=0.07339/0.07342 | dex_sell=0.0733431 dex_buy=0.0733922 | spread_a=-10.5bps spread_b=-0.3bps | min=30.0bps
2026-05-08 22:41:19,502 | INFO | fetch_order_book: symbol=CHIP/USDC limit=20
2026-05-08 22:41:20,290 | INFO | fetch_order_book: mid=0.073405 spread=4.09bps bids=20 asks=20
2026-05-08 22:41:21,457 | INFO | SPREAD | pair=CHIP/USDC | cex=0.07339/0.07342 | dex_sell=0.0733732 dex_buy=0.0733922 | spread_a=-6.4bps spread_b=-0.3bps | min=30.0bps
2026-05-08 22:41:22,459 | INFO | fetch_order_book: symbol=CHIP/USDC limit=20
2026-05-08 22:41:22,716 | INFO | fetch_order_book: mid=0.07340 spread=5.45bps bids=20 asks=20
2026-05-08 22:41:23,610 | INFO | SPREAD | pair=CHIP/USDC | cex=0.07338/0.07342 | dex_sell=0.0733732 dex_buy=0.0733922 | spread_a=-6.4bps spread_b=-1.7bps | min=30.0bps
2026-05-08 22:41:24,613 | INFO | fetch_order_book: symbol=CHIP/USDC limit=20
2026-05-08 22:41:24,867 | INFO | fetch_order_book: mid=0.073405 spread=4.09bps bids=20 asks=20
2026-05-08 22:41:25,748 | INFO | SPREAD | pair=CHIP/USDC | cex=0.07339/0.07342 | dex_sell=0.0733732 dex_buy=0.0733922 | spread_a=-6.4bps spread_b=-0.3bps | min=30.0bps
2026-05-08 22:41:26,750 | INFO | fetch_order_book: symbol=CHIP/USDC limit=20
2026-05-08 22:41:27,007 | INFO | fetch_order_book: mid=0.07343 spread=2.72bps bids=20 asks=20
2026-05-08 22:41:27,878 | INFO | SPREAD | pair=CHIP/USDC | cex=0.07342/0.07344 | dex_sell=0.0733732 dex_buy=0.0733922 | spread_a=-9.1bps spread_b=3.8bps | min=30.0bps
2026-05-08 22:41:28,880 | INFO | fetch_order_book: symbol=CHIP/USDC limit=20
2026-05-08 22:41:29,190 | INFO | fetch_order_book: mid=0.073465 spread=6.81bps bids=20 asks=20
2026-05-08 22:41:30,126 | INFO | SPREAD | pair=CHIP/USDC | cex=0.07344/0.07349 | dex_sell=0.0734331 dex_buy=0.0734521 | spread_a=-7.7bps spread_b=-1.6bps | min=30.0bps
2026-05-08 22:41:31,128 | INFO | fetch_order_book: symbol=CHIP/USDC limit=20
2026-05-08 22:41:31,384 | INFO | fetch_order_book: mid=0.073465 spread=6.81bps bids=20 asks=20
2026-05-08 22:41:32,299 | INFO | SPREAD | pair=CHIP/USDC | cex=0.07344/0.07349 | dex_sell=0.0734331 dex_buy=0.0734521 | spread_a=-7.7bps spread_b=-1.6bps | min=30.0bps
2026-05-08 22:41:33,301 | INFO | fetch_order_book: symbol=CHIP/USDC limit=20
2026-05-08 22:41:33,557 | INFO | fetch_order_book: mid=0.073525 spread=1.36bps bids=20 asks=20
2026-05-08 22:41:34,515 | INFO | SPREAD | pair=CHIP/USDC | cex=0.07352/0.07353 | dex_sell=0.0734331 dex_buy=0.0734521 | spread_a=-13.2bps spread_b=9.2bps | min=30.0bps
2026-05-08 22:41:35,518 | INFO | fetch_order_book: symbol=CHIP/USDC limit=20
2026-05-08 22:41:35,774 | INFO | fetch_order_book: mid=0.073645 spread=4.07bps bids=20 asks=20
2026-05-08 22:41:36,650 | INFO | SPREAD | pair=CHIP/USDC | cex=0.07363/0.07366 | dex_sell=0.0735675 dex_buy=0.0736117 | spread_a=-12.6bps spread_b=2.5bps | min=30.0bps
2026-05-08 22:41:37,653 | INFO | fetch_order_book: symbol=CHIP/USDC limit=20
2026-05-08 22:41:37,911 | INFO | fetch_order_book: mid=0.073615 spread=1.36bps bids=20 asks=20
2026-05-08 22:41:38,811 | INFO | SPREAD | pair=CHIP/USDC | cex=0.07361/0.07362 | dex_sell=0.0735927 dex_buy=0.0736117 | spread_a=-3.7bps spread_b=-0.2bps | min=30.0bps
2026-05-08 22:41:39,814 | INFO | fetch_order_book: symbol=CHIP/USDC limit=20
2026-05-08 22:41:40,147 | INFO | fetch_order_book: mid=0.07361 spread=2.72bps bids=20 asks=20
2026-05-08 22:41:41,108 | INFO | SPREAD | pair=CHIP/USDC | cex=0.0736/0.07362 | dex_sell=0.0735927 dex_buy=0.0736117 | spread_a=-3.7bps spread_b=-1.6bps | min=30.0bps
2026-05-08 22:41:42,112 | INFO | fetch_order_book: symbol=CHIP/USDC limit=20
2026-05-08 22:41:42,368 | INFO | fetch_order_book: mid=0.073615 spread=4.08bps bids=20 asks=20
2026-05-08 22:41:43,221 | INFO | SPREAD | pair=CHIP/USDC | cex=0.0736/0.07363 | dex_sell=0.0735927 dex_buy=0.0736117 | spread_a=-5.1bps spread_b=-1.6bps | min=30.0bps
2026-05-08 22:41:44,224 | INFO | fetch_order_book: symbol=CHIP/USDC limit=20
2026-05-08 22:41:44,479 | INFO | fetch_order_book: mid=0.07363 spread=8.15bps bids=20 asks=20
2026-05-08 22:41:45,411 | INFO | SPREAD | pair=CHIP/USDC | cex=0.0736/0.07366 | dex_sell=0.0735927 dex_buy=0.0736117 | spread_a=-9.1bps spread_b=-1.6bps | min=30.0bps
2026-05-08 22:41:46,415 | INFO | fetch_order_book: symbol=CHIP/USDC limit=20
2026-05-08 22:41:46,683 | INFO | fetch_order_book: mid=0.073605 spread=6.79bps bids=20 asks=20
2026-05-08 22:41:47,580 | INFO | SPREAD | pair=CHIP/USDC | cex=0.07358/0.07363 | dex_sell=0.0736231 dex_buy=0.0736422 | spread_a=-0.9bps spread_b=-8.4bps | min=30.0bps
2026-05-08 22:41:48,584 | INFO | fetch_order_book: symbol=CHIP/USDC limit=20
2026-05-08 22:41:48,844 | INFO | fetch_order_book: mid=0.07355 spread=2.72bps bids=20 asks=20
2026-05-08 22:41:49,719 | INFO | SPREAD | pair=CHIP/USDC | cex=0.07354/0.07356 | dex_sell=0.0735687 dex_buy=0.0735877 | spread_a=1.2bps spread_b=-6.5bps | min=30.0bps
2026-05-08 22:41:50,723 | INFO | fetch_order_book: symbol=CHIP/USDC limit=20
2026-05-08 22:41:50,991 | INFO | fetch_order_book: mid=0.07355 spread=5.44bps bids=20 asks=20
2026-05-08 22:41:51,877 | INFO | SPREAD | pair=CHIP/USDC | cex=0.07353/0.07357 | dex_sell=0.0735318 dex_buy=0.0735509 | spread_a=-5.2bps spread_b=-2.8bps | min=30.0bps
2026-05-08 22:41:52,880 | INFO | fetch_order_book: symbol=CHIP/USDC limit=20
2026-05-08 22:41:53,253 | INFO | fetch_order_book: mid=0.07353 spread=8.16bps bids=20 asks=20
2026-05-08 22:41:54,166 | INFO | SPREAD | pair=CHIP/USDC | cex=0.0735/0.07356 | dex_sell=0.0735085 dex_buy=0.0735276 | spread_a=-7.0bps spread_b=-3.8bps | min=30.0bps
2026-05-08 22:41:55,169 | INFO | fetch_order_book: symbol=CHIP/USDC limit=20
2026-05-08 22:41:55,427 | INFO | fetch_order_book: mid=0.073535 spread=6.80bps bids=20 asks=20
2026-05-08 22:41:56,324 | INFO | SPREAD | pair=CHIP/USDC | cex=0.07351/0.07356 | dex_sell=0.0734931 dex_buy=0.0735122 | spread_a=-9.1bps spread_b=-0.3bps | min=30.0bps
2026-05-08 22:41:57,327 | INFO | fetch_order_book: symbol=CHIP/USDC limit=20
2026-05-08 22:41:57,596 | INFO | fetch_order_book: mid=0.073545 spread=4.08bps bids=20 asks=20
2026-05-08 22:41:58,496 | INFO | SPREAD | pair=CHIP/USDC | cex=0.07353/0.07356 | dex_sell=0.0734931 dex_buy=0.0735122 | spread_a=-9.1bps spread_b=2.4bps | min=30.0bps
2026-05-08 22:41:59,500 | INFO | fetch_order_book: symbol=CHIP/USDC limit=20
2026-05-08 22:41:59,759 | INFO | fetch_order_book: mid=0.073545 spread=4.08bps bids=20 asks=20
2026-05-08 22:42:00,618 | INFO | SPREAD | pair=CHIP/USDC | cex=0.07353/0.07356 | dex_sell=0.0734931 dex_buy=0.0735122 | spread_a=-9.1bps spread_b=2.4bps | min=30.0bps
2026-05-08 22:42:01,621 | INFO | fetch_order_book: symbol=CHIP/USDC limit=20
2026-05-08 22:42:01,885 | INFO | fetch_order_book: mid=0.07355 spread=5.44bps bids=20 asks=20
2026-05-08 22:42:02,769 | INFO | SPREAD | pair=CHIP/USDC | cex=0.07353/0.07357 | dex_sell=0.0735333 dex_buy=0.0735524 | spread_a=-5.0bps spread_b=-3.0bps | min=30.0bps
2026-05-08 22:42:03,773 | INFO | fetch_order_book: symbol=CHIP/USDC limit=20
2026-05-08 22:42:04,027 | INFO | fetch_order_book: mid=0.073545 spread=4.08bps bids=20 asks=20
2026-05-08 22:42:04,916 | INFO | SPREAD | pair=CHIP/USDC | cex=0.07353/0.07356 | dex_sell=0.0735333 dex_buy=0.0735524 | spread_a=-3.6bps spread_b=-3.0bps | min=30.0bps
2026-05-08 22:42:05,920 | INFO | fetch_order_book: symbol=CHIP/USDC limit=20
2026-05-08 22:42:06,184 | INFO | fetch_order_book: mid=0.073605 spread=4.08bps bids=20 asks=20
2026-05-08 22:42:07,081 | INFO | SPREAD | pair=CHIP/USDC | cex=0.07359/0.07362 | dex_sell=0.0735631 dex_buy=0.0735822 | spread_a=-7.7bps spread_b=1.1bps | min=30.0bps
2026-05-08 22:42:08,082 | INFO | fetch_order_book: symbol=CHIP/USDC limit=20
2026-05-08 22:42:08,413 | INFO | fetch_order_book: mid=0.07358 spread=5.44bps bids=20 asks=20
2026-05-08 22:42:09,309 | INFO | SPREAD | pair=CHIP/USDC | cex=0.07356/0.0736 | dex_sell=0.0735631 dex_buy=0.0735822 | spread_a=-5.0bps spread_b=-3.0bps | min=30.0bps
2026-05-08 22:42:10,312 | INFO | fetch_order_book: symbol=CHIP/USDC limit=20
2026-05-08 22:42:10,660 | INFO | fetch_order_book: mid=0.07359 spread=5.44bps bids=20 asks=20
2026-05-08 22:42:11,542 | INFO | SPREAD | pair=CHIP/USDC | cex=0.07357/0.07361 | dex_sell=0.0735631 dex_buy=0.0735822 | spread_a=-6.4bps spread_b=-1.7bps | min=30.0bps
2026-05-08 22:42:12,545 | INFO | fetch_order_book: symbol=CHIP/USDC limit=20
2026-05-08 22:42:12,806 | INFO | fetch_order_book: mid=0.073595 spread=4.08bps bids=20 asks=20
2026-05-08 22:42:13,712 | INFO | SPREAD | pair=CHIP/USDC | cex=0.07358/0.07361 | dex_sell=0.0735631 dex_buy=0.0735822 | spread_a=-6.4bps spread_b=-0.3bps | min=30.0bps
2026-05-08 22:42:14,714 | INFO | fetch_order_book: symbol=CHIP/USDC limit=20
2026-05-08 22:42:14,972 | INFO | fetch_order_book: mid=0.07357 spread=5.44bps bids=20 asks=20
2026-05-08 22:42:15,854 | INFO | SPREAD | pair=CHIP/USDC | cex=0.07355/0.07359 | dex_sell=0.0735631 dex_buy=0.0735822 | spread_a=-3.7bps spread_b=-4.4bps | min=30.0bps
2026-05-08 22:42:16,856 | INFO | fetch_order_book: symbol=CHIP/USDC limit=20
2026-05-08 22:42:17,111 | INFO | fetch_order_book: mid=0.073585 spread=6.79bps bids=20 asks=20
2026-05-08 22:42:17,994 | INFO | SPREAD | pair=CHIP/USDC | cex=0.07356/0.07361 | dex_sell=0.0735631 dex_buy=0.0735822 | spread_a=-6.4bps spread_b=-3.0bps | min=30.0bps
2026-05-08 22:42:18,997 | INFO | fetch_order_book: symbol=CHIP/USDC limit=20
2026-05-08 22:42:19,253 | INFO | fetch_order_book: mid=0.07359 spread=8.15bps bids=20 asks=20
2026-05-08 22:42:20,189 | INFO | SPREAD | pair=CHIP/USDC | cex=0.07356/0.07362 | dex_sell=0.0735631 dex_buy=0.0735822 | spread_a=-7.7bps spread_b=-3.0bps | min=30.0bps
2026-05-08 22:42:21,192 | INFO | fetch_order_book: symbol=CHIP/USDC limit=20
2026-05-08 22:42:21,455 | INFO | fetch_order_book: mid=0.07365 spread=2.72bps bids=20 asks=20
2026-05-08 22:42:22,626 | INFO | SPREAD | pair=CHIP/USDC | cex=0.07364/0.07366 | dex_sell=0.0736107 dex_buy=0.0736298 | spread_a=-6.7bps spread_b=1.4bps | min=30.0bps
2026-05-08 22:42:23,628 | INFO | fetch_order_book: symbol=CHIP/USDC limit=20
2026-05-08 22:42:23,889 | INFO | fetch_order_book: mid=0.07365 spread=2.72bps bids=20 asks=20
2026-05-08 22:42:24,824 | INFO | SPREAD | pair=CHIP/USDC | cex=0.07364/0.07366 | dex_sell=0.0736107 dex_buy=0.0736507 | spread_a=-6.7bps spread_b=-1.5bps | min=30.0bps
2026-05-08 22:42:25,827 | INFO | fetch_order_book: symbol=CHIP/USDC limit=20
2026-05-08 22:42:26,084 | INFO | fetch_order_book: mid=0.07364 spread=5.43bps bids=20 asks=20
2026-05-08 22:42:26,964 | INFO | SPREAD | pair=CHIP/USDC | cex=0.07362/0.07366 | dex_sell=0.0736316 dex_buy=0.0736507 | spread_a=-3.9bps spread_b=-4.2bps | min=30.0bps
2026-05-08 22:42:27,968 | INFO | fetch_order_book: symbol=CHIP/USDC limit=20
2026-05-08 22:42:28,228 | INFO | fetch_order_book: mid=0.07364 spread=5.43bps bids=20 asks=20
2026-05-08 22:42:29,136 | INFO | SPREAD | pair=CHIP/USDC | cex=0.07362/0.07366 | dex_sell=0.0736316 dex_buy=0.0736507 | spread_a=-3.9bps spread_b=-4.2bps | min=30.0bps
2026-05-08 22:42:30,138 | INFO | fetch_order_book: symbol=CHIP/USDC limit=20
2026-05-08 22:42:30,457 | INFO | fetch_order_book: mid=0.07367 spread=5.43bps bids=20 asks=20
2026-05-08 22:42:31,342 | INFO | SPREAD | pair=CHIP/USDC | cex=0.07365/0.07369 | dex_sell=0.0736316 dex_buy=0.0736507 | spread_a=-7.9bps spread_b=-0.1bps | min=30.0bps
2026-05-08 22:42:32,346 | INFO | fetch_order_book: symbol=CHIP/USDC limit=20
2026-05-08 22:42:32,603 | INFO | fetch_order_book: mid=0.07367 spread=5.43bps bids=20 asks=20
2026-05-08 22:42:33,460 | INFO | SPREAD | pair=CHIP/USDC | cex=0.07365/0.07369 | dex_sell=0.0736316 dex_buy=0.0736507 | spread_a=-7.9bps spread_b=-0.1bps | min=30.0bps
2026-05-08 22:42:34,463 | INFO | fetch_order_book: symbol=CHIP/USDC limit=20
2026-05-08 22:42:34,722 | INFO | fetch_order_book: mid=0.07356 spread=5.44bps bids=20 asks=20
2026-05-08 22:42:35,647 | INFO | SPREAD | pair=CHIP/USDC | cex=0.07354/0.07358 | dex_sell=0.0735888 dex_buy=0.0735675 | spread_a=1.2bps spread_b=-3.7bps | min=30.0bps
2026-05-08 22:42:36,650 | INFO | fetch_order_book: symbol=CHIP/USDC limit=20
2026-05-08 22:42:36,906 | INFO | fetch_order_book: mid=0.073535 spread=4.08bps bids=20 asks=20
2026-05-08 22:42:37,828 | INFO | SPREAD | pair=CHIP/USDC | cex=0.07352/0.07355 | dex_sell=0.0735186 dex_buy=0.0735377 | spread_a=-4.3bps spread_b=-2.4bps | min=30.0bps
2026-05-08 22:42:38,832 | INFO | fetch_order_book: symbol=CHIP/USDC limit=20
2026-05-08 22:42:39,133 | INFO | fetch_order_book: mid=0.07351 spread=2.72bps bids=20 asks=20
2026-05-08 22:42:40,040 | INFO | SPREAD | pair=CHIP/USDC | cex=0.0735/0.07352 | dex_sell=0.0735186 dex_buy=0.0735377 | spread_a=-0.2bps spread_b=-5.1bps | min=30.0bps
2026-05-08 22:42:41,044 | INFO | fetch_order_book: symbol=CHIP/USDC limit=20
2026-05-08 22:42:41,304 | INFO | fetch_order_book: mid=0.07351 spread=2.72bps bids=20 asks=20
2026-05-08 22:42:42,235 | INFO | SPREAD | pair=CHIP/USDC | cex=0.0735/0.07352 | dex_sell=0.0734784 dex_buy=0.0734974 | spread_a=-5.7bps spread_b=0.4bps | min=30.0bps
2026-05-08 22:42:43,238 | INFO | fetch_order_book: symbol=CHIP/USDC limit=20
2026-05-08 22:42:43,513 | INFO | fetch_order_book: mid=0.07351 spread=2.72bps bids=20 asks=20
2026-05-08 22:42:44,396 | INFO | SPREAD | pair=CHIP/USDC | cex=0.0735/0.07352 | dex_sell=0.0734784 dex_buy=0.0734974 | spread_a=-5.7bps spread_b=0.4bps | min=30.0bps
2026-05-08 22:42:45,399 | INFO | fetch_order_book: symbol=CHIP/USDC limit=20
2026-05-08 22:42:45,662 | INFO | fetch_order_book: mid=0.07351 spread=2.72bps bids=20 asks=20
2026-05-08 22:42:46,568 | INFO | SPREAD | pair=CHIP/USDC | cex=0.0735/0.07352 | dex_sell=0.0734784 dex_buy=0.0734974 | spread_a=-5.7bps spread_b=0.4bps | min=30.0bps
2026-05-08 22:42:47,572 | INFO | fetch_order_book: symbol=CHIP/USDC limit=20
2026-05-08 22:42:47,827 | INFO | fetch_order_book: mid=0.073475 spread=4.08bps bids=20 asks=20
2026-05-08 22:42:48,704 | INFO | SPREAD | pair=CHIP/USDC | cex=0.07346/0.07349 | dex_sell=0.0734485 dex_buy=0.0734676 | spread_a=-5.6bps spread_b=-1.0bps | min=30.0bps
2026-05-08 22:42:49,706 | INFO | fetch_order_book: symbol=CHIP/USDC limit=20
2026-05-08 22:42:49,962 | INFO | fetch_order_book: mid=0.073435 spread=6.81bps bids=20 asks=20
2026-05-08 22:42:50,921 | INFO | SPREAD | pair=CHIP/USDC | cex=0.07341/0.07346 | dex_sell=0.0734184 dex_buy=0.0734374 | spread_a=-5.7bps spread_b=-3.7bps | min=30.0bps
2026-05-08 22:42:51,922 | INFO | fetch_order_book: symbol=CHIP/USDC limit=20
2026-05-08 22:42:52,191 | INFO | fetch_order_book: mid=0.07344 spread=5.45bps bids=20 asks=20
2026-05-08 22:42:53,089 | INFO | SPREAD | pair=CHIP/USDC | cex=0.07342/0.07346 | dex_sell=0.0734184 dex_buy=0.0734374 | spread_a=-5.7bps spread_b=-2.4bps | min=30.0bps
2026-05-08 22:42:54,093 | INFO | fetch_order_book: symbol=CHIP/USDC limit=20
2026-05-08 22:42:54,359 | INFO | fetch_order_book: mid=0.07338 spread=5.45bps bids=20 asks=20
2026-05-08 22:42:55,253 | INFO | SPREAD | pair=CHIP/USDC | cex=0.07336/0.0734 | dex_sell=0.0733585 dex_buy=0.0733775 | spread_a=-5.6bps spread_b=-2.4bps | min=30.0bps
2026-05-08 22:42:56,257 | INFO | fetch_order_book: symbol=CHIP/USDC limit=20
2026-05-08 22:42:56,514 | INFO | fetch_order_book: mid=0.073345 spread=1.36bps bids=20 asks=20
2026-05-08 22:42:57,430 | INFO | SPREAD | pair=CHIP/USDC | cex=0.07334/0.07335 | dex_sell=0.0733585 dex_buy=0.0733775 | spread_a=1.2bps spread_b=-5.1bps | min=30.0bps
2026-05-08 22:42:58,433 | INFO | fetch_order_book: symbol=CHIP/USDC limit=20
2026-05-08 22:42:58,691 | INFO | fetch_order_book: mid=0.073325 spread=6.82bps bids=20 asks=20
2026-05-08 22:42:59,581 | INFO | SPREAD | pair=CHIP/USDC | cex=0.0733/0.07335 | dex_sell=0.0732332 dex_buy=0.0732822 | spread_a=-15.9bps spread_b=2.4bps | min=30.0bps
2026-05-08 22:43:00,583 | INFO | fetch_order_book: symbol=CHIP/USDC limit=20
2026-05-08 22:43:00,850 | INFO | fetch_order_book: mid=0.073295 spread=6.82bps bids=20 asks=20
2026-05-08 22:43:01,736 | INFO | SPREAD | pair=CHIP/USDC | cex=0.07327/0.07332 | dex_sell=0.0732685 dex_buy=0.0732875 | spread_a=-7.0bps spread_b=-2.4bps | min=30.0bps
2026-05-08 22:43:02,739 | INFO | fetch_order_book: symbol=CHIP/USDC limit=20
2026-05-08 22:43:03,141 | INFO | fetch_order_book: mid=0.073295 spread=6.82bps bids=20 asks=20
2026-05-08 22:43:04,096 | INFO | SPREAD | pair=CHIP/USDC | cex=0.07327/0.07332 | dex_sell=0.0732685 dex_buy=0.0732875 | spread_a=-7.0bps spread_b=-2.4bps | min=30.0bps
2026-05-08 22:43:05,100 | INFO | fetch_order_book: symbol=CHIP/USDC limit=20
2026-05-08 22:43:05,842 | INFO | fetch_order_book: mid=0.073395 spread=9.54bps bids=20 asks=20
2026-05-08 22:43:06,737 | INFO | SPREAD | pair=CHIP/USDC | cex=0.07336/0.07343 | dex_sell=0.0732931 dex_buy=0.0733121 | spread_a=-18.6bps spread_b=6.5bps | min=30.0bps
2026-05-08 22:43:07,740 | INFO | fetch_order_book: symbol=CHIP/USDC limit=20
2026-05-08 22:43:08,479 | INFO | fetch_order_book: mid=0.07346 spread=5.45bps bids=20 asks=20
2026-05-08 22:43:09,410 | INFO | SPREAD | pair=CHIP/USDC | cex=0.07344/0.07348 | dex_sell=0.0734199 dex_buy=0.073439 | spread_a=-8.2bps spread_b=0.1bps | min=30.0bps
2026-05-08 22:43:10,413 | INFO | fetch_order_book: symbol=CHIP/USDC limit=20
2026-05-08 22:43:10,670 | INFO | fetch_order_book: mid=0.07356 spread=5.44bps bids=20 asks=20
2026-05-08 22:43:11,600 | INFO | SPREAD | pair=CHIP/USDC | cex=0.07354/0.07358 | dex_sell=0.073503 dex_buy=0.073522 | spread_a=-10.5bps spread_b=2.4bps | min=30.0bps
2026-05-08 22:43:12,603 | INFO | fetch_order_book: symbol=CHIP/USDC limit=20
2026-05-08 22:43:12,862 | INFO | fetch_order_book: mid=0.07356 spread=5.44bps bids=20 asks=20
2026-05-08 22:43:13,753 | INFO | SPREAD | pair=CHIP/USDC | cex=0.07354/0.07358 | dex_sell=0.073503 dex_buy=0.073522 | spread_a=-10.5bps spread_b=2.4bps | min=30.0bps
2026-05-08 22:43:14,756 | INFO | fetch_order_book: symbol=CHIP/USDC limit=20
2026-05-08 22:43:15,072 | INFO | fetch_order_book: mid=0.07359 spread=5.44bps bids=20 asks=20
2026-05-08 22:43:15,971 | INFO | SPREAD | pair=CHIP/USDC | cex=0.07357/0.07361 | dex_sell=0.073503 dex_buy=0.0735462 | spread_a=-14.5bps spread_b=3.2bps | min=30.0bps
2026-05-08 22:43:16,974 | INFO | fetch_order_book: symbol=CHIP/USDC limit=20
2026-05-08 22:43:17,230 | INFO | fetch_order_book: mid=0.073555 spread=4.08bps bids=20 asks=20
2026-05-08 22:43:18,147 | INFO | SPREAD | pair=CHIP/USDC | cex=0.07354/0.07357 | dex_sell=0.0735272 dex_buy=0.0735462 | spread_a=-5.8bps spread_b=-0.8bps | min=30.0bps
2026-05-08 22:43:19,150 | INFO | fetch_order_book: symbol=CHIP/USDC limit=20
2026-05-08 22:43:19,898 | INFO | fetch_order_book: mid=0.07345 spread=5.45bps bids=20 asks=20
2026-05-08 22:43:20,808 | INFO | SPREAD | pair=CHIP/USDC | cex=0.07343/0.07347 | dex_sell=0.0734885 dex_buy=0.0734677 | spread_a=2.5bps spread_b=-5.1bps | min=30.0bps
2026-05-08 22:43:21,811 | INFO | fetch_order_book: symbol=CHIP/USDC limit=20
2026-05-08 22:43:22,068 | INFO | fetch_order_book: mid=0.07346 spread=5.45bps bids=20 asks=20
2026-05-08 22:43:22,985 | INFO | SPREAD | pair=CHIP/USDC | cex=0.07344/0.07348 | dex_sell=0.0734487 dex_buy=0.0734677 | spread_a=-4.3bps spread_b=-3.8bps | min=30.0bps
2026-05-08 22:43:23,989 | INFO | fetch_order_book: symbol=CHIP/USDC limit=20
2026-05-08 22:43:24,248 | INFO | fetch_order_book: mid=0.07346 spread=5.45bps bids=20 asks=20
2026-05-08 22:43:25,156 | INFO | SPREAD | pair=CHIP/USDC | cex=0.07344/0.07348 | dex_sell=0.0734487 dex_buy=0.0734677 | spread_a=-4.3bps spread_b=-3.8bps | min=30.0bps
2026-05-08 22:43:26,158 | INFO | fetch_order_book: symbol=CHIP/USDC limit=20
2026-05-08 22:43:26,416 | INFO | fetch_order_book: mid=0.07348 spread=5.44bps bids=20 asks=20
2026-05-08 22:43:27,327 | INFO | SPREAD | pair=CHIP/USDC | cex=0.07346/0.0735 | dex_sell=0.0734487 dex_buy=0.0734677 | spread_a=-7.0bps spread_b=-1.1bps | min=30.0bps
2026-05-08 22:43:28,330 | INFO | fetch_order_book: symbol=CHIP/USDC limit=20
2026-05-08 22:43:29,060 | INFO | fetch_order_book: mid=0.073465 spread=6.81bps bids=20 asks=20
2026-05-08 22:43:29,985 | INFO | SPREAD | pair=CHIP/USDC | cex=0.07344/0.07349 | dex_sell=0.0734487 dex_buy=0.0734677 | spread_a=-5.6bps spread_b=-3.8bps | min=30.0bps
2026-05-08 22:43:30,989 | INFO | fetch_order_book: symbol=CHIP/USDC limit=20
2026-05-08 22:43:31,247 | INFO | fetch_order_book: mid=0.073495 spread=6.80bps bids=20 asks=20
2026-05-08 22:43:32,160 | INFO | SPREAD | pair=CHIP/USDC | cex=0.07347/0.07352 | dex_sell=0.0734487 dex_buy=0.0734677 | spread_a=-9.7bps spread_b=0.3bps | min=30.0bps
2026-05-08 22:43:33,163 | INFO | fetch_order_book: symbol=CHIP/USDC limit=20
2026-05-08 22:43:33,422 | INFO | fetch_order_book: mid=0.07349 spread=5.44bps bids=20 asks=20
2026-05-08 22:43:34,320 | INFO | SPREAD | pair=CHIP/USDC | cex=0.07347/0.07351 | dex_sell=0.0734487 dex_buy=0.0734677 | spread_a=-8.3bps spread_b=0.3bps | min=30.0bps
2026-05-08 22:43:35,323 | INFO | fetch_order_book: symbol=CHIP/USDC limit=20
2026-05-08 22:43:35,776 | INFO | fetch_order_book: mid=0.073455 spread=4.08bps bids=20 asks=20
2026-05-08 22:43:36,668 | INFO | SPREAD | pair=CHIP/USDC | cex=0.07344/0.07347 | dex_sell=0.0734487 dex_buy=0.0734677 | spread_a=-2.9bps spread_b=-3.8bps | min=30.0bps
2026-05-08 22:43:37,670 | INFO | fetch_order_book: symbol=CHIP/USDC limit=20
2026-05-08 22:43:37,982 | INFO | fetch_order_book: mid=0.073455 spread=6.81bps bids=20 asks=20
2026-05-08 22:43:38,878 | INFO | SPREAD | pair=CHIP/USDC | cex=0.07343/0.07348 | dex_sell=0.0734487 dex_buy=0.0734677 | spread_a=-4.3bps spread_b=-5.1bps | min=30.0bps
2026-05-08 22:43:39,881 | INFO | fetch_order_book: symbol=CHIP/USDC limit=20
2026-05-08 22:43:40,137 | INFO | fetch_order_book: mid=0.073455 spread=6.81bps bids=20 asks=20
2026-05-08 22:43:41,074 | INFO | SPREAD | pair=CHIP/USDC | cex=0.07343/0.07348 | dex_sell=0.0734487 dex_buy=0.0734677 | spread_a=-4.3bps spread_b=-5.1bps | min=30.0bps
2026-05-08 22:43:42,078 | INFO | fetch_order_book: symbol=CHIP/USDC limit=20
2026-05-08 22:43:42,371 | INFO | fetch_order_book: mid=0.073435 spread=4.09bps bids=20 asks=20
2026-05-08 22:43:43,245 | INFO | SPREAD | pair=CHIP/USDC | cex=0.07342/0.07345 | dex_sell=0.0734186 dex_buy=0.0734376 | spread_a=-4.3bps spread_b=-2.4bps | min=30.0bps
2026-05-08 22:43:44,248 | INFO | fetch_order_book: symbol=CHIP/USDC limit=20
2026-05-08 22:43:44,503 | INFO | fetch_order_book: mid=0.073435 spread=4.09bps bids=20 asks=20
2026-05-08 22:43:45,421 | INFO | SPREAD | pair=CHIP/USDC | cex=0.07342/0.07345 | dex_sell=0.0734186 dex_buy=0.0734376 | spread_a=-4.3bps spread_b=-2.4bps | min=30.0bps
2026-05-08 22:43:46,423 | INFO | fetch_order_book: symbol=CHIP/USDC limit=20
2026-05-08 22:43:46,682 | INFO | fetch_order_book: mid=0.073505 spread=4.08bps bids=20 asks=20
2026-05-08 22:43:47,568 | INFO | SPREAD | pair=CHIP/USDC | cex=0.07349/0.07352 | dex_sell=0.0734186 dex_buy=0.0734708 | spread_a=-13.8bps spread_b=2.6bps | min=30.0bps
2026-05-08 22:43:48,570 | INFO | fetch_order_book: symbol=CHIP/USDC limit=20
2026-05-08 22:43:48,826 | INFO | fetch_order_book: mid=0.073495 spread=4.08bps bids=20 asks=20
2026-05-08 22:43:49,748 | INFO | SPREAD | pair=CHIP/USDC | cex=0.07348/0.07351 | dex_sell=0.0734831 dex_buy=0.0735022 | spread_a=-3.7bps spread_b=-3.0bps | min=30.0bps
2026-05-08 22:43:50,752 | INFO | fetch_order_book: symbol=CHIP/USDC limit=20
2026-05-08 22:43:51,009 | INFO | fetch_order_book: mid=0.073495 spread=4.08bps bids=20 asks=20
2026-05-08 22:43:51,925 | INFO | SPREAD | pair=CHIP/USDC | cex=0.07348/0.07351 | dex_sell=0.0734831 dex_buy=0.0735022 | spread_a=-3.7bps spread_b=-3.0bps | min=30.0bps
2026-05-08 22:43:52,929 | INFO | fetch_order_book: symbol=CHIP/USDC limit=20
2026-05-08 22:43:53,196 | INFO | fetch_order_book: mid=0.073485 spread=6.80bps bids=20 asks=20
2026-05-08 22:43:54,104 | INFO | SPREAD | pair=CHIP/USDC | cex=0.07346/0.07351 | dex_sell=0.0734831 dex_buy=0.0735022 | spread_a=-3.7bps spread_b=-5.7bps | min=30.0bps
2026-05-08 22:43:55,108 | INFO | fetch_order_book: symbol=CHIP/USDC limit=20
2026-05-08 22:43:55,368 | INFO | fetch_order_book: mid=0.07349 spread=5.44bps bids=20 asks=20
2026-05-08 22:43:56,304 | INFO | SPREAD | pair=CHIP/USDC | cex=0.07347/0.07351 | dex_sell=0.0734831 dex_buy=0.0735022 | spread_a=-3.7bps spread_b=-4.4bps | min=30.0bps
2026-05-08 22:43:57,308 | INFO | fetch_order_book: symbol=CHIP/USDC limit=20
2026-05-08 22:43:57,591 | INFO | fetch_order_book: mid=0.073505 spread=4.08bps bids=20 asks=20
2026-05-08 22:43:58,512 | INFO | SPREAD | pair=CHIP/USDC | cex=0.07349/0.07352 | dex_sell=0.0734831 dex_buy=0.0735022 | spread_a=-5.0bps spread_b=-1.7bps | min=30.0bps
2026-05-08 22:43:59,516 | INFO | fetch_order_book: symbol=CHIP/USDC limit=20
2026-05-08 22:43:59,771 | INFO | fetch_order_book: mid=0.07354 spread=5.44bps bids=20 asks=20
2026-05-08 22:44:00,684 | INFO | SPREAD | pair=CHIP/USDC | cex=0.07352/0.07356 | dex_sell=0.0734831 dex_buy=0.0735022 | spread_a=-10.4bps spread_b=2.4bps | min=30.0bps
2026-05-08 22:44:01,687 | INFO | fetch_order_book: symbol=CHIP/USDC limit=20
2026-05-08 22:44:01,944 | INFO | fetch_order_book: mid=0.073535 spread=4.08bps bids=20 asks=20
2026-05-08 22:44:02,872 | INFO | SPREAD | pair=CHIP/USDC | cex=0.07352/0.07355 | dex_sell=0.0734831 dex_buy=0.0735022 | spread_a=-9.1bps spread_b=2.4bps | min=30.0bps
2026-05-08 22:44:03,875 | INFO | fetch_order_book: symbol=CHIP/USDC limit=20
2026-05-08 22:44:04,289 | INFO | fetch_order_book: mid=0.073535 spread=4.08bps bids=20 asks=20
2026-05-08 22:44:05,236 | INFO | SPREAD | pair=CHIP/USDC | cex=0.07352/0.07355 | dex_sell=0.0734831 dex_buy=0.0735022 | spread_a=-9.1bps spread_b=2.4bps | min=30.0bps
2026-05-08 22:44:06,239 | INFO | fetch_order_book: symbol=CHIP/USDC limit=20
2026-05-08 22:44:06,521 | INFO | fetch_order_book: mid=0.07350 spread=5.44bps bids=20 asks=20
2026-05-08 22:44:07,474 | INFO | SPREAD | pair=CHIP/USDC | cex=0.07348/0.07352 | dex_sell=0.0734831 dex_buy=0.0735022 | spread_a=-5.0bps spread_b=-3.0bps | min=30.0bps
2026-05-08 22:44:08,477 | INFO | fetch_order_book: symbol=CHIP/USDC limit=20
2026-05-08 22:44:08,732 | INFO | fetch_order_book: mid=0.07350 spread=5.44bps bids=20 asks=20
2026-05-08 22:44:09,649 | INFO | SPREAD | pair=CHIP/USDC | cex=0.07348/0.07352 | dex_sell=0.0734831 dex_buy=0.0735022 | spread_a=-5.0bps spread_b=-3.0bps | min=30.0bps
2026-05-08 22:44:10,652 | INFO | fetch_order_book: symbol=CHIP/USDC limit=20
2026-05-08 22:44:10,908 | INFO | fetch_order_book: mid=0.07353 spread=5.44bps bids=20 asks=20
2026-05-08 22:44:11,803 | INFO | SPREAD | pair=CHIP/USDC | cex=0.07351/0.07355 | dex_sell=0.0734831 dex_buy=0.0735022 | spread_a=-9.1bps spread_b=1.1bps | min=30.0bps
2026-05-08 22:44:12,807 | INFO | fetch_order_book: symbol=CHIP/USDC limit=20
2026-05-08 22:44:13,070 | INFO | fetch_order_book: mid=0.07353 spread=5.44bps bids=20 asks=20
2026-05-08 22:44:14,040 | INFO | SPREAD | pair=CHIP/USDC | cex=0.07351/0.07355 | dex_sell=0.0734831 dex_buy=0.0735022 | spread_a=-9.1bps spread_b=1.1bps | min=30.0bps
2026-05-08 22:44:15,044 | INFO | fetch_order_book: symbol=CHIP/USDC limit=20
2026-05-08 22:44:15,300 | INFO | fetch_order_book: mid=0.07353 spread=5.44bps bids=20 asks=20
2026-05-08 22:44:16,211 | INFO | SPREAD | pair=CHIP/USDC | cex=0.07351/0.07355 | dex_sell=0.0734831 dex_buy=0.0735022 | spread_a=-9.1bps spread_b=1.1bps | min=30.0bps
2026-05-08 22:44:17,214 | INFO | fetch_order_book: symbol=CHIP/USDC limit=20
2026-05-08 22:44:17,471 | INFO | fetch_order_book: mid=0.07351 spread=5.44bps bids=20 asks=20
2026-05-08 22:44:18,382 | INFO | SPREAD | pair=CHIP/USDC | cex=0.07349/0.07353 | dex_sell=0.0734831 dex_buy=0.0735022 | spread_a=-6.4bps spread_b=-1.7bps | min=30.0bps
2026-05-08 22:44:19,385 | INFO | fetch_order_book: symbol=CHIP/USDC limit=20
2026-05-08 22:44:19,641 | INFO | fetch_order_book: mid=0.07341 spread=2.72bps bids=20 asks=20
2026-05-08 22:44:20,555 | INFO | SPREAD | pair=CHIP/USDC | cex=0.0734/0.07342 | dex_sell=0.0733786 dex_buy=0.0733976 | spread_a=-5.6bps spread_b=0.3bps | min=30.0bps
2026-05-08 22:44:21,559 | INFO | fetch_order_book: symbol=CHIP/USDC limit=20
2026-05-08 22:44:21,833 | INFO | fetch_order_book: mid=0.07339 spread=2.73bps bids=20 asks=20
2026-05-08 22:44:22,751 | INFO | SPREAD | pair=CHIP/USDC | cex=0.07338/0.0734 | dex_sell=0.0733786 dex_buy=0.0733976 | spread_a=-2.9bps spread_b=-2.4bps | min=30.0bps
2026-05-08 22:44:23,754 | INFO | fetch_order_book: symbol=CHIP/USDC limit=20
2026-05-08 22:44:24,041 | INFO | fetch_order_book: mid=0.07330 spread=8.19bps bids=20 asks=20
2026-05-08 22:44:24,970 | INFO | SPREAD | pair=CHIP/USDC | cex=0.07327/0.07333 | dex_sell=0.0732687 dex_buy=0.0732877 | spread_a=-8.4bps spread_b=-2.4bps | min=30.0bps
2026-05-08 22:44:25,972 | INFO | fetch_order_book: symbol=CHIP/USDC limit=20
2026-05-08 22:44:26,348 | INFO | fetch_order_book: mid=0.073315 spread=6.82bps bids=20 asks=20
2026-05-08 22:44:27,267 | INFO | SPREAD | pair=CHIP/USDC | cex=0.07329/0.07334 | dex_sell=0.0732687 dex_buy=0.0732877 | spread_a=-9.7bps spread_b=0.3bps | min=30.0bps
2026-05-08 22:44:28,268 | INFO | fetch_order_book: symbol=CHIP/USDC limit=20
2026-05-08 22:44:28,531 | INFO | fetch_order_book: mid=0.073345 spread=6.82bps bids=20 asks=20
2026-05-08 22:44:29,433 | INFO | SPREAD | pair=CHIP/USDC | cex=0.07332/0.07337 | dex_sell=0.0732687 dex_buy=0.0732877 | spread_a=-13.8bps spread_b=4.4bps | min=30.0bps
2026-05-08 22:44:30,436 | INFO | fetch_order_book: symbol=CHIP/USDC limit=20
2026-05-08 22:44:30,695 | INFO | fetch_order_book: mid=0.07337 spread=5.45bps bids=20 asks=20
2026-05-08 22:44:31,611 | INFO | SPREAD | pair=CHIP/USDC | cex=0.07335/0.07339 | dex_sell=0.0732931 dex_buy=0.0733121 | spread_a=-13.2bps spread_b=5.2bps | min=30.0bps
2026-05-08 22:44:32,615 | INFO | fetch_order_book: symbol=CHIP/USDC limit=20
2026-05-08 22:44:32,997 | INFO | fetch_order_book: mid=0.07334 spread=5.45bps bids=20 asks=20
2026-05-08 22:44:33,887 | INFO | SPREAD | pair=CHIP/USDC | cex=0.07332/0.07336 | dex_sell=0.0733332 dex_buy=0.0733274 | spread_a=-3.6bps spread_b=-1.0bps | min=30.0bps
2026-05-08 22:44:34,891 | INFO | fetch_order_book: symbol=CHIP/USDC limit=20
2026-05-08 22:44:35,252 | INFO | fetch_order_book: mid=0.07342 spread=8.17bps bids=20 asks=20
2026-05-08 22:44:36,172 | INFO | SPREAD | pair=CHIP/USDC | cex=0.07339/0.07345 | dex_sell=0.0733805 dex_buy=0.0733995 | spread_a=-9.5bps spread_b=-1.3bps | min=30.0bps
2026-05-08 22:44:37,175 | INFO | fetch_order_book: symbol=CHIP/USDC limit=20
2026-05-08 22:44:37,439 | INFO | fetch_order_book: mid=0.07340 spread=5.45bps bids=20 asks=20
2026-05-08 22:44:38,349 | INFO | SPREAD | pair=CHIP/USDC | cex=0.07338/0.07342 | dex_sell=0.0733805 dex_buy=0.0733995 | spread_a=-5.4bps spread_b=-2.7bps | min=30.0bps
2026-05-08 22:44:39,352 | INFO | fetch_order_book: symbol=CHIP/USDC limit=20
2026-05-08 22:44:39,614 | INFO | fetch_order_book: mid=0.073425 spread=6.81bps bids=20 asks=20
2026-05-08 22:44:40,480 | INFO | SPREAD | pair=CHIP/USDC | cex=0.0734/0.07345 | dex_sell=0.0733805 dex_buy=0.0733995 | spread_a=-9.5bps spread_b=0.1bps | min=30.0bps
2026-05-08 22:44:41,483 | INFO | fetch_order_book: symbol=CHIP/USDC limit=20
2026-05-08 22:44:41,745 | INFO | fetch_order_book: mid=0.073425 spread=6.81bps bids=20 asks=20
2026-05-08 22:44:42,677 | INFO | SPREAD | pair=CHIP/USDC | cex=0.0734/0.07345 | dex_sell=0.0733805 dex_buy=0.0733995 | spread_a=-9.5bps spread_b=0.1bps | min=30.0bps
2026-05-08 22:44:43,680 | INFO | fetch_order_book: symbol=CHIP/USDC limit=20
2026-05-08 22:44:43,950 | INFO | fetch_order_book: mid=0.073425 spread=6.81bps bids=20 asks=20
2026-05-08 22:44:44,855 | INFO | SPREAD | pair=CHIP/USDC | cex=0.0734/0.07345 | dex_sell=0.0733805 dex_buy=0.0733995 | spread_a=-9.5bps spread_b=0.1bps | min=30.0bps
2026-05-08 22:44:45,859 | INFO | fetch_order_book: symbol=CHIP/USDC limit=20
2026-05-08 22:44:46,114 | INFO | fetch_order_book: mid=0.073425 spread=6.81bps bids=20 asks=20
2026-05-08 22:44:46,986 | INFO | SPREAD | pair=CHIP/USDC | cex=0.0734/0.07345 | dex_sell=0.0733805 dex_buy=0.0733995 | spread_a=-9.5bps spread_b=0.1bps | min=30.0bps
2026-05-08 22:44:47,990 | INFO | fetch_order_book: symbol=CHIP/USDC limit=20
2026-05-08 22:44:48,251 | INFO | fetch_order_book: mid=0.07342 spread=5.45bps bids=20 asks=20
2026-05-08 22:44:49,163 | INFO | SPREAD | pair=CHIP/USDC | cex=0.0734/0.07344 | dex_sell=0.0733805 dex_buy=0.0733995 | spread_a=-8.1bps spread_b=0.1bps | min=30.0bps
2026-05-08 22:44:50,167 | INFO | fetch_order_book: symbol=CHIP/USDC limit=20
2026-05-08 22:44:50,423 | INFO | fetch_order_book: mid=0.073395 spread=6.81bps bids=20 asks=20
2026-05-08 22:44:51,313 | INFO | SPREAD | pair=CHIP/USDC | cex=0.07337/0.07342 | dex_sell=0.0733586 dex_buy=0.0733776 | spread_a=-8.4bps spread_b=-1.0bps | min=30.0bps
2026-05-08 22:44:52,316 | INFO | fetch_order_book: symbol=CHIP/USDC limit=20
2026-05-08 22:44:52,574 | INFO | fetch_order_book: mid=0.07339 spread=8.18bps bids=20 asks=20
2026-05-08 22:44:53,471 | INFO | SPREAD | pair=CHIP/USDC | cex=0.07336/0.07342 | dex_sell=0.0733586 dex_buy=0.0733776 | spread_a=-8.4bps spread_b=-2.4bps | min=30.0bps
2026-05-08 22:44:54,474 | INFO | fetch_order_book: symbol=CHIP/USDC limit=20
2026-05-08 22:44:54,728 | INFO | fetch_order_book: mid=0.07340 spread=5.45bps bids=20 asks=20
2026-05-08 22:44:55,669 | INFO | SPREAD | pair=CHIP/USDC | cex=0.07338/0.07342 | dex_sell=0.0733532 dex_buy=0.0733722 | spread_a=-9.1bps spread_b=1.1bps | min=30.0bps
2026-05-08 22:44:56,672 | INFO | fetch_order_book: symbol=CHIP/USDC limit=20
2026-05-08 22:44:56,926 | INFO | fetch_order_book: mid=0.073395 spread=6.81bps bids=20 asks=20
2026-05-08 22:44:57,829 | INFO | SPREAD | pair=CHIP/USDC | cex=0.07337/0.07342 | dex_sell=0.0733532 dex_buy=0.0733722 | spread_a=-9.1bps spread_b=-0.3bps | min=30.0bps
2026-05-08 22:44:58,833 | INFO | fetch_order_book: symbol=CHIP/USDC limit=20
2026-05-08 22:44:59,087 | INFO | fetch_order_book: mid=0.07334 spread=5.45bps bids=20 asks=20
2026-05-08 22:44:59,971 | INFO | SPREAD | pair=CHIP/USDC | cex=0.07332/0.07336 | dex_sell=0.0733286 dex_buy=0.0733476 | spread_a=-4.3bps spread_b=-3.8bps | min=30.0bps
2026-05-08 22:45:00,973 | INFO | fetch_order_book: symbol=CHIP/USDC limit=20
2026-05-08 22:45:01,240 | INFO | fetch_order_book: mid=0.073335 spread=6.82bps bids=20 asks=20
2026-05-08 22:45:02,193 | INFO | SPREAD | pair=CHIP/USDC | cex=0.07331/0.07336 | dex_sell=0.0733286 dex_buy=0.0733476 | spread_a=-4.3bps spread_b=-5.1bps | min=30.0bps
2026-05-08 22:45:03,196 | INFO | fetch_order_book: symbol=CHIP/USDC limit=20
2026-05-08 22:45:03,454 | INFO | fetch_order_book: mid=0.073325 spread=4.09bps bids=20 asks=20
2026-05-08 22:45:04,372 | INFO | SPREAD | pair=CHIP/USDC | cex=0.07331/0.07334 | dex_sell=0.0733286 dex_buy=0.0733476 | spread_a=-1.6bps spread_b=-5.1bps | min=30.0bps
2026-05-08 22:45:05,376 | INFO | fetch_order_book: symbol=CHIP/USDC limit=20
2026-05-08 22:45:05,635 | INFO | fetch_order_book: mid=0.073335 spread=6.82bps bids=20 asks=20
2026-05-08 22:45:06,523 | INFO | SPREAD | pair=CHIP/USDC | cex=0.07331/0.07336 | dex_sell=0.0733286 dex_buy=0.0733476 | spread_a=-4.3bps spread_b=-5.1bps | min=30.0bps
2026-05-08 22:45:07,527 | INFO | fetch_order_book: symbol=CHIP/USDC limit=20
2026-05-08 22:45:07,785 | INFO | fetch_order_book: mid=0.073335 spread=6.82bps bids=20 asks=20
2026-05-08 22:45:08,735 | INFO | SPREAD | pair=CHIP/USDC | cex=0.07331/0.07336 | dex_sell=0.0733286 dex_buy=0.0733476 | spread_a=-4.3bps spread_b=-5.1bps | min=30.0bps
2026-05-08 22:45:09,739 | INFO | fetch_order_book: symbol=CHIP/USDC limit=20
2026-05-08 22:45:10,012 | INFO | fetch_order_book: mid=0.073335 spread=6.82bps bids=20 asks=20
2026-05-08 22:45:10,951 | INFO | SPREAD | pair=CHIP/USDC | cex=0.07331/0.07336 | dex_sell=0.0733286 dex_buy=0.0733476 | spread_a=-4.3bps spread_b=-5.1bps | min=30.0bps
2026-05-08 22:45:11,955 | INFO | fetch_order_book: symbol=CHIP/USDC limit=20
2026-05-08 22:45:12,252 | INFO | fetch_order_book: mid=0.073275 spread=4.09bps bids=20 asks=20
2026-05-08 22:45:13,173 | INFO | SPREAD | pair=CHIP/USDC | cex=0.07326/0.07329 | dex_sell=0.0732885 dex_buy=0.0732774 | spread_a=-0.2bps spread_b=-2.4bps | min=30.0bps
2026-05-08 22:45:14,176 | INFO | fetch_order_book: symbol=CHIP/USDC limit=20
2026-05-08 22:45:14,441 | INFO | fetch_order_book: mid=0.07318 spread=5.47bps bids=20 asks=20
2026-05-08 22:45:15,366 | INFO | SPREAD | pair=CHIP/USDC | cex=0.07316/0.0732 | dex_sell=0.0731697 dex_buy=0.0731857 | spread_a=-4.1bps spread_b=-3.5bps | min=30.0bps
2026-05-08 22:45:16,369 | INFO | fetch_order_book: symbol=CHIP/USDC limit=20
2026-05-08 22:45:16,626 | INFO | fetch_order_book: mid=0.07318 spread=5.47bps bids=20 asks=20
2026-05-08 22:45:17,541 | INFO | SPREAD | pair=CHIP/USDC | cex=0.07316/0.0732 | dex_sell=0.0731697 dex_buy=0.0731857 | spread_a=-4.1bps spread_b=-3.5bps | min=30.0bps
2026-05-08 22:45:18,544 | INFO | fetch_order_book: symbol=CHIP/USDC limit=20
2026-05-08 22:45:18,801 | INFO | fetch_order_book: mid=0.07318 spread=5.47bps bids=20 asks=20
2026-05-08 22:45:19,653 | INFO | SPREAD | pair=CHIP/USDC | cex=0.07316/0.0732 | dex_sell=0.07315 dex_buy=0.073166 | spread_a=-6.8bps spread_b=-0.8bps | min=30.0bps
2026-05-08 22:45:20,656 | INFO | fetch_order_book: symbol=CHIP/USDC limit=20
2026-05-08 22:45:21,436 | INFO | fetch_order_book: mid=0.07318 spread=5.47bps bids=20 asks=20
2026-05-08 22:45:22,351 | INFO | SPREAD | pair=CHIP/USDC | cex=0.07316/0.0732 | dex_sell=0.0731546 dex_buy=0.0731706 | spread_a=-6.2bps spread_b=-1.4bps | min=30.0bps
2026-05-08 22:45:23,355 | INFO | fetch_order_book: symbol=CHIP/USDC limit=20
2026-05-08 22:45:24,092 | INFO | fetch_order_book: mid=0.073215 spread=6.83bps bids=20 asks=20
2026-05-08 22:45:25,009 | INFO | SPREAD | pair=CHIP/USDC | cex=0.07319/0.07324 | dex_sell=0.0731546 dex_buy=0.0731706 | spread_a=-11.7bps spread_b=2.7bps | min=30.0bps
2026-05-08 22:45:26,013 | INFO | fetch_order_book: symbol=CHIP/USDC limit=20
2026-05-08 22:45:26,269 | INFO | fetch_order_book: mid=0.07330 spread=5.46bps bids=20 asks=20
2026-05-08 22:45:27,178 | INFO | SPREAD | pair=CHIP/USDC | cex=0.07328/0.07332 | dex_sell=0.0732333 dex_buy=0.0732523 | spread_a=-11.8bps spread_b=3.8bps | min=30.0bps
2026-05-08 22:45:28,182 | INFO | fetch_order_book: symbol=CHIP/USDC limit=20
2026-05-08 22:45:28,444 | INFO | fetch_order_book: mid=0.073315 spread=6.82bps bids=20 asks=20
2026-05-08 22:45:29,375 | INFO | SPREAD | pair=CHIP/USDC | cex=0.07329/0.07334 | dex_sell=0.0732333 dex_buy=0.0732523 | spread_a=-14.5bps spread_b=5.2bps | min=30.0bps
2026-05-08 22:45:30,378 | INFO | fetch_order_book: symbol=CHIP/USDC limit=20
2026-05-08 22:45:30,757 | INFO | fetch_order_book: mid=0.07333 spread=8.18bps bids=20 asks=20
2026-05-08 22:45:31,655 | INFO | SPREAD | pair=CHIP/USDC | cex=0.0733/0.07336 | dex_sell=0.0732931 dex_buy=0.0733121 | spread_a=-9.1bps spread_b=-1.7bps | min=30.0bps
2026-05-08 22:45:32,658 | INFO | fetch_order_book: symbol=CHIP/USDC limit=20
2026-05-08 22:45:32,914 | INFO | fetch_order_book: mid=0.07321 spread=2.73bps bids=20 asks=20
2026-05-08 22:45:33,799 | INFO | SPREAD | pair=CHIP/USDC | cex=0.0732/0.07322 | dex_sell=0.0732386 dex_buy=0.0732276 | spread_a=2.5bps spread_b=-3.8bps | min=30.0bps
2026-05-08 22:45:34,801 | INFO | fetch_order_book: symbol=CHIP/USDC limit=20
2026-05-08 22:45:35,117 | INFO | fetch_order_book: mid=0.07317 spread=5.47bps bids=20 asks=20
2026-05-08 22:45:36,051 | INFO | SPREAD | pair=CHIP/USDC | cex=0.07315/0.07319 | dex_sell=0.0731787 dex_buy=0.0731976 | spread_a=-1.5bps spread_b=-6.5bps | min=30.0bps
2026-05-08 22:45:37,055 | INFO | fetch_order_book: symbol=CHIP/USDC limit=20
2026-05-08 22:45:37,313 | INFO | fetch_order_book: mid=0.073125 spread=1.37bps bids=20 asks=20
2026-05-08 22:45:38,226 | INFO | SPREAD | pair=CHIP/USDC | cex=0.07312/0.07313 | dex_sell=0.0731026 dex_buy=0.0731185 | spread_a=-3.8bps spread_b=0.2bps | min=30.0bps
2026-05-08 22:45:39,229 | INFO | fetch_order_book: symbol=CHIP/USDC limit=20
2026-05-08 22:45:39,485 | INFO | fetch_order_book: mid=0.073085 spread=6.84bps bids=20 asks=20
2026-05-08 22:45:40,402 | INFO | SPREAD | pair=CHIP/USDC | cex=0.07306/0.07311 | dex_sell=0.07309 dex_buy=0.073064 | spread_a=-2.7bps spread_b=-0.5bps | min=30.0bps
2026-05-08 22:45:41,406 | INFO | fetch_order_book: symbol=CHIP/USDC limit=20
2026-05-08 22:45:41,673 | INFO | fetch_order_book: mid=0.073085 spread=6.84bps bids=20 asks=20
2026-05-08 22:45:42,577 | INFO | SPREAD | pair=CHIP/USDC | cex=0.07306/0.07311 | dex_sell=0.0730647 dex_buy=0.0730806 | spread_a=-6.2bps spread_b=-2.8bps | min=30.0bps
2026-05-08 22:45:43,580 | INFO | fetch_order_book: symbol=CHIP/USDC limit=20
2026-05-08 22:45:43,837 | INFO | fetch_order_book: mid=0.07307 spread=5.47bps bids=20 asks=20
2026-05-08 22:45:44,718 | INFO | SPREAD | pair=CHIP/USDC | cex=0.07305/0.07309 | dex_sell=0.0730377 dex_buy=0.0730362 | spread_a=-7.2bps spread_b=1.9bps | min=30.0bps
2026-05-08 22:45:45,723 | INFO | fetch_order_book: symbol=CHIP/USDC limit=20
2026-05-08 22:45:45,980 | INFO | fetch_order_book: mid=0.07306 spread=5.47bps bids=20 asks=20
2026-05-08 22:45:46,912 | INFO | SPREAD | pair=CHIP/USDC | cex=0.07304/0.07308 | dex_sell=0.0730202 dex_buy=0.0730362 | spread_a=-8.2bps spread_b=0.5bps | min=30.0bps
2026-05-08 22:45:47,916 | INFO | fetch_order_book: symbol=CHIP/USDC limit=20
2026-05-08 22:45:48,177 | INFO | fetch_order_book: mid=0.07311 spread=8.21bps bids=20 asks=20
2026-05-08 22:45:49,072 | INFO | SPREAD | pair=CHIP/USDC | cex=0.07308/0.07314 | dex_sell=0.0730348 dex_buy=0.0730907 | spread_a=-14.4bps spread_b=-1.5bps | min=30.0bps
2026-05-08 22:45:50,074 | INFO | fetch_order_book: symbol=CHIP/USDC limit=20
2026-05-08 22:45:50,413 | INFO | fetch_order_book: mid=0.07317 spread=8.20bps bids=20 asks=20
2026-05-08 22:45:51,326 | INFO | SPREAD | pair=CHIP/USDC | cex=0.07314/0.0732 | dex_sell=0.0730904 dex_buy=0.0731064 | spread_a=-15.0bps spread_b=4.6bps | min=30.0bps
2026-05-08 22:45:52,329 | INFO | fetch_order_book: symbol=CHIP/USDC limit=20
2026-05-08 22:45:52,596 | INFO | fetch_order_book: mid=0.07320 spread=8.20bps bids=20 asks=20
2026-05-08 22:45:53,516 | INFO | SPREAD | pair=CHIP/USDC | cex=0.07317/0.07323 | dex_sell=0.0731321 dex_buy=0.0731481 | spread_a=-13.4bps spread_b=3.0bps | min=30.0bps
2026-05-08 22:45:54,520 | INFO | fetch_order_book: symbol=CHIP/USDC limit=20
2026-05-08 22:45:54,776 | INFO | fetch_order_book: mid=0.073215 spread=6.83bps bids=20 asks=20
2026-05-08 22:45:55,696 | INFO | SPREAD | pair=CHIP/USDC | cex=0.07319/0.07324 | dex_sell=0.0731321 dex_buy=0.0731481 | spread_a=-14.7bps spread_b=5.7bps | min=30.0bps
2026-05-08 22:45:56,698 | INFO | fetch_order_book: symbol=CHIP/USDC limit=20
2026-05-08 22:45:56,952 | INFO | fetch_order_book: mid=0.07321 spread=5.46bps bids=20 asks=20
2026-05-08 22:45:57,885 | INFO | SPREAD | pair=CHIP/USDC | cex=0.07319/0.07323 | dex_sell=0.0731321 dex_buy=0.0731481 | spread_a=-13.4bps spread_b=5.7bps | min=30.0bps
2026-05-08 22:45:58,889 | INFO | fetch_order_book: symbol=CHIP/USDC limit=20
2026-05-08 22:45:59,150 | INFO | fetch_order_book: mid=0.073215 spread=6.83bps bids=20 asks=20
2026-05-08 22:46:00,067 | INFO | SPREAD | pair=CHIP/USDC | cex=0.07319/0.07324 | dex_sell=0.0731321 dex_buy=0.0731481 | spread_a=-14.7bps spread_b=5.7bps | min=30.0bps
2026-05-08 22:46:01,071 | INFO | fetch_order_book: symbol=CHIP/USDC limit=20
2026-05-08 22:46:01,328 | INFO | fetch_order_book: mid=0.073225 spread=6.83bps bids=20 asks=20
2026-05-08 22:46:02,224 | INFO | SPREAD | pair=CHIP/USDC | cex=0.0732/0.07325 | dex_sell=0.073185 dex_buy=0.0732039 | spread_a=-8.9bps spread_b=-0.5bps | min=30.0bps
2026-05-08 22:46:03,228 | INFO | fetch_order_book: symbol=CHIP/USDC limit=20
2026-05-08 22:46:03,538 | INFO | fetch_order_book: mid=0.07323 spread=8.19bps bids=20 asks=20
2026-05-08 22:46:04,476 | INFO | SPREAD | pair=CHIP/USDC | cex=0.0732/0.07326 | dex_sell=0.073185 dex_buy=0.0732039 | spread_a=-10.2bps spread_b=-0.5bps | min=30.0bps
2026-05-08 22:46:05,480 | INFO | fetch_order_book: symbol=CHIP/USDC limit=20
2026-05-08 22:46:05,738 | INFO | fetch_order_book: mid=0.07324 spread=5.46bps bids=20 asks=20
2026-05-08 22:46:06,659 | INFO | SPREAD | pair=CHIP/USDC | cex=0.07322/0.07326 | dex_sell=0.073185 dex_buy=0.0732039 | spread_a=-10.2bps spread_b=2.2bps | min=30.0bps
2026-05-08 22:46:07,662 | INFO | fetch_order_book: symbol=CHIP/USDC limit=20
2026-05-08 22:46:07,918 | INFO | fetch_order_book: mid=0.073225 spread=6.83bps bids=20 asks=20
2026-05-08 22:46:08,846 | INFO | SPREAD | pair=CHIP/USDC | cex=0.0732/0.07325 | dex_sell=0.073185 dex_buy=0.0732039 | spread_a=-8.9bps spread_b=-0.5bps | min=30.0bps
2026-05-08 22:46:09,850 | INFO | fetch_order_book: symbol=CHIP/USDC limit=20
2026-05-08 22:46:10,177 | INFO | fetch_order_book: mid=0.07323 spread=8.19bps bids=20 asks=20
2026-05-08 22:46:11,066 | INFO | SPREAD | pair=CHIP/USDC | cex=0.0732/0.07326 | dex_sell=0.073185 dex_buy=0.0732039 | spread_a=-10.2bps spread_b=-0.5bps | min=30.0bps
2026-05-08 22:46:12,070 | INFO | fetch_order_book: symbol=CHIP/USDC limit=20
2026-05-08 22:46:12,324 | INFO | fetch_order_book: mid=0.07323 spread=8.19bps bids=20 asks=20
2026-05-08 22:46:13,209 | INFO | SPREAD | pair=CHIP/USDC | cex=0.0732/0.07326 | dex_sell=0.073185 dex_buy=0.0732039 | spread_a=-10.2bps spread_b=-0.5bps | min=30.0bps
2026-05-08 22:46:14,212 | INFO | fetch_order_book: symbol=CHIP/USDC limit=20
2026-05-08 22:46:14,469 | INFO | fetch_order_book: mid=0.07322 spread=5.46bps bids=20 asks=20
2026-05-08 22:46:15,382 | INFO | SPREAD | pair=CHIP/USDC | cex=0.0732/0.07324 | dex_sell=0.073185 dex_buy=0.0732039 | spread_a=-7.5bps spread_b=-0.5bps | min=30.0bps
2026-05-08 22:46:16,385 | INFO | fetch_order_book: symbol=CHIP/USDC limit=20
2026-05-08 22:46:16,641 | INFO | fetch_order_book: mid=0.07323 spread=8.19bps bids=20 asks=20
2026-05-08 22:46:17,546 | INFO | SPREAD | pair=CHIP/USDC | cex=0.0732/0.07326 | dex_sell=0.073185 dex_buy=0.0732039 | spread_a=-10.2bps spread_b=-0.5bps | min=30.0bps
2026-05-08 22:46:18,550 | INFO | fetch_order_book: symbol=CHIP/USDC limit=20
2026-05-08 22:46:18,809 | INFO | fetch_order_book: mid=0.073225 spread=6.83bps bids=20 asks=20
2026-05-08 22:46:19,710 | INFO | SPREAD | pair=CHIP/USDC | cex=0.0732/0.07325 | dex_sell=0.073185 dex_buy=0.0732039 | spread_a=-8.9bps spread_b=-0.5bps | min=30.0bps
2026-05-08 22:46:20,713 | INFO | fetch_order_book: symbol=CHIP/USDC limit=20
2026-05-08 22:46:20,975 | INFO | fetch_order_book: mid=0.07323 spread=8.19bps bids=20 asks=20
2026-05-08 22:46:21,884 | INFO | SPREAD | pair=CHIP/USDC | cex=0.0732/0.07326 | dex_sell=0.073185 dex_buy=0.0732039 | spread_a=-10.2bps spread_b=-0.5bps | min=30.0bps
2026-05-08 22:46:22,888 | INFO | fetch_order_book: symbol=CHIP/USDC limit=20
2026-05-08 22:46:23,143 | INFO | fetch_order_book: mid=0.073225 spread=6.83bps bids=20 asks=20
2026-05-08 22:46:24,045 | INFO | SPREAD | pair=CHIP/USDC | cex=0.0732/0.07325 | dex_sell=0.073185 dex_buy=0.0732039 | spread_a=-8.9bps spread_b=-0.5bps | min=30.0bps
2026-05-08 22:46:25,049 | INFO | fetch_order_book: symbol=CHIP/USDC limit=20
2026-05-08 22:46:25,320 | INFO | fetch_order_book: mid=0.073225 spread=6.83bps bids=20 asks=20
2026-05-08 22:46:26,188 | INFO | SPREAD | pair=CHIP/USDC | cex=0.0732/0.07325 | dex_sell=0.073185 dex_buy=0.0732039 | spread_a=-8.9bps spread_b=-0.5bps | min=30.0bps
2026-05-08 22:46:27,192 | INFO | fetch_order_book: symbol=CHIP/USDC limit=20
2026-05-08 22:46:27,590 | INFO | fetch_order_book: mid=0.073215 spread=6.83bps bids=20 asks=20
2026-05-08 22:46:28,508 | INFO | SPREAD | pair=CHIP/USDC | cex=0.07319/0.07324 | dex_sell=0.073185 dex_buy=0.0732039 | spread_a=-7.5bps spread_b=-1.9bps | min=30.0bps
2026-05-08 22:46:29,511 | INFO | fetch_order_book: symbol=CHIP/USDC limit=20
2026-05-08 22:46:29,770 | INFO | fetch_order_book: mid=0.07320 spread=5.46bps bids=20 asks=20
2026-05-08 22:46:30,680 | INFO | SPREAD | pair=CHIP/USDC | cex=0.07318/0.07322 | dex_sell=0.073185 dex_buy=0.0732039 | spread_a=-4.8bps spread_b=-3.3bps | min=30.0bps
2026-05-08 22:46:31,683 | INFO | fetch_order_book: symbol=CHIP/USDC limit=20
2026-05-08 22:46:31,941 | INFO | fetch_order_book: mid=0.07320 spread=5.46bps bids=20 asks=20
2026-05-08 22:46:32,841 | INFO | SPREAD | pair=CHIP/USDC | cex=0.07318/0.07322 | dex_sell=0.073185 dex_buy=0.0732039 | spread_a=-4.8bps spread_b=-3.3bps | min=30.0bps
2026-05-08 22:46:33,844 | INFO | fetch_order_book: symbol=CHIP/USDC limit=20
2026-05-08 22:46:34,102 | INFO | fetch_order_book: mid=0.07320 spread=5.46bps bids=20 asks=20
2026-05-08 22:46:35,028 | INFO | SPREAD | pair=CHIP/USDC | cex=0.07318/0.07322 | dex_sell=0.073185 dex_buy=0.0732039 | spread_a=-4.8bps spread_b=-3.3bps | min=30.0bps
2026-05-08 22:46:36,032 | INFO | fetch_order_book: symbol=CHIP/USDC limit=20
2026-05-08 22:46:36,288 | INFO | fetch_order_book: mid=0.073195 spread=4.10bps bids=20 asks=20
2026-05-08 22:46:37,206 | INFO | SPREAD | pair=CHIP/USDC | cex=0.07318/0.07321 | dex_sell=0.073185 dex_buy=0.0732039 | spread_a=-3.4bps spread_b=-3.3bps | min=30.0bps
2026-05-08 22:46:38,208 | INFO | fetch_order_book: symbol=CHIP/USDC limit=20
2026-05-08 22:46:38,468 | INFO | fetch_order_book: mid=0.07316 spread=5.47bps bids=20 asks=20
2026-05-08 22:46:39,363 | INFO | SPREAD | pair=CHIP/USDC | cex=0.07314/0.07318 | dex_sell=0.0731401 dex_buy=0.0731561 | spread_a=-5.5bps spread_b=-2.2bps | min=30.0bps
2026-05-08 22:46:40,367 | INFO | fetch_order_book: symbol=CHIP/USDC limit=20
2026-05-08 22:46:40,624 | INFO | fetch_order_book: mid=0.07317 spread=5.47bps bids=20 asks=20
2026-05-08 22:46:41,539 | INFO | SPREAD | pair=CHIP/USDC | cex=0.07315/0.07319 | dex_sell=0.07312 dex_buy=0.073136 | spread_a=-9.6bps spread_b=1.9bps | min=30.0bps
2026-05-08 22:46:42,542 | INFO | fetch_order_book: symbol=CHIP/USDC limit=20
2026-05-08 22:46:42,796 | INFO | fetch_order_book: mid=0.07317 spread=5.47bps bids=20 asks=20
2026-05-08 22:46:43,684 | INFO | SPREAD | pair=CHIP/USDC | cex=0.07315/0.07319 | dex_sell=0.07312 dex_buy=0.073136 | spread_a=-9.6bps spread_b=1.9bps | min=30.0bps
2026-05-08 22:46:44,687 | INFO | fetch_order_book: symbol=CHIP/USDC limit=20
2026-05-08 22:46:45,005 | INFO | fetch_order_book: mid=0.07315 spread=2.73bps bids=20 asks=20
2026-05-08 22:46:45,935 | INFO | SPREAD | pair=CHIP/USDC | cex=0.07314/0.07316 | dex_sell=0.07312 dex_buy=0.073136 | spread_a=-5.5bps spread_b=0.5bps | min=30.0bps
2026-05-08 22:46:46,939 | INFO | fetch_order_book: symbol=CHIP/USDC limit=20
2026-05-08 22:46:47,673 | INFO | fetch_order_book: mid=0.073145 spread=1.37bps bids=20 asks=20
2026-05-08 22:46:48,576 | INFO | SPREAD | pair=CHIP/USDC | cex=0.07314/0.07315 | dex_sell=0.07312 dex_buy=0.073136 | spread_a=-4.1bps spread_b=0.5bps | min=30.0bps
2026-05-08 22:46:49,579 | INFO | fetch_order_book: symbol=CHIP/USDC limit=20
2026-05-08 22:46:49,834 | INFO | fetch_order_book: mid=0.07315 spread=2.73bps bids=20 asks=20
2026-05-08 22:46:50,733 | INFO | SPREAD | pair=CHIP/USDC | cex=0.07314/0.07316 | dex_sell=0.07312 dex_buy=0.073136 | spread_a=-5.5bps spread_b=0.5bps | min=30.0bps
2026-05-08 22:46:51,736 | INFO | fetch_order_book: symbol=CHIP/USDC limit=20
2026-05-08 22:46:52,486 | INFO | fetch_order_book: mid=0.073145 spread=1.37bps bids=20 asks=20
2026-05-08 22:46:53,390 | INFO | SPREAD | pair=CHIP/USDC | cex=0.07314/0.07315 | dex_sell=0.07312 dex_buy=0.073136 | spread_a=-4.1bps spread_b=0.5bps | min=30.0bps
2026-05-08 22:46:54,394 | INFO | fetch_order_book: symbol=CHIP/USDC limit=20
2026-05-08 22:46:54,654 | INFO | fetch_order_book: mid=0.07315 spread=2.73bps bids=20 asks=20
2026-05-08 22:46:55,531 | INFO | SPREAD | pair=CHIP/USDC | cex=0.07314/0.07316 | dex_sell=0.07312 dex_buy=0.0731196 | spread_a=-5.5bps spread_b=2.8bps | min=30.0bps
2026-05-08 22:46:56,534 | INFO | fetch_order_book: symbol=CHIP/USDC limit=20
2026-05-08 22:46:56,788 | INFO | fetch_order_book: mid=0.073145 spread=1.37bps bids=20 asks=20
2026-05-08 22:46:57,673 | INFO | SPREAD | pair=CHIP/USDC | cex=0.07314/0.07315 | dex_sell=0.0731036 dex_buy=0.0731196 | spread_a=-6.3bps spread_b=2.8bps | min=30.0bps
2026-05-08 22:46:58,677 | INFO | fetch_order_book: symbol=CHIP/USDC limit=20
2026-05-08 22:46:58,937 | INFO | fetch_order_book: mid=0.073145 spread=1.37bps bids=20 asks=20
2026-05-08 22:46:59,873 | INFO | SPREAD | pair=CHIP/USDC | cex=0.07314/0.07315 | dex_sell=0.0731036 dex_buy=0.0731196 | spread_a=-6.3bps spread_b=2.8bps | min=30.0bps
2026-05-08 22:47:00,876 | INFO | fetch_order_book: symbol=CHIP/USDC limit=20
2026-05-08 22:47:01,143 | INFO | fetch_order_book: mid=0.07325 spread=2.73bps bids=20 asks=20
2026-05-08 22:47:02,034 | INFO | SPREAD | pair=CHIP/USDC | cex=0.07324/0.07326 | dex_sell=0.0731247 dex_buy=0.0731607 | spread_a=-18.5bps spread_b=10.8bps | min=30.0bps
2026-05-08 22:47:03,038 | INFO | fetch_order_book: symbol=CHIP/USDC limit=20
2026-05-08 22:47:03,301 | INFO | fetch_order_book: mid=0.07328 spread=5.46bps bids=20 asks=20
2026-05-08 22:47:04,212 | INFO | SPREAD | pair=CHIP/USDC | cex=0.07326/0.0733 | dex_sell=0.0731652 dex_buy=0.0731812 | spread_a=-18.4bps spread_b=10.8bps | min=30.0bps
2026-05-08 22:47:05,216 | INFO | fetch_order_book: symbol=CHIP/USDC limit=20
2026-05-08 22:47:05,477 | INFO | fetch_order_book: mid=0.073255 spread=6.83bps bids=20 asks=20
2026-05-08 22:47:06,390 | INFO | SPREAD | pair=CHIP/USDC | cex=0.07323/0.07328 | dex_sell=0.0731652 dex_buy=0.0731812 | spread_a=-15.7bps spread_b=6.7bps | min=30.0bps
2026-05-08 22:47:07,392 | INFO | fetch_order_book: symbol=CHIP/USDC limit=20
2026-05-08 22:47:07,645 | INFO | fetch_order_book: mid=0.07324 spread=8.19bps bids=20 asks=20
2026-05-08 22:47:08,534 | INFO | SPREAD | pair=CHIP/USDC | cex=0.07321/0.07327 | dex_sell=0.0731652 dex_buy=0.0731812 | spread_a=-14.3bps spread_b=3.9bps | min=30.0bps
2026-05-08 22:47:09,538 | INFO | fetch_order_book: symbol=CHIP/USDC limit=20
2026-05-08 22:47:09,794 | INFO | fetch_order_book: mid=0.07323 spread=5.46bps bids=20 asks=20
2026-05-08 22:47:10,720 | INFO | SPREAD | pair=CHIP/USDC | cex=0.07321/0.07325 | dex_sell=0.0731652 dex_buy=0.0731812 | spread_a=-11.6bps spread_b=3.9bps | min=30.0bps
2026-05-08 22:47:11,723 | INFO | fetch_order_book: symbol=CHIP/USDC limit=20
2026-05-08 22:47:11,979 | INFO | fetch_order_book: mid=0.073345 spread=4.09bps bids=20 asks=20
2026-05-08 22:47:12,877 | INFO | SPREAD | pair=CHIP/USDC | cex=0.07333/0.07336 | dex_sell=0.073258 dex_buy=0.073277 | spread_a=-13.9bps spread_b=7.2bps | min=30.0bps
2026-05-08 22:47:13,880 | INFO | fetch_order_book: symbol=CHIP/USDC limit=20
2026-05-08 22:47:14,135 | INFO | fetch_order_book: mid=0.073375 spread=4.09bps bids=20 asks=20
2026-05-08 22:47:15,026 | INFO | SPREAD | pair=CHIP/USDC | cex=0.07336/0.07339 | dex_sell=0.073258 dex_buy=0.073277 | spread_a=-18.0bps spread_b=11.3bps | min=30.0bps
2026-05-08 22:47:16,029 | INFO | fetch_order_book: symbol=CHIP/USDC limit=20
2026-05-08 22:47:16,286 | INFO | fetch_order_book: mid=0.073405 spread=4.09bps bids=20 asks=20
2026-05-08 22:47:17,211 | INFO | SPREAD | pair=CHIP/USDC | cex=0.07339/0.07342 | dex_sell=0.073258 dex_buy=0.073277 | spread_a=-22.1bps spread_b=15.4bps | min=30.0bps
2026-05-08 22:47:18,214 | INFO | fetch_order_book: symbol=CHIP/USDC limit=20
2026-05-08 22:47:18,475 | INFO | fetch_order_book: mid=0.073445 spread=4.08bps bids=20 asks=20
2026-05-08 22:47:19,419 | INFO | SPREAD | pair=CHIP/USDC | cex=0.07343/0.07346 | dex_sell=0.0733052 dex_buy=0.0733242 | spread_a=-21.1bps spread_b=14.4bps | min=30.0bps
2026-05-08 22:47:20,423 | INFO | fetch_order_book: symbol=CHIP/USDC limit=20
2026-05-08 22:47:20,681 | INFO | fetch_order_book: mid=0.07349 spread=2.72bps bids=20 asks=20
2026-05-08 22:47:21,559 | INFO | SPREAD | pair=CHIP/USDC | cex=0.07348/0.0735 | dex_sell=0.0733949 dex_buy=0.0734139 | spread_a=-14.3bps spread_b=9.0bps | min=30.0bps
2026-05-08 22:47:22,562 | INFO | fetch_order_book: symbol=CHIP/USDC limit=20
2026-05-08 22:47:22,825 | INFO | fetch_order_book: mid=0.07344 spread=8.17bps bids=20 asks=20
2026-05-08 22:47:23,721 | INFO | SPREAD | pair=CHIP/USDC | cex=0.07341/0.07347 | dex_sell=0.0733949 dex_buy=0.0734139 | spread_a=-10.2bps spread_b=-0.5bps | min=30.0bps
2026-05-08 22:47:24,724 | INFO | fetch_order_book: symbol=CHIP/USDC limit=20
2026-05-08 22:47:24,980 | INFO | fetch_order_book: mid=0.07342 spread=8.17bps bids=20 asks=20
2026-05-08 22:47:25,854 | INFO | SPREAD | pair=CHIP/USDC | cex=0.07339/0.07345 | dex_sell=0.0733949 dex_buy=0.0734139 | spread_a=-7.5bps spread_b=-3.3bps | min=30.0bps
2026-05-08 22:47:26,858 | INFO | fetch_order_book: symbol=CHIP/USDC limit=20
2026-05-08 22:47:27,123 | INFO | fetch_order_book: mid=0.07341 spread=8.17bps bids=20 asks=20
2026-05-08 22:47:28,048 | INFO | SPREAD | pair=CHIP/USDC | cex=0.07338/0.07344 | dex_sell=0.0733949 dex_buy=0.0733877 | spread_a=-6.1bps spread_b=-1.1bps | min=30.0bps
2026-05-08 22:47:29,052 | INFO | fetch_order_book: symbol=CHIP/USDC limit=20
2026-05-08 22:47:29,305 | INFO | fetch_order_book: mid=0.073445 spread=6.81bps bids=20 asks=20
2026-05-08 22:47:30,207 | INFO | SPREAD | pair=CHIP/USDC | cex=0.07342/0.07347 | dex_sell=0.0733687 dex_buy=0.0733877 | spread_a=-13.8bps spread_b=4.4bps | min=30.0bps
2026-05-08 22:47:31,211 | INFO | fetch_order_book: symbol=CHIP/USDC limit=20
2026-05-08 22:47:31,464 | INFO | fetch_order_book: mid=0.073475 spread=6.81bps bids=20 asks=20
2026-05-08 22:47:32,384 | INFO | SPREAD | pair=CHIP/USDC | cex=0.07345/0.0735 | dex_sell=0.0733931 dex_buy=0.0734122 | spread_a=-14.5bps spread_b=5.2bps | min=30.0bps
2026-05-08 22:47:33,388 | INFO | fetch_order_book: symbol=CHIP/USDC limit=20
2026-05-08 22:47:33,644 | INFO | fetch_order_book: mid=0.073545 spread=1.36bps bids=20 asks=20
2026-05-08 22:47:34,554 | INFO | SPREAD | pair=CHIP/USDC | cex=0.07354/0.07355 | dex_sell=0.0735219 dex_buy=0.073541 | spread_a=-3.8bps spread_b=-0.1bps | min=30.0bps
2026-05-08 22:47:35,557 | INFO | fetch_order_book: symbol=CHIP/USDC limit=20
2026-05-08 22:47:35,814 | INFO | fetch_order_book: mid=0.073585 spread=6.79bps bids=20 asks=20
2026-05-08 22:47:36,735 | INFO | SPREAD | pair=CHIP/USDC | cex=0.07356/0.07361 | dex_sell=0.0735219 dex_buy=0.073541 | spread_a=-12.0bps spread_b=2.6bps | min=30.0bps
2026-05-08 22:47:37,739 | INFO | fetch_order_book: symbol=CHIP/USDC limit=20
2026-05-08 22:47:37,993 | INFO | fetch_order_book: mid=0.07352 spread=5.44bps bids=20 asks=20
2026-05-08 22:47:38,903 | INFO | SPREAD | pair=CHIP/USDC | cex=0.0735/0.07354 | dex_sell=0.0735219 dex_buy=0.0735076 | spread_a=-2.5bps spread_b=-1.0bps | min=30.0bps
2026-05-08 22:47:39,906 | INFO | fetch_order_book: symbol=CHIP/USDC limit=20
2026-05-08 22:47:40,165 | INFO | fetch_order_book: mid=0.07350 spread=5.44bps bids=20 asks=20
2026-05-08 22:47:41,067 | INFO | SPREAD | pair=CHIP/USDC | cex=0.07348/0.07352 | dex_sell=0.0734886 dex_buy=0.0735076 | spread_a=-4.3bps spread_b=-3.8bps | min=30.0bps
2026-05-08 22:47:42,069 | INFO | fetch_order_book: symbol=CHIP/USDC limit=20
2026-05-08 22:47:42,324 | INFO | fetch_order_book: mid=0.073525 spread=6.80bps bids=20 asks=20
2026-05-08 22:47:43,260 | INFO | SPREAD | pair=CHIP/USDC | cex=0.0735/0.07355 | dex_sell=0.0734886 dex_buy=0.0735076 | spread_a=-8.3bps spread_b=-1.0bps | min=30.0bps
2026-05-08 22:47:44,264 | INFO | fetch_order_book: symbol=CHIP/USDC limit=20
2026-05-08 22:47:44,517 | INFO | fetch_order_book: mid=0.073535 spread=4.08bps bids=20 asks=20
2026-05-08 22:47:45,424 | INFO | SPREAD | pair=CHIP/USDC | cex=0.07352/0.07355 | dex_sell=0.0734886 dex_buy=0.0735076 | spread_a=-8.3bps spread_b=1.7bps | min=30.0bps
2026-05-08 22:47:46,427 | INFO | fetch_order_book: symbol=CHIP/USDC limit=20
2026-05-08 22:47:46,686 | INFO | fetch_order_book: mid=0.07354 spread=5.44bps bids=20 asks=20
2026-05-08 22:47:47,618 | INFO | SPREAD | pair=CHIP/USDC | cex=0.07352/0.07356 | dex_sell=0.0734886 dex_buy=0.0735077 | spread_a=-9.7bps spread_b=1.7bps | min=30.0bps
2026-05-08 22:47:48,622 | INFO | fetch_order_book: symbol=CHIP/USDC limit=20
2026-05-08 22:47:48,879 | INFO | fetch_order_book: mid=0.073565 spread=4.08bps bids=20 asks=20
2026-05-08 22:47:49,761 | INFO | SPREAD | pair=CHIP/USDC | cex=0.07355/0.07358 | dex_sell=0.073513 dex_buy=0.0735321 | spread_a=-9.1bps spread_b=2.4bps | min=30.0bps
2026-05-08 22:47:50,765 | INFO | fetch_order_book: symbol=CHIP/USDC limit=20
2026-05-08 22:47:51,022 | INFO | fetch_order_book: mid=0.073555 spread=6.80bps bids=20 asks=20
2026-05-08 22:47:51,898 | INFO | SPREAD | pair=CHIP/USDC | cex=0.07353/0.07358 | dex_sell=0.0734886 dex_buy=0.0735076 | spread_a=-12.4bps spread_b=3.0bps | min=30.0bps
2026-05-08 22:47:52,902 | INFO | fetch_order_book: symbol=CHIP/USDC limit=20
2026-05-08 22:47:53,704 | INFO | fetch_order_book: mid=0.07353 spread=5.44bps bids=20 asks=20
2026-05-08 22:47:54,621 | INFO | SPREAD | pair=CHIP/USDC | cex=0.07351/0.07355 | dex_sell=0.0734886 dex_buy=0.0735076 | spread_a=-8.4bps spread_b=0.3bps | min=30.0bps
2026-05-08 22:47:55,624 | INFO | fetch_order_book: symbol=CHIP/USDC limit=20
2026-05-08 22:47:55,880 | INFO | fetch_order_book: mid=0.07356 spread=5.44bps bids=20 asks=20
2026-05-08 22:47:56,772 | INFO | SPREAD | pair=CHIP/USDC | cex=0.07354/0.07358 | dex_sell=0.0735132 dex_buy=0.0735323 | spread_a=-9.1bps spread_b=1.0bps | min=30.0bps
2026-05-08 22:47:57,775 | INFO | fetch_order_book: symbol=CHIP/USDC limit=20
2026-05-08 22:47:58,031 | INFO | fetch_order_book: mid=0.07356 spread=5.44bps bids=20 asks=20
2026-05-08 22:47:58,915 | INFO | SPREAD | pair=CHIP/USDC | cex=0.07354/0.07358 | dex_sell=0.0735132 dex_buy=0.0735323 | spread_a=-9.1bps spread_b=1.0bps | min=30.0bps
2026-05-08 22:47:59,919 | INFO | fetch_order_book: symbol=CHIP/USDC limit=20
2026-05-08 22:48:00,180 | INFO | fetch_order_book: mid=0.07356 spread=5.44bps bids=20 asks=20
2026-05-08 22:48:01,114 | INFO | SPREAD | pair=CHIP/USDC | cex=0.07354/0.07358 | dex_sell=0.0735132 dex_buy=0.0735323 | spread_a=-9.1bps spread_b=1.0bps | min=30.0bps
2026-05-08 22:48:02,118 | INFO | fetch_order_book: symbol=CHIP/USDC limit=20
2026-05-08 22:48:02,408 | INFO | fetch_order_book: mid=0.07354 spread=8.16bps bids=20 asks=20
2026-05-08 22:48:03,329 | INFO | SPREAD | pair=CHIP/USDC | cex=0.07351/0.07357 | dex_sell=0.0735132 dex_buy=0.0735323 | spread_a=-7.7bps spread_b=-3.0bps | min=30.0bps
2026-05-08 22:48:04,333 | INFO | fetch_order_book: symbol=CHIP/USDC limit=20
2026-05-08 22:48:04,593 | INFO | fetch_order_book: mid=0.07355 spread=8.16bps bids=20 asks=20
2026-05-08 22:48:05,466 | INFO | SPREAD | pair=CHIP/USDC | cex=0.07352/0.07358 | dex_sell=0.0735132 dex_buy=0.0735323 | spread_a=-9.1bps spread_b=-1.7bps | min=30.0bps
2026-05-08 22:48:06,469 | INFO | fetch_order_book: symbol=CHIP/USDC limit=20
2026-05-08 22:48:06,726 | INFO | fetch_order_book: mid=0.07354 spread=5.44bps bids=20 asks=20
2026-05-08 22:48:07,628 | INFO | SPREAD | pair=CHIP/USDC | cex=0.07352/0.07356 | dex_sell=0.0735132 dex_buy=0.0735323 | spread_a=-6.4bps spread_b=-1.7bps | min=30.0bps
2026-05-08 22:48:08,631 | INFO | fetch_order_book: symbol=CHIP/USDC limit=20
2026-05-08 22:48:08,975 | INFO | fetch_order_book: mid=0.073545 spread=6.80bps bids=20 asks=20
2026-05-08 22:48:09,901 | INFO | SPREAD | pair=CHIP/USDC | cex=0.07352/0.07357 | dex_sell=0.0735132 dex_buy=0.0735323 | spread_a=-7.7bps spread_b=-1.7bps | min=30.0bps
2026-05-08 22:48:10,904 | INFO | fetch_order_book: symbol=CHIP/USDC limit=20
2026-05-08 22:48:11,159 | INFO | fetch_order_book: mid=0.073495 spread=4.08bps bids=20 asks=20
2026-05-08 22:48:12,082 | INFO | SPREAD | pair=CHIP/USDC | cex=0.07348/0.07351 | dex_sell=0.0735132 dex_buy=0.0734874 | spread_a=0.4bps spread_b=-1.0bps | min=30.0bps
2026-05-08 22:48:13,086 | INFO | fetch_order_book: symbol=CHIP/USDC limit=20
2026-05-08 22:48:13,347 | INFO | fetch_order_book: mid=0.07349 spread=2.72bps bids=20 asks=20
2026-05-08 22:48:14,273 | INFO | SPREAD | pair=CHIP/USDC | cex=0.07348/0.0735 | dex_sell=0.0734683 dex_buy=0.0734874 | spread_a=-4.3bps spread_b=-1.0bps | min=30.0bps
2026-05-08 22:48:15,277 | INFO | fetch_order_book: symbol=CHIP/USDC limit=20
2026-05-08 22:48:15,535 | INFO | fetch_order_book: mid=0.07347 spread=2.72bps bids=20 asks=20
2026-05-08 22:48:16,468 | INFO | SPREAD | pair=CHIP/USDC | cex=0.07346/0.07348 | dex_sell=0.0734385 dex_buy=0.0734576 | spread_a=-5.6bps spread_b=0.3bps | min=30.0bps
2026-05-08 22:48:17,472 | INFO | fetch_order_book: symbol=CHIP/USDC limit=20
2026-05-08 22:48:17,785 | INFO | fetch_order_book: mid=0.07347 spread=2.72bps bids=20 asks=20
2026-05-08 22:48:18,712 | INFO | SPREAD | pair=CHIP/USDC | cex=0.07346/0.07348 | dex_sell=0.0734385 dex_buy=0.0734576 | spread_a=-5.6bps spread_b=0.3bps | min=30.0bps
2026-05-08 22:48:19,715 | INFO | fetch_order_book: symbol=CHIP/USDC limit=20
2026-05-08 22:48:19,982 | INFO | fetch_order_book: mid=0.07347 spread=2.72bps bids=20 asks=20
2026-05-08 22:48:20,905 | INFO | SPREAD | pair=CHIP/USDC | cex=0.07346/0.07348 | dex_sell=0.0734385 dex_buy=0.0734576 | spread_a=-5.6bps spread_b=0.3bps | min=30.0bps
2026-05-08 22:48:21,908 | INFO | fetch_order_book: symbol=CHIP/USDC limit=20
2026-05-08 22:48:22,167 | INFO | fetch_order_book: mid=0.07347 spread=2.72bps bids=20 asks=20
2026-05-08 22:48:23,067 | INFO | SPREAD | pair=CHIP/USDC | cex=0.07346/0.07348 | dex_sell=0.0734385 dex_buy=0.0734576 | spread_a=-5.6bps spread_b=0.3bps | min=30.0bps
2026-05-08 22:48:24,070 | INFO | fetch_order_book: symbol=CHIP/USDC limit=20
2026-05-08 22:48:24,335 | INFO | fetch_order_book: mid=0.07347 spread=2.72bps bids=20 asks=20
2026-05-08 22:48:25,209 | INFO | SPREAD | pair=CHIP/USDC | cex=0.07346/0.07348 | dex_sell=0.0734385 dex_buy=0.0734576 | spread_a=-5.6bps spread_b=0.3bps | min=30.0bps
2026-05-08 22:48:26,213 | INFO | fetch_order_book: symbol=CHIP/USDC limit=20
2026-05-08 22:48:26,575 | INFO | fetch_order_book: mid=0.073465 spread=1.36bps bids=20 asks=20
2026-05-08 22:48:27,492 | INFO | SPREAD | pair=CHIP/USDC | cex=0.07346/0.07347 | dex_sell=0.0734385 dex_buy=0.0734576 | spread_a=-4.3bps spread_b=0.3bps | min=30.0bps
2026-05-08 22:48:28,496 | INFO | fetch_order_book: symbol=CHIP/USDC limit=20
2026-05-08 22:48:28,754 | INFO | fetch_order_book: mid=0.07337 spread=8.18bps bids=20 asks=20
2026-05-08 22:48:29,632 | INFO | SPREAD | pair=CHIP/USDC | cex=0.07334/0.0734 | dex_sell=0.0733835 dex_buy=0.0734025 | spread_a=-2.3bps spread_b=-8.5bps | min=30.0bps
2026-05-08 22:48:30,636 | INFO | fetch_order_book: symbol=CHIP/USDC limit=20
2026-05-08 22:48:30,893 | INFO | fetch_order_book: mid=0.073425 spread=6.81bps bids=20 asks=20
2026-05-08 22:48:31,774 | INFO | SPREAD | pair=CHIP/USDC | cex=0.0734/0.07345 | dex_sell=0.0733732 dex_buy=0.0733922 | spread_a=-10.5bps spread_b=1.1bps | min=30.0bps
2026-05-08 22:48:32,777 | INFO | fetch_order_book: symbol=CHIP/USDC limit=20
2026-05-08 22:48:33,031 | INFO | fetch_order_book: mid=0.073445 spread=4.08bps bids=20 asks=20
2026-05-08 22:48:33,939 | INFO | SPREAD | pair=CHIP/USDC | cex=0.07343/0.07346 | dex_sell=0.0733732 dex_buy=0.0733922 | spread_a=-11.8bps spread_b=5.1bps | min=30.0bps
2026-05-08 22:48:34,942 | INFO | fetch_order_book: symbol=CHIP/USDC limit=20
2026-05-08 22:48:35,283 | INFO | fetch_order_book: mid=0.07345 spread=2.72bps bids=20 asks=20
2026-05-08 22:48:36,155 | INFO | SPREAD | pair=CHIP/USDC | cex=0.07344/0.07346 | dex_sell=0.0734033 dex_buy=0.0734223 | spread_a=-7.7bps spread_b=2.4bps | min=30.0bps
2026-05-08 22:48:37,158 | INFO | fetch_order_book: symbol=CHIP/USDC limit=20
2026-05-08 22:48:37,413 | INFO | fetch_order_book: mid=0.073465 spread=1.36bps bids=20 asks=20
2026-05-08 22:48:38,349 | INFO | SPREAD | pair=CHIP/USDC | cex=0.07346/0.07347 | dex_sell=0.0734033 dex_buy=0.0734223 | spread_a=-9.1bps spread_b=5.1bps | min=30.0bps
2026-05-08 22:48:39,352 | INFO | fetch_order_book: symbol=CHIP/USDC limit=20
2026-05-08 22:48:39,616 | INFO | fetch_order_book: mid=0.073485 spread=4.08bps bids=20 asks=20
2026-05-08 22:48:40,510 | INFO | SPREAD | pair=CHIP/USDC | cex=0.07347/0.0735 | dex_sell=0.0734033 dex_buy=0.0734521 | spread_a=-13.2bps spread_b=2.4bps | min=30.0bps
2026-05-08 22:48:41,513 | INFO | fetch_order_book: symbol=CHIP/USDC limit=20
2026-05-08 22:48:41,775 | INFO | fetch_order_book: mid=0.073465 spread=4.08bps bids=20 asks=20
2026-05-08 22:48:42,669 | INFO | SPREAD | pair=CHIP/USDC | cex=0.07345/0.07348 | dex_sell=0.0734331 dex_buy=0.0734521 | spread_a=-6.4bps spread_b=-0.3bps | min=30.0bps
2026-05-08 22:48:43,670 | INFO | fetch_order_book: symbol=CHIP/USDC limit=20
2026-05-08 22:48:43,927 | INFO | fetch_order_book: mid=0.07346 spread=5.45bps bids=20 asks=20
2026-05-08 22:48:44,867 | INFO | SPREAD | pair=CHIP/USDC | cex=0.07344/0.07348 | dex_sell=0.0734331 dex_buy=0.0734521 | spread_a=-6.4bps spread_b=-1.6bps | min=30.0bps
2026-05-08 22:48:45,870 | INFO | fetch_order_book: symbol=CHIP/USDC limit=20
2026-05-08 22:48:46,127 | INFO | fetch_order_book: mid=0.07346 spread=5.45bps bids=20 asks=20
2026-05-08 22:48:47,030 | INFO | SPREAD | pair=CHIP/USDC | cex=0.07344/0.07348 | dex_sell=0.0734331 dex_buy=0.0734521 | spread_a=-6.4bps spread_b=-1.6bps | min=30.0bps
2026-05-08 22:48:48,034 | INFO | fetch_order_book: symbol=CHIP/USDC limit=20
2026-05-08 22:48:48,293 | INFO | fetch_order_book: mid=0.073465 spread=6.81bps bids=20 asks=20
2026-05-08 22:48:49,174 | INFO | SPREAD | pair=CHIP/USDC | cex=0.07344/0.07349 | dex_sell=0.0734331 dex_buy=0.0734521 | spread_a=-7.7bps spread_b=-1.7bps | min=30.0bps
2026-05-08 22:48:50,178 | INFO | fetch_order_book: symbol=CHIP/USDC limit=20
2026-05-08 22:48:50,437 | INFO | fetch_order_book: mid=0.07347 spread=5.44bps bids=20 asks=20
2026-05-08 22:48:51,373 | INFO | SPREAD | pair=CHIP/USDC | cex=0.07345/0.07349 | dex_sell=0.0734331 dex_buy=0.0734521 | spread_a=-7.7bps spread_b=-0.3bps | min=30.0bps
2026-05-08 22:48:52,377 | INFO | fetch_order_book: symbol=CHIP/USDC limit=20
2026-05-08 22:48:52,632 | INFO | fetch_order_book: mid=0.073465 spread=6.81bps bids=20 asks=20
2026-05-08 22:48:53,523 | INFO | SPREAD | pair=CHIP/USDC | cex=0.07344/0.07349 | dex_sell=0.0734331 dex_buy=0.0734521 | spread_a=-7.7bps spread_b=-1.7bps | min=30.0bps
2026-05-08 22:48:54,527 | INFO | fetch_order_book: symbol=CHIP/USDC limit=20
2026-05-08 22:48:54,784 | INFO | fetch_order_book: mid=0.073465 spread=6.81bps bids=20 asks=20
2026-05-08 22:48:55,669 | INFO | SPREAD | pair=CHIP/USDC | cex=0.07344/0.07349 | dex_sell=0.0734331 dex_buy=0.0734521 | spread_a=-7.7bps spread_b=-1.7bps | min=30.0bps
2026-05-08 22:48:56,672 | INFO | fetch_order_book: symbol=CHIP/USDC limit=20
2026-05-08 22:48:57,406 | INFO | fetch_order_book: mid=0.07347 spread=5.44bps bids=20 asks=20
2026-05-08 22:48:58,316 | INFO | SPREAD | pair=CHIP/USDC | cex=0.07345/0.07349 | dex_sell=0.0734331 dex_buy=0.0734521 | spread_a=-7.7bps spread_b=-0.3bps | min=30.0bps
2026-05-08 22:48:59,318 | INFO | fetch_order_book: symbol=CHIP/USDC limit=20
2026-05-08 22:48:59,587 | INFO | fetch_order_book: mid=0.07347 spread=5.44bps bids=20 asks=20
2026-05-08 22:49:00,517 | INFO | SPREAD | pair=CHIP/USDC | cex=0.07345/0.07349 | dex_sell=0.0734331 dex_buy=0.0734521 | spread_a=-7.7bps spread_b=-0.3bps | min=30.0bps
2026-05-08 22:49:01,521 | INFO | fetch_order_book: symbol=CHIP/USDC limit=20
2026-05-08 22:49:01,776 | INFO | fetch_order_book: mid=0.07346 spread=5.45bps bids=20 asks=20
2026-05-08 22:49:02,675 | INFO | SPREAD | pair=CHIP/USDC | cex=0.07344/0.07348 | dex_sell=0.0734331 dex_buy=0.0734521 | spread_a=-6.4bps spread_b=-1.6bps | min=30.0bps
2026-05-08 22:49:03,678 | INFO | fetch_order_book: symbol=CHIP/USDC limit=20
2026-05-08 22:49:04,041 | INFO | fetch_order_book: mid=0.073455 spread=4.08bps bids=20 asks=20
2026-05-08 22:49:05,020 | INFO | SPREAD | pair=CHIP/USDC | cex=0.07344/0.07347 | dex_sell=0.0734331 dex_buy=0.0734521 | spread_a=-5.0bps spread_b=-1.6bps | min=30.0bps
2026-05-08 22:49:06,023 | INFO | fetch_order_book: symbol=CHIP/USDC limit=20
2026-05-08 22:49:06,278 | INFO | fetch_order_book: mid=0.07346 spread=5.45bps bids=20 asks=20
2026-05-08 22:49:07,214 | INFO | SPREAD | pair=CHIP/USDC | cex=0.07344/0.07348 | dex_sell=0.0734331 dex_buy=0.0734521 | spread_a=-6.4bps spread_b=-1.6bps | min=30.0bps
2026-05-08 22:49:08,218 | INFO | fetch_order_book: symbol=CHIP/USDC limit=20
2026-05-08 22:49:08,500 | INFO | fetch_order_book: mid=0.07344 spread=8.17bps bids=20 asks=20
2026-05-08 22:49:09,405 | INFO | SPREAD | pair=CHIP/USDC | cex=0.07341/0.07347 | dex_sell=0.0734331 dex_buy=0.0734521 | spread_a=-5.0bps spread_b=-5.7bps | min=30.0bps
2026-05-08 22:49:10,408 | INFO | fetch_order_book: symbol=CHIP/USDC limit=20
2026-05-08 22:49:10,663 | INFO | fetch_order_book: mid=0.073435 spread=6.81bps bids=20 asks=20
2026-05-08 22:49:11,569 | INFO | SPREAD | pair=CHIP/USDC | cex=0.07341/0.07346 | dex_sell=0.0734331 dex_buy=0.0734521 | spread_a=-3.7bps spread_b=-5.7bps | min=30.0bps
2026-05-08 22:49:12,572 | INFO | fetch_order_book: symbol=CHIP/USDC limit=20
2026-05-08 22:49:12,826 | INFO | fetch_order_book: mid=0.073435 spread=6.81bps bids=20 asks=20
2026-05-08 22:49:13,714 | INFO | SPREAD | pair=CHIP/USDC | cex=0.07341/0.07346 | dex_sell=0.0734331 dex_buy=0.0734521 | spread_a=-3.7bps spread_b=-5.7bps | min=30.0bps
2026-05-08 22:49:14,717 | INFO | fetch_order_book: symbol=CHIP/USDC limit=20
2026-05-08 22:49:14,974 | INFO | fetch_order_book: mid=0.07344 spread=8.17bps bids=20 asks=20
2026-05-08 22:49:15,902 | INFO | SPREAD | pair=CHIP/USDC | cex=0.07341/0.07347 | dex_sell=0.0734331 dex_buy=0.0734521 | spread_a=-5.0bps spread_b=-5.7bps | min=30.0bps
2026-05-08 22:49:16,905 | INFO | fetch_order_book: symbol=CHIP/USDC limit=20
2026-05-08 22:49:17,161 | INFO | fetch_order_book: mid=0.07344 spread=5.45bps bids=20 asks=20
2026-05-08 22:49:18,072 | INFO | SPREAD | pair=CHIP/USDC | cex=0.07342/0.07346 | dex_sell=0.0734331 dex_buy=0.0734521 | spread_a=-3.7bps spread_b=-4.4bps | min=30.0bps
2026-05-08 22:49:19,075 | INFO | fetch_order_book: symbol=CHIP/USDC limit=20
2026-05-08 22:49:19,332 | INFO | fetch_order_book: mid=0.073455 spread=4.08bps bids=20 asks=20
2026-05-08 22:49:20,213 | INFO | SPREAD | pair=CHIP/USDC | cex=0.07344/0.07347 | dex_sell=0.0734331 dex_buy=0.0734521 | spread_a=-5.0bps spread_b=-1.6bps | min=30.0bps
2026-05-08 22:49:21,217 | INFO | fetch_order_book: symbol=CHIP/USDC limit=20
2026-05-08 22:49:21,472 | INFO | fetch_order_book: mid=0.07346 spread=5.45bps bids=20 asks=20
2026-05-08 22:49:22,424 | INFO | SPREAD | pair=CHIP/USDC | cex=0.07344/0.07348 | dex_sell=0.0734331 dex_buy=0.0734521 | spread_a=-6.4bps spread_b=-1.6bps | min=30.0bps
2026-05-08 22:49:23,427 | INFO | fetch_order_book: symbol=CHIP/USDC limit=20
2026-05-08 22:49:23,680 | INFO | fetch_order_book: mid=0.07346 spread=5.45bps bids=20 asks=20
2026-05-08 22:49:24,609 | INFO | SPREAD | pair=CHIP/USDC | cex=0.07344/0.07348 | dex_sell=0.0734331 dex_buy=0.0734521 | spread_a=-6.4bps spread_b=-1.6bps | min=30.0bps
2026-05-08 22:49:25,612 | INFO | fetch_order_book: symbol=CHIP/USDC limit=20
2026-05-08 22:49:25,866 | INFO | fetch_order_book: mid=0.07346 spread=5.45bps bids=20 asks=20
2026-05-08 22:49:26,767 | INFO | SPREAD | pair=CHIP/USDC | cex=0.07344/0.07348 | dex_sell=0.0734331 dex_buy=0.0734521 | spread_a=-6.4bps spread_b=-1.6bps | min=30.0bps
2026-05-08 22:49:27,770 | INFO | fetch_order_book: symbol=CHIP/USDC limit=20
2026-05-08 22:49:28,122 | INFO | fetch_order_book: mid=0.07346 spread=5.45bps bids=20 asks=20
2026-05-08 22:49:29,066 | INFO | SPREAD | pair=CHIP/USDC | cex=0.07344/0.07348 | dex_sell=0.0734331 dex_buy=0.0734521 | spread_a=-6.4bps spread_b=-1.6bps | min=30.0bps
2026-05-08 22:49:30,067 | INFO | fetch_order_book: symbol=CHIP/USDC limit=20
2026-05-08 22:49:30,327 | INFO | fetch_order_book: mid=0.07345 spread=2.72bps bids=20 asks=20
2026-05-08 22:49:31,225 | INFO | SPREAD | pair=CHIP/USDC | cex=0.07344/0.07346 | dex_sell=0.0734331 dex_buy=0.0734521 | spread_a=-3.7bps spread_b=-1.6bps | min=30.0bps
2026-05-08 22:49:32,228 | INFO | fetch_order_book: symbol=CHIP/USDC limit=20
2026-05-08 22:49:32,484 | INFO | fetch_order_book: mid=0.073465 spread=6.81bps bids=20 asks=20
2026-05-08 22:49:33,421 | INFO | SPREAD | pair=CHIP/USDC | cex=0.07344/0.07349 | dex_sell=0.0734331 dex_buy=0.0734521 | spread_a=-7.7bps spread_b=-1.7bps | min=30.0bps
2026-05-08 22:49:34,424 | INFO | fetch_order_book: symbol=CHIP/USDC limit=20
2026-05-08 22:49:34,679 | INFO | fetch_order_book: mid=0.073465 spread=6.81bps bids=20 asks=20
2026-05-08 22:49:35,572 | INFO | SPREAD | pair=CHIP/USDC | cex=0.07344/0.07349 | dex_sell=0.0734331 dex_buy=0.0734521 | spread_a=-7.7bps spread_b=-1.7bps | min=30.0bps
2026-05-08 22:49:36,576 | INFO | fetch_order_book: symbol=CHIP/USDC limit=20
2026-05-08 22:49:36,830 | INFO | fetch_order_book: mid=0.073465 spread=6.81bps bids=20 asks=20
2026-05-08 22:49:37,710 | INFO | SPREAD | pair=CHIP/USDC | cex=0.07344/0.07349 | dex_sell=0.0734331 dex_buy=0.0734521 | spread_a=-7.7bps spread_b=-1.7bps | min=30.0bps
2026-05-08 22:49:38,711 | INFO | fetch_order_book: symbol=CHIP/USDC limit=20
2026-05-08 22:49:39,078 | INFO | fetch_order_book: mid=0.07347 spread=5.44bps bids=20 asks=20
2026-05-08 22:49:39,993 | INFO | SPREAD | pair=CHIP/USDC | cex=0.07345/0.07349 | dex_sell=0.0734331 dex_buy=0.0734521 | spread_a=-7.7bps spread_b=-0.3bps | min=30.0bps
2026-05-08 22:49:40,995 | INFO | fetch_order_book: symbol=CHIP/USDC limit=20
2026-05-08 22:49:41,249 | INFO | fetch_order_book: mid=0.073465 spread=6.81bps bids=20 asks=20
2026-05-08 22:49:42,146 | INFO | SPREAD | pair=CHIP/USDC | cex=0.07344/0.07349 | dex_sell=0.0734331 dex_buy=0.0734521 | spread_a=-7.7bps spread_b=-1.7bps | min=30.0bps
2026-05-08 22:49:43,149 | INFO | fetch_order_book: symbol=CHIP/USDC limit=20
2026-05-08 22:49:43,405 | INFO | fetch_order_book: mid=0.07345 spread=5.45bps bids=20 asks=20
2026-05-08 22:49:44,385 | INFO | SPREAD | pair=CHIP/USDC | cex=0.07343/0.07347 | dex_sell=0.0734331 dex_buy=0.0734521 | spread_a=-5.0bps spread_b=-3.0bps | min=30.0bps
2026-05-08 22:49:45,389 | INFO | fetch_order_book: symbol=CHIP/USDC limit=20
2026-05-08 22:49:45,646 | INFO | fetch_order_book: mid=0.073455 spread=4.08bps bids=20 asks=20
2026-05-08 22:49:46,560 | INFO | SPREAD | pair=CHIP/USDC | cex=0.07344/0.07347 | dex_sell=0.0734331 dex_buy=0.0734521 | spread_a=-5.0bps spread_b=-1.6bps | min=30.0bps
2026-05-08 22:49:47,563 | INFO | fetch_order_book: symbol=CHIP/USDC limit=20
2026-05-08 22:49:47,819 | INFO | fetch_order_book: mid=0.073455 spread=4.08bps bids=20 asks=20
2026-05-08 22:49:48,739 | INFO | SPREAD | pair=CHIP/USDC | cex=0.07344/0.07347 | dex_sell=0.0734331 dex_buy=0.0734521 | spread_a=-5.0bps spread_b=-1.6bps | min=30.0bps
2026-05-08 22:49:49,742 | INFO | fetch_order_book: symbol=CHIP/USDC limit=20
2026-05-08 22:49:49,998 | INFO | fetch_order_book: mid=0.073435 spread=6.81bps bids=20 asks=20
2026-05-08 22:49:50,945 | INFO | SPREAD | pair=CHIP/USDC | cex=0.07341/0.07346 | dex_sell=0.0734084 dex_buy=0.0734274 | spread_a=-7.0bps spread_b=-2.4bps | min=30.0bps
2026-05-08 22:49:51,948 | INFO | fetch_order_book: symbol=CHIP/USDC limit=20
2026-05-08 22:49:52,204 | INFO | fetch_order_book: mid=0.073415 spread=4.09bps bids=20 asks=20
2026-05-08 22:49:53,090 | INFO | SPREAD | pair=CHIP/USDC | cex=0.0734/0.07343 | dex_sell=0.0734084 dex_buy=0.0734274 | spread_a=-2.9bps spread_b=-3.7bps | min=30.0bps
2026-05-08 22:49:54,093 | INFO | fetch_order_book: symbol=CHIP/USDC limit=20
2026-05-08 22:49:54,352 | INFO | fetch_order_book: mid=0.07342 spread=5.45bps bids=20 asks=20
2026-05-08 22:49:55,287 | INFO | SPREAD | pair=CHIP/USDC | cex=0.0734/0.07344 | dex_sell=0.0734084 dex_buy=0.0734274 | spread_a=-4.3bps spread_b=-3.7bps | min=30.0bps
2026-05-08 22:49:56,290 | INFO | fetch_order_book: symbol=CHIP/USDC limit=20
2026-05-08 22:49:56,565 | INFO | fetch_order_book: mid=0.07340 spread=5.45bps bids=20 asks=20
2026-05-08 22:49:57,493 | INFO | SPREAD | pair=CHIP/USDC | cex=0.07338/0.07342 | dex_sell=0.0734084 dex_buy=0.0733976 | spread_a=-1.6bps spread_b=-2.4bps | min=30.0bps
2026-05-08 22:49:58,497 | INFO | fetch_order_book: symbol=CHIP/USDC limit=20
2026-05-08 22:49:58,757 | INFO | fetch_order_book: mid=0.07333 spread=2.73bps bids=20 asks=20
2026-05-08 22:49:59,663 | INFO | SPREAD | pair=CHIP/USDC | cex=0.07332/0.07334 | dex_sell=0.0733185 dex_buy=0.0733375 | spread_a=-2.9bps spread_b=-2.4bps | min=30.0bps
2026-05-08 22:50:00,666 | INFO | fetch_order_book: symbol=CHIP/USDC limit=20
2026-05-08 22:50:00,922 | INFO | fetch_order_book: mid=0.07338 spread=8.18bps bids=20 asks=20
2026-05-08 22:50:01,814 | INFO | SPREAD | pair=CHIP/USDC | cex=0.07335/0.07341 | dex_sell=0.0733185 dex_buy=0.0733375 | spread_a=-12.5bps spread_b=1.7bps | min=30.0bps
2026-05-08 22:50:02,816 | INFO | fetch_order_book: symbol=CHIP/USDC limit=20
2026-05-08 22:50:03,073 | INFO | fetch_order_book: mid=0.073335 spread=4.09bps bids=20 asks=20
2026-05-08 22:50:03,997 | INFO | SPREAD | pair=CHIP/USDC | cex=0.07332/0.07335 | dex_sell=0.0733185 dex_buy=0.0733375 | spread_a=-4.3bps spread_b=-2.4bps | min=30.0bps
2026-05-08 22:50:05,001 | INFO | fetch_order_book: symbol=CHIP/USDC limit=20
2026-05-08 22:50:05,263 | INFO | fetch_order_book: mid=0.07340 spread=5.45bps bids=20 asks=20
2026-05-08 22:50:06,126 | INFO | SPREAD | pair=CHIP/USDC | cex=0.07338/0.07342 | dex_sell=0.0733531 dex_buy=0.0733721 | spread_a=-9.1bps spread_b=1.1bps | min=30.0bps
2026-05-08 22:50:07,130 | INFO | fetch_order_book: symbol=CHIP/USDC limit=20
2026-05-08 22:50:07,388 | INFO | fetch_order_book: mid=0.07339 spread=5.45bps bids=20 asks=20
2026-05-08 22:50:08,269 | INFO | SPREAD | pair=CHIP/USDC | cex=0.07337/0.07341 | dex_sell=0.0733531 dex_buy=0.0733721 | spread_a=-7.8bps spread_b=-0.3bps | min=30.0bps
2026-05-08 22:50:09,272 | INFO | fetch_order_book: symbol=CHIP/USDC limit=20
2026-05-08 22:50:09,539 | INFO | fetch_order_book: mid=0.07341 spread=2.72bps bids=20 asks=20
2026-05-08 22:50:10,447 | INFO | SPREAD | pair=CHIP/USDC | cex=0.0734/0.07342 | dex_sell=0.0733531 dex_buy=0.0733721 | spread_a=-9.1bps spread_b=3.8bps | min=30.0bps
2026-05-08 22:50:11,451 | INFO | fetch_order_book: symbol=CHIP/USDC limit=20
2026-05-08 22:50:11,708 | INFO | fetch_order_book: mid=0.073615 spread=6.79bps bids=20 asks=20
2026-05-08 22:50:12,587 | INFO | SPREAD | pair=CHIP/USDC | cex=0.07359/0.07364 | dex_sell=0.073469 dex_buy=0.0736082 | spread_a=-23.2bps spread_b=-2.5bps | min=30.0bps
2026-05-08 22:50:13,588 | INFO | fetch_order_book: symbol=CHIP/USDC limit=20
2026-05-08 22:50:13,845 | INFO | fetch_order_book: mid=0.073645 spread=6.79bps bids=20 asks=20
2026-05-08 22:50:14,734 | INFO | SPREAD | pair=CHIP/USDC | cex=0.07362/0.07367 | dex_sell=0.0735891 dex_buy=0.0736082 | spread_a=-11.0bps spread_b=1.6bps | min=30.0bps
2026-05-08 22:50:15,738 | INFO | fetch_order_book: symbol=CHIP/USDC limit=20
2026-05-08 22:50:16,060 | INFO | fetch_order_book: mid=0.073745 spread=4.07bps bids=20 asks=20
2026-05-08 22:50:16,972 | INFO | SPREAD | pair=CHIP/USDC | cex=0.07373/0.07376 | dex_sell=0.0736929 dex_buy=0.073712 | spread_a=-9.1bps spread_b=2.4bps | min=30.0bps
2026-05-08 22:50:17,975 | INFO | fetch_order_book: symbol=CHIP/USDC limit=20
2026-05-08 22:50:18,234 | INFO | fetch_order_book: mid=0.07369 spread=5.43bps bids=20 asks=20
2026-05-08 22:50:19,130 | INFO | SPREAD | pair=CHIP/USDC | cex=0.07367/0.07371 | dex_sell=0.0736686 dex_buy=0.0736877 | spread_a=-5.6bps spread_b=-2.4bps | min=30.0bps
2026-05-08 22:50:20,134 | INFO | fetch_order_book: symbol=CHIP/USDC limit=20
2026-05-08 22:50:20,393 | INFO | fetch_order_book: mid=0.073675 spread=6.79bps bids=20 asks=20
2026-05-08 22:50:21,549 | INFO | SPREAD | pair=CHIP/USDC | cex=0.07365/0.0737 | dex_sell=0.0736686 dex_buy=0.0736877 | spread_a=-4.3bps spread_b=-5.1bps | min=30.0bps
2026-05-08 22:50:22,552 | INFO | fetch_order_book: symbol=CHIP/USDC limit=20
2026-05-08 22:50:22,808 | INFO | fetch_order_book: mid=0.073675 spread=6.79bps bids=20 asks=20
2026-05-08 22:50:23,725 | INFO | SPREAD | pair=CHIP/USDC | cex=0.07365/0.0737 | dex_sell=0.0736686 dex_buy=0.0736877 | spread_a=-4.3bps spread_b=-5.1bps | min=30.0bps
2026-05-08 22:50:24,728 | INFO | fetch_order_book: symbol=CHIP/USDC limit=20
2026-05-08 22:50:24,995 | INFO | fetch_order_book: mid=0.073695 spread=4.07bps bids=20 asks=20
2026-05-08 22:50:25,961 | INFO | SPREAD | pair=CHIP/USDC | cex=0.07368/0.07371 | dex_sell=0.0736686 dex_buy=0.0736877 | spread_a=-5.6bps spread_b=-1.0bps | min=30.0bps
2026-05-08 22:50:26,965 | INFO | fetch_order_book: symbol=CHIP/USDC limit=20
2026-05-08 22:50:27,222 | INFO | fetch_order_book: mid=0.073705 spread=4.07bps bids=20 asks=20
2026-05-08 22:50:28,135 | INFO | SPREAD | pair=CHIP/USDC | cex=0.07369/0.07372 | dex_sell=0.0736686 dex_buy=0.0736877 | spread_a=-7.0bps spread_b=0.3bps | min=30.0bps
2026-05-08 22:50:29,138 | INFO | fetch_order_book: symbol=CHIP/USDC limit=20
2026-05-08 22:50:29,457 | INFO | fetch_order_book: mid=0.073705 spread=6.78bps bids=20 asks=20
2026-05-08 22:50:30,403 | INFO | SPREAD | pair=CHIP/USDC | cex=0.07368/0.07373 | dex_sell=0.0736686 dex_buy=0.0736877 | spread_a=-8.3bps spread_b=-1.0bps | min=30.0bps
2026-05-08 22:50:31,406 | INFO | fetch_order_book: symbol=CHIP/USDC limit=20
2026-05-08 22:50:31,668 | INFO | fetch_order_book: mid=0.07369 spread=8.14bps bids=20 asks=20
2026-05-08 22:50:32,572 | INFO | SPREAD | pair=CHIP/USDC | cex=0.07366/0.07372 | dex_sell=0.0736928 dex_buy=0.0737119 | spread_a=-3.7bps spread_b=-7.0bps | min=30.0bps
2026-05-08 22:50:33,574 | INFO | fetch_order_book: symbol=CHIP/USDC limit=20
2026-05-08 22:50:33,832 | INFO | fetch_order_book: mid=0.07366 spread=8.15bps bids=20 asks=20
2026-05-08 22:50:34,782 | INFO | SPREAD | pair=CHIP/USDC | cex=0.07363/0.07369 | dex_sell=0.0736286 dex_buy=0.0736476 | spread_a=-8.3bps spread_b=-2.4bps | min=30.0bps
2026-05-08 22:50:35,785 | INFO | fetch_order_book: symbol=CHIP/USDC limit=20
2026-05-08 22:50:36,039 | INFO | fetch_order_book: mid=0.07362 spread=5.43bps bids=20 asks=20
2026-05-08 22:50:36,960 | INFO | SPREAD | pair=CHIP/USDC | cex=0.0736/0.07364 | dex_sell=0.0736286 dex_buy=0.0736476 | spread_a=-1.6bps spread_b=-6.5bps | min=30.0bps
2026-05-08 22:50:37,963 | INFO | fetch_order_book: symbol=CHIP/USDC limit=20
2026-05-08 22:50:38,224 | INFO | fetch_order_book: mid=0.07366 spread=8.15bps bids=20 asks=20
2026-05-08 22:50:39,132 | INFO | SPREAD | pair=CHIP/USDC | cex=0.07363/0.07369 | dex_sell=0.0736286 dex_buy=0.0736476 | spread_a=-8.3bps spread_b=-2.4bps | min=30.0bps
2026-05-08 22:50:40,136 | INFO | fetch_order_book: symbol=CHIP/USDC limit=20
2026-05-08 22:50:40,392 | INFO | fetch_order_book: mid=0.07364 spread=5.43bps bids=20 asks=20
2026-05-08 22:50:41,321 | INFO | SPREAD | pair=CHIP/USDC | cex=0.07362/0.07366 | dex_sell=0.0736286 dex_buy=0.0736476 | spread_a=-4.3bps spread_b=-3.8bps | min=30.0bps
2026-05-08 22:50:42,325 | INFO | fetch_order_book: symbol=CHIP/USDC limit=20
2026-05-08 22:50:42,587 | INFO | fetch_order_book: mid=0.07363 spread=8.15bps bids=20 asks=20
2026-05-08 22:50:43,488 | INFO | SPREAD | pair=CHIP/USDC | cex=0.0736/0.07366 | dex_sell=0.0736286 dex_buy=0.0736476 | spread_a=-4.3bps spread_b=-6.5bps | min=30.0bps
2026-05-08 22:50:44,491 | INFO | fetch_order_book: symbol=CHIP/USDC limit=20
2026-05-08 22:50:44,748 | INFO | fetch_order_book: mid=0.07362 spread=5.43bps bids=20 asks=20
2026-05-08 22:50:45,686 | INFO | SPREAD | pair=CHIP/USDC | cex=0.0736/0.07364 | dex_sell=0.0736286 dex_buy=0.0736476 | spread_a=-1.6bps spread_b=-6.5bps | min=30.0bps
2026-05-08 22:50:46,689 | INFO | fetch_order_book: symbol=CHIP/USDC limit=20
2026-05-08 22:50:46,944 | INFO | fetch_order_book: mid=0.07359 spread=2.72bps bids=20 asks=20
2026-05-08 22:50:47,852 | INFO | SPREAD | pair=CHIP/USDC | cex=0.07358/0.0736 | dex_sell=0.0735986 dex_buy=0.0735875 | spread_a=-0.2bps spread_b=-1.0bps | min=30.0bps
2026-05-08 22:50:48,856 | INFO | fetch_order_book: symbol=CHIP/USDC limit=20
2026-05-08 22:50:49,112 | INFO | fetch_order_book: mid=0.073615 spread=6.79bps bids=20 asks=20
2026-05-08 22:50:50,019 | INFO | SPREAD | pair=CHIP/USDC | cex=0.07359/0.07364 | dex_sell=0.0735684 dex_buy=0.0735875 | spread_a=-9.7bps spread_b=0.3bps | min=30.0bps
2026-05-08 22:50:51,023 | INFO | fetch_order_book: symbol=CHIP/USDC limit=20
2026-05-08 22:50:51,279 | INFO | fetch_order_book: mid=0.073615 spread=6.79bps bids=20 asks=20
2026-05-08 22:50:52,222 | INFO | SPREAD | pair=CHIP/USDC | cex=0.07359/0.07364 | dex_sell=0.0735684 dex_buy=0.0735875 | spread_a=-9.7bps spread_b=0.3bps | min=30.0bps
2026-05-08 22:50:53,225 | INFO | fetch_order_book: symbol=CHIP/USDC limit=20
2026-05-08 22:50:53,479 | INFO | fetch_order_book: mid=0.07362 spread=5.43bps bids=20 asks=20
2026-05-08 22:50:54,359 | INFO | SPREAD | pair=CHIP/USDC | cex=0.0736/0.07364 | dex_sell=0.0735931 dex_buy=0.0736122 | spread_a=-6.4bps spread_b=-1.7bps | min=30.0bps
2026-05-08 22:50:55,362 | INFO | fetch_order_book: symbol=CHIP/USDC limit=20
2026-05-08 22:50:55,616 | INFO | fetch_order_book: mid=0.07361 spread=8.15bps bids=20 asks=20
2026-05-08 22:50:56,541 | INFO | SPREAD | pair=CHIP/USDC | cex=0.07358/0.07364 | dex_sell=0.0735931 dex_buy=0.0736122 | spread_a=-6.4bps spread_b=-4.4bps | min=30.0bps
2026-05-08 22:50:57,544 | INFO | fetch_order_book: symbol=CHIP/USDC limit=20
2026-05-08 22:50:57,804 | INFO | fetch_order_book: mid=0.07362 spread=5.43bps bids=20 asks=20
2026-05-08 22:50:58,689 | INFO | SPREAD | pair=CHIP/USDC | cex=0.0736/0.07364 | dex_sell=0.0735931 dex_buy=0.0736122 | spread_a=-6.4bps spread_b=-1.7bps | min=30.0bps
2026-05-08 22:50:59,692 | INFO | fetch_order_book: symbol=CHIP/USDC limit=20
2026-05-08 22:50:59,947 | INFO | fetch_order_book: mid=0.073625 spread=4.07bps bids=20 asks=20
2026-05-08 22:51:00,839 | INFO | SPREAD | pair=CHIP/USDC | cex=0.07361/0.07364 | dex_sell=0.0735931 dex_buy=0.0736122 | spread_a=-6.4bps spread_b=-0.3bps | min=30.0bps
2026-05-08 22:51:01,842 | INFO | fetch_order_book: symbol=CHIP/USDC limit=20
2026-05-08 22:51:02,097 | INFO | fetch_order_book: mid=0.073635 spread=6.79bps bids=20 asks=20
2026-05-08 22:51:02,984 | INFO | SPREAD | pair=CHIP/USDC | cex=0.07361/0.07366 | dex_sell=0.0735931 dex_buy=0.0736122 | spread_a=-9.1bps spread_b=-0.3bps | min=30.0bps
2026-05-08 22:51:03,986 | INFO | fetch_order_book: symbol=CHIP/USDC limit=20
2026-05-08 22:51:04,721 | INFO | fetch_order_book: mid=0.073635 spread=6.79bps bids=20 asks=20
2026-05-08 22:51:05,605 | INFO | SPREAD | pair=CHIP/USDC | cex=0.07361/0.07366 | dex_sell=0.0735931 dex_buy=0.0736122 | spread_a=-9.1bps spread_b=-0.3bps | min=30.0bps
2026-05-08 22:51:06,608 | INFO | fetch_order_book: symbol=CHIP/USDC limit=20
2026-05-08 22:51:06,879 | INFO | fetch_order_book: mid=0.073635 spread=6.79bps bids=20 asks=20
2026-05-08 22:51:07,792 | INFO | SPREAD | pair=CHIP/USDC | cex=0.07361/0.07366 | dex_sell=0.0735931 dex_buy=0.0736122 | spread_a=-9.1bps spread_b=-0.3bps | min=30.0bps
2026-05-08 22:51:08,796 | INFO | fetch_order_book: symbol=CHIP/USDC limit=20
2026-05-08 22:51:09,084 | INFO | fetch_order_book: mid=0.07364 spread=5.43bps bids=20 asks=20
2026-05-08 22:51:10,024 | INFO | SPREAD | pair=CHIP/USDC | cex=0.07362/0.07366 | dex_sell=0.0735931 dex_buy=0.0736122 | spread_a=-9.1bps spread_b=1.1bps | min=30.0bps
2026-05-08 22:51:11,027 | INFO | fetch_order_book: symbol=CHIP/USDC limit=20
2026-05-08 22:51:11,283 | INFO | fetch_order_book: mid=0.07364 spread=5.43bps bids=20 asks=20
2026-05-08 22:51:12,170 | INFO | SPREAD | pair=CHIP/USDC | cex=0.07362/0.07366 | dex_sell=0.0735931 dex_buy=0.0736122 | spread_a=-9.1bps spread_b=1.1bps | min=30.0bps
2026-05-08 22:51:13,173 | INFO | fetch_order_book: symbol=CHIP/USDC limit=20
2026-05-08 22:51:13,428 | INFO | fetch_order_book: mid=0.07354 spread=5.44bps bids=20 asks=20
2026-05-08 22:51:14,321 | INFO | SPREAD | pair=CHIP/USDC | cex=0.07352/0.07356 | dex_sell=0.0735104 dex_buy=0.0735295 | spread_a=-6.7bps spread_b=-1.3bps | min=30.0bps
2026-05-08 22:51:15,325 | INFO | fetch_order_book: symbol=CHIP/USDC limit=20
2026-05-08 22:51:15,580 | INFO | fetch_order_book: mid=0.07353 spread=2.72bps bids=20 asks=20
2026-05-08 22:51:16,494 | INFO | SPREAD | pair=CHIP/USDC | cex=0.07352/0.07354 | dex_sell=0.0735104 dex_buy=0.0735294 | spread_a=-4.0bps spread_b=-1.3bps | min=30.0bps
2026-05-08 22:51:17,497 | INFO | fetch_order_book: symbol=CHIP/USDC limit=20
2026-05-08 22:51:17,755 | INFO | fetch_order_book: mid=0.07356 spread=5.44bps bids=20 asks=20
2026-05-08 22:51:18,695 | INFO | SPREAD | pair=CHIP/USDC | cex=0.07354/0.07358 | dex_sell=0.073543 dex_buy=0.0735621 | spread_a=-5.0bps spread_b=-3.0bps | min=30.0bps
2026-05-08 22:51:19,699 | INFO | fetch_order_book: symbol=CHIP/USDC limit=20
2026-05-08 22:51:20,093 | INFO | fetch_order_book: mid=0.073535 spread=4.08bps bids=20 asks=20
2026-05-08 22:51:20,980 | INFO | SPREAD | pair=CHIP/USDC | cex=0.07352/0.07355 | dex_sell=0.0735188 dex_buy=0.0735378 | spread_a=-4.2bps spread_b=-2.4bps | min=30.0bps
2026-05-08 22:51:21,983 | INFO | fetch_order_book: symbol=CHIP/USDC limit=20
2026-05-08 22:51:22,241 | INFO | fetch_order_book: mid=0.073555 spread=6.80bps bids=20 asks=20
2026-05-08 22:51:23,119 | INFO | SPREAD | pair=CHIP/USDC | cex=0.07353/0.07358 | dex_sell=0.0735188 dex_buy=0.0735378 | spread_a=-8.3bps spread_b=-1.1bps | min=30.0bps
2026-05-08 22:51:24,122 | INFO | fetch_order_book: symbol=CHIP/USDC limit=20
2026-05-08 22:51:24,381 | INFO | fetch_order_book: mid=0.073575 spread=4.08bps bids=20 asks=20
2026-05-08 22:51:25,287 | INFO | SPREAD | pair=CHIP/USDC | cex=0.07356/0.07359 | dex_sell=0.0735188 dex_buy=0.0735378 | spread_a=-9.7bps spread_b=3.0bps | min=30.0bps
2026-05-08 22:51:26,289 | INFO | fetch_order_book: symbol=CHIP/USDC limit=20
2026-05-08 22:51:27,021 | INFO | fetch_order_book: mid=0.07358 spread=5.44bps bids=20 asks=20
2026-05-08 22:51:27,926 | INFO | SPREAD | pair=CHIP/USDC | cex=0.07356/0.0736 | dex_sell=0.0735432 dex_buy=0.0735623 | spread_a=-7.7bps spread_b=-0.3bps | min=30.0bps
2026-05-08 22:51:28,929 | INFO | fetch_order_book: symbol=CHIP/USDC limit=20
2026-05-08 22:51:29,309 | INFO | fetch_order_book: mid=0.07359 spread=2.72bps bids=20 asks=20
2026-05-08 22:51:30,239 | INFO | SPREAD | pair=CHIP/USDC | cex=0.07358/0.0736 | dex_sell=0.0735432 dex_buy=0.0735623 | spread_a=-7.7bps spread_b=2.4bps | min=30.0bps
2026-05-08 22:51:31,242 | INFO | fetch_order_book: symbol=CHIP/USDC limit=20
2026-05-08 22:51:31,981 | INFO | fetch_order_book: mid=0.073605 spread=4.08bps bids=20 asks=20
2026-05-08 22:51:32,884 | INFO | SPREAD | pair=CHIP/USDC | cex=0.07359/0.07362 | dex_sell=0.073573 dex_buy=0.0735921 | spread_a=-6.4bps spread_b=-0.3bps | min=30.0bps
2026-05-08 22:51:33,888 | INFO | fetch_order_book: symbol=CHIP/USDC limit=20
2026-05-08 22:51:34,142 | INFO | fetch_order_book: mid=0.073565 spread=6.80bps bids=20 asks=20
2026-05-08 22:51:35,027 | INFO | SPREAD | pair=CHIP/USDC | cex=0.07354/0.07359 | dex_sell=0.0735485 dex_buy=0.0735676 | spread_a=-5.6bps spread_b=-3.7bps | min=30.0bps
2026-05-08 22:51:36,030 | INFO | fetch_order_book: symbol=CHIP/USDC limit=20
2026-05-08 22:51:36,285 | INFO | fetch_order_book: mid=0.073565 spread=6.80bps bids=20 asks=20
2026-05-08 22:51:37,190 | INFO | SPREAD | pair=CHIP/USDC | cex=0.07354/0.07359 | dex_sell=0.0735485 dex_buy=0.0735676 | spread_a=-5.6bps spread_b=-3.7bps | min=30.0bps
2026-05-08 22:51:38,193 | INFO | fetch_order_book: symbol=CHIP/USDC limit=20
2026-05-08 22:51:38,450 | INFO | fetch_order_book: mid=0.07355 spread=2.72bps bids=20 asks=20
2026-05-08 22:51:39,397 | INFO | SPREAD | pair=CHIP/USDC | cex=0.07354/0.07356 | dex_sell=0.0735485 dex_buy=0.0735676 | spread_a=-1.6bps spread_b=-3.7bps | min=30.0bps
2026-05-08 22:51:40,400 | INFO | fetch_order_book: symbol=CHIP/USDC limit=20
2026-05-08 22:51:41,137 | INFO | fetch_order_book: mid=0.07356 spread=5.44bps bids=20 asks=20
2026-05-08 22:51:42,032 | INFO | SPREAD | pair=CHIP/USDC | cex=0.07354/0.07358 | dex_sell=0.0735186 dex_buy=0.0735377 | spread_a=-8.3bps spread_b=0.3bps | min=30.0bps
2026-05-08 22:51:43,036 | INFO | fetch_order_book: symbol=CHIP/USDC limit=20
2026-05-08 22:51:43,289 | INFO | fetch_order_book: mid=0.07355 spread=5.44bps bids=20 asks=20
2026-05-08 22:51:44,211 | INFO | SPREAD | pair=CHIP/USDC | cex=0.07353/0.07357 | dex_sell=0.0735186 dex_buy=0.0735377 | spread_a=-7.0bps spread_b=-1.0bps | min=30.0bps
2026-05-08 22:51:45,214 | INFO | fetch_order_book: symbol=CHIP/USDC limit=20
2026-05-08 22:51:45,468 | INFO | fetch_order_book: mid=0.07355 spread=5.44bps bids=20 asks=20
2026-05-08 22:51:46,399 | INFO | SPREAD | pair=CHIP/USDC | cex=0.07353/0.07357 | dex_sell=0.0735186 dex_buy=0.0735377 | spread_a=-7.0bps spread_b=-1.0bps | min=30.0bps
2026-05-08 22:51:47,404 | INFO | fetch_order_book: symbol=CHIP/USDC limit=20
2026-05-08 22:51:47,706 | INFO | fetch_order_book: mid=0.07351 spread=2.72bps bids=20 asks=20
2026-05-08 22:51:48,666 | INFO | SPREAD | pair=CHIP/USDC | cex=0.0735/0.07352 | dex_sell=0.0734885 dex_buy=0.0735075 | spread_a=-4.3bps spread_b=-1.0bps | min=30.0bps
2026-05-08 22:51:49,670 | INFO | fetch_order_book: symbol=CHIP/USDC limit=20
2026-05-08 22:51:49,925 | INFO | fetch_order_book: mid=0.07347 spread=2.72bps bids=20 asks=20
2026-05-08 22:51:50,862 | INFO | SPREAD | pair=CHIP/USDC | cex=0.07346/0.07348 | dex_sell=0.0734885 dex_buy=0.0735075 | spread_a=1.2bps spread_b=-6.5bps | min=30.0bps
2026-05-08 22:51:51,865 | INFO | fetch_order_book: symbol=CHIP/USDC limit=20
2026-05-08 22:51:52,122 | INFO | fetch_order_book: mid=0.07347 spread=2.72bps bids=20 asks=20
2026-05-08 22:51:52,981 | INFO | SPREAD | pair=CHIP/USDC | cex=0.07346/0.07348 | dex_sell=0.0734487 dex_buy=0.0734677 | spread_a=-4.3bps spread_b=-1.0bps | min=30.0bps
2026-05-08 22:51:53,985 | INFO | fetch_order_book: symbol=CHIP/USDC limit=20
2026-05-08 22:51:54,239 | INFO | fetch_order_book: mid=0.07362 spread=5.43bps bids=20 asks=20
2026-05-08 22:51:55,189 | INFO | SPREAD | pair=CHIP/USDC | cex=0.0736/0.07364 | dex_sell=0.0735694 dex_buy=0.0735885 | spread_a=-9.6bps spread_b=1.6bps | min=30.0bps
2026-05-08 22:51:56,194 | INFO | fetch_order_book: symbol=CHIP/USDC limit=20
2026-05-08 22:51:56,456 | INFO | fetch_order_book: mid=0.07360 spread=8.15bps bids=20 asks=20
2026-05-08 22:51:57,334 | INFO | SPREAD | pair=CHIP/USDC | cex=0.07357/0.07363 | dex_sell=0.0735932 dex_buy=0.0736122 | spread_a=-5.0bps spread_b=-5.7bps | min=30.0bps
2026-05-08 22:51:58,336 | INFO | fetch_order_book: symbol=CHIP/USDC limit=20
2026-05-08 22:51:58,597 | INFO | fetch_order_book: mid=0.07369 spread=2.71bps bids=20 asks=20
2026-05-08 22:51:59,519 | INFO | SPREAD | pair=CHIP/USDC | cex=0.07368/0.0737 | dex_sell=0.0736704 dex_buy=0.0737221 | spread_a=-4.0bps spread_b=-5.7bps | min=30.0bps
2026-05-08 22:52:00,522 | INFO | fetch_order_book: symbol=CHIP/USDC limit=20
2026-05-08 22:52:00,778 | INFO | fetch_order_book: mid=0.07378 spread=5.42bps bids=20 asks=20
2026-05-08 22:52:01,689 | INFO | SPREAD | pair=CHIP/USDC | cex=0.07376/0.0738 | dex_sell=0.073703 dex_buy=0.0738038 | spread_a=-13.1bps spread_b=-5.9bps | min=30.0bps
2026-05-08 22:52:02,692 | INFO | fetch_order_book: symbol=CHIP/USDC limit=20
2026-05-08 22:52:02,948 | INFO | fetch_order_book: mid=0.073915 spread=6.76bps bids=20 asks=20
2026-05-08 22:52:03,894 | INFO | SPREAD | pair=CHIP/USDC | cex=0.07389/0.07394 | dex_sell=0.0738948 dex_buy=0.073914 | spread_a=-6.1bps spread_b=-3.2bps | min=30.0bps
2026-05-08 22:52:04,897 | INFO | fetch_order_book: symbol=CHIP/USDC limit=20
2026-05-08 22:52:05,154 | INFO | fetch_order_book: mid=0.07403 spread=2.70bps bids=20 asks=20
2026-05-08 22:52:06,077 | INFO | SPREAD | pair=CHIP/USDC | cex=0.07402/0.07404 | dex_sell=0.0738948 dex_buy=0.0739839 | spread_a=-19.6bps spread_b=4.9bps | min=30.0bps
2026-05-08 22:52:07,081 | INFO | fetch_order_book: symbol=CHIP/USDC limit=20
2026-05-08 22:52:07,336 | INFO | fetch_order_book: mid=0.074055 spread=4.05bps bids=20 asks=20
2026-05-08 22:52:08,235 | INFO | SPREAD | pair=CHIP/USDC | cex=0.07404/0.07407 | dex_sell=0.0740229 dex_buy=0.074082 | spread_a=-6.4bps spread_b=-5.7bps | min=30.0bps
2026-05-08 22:52:09,240 | INFO | fetch_order_book: symbol=CHIP/USDC limit=20
2026-05-08 22:52:09,495 | INFO | fetch_order_book: mid=0.07406 spread=5.40bps bids=20 asks=20
2026-05-08 22:52:10,408 | INFO | SPREAD | pair=CHIP/USDC | cex=0.07404/0.07408 | dex_sell=0.0740628 dex_buy=0.0740578 | spread_a=-2.3bps spread_b=-2.4bps | min=30.0bps
2026-05-08 22:52:11,412 | INFO | fetch_order_book: symbol=CHIP/USDC limit=20
2026-05-08 22:52:12,176 | INFO | fetch_order_book: mid=0.073985 spread=6.76bps bids=20 asks=20
2026-05-08 22:52:13,117 | INFO | SPREAD | pair=CHIP/USDC | cex=0.07396/0.07401 | dex_sell=0.0740384 dex_buy=0.0740277 | spread_a=3.8bps spread_b=-9.1bps | min=30.0bps
2026-05-08 22:52:14,120 | INFO | fetch_order_book: symbol=CHIP/USDC limit=20
2026-05-08 22:52:14,416 | INFO | fetch_order_book: mid=0.07397 spread=2.70bps bids=20 asks=20
2026-05-08 22:52:15,317 | INFO | SPREAD | pair=CHIP/USDC | cex=0.07396/0.07398 | dex_sell=0.0739884 dex_buy=0.0740076 | spread_a=1.1bps spread_b=-6.4bps | min=30.0bps
2026-05-08 22:52:16,321 | INFO | fetch_order_book: symbol=CHIP/USDC limit=20
2026-05-08 22:52:16,591 | INFO | fetch_order_book: mid=0.07418 spread=5.39bps bids=20 asks=20
2026-05-08 22:52:17,531 | INFO | SPREAD | pair=CHIP/USDC | cex=0.07416/0.0742 | dex_sell=0.0741079 dex_buy=0.0741677 | spread_a=-12.4bps spread_b=-1.0bps | min=30.0bps
2026-05-08 22:52:18,535 | INFO | fetch_order_book: symbol=CHIP/USDC limit=20
2026-05-08 22:52:18,793 | INFO | fetch_order_book: mid=0.074125 spread=6.75bps bids=20 asks=20
2026-05-08 22:52:19,764 | INFO | SPREAD | pair=CHIP/USDC | cex=0.0741/0.07415 | dex_sell=0.0742128 dex_buy=0.0742171 | spread_a=8.5bps spread_b=-15.8bps | min=30.0bps
2026-05-08 22:52:20,768 | INFO | fetch_order_book: symbol=CHIP/USDC limit=20
2026-05-08 22:52:21,028 | INFO | fetch_order_book: mid=0.074155 spread=6.74bps bids=20 asks=20
2026-05-08 22:52:21,880 | INFO | SPREAD | pair=CHIP/USDC | cex=0.07413/0.07418 | dex_sell=0.0741329 dex_buy=0.0741821 | spread_a=-6.3bps spread_b=-7.0bps | min=30.0bps
2026-05-08 22:52:22,883 | INFO | fetch_order_book: symbol=CHIP/USDC limit=20
2026-05-08 22:52:23,366 | INFO | fetch_order_book: mid=0.07416 spread=8.09bps bids=20 asks=20
2026-05-08 22:52:24,354 | INFO | SPREAD | pair=CHIP/USDC | cex=0.07413/0.07419 | dex_sell=0.0741629 dex_buy=0.0741821 | spread_a=-3.7bps spread_b=-7.0bps | min=30.0bps
2026-05-08 22:52:25,359 | INFO | fetch_order_book: symbol=CHIP/USDC limit=20
2026-05-08 22:52:25,617 | INFO | fetch_order_book: mid=0.074125 spread=6.75bps bids=20 asks=20
2026-05-08 22:52:26,505 | INFO | SPREAD | pair=CHIP/USDC | cex=0.0741/0.07415 | dex_sell=0.0741386 dex_buy=0.0741578 | spread_a=-1.5bps spread_b=-7.8bps | min=30.0bps
2026-05-08 22:52:27,508 | INFO | fetch_order_book: symbol=CHIP/USDC limit=20
2026-05-08 22:52:27,769 | INFO | fetch_order_book: mid=0.07413 spread=5.40bps bids=20 asks=20
2026-05-08 22:52:28,646 | INFO | SPREAD | pair=CHIP/USDC | cex=0.07411/0.07415 | dex_sell=0.0741386 dex_buy=0.0741578 | spread_a=-1.5bps spread_b=-6.4bps | min=30.0bps
2026-05-08 22:52:29,649 | INFO | fetch_order_book: symbol=CHIP/USDC limit=20
2026-05-08 22:52:29,935 | INFO | fetch_order_book: mid=0.07410 spread=5.40bps bids=20 asks=20
2026-05-08 22:52:31,107 | INFO | SPREAD | pair=CHIP/USDC | cex=0.07408/0.07412 | dex_sell=0.0741386 dex_buy=0.0741178 | spread_a=2.5bps spread_b=-5.1bps | min=30.0bps
2026-05-08 22:52:32,111 | INFO | fetch_order_book: symbol=CHIP/USDC limit=20
2026-05-08 22:52:32,370 | INFO | fetch_order_book: mid=0.07412 spread=8.09bps bids=20 asks=20
2026-05-08 22:52:33,340 | INFO | SPREAD | pair=CHIP/USDC | cex=0.07409/0.07415 | dex_sell=0.0740484 dex_buy=0.0740377 | spread_a=-13.7bps spread_b=7.1bps | min=30.0bps
2026-05-08 22:52:34,343 | INFO | fetch_order_book: symbol=CHIP/USDC limit=20
2026-05-08 22:52:34,598 | INFO | fetch_order_book: mid=0.074155 spread=1.35bps bids=20 asks=20
2026-05-08 22:52:35,488 | INFO | SPREAD | pair=CHIP/USDC | cex=0.07415/0.07416 | dex_sell=0.0741529 dex_buy=0.0741721 | spread_a=-1.0bps spread_b=-3.0bps | min=30.0bps
2026-05-08 22:52:36,492 | INFO | fetch_order_book: symbol=CHIP/USDC limit=20
2026-05-08 22:52:36,751 | INFO | fetch_order_book: mid=0.074195 spread=6.74bps bids=20 asks=20
2026-05-08 22:52:37,661 | INFO | SPREAD | pair=CHIP/USDC | cex=0.07417/0.07422 | dex_sell=0.0741529 dex_buy=0.0741943 | spread_a=-9.0bps spread_b=-3.3bps | min=30.0bps
2026-05-08 22:52:38,664 | INFO | fetch_order_book: symbol=CHIP/USDC limit=20
2026-05-08 22:52:38,921 | INFO | fetch_order_book: mid=0.07419 spread=5.39bps bids=20 asks=20
2026-05-08 22:52:39,831 | INFO | SPREAD | pair=CHIP/USDC | cex=0.07417/0.07421 | dex_sell=0.0741751 dex_buy=0.0741943 | spread_a=-4.7bps spread_b=-3.3bps | min=30.0bps
2026-05-08 22:52:40,834 | INFO | fetch_order_book: symbol=CHIP/USDC limit=20
2026-05-08 22:52:41,090 | INFO | fetch_order_book: mid=0.074225 spread=4.04bps bids=20 asks=20
2026-05-08 22:52:42,019 | INFO | SPREAD | pair=CHIP/USDC | cex=0.07421/0.07424 | dex_sell=0.0741751 dex_buy=0.0741943 | spread_a=-8.7bps spread_b=2.1bps | min=30.0bps
2026-05-08 22:52:43,023 | INFO | fetch_order_book: symbol=CHIP/USDC limit=20
2026-05-08 22:52:43,284 | INFO | fetch_order_book: mid=0.074225 spread=4.04bps bids=20 asks=20
2026-05-08 22:52:44,204 | INFO | SPREAD | pair=CHIP/USDC | cex=0.07421/0.07424 | dex_sell=0.0741751 dex_buy=0.0741943 | spread_a=-8.7bps spread_b=2.1bps | min=30.0bps
2026-05-08 22:52:45,208 | INFO | fetch_order_book: symbol=CHIP/USDC limit=20
2026-05-08 22:52:45,641 | INFO | fetch_order_book: mid=0.07425 spread=8.08bps bids=20 asks=20
2026-05-08 22:52:46,570 | INFO | SPREAD | pair=CHIP/USDC | cex=0.07422/0.07428 | dex_sell=0.0742219 dex_buy=0.0742412 | spread_a=-7.8bps spread_b=-2.9bps | min=30.0bps
2026-05-08 22:52:47,573 | INFO | fetch_order_book: symbol=CHIP/USDC limit=20
2026-05-08 22:52:47,828 | INFO | fetch_order_book: mid=0.074195 spread=6.74bps bids=20 asks=20
2026-05-08 22:52:48,730 | INFO | SPREAD | pair=CHIP/USDC | cex=0.07417/0.07422 | dex_sell=0.0742219 dex_buy=0.0742077 | spread_a=0.3bps spread_b=-5.1bps | min=30.0bps
2026-05-08 22:52:49,733 | INFO | fetch_order_book: symbol=CHIP/USDC limit=20
2026-05-08 22:52:49,991 | INFO | fetch_order_book: mid=0.074215 spread=6.74bps bids=20 asks=20
2026-05-08 22:52:50,863 | INFO | SPREAD | pair=CHIP/USDC | cex=0.07419/0.07424 | dex_sell=0.0741885 dex_buy=0.0742077 | spread_a=-6.9bps spread_b=-2.4bps | min=30.0bps
2026-05-08 22:52:51,867 | INFO | fetch_order_book: symbol=CHIP/USDC limit=20
2026-05-08 22:52:52,122 | INFO | fetch_order_book: mid=0.074235 spread=9.43bps bids=20 asks=20
2026-05-08 22:52:52,974 | INFO | SPREAD | pair=CHIP/USDC | cex=0.0742/0.07427 | dex_sell=0.0742219 dex_buy=0.0742412 | spread_a=-6.5bps spread_b=-5.5bps | min=30.0bps
2026-05-08 22:52:53,978 | INFO | fetch_order_book: symbol=CHIP/USDC limit=20
2026-05-08 22:52:54,232 | INFO | fetch_order_book: mid=0.07424 spread=8.08bps bids=20 asks=20
2026-05-08 22:52:55,105 | INFO | SPREAD | pair=CHIP/USDC | cex=0.07421/0.07427 | dex_sell=0.0742219 dex_buy=0.0742412 | spread_a=-6.5bps spread_b=-4.2bps | min=30.0bps
2026-05-08 22:52:56,108 | INFO | fetch_order_book: symbol=CHIP/USDC limit=20
2026-05-08 22:52:56,367 | INFO | fetch_order_book: mid=0.074215 spread=6.74bps bids=20 asks=20
2026-05-08 22:52:57,411 | INFO | SPREAD | pair=CHIP/USDC | cex=0.07419/0.07424 | dex_sell=0.0742219 dex_buy=0.0742412 | spread_a=-2.4bps spread_b=-6.9bps | min=30.0bps
2026-05-08 22:52:58,415 | INFO | fetch_order_book: symbol=CHIP/USDC limit=20
2026-05-08 22:52:58,671 | INFO | fetch_order_book: mid=0.074215 spread=6.74bps bids=20 asks=20
2026-05-08 22:52:59,570 | INFO | SPREAD | pair=CHIP/USDC | cex=0.07419/0.07424 | dex_sell=0.0742219 dex_buy=0.0742412 | spread_a=-2.4bps spread_b=-6.9bps | min=30.0bps
2026-05-08 22:53:00,572 | INFO | fetch_order_book: symbol=CHIP/USDC limit=20
2026-05-08 22:53:00,828 | INFO | fetch_order_book: mid=0.07412 spread=8.09bps bids=20 asks=20
2026-05-08 22:53:01,727 | INFO | SPREAD | pair=CHIP/USDC | cex=0.07409/0.07415 | dex_sell=0.0741685 dex_buy=0.0741478 | spread_a=2.5bps spread_b=-7.8bps | min=30.0bps
2026-05-08 22:53:02,731 | INFO | fetch_order_book: symbol=CHIP/USDC limit=20
2026-05-08 22:53:02,999 | INFO | fetch_order_book: mid=0.07416 spread=8.09bps bids=20 asks=20
2026-05-08 22:53:03,907 | INFO | SPREAD | pair=CHIP/USDC | cex=0.07413/0.07419 | dex_sell=0.0741202 dex_buy=0.0740641 | spread_a=-9.4bps spread_b=8.9bps | min=30.0bps
2026-05-08 22:53:04,910 | INFO | fetch_order_book: symbol=CHIP/USDC limit=20
2026-05-08 22:53:05,645 | INFO | fetch_order_book: mid=0.074145 spread=6.74bps bids=20 asks=20
2026-05-08 22:53:06,558 | INFO | SPREAD | pair=CHIP/USDC | cex=0.07412/0.07417 | dex_sell=0.074084 dex_buy=0.0741323 | spread_a=-11.6bps spread_b=-1.7bps | min=30.0bps
2026-05-08 22:53:07,561 | INFO | fetch_order_book: symbol=CHIP/USDC limit=20
2026-05-08 22:53:07,818 | INFO | fetch_order_book: mid=0.074115 spread=6.75bps bids=20 asks=20
2026-05-08 22:53:08,660 | INFO | SPREAD | pair=CHIP/USDC | cex=0.07409/0.07414 | dex_sell=0.0741131 dex_buy=0.0741323 | spread_a=-3.6bps spread_b=-5.7bps | min=30.0bps
2026-05-08 22:53:09,663 | INFO | fetch_order_book: symbol=CHIP/USDC limit=20
2026-05-08 22:53:09,918 | INFO | fetch_order_book: mid=0.074215 spread=6.74bps bids=20 asks=20
2026-05-08 22:53:10,791 | INFO | SPREAD | pair=CHIP/USDC | cex=0.07419/0.07424 | dex_sell=0.074123 dex_buy=0.0741422 | spread_a=-15.8bps spread_b=6.4bps | min=30.0bps
2026-05-08 22:53:11,794 | INFO | fetch_order_book: symbol=CHIP/USDC limit=20
2026-05-08 22:53:12,053 | INFO | fetch_order_book: mid=0.074165 spread=6.74bps bids=20 asks=20
2026-05-08 22:53:13,012 | INFO | SPREAD | pair=CHIP/USDC | cex=0.07414/0.07419 | dex_sell=0.074123 dex_buy=0.0741422 | spread_a=-9.0bps spread_b=-0.3bps | min=30.0bps
2026-05-08 22:53:14,015 | INFO | fetch_order_book: symbol=CHIP/USDC limit=20
2026-05-08 22:53:14,274 | INFO | fetch_order_book: mid=0.07408 spread=5.40bps bids=20 asks=20
2026-05-08 22:53:15,170 | INFO | SPREAD | pair=CHIP/USDC | cex=0.07406/0.0741 | dex_sell=0.074123 dex_buy=0.0741179 | spread_a=3.1bps spread_b=-7.8bps | min=30.0bps
2026-05-08 22:53:16,173 | INFO | fetch_order_book: symbol=CHIP/USDC limit=20
2026-05-08 22:53:16,430 | INFO | fetch_order_book: mid=0.07413 spread=2.70bps bids=20 asks=20
2026-05-08 22:53:17,496 | INFO | SPREAD | pair=CHIP/USDC | cex=0.07412/0.07414 | dex_sell=0.0740987 dex_buy=0.0741179 | spread_a=-5.6bps spread_b=0.3bps | min=30.0bps
2026-05-08 22:53:18,499 | INFO | fetch_order_book: symbol=CHIP/USDC limit=20
2026-05-08 22:53:18,752 | INFO | fetch_order_book: mid=0.07421 spread=5.39bps bids=20 asks=20
2026-05-08 22:53:19,718 | INFO | SPREAD | pair=CHIP/USDC | cex=0.07419/0.07423 | dex_sell=0.0742002 dex_buy=0.0742194 | spread_a=-4.0bps spread_b=-4.0bps | min=30.0bps
2026-05-08 22:53:20,722 | INFO | fetch_order_book: symbol=CHIP/USDC limit=20
2026-05-08 22:53:20,980 | INFO | fetch_order_book: mid=0.07421 spread=2.70bps bids=20 asks=20
2026-05-08 22:53:21,927 | INFO | SPREAD | pair=CHIP/USDC | cex=0.0742/0.07422 | dex_sell=0.0742002 dex_buy=0.0742194 | spread_a=-2.7bps spread_b=-2.6bps | min=30.0bps
2026-05-08 22:53:22,930 | INFO | fetch_order_book: symbol=CHIP/USDC limit=20
2026-05-08 22:53:23,188 | INFO | fetch_order_book: mid=0.074235 spread=4.04bps bids=20 asks=20
2026-05-08 22:53:24,163 | INFO | SPREAD | pair=CHIP/USDC | cex=0.07422/0.07425 | dex_sell=0.0742002 dex_buy=0.0742194 | spread_a=-6.7bps spread_b=0.1bps | min=30.0bps
2026-05-08 22:53:25,166 | INFO | fetch_order_book: symbol=CHIP/USDC limit=20
2026-05-08 22:53:25,430 | INFO | fetch_order_book: mid=0.074235 spread=4.04bps bids=20 asks=20
2026-05-08 22:53:26,309 | INFO | SPREAD | pair=CHIP/USDC | cex=0.07422/0.07425 | dex_sell=0.0742002 dex_buy=0.0742194 | spread_a=-6.7bps spread_b=0.1bps | min=30.0bps
2026-05-08 22:53:27,313 | INFO | fetch_order_book: symbol=CHIP/USDC limit=20
2026-05-08 22:53:27,569 | INFO | fetch_order_book: mid=0.074175 spread=6.74bps bids=20 asks=20
2026-05-08 22:53:28,493 | INFO | SPREAD | pair=CHIP/USDC | cex=0.07415/0.0742 | dex_sell=0.0741686 dex_buy=0.0741879 | spread_a=-4.2bps spread_b=-5.1bps | min=30.0bps
2026-05-08 22:53:29,496 | INFO | fetch_order_book: symbol=CHIP/USDC limit=20
2026-05-08 22:53:30,230 | INFO | fetch_order_book: mid=0.07419 spread=2.70bps bids=20 asks=20
2026-05-08 22:53:31,204 | INFO | SPREAD | pair=CHIP/USDC | cex=0.07418/0.0742 | dex_sell=0.0741686 dex_buy=0.0741879 | spread_a=-4.2bps spread_b=-1.1bps | min=30.0bps
2026-05-08 22:53:32,206 | INFO | fetch_order_book: symbol=CHIP/USDC limit=20
2026-05-08 22:53:32,470 | INFO | fetch_order_book: mid=0.074175 spread=4.04bps bids=20 asks=20
2026-05-08 22:53:33,368 | INFO | SPREAD | pair=CHIP/USDC | cex=0.07416/0.07419 | dex_sell=0.0741686 dex_buy=0.0741879 | spread_a=-2.9bps spread_b=-3.8bps | min=30.0bps
2026-05-08 22:53:34,371 | INFO | fetch_order_book: symbol=CHIP/USDC limit=20
2026-05-08 22:53:34,625 | INFO | fetch_order_book: mid=0.074185 spread=4.04bps bids=20 asks=20
2026-05-08 22:53:35,524 | INFO | SPREAD | pair=CHIP/USDC | cex=0.07417/0.0742 | dex_sell=0.0741686 dex_buy=0.0741879 | spread_a=-4.2bps spread_b=-2.4bps | min=30.0bps
2026-05-08 22:53:36,527 | INFO | fetch_order_book: symbol=CHIP/USDC limit=20
2026-05-08 22:53:36,782 | INFO | fetch_order_book: mid=0.074235 spread=4.04bps bids=20 asks=20
2026-05-08 22:53:37,770 | INFO | SPREAD | pair=CHIP/USDC | cex=0.07422/0.07425 | dex_sell=0.0742001 dex_buy=0.0742194 | spread_a=-6.7bps spread_b=0.1bps | min=30.0bps
2026-05-08 22:53:38,773 | INFO | fetch_order_book: symbol=CHIP/USDC limit=20
2026-05-08 22:53:39,031 | INFO | fetch_order_book: mid=0.07420 spread=5.39bps bids=20 asks=20
2026-05-08 22:53:39,917 | INFO | SPREAD | pair=CHIP/USDC | cex=0.07418/0.07422 | dex_sell=0.0742001 dex_buy=0.0742194 | spread_a=-2.7bps spread_b=-5.3bps | min=30.0bps
2026-05-08 22:53:40,921 | INFO | fetch_order_book: symbol=CHIP/USDC limit=20
2026-05-08 22:53:41,177 | INFO | fetch_order_book: mid=0.074155 spread=4.05bps bids=20 asks=20
2026-05-08 22:53:42,050 | INFO | SPREAD | pair=CHIP/USDC | cex=0.07414/0.07417 | dex_sell=0.0741387 dex_buy=0.0741579 | spread_a=-4.2bps spread_b=-2.4bps | min=30.0bps
2026-05-08 22:53:43,052 | INFO | fetch_order_book: symbol=CHIP/USDC limit=20
2026-05-08 22:53:43,308 | INFO | fetch_order_book: mid=0.074155 spread=4.05bps bids=20 asks=20
2026-05-08 22:53:44,210 | INFO | SPREAD | pair=CHIP/USDC | cex=0.07414/0.07417 | dex_sell=0.0741387 dex_buy=0.0741579 | spread_a=-4.2bps spread_b=-2.4bps | min=30.0bps
2026-05-08 22:53:45,213 | INFO | fetch_order_book: symbol=CHIP/USDC limit=20
2026-05-08 22:53:45,553 | INFO | fetch_order_book: mid=0.07414 spread=5.40bps bids=20 asks=20
2026-05-08 22:53:46,487 | INFO | SPREAD | pair=CHIP/USDC | cex=0.07412/0.07416 | dex_sell=0.0741387 dex_buy=0.0741579 | spread_a=-2.9bps spread_b=-5.1bps | min=30.0bps
2026-05-08 22:53:47,490 | INFO | fetch_order_book: symbol=CHIP/USDC limit=20
2026-05-08 22:53:48,226 | INFO | fetch_order_book: mid=0.07409 spread=2.70bps bids=20 asks=20
2026-05-08 22:53:49,143 | INFO | SPREAD | pair=CHIP/USDC | cex=0.07408/0.0741 | dex_sell=0.0741084 dex_buy=0.0741276 | spread_a=1.1bps spread_b=-6.4bps | min=30.0bps
2026-05-08 22:53:50,147 | INFO | fetch_order_book: symbol=CHIP/USDC limit=20
2026-05-08 22:53:50,404 | INFO | fetch_order_book: mid=0.07409 spread=2.70bps bids=20 asks=20
2026-05-08 22:53:51,316 | INFO | SPREAD | pair=CHIP/USDC | cex=0.07408/0.0741 | dex_sell=0.0741084 dex_buy=0.0741276 | spread_a=1.1bps spread_b=-6.4bps | min=30.0bps
2026-05-08 22:53:52,317 | INFO | fetch_order_book: symbol=CHIP/USDC limit=20
2026-05-08 22:53:52,573 | INFO | fetch_order_book: mid=0.074055 spread=4.05bps bids=20 asks=20
2026-05-08 22:53:53,503 | INFO | SPREAD | pair=CHIP/USDC | cex=0.07404/0.07407 | dex_sell=0.0741084 dex_buy=0.0740877 | spread_a=5.2bps spread_b=-6.4bps | min=30.0bps
2026-05-08 22:53:54,507 | INFO | fetch_order_book: symbol=CHIP/USDC limit=20
2026-05-08 22:53:54,764 | INFO | fetch_order_book: mid=0.074055 spread=4.05bps bids=20 asks=20
2026-05-08 22:53:55,698 | INFO | SPREAD | pair=CHIP/USDC | cex=0.07404/0.07407 | dex_sell=0.0740685 dex_buy=0.0740877 | spread_a=-0.2bps spread_b=-6.4bps | min=30.0bps
2026-05-08 22:53:56,701 | INFO | fetch_order_book: symbol=CHIP/USDC limit=20
2026-05-08 22:53:56,955 | INFO | fetch_order_book: mid=0.073985 spread=4.05bps bids=20 asks=20
2026-05-08 22:53:57,966 | INFO | SPREAD | pair=CHIP/USDC | cex=0.07397/0.074 | dex_sell=0.0739598 dex_buy=0.074002 | spread_a=-5.4bps spread_b=-4.3bps | min=30.0bps
2026-05-08 22:53:58,970 | INFO | fetch_order_book: symbol=CHIP/USDC limit=20
2026-05-08 22:53:59,226 | INFO | fetch_order_book: mid=0.07398 spread=5.41bps bids=20 asks=20
2026-05-08 22:54:00,198 | INFO | SPREAD | pair=CHIP/USDC | cex=0.07396/0.074 | dex_sell=0.0739828 dex_buy=0.074002 | spread_a=-2.3bps spread_b=-5.7bps | min=30.0bps
2026-05-08 22:54:01,202 | INFO | fetch_order_book: symbol=CHIP/USDC limit=20
2026-05-08 22:54:01,456 | INFO | fetch_order_book: mid=0.073955 spread=4.06bps bids=20 asks=20
2026-05-08 22:54:02,367 | INFO | SPREAD | pair=CHIP/USDC | cex=0.07394/0.07397 | dex_sell=0.0739285 dex_buy=0.0739477 | spread_a=-5.6bps spread_b=-1.0bps | min=30.0bps
2026-05-08 22:54:03,370 | INFO | fetch_order_book: symbol=CHIP/USDC limit=20
2026-05-08 22:54:03,625 | INFO | fetch_order_book: mid=0.074005 spread=4.05bps bids=20 asks=20
2026-05-08 22:54:04,536 | INFO | SPREAD | pair=CHIP/USDC | cex=0.07399/0.07402 | dex_sell=0.073953 dex_buy=0.0739965 | spread_a=-9.1bps spread_b=-0.9bps | min=30.0bps
2026-05-08 22:54:05,540 | INFO | fetch_order_book: symbol=CHIP/USDC limit=20
2026-05-08 22:54:05,796 | INFO | fetch_order_book: mid=0.07402 spread=5.40bps bids=20 asks=20
2026-05-08 22:54:06,729 | INFO | SPREAD | pair=CHIP/USDC | cex=0.074/0.07404 | dex_sell=0.074013 dex_buy=0.0740722 | spread_a=-3.6bps spread_b=-9.7bps | min=30.0bps
2026-05-08 22:54:07,733 | INFO | fetch_order_book: symbol=CHIP/USDC limit=20
2026-05-08 22:54:07,987 | INFO | fetch_order_book: mid=0.07403 spread=5.40bps bids=20 asks=20
2026-05-08 22:54:08,913 | INFO | SPREAD | pair=CHIP/USDC | cex=0.07401/0.07405 | dex_sell=0.074053 dex_buy=0.0740722 | spread_a=0.4bps spread_b=-8.4bps | min=30.0bps
2026-05-08 22:54:09,917 | INFO | fetch_order_book: symbol=CHIP/USDC limit=20
2026-05-08 22:54:10,406 | INFO | fetch_order_book: mid=0.074155 spread=4.05bps bids=20 asks=20
2026-05-08 22:54:11,344 | INFO | SPREAD | pair=CHIP/USDC | cex=0.07414/0.07417 | dex_sell=0.0741602 dex_buy=0.0741794 | spread_a=-1.3bps spread_b=-5.3bps | min=30.0bps
2026-05-08 22:54:12,347 | INFO | fetch_order_book: symbol=CHIP/USDC limit=20
2026-05-08 22:54:12,602 | INFO | fetch_order_book: mid=0.074155 spread=4.05bps bids=20 asks=20
2026-05-08 22:54:13,534 | INFO | SPREAD | pair=CHIP/USDC | cex=0.07414/0.07417 | dex_sell=0.0741602 dex_buy=0.0741794 | spread_a=-1.3bps spread_b=-5.3bps | min=30.0bps
2026-05-08 22:54:14,538 | INFO | fetch_order_book: symbol=CHIP/USDC limit=20
2026-05-08 22:54:14,794 | INFO | fetch_order_book: mid=0.07416 spread=5.39bps bids=20 asks=20
2026-05-08 22:54:15,721 | INFO | SPREAD | pair=CHIP/USDC | cex=0.07414/0.07418 | dex_sell=0.0741602 dex_buy=0.0741794 | spread_a=-2.7bps spread_b=-5.3bps | min=30.0bps
2026-05-08 22:54:16,724 | INFO | fetch_order_book: symbol=CHIP/USDC limit=20
2026-05-08 22:54:16,984 | INFO | fetch_order_book: mid=0.074155 spread=6.74bps bids=20 asks=20
2026-05-08 22:54:17,896 | INFO | SPREAD | pair=CHIP/USDC | cex=0.07413/0.07418 | dex_sell=0.0741602 dex_buy=0.0741794 | spread_a=-2.7bps spread_b=-6.7bps | min=30.0bps
2026-05-08 22:54:18,900 | INFO | fetch_order_book: symbol=CHIP/USDC limit=20
2026-05-08 22:54:19,156 | INFO | fetch_order_book: mid=0.074145 spread=6.74bps bids=20 asks=20
2026-05-08 22:54:20,264 | INFO | SPREAD | pair=CHIP/USDC | cex=0.07412/0.07417 | dex_sell=0.0741602 dex_buy=0.0741794 | spread_a=-1.3bps spread_b=-8.0bps | min=30.0bps
2026-05-08 22:54:21,267 | INFO | fetch_order_book: symbol=CHIP/USDC limit=20
2026-05-08 22:54:21,523 | INFO | fetch_order_book: mid=0.074145 spread=6.74bps bids=20 asks=20
2026-05-08 22:54:22,418 | INFO | SPREAD | pair=CHIP/USDC | cex=0.07412/0.07417 | dex_sell=0.0741602 dex_buy=0.0741794 | spread_a=-1.3bps spread_b=-8.0bps | min=30.0bps
2026-05-08 22:54:23,422 | INFO | fetch_order_book: symbol=CHIP/USDC limit=20
2026-05-08 22:54:23,680 | INFO | fetch_order_book: mid=0.07407 spread=2.70bps bids=20 asks=20
2026-05-08 22:54:24,572 | INFO | SPREAD | pair=CHIP/USDC | cex=0.07406/0.07408 | dex_sell=0.0741602 dex_buy=0.0741476 | spread_a=10.8bps spread_b=-11.8bps | min=30.0bps
2026-05-08 22:54:25,575 | INFO | fetch_order_book: symbol=CHIP/USDC limit=20
2026-05-08 22:54:25,830 | INFO | fetch_order_book: mid=0.07408 spread=5.40bps bids=20 asks=20
2026-05-08 22:54:26,699 | INFO | SPREAD | pair=CHIP/USDC | cex=0.07406/0.0741 | dex_sell=0.0740884 dex_buy=0.0741077 | spread_a=-1.6bps spread_b=-6.4bps | min=30.0bps
2026-05-08 22:54:27,702 | INFO | fetch_order_book: symbol=CHIP/USDC limit=20
2026-05-08 22:54:27,962 | INFO | fetch_order_book: mid=0.07408 spread=5.40bps bids=20 asks=20
2026-05-08 22:54:28,833 | INFO | SPREAD | pair=CHIP/USDC | cex=0.07406/0.0741 | dex_sell=0.0740884 dex_buy=0.0741077 | spread_a=-1.6bps spread_b=-6.4bps | min=30.0bps
2026-05-08 22:54:29,837 | INFO | fetch_order_book: symbol=CHIP/USDC limit=20
2026-05-08 22:54:30,203 | INFO | fetch_order_book: mid=0.07409 spread=5.40bps bids=20 asks=20
2026-05-08 22:54:31,117 | INFO | SPREAD | pair=CHIP/USDC | cex=0.07407/0.07411 | dex_sell=0.0740884 dex_buy=0.0741077 | spread_a=-2.9bps spread_b=-5.1bps | min=30.0bps
2026-05-08 22:54:32,121 | INFO | fetch_order_book: symbol=CHIP/USDC limit=20
2026-05-08 22:54:32,380 | INFO | fetch_order_book: mid=0.074115 spread=6.75bps bids=20 asks=20
2026-05-08 22:54:33,290 | INFO | SPREAD | pair=CHIP/USDC | cex=0.07409/0.07414 | dex_sell=0.074113 dex_buy=0.0741322 | spread_a=-3.6bps spread_b=-5.7bps | min=30.0bps
2026-05-08 22:54:34,294 | INFO | fetch_order_book: symbol=CHIP/USDC limit=20
2026-05-08 22:54:34,553 | INFO | fetch_order_book: mid=0.07415 spread=5.39bps bids=20 asks=20
2026-05-08 22:54:35,435 | INFO | SPREAD | pair=CHIP/USDC | cex=0.07413/0.07417 | dex_sell=0.074113 dex_buy=0.0741621 | spread_a=-7.7bps spread_b=-4.3bps | min=30.0bps
2026-05-08 22:54:36,438 | INFO | fetch_order_book: symbol=CHIP/USDC limit=20
2026-05-08 22:54:36,693 | INFO | fetch_order_book: mid=0.07414 spread=5.40bps bids=20 asks=20
2026-05-08 22:54:37,594 | INFO | SPREAD | pair=CHIP/USDC | cex=0.07412/0.07416 | dex_sell=0.0741429 dex_buy=0.0741621 | spread_a=-2.3bps spread_b=-5.7bps | min=30.0bps
2026-05-08 22:54:38,598 | INFO | fetch_order_book: symbol=CHIP/USDC limit=20
2026-05-08 22:54:38,961 | INFO | fetch_order_book: mid=0.074155 spread=6.74bps bids=20 asks=20
2026-05-08 22:54:39,896 | INFO | SPREAD | pair=CHIP/USDC | cex=0.07413/0.07418 | dex_sell=0.0741429 dex_buy=0.0741621 | spread_a=-5.0bps spread_b=-4.3bps | min=30.0bps
2026-05-08 22:54:40,900 | INFO | fetch_order_book: symbol=CHIP/USDC limit=20
2026-05-08 22:54:41,644 | INFO | fetch_order_book: mid=0.074245 spread=6.73bps bids=20 asks=20
2026-05-08 22:54:42,582 | INFO | SPREAD | pair=CHIP/USDC | cex=0.07422/0.07427 | dex_sell=0.0742132 dex_buy=0.0742325 | spread_a=-7.6bps spread_b=-1.7bps | min=30.0bps
2026-05-08 22:54:43,586 | INFO | fetch_order_book: symbol=CHIP/USDC limit=20
2026-05-08 22:54:43,843 | INFO | fetch_order_book: mid=0.074235 spread=6.74bps bids=20 asks=20
2026-05-08 22:54:44,726 | INFO | SPREAD | pair=CHIP/USDC | cex=0.07421/0.07426 | dex_sell=0.0742132 dex_buy=0.0742325 | spread_a=-6.3bps spread_b=-3.0bps | min=30.0bps
2026-05-08 22:54:45,730 | INFO | fetch_order_book: symbol=CHIP/USDC limit=20
2026-05-08 22:54:45,990 | INFO | fetch_order_book: mid=0.074205 spread=6.74bps bids=20 asks=20
2026-05-08 22:54:46,902 | INFO | SPREAD | pair=CHIP/USDC | cex=0.07418/0.07423 | dex_sell=0.0742132 dex_buy=0.0742325 | spread_a=-2.3bps spread_b=-7.1bps | min=30.0bps
2026-05-08 22:54:47,905 | INFO | fetch_order_book: symbol=CHIP/USDC limit=20
2026-05-08 22:54:48,159 | INFO | fetch_order_book: mid=0.074165 spread=9.44bps bids=20 asks=20
2026-05-08 22:54:49,079 | INFO | SPREAD | pair=CHIP/USDC | cex=0.07413/0.0742 | dex_sell=0.0742132 dex_buy=0.0742079 | spread_a=1.8bps spread_b=-10.5bps | min=30.0bps
2026-05-08 22:54:50,082 | INFO | fetch_order_book: symbol=CHIP/USDC limit=20
2026-05-08 22:54:50,338 | INFO | fetch_order_book: mid=0.07414 spread=8.09bps bids=20 asks=20
2026-05-08 22:54:51,224 | INFO | SPREAD | pair=CHIP/USDC | cex=0.07411/0.07417 | dex_sell=0.0741584 dex_buy=0.0741776 | spread_a=-1.6bps spread_b=-9.1bps | min=30.0bps
2026-05-08 22:54:52,227 | INFO | fetch_order_book: symbol=CHIP/USDC limit=20
2026-05-08 22:54:52,483 | INFO | fetch_order_book: mid=0.07414 spread=8.09bps bids=20 asks=20
2026-05-08 22:54:53,366 | INFO | SPREAD | pair=CHIP/USDC | cex=0.07411/0.07417 | dex_sell=0.0741584 dex_buy=0.0741776 | spread_a=-1.6bps spread_b=-9.1bps | min=30.0bps
2026-05-08 22:54:54,370 | INFO | fetch_order_book: symbol=CHIP/USDC limit=20
2026-05-08 22:54:54,678 | INFO | fetch_order_book: mid=0.074145 spread=6.74bps bids=20 asks=20
2026-05-08 22:54:55,643 | INFO | SPREAD | pair=CHIP/USDC | cex=0.07412/0.07417 | dex_sell=0.0741584 dex_buy=0.0741776 | spread_a=-1.6bps spread_b=-7.8bps | min=30.0bps
2026-05-08 22:54:56,646 | INFO | fetch_order_book: symbol=CHIP/USDC limit=20
2026-05-08 22:54:56,903 | INFO | fetch_order_book: mid=0.074145 spread=6.74bps bids=20 asks=20
2026-05-08 22:54:57,832 | INFO | SPREAD | pair=CHIP/USDC | cex=0.07412/0.07417 | dex_sell=0.0741584 dex_buy=0.0741776 | spread_a=-1.6bps spread_b=-7.8bps | min=30.0bps
2026-05-08 22:54:58,835 | INFO | fetch_order_book: symbol=CHIP/USDC limit=20
2026-05-08 22:54:59,092 | INFO | fetch_order_book: mid=0.074185 spread=6.74bps bids=20 asks=20
2026-05-08 22:54:59,999 | INFO | SPREAD | pair=CHIP/USDC | cex=0.07416/0.07421 | dex_sell=0.0741584 dex_buy=0.0741776 | spread_a=-7.0bps spread_b=-2.4bps | min=30.0bps
2026-05-08 22:55:01,003 | INFO | fetch_order_book: symbol=CHIP/USDC limit=20
2026-05-08 22:55:01,265 | INFO | fetch_order_book: mid=0.074145 spread=6.74bps bids=20 asks=20
2026-05-08 22:55:02,156 | INFO | SPREAD | pair=CHIP/USDC | cex=0.07412/0.07417 | dex_sell=0.0741584 dex_buy=0.0741776 | spread_a=-1.6bps spread_b=-7.8bps | min=30.0bps
2026-05-08 22:55:03,160 | INFO | fetch_order_book: symbol=CHIP/USDC limit=20
2026-05-08 22:55:03,418 | INFO | fetch_order_book: mid=0.074175 spread=6.74bps bids=20 asks=20
2026-05-08 22:55:04,306 | INFO | SPREAD | pair=CHIP/USDC | cex=0.07415/0.0742 | dex_sell=0.0741584 dex_buy=0.0741776 | spread_a=-5.6bps spread_b=-3.7bps | min=30.0bps
2026-05-08 22:55:05,309 | INFO | fetch_order_book: symbol=CHIP/USDC limit=20
2026-05-08 22:55:05,566 | INFO | fetch_order_book: mid=0.074215 spread=4.04bps bids=20 asks=20
2026-05-08 22:55:06,476 | INFO | SPREAD | pair=CHIP/USDC | cex=0.0742/0.07423 | dex_sell=0.0741584 dex_buy=0.0742022 | spread_a=-9.7bps spread_b=-0.3bps | min=30.0bps
2026-05-08 22:55:07,478 | INFO | fetch_order_book: symbol=CHIP/USDC limit=20
2026-05-08 22:55:07,734 | INFO | fetch_order_book: mid=0.074115 spread=6.75bps bids=20 asks=20
2026-05-08 22:55:08,689 | INFO | SPREAD | pair=CHIP/USDC | cex=0.07409/0.07414 | dex_sell=0.0741286 dex_buy=0.0740878 | spread_a=-1.5bps spread_b=0.3bps | min=30.0bps
2026-05-08 22:55:09,693 | INFO | fetch_order_book: symbol=CHIP/USDC limit=20
2026-05-08 22:55:09,964 | INFO | fetch_order_book: mid=0.074165 spread=4.05bps bids=20 asks=20
2026-05-08 22:55:10,878 | INFO | SPREAD | pair=CHIP/USDC | cex=0.07415/0.07418 | dex_sell=0.0741431 dex_buy=0.0741623 | spread_a=-5.0bps spread_b=-1.7bps | min=30.0bps
2026-05-08 22:55:11,881 | INFO | fetch_order_book: symbol=CHIP/USDC limit=20
2026-05-08 22:55:12,200 | INFO | fetch_order_book: mid=0.074225 spread=4.04bps bids=20 asks=20
2026-05-08 22:55:13,168 | INFO | SPREAD | pair=CHIP/USDC | cex=0.07421/0.07424 | dex_sell=0.074183 dex_buy=0.0742023 | spread_a=-7.7bps spread_b=1.0bps | min=30.0bps
2026-05-08 22:55:14,172 | INFO | fetch_order_book: symbol=CHIP/USDC limit=20
2026-05-08 22:55:14,435 | INFO | fetch_order_book: mid=0.07421 spread=5.39bps bids=20 asks=20
2026-05-08 22:55:15,377 | INFO | SPREAD | pair=CHIP/USDC | cex=0.07419/0.07423 | dex_sell=0.074213 dex_buy=0.0742323 | spread_a=-2.3bps spread_b=-5.7bps | min=30.0bps
2026-05-08 22:55:16,379 | INFO | fetch_order_book: symbol=CHIP/USDC limit=20
2026-05-08 22:55:16,654 | INFO | fetch_order_book: mid=0.07421 spread=5.39bps bids=20 asks=20
2026-05-08 22:55:17,569 | INFO | SPREAD | pair=CHIP/USDC | cex=0.07419/0.07423 | dex_sell=0.074213 dex_buy=0.0742323 | spread_a=-2.3bps spread_b=-5.7bps | min=30.0bps
2026-05-08 22:55:18,572 | INFO | fetch_order_book: symbol=CHIP/USDC limit=20
2026-05-08 22:55:18,835 | INFO | fetch_order_book: mid=0.07421 spread=5.39bps bids=20 asks=20
2026-05-08 22:55:19,713 | INFO | SPREAD | pair=CHIP/USDC | cex=0.07419/0.07423 | dex_sell=0.074213 dex_buy=0.0742323 | spread_a=-2.3bps spread_b=-5.7bps | min=30.0bps
2026-05-08 22:55:20,716 | INFO | fetch_order_book: symbol=CHIP/USDC limit=20
2026-05-08 22:55:20,971 | INFO | fetch_order_book: mid=0.074285 spread=6.73bps bids=20 asks=20
2026-05-08 22:55:21,902 | INFO | SPREAD | pair=CHIP/USDC | cex=0.07426/0.07431 | dex_sell=0.0742785 dex_buy=0.0742978 | spread_a=-4.2bps spread_b=-5.1bps | min=30.0bps
2026-05-08 22:55:22,905 | INFO | fetch_order_book: symbol=CHIP/USDC limit=20
2026-05-08 22:55:23,245 | INFO | fetch_order_book: mid=0.074365 spread=6.72bps bids=20 asks=20
2026-05-08 22:55:24,165 | INFO | SPREAD | pair=CHIP/USDC | cex=0.07434/0.07439 | dex_sell=0.0742785 dex_buy=0.0743323 | spread_a=-15.0bps spread_b=1.0bps | min=30.0bps
2026-05-08 22:55:25,168 | INFO | fetch_order_book: symbol=CHIP/USDC limit=20
2026-05-08 22:55:25,425 | INFO | fetch_order_book: mid=0.074395 spread=1.34bps bids=20 asks=20
2026-05-08 22:55:26,327 | INFO | SPREAD | pair=CHIP/USDC | cex=0.07439/0.0744 | dex_sell=0.0743511 dex_buy=0.0743704 | spread_a=-6.6bps spread_b=2.6bps | min=30.0bps
2026-05-08 22:55:27,331 | INFO | fetch_order_book: symbol=CHIP/USDC limit=20
2026-05-08 22:55:27,587 | INFO | fetch_order_book: mid=0.07441 spread=5.38bps bids=20 asks=20
2026-05-08 22:55:28,474 | INFO | SPREAD | pair=CHIP/USDC | cex=0.07439/0.07443 | dex_sell=0.0743511 dex_buy=0.0743704 | spread_a=-10.6bps spread_b=2.6bps | min=30.0bps
2026-05-08 22:55:29,477 | INFO | fetch_order_book: symbol=CHIP/USDC limit=20
2026-05-08 22:55:29,772 | INFO | fetch_order_book: mid=0.07439 spread=8.07bps bids=20 asks=20
2026-05-08 22:55:30,676 | INFO | SPREAD | pair=CHIP/USDC | cex=0.07436/0.07442 | dex_sell=0.0743511 dex_buy=0.0743704 | spread_a=-9.3bps spread_b=-1.4bps | min=30.0bps
2026-05-08 22:55:31,678 | INFO | fetch_order_book: symbol=CHIP/USDC limit=20
2026-05-08 22:55:31,958 | INFO | fetch_order_book: mid=0.074485 spread=4.03bps bids=20 asks=20
2026-05-08 22:55:32,832 | INFO | SPREAD | pair=CHIP/USDC | cex=0.07447/0.0745 | dex_sell=0.0744716 dex_buy=0.0744909 | spread_a=-3.8bps spread_b=-2.8bps | min=30.0bps
2026-05-08 22:55:33,835 | INFO | fetch_order_book: symbol=CHIP/USDC limit=20
2026-05-08 22:55:34,117 | INFO | fetch_order_book: mid=0.07444 spread=8.06bps bids=20 asks=20
2026-05-08 22:55:35,041 | INFO | SPREAD | pair=CHIP/USDC | cex=0.07441/0.07447 | dex_sell=0.0744716 dex_buy=0.0744679 | spread_a=0.2bps spread_b=-7.8bps | min=30.0bps
2026-05-08 22:55:36,044 | INFO | fetch_order_book: symbol=CHIP/USDC limit=20
2026-05-08 22:55:36,332 | INFO | fetch_order_book: mid=0.07443 spread=5.37bps bids=20 asks=20
2026-05-08 22:55:37,220 | INFO | SPREAD | pair=CHIP/USDC | cex=0.07441/0.07445 | dex_sell=0.0744486 dex_buy=0.0744679 | spread_a=-0.2bps spread_b=-7.8bps | min=30.0bps
2026-05-08 22:55:38,224 | INFO | fetch_order_book: symbol=CHIP/USDC limit=20
2026-05-08 22:55:38,527 | INFO | fetch_order_book: mid=0.07445 spread=8.06bps bids=20 asks=20
2026-05-08 22:55:39,424 | INFO | SPREAD | pair=CHIP/USDC | cex=0.07442/0.07448 | dex_sell=0.0744486 dex_buy=0.0744679 | spread_a=-4.2bps spread_b=-6.4bps | min=30.0bps
2026-05-08 22:55:40,427 | INFO | fetch_order_book: symbol=CHIP/USDC limit=20
2026-05-08 22:55:40,752 | INFO | fetch_order_book: mid=0.074465 spread=4.03bps bids=20 asks=20
2026-05-08 22:55:41,675 | INFO | SPREAD | pair=CHIP/USDC | cex=0.07445/0.07448 | dex_sell=0.0744487 dex_buy=0.074468 | spread_a=-4.2bps spread_b=-2.4bps | min=30.0bps
2026-05-08 22:55:42,678 | INFO | fetch_order_book: symbol=CHIP/USDC limit=20
2026-05-08 22:55:43,499 | INFO | fetch_order_book: mid=0.074455 spread=6.72bps bids=20 asks=20
2026-05-08 22:55:44,423 | INFO | SPREAD | pair=CHIP/USDC | cex=0.07443/0.07448 | dex_sell=0.0744716 dex_buy=0.0744909 | spread_a=-1.1bps spread_b=-8.2bps | min=30.0bps
2026-05-08 22:55:45,427 | INFO | fetch_order_book: symbol=CHIP/USDC limit=20
2026-05-08 22:55:45,721 | INFO | fetch_order_book: mid=0.07454 spread=8.05bps bids=20 asks=20
2026-05-08 22:55:46,642 | INFO | SPREAD | pair=CHIP/USDC | cex=0.07451/0.07457 | dex_sell=0.0744716 dex_buy=0.074491 | spread_a=-13.2bps spread_b=2.6bps | min=30.0bps
2026-05-08 22:55:47,645 | INFO | fetch_order_book: symbol=CHIP/USDC limit=20
2026-05-08 22:55:47,939 | INFO | fetch_order_book: mid=0.07450 spread=5.37bps bids=20 asks=20
2026-05-08 22:55:48,832 | INFO | SPREAD | pair=CHIP/USDC | cex=0.07448/0.07452 | dex_sell=0.0745508 dex_buy=0.0745479 | spread_a=4.1bps spread_b=-9.1bps | min=30.0bps
2026-05-08 22:55:49,835 | INFO | fetch_order_book: symbol=CHIP/USDC limit=20
2026-05-08 22:55:50,119 | INFO | fetch_order_book: mid=0.07450 spread=5.37bps bids=20 asks=20
2026-05-08 22:55:51,030 | INFO | SPREAD | pair=CHIP/USDC | cex=0.07448/0.07452 | dex_sell=0.0745286 dex_buy=0.0745479 | spread_a=1.2bps spread_b=-9.1bps | min=30.0bps
2026-05-08 22:55:52,032 | INFO | fetch_order_book: symbol=CHIP/USDC limit=20
2026-05-08 22:55:52,312 | INFO | fetch_order_book: mid=0.07450 spread=5.37bps bids=20 asks=20
2026-05-08 22:55:53,217 | INFO | SPREAD | pair=CHIP/USDC | cex=0.07448/0.07452 | dex_sell=0.0745286 dex_buy=0.0745177 | spread_a=1.2bps spread_b=-5.1bps | min=30.0bps
2026-05-08 22:55:54,220 | INFO | fetch_order_book: symbol=CHIP/USDC limit=20
2026-05-08 22:55:54,514 | INFO | fetch_order_book: mid=0.07456 spread=5.36bps bids=20 asks=20
2026-05-08 22:55:55,443 | INFO | SPREAD | pair=CHIP/USDC | cex=0.07454/0.07458 | dex_sell=0.0744984 dex_buy=0.0745421 | spread_a=-10.9bps spread_b=-0.3bps | min=30.0bps
2026-05-08 22:55:56,447 | INFO | fetch_order_book: symbol=CHIP/USDC limit=20
2026-05-08 22:55:56,739 | INFO | fetch_order_book: mid=0.074605 spread=4.02bps bids=20 asks=20
2026-05-08 22:55:57,606 | INFO | SPREAD | pair=CHIP/USDC | cex=0.07459/0.07462 | dex_sell=0.0745508 dex_buy=0.0745701 | spread_a=-9.3bps spread_b=2.7bps | min=30.0bps
2026-05-08 22:55:58,609 | INFO | fetch_order_book: symbol=CHIP/USDC limit=20
2026-05-08 22:55:58,949 | INFO | fetch_order_book: mid=0.074605 spread=6.70bps bids=20 asks=20
2026-05-08 22:55:59,863 | INFO | SPREAD | pair=CHIP/USDC | cex=0.07458/0.07463 | dex_sell=0.0745508 dex_buy=0.0745701 | spread_a=-10.6bps spread_b=1.3bps | min=30.0bps
2026-05-08 22:56:00,866 | INFO | fetch_order_book: symbol=CHIP/USDC limit=20
2026-05-08 22:56:01,121 | INFO | fetch_order_book: mid=0.07459 spread=5.36bps bids=20 asks=20
2026-05-08 22:56:02,073 | INFO | SPREAD | pair=CHIP/USDC | cex=0.07457/0.07461 | dex_sell=0.0745508 dex_buy=0.0745701 | spread_a=-7.9bps spread_b=-0.0bps | min=30.0bps
2026-05-08 22:56:03,076 | INFO | fetch_order_book: symbol=CHIP/USDC limit=20
2026-05-08 22:56:03,331 | INFO | fetch_order_book: mid=0.074625 spread=4.02bps bids=20 asks=20
2026-05-08 22:56:04,225 | INFO | SPREAD | pair=CHIP/USDC | cex=0.07461/0.07464 | dex_sell=0.0745508 dex_buy=0.0745701 | spread_a=-12.0bps spread_b=5.3bps | min=30.0bps
2026-05-08 22:56:05,228 | INFO | fetch_order_book: symbol=CHIP/USDC limit=20
2026-05-08 22:56:05,483 | INFO | fetch_order_book: mid=0.07467 spread=8.04bps bids=20 asks=20
2026-05-08 22:56:06,367 | INFO | SPREAD | pair=CHIP/USDC | cex=0.07464/0.0747 | dex_sell=0.07464 dex_buy=0.0746416 | spread_a=-8.0bps spread_b=-0.2bps | min=30.0bps
2026-05-08 22:56:07,370 | INFO | fetch_order_book: symbol=CHIP/USDC limit=20
2026-05-08 22:56:07,629 | INFO | fetch_order_book: mid=0.074675 spread=6.70bps bids=20 asks=20
2026-05-08 22:56:08,524 | INFO | SPREAD | pair=CHIP/USDC | cex=0.07465/0.0747 | dex_sell=0.0746222 dex_buy=0.0746416 | spread_a=-10.4bps spread_b=1.1bps | min=30.0bps
2026-05-08 22:56:09,528 | INFO | fetch_order_book: symbol=CHIP/USDC limit=20
2026-05-08 22:56:09,782 | INFO | fetch_order_book: mid=0.074645 spread=6.70bps bids=20 asks=20
2026-05-08 22:56:10,698 | INFO | SPREAD | pair=CHIP/USDC | cex=0.07462/0.07467 | dex_sell=0.0746222 dex_buy=0.0746416 | spread_a=-6.4bps spread_b=-2.9bps | min=30.0bps
2026-05-08 22:56:11,702 | INFO | fetch_order_book: symbol=CHIP/USDC limit=20
2026-05-08 22:56:11,961 | INFO | fetch_order_book: mid=0.074625 spread=6.70bps bids=20 asks=20
2026-05-08 22:56:12,868 | INFO | SPREAD | pair=CHIP/USDC | cex=0.0746/0.07465 | dex_sell=0.0746222 dex_buy=0.0746416 | spread_a=-3.7bps spread_b=-5.6bps | min=30.0bps
2026-05-08 22:56:13,872 | INFO | fetch_order_book: symbol=CHIP/USDC limit=20
2026-05-08 22:56:14,127 | INFO | fetch_order_book: mid=0.07465 spread=5.36bps bids=20 asks=20
2026-05-08 22:56:15,043 | INFO | SPREAD | pair=CHIP/USDC | cex=0.07463/0.07467 | dex_sell=0.0746222 dex_buy=0.0746416 | spread_a=-6.4bps spread_b=-1.6bps | min=30.0bps
2026-05-08 22:56:16,046 | INFO | fetch_order_book: symbol=CHIP/USDC limit=20
2026-05-08 22:56:16,307 | INFO | fetch_order_book: mid=0.074605 spread=4.02bps bids=20 asks=20
2026-05-08 22:56:17,232 | INFO | SPREAD | pair=CHIP/USDC | cex=0.07459/0.07462 | dex_sell=0.0746222 dex_buy=0.0746416 | spread_a=0.3bps spread_b=-6.9bps | min=30.0bps
2026-05-08 22:56:18,236 | INFO | fetch_order_book: symbol=CHIP/USDC limit=20
2026-05-08 22:56:18,507 | INFO | fetch_order_book: mid=0.07464 spread=5.36bps bids=20 asks=20
2026-05-08 22:56:19,444 | INFO | SPREAD | pair=CHIP/USDC | cex=0.07462/0.07466 | dex_sell=0.074622 dex_buy=0.0746414 | spread_a=-5.1bps spread_b=-2.9bps | min=30.0bps
2026-05-08 22:56:20,447 | INFO | fetch_order_book: symbol=CHIP/USDC limit=20
2026-05-08 22:56:20,707 | INFO | fetch_order_book: mid=0.074635 spread=4.02bps bids=20 asks=20
2026-05-08 22:56:21,601 | INFO | SPREAD | pair=CHIP/USDC | cex=0.07462/0.07465 | dex_sell=0.074622 dex_buy=0.0746414 | spread_a=-3.7bps spread_b=-2.9bps | min=30.0bps
2026-05-08 22:56:22,604 | INFO | fetch_order_book: symbol=CHIP/USDC limit=20
2026-05-08 22:56:22,860 | INFO | fetch_order_book: mid=0.07464 spread=5.36bps bids=20 asks=20
2026-05-08 22:56:23,814 | INFO | SPREAD | pair=CHIP/USDC | cex=0.07462/0.07466 | dex_sell=0.074622 dex_buy=0.0746414 | spread_a=-5.1bps spread_b=-2.9bps | min=30.0bps
2026-05-08 22:56:24,817 | INFO | fetch_order_book: symbol=CHIP/USDC limit=20
2026-05-08 22:56:25,072 | INFO | fetch_order_book: mid=0.07464 spread=5.36bps bids=20 asks=20
2026-05-08 22:56:25,950 | INFO | SPREAD | pair=CHIP/USDC | cex=0.07462/0.07466 | dex_sell=0.074622 dex_buy=0.0746414 | spread_a=-5.1bps spread_b=-2.9bps | min=30.0bps
2026-05-08 22:56:26,953 | INFO | fetch_order_book: symbol=CHIP/USDC limit=20
2026-05-08 22:56:27,209 | INFO | fetch_order_book: mid=0.07469 spread=5.36bps bids=20 asks=20
2026-05-08 22:56:28,090 | INFO | SPREAD | pair=CHIP/USDC | cex=0.07467/0.07471 | dex_sell=0.074622 dex_buy=0.0746414 | spread_a=-11.8bps spread_b=3.8bps | min=30.0bps
2026-05-08 22:56:29,094 | INFO | fetch_order_book: symbol=CHIP/USDC limit=20
2026-05-08 22:56:29,399 | INFO | fetch_order_book: mid=0.07470 spread=5.35bps bids=20 asks=20
2026-05-08 22:56:30,319 | INFO | SPREAD | pair=CHIP/USDC | cex=0.07468/0.07472 | dex_sell=0.0747077 dex_buy=0.0747332 | spread_a=-1.6bps spread_b=-7.1bps | min=30.0bps
2026-05-08 22:56:31,321 | INFO | fetch_order_book: symbol=CHIP/USDC limit=20
2026-05-08 22:56:32,052 | INFO | fetch_order_book: mid=0.07460 spread=5.36bps bids=20 asks=20
2026-05-08 22:56:33,002 | INFO | SPREAD | pair=CHIP/USDC | cex=0.07458/0.07462 | dex_sell=0.0746654 dex_buy=0.0746908 | spread_a=6.1bps spread_b=-14.8bps | min=30.0bps
2026-05-08 22:56:34,006 | INFO | fetch_order_book: symbol=CHIP/USDC limit=20
2026-05-08 22:56:34,268 | INFO | fetch_order_book: mid=0.07464 spread=5.36bps bids=20 asks=20
2026-05-08 22:56:35,196 | INFO | SPREAD | pair=CHIP/USDC | cex=0.07462/0.07466 | dex_sell=0.0746528 dex_buy=0.0746742 | spread_a=-1.0bps spread_b=-7.3bps | min=30.0bps
2026-05-08 22:56:36,199 | INFO | fetch_order_book: symbol=CHIP/USDC limit=20
2026-05-08 22:56:36,457 | INFO | fetch_order_book: mid=0.07471 spread=2.68bps bids=20 asks=20
2026-05-08 22:56:37,369 | INFO | SPREAD | pair=CHIP/USDC | cex=0.0747/0.07472 | dex_sell=0.0746528 dex_buy=0.0746742 | spread_a=-9.0bps spread_b=3.4bps | min=30.0bps
2026-05-08 22:56:38,371 | INFO | fetch_order_book: symbol=CHIP/USDC limit=20
2026-05-08 22:56:38,628 | INFO | fetch_order_book: mid=0.07473 spread=5.35bps bids=20 asks=20
2026-05-08 22:56:39,535 | INFO | SPREAD | pair=CHIP/USDC | cex=0.07471/0.07475 | dex_sell=0.0747081 dex_buy=0.0747336 | spread_a=-5.6bps spread_b=-3.2bps | min=30.0bps
2026-05-08 22:56:40,538 | INFO | fetch_order_book: symbol=CHIP/USDC limit=20
2026-05-08 22:56:40,795 | INFO | fetch_order_book: mid=0.074715 spread=6.69bps bids=20 asks=20
2026-05-08 22:56:41,730 | INFO | SPREAD | pair=CHIP/USDC | cex=0.07469/0.07474 | dex_sell=0.0747081 dex_buy=0.0747336 | spread_a=-4.3bps spread_b=-5.8bps | min=30.0bps
2026-05-08 22:56:42,734 | INFO | fetch_order_book: symbol=CHIP/USDC limit=20
2026-05-08 22:56:42,989 | INFO | fetch_order_book: mid=0.074705 spread=9.37bps bids=20 asks=20
2026-05-08 22:56:43,913 | INFO | SPREAD | pair=CHIP/USDC | cex=0.07467/0.07474 | dex_sell=0.0747081 dex_buy=0.0747336 | spread_a=-4.3bps spread_b=-8.5bps | min=30.0bps
2026-05-08 22:56:44,916 | INFO | fetch_order_book: symbol=CHIP/USDC limit=20
2026-05-08 22:56:45,655 | INFO | fetch_order_book: mid=0.074705 spread=6.69bps bids=20 asks=20
2026-05-08 22:56:46,515 | INFO | SPREAD | pair=CHIP/USDC | cex=0.07468/0.07473 | dex_sell=0.0747081 dex_buy=0.0747336 | spread_a=-2.9bps spread_b=-7.2bps | min=30.0bps
2026-05-08 22:56:47,517 | INFO | fetch_order_book: symbol=CHIP/USDC limit=20
2026-05-08 22:56:47,771 | INFO | fetch_order_book: mid=0.074685 spread=6.69bps bids=20 asks=20
2026-05-08 22:56:48,679 | INFO | SPREAD | pair=CHIP/USDC | cex=0.07466/0.07471 | dex_sell=0.0747081 dex_buy=0.0747336 | spread_a=-0.3bps spread_b=-9.8bps | min=30.0bps
2026-05-08 22:56:49,682 | INFO | fetch_order_book: symbol=CHIP/USDC limit=20
2026-05-08 22:56:49,937 | INFO | fetch_order_book: mid=0.07468 spread=8.03bps bids=20 asks=20
2026-05-08 22:56:50,820 | INFO | SPREAD | pair=CHIP/USDC | cex=0.07465/0.07471 | dex_sell=0.0747081 dex_buy=0.0747336 | spread_a=-0.3bps spread_b=-11.2bps | min=30.0bps
2026-05-08 22:56:51,822 | INFO | fetch_order_book: symbol=CHIP/USDC limit=20
2026-05-08 22:56:52,077 | INFO | fetch_order_book: mid=0.07470 spread=5.35bps bids=20 asks=20
2026-05-08 22:56:53,008 | INFO | SPREAD | pair=CHIP/USDC | cex=0.07468/0.07472 | dex_sell=0.0747081 dex_buy=0.0747336 | spread_a=-1.6bps spread_b=-7.2bps | min=30.0bps
2026-05-08 22:56:54,011 | INFO | fetch_order_book: symbol=CHIP/USDC limit=20
2026-05-08 22:56:54,268 | INFO | fetch_order_book: mid=0.074695 spread=6.69bps bids=20 asks=20
2026-05-08 22:56:55,153 | INFO | SPREAD | pair=CHIP/USDC | cex=0.07467/0.07472 | dex_sell=0.0747081 dex_buy=0.0747336 | spread_a=-1.6bps spread_b=-8.5bps | min=30.0bps
2026-05-08 22:56:56,157 | INFO | fetch_order_book: symbol=CHIP/USDC limit=20
2026-05-08 22:56:56,412 | INFO | fetch_order_book: mid=0.074695 spread=6.69bps bids=20 asks=20
2026-05-08 22:56:57,265 | INFO | SPREAD | pair=CHIP/USDC | cex=0.07467/0.07472 | dex_sell=0.0747081 dex_buy=0.0747336 | spread_a=-1.6bps spread_b=-8.5bps | min=30.0bps
2026-05-08 22:56:58,269 | INFO | fetch_order_book: symbol=CHIP/USDC limit=20
2026-05-08 22:56:58,525 | INFO | fetch_order_book: mid=0.074685 spread=9.37bps bids=20 asks=20
2026-05-08 22:56:59,394 | INFO | SPREAD | pair=CHIP/USDC | cex=0.07465/0.07472 | dex_sell=0.0747081 dex_buy=0.0747336 | spread_a=-1.6bps spread_b=-11.2bps | min=30.0bps
2026-05-08 22:57:00,398 | INFO | fetch_order_book: symbol=CHIP/USDC limit=20
2026-05-08 22:57:00,665 | INFO | fetch_order_book: mid=0.074655 spread=4.02bps bids=20 asks=20
2026-05-08 22:57:01,592 | INFO | SPREAD | pair=CHIP/USDC | cex=0.07464/0.07467 | dex_sell=0.0746657 dex_buy=0.0746912 | spread_a=-0.6bps spread_b=-6.9bps | min=30.0bps
2026-05-08 22:57:02,596 | INFO | fetch_order_book: symbol=CHIP/USDC limit=20
2026-05-08 22:57:02,849 | INFO | fetch_order_book: mid=0.07467 spread=5.36bps bids=20 asks=20
2026-05-08 22:57:03,783 | INFO | SPREAD | pair=CHIP/USDC | cex=0.07465/0.07469 | dex_sell=0.0746657 dex_buy=0.0746912 | spread_a=-3.2bps spread_b=-5.5bps | min=30.0bps
2026-05-08 22:57:04,786 | INFO | fetch_order_book: symbol=CHIP/USDC limit=20
2026-05-08 22:57:05,045 | INFO | fetch_order_book: mid=0.074615 spread=4.02bps bids=20 asks=20
2026-05-08 22:57:05,911 | INFO | SPREAD | pair=CHIP/USDC | cex=0.0746/0.07463 | dex_sell=0.0746657 dex_buy=0.0746912 | spread_a=4.8bps spread_b=-12.2bps | min=30.0bps
2026-05-08 22:57:06,915 | INFO | fetch_order_book: symbol=CHIP/USDC limit=20
2026-05-08 22:57:07,171 | INFO | fetch_order_book: mid=0.074565 spread=6.71bps bids=20 asks=20
2026-05-08 22:57:08,089 | INFO | SPREAD | pair=CHIP/USDC | cex=0.07454/0.07459 | dex_sell=0.0745885 dex_buy=0.0746079 | spread_a=-0.2bps spread_b=-9.1bps | min=30.0bps
2026-05-08 22:57:09,092 | INFO | fetch_order_book: symbol=CHIP/USDC limit=20
2026-05-08 22:57:09,346 | INFO | fetch_order_book: mid=0.07456 spread=8.05bps bids=20 asks=20
2026-05-08 22:57:10,256 | INFO | SPREAD | pair=CHIP/USDC | cex=0.07453/0.07459 | dex_sell=0.0745586 dex_buy=0.074578 | spread_a=-4.2bps spread_b=-6.4bps | min=30.0bps
2026-05-08 22:57:11,259 | INFO | fetch_order_book: symbol=CHIP/USDC limit=20
2026-05-08 22:57:11,515 | INFO | fetch_order_book: mid=0.07460 spread=8.04bps bids=20 asks=20
2026-05-08 22:57:12,443 | INFO | SPREAD | pair=CHIP/USDC | cex=0.07457/0.07463 | dex_sell=0.0745827 dex_buy=0.0746321 | spread_a=-6.3bps spread_b=-8.3bps | min=30.0bps
2026-05-08 22:57:13,447 | INFO | fetch_order_book: symbol=CHIP/USDC limit=20
2026-05-08 22:57:13,700 | INFO | fetch_order_book: mid=0.074595 spread=9.38bps bids=20 asks=20
2026-05-08 22:57:14,626 | INFO | SPREAD | pair=CHIP/USDC | cex=0.07456/0.07463 | dex_sell=0.0746128 dex_buy=0.0746321 | spread_a=-2.3bps spread_b=-9.7bps | min=30.0bps
2026-05-08 22:57:15,629 | INFO | fetch_order_book: symbol=CHIP/USDC limit=20
2026-05-08 22:57:15,887 | INFO | fetch_order_book: mid=0.074575 spread=6.70bps bids=20 asks=20
2026-05-08 22:57:16,811 | INFO | SPREAD | pair=CHIP/USDC | cex=0.07455/0.0746 | dex_sell=0.0746128 dex_buy=0.0746321 | spread_a=1.7bps spread_b=-11.0bps | min=30.0bps
2026-05-08 22:57:17,815 | INFO | fetch_order_book: symbol=CHIP/USDC limit=20
2026-05-08 22:57:18,137 | INFO | fetch_order_book: mid=0.074575 spread=6.70bps bids=20 asks=20
2026-05-08 22:57:19,021 | INFO | SPREAD | pair=CHIP/USDC | cex=0.07455/0.0746 | dex_sell=0.0746128 dex_buy=0.0746321 | spread_a=1.7bps spread_b=-11.0bps | min=30.0bps
2026-05-08 22:57:20,025 | INFO | fetch_order_book: symbol=CHIP/USDC limit=20
2026-05-08 22:57:20,282 | INFO | fetch_order_book: mid=0.074575 spread=6.70bps bids=20 asks=20
2026-05-08 22:57:21,260 | INFO | SPREAD | pair=CHIP/USDC | cex=0.07455/0.0746 | dex_sell=0.0746128 dex_buy=0.0746321 | spread_a=1.7bps spread_b=-11.0bps | min=30.0bps
2026-05-08 22:57:22,263 | INFO | fetch_order_book: symbol=CHIP/USDC limit=20
2026-05-08 22:57:22,523 | INFO | fetch_order_book: mid=0.074485 spread=6.71bps bids=20 asks=20
2026-05-08 22:57:23,431 | INFO | SPREAD | pair=CHIP/USDC | cex=0.07446/0.07451 | dex_sell=0.0744928 dex_buy=0.0745122 | spread_a=-2.3bps spread_b=-7.0bps | min=30.0bps
2026-05-08 22:57:24,435 | INFO | fetch_order_book: symbol=CHIP/USDC limit=20
2026-05-08 22:57:24,691 | INFO | fetch_order_book: mid=0.074485 spread=6.71bps bids=20 asks=20
2026-05-08 22:57:25,619 | INFO | SPREAD | pair=CHIP/USDC | cex=0.07446/0.07451 | dex_sell=0.0744928 dex_buy=0.0745122 | spread_a=-2.3bps spread_b=-7.0bps | min=30.0bps
2026-05-08 22:57:26,622 | INFO | fetch_order_book: symbol=CHIP/USDC limit=20
2026-05-08 22:57:26,878 | INFO | fetch_order_book: mid=0.074485 spread=6.71bps bids=20 asks=20
2026-05-08 22:57:27,793 | INFO | SPREAD | pair=CHIP/USDC | cex=0.07446/0.07451 | dex_sell=0.0744928 dex_buy=0.0745122 | spread_a=-2.3bps spread_b=-7.0bps | min=30.0bps
2026-05-08 22:57:28,796 | INFO | fetch_order_book: symbol=CHIP/USDC limit=20
2026-05-08 22:57:29,059 | INFO | fetch_order_book: mid=0.074495 spread=4.03bps bids=20 asks=20
2026-05-08 22:57:29,994 | INFO | SPREAD | pair=CHIP/USDC | cex=0.07448/0.07451 | dex_sell=0.0744928 dex_buy=0.0745122 | spread_a=-2.3bps spread_b=-4.3bps | min=30.0bps
2026-05-08 22:57:30,998 | INFO | fetch_order_book: symbol=CHIP/USDC limit=20
2026-05-08 22:57:31,259 | INFO | fetch_order_book: mid=0.07476 spread=5.35bps bids=20 asks=20
2026-05-08 22:57:32,177 | INFO | SPREAD | pair=CHIP/USDC | cex=0.07474/0.07478 | dex_sell=0.0747698 dex_buy=0.0747953 | spread_a=-1.4bps spread_b=-7.4bps | min=30.0bps
2026-05-08 22:57:33,181 | INFO | fetch_order_book: symbol=CHIP/USDC limit=20
2026-05-08 22:57:33,919 | INFO | fetch_order_book: mid=0.07478 spread=2.67bps bids=20 asks=20
2026-05-08 22:57:34,805 | INFO | SPREAD | pair=CHIP/USDC | cex=0.07477/0.07479 | dex_sell=0.0747698 dex_buy=0.0747953 | spread_a=-2.7bps spread_b=-3.4bps | min=30.0bps
2026-05-08 22:57:35,809 | INFO | fetch_order_book: symbol=CHIP/USDC limit=20
2026-05-08 22:57:36,061 | INFO | fetch_order_book: mid=0.074705 spread=6.69bps bids=20 asks=20
2026-05-08 22:57:36,990 | INFO | SPREAD | pair=CHIP/USDC | cex=0.07468/0.07473 | dex_sell=0.0747698 dex_buy=0.0747609 | spread_a=5.3bps spread_b=-10.8bps | min=30.0bps
2026-05-08 22:57:37,993 | INFO | fetch_order_book: symbol=CHIP/USDC limit=20
2026-05-08 22:57:38,252 | INFO | fetch_order_book: mid=0.07469 spread=2.68bps bids=20 asks=20
2026-05-08 22:57:39,181 | INFO | SPREAD | pair=CHIP/USDC | cex=0.07468/0.0747 | dex_sell=0.0746955 dex_buy=0.0747209 | spread_a=-0.6bps spread_b=-5.5bps | min=30.0bps
2026-05-08 22:57:40,184 | INFO | fetch_order_book: symbol=CHIP/USDC limit=20
2026-05-08 22:57:40,439 | INFO | fetch_order_book: mid=0.07460 spread=8.04bps bids=20 asks=20
2026-05-08 22:57:41,359 | INFO | SPREAD | pair=CHIP/USDC | cex=0.07457/0.07463 | dex_sell=0.0745784 dex_buy=0.0745978 | spread_a=-6.9bps spread_b=-3.7bps | min=30.0bps
2026-05-08 22:57:42,360 | INFO | fetch_order_book: symbol=CHIP/USDC limit=20
2026-05-08 22:57:42,712 | INFO | fetch_order_book: mid=0.074585 spread=4.02bps bids=20 asks=20
2026-05-08 22:57:43,639 | INFO | SPREAD | pair=CHIP/USDC | cex=0.07457/0.0746 | dex_sell=0.0745954 dex_buy=0.0746148 | spread_a=-0.6bps spread_b=-6.0bps | min=30.0bps
2026-05-08 22:57:44,642 | INFO | fetch_order_book: symbol=CHIP/USDC limit=20
2026-05-08 22:57:44,898 | INFO | fetch_order_book: mid=0.074585 spread=4.02bps bids=20 asks=20
2026-05-08 22:57:45,791 | INFO | SPREAD | pair=CHIP/USDC | cex=0.07457/0.0746 | dex_sell=0.0745954 dex_buy=0.0746148 | spread_a=-0.6bps spread_b=-6.0bps | min=30.0bps
2026-05-08 22:57:46,795 | INFO | fetch_order_book: symbol=CHIP/USDC limit=20
2026-05-08 22:57:47,049 | INFO | fetch_order_book: mid=0.07455 spread=5.37bps bids=20 asks=20
2026-05-08 22:57:47,962 | INFO | SPREAD | pair=CHIP/USDC | cex=0.07453/0.07457 | dex_sell=0.0745285 dex_buy=0.0745722 | spread_a=-5.6bps spread_b=-5.7bps | min=30.0bps
2026-05-08 22:57:48,966 | INFO | fetch_order_book: symbol=CHIP/USDC limit=20
2026-05-08 22:57:49,266 | INFO | fetch_order_book: mid=0.07454 spread=5.37bps bids=20 asks=20
2026-05-08 22:57:50,174 | INFO | SPREAD | pair=CHIP/USDC | cex=0.07452/0.07456 | dex_sell=0.0745528 dex_buy=0.0745722 | spread_a=-1.0bps spread_b=-7.0bps | min=30.0bps
2026-05-08 22:57:51,178 | INFO | fetch_order_book: symbol=CHIP/USDC limit=20
2026-05-08 22:57:51,439 | INFO | fetch_order_book: mid=0.074495 spread=4.03bps bids=20 asks=20
2026-05-08 22:57:52,352 | INFO | SPREAD | pair=CHIP/USDC | cex=0.07448/0.07451 | dex_sell=0.0745286 dex_buy=0.0745479 | spread_a=2.5bps spread_b=-9.1bps | min=30.0bps
2026-05-08 22:57:53,355 | INFO | fetch_order_book: symbol=CHIP/USDC limit=20
2026-05-08 22:57:53,609 | INFO | fetch_order_book: mid=0.07453 spread=5.37bps bids=20 asks=20
2026-05-08 22:57:54,535 | INFO | SPREAD | pair=CHIP/USDC | cex=0.07451/0.07455 | dex_sell=0.0745286 dex_buy=0.0745479 | spread_a=-2.9bps spread_b=-5.1bps | min=30.0bps
2026-05-08 22:57:55,537 | INFO | fetch_order_book: symbol=CHIP/USDC limit=20
2026-05-08 22:57:55,792 | INFO | fetch_order_book: mid=0.07449 spread=2.68bps bids=20 asks=20
2026-05-08 22:57:56,709 | INFO | SPREAD | pair=CHIP/USDC | cex=0.07448/0.0745 | dex_sell=0.0745286 dex_buy=0.0745479 | spread_a=3.8bps spread_b=-9.1bps | min=30.0bps
2026-05-08 22:57:57,712 | INFO | fetch_order_book: symbol=CHIP/USDC limit=20
2026-05-08 22:57:57,967 | INFO | fetch_order_book: mid=0.07445 spread=2.69bps bids=20 asks=20
2026-05-08 22:57:58,882 | INFO | SPREAD | pair=CHIP/USDC | cex=0.07444/0.07446 | dex_sell=0.0744984 dex_buy=0.0745177 | spread_a=5.2bps spread_b=-10.4bps | min=30.0bps
2026-05-08 22:57:59,884 | INFO | fetch_order_book: symbol=CHIP/USDC limit=20
2026-05-08 22:58:00,141 | INFO | fetch_order_book: mid=0.074435 spread=4.03bps bids=20 asks=20
2026-05-08 22:58:01,031 | INFO | SPREAD | pair=CHIP/USDC | cex=0.07442/0.07445 | dex_sell=0.0744685 dex_buy=0.0744879 | spread_a=2.5bps spread_b=-9.1bps | min=30.0bps
2026-05-08 22:58:02,034 | INFO | fetch_order_book: symbol=CHIP/USDC limit=20
2026-05-08 22:58:02,771 | INFO | fetch_order_book: mid=0.074415 spread=1.34bps bids=20 asks=20
2026-05-08 22:58:03,664 | INFO | SPREAD | pair=CHIP/USDC | cex=0.07441/0.07442 | dex_sell=0.0744384 dex_buy=0.0744577 | spread_a=2.5bps spread_b=-6.4bps | min=30.0bps
2026-05-08 22:58:04,668 | INFO | fetch_order_book: symbol=CHIP/USDC limit=20
2026-05-08 22:58:04,925 | INFO | fetch_order_book: mid=0.074345 spread=4.04bps bids=20 asks=20
2026-05-08 22:58:05,872 | INFO | SPREAD | pair=CHIP/USDC | cex=0.07433/0.07436 | dex_sell=0.0743986 dex_buy=0.0744179 | spread_a=5.2bps spread_b=-11.8bps | min=30.0bps
2026-05-08 22:58:06,876 | INFO | fetch_order_book: symbol=CHIP/USDC limit=20
2026-05-08 22:58:07,139 | INFO | fetch_order_book: mid=0.074355 spread=6.72bps bids=20 asks=20
2026-05-08 22:58:08,150 | INFO | SPREAD | pair=CHIP/USDC | cex=0.07433/0.07438 | dex_sell=0.0743584 dex_buy=0.0744023 | spread_a=-2.9bps spread_b=-9.7bps | min=30.0bps
2026-05-08 22:58:09,153 | INFO | fetch_order_book: symbol=CHIP/USDC limit=20
2026-05-08 22:58:09,466 | INFO | fetch_order_book: mid=0.07438 spread=8.07bps bids=20 asks=20
2026-05-08 22:58:10,346 | INFO | SPREAD | pair=CHIP/USDC | cex=0.07435/0.07441 | dex_sell=0.074383 dex_buy=0.0744023 | spread_a=-3.6bps spread_b=-7.0bps | min=30.0bps
2026-05-08 22:58:11,350 | INFO | fetch_order_book: symbol=CHIP/USDC limit=20
2026-05-08 22:58:11,607 | INFO | fetch_order_book: mid=0.07439 spread=5.38bps bids=20 asks=20
2026-05-08 22:58:12,522 | INFO | SPREAD | pair=CHIP/USDC | cex=0.07437/0.07441 | dex_sell=0.074423 dex_buy=0.0744424 | spread_a=1.8bps spread_b=-9.7bps | min=30.0bps
2026-05-08 22:58:13,526 | INFO | fetch_order_book: symbol=CHIP/USDC limit=20
2026-05-08 22:58:13,790 | INFO | fetch_order_book: mid=0.07439 spread=5.38bps bids=20 asks=20
2026-05-08 22:58:14,706 | INFO | SPREAD | pair=CHIP/USDC | cex=0.07437/0.07441 | dex_sell=0.074423 dex_buy=0.0744424 | spread_a=1.8bps spread_b=-9.7bps | min=30.0bps
2026-05-08 22:58:15,710 | INFO | fetch_order_book: symbol=CHIP/USDC limit=20
2026-05-08 22:58:16,446 | INFO | fetch_order_book: mid=0.074375 spread=6.72bps bids=20 asks=20
2026-05-08 22:58:17,347 | INFO | SPREAD | pair=CHIP/USDC | cex=0.07435/0.0744 | dex_sell=0.0743986 dex_buy=0.0744179 | spread_a=-0.2bps spread_b=-9.1bps | min=30.0bps
2026-05-08 22:58:18,350 | INFO | fetch_order_book: symbol=CHIP/USDC limit=20
2026-05-08 22:58:18,603 | INFO | fetch_order_book: mid=0.07438 spread=5.38bps bids=20 asks=20
2026-05-08 22:58:19,507 | INFO | SPREAD | pair=CHIP/USDC | cex=0.07436/0.0744 | dex_sell=0.0743986 dex_buy=0.0744179 | spread_a=-0.2bps spread_b=-7.8bps | min=30.0bps
2026-05-08 22:58:20,509 | INFO | fetch_order_book: symbol=CHIP/USDC limit=20
2026-05-08 22:58:20,763 | INFO | fetch_order_book: mid=0.074355 spread=6.72bps bids=20 asks=20
2026-05-08 22:58:21,651 | INFO | SPREAD | pair=CHIP/USDC | cex=0.07433/0.07438 | dex_sell=0.0743986 dex_buy=0.0744179 | spread_a=2.5bps spread_b=-11.8bps | min=30.0bps
2026-05-08 22:58:22,654 | INFO | fetch_order_book: symbol=CHIP/USDC limit=20
2026-05-08 22:58:22,906 | INFO | fetch_order_book: mid=0.07436 spread=5.38bps bids=20 asks=20
2026-05-08 22:58:23,845 | INFO | SPREAD | pair=CHIP/USDC | cex=0.07434/0.07438 | dex_sell=0.0743986 dex_buy=0.0744179 | spread_a=2.5bps spread_b=-10.5bps | min=30.0bps
2026-05-08 22:58:24,847 | INFO | fetch_order_book: symbol=CHIP/USDC limit=20
2026-05-08 22:58:25,587 | INFO | fetch_order_book: mid=0.07451 spread=2.68bps bids=20 asks=20
2026-05-08 22:58:26,503 | INFO | SPREAD | pair=CHIP/USDC | cex=0.0745/0.07452 | dex_sell=0.0744229 dex_buy=0.0745218 | spread_a=-13.0bps spread_b=-2.9bps | min=30.0bps
2026-05-08 22:58:27,506 | INFO | fetch_order_book: symbol=CHIP/USDC limit=20
2026-05-08 22:58:27,767 | INFO | fetch_order_book: mid=0.074505 spread=4.03bps bids=20 asks=20
2026-05-08 22:58:28,696 | INFO | SPREAD | pair=CHIP/USDC | cex=0.07449/0.07452 | dex_sell=0.0745025 dex_buy=0.0745218 | spread_a=-2.3bps spread_b=-4.3bps | min=30.0bps
2026-05-08 22:58:29,699 | INFO | fetch_order_book: symbol=CHIP/USDC limit=20
2026-05-08 22:58:29,958 | INFO | fetch_order_book: mid=0.074445 spread=6.72bps bids=20 asks=20
2026-05-08 22:58:30,867 | INFO | SPREAD | pair=CHIP/USDC | cex=0.07442/0.07447 | dex_sell=0.0745025 dex_buy=0.0744885 | spread_a=4.4bps spread_b=-9.2bps | min=30.0bps
2026-05-08 22:58:31,871 | INFO | fetch_order_book: symbol=CHIP/USDC limit=20
2026-05-08 22:58:32,129 | INFO | fetch_order_book: mid=0.074505 spread=4.03bps bids=20 asks=20
2026-05-08 22:58:33,079 | INFO | SPREAD | pair=CHIP/USDC | cex=0.07449/0.07452 | dex_sell=0.0744692 dex_buy=0.0745223 | spread_a=-6.8bps spread_b=-4.3bps | min=30.0bps
2026-05-08 22:58:34,082 | INFO | fetch_order_book: symbol=CHIP/USDC limit=20
2026-05-08 22:58:34,566 | INFO | fetch_order_book: mid=0.074475 spread=6.71bps bids=20 asks=20
2026-05-08 22:58:35,552 | INFO | SPREAD | pair=CHIP/USDC | cex=0.07445/0.0745 | dex_sell=0.074503 dex_buy=0.0745223 | spread_a=0.4bps spread_b=-9.7bps | min=30.0bps
2026-05-08 22:58:36,555 | INFO | fetch_order_book: symbol=CHIP/USDC limit=20
2026-05-08 22:58:36,821 | INFO | fetch_order_book: mid=0.074465 spread=4.03bps bids=20 asks=20
2026-05-08 22:58:37,765 | INFO | SPREAD | pair=CHIP/USDC | cex=0.07445/0.07448 | dex_sell=0.0744785 dex_buy=0.0744979 | spread_a=-0.2bps spread_b=-6.4bps | min=30.0bps
2026-05-08 22:58:38,769 | INFO | fetch_order_book: symbol=CHIP/USDC limit=20
2026-05-08 22:58:39,032 | INFO | fetch_order_book: mid=0.074465 spread=6.71bps bids=20 asks=20
2026-05-08 22:58:40,004 | INFO | SPREAD | pair=CHIP/USDC | cex=0.07444/0.07449 | dex_sell=0.0744785 dex_buy=0.0744979 | spread_a=-1.5bps spread_b=-7.8bps | min=30.0bps
2026-05-08 22:58:41,007 | INFO | fetch_order_book: symbol=CHIP/USDC limit=20
2026-05-08 22:58:41,265 | INFO | fetch_order_book: mid=0.07443 spread=5.37bps bids=20 asks=20
2026-05-08 22:58:42,168 | INFO | SPREAD | pair=CHIP/USDC | cex=0.07441/0.07445 | dex_sell=0.0744785 dex_buy=0.0744979 | spread_a=3.8bps spread_b=-11.8bps | min=30.0bps
2026-05-08 22:58:43,172 | INFO | fetch_order_book: symbol=CHIP/USDC limit=20
2026-05-08 22:58:43,428 | INFO | fetch_order_book: mid=0.074435 spread=6.72bps bids=20 asks=20
2026-05-08 22:58:44,315 | INFO | SPREAD | pair=CHIP/USDC | cex=0.07441/0.07446 | dex_sell=0.0744487 dex_buy=0.074468 | spread_a=-1.5bps spread_b=-7.8bps | min=30.0bps
2026-05-08 22:58:45,319 | INFO | fetch_order_book: symbol=CHIP/USDC limit=20
2026-05-08 22:58:45,583 | INFO | fetch_order_book: mid=0.07444 spread=5.37bps bids=20 asks=20
2026-05-08 22:58:46,499 | INFO | SPREAD | pair=CHIP/USDC | cex=0.07442/0.07446 | dex_sell=0.0744487 dex_buy=0.074468 | spread_a=-1.5bps spread_b=-6.4bps | min=30.0bps
2026-05-08 22:58:47,502 | INFO | fetch_order_book: symbol=CHIP/USDC limit=20
2026-05-08 22:58:47,758 | INFO | fetch_order_book: mid=0.07445 spread=5.37bps bids=20 asks=20
2026-05-08 22:58:48,719 | INFO | SPREAD | pair=CHIP/USDC | cex=0.07443/0.07447 | dex_sell=0.0744487 dex_buy=0.074468 | spread_a=-2.9bps spread_b=-5.1bps | min=30.0bps
2026-05-08 22:58:49,723 | INFO | fetch_order_book: symbol=CHIP/USDC limit=20
2026-05-08 22:58:49,978 | INFO | fetch_order_book: mid=0.07445 spread=5.37bps bids=20 asks=20
2026-05-08 22:58:50,924 | INFO | SPREAD | pair=CHIP/USDC | cex=0.07443/0.07447 | dex_sell=0.0744487 dex_buy=0.074468 | spread_a=-2.9bps spread_b=-5.1bps | min=30.0bps
2026-05-08 22:58:51,927 | INFO | fetch_order_book: symbol=CHIP/USDC limit=20
2026-05-08 22:58:52,182 | INFO | fetch_order_book: mid=0.07447 spread=5.37bps bids=20 asks=20
2026-05-08 22:58:53,066 | INFO | SPREAD | pair=CHIP/USDC | cex=0.07445/0.07449 | dex_sell=0.0744487 dex_buy=0.0744921 | spread_a=-5.5bps spread_b=-5.7bps | min=30.0bps
2026-05-08 22:58:54,070 | INFO | fetch_order_book: symbol=CHIP/USDC limit=20
2026-05-08 22:58:54,324 | INFO | fetch_order_book: mid=0.07447 spread=5.37bps bids=20 asks=20
2026-05-08 22:58:55,271 | INFO | SPREAD | pair=CHIP/USDC | cex=0.07445/0.07449 | dex_sell=0.0744728 dex_buy=0.0744921 | spread_a=-2.3bps spread_b=-5.7bps | min=30.0bps
2026-05-08 22:58:56,273 | INFO | fetch_order_book: symbol=CHIP/USDC limit=20
2026-05-08 22:58:56,530 | INFO | fetch_order_book: mid=0.07448 spread=5.37bps bids=20 asks=20
2026-05-08 22:58:57,495 | INFO | SPREAD | pair=CHIP/USDC | cex=0.07446/0.0745 | dex_sell=0.0744728 dex_buy=0.0744921 | spread_a=-3.7bps spread_b=-4.3bps | min=30.0bps
2026-05-08 22:58:58,498 | INFO | fetch_order_book: symbol=CHIP/USDC limit=20
2026-05-08 22:58:58,756 | INFO | fetch_order_book: mid=0.07451 spread=8.05bps bids=20 asks=20
2026-05-08 22:58:59,622 | INFO | SPREAD | pair=CHIP/USDC | cex=0.07448/0.07454 | dex_sell=0.0745028 dex_buy=0.0745221 | spread_a=-5.0bps spread_b=-5.7bps | min=30.0bps
2026-05-08 22:59:00,626 | INFO | fetch_order_book: symbol=CHIP/USDC limit=20
2026-05-08 22:59:00,883 | INFO | fetch_order_book: mid=0.074475 spread=6.71bps bids=20 asks=20
2026-05-08 22:59:01,708 | INFO | SPREAD | pair=CHIP/USDC | cex=0.07445/0.0745 | dex_sell=0.0745028 dex_buy=0.0745221 | spread_a=0.4bps spread_b=-9.7bps | min=30.0bps
2026-05-08 22:59:02,712 | INFO | fetch_order_book: symbol=CHIP/USDC limit=20
2026-05-08 22:59:02,968 | INFO | fetch_order_book: mid=0.074455 spread=4.03bps bids=20 asks=20
2026-05-08 22:59:03,902 | INFO | SPREAD | pair=CHIP/USDC | cex=0.07444/0.07447 | dex_sell=0.0745028 dex_buy=0.0745221 | spread_a=4.4bps spread_b=-11.0bps | min=30.0bps
2026-05-08 22:59:04,906 | INFO | fetch_order_book: symbol=CHIP/USDC limit=20
2026-05-08 22:59:05,162 | INFO | fetch_order_book: mid=0.07444 spread=5.37bps bids=20 asks=20
2026-05-08 22:59:06,068 | INFO | SPREAD | pair=CHIP/USDC | cex=0.07442/0.07446 | dex_sell=0.0744786 dex_buy=0.0744979 | spread_a=2.5bps spread_b=-10.5bps | min=30.0bps
2026-05-08 22:59:07,071 | INFO | fetch_order_book: symbol=CHIP/USDC limit=20
2026-05-08 22:59:07,325 | INFO | fetch_order_book: mid=0.07444 spread=5.37bps bids=20 asks=20
2026-05-08 22:59:08,213 | INFO | SPREAD | pair=CHIP/USDC | cex=0.07442/0.07446 | dex_sell=0.0744786 dex_buy=0.0744979 | spread_a=2.5bps spread_b=-10.5bps | min=30.0bps
2026-05-08 22:59:09,217 | INFO | fetch_order_book: symbol=CHIP/USDC limit=20
2026-05-08 22:59:09,542 | INFO | fetch_order_book: mid=0.07444 spread=5.37bps bids=20 asks=20
2026-05-08 22:59:10,394 | INFO | SPREAD | pair=CHIP/USDC | cex=0.07442/0.07446 | dex_sell=0.0744786 dex_buy=0.0744979 | spread_a=2.5bps spread_b=-10.5bps | min=30.0bps
2026-05-08 22:59:11,397 | INFO | fetch_order_book: symbol=CHIP/USDC limit=20
2026-05-08 22:59:11,651 | INFO | fetch_order_book: mid=0.074455 spread=6.72bps bids=20 asks=20
2026-05-08 22:59:12,525 | INFO | SPREAD | pair=CHIP/USDC | cex=0.07443/0.07448 | dex_sell=0.0744786 dex_buy=0.0744979 | spread_a=-0.2bps spread_b=-9.1bps | min=30.0bps
2026-05-08 22:59:13,529 | INFO | fetch_order_book: symbol=CHIP/USDC limit=20
2026-05-08 22:59:13,783 | INFO | fetch_order_book: mid=0.074475 spread=6.71bps bids=20 asks=20
2026-05-08 22:59:14,640 | INFO | SPREAD | pair=CHIP/USDC | cex=0.07445/0.0745 | dex_sell=0.0744786 dex_buy=0.0744979 | spread_a=-2.9bps spread_b=-6.4bps | min=30.0bps
2026-05-08 22:59:15,644 | INFO | fetch_order_book: symbol=CHIP/USDC limit=20
2026-05-08 22:59:15,900 | INFO | fetch_order_book: mid=0.07446 spread=8.06bps bids=20 asks=20
2026-05-08 22:59:16,849 | INFO | SPREAD | pair=CHIP/USDC | cex=0.07443/0.07449 | dex_sell=0.0744786 dex_buy=0.0744979 | spread_a=-1.5bps spread_b=-9.1bps | min=30.0bps
2026-05-08 22:59:17,852 | INFO | fetch_order_book: symbol=CHIP/USDC limit=20
2026-05-08 22:59:18,111 | INFO | fetch_order_book: mid=0.074465 spread=6.71bps bids=20 asks=20
2026-05-08 22:59:18,991 | INFO | SPREAD | pair=CHIP/USDC | cex=0.07444/0.07449 | dex_sell=0.0744786 dex_buy=0.0744979 | spread_a=-1.5bps spread_b=-7.8bps | min=30.0bps
2026-05-08 22:59:19,994 | INFO | fetch_order_book: symbol=CHIP/USDC limit=20
2026-05-08 22:59:20,306 | INFO | fetch_order_book: mid=0.074475 spread=6.71bps bids=20 asks=20
2026-05-08 22:59:21,245 | INFO | SPREAD | pair=CHIP/USDC | cex=0.07445/0.0745 | dex_sell=0.0744786 dex_buy=0.0744979 | spread_a=-2.9bps spread_b=-6.4bps | min=30.0bps
2026-05-08 22:59:22,246 | INFO | fetch_order_book: symbol=CHIP/USDC limit=20
2026-05-08 22:59:22,499 | INFO | fetch_order_book: mid=0.074485 spread=6.71bps bids=20 asks=20
2026-05-08 22:59:23,365 | INFO | SPREAD | pair=CHIP/USDC | cex=0.07446/0.07451 | dex_sell=0.0745029 dex_buy=0.0745223 | spread_a=-1.0bps spread_b=-8.4bps | min=30.0bps
2026-05-08 22:59:24,368 | INFO | fetch_order_book: symbol=CHIP/USDC limit=20
2026-05-08 22:59:24,703 | INFO | fetch_order_book: mid=0.07448 spread=5.37bps bids=20 asks=20
2026-05-08 22:59:25,610 | INFO | SPREAD | pair=CHIP/USDC | cex=0.07446/0.0745 | dex_sell=0.0745029 dex_buy=0.0745223 | spread_a=0.4bps spread_b=-8.4bps | min=30.0bps
2026-05-08 22:59:26,614 | INFO | fetch_order_book: symbol=CHIP/USDC limit=20
2026-05-08 22:59:26,873 | INFO | fetch_order_book: mid=0.07448 spread=5.37bps bids=20 asks=20
2026-05-08 22:59:27,742 | INFO | SPREAD | pair=CHIP/USDC | cex=0.07446/0.0745 | dex_sell=0.0745029 dex_buy=0.0745223 | spread_a=0.4bps spread_b=-8.4bps | min=30.0bps
2026-05-08 22:59:28,745 | INFO | fetch_order_book: symbol=CHIP/USDC limit=20
2026-05-08 22:59:29,005 | INFO | fetch_order_book: mid=0.074515 spread=6.71bps bids=20 asks=20
2026-05-08 22:59:29,923 | INFO | SPREAD | pair=CHIP/USDC | cex=0.07449/0.07454 | dex_sell=0.0745329 dex_buy=0.0745523 | spread_a=-0.9bps spread_b=-8.4bps | min=30.0bps
2026-05-08 22:59:30,926 | INFO | fetch_order_book: symbol=CHIP/USDC limit=20
2026-05-08 22:59:31,182 | INFO | fetch_order_book: mid=0.07451 spread=8.05bps bids=20 asks=20
2026-05-08 22:59:32,010 | INFO | SPREAD | pair=CHIP/USDC | cex=0.07448/0.07454 | dex_sell=0.0745329 dex_buy=0.0745523 | spread_a=-0.9bps spread_b=-9.7bps | min=30.0bps
2026-05-08 22:59:33,013 | INFO | fetch_order_book: symbol=CHIP/USDC limit=20
2026-05-08 22:59:33,752 | INFO | fetch_order_book: mid=0.07451 spread=8.05bps bids=20 asks=20
2026-05-08 22:59:34,679 | INFO | SPREAD | pair=CHIP/USDC | cex=0.07448/0.07454 | dex_sell=0.0745329 dex_buy=0.0745523 | spread_a=-0.9bps spread_b=-9.7bps | min=30.0bps
2026-05-08 22:59:35,683 | INFO | fetch_order_book: symbol=CHIP/USDC limit=20
2026-05-08 22:59:35,945 | INFO | fetch_order_book: mid=0.07452 spread=5.37bps bids=20 asks=20
2026-05-08 22:59:36,793 | INFO | SPREAD | pair=CHIP/USDC | cex=0.0745/0.07454 | dex_sell=0.0745329 dex_buy=0.0745523 | spread_a=-0.9bps spread_b=-7.0bps | min=30.0bps
2026-05-08 22:59:37,797 | INFO | fetch_order_book: symbol=CHIP/USDC limit=20
2026-05-08 22:59:38,052 | INFO | fetch_order_book: mid=0.074515 spread=6.71bps bids=20 asks=20
2026-05-08 22:59:38,947 | INFO | SPREAD | pair=CHIP/USDC | cex=0.07449/0.07454 | dex_sell=0.0745329 dex_buy=0.0745523 | spread_a=-0.9bps spread_b=-8.4bps | min=30.0bps
2026-05-08 22:59:39,950 | INFO | fetch_order_book: symbol=CHIP/USDC limit=20
2026-05-08 22:59:40,207 | INFO | fetch_order_book: mid=0.074515 spread=6.71bps bids=20 asks=20
2026-05-08 22:59:41,054 | INFO | SPREAD | pair=CHIP/USDC | cex=0.07449/0.07454 | dex_sell=0.0745329 dex_buy=0.0745523 | spread_a=-0.9bps spread_b=-8.4bps | min=30.0bps
2026-05-08 22:59:42,058 | INFO | fetch_order_book: symbol=CHIP/USDC limit=20
2026-05-08 22:59:42,312 | INFO | fetch_order_book: mid=0.074545 spread=4.02bps bids=20 asks=20
2026-05-08 22:59:43,230 | INFO | SPREAD | pair=CHIP/USDC | cex=0.07453/0.07456 | dex_sell=0.074563 dex_buy=0.0745823 | spread_a=0.4bps spread_b=-7.0bps | min=30.0bps
2026-05-08 22:59:44,233 | INFO | fetch_order_book: symbol=CHIP/USDC limit=20
2026-05-08 22:59:44,487 | INFO | fetch_order_book: mid=0.07457 spread=2.68bps bids=20 asks=20
2026-05-08 22:59:45,344 | INFO | SPREAD | pair=CHIP/USDC | cex=0.07456/0.07458 | dex_sell=0.074593 dex_buy=0.0746123 | spread_a=1.7bps spread_b=-7.0bps | min=30.0bps
2026-05-08 22:59:46,347 | INFO | fetch_order_book: symbol=CHIP/USDC limit=20
2026-05-08 22:59:46,604 | INFO | fetch_order_book: mid=0.07460 spread=5.36bps bids=20 asks=20
2026-05-08 22:59:47,518 | INFO | SPREAD | pair=CHIP/USDC | cex=0.07458/0.07462 | dex_sell=0.074593 dex_buy=0.0746421 | spread_a=-3.6bps spread_b=-8.3bps | min=30.0bps
2026-05-08 22:59:48,521 | INFO | fetch_order_book: symbol=CHIP/USDC limit=20
2026-05-08 22:59:49,276 | INFO | fetch_order_book: mid=0.074645 spread=6.70bps bids=20 asks=20
2026-05-08 22:59:50,097 | INFO | SPREAD | pair=CHIP/USDC | cex=0.07462/0.07467 | dex_sell=0.0746528 dex_buy=0.0746742 | spread_a=-2.3bps spread_b=-7.3bps | min=30.0bps
2026-05-08 22:59:51,099 | INFO | fetch_order_book: symbol=CHIP/USDC limit=20
2026-05-08 22:59:51,370 | INFO | fetch_order_book: mid=0.074625 spread=6.70bps bids=20 asks=20
2026-05-08 22:59:52,262 | INFO | SPREAD | pair=CHIP/USDC | cex=0.0746/0.07465 | dex_sell=0.0746528 dex_buy=0.0746742 | spread_a=0.4bps spread_b=-9.9bps | min=30.0bps
2026-05-08 22:59:53,264 | INFO | fetch_order_book: symbol=CHIP/USDC limit=20
2026-05-08 22:59:53,522 | INFO | fetch_order_book: mid=0.07462 spread=8.04bps bids=20 asks=20
2026-05-08 22:59:54,402 | INFO | SPREAD | pair=CHIP/USDC | cex=0.07459/0.07465 | dex_sell=0.0746528 dex_buy=0.0746742 | spread_a=0.4bps spread_b=-11.3bps | min=30.0bps
2026-05-08 22:59:55,405 | INFO | fetch_order_book: symbol=CHIP/USDC limit=20
2026-05-08 22:59:55,663 | INFO | fetch_order_book: mid=0.07468 spread=5.36bps bids=20 asks=20
2026-05-08 22:59:56,589 | INFO | SPREAD | pair=CHIP/USDC | cex=0.07466/0.0747 | dex_sell=0.0746528 dex_buy=0.0747355 | spread_a=-6.3bps spread_b=-10.1bps | min=30.0bps
2026-05-08 22:59:57,592 | INFO | fetch_order_book: symbol=CHIP/USDC limit=20
2026-05-08 22:59:57,846 | INFO | fetch_order_book: mid=0.07469 spread=2.68bps bids=20 asks=20
2026-05-08 22:59:58,722 | INFO | SPREAD | pair=CHIP/USDC | cex=0.07468/0.0747 | dex_sell=0.07471 dex_buy=0.0747355 | spread_a=1.3bps spread_b=-7.4bps | min=30.0bps
2026-05-08 22:59:59,725 | INFO | fetch_order_book: symbol=CHIP/USDC limit=20
2026-05-08 22:59:59,982 | INFO | fetch_order_book: mid=0.07468 spread=5.36bps bids=20 asks=20
2026-05-08 23:00:00,898 | INFO | SPREAD | pair=CHIP/USDC | cex=0.07466/0.0747 | dex_sell=0.07471 dex_buy=0.0747355 | spread_a=1.3bps spread_b=-10.1bps | min=30.0bps
2026-05-08 23:00:01,901 | INFO | fetch_order_book: symbol=CHIP/USDC limit=20
2026-05-08 23:00:02,263 | INFO | fetch_order_book: mid=0.07473 spread=2.68bps bids=20 asks=20
2026-05-08 23:00:03,168 | INFO | SPREAD | pair=CHIP/USDC | cex=0.07472/0.07474 | dex_sell=0.07471 dex_buy=0.0747853 | spread_a=-4.0bps spread_b=-8.7bps | min=30.0bps
2026-05-08 23:00:04,172 | INFO | fetch_order_book: symbol=CHIP/USDC limit=20
2026-05-08 23:00:04,430 | INFO | fetch_order_book: mid=0.07470 spread=8.03bps bids=20 asks=20
2026-05-08 23:00:05,362 | INFO | SPREAD | pair=CHIP/USDC | cex=0.07467/0.07473 | dex_sell=0.0747598 dex_buy=0.0747853 | spread_a=4.0bps spread_b=-15.4bps | min=30.0bps
2026-05-08 23:00:06,365 | INFO | fetch_order_book: symbol=CHIP/USDC limit=20
2026-05-08 23:00:06,691 | INFO | fetch_order_book: mid=0.07465 spread=8.04bps bids=20 asks=20
2026-05-08 23:00:07,640 | INFO | SPREAD | pair=CHIP/USDC | cex=0.07462/0.07468 | dex_sell=0.0746854 dex_buy=0.0747109 | spread_a=0.7bps spread_b=-12.2bps | min=30.0bps
2026-05-08 23:00:08,641 | INFO | fetch_order_book: symbol=CHIP/USDC limit=20
2026-05-08 23:00:08,901 | INFO | fetch_order_book: mid=0.074575 spread=4.02bps bids=20 asks=20
2026-05-08 23:00:09,832 | INFO | SPREAD | pair=CHIP/USDC | cex=0.07456/0.07459 | dex_sell=0.0746185 dex_buy=0.0746079 | spread_a=3.8bps spread_b=-6.4bps | min=30.0bps
2026-05-08 23:00:10,835 | INFO | fetch_order_book: symbol=CHIP/USDC limit=20
2026-05-08 23:00:11,090 | INFO | fetch_order_book: mid=0.07448 spread=5.37bps bids=20 asks=20
2026-05-08 23:00:12,030 | INFO | SPREAD | pair=CHIP/USDC | cex=0.07446/0.0745 | dex_sell=0.0745886 dex_buy=0.074568 | spread_a=11.9bps spread_b=-14.5bps | min=30.0bps
2026-05-08 23:00:13,033 | INFO | fetch_order_book: symbol=CHIP/USDC limit=20
2026-05-08 23:00:13,290 | INFO | fetch_order_book: mid=0.074475 spread=6.71bps bids=20 asks=20
2026-05-08 23:00:14,180 | INFO | SPREAD | pair=CHIP/USDC | cex=0.07445/0.0745 | dex_sell=0.0742949 dex_buy=0.0745129 | spread_a=-27.5bps spread_b=-8.4bps | min=30.0bps
2026-05-08 23:00:15,184 | INFO | fetch_order_book: symbol=CHIP/USDC limit=20
2026-05-08 23:00:15,443 | INFO | fetch_order_book: mid=0.074505 spread=6.71bps bids=20 asks=20
2026-05-08 23:00:16,395 | INFO | SPREAD | pair=CHIP/USDC | cex=0.07448/0.07453 | dex_sell=0.0745229 dex_buy=0.0745423 | spread_a=-0.9bps spread_b=-8.4bps | min=30.0bps
2026-05-08 23:00:17,398 | INFO | fetch_order_book: symbol=CHIP/USDC limit=20
2026-05-08 23:00:17,653 | INFO | fetch_order_book: mid=0.07450 spread=8.05bps bids=20 asks=20
2026-05-08 23:00:18,527 | INFO | SPREAD | pair=CHIP/USDC | cex=0.07447/0.07453 | dex_sell=0.0745229 dex_buy=0.0745423 | spread_a=-0.9bps spread_b=-9.7bps | min=30.0bps
2026-05-08 23:00:19,531 | INFO | fetch_order_book: symbol=CHIP/USDC limit=20
2026-05-08 23:00:19,794 | INFO | fetch_order_book: mid=0.07451 spread=5.37bps bids=20 asks=20
2026-05-08 23:00:20,678 | INFO | SPREAD | pair=CHIP/USDC | cex=0.07449/0.07453 | dex_sell=0.0745229 dex_buy=0.0745723 | spread_a=-0.9bps spread_b=-11.0bps | min=30.0bps
2026-05-08 23:00:21,681 | INFO | fetch_order_book: symbol=CHIP/USDC limit=20
2026-05-08 23:00:22,049 | INFO | fetch_order_book: mid=0.074485 spread=6.71bps bids=20 asks=20
2026-05-08 23:00:22,935 | INFO | SPREAD | pair=CHIP/USDC | cex=0.07446/0.07451 | dex_sell=0.0745186 dex_buy=0.0745379 | spread_a=1.2bps spread_b=-10.5bps | min=30.0bps
2026-05-08 23:00:23,936 | INFO | fetch_order_book: symbol=CHIP/USDC limit=20
2026-05-08 23:00:24,193 | INFO | fetch_order_book: mid=0.07448 spread=5.37bps bids=20 asks=20
2026-05-08 23:00:25,035 | INFO | SPREAD | pair=CHIP/USDC | cex=0.07446/0.0745 | dex_sell=0.0745186 dex_buy=0.0745379 | spread_a=2.5bps spread_b=-10.5bps | min=30.0bps
2026-05-08 23:00:26,038 | INFO | fetch_order_book: symbol=CHIP/USDC limit=20
2026-05-08 23:00:26,296 | INFO | fetch_order_book: mid=0.07452 spread=5.37bps bids=20 asks=20
2026-05-08 23:00:27,202 | INFO | SPREAD | pair=CHIP/USDC | cex=0.0745/0.07454 | dex_sell=0.0745186 dex_buy=0.0745623 | spread_a=-2.9bps spread_b=-8.4bps | min=30.0bps
2026-05-08 23:00:28,205 | INFO | fetch_order_book: symbol=CHIP/USDC limit=20
2026-05-08 23:00:28,463 | INFO | fetch_order_book: mid=0.074595 spread=6.70bps bids=20 asks=20
2026-05-08 23:00:29,336 | INFO | SPREAD | pair=CHIP/USDC | cex=0.07457/0.07462 | dex_sell=0.0746027 dex_buy=0.0746221 | spread_a=-2.3bps spread_b=-7.0bps | min=30.0bps
2026-05-08 23:00:30,339 | INFO | fetch_order_book: symbol=CHIP/USDC limit=20
2026-05-08 23:00:30,597 | INFO | fetch_order_book: mid=0.074625 spread=4.02bps bids=20 asks=20
2026-05-08 23:00:31,510 | INFO | SPREAD | pair=CHIP/USDC | cex=0.07461/0.07464 | dex_sell=0.0746328 dex_buy=0.0746521 | spread_a=-1.0bps spread_b=-5.6bps | min=30.0bps
2026-05-08 23:00:32,513 | INFO | fetch_order_book: symbol=CHIP/USDC limit=20
2026-05-08 23:00:32,769 | INFO | fetch_order_book: mid=0.07461 spread=5.36bps bids=20 asks=20
2026-05-08 23:00:33,623 | INFO | SPREAD | pair=CHIP/USDC | cex=0.07459/0.07463 | dex_sell=0.0746328 dex_buy=0.0746521 | spread_a=0.4bps spread_b=-8.3bps | min=30.0bps
2026-05-08 23:00:34,627 | INFO | fetch_order_book: symbol=CHIP/USDC limit=20
2026-05-08 23:00:35,361 | INFO | fetch_order_book: mid=0.07461 spread=5.36bps bids=20 asks=20
2026-05-08 23:00:36,271 | INFO | SPREAD | pair=CHIP/USDC | cex=0.07459/0.07463 | dex_sell=0.0746328 dex_buy=0.0746521 | spread_a=0.4bps spread_b=-8.3bps | min=30.0bps
2026-05-08 23:00:37,275 | INFO | fetch_order_book: symbol=CHIP/USDC limit=20
2026-05-08 23:00:37,528 | INFO | fetch_order_book: mid=0.07462 spread=5.36bps bids=20 asks=20
2026-05-08 23:00:38,405 | INFO | SPREAD | pair=CHIP/USDC | cex=0.0746/0.07464 | dex_sell=0.0746328 dex_buy=0.0746521 | spread_a=-1.0bps spread_b=-7.0bps | min=30.0bps
2026-05-08 23:00:39,408 | INFO | fetch_order_book: symbol=CHIP/USDC limit=20
2026-05-08 23:00:39,663 | INFO | fetch_order_book: mid=0.074625 spread=4.02bps bids=20 asks=20
2026-05-08 23:00:40,566 | INFO | SPREAD | pair=CHIP/USDC | cex=0.07461/0.07464 | dex_sell=0.0746328 dex_buy=0.0746521 | spread_a=-1.0bps spread_b=-5.6bps | min=30.0bps
2026-05-08 23:00:41,570 | INFO | fetch_order_book: symbol=CHIP/USDC limit=20
2026-05-08 23:00:41,826 | INFO | fetch_order_book: mid=0.07472 spread=5.35bps bids=20 asks=20
2026-05-08 23:00:42,660 | INFO | SPREAD | pair=CHIP/USDC | cex=0.0747/0.07474 | dex_sell=0.0746533 dex_buy=0.0746755 | spread_a=-11.6bps spread_b=3.3bps | min=30.0bps
2026-05-08 23:00:43,663 | INFO | fetch_order_book: symbol=CHIP/USDC limit=20
2026-05-08 23:00:44,616 | INFO | fetch_order_book: mid=0.074725 spread=4.01bps bids=20 asks=20
2026-05-08 23:00:45,535 | INFO | SPREAD | pair=CHIP/USDC | cex=0.07471/0.07474 | dex_sell=0.0747096 dex_buy=0.074735 | spread_a=-4.1bps spread_b=-3.4bps | min=30.0bps
2026-05-08 23:00:46,539 | INFO | fetch_order_book: symbol=CHIP/USDC limit=20
2026-05-08 23:00:46,791 | INFO | fetch_order_book: mid=0.074725 spread=4.01bps bids=20 asks=20
2026-05-08 23:00:47,719 | INFO | SPREAD | pair=CHIP/USDC | cex=0.07471/0.07474 | dex_sell=0.0747096 dex_buy=0.074735 | spread_a=-4.1bps spread_b=-3.4bps | min=30.0bps
2026-05-08 23:00:48,723 | INFO | fetch_order_book: symbol=CHIP/USDC limit=20
2026-05-08 23:00:48,981 | INFO | fetch_order_book: mid=0.07465 spread=8.04bps bids=20 asks=20
2026-05-08 23:00:49,943 | INFO | SPREAD | pair=CHIP/USDC | cex=0.07462/0.07468 | dex_sell=0.0747629 dex_buy=0.0747307 | spread_a=11.1bps spread_b=-14.8bps | min=30.0bps
2026-05-08 23:00:50,946 | INFO | fetch_order_book: symbol=CHIP/USDC limit=20
2026-05-08 23:00:51,200 | INFO | fetch_order_book: mid=0.07460 spread=5.36bps bids=20 asks=20
2026-05-08 23:00:52,058 | INFO | SPREAD | pair=CHIP/USDC | cex=0.07458/0.07462 | dex_sell=0.0746653 dex_buy=0.0746908 | spread_a=6.1bps spread_b=-14.8bps | min=30.0bps
2026-05-08 23:00:53,062 | INFO | fetch_order_book: symbol=CHIP/USDC limit=20
2026-05-08 23:00:53,317 | INFO | fetch_order_book: mid=0.07457 spread=5.36bps bids=20 asks=20
2026-05-08 23:00:54,244 | INFO | SPREAD | pair=CHIP/USDC | cex=0.07455/0.07459 | dex_sell=0.0745883 dex_buy=0.0746076 | spread_a=-0.2bps spread_b=-7.7bps | min=30.0bps
2026-05-08 23:00:55,254 | INFO | fetch_order_book: symbol=CHIP/USDC limit=20
2026-05-08 23:00:55,511 | INFO | fetch_order_book: mid=0.07456 spread=5.36bps bids=20 asks=20
2026-05-08 23:00:56,405 | INFO | SPREAD | pair=CHIP/USDC | cex=0.07454/0.07458 | dex_sell=0.0745883 dex_buy=0.0746076 | spread_a=1.1bps spread_b=-9.1bps | min=30.0bps
2026-05-08 23:00:57,408 | INFO | fetch_order_book: symbol=CHIP/USDC limit=20
2026-05-08 23:00:57,663 | INFO | fetch_order_book: mid=0.074595 spread=6.70bps bids=20 asks=20
2026-05-08 23:00:58,620 | INFO | SPREAD | pair=CHIP/USDC | cex=0.07457/0.07462 | dex_sell=0.0745883 dex_buy=0.0746076 | spread_a=-4.3bps spread_b=-5.0bps | min=30.0bps
2026-05-08 23:00:59,623 | INFO | fetch_order_book: symbol=CHIP/USDC limit=20
2026-05-08 23:00:59,877 | INFO | fetch_order_book: mid=0.07455 spread=2.68bps bids=20 asks=20
2026-05-08 23:01:00,762 | INFO | SPREAD | pair=CHIP/USDC | cex=0.07454/0.07456 | dex_sell=0.0746129 dex_buy=0.0746323 | spread_a=7.1bps spread_b=-12.4bps | min=30.0bps
2026-05-08 23:01:01,765 | INFO | fetch_order_book: symbol=CHIP/USDC limit=20
2026-05-08 23:01:02,024 | INFO | fetch_order_book: mid=0.07446 spread=8.06bps bids=20 asks=20
2026-05-08 23:01:02,931 | INFO | SPREAD | pair=CHIP/USDC | cex=0.07443/0.07449 | dex_sell=0.0744985 dex_buy=0.0745178 | spread_a=1.1bps spread_b=-11.8bps | min=30.0bps
2026-05-08 23:01:03,935 | INFO | fetch_order_book: symbol=CHIP/USDC limit=20
2026-05-08 23:01:04,190 | INFO | fetch_order_book: mid=0.07444 spread=5.37bps bids=20 asks=20
2026-05-08 23:01:05,090 | INFO | SPREAD | pair=CHIP/USDC | cex=0.07442/0.07446 | dex_sell=0.0744686 dex_buy=0.0744879 | spread_a=1.2bps spread_b=-9.1bps | min=30.0bps
2026-05-08 23:01:06,094 | INFO | fetch_order_book: symbol=CHIP/USDC limit=20
2026-05-08 23:01:06,351 | INFO | fetch_order_book: mid=0.074455 spread=6.72bps bids=20 asks=20
2026-05-08 23:01:07,289 | INFO | SPREAD | pair=CHIP/USDC | cex=0.07443/0.07448 | dex_sell=0.0744884 dex_buy=0.0744779 | spread_a=1.1bps spread_b=-6.4bps | min=30.0bps
2026-05-08 23:01:08,293 | INFO | fetch_order_book: symbol=CHIP/USDC limit=20
2026-05-08 23:01:08,550 | INFO | fetch_order_book: mid=0.074495 spread=6.71bps bids=20 asks=20
2026-05-08 23:01:09,484 | INFO | SPREAD | pair=CHIP/USDC | cex=0.07447/0.07452 | dex_sell=0.0745129 dex_buy=0.0745323 | spread_a=-0.9bps spread_b=-8.4bps | min=30.0bps
2026-05-08 23:01:10,486 | INFO | fetch_order_book: symbol=CHIP/USDC limit=20
2026-05-08 23:01:10,740 | INFO | fetch_order_book: mid=0.074495 spread=6.71bps bids=20 asks=20
2026-05-08 23:01:11,627 | INFO | SPREAD | pair=CHIP/USDC | cex=0.07447/0.07452 | dex_sell=0.0745129 dex_buy=0.0745323 | spread_a=-0.9bps spread_b=-8.4bps | min=30.0bps
2026-05-08 23:01:12,629 | INFO | fetch_order_book: symbol=CHIP/USDC limit=20
2026-05-08 23:01:12,886 | INFO | fetch_order_book: mid=0.074475 spread=6.71bps bids=20 asks=20
2026-05-08 23:01:13,701 | INFO | SPREAD | pair=CHIP/USDC | cex=0.07445/0.0745 | dex_sell=0.0745129 dex_buy=0.0745323 | spread_a=1.7bps spread_b=-11.0bps | min=30.0bps
2026-05-08 23:01:14,704 | INFO | fetch_order_book: symbol=CHIP/USDC limit=20
2026-05-08 23:01:14,958 | INFO | fetch_order_book: mid=0.074435 spread=4.03bps bids=20 asks=20
2026-05-08 23:01:15,933 | INFO | SPREAD | pair=CHIP/USDC | cex=0.07442/0.07445 | dex_sell=0.0744885 dex_buy=0.074468 | spread_a=5.2bps spread_b=-6.4bps | min=30.0bps
2026-05-08 23:01:16,935 | INFO | fetch_order_book: symbol=CHIP/USDC limit=20
2026-05-08 23:01:17,190 | INFO | fetch_order_book: mid=0.07443 spread=2.69bps bids=20 asks=20
2026-05-08 23:01:18,081 | INFO | SPREAD | pair=CHIP/USDC | cex=0.07442/0.07444 | dex_sell=0.0744486 dex_buy=0.0744372 | spread_a=1.2bps spread_b=-2.3bps | min=30.0bps
2026-05-08 23:01:19,085 | INFO | fetch_order_book: symbol=CHIP/USDC limit=20
2026-05-08 23:01:19,337 | INFO | fetch_order_book: mid=0.074415 spread=6.72bps bids=20 asks=20
2026-05-08 23:01:20,229 | INFO | SPREAD | pair=CHIP/USDC | cex=0.07439/0.07444 | dex_sell=0.0744129 dex_buy=0.0744548 | spread_a=-3.6bps spread_b=-8.7bps | min=30.0bps
2026-05-08 23:01:21,232 | INFO | fetch_order_book: symbol=CHIP/USDC limit=20
2026-05-08 23:01:21,488 | INFO | fetch_order_book: mid=0.07440 spread=5.38bps bids=20 asks=20
2026-05-08 23:01:22,311 | INFO | SPREAD | pair=CHIP/USDC | cex=0.07438/0.07442 | dex_sell=0.0744355 dex_buy=0.0744548 | spread_a=2.1bps spread_b=-10.0bps | min=30.0bps
2026-05-08 23:01:23,315 | INFO | fetch_order_book: symbol=CHIP/USDC limit=20
2026-05-08 23:01:23,572 | INFO | fetch_order_book: mid=0.07438 spread=5.38bps bids=20 asks=20
2026-05-08 23:01:24,529 | INFO | SPREAD | pair=CHIP/USDC | cex=0.07436/0.0744 | dex_sell=0.0744085 dex_buy=0.0744278 | spread_a=1.1bps spread_b=-9.1bps | min=30.0bps
2026-05-08 23:01:25,534 | INFO | fetch_order_book: symbol=CHIP/USDC limit=20
2026-05-08 23:01:25,788 | INFO | fetch_order_book: mid=0.07438 spread=8.07bps bids=20 asks=20
2026-05-08 23:01:26,649 | INFO | SPREAD | pair=CHIP/USDC | cex=0.07435/0.07441 | dex_sell=0.0744085 dex_buy=0.0744278 | spread_a=-0.2bps spread_b=-10.4bps | min=30.0bps
2026-05-08 23:01:27,653 | INFO | fetch_order_book: symbol=CHIP/USDC limit=20
2026-05-08 23:01:27,914 | INFO | fetch_order_book: mid=0.07442 spread=5.37bps bids=20 asks=20
2026-05-08 23:01:28,893 | INFO | SPREAD | pair=CHIP/USDC | cex=0.0744/0.07444 | dex_sell=0.0744328 dex_buy=0.0744521 | spread_a=-1.0bps spread_b=-7.0bps | min=30.0bps
2026-05-08 23:01:29,897 | INFO | fetch_order_book: symbol=CHIP/USDC limit=20
2026-05-08 23:01:30,256 | INFO | fetch_order_book: mid=0.07440 spread=8.06bps bids=20 asks=20
2026-05-08 23:01:31,072 | INFO | SPREAD | pair=CHIP/USDC | cex=0.07437/0.07443 | dex_sell=0.0744328 dex_buy=0.0744521 | spread_a=0.4bps spread_b=-11.0bps | min=30.0bps
2026-05-08 23:01:32,077 | INFO | fetch_order_book: symbol=CHIP/USDC limit=20
2026-05-08 23:01:32,335 | INFO | fetch_order_book: mid=0.074415 spread=6.72bps bids=20 asks=20
2026-05-08 23:01:33,255 | INFO | SPREAD | pair=CHIP/USDC | cex=0.07439/0.07444 | dex_sell=0.0744086 dex_buy=0.0744523 | spread_a=-4.2bps spread_b=-8.4bps | min=30.0bps
2026-05-08 23:01:34,259 | INFO | fetch_order_book: symbol=CHIP/USDC limit=20
2026-05-08 23:01:34,512 | INFO | fetch_order_book: mid=0.074415 spread=6.72bps bids=20 asks=20
2026-05-08 23:01:35,396 | INFO | SPREAD | pair=CHIP/USDC | cex=0.07439/0.07444 | dex_sell=0.0744329 dex_buy=0.0744523 | spread_a=-0.9bps spread_b=-8.4bps | min=30.0bps
2026-05-08 23:01:36,400 | INFO | fetch_order_book: symbol=CHIP/USDC limit=20
2026-05-08 23:01:37,139 | INFO | fetch_order_book: mid=0.074415 spread=6.72bps bids=20 asks=20
2026-05-08 23:01:38,079 | INFO | SPREAD | pair=CHIP/USDC | cex=0.07439/0.07444 | dex_sell=0.0744329 dex_buy=0.0744523 | spread_a=-0.9bps spread_b=-8.4bps | min=30.0bps
2026-05-08 23:01:39,084 | INFO | fetch_order_book: symbol=CHIP/USDC limit=20
2026-05-08 23:01:39,339 | INFO | fetch_order_book: mid=0.074385 spread=6.72bps bids=20 asks=20
2026-05-08 23:01:40,240 | INFO | SPREAD | pair=CHIP/USDC | cex=0.07436/0.07441 | dex_sell=0.0744085 dex_buy=0.0744278 | spread_a=-0.2bps spread_b=-9.1bps | min=30.0bps
2026-05-08 23:01:41,244 | INFO | fetch_order_book: symbol=CHIP/USDC limit=20
2026-05-08 23:01:41,506 | INFO | fetch_order_book: mid=0.07436 spread=2.69bps bids=20 asks=20
2026-05-08 23:01:42,409 | INFO | SPREAD | pair=CHIP/USDC | cex=0.07435/0.07437 | dex_sell=0.0744085 dex_buy=0.0744278 | spread_a=5.2bps spread_b=-10.5bps | min=30.0bps
2026-05-08 23:01:43,413 | INFO | fetch_order_book: symbol=CHIP/USDC limit=20
2026-05-08 23:01:43,669 | INFO | fetch_order_book: mid=0.074395 spread=6.72bps bids=20 asks=20
2026-05-08 23:01:44,580 | INFO | SPREAD | pair=CHIP/USDC | cex=0.07437/0.07442 | dex_sell=0.0743978 dex_buy=0.0744171 | spread_a=-3.0bps spread_b=-6.3bps | min=30.0bps
2026-05-08 23:01:45,585 | INFO | fetch_order_book: symbol=CHIP/USDC limit=20
2026-05-08 23:01:45,838 | INFO | fetch_order_book: mid=0.07438 spread=5.38bps bids=20 asks=20
2026-05-08 23:01:46,819 | INFO | SPREAD | pair=CHIP/USDC | cex=0.07436/0.0744 | dex_sell=0.0743978 dex_buy=0.0744171 | spread_a=-0.3bps spread_b=-7.7bps | min=30.0bps
2026-05-08 23:01:47,823 | INFO | fetch_order_book: symbol=CHIP/USDC limit=20
2026-05-08 23:01:48,079 | INFO | fetch_order_book: mid=0.07438 spread=8.07bps bids=20 asks=20
2026-05-08 23:01:48,920 | INFO | SPREAD | pair=CHIP/USDC | cex=0.07435/0.07441 | dex_sell=0.0743978 dex_buy=0.0744171 | spread_a=-1.6bps spread_b=-9.0bps | min=30.0bps
2026-05-08 23:01:49,924 | INFO | fetch_order_book: symbol=CHIP/USDC limit=20
2026-05-08 23:01:50,178 | INFO | fetch_order_book: mid=0.074435 spread=6.72bps bids=20 asks=20
2026-05-08 23:01:51,144 | INFO | SPREAD | pair=CHIP/USDC | cex=0.07441/0.07446 | dex_sell=0.0743978 dex_buy=0.0744171 | spread_a=-8.4bps spread_b=-1.0bps | min=30.0bps
2026-05-08 23:01:52,148 | INFO | fetch_order_book: symbol=CHIP/USDC limit=20
2026-05-08 23:01:52,463 | INFO | fetch_order_book: mid=0.07444 spread=5.37bps bids=20 asks=20
2026-05-08 23:01:53,329 | INFO | SPREAD | pair=CHIP/USDC | cex=0.07442/0.07446 | dex_sell=0.074463 dex_buy=0.0744823 | spread_a=0.4bps spread_b=-8.4bps | min=30.0bps
2026-05-08 23:01:54,332 | INFO | fetch_order_book: symbol=CHIP/USDC limit=20
2026-05-08 23:01:54,624 | INFO | fetch_order_book: mid=0.07444 spread=5.37bps bids=20 asks=20
2026-05-08 23:01:55,642 | INFO | SPREAD | pair=CHIP/USDC | cex=0.07442/0.07446 | dex_sell=0.074463 dex_buy=0.0744823 | spread_a=0.4bps spread_b=-8.4bps | min=30.0bps
2026-05-08 23:01:56,645 | INFO | fetch_order_book: symbol=CHIP/USDC limit=20
2026-05-08 23:01:57,097 | INFO | fetch_order_book: mid=0.07444 spread=5.37bps bids=20 asks=20
2026-05-08 23:01:57,977 | INFO | SPREAD | pair=CHIP/USDC | cex=0.07442/0.07446 | dex_sell=0.074463 dex_buy=0.0744823 | spread_a=0.4bps spread_b=-8.4bps | min=30.0bps
2026-05-08 23:01:58,981 | INFO | fetch_order_book: symbol=CHIP/USDC limit=20
2026-05-08 23:01:59,237 | INFO | fetch_order_book: mid=0.07444 spread=2.69bps bids=20 asks=20
2026-05-08 23:02:00,190 | INFO | SPREAD | pair=CHIP/USDC | cex=0.07443/0.07445 | dex_sell=0.074463 dex_buy=0.0744823 | spread_a=1.7bps spread_b=-7.0bps | min=30.0bps
2026-05-08 23:02:01,194 | INFO | fetch_order_book: symbol=CHIP/USDC limit=20
2026-05-08 23:02:01,461 | INFO | fetch_order_book: mid=0.07437 spread=2.69bps bids=20 asks=20
2026-05-08 23:02:02,306 | INFO | SPREAD | pair=CHIP/USDC | cex=0.07436/0.07438 | dex_sell=0.0744385 dex_buy=0.0744578 | spread_a=7.9bps spread_b=-13.1bps | min=30.0bps
2026-05-08 23:02:03,309 | INFO | fetch_order_book: symbol=CHIP/USDC limit=20
2026-05-08 23:02:03,617 | INFO | fetch_order_book: mid=0.07437 spread=2.69bps bids=20 asks=20
2026-05-08 23:02:04,517 | INFO | SPREAD | pair=CHIP/USDC | cex=0.07436/0.07438 | dex_sell=0.0743987 dex_buy=0.074418 | spread_a=2.5bps spread_b=-7.8bps | min=30.0bps
2026-05-08 23:02:05,520 | INFO | fetch_order_book: symbol=CHIP/USDC limit=20
2026-05-08 23:02:05,775 | INFO | fetch_order_book: mid=0.07439 spread=5.38bps bids=20 asks=20
2026-05-08 23:02:06,618 | INFO | SPREAD | pair=CHIP/USDC | cex=0.07437/0.07441 | dex_sell=0.0743987 dex_buy=0.074418 | spread_a=-1.5bps spread_b=-6.5bps | min=30.0bps
2026-05-08 23:02:07,621 | INFO | fetch_order_book: symbol=CHIP/USDC limit=20
2026-05-08 23:02:07,900 | INFO | fetch_order_book: mid=0.074405 spread=6.72bps bids=20 asks=20
2026-05-08 23:02:08,813 | INFO | SPREAD | pair=CHIP/USDC | cex=0.07438/0.07443 | dex_sell=0.0743987 dex_buy=0.074418 | spread_a=-4.2bps spread_b=-5.1bps | min=30.0bps
2026-05-08 23:02:09,816 | INFO | fetch_order_book: symbol=CHIP/USDC limit=20
2026-05-08 23:02:10,102 | INFO | fetch_order_book: mid=0.074405 spread=6.72bps bids=20 asks=20
2026-05-08 23:02:10,956 | INFO | SPREAD | pair=CHIP/USDC | cex=0.07438/0.07443 | dex_sell=0.0744228 dex_buy=0.0744422 | spread_a=-1.0bps spread_b=-8.3bps | min=30.0bps
2026-05-08 23:02:11,960 | INFO | fetch_order_book: symbol=CHIP/USDC limit=20
2026-05-08 23:02:12,219 | INFO | fetch_order_book: mid=0.07439 spread=5.38bps bids=20 asks=20
2026-05-08 23:02:13,112 | INFO | SPREAD | pair=CHIP/USDC | cex=0.07437/0.07441 | dex_sell=0.0744228 dex_buy=0.0744422 | spread_a=1.7bps spread_b=-9.7bps | min=30.0bps
2026-05-08 23:02:14,114 | INFO | fetch_order_book: symbol=CHIP/USDC limit=20
2026-05-08 23:02:14,376 | INFO | fetch_order_book: mid=0.074395 spread=6.72bps bids=20 asks=20
2026-05-08 23:02:15,190 | INFO | SPREAD | pair=CHIP/USDC | cex=0.07437/0.07442 | dex_sell=0.0744228 dex_buy=0.0744422 | spread_a=0.4bps spread_b=-9.7bps | min=30.0bps
2026-05-08 23:02:16,191 | INFO | fetch_order_book: symbol=CHIP/USDC limit=20
2026-05-08 23:02:16,448 | INFO | fetch_order_book: mid=0.07439 spread=5.38bps bids=20 asks=20
2026-05-08 23:02:17,356 | INFO | SPREAD | pair=CHIP/USDC | cex=0.07437/0.07441 | dex_sell=0.0744228 dex_buy=0.0744422 | spread_a=1.7bps spread_b=-9.7bps | min=30.0bps
2026-05-08 23:02:18,359 | INFO | fetch_order_book: symbol=CHIP/USDC limit=20
2026-05-08 23:02:18,705 | INFO | fetch_order_book: mid=0.074395 spread=6.72bps bids=20 asks=20
2026-05-08 23:02:19,593 | INFO | SPREAD | pair=CHIP/USDC | cex=0.07437/0.07442 | dex_sell=0.0744228 dex_buy=0.0744422 | spread_a=0.4bps spread_b=-9.7bps | min=30.0bps
2026-05-08 23:02:20,597 | INFO | fetch_order_book: symbol=CHIP/USDC limit=20
2026-05-08 23:02:20,852 | INFO | fetch_order_book: mid=0.074385 spread=6.72bps bids=20 asks=20
2026-05-08 23:02:21,888 | INFO | SPREAD | pair=CHIP/USDC | cex=0.07436/0.07441 | dex_sell=0.0744228 dex_buy=0.0744422 | spread_a=1.7bps spread_b=-11.0bps | min=30.0bps
2026-05-08 23:02:22,891 | INFO | fetch_order_book: symbol=CHIP/USDC limit=20
2026-05-08 23:02:23,224 | INFO | fetch_order_book: mid=0.074395 spread=6.72bps bids=20 asks=20
2026-05-08 23:02:24,138 | INFO | SPREAD | pair=CHIP/USDC | cex=0.07437/0.07442 | dex_sell=0.0744228 dex_buy=0.0744422 | spread_a=0.4bps spread_b=-9.7bps | min=30.0bps
2026-05-08 23:02:25,141 | INFO | fetch_order_book: symbol=CHIP/USDC limit=20
2026-05-08 23:02:25,400 | INFO | fetch_order_book: mid=0.07440 spread=5.38bps bids=20 asks=20
2026-05-08 23:02:26,309 | INFO | SPREAD | pair=CHIP/USDC | cex=0.07438/0.07442 | dex_sell=0.0744228 dex_buy=0.0744422 | spread_a=0.4bps spread_b=-8.3bps | min=30.0bps
2026-05-08 23:02:27,312 | INFO | fetch_order_book: symbol=CHIP/USDC limit=20
2026-05-08 23:02:27,613 | INFO | fetch_order_book: mid=0.07440 spread=5.38bps bids=20 asks=20
2026-05-08 23:02:28,509 | INFO | SPREAD | pair=CHIP/USDC | cex=0.07438/0.07442 | dex_sell=0.0744228 dex_buy=0.0744422 | spread_a=0.4bps spread_b=-8.3bps | min=30.0bps
2026-05-08 23:02:29,513 | INFO | fetch_order_book: symbol=CHIP/USDC limit=20
2026-05-08 23:02:29,766 | INFO | fetch_order_book: mid=0.074415 spread=6.72bps bids=20 asks=20
2026-05-08 23:02:30,692 | INFO | SPREAD | pair=CHIP/USDC | cex=0.07439/0.07444 | dex_sell=0.0744228 dex_buy=0.0744421 | spread_a=-2.3bps spread_b=-7.0bps | min=30.0bps
2026-05-08 23:02:31,695 | INFO | fetch_order_book: symbol=CHIP/USDC limit=20
2026-05-08 23:02:31,950 | INFO | fetch_order_book: mid=0.074425 spread=4.03bps bids=20 asks=20
2026-05-08 23:02:32,853 | INFO | SPREAD | pair=CHIP/USDC | cex=0.07441/0.07444 | dex_sell=0.0744228 dex_buy=0.0744421 | spread_a=-2.3bps spread_b=-4.3bps | min=30.0bps
2026-05-08 23:02:33,856 | INFO | fetch_order_book: symbol=CHIP/USDC limit=20
2026-05-08 23:02:34,111 | INFO | fetch_order_book: mid=0.074425 spread=4.03bps bids=20 asks=20
2026-05-08 23:02:35,041 | INFO | SPREAD | pair=CHIP/USDC | cex=0.07441/0.07444 | dex_sell=0.0744228 dex_buy=0.0744421 | spread_a=-2.3bps spread_b=-4.3bps | min=30.0bps
2026-05-08 23:02:36,044 | INFO | fetch_order_book: symbol=CHIP/USDC limit=20
2026-05-08 23:02:36,301 | INFO | fetch_order_book: mid=0.074495 spread=6.71bps bids=20 asks=20
2026-05-08 23:02:37,208 | INFO | SPREAD | pair=CHIP/USDC | cex=0.07447/0.07452 | dex_sell=0.0744692 dex_buy=0.0744885 | spread_a=-6.8bps spread_b=-2.5bps | min=30.0bps
2026-05-08 23:02:38,211 | INFO | fetch_order_book: symbol=CHIP/USDC limit=20
2026-05-08 23:02:38,466 | INFO | fetch_order_book: mid=0.07451 spread=5.37bps bids=20 asks=20
2026-05-08 23:02:39,361 | INFO | SPREAD | pair=CHIP/USDC | cex=0.07449/0.07453 | dex_sell=0.0744692 dex_buy=0.0745623 | spread_a=-8.2bps spread_b=-9.7bps | min=30.0bps
2026-05-08 23:02:40,364 | INFO | fetch_order_book: symbol=CHIP/USDC limit=20
2026-05-08 23:02:40,632 | INFO | fetch_order_book: mid=0.07452 spread=5.37bps bids=20 asks=20
2026-05-08 23:02:41,526 | INFO | SPREAD | pair=CHIP/USDC | cex=0.0745/0.07454 | dex_sell=0.074543 dex_buy=0.0745623 | spread_a=0.4bps spread_b=-8.4bps | min=30.0bps
2026-05-08 23:02:42,529 | INFO | fetch_order_book: symbol=CHIP/USDC limit=20
2026-05-08 23:02:42,785 | INFO | fetch_order_book: mid=0.07452 spread=5.37bps bids=20 asks=20
2026-05-08 23:02:43,754 | INFO | SPREAD | pair=CHIP/USDC | cex=0.0745/0.07454 | dex_sell=0.074543 dex_buy=0.0745623 | spread_a=0.4bps spread_b=-8.4bps | min=30.0bps
2026-05-08 23:02:44,758 | INFO | fetch_order_book: symbol=CHIP/USDC limit=20
2026-05-08 23:02:45,125 | INFO | fetch_order_book: mid=0.07452 spread=5.37bps bids=20 asks=20
2026-05-08 23:02:45,993 | INFO | SPREAD | pair=CHIP/USDC | cex=0.0745/0.07454 | dex_sell=0.074543 dex_buy=0.0745623 | spread_a=0.4bps spread_b=-8.4bps | min=30.0bps
2026-05-08 23:02:46,996 | INFO | fetch_order_book: symbol=CHIP/USDC limit=20
2026-05-08 23:02:47,254 | INFO | fetch_order_book: mid=0.07451 spread=5.37bps bids=20 asks=20
2026-05-08 23:02:48,183 | INFO | SPREAD | pair=CHIP/USDC | cex=0.07449/0.07453 | dex_sell=0.074543 dex_buy=0.0745623 | spread_a=1.7bps spread_b=-9.7bps | min=30.0bps
2026-05-08 23:02:49,187 | INFO | fetch_order_book: symbol=CHIP/USDC limit=20
2026-05-08 23:02:49,452 | INFO | fetch_order_book: mid=0.074495 spread=6.71bps bids=20 asks=20
2026-05-08 23:02:50,469 | INFO | SPREAD | pair=CHIP/USDC | cex=0.07447/0.07452 | dex_sell=0.074543 dex_buy=0.0745623 | spread_a=3.1bps spread_b=-12.4bps | min=30.0bps
2026-05-08 23:02:51,473 | INFO | fetch_order_book: symbol=CHIP/USDC limit=20
2026-05-08 23:02:51,728 | INFO | fetch_order_book: mid=0.07448 spread=5.37bps bids=20 asks=20
2026-05-08 23:02:52,659 | INFO | SPREAD | pair=CHIP/USDC | cex=0.07446/0.0745 | dex_sell=0.0745185 dex_buy=0.0745378 | spread_a=2.5bps spread_b=-10.4bps | min=30.0bps
2026-05-08 23:02:53,663 | INFO | fetch_order_book: symbol=CHIP/USDC limit=20
2026-05-08 23:02:53,920 | INFO | fetch_order_book: mid=0.07448 spread=5.37bps bids=20 asks=20
2026-05-08 23:02:54,814 | INFO | SPREAD | pair=CHIP/USDC | cex=0.07446/0.0745 | dex_sell=0.0745185 dex_buy=0.0745378 | spread_a=2.5bps spread_b=-10.4bps | min=30.0bps
2026-05-08 23:02:55,817 | INFO | fetch_order_book: symbol=CHIP/USDC limit=20
2026-05-08 23:02:56,077 | INFO | fetch_order_book: mid=0.074495 spread=6.71bps bids=20 asks=20
2026-05-08 23:02:56,964 | INFO | SPREAD | pair=CHIP/USDC | cex=0.07447/0.07452 | dex_sell=0.0745185 dex_buy=0.0745378 | spread_a=-0.2bps spread_b=-9.1bps | min=30.0bps
2026-05-08 23:02:57,968 | INFO | fetch_order_book: symbol=CHIP/USDC limit=20
2026-05-08 23:02:58,224 | INFO | fetch_order_book: mid=0.074545 spread=4.02bps bids=20 asks=20
2026-05-08 23:02:59,063 | INFO | SPREAD | pair=CHIP/USDC | cex=0.07453/0.07456 | dex_sell=0.0745286 dex_buy=0.0745723 | spread_a=-4.2bps spread_b=-5.7bps | min=30.0bps
2026-05-08 23:03:00,065 | INFO | fetch_order_book: symbol=CHIP/USDC limit=20
2026-05-08 23:03:00,324 | INFO | fetch_order_book: mid=0.074415 spread=4.03bps bids=20 asks=20
2026-05-08 23:03:01,266 | INFO | SPREAD | pair=CHIP/USDC | cex=0.0744/0.07443 | dex_sell=0.074459 dex_buy=0.0744512 | spread_a=3.9bps spread_b=-6.9bps | min=30.0bps
2026-05-08 23:03:02,269 | INFO | fetch_order_book: symbol=CHIP/USDC limit=20
2026-05-08 23:03:02,528 | INFO | fetch_order_book: mid=0.07440 spread=2.69bps bids=20 asks=20
2026-05-08 23:03:03,392 | INFO | SPREAD | pair=CHIP/USDC | cex=0.07439/0.07441 | dex_sell=0.0744628 dex_buy=0.0744579 | spread_a=7.1bps spread_b=-9.1bps | min=30.0bps
2026-05-08 23:03:04,395 | INFO | fetch_order_book: symbol=CHIP/USDC limit=20
2026-05-08 23:03:04,651 | INFO | fetch_order_book: mid=0.074525 spread=9.39bps bids=20 asks=20
2026-05-08 23:03:05,527 | INFO | SPREAD | pair=CHIP/USDC | cex=0.07449/0.07456 | dex_sell=0.0744386 dex_buy=0.0744579 | spread_a=-16.3bps spread_b=4.3bps | min=30.0bps
2026-05-08 23:03:06,530 | INFO | fetch_order_book: symbol=CHIP/USDC limit=20
2026-05-08 23:03:06,800 | INFO | fetch_order_book: mid=0.07457 spread=2.68bps bids=20 asks=20
2026-05-08 23:03:07,649 | INFO | SPREAD | pair=CHIP/USDC | cex=0.07456/0.07458 | dex_sell=0.0745724 dex_buy=0.0745918 | spread_a=-1.0bps spread_b=-4.3bps | min=30.0bps
2026-05-08 23:03:08,653 | INFO | fetch_order_book: symbol=CHIP/USDC limit=20
2026-05-08 23:03:09,392 | INFO | fetch_order_book: mid=0.07451 spread=5.37bps bids=20 asks=20
2026-05-08 23:03:10,326 | INFO | SPREAD | pair=CHIP/USDC | cex=0.07449/0.07453 | dex_sell=0.0745484 dex_buy=0.0745678 | spread_a=2.5bps spread_b=-10.4bps | min=30.0bps
2026-05-08 23:03:11,330 | INFO | fetch_order_book: symbol=CHIP/USDC limit=20
2026-05-08 23:03:11,590 | INFO | fetch_order_book: mid=0.07450 spread=5.37bps bids=20 asks=20
2026-05-08 23:03:12,441 | INFO | SPREAD | pair=CHIP/USDC | cex=0.07448/0.07452 | dex_sell=0.0745085 dex_buy=0.0745279 | spread_a=-1.5bps spread_b=-6.4bps | min=30.0bps
2026-05-08 23:03:13,444 | INFO | fetch_order_book: symbol=CHIP/USDC limit=20
2026-05-08 23:03:13,701 | INFO | fetch_order_book: mid=0.074575 spread=6.70bps bids=20 asks=20
2026-05-08 23:03:14,601 | INFO | SPREAD | pair=CHIP/USDC | cex=0.07455/0.0746 | dex_sell=0.0745725 dex_buy=0.0745919 | spread_a=-3.7bps spread_b=-5.6bps | min=30.0bps
2026-05-08 23:03:15,604 | INFO | fetch_order_book: symbol=CHIP/USDC limit=20
2026-05-08 23:03:15,857 | INFO | fetch_order_book: mid=0.074555 spread=6.71bps bids=20 asks=20
2026-05-08 23:03:16,713 | INFO | SPREAD | pair=CHIP/USDC | cex=0.07453/0.07458 | dex_sell=0.0745725 dex_buy=0.0745919 | spread_a=-1.0bps spread_b=-8.3bps | min=30.0bps
2026-05-08 23:03:17,716 | INFO | fetch_order_book: symbol=CHIP/USDC limit=20
2026-05-08 23:03:17,994 | INFO | fetch_order_book: mid=0.07441 spread=2.69bps bids=20 asks=20
2026-05-08 23:03:18,883 | INFO | SPREAD | pair=CHIP/USDC | cex=0.0744/0.07442 | dex_sell=0.0744388 dex_buy=0.0744581 | spread_a=2.5bps spread_b=-7.8bps | min=30.0bps
2026-05-08 23:03:19,886 | INFO | fetch_order_book: symbol=CHIP/USDC limit=20
2026-05-08 23:03:20,141 | INFO | fetch_order_book: mid=0.07443 spread=5.37bps bids=20 asks=20
2026-05-08 23:03:21,304 | INFO | SPREAD | pair=CHIP/USDC | cex=0.07441/0.07445 | dex_sell=0.0744605 dex_buy=0.0744798 | spread_a=1.4bps spread_b=-9.4bps | min=30.0bps
2026-05-08 23:03:22,307 | INFO | fetch_order_book: symbol=CHIP/USDC limit=20
2026-05-08 23:03:22,563 | INFO | fetch_order_book: mid=0.07443 spread=5.37bps bids=20 asks=20
2026-05-08 23:03:23,469 | INFO | SPREAD | pair=CHIP/USDC | cex=0.07441/0.07445 | dex_sell=0.0744605 dex_buy=0.0744798 | spread_a=1.4bps spread_b=-9.4bps | min=30.0bps
2026-05-08 23:03:24,473 | INFO | fetch_order_book: symbol=CHIP/USDC limit=20
2026-05-08 23:03:24,728 | INFO | fetch_order_book: mid=0.074375 spread=4.03bps bids=20 asks=20
2026-05-08 23:03:25,554 | INFO | SPREAD | pair=CHIP/USDC | cex=0.07436/0.07439 | dex_sell=0.0744386 dex_buy=0.0744278 | spread_a=6.5bps spread_b=-9.1bps | min=30.0bps
2026-05-08 23:03:26,557 | INFO | fetch_order_book: symbol=CHIP/USDC limit=20
2026-05-08 23:03:26,821 | INFO | fetch_order_book: mid=0.07434 spread=5.38bps bids=20 asks=20
2026-05-08 23:03:27,741 | INFO | SPREAD | pair=CHIP/USDC | cex=0.07432/0.07436 | dex_sell=0.0743787 dex_buy=0.074398 | spread_a=2.5bps spread_b=-10.5bps | min=30.0bps
2026-05-08 23:03:28,745 | INFO | fetch_order_book: symbol=CHIP/USDC limit=20
2026-05-08 23:03:28,999 | INFO | fetch_order_book: mid=0.07423 spread=5.39bps bids=20 asks=20
2026-05-08 23:03:29,849 | INFO | SPREAD | pair=CHIP/USDC | cex=0.07421/0.07425 | dex_sell=0.0742486 dex_buy=0.0742679 | spread_a=-0.2bps spread_b=-7.8bps | min=30.0bps
2026-05-08 23:03:30,852 | INFO | fetch_order_book: symbol=CHIP/USDC limit=20
2026-05-08 23:03:31,107 | INFO | fetch_order_book: mid=0.074165 spread=1.35bps bids=20 asks=20
2026-05-08 23:03:32,104 | INFO | SPREAD | pair=CHIP/USDC | cex=0.07416/0.07417 | dex_sell=0.0742486 dex_buy=0.0742679 | spread_a=10.6bps spread_b=-14.5bps | min=30.0bps
2026-05-08 23:03:33,108 | INFO | fetch_order_book: symbol=CHIP/USDC limit=20
2026-05-08 23:03:33,364 | INFO | fetch_order_book: mid=0.07403 spread=5.40bps bids=20 asks=20
2026-05-08 23:03:34,244 | INFO | SPREAD | pair=CHIP/USDC | cex=0.07401/0.07405 | dex_sell=0.0740748 dex_buy=0.074068 | spread_a=3.3bps spread_b=-7.8bps | min=30.0bps
2026-05-08 23:03:35,248 | INFO | fetch_order_book: symbol=CHIP/USDC limit=20
2026-05-08 23:03:35,502 | INFO | fetch_order_book: mid=0.07401 spread=2.70bps bids=20 asks=20
2026-05-08 23:03:36,392 | INFO | SPREAD | pair=CHIP/USDC | cex=0.074/0.07402 | dex_sell=0.0740487 dex_buy=0.074068 | spread_a=3.9bps spread_b=-9.2bps | min=30.0bps
2026-05-08 23:03:37,395 | INFO | fetch_order_book: symbol=CHIP/USDC limit=20
2026-05-08 23:03:37,652 | INFO | fetch_order_book: mid=0.07398 spread=5.41bps bids=20 asks=20
2026-05-08 23:03:38,508 | INFO | SPREAD | pair=CHIP/USDC | cex=0.07396/0.074 | dex_sell=0.0740186 dex_buy=0.0740378 | spread_a=2.5bps spread_b=-10.5bps | min=30.0bps
2026-05-08 23:03:39,512 | INFO | fetch_order_book: symbol=CHIP/USDC limit=20
2026-05-08 23:03:39,766 | INFO | fetch_order_book: mid=0.074005 spread=1.35bps bids=20 asks=20
2026-05-08 23:03:40,667 | INFO | SPREAD | pair=CHIP/USDC | cex=0.074/0.07401 | dex_sell=0.0739496 dex_buy=0.0739923 | spread_a=-8.2bps spread_b=1.0bps | min=30.0bps
2026-05-08 23:03:41,670 | INFO | fetch_order_book: symbol=CHIP/USDC limit=20
2026-05-08 23:03:41,924 | INFO | fetch_order_book: mid=0.07395 spread=5.41bps bids=20 asks=20
2026-05-08 23:03:42,777 | INFO | SPREAD | pair=CHIP/USDC | cex=0.07393/0.07397 | dex_sell=0.0739487 dex_buy=0.0739678 | spread_a=-2.9bps spread_b=-5.1bps | min=30.0bps
2026-05-08 23:03:43,781 | INFO | fetch_order_book: symbol=CHIP/USDC limit=20
2026-05-08 23:03:44,038 | INFO | fetch_order_book: mid=0.07400 spread=8.11bps bids=20 asks=20
2026-05-08 23:03:44,989 | INFO | SPREAD | pair=CHIP/USDC | cex=0.07397/0.07403 | dex_sell=0.0739487 dex_buy=0.0739921 | spread_a=-11.0bps spread_b=-3.0bps | min=30.0bps
2026-05-08 23:03:45,993 | INFO | fetch_order_book: symbol=CHIP/USDC limit=20
2026-05-08 23:03:46,306 | INFO | fetch_order_book: mid=0.07400 spread=5.41bps bids=20 asks=20
2026-05-08 23:03:47,389 | INFO | SPREAD | pair=CHIP/USDC | cex=0.07398/0.07402 | dex_sell=0.0740031 dex_buy=0.0740223 | spread_a=-2.3bps spread_b=-5.7bps | min=30.0bps
2026-05-08 23:03:48,393 | INFO | fetch_order_book: symbol=CHIP/USDC limit=20
2026-05-08 23:03:48,649 | INFO | fetch_order_book: mid=0.073975 spread=6.76bps bids=20 asks=20
2026-05-08 23:03:49,694 | INFO | SPREAD | pair=CHIP/USDC | cex=0.07395/0.074 | dex_sell=0.0741232 dex_buy=0.0740081 | spread_a=16.6bps spread_b=-7.8bps | min=30.0bps
2026-05-08 23:03:50,697 | INFO | fetch_order_book: symbol=CHIP/USDC limit=20
2026-05-08 23:03:50,951 | INFO | fetch_order_book: mid=0.07403 spread=8.10bps bids=20 asks=20
2026-05-08 23:03:51,878 | INFO | SPREAD | pair=CHIP/USDC | cex=0.074/0.07406 | dex_sell=0.0740229 dex_buy=0.0740421 | spread_a=-5.0bps spread_b=-5.7bps | min=30.0bps
2026-05-08 23:03:52,881 | INFO | fetch_order_book: symbol=CHIP/USDC limit=20
2026-05-08 23:03:53,145 | INFO | fetch_order_book: mid=0.07405 spread=5.40bps bids=20 asks=20
2026-05-08 23:03:54,177 | INFO | SPREAD | pair=CHIP/USDC | cex=0.07403/0.07407 | dex_sell=0.0740229 dex_buy=0.0740421 | spread_a=-6.4bps spread_b=-1.6bps | min=30.0bps
2026-05-08 23:03:55,181 | INFO | fetch_order_book: symbol=CHIP/USDC limit=20
2026-05-08 23:03:55,438 | INFO | fetch_order_book: mid=0.07404 spread=5.40bps bids=20 asks=20
2026-05-08 23:03:56,328 | INFO | SPREAD | pair=CHIP/USDC | cex=0.07402/0.07406 | dex_sell=0.0740229 dex_buy=0.0740421 | spread_a=-5.0bps spread_b=-3.0bps | min=30.0bps
2026-05-08 23:03:57,330 | INFO | fetch_order_book: symbol=CHIP/USDC limit=20
2026-05-08 23:03:57,588 | INFO | fetch_order_book: mid=0.07397 spread=5.41bps bids=20 asks=20
2026-05-08 23:03:58,552 | INFO | SPREAD | pair=CHIP/USDC | cex=0.07395/0.07399 | dex_sell=0.0740229 dex_buy=0.0740179 | spread_a=4.4bps spread_b=-9.2bps | min=30.0bps
2026-05-08 23:03:59,555 | INFO | fetch_order_book: symbol=CHIP/USDC limit=20
2026-05-08 23:03:59,847 | INFO | fetch_order_book: mid=0.07402 spread=5.40bps bids=20 asks=20
2026-05-08 23:04:00,868 | INFO | SPREAD | pair=CHIP/USDC | cex=0.074/0.07404 | dex_sell=0.0739987 dex_buy=0.0740179 | spread_a=-5.6bps spread_b=-2.4bps | min=30.0bps
2026-05-08 23:04:01,872 | INFO | fetch_order_book: symbol=CHIP/USDC limit=20
2026-05-08 23:04:02,184 | INFO | fetch_order_book: mid=0.073935 spread=4.06bps bids=20 asks=20
2026-05-08 23:04:03,210 | INFO | SPREAD | pair=CHIP/USDC | cex=0.07392/0.07395 | dex_sell=0.0739987 dex_buy=0.073972 | spread_a=6.6bps spread_b=-7.0bps | min=30.0bps
2026-05-08 23:04:04,214 | INFO | fetch_order_book: symbol=CHIP/USDC limit=20
2026-05-08 23:04:04,654 | INFO | fetch_order_book: mid=0.073915 spread=4.06bps bids=20 asks=20
2026-05-08 23:04:06,035 | INFO | SPREAD | pair=CHIP/USDC | cex=0.0739/0.07393 | dex_sell=0.0739528 dex_buy=0.0739477 | spread_a=3.1bps spread_b=-6.5bps | min=30.0bps
2026-05-08 23:04:07,038 | INFO | fetch_order_book: symbol=CHIP/USDC limit=20
2026-05-08 23:04:07,302 | INFO | fetch_order_book: mid=0.07383 spread=5.42bps bids=20 asks=20
2026-05-08 23:04:08,460 | INFO | SPREAD | pair=CHIP/USDC | cex=0.07381/0.07385 | dex_sell=0.0738116 dex_buy=0.0738621 | spread_a=-5.2bps spread_b=-7.1bps | min=30.0bps
2026-05-08 23:04:09,463 | INFO | fetch_order_book: symbol=CHIP/USDC limit=20
2026-05-08 23:04:09,724 | INFO | fetch_order_book: mid=0.073875 spread=6.77bps bids=20 asks=20
2026-05-08 23:04:10,606 | INFO | SPREAD | pair=CHIP/USDC | cex=0.07385/0.0739 | dex_sell=0.073843 dex_buy=0.0738621 | spread_a=-7.7bps spread_b=-1.6bps | min=30.0bps
2026-05-08 23:04:11,610 | INFO | fetch_order_book: symbol=CHIP/USDC limit=20
2026-05-08 23:04:11,869 | INFO | fetch_order_book: mid=0.07391 spread=5.41bps bids=20 asks=20
2026-05-08 23:04:12,789 | INFO | SPREAD | pair=CHIP/USDC | cex=0.07389/0.07393 | dex_sell=0.0738619 dex_buy=0.0738811 | spread_a=-9.2bps spread_b=1.2bps | min=30.0bps
2026-05-08 23:04:13,793 | INFO | fetch_order_book: symbol=CHIP/USDC limit=20
2026-05-08 23:04:14,050 | INFO | fetch_order_book: mid=0.07391 spread=8.12bps bids=20 asks=20
2026-05-08 23:04:14,902 | INFO | SPREAD | pair=CHIP/USDC | cex=0.07388/0.07394 | dex_sell=0.0738619 dex_buy=0.0738811 | spread_a=-10.6bps spread_b=-0.1bps | min=30.0bps
2026-05-08 23:04:15,906 | INFO | fetch_order_book: symbol=CHIP/USDC limit=20
2026-05-08 23:04:16,166 | INFO | fetch_order_book: mid=0.073675 spread=6.79bps bids=20 asks=20
2026-05-08 23:04:17,086 | INFO | SPREAD | pair=CHIP/USDC | cex=0.07365/0.0737 | dex_sell=0.0737359 dex_buy=0.0737278 | spread_a=4.9bps spread_b=-10.6bps | min=30.0bps
2026-05-08 23:04:18,089 | INFO | fetch_order_book: symbol=CHIP/USDC limit=20
2026-05-08 23:04:18,355 | INFO | fetch_order_book: mid=0.07363 spread=8.15bps bids=20 asks=20
2026-05-08 23:04:19,267 | INFO | SPREAD | pair=CHIP/USDC | cex=0.0736/0.07366 | dex_sell=0.0736886 dex_buy=0.0736677 | spread_a=3.9bps spread_b=-9.2bps | min=30.0bps
2026-05-08 23:04:20,270 | INFO | fetch_order_book: symbol=CHIP/USDC limit=20
2026-05-08 23:04:20,537 | INFO | fetch_order_book: mid=0.07376 spread=8.13bps bids=20 asks=20
2026-05-08 23:04:21,467 | INFO | SPREAD | pair=CHIP/USDC | cex=0.07373/0.07379 | dex_sell=0.0737504 dex_buy=0.0737695 | spread_a=-5.4bps spread_b=-5.4bps | min=30.0bps
2026-05-08 23:04:22,474 | INFO | fetch_order_book: symbol=CHIP/USDC limit=20
2026-05-08 23:04:22,907 | INFO | fetch_order_book: mid=0.07360 spread=8.15bps bids=20 asks=20
2026-05-08 23:04:23,745 | INFO | SPREAD | pair=CHIP/USDC | cex=0.07357/0.07363 | dex_sell=0.0736802 dex_buy=0.0736578 | spread_a=6.8bps spread_b=-11.9bps | min=30.0bps
2026-05-08 23:04:24,749 | INFO | fetch_order_book: symbol=CHIP/USDC limit=20
2026-05-08 23:04:25,085 | INFO | fetch_order_book: mid=0.07364 spread=8.15bps bids=20 asks=20
2026-05-08 23:04:25,944 | INFO | SPREAD | pair=CHIP/USDC | cex=0.07361/0.07367 | dex_sell=0.0736387 dex_buy=0.0736578 | spread_a=-4.2bps spread_b=-6.5bps | min=30.0bps
2026-05-08 23:04:26,947 | INFO | fetch_order_book: symbol=CHIP/USDC limit=20
2026-05-08 23:04:27,235 | INFO | fetch_order_book: mid=0.073605 spread=6.79bps bids=20 asks=20
2026-05-08 23:04:28,075 | INFO | SPREAD | pair=CHIP/USDC | cex=0.07358/0.07363 | dex_sell=0.0736387 dex_buy=0.0736578 | spread_a=1.2bps spread_b=-10.6bps | min=30.0bps
2026-05-08 23:04:29,078 | INFO | fetch_order_book: symbol=CHIP/USDC limit=20
2026-05-08 23:04:29,374 | INFO | fetch_order_book: mid=0.073605 spread=6.79bps bids=20 asks=20
2026-05-08 23:04:30,272 | INFO | SPREAD | pair=CHIP/USDC | cex=0.07358/0.07363 | dex_sell=0.0736387 dex_buy=0.0736578 | spread_a=1.2bps spread_b=-10.6bps | min=30.0bps
2026-05-08 23:04:31,275 | INFO | fetch_order_book: symbol=CHIP/USDC limit=20
2026-05-08 23:04:31,595 | INFO | fetch_order_book: mid=0.073625 spread=4.07bps bids=20 asks=20
2026-05-08 23:04:32,478 | INFO | SPREAD | pair=CHIP/USDC | cex=0.07361/0.07364 | dex_sell=0.0736387 dex_buy=0.0736578 | spread_a=-0.2bps spread_b=-6.5bps | min=30.0bps
2026-05-08 23:04:33,481 | INFO | fetch_order_book: symbol=CHIP/USDC limit=20
2026-05-08 23:04:33,793 | INFO | fetch_order_book: mid=0.07350 spread=5.44bps bids=20 asks=20
2026-05-08 23:04:34,663 | INFO | SPREAD | pair=CHIP/USDC | cex=0.07348/0.07352 | dex_sell=0.0736085 dex_buy=0.0736018 | spread_a=12.0bps spread_b=-16.5bps | min=30.0bps
2026-05-08 23:04:35,667 | INFO | fetch_order_book: symbol=CHIP/USDC limit=20
2026-05-08 23:04:35,951 | INFO | fetch_order_book: mid=0.07348 spread=8.17bps bids=20 asks=20
2026-05-08 23:04:36,850 | INFO | SPREAD | pair=CHIP/USDC | cex=0.07345/0.07351 | dex_sell=0.0735108 dex_buy=0.0735299 | spread_a=0.1bps spread_b=-10.9bps | min=30.0bps
2026-05-08 23:04:37,854 | INFO | fetch_order_book: symbol=CHIP/USDC limit=20
2026-05-08 23:04:38,690 | INFO | fetch_order_book: mid=0.073455 spread=6.81bps bids=20 asks=20
2026-05-08 23:04:39,611 | INFO | SPREAD | pair=CHIP/USDC | cex=0.07343/0.07348 | dex_sell=0.0734886 dex_buy=0.0735077 | spread_a=1.2bps spread_b=-10.6bps | min=30.0bps
2026-05-08 23:04:40,616 | INFO | fetch_order_book: symbol=CHIP/USDC limit=20
2026-05-08 23:04:40,945 | INFO | fetch_order_book: mid=0.073315 spread=6.82bps bids=20 asks=20
2026-05-08 23:04:41,890 | INFO | SPREAD | pair=CHIP/USDC | cex=0.07329/0.07334 | dex_sell=0.0734282 dex_buy=0.0733778 | spread_a=12.0bps spread_b=-12.0bps | min=30.0bps
2026-05-08 23:04:42,893 | INFO | fetch_order_book: symbol=CHIP/USDC limit=20
2026-05-08 23:04:43,301 | INFO | fetch_order_book: mid=0.073445 spread=6.81bps bids=20 asks=20
2026-05-08 23:04:44,180 | INFO | SPREAD | pair=CHIP/USDC | cex=0.07342/0.07347 | dex_sell=0.073423 dex_buy=0.0734176 | spread_a=-6.4bps spread_b=0.3bps | min=30.0bps
2026-05-08 23:04:45,183 | INFO | fetch_order_book: symbol=CHIP/USDC limit=20
2026-05-08 23:04:45,534 | INFO | fetch_order_book: mid=0.073415 spread=6.81bps bids=20 asks=20
2026-05-08 23:04:46,423 | INFO | SPREAD | pair=CHIP/USDC | cex=0.07339/0.07344 | dex_sell=0.0733986 dex_buy=0.0734176 | spread_a=-5.6bps spread_b=-3.8bps | min=30.0bps
2026-05-08 23:04:47,427 | INFO | fetch_order_book: symbol=CHIP/USDC limit=20
2026-05-08 23:04:47,683 | INFO | fetch_order_book: mid=0.073395 spread=6.81bps bids=20 asks=20
2026-05-08 23:04:48,627 | INFO | SPREAD | pair=CHIP/USDC | cex=0.07337/0.07342 | dex_sell=0.0733986 dex_buy=0.0734176 | spread_a=-2.9bps spread_b=-6.5bps | min=30.0bps
2026-05-08 23:04:49,631 | INFO | fetch_order_book: symbol=CHIP/USDC limit=20
2026-05-08 23:04:49,886 | INFO | fetch_order_book: mid=0.07339 spread=8.18bps bids=20 asks=20
2026-05-08 23:04:50,752 | INFO | SPREAD | pair=CHIP/USDC | cex=0.07336/0.07342 | dex_sell=0.0733986 dex_buy=0.0734176 | spread_a=-2.9bps spread_b=-7.8bps | min=30.0bps
2026-05-08 23:04:51,754 | INFO | fetch_order_book: symbol=CHIP/USDC limit=20
2026-05-08 23:04:52,012 | INFO | fetch_order_book: mid=0.073415 spread=6.81bps bids=20 asks=20
2026-05-08 23:04:52,903 | INFO | SPREAD | pair=CHIP/USDC | cex=0.07339/0.07344 | dex_sell=0.0733986 dex_buy=0.0734176 | spread_a=-5.6bps spread_b=-3.8bps | min=30.0bps
2026-05-08 23:04:53,906 | INFO | fetch_order_book: symbol=CHIP/USDC limit=20
2026-05-08 23:04:54,160 | INFO | fetch_order_book: mid=0.073385 spread=6.81bps bids=20 asks=20
2026-05-08 23:04:55,028 | INFO | SPREAD | pair=CHIP/USDC | cex=0.07336/0.07341 | dex_sell=0.0733986 dex_buy=0.0734176 | spread_a=-1.6bps spread_b=-7.8bps | min=30.0bps
2026-05-08 23:04:56,031 | INFO | fetch_order_book: symbol=CHIP/USDC limit=20
2026-05-08 23:04:56,285 | INFO | fetch_order_book: mid=0.07336 spread=5.45bps bids=20 asks=20
2026-05-08 23:04:57,212 | INFO | SPREAD | pair=CHIP/USDC | cex=0.07334/0.07338 | dex_sell=0.0733986 dex_buy=0.0733875 | spread_a=2.5bps spread_b=-6.5bps | min=30.0bps
2026-05-08 23:04:58,215 | INFO | fetch_order_book: symbol=CHIP/USDC limit=20
2026-05-08 23:04:58,471 | INFO | fetch_order_book: mid=0.073385 spread=6.81bps bids=20 asks=20
2026-05-08 23:04:59,333 | INFO | SPREAD | pair=CHIP/USDC | cex=0.07336/0.07341 | dex_sell=0.0733931 dex_buy=0.0734121 | spread_a=-2.3bps spread_b=-7.1bps | min=30.0bps
2026-05-08 23:05:00,336 | INFO | fetch_order_book: symbol=CHIP/USDC limit=20
2026-05-08 23:05:00,604 | INFO | fetch_order_book: mid=0.07337 spread=5.45bps bids=20 asks=20
2026-05-08 23:05:01,536 | INFO | SPREAD | pair=CHIP/USDC | cex=0.07335/0.07339 | dex_sell=0.0733687 dex_buy=0.0733877 | spread_a=-2.9bps spread_b=-5.1bps | min=30.0bps
2026-05-08 23:05:02,540 | INFO | fetch_order_book: symbol=CHIP/USDC limit=20
2026-05-08 23:05:02,801 | INFO | fetch_order_book: mid=0.073195 spread=6.83bps bids=20 asks=20
2026-05-08 23:05:03,651 | INFO | SPREAD | pair=CHIP/USDC | cex=0.07317/0.07322 | dex_sell=0.0733204 dex_buy=0.0733872 | spread_a=13.7bps spread_b=-29.6bps | min=30.0bps
2026-05-08 23:05:04,654 | INFO | fetch_order_book: symbol=CHIP/USDC limit=20
2026-05-08 23:05:04,912 | INFO | fetch_order_book: mid=0.073185 spread=4.10bps bids=20 asks=20
2026-05-08 23:05:05,807 | INFO | SPREAD | pair=CHIP/USDC | cex=0.07317/0.0732 | dex_sell=0.0732292 dex_buy=0.0732481 | spread_a=4.0bps spread_b=-10.7bps | min=30.0bps
2026-05-08 23:05:06,810 | INFO | fetch_order_book: symbol=CHIP/USDC limit=20
2026-05-08 23:05:07,072 | INFO | fetch_order_book: mid=0.073105 spread=6.84bps bids=20 asks=20
2026-05-08 23:05:07,904 | INFO | SPREAD | pair=CHIP/USDC | cex=0.07308/0.07313 | dex_sell=0.0731501 dex_buy=0.0731661 | spread_a=2.8bps spread_b=-11.8bps | min=30.0bps
2026-05-08 23:05:08,907 | INFO | fetch_order_book: symbol=CHIP/USDC limit=20
2026-05-08 23:05:09,162 | INFO | fetch_order_book: mid=0.07312 spread=5.47bps bids=20 asks=20
2026-05-08 23:05:10,096 | INFO | SPREAD | pair=CHIP/USDC | cex=0.0731/0.07314 | dex_sell=0.0731501 dex_buy=0.0731661 | spread_a=1.4bps spread_b=-9.0bps | min=30.0bps
2026-05-08 23:05:11,098 | INFO | fetch_order_book: symbol=CHIP/USDC limit=20
2026-05-08 23:05:11,356 | INFO | fetch_order_book: mid=0.07314 spread=5.47bps bids=20 asks=20
2026-05-08 23:05:12,176 | INFO | SPREAD | pair=CHIP/USDC | cex=0.07312/0.07316 | dex_sell=0.0731646 dex_buy=0.0731806 | spread_a=0.6bps spread_b=-8.3bps | min=30.0bps
2026-05-08 23:05:13,180 | INFO | fetch_order_book: symbol=CHIP/USDC limit=20
2026-05-08 23:05:13,437 | INFO | fetch_order_book: mid=0.073235 spread=1.37bps bids=20 asks=20
2026-05-08 23:05:14,278 | INFO | SPREAD | pair=CHIP/USDC | cex=0.07323/0.07324 | dex_sell=0.0732532 dex_buy=0.0732722 | spread_a=1.8bps spread_b=-5.8bps | min=30.0bps
2026-05-08 23:05:15,281 | INFO | fetch_order_book: symbol=CHIP/USDC limit=20
2026-05-08 23:05:15,657 | INFO | fetch_order_book: mid=0.07324 spread=5.46bps bids=20 asks=20
2026-05-08 23:05:16,530 | INFO | SPREAD | pair=CHIP/USDC | cex=0.07322/0.07326 | dex_sell=0.0732532 dex_buy=0.0732722 | spread_a=-0.9bps spread_b=-7.1bps | min=30.0bps
2026-05-08 23:05:17,534 | INFO | fetch_order_book: symbol=CHIP/USDC limit=20
2026-05-08 23:05:17,787 | INFO | fetch_order_book: mid=0.073305 spread=1.36bps bids=20 asks=20
2026-05-08 23:05:18,825 | INFO | SPREAD | pair=CHIP/USDC | cex=0.0733/0.07331 | dex_sell=0.0733631 dex_buy=0.0733475 | spread_a=7.2bps spread_b=-6.5bps | min=30.0bps
2026-05-08 23:05:19,829 | INFO | fetch_order_book: symbol=CHIP/USDC limit=20
2026-05-08 23:05:20,172 | INFO | fetch_order_book: mid=0.07342 spread=5.45bps bids=20 asks=20
2026-05-08 23:05:21,138 | INFO | SPREAD | pair=CHIP/USDC | cex=0.0734/0.07344 | dex_sell=0.0733532 dex_buy=0.0734023 | spread_a=-11.8bps spread_b=-0.3bps | min=30.0bps
2026-05-08 23:05:22,140 | INFO | fetch_order_book: symbol=CHIP/USDC limit=20
2026-05-08 23:05:22,394 | INFO | fetch_order_book: mid=0.073415 spread=6.81bps bids=20 asks=20
2026-05-08 23:05:23,309 | INFO | SPREAD | pair=CHIP/USDC | cex=0.07339/0.07344 | dex_sell=0.073423 dex_buy=0.073442 | spread_a=-2.3bps spread_b=-7.1bps | min=30.0bps
2026-05-08 23:05:24,313 | INFO | fetch_order_book: symbol=CHIP/USDC limit=20
2026-05-08 23:05:24,566 | INFO | fetch_order_book: mid=0.073425 spread=6.81bps bids=20 asks=20
2026-05-08 23:05:25,448 | INFO | SPREAD | pair=CHIP/USDC | cex=0.0734/0.07345 | dex_sell=0.073423 dex_buy=0.073442 | spread_a=-3.7bps spread_b=-5.7bps | min=30.0bps
2026-05-08 23:05:26,452 | INFO | fetch_order_book: symbol=CHIP/USDC limit=20
2026-05-08 23:05:26,711 | INFO | fetch_order_book: mid=0.07346 spread=5.45bps bids=20 asks=20
2026-05-08 23:05:27,638 | INFO | SPREAD | pair=CHIP/USDC | cex=0.07344/0.07348 | dex_sell=0.073423 dex_buy=0.073442 | spread_a=-7.8bps spread_b=-0.3bps | min=30.0bps
2026-05-08 23:05:28,641 | INFO | fetch_order_book: symbol=CHIP/USDC limit=20
2026-05-08 23:05:28,899 | INFO | fetch_order_book: mid=0.07345 spread=8.17bps bids=20 asks=20
2026-05-08 23:05:29,787 | INFO | SPREAD | pair=CHIP/USDC | cex=0.07342/0.07348 | dex_sell=0.073423 dex_buy=0.073442 | spread_a=-7.8bps spread_b=-3.0bps | min=30.0bps
2026-05-08 23:05:30,791 | INFO | fetch_order_book: symbol=CHIP/USDC limit=20
2026-05-08 23:05:31,047 | INFO | fetch_order_book: mid=0.07345 spread=8.17bps bids=20 asks=20
2026-05-08 23:05:31,945 | INFO | SPREAD | pair=CHIP/USDC | cex=0.07342/0.07348 | dex_sell=0.073423 dex_buy=0.073442 | spread_a=-7.8bps spread_b=-3.0bps | min=30.0bps
2026-05-08 23:05:32,948 | INFO | fetch_order_book: symbol=CHIP/USDC limit=20
2026-05-08 23:05:33,206 | INFO | fetch_order_book: mid=0.07342 spread=5.45bps bids=20 asks=20
2026-05-08 23:05:34,063 | INFO | SPREAD | pair=CHIP/USDC | cex=0.0734/0.07344 | dex_sell=0.073423 dex_buy=0.073442 | spread_a=-2.3bps spread_b=-5.7bps | min=30.0bps
2026-05-08 23:05:35,067 | INFO | fetch_order_book: symbol=CHIP/USDC limit=20
2026-05-08 23:05:35,322 | INFO | fetch_order_book: mid=0.07342 spread=5.45bps bids=20 asks=20
2026-05-08 23:05:36,211 | INFO | SPREAD | pair=CHIP/USDC | cex=0.0734/0.07344 | dex_sell=0.073423 dex_buy=0.073442 | spread_a=-2.3bps spread_b=-5.7bps | min=30.0bps
2026-05-08 23:05:37,215 | INFO | fetch_order_book: symbol=CHIP/USDC limit=20
2026-05-08 23:05:37,500 | INFO | fetch_order_book: mid=0.07343 spread=5.45bps bids=20 asks=20
2026-05-08 23:05:38,347 | INFO | SPREAD | pair=CHIP/USDC | cex=0.07341/0.07345 | dex_sell=0.073423 dex_buy=0.073442 | spread_a=-3.7bps spread_b=-4.4bps | min=30.0bps
2026-05-08 23:05:39,351 | INFO | fetch_order_book: symbol=CHIP/USDC limit=20
2026-05-08 23:05:39,606 | INFO | fetch_order_book: mid=0.07345 spread=5.45bps bids=20 asks=20
2026-05-08 23:05:40,470 | INFO | SPREAD | pair=CHIP/USDC | cex=0.07343/0.07347 | dex_sell=0.073423 dex_buy=0.073442 | spread_a=-6.4bps spread_b=-1.6bps | min=30.0bps
2026-05-08 23:05:41,473 | INFO | fetch_order_book: symbol=CHIP/USDC limit=20
2026-05-08 23:05:41,728 | INFO | fetch_order_book: mid=0.07346 spread=5.45bps bids=20 asks=20
2026-05-08 23:05:42,611 | INFO | SPREAD | pair=CHIP/USDC | cex=0.07344/0.07348 | dex_sell=0.073423 dex_buy=0.073442 | spread_a=-7.8bps spread_b=-0.3bps | min=30.0bps
2026-05-08 23:05:43,615 | INFO | fetch_order_book: symbol=CHIP/USDC limit=20
2026-05-08 23:05:43,869 | INFO | fetch_order_book: mid=0.07341 spread=2.72bps bids=20 asks=20
2026-05-08 23:05:44,755 | INFO | SPREAD | pair=CHIP/USDC | cex=0.0734/0.07342 | dex_sell=0.073423 dex_buy=0.073442 | spread_a=0.4bps spread_b=-5.7bps | min=30.0bps
2026-05-08 23:05:45,758 | INFO | fetch_order_book: symbol=CHIP/USDC limit=20
2026-05-08 23:05:46,013 | INFO | fetch_order_book: mid=0.07335 spread=2.73bps bids=20 asks=20
2026-05-08 23:05:46,927 | INFO | SPREAD | pair=CHIP/USDC | cex=0.07334/0.07336 | dex_sell=0.0733884 dex_buy=0.0734074 | spread_a=3.9bps spread_b=-9.2bps | min=30.0bps
2026-05-08 23:05:47,930 | INFO | fetch_order_book: symbol=CHIP/USDC limit=20
2026-05-08 23:05:48,186 | INFO | fetch_order_book: mid=0.073315 spread=4.09bps bids=20 asks=20
2026-05-08 23:05:49,061 | INFO | SPREAD | pair=CHIP/USDC | cex=0.0733/0.07333 | dex_sell=0.0733586 dex_buy=0.0733776 | spread_a=3.9bps spread_b=-10.6bps | min=30.0bps
2026-05-08 23:05:50,065 | INFO | fetch_order_book: symbol=CHIP/USDC limit=20
2026-05-08 23:05:50,320 | INFO | fetch_order_book: mid=0.073315 spread=4.09bps bids=20 asks=20
2026-05-08 23:05:51,273 | INFO | SPREAD | pair=CHIP/USDC | cex=0.0733/0.07333 | dex_sell=0.0733286 dex_buy=0.0733476 | spread_a=-0.2bps spread_b=-6.5bps | min=30.0bps
2026-05-08 23:05:52,276 | INFO | fetch_order_book: symbol=CHIP/USDC limit=20
2026-05-08 23:05:52,531 | INFO | fetch_order_book: mid=0.073345 spread=4.09bps bids=20 asks=20
2026-05-08 23:05:53,415 | INFO | SPREAD | pair=CHIP/USDC | cex=0.07333/0.07336 | dex_sell=0.0733286 dex_buy=0.0733722 | spread_a=-4.3bps spread_b=-5.8bps | min=30.0bps
2026-05-08 23:05:54,418 | INFO | fetch_order_book: symbol=CHIP/USDC limit=20
2026-05-08 23:05:54,685 | INFO | fetch_order_book: mid=0.073345 spread=4.09bps bids=20 asks=20
2026-05-08 23:05:55,547 | INFO | SPREAD | pair=CHIP/USDC | cex=0.07333/0.07336 | dex_sell=0.0733532 dex_buy=0.0733722 | spread_a=-0.9bps spread_b=-5.8bps | min=30.0bps
2026-05-08 23:05:56,552 | INFO | fetch_order_book: symbol=CHIP/USDC limit=20
2026-05-08 23:05:56,806 | INFO | fetch_order_book: mid=0.073385 spread=6.81bps bids=20 asks=20
2026-05-08 23:05:57,686 | INFO | SPREAD | pair=CHIP/USDC | cex=0.07336/0.07341 | dex_sell=0.073393 dex_buy=0.073412 | spread_a=-2.3bps spread_b=-7.1bps | min=30.0bps
2026-05-08 23:05:58,689 | INFO | fetch_order_book: symbol=CHIP/USDC limit=20
2026-05-08 23:05:58,944 | INFO | fetch_order_book: mid=0.073225 spread=6.83bps bids=20 asks=20
2026-05-08 23:05:59,852 | INFO | SPREAD | pair=CHIP/USDC | cex=0.0732/0.07325 | dex_sell=0.0732502 dex_buy=0.0732794 | spread_a=0.0bps spread_b=-10.8bps | min=30.0bps
2026-05-08 23:06:00,855 | INFO | fetch_order_book: symbol=CHIP/USDC limit=20
2026-05-08 23:06:01,112 | INFO | fetch_order_book: mid=0.07322 spread=5.46bps bids=20 asks=20
2026-05-08 23:06:02,025 | INFO | SPREAD | pair=CHIP/USDC | cex=0.0732/0.07324 | dex_sell=0.0732731 dex_buy=0.0732675 | spread_a=4.5bps spread_b=-9.2bps | min=30.0bps
2026-05-08 23:06:03,028 | INFO | fetch_order_book: symbol=CHIP/USDC limit=20
2026-05-08 23:06:03,374 | INFO | fetch_order_book: mid=0.07318 spread=2.73bps bids=20 asks=20
2026-05-08 23:06:04,277 | INFO | SPREAD | pair=CHIP/USDC | cex=0.07317/0.07319 | dex_sell=0.0732085 dex_buy=0.0732275 | spread_a=2.5bps spread_b=-7.8bps | min=30.0bps
2026-05-08 23:06:05,280 | INFO | fetch_order_book: symbol=CHIP/USDC limit=20
2026-05-08 23:06:05,536 | INFO | fetch_order_book: mid=0.07321 spread=5.46bps bids=20 asks=20
2026-05-08 23:06:06,481 | INFO | SPREAD | pair=CHIP/USDC | cex=0.07319/0.07323 | dex_sell=0.0732085 dex_buy=0.0732275 | spread_a=-2.9bps spread_b=-5.1bps | min=30.0bps
2026-05-08 23:06:07,485 | INFO | fetch_order_book: symbol=CHIP/USDC limit=20
2026-05-08 23:06:07,739 | INFO | fetch_order_book: mid=0.07324 spread=5.46bps bids=20 asks=20
2026-05-08 23:06:08,639 | INFO | SPREAD | pair=CHIP/USDC | cex=0.07322/0.07326 | dex_sell=0.0732331 dex_buy=0.0732521 | spread_a=-3.7bps spread_b=-4.4bps | min=30.0bps
2026-05-08 23:06:09,643 | INFO | fetch_order_book: symbol=CHIP/USDC limit=20
2026-05-08 23:06:09,900 | INFO | fetch_order_book: mid=0.07313 spread=2.73bps bids=20 asks=20
2026-05-08 23:06:10,833 | INFO | SPREAD | pair=CHIP/USDC | cex=0.07312/0.07314 | dex_sell=0.0731885 dex_buy=0.0731761 | spread_a=6.6bps spread_b=-7.7bps | min=30.0bps
2026-05-08 23:06:11,836 | INFO | fetch_order_book: symbol=CHIP/USDC limit=20
2026-05-08 23:06:12,194 | INFO | fetch_order_book: mid=0.073105 spread=4.10bps bids=20 asks=20
2026-05-08 23:06:13,030 | INFO | SPREAD | pair=CHIP/USDC | cex=0.07309/0.07312 | dex_sell=0.0731201 dex_buy=0.0731161 | spread_a=0.0bps spread_b=-3.6bps | min=30.0bps
2026-05-08 23:06:14,034 | INFO | fetch_order_book: symbol=CHIP/USDC limit=20
2026-05-08 23:06:14,331 | INFO | fetch_order_book: mid=0.073205 spread=4.10bps bids=20 asks=20
2026-05-08 23:06:15,265 | INFO | SPREAD | pair=CHIP/USDC | cex=0.07319/0.07322 | dex_sell=0.0732031 dex_buy=0.0732221 | spread_a=-2.3bps spread_b=-4.4bps | min=30.0bps
2026-05-08 23:06:16,268 | INFO | fetch_order_book: symbol=CHIP/USDC limit=20
2026-05-08 23:06:16,522 | INFO | fetch_order_book: mid=0.07336 spread=8.18bps bids=20 asks=20
2026-05-08 23:06:17,379 | INFO | SPREAD | pair=CHIP/USDC | cex=0.07333/0.07339 | dex_sell=0.0732634 dex_buy=0.0733324 | spread_a=-17.2bps spread_b=-0.3bps | min=30.0bps
2026-05-08 23:06:18,383 | INFO | fetch_order_book: symbol=CHIP/USDC limit=20
2026-05-08 23:06:18,648 | INFO | fetch_order_book: mid=0.07338 spread=8.18bps bids=20 asks=20
2026-05-08 23:06:19,564 | INFO | SPREAD | pair=CHIP/USDC | cex=0.07335/0.07341 | dex_sell=0.0733134 dex_buy=0.0733694 | spread_a=-13.2bps spread_b=-2.7bps | min=30.0bps
2026-05-08 23:06:20,567 | INFO | fetch_order_book: symbol=CHIP/USDC limit=20
2026-05-08 23:06:20,825 | INFO | fetch_order_book: mid=0.073375 spread=4.09bps bids=20 asks=20
2026-05-08 23:06:21,739 | INFO | SPREAD | pair=CHIP/USDC | cex=0.07336/0.07339 | dex_sell=0.0734016 dex_buy=0.0734206 | spread_a=1.6bps spread_b=-8.2bps | min=30.0bps
2026-05-08 23:06:22,743 | INFO | fetch_order_book: symbol=CHIP/USDC limit=20
2026-05-08 23:06:23,001 | INFO | fetch_order_book: mid=0.07337 spread=8.18bps bids=20 asks=20
2026-05-08 23:06:23,934 | INFO | SPREAD | pair=CHIP/USDC | cex=0.07334/0.0734 | dex_sell=0.0734032 dex_buy=0.0734222 | spread_a=0.4bps spread_b=-11.2bps | min=30.0bps
2026-05-08 23:06:24,938 | INFO | fetch_order_book: symbol=CHIP/USDC limit=20
2026-05-08 23:06:25,192 | INFO | fetch_order_book: mid=0.073365 spread=6.82bps bids=20 asks=20
2026-05-08 23:06:26,021 | INFO | SPREAD | pair=CHIP/USDC | cex=0.07334/0.07339 | dex_sell=0.0734032 dex_buy=0.0734222 | spread_a=1.8bps spread_b=-11.2bps | min=30.0bps
2026-05-08 23:06:27,022 | INFO | fetch_order_book: symbol=CHIP/USDC limit=20
2026-05-08 23:06:27,278 | INFO | fetch_order_book: mid=0.07334 spread=5.45bps bids=20 asks=20
2026-05-08 23:06:28,181 | INFO | SPREAD | pair=CHIP/USDC | cex=0.07332/0.07336 | dex_sell=0.0733786 dex_buy=0.0733976 | spread_a=2.5bps spread_b=-10.6bps | min=30.0bps
2026-05-08 23:06:29,184 | INFO | fetch_order_book: symbol=CHIP/USDC limit=20
2026-05-08 23:06:29,487 | INFO | fetch_order_book: mid=0.073375 spread=6.81bps bids=20 asks=20
2026-05-08 23:06:30,311 | INFO | SPREAD | pair=CHIP/USDC | cex=0.07335/0.0734 | dex_sell=0.0733786 dex_buy=0.0733976 | spread_a=-2.9bps spread_b=-6.5bps | min=30.0bps
2026-05-08 23:06:31,315 | INFO | fetch_order_book: symbol=CHIP/USDC limit=20
2026-05-08 23:06:31,572 | INFO | fetch_order_book: mid=0.073375 spread=6.81bps bids=20 asks=20
2026-05-08 23:06:32,535 | INFO | SPREAD | pair=CHIP/USDC | cex=0.07335/0.0734 | dex_sell=0.0733786 dex_buy=0.0733976 | spread_a=-2.9bps spread_b=-6.5bps | min=30.0bps
2026-05-08 23:06:33,538 | INFO | fetch_order_book: symbol=CHIP/USDC limit=20
2026-05-08 23:06:33,793 | INFO | fetch_order_book: mid=0.07334 spread=5.45bps bids=20 asks=20
2026-05-08 23:06:34,670 | INFO | SPREAD | pair=CHIP/USDC | cex=0.07332/0.07336 | dex_sell=0.0734018 dex_buy=0.0733976 | spread_a=5.7bps spread_b=-10.6bps | min=30.0bps
2026-05-08 23:06:35,673 | INFO | fetch_order_book: symbol=CHIP/USDC limit=20
2026-05-08 23:06:35,928 | INFO | fetch_order_book: mid=0.07331 spread=5.46bps bids=20 asks=20
2026-05-08 23:06:36,812 | INFO | SPREAD | pair=CHIP/USDC | cex=0.07329/0.07333 | dex_sell=0.0733286 dex_buy=0.0733476 | spread_a=-0.2bps spread_b=-7.9bps | min=30.0bps
2026-05-08 23:06:37,816 | INFO | fetch_order_book: symbol=CHIP/USDC limit=20
2026-05-08 23:06:38,071 | INFO | fetch_order_book: mid=0.073335 spread=6.82bps bids=20 asks=20
2026-05-08 23:06:38,983 | INFO | SPREAD | pair=CHIP/USDC | cex=0.07331/0.07336 | dex_sell=0.0733286 dex_buy=0.0733708 | spread_a=-4.3bps spread_b=-8.3bps | min=30.0bps
2026-05-08 23:06:39,986 | INFO | fetch_order_book: symbol=CHIP/USDC limit=20
2026-05-08 23:06:40,733 | INFO | fetch_order_book: mid=0.07334 spread=8.18bps bids=20 asks=20
2026-05-08 23:06:41,634 | INFO | SPREAD | pair=CHIP/USDC | cex=0.07331/0.07337 | dex_sell=0.0733518 dex_buy=0.0733708 | spread_a=-2.5bps spread_b=-8.3bps | min=30.0bps
2026-05-08 23:06:42,637 | INFO | fetch_order_book: symbol=CHIP/USDC limit=20
2026-05-08 23:06:42,897 | INFO | fetch_order_book: mid=0.07342 spread=8.17bps bids=20 asks=20
2026-05-08 23:06:43,775 | INFO | SPREAD | pair=CHIP/USDC | cex=0.07339/0.07345 | dex_sell=0.0734585 dex_buy=0.0734477 | spread_a=1.2bps spread_b=-7.9bps | min=30.0bps
2026-05-08 23:06:44,779 | INFO | fetch_order_book: symbol=CHIP/USDC limit=20
2026-05-08 23:06:45,127 | INFO | fetch_order_book: mid=0.073465 spread=4.08bps bids=20 asks=20
2026-05-08 23:06:45,951 | INFO | SPREAD | pair=CHIP/USDC | cex=0.07345/0.07348 | dex_sell=0.0734287 dex_buy=0.0734477 | spread_a=-7.0bps spread_b=0.3bps | min=30.0bps
2026-05-08 23:06:46,954 | INFO | fetch_order_book: symbol=CHIP/USDC limit=20
2026-05-08 23:06:47,213 | INFO | fetch_order_book: mid=0.07347 spread=2.72bps bids=20 asks=20
2026-05-08 23:06:48,111 | INFO | SPREAD | pair=CHIP/USDC | cex=0.07346/0.07348 | dex_sell=0.0734531 dex_buy=0.0734721 | spread_a=-3.7bps spread_b=-1.7bps | min=30.0bps
2026-05-08 23:06:49,114 | INFO | fetch_order_book: symbol=CHIP/USDC limit=20
2026-05-08 23:06:49,371 | INFO | fetch_order_book: mid=0.073475 spread=1.36bps bids=20 asks=20
2026-05-08 23:06:50,233 | INFO | SPREAD | pair=CHIP/USDC | cex=0.07347/0.07348 | dex_sell=0.0734531 dex_buy=0.0734721 | spread_a=-3.7bps spread_b=-0.3bps | min=30.0bps
2026-05-08 23:06:51,236 | INFO | fetch_order_book: symbol=CHIP/USDC limit=20
2026-05-08 23:06:51,501 | INFO | fetch_order_book: mid=0.073485 spread=4.08bps bids=20 asks=20
2026-05-08 23:06:52,542 | INFO | SPREAD | pair=CHIP/USDC | cex=0.07347/0.0735 | dex_sell=0.0734832 dex_buy=0.0735023 | spread_a=-2.3bps spread_b=-4.4bps | min=30.0bps
2026-05-08 23:06:53,545 | INFO | fetch_order_book: symbol=CHIP/USDC limit=20
2026-05-08 23:06:53,801 | INFO | fetch_order_book: mid=0.07355 spread=5.44bps bids=20 asks=20
2026-05-08 23:06:54,642 | INFO | SPREAD | pair=CHIP/USDC | cex=0.07353/0.07357 | dex_sell=0.0735065 dex_buy=0.0735255 | spread_a=-8.6bps spread_b=0.6bps | min=30.0bps
2026-05-08 23:06:55,645 | INFO | fetch_order_book: symbol=CHIP/USDC limit=20
2026-05-08 23:06:55,901 | INFO | fetch_order_book: mid=0.073575 spread=1.36bps bids=20 asks=20
2026-05-08 23:06:56,812 | INFO | SPREAD | pair=CHIP/USDC | cex=0.07357/0.07358 | dex_sell=0.0735065 dex_buy=0.0735255 | spread_a=-10.0bps spread_b=6.1bps | min=30.0bps
2026-05-08 23:06:57,815 | INFO | fetch_order_book: symbol=CHIP/USDC limit=20
2026-05-08 23:06:58,072 | INFO | fetch_order_book: mid=0.07368 spread=5.43bps bids=20 asks=20
2026-05-08 23:06:58,927 | INFO | SPREAD | pair=CHIP/USDC | cex=0.07366/0.0737 | dex_sell=0.0736298 dex_buy=0.0736488 | spread_a=-9.5bps spread_b=1.5bps | min=30.0bps
2026-05-08 23:06:59,931 | INFO | fetch_order_book: symbol=CHIP/USDC limit=20
2026-05-08 23:07:00,187 | INFO | fetch_order_book: mid=0.07368 spread=5.43bps bids=20 asks=20
2026-05-08 23:07:01,088 | INFO | SPREAD | pair=CHIP/USDC | cex=0.07366/0.0737 | dex_sell=0.0736298 dex_buy=0.0736488 | spread_a=-9.5bps spread_b=1.5bps | min=30.0bps
2026-05-08 23:07:02,091 | INFO | fetch_order_book: symbol=CHIP/USDC limit=20
2026-05-08 23:07:02,349 | INFO | fetch_order_book: mid=0.07368 spread=5.43bps bids=20 asks=20
2026-05-08 23:07:03,278 | INFO | SPREAD | pair=CHIP/USDC | cex=0.07366/0.0737 | dex_sell=0.0736298 dex_buy=0.0736488 | spread_a=-9.5bps spread_b=1.5bps | min=30.0bps
2026-05-08 23:07:04,282 | INFO | fetch_order_book: symbol=CHIP/USDC limit=20
2026-05-08 23:07:04,536 | INFO | fetch_order_book: mid=0.07368 spread=5.43bps bids=20 asks=20
2026-05-08 23:07:05,426 | INFO | SPREAD | pair=CHIP/USDC | cex=0.07366/0.0737 | dex_sell=0.0736298 dex_buy=0.0736488 | spread_a=-9.5bps spread_b=1.5bps | min=30.0bps
2026-05-08 23:07:06,430 | INFO | fetch_order_book: symbol=CHIP/USDC limit=20
2026-05-08 23:07:06,698 | INFO | fetch_order_book: mid=0.07369 spread=5.43bps bids=20 asks=20
2026-05-08 23:07:07,569 | INFO | SPREAD | pair=CHIP/USDC | cex=0.07367/0.07371 | dex_sell=0.0736664 dex_buy=0.0736855 | spread_a=-5.9bps spread_b=-2.1bps | min=30.0bps
2026-05-08 23:07:08,570 | INFO | fetch_order_book: symbol=CHIP/USDC limit=20
2026-05-08 23:07:08,829 | INFO | fetch_order_book: mid=0.07369 spread=5.43bps bids=20 asks=20
2026-05-08 23:07:09,754 | INFO | SPREAD | pair=CHIP/USDC | cex=0.07367/0.07371 | dex_sell=0.0736664 dex_buy=0.0736855 | spread_a=-5.9bps spread_b=-2.1bps | min=30.0bps
2026-05-08 23:07:10,758 | INFO | fetch_order_book: symbol=CHIP/USDC limit=20
2026-05-08 23:07:11,015 | INFO | fetch_order_book: mid=0.07375 spread=5.42bps bids=20 asks=20
2026-05-08 23:07:11,890 | INFO | SPREAD | pair=CHIP/USDC | cex=0.07373/0.07377 | dex_sell=0.0737053 dex_buy=0.0737244 | spread_a=-8.8bps spread_b=0.8bps | min=30.0bps
2026-05-08 23:07:12,893 | INFO | fetch_order_book: symbol=CHIP/USDC limit=20
2026-05-08 23:07:13,149 | INFO | fetch_order_book: mid=0.073765 spread=1.36bps bids=20 asks=20
2026-05-08 23:07:14,041 | INFO | SPREAD | pair=CHIP/USDC | cex=0.07376/0.07377 | dex_sell=0.0737053 dex_buy=0.0737593 | spread_a=-8.8bps spread_b=0.1bps | min=30.0bps
2026-05-08 23:07:15,045 | INFO | fetch_order_book: symbol=CHIP/USDC limit=20
2026-05-08 23:07:15,305 | INFO | fetch_order_book: mid=0.073765 spread=1.36bps bids=20 asks=20
2026-05-08 23:07:16,202 | INFO | SPREAD | pair=CHIP/USDC | cex=0.07376/0.07377 | dex_sell=0.0737402 dex_buy=0.0737593 | spread_a=-4.0bps spread_b=0.1bps | min=30.0bps
2026-05-08 23:07:17,206 | INFO | fetch_order_book: symbol=CHIP/USDC limit=20
2026-05-08 23:07:17,520 | INFO | fetch_order_book: mid=0.07377 spread=5.42bps bids=20 asks=20
2026-05-08 23:07:18,421 | INFO | SPREAD | pair=CHIP/USDC | cex=0.07375/0.07379 | dex_sell=0.0737402 dex_buy=0.0737594 | spread_a=-6.7bps spread_b=-1.3bps | min=30.0bps
2026-05-08 23:07:19,424 | INFO | fetch_order_book: symbol=CHIP/USDC limit=20
2026-05-08 23:07:19,683 | INFO | fetch_order_book: mid=0.07374 spread=5.42bps bids=20 asks=20
2026-05-08 23:07:20,586 | INFO | SPREAD | pair=CHIP/USDC | cex=0.07372/0.07376 | dex_sell=0.0737402 dex_buy=0.0737594 | spread_a=-2.7bps spread_b=-5.3bps | min=30.0bps
2026-05-08 23:07:21,589 | INFO | fetch_order_book: symbol=CHIP/USDC limit=20
2026-05-08 23:07:21,856 | INFO | fetch_order_book: mid=0.073705 spread=4.07bps bids=20 asks=20
2026-05-08 23:07:22,769 | INFO | SPREAD | pair=CHIP/USDC | cex=0.07369/0.07372 | dex_sell=0.0737402 dex_buy=0.0737594 | spread_a=2.7bps spread_b=-9.4bps | min=30.0bps
2026-05-08 23:07:23,772 | INFO | fetch_order_book: symbol=CHIP/USDC limit=20
2026-05-08 23:07:24,078 | INFO | fetch_order_book: mid=0.07365 spread=2.72bps bids=20 asks=20
2026-05-08 23:07:24,979 | INFO | SPREAD | pair=CHIP/USDC | cex=0.07364/0.07366 | dex_sell=0.0737084 dex_buy=0.0736777 | spread_a=6.6bps spread_b=-5.1bps | min=30.0bps
2026-05-08 23:07:25,983 | INFO | fetch_order_book: symbol=CHIP/USDC limit=20
2026-05-08 23:07:26,249 | INFO | fetch_order_book: mid=0.073635 spread=4.07bps bids=20 asks=20
2026-05-08 23:07:27,173 | INFO | SPREAD | pair=CHIP/USDC | cex=0.07362/0.07365 | dex_sell=0.0736586 dex_buy=0.0736777 | spread_a=1.2bps spread_b=-7.8bps | min=30.0bps
2026-05-08 23:07:28,177 | INFO | fetch_order_book: symbol=CHIP/USDC limit=20
2026-05-08 23:07:28,432 | INFO | fetch_order_book: mid=0.073575 spread=4.08bps bids=20 asks=20
2026-05-08 23:07:29,350 | INFO | SPREAD | pair=CHIP/USDC | cex=0.07356/0.07359 | dex_sell=0.0735785 dex_buy=0.0735975 | spread_a=-1.6bps spread_b=-5.1bps | min=30.0bps
2026-05-08 23:07:30,353 | INFO | fetch_order_book: symbol=CHIP/USDC limit=20
2026-05-08 23:07:30,611 | INFO | fetch_order_book: mid=0.07358 spread=2.72bps bids=20 asks=20
2026-05-08 23:07:31,502 | INFO | SPREAD | pair=CHIP/USDC | cex=0.07357/0.07359 | dex_sell=0.0735785 dex_buy=0.0735975 | spread_a=-1.6bps spread_b=-3.7bps | min=30.0bps
2026-05-08 23:07:32,504 | INFO | fetch_order_book: symbol=CHIP/USDC limit=20
2026-05-08 23:07:32,811 | INFO | fetch_order_book: mid=0.073575 spread=4.08bps bids=20 asks=20
2026-05-08 23:07:33,745 | INFO | SPREAD | pair=CHIP/USDC | cex=0.07356/0.07359 | dex_sell=0.0735785 dex_buy=0.0735975 | spread_a=-1.6bps spread_b=-5.1bps | min=30.0bps
2026-05-08 23:07:34,749 | INFO | fetch_order_book: symbol=CHIP/USDC limit=20
2026-05-08 23:07:35,005 | INFO | fetch_order_book: mid=0.07362 spread=5.43bps bids=20 asks=20
2026-05-08 23:07:35,865 | INFO | SPREAD | pair=CHIP/USDC | cex=0.0736/0.07364 | dex_sell=0.0735785 dex_buy=0.0735975 | spread_a=-8.4bps spread_b=0.3bps | min=30.0bps
2026-05-08 23:07:36,868 | INFO | fetch_order_book: symbol=CHIP/USDC limit=20
2026-05-08 23:07:37,122 | INFO | fetch_order_book: mid=0.07362 spread=5.43bps bids=20 asks=20
2026-05-08 23:07:38,011 | INFO | SPREAD | pair=CHIP/USDC | cex=0.0736/0.07364 | dex_sell=0.0736032 dex_buy=0.0736222 | spread_a=-5.0bps spread_b=-3.0bps | min=30.0bps
2026-05-08 23:07:39,014 | INFO | fetch_order_book: symbol=CHIP/USDC limit=20
2026-05-08 23:07:39,292 | INFO | fetch_order_book: mid=0.073615 spread=6.79bps bids=20 asks=20
2026-05-08 23:07:40,245 | INFO | SPREAD | pair=CHIP/USDC | cex=0.07359/0.07364 | dex_sell=0.0736032 dex_buy=0.0736222 | spread_a=-5.0bps spread_b=-4.4bps | min=30.0bps
2026-05-08 23:07:41,250 | INFO | fetch_order_book: symbol=CHIP/USDC limit=20
2026-05-08 23:07:41,578 | INFO | fetch_order_book: mid=0.07353 spread=2.72bps bids=20 asks=20
2026-05-08 23:07:42,394 | INFO | SPREAD | pair=CHIP/USDC | cex=0.07352/0.07354 | dex_sell=0.0735284 dex_buy=0.0735475 | spread_a=-1.6bps spread_b=-3.7bps | min=30.0bps
2026-05-08 23:07:43,398 | INFO | fetch_order_book: symbol=CHIP/USDC limit=20
2026-05-08 23:07:43,655 | INFO | fetch_order_book: mid=0.07361 spread=8.15bps bids=20 asks=20
2026-05-08 23:07:44,563 | INFO | SPREAD | pair=CHIP/USDC | cex=0.07358/0.07364 | dex_sell=0.0735821 dex_buy=0.0736322 | spread_a=-7.9bps spread_b=-7.1bps | min=30.0bps
2026-05-08 23:07:45,567 | INFO | fetch_order_book: symbol=CHIP/USDC limit=20
2026-05-08 23:07:45,824 | INFO | fetch_order_book: mid=0.073625 spread=4.07bps bids=20 asks=20
2026-05-08 23:07:46,708 | INFO | SPREAD | pair=CHIP/USDC | cex=0.07361/0.07364 | dex_sell=0.0736131 dex_buy=0.0736322 | spread_a=-3.6bps spread_b=-3.0bps | min=30.0bps
2026-05-08 23:07:47,712 | INFO | fetch_order_book: symbol=CHIP/USDC limit=20
2026-05-08 23:07:48,027 | INFO | fetch_order_book: mid=0.073625 spread=4.07bps bids=20 asks=20
2026-05-08 23:07:48,866 | INFO | SPREAD | pair=CHIP/USDC | cex=0.07361/0.07364 | dex_sell=0.0736131 dex_buy=0.0736322 | spread_a=-3.6bps spread_b=-3.0bps | min=30.0bps
2026-05-08 23:07:49,869 | INFO | fetch_order_book: symbol=CHIP/USDC limit=20
2026-05-08 23:07:50,126 | INFO | fetch_order_book: mid=0.07362 spread=5.43bps bids=20 asks=20
2026-05-08 23:07:50,989 | INFO | SPREAD | pair=CHIP/USDC | cex=0.0736/0.07364 | dex_sell=0.0736131 dex_buy=0.0736322 | spread_a=-3.6bps spread_b=-4.4bps | min=30.0bps
2026-05-08 23:07:51,993 | INFO | fetch_order_book: symbol=CHIP/USDC limit=20
2026-05-08 23:07:52,342 | INFO | fetch_order_book: mid=0.073605 spread=6.79bps bids=20 asks=20
2026-05-08 23:07:53,256 | INFO | SPREAD | pair=CHIP/USDC | cex=0.07358/0.07363 | dex_sell=0.0736131 dex_buy=0.0736322 | spread_a=-2.3bps spread_b=-7.1bps | min=30.0bps
2026-05-08 23:07:54,258 | INFO | fetch_order_book: symbol=CHIP/USDC limit=20
2026-05-08 23:07:54,519 | INFO | fetch_order_book: mid=0.07361 spread=8.15bps bids=20 asks=20
2026-05-08 23:07:55,391 | INFO | SPREAD | pair=CHIP/USDC | cex=0.07358/0.07364 | dex_sell=0.073643 dex_buy=0.0736621 | spread_a=0.4bps spread_b=-11.1bps | min=30.0bps
2026-05-08 23:07:56,394 | INFO | fetch_order_book: symbol=CHIP/USDC limit=20
2026-05-08 23:07:56,650 | INFO | fetch_order_book: mid=0.07353 spread=2.72bps bids=20 asks=20
2026-05-08 23:07:57,527 | INFO | SPREAD | pair=CHIP/USDC | cex=0.07352/0.07354 | dex_sell=0.0735506 dex_buy=0.0735696 | spread_a=1.4bps spread_b=-6.7bps | min=30.0bps
2026-05-08 23:07:58,530 | INFO | fetch_order_book: symbol=CHIP/USDC limit=20
2026-05-08 23:07:58,785 | INFO | fetch_order_book: mid=0.07353 spread=2.72bps bids=20 asks=20
2026-05-08 23:07:59,633 | INFO | SPREAD | pair=CHIP/USDC | cex=0.07352/0.07354 | dex_sell=0.0735286 dex_buy=0.0735477 | spread_a=-1.6bps spread_b=-3.8bps | min=30.0bps
2026-05-08 23:08:00,636 | INFO | fetch_order_book: symbol=CHIP/USDC limit=20
2026-05-08 23:08:00,896 | INFO | fetch_order_book: mid=0.073495 spread=4.08bps bids=20 asks=20
2026-05-08 23:08:01,796 | INFO | SPREAD | pair=CHIP/USDC | cex=0.07348/0.07351 | dex_sell=0.0735286 dex_buy=0.0735175 | spread_a=2.5bps spread_b=-5.1bps | min=30.0bps
2026-05-08 23:08:02,798 | INFO | fetch_order_book: symbol=CHIP/USDC limit=20
2026-05-08 23:08:03,054 | INFO | fetch_order_book: mid=0.07343 spread=5.45bps bids=20 asks=20
2026-05-08 23:08:03,924 | INFO | SPREAD | pair=CHIP/USDC | cex=0.07341/0.07345 | dex_sell=0.0734984 dex_buy=0.0734876 | spread_a=6.6bps spread_b=-10.6bps | min=30.0bps
2026-05-08 23:08:04,927 | INFO | fetch_order_book: symbol=CHIP/USDC limit=20
2026-05-08 23:08:05,183 | INFO | fetch_order_book: mid=0.07353 spread=5.44bps bids=20 asks=20
2026-05-08 23:08:06,054 | INFO | SPREAD | pair=CHIP/USDC | cex=0.07351/0.07355 | dex_sell=0.073533 dex_buy=0.0735521 | spread_a=-2.3bps spread_b=-5.7bps | min=30.0bps
2026-05-08 23:08:07,057 | INFO | fetch_order_book: symbol=CHIP/USDC limit=20
2026-05-08 23:08:07,313 | INFO | fetch_order_book: mid=0.07351 spread=8.16bps bids=20 asks=20
2026-05-08 23:08:08,177 | INFO | SPREAD | pair=CHIP/USDC | cex=0.07348/0.07354 | dex_sell=0.073533 dex_buy=0.0735521 | spread_a=-1.0bps spread_b=-9.8bps | min=30.0bps
2026-05-08 23:08:09,180 | INFO | fetch_order_book: symbol=CHIP/USDC limit=20
2026-05-08 23:08:09,434 | INFO | fetch_order_book: mid=0.073505 spread=6.80bps bids=20 asks=20
2026-05-08 23:08:10,336 | INFO | SPREAD | pair=CHIP/USDC | cex=0.07348/0.07353 | dex_sell=0.073533 dex_buy=0.0735521 | spread_a=0.4bps spread_b=-9.8bps | min=30.0bps
2026-05-08 23:08:11,340 | INFO | fetch_order_book: symbol=CHIP/USDC limit=20
2026-05-08 23:08:11,596 | INFO | fetch_order_book: mid=0.07353 spread=5.44bps bids=20 asks=20
2026-05-08 23:08:12,450 | INFO | SPREAD | pair=CHIP/USDC | cex=0.07351/0.07355 | dex_sell=0.073533 dex_buy=0.0735521 | spread_a=-2.3bps spread_b=-5.7bps | min=30.0bps
2026-05-08 23:08:13,453 | INFO | fetch_order_book: symbol=CHIP/USDC limit=20
2026-05-08 23:08:13,715 | INFO | fetch_order_book: mid=0.07352 spread=5.44bps bids=20 asks=20
2026-05-08 23:08:14,735 | INFO | SPREAD | pair=CHIP/USDC | cex=0.0735/0.07354 | dex_sell=0.073533 dex_buy=0.0735521 | spread_a=-1.0bps spread_b=-7.1bps | min=30.0bps
2026-05-08 23:08:15,739 | INFO | fetch_order_book: symbol=CHIP/USDC limit=20
2026-05-08 23:08:16,001 | INFO | fetch_order_book: mid=0.07349 spread=5.44bps bids=20 asks=20
2026-05-08 23:08:17,447 | INFO | SPREAD | pair=CHIP/USDC | cex=0.07347/0.07351 | dex_sell=0.073533 dex_buy=0.0735521 | spread_a=3.1bps spread_b=-11.2bps | min=30.0bps
2026-05-08 23:08:18,450 | INFO | fetch_order_book: symbol=CHIP/USDC limit=20
2026-05-08 23:08:18,708 | INFO | fetch_order_book: mid=0.073485 spread=4.08bps bids=20 asks=20
2026-05-08 23:08:20,007 | INFO | SPREAD | pair=CHIP/USDC | cex=0.07347/0.0735 | dex_sell=0.073533 dex_buy=0.0735521 | spread_a=4.5bps spread_b=-11.2bps | min=30.0bps
2026-05-08 23:08:21,010 | INFO | fetch_order_book: symbol=CHIP/USDC limit=20
2026-05-08 23:08:21,269 | INFO | fetch_order_book: mid=0.07350 spread=5.44bps bids=20 asks=20
2026-05-08 23:08:22,538 | INFO | SPREAD | pair=CHIP/USDC | cex=0.07348/0.07352 | dex_sell=0.073533 dex_buy=0.0735521 | spread_a=1.8bps spread_b=-9.8bps | min=30.0bps
2026-05-08 23:08:23,541 | INFO | fetch_order_book: symbol=CHIP/USDC limit=20
2026-05-08 23:08:24,301 | INFO | fetch_order_book: mid=0.073585 spread=6.79bps bids=20 asks=20
2026-05-08 23:08:25,184 | INFO | SPREAD | pair=CHIP/USDC | cex=0.07356/0.07361 | dex_sell=0.0735631 dex_buy=0.0736323 | spread_a=-6.4bps spread_b=-9.8bps | min=30.0bps
2026-05-08 23:08:26,188 | INFO | fetch_order_book: symbol=CHIP/USDC limit=20
2026-05-08 23:08:26,453 | INFO | fetch_order_book: mid=0.07357 spread=5.44bps bids=20 asks=20
2026-05-08 23:08:27,437 | INFO | SPREAD | pair=CHIP/USDC | cex=0.07355/0.07359 | dex_sell=0.0735884 dex_buy=0.0736075 | spread_a=-0.2bps spread_b=-7.8bps | min=30.0bps
2026-05-08 23:08:28,441 | INFO | fetch_order_book: symbol=CHIP/USDC limit=20
2026-05-08 23:08:28,697 | INFO | fetch_order_book: mid=0.073575 spread=4.08bps bids=20 asks=20
2026-05-08 23:08:29,548 | INFO | SPREAD | pair=CHIP/USDC | cex=0.07356/0.07359 | dex_sell=0.0735884 dex_buy=0.0736075 | spread_a=-0.2bps spread_b=-6.5bps | min=30.0bps
2026-05-08 23:08:30,551 | INFO | fetch_order_book: symbol=CHIP/USDC limit=20
2026-05-08 23:08:30,806 | INFO | fetch_order_book: mid=0.073575 spread=4.08bps bids=20 asks=20
2026-05-08 23:08:31,658 | INFO | SPREAD | pair=CHIP/USDC | cex=0.07356/0.07359 | dex_sell=0.0735884 dex_buy=0.0736075 | spread_a=-0.2bps spread_b=-6.5bps | min=30.0bps
2026-05-08 23:08:32,662 | INFO | fetch_order_book: symbol=CHIP/USDC limit=20
2026-05-08 23:08:32,918 | INFO | fetch_order_book: mid=0.073555 spread=6.80bps bids=20 asks=20
2026-05-08 23:08:33,866 | INFO | SPREAD | pair=CHIP/USDC | cex=0.07353/0.07358 | dex_sell=0.0735585 dex_buy=0.0735776 | spread_a=-2.9bps spread_b=-6.5bps | min=30.0bps
2026-05-08 23:08:34,870 | INFO | fetch_order_book: symbol=CHIP/USDC limit=20
2026-05-08 23:08:35,134 | INFO | fetch_order_book: mid=0.073555 spread=6.80bps bids=20 asks=20
2026-05-08 23:08:35,985 | INFO | SPREAD | pair=CHIP/USDC | cex=0.07353/0.07358 | dex_sell=0.0735585 dex_buy=0.0735776 | spread_a=-2.9bps spread_b=-6.5bps | min=30.0bps
2026-05-08 23:08:36,989 | INFO | fetch_order_book: symbol=CHIP/USDC limit=20
2026-05-08 23:08:37,278 | INFO | fetch_order_book: mid=0.073555 spread=6.80bps bids=20 asks=20
2026-05-08 23:08:38,176 | INFO | SPREAD | pair=CHIP/USDC | cex=0.07353/0.07358 | dex_sell=0.0735585 dex_buy=0.0735776 | spread_a=-2.9bps spread_b=-6.5bps | min=30.0bps
2026-05-08 23:08:39,179 | INFO | fetch_order_book: symbol=CHIP/USDC limit=20
2026-05-08 23:08:39,438 | INFO | fetch_order_book: mid=0.07357 spread=5.44bps bids=20 asks=20
2026-05-08 23:08:40,367 | INFO | SPREAD | pair=CHIP/USDC | cex=0.07355/0.07359 | dex_sell=0.0735585 dex_buy=0.0735776 | spread_a=-4.3bps spread_b=-3.7bps | min=30.0bps
2026-05-08 23:08:41,370 | INFO | fetch_order_book: symbol=CHIP/USDC limit=20
2026-05-08 23:08:41,626 | INFO | fetch_order_book: mid=0.073575 spread=4.08bps bids=20 asks=20
2026-05-08 23:08:42,516 | INFO | SPREAD | pair=CHIP/USDC | cex=0.07356/0.07359 | dex_sell=0.0735585 dex_buy=0.0736023 | spread_a=-4.3bps spread_b=-5.7bps | min=30.0bps
2026-05-08 23:08:43,520 | INFO | fetch_order_book: symbol=CHIP/USDC limit=20
2026-05-08 23:08:43,776 | INFO | fetch_order_book: mid=0.073565 spread=6.80bps bids=20 asks=20
2026-05-08 23:08:44,644 | INFO | SPREAD | pair=CHIP/USDC | cex=0.07354/0.07359 | dex_sell=0.0735832 dex_buy=0.0736023 | spread_a=-0.9bps spread_b=-8.5bps | min=30.0bps
2026-05-08 23:08:45,648 | INFO | fetch_order_book: symbol=CHIP/USDC limit=20
2026-05-08 23:08:45,913 | INFO | fetch_order_book: mid=0.07354 spread=8.16bps bids=20 asks=20
2026-05-08 23:08:46,823 | INFO | SPREAD | pair=CHIP/USDC | cex=0.07351/0.07357 | dex_sell=0.0735832 dex_buy=0.0735775 | spread_a=1.8bps spread_b=-9.2bps | min=30.0bps
2026-05-08 23:08:47,826 | INFO | fetch_order_book: symbol=CHIP/USDC limit=20
2026-05-08 23:08:48,139 | INFO | fetch_order_book: mid=0.073565 spread=6.80bps bids=20 asks=20
2026-05-08 23:08:49,062 | INFO | SPREAD | pair=CHIP/USDC | cex=0.07354/0.07359 | dex_sell=0.0735584 dex_buy=0.0735775 | spread_a=-4.3bps spread_b=-5.1bps | min=30.0bps
2026-05-08 23:08:50,065 | INFO | fetch_order_book: symbol=CHIP/USDC limit=20
2026-05-08 23:08:50,329 | INFO | fetch_order_book: mid=0.07356 spread=5.44bps bids=20 asks=20
2026-05-08 23:08:51,281 | INFO | SPREAD | pair=CHIP/USDC | cex=0.07354/0.07358 | dex_sell=0.0735584 dex_buy=0.0735775 | spread_a=-2.9bps spread_b=-5.1bps | min=30.0bps
2026-05-08 23:08:52,284 | INFO | fetch_order_book: symbol=CHIP/USDC limit=20
2026-05-08 23:08:52,540 | INFO | fetch_order_book: mid=0.073555 spread=6.80bps bids=20 asks=20
2026-05-08 23:08:53,441 | INFO | SPREAD | pair=CHIP/USDC | cex=0.07353/0.07358 | dex_sell=0.0735584 dex_buy=0.0735775 | spread_a=-2.9bps spread_b=-6.5bps | min=30.0bps
2026-05-08 23:08:54,445 | INFO | fetch_order_book: symbol=CHIP/USDC limit=20
2026-05-08 23:08:54,706 | INFO | fetch_order_book: mid=0.073555 spread=6.80bps bids=20 asks=20
2026-05-08 23:08:55,571 | INFO | SPREAD | pair=CHIP/USDC | cex=0.07353/0.07358 | dex_sell=0.0735584 dex_buy=0.0735775 | spread_a=-2.9bps spread_b=-6.5bps | min=30.0bps
2026-05-08 23:08:56,574 | INFO | fetch_order_book: symbol=CHIP/USDC limit=20
2026-05-08 23:08:56,831 | INFO | fetch_order_book: mid=0.073585 spread=4.08bps bids=20 asks=20
2026-05-08 23:08:57,719 | INFO | SPREAD | pair=CHIP/USDC | cex=0.07357/0.0736 | dex_sell=0.0735584 dex_buy=0.0736022 | spread_a=-5.6bps spread_b=-4.4bps | min=30.0bps
2026-05-08 23:08:58,722 | INFO | fetch_order_book: symbol=CHIP/USDC limit=20
2026-05-08 23:08:58,978 | INFO | fetch_order_book: mid=0.07359 spread=2.72bps bids=20 asks=20
2026-05-08 23:08:59,842 | INFO | SPREAD | pair=CHIP/USDC | cex=0.07358/0.0736 | dex_sell=0.0735831 dex_buy=0.0736022 | spread_a=-2.3bps spread_b=-3.0bps | min=30.0bps
2026-05-08 23:09:00,844 | INFO | fetch_order_book: symbol=CHIP/USDC limit=20
2026-05-08 23:09:01,108 | INFO | fetch_order_book: mid=0.073605 spread=4.08bps bids=20 asks=20
2026-05-08 23:09:02,006 | INFO | SPREAD | pair=CHIP/USDC | cex=0.07359/0.07362 | dex_sell=0.073613 dex_buy=0.073632 | spread_a=-1.0bps spread_b=-5.7bps | min=30.0bps
2026-05-08 23:09:03,009 | INFO | fetch_order_book: symbol=CHIP/USDC limit=20
2026-05-08 23:09:03,267 | INFO | fetch_order_book: mid=0.073725 spread=4.07bps bids=20 asks=20
2026-05-08 23:09:04,144 | INFO | SPREAD | pair=CHIP/USDC | cex=0.07371/0.07374 | dex_sell=0.073663 dex_buy=0.0736912 | spread_a=-10.4bps spread_b=2.6bps | min=30.0bps
2026-05-08 23:09:05,147 | INFO | fetch_order_book: symbol=CHIP/USDC limit=20
2026-05-08 23:09:05,405 | INFO | fetch_order_book: mid=0.07369 spread=8.14bps bids=20 asks=20
2026-05-08 23:09:06,305 | INFO | SPREAD | pair=CHIP/USDC | cex=0.07366/0.07372 | dex_sell=0.0736721 dex_buy=0.0736912 | spread_a=-6.5bps spread_b=-4.2bps | min=30.0bps
2026-05-08 23:09:07,308 | INFO | fetch_order_book: symbol=CHIP/USDC limit=20
2026-05-08 23:09:07,567 | INFO | fetch_order_book: mid=0.073715 spread=6.78bps bids=20 asks=20
2026-05-08 23:09:08,519 | INFO | SPREAD | pair=CHIP/USDC | cex=0.07369/0.07374 | dex_sell=0.0736721 dex_buy=0.0736912 | spread_a=-9.2bps spread_b=-0.2bps | min=30.0bps
2026-05-08 23:09:09,522 | INFO | fetch_order_book: symbol=CHIP/USDC limit=20
2026-05-08 23:09:09,778 | INFO | fetch_order_book: mid=0.07371 spread=5.43bps bids=20 asks=20
2026-05-08 23:09:10,638 | INFO | SPREAD | pair=CHIP/USDC | cex=0.07369/0.07373 | dex_sell=0.0736721 dex_buy=0.0736912 | spread_a=-7.9bps spread_b=-0.2bps | min=30.0bps
2026-05-08 23:09:11,639 | INFO | fetch_order_book: symbol=CHIP/USDC limit=20
2026-05-08 23:09:11,895 | INFO | fetch_order_book: mid=0.073685 spread=6.79bps bids=20 asks=20
2026-05-08 23:09:12,795 | INFO | SPREAD | pair=CHIP/USDC | cex=0.07366/0.07371 | dex_sell=0.0736721 dex_buy=0.0736912 | spread_a=-5.1bps spread_b=-4.2bps | min=30.0bps
2026-05-08 23:09:13,798 | INFO | fetch_order_book: symbol=CHIP/USDC limit=20
2026-05-08 23:09:14,055 | INFO | fetch_order_book: mid=0.073685 spread=6.79bps bids=20 asks=20
2026-05-08 23:09:14,869 | INFO | SPREAD | pair=CHIP/USDC | cex=0.07366/0.07371 | dex_sell=0.0736721 dex_buy=0.0736912 | spread_a=-5.1bps spread_b=-4.2bps | min=30.0bps
2026-05-08 23:09:15,873 | INFO | fetch_order_book: symbol=CHIP/USDC limit=20
2026-05-08 23:09:16,132 | INFO | fetch_order_book: mid=0.07367 spread=8.14bps bids=20 asks=20
2026-05-08 23:09:17,075 | INFO | SPREAD | pair=CHIP/USDC | cex=0.07364/0.0737 | dex_sell=0.0736721 dex_buy=0.0736912 | spread_a=-3.8bps spread_b=-6.9bps | min=30.0bps
2026-05-08 23:09:18,078 | INFO | fetch_order_book: symbol=CHIP/USDC limit=20
2026-05-08 23:09:18,341 | INFO | fetch_order_book: mid=0.073685 spread=6.79bps bids=20 asks=20
2026-05-08 23:09:19,191 | INFO | SPREAD | pair=CHIP/USDC | cex=0.07366/0.07371 | dex_sell=0.0736721 dex_buy=0.0736912 | spread_a=-5.1bps spread_b=-4.2bps | min=30.0bps
2026-05-08 23:09:20,195 | INFO | fetch_order_book: symbol=CHIP/USDC limit=20
2026-05-08 23:09:20,450 | INFO | fetch_order_book: mid=0.073665 spread=4.07bps bids=20 asks=20
2026-05-08 23:09:21,354 | INFO | SPREAD | pair=CHIP/USDC | cex=0.07365/0.07368 | dex_sell=0.0736721 dex_buy=0.0736912 | spread_a=-1.1bps spread_b=-5.6bps | min=30.0bps
2026-05-08 23:09:22,356 | INFO | fetch_order_book: symbol=CHIP/USDC limit=20
2026-05-08 23:09:22,614 | INFO | fetch_order_book: mid=0.073685 spread=6.79bps bids=20 asks=20
2026-05-08 23:09:23,477 | INFO | SPREAD | pair=CHIP/USDC | cex=0.07366/0.07371 | dex_sell=0.0736721 dex_buy=0.0736912 | spread_a=-5.1bps spread_b=-4.2bps | min=30.0bps
2026-05-08 23:09:24,480 | INFO | fetch_order_book: symbol=CHIP/USDC limit=20
2026-05-08 23:09:24,737 | INFO | fetch_order_book: mid=0.073685 spread=6.79bps bids=20 asks=20
2026-05-08 23:09:25,651 | INFO | SPREAD | pair=CHIP/USDC | cex=0.07366/0.07371 | dex_sell=0.0736721 dex_buy=0.0736912 | spread_a=-5.1bps spread_b=-4.2bps | min=30.0bps
2026-05-08 23:09:26,654 | INFO | fetch_order_book: symbol=CHIP/USDC limit=20
2026-05-08 23:09:26,925 | INFO | fetch_order_book: mid=0.073685 spread=6.79bps bids=20 asks=20
2026-05-08 23:09:27,817 | INFO | SPREAD | pair=CHIP/USDC | cex=0.07366/0.07371 | dex_sell=0.0736721 dex_buy=0.0736912 | spread_a=-5.1bps spread_b=-4.2bps | min=30.0bps
2026-05-08 23:09:28,821 | INFO | fetch_order_book: symbol=CHIP/USDC limit=20
2026-05-08 23:09:29,085 | INFO | fetch_order_book: mid=0.073685 spread=6.79bps bids=20 asks=20
2026-05-08 23:09:29,982 | INFO | SPREAD | pair=CHIP/USDC | cex=0.07366/0.07371 | dex_sell=0.0736721 dex_buy=0.0736912 | spread_a=-5.1bps spread_b=-4.2bps | min=30.0bps
2026-05-08 23:09:30,985 | INFO | fetch_order_book: symbol=CHIP/USDC limit=20
2026-05-08 23:09:31,311 | INFO | fetch_order_book: mid=0.07370 spread=5.43bps bids=20 asks=20
2026-05-08 23:09:32,229 | INFO | SPREAD | pair=CHIP/USDC | cex=0.07368/0.07372 | dex_sell=0.0736721 dex_buy=0.0736912 | spread_a=-6.5bps spread_b=-1.5bps | min=30.0bps
2026-05-08 23:09:33,232 | INFO | fetch_order_book: symbol=CHIP/USDC limit=20
2026-05-08 23:09:33,490 | INFO | fetch_order_book: mid=0.073705 spread=4.07bps bids=20 asks=20
2026-05-08 23:09:34,392 | INFO | SPREAD | pair=CHIP/USDC | cex=0.07369/0.07372 | dex_sell=0.0736721 dex_buy=0.0736912 | spread_a=-6.5bps spread_b=-0.2bps | min=30.0bps
2026-05-08 23:09:35,394 | INFO | fetch_order_book: symbol=CHIP/USDC limit=20
2026-05-08 23:09:35,649 | INFO | fetch_order_book: mid=0.073695 spread=4.07bps bids=20 asks=20
2026-05-08 23:09:36,488 | INFO | SPREAD | pair=CHIP/USDC | cex=0.07368/0.07371 | dex_sell=0.0736721 dex_buy=0.0736912 | spread_a=-5.1bps spread_b=-1.5bps | min=30.0bps
2026-05-08 23:09:37,491 | INFO | fetch_order_book: symbol=CHIP/USDC limit=20
2026-05-08 23:09:37,749 | INFO | fetch_order_book: mid=0.073595 spread=4.08bps bids=20 asks=20
2026-05-08 23:09:38,647 | INFO | SPREAD | pair=CHIP/USDC | cex=0.07358/0.07361 | dex_sell=0.0736487 dex_buy=0.0736678 | spread_a=5.3bps spread_b=-11.9bps | min=30.0bps
2026-05-08 23:09:39,651 | INFO | fetch_order_book: symbol=CHIP/USDC limit=20
2026-05-08 23:09:39,906 | INFO | fetch_order_book: mid=0.07360 spread=5.43bps bids=20 asks=20
2026-05-08 23:09:40,788 | INFO | SPREAD | pair=CHIP/USDC | cex=0.07358/0.07362 | dex_sell=0.0736088 dex_buy=0.0736278 | spread_a=-1.5bps spread_b=-6.5bps | min=30.0bps
2026-05-08 23:09:41,791 | INFO | fetch_order_book: symbol=CHIP/USDC limit=20
2026-05-08 23:09:42,049 | INFO | fetch_order_book: mid=0.073595 spread=4.08bps bids=20 asks=20
2026-05-08 23:09:42,938 | INFO | SPREAD | pair=CHIP/USDC | cex=0.07358/0.07361 | dex_sell=0.0736088 dex_buy=0.0736278 | spread_a=-0.2bps spread_b=-6.5bps | min=30.0bps
2026-05-08 23:09:43,941 | INFO | fetch_order_book: symbol=CHIP/USDC limit=20
2026-05-08 23:09:44,197 | INFO | fetch_order_book: mid=0.073575 spread=4.08bps bids=20 asks=20
2026-05-08 23:09:45,125 | INFO | SPREAD | pair=CHIP/USDC | cex=0.07356/0.07359 | dex_sell=0.0736088 dex_buy=0.0736278 | spread_a=2.5bps spread_b=-9.2bps | min=30.0bps
2026-05-08 23:09:46,129 | INFO | fetch_order_book: symbol=CHIP/USDC limit=20
2026-05-08 23:09:46,386 | INFO | fetch_order_book: mid=0.07355 spread=2.72bps bids=20 asks=20
2026-05-08 23:09:47,314 | INFO | SPREAD | pair=CHIP/USDC | cex=0.07354/0.07356 | dex_sell=0.0735785 dex_buy=0.0735976 | spread_a=2.5bps spread_b=-7.8bps | min=30.0bps
2026-05-08 23:09:48,318 | INFO | fetch_order_book: symbol=CHIP/USDC limit=20
2026-05-08 23:09:48,658 | INFO | fetch_order_book: mid=0.07358 spread=8.15bps bids=20 asks=20
2026-05-08 23:09:49,588 | INFO | SPREAD | pair=CHIP/USDC | cex=0.07355/0.07361 | dex_sell=0.0735785 dex_buy=0.0735976 | spread_a=-4.3bps spread_b=-6.5bps | min=30.0bps
2026-05-08 23:09:50,590 | INFO | fetch_order_book: symbol=CHIP/USDC limit=20
2026-05-08 23:09:50,849 | INFO | fetch_order_book: mid=0.073555 spread=4.08bps bids=20 asks=20
2026-05-08 23:09:51,895 | INFO | SPREAD | pair=CHIP/USDC | cex=0.07354/0.07357 | dex_sell=0.0735785 dex_buy=0.0735976 | spread_a=1.2bps spread_b=-7.8bps | min=30.0bps
2026-05-08 23:09:52,899 | INFO | fetch_order_book: symbol=CHIP/USDC limit=20
2026-05-08 23:09:53,158 | INFO | fetch_order_book: mid=0.07353 spread=2.72bps bids=20 asks=20
2026-05-08 23:09:54,000 | INFO | SPREAD | pair=CHIP/USDC | cex=0.07352/0.07354 | dex_sell=0.0735486 dex_buy=0.0735677 | spread_a=1.2bps spread_b=-6.5bps | min=30.0bps
2026-05-08 23:09:55,003 | INFO | fetch_order_book: symbol=CHIP/USDC limit=20
2026-05-08 23:09:55,263 | INFO | fetch_order_book: mid=0.07348 spread=5.44bps bids=20 asks=20
2026-05-08 23:09:56,156 | INFO | SPREAD | pair=CHIP/USDC | cex=0.07346/0.0735 | dex_sell=0.0735486 dex_buy=0.0735375 | spread_a=6.6bps spread_b=-10.5bps | min=30.0bps
2026-05-08 23:09:57,159 | INFO | fetch_order_book: symbol=CHIP/USDC limit=20
2026-05-08 23:09:57,474 | INFO | fetch_order_book: mid=0.07351 spread=5.44bps bids=20 asks=20
2026-05-08 23:09:58,290 | INFO | SPREAD | pair=CHIP/USDC | cex=0.07349/0.07353 | dex_sell=0.0735185 dex_buy=0.0735375 | spread_a=-1.6bps spread_b=-6.5bps | min=30.0bps
2026-05-08 23:09:59,293 | INFO | fetch_order_book: symbol=CHIP/USDC limit=20
2026-05-08 23:09:59,548 | INFO | fetch_order_book: mid=0.07353 spread=8.16bps bids=20 asks=20
2026-05-08 23:10:00,433 | INFO | SPREAD | pair=CHIP/USDC | cex=0.0735/0.07356 | dex_sell=0.0735185 dex_buy=0.0735375 | spread_a=-5.6bps spread_b=-5.1bps | min=30.0bps
2026-05-08 23:10:01,436 | INFO | fetch_order_book: symbol=CHIP/USDC limit=20
2026-05-08 23:10:01,693 | INFO | fetch_order_book: mid=0.073525 spread=6.80bps bids=20 asks=20
2026-05-08 23:10:02,541 | INFO | SPREAD | pair=CHIP/USDC | cex=0.0735/0.07355 | dex_sell=0.0735185 dex_buy=0.0735375 | spread_a=-4.3bps spread_b=-5.1bps | min=30.0bps
2026-05-08 23:10:03,544 | INFO | fetch_order_book: symbol=CHIP/USDC limit=20
2026-05-08 23:10:03,809 | INFO | fetch_order_book: mid=0.073495 spread=6.80bps bids=20 asks=20
2026-05-08 23:10:04,727 | INFO | SPREAD | pair=CHIP/USDC | cex=0.07347/0.07352 | dex_sell=0.0735185 dex_buy=0.0735375 | spread_a=-0.2bps spread_b=-9.2bps | min=30.0bps
2026-05-08 23:10:05,730 | INFO | fetch_order_book: symbol=CHIP/USDC limit=20
2026-05-08 23:10:05,986 | INFO | fetch_order_book: mid=0.073465 spread=6.81bps bids=20 asks=20
2026-05-08 23:10:06,843 | INFO | SPREAD | pair=CHIP/USDC | cex=0.07344/0.07349 | dex_sell=0.0734886 dex_buy=0.0735076 | spread_a=-0.2bps spread_b=-9.2bps | min=30.0bps
2026-05-08 23:10:07,847 | INFO | fetch_order_book: symbol=CHIP/USDC limit=20
2026-05-08 23:10:08,102 | INFO | fetch_order_book: mid=0.07349 spread=5.44bps bids=20 asks=20
2026-05-08 23:10:09,027 | INFO | SPREAD | pair=CHIP/USDC | cex=0.07347/0.07351 | dex_sell=0.0734886 dex_buy=0.0735076 | spread_a=-2.9bps spread_b=-5.1bps | min=30.0bps
2026-05-08 23:10:10,031 | INFO | fetch_order_book: symbol=CHIP/USDC limit=20
2026-05-08 23:10:10,353 | INFO | fetch_order_book: mid=0.07343 spread=2.72bps bids=20 asks=20
2026-05-08 23:10:11,242 | INFO | SPREAD | pair=CHIP/USDC | cex=0.07342/0.07344 | dex_sell=0.0734488 dex_buy=0.0734678 | spread_a=1.2bps spread_b=-6.5bps | min=30.0bps
2026-05-08 23:10:12,245 | INFO | fetch_order_book: symbol=CHIP/USDC limit=20
2026-05-08 23:10:12,501 | INFO | fetch_order_book: mid=0.07344 spread=5.45bps bids=20 asks=20
2026-05-08 23:10:13,396 | INFO | SPREAD | pair=CHIP/USDC | cex=0.07342/0.07346 | dex_sell=0.0734488 dex_buy=0.0734678 | spread_a=-1.5bps spread_b=-6.5bps | min=30.0bps
2026-05-08 23:10:14,400 | INFO | fetch_order_book: symbol=CHIP/USDC limit=20
2026-05-08 23:10:14,778 | INFO | fetch_order_book: mid=0.073455 spread=6.81bps bids=20 asks=20
2026-05-08 23:10:15,665 | INFO | SPREAD | pair=CHIP/USDC | cex=0.07343/0.07348 | dex_sell=0.0734488 dex_buy=0.0734678 | spread_a=-4.2bps spread_b=-5.1bps | min=30.0bps
2026-05-08 23:10:16,668 | INFO | fetch_order_book: symbol=CHIP/USDC limit=20
2026-05-08 23:10:16,926 | INFO | fetch_order_book: mid=0.073445 spread=4.08bps bids=20 asks=20
2026-05-08 23:10:17,814 | INFO | SPREAD | pair=CHIP/USDC | cex=0.07343/0.07346 | dex_sell=0.0734488 dex_buy=0.0734678 | spread_a=-1.5bps spread_b=-5.1bps | min=30.0bps
2026-05-08 23:10:18,816 | INFO | fetch_order_book: symbol=CHIP/USDC limit=20
2026-05-08 23:10:19,080 | INFO | fetch_order_book: mid=0.073445 spread=4.08bps bids=20 asks=20
2026-05-08 23:10:19,981 | INFO | SPREAD | pair=CHIP/USDC | cex=0.07343/0.07346 | dex_sell=0.0734488 dex_buy=0.0734678 | spread_a=-1.5bps spread_b=-5.1bps | min=30.0bps
2026-05-08 23:10:20,985 | INFO | fetch_order_book: symbol=CHIP/USDC limit=20
2026-05-08 23:10:21,242 | INFO | fetch_order_book: mid=0.073435 spread=6.81bps bids=20 asks=20
2026-05-08 23:10:22,129 | INFO | SPREAD | pair=CHIP/USDC | cex=0.07341/0.07346 | dex_sell=0.0734488 dex_buy=0.0734678 | spread_a=-1.5bps spread_b=-7.9bps | min=30.0bps
2026-05-08 23:10:23,132 | INFO | fetch_order_book: symbol=CHIP/USDC limit=20
2026-05-08 23:10:23,389 | INFO | fetch_order_book: mid=0.073415 spread=4.09bps bids=20 asks=20
2026-05-08 23:10:24,320 | INFO | SPREAD | pair=CHIP/USDC | cex=0.0734/0.07343 | dex_sell=0.0734488 dex_buy=0.0734678 | spread_a=2.6bps spread_b=-9.2bps | min=30.0bps
2026-05-08 23:10:25,324 | INFO | fetch_order_book: symbol=CHIP/USDC limit=20
2026-05-08 23:10:25,582 | INFO | fetch_order_book: mid=0.073435 spread=6.81bps bids=20 asks=20
2026-05-08 23:10:26,493 | INFO | SPREAD | pair=CHIP/USDC | cex=0.07341/0.07346 | dex_sell=0.0734488 dex_buy=0.0734678 | spread_a=-1.5bps spread_b=-7.9bps | min=30.0bps
2026-05-08 23:10:27,496 | INFO | fetch_order_book: symbol=CHIP/USDC limit=20
2026-05-08 23:10:27,753 | INFO | fetch_order_book: mid=0.07344 spread=5.45bps bids=20 asks=20
2026-05-08 23:10:28,578 | INFO | SPREAD | pair=CHIP/USDC | cex=0.07342/0.07346 | dex_sell=0.0734488 dex_buy=0.0734678 | spread_a=-1.5bps spread_b=-6.5bps | min=30.0bps
2026-05-08 23:10:29,581 | INFO | fetch_order_book: symbol=CHIP/USDC limit=20
2026-05-08 23:10:29,841 | INFO | fetch_order_book: mid=0.07345 spread=5.45bps bids=20 asks=20
2026-05-08 23:10:30,743 | INFO | SPREAD | pair=CHIP/USDC | cex=0.07343/0.07347 | dex_sell=0.0734488 dex_buy=0.0734678 | spread_a=-2.9bps spread_b=-5.1bps | min=30.0bps
2026-05-08 23:10:31,746 | INFO | fetch_order_book: symbol=CHIP/USDC limit=20
2026-05-08 23:10:32,000 | INFO | fetch_order_book: mid=0.073445 spread=6.81bps bids=20 asks=20
2026-05-08 23:10:32,904 | INFO | SPREAD | pair=CHIP/USDC | cex=0.07342/0.07347 | dex_sell=0.0734488 dex_buy=0.0734678 | spread_a=-2.9bps spread_b=-6.5bps | min=30.0bps
2026-05-08 23:10:33,907 | INFO | fetch_order_book: symbol=CHIP/USDC limit=20
2026-05-08 23:10:34,166 | INFO | fetch_order_book: mid=0.073475 spread=6.81bps bids=20 asks=20
2026-05-08 23:10:35,066 | INFO | SPREAD | pair=CHIP/USDC | cex=0.07345/0.0735 | dex_sell=0.0734488 dex_buy=0.0734678 | spread_a=-7.0bps spread_b=-2.4bps | min=30.0bps
2026-05-08 23:10:36,069 | INFO | fetch_order_book: symbol=CHIP/USDC limit=20
2026-05-08 23:10:36,326 | INFO | fetch_order_book: mid=0.07346 spread=5.45bps bids=20 asks=20
2026-05-08 23:10:37,198 | INFO | SPREAD | pair=CHIP/USDC | cex=0.07344/0.07348 | dex_sell=0.0734488 dex_buy=0.0734678 | spread_a=-4.2bps spread_b=-3.8bps | min=30.0bps
2026-05-08 23:10:38,202 | INFO | fetch_order_book: symbol=CHIP/USDC limit=20
2026-05-08 23:10:38,457 | INFO | fetch_order_book: mid=0.07351 spread=2.72bps bids=20 asks=20
2026-05-08 23:10:39,358 | INFO | SPREAD | pair=CHIP/USDC | cex=0.0735/0.07352 | dex_sell=0.0734932 dex_buy=0.0735123 | spread_a=-3.6bps spread_b=-1.7bps | min=30.0bps
2026-05-08 23:10:40,362 | INFO | fetch_order_book: symbol=CHIP/USDC limit=20
2026-05-08 23:10:40,618 | INFO | fetch_order_book: mid=0.07355 spread=2.72bps bids=20 asks=20
2026-05-08 23:10:41,512 | INFO | SPREAD | pair=CHIP/USDC | cex=0.07354/0.07356 | dex_sell=0.073523 dex_buy=0.0735421 | spread_a=-5.0bps spread_b=-0.3bps | min=30.0bps
2026-05-08 23:10:42,516 | INFO | fetch_order_book: symbol=CHIP/USDC limit=20
2026-05-08 23:10:42,769 | INFO | fetch_order_book: mid=0.07355 spread=2.72bps bids=20 asks=20
2026-05-08 23:10:43,668 | INFO | SPREAD | pair=CHIP/USDC | cex=0.07354/0.07356 | dex_sell=0.073523 dex_buy=0.0735421 | spread_a=-5.0bps spread_b=-0.3bps | min=30.0bps
2026-05-08 23:10:44,672 | INFO | fetch_order_book: symbol=CHIP/USDC limit=20
2026-05-08 23:10:44,928 | INFO | fetch_order_book: mid=0.07354 spread=5.44bps bids=20 asks=20
2026-05-08 23:10:45,852 | INFO | SPREAD | pair=CHIP/USDC | cex=0.07352/0.07356 | dex_sell=0.073523 dex_buy=0.0735421 | spread_a=-5.0bps spread_b=-3.0bps | min=30.0bps
2026-05-08 23:10:46,855 | INFO | fetch_order_book: symbol=CHIP/USDC limit=20
2026-05-08 23:10:47,110 | INFO | fetch_order_book: mid=0.073545 spread=4.08bps bids=20 asks=20
2026-05-08 23:10:48,025 | INFO | SPREAD | pair=CHIP/USDC | cex=0.07353/0.07356 | dex_sell=0.0735532 dex_buy=0.0735722 | spread_a=-0.9bps spread_b=-5.7bps | min=30.0bps
2026-05-08 23:10:49,029 | INFO | fetch_order_book: symbol=CHIP/USDC limit=20
2026-05-08 23:10:49,285 | INFO | fetch_order_book: mid=0.073535 spread=4.08bps bids=20 asks=20
2026-05-08 23:10:50,302 | INFO | SPREAD | pair=CHIP/USDC | cex=0.07352/0.07355 | dex_sell=0.0735532 dex_buy=0.0735722 | spread_a=0.4bps spread_b=-7.1bps | min=30.0bps
2026-05-08 23:10:51,306 | INFO | fetch_order_book: symbol=CHIP/USDC limit=20
2026-05-08 23:10:51,579 | INFO | fetch_order_book: mid=0.07354 spread=5.44bps bids=20 asks=20
2026-05-08 23:10:52,488 | INFO | SPREAD | pair=CHIP/USDC | cex=0.07352/0.07356 | dex_sell=0.0735532 dex_buy=0.0735722 | spread_a=-0.9bps spread_b=-7.1bps | min=30.0bps
2026-05-08 23:10:53,491 | INFO | fetch_order_book: symbol=CHIP/USDC limit=20
2026-05-08 23:10:53,745 | INFO | fetch_order_book: mid=0.07354 spread=5.44bps bids=20 asks=20
2026-05-08 23:10:54,690 | INFO | SPREAD | pair=CHIP/USDC | cex=0.07352/0.07356 | dex_sell=0.0735532 dex_buy=0.0735722 | spread_a=-0.9bps spread_b=-7.1bps | min=30.0bps
2026-05-08 23:10:55,694 | INFO | fetch_order_book: symbol=CHIP/USDC limit=20
2026-05-08 23:10:55,950 | INFO | fetch_order_book: mid=0.07354 spread=5.44bps bids=20 asks=20
2026-05-08 23:10:56,836 | INFO | SPREAD | pair=CHIP/USDC | cex=0.07352/0.07356 | dex_sell=0.0735532 dex_buy=0.0735722 | spread_a=-0.9bps spread_b=-7.1bps | min=30.0bps
2026-05-08 23:10:57,839 | INFO | fetch_order_book: symbol=CHIP/USDC limit=20
2026-05-08 23:10:58,094 | INFO | fetch_order_book: mid=0.07354 spread=5.44bps bids=20 asks=20
2026-05-08 23:10:59,026 | INFO | SPREAD | pair=CHIP/USDC | cex=0.07352/0.07356 | dex_sell=0.0735532 dex_buy=0.0735722 | spread_a=-0.9bps spread_b=-7.1bps | min=30.0bps
2026-05-08 23:11:00,027 | INFO | fetch_order_book: symbol=CHIP/USDC limit=20
2026-05-08 23:11:00,282 | INFO | fetch_order_book: mid=0.07349 spread=5.44bps bids=20 asks=20
2026-05-08 23:11:01,192 | INFO | SPREAD | pair=CHIP/USDC | cex=0.07347/0.07351 | dex_sell=0.0735532 dex_buy=0.0735073 | spread_a=5.9bps spread_b=-5.1bps | min=30.0bps
2026-05-08 23:11:02,195 | INFO | fetch_order_book: symbol=CHIP/USDC limit=20
2026-05-08 23:11:02,456 | INFO | fetch_order_book: mid=0.073465 spread=1.36bps bids=20 asks=20
2026-05-08 23:11:03,357 | INFO | SPREAD | pair=CHIP/USDC | cex=0.07346/0.07347 | dex_sell=0.0734882 dex_buy=0.0735073 | spread_a=2.5bps spread_b=-6.4bps | min=30.0bps
2026-05-08 23:11:04,361 | INFO | fetch_order_book: symbol=CHIP/USDC limit=20
2026-05-08 23:11:04,619 | INFO | fetch_order_book: mid=0.073435 spread=4.09bps bids=20 asks=20
2026-05-08 23:11:05,468 | INFO | SPREAD | pair=CHIP/USDC | cex=0.07342/0.07345 | dex_sell=0.0734484 dex_buy=0.0734675 | spread_a=-0.2bps spread_b=-6.5bps | min=30.0bps
2026-05-08 23:11:06,471 | INFO | fetch_order_book: symbol=CHIP/USDC limit=20
2026-05-08 23:11:06,727 | INFO | fetch_order_book: mid=0.073445 spread=6.81bps bids=20 asks=20
2026-05-08 23:11:07,624 | INFO | SPREAD | pair=CHIP/USDC | cex=0.07342/0.07347 | dex_sell=0.0734484 dex_buy=0.0734675 | spread_a=-2.9bps spread_b=-6.5bps | min=30.0bps
2026-05-08 23:11:08,628 | INFO | fetch_order_book: symbol=CHIP/USDC limit=20
2026-05-08 23:11:08,886 | INFO | fetch_order_book: mid=0.07343 spread=2.72bps bids=20 asks=20
2026-05-08 23:11:09,801 | INFO | SPREAD | pair=CHIP/USDC | cex=0.07342/0.07344 | dex_sell=0.0734484 dex_buy=0.0734675 | spread_a=1.1bps spread_b=-6.5bps | min=30.0bps
2026-05-08 23:11:10,804 | INFO | fetch_order_book: symbol=CHIP/USDC limit=20
2026-05-08 23:11:11,061 | INFO | fetch_order_book: mid=0.07343 spread=2.72bps bids=20 asks=20
2026-05-08 23:11:12,020 | INFO | SPREAD | pair=CHIP/USDC | cex=0.07342/0.07344 | dex_sell=0.0734484 dex_buy=0.0734675 | spread_a=1.1bps spread_b=-6.5bps | min=30.0bps
2026-05-08 23:11:13,023 | INFO | fetch_order_book: symbol=CHIP/USDC limit=20
2026-05-08 23:11:13,282 | INFO | fetch_order_book: mid=0.07343 spread=2.72bps bids=20 asks=20
2026-05-08 23:11:14,187 | INFO | SPREAD | pair=CHIP/USDC | cex=0.07342/0.07344 | dex_sell=0.0734484 dex_buy=0.0734675 | spread_a=1.1bps spread_b=-6.5bps | min=30.0bps
2026-05-08 23:11:15,191 | INFO | fetch_order_book: symbol=CHIP/USDC limit=20
2026-05-08 23:11:15,509 | INFO | fetch_order_book: mid=0.073435 spread=4.09bps bids=20 asks=20
2026-05-08 23:11:16,441 | INFO | SPREAD | pair=CHIP/USDC | cex=0.07342/0.07345 | dex_sell=0.0734484 dex_buy=0.0734675 | spread_a=-0.2bps spread_b=-6.5bps | min=30.0bps
2026-05-08 23:11:17,445 | INFO | fetch_order_book: symbol=CHIP/USDC limit=20
2026-05-08 23:11:17,725 | INFO | fetch_order_book: mid=0.07342 spread=5.45bps bids=20 asks=20
2026-05-08 23:11:18,612 | INFO | SPREAD | pair=CHIP/USDC | cex=0.0734/0.07344 | dex_sell=0.0734484 dex_buy=0.0734675 | spread_a=1.1bps spread_b=-9.2bps | min=30.0bps
2026-05-08 23:11:19,616 | INFO | fetch_order_book: symbol=CHIP/USDC limit=20
2026-05-08 23:11:19,876 | INFO | fetch_order_book: mid=0.073415 spread=4.09bps bids=20 asks=20
2026-05-08 23:11:20,777 | INFO | SPREAD | pair=CHIP/USDC | cex=0.0734/0.07343 | dex_sell=0.0734484 dex_buy=0.0734675 | spread_a=2.5bps spread_b=-9.2bps | min=30.0bps
2026-05-08 23:11:21,781 | INFO | fetch_order_book: symbol=CHIP/USDC limit=20
2026-05-08 23:11:22,067 | INFO | fetch_order_book: mid=0.073415 spread=4.09bps bids=20 asks=20
2026-05-08 23:11:22,981 | INFO | SPREAD | pair=CHIP/USDC | cex=0.0734/0.07343 | dex_sell=0.0734484 dex_buy=0.0734675 | spread_a=2.5bps spread_b=-9.2bps | min=30.0bps
2026-05-08 23:11:23,984 | INFO | fetch_order_book: symbol=CHIP/USDC limit=20
2026-05-08 23:11:25,023 | INFO | fetch_order_book: mid=0.07342 spread=5.45bps bids=20 asks=20
2026-05-08 23:11:25,973 | INFO | SPREAD | pair=CHIP/USDC | cex=0.0734/0.07344 | dex_sell=0.0734484 dex_buy=0.0734675 | spread_a=1.1bps spread_b=-9.2bps | min=30.0bps
2026-05-08 23:11:26,975 | INFO | fetch_order_book: symbol=CHIP/USDC limit=20
2026-05-08 23:11:27,232 | INFO | fetch_order_book: mid=0.073395 spread=4.09bps bids=20 asks=20
2026-05-08 23:11:28,134 | INFO | SPREAD | pair=CHIP/USDC | cex=0.07338/0.07341 | dex_sell=0.0734286 dex_buy=0.0734476 | spread_a=2.5bps spread_b=-9.2bps | min=30.0bps
2026-05-08 23:11:29,137 | INFO | fetch_order_book: symbol=CHIP/USDC limit=20
2026-05-08 23:11:29,397 | INFO | fetch_order_book: mid=0.07340 spread=2.72bps bids=20 asks=20
2026-05-08 23:11:30,309 | INFO | SPREAD | pair=CHIP/USDC | cex=0.07339/0.07341 | dex_sell=0.0734286 dex_buy=0.0734476 | spread_a=2.5bps spread_b=-7.8bps | min=30.0bps
2026-05-08 23:11:31,313 | INFO | fetch_order_book: symbol=CHIP/USDC limit=20
2026-05-08 23:11:31,568 | INFO | fetch_order_book: mid=0.073375 spread=1.36bps bids=20 asks=20
2026-05-08 23:11:32,445 | INFO | SPREAD | pair=CHIP/USDC | cex=0.07337/0.07338 | dex_sell=0.0734286 dex_buy=0.0734074 | spread_a=6.6bps spread_b=-5.1bps | min=30.0bps
2026-05-08 23:11:33,448 | INFO | fetch_order_book: symbol=CHIP/USDC limit=20
2026-05-08 23:11:33,703 | INFO | fetch_order_book: mid=0.073385 spread=4.09bps bids=20 asks=20
2026-05-08 23:11:34,682 | INFO | SPREAD | pair=CHIP/USDC | cex=0.07337/0.0734 | dex_sell=0.0733884 dex_buy=0.0734074 | spread_a=-1.6bps spread_b=-5.1bps | min=30.0bps
2026-05-08 23:11:35,686 | INFO | fetch_order_book: symbol=CHIP/USDC limit=20
2026-05-08 23:11:35,941 | INFO | fetch_order_book: mid=0.073365 spread=1.36bps bids=20 asks=20
2026-05-08 23:11:36,816 | INFO | SPREAD | pair=CHIP/USDC | cex=0.07336/0.07337 | dex_sell=0.0733884 dex_buy=0.0734074 | spread_a=2.5bps spread_b=-6.5bps | min=30.0bps
2026-05-08 23:11:37,820 | INFO | fetch_order_book: symbol=CHIP/USDC limit=20
2026-05-08 23:11:38,133 | INFO | fetch_order_book: mid=0.073305 spread=1.36bps bids=20 asks=20
2026-05-08 23:11:39,125 | INFO | SPREAD | pair=CHIP/USDC | cex=0.0733/0.07331 | dex_sell=0.0733487 dex_buy=0.0733276 | spread_a=5.3bps spread_b=-3.8bps | min=30.0bps
2026-05-08 23:11:40,130 | INFO | fetch_order_book: symbol=CHIP/USDC limit=20
2026-05-08 23:11:40,391 | INFO | fetch_order_book: mid=0.073285 spread=6.82bps bids=20 asks=20
2026-05-08 23:11:41,250 | INFO | SPREAD | pair=CHIP/USDC | cex=0.07326/0.07331 | dex_sell=0.0732559 dex_buy=0.0732749 | spread_a=-7.4bps spread_b=-2.0bps | min=30.0bps
2026-05-08 23:11:42,253 | INFO | fetch_order_book: symbol=CHIP/USDC limit=20
2026-05-08 23:11:42,510 | INFO | fetch_order_book: mid=0.073365 spread=9.54bps bids=20 asks=20
2026-05-08 23:11:43,618 | INFO | SPREAD | pair=CHIP/USDC | cex=0.07333/0.0734 | dex_sell=0.0733232 dex_buy=0.0733422 | spread_a=-10.5bps spread_b=-1.7bps | min=30.0bps
2026-05-08 23:11:44,621 | INFO | fetch_order_book: symbol=CHIP/USDC limit=20
2026-05-08 23:11:44,878 | INFO | fetch_order_book: mid=0.07332 spread=5.46bps bids=20 asks=20
2026-05-08 23:11:45,743 | INFO | SPREAD | pair=CHIP/USDC | cex=0.0733/0.07334 | dex_sell=0.0733533 dex_buy=0.0733477 | spread_a=1.8bps spread_b=-6.5bps | min=30.0bps
2026-05-08 23:11:46,746 | INFO | fetch_order_book: symbol=CHIP/USDC limit=20
2026-05-08 23:11:47,004 | INFO | fetch_order_book: mid=0.073295 spread=4.09bps bids=20 asks=20
2026-05-08 23:11:47,912 | INFO | SPREAD | pair=CHIP/USDC | cex=0.07328/0.07331 | dex_sell=0.0733287 dex_buy=0.0733477 | spread_a=2.5bps spread_b=-9.2bps | min=30.0bps
2026-05-08 23:11:48,916 | INFO | fetch_order_book: symbol=CHIP/USDC limit=20
2026-05-08 23:11:49,171 | INFO | fetch_order_book: mid=0.073265 spread=6.82bps bids=20 asks=20
2026-05-08 23:11:50,078 | INFO | SPREAD | pair=CHIP/USDC | cex=0.07324/0.07329 | dex_sell=0.0732686 dex_buy=0.0732876 | spread_a=-2.9bps spread_b=-6.5bps | min=30.0bps
2026-05-08 23:11:51,082 | INFO | fetch_order_book: symbol=CHIP/USDC limit=20
2026-05-08 23:11:51,337 | INFO | fetch_order_book: mid=0.07329 spread=8.19bps bids=20 asks=20
2026-05-08 23:11:52,255 | INFO | SPREAD | pair=CHIP/USDC | cex=0.07326/0.07332 | dex_sell=0.0732686 dex_buy=0.0732876 | spread_a=-7.0bps spread_b=-3.8bps | min=30.0bps
2026-05-08 23:11:53,258 | INFO | fetch_order_book: symbol=CHIP/USDC limit=20
2026-05-08 23:11:53,513 | INFO | fetch_order_book: mid=0.07334 spread=5.45bps bids=20 asks=20
2026-05-08 23:11:54,415 | INFO | SPREAD | pair=CHIP/USDC | cex=0.07332/0.07336 | dex_sell=0.0733233 dex_buy=0.0733423 | spread_a=-5.0bps spread_b=-3.0bps | min=30.0bps
2026-05-08 23:11:55,418 | INFO | fetch_order_book: symbol=CHIP/USDC limit=20
2026-05-08 23:11:55,674 | INFO | fetch_order_book: mid=0.07334 spread=5.45bps bids=20 asks=20
2026-05-08 23:11:56,729 | INFO | SPREAD | pair=CHIP/USDC | cex=0.07332/0.07336 | dex_sell=0.0733233 dex_buy=0.0733423 | spread_a=-5.0bps spread_b=-3.0bps | min=30.0bps
2026-05-08 23:11:57,732 | INFO | fetch_order_book: symbol=CHIP/USDC limit=20
2026-05-08 23:11:57,988 | INFO | fetch_order_book: mid=0.07333 spread=5.45bps bids=20 asks=20
2026-05-08 23:11:58,848 | INFO | SPREAD | pair=CHIP/USDC | cex=0.07331/0.07335 | dex_sell=0.0733233 dex_buy=0.0733423 | spread_a=-3.6bps spread_b=-4.4bps | min=30.0bps
2026-05-08 23:11:59,852 | INFO | fetch_order_book: symbol=CHIP/USDC limit=20
2026-05-08 23:12:00,111 | INFO | fetch_order_book: mid=0.07329 spread=8.19bps bids=20 asks=20
2026-05-08 23:12:01,062 | INFO | SPREAD | pair=CHIP/USDC | cex=0.07326/0.07332 | dex_sell=0.0733233 dex_buy=0.0733423 | spread_a=0.5bps spread_b=-11.2bps | min=30.0bps
2026-05-08 23:12:02,065 | INFO | fetch_order_book: symbol=CHIP/USDC limit=20
2026-05-08 23:12:02,322 | INFO | fetch_order_book: mid=0.073285 spread=6.82bps bids=20 asks=20
2026-05-08 23:12:03,244 | INFO | SPREAD | pair=CHIP/USDC | cex=0.07326/0.07331 | dex_sell=0.0732984 dex_buy=0.0733174 | spread_a=-1.6bps spread_b=-7.8bps | min=30.0bps
2026-05-08 23:12:04,247 | INFO | fetch_order_book: symbol=CHIP/USDC limit=20
2026-05-08 23:12:04,507 | INFO | fetch_order_book: mid=0.073285 spread=6.82bps bids=20 asks=20
2026-05-08 23:12:05,444 | INFO | SPREAD | pair=CHIP/USDC | cex=0.07326/0.07331 | dex_sell=0.0732984 dex_buy=0.0733174 | spread_a=-1.6bps spread_b=-7.8bps | min=30.0bps
2026-05-08 23:12:06,448 | INFO | fetch_order_book: symbol=CHIP/USDC limit=20
2026-05-08 23:12:06,708 | INFO | fetch_order_book: mid=0.07333 spread=2.73bps bids=20 asks=20
2026-05-08 23:12:07,625 | INFO | SPREAD | pair=CHIP/USDC | cex=0.07332/0.07334 | dex_sell=0.0733233 dex_buy=0.0733423 | spread_a=-2.3bps spread_b=-3.0bps | min=30.0bps
2026-05-08 23:12:08,628 | INFO | fetch_order_book: symbol=CHIP/USDC limit=20
2026-05-08 23:12:08,888 | INFO | fetch_order_book: mid=0.07328 spread=5.46bps bids=20 asks=20
2026-05-08 23:12:09,868 | INFO | SPREAD | pair=CHIP/USDC | cex=0.07326/0.0733 | dex_sell=0.0733088 dex_buy=0.0733278 | spread_a=1.2bps spread_b=-9.2bps | min=30.0bps
2026-05-08 23:12:10,871 | INFO | fetch_order_book: symbol=CHIP/USDC limit=20
2026-05-08 23:12:11,126 | INFO | fetch_order_book: mid=0.07319 spread=8.20bps bids=20 asks=20
2026-05-08 23:12:12,035 | INFO | SPREAD | pair=CHIP/USDC | cex=0.07316/0.07322 | dex_sell=0.0732287 dex_buy=0.0732477 | spread_a=1.2bps spread_b=-12.0bps | min=30.0bps
2026-05-08 23:12:13,039 | INFO | fetch_order_book: symbol=CHIP/USDC limit=20
2026-05-08 23:12:13,294 | INFO | fetch_order_book: mid=0.07317 spread=8.20bps bids=20 asks=20
2026-05-08 23:12:14,207 | INFO | SPREAD | pair=CHIP/USDC | cex=0.07314/0.0732 | dex_sell=0.0731883 dex_buy=0.0732073 | spread_a=-1.6bps spread_b=-9.2bps | min=30.0bps
2026-05-08 23:12:15,211 | INFO | fetch_order_book: symbol=CHIP/USDC limit=20
2026-05-08 23:12:15,506 | INFO | fetch_order_book: mid=0.07317 spread=5.47bps bids=20 asks=20
2026-05-08 23:12:16,419 | INFO | SPREAD | pair=CHIP/USDC | cex=0.07315/0.07319 | dex_sell=0.0732132 dex_buy=0.0732076 | spread_a=3.2bps spread_b=-7.9bps | min=30.0bps
2026-05-08 23:12:17,422 | INFO | fetch_order_book: symbol=CHIP/USDC limit=20
2026-05-08 23:12:17,682 | INFO | fetch_order_book: mid=0.073185 spread=6.83bps bids=20 asks=20
2026-05-08 23:12:18,616 | INFO | SPREAD | pair=CHIP/USDC | cex=0.07316/0.07321 | dex_sell=0.0731886 dex_buy=0.0732076 | spread_a=-2.9bps spread_b=-6.5bps | min=30.0bps
2026-05-08 23:12:19,618 | INFO | fetch_order_book: symbol=CHIP/USDC limit=20
2026-05-08 23:12:19,873 | INFO | fetch_order_book: mid=0.073185 spread=6.83bps bids=20 asks=20
2026-05-08 23:12:20,917 | INFO | SPREAD | pair=CHIP/USDC | cex=0.07316/0.07321 | dex_sell=0.0731886 dex_buy=0.0732076 | spread_a=-2.9bps spread_b=-6.5bps | min=30.0bps
2026-05-08 23:12:21,921 | INFO | fetch_order_book: symbol=CHIP/USDC limit=20
2026-05-08 23:12:22,177 | INFO | fetch_order_book: mid=0.07322 spread=8.19bps bids=20 asks=20
2026-05-08 23:12:23,114 | INFO | SPREAD | pair=CHIP/USDC | cex=0.07319/0.07325 | dex_sell=0.0731886 dex_buy=0.0732076 | spread_a=-8.4bps spread_b=-2.4bps | min=30.0bps
2026-05-08 23:12:24,118 | INFO | fetch_order_book: symbol=CHIP/USDC limit=20
2026-05-08 23:12:24,379 | INFO | fetch_order_book: mid=0.073315 spread=6.82bps bids=20 asks=20
2026-05-08 23:12:25,255 | INFO | SPREAD | pair=CHIP/USDC | cex=0.07329/0.07334 | dex_sell=0.0733232 dex_buy=0.0733422 | spread_a=-2.3bps spread_b=-7.1bps | min=30.0bps
2026-05-08 23:12:26,258 | INFO | fetch_order_book: symbol=CHIP/USDC limit=20
2026-05-08 23:12:26,513 | INFO | fetch_order_book: mid=0.073265 spread=6.82bps bids=20 asks=20
2026-05-08 23:12:27,452 | INFO | SPREAD | pair=CHIP/USDC | cex=0.07324/0.07329 | dex_sell=0.0732985 dex_buy=0.0733175 | spread_a=1.2bps spread_b=-10.6bps | min=30.0bps
2026-05-08 23:12:28,455 | INFO | fetch_order_book: symbol=CHIP/USDC limit=20
2026-05-08 23:12:28,712 | INFO | fetch_order_book: mid=0.07326 spread=8.19bps bids=20 asks=20
2026-05-08 23:12:29,585 | INFO | SPREAD | pair=CHIP/USDC | cex=0.07323/0.07329 | dex_sell=0.0732685 dex_buy=0.0732875 | spread_a=-2.9bps spread_b=-7.8bps | min=30.0bps
2026-05-08 23:12:30,588 | INFO | fetch_order_book: symbol=CHIP/USDC limit=20
2026-05-08 23:12:30,846 | INFO | fetch_order_book: mid=0.07324 spread=5.46bps bids=20 asks=20
2026-05-08 23:12:31,769 | INFO | SPREAD | pair=CHIP/USDC | cex=0.07322/0.07326 | dex_sell=0.0732685 dex_buy=0.0732875 | spread_a=1.2bps spread_b=-9.2bps | min=30.0bps
2026-05-08 23:12:32,772 | INFO | fetch_order_book: symbol=CHIP/USDC limit=20
2026-05-08 23:12:33,133 | INFO | fetch_order_book: mid=0.07328 spread=5.46bps bids=20 asks=20
2026-05-08 23:12:34,077 | INFO | SPREAD | pair=CHIP/USDC | cex=0.07326/0.0733 | dex_sell=0.0732932 dex_buy=0.0733121 | spread_a=-0.9bps spread_b=-7.1bps | min=30.0bps
2026-05-08 23:12:35,080 | INFO | fetch_order_book: symbol=CHIP/USDC limit=20
2026-05-08 23:12:35,337 | INFO | fetch_order_book: mid=0.073285 spread=6.82bps bids=20 asks=20
2026-05-08 23:12:36,284 | INFO | SPREAD | pair=CHIP/USDC | cex=0.07326/0.07331 | dex_sell=0.0732932 dex_buy=0.0733121 | spread_a=-2.3bps spread_b=-7.1bps | min=30.0bps
2026-05-08 23:12:37,288 | INFO | fetch_order_book: symbol=CHIP/USDC limit=20
2026-05-08 23:12:37,550 | INFO | fetch_order_book: mid=0.073245 spread=6.83bps bids=20 asks=20
2026-05-08 23:12:38,485 | INFO | SPREAD | pair=CHIP/USDC | cex=0.07322/0.07327 | dex_sell=0.0732932 dex_buy=0.0732875 | spread_a=3.2bps spread_b=-9.2bps | min=30.0bps
2026-05-08 23:12:39,488 | INFO | fetch_order_book: symbol=CHIP/USDC limit=20
2026-05-08 23:12:39,743 | INFO | fetch_order_book: mid=0.073215 spread=4.10bps bids=20 asks=20
2026-05-08 23:12:40,638 | INFO | SPREAD | pair=CHIP/USDC | cex=0.0732/0.07323 | dex_sell=0.0732686 dex_buy=0.0732475 | spread_a=5.3bps spread_b=-6.5bps | min=30.0bps
2026-05-08 23:12:41,642 | INFO | fetch_order_book: symbol=CHIP/USDC limit=20
2026-05-08 23:12:41,896 | INFO | fetch_order_book: mid=0.073215 spread=4.10bps bids=20 asks=20
2026-05-08 23:12:42,850 | INFO | SPREAD | pair=CHIP/USDC | cex=0.0732/0.07323 | dex_sell=0.0732285 dex_buy=0.0732475 | spread_a=-0.2bps spread_b=-6.5bps | min=30.0bps
2026-05-08 23:12:43,853 | INFO | fetch_order_book: symbol=CHIP/USDC limit=20
2026-05-08 23:12:44,112 | INFO | fetch_order_book: mid=0.073195 spread=4.10bps bids=20 asks=20
2026-05-08 23:12:45,174 | INFO | SPREAD | pair=CHIP/USDC | cex=0.07318/0.07321 | dex_sell=0.0732285 dex_buy=0.0732475 | spread_a=2.5bps spread_b=-9.2bps | min=30.0bps
2026-05-08 23:12:46,177 | INFO | fetch_order_book: symbol=CHIP/USDC limit=20
2026-05-08 23:12:46,485 | INFO | fetch_order_book: mid=0.073195 spread=4.10bps bids=20 asks=20
2026-05-08 23:12:47,482 | INFO | SPREAD | pair=CHIP/USDC | cex=0.07318/0.07321 | dex_sell=0.0732285 dex_buy=0.0732475 | spread_a=2.5bps spread_b=-9.2bps | min=30.0bps
2026-05-08 23:12:48,485 | INFO | fetch_order_book: symbol=CHIP/USDC limit=20
2026-05-08 23:12:48,740 | INFO | fetch_order_book: mid=0.073155 spread=4.10bps bids=20 asks=20
2026-05-08 23:12:49,676 | INFO | SPREAD | pair=CHIP/USDC | cex=0.07314/0.07317 | dex_sell=0.0731885 dex_buy=0.0732075 | spread_a=2.5bps spread_b=-9.2bps | min=30.0bps
2026-05-08 23:12:50,679 | INFO | fetch_order_book: symbol=CHIP/USDC limit=20
2026-05-08 23:12:50,940 | INFO | fetch_order_book: mid=0.07317 spread=5.47bps bids=20 asks=20
2026-05-08 23:12:51,791 | INFO | SPREAD | pair=CHIP/USDC | cex=0.07315/0.07319 | dex_sell=0.073175 dex_buy=0.073191 | spread_a=-2.0bps spread_b=-5.6bps | min=30.0bps
2026-05-08 23:12:52,794 | INFO | fetch_order_book: symbol=CHIP/USDC limit=20
2026-05-08 23:12:53,049 | INFO | fetch_order_book: mid=0.07319 spread=5.47bps bids=20 asks=20
2026-05-08 23:12:54,000 | INFO | SPREAD | pair=CHIP/USDC | cex=0.07317/0.07321 | dex_sell=0.073175 dex_buy=0.073191 | spread_a=-4.8bps spread_b=-2.9bps | min=30.0bps
2026-05-08 23:12:55,002 | INFO | fetch_order_book: symbol=CHIP/USDC limit=20
2026-05-08 23:12:55,258 | INFO | fetch_order_book: mid=0.073175 spread=6.83bps bids=20 asks=20
2026-05-08 23:12:56,138 | INFO | SPREAD | pair=CHIP/USDC | cex=0.07315/0.0732 | dex_sell=0.0732032 dex_buy=0.0732222 | spread_a=0.4bps spread_b=-9.9bps | min=30.0bps
2026-05-08 23:12:57,142 | INFO | fetch_order_book: symbol=CHIP/USDC limit=20
2026-05-08 23:12:57,400 | INFO | fetch_order_book: mid=0.07323 spread=5.46bps bids=20 asks=20
2026-05-08 23:12:58,347 | INFO | SPREAD | pair=CHIP/USDC | cex=0.07321/0.07325 | dex_sell=0.0732032 dex_buy=0.0732522 | spread_a=-6.4bps spread_b=-5.8bps | min=30.0bps
2026-05-08 23:12:59,351 | INFO | fetch_order_book: symbol=CHIP/USDC limit=20
2026-05-08 23:12:59,607 | INFO | fetch_order_book: mid=0.07317 spread=5.47bps bids=20 asks=20
2026-05-08 23:13:00,485 | INFO | SPREAD | pair=CHIP/USDC | cex=0.07315/0.07319 | dex_sell=0.0732333 dex_buy=0.0732522 | spread_a=5.9bps spread_b=-14.0bps | min=30.0bps
2026-05-08 23:13:01,488 | INFO | fetch_order_book: symbol=CHIP/USDC limit=20
2026-05-08 23:13:01,746 | INFO | fetch_order_book: mid=0.07310 spread=5.47bps bids=20 asks=20
2026-05-08 23:13:02,717 | INFO | SPREAD | pair=CHIP/USDC | cex=0.07308/0.07312 | dex_sell=0.073119 dex_buy=0.0730865 | spread_a=-0.1bps spread_b=-0.9bps | min=30.0bps
2026-05-08 23:13:03,721 | INFO | fetch_order_book: symbol=CHIP/USDC limit=20
2026-05-08 23:13:03,976 | INFO | fetch_order_book: mid=0.07305 spread=5.48bps bids=20 asks=20
2026-05-08 23:13:04,844 | INFO | SPREAD | pair=CHIP/USDC | cex=0.07303/0.07307 | dex_sell=0.07309 dex_buy=0.073106 | spread_a=2.7bps spread_b=-10.4bps | min=30.0bps
2026-05-08 23:13:05,847 | INFO | fetch_order_book: symbol=CHIP/USDC limit=20
2026-05-08 23:13:06,103 | INFO | fetch_order_book: mid=0.07305 spread=5.48bps bids=20 asks=20
2026-05-08 23:13:07,062 | INFO | SPREAD | pair=CHIP/USDC | cex=0.07303/0.07307 | dex_sell=0.0730201 dex_buy=0.0730708 | spread_a=-6.8bps spread_b=-5.6bps | min=30.0bps
2026-05-08 23:13:08,066 | INFO | fetch_order_book: symbol=CHIP/USDC limit=20
2026-05-08 23:13:08,327 | INFO | fetch_order_book: mid=0.073015 spread=4.11bps bids=20 asks=20
2026-05-08 23:13:09,227 | INFO | SPREAD | pair=CHIP/USDC | cex=0.073/0.07303 | dex_sell=0.07304 dex_buy=0.0730559 | spread_a=1.4bps spread_b=-7.7bps | min=30.0bps
2026-05-08 23:13:10,231 | INFO | fetch_order_book: symbol=CHIP/USDC limit=20
2026-05-08 23:13:10,486 | INFO | fetch_order_book: mid=0.072965 spread=1.37bps bids=20 asks=20
2026-05-08 23:13:11,448 | INFO | SPREAD | pair=CHIP/USDC | cex=0.07296/0.07297 | dex_sell=0.0730202 dex_buy=0.0729896 | spread_a=6.9bps spread_b=-4.0bps | min=30.0bps
2026-05-08 23:13:12,451 | INFO | fetch_order_book: symbol=CHIP/USDC limit=20
2026-05-08 23:13:12,706 | INFO | fetch_order_book: mid=0.07295 spread=2.74bps bids=20 asks=20
2026-05-08 23:13:13,606 | INFO | SPREAD | pair=CHIP/USDC | cex=0.07294/0.07296 | dex_sell=0.0729603 dex_buy=0.0729762 | spread_a=0.0bps spread_b=-5.0bps | min=30.0bps
2026-05-08 23:13:14,609 | INFO | fetch_order_book: symbol=CHIP/USDC limit=20
2026-05-08 23:13:14,864 | INFO | fetch_order_book: mid=0.072945 spread=1.37bps bids=20 asks=20
2026-05-08 23:13:15,800 | INFO | SPREAD | pair=CHIP/USDC | cex=0.07294/0.07295 | dex_sell=0.0729603 dex_buy=0.0729762 | spread_a=1.4bps spread_b=-5.0bps | min=30.0bps
2026-05-08 23:13:16,803 | INFO | fetch_order_book: symbol=CHIP/USDC limit=20
2026-05-08 23:13:17,059 | INFO | fetch_order_book: mid=0.07294 spread=2.74bps bids=20 asks=20
2026-05-08 23:13:17,953 | INFO | SPREAD | pair=CHIP/USDC | cex=0.07293/0.07295 | dex_sell=0.0729603 dex_buy=0.0729762 | spread_a=1.4bps spread_b=-6.3bps | min=30.0bps
2026-05-08 23:13:18,955 | INFO | fetch_order_book: symbol=CHIP/USDC limit=20
2026-05-08 23:13:19,209 | INFO | fetch_order_book: mid=0.07297 spread=8.22bps bids=20 asks=20
2026-05-08 23:13:20,137 | INFO | SPREAD | pair=CHIP/USDC | cex=0.07294/0.073 | dex_sell=0.0729448 dex_buy=0.0729807 | spread_a=-7.6bps spread_b=-5.6bps | min=30.0bps
2026-05-08 23:13:21,140 | INFO | fetch_order_book: symbol=CHIP/USDC limit=20
2026-05-08 23:13:21,395 | INFO | fetch_order_book: mid=0.072935 spread=6.86bps bids=20 asks=20
2026-05-08 23:13:22,279 | INFO | SPREAD | pair=CHIP/USDC | cex=0.07291/0.07296 | dex_sell=0.07296 dex_buy=0.0729759 | spread_a=0.0bps spread_b=-9.0bps | min=30.0bps
2026-05-08 23:13:23,282 | INFO | fetch_order_book: symbol=CHIP/USDC limit=20
2026-05-08 23:13:23,538 | INFO | fetch_order_book: mid=0.07288 spread=5.49bps bids=20 asks=20
2026-05-08 23:13:24,630 | INFO | SPREAD | pair=CHIP/USDC | cex=0.07286/0.0729 | dex_sell=0.0729302 dex_buy=0.0729257 | spread_a=4.1bps spread_b=-9.0bps | min=30.0bps
2026-05-08 23:13:25,634 | INFO | fetch_order_book: symbol=CHIP/USDC limit=20
2026-05-08 23:13:25,892 | INFO | fetch_order_book: mid=0.072895 spread=4.12bps bids=20 asks=20
2026-05-08 23:13:26,825 | INFO | SPREAD | pair=CHIP/USDC | cex=0.07288/0.07291 | dex_sell=0.0728694 dex_buy=0.0728911 | spread_a=-5.6bps spread_b=-1.5bps | min=30.0bps
2026-05-08 23:13:27,828 | INFO | fetch_order_book: symbol=CHIP/USDC limit=20
2026-05-08 23:13:28,086 | INFO | fetch_order_book: mid=0.07223 spread=8.31bps bids=20 asks=20
2026-05-08 23:13:29,048 | INFO | SPREAD | pair=CHIP/USDC | cex=0.0722/0.07226 | dex_sell=0.0720234 dex_buy=0.0722692 | spread_a=-32.7bps spread_b=-9.6bps | min=30.0bps
2026-05-08 23:13:30,051 | INFO | fetch_order_book: symbol=CHIP/USDC limit=20
2026-05-08 23:13:30,307 | INFO | fetch_order_book: mid=0.072525 spread=9.65bps bids=20 asks=20
2026-05-08 23:13:31,198 | INFO | SPREAD | pair=CHIP/USDC | cex=0.07249/0.07256 | dex_sell=0.0724162 dex_buy=0.0724274 | spread_a=-19.8bps spread_b=8.6bps | min=30.0bps
2026-05-08 23:13:32,202 | INFO | fetch_order_book: symbol=CHIP/USDC limit=20
2026-05-08 23:13:32,460 | INFO | fetch_order_book: mid=0.072695 spread=9.63bps bids=20 asks=20
2026-05-08 23:13:33,359 | INFO | SPREAD | pair=CHIP/USDC | cex=0.07266/0.07273 | dex_sell=0.0726259 dex_buy=0.0727067 | spread_a=-14.3bps spread_b=-6.4bps | min=30.0bps
2026-05-08 23:13:34,362 | INFO | fetch_order_book: symbol=CHIP/USDC limit=20
2026-05-08 23:13:34,617 | INFO | fetch_order_book: mid=0.07269 spread=5.50bps bids=20 asks=20
2026-05-08 23:13:35,520 | INFO | SPREAD | pair=CHIP/USDC | cex=0.07267/0.07271 | dex_sell=0.0726998 dex_buy=0.0727258 | spread_a=-1.4bps spread_b=-7.7bps | min=30.0bps
2026-05-08 23:13:36,523 | INFO | fetch_order_book: symbol=CHIP/USDC limit=20
2026-05-08 23:13:36,781 | INFO | fetch_order_book: mid=0.072825 spread=6.87bps bids=20 asks=20
2026-05-08 23:13:37,737 | INFO | SPREAD | pair=CHIP/USDC | cex=0.0728/0.07285 | dex_sell=0.0726998 dex_buy=0.0727756 | spread_a=-20.6bps spread_b=3.4bps | min=30.0bps
2026-05-08 23:13:38,741 | INFO | fetch_order_book: symbol=CHIP/USDC limit=20
2026-05-08 23:13:38,997 | INFO | fetch_order_book: mid=0.07281 spread=5.49bps bids=20 asks=20
2026-05-08 23:13:39,865 | INFO | SPREAD | pair=CHIP/USDC | cex=0.07279/0.07283 | dex_sell=0.0727999 dex_buy=0.0728259 | spread_a=-4.1bps spread_b=-4.9bps | min=30.0bps
2026-05-08 23:13:40,869 | INFO | fetch_order_book: symbol=CHIP/USDC limit=20
2026-05-08 23:13:41,131 | INFO | fetch_order_book: mid=0.07281 spread=5.49bps bids=20 asks=20
2026-05-08 23:13:42,045 | INFO | SPREAD | pair=CHIP/USDC | cex=0.07279/0.07283 | dex_sell=0.0727999 dex_buy=0.0728259 | spread_a=-4.1bps spread_b=-4.9bps | min=30.0bps
2026-05-08 23:13:43,048 | INFO | fetch_order_book: symbol=CHIP/USDC limit=20
2026-05-08 23:13:43,304 | INFO | fetch_order_book: mid=0.072675 spread=4.13bps bids=20 asks=20
2026-05-08 23:13:44,200 | INFO | SPREAD | pair=CHIP/USDC | cex=0.07266/0.07269 | dex_sell=0.0726849 dex_buy=0.0727109 | spread_a=-0.7bps spread_b=-7.0bps | min=30.0bps
2026-05-08 23:13:45,203 | INFO | fetch_order_book: symbol=CHIP/USDC limit=20
2026-05-08 23:13:45,461 | INFO | fetch_order_book: mid=0.07282 spread=10.99bps bids=20 asks=20
2026-05-08 23:13:46,406 | INFO | SPREAD | pair=CHIP/USDC | cex=0.07278/0.07286 | dex_sell=0.0726496 dex_buy=0.0727754 | spread_a=-28.9bps spread_b=0.6bps | min=30.0bps
2026-05-08 23:13:47,409 | INFO | fetch_order_book: symbol=CHIP/USDC limit=20
2026-05-08 23:13:47,664 | INFO | fetch_order_book: mid=0.07252 spread=8.27bps bids=20 asks=20
2026-05-08 23:13:48,533 | INFO | SPREAD | pair=CHIP/USDC | cex=0.07249/0.07255 | dex_sell=0.0724868 dex_buy=0.0725452 | spread_a=-8.7bps spread_b=-7.6bps | min=30.0bps
2026-05-08 23:13:49,537 | INFO | fetch_order_book: symbol=CHIP/USDC limit=20
2026-05-08 23:13:49,790 | INFO | fetch_order_book: mid=0.07255 spread=8.27bps bids=20 asks=20
2026-05-08 23:13:50,707 | INFO | SPREAD | pair=CHIP/USDC | cex=0.07252/0.07258 | dex_sell=0.0725203 dex_buy=0.0725452 | spread_a=-8.2bps spread_b=-3.5bps | min=30.0bps
2026-05-08 23:13:51,709 | INFO | fetch_order_book: symbol=CHIP/USDC limit=20
2026-05-08 23:13:51,965 | INFO | fetch_order_book: mid=0.07260 spread=5.51bps bids=20 asks=20
2026-05-08 23:13:52,864 | INFO | SPREAD | pair=CHIP/USDC | cex=0.07258/0.07262 | dex_sell=0.0725901 dex_buy=0.072615 | spread_a=-4.1bps spread_b=-4.8bps | min=30.0bps
2026-05-08 23:13:53,868 | INFO | fetch_order_book: symbol=CHIP/USDC limit=20
2026-05-08 23:13:54,124 | INFO | fetch_order_book: mid=0.072615 spread=1.38bps bids=20 asks=20
2026-05-08 23:13:55,063 | INFO | SPREAD | pair=CHIP/USDC | cex=0.07261/0.07262 | dex_sell=0.0726302 dex_buy=0.0726551 | spread_a=1.4bps spread_b=-6.2bps | min=30.0bps
2026-05-08 23:13:56,066 | INFO | fetch_order_book: symbol=CHIP/USDC limit=20
2026-05-08 23:13:56,324 | INFO | fetch_order_book: mid=0.07256 spread=8.27bps bids=20 asks=20
2026-05-08 23:13:57,184 | INFO | SPREAD | pair=CHIP/USDC | cex=0.07253/0.07259 | dex_sell=0.0726302 dex_buy=0.0726232 | spread_a=5.5bps spread_b=-12.8bps | min=30.0bps
2026-05-08 23:13:58,188 | INFO | fetch_order_book: symbol=CHIP/USDC limit=20
2026-05-08 23:13:58,444 | INFO | fetch_order_book: mid=0.07259 spread=8.27bps bids=20 asks=20
2026-05-08 23:13:59,364 | INFO | SPREAD | pair=CHIP/USDC | cex=0.07256/0.07262 | dex_sell=0.0725557 dex_buy=0.0725806 | spread_a=-8.8bps spread_b=-2.8bps | min=30.0bps
2026-05-08 23:14:00,368 | INFO | fetch_order_book: symbol=CHIP/USDC limit=20
2026-05-08 23:14:00,623 | INFO | fetch_order_book: mid=0.072565 spread=9.65bps bids=20 asks=20
2026-05-08 23:14:01,519 | INFO | SPREAD | pair=CHIP/USDC | cex=0.07253/0.0726 | dex_sell=0.0725903 dex_buy=0.0725803 | spread_a=-1.3bps spread_b=-6.9bps | min=30.0bps
2026-05-08 23:14:02,523 | INFO | fetch_order_book: symbol=CHIP/USDC limit=20
2026-05-08 23:14:02,778 | INFO | fetch_order_book: mid=0.07241 spread=5.52bps bids=20 asks=20
2026-05-08 23:14:03,677 | INFO | SPREAD | pair=CHIP/USDC | cex=0.07239/0.07243 | dex_sell=0.0724558 dex_buy=0.0724807 | spread_a=3.6bps spread_b=-12.5bps | min=30.0bps
2026-05-08 23:14:04,681 | INFO | fetch_order_book: symbol=CHIP/USDC limit=20
2026-05-08 23:14:04,937 | INFO | fetch_order_book: mid=0.072415 spread=6.90bps bids=20 asks=20
2026-05-08 23:14:05,812 | INFO | SPREAD | pair=CHIP/USDC | cex=0.07239/0.07244 | dex_sell=0.0724558 dex_buy=0.0724504 | spread_a=2.2bps spread_b=-8.3bps | min=30.0bps
2026-05-08 23:14:06,816 | INFO | fetch_order_book: symbol=CHIP/USDC limit=20
2026-05-08 23:14:07,072 | INFO | fetch_order_book: mid=0.07242 spread=5.52bps bids=20 asks=20
2026-05-08 23:14:07,987 | INFO | SPREAD | pair=CHIP/USDC | cex=0.0724/0.07244 | dex_sell=0.0724256 dex_buy=0.0724504 | spread_a=-2.0bps spread_b=-7.0bps | min=30.0bps
2026-05-08 23:14:08,990 | INFO | fetch_order_book: symbol=CHIP/USDC limit=20
2026-05-08 23:14:09,256 | INFO | fetch_order_book: mid=0.07226 spread=5.54bps bids=20 asks=20
2026-05-08 23:14:10,186 | INFO | SPREAD | pair=CHIP/USDC | cex=0.07224/0.07228 | dex_sell=0.0723055 dex_buy=0.0723303 | spread_a=3.5bps spread_b=-12.5bps | min=30.0bps
2026-05-08 23:14:11,190 | INFO | fetch_order_book: symbol=CHIP/USDC limit=20
2026-05-08 23:14:11,522 | INFO | fetch_order_book: mid=0.072255 spread=6.92bps bids=20 asks=20
2026-05-08 23:14:12,467 | INFO | SPREAD | pair=CHIP/USDC | cex=0.07223/0.07228 | dex_sell=0.0722756 dex_buy=0.0723004 | spread_a=-0.6bps spread_b=-9.7bps | min=30.0bps
2026-05-08 23:14:13,470 | INFO | fetch_order_book: symbol=CHIP/USDC limit=20
2026-05-08 23:14:13,727 | INFO | fetch_order_book: mid=0.072235 spread=6.92bps bids=20 asks=20
2026-05-08 23:14:14,581 | INFO | SPREAD | pair=CHIP/USDC | cex=0.07221/0.07226 | dex_sell=0.0722354 dex_buy=0.0722602 | spread_a=-3.4bps spread_b=-6.9bps | min=30.0bps
2026-05-08 23:14:15,584 | INFO | fetch_order_book: symbol=CHIP/USDC limit=20
2026-05-08 23:14:15,845 | INFO | fetch_order_book: mid=0.072135 spread=4.16bps bids=20 asks=20
2026-05-08 23:14:16,765 | INFO | SPREAD | pair=CHIP/USDC | cex=0.07212/0.07215 | dex_sell=0.0722703 dex_buy=0.0722102 | spread_a=16.7bps spread_b=-12.5bps | min=30.0bps
2026-05-08 23:14:17,769 | INFO | fetch_order_book: symbol=CHIP/USDC limit=20
2026-05-08 23:14:18,028 | INFO | fetch_order_book: mid=0.072135 spread=4.16bps bids=20 asks=20
2026-05-08 23:14:18,931 | INFO | SPREAD | pair=CHIP/USDC | cex=0.07212/0.07215 | dex_sell=0.0721458 dex_buy=0.0721705 | spread_a=-0.6bps spread_b=-7.0bps | min=30.0bps
2026-05-08 23:14:19,934 | INFO | fetch_order_book: symbol=CHIP/USDC limit=20
2026-05-08 23:14:20,192 | INFO | fetch_order_book: mid=0.072145 spread=6.93bps bids=20 asks=20
2026-05-08 23:14:21,128 | INFO | SPREAD | pair=CHIP/USDC | cex=0.07212/0.07217 | dex_sell=0.0721458 dex_buy=0.0721705 | spread_a=-3.4bps spread_b=-7.0bps | min=30.0bps
2026-05-08 23:14:22,130 | INFO | fetch_order_book: symbol=CHIP/USDC limit=20
2026-05-08 23:14:22,384 | INFO | fetch_order_book: mid=0.072325 spread=6.91bps bids=20 asks=20
2026-05-08 23:14:23,256 | INFO | SPREAD | pair=CHIP/USDC | cex=0.0723/0.07235 | dex_sell=0.0722501 dex_buy=0.0723252 | spread_a=-13.8bps spread_b=-3.5bps | min=30.0bps
2026-05-08 23:14:24,259 | INFO | fetch_order_book: symbol=CHIP/USDC limit=20
2026-05-08 23:14:24,521 | INFO | fetch_order_book: mid=0.072225 spread=6.92bps bids=20 asks=20
2026-05-08 23:14:25,444 | INFO | SPREAD | pair=CHIP/USDC | cex=0.0722/0.07225 | dex_sell=0.0723004 dex_buy=0.0722902 | spread_a=7.0bps spread_b=-12.5bps | min=30.0bps
2026-05-08 23:14:26,448 | INFO | fetch_order_book: symbol=CHIP/USDC limit=20
2026-05-08 23:14:26,703 | INFO | fetch_order_book: mid=0.072255 spread=6.92bps bids=20 asks=20
2026-05-08 23:14:27,616 | INFO | SPREAD | pair=CHIP/USDC | cex=0.07223/0.07228 | dex_sell=0.0722256 dex_buy=0.0722504 | spread_a=-7.5bps spread_b=-2.8bps | min=30.0bps
2026-05-08 23:14:28,619 | INFO | fetch_order_book: symbol=CHIP/USDC limit=20
2026-05-08 23:14:28,874 | INFO | fetch_order_book: mid=0.072255 spread=6.92bps bids=20 asks=20
2026-05-08 23:14:29,823 | INFO | SPREAD | pair=CHIP/USDC | cex=0.07223/0.07228 | dex_sell=0.0722256 dex_buy=0.0722504 | spread_a=-7.5bps spread_b=-2.8bps | min=30.0bps
2026-05-08 23:14:30,827 | INFO | fetch_order_book: symbol=CHIP/USDC limit=20
2026-05-08 23:14:31,084 | INFO | fetch_order_book: mid=0.072225 spread=6.92bps bids=20 asks=20
2026-05-08 23:14:31,962 | INFO | SPREAD | pair=CHIP/USDC | cex=0.0722/0.07225 | dex_sell=0.0722256 dex_buy=0.0722504 | spread_a=-3.4bps spread_b=-7.0bps | min=30.0bps
2026-05-08 23:14:32,966 | INFO | fetch_order_book: symbol=CHIP/USDC limit=20
2026-05-08 23:14:33,226 | INFO | fetch_order_book: mid=0.072225 spread=6.92bps bids=20 asks=20
2026-05-08 23:14:34,187 | INFO | SPREAD | pair=CHIP/USDC | cex=0.0722/0.07225 | dex_sell=0.0722256 dex_buy=0.0722504 | spread_a=-3.4bps spread_b=-7.0bps | min=30.0bps
2026-05-08 23:14:35,190 | INFO | fetch_order_book: symbol=CHIP/USDC limit=20
2026-05-08 23:14:35,448 | INFO | fetch_order_book: mid=0.072115 spread=4.16bps bids=20 asks=20
2026-05-08 23:14:36,358 | INFO | SPREAD | pair=CHIP/USDC | cex=0.0721/0.07213 | dex_sell=0.0721257 dex_buy=0.0721504 | spread_a=-0.6bps spread_b=-7.0bps | min=30.0bps
2026-05-08 23:14:37,359 | INFO | fetch_order_book: symbol=CHIP/USDC limit=20
2026-05-08 23:14:37,621 | INFO | fetch_order_book: mid=0.07212 spread=5.55bps bids=20 asks=20
2026-05-08 23:14:38,526 | INFO | SPREAD | pair=CHIP/USDC | cex=0.0721/0.07214 | dex_sell=0.0721257 dex_buy=0.0721504 | spread_a=-2.0bps spread_b=-7.0bps | min=30.0bps
2026-05-08 23:14:39,530 | INFO | fetch_order_book: symbol=CHIP/USDC limit=20
2026-05-08 23:14:39,786 | INFO | fetch_order_book: mid=0.07214 spread=5.54bps bids=20 asks=20
2026-05-08 23:14:40,677 | INFO | SPREAD | pair=CHIP/USDC | cex=0.07212/0.07216 | dex_sell=0.0721257 dex_buy=0.0721504 | spread_a=-4.8bps spread_b=-4.2bps | min=30.0bps
2026-05-08 23:14:41,681 | INFO | fetch_order_book: symbol=CHIP/USDC limit=20
2026-05-08 23:14:41,979 | INFO | fetch_order_book: mid=0.07212 spread=5.55bps bids=20 asks=20
2026-05-08 23:14:42,893 | INFO | SPREAD | pair=CHIP/USDC | cex=0.0721/0.07214 | dex_sell=0.0721253 dex_buy=0.07215 | spread_a=-2.0bps spread_b=-6.9bps | min=30.0bps
2026-05-08 23:14:43,897 | INFO | fetch_order_book: symbol=CHIP/USDC limit=20
2026-05-08 23:14:44,155 | INFO | fetch_order_book: mid=0.07215 spread=5.54bps bids=20 asks=20
2026-05-08 23:14:45,040 | INFO | SPREAD | pair=CHIP/USDC | cex=0.07213/0.07217 | dex_sell=0.0721253 dex_buy=0.07215 | spread_a=-6.2bps spread_b=-2.8bps | min=30.0bps
2026-05-08 23:14:46,043 | INFO | fetch_order_book: symbol=CHIP/USDC limit=20
2026-05-08 23:14:46,309 | INFO | fetch_order_book: mid=0.072165 spread=4.16bps bids=20 asks=20
2026-05-08 23:14:47,335 | INFO | SPREAD | pair=CHIP/USDC | cex=0.07215/0.07218 | dex_sell=0.0721253 dex_buy=0.07215 | spread_a=-7.6bps spread_b=0.0bps | min=30.0bps
2026-05-08 23:14:48,339 | INFO | fetch_order_book: symbol=CHIP/USDC limit=20
2026-05-08 23:14:48,594 | INFO | fetch_order_book: mid=0.07220 spread=5.54bps bids=20 asks=20
2026-05-08 23:14:49,472 | INFO | SPREAD | pair=CHIP/USDC | cex=0.07218/0.07222 | dex_sell=0.0721604 dex_buy=0.0721851 | spread_a=-8.3bps spread_b=-0.7bps | min=30.0bps
2026-05-08 23:14:50,475 | INFO | fetch_order_book: symbol=CHIP/USDC limit=20
2026-05-08 23:14:50,733 | INFO | fetch_order_book: mid=0.07223 spread=2.77bps bids=20 asks=20
2026-05-08 23:14:51,633 | INFO | SPREAD | pair=CHIP/USDC | cex=0.07222/0.07224 | dex_sell=0.0722004 dex_buy=0.0722251 | spread_a=-5.5bps spread_b=-0.7bps | min=30.0bps
2026-05-08 23:14:52,637 | INFO | fetch_order_book: symbol=CHIP/USDC limit=20
2026-05-08 23:14:52,892 | INFO | fetch_order_book: mid=0.07223 spread=2.77bps bids=20 asks=20
2026-05-08 23:14:53,761 | INFO | SPREAD | pair=CHIP/USDC | cex=0.07222/0.07224 | dex_sell=0.0722004 dex_buy=0.0722251 | spread_a=-5.5bps spread_b=-0.7bps | min=30.0bps
2026-05-08 23:14:54,765 | INFO | fetch_order_book: symbol=CHIP/USDC limit=20
2026-05-08 23:14:55,145 | INFO | fetch_order_book: mid=0.07223 spread=2.77bps bids=20 asks=20
2026-05-08 23:14:56,076 | INFO | SPREAD | pair=CHIP/USDC | cex=0.07222/0.07224 | dex_sell=0.0722004 dex_buy=0.0722251 | spread_a=-5.5bps spread_b=-0.7bps | min=30.0bps
2026-05-08 23:14:57,080 | INFO | fetch_order_book: symbol=CHIP/USDC limit=20
2026-05-08 23:14:57,338 | INFO | fetch_order_book: mid=0.072235 spread=1.38bps bids=20 asks=20
2026-05-08 23:14:58,234 | INFO | SPREAD | pair=CHIP/USDC | cex=0.07223/0.07224 | dex_sell=0.0722004 dex_buy=0.0722252 | spread_a=-5.5bps spread_b=0.7bps | min=30.0bps
2026-05-08 23:14:59,238 | INFO | fetch_order_book: symbol=CHIP/USDC limit=20
2026-05-08 23:14:59,493 | INFO | fetch_order_book: mid=0.07222 spread=5.54bps bids=20 asks=20
2026-05-08 23:15:00,450 | INFO | SPREAD | pair=CHIP/USDC | cex=0.0722/0.07224 | dex_sell=0.0722004 dex_buy=0.0722251 | spread_a=-5.5bps spread_b=-3.5bps | min=30.0bps
2026-05-08 23:15:01,453 | INFO | fetch_order_book: symbol=CHIP/USDC limit=20
2026-05-08 23:15:01,712 | INFO | fetch_order_book: mid=0.07239 spread=8.29bps bids=20 asks=20
2026-05-08 23:15:02,609 | INFO | SPREAD | pair=CHIP/USDC | cex=0.07236/0.07242 | dex_sell=0.0723159 dex_buy=0.0723948 | spread_a=-14.4bps spread_b=-4.8bps | min=30.0bps
2026-05-08 23:15:03,613 | INFO | fetch_order_book: symbol=CHIP/USDC limit=20
2026-05-08 23:15:03,870 | INFO | fetch_order_book: mid=0.072415 spread=6.90bps bids=20 asks=20
2026-05-08 23:15:04,758 | INFO | SPREAD | pair=CHIP/USDC | cex=0.07239/0.07244 | dex_sell=0.0724252 dex_buy=0.0724501 | spread_a=-2.0bps spread_b=-8.3bps | min=30.0bps
2026-05-08 23:15:05,761 | INFO | fetch_order_book: symbol=CHIP/USDC limit=20
2026-05-08 23:15:06,018 | INFO | fetch_order_book: mid=0.07243 spread=8.28bps bids=20 asks=20
2026-05-08 23:15:06,940 | INFO | SPREAD | pair=CHIP/USDC | cex=0.0724/0.07246 | dex_sell=0.0724604 dex_buy=0.0724853 | spread_a=0.1bps spread_b=-11.8bps | min=30.0bps
2026-05-08 23:15:07,942 | INFO | fetch_order_book: symbol=CHIP/USDC limit=20
2026-05-08 23:15:08,253 | INFO | fetch_order_book: mid=0.072435 spread=6.90bps bids=20 asks=20
2026-05-08 23:15:09,159 | INFO | SPREAD | pair=CHIP/USDC | cex=0.07241/0.07246 | dex_sell=0.0724257 dex_buy=0.0724505 | spread_a=-4.7bps spread_b=-5.6bps | min=30.0bps
2026-05-08 23:15:10,162 | INFO | fetch_order_book: symbol=CHIP/USDC limit=20
2026-05-08 23:15:10,426 | INFO | fetch_order_book: mid=0.072395 spread=6.91bps bids=20 asks=20
2026-05-08 23:15:11,305 | INFO | SPREAD | pair=CHIP/USDC | cex=0.07237/0.07242 | dex_sell=0.0724305 dex_buy=0.0724205 | spread_a=1.4bps spread_b=-7.0bps | min=30.0bps
2026-05-08 23:15:12,309 | INFO | fetch_order_book: symbol=CHIP/USDC limit=20
2026-05-08 23:15:12,562 | INFO | fetch_order_book: mid=0.072405 spread=6.91bps bids=20 asks=20
2026-05-08 23:15:13,532 | INFO | SPREAD | pair=CHIP/USDC | cex=0.07238/0.07243 | dex_sell=0.0723957 dex_buy=0.0724205 | spread_a=-4.7bps spread_b=-5.6bps | min=30.0bps
2026-05-08 23:15:14,535 | INFO | fetch_order_book: symbol=CHIP/USDC limit=20
2026-05-08 23:15:14,790 | INFO | fetch_order_book: mid=0.07238 spread=5.53bps bids=20 asks=20
2026-05-08 23:15:15,656 | INFO | SPREAD | pair=CHIP/USDC | cex=0.07236/0.0724 | dex_sell=0.0723957 dex_buy=0.0724205 | spread_a=-0.6bps spread_b=-8.4bps | min=30.0bps
2026-05-08 23:15:16,660 | INFO | fetch_order_book: symbol=CHIP/USDC limit=20
2026-05-08 23:15:16,915 | INFO | fetch_order_book: mid=0.072395 spread=6.91bps bids=20 asks=20
2026-05-08 23:15:17,843 | INFO | SPREAD | pair=CHIP/USDC | cex=0.07237/0.07242 | dex_sell=0.0723957 dex_buy=0.0724205 | spread_a=-3.4bps spread_b=-7.0bps | min=30.0bps
2026-05-08 23:15:18,846 | INFO | fetch_order_book: symbol=CHIP/USDC limit=20
2026-05-08 23:15:19,102 | INFO | fetch_order_book: mid=0.072415 spread=6.90bps bids=20 asks=20
2026-05-08 23:15:19,956 | INFO | SPREAD | pair=CHIP/USDC | cex=0.07239/0.07244 | dex_sell=0.0723957 dex_buy=0.0724205 | spread_a=-6.1bps spread_b=-4.2bps | min=30.0bps
2026-05-08 23:15:20,959 | INFO | fetch_order_book: symbol=CHIP/USDC limit=20
2026-05-08 23:15:21,213 | INFO | fetch_order_book: mid=0.072395 spread=6.91bps bids=20 asks=20
2026-05-08 23:15:22,142 | INFO | SPREAD | pair=CHIP/USDC | cex=0.07237/0.07242 | dex_sell=0.0723957 dex_buy=0.0724205 | spread_a=-3.4bps spread_b=-7.0bps | min=30.0bps
2026-05-08 23:15:23,145 | INFO | fetch_order_book: symbol=CHIP/USDC limit=20
2026-05-08 23:15:23,399 | INFO | fetch_order_book: mid=0.07239 spread=8.29bps bids=20 asks=20
2026-05-08 23:15:24,290 | INFO | SPREAD | pair=CHIP/USDC | cex=0.07236/0.07242 | dex_sell=0.0723957 dex_buy=0.0724205 | spread_a=-3.4bps spread_b=-8.4bps | min=30.0bps
2026-05-08 23:15:25,293 | INFO | fetch_order_book: symbol=CHIP/USDC limit=20
2026-05-08 23:15:25,556 | INFO | fetch_order_book: mid=0.072395 spread=6.91bps bids=20 asks=20
2026-05-08 23:15:26,494 | INFO | SPREAD | pair=CHIP/USDC | cex=0.07237/0.07242 | dex_sell=0.0723957 dex_buy=0.0724205 | spread_a=-3.4bps spread_b=-7.0bps | min=30.0bps
2026-05-08 23:15:27,498 | INFO | fetch_order_book: symbol=CHIP/USDC limit=20
2026-05-08 23:15:27,756 | INFO | fetch_order_book: mid=0.07240 spread=5.52bps bids=20 asks=20
2026-05-08 23:15:28,665 | INFO | SPREAD | pair=CHIP/USDC | cex=0.07238/0.07242 | dex_sell=0.0723957 dex_buy=0.0724205 | spread_a=-3.4bps spread_b=-5.6bps | min=30.0bps
2026-05-08 23:15:29,669 | INFO | fetch_order_book: symbol=CHIP/USDC limit=20
2026-05-08 23:15:29,961 | INFO | fetch_order_book: mid=0.07247 spread=2.76bps bids=20 asks=20
2026-05-08 23:15:30,879 | INFO | SPREAD | pair=CHIP/USDC | cex=0.07246/0.07248 | dex_sell=0.0724302 dex_buy=0.0724551 | spread_a=-6.9bps spread_b=0.7bps | min=30.0bps
2026-05-08 23:15:31,883 | INFO | fetch_order_book: symbol=CHIP/USDC limit=20
2026-05-08 23:15:32,138 | INFO | fetch_order_book: mid=0.07252 spread=5.52bps bids=20 asks=20
2026-05-08 23:15:33,023 | INFO | SPREAD | pair=CHIP/USDC | cex=0.0725/0.07254 | dex_sell=0.0724703 dex_buy=0.0724952 | spread_a=-9.6bps spread_b=0.7bps | min=30.0bps
2026-05-08 23:15:34,026 | INFO | fetch_order_book: symbol=CHIP/USDC limit=20
2026-05-08 23:15:34,292 | INFO | fetch_order_book: mid=0.07252 spread=5.52bps bids=20 asks=20
2026-05-08 23:15:35,222 | INFO | SPREAD | pair=CHIP/USDC | cex=0.0725/0.07254 | dex_sell=0.0725104 dex_buy=0.0725353 | spread_a=-4.1bps spread_b=-4.9bps | min=30.0bps
2026-05-08 23:15:36,225 | INFO | fetch_order_book: symbol=CHIP/USDC limit=20
2026-05-08 23:15:36,531 | INFO | fetch_order_book: mid=0.072535 spread=4.14bps bids=20 asks=20
2026-05-08 23:15:37,435 | INFO | SPREAD | pair=CHIP/USDC | cex=0.07252/0.07255 | dex_sell=0.0725104 dex_buy=0.0725353 | spread_a=-5.5bps spread_b=-2.1bps | min=30.0bps
2026-05-08 23:15:38,439 | INFO | fetch_order_book: symbol=CHIP/USDC limit=20
2026-05-08 23:15:38,694 | INFO | fetch_order_book: mid=0.07256 spread=5.51bps bids=20 asks=20
2026-05-08 23:15:39,635 | INFO | SPREAD | pair=CHIP/USDC | cex=0.07254/0.07258 | dex_sell=0.0725104 dex_buy=0.0725353 | spread_a=-9.6bps spread_b=0.7bps | min=30.0bps
2026-05-08 23:15:40,639 | INFO | fetch_order_book: symbol=CHIP/USDC limit=20
2026-05-08 23:15:40,899 | INFO | fetch_order_book: mid=0.07255 spread=8.27bps bids=20 asks=20
2026-05-08 23:15:41,761 | INFO | SPREAD | pair=CHIP/USDC | cex=0.07252/0.07258 | dex_sell=0.0725104 dex_buy=0.0725353 | spread_a=-9.6bps spread_b=-2.1bps | min=30.0bps
2026-05-08 23:15:42,764 | INFO | fetch_order_book: symbol=CHIP/USDC limit=20
2026-05-08 23:15:43,019 | INFO | fetch_order_book: mid=0.072625 spread=4.13bps bids=20 asks=20
2026-05-08 23:15:43,934 | INFO | SPREAD | pair=CHIP/USDC | cex=0.07261/0.07264 | dex_sell=0.0725501 dex_buy=0.0726353 | spread_a=-12.4bps spread_b=-3.5bps | min=30.0bps
2026-05-08 23:15:44,937 | INFO | fetch_order_book: symbol=CHIP/USDC limit=20
2026-05-08 23:15:45,193 | INFO | fetch_order_book: mid=0.07258 spread=8.27bps bids=20 asks=20
2026-05-08 23:15:46,081 | INFO | SPREAD | pair=CHIP/USDC | cex=0.07255/0.07261 | dex_sell=0.0725752 dex_buy=0.0726001 | spread_a=-4.8bps spread_b=-6.9bps | min=30.0bps
2026-05-08 23:15:47,084 | INFO | fetch_order_book: symbol=CHIP/USDC limit=20
2026-05-08 23:15:47,340 | INFO | fetch_order_book: mid=0.07259 spread=5.51bps bids=20 asks=20
2026-05-08 23:15:48,280 | INFO | SPREAD | pair=CHIP/USDC | cex=0.07257/0.07261 | dex_sell=0.0725752 dex_buy=0.0726001 | spread_a=-4.8bps spread_b=-4.1bps | min=30.0bps
2026-05-08 23:15:49,284 | INFO | fetch_order_book: symbol=CHIP/USDC limit=20
2026-05-08 23:15:49,541 | INFO | fetch_order_book: mid=0.07260 spread=8.26bps bids=20 asks=20
2026-05-08 23:15:50,416 | INFO | SPREAD | pair=CHIP/USDC | cex=0.07257/0.07263 | dex_sell=0.0725752 dex_buy=0.0726001 | spread_a=-7.5bps spread_b=-4.1bps | min=30.0bps
2026-05-08 23:15:51,420 | INFO | fetch_order_book: symbol=CHIP/USDC limit=20
2026-05-08 23:15:51,773 | INFO | fetch_order_book: mid=0.072605 spread=6.89bps bids=20 asks=20
2026-05-08 23:15:52,718 | INFO | SPREAD | pair=CHIP/USDC | cex=0.07258/0.07263 | dex_sell=0.0725752 dex_buy=0.0726001 | spread_a=-7.5bps spread_b=-2.8bps | min=30.0bps
2026-05-08 23:15:53,720 | INFO | fetch_order_book: symbol=CHIP/USDC limit=20
2026-05-08 23:15:53,976 | INFO | fetch_order_book: mid=0.072605 spread=6.89bps bids=20 asks=20
2026-05-08 23:15:54,881 | INFO | SPREAD | pair=CHIP/USDC | cex=0.07258/0.07263 | dex_sell=0.0725752 dex_buy=0.0726001 | spread_a=-7.5bps spread_b=-2.8bps | min=30.0bps
2026-05-08 23:15:55,885 | INFO | fetch_order_book: symbol=CHIP/USDC limit=20
2026-05-08 23:15:56,142 | INFO | fetch_order_book: mid=0.072625 spread=4.13bps bids=20 asks=20
2026-05-08 23:15:57,038 | INFO | SPREAD | pair=CHIP/USDC | cex=0.07261/0.07264 | dex_sell=0.0726101 dex_buy=0.072635 | spread_a=-4.1bps spread_b=-3.4bps | min=30.0bps
2026-05-08 23:15:58,042 | INFO | fetch_order_book: symbol=CHIP/USDC limit=20
2026-05-08 23:15:58,326 | INFO | fetch_order_book: mid=0.07256 spread=8.27bps bids=20 asks=20
2026-05-08 23:15:59,209 | INFO | SPREAD | pair=CHIP/USDC | cex=0.07253/0.07259 | dex_sell=0.0725658 dex_buy=0.0725907 | spread_a=-3.3bps spread_b=-8.4bps | min=30.0bps
2026-05-08 23:16:00,213 | INFO | fetch_order_book: symbol=CHIP/USDC limit=20
2026-05-08 23:16:00,474 | INFO | fetch_order_book: mid=0.072575 spread=6.89bps bids=20 asks=20
2026-05-08 23:16:01,397 | INFO | SPREAD | pair=CHIP/USDC | cex=0.07255/0.0726 | dex_sell=0.0725658 dex_buy=0.0725907 | spread_a=-4.7bps spread_b=-5.6bps | min=30.0bps
2026-05-08 23:16:02,401 | INFO | fetch_order_book: symbol=CHIP/USDC limit=20
2026-05-08 23:16:02,659 | INFO | fetch_order_book: mid=0.07270 spread=5.50bps bids=20 asks=20
2026-05-08 23:16:03,546 | INFO | SPREAD | pair=CHIP/USDC | cex=0.07268/0.07272 | dex_sell=0.0725658 dex_buy=0.0726351 | spread_a=-21.2bps spread_b=6.2bps | min=30.0bps
2026-05-08 23:16:04,549 | INFO | fetch_order_book: symbol=CHIP/USDC limit=20
2026-05-08 23:16:04,807 | INFO | fetch_order_book: mid=0.07261 spread=5.51bps bids=20 asks=20
2026-05-08 23:16:05,746 | INFO | SPREAD | pair=CHIP/USDC | cex=0.07259/0.07263 | dex_sell=0.0726255 dex_buy=0.0726505 | spread_a=-0.6bps spread_b=-8.3bps | min=30.0bps
2026-05-08 23:16:06,748 | INFO | fetch_order_book: symbol=CHIP/USDC limit=20
2026-05-08 23:16:07,005 | INFO | fetch_order_book: mid=0.07274 spread=5.50bps bids=20 asks=20
2026-05-08 23:16:07,903 | INFO | SPREAD | pair=CHIP/USDC | cex=0.07272/0.07276 | dex_sell=0.0726539 dex_buy=0.0727152 | spread_a=-14.6bps spread_b=0.7bps | min=30.0bps
2026-05-08 23:16:08,906 | INFO | fetch_order_book: symbol=CHIP/USDC limit=20
2026-05-08 23:16:09,160 | INFO | fetch_order_book: mid=0.072745 spread=6.87bps bids=20 asks=20
2026-05-08 23:16:10,058 | INFO | SPREAD | pair=CHIP/USDC | cex=0.07272/0.07277 | dex_sell=0.0726902 dex_buy=0.0727152 | spread_a=-11.0bps spread_b=0.7bps | min=30.0bps
2026-05-08 23:16:11,062 | INFO | fetch_order_book: symbol=CHIP/USDC limit=20
2026-05-08 23:16:11,316 | INFO | fetch_order_book: mid=0.072785 spread=6.87bps bids=20 asks=20
2026-05-08 23:16:12,182 | INFO | SPREAD | pair=CHIP/USDC | cex=0.07276/0.07281 | dex_sell=0.0727501 dex_buy=0.0727751 | spread_a=-8.2bps spread_b=-2.1bps | min=30.0bps
2026-05-08 23:16:13,185 | INFO | fetch_order_book: symbol=CHIP/USDC limit=20
2026-05-08 23:16:13,440 | INFO | fetch_order_book: mid=0.07277 spread=5.50bps bids=20 asks=20
2026-05-08 23:16:14,391 | INFO | SPREAD | pair=CHIP/USDC | cex=0.07275/0.07279 | dex_sell=0.0727501 dex_buy=0.0727751 | spread_a=-5.5bps spread_b=-3.5bps | min=30.0bps
2026-05-08 23:16:15,392 | INFO | fetch_order_book: symbol=CHIP/USDC limit=20
2026-05-08 23:16:15,652 | INFO | fetch_order_book: mid=0.072725 spread=6.88bps bids=20 asks=20
2026-05-08 23:16:16,521 | INFO | SPREAD | pair=CHIP/USDC | cex=0.0727/0.07275 | dex_sell=0.0727553 dex_buy=0.0727307 | spread_a=0.7bps spread_b=-4.2bps | min=30.0bps
2026-05-08 23:16:17,524 | INFO | fetch_order_book: symbol=CHIP/USDC limit=20
2026-05-08 23:16:17,779 | INFO | fetch_order_book: mid=0.07273 spread=5.50bps bids=20 asks=20
2026-05-08 23:16:18,803 | INFO | SPREAD | pair=CHIP/USDC | cex=0.07271/0.07275 | dex_sell=0.0727058 dex_buy=0.0727307 | spread_a=-6.1bps spread_b=-2.8bps | min=30.0bps
2026-05-08 23:16:19,806 | INFO | fetch_order_book: symbol=CHIP/USDC limit=20
2026-05-08 23:16:20,072 | INFO | fetch_order_book: mid=0.072725 spread=6.88bps bids=20 asks=20
2026-05-08 23:16:20,932 | INFO | SPREAD | pair=CHIP/USDC | cex=0.0727/0.07275 | dex_sell=0.0727058 dex_buy=0.0727307 | spread_a=-6.1bps spread_b=-4.2bps | min=30.0bps
2026-05-08 23:16:21,934 | INFO | fetch_order_book: symbol=CHIP/USDC limit=20
2026-05-08 23:16:22,200 | INFO | fetch_order_book: mid=0.07273 spread=5.50bps bids=20 asks=20
2026-05-08 23:16:23,131 | INFO | SPREAD | pair=CHIP/USDC | cex=0.07271/0.07275 | dex_sell=0.0727058 dex_buy=0.0727307 | spread_a=-6.1bps spread_b=-2.8bps | min=30.0bps
2026-05-08 23:16:24,134 | INFO | fetch_order_book: symbol=CHIP/USDC limit=20
2026-05-08 23:16:24,398 | INFO | fetch_order_book: mid=0.07273 spread=5.50bps bids=20 asks=20
2026-05-08 23:16:25,290 | INFO | SPREAD | pair=CHIP/USDC | cex=0.07271/0.07275 | dex_sell=0.0727058 dex_buy=0.0727307 | spread_a=-6.1bps spread_b=-2.8bps | min=30.0bps
2026-05-08 23:16:26,292 | INFO | fetch_order_book: symbol=CHIP/USDC limit=20
2026-05-08 23:16:26,550 | INFO | fetch_order_book: mid=0.07268 spread=5.50bps bids=20 asks=20
2026-05-08 23:16:27,451 | INFO | SPREAD | pair=CHIP/USDC | cex=0.07266/0.0727 | dex_sell=0.0727058 dex_buy=0.0727307 | spread_a=0.8bps spread_b=-9.7bps | min=30.0bps
2026-05-08 23:16:28,455 | INFO | fetch_order_book: symbol=CHIP/USDC limit=20
2026-05-08 23:16:28,708 | INFO | fetch_order_book: mid=0.072735 spread=6.87bps bids=20 asks=20
2026-05-08 23:16:29,560 | INFO | SPREAD | pair=CHIP/USDC | cex=0.07271/0.07276 | dex_sell=0.0726656 dex_buy=0.0726905 | spread_a=-13.0bps spread_b=2.7bps | min=30.0bps
2026-05-08 23:16:30,563 | INFO | fetch_order_book: symbol=CHIP/USDC limit=20
2026-05-08 23:16:30,819 | INFO | fetch_order_book: mid=0.072745 spread=4.12bps bids=20 asks=20
2026-05-08 23:16:31,727 | INFO | SPREAD | pair=CHIP/USDC | cex=0.07273/0.07276 | dex_sell=0.0727104 dex_buy=0.0727353 | spread_a=-6.8bps spread_b=-0.7bps | min=30.0bps
2026-05-08 23:16:32,730 | INFO | fetch_order_book: symbol=CHIP/USDC limit=20
2026-05-08 23:16:32,985 | INFO | fetch_order_book: mid=0.07278 spread=5.50bps bids=20 asks=20
2026-05-08 23:16:33,856 | INFO | SPREAD | pair=CHIP/USDC | cex=0.07276/0.0728 | dex_sell=0.0727502 dex_buy=0.0727751 | spread_a=-6.8bps spread_b=-2.1bps | min=30.0bps
2026-05-08 23:16:34,858 | INFO | fetch_order_book: symbol=CHIP/USDC limit=20
2026-05-08 23:16:35,193 | INFO | fetch_order_book: mid=0.072755 spread=6.87bps bids=20 asks=20
2026-05-08 23:16:36,115 | INFO | SPREAD | pair=CHIP/USDC | cex=0.07273/0.07278 | dex_sell=0.0727502 dex_buy=0.0727751 | spread_a=-4.1bps spread_b=-6.2bps | min=30.0bps
2026-05-08 23:16:37,118 | INFO | fetch_order_book: symbol=CHIP/USDC limit=20
2026-05-08 23:16:37,480 | INFO | fetch_order_book: mid=0.07276 spread=8.25bps bids=20 asks=20
2026-05-08 23:16:38,330 | INFO | SPREAD | pair=CHIP/USDC | cex=0.07273/0.07279 | dex_sell=0.0727502 dex_buy=0.0727751 | spread_a=-5.5bps spread_b=-6.2bps | min=30.0bps
2026-05-08 23:16:39,333 | INFO | fetch_order_book: symbol=CHIP/USDC limit=20
2026-05-08 23:16:39,592 | INFO | fetch_order_book: mid=0.072735 spread=6.87bps bids=20 asks=20
2026-05-08 23:16:40,492 | INFO | SPREAD | pair=CHIP/USDC | cex=0.07271/0.07276 | dex_sell=0.0727502 dex_buy=0.0727751 | spread_a=-1.4bps spread_b=-8.9bps | min=30.0bps
2026-05-08 23:16:41,497 | INFO | fetch_order_book: symbol=CHIP/USDC limit=20
2026-05-08 23:16:41,753 | INFO | fetch_order_book: mid=0.072735 spread=6.87bps bids=20 asks=20
2026-05-08 23:16:42,597 | INFO | SPREAD | pair=CHIP/USDC | cex=0.07271/0.07276 | dex_sell=0.0727502 dex_buy=0.0727751 | spread_a=-1.4bps spread_b=-8.9bps | min=30.0bps
2026-05-08 23:16:43,600 | INFO | fetch_order_book: symbol=CHIP/USDC limit=20
2026-05-08 23:16:43,859 | INFO | fetch_order_book: mid=0.072725 spread=6.88bps bids=20 asks=20
2026-05-08 23:16:44,774 | INFO | SPREAD | pair=CHIP/USDC | cex=0.0727/0.07275 | dex_sell=0.0727502 dex_buy=0.0727751 | spread_a=0.0bps spread_b=-10.3bps | min=30.0bps
2026-05-08 23:16:45,778 | INFO | fetch_order_book: symbol=CHIP/USDC limit=20
2026-05-08 23:16:46,034 | INFO | fetch_order_book: mid=0.07270 spread=5.50bps bids=20 asks=20
2026-05-08 23:16:46,892 | INFO | SPREAD | pair=CHIP/USDC | cex=0.07268/0.07272 | dex_sell=0.0727159 dex_buy=0.0727408 | spread_a=-0.6bps spread_b=-8.4bps | min=30.0bps
2026-05-08 23:16:47,895 | INFO | fetch_order_book: symbol=CHIP/USDC limit=20
2026-05-08 23:16:48,158 | INFO | fetch_order_book: mid=0.07273 spread=5.50bps bids=20 asks=20
2026-05-08 23:16:49,096 | INFO | SPREAD | pair=CHIP/USDC | cex=0.07271/0.07275 | dex_sell=0.0727159 dex_buy=0.0727751 | spread_a=-4.7bps spread_b=-8.9bps | min=30.0bps
2026-05-08 23:16:50,099 | INFO | fetch_order_book: symbol=CHIP/USDC limit=20
2026-05-08 23:16:50,354 | INFO | fetch_order_book: mid=0.072735 spread=6.87bps bids=20 asks=20
2026-05-08 23:16:51,185 | INFO | SPREAD | pair=CHIP/USDC | cex=0.07271/0.07276 | dex_sell=0.0727501 dex_buy=0.0727408 | spread_a=-1.4bps spread_b=-4.2bps | min=30.0bps
2026-05-08 23:16:52,188 | INFO | fetch_order_book: symbol=CHIP/USDC limit=20
2026-05-08 23:16:52,449 | INFO | fetch_order_book: mid=0.07274 spread=5.50bps bids=20 asks=20
2026-05-08 23:16:53,375 | INFO | SPREAD | pair=CHIP/USDC | cex=0.07272/0.07276 | dex_sell=0.0727158 dex_buy=0.0727408 | spread_a=-6.1bps spread_b=-2.9bps | min=30.0bps
2026-05-08 23:16:54,379 | INFO | fetch_order_book: symbol=CHIP/USDC limit=20
2026-05-08 23:16:54,642 | INFO | fetch_order_book: mid=0.07273 spread=8.25bps bids=20 asks=20
2026-05-08 23:16:55,498 | INFO | SPREAD | pair=CHIP/USDC | cex=0.0727/0.07276 | dex_sell=0.0727158 dex_buy=0.0727408 | spread_a=-6.1bps spread_b=-5.6bps | min=30.0bps
2026-05-08 23:16:56,502 | INFO | fetch_order_book: symbol=CHIP/USDC limit=20
2026-05-08 23:16:56,758 | INFO | fetch_order_book: mid=0.07276 spread=5.50bps bids=20 asks=20
2026-05-08 23:16:57,701 | INFO | SPREAD | pair=CHIP/USDC | cex=0.07274/0.07278 | dex_sell=0.0727158 dex_buy=0.0727408 | spread_a=-8.8bps spread_b=-0.1bps | min=30.0bps
2026-05-08 23:16:58,705 | INFO | fetch_order_book: symbol=CHIP/USDC limit=20
2026-05-08 23:16:58,966 | INFO | fetch_order_book: mid=0.07279 spread=2.75bps bids=20 asks=20
2026-05-08 23:16:59,836 | INFO | SPREAD | pair=CHIP/USDC | cex=0.07278/0.0728 | dex_sell=0.0727501 dex_buy=0.0727751 | spread_a=-6.9bps spread_b=0.7bps | min=30.0bps
2026-05-08 23:17:00,839 | INFO | fetch_order_book: symbol=CHIP/USDC limit=20
2026-05-08 23:17:01,095 | INFO | fetch_order_book: mid=0.07266 spread=5.51bps bids=20 asks=20
2026-05-08 23:17:02,017 | INFO | SPREAD | pair=CHIP/USDC | cex=0.07264/0.07268 | dex_sell=0.0727501 dex_buy=0.0727203 | spread_a=9.6bps spread_b=-11.0bps | min=30.0bps
2026-05-08 23:17:03,021 | INFO | fetch_order_book: symbol=CHIP/USDC limit=20
2026-05-08 23:17:03,354 | INFO | fetch_order_book: mid=0.072705 spread=9.63bps bids=20 asks=20
2026-05-08 23:17:04,198 | INFO | SPREAD | pair=CHIP/USDC | cex=0.07267/0.07274 | dex_sell=0.0725656 dex_buy=0.0726552 | spread_a=-24.0bps spread_b=2.0bps | min=30.0bps
2026-05-08 23:17:05,201 | INFO | fetch_order_book: symbol=CHIP/USDC limit=20
2026-05-08 23:17:05,459 | INFO | fetch_order_book: mid=0.07266 spread=11.01bps bids=20 asks=20
2026-05-08 23:17:06,358 | INFO | SPREAD | pair=CHIP/USDC | cex=0.07262/0.0727 | dex_sell=0.0726704 dex_buy=0.0726953 | spread_a=-4.1bps spread_b=-10.4bps | min=30.0bps
2026-05-08 23:17:07,361 | INFO | fetch_order_book: symbol=CHIP/USDC limit=20
2026-05-08 23:17:07,621 | INFO | fetch_order_book: mid=0.07264 spread=8.26bps bids=20 asks=20
2026-05-08 23:17:08,454 | INFO | SPREAD | pair=CHIP/USDC | cex=0.07261/0.07267 | dex_sell=0.0726453 dex_buy=0.0726702 | spread_a=-3.4bps spread_b=-8.3bps | min=30.0bps
2026-05-08 23:17:09,459 | INFO | fetch_order_book: symbol=CHIP/USDC limit=20
2026-05-08 23:17:09,803 | INFO | fetch_order_book: mid=0.072645 spread=6.88bps bids=20 asks=20
2026-05-08 23:17:10,702 | INFO | SPREAD | pair=CHIP/USDC | cex=0.07262/0.07267 | dex_sell=0.0726453 dex_buy=0.0726702 | spread_a=-3.4bps spread_b=-6.9bps | min=30.0bps
2026-05-08 23:17:11,706 | INFO | fetch_order_book: symbol=CHIP/USDC limit=20
2026-05-08 23:17:11,962 | INFO | fetch_order_book: mid=0.07268 spread=5.50bps bids=20 asks=20
2026-05-08 23:17:12,838 | INFO | SPREAD | pair=CHIP/USDC | cex=0.07266/0.0727 | dex_sell=0.0726453 dex_buy=0.0726702 | spread_a=-7.5bps spread_b=-1.4bps | min=30.0bps
2026-05-08 23:17:13,841 | INFO | fetch_order_book: symbol=CHIP/USDC limit=20
2026-05-08 23:17:14,095 | INFO | fetch_order_book: mid=0.07255 spread=2.76bps bids=20 asks=20
2026-05-08 23:17:15,010 | INFO | SPREAD | pair=CHIP/USDC | cex=0.07254/0.07256 | dex_sell=0.0726453 dex_buy=0.0726392 | spread_a=11.8bps spread_b=-13.7bps | min=30.0bps
2026-05-08 23:17:16,013 | INFO | fetch_order_book: symbol=CHIP/USDC limit=20
2026-05-08 23:17:16,268 | INFO | fetch_order_book: mid=0.072505 spread=4.14bps bids=20 asks=20
2026-05-08 23:17:17,123 | INFO | SPREAD | pair=CHIP/USDC | cex=0.07249/0.07252 | dex_sell=0.0725457 dex_buy=0.0725706 | spread_a=3.5bps spread_b=-11.1bps | min=30.0bps
2026-05-08 23:17:18,126 | INFO | fetch_order_book: symbol=CHIP/USDC limit=20
2026-05-08 23:17:18,379 | INFO | fetch_order_book: mid=0.07253 spread=2.76bps bids=20 asks=20
2026-05-08 23:17:19,270 | INFO | SPREAD | pair=CHIP/USDC | cex=0.07252/0.07254 | dex_sell=0.0724954 dex_buy=0.0725202 | spread_a=-6.2bps spread_b=-0.0bps | min=30.0bps
2026-05-08 23:17:20,273 | INFO | fetch_order_book: symbol=CHIP/USDC limit=20
2026-05-08 23:17:20,535 | INFO | fetch_order_book: mid=0.07256 spread=5.51bps bids=20 asks=20
2026-05-08 23:17:21,566 | INFO | SPREAD | pair=CHIP/USDC | cex=0.07254/0.07258 | dex_sell=0.0724954 dex_buy=0.0725551 | spread_a=-11.7bps spread_b=-2.1bps | min=30.0bps
2026-05-08 23:17:22,569 | INFO | fetch_order_book: symbol=CHIP/USDC limit=20
2026-05-08 23:17:22,824 | INFO | fetch_order_book: mid=0.07256 spread=5.51bps bids=20 asks=20
2026-05-08 23:17:23,768 | INFO | SPREAD | pair=CHIP/USDC | cex=0.07254/0.07258 | dex_sell=0.0725303 dex_buy=0.0725551 | spread_a=-6.9bps spread_b=-2.1bps | min=30.0bps
2026-05-08 23:17:24,771 | INFO | fetch_order_book: symbol=CHIP/USDC limit=20
2026-05-08 23:17:25,029 | INFO | fetch_order_book: mid=0.07253 spread=5.51bps bids=20 asks=20
2026-05-08 23:17:25,919 | INFO | SPREAD | pair=CHIP/USDC | cex=0.07251/0.07255 | dex_sell=0.0725303 dex_buy=0.0725551 | spread_a=-2.7bps spread_b=-6.2bps | min=30.0bps
2026-05-08 23:17:26,922 | INFO | fetch_order_book: symbol=CHIP/USDC limit=20
2026-05-08 23:17:27,279 | INFO | fetch_order_book: mid=0.072435 spread=6.90bps bids=20 asks=20
2026-05-08 23:17:28,196 | INFO | SPREAD | pair=CHIP/USDC | cex=0.07241/0.07246 | dex_sell=0.0724455 dex_buy=0.0724704 | spread_a=-2.0bps spread_b=-8.3bps | min=30.0bps
2026-05-08 23:17:29,199 | INFO | fetch_order_book: symbol=CHIP/USDC limit=20
2026-05-08 23:17:29,454 | INFO | fetch_order_book: mid=0.07244 spread=5.52bps bids=20 asks=20
2026-05-08 23:17:30,351 | INFO | SPREAD | pair=CHIP/USDC | cex=0.07242/0.07246 | dex_sell=0.0723855 dex_buy=0.0724411 | spread_a=-10.3bps spread_b=-2.9bps | min=30.0bps
2026-05-08 23:17:31,354 | INFO | fetch_order_book: symbol=CHIP/USDC limit=20
2026-05-08 23:17:31,609 | INFO | fetch_order_book: mid=0.07244 spread=5.52bps bids=20 asks=20
2026-05-08 23:17:32,533 | INFO | SPREAD | pair=CHIP/USDC | cex=0.07242/0.07246 | dex_sell=0.0724163 dex_buy=0.0724411 | spread_a=-6.0bps spread_b=-2.9bps | min=30.0bps
2026-05-08 23:17:33,536 | INFO | fetch_order_book: symbol=CHIP/USDC limit=20
2026-05-08 23:17:33,791 | INFO | fetch_order_book: mid=0.07244 spread=5.52bps bids=20 asks=20
2026-05-08 23:17:34,688 | INFO | SPREAD | pair=CHIP/USDC | cex=0.07242/0.07246 | dex_sell=0.0724163 dex_buy=0.0724411 | spread_a=-6.0bps spread_b=-2.9bps | min=30.0bps
2026-05-08 23:17:35,691 | INFO | fetch_order_book: symbol=CHIP/USDC limit=20
2026-05-08 23:17:35,947 | INFO | fetch_order_book: mid=0.072475 spread=6.90bps bids=20 asks=20
2026-05-08 23:17:36,887 | INFO | SPREAD | pair=CHIP/USDC | cex=0.07245/0.0725 | dex_sell=0.0724163 dex_buy=0.0724753 | spread_a=-11.5bps spread_b=-3.5bps | min=30.0bps
2026-05-08 23:17:37,890 | INFO | fetch_order_book: symbol=CHIP/USDC limit=20
2026-05-08 23:17:38,144 | INFO | fetch_order_book: mid=0.07249 spread=2.76bps bids=20 asks=20
2026-05-08 23:17:38,968 | INFO | SPREAD | pair=CHIP/USDC | cex=0.07248/0.0725 | dex_sell=0.0724505 dex_buy=0.0724753 | spread_a=-6.8bps spread_b=0.6bps | min=30.0bps
2026-05-08 23:17:39,971 | INFO | fetch_order_book: symbol=CHIP/USDC limit=20
2026-05-08 23:17:40,317 | INFO | fetch_order_book: mid=0.072415 spread=4.14bps bids=20 asks=20
2026-05-08 23:17:41,211 | INFO | SPREAD | pair=CHIP/USDC | cex=0.0724/0.07243 | dex_sell=0.0724153 dex_buy=0.0724402 | spread_a=-2.0bps spread_b=-5.5bps | min=30.0bps
2026-05-08 23:17:42,214 | INFO | fetch_order_book: symbol=CHIP/USDC limit=20
2026-05-08 23:17:42,469 | INFO | fetch_order_book: mid=0.072315 spread=6.91bps bids=20 asks=20
2026-05-08 23:17:43,315 | INFO | SPREAD | pair=CHIP/USDC | cex=0.07229/0.07234 | dex_sell=0.0723031 dex_buy=0.0723279 | spread_a=-5.1bps spread_b=-5.2bps | min=30.0bps
2026-05-08 23:17:44,319 | INFO | fetch_order_book: symbol=CHIP/USDC limit=20
2026-05-08 23:17:44,641 | INFO | fetch_order_book: mid=0.07227 spread=2.77bps bids=20 asks=20
2026-05-08 23:17:45,548 | INFO | SPREAD | pair=CHIP/USDC | cex=0.07226/0.07228 | dex_sell=0.0723031 dex_buy=0.0723003 | spread_a=3.2bps spread_b=-5.6bps | min=30.0bps
2026-05-08 23:17:46,551 | INFO | fetch_order_book: symbol=CHIP/USDC limit=20
2026-05-08 23:17:46,809 | INFO | fetch_order_book: mid=0.07229 spread=8.30bps bids=20 asks=20
2026-05-08 23:17:47,639 | INFO | SPREAD | pair=CHIP/USDC | cex=0.07226/0.07232 | dex_sell=0.0722756 dex_buy=0.0723003 | spread_a=-6.1bps spread_b=-5.6bps | min=30.0bps
2026-05-08 23:17:48,642 | INFO | fetch_order_book: symbol=CHIP/USDC limit=20
2026-05-08 23:17:48,899 | INFO | fetch_order_book: mid=0.072295 spread=6.92bps bids=20 asks=20
2026-05-08 23:17:49,810 | INFO | SPREAD | pair=CHIP/USDC | cex=0.07227/0.07232 | dex_sell=0.0722756 dex_buy=0.0723003 | spread_a=-6.1bps spread_b=-4.2bps | min=30.0bps
2026-05-08 23:17:50,814 | INFO | fetch_order_book: symbol=CHIP/USDC limit=20
2026-05-08 23:17:51,068 | INFO | fetch_order_book: mid=0.07231 spread=5.53bps bids=20 asks=20
2026-05-08 23:17:51,920 | INFO | SPREAD | pair=CHIP/USDC | cex=0.07229/0.07233 | dex_sell=0.0722756 dex_buy=0.0723003 | spread_a=-7.5bps spread_b=-1.4bps | min=30.0bps
2026-05-08 23:17:52,924 | INFO | fetch_order_book: symbol=CHIP/USDC limit=20
2026-05-08 23:17:53,180 | INFO | fetch_order_book: mid=0.072365 spread=4.15bps bids=20 asks=20
2026-05-08 23:17:54,038 | INFO | SPREAD | pair=CHIP/USDC | cex=0.07235/0.07238 | dex_sell=0.0723104 dex_buy=0.0723954 | spread_a=-9.6bps spread_b=-6.3bps | min=30.0bps
2026-05-08 23:17:55,042 | INFO | fetch_order_book: symbol=CHIP/USDC limit=20
2026-05-08 23:17:55,308 | INFO | fetch_order_book: mid=0.07237 spread=5.53bps bids=20 asks=20
2026-05-08 23:17:56,190 | INFO | SPREAD | pair=CHIP/USDC | cex=0.07235/0.07239 | dex_sell=0.0723706 dex_buy=0.0723954 | spread_a=-2.7bps spread_b=-6.3bps | min=30.0bps
2026-05-08 23:17:57,194 | INFO | fetch_order_book: symbol=CHIP/USDC limit=20
2026-05-08 23:17:57,453 | INFO | fetch_order_book: mid=0.072335 spread=4.15bps bids=20 asks=20
2026-05-08 23:17:58,393 | INFO | SPREAD | pair=CHIP/USDC | cex=0.07232/0.07235 | dex_sell=0.0723706 dex_buy=0.0723505 | spread_a=2.9bps spread_b=-4.2bps | min=30.0bps
2026-05-08 23:17:59,396 | INFO | fetch_order_book: symbol=CHIP/USDC limit=20
2026-05-08 23:17:59,658 | INFO | fetch_order_book: mid=0.072335 spread=4.15bps bids=20 asks=20
2026-05-08 23:18:00,538 | INFO | SPREAD | pair=CHIP/USDC | cex=0.07232/0.07235 | dex_sell=0.0723257 dex_buy=0.0723505 | spread_a=-3.4bps spread_b=-4.2bps | min=30.0bps
2026-05-08 23:18:01,541 | INFO | fetch_order_book: symbol=CHIP/USDC limit=20
2026-05-08 23:18:01,799 | INFO | fetch_order_book: mid=0.07239 spread=2.76bps bids=20 asks=20
2026-05-08 23:18:02,724 | INFO | SPREAD | pair=CHIP/USDC | cex=0.07238/0.0724 | dex_sell=0.0723257 dex_buy=0.0723952 | spread_a=-10.3bps spread_b=-2.1bps | min=30.0bps
2026-05-08 23:18:03,727 | INFO | fetch_order_book: symbol=CHIP/USDC limit=20
2026-05-08 23:18:03,988 | INFO | fetch_order_book: mid=0.072515 spread=9.65bps bids=20 asks=20
2026-05-08 23:18:04,883 | INFO | SPREAD | pair=CHIP/USDC | cex=0.07248/0.07255 | dex_sell=0.0724603 dex_buy=0.0725152 | spread_a=-12.4bps spread_b=-4.9bps | min=30.0bps
2026-05-08 23:18:05,886 | INFO | fetch_order_book: symbol=CHIP/USDC limit=20
2026-05-08 23:18:06,143 | INFO | fetch_order_book: mid=0.07249 spread=5.52bps bids=20 asks=20
2026-05-08 23:18:07,062 | INFO | SPREAD | pair=CHIP/USDC | cex=0.07247/0.07251 | dex_sell=0.0724956 dex_buy=0.0725205 | spread_a=-2.0bps spread_b=-7.0bps | min=30.0bps
2026-05-08 23:18:08,066 | INFO | fetch_order_book: symbol=CHIP/USDC limit=20
2026-05-08 23:18:08,322 | INFO | fetch_order_book: mid=0.072485 spread=6.90bps bids=20 asks=20
2026-05-08 23:18:09,185 | INFO | SPREAD | pair=CHIP/USDC | cex=0.07246/0.07251 | dex_sell=0.0724956 dex_buy=0.0725205 | spread_a=-2.0bps spread_b=-8.3bps | min=30.0bps
2026-05-08 23:18:10,188 | INFO | fetch_order_book: symbol=CHIP/USDC limit=20
2026-05-08 23:18:10,458 | INFO | fetch_order_book: mid=0.072515 spread=6.90bps bids=20 asks=20
2026-05-08 23:18:11,342 | INFO | SPREAD | pair=CHIP/USDC | cex=0.07249/0.07254 | dex_sell=0.0724956 dex_buy=0.0725205 | spread_a=-6.1bps spread_b=-4.2bps | min=30.0bps
2026-05-08 23:18:12,345 | INFO | fetch_order_book: symbol=CHIP/USDC limit=20
2026-05-08 23:18:12,601 | INFO | fetch_order_book: mid=0.07250 spread=8.28bps bids=20 asks=20
2026-05-08 23:18:13,503 | INFO | SPREAD | pair=CHIP/USDC | cex=0.07247/0.07253 | dex_sell=0.0725257 dex_buy=0.072588 | spread_a=-0.6bps spread_b=-16.3bps | min=30.0bps
2026-05-08 23:18:14,506 | INFO | fetch_order_book: symbol=CHIP/USDC limit=20
2026-05-08 23:18:14,772 | INFO | fetch_order_book: mid=0.07248 spread=5.52bps bids=20 asks=20
2026-05-08 23:18:15,657 | INFO | SPREAD | pair=CHIP/USDC | cex=0.07246/0.0725 | dex_sell=0.0724856 dex_buy=0.0725105 | spread_a=-2.0bps spread_b=-7.0bps | min=30.0bps
2026-05-08 23:18:16,661 | INFO | fetch_order_book: symbol=CHIP/USDC limit=20
2026-05-08 23:18:16,921 | INFO | fetch_order_book: mid=0.072435 spread=4.14bps bids=20 asks=20
2026-05-08 23:18:17,786 | INFO | SPREAD | pair=CHIP/USDC | cex=0.07242/0.07245 | dex_sell=0.0724856 dex_buy=0.0724705 | spread_a=4.9bps spread_b=-7.0bps | min=30.0bps
2026-05-08 23:18:18,788 | INFO | fetch_order_book: symbol=CHIP/USDC limit=20
2026-05-08 23:18:19,046 | INFO | fetch_order_book: mid=0.072445 spread=4.14bps bids=20 asks=20
2026-05-08 23:18:19,983 | INFO | SPREAD | pair=CHIP/USDC | cex=0.07243/0.07246 | dex_sell=0.0724504 dex_buy=0.0724752 | spread_a=-1.3bps spread_b=-6.2bps | min=30.0bps
2026-05-08 23:18:20,987 | INFO | fetch_order_book: symbol=CHIP/USDC limit=20
2026-05-08 23:18:21,243 | INFO | fetch_order_book: mid=0.07258 spread=5.51bps bids=20 asks=20
2026-05-08 23:18:22,107 | INFO | SPREAD | pair=CHIP/USDC | cex=0.07256/0.0726 | dex_sell=0.0724781 dex_buy=0.0725452 | spread_a=-16.8bps spread_b=2.0bps | min=30.0bps
2026-05-08 23:18:23,111 | INFO | fetch_order_book: symbol=CHIP/USDC limit=20
2026-05-08 23:18:23,367 | INFO | fetch_order_book: mid=0.072585 spread=6.89bps bids=20 asks=20
2026-05-08 23:18:24,302 | INFO | SPREAD | pair=CHIP/USDC | cex=0.07256/0.07261 | dex_sell=0.0725702 dex_buy=0.0725951 | spread_a=-5.5bps spread_b=-4.8bps | min=30.0bps
2026-05-08 23:18:25,306 | INFO | fetch_order_book: symbol=CHIP/USDC limit=20
2026-05-08 23:18:25,566 | INFO | fetch_order_book: mid=0.072605 spread=4.13bps bids=20 asks=20
2026-05-08 23:18:26,446 | INFO | SPREAD | pair=CHIP/USDC | cex=0.07259/0.07262 | dex_sell=0.0725702 dex_buy=0.0725951 | spread_a=-6.9bps spread_b=-0.7bps | min=30.0bps
2026-05-08 23:18:27,449 | INFO | fetch_order_book: symbol=CHIP/USDC limit=20
2026-05-08 23:18:27,933 | INFO | fetch_order_book: mid=0.07262 spread=5.51bps bids=20 asks=20
2026-05-08 23:18:28,857 | INFO | SPREAD | pair=CHIP/USDC | cex=0.0726/0.07264 | dex_sell=0.0726088 dex_buy=0.0726337 | spread_a=-4.3bps spread_b=-4.6bps | min=30.0bps
2026-05-08 23:18:29,862 | INFO | fetch_order_book: symbol=CHIP/USDC limit=20
2026-05-08 23:18:30,116 | INFO | fetch_order_book: mid=0.07256 spread=5.51bps bids=20 asks=20
2026-05-08 23:18:30,946 | INFO | SPREAD | pair=CHIP/USDC | cex=0.07254/0.07258 | dex_sell=0.0726088 dex_buy=0.0726337 | spread_a=4.0bps spread_b=-12.9bps | min=30.0bps
2026-05-08 23:18:31,950 | INFO | fetch_order_book: symbol=CHIP/USDC limit=20
2026-05-08 23:18:32,204 | INFO | fetch_order_book: mid=0.07250 spread=5.52bps bids=20 asks=20
2026-05-08 23:18:33,116 | INFO | SPREAD | pair=CHIP/USDC | cex=0.07248/0.07252 | dex_sell=0.0725654 dex_buy=0.0725404 | spread_a=6.3bps spread_b=-8.3bps | min=30.0bps
2026-05-08 23:18:34,119 | INFO | fetch_order_book: symbol=CHIP/USDC limit=20
2026-05-08 23:18:34,377 | INFO | fetch_order_book: mid=0.072485 spread=1.38bps bids=20 asks=20
2026-05-08 23:18:35,239 | INFO | SPREAD | pair=CHIP/USDC | cex=0.07248/0.07249 | dex_sell=0.0725155 dex_buy=0.0725404 | spread_a=3.5bps spread_b=-8.3bps | min=30.0bps
2026-05-08 23:18:36,241 | INFO | fetch_order_book: symbol=CHIP/USDC limit=20
2026-05-08 23:18:36,498 | INFO | fetch_order_book: mid=0.07237 spread=2.76bps bids=20 asks=20
2026-05-08 23:18:37,433 | INFO | SPREAD | pair=CHIP/USDC | cex=0.07236/0.07238 | dex_sell=0.0724458 dex_buy=0.0724106 | spread_a=9.1bps spread_b=-7.0bps | min=30.0bps
2026-05-08 23:18:38,436 | INFO | fetch_order_book: symbol=CHIP/USDC limit=20
2026-05-08 23:18:38,697 | INFO | fetch_order_book: mid=0.072375 spread=4.15bps bids=20 asks=20
2026-05-08 23:18:39,518 | INFO | SPREAD | pair=CHIP/USDC | cex=0.07236/0.07239 | dex_sell=0.0723455 dex_buy=0.0723703 | spread_a=-6.2bps spread_b=-1.4bps | min=30.0bps
2026-05-08 23:18:40,521 | INFO | fetch_order_book: symbol=CHIP/USDC limit=20
2026-05-08 23:18:40,776 | INFO | fetch_order_book: mid=0.072365 spread=6.91bps bids=20 asks=20
2026-05-08 23:18:41,697 | INFO | SPREAD | pair=CHIP/USDC | cex=0.07234/0.07239 | dex_sell=0.0723455 dex_buy=0.0723703 | spread_a=-6.2bps spread_b=-4.2bps | min=30.0bps
2026-05-08 23:18:42,700 | INFO | fetch_order_book: symbol=CHIP/USDC limit=20
2026-05-08 23:18:42,954 | INFO | fetch_order_book: mid=0.072415 spread=9.67bps bids=20 asks=20
2026-05-08 23:18:43,832 | INFO | SPREAD | pair=CHIP/USDC | cex=0.07238/0.07245 | dex_sell=0.0723455 dex_buy=0.0724051 | spread_a=-14.4bps spread_b=-3.5bps | min=30.0bps
2026-05-08 23:18:44,836 | INFO | fetch_order_book: symbol=CHIP/USDC limit=20
2026-05-08 23:18:45,096 | INFO | fetch_order_book: mid=0.072415 spread=9.67bps bids=20 asks=20
2026-05-08 23:18:46,022 | INFO | SPREAD | pair=CHIP/USDC | cex=0.07238/0.07245 | dex_sell=0.0723803 dex_buy=0.0724051 | spread_a=-9.6bps spread_b=-3.5bps | min=30.0bps
2026-05-08 23:18:47,025 | INFO | fetch_order_book: symbol=CHIP/USDC limit=20
2026-05-08 23:18:47,305 | INFO | fetch_order_book: mid=0.07246 spread=5.52bps bids=20 asks=20
2026-05-08 23:18:48,144 | INFO | SPREAD | pair=CHIP/USDC | cex=0.07244/0.07248 | dex_sell=0.0724302 dex_buy=0.072455 | spread_a=-6.9bps spread_b=-2.1bps | min=30.0bps
2026-05-08 23:18:49,147 | INFO | fetch_order_book: symbol=CHIP/USDC limit=20
2026-05-08 23:18:49,402 | INFO | fetch_order_book: mid=0.07245 spread=5.52bps bids=20 asks=20
2026-05-08 23:18:50,316 | INFO | SPREAD | pair=CHIP/USDC | cex=0.07243/0.07247 | dex_sell=0.0724302 dex_buy=0.072455 | spread_a=-5.5bps spread_b=-3.5bps | min=30.0bps
2026-05-08 23:18:51,320 | INFO | fetch_order_book: symbol=CHIP/USDC limit=20
2026-05-08 23:18:51,575 | INFO | fetch_order_book: mid=0.07243 spread=5.52bps bids=20 asks=20
2026-05-08 23:18:52,452 | INFO | SPREAD | pair=CHIP/USDC | cex=0.07241/0.07245 | dex_sell=0.0724302 dex_buy=0.072455 | spread_a=-2.7bps spread_b=-6.2bps | min=30.0bps
2026-05-08 23:18:53,455 | INFO | fetch_order_book: symbol=CHIP/USDC limit=20
2026-05-08 23:18:53,711 | INFO | fetch_order_book: mid=0.07242 spread=5.52bps bids=20 asks=20
2026-05-08 23:18:54,626 | INFO | SPREAD | pair=CHIP/USDC | cex=0.0724/0.07244 | dex_sell=0.0724302 dex_buy=0.072455 | spread_a=-1.4bps spread_b=-7.6bps | min=30.0bps
2026-05-08 23:18:55,627 | INFO | fetch_order_book: symbol=CHIP/USDC limit=20
2026-05-08 23:18:55,885 | INFO | fetch_order_book: mid=0.07241 spread=5.52bps bids=20 asks=20
2026-05-08 23:18:56,761 | INFO | SPREAD | pair=CHIP/USDC | cex=0.07239/0.07243 | dex_sell=0.0724302 dex_buy=0.072455 | spread_a=0.0bps spread_b=-9.0bps | min=30.0bps
2026-05-08 23:18:57,765 | INFO | fetch_order_book: symbol=CHIP/USDC limit=20
2026-05-08 23:18:58,020 | INFO | fetch_order_book: mid=0.07241 spread=5.52bps bids=20 asks=20
2026-05-08 23:18:58,944 | INFO | SPREAD | pair=CHIP/USDC | cex=0.07239/0.07243 | dex_sell=0.0724302 dex_buy=0.072455 | spread_a=0.0bps spread_b=-9.0bps | min=30.0bps
2026-05-08 23:18:59,947 | INFO | fetch_order_book: symbol=CHIP/USDC limit=20
2026-05-08 23:19:00,294 | INFO | fetch_order_book: mid=0.07240 spread=8.29bps bids=20 asks=20
2026-05-08 23:19:01,155 | INFO | SPREAD | pair=CHIP/USDC | cex=0.07237/0.07243 | dex_sell=0.0724302 dex_buy=0.072455 | spread_a=0.0bps spread_b=-11.7bps | min=30.0bps
2026-05-08 23:19:02,159 | INFO | fetch_order_book: symbol=CHIP/USDC limit=20
2026-05-08 23:19:02,416 | INFO | fetch_order_book: mid=0.07240 spread=8.29bps bids=20 asks=20
2026-05-08 23:19:03,319 | INFO | SPREAD | pair=CHIP/USDC | cex=0.07237/0.07243 | dex_sell=0.0724302 dex_buy=0.072455 | spread_a=0.0bps spread_b=-11.7bps | min=30.0bps
2026-05-08 23:19:04,323 | INFO | fetch_order_book: symbol=CHIP/USDC limit=20
2026-05-08 23:19:04,580 | INFO | fetch_order_book: mid=0.07242 spread=8.29bps bids=20 asks=20
2026-05-08 23:19:05,453 | INFO | SPREAD | pair=CHIP/USDC | cex=0.07239/0.07245 | dex_sell=0.0724302 dex_buy=0.072455 | spread_a=-2.7bps spread_b=-9.0bps | min=30.0bps
2026-05-08 23:19:06,456 | INFO | fetch_order_book: symbol=CHIP/USDC limit=20
2026-05-08 23:19:06,830 | INFO | fetch_order_book: mid=0.07244 spread=5.52bps bids=20 asks=20
2026-05-08 23:19:08,001 | INFO | SPREAD | pair=CHIP/USDC | cex=0.07242/0.07246 | dex_sell=0.0724302 dex_buy=0.072455 | spread_a=-4.1bps spread_b=-4.8bps | min=30.0bps
2026-05-08 23:19:09,004 | INFO | fetch_order_book: symbol=CHIP/USDC limit=20
2026-05-08 23:19:09,324 | INFO | fetch_order_book: mid=0.072475 spread=6.90bps bids=20 asks=20
2026-05-08 23:19:10,258 | INFO | SPREAD | pair=CHIP/USDC | cex=0.07245/0.0725 | dex_sell=0.0724536 dex_buy=0.0724785 | spread_a=-6.4bps spread_b=-3.9bps | min=30.0bps
2026-05-08 23:19:11,260 | INFO | fetch_order_book: symbol=CHIP/USDC limit=20
2026-05-08 23:19:11,515 | INFO | fetch_order_book: mid=0.07249 spread=5.52bps bids=20 asks=20
2026-05-08 23:19:12,531 | INFO | SPREAD | pair=CHIP/USDC | cex=0.07247/0.07251 | dex_sell=0.0725002 dex_buy=0.072525 | spread_a=-1.4bps spread_b=-7.6bps | min=30.0bps
2026-05-08 23:19:13,534 | INFO | fetch_order_book: symbol=CHIP/USDC limit=20
2026-05-08 23:19:13,789 | INFO | fetch_order_book: mid=0.072525 spread=4.14bps bids=20 asks=20
2026-05-08 23:19:14,697 | INFO | SPREAD | pair=CHIP/USDC | cex=0.07251/0.07254 | dex_sell=0.0725002 dex_buy=0.072525 | spread_a=-5.5bps spread_b=-2.1bps | min=30.0bps
2026-05-08 23:19:15,700 | INFO | fetch_order_book: symbol=CHIP/USDC limit=20
2026-05-08 23:19:15,962 | INFO | fetch_order_book: mid=0.07256 spread=5.51bps bids=20 asks=20
2026-05-08 23:19:16,864 | INFO | SPREAD | pair=CHIP/USDC | cex=0.07254/0.07258 | dex_sell=0.0725403 dex_buy=0.0725652 | spread_a=-5.5bps spread_b=-3.5bps | min=30.0bps
2026-05-08 23:19:17,868 | INFO | fetch_order_book: symbol=CHIP/USDC limit=20
2026-05-08 23:19:18,128 | INFO | fetch_order_book: mid=0.07255 spread=5.51bps bids=20 asks=20
2026-05-08 23:19:18,958 | INFO | SPREAD | pair=CHIP/USDC | cex=0.07253/0.07257 | dex_sell=0.0725403 dex_buy=0.0725652 | spread_a=-4.1bps spread_b=-4.8bps | min=30.0bps
2026-05-08 23:19:19,962 | INFO | fetch_order_book: symbol=CHIP/USDC limit=20
2026-05-08 23:19:20,223 | INFO | fetch_order_book: mid=0.07255 spread=5.51bps bids=20 asks=20
2026-05-08 23:19:21,118 | INFO | SPREAD | pair=CHIP/USDC | cex=0.07253/0.07257 | dex_sell=0.0725403 dex_buy=0.0725652 | spread_a=-4.1bps spread_b=-4.8bps | min=30.0bps
2026-05-08 23:19:22,121 | INFO | fetch_order_book: symbol=CHIP/USDC limit=20
2026-05-08 23:19:22,376 | INFO | fetch_order_book: mid=0.072525 spread=6.89bps bids=20 asks=20
2026-05-08 23:19:23,227 | INFO | SPREAD | pair=CHIP/USDC | cex=0.0725/0.07255 | dex_sell=0.0725403 dex_buy=0.0725651 | spread_a=-1.3bps spread_b=-9.0bps | min=30.0bps
2026-05-08 23:19:24,231 | INFO | fetch_order_book: symbol=CHIP/USDC limit=20
2026-05-08 23:19:24,487 | INFO | fetch_order_book: mid=0.07252 spread=8.27bps bids=20 asks=20
2026-05-08 23:19:25,414 | INFO | SPREAD | pair=CHIP/USDC | cex=0.07249/0.07255 | dex_sell=0.0725804 dex_buy=0.0726053 | spread_a=4.2bps spread_b=-15.9bps | min=30.0bps
2026-05-08 23:19:26,417 | INFO | fetch_order_book: symbol=CHIP/USDC limit=20
2026-05-08 23:19:26,677 | INFO | fetch_order_book: mid=0.072515 spread=6.90bps bids=20 asks=20
2026-05-08 23:19:27,532 | INFO | SPREAD | pair=CHIP/USDC | cex=0.07249/0.07254 | dex_sell=0.0725455 dex_buy=0.0725704 | spread_a=0.8bps spread_b=-11.1bps | min=30.0bps
2026-05-08 23:19:28,536 | INFO | fetch_order_book: symbol=CHIP/USDC limit=20
2026-05-08 23:19:28,792 | INFO | fetch_order_book: mid=0.07251 spread=5.52bps bids=20 asks=20
2026-05-08 23:19:29,708 | INFO | SPREAD | pair=CHIP/USDC | cex=0.07249/0.07253 | dex_sell=0.0725455 dex_buy=0.0725704 | spread_a=2.1bps spread_b=-11.1bps | min=30.0bps
2026-05-08 23:19:30,712 | INFO | fetch_order_book: symbol=CHIP/USDC limit=20
2026-05-08 23:19:30,971 | INFO | fetch_order_book: mid=0.072495 spread=4.14bps bids=20 asks=20
2026-05-08 23:19:31,813 | INFO | SPREAD | pair=CHIP/USDC | cex=0.07248/0.07251 | dex_sell=0.0725055 dex_buy=0.0725304 | spread_a=-0.6bps spread_b=-6.9bps | min=30.0bps
2026-05-08 23:19:32,817 | INFO | fetch_order_book: symbol=CHIP/USDC limit=20
2026-05-08 23:19:33,070 | INFO | fetch_order_book: mid=0.07261 spread=2.75bps bids=20 asks=20
2026-05-08 23:19:33,946 | INFO | SPREAD | pair=CHIP/USDC | cex=0.0726/0.07262 | dex_sell=0.0725404 dex_buy=0.0725653 | spread_a=-11.0bps spread_b=4.8bps | min=30.0bps
2026-05-08 23:19:34,949 | INFO | fetch_order_book: symbol=CHIP/USDC limit=20
2026-05-08 23:19:35,204 | INFO | fetch_order_book: mid=0.07263 spread=2.75bps bids=20 asks=20
2026-05-08 23:19:36,043 | INFO | SPREAD | pair=CHIP/USDC | cex=0.07262/0.07264 | dex_sell=0.0726102 dex_buy=0.0726351 | spread_a=-4.1bps spread_b=-2.1bps | min=30.0bps
2026-05-08 23:19:37,047 | INFO | fetch_order_book: symbol=CHIP/USDC limit=20
2026-05-08 23:19:37,302 | INFO | fetch_order_book: mid=0.072635 spread=1.38bps bids=20 asks=20
2026-05-08 23:19:38,220 | INFO | SPREAD | pair=CHIP/USDC | cex=0.07263/0.07264 | dex_sell=0.0726102 dex_buy=0.0726351 | spread_a=-4.1bps spread_b=-0.7bps | min=30.0bps
2026-05-08 23:19:39,223 | INFO | fetch_order_book: symbol=CHIP/USDC limit=20
2026-05-08 23:19:39,478 | INFO | fetch_order_book: mid=0.07268 spread=5.50bps bids=20 asks=20
2026-05-08 23:19:40,360 | INFO | SPREAD | pair=CHIP/USDC | cex=0.07266/0.0727 | dex_sell=0.0726374 dex_buy=0.0726623 | spread_a=-8.6bps spread_b=-0.3bps | min=30.0bps
2026-05-08 23:19:41,362 | INFO | fetch_order_book: symbol=CHIP/USDC limit=20
2026-05-08 23:19:41,620 | INFO | fetch_order_book: mid=0.07268 spread=5.50bps bids=20 asks=20
2026-05-08 23:19:42,558 | INFO | SPREAD | pair=CHIP/USDC | cex=0.07266/0.0727 | dex_sell=0.0726374 dex_buy=0.0726623 | spread_a=-8.6bps spread_b=-0.3bps | min=30.0bps
2026-05-08 23:19:43,562 | INFO | fetch_order_book: symbol=CHIP/USDC limit=20
2026-05-08 23:19:43,821 | INFO | fetch_order_book: mid=0.072675 spread=6.88bps bids=20 asks=20
2026-05-08 23:19:44,680 | INFO | SPREAD | pair=CHIP/USDC | cex=0.07265/0.0727 | dex_sell=0.0727002 dex_buy=0.0726905 | spread_a=0.0bps spread_b=-5.6bps | min=30.0bps
2026-05-08 23:19:45,683 | INFO | fetch_order_book: symbol=CHIP/USDC limit=20
2026-05-08 23:19:45,938 | INFO | fetch_order_book: mid=0.072665 spread=6.88bps bids=20 asks=20
2026-05-08 23:19:46,858 | INFO | SPREAD | pair=CHIP/USDC | cex=0.07264/0.07269 | dex_sell=0.0726656 dex_buy=0.0726905 | spread_a=-3.4bps spread_b=-7.0bps | min=30.0bps
2026-05-08 23:19:47,862 | INFO | fetch_order_book: symbol=CHIP/USDC limit=20
2026-05-08 23:19:48,117 | INFO | fetch_order_book: mid=0.072675 spread=6.88bps bids=20 asks=20
2026-05-08 23:19:48,990 | INFO | SPREAD | pair=CHIP/USDC | cex=0.07265/0.0727 | dex_sell=0.0726656 dex_buy=0.0726905 | spread_a=-4.7bps spread_b=-5.6bps | min=30.0bps
2026-05-08 23:19:49,993 | INFO | fetch_order_book: symbol=CHIP/USDC limit=20
2026-05-08 23:19:50,252 | INFO | fetch_order_book: mid=0.072655 spread=6.88bps bids=20 asks=20
2026-05-08 23:19:51,184 | INFO | SPREAD | pair=CHIP/USDC | cex=0.07263/0.07268 | dex_sell=0.0726656 dex_buy=0.0726905 | spread_a=-2.0bps spread_b=-8.3bps | min=30.0bps
2026-05-08 23:19:52,187 | INFO | fetch_order_book: symbol=CHIP/USDC limit=20
2026-05-08 23:19:52,443 | INFO | fetch_order_book: mid=0.072625 spread=6.88bps bids=20 asks=20
2026-05-08 23:19:53,372 | INFO | SPREAD | pair=CHIP/USDC | cex=0.0726/0.07265 | dex_sell=0.0726255 dex_buy=0.0726504 | spread_a=-3.4bps spread_b=-6.9bps | min=30.0bps
2026-05-08 23:19:54,376 | INFO | fetch_order_book: symbol=CHIP/USDC limit=20
2026-05-08 23:19:54,630 | INFO | fetch_order_book: mid=0.07263 spread=5.51bps bids=20 asks=20
2026-05-08 23:19:55,492 | INFO | SPREAD | pair=CHIP/USDC | cex=0.07261/0.07265 | dex_sell=0.0726255 dex_buy=0.0726504 | spread_a=-3.4bps spread_b=-5.6bps | min=30.0bps
2026-05-08 23:19:56,495 | INFO | fetch_order_book: symbol=CHIP/USDC limit=20
2026-05-08 23:19:56,755 | INFO | fetch_order_book: mid=0.07261 spread=2.75bps bids=20 asks=20
2026-05-08 23:19:57,615 | INFO | SPREAD | pair=CHIP/USDC | cex=0.0726/0.07262 | dex_sell=0.0725854 dex_buy=0.0726103 | spread_a=-4.8bps spread_b=-1.4bps | min=30.0bps
2026-05-08 23:19:58,619 | INFO | fetch_order_book: symbol=CHIP/USDC limit=20
2026-05-08 23:19:58,874 | INFO | fetch_order_book: mid=0.07261 spread=2.75bps bids=20 asks=20
2026-05-08 23:19:59,832 | INFO | SPREAD | pair=CHIP/USDC | cex=0.0726/0.07262 | dex_sell=0.0725854 dex_buy=0.0726103 | spread_a=-4.8bps spread_b=-1.4bps | min=30.0bps
2026-05-08 23:20:00,836 | INFO | fetch_order_book: symbol=CHIP/USDC limit=20
2026-05-08 23:20:01,093 | INFO | fetch_order_book: mid=0.072585 spread=1.38bps bids=20 asks=20
2026-05-08 23:20:01,941 | INFO | SPREAD | pair=CHIP/USDC | cex=0.07258/0.07259 | dex_sell=0.0725854 dex_buy=0.0726103 | spread_a=-0.6bps spread_b=-4.2bps | min=30.0bps
2026-05-08 23:20:02,943 | INFO | fetch_order_book: symbol=CHIP/USDC limit=20
2026-05-08 23:20:03,199 | INFO | fetch_order_book: mid=0.07255 spread=5.51bps bids=20 asks=20
2026-05-08 23:20:04,107 | INFO | SPREAD | pair=CHIP/USDC | cex=0.07253/0.07257 | dex_sell=0.0725854 dex_buy=0.0726103 | spread_a=2.1bps spread_b=-11.1bps | min=30.0bps
2026-05-08 23:20:05,109 | INFO | fetch_order_book: symbol=CHIP/USDC limit=20
2026-05-08 23:20:05,365 | INFO | fetch_order_book: mid=0.07260 spread=5.51bps bids=20 asks=20
2026-05-08 23:20:06,228 | INFO | SPREAD | pair=CHIP/USDC | cex=0.07258/0.07262 | dex_sell=0.0725854 dex_buy=0.0726103 | spread_a=-4.8bps spread_b=-4.2bps | min=30.0bps
2026-05-08 23:20:07,231 | INFO | fetch_order_book: symbol=CHIP/USDC limit=20
2026-05-08 23:20:07,488 | INFO | fetch_order_book: mid=0.072595 spread=6.89bps bids=20 asks=20
2026-05-08 23:20:08,392 | INFO | SPREAD | pair=CHIP/USDC | cex=0.07257/0.07262 | dex_sell=0.0725854 dex_buy=0.0726103 | spread_a=-4.8bps spread_b=-5.5bps | min=30.0bps
2026-05-08 23:20:09,395 | INFO | fetch_order_book: symbol=CHIP/USDC limit=20
2026-05-08 23:20:09,883 | INFO | fetch_order_book: mid=0.07264 spread=8.26bps bids=20 asks=20
2026-05-08 23:20:10,748 | INFO | SPREAD | pair=CHIP/USDC | cex=0.07261/0.07267 | dex_sell=0.07264 dex_buy=0.0726649 | spread_a=-4.1bps spread_b=-7.6bps | min=30.0bps
2026-05-08 23:20:11,751 | INFO | fetch_order_book: symbol=CHIP/USDC limit=20
2026-05-08 23:20:12,008 | INFO | fetch_order_book: mid=0.07265 spread=8.26bps bids=20 asks=20
2026-05-08 23:20:12,910 | INFO | SPREAD | pair=CHIP/USDC | cex=0.07262/0.07268 | dex_sell=0.07264 dex_buy=0.0726649 | spread_a=-5.5bps spread_b=-6.2bps | min=30.0bps
2026-05-08 23:20:13,914 | INFO | fetch_order_book: symbol=CHIP/USDC limit=20
2026-05-08 23:20:14,170 | INFO | fetch_order_book: mid=0.07265 spread=5.51bps bids=20 asks=20
2026-05-08 23:20:15,021 | INFO | SPREAD | pair=CHIP/USDC | cex=0.07263/0.07267 | dex_sell=0.07264 dex_buy=0.0726649 | spread_a=-4.1bps spread_b=-4.8bps | min=30.0bps
2026-05-08 23:20:16,024 | INFO | fetch_order_book: symbol=CHIP/USDC limit=20
2026-05-08 23:20:16,281 | INFO | fetch_order_book: mid=0.07266 spread=5.51bps bids=20 asks=20
2026-05-08 23:20:17,204 | INFO | SPREAD | pair=CHIP/USDC | cex=0.07264/0.07268 | dex_sell=0.07264 dex_buy=0.0726649 | spread_a=-5.5bps spread_b=-3.4bps | min=30.0bps
2026-05-08 23:20:18,208 | INFO | fetch_order_book: symbol=CHIP/USDC limit=20
2026-05-08 23:20:18,463 | INFO | fetch_order_book: mid=0.07267 spread=2.75bps bids=20 asks=20
2026-05-08 23:20:19,318 | INFO | SPREAD | pair=CHIP/USDC | cex=0.07266/0.07268 | dex_sell=0.07264 dex_buy=0.0726649 | spread_a=-5.5bps spread_b=-0.7bps | min=30.0bps
2026-05-08 23:20:20,322 | INFO | fetch_order_book: symbol=CHIP/USDC limit=20
2026-05-08 23:20:20,580 | INFO | fetch_order_book: mid=0.07267 spread=5.50bps bids=20 asks=20
2026-05-08 23:20:21,481 | INFO | SPREAD | pair=CHIP/USDC | cex=0.07265/0.07269 | dex_sell=0.07264 dex_buy=0.0726649 | spread_a=-6.9bps spread_b=-2.1bps | min=30.0bps
2026-05-08 23:20:22,484 | INFO | fetch_order_book: symbol=CHIP/USDC limit=20
2026-05-08 23:20:22,740 | INFO | fetch_order_book: mid=0.072685 spread=4.13bps bids=20 asks=20
2026-05-08 23:20:23,681 | INFO | SPREAD | pair=CHIP/USDC | cex=0.07267/0.0727 | dex_sell=0.07264 dex_buy=0.0726649 | spread_a=-8.3bps spread_b=0.7bps | min=30.0bps
2026-05-08 23:20:24,683 | INFO | fetch_order_book: symbol=CHIP/USDC limit=20
2026-05-08 23:20:24,945 | INFO | fetch_order_book: mid=0.072685 spread=6.88bps bids=20 asks=20
2026-05-08 23:20:25,852 | INFO | SPREAD | pair=CHIP/USDC | cex=0.07266/0.07271 | dex_sell=0.0726801 dex_buy=0.0727051 | spread_a=-4.1bps spread_b=-6.2bps | min=30.0bps
2026-05-08 23:20:26,855 | INFO | fetch_order_book: symbol=CHIP/USDC limit=20
2026-05-08 23:20:27,116 | INFO | fetch_order_book: mid=0.072705 spread=4.13bps bids=20 asks=20
2026-05-08 23:20:28,021 | INFO | SPREAD | pair=CHIP/USDC | cex=0.07269/0.07272 | dex_sell=0.0726801 dex_buy=0.0727051 | spread_a=-5.5bps spread_b=-2.1bps | min=30.0bps
2026-05-08 23:20:29,025 | INFO | fetch_order_book: symbol=CHIP/USDC limit=20
2026-05-08 23:20:29,283 | INFO | fetch_order_book: mid=0.07271 spread=2.75bps bids=20 asks=20
2026-05-08 23:20:30,739 | INFO | SPREAD | pair=CHIP/USDC | cex=0.0727/0.07272 | dex_sell=0.0726801 dex_buy=0.0727051 | spread_a=-5.5bps spread_b=-0.7bps | min=30.0bps
2026-05-08 23:20:31,742 | INFO | fetch_order_book: symbol=CHIP/USDC limit=20
2026-05-08 23:20:32,000 | INFO | fetch_order_book: mid=0.07269 spread=5.50bps bids=20 asks=20
2026-05-08 23:20:32,862 | INFO | SPREAD | pair=CHIP/USDC | cex=0.07267/0.07271 | dex_sell=0.0726801 dex_buy=0.0727051 | spread_a=-4.1bps spread_b=-4.8bps | min=30.0bps
2026-05-08 23:20:33,865 | INFO | fetch_order_book: symbol=CHIP/USDC limit=20
2026-05-08 23:20:34,121 | INFO | fetch_order_book: mid=0.072695 spread=6.88bps bids=20 asks=20
2026-05-08 23:20:35,053 | INFO | SPREAD | pair=CHIP/USDC | cex=0.07267/0.07272 | dex_sell=0.0726801 dex_buy=0.0727051 | spread_a=-5.5bps spread_b=-4.8bps | min=30.0bps
2026-05-08 23:20:36,057 | INFO | fetch_order_book: symbol=CHIP/USDC limit=20
2026-05-08 23:20:36,314 | INFO | fetch_order_book: mid=0.07265 spread=2.75bps bids=20 asks=20
2026-05-08 23:20:37,174 | INFO | SPREAD | pair=CHIP/USDC | cex=0.07264/0.07266 | dex_sell=0.0726801 dex_buy=0.0727051 | spread_a=2.8bps spread_b=-9.0bps | min=30.0bps
2026-05-08 23:20:38,177 | INFO | fetch_order_book: symbol=CHIP/USDC limit=20
2026-05-08 23:20:38,434 | INFO | fetch_order_book: mid=0.07265 spread=2.75bps bids=20 asks=20
2026-05-08 23:20:39,340 | INFO | SPREAD | pair=CHIP/USDC | cex=0.07264/0.07266 | dex_sell=0.0726456 dex_buy=0.0726705 | spread_a=-2.0bps spread_b=-4.2bps | min=30.0bps
2026-05-08 23:20:40,343 | INFO | fetch_order_book: symbol=CHIP/USDC limit=20
2026-05-08 23:20:40,599 | INFO | fetch_order_book: mid=0.072665 spread=6.88bps bids=20 asks=20
2026-05-08 23:20:41,436 | INFO | SPREAD | pair=CHIP/USDC | cex=0.07264/0.07269 | dex_sell=0.0726456 dex_buy=0.0726705 | spread_a=-6.1bps spread_b=-4.2bps | min=30.0bps
2026-05-08 23:20:42,438 | INFO | fetch_order_book: symbol=CHIP/USDC limit=20
2026-05-08 23:20:42,692 | INFO | fetch_order_book: mid=0.072665 spread=6.88bps bids=20 asks=20
2026-05-08 23:20:43,570 | INFO | SPREAD | pair=CHIP/USDC | cex=0.07264/0.07269 | dex_sell=0.0726456 dex_buy=0.0726705 | spread_a=-6.1bps spread_b=-4.2bps | min=30.0bps
2026-05-08 23:20:44,573 | INFO | fetch_order_book: symbol=CHIP/USDC limit=20
2026-05-08 23:20:44,827 | INFO | fetch_order_book: mid=0.07267 spread=5.50bps bids=20 asks=20
2026-05-08 23:20:45,672 | INFO | SPREAD | pair=CHIP/USDC | cex=0.07265/0.07269 | dex_sell=0.0726456 dex_buy=0.0726705 | spread_a=-6.1bps spread_b=-2.8bps | min=30.0bps
2026-05-08 23:20:46,675 | INFO | fetch_order_book: symbol=CHIP/USDC limit=20
2026-05-08 23:20:46,933 | INFO | fetch_order_book: mid=0.07268 spread=5.50bps bids=20 asks=20
2026-05-08 23:20:47,856 | INFO | SPREAD | pair=CHIP/USDC | cex=0.07266/0.0727 | dex_sell=0.0726456 dex_buy=0.0726705 | spread_a=-7.5bps spread_b=-1.4bps | min=30.0bps
2026-05-08 23:20:48,859 | INFO | fetch_order_book: symbol=CHIP/USDC limit=20
2026-05-08 23:20:49,115 | INFO | fetch_order_book: mid=0.072665 spread=6.88bps bids=20 asks=20
2026-05-08 23:20:50,015 | INFO | SPREAD | pair=CHIP/USDC | cex=0.07264/0.07269 | dex_sell=0.0726456 dex_buy=0.0726705 | spread_a=-6.1bps spread_b=-4.2bps | min=30.0bps
2026-05-08 23:20:51,019 | INFO | fetch_order_book: symbol=CHIP/USDC limit=20
2026-05-08 23:20:51,275 | INFO | fetch_order_book: mid=0.072675 spread=6.88bps bids=20 asks=20
2026-05-08 23:20:52,157 | INFO | SPREAD | pair=CHIP/USDC | cex=0.07265/0.0727 | dex_sell=0.0726456 dex_buy=0.0726705 | spread_a=-7.5bps spread_b=-2.8bps | min=30.0bps
2026-05-08 23:20:53,160 | INFO | fetch_order_book: symbol=CHIP/USDC limit=20
2026-05-08 23:20:53,900 | INFO | fetch_order_book: mid=0.072665 spread=6.88bps bids=20 asks=20
2026-05-08 23:20:54,758 | INFO | SPREAD | pair=CHIP/USDC | cex=0.07264/0.07269 | dex_sell=0.0726456 dex_buy=0.0726705 | spread_a=-6.1bps spread_b=-4.2bps | min=30.0bps
2026-05-08 23:20:55,762 | INFO | fetch_order_book: symbol=CHIP/USDC limit=20
2026-05-08 23:20:56,020 | INFO | fetch_order_book: mid=0.072685 spread=4.13bps bids=20 asks=20
2026-05-08 23:20:56,921 | INFO | SPREAD | pair=CHIP/USDC | cex=0.07267/0.0727 | dex_sell=0.0726456 dex_buy=0.0726705 | spread_a=-7.5bps spread_b=-0.1bps | min=30.0bps
2026-05-08 23:20:57,924 | INFO | fetch_order_book: symbol=CHIP/USDC limit=20
2026-05-08 23:20:58,180 | INFO | fetch_order_book: mid=0.07267 spread=5.50bps bids=20 asks=20
2026-05-08 23:20:59,040 | INFO | SPREAD | pair=CHIP/USDC | cex=0.07265/0.07269 | dex_sell=0.0726456 dex_buy=0.0726705 | spread_a=-6.1bps spread_b=-2.8bps | min=30.0bps
2026-05-08 23:21:00,042 | INFO | fetch_order_book: symbol=CHIP/USDC limit=20
2026-05-08 23:21:00,303 | INFO | fetch_order_book: mid=0.07267 spread=5.50bps bids=20 asks=20
2026-05-08 23:21:01,244 | INFO | SPREAD | pair=CHIP/USDC | cex=0.07265/0.07269 | dex_sell=0.0726456 dex_buy=0.0726705 | spread_a=-6.1bps spread_b=-2.8bps | min=30.0bps
2026-05-08 23:21:02,248 | INFO | fetch_order_book: symbol=CHIP/USDC limit=20
2026-05-08 23:21:02,617 | INFO | fetch_order_book: mid=0.07266 spread=5.51bps bids=20 asks=20
2026-05-08 23:21:03,479 | INFO | SPREAD | pair=CHIP/USDC | cex=0.07264/0.07268 | dex_sell=0.0726456 dex_buy=0.0726705 | spread_a=-4.7bps spread_b=-4.2bps | min=30.0bps
2026-05-08 23:21:04,482 | INFO | fetch_order_book: symbol=CHIP/USDC limit=20
2026-05-08 23:21:04,737 | INFO | fetch_order_book: mid=0.07256 spread=5.51bps bids=20 asks=20
2026-05-08 23:21:05,656 | INFO | SPREAD | pair=CHIP/USDC | cex=0.07254/0.07258 | dex_sell=0.0725658 dex_buy=0.0725907 | spread_a=-2.0bps spread_b=-7.0bps | min=30.0bps
2026-05-08 23:21:06,659 | INFO | fetch_order_book: symbol=CHIP/USDC limit=20
2026-05-08 23:21:06,915 | INFO | fetch_order_book: mid=0.072575 spread=6.89bps bids=20 asks=20
2026-05-08 23:21:07,825 | INFO | SPREAD | pair=CHIP/USDC | cex=0.07255/0.0726 | dex_sell=0.0725658 dex_buy=0.0725907 | spread_a=-4.7bps spread_b=-5.6bps | min=30.0bps
2026-05-08 23:21:08,828 | INFO | fetch_order_book: symbol=CHIP/USDC limit=20
2026-05-08 23:21:09,085 | INFO | fetch_order_book: mid=0.072555 spread=4.13bps bids=20 asks=20
2026-05-08 23:21:09,991 | INFO | SPREAD | pair=CHIP/USDC | cex=0.07254/0.07257 | dex_sell=0.0725658 dex_buy=0.0725907 | spread_a=-0.6bps spread_b=-7.0bps | min=30.0bps
2026-05-08 23:21:10,993 | INFO | fetch_order_book: symbol=CHIP/USDC limit=20
2026-05-08 23:21:11,253 | INFO | fetch_order_book: mid=0.07253 spread=2.76bps bids=20 asks=20
2026-05-08 23:21:12,125 | INFO | SPREAD | pair=CHIP/USDC | cex=0.07252/0.07254 | dex_sell=0.0725658 dex_buy=0.0725906 | spread_a=3.6bps spread_b=-9.7bps | min=30.0bps
2026-05-08 23:21:13,128 | INFO | fetch_order_book: symbol=CHIP/USDC limit=20
2026-05-08 23:21:13,394 | INFO | fetch_order_book: mid=0.07250 spread=5.52bps bids=20 asks=20
2026-05-08 23:21:14,312 | INFO | SPREAD | pair=CHIP/USDC | cex=0.07248/0.07252 | dex_sell=0.0725253 dex_buy=0.0725502 | spread_a=0.7bps spread_b=-9.7bps | min=30.0bps
2026-05-08 23:21:15,314 | INFO | fetch_order_book: symbol=CHIP/USDC limit=20
2026-05-08 23:21:15,573 | INFO | fetch_order_book: mid=0.072495 spread=4.14bps bids=20 asks=20
2026-05-08 23:21:16,592 | INFO | SPREAD | pair=CHIP/USDC | cex=0.07248/0.07251 | dex_sell=0.0725253 dex_buy=0.0725502 | spread_a=2.1bps spread_b=-9.7bps | min=30.0bps
2026-05-08 23:21:17,596 | INFO | fetch_order_book: symbol=CHIP/USDC limit=20
2026-05-08 23:21:17,855 | INFO | fetch_order_book: mid=0.07249 spread=2.76bps bids=20 asks=20
2026-05-08 23:21:18,781 | INFO | SPREAD | pair=CHIP/USDC | cex=0.07248/0.0725 | dex_sell=0.0725253 dex_buy=0.0725106 | spread_a=3.5bps spread_b=-4.2bps | min=30.0bps
2026-05-08 23:21:19,784 | INFO | fetch_order_book: symbol=CHIP/USDC limit=20
2026-05-08 23:21:20,040 | INFO | fetch_order_book: mid=0.072495 spread=4.14bps bids=20 asks=20
2026-05-08 23:21:20,982 | INFO | SPREAD | pair=CHIP/USDC | cex=0.07248/0.07251 | dex_sell=0.0724857 dex_buy=0.0725106 | spread_a=-3.4bps spread_b=-4.2bps | min=30.0bps
2026-05-08 23:21:21,986 | INFO | fetch_order_book: symbol=CHIP/USDC limit=20
2026-05-08 23:21:22,243 | INFO | fetch_order_book: mid=0.072495 spread=4.14bps bids=20 asks=20
2026-05-08 23:21:23,144 | INFO | SPREAD | pair=CHIP/USDC | cex=0.07248/0.07251 | dex_sell=0.0724857 dex_buy=0.0725106 | spread_a=-3.4bps spread_b=-4.2bps | min=30.0bps
2026-05-08 23:21:24,147 | INFO | fetch_order_book: symbol=CHIP/USDC limit=20
2026-05-08 23:21:24,405 | INFO | fetch_order_book: mid=0.072475 spread=4.14bps bids=20 asks=20
2026-05-08 23:21:25,254 | INFO | SPREAD | pair=CHIP/USDC | cex=0.07246/0.07249 | dex_sell=0.0724857 dex_buy=0.0725106 | spread_a=-0.6bps spread_b=-7.0bps | min=30.0bps
2026-05-08 23:21:26,258 | INFO | fetch_order_book: symbol=CHIP/USDC limit=20
2026-05-08 23:21:26,626 | INFO | fetch_order_book: mid=0.07243 spread=2.76bps bids=20 asks=20
2026-05-08 23:21:27,504 | INFO | SPREAD | pair=CHIP/USDC | cex=0.07242/0.07244 | dex_sell=0.0724457 dex_buy=0.0724706 | spread_a=0.8bps spread_b=-7.0bps | min=30.0bps
2026-05-08 23:21:28,507 | INFO | fetch_order_book: symbol=CHIP/USDC limit=20
2026-05-08 23:21:28,763 | INFO | fetch_order_book: mid=0.07243 spread=2.76bps bids=20 asks=20
2026-05-08 23:21:29,635 | INFO | SPREAD | pair=CHIP/USDC | cex=0.07242/0.07244 | dex_sell=0.0724457 dex_buy=0.0724706 | spread_a=0.8bps spread_b=-7.0bps | min=30.0bps
2026-05-08 23:21:30,639 | INFO | fetch_order_book: symbol=CHIP/USDC limit=20
2026-05-08 23:21:30,899 | INFO | fetch_order_book: mid=0.072445 spread=4.14bps bids=20 asks=20
2026-05-08 23:21:31,848 | INFO | SPREAD | pair=CHIP/USDC | cex=0.07243/0.07246 | dex_sell=0.0724457 dex_buy=0.0724706 | spread_a=-2.0bps spread_b=-5.6bps | min=30.0bps
2026-05-08 23:21:32,852 | INFO | fetch_order_book: symbol=CHIP/USDC limit=20
2026-05-08 23:21:33,109 | INFO | fetch_order_book: mid=0.07247 spread=5.52bps bids=20 asks=20
2026-05-08 23:21:33,982 | INFO | SPREAD | pair=CHIP/USDC | cex=0.07245/0.07249 | dex_sell=0.0724457 dex_buy=0.0724706 | spread_a=-6.1bps spread_b=-2.8bps | min=30.0bps
2026-05-08 23:21:34,986 | INFO | fetch_order_book: symbol=CHIP/USDC limit=20
2026-05-08 23:21:35,259 | INFO | fetch_order_book: mid=0.07254 spread=5.51bps bids=20 asks=20
2026-05-08 23:21:36,208 | INFO | SPREAD | pair=CHIP/USDC | cex=0.07252/0.07256 | dex_sell=0.0725205 dex_buy=0.0725453 | spread_a=-5.4bps spread_b=-3.5bps | min=30.0bps
2026-05-08 23:21:37,212 | INFO | fetch_order_book: symbol=CHIP/USDC limit=20
2026-05-08 23:21:37,467 | INFO | fetch_order_book: mid=0.072575 spread=4.13bps bids=20 asks=20
2026-05-08 23:21:38,307 | INFO | SPREAD | pair=CHIP/USDC | cex=0.07256/0.07259 | dex_sell=0.0725704 dex_buy=0.0725953 | spread_a=-2.7bps spread_b=-4.9bps | min=30.0bps
2026-05-08 23:21:39,310 | INFO | fetch_order_book: symbol=CHIP/USDC limit=20
2026-05-08 23:21:39,569 | INFO | fetch_order_book: mid=0.07259 spread=2.76bps bids=20 asks=20
2026-05-08 23:21:40,496 | INFO | SPREAD | pair=CHIP/USDC | cex=0.07258/0.0726 | dex_sell=0.0725704 dex_buy=0.0725953 | spread_a=-4.1bps spread_b=-2.1bps | min=30.0bps
2026-05-08 23:21:41,499 | INFO | fetch_order_book: symbol=CHIP/USDC limit=20
2026-05-08 23:21:41,757 | INFO | fetch_order_book: mid=0.07259 spread=2.76bps bids=20 asks=20
2026-05-08 23:21:42,640 | INFO | SPREAD | pair=CHIP/USDC | cex=0.07258/0.0726 | dex_sell=0.0725704 dex_buy=0.0725953 | spread_a=-4.1bps spread_b=-2.1bps | min=30.0bps
2026-05-08 23:21:43,643 | INFO | fetch_order_book: symbol=CHIP/USDC limit=20
2026-05-08 23:21:43,907 | INFO | fetch_order_book: mid=0.072615 spread=6.89bps bids=20 asks=20
2026-05-08 23:21:44,826 | INFO | SPREAD | pair=CHIP/USDC | cex=0.07259/0.07264 | dex_sell=0.0725704 dex_buy=0.072635 | spread_a=-9.6bps spread_b=-6.2bps | min=30.0bps
2026-05-08 23:21:45,829 | INFO | fetch_order_book: symbol=CHIP/USDC limit=20
2026-05-08 23:21:46,087 | INFO | fetch_order_book: mid=0.072615 spread=6.89bps bids=20 asks=20
2026-05-08 23:21:47,040 | INFO | SPREAD | pair=CHIP/USDC | cex=0.07259/0.07264 | dex_sell=0.0726101 dex_buy=0.072635 | spread_a=-4.1bps spread_b=-6.2bps | min=30.0bps
2026-05-08 23:21:48,043 | INFO | fetch_order_book: symbol=CHIP/USDC limit=20
2026-05-08 23:21:48,298 | INFO | fetch_order_book: mid=0.07269 spread=2.75bps bids=20 asks=20
2026-05-08 23:21:49,174 | INFO | SPREAD | pair=CHIP/USDC | cex=0.07268/0.0727 | dex_sell=0.0726904 dex_buy=0.0727153 | spread_a=-1.3bps spread_b=-4.9bps | min=30.0bps
2026-05-08 23:21:50,178 | INFO | fetch_order_book: symbol=CHIP/USDC limit=20
2026-05-08 23:21:50,434 | INFO | fetch_order_book: mid=0.07270 spread=5.50bps bids=20 asks=20
2026-05-08 23:21:51,321 | INFO | SPREAD | pair=CHIP/USDC | cex=0.07268/0.07272 | dex_sell=0.0726904 dex_buy=0.0727153 | spread_a=-4.1bps spread_b=-4.9bps | min=30.0bps
2026-05-08 23:21:52,325 | INFO | fetch_order_book: symbol=CHIP/USDC limit=20
2026-05-08 23:21:52,582 | INFO | fetch_order_book: mid=0.07266 spread=5.51bps bids=20 asks=20
2026-05-08 23:21:53,457 | INFO | SPREAD | pair=CHIP/USDC | cex=0.07264/0.07268 | dex_sell=0.0726904 dex_buy=0.0727153 | spread_a=1.4bps spread_b=-10.4bps | min=30.0bps
2026-05-08 23:21:54,460 | INFO | fetch_order_book: symbol=CHIP/USDC limit=20
2026-05-08 23:21:54,715 | INFO | fetch_order_book: mid=0.072655 spread=6.88bps bids=20 asks=20
2026-05-08 23:21:55,646 | INFO | SPREAD | pair=CHIP/USDC | cex=0.07263/0.07268 | dex_sell=0.0726555 dex_buy=0.0726804 | spread_a=-3.4bps spread_b=-6.9bps | min=30.0bps
2026-05-08 23:21:56,649 | INFO | fetch_order_book: symbol=CHIP/USDC limit=20
2026-05-08 23:21:56,911 | INFO | fetch_order_book: mid=0.07268 spread=5.50bps bids=20 asks=20
2026-05-08 23:21:57,799 | INFO | SPREAD | pair=CHIP/USDC | cex=0.07266/0.0727 | dex_sell=0.0726555 dex_buy=0.0726804 | spread_a=-6.1bps spread_b=-2.8bps | min=30.0bps
2026-05-08 23:21:58,803 | INFO | fetch_order_book: symbol=CHIP/USDC limit=20
2026-05-08 23:21:59,058 | INFO | fetch_order_book: mid=0.07269 spread=5.50bps bids=20 asks=20
2026-05-08 23:21:59,947 | INFO | SPREAD | pair=CHIP/USDC | cex=0.07267/0.07271 | dex_sell=0.0726555 dex_buy=0.0726804 | spread_a=-7.5bps spread_b=-1.4bps | min=30.0bps
2026-05-08 23:22:00,950 | INFO | fetch_order_book: symbol=CHIP/USDC limit=20
2026-05-08 23:22:01,281 | INFO | fetch_order_book: mid=0.07269 spread=5.50bps bids=20 asks=20
2026-05-08 23:22:02,173 | INFO | SPREAD | pair=CHIP/USDC | cex=0.07267/0.07271 | dex_sell=0.0726555 dex_buy=0.0726804 | spread_a=-7.5bps spread_b=-1.4bps | min=30.0bps
2026-05-08 23:22:03,177 | INFO | fetch_order_book: symbol=CHIP/USDC limit=20
2026-05-08 23:22:03,444 | INFO | fetch_order_book: mid=0.07268 spread=8.26bps bids=20 asks=20
2026-05-08 23:22:04,390 | INFO | SPREAD | pair=CHIP/USDC | cex=0.07265/0.07271 | dex_sell=0.0726555 dex_buy=0.0726804 | spread_a=-7.5bps spread_b=-4.2bps | min=30.0bps
2026-05-08 23:22:05,393 | INFO | fetch_order_book: symbol=CHIP/USDC limit=20
2026-05-08 23:22:06,153 | INFO | fetch_order_book: mid=0.072665 spread=6.88bps bids=20 asks=20
2026-05-08 23:22:07,031 | INFO | SPREAD | pair=CHIP/USDC | cex=0.07264/0.07269 | dex_sell=0.0726555 dex_buy=0.0726804 | spread_a=-4.8bps spread_b=-5.6bps | min=30.0bps
2026-05-08 23:22:08,034 | INFO | fetch_order_book: symbol=CHIP/USDC limit=20
2026-05-08 23:22:08,291 | INFO | fetch_order_book: mid=0.07267 spread=5.50bps bids=20 asks=20
2026-05-08 23:22:09,247 | INFO | SPREAD | pair=CHIP/USDC | cex=0.07265/0.07269 | dex_sell=0.0726555 dex_buy=0.0726804 | spread_a=-4.8bps spread_b=-4.2bps | min=30.0bps
2026-05-08 23:22:10,251 | INFO | fetch_order_book: symbol=CHIP/USDC limit=20
2026-05-08 23:22:10,507 | INFO | fetch_order_book: mid=0.07269 spread=5.50bps bids=20 asks=20
2026-05-08 23:22:11,380 | INFO | SPREAD | pair=CHIP/USDC | cex=0.07267/0.07271 | dex_sell=0.0726555 dex_buy=0.0727153 | spread_a=-7.5bps spread_b=-6.2bps | min=30.0bps
2026-05-08 23:22:12,383 | INFO | fetch_order_book: symbol=CHIP/USDC limit=20
2026-05-08 23:22:12,638 | INFO | fetch_order_book: mid=0.07269 spread=5.50bps bids=20 asks=20
2026-05-08 23:22:13,579 | INFO | SPREAD | pair=CHIP/USDC | cex=0.07267/0.07271 | dex_sell=0.0726904 dex_buy=0.0727153 | spread_a=-2.7bps spread_b=-6.2bps | min=30.0bps
2026-05-08 23:22:14,581 | INFO | fetch_order_book: symbol=CHIP/USDC limit=20
2026-05-08 23:22:14,837 | INFO | fetch_order_book: mid=0.07271 spread=2.75bps bids=20 asks=20
2026-05-08 23:22:15,710 | INFO | SPREAD | pair=CHIP/USDC | cex=0.0727/0.07272 | dex_sell=0.0726904 dex_buy=0.0727153 | spread_a=-4.1bps spread_b=-2.1bps | min=30.0bps
2026-05-08 23:22:16,714 | INFO | fetch_order_book: symbol=CHIP/USDC limit=20
2026-05-08 23:22:16,970 | INFO | fetch_order_book: mid=0.07271 spread=2.75bps bids=20 asks=20
2026-05-08 23:22:17,878 | INFO | SPREAD | pair=CHIP/USDC | cex=0.0727/0.07272 | dex_sell=0.0726904 dex_buy=0.0727153 | spread_a=-4.1bps spread_b=-2.1bps | min=30.0bps
2026-05-08 23:22:18,882 | INFO | fetch_order_book: symbol=CHIP/USDC limit=20
2026-05-08 23:22:19,136 | INFO | fetch_order_book: mid=0.072825 spread=1.37bps bids=20 asks=20
2026-05-08 23:22:19,985 | INFO | SPREAD | pair=CHIP/USDC | cex=0.07282/0.07283 | dex_sell=0.0726904 dex_buy=0.0727153 | spread_a=-19.2bps spread_b=14.4bps | min=30.0bps
2026-05-08 23:22:20,989 | INFO | fetch_order_book: symbol=CHIP/USDC limit=20
2026-05-08 23:22:21,246 | INFO | fetch_order_book: mid=0.07270 spread=5.50bps bids=20 asks=20
2026-05-08 23:22:22,211 | INFO | SPREAD | pair=CHIP/USDC | cex=0.07268/0.07272 | dex_sell=0.0727293 dex_buy=0.0727542 | spread_a=1.3bps spread_b=-10.2bps | min=30.0bps
2026-05-08 23:22:23,214 | INFO | fetch_order_book: symbol=CHIP/USDC limit=20
2026-05-08 23:22:23,472 | INFO | fetch_order_book: mid=0.072605 spread=4.13bps bids=20 asks=20
2026-05-08 23:22:24,316 | INFO | SPREAD | pair=CHIP/USDC | cex=0.07259/0.07262 | dex_sell=0.0725602 dex_buy=0.072585 | spread_a=-8.2bps spread_b=0.7bps | min=30.0bps
2026-05-08 23:22:25,320 | INFO | fetch_order_book: symbol=CHIP/USDC limit=20
2026-05-08 23:22:25,582 | INFO | fetch_order_book: mid=0.07262 spread=5.51bps bids=20 asks=20
2026-05-08 23:22:26,479 | INFO | SPREAD | pair=CHIP/USDC | cex=0.0726/0.07264 | dex_sell=0.0726003 dex_buy=0.0726252 | spread_a=-5.5bps spread_b=-3.5bps | min=30.0bps
2026-05-08 23:22:27,483 | INFO | fetch_order_book: symbol=CHIP/USDC limit=20
2026-05-08 23:22:27,747 | INFO | fetch_order_book: mid=0.072645 spread=4.13bps bids=20 asks=20
2026-05-08 23:22:28,623 | INFO | SPREAD | pair=CHIP/USDC | cex=0.07263/0.07266 | dex_sell=0.0726003 dex_buy=0.0726252 | spread_a=-8.2bps spread_b=0.7bps | min=30.0bps
2026-05-08 23:22:29,627 | INFO | fetch_order_book: symbol=CHIP/USDC limit=20
2026-05-08 23:22:29,882 | INFO | fetch_order_book: mid=0.07274 spread=5.50bps bids=20 asks=20
2026-05-08 23:22:30,820 | INFO | SPREAD | pair=CHIP/USDC | cex=0.07272/0.07276 | dex_sell=0.0726794 dex_buy=0.0727043 | spread_a=-11.1bps spread_b=2.2bps | min=30.0bps
2026-05-08 23:22:31,823 | INFO | fetch_order_book: symbol=CHIP/USDC limit=20
2026-05-08 23:22:32,078 | INFO | fetch_order_book: mid=0.07271 spread=5.50bps bids=20 asks=20
2026-05-08 23:22:32,944 | INFO | SPREAD | pair=CHIP/USDC | cex=0.07269/0.07273 | dex_sell=0.0727153 dex_buy=0.0727403 | spread_a=-2.0bps spread_b=-6.9bps | min=30.0bps
2026-05-08 23:22:33,948 | INFO | fetch_order_book: symbol=CHIP/USDC limit=20
2026-05-08 23:22:34,206 | INFO | fetch_order_book: mid=0.07268 spread=8.26bps bids=20 asks=20
2026-05-08 23:22:35,163 | INFO | SPREAD | pair=CHIP/USDC | cex=0.07265/0.07271 | dex_sell=0.0726354 dex_buy=0.0726603 | spread_a=-10.3bps spread_b=-1.4bps | min=30.0bps
2026-05-08 23:22:36,166 | INFO | fetch_order_book: symbol=CHIP/USDC limit=20
2026-05-08 23:22:36,428 | INFO | fetch_order_book: mid=0.07265 spread=8.26bps bids=20 asks=20
2026-05-08 23:22:37,316 | INFO | SPREAD | pair=CHIP/USDC | cex=0.07262/0.07268 | dex_sell=0.0726354 dex_buy=0.0726603 | spread_a=-6.1bps spread_b=-5.5bps | min=30.0bps
2026-05-08 23:22:38,320 | INFO | fetch_order_book: symbol=CHIP/USDC limit=20
2026-05-08 23:22:38,577 | INFO | fetch_order_book: mid=0.072675 spread=6.88bps bids=20 asks=20
2026-05-08 23:22:39,468 | INFO | SPREAD | pair=CHIP/USDC | cex=0.07265/0.0727 | dex_sell=0.0726354 dex_buy=0.0726603 | spread_a=-8.9bps spread_b=-1.4bps | min=30.0bps
2026-05-08 23:22:40,470 | INFO | fetch_order_book: symbol=CHIP/USDC limit=20
2026-05-08 23:22:40,726 | INFO | fetch_order_book: mid=0.07265 spread=8.26bps bids=20 asks=20
2026-05-08 23:22:41,584 | INFO | SPREAD | pair=CHIP/USDC | cex=0.07262/0.07268 | dex_sell=0.0726354 dex_buy=0.0726603 | spread_a=-6.1bps spread_b=-5.5bps | min=30.0bps
2026-05-08 23:22:42,588 | INFO | fetch_order_book: symbol=CHIP/USDC limit=20
2026-05-08 23:22:42,847 | INFO | fetch_order_book: mid=0.07267 spread=5.50bps bids=20 asks=20
2026-05-08 23:22:43,780 | INFO | SPREAD | pair=CHIP/USDC | cex=0.07265/0.07269 | dex_sell=0.0726354 dex_buy=0.0726603 | spread_a=-7.5bps spread_b=-1.4bps | min=30.0bps
2026-05-08 23:22:44,784 | INFO | fetch_order_book: symbol=CHIP/USDC limit=20
2026-05-08 23:22:45,039 | INFO | fetch_order_book: mid=0.072625 spread=6.88bps bids=20 asks=20
2026-05-08 23:22:45,917 | INFO | SPREAD | pair=CHIP/USDC | cex=0.0726/0.07265 | dex_sell=0.0726354 dex_buy=0.0726603 | spread_a=-2.0bps spread_b=-8.3bps | min=30.0bps
2026-05-08 23:22:46,921 | INFO | fetch_order_book: symbol=CHIP/USDC limit=20
2026-05-08 23:22:47,216 | INFO | fetch_order_book: mid=0.07257 spread=2.76bps bids=20 asks=20
2026-05-08 23:22:48,157 | INFO | SPREAD | pair=CHIP/USDC | cex=0.07256/0.07258 | dex_sell=0.0726354 dex_buy=0.0726202 | spread_a=7.6bps spread_b=-8.3bps | min=30.0bps
2026-05-08 23:22:49,160 | INFO | fetch_order_book: symbol=CHIP/USDC limit=20
2026-05-08 23:22:49,416 | INFO | fetch_order_book: mid=0.07256 spread=5.51bps bids=20 asks=20
2026-05-08 23:22:50,354 | INFO | SPREAD | pair=CHIP/USDC | cex=0.07254/0.07258 | dex_sell=0.0725454 dex_buy=0.0725703 | spread_a=-4.8bps spread_b=-4.2bps | min=30.0bps
2026-05-08 23:22:51,357 | INFO | fetch_order_book: symbol=CHIP/USDC limit=20
2026-05-08 23:22:51,615 | INFO | fetch_order_book: mid=0.07256 spread=5.51bps bids=20 asks=20
2026-05-08 23:22:52,538 | INFO | SPREAD | pair=CHIP/USDC | cex=0.07254/0.07258 | dex_sell=0.0725454 dex_buy=0.0725703 | spread_a=-4.8bps spread_b=-4.2bps | min=30.0bps
2026-05-08 23:22:53,541 | INFO | fetch_order_book: symbol=CHIP/USDC limit=20
2026-05-08 23:22:53,796 | INFO | fetch_order_book: mid=0.072555 spread=4.13bps bids=20 asks=20
2026-05-08 23:22:54,672 | INFO | SPREAD | pair=CHIP/USDC | cex=0.07254/0.07257 | dex_sell=0.0725454 dex_buy=0.0725703 | spread_a=-3.4bps spread_b=-4.2bps | min=30.0bps
2026-05-08 23:22:55,675 | INFO | fetch_order_book: symbol=CHIP/USDC limit=20
2026-05-08 23:22:55,932 | INFO | fetch_order_book: mid=0.072555 spread=4.13bps bids=20 asks=20
2026-05-08 23:22:56,777 | INFO | SPREAD | pair=CHIP/USDC | cex=0.07254/0.07257 | dex_sell=0.0725454 dex_buy=0.0725703 | spread_a=-3.4bps spread_b=-4.2bps | min=30.0bps
2026-05-08 23:22:57,780 | INFO | fetch_order_book: symbol=CHIP/USDC limit=20
2026-05-08 23:22:58,038 | INFO | fetch_order_book: mid=0.072515 spread=4.14bps bids=20 asks=20
2026-05-08 23:22:58,880 | INFO | SPREAD | pair=CHIP/USDC | cex=0.0725/0.07253 | dex_sell=0.0725454 dex_buy=0.0725306 | spread_a=2.1bps spread_b=-4.2bps | min=30.0bps
2026-05-08 23:22:59,883 | INFO | fetch_order_book: symbol=CHIP/USDC limit=20
2026-05-08 23:23:00,220 | INFO | fetch_order_book: mid=0.07252 spread=5.52bps bids=20 asks=20
2026-05-08 23:23:01,053 | INFO | SPREAD | pair=CHIP/USDC | cex=0.0725/0.07254 | dex_sell=0.0725058 dex_buy=0.0725306 | spread_a=-4.7bps spread_b=-4.2bps | min=30.0bps
2026-05-08 23:23:02,056 | INFO | fetch_order_book: symbol=CHIP/USDC limit=20
2026-05-08 23:23:02,313 | INFO | fetch_order_book: mid=0.07246 spread=5.52bps bids=20 asks=20
2026-05-08 23:23:03,121 | INFO | SPREAD | pair=CHIP/USDC | cex=0.07244/0.07248 | dex_sell=0.0724555 dex_buy=0.0724803 | spread_a=-3.4bps spread_b=-5.6bps | min=30.0bps
2026-05-08 23:23:04,124 | INFO | fetch_order_book: symbol=CHIP/USDC limit=20
2026-05-08 23:23:04,381 | INFO | fetch_order_book: mid=0.07243 spread=2.76bps bids=20 asks=20
2026-05-08 23:23:05,226 | INFO | SPREAD | pair=CHIP/USDC | cex=0.07242/0.07244 | dex_sell=0.0724555 dex_buy=0.0724803 | spread_a=2.1bps spread_b=-8.3bps | min=30.0bps
2026-05-08 23:23:06,230 | INFO | fetch_order_book: symbol=CHIP/USDC limit=20
2026-05-08 23:23:06,500 | INFO | fetch_order_book: mid=0.07243 spread=2.76bps bids=20 asks=20
2026-05-08 23:23:07,343 | INFO | SPREAD | pair=CHIP/USDC | cex=0.07242/0.07244 | dex_sell=0.0724555 dex_buy=0.0724803 | spread_a=2.1bps spread_b=-8.3bps | min=30.0bps
2026-05-08 23:23:08,345 | INFO | fetch_order_book: symbol=CHIP/USDC limit=20
2026-05-08 23:23:08,599 | INFO | fetch_order_book: mid=0.072395 spread=6.91bps bids=20 asks=20
2026-05-08 23:23:09,509 | INFO | SPREAD | pair=CHIP/USDC | cex=0.07237/0.07242 | dex_sell=0.0723856 dex_buy=0.0724104 | spread_a=-4.7bps spread_b=-5.6bps | min=30.0bps
2026-05-08 23:23:10,511 | INFO | fetch_order_book: symbol=CHIP/USDC limit=20
2026-05-08 23:23:10,766 | INFO | fetch_order_book: mid=0.07240 spread=5.52bps bids=20 asks=20
2026-05-08 23:23:11,560 | INFO | SPREAD | pair=CHIP/USDC | cex=0.07238/0.07242 | dex_sell=0.0724205 dex_buy=0.0724453 | spread_a=0.1bps spread_b=-9.0bps | min=30.0bps
2026-05-08 23:23:12,563 | INFO | fetch_order_book: symbol=CHIP/USDC limit=20
2026-05-08 23:23:12,818 | INFO | fetch_order_book: mid=0.07240 spread=5.52bps bids=20 asks=20
2026-05-08 23:23:13,674 | INFO | SPREAD | pair=CHIP/USDC | cex=0.07238/0.07242 | dex_sell=0.0724205 dex_buy=0.0724453 | spread_a=0.1bps spread_b=-9.0bps | min=30.0bps
2026-05-08 23:23:14,679 | INFO | fetch_order_book: symbol=CHIP/USDC limit=20
2026-05-08 23:23:14,967 | INFO | fetch_order_book: mid=0.07244 spread=5.52bps bids=20 asks=20
2026-05-08 23:23:15,878 | INFO | SPREAD | pair=CHIP/USDC | cex=0.07242/0.07246 | dex_sell=0.0724205 dex_buy=0.0724453 | spread_a=-5.5bps spread_b=-3.5bps | min=30.0bps
2026-05-08 23:23:16,881 | INFO | fetch_order_book: symbol=CHIP/USDC limit=20
2026-05-08 23:23:17,136 | INFO | fetch_order_book: mid=0.072505 spread=4.14bps bids=20 asks=20
2026-05-08 23:23:17,967 | INFO | SPREAD | pair=CHIP/USDC | cex=0.07249/0.07252 | dex_sell=0.0724704 dex_buy=0.0724952 | spread_a=-6.8bps spread_b=-0.7bps | min=30.0bps
2026-05-08 23:23:18,970 | INFO | fetch_order_book: symbol=CHIP/USDC limit=20
2026-05-08 23:23:19,226 | INFO | fetch_order_book: mid=0.07248 spread=8.28bps bids=20 asks=20
2026-05-08 23:23:20,079 | INFO | SPREAD | pair=CHIP/USDC | cex=0.07245/0.07251 | dex_sell=0.0724704 dex_buy=0.0724952 | spread_a=-5.5bps spread_b=-6.2bps | min=30.0bps
2026-05-08 23:23:21,082 | INFO | fetch_order_book: symbol=CHIP/USDC limit=20
2026-05-08 23:23:21,341 | INFO | fetch_order_book: mid=0.072475 spread=6.90bps bids=20 asks=20
2026-05-08 23:23:22,239 | INFO | SPREAD | pair=CHIP/USDC | cex=0.07245/0.0725 | dex_sell=0.0724704 dex_buy=0.0724952 | spread_a=-4.1bps spread_b=-6.2bps | min=30.0bps
2026-05-08 23:23:23,242 | INFO | fetch_order_book: symbol=CHIP/USDC limit=20
2026-05-08 23:23:23,500 | INFO | fetch_order_book: mid=0.07247 spread=5.52bps bids=20 asks=20
2026-05-08 23:23:24,370 | INFO | SPREAD | pair=CHIP/USDC | cex=0.07245/0.07249 | dex_sell=0.0724704 dex_buy=0.0724952 | spread_a=-2.7bps spread_b=-6.2bps | min=30.0bps
2026-05-08 23:23:25,373 | INFO | fetch_order_book: symbol=CHIP/USDC limit=20
2026-05-08 23:23:25,633 | INFO | fetch_order_book: mid=0.072465 spread=4.14bps bids=20 asks=20
2026-05-08 23:23:26,492 | INFO | SPREAD | pair=CHIP/USDC | cex=0.07245/0.07248 | dex_sell=0.0724704 dex_buy=0.0724952 | spread_a=-1.3bps spread_b=-6.2bps | min=30.0bps
2026-05-08 23:23:27,496 | INFO | fetch_order_book: symbol=CHIP/USDC limit=20
2026-05-08 23:23:27,749 | INFO | fetch_order_book: mid=0.072445 spread=6.90bps bids=20 asks=20
2026-05-08 23:23:28,713 | INFO | SPREAD | pair=CHIP/USDC | cex=0.07242/0.07247 | dex_sell=0.0724704 dex_buy=0.0724952 | spread_a=0.0bps spread_b=-10.4bps | min=30.0bps
2026-05-08 23:23:29,717 | INFO | fetch_order_book: symbol=CHIP/USDC limit=20
2026-05-08 23:23:29,974 | INFO | fetch_order_book: mid=0.07245 spread=8.28bps bids=20 asks=20
2026-05-08 23:23:30,797 | INFO | SPREAD | pair=CHIP/USDC | cex=0.07242/0.07248 | dex_sell=0.0724356 dex_buy=0.0724604 | spread_a=-6.1bps spread_b=-5.6bps | min=30.0bps
2026-05-08 23:23:31,801 | INFO | fetch_order_book: symbol=CHIP/USDC limit=20
2026-05-08 23:23:32,056 | INFO | fetch_order_book: mid=0.07243 spread=5.52bps bids=20 asks=20
2026-05-08 23:23:32,929 | INFO | SPREAD | pair=CHIP/USDC | cex=0.07241/0.07245 | dex_sell=0.0724356 dex_buy=0.0724604 | spread_a=-2.0bps spread_b=-7.0bps | min=30.0bps
2026-05-08 23:23:33,931 | INFO | fetch_order_book: symbol=CHIP/USDC limit=20
2026-05-08 23:23:34,187 | INFO | fetch_order_book: mid=0.07243 spread=5.52bps bids=20 asks=20
2026-05-08 23:23:35,086 | INFO | SPREAD | pair=CHIP/USDC | cex=0.07241/0.07245 | dex_sell=0.0724356 dex_buy=0.0724604 | spread_a=-2.0bps spread_b=-7.0bps | min=30.0bps
2026-05-08 23:23:36,089 | INFO | fetch_order_book: symbol=CHIP/USDC limit=20
2026-05-08 23:23:36,471 | INFO | fetch_order_book: mid=0.07243 spread=5.52bps bids=20 asks=20
2026-05-08 23:23:37,349 | INFO | SPREAD | pair=CHIP/USDC | cex=0.07241/0.07245 | dex_sell=0.0724356 dex_buy=0.0724604 | spread_a=-2.0bps spread_b=-7.0bps | min=30.0bps
2026-05-08 23:23:38,352 | INFO | fetch_order_book: symbol=CHIP/USDC limit=20
2026-05-08 23:23:38,608 | INFO | fetch_order_book: mid=0.07243 spread=5.52bps bids=20 asks=20
2026-05-08 23:23:39,487 | INFO | SPREAD | pair=CHIP/USDC | cex=0.07241/0.07245 | dex_sell=0.0724356 dex_buy=0.0724604 | spread_a=-2.0bps spread_b=-7.0bps | min=30.0bps
2026-05-08 23:23:40,490 | INFO | fetch_order_book: symbol=CHIP/USDC limit=20
2026-05-08 23:23:40,744 | INFO | fetch_order_book: mid=0.07246 spread=8.28bps bids=20 asks=20
2026-05-08 23:23:41,561 | INFO | SPREAD | pair=CHIP/USDC | cex=0.07243/0.07249 | dex_sell=0.0724356 dex_buy=0.0724604 | spread_a=-7.5bps spread_b=-4.2bps | min=30.0bps
2026-05-08 23:23:42,564 | INFO | fetch_order_book: symbol=CHIP/USDC limit=20
2026-05-08 23:23:42,818 | INFO | fetch_order_book: mid=0.072475 spread=6.90bps bids=20 asks=20
2026-05-08 23:23:43,712 | INFO | SPREAD | pair=CHIP/USDC | cex=0.07245/0.0725 | dex_sell=0.0724705 dex_buy=0.0724953 | spread_a=-4.1bps spread_b=-6.2bps | min=30.0bps
2026-05-08 23:23:44,715 | INFO | fetch_order_book: symbol=CHIP/USDC limit=20
2026-05-08 23:23:45,073 | INFO | fetch_order_book: mid=0.072475 spread=6.90bps bids=20 asks=20
2026-05-08 23:23:45,919 | INFO | SPREAD | pair=CHIP/USDC | cex=0.07245/0.0725 | dex_sell=0.0724705 dex_buy=0.0724953 | spread_a=-4.1bps spread_b=-6.2bps | min=30.0bps
2026-05-08 23:23:46,922 | INFO | fetch_order_book: symbol=CHIP/USDC limit=20
2026-05-08 23:23:47,179 | INFO | fetch_order_book: mid=0.072485 spread=4.14bps bids=20 asks=20
2026-05-08 23:23:48,046 | INFO | SPREAD | pair=CHIP/USDC | cex=0.07247/0.0725 | dex_sell=0.0724705 dex_buy=0.0724953 | spread_a=-4.1bps spread_b=-3.5bps | min=30.0bps
2026-05-08 23:23:49,049 | INFO | fetch_order_book: symbol=CHIP/USDC limit=20
2026-05-08 23:23:49,529 | INFO | fetch_order_book: mid=0.072485 spread=4.14bps bids=20 asks=20
2026-05-08 23:23:50,386 | INFO | SPREAD | pair=CHIP/USDC | cex=0.07247/0.0725 | dex_sell=0.0724705 dex_buy=0.0724953 | spread_a=-4.1bps spread_b=-3.5bps | min=30.0bps
2026-05-08 23:23:51,389 | INFO | fetch_order_book: symbol=CHIP/USDC limit=20
2026-05-08 23:23:51,644 | INFO | fetch_order_book: mid=0.072485 spread=4.14bps bids=20 asks=20
2026-05-08 23:23:52,458 | INFO | SPREAD | pair=CHIP/USDC | cex=0.07247/0.0725 | dex_sell=0.0724705 dex_buy=0.0724953 | spread_a=-4.1bps spread_b=-3.5bps | min=30.0bps
2026-05-08 23:23:53,462 | INFO | fetch_order_book: symbol=CHIP/USDC limit=20
2026-05-08 23:23:54,194 | INFO | fetch_order_book: mid=0.072435 spread=4.14bps bids=20 asks=20
2026-05-08 23:23:55,061 | INFO | SPREAD | pair=CHIP/USDC | cex=0.07242/0.07245 | dex_sell=0.0724705 dex_buy=0.0724953 | spread_a=2.8bps spread_b=-10.4bps | min=30.0bps
2026-05-08 23:23:56,064 | INFO | fetch_order_book: symbol=CHIP/USDC limit=20
2026-05-08 23:23:56,439 | INFO | fetch_order_book: mid=0.07245 spread=5.52bps bids=20 asks=20
2026-05-08 23:23:57,277 | INFO | SPREAD | pair=CHIP/USDC | cex=0.07243/0.07247 | dex_sell=0.0724353 dex_buy=0.0724602 | spread_a=-4.8bps spread_b=-4.2bps | min=30.0bps
2026-05-08 23:23:58,281 | INFO | fetch_order_book: symbol=CHIP/USDC limit=20
2026-05-08 23:23:58,534 | INFO | fetch_order_book: mid=0.072455 spread=6.90bps bids=20 asks=20
2026-05-08 23:23:59,434 | INFO | SPREAD | pair=CHIP/USDC | cex=0.07243/0.07248 | dex_sell=0.0724353 dex_buy=0.0724602 | spread_a=-6.2bps spread_b=-4.2bps | min=30.0bps
2026-05-08 23:24:00,438 | INFO | fetch_order_book: symbol=CHIP/USDC limit=20
2026-05-08 23:24:00,694 | INFO | fetch_order_book: mid=0.07245 spread=5.52bps bids=20 asks=20
2026-05-08 23:24:01,540 | INFO | SPREAD | pair=CHIP/USDC | cex=0.07243/0.07247 | dex_sell=0.0724353 dex_buy=0.0724602 | spread_a=-4.8bps spread_b=-4.2bps | min=30.0bps
2026-05-08 23:24:02,544 | INFO | fetch_order_book: symbol=CHIP/USDC limit=20
2026-05-08 23:24:02,804 | INFO | fetch_order_book: mid=0.07245 spread=5.52bps bids=20 asks=20
2026-05-08 23:24:03,660 | INFO | SPREAD | pair=CHIP/USDC | cex=0.07243/0.07247 | dex_sell=0.0724353 dex_buy=0.0724602 | spread_a=-4.8bps spread_b=-4.2bps | min=30.0bps
2026-05-08 23:24:04,663 | INFO | fetch_order_book: symbol=CHIP/USDC limit=20
2026-05-08 23:24:04,919 | INFO | fetch_order_book: mid=0.072455 spread=6.90bps bids=20 asks=20
2026-05-08 23:24:05,766 | INFO | SPREAD | pair=CHIP/USDC | cex=0.07243/0.07248 | dex_sell=0.0724353 dex_buy=0.0724602 | spread_a=-6.2bps spread_b=-4.2bps | min=30.0bps
2026-05-08 23:24:06,768 | INFO | fetch_order_book: symbol=CHIP/USDC limit=20
2026-05-08 23:24:07,024 | INFO | fetch_order_book: mid=0.072455 spread=6.90bps bids=20 asks=20
2026-05-08 23:24:07,876 | INFO | SPREAD | pair=CHIP/USDC | cex=0.07243/0.07248 | dex_sell=0.0724353 dex_buy=0.0724602 | spread_a=-6.2bps spread_b=-4.2bps | min=30.0bps
2026-05-08 23:24:08,880 | INFO | fetch_order_book: symbol=CHIP/USDC limit=20
2026-05-08 23:24:09,190 | INFO | fetch_order_book: mid=0.072455 spread=6.90bps bids=20 asks=20
2026-05-08 23:24:10,077 | INFO | SPREAD | pair=CHIP/USDC | cex=0.07243/0.07248 | dex_sell=0.0724353 dex_buy=0.0724602 | spread_a=-6.2bps spread_b=-4.2bps | min=30.0bps
2026-05-08 23:24:11,080 | INFO | fetch_order_book: symbol=CHIP/USDC limit=20
2026-05-08 23:24:11,389 | INFO | fetch_order_book: mid=0.07245 spread=5.52bps bids=20 asks=20
2026-05-08 23:24:12,226 | INFO | SPREAD | pair=CHIP/USDC | cex=0.07243/0.07247 | dex_sell=0.0724353 dex_buy=0.0724602 | spread_a=-4.8bps spread_b=-4.2bps | min=30.0bps
2026-05-08 23:24:13,229 | INFO | fetch_order_book: symbol=CHIP/USDC limit=20
2026-05-08 23:24:13,485 | INFO | fetch_order_book: mid=0.072435 spread=4.14bps bids=20 asks=20
2026-05-08 23:24:14,348 | INFO | SPREAD | pair=CHIP/USDC | cex=0.07242/0.07245 | dex_sell=0.0724353 dex_buy=0.0724602 | spread_a=-2.0bps spread_b=-5.5bps | min=30.0bps
2026-05-08 23:24:15,351 | INFO | fetch_order_book: symbol=CHIP/USDC limit=20
2026-05-08 23:24:15,606 | INFO | fetch_order_book: mid=0.072435 spread=4.14bps bids=20 asks=20
2026-05-08 23:24:16,438 | INFO | SPREAD | pair=CHIP/USDC | cex=0.07242/0.07245 | dex_sell=0.0724353 dex_buy=0.0724602 | spread_a=-2.0bps spread_b=-5.5bps | min=30.0bps
2026-05-08 23:24:17,442 | INFO | fetch_order_book: symbol=CHIP/USDC limit=20
2026-05-08 23:24:17,699 | INFO | fetch_order_book: mid=0.07244 spread=2.76bps bids=20 asks=20
2026-05-08 23:24:18,547 | INFO | SPREAD | pair=CHIP/USDC | cex=0.07243/0.07245 | dex_sell=0.0724353 dex_buy=0.0724602 | spread_a=-2.0bps spread_b=-4.2bps | min=30.0bps
2026-05-08 23:24:19,551 | INFO | fetch_order_book: symbol=CHIP/USDC limit=20
2026-05-08 23:24:19,809 | INFO | fetch_order_book: mid=0.07244 spread=2.76bps bids=20 asks=20
2026-05-08 23:24:20,644 | INFO | SPREAD | pair=CHIP/USDC | cex=0.07243/0.07245 | dex_sell=0.0724353 dex_buy=0.0724602 | spread_a=-2.0bps spread_b=-4.2bps | min=30.0bps
2026-05-08 23:24:21,647 | INFO | fetch_order_book: symbol=CHIP/USDC limit=20
2026-05-08 23:24:21,904 | INFO | fetch_order_book: mid=0.072475 spread=6.90bps bids=20 asks=20
2026-05-08 23:24:22,730 | INFO | SPREAD | pair=CHIP/USDC | cex=0.07245/0.0725 | dex_sell=0.0724353 dex_buy=0.0724602 | spread_a=-8.9bps spread_b=-1.4bps | min=30.0bps
2026-05-08 23:24:23,734 | INFO | fetch_order_book: symbol=CHIP/USDC limit=20
2026-05-08 23:24:23,990 | INFO | fetch_order_book: mid=0.07249 spread=2.76bps bids=20 asks=20
2026-05-08 23:24:24,817 | INFO | SPREAD | pair=CHIP/USDC | cex=0.07248/0.0725 | dex_sell=0.0724702 dex_buy=0.0724951 | spread_a=-4.1bps spread_b=-2.1bps | min=30.0bps
2026-05-08 23:24:25,821 | INFO | fetch_order_book: symbol=CHIP/USDC limit=20
2026-05-08 23:24:26,079 | INFO | fetch_order_book: mid=0.07249 spread=2.76bps bids=20 asks=20
2026-05-08 23:24:26,943 | INFO | SPREAD | pair=CHIP/USDC | cex=0.07248/0.0725 | dex_sell=0.0724702 dex_buy=0.0724951 | spread_a=-4.1bps spread_b=-2.1bps | min=30.0bps
2026-05-08 23:24:27,947 | INFO | fetch_order_book: symbol=CHIP/USDC limit=20
2026-05-08 23:24:28,203 | INFO | fetch_order_book: mid=0.07249 spread=2.76bps bids=20 asks=20
2026-05-08 23:24:29,018 | INFO | SPREAD | pair=CHIP/USDC | cex=0.07248/0.0725 | dex_sell=0.0724702 dex_buy=0.0724951 | spread_a=-4.1bps spread_b=-2.1bps | min=30.0bps
2026-05-08 23:24:30,021 | INFO | fetch_order_book: symbol=CHIP/USDC limit=20
2026-05-08 23:24:30,286 | INFO | fetch_order_book: mid=0.07249 spread=2.76bps bids=20 asks=20
2026-05-08 23:24:31,157 | INFO | SPREAD | pair=CHIP/USDC | cex=0.07248/0.0725 | dex_sell=0.0724702 dex_buy=0.0724951 | spread_a=-4.1bps spread_b=-2.1bps | min=30.0bps
2026-05-08 23:24:32,160 | INFO | fetch_order_book: symbol=CHIP/USDC limit=20
2026-05-08 23:24:32,414 | INFO | fetch_order_book: mid=0.07249 spread=2.76bps bids=20 asks=20
2026-05-08 23:24:33,330 | INFO | SPREAD | pair=CHIP/USDC | cex=0.07248/0.0725 | dex_sell=0.0724702 dex_buy=0.0724951 | spread_a=-4.1bps spread_b=-2.1bps | min=30.0bps
2026-05-08 23:24:34,332 | INFO | fetch_order_book: symbol=CHIP/USDC limit=20
2026-05-08 23:24:34,586 | INFO | fetch_order_book: mid=0.072495 spread=1.38bps bids=20 asks=20
2026-05-08 23:24:35,484 | INFO | SPREAD | pair=CHIP/USDC | cex=0.07249/0.0725 | dex_sell=0.0724702 dex_buy=0.0724951 | spread_a=-4.1bps spread_b=-0.7bps | min=30.0bps
2026-05-08 23:24:36,487 | INFO | fetch_order_book: symbol=CHIP/USDC limit=20
2026-05-08 23:24:36,741 | INFO | fetch_order_book: mid=0.072495 spread=1.38bps bids=20 asks=20
2026-05-08 23:24:37,646 | INFO | SPREAD | pair=CHIP/USDC | cex=0.07249/0.0725 | dex_sell=0.0724702 dex_buy=0.0724951 | spread_a=-4.1bps spread_b=-0.7bps | min=30.0bps
2026-05-08 23:24:38,649 | INFO | fetch_order_book: symbol=CHIP/USDC limit=20
2026-05-08 23:24:38,907 | INFO | fetch_order_book: mid=0.07249 spread=2.76bps bids=20 asks=20
2026-05-08 23:24:39,808 | INFO | SPREAD | pair=CHIP/USDC | cex=0.07248/0.0725 | dex_sell=0.0724702 dex_buy=0.0724951 | spread_a=-4.1bps spread_b=-2.1bps | min=30.0bps
2026-05-08 23:24:40,812 | INFO | fetch_order_book: symbol=CHIP/USDC limit=20
2026-05-08 23:24:41,066 | INFO | fetch_order_book: mid=0.07249 spread=2.76bps bids=20 asks=20
2026-05-08 23:24:41,898 | INFO | SPREAD | pair=CHIP/USDC | cex=0.07248/0.0725 | dex_sell=0.0724702 dex_buy=0.0724951 | spread_a=-4.1bps spread_b=-2.1bps | min=30.0bps
2026-05-08 23:24:42,901 | INFO | fetch_order_book: symbol=CHIP/USDC limit=20
2026-05-08 23:24:43,157 | INFO | fetch_order_book: mid=0.07249 spread=2.76bps bids=20 asks=20
2026-05-08 23:24:44,004 | INFO | SPREAD | pair=CHIP/USDC | cex=0.07248/0.0725 | dex_sell=0.0724702 dex_buy=0.0724951 | spread_a=-4.1bps spread_b=-2.1bps | min=30.0bps
2026-05-08 23:24:45,007 | INFO | fetch_order_book: symbol=CHIP/USDC limit=20
2026-05-08 23:24:45,272 | INFO | fetch_order_book: mid=0.07249 spread=2.76bps bids=20 asks=20
2026-05-08 23:24:46,138 | INFO | SPREAD | pair=CHIP/USDC | cex=0.07248/0.0725 | dex_sell=0.0724702 dex_buy=0.0724951 | spread_a=-4.1bps spread_b=-2.1bps | min=30.0bps
2026-05-08 23:24:47,141 | INFO | fetch_order_book: symbol=CHIP/USDC limit=20
2026-05-08 23:24:47,397 | INFO | fetch_order_book: mid=0.072495 spread=4.14bps bids=20 asks=20
2026-05-08 23:24:48,267 | INFO | SPREAD | pair=CHIP/USDC | cex=0.07248/0.07251 | dex_sell=0.0724702 dex_buy=0.0725299 | spread_a=-5.5bps spread_b=-6.9bps | min=30.0bps
2026-05-08 23:24:49,270 | INFO | fetch_order_book: symbol=CHIP/USDC limit=20
2026-05-08 23:24:49,526 | INFO | fetch_order_book: mid=0.072465 spread=1.38bps bids=20 asks=20
2026-05-08 23:24:50,396 | INFO | SPREAD | pair=CHIP/USDC | cex=0.07246/0.07247 | dex_sell=0.0725051 dex_buy=0.0725299 | spread_a=4.8bps spread_b=-9.6bps | min=30.0bps
2026-05-08 23:24:51,400 | INFO | fetch_order_book: symbol=CHIP/USDC limit=20
2026-05-08 23:24:51,655 | INFO | fetch_order_book: mid=0.072485 spread=6.90bps bids=20 asks=20
2026-05-08 23:24:52,537 | INFO | SPREAD | pair=CHIP/USDC | cex=0.07246/0.07251 | dex_sell=0.0724553 dex_buy=0.0724801 | spread_a=-7.5bps spread_b=-2.8bps | min=30.0bps
2026-05-08 23:24:53,538 | INFO | fetch_order_book: symbol=CHIP/USDC limit=20
2026-05-08 23:24:53,796 | INFO | fetch_order_book: mid=0.072485 spread=6.90bps bids=20 asks=20
2026-05-08 23:24:54,670 | INFO | SPREAD | pair=CHIP/USDC | cex=0.07246/0.07251 | dex_sell=0.0724553 dex_buy=0.0724801 | spread_a=-7.5bps spread_b=-2.8bps | min=30.0bps
2026-05-08 23:24:55,674 | INFO | fetch_order_book: symbol=CHIP/USDC limit=20
2026-05-08 23:24:55,933 | INFO | fetch_order_book: mid=0.072485 spread=6.90bps bids=20 asks=20
2026-05-08 23:24:56,853 | INFO | SPREAD | pair=CHIP/USDC | cex=0.07246/0.07251 | dex_sell=0.0724553 dex_buy=0.0724801 | spread_a=-7.5bps spread_b=-2.8bps | min=30.0bps
2026-05-08 23:24:57,857 | INFO | fetch_order_book: symbol=CHIP/USDC limit=20
2026-05-08 23:24:58,116 | INFO | fetch_order_book: mid=0.072485 spread=6.90bps bids=20 asks=20
2026-05-08 23:24:58,942 | INFO | SPREAD | pair=CHIP/USDC | cex=0.07246/0.07251 | dex_sell=0.0724553 dex_buy=0.0724801 | spread_a=-7.5bps spread_b=-2.8bps | min=30.0bps
2026-05-08 23:24:59,946 | INFO | fetch_order_book: symbol=CHIP/USDC limit=20
2026-05-08 23:25:00,209 | INFO | fetch_order_book: mid=0.07251 spread=5.52bps bids=20 asks=20
2026-05-08 23:25:01,097 | INFO | SPREAD | pair=CHIP/USDC | cex=0.07249/0.07253 | dex_sell=0.0724902 dex_buy=0.072515 | spread_a=-5.5bps spread_b=-3.5bps | min=30.0bps
2026-05-08 23:25:02,100 | INFO | fetch_order_book: symbol=CHIP/USDC limit=20
2026-05-08 23:25:02,832 | INFO | fetch_order_book: mid=0.072465 spread=1.38bps bids=20 asks=20
2026-05-08 23:25:03,761 | INFO | SPREAD | pair=CHIP/USDC | cex=0.07246/0.07247 | dex_sell=0.0724456 dex_buy=0.0724704 | spread_a=-3.4bps spread_b=-1.4bps | min=30.0bps
2026-05-08 23:25:04,765 | INFO | fetch_order_book: symbol=CHIP/USDC limit=20
2026-05-08 23:25:05,018 | INFO | fetch_order_book: mid=0.072465 spread=1.38bps bids=20 asks=20
2026-05-08 23:25:05,857 | INFO | SPREAD | pair=CHIP/USDC | cex=0.07246/0.07247 | dex_sell=0.0724456 dex_buy=0.0724704 | spread_a=-3.4bps spread_b=-1.4bps | min=30.0bps
2026-05-08 23:25:06,860 | INFO | fetch_order_book: symbol=CHIP/USDC limit=20
2026-05-08 23:25:07,119 | INFO | fetch_order_book: mid=0.072495 spread=6.90bps bids=20 asks=20
2026-05-08 23:25:07,975 | INFO | SPREAD | pair=CHIP/USDC | cex=0.07247/0.07252 | dex_sell=0.0724456 dex_buy=0.0724704 | spread_a=-10.3bps spread_b=-0.1bps | min=30.0bps
2026-05-08 23:25:08,978 | INFO | fetch_order_book: symbol=CHIP/USDC limit=20
2026-05-08 23:25:09,349 | INFO | fetch_order_book: mid=0.072495 spread=6.90bps bids=20 asks=20
2026-05-08 23:25:10,293 | INFO | SPREAD | pair=CHIP/USDC | cex=0.07247/0.07252 | dex_sell=0.0724386 dex_buy=0.0724635 | spread_a=-11.2bps spread_b=0.9bps | min=30.0bps
2026-05-08 23:25:11,296 | INFO | fetch_order_book: symbol=CHIP/USDC limit=20
2026-05-08 23:25:11,604 | INFO | fetch_order_book: mid=0.072485 spread=6.90bps bids=20 asks=20
2026-05-08 23:25:12,493 | INFO | SPREAD | pair=CHIP/USDC | cex=0.07246/0.07251 | dex_sell=0.0724386 dex_buy=0.0724635 | spread_a=-9.8bps spread_b=-0.5bps | min=30.0bps
2026-05-08 23:25:13,496 | INFO | fetch_order_book: symbol=CHIP/USDC limit=20
2026-05-08 23:25:13,755 | INFO | fetch_order_book: mid=0.072385 spread=1.38bps bids=20 asks=20
2026-05-08 23:25:14,641 | INFO | SPREAD | pair=CHIP/USDC | cex=0.07238/0.07239 | dex_sell=0.0724386 dex_buy=0.0724635 | spread_a=6.7bps spread_b=-11.5bps | min=30.0bps
2026-05-08 23:25:15,645 | INFO | fetch_order_book: symbol=CHIP/USDC limit=20
2026-05-08 23:25:15,900 | INFO | fetch_order_book: mid=0.072355 spread=4.15bps bids=20 asks=20
2026-05-08 23:25:16,720 | INFO | SPREAD | pair=CHIP/USDC | cex=0.07234/0.07237 | dex_sell=0.0723457 dex_buy=0.0723705 | spread_a=-3.4bps spread_b=-4.2bps | min=30.0bps
2026-05-08 23:25:17,723 | INFO | fetch_order_book: symbol=CHIP/USDC limit=20
2026-05-08 23:25:17,989 | INFO | fetch_order_book: mid=0.072345 spread=9.68bps bids=20 asks=20
2026-05-08 23:25:18,903 | INFO | SPREAD | pair=CHIP/USDC | cex=0.07231/0.07238 | dex_sell=0.0723197 dex_buy=0.0723445 | spread_a=-8.3bps spread_b=-4.8bps | min=30.0bps
2026-05-08 23:25:19,906 | INFO | fetch_order_book: symbol=CHIP/USDC limit=20
2026-05-08 23:25:20,163 | INFO | fetch_order_book: mid=0.072345 spread=9.68bps bids=20 asks=20
2026-05-08 23:25:21,041 | INFO | SPREAD | pair=CHIP/USDC | cex=0.07231/0.07238 | dex_sell=0.0723197 dex_buy=0.0723445 | spread_a=-8.3bps spread_b=-4.8bps | min=30.0bps
2026-05-08 23:25:22,043 | INFO | fetch_order_book: symbol=CHIP/USDC limit=20
2026-05-08 23:25:22,306 | INFO | fetch_order_book: mid=0.072345 spread=9.68bps bids=20 asks=20
2026-05-08 23:25:23,127 | INFO | SPREAD | pair=CHIP/USDC | cex=0.07231/0.07238 | dex_sell=0.0723197 dex_buy=0.0723445 | spread_a=-8.3bps spread_b=-4.8bps | min=30.0bps
2026-05-08 23:25:24,130 | INFO | fetch_order_book: symbol=CHIP/USDC limit=20
2026-05-08 23:25:24,406 | INFO | fetch_order_book: mid=0.072345 spread=9.68bps bids=20 asks=20
2026-05-08 23:25:25,291 | INFO | SPREAD | pair=CHIP/USDC | cex=0.07231/0.07238 | dex_sell=0.0723197 dex_buy=0.0723445 | spread_a=-8.3bps spread_b=-4.8bps | min=30.0bps
2026-05-08 23:25:26,293 | INFO | fetch_order_book: symbol=CHIP/USDC limit=20
2026-05-08 23:25:26,551 | INFO | fetch_order_book: mid=0.07234 spread=8.29bps bids=20 asks=20
2026-05-08 23:25:27,458 | INFO | SPREAD | pair=CHIP/USDC | cex=0.07231/0.07237 | dex_sell=0.0723197 dex_buy=0.0723445 | spread_a=-6.9bps spread_b=-4.8bps | min=30.0bps
2026-05-08 23:25:28,461 | INFO | fetch_order_book: symbol=CHIP/USDC limit=20
2026-05-08 23:25:28,725 | INFO | fetch_order_book: mid=0.07232 spread=8.30bps bids=20 asks=20
2026-05-08 23:25:29,654 | INFO | SPREAD | pair=CHIP/USDC | cex=0.07229/0.07235 | dex_sell=0.0723197 dex_buy=0.0723445 | spread_a=-4.2bps spread_b=-7.5bps | min=30.0bps
2026-05-08 23:25:30,656 | INFO | fetch_order_book: symbol=CHIP/USDC limit=20
2026-05-08 23:25:30,912 | INFO | fetch_order_book: mid=0.07231 spread=8.30bps bids=20 asks=20
2026-05-08 23:25:31,950 | INFO | SPREAD | pair=CHIP/USDC | cex=0.07228/0.07234 | dex_sell=0.0723197 dex_buy=0.0723445 | spread_a=-2.8bps spread_b=-8.9bps | min=30.0bps
2026-05-08 23:25:32,953 | INFO | fetch_order_book: symbol=CHIP/USDC limit=20
2026-05-08 23:25:33,211 | INFO | fetch_order_book: mid=0.07231 spread=8.30bps bids=20 asks=20
2026-05-08 23:25:34,171 | INFO | SPREAD | pair=CHIP/USDC | cex=0.07228/0.07234 | dex_sell=0.0723197 dex_buy=0.0723445 | spread_a=-2.8bps spread_b=-8.9bps | min=30.0bps
2026-05-08 23:25:35,174 | INFO | fetch_order_book: symbol=CHIP/USDC limit=20
2026-05-08 23:25:35,435 | INFO | fetch_order_book: mid=0.072335 spread=9.68bps bids=20 asks=20
2026-05-08 23:25:36,308 | INFO | SPREAD | pair=CHIP/USDC | cex=0.0723/0.07237 | dex_sell=0.0723197 dex_buy=0.0723445 | spread_a=-6.9bps spread_b=-6.2bps | min=30.0bps
2026-05-08 23:25:37,311 | INFO | fetch_order_book: symbol=CHIP/USDC limit=20
2026-05-08 23:25:37,568 | INFO | fetch_order_book: mid=0.07233 spread=5.53bps bids=20 asks=20
2026-05-08 23:25:38,456 | INFO | SPREAD | pair=CHIP/USDC | cex=0.07231/0.07235 | dex_sell=0.0723197 dex_buy=0.0723445 | spread_a=-4.2bps spread_b=-4.8bps | min=30.0bps
2026-05-08 23:25:39,459 | INFO | fetch_order_book: symbol=CHIP/USDC limit=20
2026-05-08 23:25:39,718 | INFO | fetch_order_book: mid=0.07234 spread=8.29bps bids=20 asks=20
2026-05-08 23:25:40,571 | INFO | SPREAD | pair=CHIP/USDC | cex=0.07231/0.07237 | dex_sell=0.0723197 dex_buy=0.0723445 | spread_a=-6.9bps spread_b=-4.8bps | min=30.0bps
2026-05-08 23:25:41,574 | INFO | fetch_order_book: symbol=CHIP/USDC limit=20
2026-05-08 23:25:41,829 | INFO | fetch_order_book: mid=0.07235 spread=5.53bps bids=20 asks=20
2026-05-08 23:25:42,653 | INFO | SPREAD | pair=CHIP/USDC | cex=0.07233/0.07237 | dex_sell=0.0723197 dex_buy=0.0723445 | spread_a=-6.9bps spread_b=-2.0bps | min=30.0bps
2026-05-08 23:25:43,657 | INFO | fetch_order_book: symbol=CHIP/USDC limit=20
2026-05-08 23:25:43,912 | INFO | fetch_order_book: mid=0.07235 spread=5.53bps bids=20 asks=20
2026-05-08 23:25:44,793 | INFO | SPREAD | pair=CHIP/USDC | cex=0.07233/0.07237 | dex_sell=0.0723197 dex_buy=0.0723445 | spread_a=-6.9bps spread_b=-2.0bps | min=30.0bps
2026-05-08 23:25:45,796 | INFO | fetch_order_book: symbol=CHIP/USDC limit=20
2026-05-08 23:25:46,113 | INFO | fetch_order_book: mid=0.07230 spread=5.53bps bids=20 asks=20
2026-05-08 23:25:46,984 | INFO | SPREAD | pair=CHIP/USDC | cex=0.07228/0.07232 | dex_sell=0.0723197 dex_buy=0.0723445 | spread_a=-0.0bps spread_b=-8.9bps | min=30.0bps
2026-05-08 23:25:47,988 | INFO | fetch_order_book: symbol=CHIP/USDC limit=20
2026-05-08 23:25:48,246 | INFO | fetch_order_book: mid=0.07230 spread=5.53bps bids=20 asks=20
2026-05-08 23:25:49,106 | INFO | SPREAD | pair=CHIP/USDC | cex=0.07228/0.07232 | dex_sell=0.0722893 dex_buy=0.0723141 | spread_a=-4.2bps spread_b=-4.7bps | min=30.0bps
2026-05-08 23:25:50,110 | INFO | fetch_order_book: symbol=CHIP/USDC limit=20
2026-05-08 23:25:50,368 | INFO | fetch_order_book: mid=0.07227 spread=2.77bps bids=20 asks=20
2026-05-08 23:25:51,210 | INFO | SPREAD | pair=CHIP/USDC | cex=0.07226/0.07228 | dex_sell=0.0722893 dex_buy=0.072314 | spread_a=1.3bps spread_b=-7.5bps | min=30.0bps
2026-05-08 23:25:52,214 | INFO | fetch_order_book: symbol=CHIP/USDC limit=20
2026-05-08 23:25:52,472 | INFO | fetch_order_book: mid=0.07227 spread=2.77bps bids=20 asks=20
2026-05-08 23:25:53,328 | INFO | SPREAD | pair=CHIP/USDC | cex=0.07226/0.07228 | dex_sell=0.0722893 dex_buy=0.072314 | spread_a=1.3bps spread_b=-7.5bps | min=30.0bps
2026-05-08 23:25:54,332 | INFO | fetch_order_book: symbol=CHIP/USDC limit=20
2026-05-08 23:25:54,586 | INFO | fetch_order_book: mid=0.072135 spread=6.93bps bids=20 asks=20
2026-05-08 23:25:55,472 | INFO | SPREAD | pair=CHIP/USDC | cex=0.07211/0.07216 | dex_sell=0.0720736 dex_buy=0.0721527 | spread_a=-12.0bps spread_b=-5.9bps | min=30.0bps
2026-05-08 23:25:56,475 | INFO | fetch_order_book: symbol=CHIP/USDC limit=20
2026-05-08 23:25:56,761 | INFO | fetch_order_book: mid=0.07218 spread=8.31bps bids=20 asks=20
2026-05-08 23:25:57,621 | INFO | SPREAD | pair=CHIP/USDC | cex=0.07215/0.07221 | dex_sell=0.0721608 dex_buy=0.0721855 | spread_a=-6.8bps spread_b=-4.9bps | min=30.0bps
2026-05-08 23:25:58,623 | INFO | fetch_order_book: symbol=CHIP/USDC limit=20
2026-05-08 23:25:58,878 | INFO | fetch_order_book: mid=0.07218 spread=8.31bps bids=20 asks=20
2026-05-08 23:25:59,732 | INFO | SPREAD | pair=CHIP/USDC | cex=0.07215/0.07221 | dex_sell=0.0721608 dex_buy=0.0721855 | spread_a=-6.8bps spread_b=-4.9bps | min=30.0bps
2026-05-08 23:26:00,735 | INFO | fetch_order_book: symbol=CHIP/USDC limit=20
2026-05-08 23:26:00,995 | INFO | fetch_order_book: mid=0.072275 spread=4.15bps bids=20 asks=20
2026-05-08 23:26:01,823 | INFO | SPREAD | pair=CHIP/USDC | cex=0.07226/0.07229 | dex_sell=0.0722004 dex_buy=0.0722251 | spread_a=-12.4bps spread_b=4.8bps | min=30.0bps
2026-05-08 23:26:02,826 | INFO | fetch_order_book: symbol=CHIP/USDC limit=20
2026-05-08 23:26:03,127 | INFO | fetch_order_book: mid=0.07233 spread=5.53bps bids=20 asks=20
2026-05-08 23:26:03,957 | INFO | SPREAD | pair=CHIP/USDC | cex=0.07231/0.07235 | dex_sell=0.0723107 dex_buy=0.0723355 | spread_a=-5.4bps spread_b=-3.5bps | min=30.0bps
2026-05-08 23:26:04,961 | INFO | fetch_order_book: symbol=CHIP/USDC limit=20
2026-05-08 23:26:05,218 | INFO | fetch_order_book: mid=0.07236 spread=5.53bps bids=20 asks=20
2026-05-08 23:26:06,069 | INFO | SPREAD | pair=CHIP/USDC | cex=0.07234/0.07238 | dex_sell=0.0723107 dex_buy=0.0723355 | spread_a=-9.6bps spread_b=0.6bps | min=30.0bps
2026-05-08 23:26:07,073 | INFO | fetch_order_book: symbol=CHIP/USDC limit=20
2026-05-08 23:26:07,351 | INFO | fetch_order_book: mid=0.072275 spread=6.92bps bids=20 asks=20
2026-05-08 23:26:08,210 | INFO | SPREAD | pair=CHIP/USDC | cex=0.07225/0.0723 | dex_sell=0.0723054 dex_buy=0.0723301 | spread_a=0.7bps spread_b=-11.1bps | min=30.0bps
2026-05-08 23:26:09,213 | INFO | fetch_order_book: symbol=CHIP/USDC limit=20
2026-05-08 23:26:09,565 | INFO | fetch_order_book: mid=0.07228 spread=8.30bps bids=20 asks=20
2026-05-08 23:26:10,425 | INFO | SPREAD | pair=CHIP/USDC | cex=0.07225/0.07231 | dex_sell=0.0723054 dex_buy=0.0723301 | spread_a=-0.6bps spread_b=-11.1bps | min=30.0bps
2026-05-08 23:26:11,429 | INFO | fetch_order_book: symbol=CHIP/USDC limit=20
2026-05-08 23:26:11,684 | INFO | fetch_order_book: mid=0.072285 spread=4.15bps bids=20 asks=20
2026-05-08 23:26:12,607 | INFO | SPREAD | pair=CHIP/USDC | cex=0.07227/0.0723 | dex_sell=0.0723054 dex_buy=0.0723301 | spread_a=0.7bps spread_b=-8.3bps | min=30.0bps
2026-05-08 23:26:13,610 | INFO | fetch_order_book: symbol=CHIP/USDC limit=20
2026-05-08 23:26:13,868 | INFO | fetch_order_book: mid=0.072305 spread=6.92bps bids=20 asks=20
2026-05-08 23:26:14,700 | INFO | SPREAD | pair=CHIP/USDC | cex=0.07228/0.07233 | dex_sell=0.0722655 dex_buy=0.0722903 | spread_a=-8.9bps spread_b=-1.4bps | min=30.0bps
2026-05-08 23:26:15,703 | INFO | fetch_order_book: symbol=CHIP/USDC limit=20
2026-05-08 23:26:15,958 | INFO | fetch_order_book: mid=0.07231 spread=5.53bps bids=20 asks=20
2026-05-08 23:26:16,795 | INFO | SPREAD | pair=CHIP/USDC | cex=0.07229/0.07233 | dex_sell=0.0722655 dex_buy=0.0722903 | spread_a=-8.9bps spread_b=-0.0bps | min=30.0bps
2026-05-08 23:26:17,799 | INFO | fetch_order_book: symbol=CHIP/USDC limit=20
2026-05-08 23:26:18,075 | INFO | fetch_order_book: mid=0.07231 spread=5.53bps bids=20 asks=20
2026-05-08 23:26:18,892 | INFO | SPREAD | pair=CHIP/USDC | cex=0.07229/0.07233 | dex_sell=0.0723003 dex_buy=0.0723251 | spread_a=-4.1bps spread_b=-4.9bps | min=30.0bps
2026-05-08 23:26:19,896 | INFO | fetch_order_book: symbol=CHIP/USDC limit=20
2026-05-08 23:26:20,214 | INFO | fetch_order_book: mid=0.072385 spread=4.14bps bids=20 asks=20
2026-05-08 23:26:21,169 | INFO | SPREAD | pair=CHIP/USDC | cex=0.07237/0.0724 | dex_sell=0.0723856 dex_buy=0.0724105 | spread_a=-2.0bps spread_b=-5.6bps | min=30.0bps
2026-05-08 23:26:22,172 | INFO | fetch_order_book: symbol=CHIP/USDC limit=20
2026-05-08 23:26:22,426 | INFO | fetch_order_book: mid=0.072375 spread=6.91bps bids=20 asks=20
2026-05-08 23:26:23,287 | INFO | SPREAD | pair=CHIP/USDC | cex=0.07235/0.0724 | dex_sell=0.0723856 dex_buy=0.0724104 | spread_a=-2.0bps spread_b=-8.3bps | min=30.0bps
2026-05-08 23:26:24,290 | INFO | fetch_order_book: symbol=CHIP/USDC limit=20
2026-05-08 23:26:24,559 | INFO | fetch_order_book: mid=0.07240 spread=8.29bps bids=20 asks=20
2026-05-08 23:26:25,462 | INFO | SPREAD | pair=CHIP/USDC | cex=0.07237/0.07243 | dex_sell=0.0723856 dex_buy=0.0724105 | spread_a=-6.1bps spread_b=-5.6bps | min=30.0bps
2026-05-08 23:26:26,465 | INFO | fetch_order_book: symbol=CHIP/USDC limit=20
2026-05-08 23:26:26,719 | INFO | fetch_order_book: mid=0.07238 spread=8.29bps bids=20 asks=20
2026-05-08 23:26:27,545 | INFO | SPREAD | pair=CHIP/USDC | cex=0.07235/0.07241 | dex_sell=0.0723856 dex_buy=0.0724104 | spread_a=-3.4bps spread_b=-8.3bps | min=30.0bps
2026-05-08 23:26:28,549 | INFO | fetch_order_book: symbol=CHIP/USDC limit=20
2026-05-08 23:26:28,813 | INFO | fetch_order_book: mid=0.07238 spread=8.29bps bids=20 asks=20
2026-05-08 23:26:29,676 | INFO | SPREAD | pair=CHIP/USDC | cex=0.07235/0.07241 | dex_sell=0.0723856 dex_buy=0.0724104 | spread_a=-3.4bps spread_b=-8.3bps | min=30.0bps
2026-05-08 23:26:30,679 | INFO | fetch_order_book: symbol=CHIP/USDC limit=20
2026-05-08 23:26:30,938 | INFO | fetch_order_book: mid=0.072385 spread=6.91bps bids=20 asks=20
2026-05-08 23:26:31,797 | INFO | SPREAD | pair=CHIP/USDC | cex=0.07236/0.07241 | dex_sell=0.0723856 dex_buy=0.0724105 | spread_a=-3.4bps spread_b=-7.0bps | min=30.0bps
2026-05-08 23:26:32,799 | INFO | fetch_order_book: symbol=CHIP/USDC limit=20
2026-05-08 23:26:33,080 | INFO | fetch_order_book: mid=0.072445 spread=4.14bps bids=20 asks=20
2026-05-08 23:26:33,965 | INFO | SPREAD | pair=CHIP/USDC | cex=0.07243/0.07246 | dex_sell=0.0723856 dex_buy=0.0724453 | spread_a=-10.3bps spread_b=-2.1bps | min=30.0bps
2026-05-08 23:26:34,969 | INFO | fetch_order_book: symbol=CHIP/USDC limit=20
2026-05-08 23:26:35,283 | INFO | fetch_order_book: mid=0.07244 spread=5.52bps bids=20 asks=20
2026-05-08 23:26:36,240 | INFO | SPREAD | pair=CHIP/USDC | cex=0.07242/0.07246 | dex_sell=0.0724205 dex_buy=0.0724453 | spread_a=-5.5bps spread_b=-3.5bps | min=30.0bps
2026-05-08 23:26:37,243 | INFO | fetch_order_book: symbol=CHIP/USDC limit=20
2026-05-08 23:26:37,505 | INFO | fetch_order_book: mid=0.07245 spread=2.76bps bids=20 asks=20
2026-05-08 23:26:38,488 | INFO | SPREAD | pair=CHIP/USDC | cex=0.07244/0.07246 | dex_sell=0.0724205 dex_buy=0.0724453 | spread_a=-5.5bps spread_b=-0.7bps | min=30.0bps
2026-05-08 23:26:39,491 | INFO | fetch_order_book: symbol=CHIP/USDC limit=20
2026-05-08 23:26:39,751 | INFO | fetch_order_book: mid=0.072355 spread=6.91bps bids=20 asks=20
2026-05-08 23:26:40,601 | INFO | SPREAD | pair=CHIP/USDC | cex=0.07233/0.07238 | dex_sell=0.0724502 dex_buy=0.0724207 | spread_a=9.7bps spread_b=-12.5bps | min=30.0bps
2026-05-08 23:26:41,603 | INFO | fetch_order_book: symbol=CHIP/USDC limit=20
2026-05-08 23:26:41,860 | INFO | fetch_order_book: mid=0.072335 spread=4.15bps bids=20 asks=20
2026-05-08 23:26:42,753 | INFO | SPREAD | pair=CHIP/USDC | cex=0.07232/0.07235 | dex_sell=0.0723457 dex_buy=0.0723705 | spread_a=-0.6bps spread_b=-7.0bps | min=30.0bps
2026-05-08 23:26:43,755 | INFO | fetch_order_book: symbol=CHIP/USDC limit=20
2026-05-08 23:26:44,010 | INFO | fetch_order_book: mid=0.07231 spread=2.77bps bids=20 asks=20
2026-05-08 23:26:44,868 | INFO | SPREAD | pair=CHIP/USDC | cex=0.0723/0.07232 | dex_sell=0.0723099 dex_buy=0.0723347 | spread_a=-1.4bps spread_b=-4.8bps | min=30.0bps
2026-05-08 23:26:45,872 | INFO | fetch_order_book: symbol=CHIP/USDC limit=20
2026-05-08 23:26:46,132 | INFO | fetch_order_book: mid=0.072265 spread=4.15bps bids=20 asks=20
2026-05-08 23:26:46,985 | INFO | SPREAD | pair=CHIP/USDC | cex=0.07225/0.07228 | dex_sell=0.0723099 dex_buy=0.0722903 | spread_a=4.1bps spread_b=-5.6bps | min=30.0bps
2026-05-08 23:26:47,989 | INFO | fetch_order_book: symbol=CHIP/USDC limit=20
2026-05-08 23:26:48,244 | INFO | fetch_order_book: mid=0.072285 spread=4.15bps bids=20 asks=20
2026-05-08 23:26:49,155 | INFO | SPREAD | pair=CHIP/USDC | cex=0.07227/0.0723 | dex_sell=0.0722655 dex_buy=0.0722903 | spread_a=-4.8bps spread_b=-2.8bps | min=30.0bps
2026-05-08 23:26:50,159 | INFO | fetch_order_book: symbol=CHIP/USDC limit=20
2026-05-08 23:26:50,418 | INFO | fetch_order_book: mid=0.07235 spread=5.53bps bids=20 asks=20
2026-05-08 23:26:51,327 | INFO | SPREAD | pair=CHIP/USDC | cex=0.07233/0.07237 | dex_sell=0.0723003 dex_buy=0.0723251 | spread_a=-9.6bps spread_b=0.7bps | min=30.0bps
2026-05-08 23:26:52,330 | INFO | fetch_order_book: symbol=CHIP/USDC limit=20
2026-05-08 23:26:52,583 | INFO | fetch_order_book: mid=0.07235 spread=5.53bps bids=20 asks=20
2026-05-08 23:26:53,393 | INFO | SPREAD | pair=CHIP/USDC | cex=0.07233/0.07237 | dex_sell=0.0723003 dex_buy=0.0723251 | spread_a=-9.6bps spread_b=0.7bps | min=30.0bps
2026-05-08 23:26:54,397 | INFO | fetch_order_book: symbol=CHIP/USDC limit=20
2026-05-08 23:26:54,723 | INFO | fetch_order_book: mid=0.07235 spread=5.53bps bids=20 asks=20
2026-05-08 23:26:55,662 | INFO | SPREAD | pair=CHIP/USDC | cex=0.07233/0.07237 | dex_sell=0.0723003 dex_buy=0.0723251 | spread_a=-9.6bps spread_b=0.7bps | min=30.0bps
2026-05-08 23:26:56,665 | INFO | fetch_order_book: symbol=CHIP/USDC limit=20
2026-05-08 23:26:56,922 | INFO | fetch_order_book: mid=0.07235 spread=5.53bps bids=20 asks=20
2026-05-08 23:26:57,798 | INFO | SPREAD | pair=CHIP/USDC | cex=0.07233/0.07237 | dex_sell=0.0723003 dex_buy=0.0723251 | spread_a=-9.6bps spread_b=0.7bps | min=30.0bps
2026-05-08 23:26:58,802 | INFO | fetch_order_book: symbol=CHIP/USDC limit=20
2026-05-08 23:26:59,137 | INFO | fetch_order_book: mid=0.072335 spread=9.68bps bids=20 asks=20
2026-05-08 23:27:00,020 | INFO | SPREAD | pair=CHIP/USDC | cex=0.0723/0.07237 | dex_sell=0.0723404 dex_buy=0.0723652 | spread_a=-4.1bps spread_b=-9.0bps | min=30.0bps
2026-05-08 23:27:01,023 | INFO | fetch_order_book: symbol=CHIP/USDC limit=20
2026-05-08 23:27:01,515 | INFO | fetch_order_book: mid=0.072335 spread=4.15bps bids=20 asks=20
2026-05-08 23:27:02,403 | INFO | SPREAD | pair=CHIP/USDC | cex=0.07232/0.07235 | dex_sell=0.0723404 dex_buy=0.0723652 | spread_a=-1.3bps spread_b=-6.2bps | min=30.0bps
2026-05-08 23:27:03,406 | INFO | fetch_order_book: symbol=CHIP/USDC limit=20
2026-05-08 23:27:03,663 | INFO | fetch_order_book: mid=0.072335 spread=4.15bps bids=20 asks=20
2026-05-08 23:27:04,551 | INFO | SPREAD | pair=CHIP/USDC | cex=0.07232/0.07235 | dex_sell=0.0723404 dex_buy=0.0723652 | spread_a=-1.3bps spread_b=-6.2bps | min=30.0bps
2026-05-08 23:27:05,554 | INFO | fetch_order_book: symbol=CHIP/USDC limit=20
2026-05-08 23:27:05,809 | INFO | fetch_order_book: mid=0.072335 spread=4.15bps bids=20 asks=20
2026-05-08 23:27:06,678 | INFO | SPREAD | pair=CHIP/USDC | cex=0.07232/0.07235 | dex_sell=0.0723404 dex_buy=0.0723652 | spread_a=-1.3bps spread_b=-6.2bps | min=30.0bps
2026-05-08 23:27:07,682 | INFO | fetch_order_book: symbol=CHIP/USDC limit=20
2026-05-08 23:27:07,941 | INFO | fetch_order_book: mid=0.072325 spread=6.91bps bids=20 asks=20
2026-05-08 23:27:08,792 | INFO | SPREAD | pair=CHIP/USDC | cex=0.0723/0.07235 | dex_sell=0.0723404 dex_buy=0.0723652 | spread_a=-1.3bps spread_b=-9.0bps | min=30.0bps
2026-05-08 23:27:09,796 | INFO | fetch_order_book: symbol=CHIP/USDC limit=20
2026-05-08 23:27:10,112 | INFO | fetch_order_book: mid=0.07233 spread=5.53bps bids=20 asks=20
2026-05-08 23:27:10,934 | INFO | SPREAD | pair=CHIP/USDC | cex=0.07231/0.07235 | dex_sell=0.0723404 dex_buy=0.0723652 | spread_a=-1.3bps spread_b=-7.6bps | min=30.0bps
2026-05-08 23:27:11,938 | INFO | fetch_order_book: symbol=CHIP/USDC limit=20
2026-05-08 23:27:12,193 | INFO | fetch_order_book: mid=0.07233 spread=5.53bps bids=20 asks=20
2026-05-08 23:27:13,034 | INFO | SPREAD | pair=CHIP/USDC | cex=0.07231/0.07235 | dex_sell=0.0723404 dex_buy=0.0723652 | spread_a=-1.3bps spread_b=-7.6bps | min=30.0bps
2026-05-08 23:27:14,038 | INFO | fetch_order_book: symbol=CHIP/USDC limit=20
2026-05-08 23:27:14,292 | INFO | fetch_order_book: mid=0.07236 spread=5.53bps bids=20 asks=20
2026-05-08 23:27:15,123 | INFO | SPREAD | pair=CHIP/USDC | cex=0.07234/0.07238 | dex_sell=0.0723404 dex_buy=0.0723652 | spread_a=-5.5bps spread_b=-3.5bps | min=30.0bps
2026-05-08 23:27:16,126 | INFO | fetch_order_book: symbol=CHIP/USDC limit=20
2026-05-08 23:27:16,381 | INFO | fetch_order_book: mid=0.072435 spread=6.90bps bids=20 asks=20
2026-05-08 23:27:17,323 | INFO | SPREAD | pair=CHIP/USDC | cex=0.07241/0.07246 | dex_sell=0.0723404 dex_buy=0.0723891 | spread_a=-16.5bps spread_b=2.9bps | min=30.0bps
2026-05-08 23:27:18,327 | INFO | fetch_order_book: symbol=CHIP/USDC limit=20
2026-05-08 23:27:18,583 | INFO | fetch_order_book: mid=0.072425 spread=6.90bps bids=20 asks=20
2026-05-08 23:27:19,514 | INFO | SPREAD | pair=CHIP/USDC | cex=0.0724/0.07245 | dex_sell=0.0724005 dex_buy=0.0724253 | spread_a=-6.8bps spread_b=-3.5bps | min=30.0bps
2026-05-08 23:27:20,517 | INFO | fetch_order_book: symbol=CHIP/USDC limit=20
2026-05-08 23:27:20,773 | INFO | fetch_order_book: mid=0.072375 spread=6.91bps bids=20 asks=20
2026-05-08 23:27:21,913 | INFO | SPREAD | pair=CHIP/USDC | cex=0.07235/0.0724 | dex_sell=0.0723655 dex_buy=0.0723903 | spread_a=-4.8bps spread_b=-5.6bps | min=30.0bps
2026-05-08 23:27:22,917 | INFO | fetch_order_book: symbol=CHIP/USDC limit=20
2026-05-08 23:27:23,293 | INFO | fetch_order_book: mid=0.07234 spread=5.53bps bids=20 asks=20
2026-05-08 23:27:24,176 | INFO | SPREAD | pair=CHIP/USDC | cex=0.07232/0.07236 | dex_sell=0.0723256 dex_buy=0.0723504 | spread_a=-4.8bps spread_b=-4.2bps | min=30.0bps
2026-05-08 23:27:25,179 | INFO | fetch_order_book: symbol=CHIP/USDC limit=20
2026-05-08 23:27:25,435 | INFO | fetch_order_book: mid=0.072345 spread=6.91bps bids=20 asks=20
2026-05-08 23:27:26,301 | INFO | SPREAD | pair=CHIP/USDC | cex=0.07232/0.07237 | dex_sell=0.0723256 dex_buy=0.0723504 | spread_a=-6.1bps spread_b=-4.2bps | min=30.0bps
2026-05-08 23:27:27,304 | INFO | fetch_order_book: symbol=CHIP/USDC limit=20
2026-05-08 23:27:27,560 | INFO | fetch_order_book: mid=0.072255 spread=4.15bps bids=20 asks=20
2026-05-08 23:27:28,406 | INFO | SPREAD | pair=CHIP/USDC | cex=0.07224/0.07227 | dex_sell=0.0722857 dex_buy=0.0723105 | spread_a=2.2bps spread_b=-9.7bps | min=30.0bps
2026-05-08 23:27:29,410 | INFO | fetch_order_book: symbol=CHIP/USDC limit=20
2026-05-08 23:27:29,671 | INFO | fetch_order_book: mid=0.072235 spread=4.15bps bids=20 asks=20
2026-05-08 23:27:30,496 | INFO | SPREAD | pair=CHIP/USDC | cex=0.07222/0.07225 | dex_sell=0.0722857 dex_buy=0.0722703 | spread_a=4.9bps spread_b=-7.0bps | min=30.0bps
2026-05-08 23:27:31,499 | INFO | fetch_order_book: symbol=CHIP/USDC limit=20
2026-05-08 23:27:31,756 | INFO | fetch_order_book: mid=0.072155 spread=4.16bps bids=20 asks=20
2026-05-08 23:27:32,572 | INFO | SPREAD | pair=CHIP/USDC | cex=0.07214/0.07217 | dex_sell=0.0721656 dex_buy=0.0721903 | spread_a=-0.6bps spread_b=-7.0bps | min=30.0bps
2026-05-08 23:27:33,576 | INFO | fetch_order_book: symbol=CHIP/USDC limit=20
2026-05-08 23:27:33,835 | INFO | fetch_order_book: mid=0.072155 spread=4.16bps bids=20 asks=20
2026-05-08 23:27:34,694 | INFO | SPREAD | pair=CHIP/USDC | cex=0.07214/0.07217 | dex_sell=0.0721656 dex_buy=0.0721903 | spread_a=-0.6bps spread_b=-7.0bps | min=30.0bps
2026-05-08 23:27:35,698 | INFO | fetch_order_book: symbol=CHIP/USDC limit=20
2026-05-08 23:27:35,954 | INFO | fetch_order_book: mid=0.072065 spread=4.16bps bids=20 asks=20
2026-05-08 23:27:36,845 | INFO | SPREAD | pair=CHIP/USDC | cex=0.07205/0.07208 | dex_sell=0.0721355 dex_buy=0.0720671 | spread_a=7.7bps spread_b=-2.4bps | min=30.0bps
2026-05-08 23:27:37,848 | INFO | fetch_order_book: symbol=CHIP/USDC limit=20
2026-05-08 23:27:38,104 | INFO | fetch_order_book: mid=0.071985 spread=9.72bps bids=20 asks=20
2026-05-08 23:27:38,970 | INFO | SPREAD | pair=CHIP/USDC | cex=0.07195/0.07202 | dex_sell=0.0720486 dex_buy=0.0720673 | spread_a=4.0bps spread_b=-16.3bps | min=30.0bps
2026-05-08 23:27:39,974 | INFO | fetch_order_book: symbol=CHIP/USDC limit=20
2026-05-08 23:27:40,229 | INFO | fetch_order_book: mid=0.072215 spread=15.23bps bids=20 asks=20
2026-05-08 23:27:41,117 | INFO | SPREAD | pair=CHIP/USDC | cex=0.07216/0.07227 | dex_sell=0.0720354 dex_buy=0.0717403 | spread_a=-32.5bps spread_b=58.5bps | min=30.0bps
2026-05-08 23:27:41,117 | INFO | SIGNAL | GENERATED | pair=CHIP/USDC | direction=buy_dex_sell_cex | size=130.0000 | spread=58.5bps | expected_pnl=$-0.08
2026-05-08 23:27:41,118 | INFO | Signal: CHIP/USDC spread=58.5bps score=46.3
2026-05-08 23:27:41,118 | INFO | SIGNAL | EXECUTED | pair=CHIP/USDC | direction=buy_dex_sell_cex | size=130.0000 | spread=58.5bps | expected_pnl=$-0.08
2026-05-08 23:27:41,118 | WARNING | FAILED: Signal invalid
2026-05-08 23:27:44,551 | INFO | fetch_order_book: symbol=CHIP/USDC limit=20
2026-05-08 23:27:44,807 | INFO | fetch_order_book: mid=0.07233 spread=8.30bps bids=20 asks=20
2026-05-08 23:27:45,621 | INFO | SPREAD | pair=CHIP/USDC | cex=0.0723/0.07236 | dex_sell=0.0722503 dex_buy=0.0723152 | spread_a=-15.2bps spread_b=-2.1bps | min=30.0bps
2026-05-08 23:27:46,624 | INFO | fetch_order_book: symbol=CHIP/USDC limit=20
2026-05-08 23:27:46,882 | INFO | fetch_order_book: mid=0.072185 spread=4.16bps bids=20 asks=20
2026-05-08 23:27:47,760 | INFO | SPREAD | pair=CHIP/USDC | cex=0.07217/0.0722 | dex_sell=0.072158 dex_buy=0.0721827 | spread_a=-5.8bps spread_b=-1.8bps | min=30.0bps
2026-05-08 23:27:48,763 | INFO | fetch_order_book: symbol=CHIP/USDC limit=20
2026-05-08 23:27:49,022 | INFO | fetch_order_book: mid=0.072055 spread=6.94bps bids=20 asks=20
2026-05-08 23:27:49,867 | INFO | SPREAD | pair=CHIP/USDC | cex=0.07203/0.07208 | dex_sell=0.0720487 dex_buy=0.0720673 | spread_a=-4.3bps spread_b=-5.2bps | min=30.0bps
2026-05-08 23:27:50,870 | INFO | fetch_order_book: symbol=CHIP/USDC limit=20
2026-05-08 23:27:51,127 | INFO | fetch_order_book: mid=0.072005 spread=4.17bps bids=20 asks=20
2026-05-08 23:27:51,993 | INFO | SPREAD | pair=CHIP/USDC | cex=0.07199/0.07202 | dex_sell=0.0720487 dex_buy=0.0720374 | spread_a=4.0bps spread_b=-6.6bps | min=30.0bps
2026-05-08 23:27:52,997 | INFO | fetch_order_book: symbol=CHIP/USDC limit=20
2026-05-08 23:27:53,254 | INFO | fetch_order_book: mid=0.072095 spread=4.16bps bids=20 asks=20
2026-05-08 23:27:54,097 | INFO | SPREAD | pair=CHIP/USDC | cex=0.07208/0.07211 | dex_sell=0.0720534 dex_buy=0.0720721 | spread_a=-7.8bps spread_b=1.1bps | min=30.0bps
2026-05-08 23:27:55,100 | INFO | fetch_order_book: symbol=CHIP/USDC limit=20
2026-05-08 23:27:55,586 | INFO | fetch_order_book: mid=0.07207 spread=5.55bps bids=20 asks=20
2026-05-08 23:27:56,449 | INFO | SPREAD | pair=CHIP/USDC | cex=0.07205/0.07209 | dex_sell=0.0720534 dex_buy=0.0720721 | spread_a=-5.1bps spread_b=-3.1bps | min=30.0bps
2026-05-08 23:27:57,450 | INFO | fetch_order_book: symbol=CHIP/USDC limit=20
2026-05-08 23:27:57,709 | INFO | fetch_order_book: mid=0.07207 spread=5.55bps bids=20 asks=20
2026-05-08 23:27:58,516 | INFO | SPREAD | pair=CHIP/USDC | cex=0.07205/0.07209 | dex_sell=0.0720534 dex_buy=0.0720721 | spread_a=-5.1bps spread_b=-3.1bps | min=30.0bps
2026-05-08 23:27:59,519 | INFO | fetch_order_book: symbol=CHIP/USDC limit=20
2026-05-08 23:27:59,774 | INFO | fetch_order_book: mid=0.07207 spread=5.55bps bids=20 asks=20
2026-05-08 23:28:00,663 | INFO | SPREAD | pair=CHIP/USDC | cex=0.07205/0.07209 | dex_sell=0.0720534 dex_buy=0.0720721 | spread_a=-5.1bps spread_b=-3.1bps | min=30.0bps
2026-05-08 23:28:01,665 | INFO | fetch_order_book: symbol=CHIP/USDC limit=20
2026-05-08 23:28:01,923 | INFO | fetch_order_book: mid=0.072105 spread=4.16bps bids=20 asks=20
2026-05-08 23:28:02,812 | INFO | SPREAD | pair=CHIP/USDC | cex=0.07209/0.07212 | dex_sell=0.0720786 dex_buy=0.0721001 | spread_a=-5.7bps spread_b=-1.4bps | min=30.0bps
2026-05-08 23:28:03,814 | INFO | fetch_order_book: symbol=CHIP/USDC limit=20
2026-05-08 23:28:04,081 | INFO | fetch_order_book: mid=0.072095 spread=4.16bps bids=20 asks=20
2026-05-08 23:28:04,915 | INFO | SPREAD | pair=CHIP/USDC | cex=0.07208/0.07211 | dex_sell=0.0720786 dex_buy=0.0721001 | spread_a=-4.3bps spread_b=-2.8bps | min=30.0bps
2026-05-08 23:28:05,918 | INFO | fetch_order_book: symbol=CHIP/USDC limit=20
2026-05-08 23:28:06,516 | INFO | fetch_order_book: mid=0.072155 spread=6.93bps bids=20 asks=20
2026-05-08 23:28:07,424 | INFO | SPREAD | pair=CHIP/USDC | cex=0.07213/0.07218 | dex_sell=0.0721105 dex_buy=0.0721352 | spread_a=-9.6bps spread_b=-0.7bps | min=30.0bps
2026-05-08 23:28:08,427 | INFO | fetch_order_book: symbol=CHIP/USDC limit=20
2026-05-08 23:28:08,697 | INFO | fetch_order_book: mid=0.072155 spread=6.93bps bids=20 asks=20
2026-05-08 23:28:09,641 | INFO | SPREAD | pair=CHIP/USDC | cex=0.07213/0.07218 | dex_sell=0.0721505 dex_buy=0.0721752 | spread_a=-4.1bps spread_b=-6.3bps | min=30.0bps
2026-05-08 23:28:10,322 | INFO | Update id=722885988 is handled. Duration 52 ms by bot id=8642945117
2026-05-08 23:28:10,322 | WARNING | Received SIGTERM — shutting down.
2026-05-08 23:28:10,323 | INFO | Polling stopped
2026-05-08 23:28:10,324 | ERROR | Failed to fetch updates - TelegramNetworkError: HTTP Client says - ServerDisconnectedError: Server disconnected
2026-05-08 23:28:10,325 | WARNING | Sleep for 1.000000 seconds and try again... (tryings = 0, bot id = 8642945117)
2026-05-08 23:28:10,755 | INFO | Bot stopped.
2026-05-08 23:28:10,756 | INFO | Polling stopped for bot @arb_bot_peanutbot id=8642945117 - 'arb_bot_peanut'
