2026-05-09 17:19:12,204 | INFO | Logging to file: logs/bot_20260509_171912.log
2026-05-09 17:19:12,204 | INFO | Loading config: configs/chip_observe.yaml
2026-05-09 17:19:12,816 | INFO | Rate limits loaded from exchangeInfo: 6000 weight / 60s
2026-05-09 17:19:12,827 | INFO | Checking exchange connection...
2026-05-09 17:19:13,088 | INFO | Connected to exchange. Server time: 1778339953008
2026-05-09 17:19:13,100 | INFO | DEX engine: Uniswap V3 (fee_tier=100)
2026-05-09 17:19:13,105 | INFO | TxBuilder wired: address=0x84b7346c733Daa8c189e1f31d574087971e5cD7a dex=v3 fee_tier=100
2026-05-09 17:19:13,113 | WARNING | ⚠️  PRODUCTION MODE — REAL MONEY ⚠️
2026-05-09 17:19:13,113 | INFO | Bot starting | pairs=['CHIP/USDC'] | risk={'capital': '100', 'peak': '100', 'daily_pnl': '0', 'drawdown': '0.0%', 'consec_loss': 0, 'tph': 0}
2026-05-09 17:19:17,003 | INFO | API key is valid (expiration unknown).
2026-05-09 17:19:18,439 | INFO | Wallet balances: {'ETH': 0.000983022193632, 'CHIP': 369.52753870437886, 'USDC': 29.9}
2026-05-09 17:19:18,609 | INFO | fetch_order_book: symbol=CHIP/USDC limit=20
2026-05-09 17:19:18,609 | INFO | Start polling
2026-05-09 17:19:18,637 | INFO | Run polling for bot @arb_bot_peanutbot id=8642945117 - 'arb_bot_peanut'
2026-05-09 17:19:18,865 | INFO | fetch_order_book: mid=0.066075 spread=4.54bps bids=20 asks=20
2026-05-09 17:19:19,806 | INFO | SPREAD | pair=CHIP/USDC | cex=0.06606/0.06609 | dex_sell=0.0660807 dex_buy=0.0661029 | spread_a=-1.4bps spread_b=-6.5bps | min=30.0bps
2026-05-09 17:19:20,809 | INFO | fetch_order_book: symbol=CHIP/USDC limit=20
2026-05-09 17:19:21,186 | INFO | fetch_order_book: mid=0.06607 spread=3.03bps bids=20 asks=20
2026-05-09 17:19:22,086 | INFO | SPREAD | pair=CHIP/USDC | cex=0.06606/0.06608 | dex_sell=0.0660807 dex_buy=0.0661029 | spread_a=0.1bps spread_b=-6.5bps | min=30.0bps
2026-05-09 17:19:23,088 | INFO | fetch_order_book: symbol=CHIP/USDC limit=20
2026-05-09 17:19:23,345 | INFO | fetch_order_book: mid=0.066065 spread=4.54bps bids=20 asks=20
2026-05-09 17:19:24,220 | INFO | SPREAD | pair=CHIP/USDC | cex=0.06605/0.06608 | dex_sell=0.0660807 dex_buy=0.0661029 | spread_a=0.1bps spread_b=-8.0bps | min=30.0bps
2026-05-09 17:19:25,221 | INFO | fetch_order_book: symbol=CHIP/USDC limit=20
2026-05-09 17:19:25,479 | INFO | fetch_order_book: mid=0.06607 spread=6.05bps bids=20 asks=20
2026-05-09 17:19:26,360 | INFO | SPREAD | pair=CHIP/USDC | cex=0.06605/0.06609 | dex_sell=0.0660807 dex_buy=0.0661029 | spread_a=-1.4bps spread_b=-8.0bps | min=30.0bps
2026-05-09 17:19:27,362 | INFO | fetch_order_book: symbol=CHIP/USDC limit=20
2026-05-09 17:19:27,618 | INFO | fetch_order_book: mid=0.06607 spread=6.05bps bids=20 asks=20
2026-05-09 17:19:28,600 | INFO | SPREAD | pair=CHIP/USDC | cex=0.06605/0.06609 | dex_sell=0.0660807 dex_buy=0.0661029 | spread_a=-1.4bps spread_b=-8.0bps | min=30.0bps
2026-05-09 17:19:29,601 | INFO | fetch_order_book: symbol=CHIP/USDC limit=20
2026-05-09 17:19:29,856 | INFO | fetch_order_book: mid=0.06607 spread=6.05bps bids=20 asks=20
2026-05-09 17:19:30,782 | INFO | SPREAD | pair=CHIP/USDC | cex=0.06605/0.06609 | dex_sell=0.0660807 dex_buy=0.0661029 | spread_a=-1.4bps spread_b=-8.0bps | min=30.0bps
2026-05-09 17:19:31,783 | INFO | fetch_order_book: symbol=CHIP/USDC limit=20
2026-05-09 17:19:32,040 | INFO | fetch_order_book: mid=0.06607 spread=6.05bps bids=20 asks=20
2026-05-09 17:19:32,955 | INFO | SPREAD | pair=CHIP/USDC | cex=0.06605/0.06609 | dex_sell=0.0660807 dex_buy=0.0661029 | spread_a=-1.4bps spread_b=-8.0bps | min=30.0bps
2026-05-09 17:19:33,957 | INFO | fetch_order_book: symbol=CHIP/USDC limit=20
2026-05-09 17:19:34,212 | INFO | fetch_order_book: mid=0.06607 spread=6.05bps bids=20 asks=20
2026-05-09 17:19:35,122 | INFO | SPREAD | pair=CHIP/USDC | cex=0.06605/0.06609 | dex_sell=0.0660807 dex_buy=0.0661029 | spread_a=-1.4bps spread_b=-8.0bps | min=30.0bps
2026-05-09 17:19:36,124 | INFO | fetch_order_book: symbol=CHIP/USDC limit=20
2026-05-09 17:19:36,446 | INFO | fetch_order_book: mid=0.06609 spread=6.05bps bids=20 asks=20
2026-05-09 17:19:37,353 | INFO | SPREAD | pair=CHIP/USDC | cex=0.06607/0.06611 | dex_sell=0.0660807 dex_buy=0.0661029 | spread_a=-4.4bps spread_b=-5.0bps | min=30.0bps
2026-05-09 17:19:38,355 | INFO | fetch_order_book: symbol=CHIP/USDC limit=20
2026-05-09 17:19:38,608 | INFO | fetch_order_book: mid=0.06609 spread=6.05bps bids=20 asks=20
2026-05-09 17:19:39,559 | INFO | SPREAD | pair=CHIP/USDC | cex=0.06607/0.06611 | dex_sell=0.0660807 dex_buy=0.0661029 | spread_a=-4.4bps spread_b=-5.0bps | min=30.0bps
2026-05-09 17:19:40,561 | INFO | fetch_order_book: symbol=CHIP/USDC limit=20
2026-05-09 17:19:40,824 | INFO | fetch_order_book: mid=0.06609 spread=6.05bps bids=20 asks=20
2026-05-09 17:19:41,795 | INFO | SPREAD | pair=CHIP/USDC | cex=0.06607/0.06611 | dex_sell=0.0660807 dex_buy=0.0661029 | spread_a=-4.4bps spread_b=-5.0bps | min=30.0bps
2026-05-09 17:19:42,797 | INFO | fetch_order_book: symbol=CHIP/USDC limit=20
2026-05-09 17:19:43,053 | INFO | fetch_order_book: mid=0.06609 spread=6.05bps bids=20 asks=20
2026-05-09 17:19:43,955 | INFO | SPREAD | pair=CHIP/USDC | cex=0.06607/0.06611 | dex_sell=0.0660807 dex_buy=0.0661029 | spread_a=-4.4bps spread_b=-5.0bps | min=30.0bps
2026-05-09 17:19:44,957 | INFO | fetch_order_book: symbol=CHIP/USDC limit=20
2026-05-09 17:19:45,213 | INFO | fetch_order_book: mid=0.06609 spread=6.05bps bids=20 asks=20
2026-05-09 17:19:46,115 | INFO | SPREAD | pair=CHIP/USDC | cex=0.06607/0.06611 | dex_sell=0.0660807 dex_buy=0.0661029 | spread_a=-4.4bps spread_b=-5.0bps | min=30.0bps
2026-05-09 17:19:47,117 | INFO | fetch_order_book: symbol=CHIP/USDC limit=20
2026-05-09 17:19:47,373 | INFO | fetch_order_book: mid=0.06609 spread=6.05bps bids=20 asks=20
2026-05-09 17:19:48,257 | INFO | SPREAD | pair=CHIP/USDC | cex=0.06607/0.06611 | dex_sell=0.0660807 dex_buy=0.0661029 | spread_a=-4.4bps spread_b=-5.0bps | min=30.0bps
2026-05-09 17:19:49,259 | INFO | fetch_order_book: symbol=CHIP/USDC limit=20
2026-05-09 17:19:49,514 | INFO | fetch_order_book: mid=0.06609 spread=6.05bps bids=20 asks=20
2026-05-09 17:19:50,389 | INFO | SPREAD | pair=CHIP/USDC | cex=0.06607/0.06611 | dex_sell=0.0660807 dex_buy=0.0661029 | spread_a=-4.4bps spread_b=-5.0bps | min=30.0bps
2026-05-09 17:19:51,391 | INFO | fetch_order_book: symbol=CHIP/USDC limit=20
2026-05-09 17:19:51,651 | INFO | fetch_order_book: mid=0.06609 spread=6.05bps bids=20 asks=20
2026-05-09 17:19:52,569 | INFO | SPREAD | pair=CHIP/USDC | cex=0.06607/0.06611 | dex_sell=0.0660807 dex_buy=0.0661029 | spread_a=-4.4bps spread_b=-5.0bps | min=30.0bps
2026-05-09 17:19:53,571 | INFO | fetch_order_book: symbol=CHIP/USDC limit=20
2026-05-09 17:19:53,827 | INFO | fetch_order_book: mid=0.06609 spread=6.05bps bids=20 asks=20
2026-05-09 17:19:54,708 | INFO | SPREAD | pair=CHIP/USDC | cex=0.06607/0.06611 | dex_sell=0.0660807 dex_buy=0.0661029 | spread_a=-4.4bps spread_b=-5.0bps | min=30.0bps
2026-05-09 17:19:55,710 | INFO | fetch_order_book: symbol=CHIP/USDC limit=20
2026-05-09 17:19:55,968 | INFO | fetch_order_book: mid=0.06610 spread=6.05bps bids=20 asks=20
2026-05-09 17:19:56,873 | INFO | SPREAD | pair=CHIP/USDC | cex=0.06608/0.06612 | dex_sell=0.0660807 dex_buy=0.0661029 | spread_a=-5.9bps spread_b=-3.5bps | min=30.0bps
2026-05-09 17:19:57,875 | INFO | fetch_order_book: symbol=CHIP/USDC limit=20
2026-05-09 17:19:58,139 | INFO | fetch_order_book: mid=0.06610 spread=6.05bps bids=20 asks=20
2026-05-09 17:19:59,057 | INFO | SPREAD | pair=CHIP/USDC | cex=0.06608/0.06612 | dex_sell=0.0660807 dex_buy=0.0661029 | spread_a=-5.9bps spread_b=-3.5bps | min=30.0bps
2026-05-09 17:20:00,060 | INFO | fetch_order_book: symbol=CHIP/USDC limit=20
2026-05-09 17:20:00,316 | INFO | fetch_order_book: mid=0.06609 spread=6.05bps bids=20 asks=20
2026-05-09 17:20:01,218 | INFO | SPREAD | pair=CHIP/USDC | cex=0.06607/0.06611 | dex_sell=0.0660807 dex_buy=0.0661029 | spread_a=-4.4bps spread_b=-5.0bps | min=30.0bps
2026-05-09 17:20:02,220 | INFO | fetch_order_book: symbol=CHIP/USDC limit=20
2026-05-09 17:20:02,478 | INFO | fetch_order_book: mid=0.06614 spread=6.05bps bids=20 asks=20
2026-05-09 17:20:03,419 | INFO | SPREAD | pair=CHIP/USDC | cex=0.06612/0.06616 | dex_sell=0.0660807 dex_buy=0.0661391 | spread_a=-12.0bps spread_b=-2.9bps | min=30.0bps
2026-05-09 17:20:04,422 | INFO | fetch_order_book: symbol=CHIP/USDC limit=20
2026-05-09 17:20:04,679 | INFO | fetch_order_book: mid=0.06617 spread=3.02bps bids=20 asks=20
2026-05-09 17:20:05,563 | INFO | SPREAD | pair=CHIP/USDC | cex=0.06616/0.06618 | dex_sell=0.0661169 dex_buy=0.0661391 | spread_a=-9.5bps spread_b=3.2bps | min=30.0bps
2026-05-09 17:20:06,565 | INFO | fetch_order_book: symbol=CHIP/USDC limit=20
2026-05-09 17:20:06,821 | INFO | fetch_order_book: mid=0.06619 spread=3.02bps bids=20 asks=20
2026-05-09 17:20:07,714 | INFO | SPREAD | pair=CHIP/USDC | cex=0.06618/0.0662 | dex_sell=0.0661169 dex_buy=0.0661391 | spread_a=-12.6bps spread_b=6.2bps | min=30.0bps
2026-05-09 17:20:08,716 | INFO | fetch_order_book: symbol=CHIP/USDC limit=20
2026-05-09 17:20:08,978 | INFO | fetch_order_book: mid=0.06620 spread=6.04bps bids=20 asks=20
2026-05-09 17:20:09,917 | INFO | SPREAD | pair=CHIP/USDC | cex=0.06618/0.06622 | dex_sell=0.066129 dex_buy=0.0661512 | spread_a=-13.7bps spread_b=4.4bps | min=30.0bps
2026-05-09 17:20:10,919 | INFO | fetch_order_book: symbol=CHIP/USDC limit=20
2026-05-09 17:20:11,194 | INFO | fetch_order_book: mid=0.06620 spread=6.04bps bids=20 asks=20
2026-05-09 17:20:12,132 | INFO | SPREAD | pair=CHIP/USDC | cex=0.06618/0.06622 | dex_sell=0.066129 dex_buy=0.0661512 | spread_a=-13.7bps spread_b=4.4bps | min=30.0bps
2026-05-09 17:20:13,135 | INFO | fetch_order_book: symbol=CHIP/USDC limit=20
2026-05-09 17:20:13,389 | INFO | fetch_order_book: mid=0.06621 spread=3.02bps bids=20 asks=20
2026-05-09 17:20:14,333 | INFO | SPREAD | pair=CHIP/USDC | cex=0.0662/0.06622 | dex_sell=0.066129 dex_buy=0.0661512 | spread_a=-13.7bps spread_b=7.4bps | min=30.0bps
2026-05-09 17:20:15,336 | INFO | fetch_order_book: symbol=CHIP/USDC limit=20
2026-05-09 17:20:15,595 | INFO | fetch_order_book: mid=0.06621 spread=6.04bps bids=20 asks=20
2026-05-09 17:20:16,537 | INFO | SPREAD | pair=CHIP/USDC | cex=0.06619/0.06623 | dex_sell=0.066129 dex_buy=0.0661512 | spread_a=-15.3bps spread_b=5.9bps | min=30.0bps
2026-05-09 17:20:17,539 | INFO | fetch_order_book: symbol=CHIP/USDC limit=20
2026-05-09 17:20:17,799 | INFO | fetch_order_book: mid=0.06620 spread=6.04bps bids=20 asks=20
2026-05-09 17:20:18,693 | INFO | SPREAD | pair=CHIP/USDC | cex=0.06618/0.06622 | dex_sell=0.066129 dex_buy=0.0661512 | spread_a=-13.7bps spread_b=4.4bps | min=30.0bps
2026-05-09 17:20:19,695 | INFO | fetch_order_book: symbol=CHIP/USDC limit=20
2026-05-09 17:20:19,951 | INFO | fetch_order_book: mid=0.066205 spread=7.55bps bids=20 asks=20
2026-05-09 17:20:20,845 | INFO | SPREAD | pair=CHIP/USDC | cex=0.06618/0.06623 | dex_sell=0.066129 dex_buy=0.0661512 | spread_a=-15.3bps spread_b=4.4bps | min=30.0bps
2026-05-09 17:20:21,847 | INFO | fetch_order_book: symbol=CHIP/USDC limit=20
2026-05-09 17:20:22,106 | INFO | fetch_order_book: mid=0.066195 spread=7.55bps bids=20 asks=20
2026-05-09 17:20:22,999 | INFO | SPREAD | pair=CHIP/USDC | cex=0.06617/0.06622 | dex_sell=0.066129 dex_buy=0.0661512 | spread_a=-13.7bps spread_b=2.8bps | min=30.0bps
2026-05-09 17:20:24,002 | INFO | fetch_order_book: symbol=CHIP/USDC limit=20
2026-05-09 17:20:24,264 | INFO | fetch_order_book: mid=0.066205 spread=4.53bps bids=20 asks=20
2026-05-09 17:20:25,151 | INFO | SPREAD | pair=CHIP/USDC | cex=0.06619/0.06622 | dex_sell=0.066129 dex_buy=0.0661512 | spread_a=-13.7bps spread_b=5.9bps | min=30.0bps
2026-05-09 17:20:26,154 | INFO | fetch_order_book: symbol=CHIP/USDC limit=20
2026-05-09 17:20:26,410 | INFO | fetch_order_book: mid=0.06619 spread=6.04bps bids=20 asks=20
2026-05-09 17:20:27,308 | INFO | SPREAD | pair=CHIP/USDC | cex=0.06617/0.06621 | dex_sell=0.0661256 dex_buy=0.0661478 | spread_a=-12.7bps spread_b=3.3bps | min=30.0bps
2026-05-09 17:20:28,310 | INFO | fetch_order_book: symbol=CHIP/USDC limit=20
2026-05-09 17:20:28,715 | INFO | fetch_order_book: mid=0.06619 spread=6.04bps bids=20 asks=20
2026-05-09 17:20:29,634 | INFO | SPREAD | pair=CHIP/USDC | cex=0.06617/0.06621 | dex_sell=0.0661256 dex_buy=0.0661478 | spread_a=-12.7bps spread_b=3.3bps | min=30.0bps
2026-05-09 17:20:30,636 | INFO | fetch_order_book: symbol=CHIP/USDC limit=20
2026-05-09 17:20:30,900 | INFO | fetch_order_book: mid=0.066175 spread=4.53bps bids=20 asks=20
2026-05-09 17:20:31,846 | INFO | SPREAD | pair=CHIP/USDC | cex=0.06616/0.06619 | dex_sell=0.0661256 dex_buy=0.0661478 | spread_a=-9.7bps spread_b=1.8bps | min=30.0bps
2026-05-09 17:20:32,848 | INFO | fetch_order_book: symbol=CHIP/USDC limit=20
2026-05-09 17:20:33,104 | INFO | fetch_order_book: mid=0.06617 spread=3.02bps bids=20 asks=20
2026-05-09 17:20:34,022 | INFO | SPREAD | pair=CHIP/USDC | cex=0.06616/0.06618 | dex_sell=0.0661256 dex_buy=0.0661478 | spread_a=-8.2bps spread_b=1.8bps | min=30.0bps
2026-05-09 17:20:35,025 | INFO | fetch_order_book: symbol=CHIP/USDC limit=20
2026-05-09 17:20:35,289 | INFO | fetch_order_book: mid=0.06613 spread=3.02bps bids=20 asks=20
2026-05-09 17:20:36,215 | INFO | SPREAD | pair=CHIP/USDC | cex=0.06612/0.06614 | dex_sell=0.0661256 dex_buy=0.0661478 | spread_a=-2.2bps spread_b=-4.2bps | min=30.0bps
2026-05-09 17:20:37,217 | INFO | fetch_order_book: symbol=CHIP/USDC limit=20
2026-05-09 17:20:37,475 | INFO | fetch_order_book: mid=0.06613 spread=3.02bps bids=20 asks=20
2026-05-09 17:20:38,409 | INFO | SPREAD | pair=CHIP/USDC | cex=0.06612/0.06614 | dex_sell=0.0661256 dex_buy=0.0661478 | spread_a=-2.2bps spread_b=-4.2bps | min=30.0bps
2026-05-09 17:20:39,410 | INFO | fetch_order_book: symbol=CHIP/USDC limit=20
2026-05-09 17:20:39,669 | INFO | fetch_order_book: mid=0.06613 spread=3.02bps bids=20 asks=20
2026-05-09 17:20:40,610 | INFO | SPREAD | pair=CHIP/USDC | cex=0.06612/0.06614 | dex_sell=0.0661256 dex_buy=0.0661478 | spread_a=-2.2bps spread_b=-4.2bps | min=30.0bps
2026-05-09 17:20:41,611 | INFO | fetch_order_book: symbol=CHIP/USDC limit=20
2026-05-09 17:20:41,866 | INFO | fetch_order_book: mid=0.06613 spread=3.02bps bids=20 asks=20
2026-05-09 17:20:42,766 | INFO | SPREAD | pair=CHIP/USDC | cex=0.06612/0.06614 | dex_sell=0.0661256 dex_buy=0.0661478 | spread_a=-2.2bps spread_b=-4.2bps | min=30.0bps
2026-05-09 17:20:43,768 | INFO | fetch_order_book: symbol=CHIP/USDC limit=20
2026-05-09 17:20:44,044 | INFO | fetch_order_book: mid=0.06613 spread=3.02bps bids=20 asks=20
2026-05-09 17:20:44,929 | INFO | SPREAD | pair=CHIP/USDC | cex=0.06612/0.06614 | dex_sell=0.0661256 dex_buy=0.0661478 | spread_a=-2.2bps spread_b=-4.2bps | min=30.0bps
2026-05-09 17:20:45,932 | INFO | fetch_order_book: symbol=CHIP/USDC limit=20
2026-05-09 17:20:46,191 | INFO | fetch_order_book: mid=0.06613 spread=3.02bps bids=20 asks=20
2026-05-09 17:20:47,112 | INFO | SPREAD | pair=CHIP/USDC | cex=0.06612/0.06614 | dex_sell=0.0661256 dex_buy=0.0661478 | spread_a=-2.2bps spread_b=-4.2bps | min=30.0bps
2026-05-09 17:20:48,115 | INFO | fetch_order_book: symbol=CHIP/USDC limit=20
2026-05-09 17:20:48,457 | INFO | fetch_order_book: mid=0.06611 spread=3.03bps bids=20 asks=20
2026-05-09 17:20:49,335 | INFO | SPREAD | pair=CHIP/USDC | cex=0.0661/0.06612 | dex_sell=0.0661256 dex_buy=0.0661478 | spread_a=0.9bps spread_b=-7.2bps | min=30.0bps
2026-05-09 17:20:50,337 | INFO | fetch_order_book: symbol=CHIP/USDC limit=20
2026-05-09 17:20:50,624 | INFO | fetch_order_book: mid=0.06609 spread=3.03bps bids=20 asks=20
2026-05-09 17:20:51,524 | INFO | SPREAD | pair=CHIP/USDC | cex=0.06608/0.0661 | dex_sell=0.0660908 dex_buy=0.066113 | spread_a=-1.4bps spread_b=-5.0bps | min=30.0bps
2026-05-09 17:20:52,526 | INFO | fetch_order_book: symbol=CHIP/USDC limit=20
2026-05-09 17:20:52,781 | INFO | fetch_order_book: mid=0.06607 spread=3.03bps bids=20 asks=20
2026-05-09 17:20:53,662 | INFO | SPREAD | pair=CHIP/USDC | cex=0.06606/0.06608 | dex_sell=0.0660908 dex_buy=0.066113 | spread_a=1.6bps spread_b=-8.0bps | min=30.0bps
2026-05-09 17:20:54,664 | INFO | fetch_order_book: symbol=CHIP/USDC limit=20
2026-05-09 17:20:54,923 | INFO | fetch_order_book: mid=0.06607 spread=3.03bps bids=20 asks=20
2026-05-09 17:20:55,855 | INFO | SPREAD | pair=CHIP/USDC | cex=0.06606/0.06608 | dex_sell=0.0660908 dex_buy=0.066113 | spread_a=1.6bps spread_b=-8.0bps | min=30.0bps
2026-05-09 17:20:56,859 | INFO | fetch_order_book: symbol=CHIP/USDC limit=20
2026-05-09 17:20:57,123 | INFO | fetch_order_book: mid=0.066075 spread=4.54bps bids=20 asks=20
2026-05-09 17:20:58,047 | INFO | SPREAD | pair=CHIP/USDC | cex=0.06606/0.06609 | dex_sell=0.0660908 dex_buy=0.066113 | spread_a=0.1bps spread_b=-8.0bps | min=30.0bps
2026-05-09 17:20:59,049 | INFO | fetch_order_book: symbol=CHIP/USDC limit=20
2026-05-09 17:20:59,304 | INFO | fetch_order_book: mid=0.066075 spread=4.54bps bids=20 asks=20
2026-05-09 17:21:00,203 | INFO | SPREAD | pair=CHIP/USDC | cex=0.06606/0.06609 | dex_sell=0.0660908 dex_buy=0.066113 | spread_a=0.1bps spread_b=-8.0bps | min=30.0bps
2026-05-09 17:21:01,206 | INFO | fetch_order_book: symbol=CHIP/USDC limit=20
2026-05-09 17:21:01,500 | INFO | fetch_order_book: mid=0.066035 spread=7.57bps bids=20 asks=20
2026-05-09 17:21:02,530 | INFO | SPREAD | pair=CHIP/USDC | cex=0.06601/0.06606 | dex_sell=0.0660108 dex_buy=0.066033 | spread_a=-7.4bps spread_b=-3.5bps | min=30.0bps
2026-05-09 17:21:03,533 | INFO | fetch_order_book: symbol=CHIP/USDC limit=20
2026-05-09 17:21:03,792 | INFO | fetch_order_book: mid=0.066035 spread=7.57bps bids=20 asks=20
2026-05-09 17:21:04,699 | INFO | SPREAD | pair=CHIP/USDC | cex=0.06601/0.06606 | dex_sell=0.0660108 dex_buy=0.066033 | spread_a=-7.4bps spread_b=-3.5bps | min=30.0bps
2026-05-09 17:21:05,701 | INFO | fetch_order_book: symbol=CHIP/USDC limit=20
2026-05-09 17:21:05,958 | INFO | fetch_order_book: mid=0.066035 spread=7.57bps bids=20 asks=20
2026-05-09 17:21:06,865 | INFO | SPREAD | pair=CHIP/USDC | cex=0.06601/0.06606 | dex_sell=0.0660108 dex_buy=0.066033 | spread_a=-7.4bps spread_b=-3.5bps | min=30.0bps
2026-05-09 17:21:07,867 | INFO | fetch_order_book: symbol=CHIP/USDC limit=20
2026-05-09 17:21:08,121 | INFO | fetch_order_book: mid=0.066045 spread=4.54bps bids=20 asks=20
2026-05-09 17:21:09,027 | INFO | SPREAD | pair=CHIP/USDC | cex=0.06603/0.06606 | dex_sell=0.0660108 dex_buy=0.066033 | spread_a=-7.4bps spread_b=-0.4bps | min=30.0bps
2026-05-09 17:21:10,028 | INFO | fetch_order_book: symbol=CHIP/USDC limit=20
2026-05-09 17:21:10,283 | INFO | fetch_order_book: mid=0.066035 spread=1.51bps bids=20 asks=20
2026-05-09 17:21:11,193 | INFO | SPREAD | pair=CHIP/USDC | cex=0.06603/0.06604 | dex_sell=0.0660108 dex_buy=0.066033 | spread_a=-4.4bps spread_b=-0.4bps | min=30.0bps
2026-05-09 17:21:12,195 | INFO | fetch_order_book: symbol=CHIP/USDC limit=20
2026-05-09 17:21:12,451 | INFO | fetch_order_book: mid=0.06604 spread=3.03bps bids=20 asks=20
2026-05-09 17:21:13,398 | INFO | SPREAD | pair=CHIP/USDC | cex=0.06603/0.06605 | dex_sell=0.0660108 dex_buy=0.066033 | spread_a=-5.9bps spread_b=-0.4bps | min=30.0bps
2026-05-09 17:21:14,400 | INFO | fetch_order_book: symbol=CHIP/USDC limit=20
2026-05-09 17:21:14,661 | INFO | fetch_order_book: mid=0.06604 spread=3.03bps bids=20 asks=20
2026-05-09 17:21:15,539 | INFO | SPREAD | pair=CHIP/USDC | cex=0.06603/0.06605 | dex_sell=0.0660108 dex_buy=0.066033 | spread_a=-5.9bps spread_b=-0.4bps | min=30.0bps
2026-05-09 17:21:16,541 | INFO | fetch_order_book: symbol=CHIP/USDC limit=20
2026-05-09 17:21:16,798 | INFO | fetch_order_book: mid=0.066045 spread=4.54bps bids=20 asks=20
2026-05-09 17:21:17,721 | INFO | SPREAD | pair=CHIP/USDC | cex=0.06603/0.06606 | dex_sell=0.0660108 dex_buy=0.066033 | spread_a=-7.4bps spread_b=-0.4bps | min=30.0bps
2026-05-09 17:21:18,724 | INFO | fetch_order_book: symbol=CHIP/USDC limit=20
2026-05-09 17:21:18,979 | INFO | fetch_order_book: mid=0.066045 spread=4.54bps bids=20 asks=20
2026-05-09 17:21:19,868 | INFO | SPREAD | pair=CHIP/USDC | cex=0.06603/0.06606 | dex_sell=0.0660108 dex_buy=0.066033 | spread_a=-7.4bps spread_b=-0.4bps | min=30.0bps
2026-05-09 17:21:20,871 | INFO | fetch_order_book: symbol=CHIP/USDC limit=20
2026-05-09 17:21:21,131 | INFO | fetch_order_book: mid=0.06605 spread=3.03bps bids=20 asks=20
2026-05-09 17:21:22,012 | INFO | SPREAD | pair=CHIP/USDC | cex=0.06604/0.06606 | dex_sell=0.0660108 dex_buy=0.066033 | spread_a=-7.4bps spread_b=1.1bps | min=30.0bps
2026-05-09 17:21:23,015 | INFO | fetch_order_book: symbol=CHIP/USDC limit=20
2026-05-09 17:21:23,269 | INFO | fetch_order_book: mid=0.066045 spread=4.54bps bids=20 asks=20
2026-05-09 17:21:24,155 | INFO | SPREAD | pair=CHIP/USDC | cex=0.06603/0.06606 | dex_sell=0.0660108 dex_buy=0.066033 | spread_a=-7.4bps spread_b=-0.4bps | min=30.0bps
2026-05-09 17:21:25,157 | INFO | fetch_order_book: symbol=CHIP/USDC limit=20
2026-05-09 17:21:25,415 | INFO | fetch_order_book: mid=0.06605 spread=3.03bps bids=20 asks=20
2026-05-09 17:21:26,329 | INFO | SPREAD | pair=CHIP/USDC | cex=0.06604/0.06606 | dex_sell=0.0660108 dex_buy=0.066033 | spread_a=-7.4bps spread_b=1.1bps | min=30.0bps
2026-05-09 17:21:27,331 | INFO | fetch_order_book: symbol=CHIP/USDC limit=20
2026-05-09 17:21:27,592 | INFO | fetch_order_book: mid=0.066045 spread=4.54bps bids=20 asks=20
2026-05-09 17:21:28,514 | INFO | SPREAD | pair=CHIP/USDC | cex=0.06603/0.06606 | dex_sell=0.0660108 dex_buy=0.066033 | spread_a=-7.4bps spread_b=-0.4bps | min=30.0bps
2026-05-09 17:21:29,516 | INFO | fetch_order_book: symbol=CHIP/USDC limit=20
2026-05-09 17:21:29,772 | INFO | fetch_order_book: mid=0.066015 spread=4.54bps bids=20 asks=20
2026-05-09 17:21:30,680 | INFO | SPREAD | pair=CHIP/USDC | cex=0.066/0.06603 | dex_sell=0.0660108 dex_buy=0.066033 | spread_a=-2.9bps spread_b=-5.0bps | min=30.0bps
2026-05-09 17:21:31,682 | INFO | fetch_order_book: symbol=CHIP/USDC limit=20
2026-05-09 17:21:31,940 | INFO | fetch_order_book: mid=0.06602 spread=6.06bps bids=20 asks=20
2026-05-09 17:21:32,832 | INFO | SPREAD | pair=CHIP/USDC | cex=0.066/0.06604 | dex_sell=0.0660108 dex_buy=0.066033 | spread_a=-4.4bps spread_b=-5.0bps | min=30.0bps
2026-05-09 17:21:33,833 | INFO | fetch_order_book: symbol=CHIP/USDC limit=20
2026-05-09 17:21:34,101 | INFO | fetch_order_book: mid=0.06602 spread=6.06bps bids=20 asks=20
2026-05-09 17:21:35,025 | INFO | SPREAD | pair=CHIP/USDC | cex=0.066/0.06604 | dex_sell=0.0660108 dex_buy=0.066033 | spread_a=-4.4bps spread_b=-5.0bps | min=30.0bps
2026-05-09 17:21:36,028 | INFO | fetch_order_book: symbol=CHIP/USDC limit=20
2026-05-09 17:21:36,284 | INFO | fetch_order_book: mid=0.066015 spread=4.54bps bids=20 asks=20
2026-05-09 17:21:37,188 | INFO | SPREAD | pair=CHIP/USDC | cex=0.066/0.06603 | dex_sell=0.0660108 dex_buy=0.066033 | spread_a=-2.9bps spread_b=-5.0bps | min=30.0bps
2026-05-09 17:21:38,191 | INFO | fetch_order_book: symbol=CHIP/USDC limit=20
2026-05-09 17:21:38,446 | INFO | fetch_order_book: mid=0.066015 spread=4.54bps bids=20 asks=20
2026-05-09 17:21:39,370 | INFO | SPREAD | pair=CHIP/USDC | cex=0.066/0.06603 | dex_sell=0.0660108 dex_buy=0.066033 | spread_a=-2.9bps spread_b=-5.0bps | min=30.0bps
2026-05-09 17:21:40,372 | INFO | fetch_order_book: symbol=CHIP/USDC limit=20
2026-05-09 17:21:40,631 | INFO | fetch_order_book: mid=0.066035 spread=7.57bps bids=20 asks=20
2026-05-09 17:21:41,601 | INFO | SPREAD | pair=CHIP/USDC | cex=0.06601/0.06606 | dex_sell=0.0660108 dex_buy=0.066033 | spread_a=-7.4bps spread_b=-3.5bps | min=30.0bps
2026-05-09 17:21:42,604 | INFO | fetch_order_book: symbol=CHIP/USDC limit=20
2026-05-09 17:21:42,864 | INFO | fetch_order_book: mid=0.06602 spread=6.06bps bids=20 asks=20
2026-05-09 17:21:43,758 | INFO | SPREAD | pair=CHIP/USDC | cex=0.066/0.06604 | dex_sell=0.0660108 dex_buy=0.066033 | spread_a=-4.4bps spread_b=-5.0bps | min=30.0bps
2026-05-09 17:21:44,761 | INFO | fetch_order_book: symbol=CHIP/USDC limit=20
2026-05-09 17:21:45,024 | INFO | fetch_order_book: mid=0.06602 spread=6.06bps bids=20 asks=20
2026-05-09 17:21:45,922 | INFO | SPREAD | pair=CHIP/USDC | cex=0.066/0.06604 | dex_sell=0.0660108 dex_buy=0.066033 | spread_a=-4.4bps spread_b=-5.0bps | min=30.0bps
2026-05-09 17:21:46,924 | INFO | fetch_order_book: symbol=CHIP/USDC limit=20
2026-05-09 17:21:47,184 | INFO | fetch_order_book: mid=0.066015 spread=4.54bps bids=20 asks=20
2026-05-09 17:21:48,099 | INFO | SPREAD | pair=CHIP/USDC | cex=0.066/0.06603 | dex_sell=0.0660108 dex_buy=0.066033 | spread_a=-2.9bps spread_b=-5.0bps | min=30.0bps
2026-05-09 17:21:49,102 | INFO | fetch_order_book: symbol=CHIP/USDC limit=20
2026-05-09 17:21:49,368 | INFO | fetch_order_book: mid=0.06601 spread=3.03bps bids=20 asks=20
2026-05-09 17:21:50,296 | INFO | SPREAD | pair=CHIP/USDC | cex=0.066/0.06602 | dex_sell=0.0660108 dex_buy=0.066033 | spread_a=-1.4bps spread_b=-5.0bps | min=30.0bps
2026-05-09 17:21:51,298 | INFO | fetch_order_book: symbol=CHIP/USDC limit=20
2026-05-09 17:21:51,555 | INFO | fetch_order_book: mid=0.06602 spread=6.06bps bids=20 asks=20
2026-05-09 17:21:52,457 | INFO | SPREAD | pair=CHIP/USDC | cex=0.066/0.06604 | dex_sell=0.0660108 dex_buy=0.066033 | spread_a=-4.4bps spread_b=-5.0bps | min=30.0bps
2026-05-09 17:21:53,459 | INFO | fetch_order_book: symbol=CHIP/USDC limit=20
2026-05-09 17:21:53,716 | INFO | fetch_order_book: mid=0.06601 spread=3.03bps bids=20 asks=20
2026-05-09 17:21:54,647 | INFO | SPREAD | pair=CHIP/USDC | cex=0.066/0.06602 | dex_sell=0.0660108 dex_buy=0.066033 | spread_a=-1.4bps spread_b=-5.0bps | min=30.0bps
2026-05-09 17:21:55,649 | INFO | fetch_order_book: symbol=CHIP/USDC limit=20
2026-05-09 17:21:55,905 | INFO | fetch_order_book: mid=0.06601 spread=3.03bps bids=20 asks=20
2026-05-09 17:21:56,852 | INFO | SPREAD | pair=CHIP/USDC | cex=0.066/0.06602 | dex_sell=0.0660108 dex_buy=0.066033 | spread_a=-1.4bps spread_b=-5.0bps | min=30.0bps
2026-05-09 17:21:57,854 | INFO | fetch_order_book: symbol=CHIP/USDC limit=20
2026-05-09 17:21:58,587 | INFO | fetch_order_book: mid=0.06601 spread=3.03bps bids=20 asks=20
2026-05-09 17:21:59,534 | INFO | SPREAD | pair=CHIP/USDC | cex=0.066/0.06602 | dex_sell=0.0660108 dex_buy=0.066033 | spread_a=-1.4bps spread_b=-5.0bps | min=30.0bps
2026-05-09 17:22:00,536 | INFO | fetch_order_book: symbol=CHIP/USDC limit=20
2026-05-09 17:22:00,793 | INFO | fetch_order_book: mid=0.065985 spread=1.52bps bids=20 asks=20
2026-05-09 17:22:01,719 | INFO | SPREAD | pair=CHIP/USDC | cex=0.06598/0.06599 | dex_sell=0.0660108 dex_buy=0.0660004 | spread_a=3.2bps spread_b=-3.1bps | min=30.0bps
2026-05-09 17:22:02,722 | INFO | fetch_order_book: symbol=CHIP/USDC limit=20
2026-05-09 17:22:02,988 | INFO | fetch_order_book: mid=0.065965 spread=1.52bps bids=20 asks=20
2026-05-09 17:22:03,902 | INFO | SPREAD | pair=CHIP/USDC | cex=0.06596/0.06597 | dex_sell=0.0659534 dex_buy=0.0659704 | spread_a=-2.5bps spread_b=-1.6bps | min=30.0bps
2026-05-09 17:22:04,904 | INFO | fetch_order_book: symbol=CHIP/USDC limit=20
2026-05-09 17:22:05,161 | INFO | fetch_order_book: mid=0.06597 spread=3.03bps bids=20 asks=20
2026-05-09 17:22:06,074 | INFO | SPREAD | pair=CHIP/USDC | cex=0.06596/0.06598 | dex_sell=0.0659534 dex_buy=0.0659704 | spread_a=-4.0bps spread_b=-1.6bps | min=30.0bps
2026-05-09 17:22:07,076 | INFO | fetch_order_book: symbol=CHIP/USDC limit=20
2026-05-09 17:22:07,390 | INFO | fetch_order_book: mid=0.06597 spread=3.03bps bids=20 asks=20
2026-05-09 17:22:08,557 | INFO | SPREAD | pair=CHIP/USDC | cex=0.06596/0.06598 | dex_sell=0.0659534 dex_buy=0.0659704 | spread_a=-4.0bps spread_b=-1.6bps | min=30.0bps
2026-05-09 17:22:09,560 | INFO | fetch_order_book: symbol=CHIP/USDC limit=20
2026-05-09 17:22:09,874 | INFO | fetch_order_book: mid=0.06595 spread=3.03bps bids=20 asks=20
2026-05-09 17:22:11,193 | INFO | SPREAD | pair=CHIP/USDC | cex=0.06594/0.06596 | dex_sell=0.0659534 dex_buy=0.0659704 | spread_a=-1.0bps spread_b=-4.6bps | min=30.0bps
2026-05-09 17:22:12,196 | INFO | fetch_order_book: symbol=CHIP/USDC limit=20
2026-05-09 17:22:12,534 | INFO | fetch_order_book: mid=0.065955 spread=4.55bps bids=20 asks=20
2026-05-09 17:22:13,777 | INFO | SPREAD | pair=CHIP/USDC | cex=0.06594/0.06597 | dex_sell=0.0659534 dex_buy=0.0659704 | spread_a=-2.5bps spread_b=-4.6bps | min=30.0bps
2026-05-09 17:22:14,780 | INFO | fetch_order_book: symbol=CHIP/USDC limit=20
2026-05-09 17:22:15,230 | INFO | fetch_order_book: mid=0.065955 spread=4.55bps bids=20 asks=20
2026-05-09 17:22:16,548 | INFO | SPREAD | pair=CHIP/USDC | cex=0.06594/0.06597 | dex_sell=0.0659534 dex_buy=0.0659704 | spread_a=-2.5bps spread_b=-4.6bps | min=30.0bps
2026-05-09 17:22:17,551 | INFO | fetch_order_book: symbol=CHIP/USDC limit=20
2026-05-09 17:22:17,878 | INFO | fetch_order_book: mid=0.06593 spread=3.03bps bids=20 asks=20
2026-05-09 17:22:19,110 | INFO | SPREAD | pair=CHIP/USDC | cex=0.06592/0.06594 | dex_sell=0.0659234 dex_buy=0.0659403 | spread_a=-2.5bps spread_b=-3.1bps | min=30.0bps
2026-05-09 17:22:20,112 | INFO | fetch_order_book: symbol=CHIP/USDC limit=20
2026-05-09 17:22:20,460 | INFO | fetch_order_book: mid=0.06593 spread=3.03bps bids=20 asks=20
2026-05-09 17:22:21,887 | INFO | SPREAD | pair=CHIP/USDC | cex=0.06592/0.06594 | dex_sell=0.0659234 dex_buy=0.0659403 | spread_a=-2.5bps spread_b=-3.1bps | min=30.0bps
2026-05-09 17:22:22,889 | INFO | fetch_order_book: symbol=CHIP/USDC limit=20
2026-05-09 17:22:23,228 | INFO | fetch_order_book: mid=0.06593 spread=3.03bps bids=20 asks=20
2026-05-09 17:22:24,456 | INFO | SPREAD | pair=CHIP/USDC | cex=0.06592/0.06594 | dex_sell=0.0659234 dex_buy=0.0659403 | spread_a=-2.5bps spread_b=-3.1bps | min=30.0bps
2026-05-09 17:22:25,457 | INFO | fetch_order_book: symbol=CHIP/USDC limit=20
2026-05-09 17:22:25,796 | INFO | fetch_order_book: mid=0.06593 spread=3.03bps bids=20 asks=20
2026-05-09 17:22:26,825 | INFO | SPREAD | pair=CHIP/USDC | cex=0.06592/0.06594 | dex_sell=0.0659234 dex_buy=0.0659403 | spread_a=-2.5bps spread_b=-3.1bps | min=30.0bps
2026-05-09 17:22:27,827 | INFO | fetch_order_book: symbol=CHIP/USDC limit=20
2026-05-09 17:22:28,083 | INFO | fetch_order_book: mid=0.06591 spread=3.03bps bids=20 asks=20
2026-05-09 17:22:29,051 | INFO | SPREAD | pair=CHIP/USDC | cex=0.0659/0.06592 | dex_sell=0.0659234 dex_buy=0.0659403 | spread_a=0.5bps spread_b=-6.1bps | min=30.0bps
2026-05-09 17:22:30,053 | INFO | fetch_order_book: symbol=CHIP/USDC limit=20
2026-05-09 17:22:30,319 | INFO | fetch_order_book: mid=0.06592 spread=6.07bps bids=20 asks=20
2026-05-09 17:22:31,225 | INFO | SPREAD | pair=CHIP/USDC | cex=0.0659/0.06594 | dex_sell=0.0659234 dex_buy=0.0659403 | spread_a=-2.5bps spread_b=-6.1bps | min=30.0bps
2026-05-09 17:22:32,228 | INFO | fetch_order_book: symbol=CHIP/USDC limit=20
2026-05-09 17:22:32,490 | INFO | fetch_order_book: mid=0.065905 spread=1.52bps bids=20 asks=20
2026-05-09 17:22:33,345 | INFO | SPREAD | pair=CHIP/USDC | cex=0.0659/0.06591 | dex_sell=0.0659234 dex_buy=0.0659403 | spread_a=2.0bps spread_b=-6.1bps | min=30.0bps
2026-05-09 17:22:34,347 | INFO | fetch_order_book: symbol=CHIP/USDC limit=20
2026-05-09 17:22:34,604 | INFO | fetch_order_book: mid=0.06591 spread=3.03bps bids=20 asks=20
2026-05-09 17:22:35,512 | INFO | SPREAD | pair=CHIP/USDC | cex=0.0659/0.06592 | dex_sell=0.0659234 dex_buy=0.0659403 | spread_a=0.5bps spread_b=-6.1bps | min=30.0bps
2026-05-09 17:22:36,515 | INFO | fetch_order_book: symbol=CHIP/USDC limit=20
2026-05-09 17:22:36,778 | INFO | fetch_order_book: mid=0.06591 spread=3.03bps bids=20 asks=20
2026-05-09 17:22:37,700 | INFO | SPREAD | pair=CHIP/USDC | cex=0.0659/0.06592 | dex_sell=0.0659234 dex_buy=0.0659403 | spread_a=0.5bps spread_b=-6.1bps | min=30.0bps
2026-05-09 17:22:38,703 | INFO | fetch_order_book: symbol=CHIP/USDC limit=20
2026-05-09 17:22:38,963 | INFO | fetch_order_book: mid=0.065915 spread=4.55bps bids=20 asks=20
2026-05-09 17:22:39,867 | INFO | SPREAD | pair=CHIP/USDC | cex=0.0659/0.06593 | dex_sell=0.0659234 dex_buy=0.0659403 | spread_a=-1.0bps spread_b=-6.1bps | min=30.0bps
2026-05-09 17:22:40,869 | INFO | fetch_order_book: symbol=CHIP/USDC limit=20
2026-05-09 17:22:41,127 | INFO | fetch_order_book: mid=0.065915 spread=4.55bps bids=20 asks=20
2026-05-09 17:22:42,001 | INFO | SPREAD | pair=CHIP/USDC | cex=0.0659/0.06593 | dex_sell=0.0659234 dex_buy=0.0659403 | spread_a=-1.0bps spread_b=-6.1bps | min=30.0bps
2026-05-09 17:22:43,003 | INFO | fetch_order_book: symbol=CHIP/USDC limit=20
2026-05-09 17:22:43,266 | INFO | fetch_order_book: mid=0.065915 spread=4.55bps bids=20 asks=20
2026-05-09 17:22:44,132 | INFO | SPREAD | pair=CHIP/USDC | cex=0.0659/0.06593 | dex_sell=0.0659234 dex_buy=0.0659403 | spread_a=-1.0bps spread_b=-6.1bps | min=30.0bps
2026-05-09 17:22:45,135 | INFO | fetch_order_book: symbol=CHIP/USDC limit=20
2026-05-09 17:22:45,391 | INFO | fetch_order_book: mid=0.065915 spread=4.55bps bids=20 asks=20
2026-05-09 17:22:46,275 | INFO | SPREAD | pair=CHIP/USDC | cex=0.0659/0.06593 | dex_sell=0.0659234 dex_buy=0.0659403 | spread_a=-1.0bps spread_b=-6.1bps | min=30.0bps
2026-05-09 17:22:47,277 | INFO | fetch_order_book: symbol=CHIP/USDC limit=20
2026-05-09 17:22:47,542 | INFO | fetch_order_book: mid=0.065915 spread=4.55bps bids=20 asks=20
2026-05-09 17:22:48,437 | INFO | SPREAD | pair=CHIP/USDC | cex=0.0659/0.06593 | dex_sell=0.0659234 dex_buy=0.0659403 | spread_a=-1.0bps spread_b=-6.1bps | min=30.0bps
2026-05-09 17:22:49,439 | INFO | fetch_order_book: symbol=CHIP/USDC limit=20
2026-05-09 17:22:49,700 | INFO | fetch_order_book: mid=0.065915 spread=4.55bps bids=20 asks=20
2026-05-09 17:22:50,598 | INFO | SPREAD | pair=CHIP/USDC | cex=0.0659/0.06593 | dex_sell=0.0659234 dex_buy=0.0659403 | spread_a=-1.0bps spread_b=-6.1bps | min=30.0bps
2026-05-09 17:22:51,600 | INFO | fetch_order_book: symbol=CHIP/USDC limit=20
2026-05-09 17:22:51,856 | INFO | fetch_order_book: mid=0.065905 spread=1.52bps bids=20 asks=20
2026-05-09 17:22:52,833 | INFO | SPREAD | pair=CHIP/USDC | cex=0.0659/0.06591 | dex_sell=0.0658933 dex_buy=0.0659103 | spread_a=-2.5bps spread_b=-1.6bps | min=30.0bps
2026-05-09 17:22:53,835 | INFO | fetch_order_book: symbol=CHIP/USDC limit=20
2026-05-09 17:22:54,187 | INFO | fetch_order_book: mid=0.06589 spread=3.04bps bids=20 asks=20
2026-05-09 17:22:55,057 | INFO | SPREAD | pair=CHIP/USDC | cex=0.06588/0.0659 | dex_sell=0.0658933 dex_buy=0.0659103 | spread_a=-1.0bps spread_b=-4.6bps | min=30.0bps
2026-05-09 17:22:56,059 | INFO | fetch_order_book: symbol=CHIP/USDC limit=20
2026-05-09 17:22:56,317 | INFO | fetch_order_book: mid=0.065905 spread=4.55bps bids=20 asks=20
2026-05-09 17:22:57,222 | INFO | SPREAD | pair=CHIP/USDC | cex=0.06589/0.06592 | dex_sell=0.0658933 dex_buy=0.0659103 | spread_a=-4.0bps spread_b=-3.1bps | min=30.0bps
2026-05-09 17:22:58,224 | INFO | fetch_order_book: symbol=CHIP/USDC limit=20
2026-05-09 17:22:58,486 | INFO | fetch_order_book: mid=0.06591 spread=6.07bps bids=20 asks=20
2026-05-09 17:22:59,549 | INFO | SPREAD | pair=CHIP/USDC | cex=0.06589/0.06593 | dex_sell=0.0658933 dex_buy=0.0659103 | spread_a=-5.6bps spread_b=-3.1bps | min=30.0bps
2026-05-09 17:23:00,551 | INFO | fetch_order_book: symbol=CHIP/USDC limit=20
2026-05-09 17:23:00,855 | INFO | fetch_order_book: mid=0.06591 spread=6.07bps bids=20 asks=20
2026-05-09 17:23:01,875 | INFO | SPREAD | pair=CHIP/USDC | cex=0.06589/0.06593 | dex_sell=0.0658933 dex_buy=0.0659103 | spread_a=-5.6bps spread_b=-3.1bps | min=30.0bps
2026-05-09 17:23:02,877 | INFO | fetch_order_book: symbol=CHIP/USDC limit=20
2026-05-09 17:23:03,134 | INFO | fetch_order_book: mid=0.06591 spread=6.07bps bids=20 asks=20
2026-05-09 17:23:04,063 | INFO | SPREAD | pair=CHIP/USDC | cex=0.06589/0.06593 | dex_sell=0.0658933 dex_buy=0.0659103 | spread_a=-5.6bps spread_b=-3.1bps | min=30.0bps
2026-05-09 17:23:05,065 | INFO | fetch_order_book: symbol=CHIP/USDC limit=20
2026-05-09 17:23:05,323 | INFO | fetch_order_book: mid=0.06591 spread=6.07bps bids=20 asks=20
2026-05-09 17:23:06,243 | INFO | SPREAD | pair=CHIP/USDC | cex=0.06589/0.06593 | dex_sell=0.0658933 dex_buy=0.0659103 | spread_a=-5.6bps spread_b=-3.1bps | min=30.0bps
2026-05-09 17:23:07,246 | INFO | fetch_order_book: symbol=CHIP/USDC limit=20
2026-05-09 17:23:07,501 | INFO | fetch_order_book: mid=0.06591 spread=6.07bps bids=20 asks=20
2026-05-09 17:23:08,393 | INFO | SPREAD | pair=CHIP/USDC | cex=0.06589/0.06593 | dex_sell=0.0658933 dex_buy=0.0659103 | spread_a=-5.6bps spread_b=-3.1bps | min=30.0bps
2026-05-09 17:23:09,395 | INFO | fetch_order_book: symbol=CHIP/USDC limit=20
2026-05-09 17:23:09,745 | INFO | fetch_order_book: mid=0.06591 spread=6.07bps bids=20 asks=20
2026-05-09 17:23:10,645 | INFO | SPREAD | pair=CHIP/USDC | cex=0.06589/0.06593 | dex_sell=0.0658933 dex_buy=0.0659103 | spread_a=-5.6bps spread_b=-3.1bps | min=30.0bps
2026-05-09 17:23:11,647 | INFO | fetch_order_book: symbol=CHIP/USDC limit=20
2026-05-09 17:23:11,905 | INFO | fetch_order_book: mid=0.06591 spread=6.07bps bids=20 asks=20
2026-05-09 17:23:12,798 | INFO | SPREAD | pair=CHIP/USDC | cex=0.06589/0.06593 | dex_sell=0.0658933 dex_buy=0.0659103 | spread_a=-5.6bps spread_b=-3.1bps | min=30.0bps
2026-05-09 17:23:13,801 | INFO | fetch_order_book: symbol=CHIP/USDC limit=20
2026-05-09 17:23:14,055 | INFO | fetch_order_book: mid=0.065925 spread=4.55bps bids=20 asks=20
2026-05-09 17:23:14,925 | INFO | SPREAD | pair=CHIP/USDC | cex=0.06591/0.06594 | dex_sell=0.0658933 dex_buy=0.0659103 | spread_a=-7.1bps spread_b=-0.0bps | min=30.0bps
2026-05-09 17:23:15,927 | INFO | fetch_order_book: symbol=CHIP/USDC limit=20
2026-05-09 17:23:16,182 | INFO | fetch_order_book: mid=0.065915 spread=4.55bps bids=20 asks=20
2026-05-09 17:23:17,146 | INFO | SPREAD | pair=CHIP/USDC | cex=0.0659/0.06593 | dex_sell=0.0658933 dex_buy=0.0659103 | spread_a=-5.6bps spread_b=-1.6bps | min=30.0bps
2026-05-09 17:23:18,149 | INFO | fetch_order_book: symbol=CHIP/USDC limit=20
2026-05-09 17:23:18,409 | INFO | fetch_order_book: mid=0.06590 spread=6.07bps bids=20 asks=20
2026-05-09 17:23:19,295 | INFO | SPREAD | pair=CHIP/USDC | cex=0.06588/0.06592 | dex_sell=0.0658933 dex_buy=0.0659103 | spread_a=-4.0bps spread_b=-4.6bps | min=30.0bps
2026-05-09 17:23:20,297 | INFO | fetch_order_book: symbol=CHIP/USDC limit=20
2026-05-09 17:23:20,556 | INFO | fetch_order_book: mid=0.06590 spread=6.07bps bids=20 asks=20
2026-05-09 17:23:21,441 | INFO | SPREAD | pair=CHIP/USDC | cex=0.06588/0.06592 | dex_sell=0.0658933 dex_buy=0.0659103 | spread_a=-4.0bps spread_b=-4.6bps | min=30.0bps
2026-05-09 17:23:22,443 | INFO | fetch_order_book: symbol=CHIP/USDC limit=20
2026-05-09 17:23:22,699 | INFO | fetch_order_book: mid=0.06590 spread=6.07bps bids=20 asks=20
2026-05-09 17:23:23,602 | INFO | SPREAD | pair=CHIP/USDC | cex=0.06588/0.06592 | dex_sell=0.0658933 dex_buy=0.0659103 | spread_a=-4.0bps spread_b=-4.6bps | min=30.0bps
2026-05-09 17:23:24,604 | INFO | fetch_order_book: symbol=CHIP/USDC limit=20
2026-05-09 17:23:24,865 | INFO | fetch_order_book: mid=0.06590 spread=6.07bps bids=20 asks=20
2026-05-09 17:23:25,769 | INFO | SPREAD | pair=CHIP/USDC | cex=0.06588/0.06592 | dex_sell=0.0658933 dex_buy=0.0659103 | spread_a=-4.0bps spread_b=-4.6bps | min=30.0bps
2026-05-09 17:23:26,771 | INFO | fetch_order_book: symbol=CHIP/USDC limit=20
2026-05-09 17:23:27,028 | INFO | fetch_order_book: mid=0.065905 spread=4.55bps bids=20 asks=20
2026-05-09 17:23:27,967 | INFO | SPREAD | pair=CHIP/USDC | cex=0.06589/0.06592 | dex_sell=0.0658933 dex_buy=0.0659103 | spread_a=-4.0bps spread_b=-3.1bps | min=30.0bps
2026-05-09 17:23:28,977 | INFO | fetch_order_book: symbol=CHIP/USDC limit=20
2026-05-09 17:23:29,305 | INFO | fetch_order_book: mid=0.06590 spread=6.07bps bids=20 asks=20
2026-05-09 17:23:30,196 | INFO | SPREAD | pair=CHIP/USDC | cex=0.06588/0.06592 | dex_sell=0.0658933 dex_buy=0.0659103 | spread_a=-4.0bps spread_b=-4.6bps | min=30.0bps
2026-05-09 17:23:31,198 | INFO | fetch_order_book: symbol=CHIP/USDC limit=20
2026-05-09 17:23:31,455 | INFO | fetch_order_book: mid=0.06590 spread=6.07bps bids=20 asks=20
2026-05-09 17:23:32,369 | INFO | SPREAD | pair=CHIP/USDC | cex=0.06588/0.06592 | dex_sell=0.0658933 dex_buy=0.0659103 | spread_a=-4.0bps spread_b=-4.6bps | min=30.0bps
2026-05-09 17:23:33,371 | INFO | fetch_order_book: symbol=CHIP/USDC limit=20
2026-05-09 17:23:33,633 | INFO | fetch_order_book: mid=0.06590 spread=6.07bps bids=20 asks=20
2026-05-09 17:23:34,533 | INFO | SPREAD | pair=CHIP/USDC | cex=0.06588/0.06592 | dex_sell=0.0658933 dex_buy=0.0659103 | spread_a=-4.0bps spread_b=-4.6bps | min=30.0bps
2026-05-09 17:23:35,535 | INFO | fetch_order_book: symbol=CHIP/USDC limit=20
2026-05-09 17:23:35,800 | INFO | fetch_order_book: mid=0.06590 spread=6.07bps bids=20 asks=20
2026-05-09 17:23:36,698 | INFO | SPREAD | pair=CHIP/USDC | cex=0.06588/0.06592 | dex_sell=0.0658933 dex_buy=0.0659103 | spread_a=-4.0bps spread_b=-4.6bps | min=30.0bps
2026-05-09 17:23:37,701 | INFO | fetch_order_book: symbol=CHIP/USDC limit=20
2026-05-09 17:23:37,958 | INFO | fetch_order_book: mid=0.06590 spread=6.07bps bids=20 asks=20
2026-05-09 17:23:38,880 | INFO | SPREAD | pair=CHIP/USDC | cex=0.06588/0.06592 | dex_sell=0.0658933 dex_buy=0.0659103 | spread_a=-4.0bps spread_b=-4.6bps | min=30.0bps
2026-05-09 17:23:39,882 | INFO | fetch_order_book: symbol=CHIP/USDC limit=20
2026-05-09 17:23:40,140 | INFO | fetch_order_book: mid=0.06592 spread=6.07bps bids=20 asks=20
2026-05-09 17:23:41,030 | INFO | SPREAD | pair=CHIP/USDC | cex=0.0659/0.06594 | dex_sell=0.0658933 dex_buy=0.0659103 | spread_a=-7.1bps spread_b=-1.6bps | min=30.0bps
2026-05-09 17:23:42,032 | INFO | fetch_order_book: symbol=CHIP/USDC limit=20
2026-05-09 17:23:42,288 | INFO | fetch_order_book: mid=0.06592 spread=6.07bps bids=20 asks=20
2026-05-09 17:23:43,204 | INFO | SPREAD | pair=CHIP/USDC | cex=0.0659/0.06594 | dex_sell=0.0658933 dex_buy=0.0659103 | spread_a=-7.1bps spread_b=-1.6bps | min=30.0bps
2026-05-09 17:23:44,206 | INFO | fetch_order_book: symbol=CHIP/USDC limit=20
2026-05-09 17:23:44,531 | INFO | fetch_order_book: mid=0.06592 spread=6.07bps bids=20 asks=20
2026-05-09 17:23:45,656 | INFO | SPREAD | pair=CHIP/USDC | cex=0.0659/0.06594 | dex_sell=0.0658933 dex_buy=0.0659103 | spread_a=-7.1bps spread_b=-1.6bps | min=30.0bps
2026-05-09 17:23:46,658 | INFO | fetch_order_book: symbol=CHIP/USDC limit=20
2026-05-09 17:23:46,915 | INFO | fetch_order_book: mid=0.06592 spread=6.07bps bids=20 asks=20
2026-05-09 17:23:47,810 | INFO | SPREAD | pair=CHIP/USDC | cex=0.0659/0.06594 | dex_sell=0.0658933 dex_buy=0.0659103 | spread_a=-7.1bps spread_b=-1.6bps | min=30.0bps
2026-05-09 17:23:48,812 | INFO | fetch_order_book: symbol=CHIP/USDC limit=20
2026-05-09 17:23:49,072 | INFO | fetch_order_book: mid=0.065915 spread=4.55bps bids=20 asks=20
2026-05-09 17:23:49,957 | INFO | SPREAD | pair=CHIP/USDC | cex=0.0659/0.06593 | dex_sell=0.0658933 dex_buy=0.0659103 | spread_a=-5.6bps spread_b=-1.6bps | min=30.0bps
2026-05-09 17:23:50,960 | INFO | fetch_order_book: symbol=CHIP/USDC limit=20
2026-05-09 17:23:51,223 | INFO | fetch_order_book: mid=0.065895 spread=4.55bps bids=20 asks=20
2026-05-09 17:23:52,111 | INFO | SPREAD | pair=CHIP/USDC | cex=0.06588/0.06591 | dex_sell=0.0658933 dex_buy=0.0659103 | spread_a=-2.5bps spread_b=-4.6bps | min=30.0bps
2026-05-09 17:23:53,114 | INFO | fetch_order_book: symbol=CHIP/USDC limit=20
2026-05-09 17:23:53,381 | INFO | fetch_order_book: mid=0.06587 spread=3.04bps bids=20 asks=20
2026-05-09 17:23:54,270 | INFO | SPREAD | pair=CHIP/USDC | cex=0.06586/0.06588 | dex_sell=0.0658933 dex_buy=0.0659103 | spread_a=2.0bps spread_b=-7.6bps | min=30.0bps
2026-05-09 17:23:55,272 | INFO | fetch_order_book: symbol=CHIP/USDC limit=20
2026-05-09 17:23:55,533 | INFO | fetch_order_book: mid=0.06581 spread=3.04bps bids=20 asks=20
2026-05-09 17:23:56,455 | INFO | SPREAD | pair=CHIP/USDC | cex=0.0658/0.06582 | dex_sell=0.0658233 dex_buy=0.0658402 | spread_a=0.5bps spread_b=-6.1bps | min=30.0bps
2026-05-09 17:23:57,458 | INFO | fetch_order_book: symbol=CHIP/USDC limit=20
2026-05-09 17:23:57,788 | INFO | fetch_order_book: mid=0.06579 spread=3.04bps bids=20 asks=20
2026-05-09 17:23:58,680 | INFO | SPREAD | pair=CHIP/USDC | cex=0.06578/0.0658 | dex_sell=0.0657934 dex_buy=0.0658103 | spread_a=-1.0bps spread_b=-4.6bps | min=30.0bps
2026-05-09 17:23:59,682 | INFO | fetch_order_book: symbol=CHIP/USDC limit=20
2026-05-09 17:23:59,940 | INFO | fetch_order_book: mid=0.065735 spread=4.56bps bids=20 asks=20
2026-05-09 17:24:00,823 | INFO | SPREAD | pair=CHIP/USDC | cex=0.06572/0.06575 | dex_sell=0.0657634 dex_buy=0.0657503 | spread_a=2.0bps spread_b=-4.6bps | min=30.0bps
2026-05-09 17:24:01,825 | INFO | fetch_order_book: symbol=CHIP/USDC limit=20
2026-05-09 17:24:02,088 | INFO | fetch_order_book: mid=0.06569 spread=3.04bps bids=20 asks=20
2026-05-09 17:24:02,981 | INFO | SPREAD | pair=CHIP/USDC | cex=0.06568/0.0657 | dex_sell=0.0657035 dex_buy=0.0656902 | spread_a=0.5bps spread_b=-1.6bps | min=30.0bps
2026-05-09 17:24:03,983 | INFO | fetch_order_book: symbol=CHIP/USDC limit=20
2026-05-09 17:24:04,241 | INFO | fetch_order_book: mid=0.065685 spread=1.52bps bids=20 asks=20
2026-05-09 17:24:05,336 | INFO | SPREAD | pair=CHIP/USDC | cex=0.06568/0.06569 | dex_sell=0.0656734 dex_buy=0.0656902 | spread_a=-2.5bps spread_b=-1.6bps | min=30.0bps
2026-05-09 17:24:06,339 | INFO | fetch_order_book: symbol=CHIP/USDC limit=20
2026-05-09 17:24:06,595 | INFO | fetch_order_book: mid=0.06569 spread=3.04bps bids=20 asks=20
2026-05-09 17:24:07,657 | INFO | SPREAD | pair=CHIP/USDC | cex=0.06568/0.0657 | dex_sell=0.0656734 dex_buy=0.0656902 | spread_a=-4.1bps spread_b=-1.6bps | min=30.0bps
2026-05-09 17:24:08,660 | INFO | fetch_order_book: symbol=CHIP/USDC limit=20
2026-05-09 17:24:08,919 | INFO | fetch_order_book: mid=0.065645 spread=1.52bps bids=20 asks=20
2026-05-09 17:24:09,786 | INFO | SPREAD | pair=CHIP/USDC | cex=0.06564/0.06565 | dex_sell=0.0656435 dex_buy=0.0656604 | spread_a=-1.0bps spread_b=-3.1bps | min=30.0bps
2026-05-09 17:24:10,788 | INFO | fetch_order_book: symbol=CHIP/USDC limit=20
2026-05-09 17:24:11,045 | INFO | fetch_order_book: mid=0.065615 spread=4.57bps bids=20 asks=20
2026-05-09 17:24:11,968 | INFO | SPREAD | pair=CHIP/USDC | cex=0.0656/0.06563 | dex_sell=0.0656134 dex_buy=0.0656302 | spread_a=-2.5bps spread_b=-4.6bps | min=30.0bps
2026-05-09 17:24:12,970 | INFO | fetch_order_book: symbol=CHIP/USDC limit=20
2026-05-09 17:24:13,226 | INFO | fetch_order_book: mid=0.06562 spread=3.05bps bids=20 asks=20
2026-05-09 17:24:14,095 | INFO | SPREAD | pair=CHIP/USDC | cex=0.06561/0.06563 | dex_sell=0.0656134 dex_buy=0.0656302 | spread_a=-2.5bps spread_b=-3.1bps | min=30.0bps
2026-05-09 17:24:15,097 | INFO | fetch_order_book: symbol=CHIP/USDC limit=20
2026-05-09 17:24:15,362 | INFO | fetch_order_book: mid=0.06561 spread=3.05bps bids=20 asks=20
2026-05-09 17:24:16,294 | INFO | SPREAD | pair=CHIP/USDC | cex=0.0656/0.06562 | dex_sell=0.0655832 dex_buy=0.0656001 | spread_a=-5.6bps spread_b=-0.0bps | min=30.0bps
2026-05-09 17:24:17,296 | INFO | fetch_order_book: symbol=CHIP/USDC limit=20
2026-05-09 17:24:17,559 | INFO | fetch_order_book: mid=0.065585 spread=4.57bps bids=20 asks=20
2026-05-09 17:24:18,456 | INFO | SPREAD | pair=CHIP/USDC | cex=0.06557/0.0656 | dex_sell=0.0655832 dex_buy=0.0656001 | spread_a=-2.6bps spread_b=-4.6bps | min=30.0bps
2026-05-09 17:24:19,458 | INFO | fetch_order_book: symbol=CHIP/USDC limit=20
2026-05-09 17:24:19,715 | INFO | fetch_order_book: mid=0.065615 spread=4.57bps bids=20 asks=20
2026-05-09 17:24:20,632 | INFO | SPREAD | pair=CHIP/USDC | cex=0.0656/0.06563 | dex_sell=0.0655832 dex_buy=0.0656001 | spread_a=-7.1bps spread_b=-0.0bps | min=30.0bps
2026-05-09 17:24:21,634 | INFO | fetch_order_book: symbol=CHIP/USDC limit=20
2026-05-09 17:24:21,893 | INFO | fetch_order_book: mid=0.065615 spread=4.57bps bids=20 asks=20
2026-05-09 17:24:22,790 | INFO | SPREAD | pair=CHIP/USDC | cex=0.0656/0.06563 | dex_sell=0.0655832 dex_buy=0.0656001 | spread_a=-7.1bps spread_b=-0.0bps | min=30.0bps
2026-05-09 17:24:23,793 | INFO | fetch_order_book: symbol=CHIP/USDC limit=20
2026-05-09 17:24:24,047 | INFO | fetch_order_book: mid=0.065675 spread=1.52bps bids=20 asks=20
2026-05-09 17:24:25,014 | INFO | SPREAD | pair=CHIP/USDC | cex=0.06567/0.06568 | dex_sell=0.0656096 dex_buy=0.0656564 | spread_a=-10.7bps spread_b=2.1bps | min=30.0bps
2026-05-09 17:24:26,017 | INFO | fetch_order_book: symbol=CHIP/USDC limit=20
2026-05-09 17:24:26,363 | INFO | fetch_order_book: mid=0.06567 spread=3.05bps bids=20 asks=20
2026-05-09 17:24:27,397 | INFO | SPREAD | pair=CHIP/USDC | cex=0.06566/0.06568 | dex_sell=0.0656396 dex_buy=0.0656564 | spread_a=-6.2bps spread_b=0.5bps | min=30.0bps
2026-05-09 17:24:28,399 | INFO | fetch_order_book: symbol=CHIP/USDC limit=20
2026-05-09 17:24:28,659 | INFO | fetch_order_book: mid=0.06567 spread=3.05bps bids=20 asks=20
2026-05-09 17:24:29,804 | INFO | SPREAD | pair=CHIP/USDC | cex=0.06566/0.06568 | dex_sell=0.0656396 dex_buy=0.0656564 | spread_a=-6.2bps spread_b=0.5bps | min=30.0bps
2026-05-09 17:24:30,807 | INFO | fetch_order_book: symbol=CHIP/USDC limit=20
2026-05-09 17:24:31,161 | INFO | fetch_order_book: mid=0.06567 spread=3.05bps bids=20 asks=20
2026-05-09 17:24:32,128 | INFO | SPREAD | pair=CHIP/USDC | cex=0.06566/0.06568 | dex_sell=0.0656396 dex_buy=0.0656564 | spread_a=-6.2bps spread_b=0.5bps | min=30.0bps
2026-05-09 17:24:33,130 | INFO | fetch_order_book: symbol=CHIP/USDC limit=20
2026-05-09 17:24:33,389 | INFO | fetch_order_book: mid=0.06569 spread=6.09bps bids=20 asks=20
2026-05-09 17:24:34,279 | INFO | SPREAD | pair=CHIP/USDC | cex=0.06567/0.06571 | dex_sell=0.0656396 dex_buy=0.0656564 | spread_a=-10.7bps spread_b=2.1bps | min=30.0bps
2026-05-09 17:24:35,283 | INFO | fetch_order_book: symbol=CHIP/USDC limit=20
2026-05-09 17:24:35,550 | INFO | fetch_order_book: mid=0.06569 spread=6.09bps bids=20 asks=20
2026-05-09 17:24:36,449 | INFO | SPREAD | pair=CHIP/USDC | cex=0.06567/0.06571 | dex_sell=0.0656396 dex_buy=0.0656564 | spread_a=-10.7bps spread_b=2.1bps | min=30.0bps
2026-05-09 17:24:37,450 | INFO | fetch_order_book: symbol=CHIP/USDC limit=20
2026-05-09 17:24:37,781 | INFO | fetch_order_book: mid=0.06569 spread=6.09bps bids=20 asks=20
2026-05-09 17:24:38,760 | INFO | SPREAD | pair=CHIP/USDC | cex=0.06567/0.06571 | dex_sell=0.0656396 dex_buy=0.0656564 | spread_a=-10.7bps spread_b=2.1bps | min=30.0bps
2026-05-09 17:24:39,762 | INFO | fetch_order_book: symbol=CHIP/USDC limit=20
2026-05-09 17:24:40,017 | INFO | fetch_order_book: mid=0.06568 spread=6.09bps bids=20 asks=20
2026-05-09 17:24:40,914 | INFO | SPREAD | pair=CHIP/USDC | cex=0.06566/0.0657 | dex_sell=0.0656396 dex_buy=0.0656564 | spread_a=-9.2bps spread_b=0.5bps | min=30.0bps
2026-05-09 17:24:41,916 | INFO | fetch_order_book: symbol=CHIP/USDC limit=20
2026-05-09 17:24:42,213 | INFO | fetch_order_book: mid=0.065705 spread=4.57bps bids=20 asks=20
2026-05-09 17:24:43,104 | INFO | SPREAD | pair=CHIP/USDC | cex=0.06569/0.06572 | dex_sell=0.0656696 dex_buy=0.0656864 | spread_a=-7.7bps spread_b=0.5bps | min=30.0bps
2026-05-09 17:24:44,106 | INFO | fetch_order_book: symbol=CHIP/USDC limit=20
2026-05-09 17:24:44,373 | INFO | fetch_order_book: mid=0.06568 spread=6.09bps bids=20 asks=20
2026-05-09 17:24:45,293 | INFO | SPREAD | pair=CHIP/USDC | cex=0.06566/0.0657 | dex_sell=0.0656696 dex_buy=0.0656864 | spread_a=-4.6bps spread_b=-4.0bps | min=30.0bps
2026-05-09 17:24:46,296 | INFO | fetch_order_book: symbol=CHIP/USDC limit=20
2026-05-09 17:24:46,556 | INFO | fetch_order_book: mid=0.06568 spread=6.09bps bids=20 asks=20
2026-05-09 17:24:47,436 | INFO | SPREAD | pair=CHIP/USDC | cex=0.06566/0.0657 | dex_sell=0.0656696 dex_buy=0.0656864 | spread_a=-4.6bps spread_b=-4.0bps | min=30.0bps
2026-05-09 17:24:48,438 | INFO | fetch_order_book: symbol=CHIP/USDC limit=20
2026-05-09 17:24:48,706 | INFO | fetch_order_book: mid=0.065665 spread=7.61bps bids=20 asks=20
2026-05-09 17:24:49,629 | INFO | SPREAD | pair=CHIP/USDC | cex=0.06564/0.06569 | dex_sell=0.0656696 dex_buy=0.0656864 | spread_a=-3.1bps spread_b=-7.1bps | min=30.0bps
2026-05-09 17:24:50,632 | INFO | fetch_order_book: symbol=CHIP/USDC limit=20
2026-05-09 17:24:50,934 | INFO | fetch_order_book: mid=0.06565 spread=6.09bps bids=20 asks=20
2026-05-09 17:24:51,864 | INFO | SPREAD | pair=CHIP/USDC | cex=0.06563/0.06567 | dex_sell=0.0656433 dex_buy=0.0656602 | spread_a=-4.1bps spread_b=-4.6bps | min=30.0bps
2026-05-09 17:24:52,866 | INFO | fetch_order_book: symbol=CHIP/USDC limit=20
2026-05-09 17:24:53,123 | INFO | fetch_order_book: mid=0.06566 spread=6.09bps bids=20 asks=20
2026-05-09 17:24:54,016 | INFO | SPREAD | pair=CHIP/USDC | cex=0.06564/0.06568 | dex_sell=0.0656433 dex_buy=0.0656602 | spread_a=-5.6bps spread_b=-3.1bps | min=30.0bps
2026-05-09 17:24:55,019 | INFO | fetch_order_book: symbol=CHIP/USDC limit=20
2026-05-09 17:24:55,282 | INFO | fetch_order_book: mid=0.06565 spread=6.09bps bids=20 asks=20
2026-05-09 17:24:56,190 | INFO | SPREAD | pair=CHIP/USDC | cex=0.06563/0.06567 | dex_sell=0.0656433 dex_buy=0.0656602 | spread_a=-4.1bps spread_b=-4.6bps | min=30.0bps
2026-05-09 17:24:57,192 | INFO | fetch_order_book: symbol=CHIP/USDC limit=20
2026-05-09 17:24:57,450 | INFO | fetch_order_book: mid=0.065645 spread=4.57bps bids=20 asks=20
2026-05-09 17:24:58,354 | INFO | SPREAD | pair=CHIP/USDC | cex=0.06563/0.06566 | dex_sell=0.0656433 dex_buy=0.0656602 | spread_a=-2.5bps spread_b=-4.6bps | min=30.0bps
2026-05-09 17:24:59,356 | INFO | fetch_order_book: symbol=CHIP/USDC limit=20
2026-05-09 17:24:59,612 | INFO | fetch_order_book: mid=0.065655 spread=4.57bps bids=20 asks=20
2026-05-09 17:25:00,499 | INFO | SPREAD | pair=CHIP/USDC | cex=0.06564/0.06567 | dex_sell=0.0656433 dex_buy=0.0656602 | spread_a=-4.1bps spread_b=-3.1bps | min=30.0bps
2026-05-09 17:25:01,501 | INFO | fetch_order_book: symbol=CHIP/USDC limit=20
2026-05-09 17:25:01,757 | INFO | fetch_order_book: mid=0.06560 spread=6.10bps bids=20 asks=20
2026-05-09 17:25:02,749 | INFO | SPREAD | pair=CHIP/USDC | cex=0.06558/0.06562 | dex_sell=0.0656135 dex_buy=0.0655901 | spread_a=-1.0bps spread_b=-1.5bps | min=30.0bps
2026-05-09 17:25:03,752 | INFO | fetch_order_book: symbol=CHIP/USDC limit=20
2026-05-09 17:25:04,124 | INFO | fetch_order_book: mid=0.065585 spread=1.52bps bids=20 asks=20
2026-05-09 17:25:05,056 | INFO | SPREAD | pair=CHIP/USDC | cex=0.06558/0.06559 | dex_sell=0.0655733 dex_buy=0.0655901 | spread_a=-2.5bps spread_b=-1.5bps | min=30.0bps
2026-05-09 17:25:06,059 | INFO | fetch_order_book: symbol=CHIP/USDC limit=20
2026-05-09 17:25:06,319 | INFO | fetch_order_book: mid=0.065565 spread=4.58bps bids=20 asks=20
2026-05-09 17:25:07,242 | INFO | SPREAD | pair=CHIP/USDC | cex=0.06555/0.06558 | dex_sell=0.0655233 dex_buy=0.0655402 | spread_a=-8.6bps spread_b=1.5bps | min=30.0bps
2026-05-09 17:25:08,245 | INFO | fetch_order_book: symbol=CHIP/USDC limit=20
2026-05-09 17:25:08,609 | INFO | fetch_order_book: mid=0.06557 spread=3.05bps bids=20 asks=20
2026-05-09 17:25:09,537 | INFO | SPREAD | pair=CHIP/USDC | cex=0.06556/0.06558 | dex_sell=0.0655233 dex_buy=0.0655402 | spread_a=-8.6bps spread_b=3.0bps | min=30.0bps
2026-05-09 17:25:10,540 | INFO | fetch_order_book: symbol=CHIP/USDC limit=20
2026-05-09 17:25:10,799 | INFO | fetch_order_book: mid=0.06557 spread=3.05bps bids=20 asks=20
2026-05-09 17:25:11,688 | INFO | SPREAD | pair=CHIP/USDC | cex=0.06556/0.06558 | dex_sell=0.0655233 dex_buy=0.0655402 | spread_a=-8.6bps spread_b=3.0bps | min=30.0bps
2026-05-09 17:25:12,691 | INFO | fetch_order_book: symbol=CHIP/USDC limit=20
2026-05-09 17:25:13,036 | INFO | fetch_order_book: mid=0.06554 spread=3.05bps bids=20 asks=20
2026-05-09 17:25:13,966 | INFO | SPREAD | pair=CHIP/USDC | cex=0.06553/0.06555 | dex_sell=0.0655196 dex_buy=0.0655364 | spread_a=-4.6bps spread_b=-1.0bps | min=30.0bps
2026-05-09 17:25:14,969 | INFO | fetch_order_book: symbol=CHIP/USDC limit=20
2026-05-09 17:25:15,227 | INFO | fetch_order_book: mid=0.06554 spread=3.05bps bids=20 asks=20
2026-05-09 17:25:16,161 | INFO | SPREAD | pair=CHIP/USDC | cex=0.06553/0.06555 | dex_sell=0.0655196 dex_buy=0.0655364 | spread_a=-4.6bps spread_b=-1.0bps | min=30.0bps
2026-05-09 17:25:17,163 | INFO | fetch_order_book: symbol=CHIP/USDC limit=20
2026-05-09 17:25:17,424 | INFO | fetch_order_book: mid=0.065565 spread=4.58bps bids=20 asks=20
2026-05-09 17:25:18,353 | INFO | SPREAD | pair=CHIP/USDC | cex=0.06555/0.06558 | dex_sell=0.0655196 dex_buy=0.0655364 | spread_a=-9.2bps spread_b=2.1bps | min=30.0bps
2026-05-09 17:25:19,356 | INFO | fetch_order_book: symbol=CHIP/USDC limit=20
2026-05-09 17:25:19,794 | INFO | fetch_order_book: mid=0.065565 spread=4.58bps bids=20 asks=20
2026-05-09 17:25:20,710 | INFO | SPREAD | pair=CHIP/USDC | cex=0.06555/0.06558 | dex_sell=0.0655196 dex_buy=0.0655364 | spread_a=-9.2bps spread_b=2.1bps | min=30.0bps
2026-05-09 17:25:21,713 | INFO | fetch_order_book: symbol=CHIP/USDC limit=20
2026-05-09 17:25:21,970 | INFO | fetch_order_book: mid=0.065585 spread=7.62bps bids=20 asks=20
2026-05-09 17:25:22,916 | INFO | SPREAD | pair=CHIP/USDC | cex=0.06556/0.06561 | dex_sell=0.0655196 dex_buy=0.0655664 | spread_a=-13.8bps spread_b=-1.0bps | min=30.0bps
2026-05-09 17:25:23,919 | INFO | fetch_order_book: symbol=CHIP/USDC limit=20
2026-05-09 17:25:24,175 | INFO | fetch_order_book: mid=0.06562 spread=3.05bps bids=20 asks=20
2026-05-09 17:25:25,190 | INFO | SPREAD | pair=CHIP/USDC | cex=0.06561/0.06563 | dex_sell=0.0655795 dex_buy=0.0655964 | spread_a=-7.7bps spread_b=2.1bps | min=30.0bps
2026-05-09 17:25:26,193 | INFO | fetch_order_book: symbol=CHIP/USDC limit=20
2026-05-09 17:25:26,450 | INFO | fetch_order_book: mid=0.06561 spread=6.10bps bids=20 asks=20
2026-05-09 17:25:27,455 | INFO | SPREAD | pair=CHIP/USDC | cex=0.06559/0.06563 | dex_sell=0.0656095 dex_buy=0.0656264 | spread_a=-3.1bps spread_b=-5.5bps | min=30.0bps
2026-05-09 17:25:28,459 | INFO | fetch_order_book: symbol=CHIP/USDC limit=20
2026-05-09 17:25:28,718 | INFO | fetch_order_book: mid=0.06561 spread=6.10bps bids=20 asks=20
2026-05-09 17:25:29,629 | INFO | SPREAD | pair=CHIP/USDC | cex=0.06559/0.06563 | dex_sell=0.0656095 dex_buy=0.0656264 | spread_a=-3.1bps spread_b=-5.5bps | min=30.0bps
2026-05-09 17:25:30,632 | INFO | fetch_order_book: symbol=CHIP/USDC limit=20
2026-05-09 17:25:30,897 | INFO | fetch_order_book: mid=0.06564 spread=6.09bps bids=20 asks=20
2026-05-09 17:25:31,913 | INFO | SPREAD | pair=CHIP/USDC | cex=0.06562/0.06566 | dex_sell=0.0656095 dex_buy=0.0656264 | spread_a=-7.7bps spread_b=-1.0bps | min=30.0bps
2026-05-09 17:25:32,916 | INFO | fetch_order_book: symbol=CHIP/USDC limit=20
2026-05-09 17:25:33,286 | INFO | fetch_order_book: mid=0.065645 spread=7.62bps bids=20 asks=20
2026-05-09 17:25:34,237 | INFO | SPREAD | pair=CHIP/USDC | cex=0.06562/0.06567 | dex_sell=0.0656095 dex_buy=0.0656564 | spread_a=-9.2bps spread_b=-5.5bps | min=30.0bps
2026-05-09 17:25:35,241 | INFO | fetch_order_book: symbol=CHIP/USDC limit=20
2026-05-09 17:25:35,537 | INFO | fetch_order_book: mid=0.065645 spread=7.62bps bids=20 asks=20
2026-05-09 17:25:36,511 | INFO | SPREAD | pair=CHIP/USDC | cex=0.06562/0.06567 | dex_sell=0.0656395 dex_buy=0.0656564 | spread_a=-4.6bps spread_b=-5.5bps | min=30.0bps
2026-05-09 17:25:37,515 | INFO | fetch_order_book: symbol=CHIP/USDC limit=20
2026-05-09 17:25:37,778 | INFO | fetch_order_book: mid=0.065645 spread=7.62bps bids=20 asks=20
2026-05-09 17:25:38,707 | INFO | SPREAD | pair=CHIP/USDC | cex=0.06562/0.06567 | dex_sell=0.0656395 dex_buy=0.0656564 | spread_a=-4.6bps spread_b=-5.5bps | min=30.0bps
2026-05-09 17:25:39,711 | INFO | fetch_order_book: symbol=CHIP/USDC limit=20
2026-05-09 17:25:39,976 | INFO | fetch_order_book: mid=0.06565 spread=6.09bps bids=20 asks=20
2026-05-09 17:25:40,920 | INFO | SPREAD | pair=CHIP/USDC | cex=0.06563/0.06567 | dex_sell=0.0656395 dex_buy=0.0656564 | spread_a=-4.6bps spread_b=-4.0bps | min=30.0bps
2026-05-09 17:25:41,923 | INFO | fetch_order_book: symbol=CHIP/USDC limit=20
2026-05-09 17:25:42,180 | INFO | fetch_order_book: mid=0.06565 spread=6.09bps bids=20 asks=20
2026-05-09 17:25:43,251 | INFO | SPREAD | pair=CHIP/USDC | cex=0.06563/0.06567 | dex_sell=0.0656395 dex_buy=0.0656564 | spread_a=-4.6bps spread_b=-4.0bps | min=30.0bps
2026-05-09 17:25:44,255 | INFO | fetch_order_book: symbol=CHIP/USDC limit=20
2026-05-09 17:25:44,599 | INFO | fetch_order_book: mid=0.06565 spread=6.09bps bids=20 asks=20
2026-05-09 17:25:45,515 | INFO | SPREAD | pair=CHIP/USDC | cex=0.06563/0.06567 | dex_sell=0.0656395 dex_buy=0.0656564 | spread_a=-4.6bps spread_b=-4.0bps | min=30.0bps
2026-05-09 17:25:46,519 | INFO | fetch_order_book: symbol=CHIP/USDC limit=20
2026-05-09 17:25:46,778 | INFO | fetch_order_book: mid=0.065645 spread=4.57bps bids=20 asks=20
2026-05-09 17:25:47,745 | INFO | SPREAD | pair=CHIP/USDC | cex=0.06563/0.06566 | dex_sell=0.0656395 dex_buy=0.0656564 | spread_a=-3.1bps spread_b=-4.0bps | min=30.0bps
2026-05-09 17:25:48,751 | INFO | fetch_order_book: symbol=CHIP/USDC limit=20
2026-05-09 17:25:49,013 | INFO | fetch_order_book: mid=0.06564 spread=6.09bps bids=20 asks=20
2026-05-09 17:25:49,959 | INFO | SPREAD | pair=CHIP/USDC | cex=0.06562/0.06566 | dex_sell=0.0656395 dex_buy=0.0656564 | spread_a=-3.1bps spread_b=-5.5bps | min=30.0bps
2026-05-09 17:25:50,962 | INFO | fetch_order_book: symbol=CHIP/USDC limit=20
2026-05-09 17:25:51,225 | INFO | fetch_order_book: mid=0.06565 spread=6.09bps bids=20 asks=20
2026-05-09 17:25:52,112 | INFO | SPREAD | pair=CHIP/USDC | cex=0.06563/0.06567 | dex_sell=0.0656395 dex_buy=0.0656564 | spread_a=-4.6bps spread_b=-4.0bps | min=30.0bps
2026-05-09 17:25:53,116 | INFO | fetch_order_book: symbol=CHIP/USDC limit=20
2026-05-09 17:25:53,375 | INFO | fetch_order_book: mid=0.065665 spread=4.57bps bids=20 asks=20
2026-05-09 17:25:54,259 | INFO | SPREAD | pair=CHIP/USDC | cex=0.06565/0.06568 | dex_sell=0.0656395 dex_buy=0.0656564 | spread_a=-6.2bps spread_b=-1.0bps | min=30.0bps
2026-05-09 17:25:55,262 | INFO | fetch_order_book: symbol=CHIP/USDC limit=20
2026-05-09 17:25:55,522 | INFO | fetch_order_book: mid=0.065665 spread=4.57bps bids=20 asks=20
2026-05-09 17:25:56,423 | INFO | SPREAD | pair=CHIP/USDC | cex=0.06565/0.06568 | dex_sell=0.0656395 dex_buy=0.0656564 | spread_a=-6.2bps spread_b=-1.0bps | min=30.0bps
2026-05-09 17:25:57,427 | INFO | fetch_order_book: symbol=CHIP/USDC limit=20
2026-05-09 17:25:57,680 | INFO | fetch_order_book: mid=0.065665 spread=4.57bps bids=20 asks=20
2026-05-09 17:25:58,604 | INFO | SPREAD | pair=CHIP/USDC | cex=0.06565/0.06568 | dex_sell=0.0656395 dex_buy=0.0656564 | spread_a=-6.2bps spread_b=-1.0bps | min=30.0bps
2026-05-09 17:25:59,608 | INFO | fetch_order_book: symbol=CHIP/USDC limit=20
2026-05-09 17:25:59,871 | INFO | fetch_order_book: mid=0.065665 spread=4.57bps bids=20 asks=20
2026-05-09 17:26:00,753 | INFO | SPREAD | pair=CHIP/USDC | cex=0.06565/0.06568 | dex_sell=0.0656395 dex_buy=0.0656564 | spread_a=-6.2bps spread_b=-1.0bps | min=30.0bps
2026-05-09 17:26:01,756 | INFO | fetch_order_book: symbol=CHIP/USDC limit=20
2026-05-09 17:26:02,012 | INFO | fetch_order_book: mid=0.065675 spread=7.61bps bids=20 asks=20
2026-05-09 17:26:02,931 | INFO | SPREAD | pair=CHIP/USDC | cex=0.06565/0.0657 | dex_sell=0.0656395 dex_buy=0.0656564 | spread_a=-9.2bps spread_b=-1.0bps | min=30.0bps
2026-05-09 17:26:03,934 | INFO | fetch_order_book: symbol=CHIP/USDC limit=20
2026-05-09 17:26:04,194 | INFO | fetch_order_book: mid=0.06565 spread=6.09bps bids=20 asks=20
2026-05-09 17:26:05,095 | INFO | SPREAD | pair=CHIP/USDC | cex=0.06563/0.06567 | dex_sell=0.0656395 dex_buy=0.0656564 | spread_a=-4.6bps spread_b=-4.0bps | min=30.0bps
2026-05-09 17:26:06,099 | INFO | fetch_order_book: symbol=CHIP/USDC limit=20
2026-05-09 17:26:06,355 | INFO | fetch_order_book: mid=0.06568 spread=6.09bps bids=20 asks=20
2026-05-09 17:26:07,324 | INFO | SPREAD | pair=CHIP/USDC | cex=0.06566/0.0657 | dex_sell=0.0656395 dex_buy=0.0656564 | spread_a=-9.2bps spread_b=0.6bps | min=30.0bps
2026-05-09 17:26:08,326 | INFO | fetch_order_book: symbol=CHIP/USDC limit=20
2026-05-09 17:26:08,584 | INFO | fetch_order_book: mid=0.06568 spread=6.09bps bids=20 asks=20
2026-05-09 17:26:09,480 | INFO | SPREAD | pair=CHIP/USDC | cex=0.06566/0.0657 | dex_sell=0.0656395 dex_buy=0.0656564 | spread_a=-9.2bps spread_b=0.6bps | min=30.0bps
2026-05-09 17:26:10,484 | INFO | fetch_order_book: symbol=CHIP/USDC limit=20
2026-05-09 17:26:10,745 | INFO | fetch_order_book: mid=0.06569 spread=9.13bps bids=20 asks=20
2026-05-09 17:26:11,644 | INFO | SPREAD | pair=CHIP/USDC | cex=0.06566/0.06572 | dex_sell=0.0656695 dex_buy=0.0656864 | spread_a=-7.7bps spread_b=-4.0bps | min=30.0bps
2026-05-09 17:26:12,648 | INFO | fetch_order_book: symbol=CHIP/USDC limit=20
2026-05-09 17:26:12,902 | INFO | fetch_order_book: mid=0.065705 spread=4.57bps bids=20 asks=20
2026-05-09 17:26:13,889 | INFO | SPREAD | pair=CHIP/USDC | cex=0.06569/0.06572 | dex_sell=0.0656695 dex_buy=0.0656864 | spread_a=-7.7bps spread_b=0.6bps | min=30.0bps
2026-05-09 17:26:14,892 | INFO | fetch_order_book: symbol=CHIP/USDC limit=20
2026-05-09 17:26:15,148 | INFO | fetch_order_book: mid=0.065705 spread=4.57bps bids=20 asks=20
2026-05-09 17:26:16,050 | INFO | SPREAD | pair=CHIP/USDC | cex=0.06569/0.06572 | dex_sell=0.0656695 dex_buy=0.0656864 | spread_a=-7.7bps spread_b=0.6bps | min=30.0bps
2026-05-09 17:26:17,053 | INFO | fetch_order_book: symbol=CHIP/USDC limit=20
2026-05-09 17:26:17,321 | INFO | fetch_order_book: mid=0.065715 spread=7.61bps bids=20 asks=20
2026-05-09 17:26:18,244 | INFO | SPREAD | pair=CHIP/USDC | cex=0.06569/0.06574 | dex_sell=0.0656695 dex_buy=0.0656864 | spread_a=-10.7bps spread_b=0.6bps | min=30.0bps
2026-05-09 17:26:19,248 | INFO | fetch_order_book: symbol=CHIP/USDC limit=20
2026-05-09 17:26:19,504 | INFO | fetch_order_book: mid=0.065725 spread=4.56bps bids=20 asks=20
2026-05-09 17:26:20,393 | INFO | SPREAD | pair=CHIP/USDC | cex=0.06571/0.06574 | dex_sell=0.0656995 dex_buy=0.0657164 | spread_a=-6.2bps spread_b=-1.0bps | min=30.0bps
2026-05-09 17:26:21,396 | INFO | fetch_order_book: symbol=CHIP/USDC limit=20
2026-05-09 17:26:21,766 | INFO | fetch_order_book: mid=0.06575 spread=3.04bps bids=20 asks=20
2026-05-09 17:26:23,041 | INFO | SPREAD | pair=CHIP/USDC | cex=0.06574/0.06576 | dex_sell=0.0656995 dex_buy=0.0657464 | spread_a=-9.2bps spread_b=-1.0bps | min=30.0bps
2026-05-09 17:26:24,043 | INFO | fetch_order_book: symbol=CHIP/USDC limit=20
2026-05-09 17:26:24,313 | INFO | fetch_order_book: mid=0.06575 spread=3.04bps bids=20 asks=20
2026-05-09 17:26:25,252 | INFO | SPREAD | pair=CHIP/USDC | cex=0.06574/0.06576 | dex_sell=0.0657295 dex_buy=0.0657464 | spread_a=-4.6bps spread_b=-1.0bps | min=30.0bps
2026-05-09 17:26:26,256 | INFO | fetch_order_book: symbol=CHIP/USDC limit=20
2026-05-09 17:26:26,526 | INFO | fetch_order_book: mid=0.06577 spread=3.04bps bids=20 asks=20
2026-05-09 17:26:27,418 | INFO | SPREAD | pair=CHIP/USDC | cex=0.06576/0.06578 | dex_sell=0.0657295 dex_buy=0.0657464 | spread_a=-7.7bps spread_b=2.1bps | min=30.0bps
2026-05-09 17:26:28,421 | INFO | fetch_order_book: symbol=CHIP/USDC limit=20
2026-05-09 17:26:28,683 | INFO | fetch_order_book: mid=0.065765 spread=4.56bps bids=20 asks=20
2026-05-09 17:26:29,648 | INFO | SPREAD | pair=CHIP/USDC | cex=0.06575/0.06578 | dex_sell=0.0657295 dex_buy=0.0657464 | spread_a=-7.7bps spread_b=0.6bps | min=30.0bps
2026-05-09 17:26:30,651 | INFO | fetch_order_book: symbol=CHIP/USDC limit=20
2026-05-09 17:26:30,910 | INFO | fetch_order_book: mid=0.065775 spread=1.52bps bids=20 asks=20
2026-05-09 17:26:31,839 | INFO | SPREAD | pair=CHIP/USDC | cex=0.06577/0.06578 | dex_sell=0.0657295 dex_buy=0.0657464 | spread_a=-7.7bps spread_b=3.6bps | min=30.0bps
2026-05-09 17:26:32,842 | INFO | fetch_order_book: symbol=CHIP/USDC limit=20
2026-05-09 17:26:33,101 | INFO | fetch_order_book: mid=0.06579 spread=6.08bps bids=20 asks=20
2026-05-09 17:26:33,977 | INFO | SPREAD | pair=CHIP/USDC | cex=0.06577/0.06581 | dex_sell=0.0657595 dex_buy=0.0657764 | spread_a=-7.7bps spread_b=-1.0bps | min=30.0bps
2026-05-09 17:26:34,980 | INFO | fetch_order_book: symbol=CHIP/USDC limit=20
2026-05-09 17:26:35,239 | INFO | fetch_order_book: mid=0.065795 spread=4.56bps bids=20 asks=20
2026-05-09 17:26:36,126 | INFO | SPREAD | pair=CHIP/USDC | cex=0.06578/0.06581 | dex_sell=0.0657595 dex_buy=0.0657764 | spread_a=-7.7bps spread_b=0.5bps | min=30.0bps
2026-05-09 17:26:37,128 | INFO | fetch_order_book: symbol=CHIP/USDC limit=20
2026-05-09 17:26:37,381 | INFO | fetch_order_book: mid=0.06581 spread=3.04bps bids=20 asks=20
2026-05-09 17:26:38,267 | INFO | SPREAD | pair=CHIP/USDC | cex=0.0658/0.06582 | dex_sell=0.0657595 dex_buy=0.0657764 | spread_a=-9.2bps spread_b=3.6bps | min=30.0bps
2026-05-09 17:26:39,271 | INFO | fetch_order_book: symbol=CHIP/USDC limit=20
2026-05-09 17:26:39,526 | INFO | fetch_order_book: mid=0.06585 spread=3.04bps bids=20 asks=20
2026-05-09 17:26:40,495 | INFO | SPREAD | pair=CHIP/USDC | cex=0.06584/0.06586 | dex_sell=0.0658195 dex_buy=0.0658365 | spread_a=-6.1bps spread_b=0.5bps | min=30.0bps
2026-05-09 17:26:41,499 | INFO | fetch_order_book: symbol=CHIP/USDC limit=20
2026-05-09 17:26:41,758 | INFO | fetch_order_book: mid=0.06584 spread=6.08bps bids=20 asks=20
2026-05-09 17:26:42,636 | INFO | SPREAD | pair=CHIP/USDC | cex=0.06582/0.06586 | dex_sell=0.0658195 dex_buy=0.0658364 | spread_a=-6.1bps spread_b=-2.5bps | min=30.0bps
2026-05-09 17:26:43,639 | INFO | fetch_order_book: symbol=CHIP/USDC limit=20
2026-05-09 17:26:43,909 | INFO | fetch_order_book: mid=0.06584 spread=6.08bps bids=20 asks=20
2026-05-09 17:26:44,786 | INFO | SPREAD | pair=CHIP/USDC | cex=0.06582/0.06586 | dex_sell=0.0658195 dex_buy=0.0658364 | spread_a=-6.1bps spread_b=-2.5bps | min=30.0bps
2026-05-09 17:26:45,790 | INFO | fetch_order_book: symbol=CHIP/USDC limit=20
2026-05-09 17:26:46,044 | INFO | fetch_order_book: mid=0.06585 spread=3.04bps bids=20 asks=20
2026-05-09 17:26:46,980 | INFO | SPREAD | pair=CHIP/USDC | cex=0.06584/0.06586 | dex_sell=0.0658195 dex_buy=0.0658365 | spread_a=-6.1bps spread_b=0.5bps | min=30.0bps
2026-05-09 17:26:47,984 | INFO | fetch_order_book: symbol=CHIP/USDC limit=20
2026-05-09 17:26:48,240 | INFO | fetch_order_book: mid=0.06585 spread=3.04bps bids=20 asks=20
2026-05-09 17:26:49,118 | INFO | SPREAD | pair=CHIP/USDC | cex=0.06584/0.06586 | dex_sell=0.0658195 dex_buy=0.0658365 | spread_a=-6.1bps spread_b=0.5bps | min=30.0bps
2026-05-09 17:26:50,121 | INFO | fetch_order_book: symbol=CHIP/USDC limit=20
2026-05-09 17:26:50,376 | INFO | fetch_order_book: mid=0.06586 spread=3.04bps bids=20 asks=20
2026-05-09 17:26:51,286 | INFO | SPREAD | pair=CHIP/USDC | cex=0.06585/0.06587 | dex_sell=0.0658195 dex_buy=0.0658365 | spread_a=-7.7bps spread_b=2.1bps | min=30.0bps
2026-05-09 17:26:52,289 | INFO | fetch_order_book: symbol=CHIP/USDC limit=20
2026-05-09 17:26:52,547 | INFO | fetch_order_book: mid=0.06586 spread=3.04bps bids=20 asks=20
2026-05-09 17:26:53,561 | INFO | SPREAD | pair=CHIP/USDC | cex=0.06585/0.06587 | dex_sell=0.0658195 dex_buy=0.0658365 | spread_a=-7.7bps spread_b=2.1bps | min=30.0bps
2026-05-09 17:26:54,564 | INFO | fetch_order_book: symbol=CHIP/USDC limit=20
2026-05-09 17:26:54,825 | INFO | fetch_order_book: mid=0.06583 spread=6.08bps bids=20 asks=20
2026-05-09 17:26:55,749 | INFO | SPREAD | pair=CHIP/USDC | cex=0.06581/0.06585 | dex_sell=0.0658195 dex_buy=0.0658364 | spread_a=-4.6bps spread_b=-4.0bps | min=30.0bps
2026-05-09 17:26:56,752 | INFO | fetch_order_book: symbol=CHIP/USDC limit=20
2026-05-09 17:26:57,170 | INFO | fetch_order_book: mid=0.06581 spread=3.04bps bids=20 asks=20
2026-05-09 17:26:58,363 | INFO | SPREAD | pair=CHIP/USDC | cex=0.0658/0.06582 | dex_sell=0.0657935 dex_buy=0.0658104 | spread_a=-4.0bps spread_b=-1.6bps | min=30.0bps
2026-05-09 17:26:59,366 | INFO | fetch_order_book: symbol=CHIP/USDC limit=20
2026-05-09 17:26:59,637 | INFO | fetch_order_book: mid=0.06585 spread=3.04bps bids=20 asks=20
2026-05-09 17:27:00,678 | INFO | SPREAD | pair=CHIP/USDC | cex=0.06584/0.06586 | dex_sell=0.0658294 dex_buy=0.0658463 | spread_a=-4.6bps spread_b=-1.0bps | min=30.0bps
2026-05-09 17:27:01,682 | INFO | fetch_order_book: symbol=CHIP/USDC limit=20
2026-05-09 17:27:02,002 | INFO | fetch_order_book: mid=0.06583 spread=6.08bps bids=20 asks=20
2026-05-09 17:27:03,264 | INFO | SPREAD | pair=CHIP/USDC | cex=0.06581/0.06585 | dex_sell=0.0658294 dex_buy=0.0658463 | spread_a=-3.1bps spread_b=-5.5bps | min=30.0bps
2026-05-09 17:27:04,265 | INFO | fetch_order_book: symbol=CHIP/USDC limit=20
2026-05-09 17:27:04,561 | INFO | fetch_order_book: mid=0.065835 spread=4.56bps bids=20 asks=20
2026-05-09 17:27:05,561 | INFO | SPREAD | pair=CHIP/USDC | cex=0.06582/0.06585 | dex_sell=0.0658294 dex_buy=0.0658463 | spread_a=-3.1bps spread_b=-4.0bps | min=30.0bps
2026-05-09 17:27:06,564 | INFO | fetch_order_book: symbol=CHIP/USDC limit=20
2026-05-09 17:27:06,856 | INFO | fetch_order_book: mid=0.06579 spread=3.04bps bids=20 asks=20
2026-05-09 17:27:08,014 | INFO | SPREAD | pair=CHIP/USDC | cex=0.06578/0.0658 | dex_sell=0.0657734 dex_buy=0.0657903 | spread_a=-4.0bps spread_b=-1.6bps | min=30.0bps
2026-05-09 17:27:09,016 | INFO | fetch_order_book: symbol=CHIP/USDC limit=20
2026-05-09 17:27:09,299 | INFO | fetch_order_book: mid=0.065825 spread=4.56bps bids=20 asks=20
2026-05-09 17:27:10,322 | INFO | SPREAD | pair=CHIP/USDC | cex=0.06581/0.06584 | dex_sell=0.0657734 dex_buy=0.0658164 | spread_a=-10.1bps spread_b=-1.0bps | min=30.0bps
2026-05-09 17:27:11,325 | INFO | fetch_order_book: symbol=CHIP/USDC limit=20
2026-05-09 17:27:11,590 | INFO | fetch_order_book: mid=0.065825 spread=4.56bps bids=20 asks=20
2026-05-09 17:27:13,012 | INFO | SPREAD | pair=CHIP/USDC | cex=0.06581/0.06584 | dex_sell=0.0657995 dex_buy=0.0658164 | spread_a=-6.2bps spread_b=-1.0bps | min=30.0bps
2026-05-09 17:27:14,015 | INFO | fetch_order_book: symbol=CHIP/USDC limit=20
2026-05-09 17:27:14,277 | INFO | fetch_order_book: mid=0.065825 spread=4.56bps bids=20 asks=20
2026-05-09 17:27:15,523 | INFO | SPREAD | pair=CHIP/USDC | cex=0.06581/0.06584 | dex_sell=0.0657995 dex_buy=0.0658164 | spread_a=-6.2bps spread_b=-1.0bps | min=30.0bps
2026-05-09 17:27:16,526 | INFO | fetch_order_book: symbol=CHIP/USDC limit=20
2026-05-09 17:27:16,796 | INFO | fetch_order_book: mid=0.06583 spread=3.04bps bids=20 asks=20
2026-05-09 17:27:17,927 | INFO | SPREAD | pair=CHIP/USDC | cex=0.06582/0.06584 | dex_sell=0.0657995 dex_buy=0.0658164 | spread_a=-6.2bps spread_b=0.5bps | min=30.0bps
2026-05-09 17:27:18,931 | INFO | fetch_order_book: symbol=CHIP/USDC limit=20
2026-05-09 17:27:19,192 | INFO | fetch_order_book: mid=0.06583 spread=3.04bps bids=20 asks=20
2026-05-09 17:27:20,500 | INFO | SPREAD | pair=CHIP/USDC | cex=0.06582/0.06584 | dex_sell=0.0657995 dex_buy=0.0658164 | spread_a=-6.2bps spread_b=0.5bps | min=30.0bps
2026-05-09 17:27:21,504 | INFO | fetch_order_book: symbol=CHIP/USDC limit=20
2026-05-09 17:27:21,838 | INFO | fetch_order_book: mid=0.065825 spread=4.56bps bids=20 asks=20
2026-05-09 17:27:22,966 | INFO | SPREAD | pair=CHIP/USDC | cex=0.06581/0.06584 | dex_sell=0.0657995 dex_buy=0.0658164 | spread_a=-6.2bps spread_b=-1.0bps | min=30.0bps
2026-05-09 17:27:23,969 | INFO | fetch_order_book: symbol=CHIP/USDC limit=20
2026-05-09 17:27:24,225 | INFO | fetch_order_book: mid=0.06582 spread=6.08bps bids=20 asks=20
2026-05-09 17:27:25,506 | INFO | SPREAD | pair=CHIP/USDC | cex=0.0658/0.06584 | dex_sell=0.0657995 dex_buy=0.0658164 | spread_a=-6.2bps spread_b=-2.5bps | min=30.0bps
2026-05-09 17:27:26,509 | INFO | fetch_order_book: symbol=CHIP/USDC limit=20
2026-05-09 17:27:26,889 | INFO | fetch_order_book: mid=0.06580 spread=3.04bps bids=20 asks=20
2026-05-09 17:27:27,879 | INFO | SPREAD | pair=CHIP/USDC | cex=0.06579/0.06581 | dex_sell=0.0657995 dex_buy=0.0658164 | spread_a=-1.6bps spread_b=-4.0bps | min=30.0bps
2026-05-09 17:27:28,881 | INFO | fetch_order_book: symbol=CHIP/USDC limit=20
2026-05-09 17:27:29,238 | INFO | fetch_order_book: mid=0.065825 spread=4.56bps bids=20 asks=20
2026-05-09 17:27:30,182 | INFO | SPREAD | pair=CHIP/USDC | cex=0.06581/0.06584 | dex_sell=0.0657995 dex_buy=0.0658164 | spread_a=-6.2bps spread_b=-1.0bps | min=30.0bps
2026-05-09 17:27:31,185 | INFO | fetch_order_book: symbol=CHIP/USDC limit=20
2026-05-09 17:27:31,447 | INFO | fetch_order_book: mid=0.06585 spread=3.04bps bids=20 asks=20
2026-05-09 17:27:32,371 | INFO | SPREAD | pair=CHIP/USDC | cex=0.06584/0.06586 | dex_sell=0.0657995 dex_buy=0.0658164 | spread_a=-9.2bps spread_b=3.6bps | min=30.0bps
2026-05-09 17:27:33,373 | INFO | fetch_order_book: symbol=CHIP/USDC limit=20
2026-05-09 17:27:33,666 | INFO | fetch_order_book: mid=0.06587 spread=6.07bps bids=20 asks=20
2026-05-09 17:27:34,577 | INFO | SPREAD | pair=CHIP/USDC | cex=0.06585/0.06589 | dex_sell=0.0658295 dex_buy=0.0658464 | spread_a=-9.2bps spread_b=0.5bps | min=30.0bps
2026-05-09 17:27:35,581 | INFO | fetch_order_book: symbol=CHIP/USDC limit=20
2026-05-09 17:27:35,845 | INFO | fetch_order_book: mid=0.06587 spread=6.07bps bids=20 asks=20
2026-05-09 17:27:36,805 | INFO | SPREAD | pair=CHIP/USDC | cex=0.06585/0.06589 | dex_sell=0.0658295 dex_buy=0.0658464 | spread_a=-9.2bps spread_b=0.5bps | min=30.0bps
2026-05-09 17:27:37,807 | INFO | fetch_order_book: symbol=CHIP/USDC limit=20
2026-05-09 17:27:38,062 | INFO | fetch_order_book: mid=0.065795 spread=7.60bps bids=20 asks=20
2026-05-09 17:27:38,992 | INFO | SPREAD | pair=CHIP/USDC | cex=0.06577/0.06582 | dex_sell=0.0657933 dex_buy=0.0658102 | spread_a=-4.1bps spread_b=-6.1bps | min=30.0bps
2026-05-09 17:27:39,996 | INFO | fetch_order_book: symbol=CHIP/USDC limit=20
2026-05-09 17:27:40,251 | INFO | fetch_order_book: mid=0.06583 spread=6.08bps bids=20 asks=20
2026-05-09 17:27:41,161 | INFO | SPREAD | pair=CHIP/USDC | cex=0.06581/0.06585 | dex_sell=0.0657933 dex_buy=0.0658102 | spread_a=-8.6bps spread_b=-0.0bps | min=30.0bps
2026-05-09 17:27:42,165 | INFO | fetch_order_book: symbol=CHIP/USDC limit=20
2026-05-09 17:27:42,546 | INFO | fetch_order_book: mid=0.06585 spread=6.07bps bids=20 asks=20
2026-05-09 17:27:43,521 | INFO | SPREAD | pair=CHIP/USDC | cex=0.06583/0.06587 | dex_sell=0.0658195 dex_buy=0.0658364 | spread_a=-7.7bps spread_b=-1.0bps | min=30.0bps
2026-05-09 17:27:44,524 | INFO | fetch_order_book: symbol=CHIP/USDC limit=20
2026-05-09 17:27:44,784 | INFO | fetch_order_book: mid=0.06588 spread=6.07bps bids=20 asks=20
2026-05-09 17:27:45,698 | INFO | SPREAD | pair=CHIP/USDC | cex=0.06586/0.0659 | dex_sell=0.0658495 dex_buy=0.0658664 | spread_a=-7.7bps spread_b=-1.0bps | min=30.0bps
2026-05-09 17:27:46,701 | INFO | fetch_order_book: symbol=CHIP/USDC limit=20
2026-05-09 17:27:47,059 | INFO | fetch_order_book: mid=0.06588 spread=6.07bps bids=20 asks=20
2026-05-09 17:27:47,956 | INFO | SPREAD | pair=CHIP/USDC | cex=0.06586/0.0659 | dex_sell=0.0658495 dex_buy=0.0658664 | spread_a=-7.7bps spread_b=-1.0bps | min=30.0bps
2026-05-09 17:27:48,960 | INFO | fetch_order_book: symbol=CHIP/USDC limit=20
2026-05-09 17:27:49,218 | INFO | fetch_order_book: mid=0.06591 spread=3.03bps bids=20 asks=20
2026-05-09 17:27:50,104 | INFO | SPREAD | pair=CHIP/USDC | cex=0.0659/0.06592 | dex_sell=0.0658795 dex_buy=0.0658964 | spread_a=-6.1bps spread_b=0.5bps | min=30.0bps
2026-05-09 17:27:51,107 | INFO | fetch_order_book: symbol=CHIP/USDC limit=20
2026-05-09 17:27:51,455 | INFO | fetch_order_book: mid=0.065915 spread=1.52bps bids=20 asks=20
2026-05-09 17:27:52,370 | INFO | SPREAD | pair=CHIP/USDC | cex=0.06591/0.06592 | dex_sell=0.0658795 dex_buy=0.0659265 | spread_a=-6.1bps spread_b=-2.5bps | min=30.0bps
2026-05-09 17:27:53,374 | INFO | fetch_order_book: symbol=CHIP/USDC limit=20
2026-05-09 17:27:53,710 | INFO | fetch_order_book: mid=0.065915 spread=1.52bps bids=20 asks=20
2026-05-09 17:27:54,651 | INFO | SPREAD | pair=CHIP/USDC | cex=0.06591/0.06592 | dex_sell=0.0659096 dex_buy=0.0659265 | spread_a=-1.6bps spread_b=-2.5bps | min=30.0bps
2026-05-09 17:27:55,654 | INFO | fetch_order_book: symbol=CHIP/USDC limit=20
2026-05-09 17:27:55,910 | INFO | fetch_order_book: mid=0.065915 spread=1.52bps bids=20 asks=20
2026-05-09 17:27:56,842 | INFO | SPREAD | pair=CHIP/USDC | cex=0.06591/0.06592 | dex_sell=0.0659096 dex_buy=0.0659265 | spread_a=-1.6bps spread_b=-2.5bps | min=30.0bps
2026-05-09 17:27:57,845 | INFO | fetch_order_book: symbol=CHIP/USDC limit=20
2026-05-09 17:27:58,100 | INFO | fetch_order_book: mid=0.06594 spread=6.07bps bids=20 asks=20
2026-05-09 17:27:59,003 | INFO | SPREAD | pair=CHIP/USDC | cex=0.06592/0.06596 | dex_sell=0.0659096 dex_buy=0.0659265 | spread_a=-7.6bps spread_b=-1.0bps | min=30.0bps
2026-05-09 17:28:00,007 | INFO | fetch_order_book: symbol=CHIP/USDC limit=20
2026-05-09 17:28:00,268 | INFO | fetch_order_book: mid=0.065945 spread=4.55bps bids=20 asks=20
2026-05-09 17:28:01,187 | INFO | SPREAD | pair=CHIP/USDC | cex=0.06593/0.06596 | dex_sell=0.0659096 dex_buy=0.0659265 | spread_a=-7.6bps spread_b=0.5bps | min=30.0bps
2026-05-09 17:28:02,190 | INFO | fetch_order_book: symbol=CHIP/USDC limit=20
2026-05-09 17:28:02,508 | INFO | fetch_order_book: mid=0.06592 spread=6.07bps bids=20 asks=20
2026-05-09 17:28:03,388 | INFO | SPREAD | pair=CHIP/USDC | cex=0.0659/0.06594 | dex_sell=0.0659096 dex_buy=0.0659265 | spread_a=-4.6bps spread_b=-4.0bps | min=30.0bps
2026-05-09 17:28:04,389 | INFO | fetch_order_book: symbol=CHIP/USDC limit=20
2026-05-09 17:28:04,651 | INFO | fetch_order_book: mid=0.06592 spread=6.07bps bids=20 asks=20
2026-05-09 17:28:05,559 | INFO | SPREAD | pair=CHIP/USDC | cex=0.0659/0.06594 | dex_sell=0.0659096 dex_buy=0.0659265 | spread_a=-4.6bps spread_b=-4.0bps | min=30.0bps
2026-05-09 17:28:06,563 | INFO | fetch_order_book: symbol=CHIP/USDC limit=20
2026-05-09 17:28:06,820 | INFO | fetch_order_book: mid=0.06592 spread=6.07bps bids=20 asks=20
2026-05-09 17:28:07,731 | INFO | SPREAD | pair=CHIP/USDC | cex=0.0659/0.06594 | dex_sell=0.0659096 dex_buy=0.0659265 | spread_a=-4.6bps spread_b=-4.0bps | min=30.0bps
2026-05-09 17:28:08,734 | INFO | fetch_order_book: symbol=CHIP/USDC limit=20
2026-05-09 17:28:08,992 | INFO | fetch_order_book: mid=0.06592 spread=6.07bps bids=20 asks=20
2026-05-09 17:28:09,920 | INFO | SPREAD | pair=CHIP/USDC | cex=0.0659/0.06594 | dex_sell=0.0659096 dex_buy=0.0659265 | spread_a=-4.6bps spread_b=-4.0bps | min=30.0bps
2026-05-09 17:28:10,924 | INFO | fetch_order_book: symbol=CHIP/USDC limit=20
2026-05-09 17:28:11,188 | INFO | fetch_order_book: mid=0.06595 spread=6.07bps bids=20 asks=20
2026-05-09 17:28:12,089 | INFO | SPREAD | pair=CHIP/USDC | cex=0.06593/0.06597 | dex_sell=0.0659096 dex_buy=0.0659265 | spread_a=-9.2bps spread_b=0.5bps | min=30.0bps
2026-05-09 17:28:13,092 | INFO | fetch_order_book: symbol=CHIP/USDC limit=20
2026-05-09 17:28:13,356 | INFO | fetch_order_book: mid=0.065935 spread=7.58bps bids=20 asks=20
2026-05-09 17:28:14,259 | INFO | SPREAD | pair=CHIP/USDC | cex=0.06591/0.06596 | dex_sell=0.0659096 dex_buy=0.0659265 | spread_a=-7.6bps spread_b=-2.5bps | min=30.0bps
2026-05-09 17:28:15,263 | INFO | fetch_order_book: symbol=CHIP/USDC limit=20
2026-05-09 17:28:15,520 | INFO | fetch_order_book: mid=0.065925 spread=7.58bps bids=20 asks=20
2026-05-09 17:28:16,416 | INFO | SPREAD | pair=CHIP/USDC | cex=0.0659/0.06595 | dex_sell=0.0659096 dex_buy=0.0659265 | spread_a=-6.1bps spread_b=-4.0bps | min=30.0bps
2026-05-09 17:28:17,419 | INFO | fetch_order_book: symbol=CHIP/USDC limit=20
2026-05-09 17:28:17,675 | INFO | fetch_order_book: mid=0.065925 spread=7.58bps bids=20 asks=20
2026-05-09 17:28:18,578 | INFO | SPREAD | pair=CHIP/USDC | cex=0.0659/0.06595 | dex_sell=0.0659096 dex_buy=0.0659265 | spread_a=-6.1bps spread_b=-4.0bps | min=30.0bps
2026-05-09 17:28:19,582 | INFO | fetch_order_book: symbol=CHIP/USDC limit=20
2026-05-09 17:28:19,841 | INFO | fetch_order_book: mid=0.065925 spread=7.58bps bids=20 asks=20
2026-05-09 17:28:20,745 | INFO | SPREAD | pair=CHIP/USDC | cex=0.0659/0.06595 | dex_sell=0.0659096 dex_buy=0.0659265 | spread_a=-6.1bps spread_b=-4.0bps | min=30.0bps
2026-05-09 17:28:21,748 | INFO | fetch_order_book: symbol=CHIP/USDC limit=20
2026-05-09 17:28:22,007 | INFO | fetch_order_book: mid=0.06593 spread=6.07bps bids=20 asks=20
2026-05-09 17:28:22,900 | INFO | SPREAD | pair=CHIP/USDC | cex=0.06591/0.06595 | dex_sell=0.0659096 dex_buy=0.0659265 | spread_a=-6.1bps spread_b=-2.5bps | min=30.0bps
2026-05-09 17:28:23,903 | INFO | fetch_order_book: symbol=CHIP/USDC limit=20
2026-05-09 17:28:24,160 | INFO | fetch_order_book: mid=0.065925 spread=4.55bps bids=20 asks=20
2026-05-09 17:28:25,067 | INFO | SPREAD | pair=CHIP/USDC | cex=0.06591/0.06594 | dex_sell=0.0659096 dex_buy=0.0659265 | spread_a=-4.6bps spread_b=-2.5bps | min=30.0bps
2026-05-09 17:28:26,071 | INFO | fetch_order_book: symbol=CHIP/USDC limit=20
2026-05-09 17:28:26,328 | INFO | fetch_order_book: mid=0.065925 spread=4.55bps bids=20 asks=20
2026-05-09 17:28:27,236 | INFO | SPREAD | pair=CHIP/USDC | cex=0.06591/0.06594 | dex_sell=0.0659096 dex_buy=0.0659265 | spread_a=-4.6bps spread_b=-2.5bps | min=30.0bps
2026-05-09 17:28:28,239 | INFO | fetch_order_book: symbol=CHIP/USDC limit=20
2026-05-09 17:28:28,494 | INFO | fetch_order_book: mid=0.065925 spread=4.55bps bids=20 asks=20
2026-05-09 17:28:29,395 | INFO | SPREAD | pair=CHIP/USDC | cex=0.06591/0.06594 | dex_sell=0.0658834 dex_buy=0.0659004 | spread_a=-8.6bps spread_b=1.5bps | min=30.0bps
2026-05-09 17:28:30,397 | INFO | fetch_order_book: symbol=CHIP/USDC limit=20
2026-05-09 17:28:30,663 | INFO | fetch_order_book: mid=0.06592 spread=6.07bps bids=20 asks=20
2026-05-09 17:28:31,582 | INFO | SPREAD | pair=CHIP/USDC | cex=0.0659/0.06594 | dex_sell=0.0658834 dex_buy=0.0659004 | spread_a=-8.6bps spread_b=-0.1bps | min=30.0bps
2026-05-09 17:28:32,586 | INFO | fetch_order_book: symbol=CHIP/USDC limit=20
2026-05-09 17:28:32,843 | INFO | fetch_order_book: mid=0.06594 spread=6.07bps bids=20 asks=20
2026-05-09 17:28:33,728 | INFO | SPREAD | pair=CHIP/USDC | cex=0.06592/0.06596 | dex_sell=0.0658834 dex_buy=0.0659004 | spread_a=-11.6bps spread_b=3.0bps | min=30.0bps
2026-05-09 17:28:34,731 | INFO | fetch_order_book: symbol=CHIP/USDC limit=20
2026-05-09 17:28:34,986 | INFO | fetch_order_book: mid=0.06594 spread=6.07bps bids=20 asks=20
2026-05-09 17:28:35,899 | INFO | SPREAD | pair=CHIP/USDC | cex=0.06592/0.06596 | dex_sell=0.0659096 dex_buy=0.0659265 | spread_a=-7.6bps spread_b=-1.0bps | min=30.0bps
2026-05-09 17:28:36,903 | INFO | fetch_order_book: symbol=CHIP/USDC limit=20
2026-05-09 17:28:37,177 | INFO | fetch_order_book: mid=0.06594 spread=6.07bps bids=20 asks=20
2026-05-09 17:28:38,059 | INFO | SPREAD | pair=CHIP/USDC | cex=0.06592/0.06596 | dex_sell=0.0659096 dex_buy=0.0659265 | spread_a=-7.6bps spread_b=-1.0bps | min=30.0bps
2026-05-09 17:28:39,063 | INFO | fetch_order_book: symbol=CHIP/USDC limit=20
2026-05-09 17:28:39,326 | INFO | fetch_order_book: mid=0.06594 spread=6.07bps bids=20 asks=20
2026-05-09 17:28:40,260 | INFO | SPREAD | pair=CHIP/USDC | cex=0.06592/0.06596 | dex_sell=0.0659096 dex_buy=0.0659265 | spread_a=-7.6bps spread_b=-1.0bps | min=30.0bps
2026-05-09 17:28:41,263 | INFO | fetch_order_book: symbol=CHIP/USDC limit=20
2026-05-09 17:28:41,521 | INFO | fetch_order_book: mid=0.06594 spread=6.07bps bids=20 asks=20
2026-05-09 17:28:42,465 | INFO | SPREAD | pair=CHIP/USDC | cex=0.06592/0.06596 | dex_sell=0.0659096 dex_buy=0.0659265 | spread_a=-7.6bps spread_b=-1.0bps | min=30.0bps
2026-05-09 17:28:43,468 | INFO | fetch_order_book: symbol=CHIP/USDC limit=20
2026-05-09 17:28:43,726 | INFO | fetch_order_book: mid=0.06594 spread=6.07bps bids=20 asks=20
2026-05-09 17:28:44,628 | INFO | SPREAD | pair=CHIP/USDC | cex=0.06592/0.06596 | dex_sell=0.0659096 dex_buy=0.0659265 | spread_a=-7.6bps spread_b=-1.0bps | min=30.0bps
2026-05-09 17:28:45,632 | INFO | fetch_order_book: symbol=CHIP/USDC limit=20
2026-05-09 17:28:45,887 | INFO | fetch_order_book: mid=0.06594 spread=6.07bps bids=20 asks=20
2026-05-09 17:28:46,794 | INFO | SPREAD | pair=CHIP/USDC | cex=0.06592/0.06596 | dex_sell=0.0659096 dex_buy=0.0659265 | spread_a=-7.6bps spread_b=-1.0bps | min=30.0bps
2026-05-09 17:28:47,797 | INFO | fetch_order_book: symbol=CHIP/USDC limit=20
2026-05-09 17:28:48,081 | INFO | fetch_order_book: mid=0.06594 spread=6.07bps bids=20 asks=20
2026-05-09 17:28:48,982 | INFO | SPREAD | pair=CHIP/USDC | cex=0.06592/0.06596 | dex_sell=0.0659096 dex_buy=0.0659265 | spread_a=-7.6bps spread_b=-1.0bps | min=30.0bps
2026-05-09 17:28:49,985 | INFO | fetch_order_book: symbol=CHIP/USDC limit=20
2026-05-09 17:28:50,241 | INFO | fetch_order_book: mid=0.06594 spread=6.07bps bids=20 asks=20
2026-05-09 17:28:51,130 | INFO | SPREAD | pair=CHIP/USDC | cex=0.06592/0.06596 | dex_sell=0.0659096 dex_buy=0.0659265 | spread_a=-7.6bps spread_b=-1.0bps | min=30.0bps
2026-05-09 17:28:52,133 | INFO | fetch_order_book: symbol=CHIP/USDC limit=20
2026-05-09 17:28:52,422 | INFO | fetch_order_book: mid=0.06594 spread=6.07bps bids=20 asks=20
2026-05-09 17:28:53,364 | INFO | SPREAD | pair=CHIP/USDC | cex=0.06592/0.06596 | dex_sell=0.0659096 dex_buy=0.0659265 | spread_a=-7.6bps spread_b=-1.0bps | min=30.0bps
2026-05-09 17:28:54,367 | INFO | fetch_order_book: symbol=CHIP/USDC limit=20
2026-05-09 17:28:54,621 | INFO | fetch_order_book: mid=0.06597 spread=3.03bps bids=20 asks=20
2026-05-09 17:28:55,510 | INFO | SPREAD | pair=CHIP/USDC | cex=0.06596/0.06598 | dex_sell=0.0659396 dex_buy=0.0659566 | spread_a=-6.1bps spread_b=0.5bps | min=30.0bps
2026-05-09 17:28:56,513 | INFO | fetch_order_book: symbol=CHIP/USDC limit=20
2026-05-09 17:28:56,772 | INFO | fetch_order_book: mid=0.06599 spread=3.03bps bids=20 asks=20
2026-05-09 17:28:57,681 | INFO | SPREAD | pair=CHIP/USDC | cex=0.06598/0.066 | dex_sell=0.0659697 dex_buy=0.0659866 | spread_a=-4.6bps spread_b=-1.0bps | min=30.0bps
2026-05-09 17:28:58,684 | INFO | fetch_order_book: symbol=CHIP/USDC limit=20
2026-05-09 17:28:59,035 | INFO | fetch_order_book: mid=0.066055 spread=1.51bps bids=20 asks=20
2026-05-09 17:28:59,947 | INFO | SPREAD | pair=CHIP/USDC | cex=0.06605/0.06606 | dex_sell=0.0658276 dex_buy=0.0660501 | spread_a=-35.2bps spread_b=-0.0bps | min=30.0bps
2026-05-09 17:29:00,951 | INFO | fetch_order_book: symbol=CHIP/USDC limit=20
2026-05-09 17:29:01,209 | INFO | fetch_order_book: mid=0.066055 spread=1.51bps bids=20 asks=20
2026-05-09 17:29:02,133 | INFO | SPREAD | pair=CHIP/USDC | cex=0.06605/0.06606 | dex_sell=0.0660279 dex_buy=0.0660501 | spread_a=-4.9bps spread_b=-0.0bps | min=30.0bps
2026-05-09 17:29:03,138 | INFO | fetch_order_book: symbol=CHIP/USDC limit=20
2026-05-09 17:29:03,401 | INFO | fetch_order_book: mid=0.066065 spread=4.54bps bids=20 asks=20
2026-05-09 17:29:04,301 | INFO | SPREAD | pair=CHIP/USDC | cex=0.06605/0.06608 | dex_sell=0.0660279 dex_buy=0.0660501 | spread_a=-7.9bps spread_b=-0.0bps | min=30.0bps
2026-05-09 17:29:05,304 | INFO | fetch_order_book: symbol=CHIP/USDC limit=20
2026-05-09 17:29:05,747 | INFO | fetch_order_book: mid=0.06609 spread=3.03bps bids=20 asks=20
2026-05-09 17:29:06,656 | INFO | SPREAD | pair=CHIP/USDC | cex=0.06608/0.0661 | dex_sell=0.0660671 dex_buy=0.0660893 | spread_a=-5.0bps spread_b=-1.4bps | min=30.0bps
2026-05-09 17:29:07,660 | INFO | fetch_order_book: symbol=CHIP/USDC limit=20
2026-05-09 17:29:07,915 | INFO | fetch_order_book: mid=0.066095 spread=1.51bps bids=20 asks=20
2026-05-09 17:29:08,864 | INFO | SPREAD | pair=CHIP/USDC | cex=0.06609/0.0661 | dex_sell=0.0660671 dex_buy=0.0660893 | spread_a=-5.0bps spread_b=0.1bps | min=30.0bps
2026-05-09 17:29:09,866 | INFO | fetch_order_book: symbol=CHIP/USDC limit=20
2026-05-09 17:29:10,123 | INFO | fetch_order_book: mid=0.066095 spread=4.54bps bids=20 asks=20
2026-05-09 17:29:11,023 | INFO | SPREAD | pair=CHIP/USDC | cex=0.06608/0.06611 | dex_sell=0.0660671 dex_buy=0.0660893 | spread_a=-6.5bps spread_b=-1.4bps | min=30.0bps
2026-05-09 17:29:12,026 | INFO | fetch_order_book: symbol=CHIP/USDC limit=20
2026-05-09 17:29:12,287 | INFO | fetch_order_book: mid=0.066115 spread=1.51bps bids=20 asks=20
2026-05-09 17:29:13,195 | INFO | SPREAD | pair=CHIP/USDC | cex=0.06611/0.06612 | dex_sell=0.0660671 dex_buy=0.0660893 | spread_a=-8.0bps spread_b=3.1bps | min=30.0bps
2026-05-09 17:29:14,224 | INFO | fetch_order_book: symbol=CHIP/USDC limit=20
2026-05-09 17:29:14,487 | INFO | fetch_order_book: mid=0.066115 spread=1.51bps bids=20 asks=20
2026-05-09 17:29:15,432 | INFO | SPREAD | pair=CHIP/USDC | cex=0.06611/0.06612 | dex_sell=0.0660671 dex_buy=0.0660893 | spread_a=-8.0bps spread_b=3.1bps | min=30.0bps
2026-05-09 17:29:16,434 | INFO | fetch_order_book: symbol=CHIP/USDC limit=20
2026-05-09 17:29:16,691 | INFO | fetch_order_book: mid=0.066125 spread=4.54bps bids=20 asks=20
2026-05-09 17:29:17,651 | INFO | SPREAD | pair=CHIP/USDC | cex=0.06611/0.06614 | dex_sell=0.0660671 dex_buy=0.0660893 | spread_a=-11.0bps spread_b=3.1bps | min=30.0bps
2026-05-09 17:29:18,653 | INFO | fetch_order_book: symbol=CHIP/USDC limit=20
2026-05-09 17:29:18,911 | INFO | fetch_order_book: mid=0.06612 spread=6.05bps bids=20 asks=20
2026-05-09 17:29:19,839 | INFO | SPREAD | pair=CHIP/USDC | cex=0.0661/0.06614 | dex_sell=0.0660671 dex_buy=0.0660893 | spread_a=-11.0bps spread_b=1.6bps | min=30.0bps
2026-05-09 17:29:20,842 | INFO | fetch_order_book: symbol=CHIP/USDC limit=20
2026-05-09 17:29:21,162 | INFO | fetch_order_book: mid=0.06612 spread=6.05bps bids=20 asks=20
2026-05-09 17:29:22,074 | INFO | SPREAD | pair=CHIP/USDC | cex=0.0661/0.06614 | dex_sell=0.0660671 dex_buy=0.0660893 | spread_a=-11.0bps spread_b=1.6bps | min=30.0bps
2026-05-09 17:29:23,076 | INFO | fetch_order_book: symbol=CHIP/USDC limit=20
2026-05-09 17:29:23,332 | INFO | fetch_order_book: mid=0.066115 spread=7.56bps bids=20 asks=20
2026-05-09 17:29:24,256 | INFO | SPREAD | pair=CHIP/USDC | cex=0.06609/0.06614 | dex_sell=0.0660671 dex_buy=0.0660893 | spread_a=-11.0bps spread_b=0.1bps | min=30.0bps
2026-05-09 17:29:25,258 | INFO | fetch_order_book: symbol=CHIP/USDC limit=20
2026-05-09 17:29:25,516 | INFO | fetch_order_book: mid=0.06613 spread=6.05bps bids=20 asks=20
2026-05-09 17:29:26,432 | INFO | SPREAD | pair=CHIP/USDC | cex=0.06611/0.06615 | dex_sell=0.066107 dex_buy=0.0661292 | spread_a=-6.5bps spread_b=-2.9bps | min=30.0bps
2026-05-09 17:29:27,434 | INFO | fetch_order_book: symbol=CHIP/USDC limit=20
2026-05-09 17:29:27,694 | INFO | fetch_order_book: mid=0.066135 spread=4.54bps bids=20 asks=20
2026-05-09 17:29:28,733 | INFO | SPREAD | pair=CHIP/USDC | cex=0.06612/0.06615 | dex_sell=0.066107 dex_buy=0.0661292 | spread_a=-6.5bps spread_b=-1.4bps | min=30.0bps
2026-05-09 17:29:29,735 | INFO | fetch_order_book: symbol=CHIP/USDC limit=20
2026-05-09 17:29:30,058 | INFO | fetch_order_book: mid=0.06614 spread=6.05bps bids=20 asks=20
2026-05-09 17:29:31,005 | INFO | SPREAD | pair=CHIP/USDC | cex=0.06612/0.06616 | dex_sell=0.066107 dex_buy=0.0661292 | spread_a=-8.0bps spread_b=-1.4bps | min=30.0bps
2026-05-09 17:29:32,007 | INFO | fetch_order_book: symbol=CHIP/USDC limit=20
2026-05-09 17:29:32,264 | INFO | fetch_order_book: mid=0.06611 spread=9.08bps bids=20 asks=20
2026-05-09 17:29:33,164 | INFO | SPREAD | pair=CHIP/USDC | cex=0.06608/0.06614 | dex_sell=0.066107 dex_buy=0.0661292 | spread_a=-5.0bps spread_b=-7.4bps | min=30.0bps
2026-05-09 17:29:34,166 | INFO | fetch_order_book: symbol=CHIP/USDC limit=20
2026-05-09 17:29:34,422 | INFO | fetch_order_book: mid=0.06610 spread=6.05bps bids=20 asks=20
2026-05-09 17:29:35,380 | INFO | SPREAD | pair=CHIP/USDC | cex=0.06608/0.06612 | dex_sell=0.066107 dex_buy=0.0661292 | spread_a=-2.0bps spread_b=-7.4bps | min=30.0bps
2026-05-09 17:29:36,382 | INFO | fetch_order_book: symbol=CHIP/USDC limit=20
2026-05-09 17:29:36,638 | INFO | fetch_order_book: mid=0.066095 spread=4.54bps bids=20 asks=20
2026-05-09 17:29:37,646 | INFO | SPREAD | pair=CHIP/USDC | cex=0.06608/0.06611 | dex_sell=0.066107 dex_buy=0.0661292 | spread_a=-0.5bps spread_b=-7.4bps | min=30.0bps
2026-05-09 17:29:38,649 | INFO | fetch_order_book: symbol=CHIP/USDC limit=20
2026-05-09 17:29:38,971 | INFO | fetch_order_book: mid=0.06609 spread=3.03bps bids=20 asks=20
2026-05-09 17:29:40,165 | INFO | SPREAD | pair=CHIP/USDC | cex=0.06608/0.0661 | dex_sell=0.066107 dex_buy=0.0661292 | spread_a=1.1bps spread_b=-7.4bps | min=30.0bps
2026-05-09 17:29:41,168 | INFO | fetch_order_book: symbol=CHIP/USDC limit=20
2026-05-09 17:29:41,431 | INFO | fetch_order_book: mid=0.06609 spread=3.03bps bids=20 asks=20
2026-05-09 17:29:42,381 | INFO | SPREAD | pair=CHIP/USDC | cex=0.06608/0.0661 | dex_sell=0.066107 dex_buy=0.0661292 | spread_a=1.1bps spread_b=-7.4bps | min=30.0bps
2026-05-09 17:29:43,382 | INFO | fetch_order_book: symbol=CHIP/USDC limit=20
2026-05-09 17:29:43,638 | INFO | fetch_order_book: mid=0.06610 spread=6.05bps bids=20 asks=20
2026-05-09 17:29:44,552 | INFO | SPREAD | pair=CHIP/USDC | cex=0.06608/0.06612 | dex_sell=0.066107 dex_buy=0.0661292 | spread_a=-2.0bps spread_b=-7.4bps | min=30.0bps
2026-05-09 17:29:45,555 | INFO | fetch_order_book: symbol=CHIP/USDC limit=20
2026-05-09 17:29:45,813 | INFO | fetch_order_book: mid=0.066095 spread=4.54bps bids=20 asks=20
2026-05-09 17:29:46,764 | INFO | SPREAD | pair=CHIP/USDC | cex=0.06608/0.06611 | dex_sell=0.0660708 dex_buy=0.066093 | spread_a=-5.9bps spread_b=-2.0bps | min=30.0bps
2026-05-09 17:29:47,766 | INFO | fetch_order_book: symbol=CHIP/USDC limit=20
2026-05-09 17:29:48,027 | INFO | fetch_order_book: mid=0.066045 spread=1.51bps bids=20 asks=20
2026-05-09 17:29:48,937 | INFO | SPREAD | pair=CHIP/USDC | cex=0.06604/0.06605 | dex_sell=0.0660308 dex_buy=0.066053 | spread_a=-2.9bps spread_b=-2.0bps | min=30.0bps
2026-05-09 17:29:49,940 | INFO | fetch_order_book: symbol=CHIP/USDC limit=20
2026-05-09 17:29:50,199 | INFO | fetch_order_book: mid=0.066045 spread=1.51bps bids=20 asks=20
2026-05-09 17:29:51,113 | INFO | SPREAD | pair=CHIP/USDC | cex=0.06604/0.06605 | dex_sell=0.0660308 dex_buy=0.066053 | spread_a=-2.9bps spread_b=-2.0bps | min=30.0bps
2026-05-09 17:29:52,115 | INFO | fetch_order_book: symbol=CHIP/USDC limit=20
2026-05-09 17:29:52,377 | INFO | fetch_order_book: mid=0.06605 spread=3.03bps bids=20 asks=20
2026-05-09 17:29:53,321 | INFO | SPREAD | pair=CHIP/USDC | cex=0.06604/0.06606 | dex_sell=0.0660308 dex_buy=0.066053 | spread_a=-4.4bps spread_b=-2.0bps | min=30.0bps
2026-05-09 17:29:54,324 | INFO | fetch_order_book: symbol=CHIP/USDC limit=20
2026-05-09 17:29:54,582 | INFO | fetch_order_book: mid=0.066075 spread=4.54bps bids=20 asks=20
2026-05-09 17:29:55,479 | INFO | SPREAD | pair=CHIP/USDC | cex=0.06606/0.06609 | dex_sell=0.0660308 dex_buy=0.066053 | spread_a=-9.0bps spread_b=1.1bps | min=30.0bps
2026-05-09 17:29:56,480 | INFO | fetch_order_book: symbol=CHIP/USDC limit=20
2026-05-09 17:29:56,760 | INFO | fetch_order_book: mid=0.06607 spread=6.05bps bids=20 asks=20
2026-05-09 17:29:57,663 | INFO | SPREAD | pair=CHIP/USDC | cex=0.06605/0.06609 | dex_sell=0.0660308 dex_buy=0.066053 | spread_a=-9.0bps spread_b=-0.4bps | min=30.0bps
2026-05-09 17:29:58,666 | INFO | fetch_order_book: symbol=CHIP/USDC limit=20
2026-05-09 17:29:58,925 | INFO | fetch_order_book: mid=0.066075 spread=4.54bps bids=20 asks=20
2026-05-09 17:29:59,819 | INFO | SPREAD | pair=CHIP/USDC | cex=0.06606/0.06609 | dex_sell=0.0660308 dex_buy=0.066053 | spread_a=-9.0bps spread_b=1.1bps | min=30.0bps
2026-05-09 17:30:00,820 | INFO | fetch_order_book: symbol=CHIP/USDC limit=20
2026-05-09 17:30:01,089 | INFO | fetch_order_book: mid=0.06611 spread=3.03bps bids=20 asks=20
2026-05-09 17:30:02,044 | INFO | SPREAD | pair=CHIP/USDC | cex=0.0661/0.06612 | dex_sell=0.0660669 dex_buy=0.0660891 | spread_a=-8.0bps spread_b=1.6bps | min=30.0bps
2026-05-09 17:30:03,045 | INFO | fetch_order_book: symbol=CHIP/USDC limit=20
2026-05-09 17:30:03,304 | INFO | fetch_order_book: mid=0.06611 spread=3.03bps bids=20 asks=20
2026-05-09 17:30:04,250 | INFO | SPREAD | pair=CHIP/USDC | cex=0.0661/0.06612 | dex_sell=0.0660669 dex_buy=0.0660891 | spread_a=-8.0bps spread_b=1.6bps | min=30.0bps
2026-05-09 17:30:05,252 | INFO | fetch_order_book: symbol=CHIP/USDC limit=20
2026-05-09 17:30:05,523 | INFO | fetch_order_book: mid=0.066145 spread=4.54bps bids=20 asks=20
2026-05-09 17:30:06,475 | INFO | SPREAD | pair=CHIP/USDC | cex=0.06613/0.06616 | dex_sell=0.0661069 dex_buy=0.0661291 | spread_a=-8.0bps spread_b=0.1bps | min=30.0bps
2026-05-09 17:30:07,479 | INFO | fetch_order_book: symbol=CHIP/USDC limit=20
2026-05-09 17:30:07,737 | INFO | fetch_order_book: mid=0.066145 spread=4.54bps bids=20 asks=20
2026-05-09 17:30:08,660 | INFO | SPREAD | pair=CHIP/USDC | cex=0.06613/0.06616 | dex_sell=0.0661069 dex_buy=0.0661291 | spread_a=-8.0bps spread_b=0.1bps | min=30.0bps
2026-05-09 17:30:09,662 | INFO | fetch_order_book: symbol=CHIP/USDC limit=20
2026-05-09 17:30:09,921 | INFO | fetch_order_book: mid=0.066145 spread=4.54bps bids=20 asks=20
2026-05-09 17:30:10,846 | INFO | SPREAD | pair=CHIP/USDC | cex=0.06613/0.06616 | dex_sell=0.0661069 dex_buy=0.0661291 | spread_a=-8.0bps spread_b=0.1bps | min=30.0bps
2026-05-09 17:30:11,849 | INFO | fetch_order_book: symbol=CHIP/USDC limit=20
2026-05-09 17:30:12,108 | INFO | fetch_order_book: mid=0.066155 spread=1.51bps bids=20 asks=20
2026-05-09 17:30:13,036 | INFO | SPREAD | pair=CHIP/USDC | cex=0.06615/0.06616 | dex_sell=0.0661069 dex_buy=0.0661291 | spread_a=-8.0bps spread_b=3.2bps | min=30.0bps
2026-05-09 17:30:14,038 | INFO | fetch_order_book: symbol=CHIP/USDC limit=20
2026-05-09 17:30:14,297 | INFO | fetch_order_book: mid=0.066145 spread=4.54bps bids=20 asks=20
2026-05-09 17:30:15,212 | INFO | SPREAD | pair=CHIP/USDC | cex=0.06613/0.06616 | dex_sell=0.0661069 dex_buy=0.0661291 | spread_a=-8.0bps spread_b=0.1bps | min=30.0bps
2026-05-09 17:30:16,215 | INFO | fetch_order_book: symbol=CHIP/USDC limit=20
2026-05-09 17:30:16,480 | INFO | fetch_order_book: mid=0.066145 spread=4.54bps bids=20 asks=20
2026-05-09 17:30:17,442 | INFO | SPREAD | pair=CHIP/USDC | cex=0.06613/0.06616 | dex_sell=0.0661069 dex_buy=0.0661291 | spread_a=-8.0bps spread_b=0.1bps | min=30.0bps
2026-05-09 17:30:18,445 | INFO | fetch_order_book: symbol=CHIP/USDC limit=20
2026-05-09 17:30:18,708 | INFO | fetch_order_book: mid=0.066155 spread=7.56bps bids=20 asks=20
2026-05-09 17:30:19,628 | INFO | SPREAD | pair=CHIP/USDC | cex=0.06613/0.06618 | dex_sell=0.0661069 dex_buy=0.0661291 | spread_a=-11.0bps spread_b=0.1bps | min=30.0bps
2026-05-09 17:30:20,631 | INFO | fetch_order_book: symbol=CHIP/USDC limit=20
2026-05-09 17:30:20,899 | INFO | fetch_order_book: mid=0.06615 spread=6.05bps bids=20 asks=20
2026-05-09 17:30:21,828 | INFO | SPREAD | pair=CHIP/USDC | cex=0.06613/0.06617 | dex_sell=0.0661069 dex_buy=0.0661291 | spread_a=-9.5bps spread_b=0.1bps | min=30.0bps
2026-05-09 17:30:22,830 | INFO | fetch_order_book: symbol=CHIP/USDC limit=20
2026-05-09 17:30:23,103 | INFO | fetch_order_book: mid=0.06615 spread=6.05bps bids=20 asks=20
2026-05-09 17:30:24,045 | INFO | SPREAD | pair=CHIP/USDC | cex=0.06613/0.06617 | dex_sell=0.0661069 dex_buy=0.0661291 | spread_a=-9.5bps spread_b=0.1bps | min=30.0bps
2026-05-09 17:30:25,047 | INFO | fetch_order_book: symbol=CHIP/USDC limit=20
2026-05-09 17:30:25,308 | INFO | fetch_order_book: mid=0.06615 spread=6.05bps bids=20 asks=20
2026-05-09 17:30:26,225 | INFO | SPREAD | pair=CHIP/USDC | cex=0.06613/0.06617 | dex_sell=0.0661069 dex_buy=0.0661291 | spread_a=-9.5bps spread_b=0.1bps | min=30.0bps
2026-05-09 17:30:27,227 | INFO | fetch_order_book: symbol=CHIP/USDC limit=20
2026-05-09 17:30:27,484 | INFO | fetch_order_book: mid=0.06615 spread=6.05bps bids=20 asks=20
2026-05-09 17:30:28,409 | INFO | SPREAD | pair=CHIP/USDC | cex=0.06613/0.06617 | dex_sell=0.0661069 dex_buy=0.0661291 | spread_a=-9.5bps spread_b=0.1bps | min=30.0bps
2026-05-09 17:30:29,412 | INFO | fetch_order_book: symbol=CHIP/USDC limit=20
2026-05-09 17:30:29,761 | INFO | fetch_order_book: mid=0.06615 spread=6.05bps bids=20 asks=20
2026-05-09 17:30:30,700 | INFO | SPREAD | pair=CHIP/USDC | cex=0.06613/0.06617 | dex_sell=0.0661069 dex_buy=0.0661291 | spread_a=-9.5bps spread_b=0.1bps | min=30.0bps
2026-05-09 17:30:31,702 | INFO | fetch_order_book: symbol=CHIP/USDC limit=20
2026-05-09 17:30:31,959 | INFO | fetch_order_book: mid=0.066155 spread=7.56bps bids=20 asks=20
2026-05-09 17:30:32,977 | INFO | SPREAD | pair=CHIP/USDC | cex=0.06613/0.06618 | dex_sell=0.0661069 dex_buy=0.0661291 | spread_a=-11.0bps spread_b=0.1bps | min=30.0bps
2026-05-09 17:30:33,979 | INFO | fetch_order_book: symbol=CHIP/USDC limit=20
2026-05-09 17:30:34,235 | INFO | fetch_order_book: mid=0.066155 spread=7.56bps bids=20 asks=20
2026-05-09 17:30:35,239 | INFO | SPREAD | pair=CHIP/USDC | cex=0.06613/0.06618 | dex_sell=0.0661069 dex_buy=0.0661291 | spread_a=-11.0bps spread_b=0.1bps | min=30.0bps
2026-05-09 17:30:36,241 | INFO | fetch_order_book: symbol=CHIP/USDC limit=20
2026-05-09 17:30:36,499 | INFO | fetch_order_book: mid=0.066155 spread=7.56bps bids=20 asks=20
2026-05-09 17:30:37,400 | INFO | SPREAD | pair=CHIP/USDC | cex=0.06613/0.06618 | dex_sell=0.0661069 dex_buy=0.0661291 | spread_a=-11.0bps spread_b=0.1bps | min=30.0bps
2026-05-09 17:30:38,402 | INFO | fetch_order_book: symbol=CHIP/USDC limit=20
2026-05-09 17:30:38,670 | INFO | fetch_order_book: mid=0.06617 spread=3.02bps bids=20 asks=20
2026-05-09 17:30:39,844 | INFO | SPREAD | pair=CHIP/USDC | cex=0.06616/0.06618 | dex_sell=0.0661069 dex_buy=0.0661291 | spread_a=-11.0bps spread_b=4.7bps | min=30.0bps
2026-05-09 17:30:40,846 | INFO | fetch_order_book: symbol=CHIP/USDC limit=20
2026-05-09 17:30:41,105 | INFO | fetch_order_book: mid=0.06615 spread=6.05bps bids=20 asks=20
2026-05-09 17:30:41,993 | INFO | SPREAD | pair=CHIP/USDC | cex=0.06613/0.06617 | dex_sell=0.0661069 dex_buy=0.0661291 | spread_a=-9.5bps spread_b=0.1bps | min=30.0bps
2026-05-09 17:30:42,995 | INFO | fetch_order_book: symbol=CHIP/USDC limit=20
2026-05-09 17:30:43,260 | INFO | fetch_order_book: mid=0.066155 spread=7.56bps bids=20 asks=20
2026-05-09 17:30:44,156 | INFO | SPREAD | pair=CHIP/USDC | cex=0.06613/0.06618 | dex_sell=0.0661069 dex_buy=0.0661291 | spread_a=-11.0bps spread_b=0.1bps | min=30.0bps
2026-05-09 17:30:45,161 | INFO | fetch_order_book: symbol=CHIP/USDC limit=20
2026-05-09 17:30:45,423 | INFO | fetch_order_book: mid=0.066155 spread=7.56bps bids=20 asks=20
2026-05-09 17:30:46,421 | INFO | SPREAD | pair=CHIP/USDC | cex=0.06613/0.06618 | dex_sell=0.0661069 dex_buy=0.0661291 | spread_a=-11.0bps spread_b=0.1bps | min=30.0bps
2026-05-09 17:30:47,424 | INFO | fetch_order_book: symbol=CHIP/USDC limit=20
2026-05-09 17:30:47,680 | INFO | fetch_order_book: mid=0.066165 spread=4.53bps bids=20 asks=20
2026-05-09 17:30:48,572 | INFO | SPREAD | pair=CHIP/USDC | cex=0.06615/0.06618 | dex_sell=0.0661069 dex_buy=0.0661291 | spread_a=-11.0bps spread_b=3.2bps | min=30.0bps
2026-05-09 17:30:49,575 | INFO | fetch_order_book: symbol=CHIP/USDC limit=20
2026-05-09 17:30:49,835 | INFO | fetch_order_book: mid=0.066175 spread=7.56bps bids=20 asks=20
2026-05-09 17:30:50,777 | INFO | SPREAD | pair=CHIP/USDC | cex=0.06615/0.0662 | dex_sell=0.0661069 dex_buy=0.0661691 | spread_a=-14.1bps spread_b=-2.9bps | min=30.0bps
2026-05-09 17:30:51,781 | INFO | fetch_order_book: symbol=CHIP/USDC limit=20
2026-05-09 17:30:52,042 | INFO | fetch_order_book: mid=0.06617 spread=6.05bps bids=20 asks=20
2026-05-09 17:30:52,957 | INFO | SPREAD | pair=CHIP/USDC | cex=0.06615/0.06619 | dex_sell=0.0661468 dex_buy=0.0661691 | spread_a=-6.5bps spread_b=-2.9bps | min=30.0bps
2026-05-09 17:30:53,959 | INFO | fetch_order_book: symbol=CHIP/USDC limit=20
2026-05-09 17:30:54,216 | INFO | fetch_order_book: mid=0.06617 spread=6.05bps bids=20 asks=20
2026-05-09 17:30:55,111 | INFO | SPREAD | pair=CHIP/USDC | cex=0.06615/0.06619 | dex_sell=0.0661468 dex_buy=0.0661691 | spread_a=-6.5bps spread_b=-2.9bps | min=30.0bps
2026-05-09 17:30:56,112 | INFO | fetch_order_book: symbol=CHIP/USDC limit=20
2026-05-09 17:30:56,380 | INFO | fetch_order_book: mid=0.06615 spread=3.02bps bids=20 asks=20
2026-05-09 17:30:57,357 | INFO | SPREAD | pair=CHIP/USDC | cex=0.06614/0.06616 | dex_sell=0.0661468 dex_buy=0.066169 | spread_a=-2.0bps spread_b=-4.4bps | min=30.0bps
2026-05-09 17:30:58,359 | INFO | fetch_order_book: symbol=CHIP/USDC limit=20
2026-05-09 17:30:58,623 | INFO | fetch_order_book: mid=0.066135 spread=4.54bps bids=20 asks=20
2026-05-09 17:30:59,541 | INFO | SPREAD | pair=CHIP/USDC | cex=0.06612/0.06615 | dex_sell=0.0661468 dex_buy=0.066169 | spread_a=-0.5bps spread_b=-7.4bps | min=30.0bps
2026-05-09 17:31:00,544 | INFO | fetch_order_book: symbol=CHIP/USDC limit=20
2026-05-09 17:31:00,801 | INFO | fetch_order_book: mid=0.06613 spread=3.02bps bids=20 asks=20
2026-05-09 17:31:01,725 | INFO | SPREAD | pair=CHIP/USDC | cex=0.06612/0.06614 | dex_sell=0.0661106 dex_buy=0.0661328 | spread_a=-4.4bps spread_b=-1.9bps | min=30.0bps
2026-05-09 17:31:02,728 | INFO | fetch_order_book: symbol=CHIP/USDC limit=20
2026-05-09 17:31:03,005 | INFO | fetch_order_book: mid=0.06615 spread=6.05bps bids=20 asks=20
2026-05-09 17:31:03,963 | INFO | SPREAD | pair=CHIP/USDC | cex=0.06613/0.06617 | dex_sell=0.0661106 dex_buy=0.0661328 | spread_a=-9.0bps spread_b=-0.4bps | min=30.0bps
2026-05-09 17:31:04,965 | INFO | fetch_order_book: symbol=CHIP/USDC limit=20
2026-05-09 17:31:05,298 | INFO | fetch_order_book: mid=0.06615 spread=6.05bps bids=20 asks=20
2026-05-09 17:31:06,229 | INFO | SPREAD | pair=CHIP/USDC | cex=0.06613/0.06617 | dex_sell=0.0661106 dex_buy=0.0661328 | spread_a=-9.0bps spread_b=-0.4bps | min=30.0bps
2026-05-09 17:31:07,231 | INFO | fetch_order_book: symbol=CHIP/USDC limit=20
2026-05-09 17:31:07,508 | INFO | fetch_order_book: mid=0.066085 spread=1.51bps bids=20 asks=20
2026-05-09 17:31:08,428 | INFO | SPREAD | pair=CHIP/USDC | cex=0.06608/0.06609 | dex_sell=0.0660709 dex_buy=0.0660931 | spread_a=-2.9bps spread_b=-2.0bps | min=30.0bps
2026-05-09 17:31:09,431 | INFO | fetch_order_book: symbol=CHIP/USDC limit=20
2026-05-09 17:31:09,692 | INFO | fetch_order_book: mid=0.06605 spread=3.03bps bids=20 asks=20
2026-05-09 17:31:10,636 | INFO | SPREAD | pair=CHIP/USDC | cex=0.06604/0.06606 | dex_sell=0.0660709 dex_buy=0.0660931 | spread_a=1.7bps spread_b=-8.0bps | min=30.0bps
2026-05-09 17:31:11,638 | INFO | fetch_order_book: symbol=CHIP/USDC limit=20
2026-05-09 17:31:11,911 | INFO | fetch_order_book: mid=0.06606 spread=3.03bps bids=20 asks=20
2026-05-09 17:31:12,838 | INFO | SPREAD | pair=CHIP/USDC | cex=0.06605/0.06607 | dex_sell=0.0660709 dex_buy=0.0660931 | spread_a=0.1bps spread_b=-6.5bps | min=30.0bps
2026-05-09 17:31:13,840 | INFO | fetch_order_book: symbol=CHIP/USDC limit=20
2026-05-09 17:31:14,112 | INFO | fetch_order_book: mid=0.066075 spread=7.57bps bids=20 asks=20
2026-05-09 17:31:15,091 | INFO | SPREAD | pair=CHIP/USDC | cex=0.06605/0.0661 | dex_sell=0.0660709 dex_buy=0.0660931 | spread_a=-4.4bps spread_b=-6.5bps | min=30.0bps
2026-05-09 17:31:16,099 | INFO | fetch_order_book: symbol=CHIP/USDC limit=20
2026-05-09 17:31:16,363 | INFO | fetch_order_book: mid=0.066075 spread=7.57bps bids=20 asks=20
2026-05-09 17:31:17,362 | INFO | SPREAD | pair=CHIP/USDC | cex=0.06605/0.0661 | dex_sell=0.0660709 dex_buy=0.0660931 | spread_a=-4.4bps spread_b=-6.5bps | min=30.0bps
2026-05-09 17:31:18,364 | INFO | fetch_order_book: symbol=CHIP/USDC limit=20
2026-05-09 17:31:18,642 | INFO | fetch_order_book: mid=0.066075 spread=7.57bps bids=20 asks=20
2026-05-09 17:31:19,597 | INFO | SPREAD | pair=CHIP/USDC | cex=0.06605/0.0661 | dex_sell=0.0660709 dex_buy=0.0660931 | spread_a=-4.4bps spread_b=-6.5bps | min=30.0bps
2026-05-09 17:31:20,598 | INFO | fetch_order_book: symbol=CHIP/USDC limit=20
2026-05-09 17:31:20,864 | INFO | fetch_order_book: mid=0.06607 spread=3.03bps bids=20 asks=20
2026-05-09 17:31:21,792 | INFO | SPREAD | pair=CHIP/USDC | cex=0.06606/0.06608 | dex_sell=0.0660709 dex_buy=0.0660931 | spread_a=-1.4bps spread_b=-5.0bps | min=30.0bps
2026-05-09 17:31:22,795 | INFO | fetch_order_book: symbol=CHIP/USDC limit=20
2026-05-09 17:31:23,064 | INFO | fetch_order_book: mid=0.06607 spread=6.05bps bids=20 asks=20
2026-05-09 17:31:24,044 | INFO | SPREAD | pair=CHIP/USDC | cex=0.06605/0.06609 | dex_sell=0.0660709 dex_buy=0.0660931 | spread_a=-2.9bps spread_b=-6.5bps | min=30.0bps
2026-05-09 17:31:25,046 | INFO | fetch_order_book: symbol=CHIP/USDC limit=20
2026-05-09 17:31:25,339 | INFO | fetch_order_book: mid=0.06607 spread=6.05bps bids=20 asks=20
2026-05-09 17:31:26,347 | INFO | SPREAD | pair=CHIP/USDC | cex=0.06605/0.06609 | dex_sell=0.0660709 dex_buy=0.0660931 | spread_a=-2.9bps spread_b=-6.5bps | min=30.0bps
2026-05-09 17:31:27,349 | INFO | fetch_order_book: symbol=CHIP/USDC limit=20
2026-05-09 17:31:27,609 | INFO | fetch_order_book: mid=0.06607 spread=6.05bps bids=20 asks=20
2026-05-09 17:31:28,534 | INFO | SPREAD | pair=CHIP/USDC | cex=0.06605/0.06609 | dex_sell=0.0660709 dex_buy=0.0660931 | spread_a=-2.9bps spread_b=-6.5bps | min=30.0bps
2026-05-09 17:31:29,536 | INFO | fetch_order_book: symbol=CHIP/USDC limit=20
2026-05-09 17:31:29,822 | INFO | fetch_order_book: mid=0.06611 spread=3.03bps bids=20 asks=20
2026-05-09 17:31:30,719 | INFO | SPREAD | pair=CHIP/USDC | cex=0.0661/0.06612 | dex_sell=0.0660709 dex_buy=0.0660931 | spread_a=-7.4bps spread_b=1.0bps | min=30.0bps
2026-05-09 17:31:31,722 | INFO | fetch_order_book: symbol=CHIP/USDC limit=20
2026-05-09 17:31:32,014 | INFO | fetch_order_book: mid=0.06612 spread=6.05bps bids=20 asks=20
2026-05-09 17:31:33,056 | INFO | SPREAD | pair=CHIP/USDC | cex=0.0661/0.06614 | dex_sell=0.0660709 dex_buy=0.0660931 | spread_a=-10.4bps spread_b=1.0bps | min=30.0bps
2026-05-09 17:31:34,059 | INFO | fetch_order_book: symbol=CHIP/USDC limit=20
2026-05-09 17:31:34,323 | INFO | fetch_order_book: mid=0.06609 spread=6.05bps bids=20 asks=20
2026-05-09 17:31:35,241 | INFO | SPREAD | pair=CHIP/USDC | cex=0.06607/0.06611 | dex_sell=0.0660709 dex_buy=0.0660931 | spread_a=-5.9bps spread_b=-3.5bps | min=30.0bps
2026-05-09 17:31:36,244 | INFO | fetch_order_book: symbol=CHIP/USDC limit=20
2026-05-09 17:31:36,531 | INFO | fetch_order_book: mid=0.06607 spread=3.03bps bids=20 asks=20
2026-05-09 17:31:37,462 | INFO | SPREAD | pair=CHIP/USDC | cex=0.06606/0.06608 | dex_sell=0.0660709 dex_buy=0.0660931 | spread_a=-1.4bps spread_b=-5.0bps | min=30.0bps
2026-05-09 17:31:38,464 | INFO | fetch_order_book: symbol=CHIP/USDC limit=20
2026-05-09 17:31:38,725 | INFO | fetch_order_book: mid=0.066075 spread=4.54bps bids=20 asks=20
2026-05-09 17:31:39,687 | INFO | SPREAD | pair=CHIP/USDC | cex=0.06606/0.06609 | dex_sell=0.0660709 dex_buy=0.0660931 | spread_a=-2.9bps spread_b=-5.0bps | min=30.0bps
2026-05-09 17:31:40,690 | INFO | fetch_order_book: symbol=CHIP/USDC limit=20
2026-05-09 17:31:40,948 | INFO | fetch_order_book: mid=0.066065 spread=1.51bps bids=20 asks=20
2026-05-09 17:31:41,872 | INFO | SPREAD | pair=CHIP/USDC | cex=0.06606/0.06607 | dex_sell=0.0660709 dex_buy=0.0660931 | spread_a=0.1bps spread_b=-5.0bps | min=30.0bps
2026-05-09 17:31:42,874 | INFO | fetch_order_book: symbol=CHIP/USDC limit=20
2026-05-09 17:31:43,183 | INFO | fetch_order_book: mid=0.06601 spread=3.03bps bids=20 asks=20
2026-05-09 17:31:44,102 | INFO | SPREAD | pair=CHIP/USDC | cex=0.066/0.06602 | dex_sell=0.0660007 dex_buy=0.0660203 | spread_a=-2.9bps spread_b=-3.1bps | min=30.0bps
2026-05-09 17:31:45,104 | INFO | fetch_order_book: symbol=CHIP/USDC limit=20
2026-05-09 17:31:45,370 | INFO | fetch_order_book: mid=0.06599 spread=3.03bps bids=20 asks=20
2026-05-09 17:31:46,304 | INFO | SPREAD | pair=CHIP/USDC | cex=0.06598/0.066 | dex_sell=0.0659735 dex_buy=0.0659904 | spread_a=-4.0bps spread_b=-1.6bps | min=30.0bps
2026-05-09 17:31:47,306 | INFO | fetch_order_book: symbol=CHIP/USDC limit=20
2026-05-09 17:31:47,566 | INFO | fetch_order_book: mid=0.06599 spread=3.03bps bids=20 asks=20
2026-05-09 17:31:48,482 | INFO | SPREAD | pair=CHIP/USDC | cex=0.06598/0.066 | dex_sell=0.0659735 dex_buy=0.0659904 | spread_a=-4.0bps spread_b=-1.6bps | min=30.0bps
2026-05-09 17:31:49,484 | INFO | fetch_order_book: symbol=CHIP/USDC limit=20
2026-05-09 17:31:49,742 | INFO | fetch_order_book: mid=0.06599 spread=3.03bps bids=20 asks=20
2026-05-09 17:31:50,645 | INFO | SPREAD | pair=CHIP/USDC | cex=0.06598/0.066 | dex_sell=0.0659735 dex_buy=0.0659904 | spread_a=-4.0bps spread_b=-1.6bps | min=30.0bps
2026-05-09 17:31:51,647 | INFO | fetch_order_book: symbol=CHIP/USDC limit=20
2026-05-09 17:31:51,903 | INFO | fetch_order_book: mid=0.065995 spread=4.55bps bids=20 asks=20
2026-05-09 17:31:52,831 | INFO | SPREAD | pair=CHIP/USDC | cex=0.06598/0.06601 | dex_sell=0.0659735 dex_buy=0.0659904 | spread_a=-5.5bps spread_b=-1.6bps | min=30.0bps
2026-05-09 17:31:53,834 | INFO | fetch_order_book: symbol=CHIP/USDC limit=20
2026-05-09 17:31:54,091 | INFO | fetch_order_book: mid=0.065995 spread=4.55bps bids=20 asks=20
2026-05-09 17:31:55,005 | INFO | SPREAD | pair=CHIP/USDC | cex=0.06598/0.06601 | dex_sell=0.0659735 dex_buy=0.0659904 | spread_a=-5.5bps spread_b=-1.6bps | min=30.0bps
2026-05-09 17:31:56,007 | INFO | fetch_order_book: symbol=CHIP/USDC limit=20
2026-05-09 17:31:56,268 | INFO | fetch_order_book: mid=0.06604 spread=6.06bps bids=20 asks=20
2026-05-09 17:31:57,178 | INFO | SPREAD | pair=CHIP/USDC | cex=0.06602/0.06606 | dex_sell=0.0660007 dex_buy=0.0660203 | spread_a=-9.0bps spread_b=-0.0bps | min=30.0bps
2026-05-09 17:31:58,180 | INFO | fetch_order_book: symbol=CHIP/USDC limit=20
2026-05-09 17:31:58,446 | INFO | fetch_order_book: mid=0.06608 spread=6.05bps bids=20 asks=20
2026-05-09 17:31:59,354 | INFO | SPREAD | pair=CHIP/USDC | cex=0.06606/0.0661 | dex_sell=0.0660368 dex_buy=0.066059 | spread_a=-9.6bps spread_b=0.1bps | min=30.0bps
2026-05-09 17:32:00,356 | INFO | fetch_order_book: symbol=CHIP/USDC limit=20
2026-05-09 17:32:00,613 | INFO | fetch_order_book: mid=0.06609 spread=3.03bps bids=20 asks=20
2026-05-09 17:32:01,581 | INFO | SPREAD | pair=CHIP/USDC | cex=0.06608/0.0661 | dex_sell=0.0660368 dex_buy=0.066059 | spread_a=-9.6bps spread_b=3.2bps | min=30.0bps
2026-05-09 17:32:02,584 | INFO | fetch_order_book: symbol=CHIP/USDC limit=20
2026-05-09 17:32:02,849 | INFO | fetch_order_book: mid=0.06615 spread=3.02bps bids=20 asks=20
2026-05-09 17:32:03,729 | INFO | SPREAD | pair=CHIP/USDC | cex=0.06614/0.06616 | dex_sell=0.0660768 dex_buy=0.066099 | spread_a=-12.6bps spread_b=6.2bps | min=30.0bps
2026-05-09 17:32:04,731 | INFO | fetch_order_book: symbol=CHIP/USDC limit=20
2026-05-09 17:32:04,988 | INFO | fetch_order_book: mid=0.06615 spread=3.02bps bids=20 asks=20
2026-05-09 17:32:05,907 | INFO | SPREAD | pair=CHIP/USDC | cex=0.06614/0.06616 | dex_sell=0.0661171 dex_buy=0.0661393 | spread_a=-6.5bps spread_b=0.1bps | min=30.0bps
2026-05-09 17:32:06,911 | INFO | fetch_order_book: symbol=CHIP/USDC limit=20
2026-05-09 17:32:07,173 | INFO | fetch_order_book: mid=0.06615 spread=3.02bps bids=20 asks=20
2026-05-09 17:32:08,105 | INFO | SPREAD | pair=CHIP/USDC | cex=0.06614/0.06616 | dex_sell=0.0661171 dex_buy=0.0661393 | spread_a=-6.5bps spread_b=0.1bps | min=30.0bps
2026-05-09 17:32:09,107 | INFO | fetch_order_book: symbol=CHIP/USDC limit=20
2026-05-09 17:32:09,370 | INFO | fetch_order_book: mid=0.066165 spread=4.53bps bids=20 asks=20
2026-05-09 17:32:10,292 | INFO | SPREAD | pair=CHIP/USDC | cex=0.06615/0.06618 | dex_sell=0.0661171 dex_buy=0.0661393 | spread_a=-9.5bps spread_b=1.6bps | min=30.0bps
2026-05-09 17:32:11,295 | INFO | fetch_order_book: symbol=CHIP/USDC limit=20
2026-05-09 17:32:11,561 | INFO | fetch_order_book: mid=0.06619 spread=3.02bps bids=20 asks=20
2026-05-09 17:32:12,499 | INFO | SPREAD | pair=CHIP/USDC | cex=0.06618/0.0662 | dex_sell=0.0661171 dex_buy=0.0661393 | spread_a=-12.5bps spread_b=6.2bps | min=30.0bps
2026-05-09 17:32:13,501 | INFO | fetch_order_book: symbol=CHIP/USDC limit=20
2026-05-09 17:32:13,760 | INFO | fetch_order_book: mid=0.06620 spread=6.04bps bids=20 asks=20
2026-05-09 17:32:14,674 | INFO | SPREAD | pair=CHIP/USDC | cex=0.06618/0.06622 | dex_sell=0.0661571 dex_buy=0.0661793 | spread_a=-9.5bps spread_b=0.1bps | min=30.0bps
2026-05-09 17:32:15,675 | INFO | fetch_order_book: symbol=CHIP/USDC limit=20
2026-05-09 17:32:15,933 | INFO | fetch_order_book: mid=0.06617 spread=6.05bps bids=20 asks=20
2026-05-09 17:32:16,832 | INFO | SPREAD | pair=CHIP/USDC | cex=0.06615/0.06619 | dex_sell=0.0661571 dex_buy=0.0661793 | spread_a=-5.0bps spread_b=-4.4bps | min=30.0bps
2026-05-09 17:32:17,834 | INFO | fetch_order_book: symbol=CHIP/USDC limit=20
2026-05-09 17:32:18,093 | INFO | fetch_order_book: mid=0.06616 spread=6.05bps bids=20 asks=20
2026-05-09 17:32:19,025 | INFO | SPREAD | pair=CHIP/USDC | cex=0.06614/0.06618 | dex_sell=0.0661571 dex_buy=0.0661793 | spread_a=-3.5bps spread_b=-5.9bps | min=30.0bps
2026-05-09 17:32:20,027 | INFO | fetch_order_book: symbol=CHIP/USDC limit=20
2026-05-09 17:32:20,352 | INFO | fetch_order_book: mid=0.06616 spread=6.05bps bids=20 asks=20
2026-05-09 17:32:21,280 | INFO | SPREAD | pair=CHIP/USDC | cex=0.06614/0.06618 | dex_sell=0.0661571 dex_buy=0.0661793 | spread_a=-3.5bps spread_b=-5.9bps | min=30.0bps
2026-05-09 17:32:22,284 | INFO | fetch_order_book: symbol=CHIP/USDC limit=20
2026-05-09 17:32:22,546 | INFO | fetch_order_book: mid=0.066155 spread=4.53bps bids=20 asks=20
2026-05-09 17:32:23,504 | INFO | SPREAD | pair=CHIP/USDC | cex=0.06614/0.06617 | dex_sell=0.0661571 dex_buy=0.0661793 | spread_a=-2.0bps spread_b=-5.9bps | min=30.0bps
2026-05-09 17:32:24,507 | INFO | fetch_order_book: symbol=CHIP/USDC limit=20
2026-05-09 17:32:24,765 | INFO | fetch_order_book: mid=0.06613 spread=3.02bps bids=20 asks=20
2026-05-09 17:32:25,684 | INFO | SPREAD | pair=CHIP/USDC | cex=0.06612/0.06614 | dex_sell=0.0661571 dex_buy=0.066143 | spread_a=2.6bps spread_b=-3.5bps | min=30.0bps
2026-05-09 17:32:26,686 | INFO | fetch_order_book: symbol=CHIP/USDC limit=20
2026-05-09 17:32:26,946 | INFO | fetch_order_book: mid=0.066135 spread=4.54bps bids=20 asks=20
2026-05-09 17:32:27,859 | INFO | SPREAD | pair=CHIP/USDC | cex=0.06612/0.06615 | dex_sell=0.0661208 dex_buy=0.066143 | spread_a=-4.4bps spread_b=-3.5bps | min=30.0bps
2026-05-09 17:32:28,862 | INFO | fetch_order_book: symbol=CHIP/USDC limit=20
2026-05-09 17:32:29,120 | INFO | fetch_order_book: mid=0.066135 spread=4.54bps bids=20 asks=20
2026-05-09 17:32:30,026 | INFO | SPREAD | pair=CHIP/USDC | cex=0.06612/0.06615 | dex_sell=0.0661208 dex_buy=0.066143 | spread_a=-4.4bps spread_b=-3.5bps | min=30.0bps
2026-05-09 17:32:31,028 | INFO | fetch_order_book: symbol=CHIP/USDC limit=20
2026-05-09 17:32:31,286 | INFO | fetch_order_book: mid=0.06614 spread=6.05bps bids=20 asks=20
2026-05-09 17:32:32,251 | INFO | SPREAD | pair=CHIP/USDC | cex=0.06612/0.06616 | dex_sell=0.0661208 dex_buy=0.066143 | spread_a=-5.9bps spread_b=-3.5bps | min=30.0bps
2026-05-09 17:32:33,254 | INFO | fetch_order_book: symbol=CHIP/USDC limit=20
2026-05-09 17:32:33,522 | INFO | fetch_order_book: mid=0.066125 spread=1.51bps bids=20 asks=20
2026-05-09 17:32:34,491 | INFO | SPREAD | pair=CHIP/USDC | cex=0.06612/0.06613 | dex_sell=0.0661208 dex_buy=0.066143 | spread_a=-1.4bps spread_b=-3.5bps | min=30.0bps
2026-05-09 17:32:35,493 | INFO | fetch_order_book: symbol=CHIP/USDC limit=20
2026-05-09 17:32:35,753 | INFO | fetch_order_book: mid=0.066115 spread=4.54bps bids=20 asks=20
2026-05-09 17:32:36,649 | INFO | SPREAD | pair=CHIP/USDC | cex=0.0661/0.06613 | dex_sell=0.0661208 dex_buy=0.066143 | spread_a=-1.4bps spread_b=-6.5bps | min=30.0bps
2026-05-09 17:32:37,651 | INFO | fetch_order_book: symbol=CHIP/USDC limit=20
2026-05-09 17:32:37,914 | INFO | fetch_order_book: mid=0.066115 spread=4.54bps bids=20 asks=20
2026-05-09 17:32:38,910 | INFO | SPREAD | pair=CHIP/USDC | cex=0.0661/0.06613 | dex_sell=0.0661208 dex_buy=0.0661029 | spread_a=-1.4bps spread_b=-0.4bps | min=30.0bps
2026-05-09 17:32:39,912 | INFO | fetch_order_book: symbol=CHIP/USDC limit=20
2026-05-09 17:32:40,173 | INFO | fetch_order_book: mid=0.06608 spread=6.05bps bids=20 asks=20
2026-05-09 17:32:41,113 | INFO | SPREAD | pair=CHIP/USDC | cex=0.06606/0.0661 | dex_sell=0.0660808 dex_buy=0.0661029 | spread_a=-2.9bps spread_b=-6.5bps | min=30.0bps
2026-05-09 17:32:42,116 | INFO | fetch_order_book: symbol=CHIP/USDC limit=20
2026-05-09 17:32:42,476 | INFO | fetch_order_book: mid=0.066115 spread=7.56bps bids=20 asks=20
2026-05-09 17:32:43,428 | INFO | SPREAD | pair=CHIP/USDC | cex=0.06609/0.06614 | dex_sell=0.0660808 dex_buy=0.0661029 | spread_a=-9.0bps spread_b=-2.0bps | min=30.0bps
2026-05-09 17:32:44,431 | INFO | fetch_order_book: symbol=CHIP/USDC limit=20
2026-05-09 17:32:44,802 | INFO | fetch_order_book: mid=0.06614 spread=6.05bps bids=20 asks=20
2026-05-09 17:32:45,742 | INFO | SPREAD | pair=CHIP/USDC | cex=0.06612/0.06616 | dex_sell=0.0660808 dex_buy=0.0661029 | spread_a=-12.0bps spread_b=2.6bps | min=30.0bps
2026-05-09 17:32:46,744 | INFO | fetch_order_book: symbol=CHIP/USDC limit=20
2026-05-09 17:32:47,001 | INFO | fetch_order_book: mid=0.066145 spread=4.54bps bids=20 asks=20
2026-05-09 17:32:47,892 | INFO | SPREAD | pair=CHIP/USDC | cex=0.06613/0.06616 | dex_sell=0.0661169 dex_buy=0.0661391 | spread_a=-6.5bps spread_b=-1.4bps | min=30.0bps
2026-05-09 17:32:48,894 | INFO | fetch_order_book: symbol=CHIP/USDC limit=20
2026-05-09 17:32:49,152 | INFO | fetch_order_book: mid=0.06617 spread=3.02bps bids=20 asks=20
2026-05-09 17:32:50,050 | INFO | SPREAD | pair=CHIP/USDC | cex=0.06616/0.06618 | dex_sell=0.0661169 dex_buy=0.0661391 | spread_a=-9.5bps spread_b=3.2bps | min=30.0bps
2026-05-09 17:32:51,052 | INFO | fetch_order_book: symbol=CHIP/USDC limit=20
2026-05-09 17:32:51,312 | INFO | fetch_order_book: mid=0.06617 spread=3.02bps bids=20 asks=20
2026-05-09 17:32:52,235 | INFO | SPREAD | pair=CHIP/USDC | cex=0.06616/0.06618 | dex_sell=0.0661169 dex_buy=0.0661391 | spread_a=-9.5bps spread_b=3.2bps | min=30.0bps
2026-05-09 17:32:53,237 | INFO | fetch_order_book: symbol=CHIP/USDC limit=20
2026-05-09 17:32:53,532 | INFO | fetch_order_book: mid=0.06617 spread=3.02bps bids=20 asks=20
2026-05-09 17:32:54,458 | INFO | SPREAD | pair=CHIP/USDC | cex=0.06616/0.06618 | dex_sell=0.0661169 dex_buy=0.0661391 | spread_a=-9.5bps spread_b=3.2bps | min=30.0bps
2026-05-09 17:32:55,460 | INFO | fetch_order_book: symbol=CHIP/USDC limit=20
2026-05-09 17:32:55,722 | INFO | fetch_order_book: mid=0.06619 spread=3.02bps bids=20 asks=20
2026-05-09 17:32:56,626 | INFO | SPREAD | pair=CHIP/USDC | cex=0.06618/0.0662 | dex_sell=0.0661169 dex_buy=0.0661391 | spread_a=-12.5bps spread_b=6.2bps | min=30.0bps
2026-05-09 17:32:57,628 | INFO | fetch_order_book: symbol=CHIP/USDC limit=20
2026-05-09 17:32:57,886 | INFO | fetch_order_book: mid=0.06618 spread=6.04bps bids=20 asks=20
2026-05-09 17:32:58,809 | INFO | SPREAD | pair=CHIP/USDC | cex=0.06616/0.0662 | dex_sell=0.0661569 dex_buy=0.0661791 | spread_a=-6.5bps spread_b=-2.9bps | min=30.0bps
2026-05-09 17:32:59,812 | INFO | fetch_order_book: symbol=CHIP/USDC limit=20
2026-05-09 17:33:00,192 | INFO | fetch_order_book: mid=0.06617 spread=6.05bps bids=20 asks=20
2026-05-09 17:33:01,162 | INFO | SPREAD | pair=CHIP/USDC | cex=0.06615/0.06619 | dex_sell=0.0661569 dex_buy=0.0661791 | spread_a=-5.0bps spread_b=-4.4bps | min=30.0bps
2026-05-09 17:33:02,164 | INFO | fetch_order_book: symbol=CHIP/USDC limit=20
2026-05-09 17:33:02,423 | INFO | fetch_order_book: mid=0.066135 spread=4.54bps bids=20 asks=20
2026-05-09 17:33:03,315 | INFO | SPREAD | pair=CHIP/USDC | cex=0.06612/0.06615 | dex_sell=0.0661569 dex_buy=0.0661432 | spread_a=1.0bps spread_b=-3.5bps | min=30.0bps
2026-05-09 17:33:04,318 | INFO | fetch_order_book: symbol=CHIP/USDC limit=20
2026-05-09 17:33:04,577 | INFO | fetch_order_book: mid=0.066135 spread=4.54bps bids=20 asks=20
2026-05-09 17:33:05,529 | INFO | SPREAD | pair=CHIP/USDC | cex=0.06612/0.06615 | dex_sell=0.066121 dex_buy=0.0661432 | spread_a=-4.4bps spread_b=-3.5bps | min=30.0bps
2026-05-09 17:33:06,530 | INFO | fetch_order_book: symbol=CHIP/USDC limit=20
2026-05-09 17:33:06,787 | INFO | fetch_order_book: mid=0.066125 spread=1.51bps bids=20 asks=20
2026-05-09 17:33:07,745 | INFO | SPREAD | pair=CHIP/USDC | cex=0.06612/0.06613 | dex_sell=0.066121 dex_buy=0.0661432 | spread_a=-1.4bps spread_b=-3.5bps | min=30.0bps
2026-05-09 17:33:08,747 | INFO | fetch_order_book: symbol=CHIP/USDC limit=20
2026-05-09 17:33:09,003 | INFO | fetch_order_book: mid=0.066125 spread=1.51bps bids=20 asks=20
2026-05-09 17:33:09,929 | INFO | SPREAD | pair=CHIP/USDC | cex=0.06612/0.06613 | dex_sell=0.066121 dex_buy=0.0661432 | spread_a=-1.4bps spread_b=-3.5bps | min=30.0bps
2026-05-09 17:33:10,932 | INFO | fetch_order_book: symbol=CHIP/USDC limit=20
2026-05-09 17:33:11,193 | INFO | fetch_order_book: mid=0.06613 spread=6.05bps bids=20 asks=20
2026-05-09 17:33:12,113 | INFO | SPREAD | pair=CHIP/USDC | cex=0.06611/0.06615 | dex_sell=0.066121 dex_buy=0.0661432 | spread_a=-4.4bps spread_b=-5.0bps | min=30.0bps
2026-05-09 17:33:13,114 | INFO | fetch_order_book: symbol=CHIP/USDC limit=20
2026-05-09 17:33:13,392 | INFO | fetch_order_book: mid=0.06612 spread=6.05bps bids=20 asks=20
2026-05-09 17:33:14,287 | INFO | SPREAD | pair=CHIP/USDC | cex=0.0661/0.06614 | dex_sell=0.066121 dex_buy=0.0661432 | spread_a=-2.9bps spread_b=-6.5bps | min=30.0bps
2026-05-09 17:33:15,290 | INFO | fetch_order_book: symbol=CHIP/USDC limit=20
2026-05-09 17:33:15,664 | INFO | fetch_order_book: mid=0.06612 spread=6.05bps bids=20 asks=20
2026-05-09 17:33:16,659 | INFO | SPREAD | pair=CHIP/USDC | cex=0.0661/0.06614 | dex_sell=0.066121 dex_buy=0.0661432 | spread_a=-2.9bps spread_b=-6.5bps | min=30.0bps
2026-05-09 17:33:17,662 | INFO | fetch_order_book: symbol=CHIP/USDC limit=20
2026-05-09 17:33:17,921 | INFO | fetch_order_book: mid=0.06612 spread=6.05bps bids=20 asks=20
2026-05-09 17:33:18,849 | INFO | SPREAD | pair=CHIP/USDC | cex=0.0661/0.06614 | dex_sell=0.066121 dex_buy=0.0661432 | spread_a=-2.9bps spread_b=-6.5bps | min=30.0bps
2026-05-09 17:33:19,852 | INFO | fetch_order_book: symbol=CHIP/USDC limit=20
2026-05-09 17:33:20,115 | INFO | fetch_order_book: mid=0.06612 spread=6.05bps bids=20 asks=20
2026-05-09 17:33:21,012 | INFO | SPREAD | pair=CHIP/USDC | cex=0.0661/0.06614 | dex_sell=0.066121 dex_buy=0.0661432 | spread_a=-2.9bps spread_b=-6.5bps | min=30.0bps
2026-05-09 17:33:22,014 | INFO | fetch_order_book: symbol=CHIP/USDC limit=20
2026-05-09 17:33:22,271 | INFO | fetch_order_book: mid=0.066115 spread=4.54bps bids=20 asks=20
2026-05-09 17:33:23,160 | INFO | SPREAD | pair=CHIP/USDC | cex=0.0661/0.06613 | dex_sell=0.066121 dex_buy=0.0661432 | spread_a=-1.4bps spread_b=-6.5bps | min=30.0bps
2026-05-09 17:33:24,162 | INFO | fetch_order_book: symbol=CHIP/USDC limit=20
2026-05-09 17:33:24,456 | INFO | fetch_order_book: mid=0.066115 spread=4.54bps bids=20 asks=20
2026-05-09 17:33:25,373 | INFO | SPREAD | pair=CHIP/USDC | cex=0.0661/0.06613 | dex_sell=0.066121 dex_buy=0.0661432 | spread_a=-1.4bps spread_b=-6.5bps | min=30.0bps
2026-05-09 17:33:26,375 | INFO | fetch_order_book: symbol=CHIP/USDC limit=20
2026-05-09 17:33:26,632 | INFO | fetch_order_book: mid=0.066115 spread=4.54bps bids=20 asks=20
2026-05-09 17:33:27,557 | INFO | SPREAD | pair=CHIP/USDC | cex=0.0661/0.06613 | dex_sell=0.066121 dex_buy=0.0661432 | spread_a=-1.4bps spread_b=-6.5bps | min=30.0bps
2026-05-09 17:33:28,559 | INFO | fetch_order_book: symbol=CHIP/USDC limit=20
2026-05-09 17:33:28,816 | INFO | fetch_order_book: mid=0.066115 spread=4.54bps bids=20 asks=20
2026-05-09 17:33:29,866 | INFO | SPREAD | pair=CHIP/USDC | cex=0.0661/0.06613 | dex_sell=0.066121 dex_buy=0.0661432 | spread_a=-1.4bps spread_b=-6.5bps | min=30.0bps
2026-05-09 17:33:30,868 | INFO | fetch_order_book: symbol=CHIP/USDC limit=20
2026-05-09 17:33:31,128 | INFO | fetch_order_book: mid=0.06612 spread=6.05bps bids=20 asks=20
2026-05-09 17:33:32,018 | INFO | SPREAD | pair=CHIP/USDC | cex=0.0661/0.06614 | dex_sell=0.066121 dex_buy=0.0661432 | spread_a=-2.9bps spread_b=-6.5bps | min=30.0bps
2026-05-09 17:33:33,021 | INFO | fetch_order_book: symbol=CHIP/USDC limit=20
2026-05-09 17:33:33,278 | INFO | fetch_order_book: mid=0.066115 spread=4.54bps bids=20 asks=20
2026-05-09 17:33:34,171 | INFO | SPREAD | pair=CHIP/USDC | cex=0.0661/0.06613 | dex_sell=0.066121 dex_buy=0.0661432 | spread_a=-1.4bps spread_b=-6.5bps | min=30.0bps
2026-05-09 17:33:35,173 | INFO | fetch_order_book: symbol=CHIP/USDC limit=20
2026-05-09 17:33:35,517 | INFO | fetch_order_book: mid=0.066115 spread=4.54bps bids=20 asks=20
2026-05-09 17:33:36,405 | INFO | SPREAD | pair=CHIP/USDC | cex=0.0661/0.06613 | dex_sell=0.066121 dex_buy=0.0661432 | spread_a=-1.4bps spread_b=-6.5bps | min=30.0bps
2026-05-09 17:33:37,406 | INFO | fetch_order_book: symbol=CHIP/USDC limit=20
2026-05-09 17:33:37,665 | INFO | fetch_order_book: mid=0.066115 spread=4.54bps bids=20 asks=20
2026-05-09 17:33:38,568 | INFO | SPREAD | pair=CHIP/USDC | cex=0.0661/0.06613 | dex_sell=0.066121 dex_buy=0.0661432 | spread_a=-1.4bps spread_b=-6.5bps | min=30.0bps
2026-05-09 17:33:39,571 | INFO | fetch_order_book: symbol=CHIP/USDC limit=20
2026-05-09 17:33:39,827 | INFO | fetch_order_book: mid=0.066115 spread=4.54bps bids=20 asks=20
2026-05-09 17:33:40,742 | INFO | SPREAD | pair=CHIP/USDC | cex=0.0661/0.06613 | dex_sell=0.066121 dex_buy=0.0661432 | spread_a=-1.4bps spread_b=-6.5bps | min=30.0bps
2026-05-09 17:33:41,745 | INFO | fetch_order_book: symbol=CHIP/USDC limit=20
2026-05-09 17:33:42,001 | INFO | fetch_order_book: mid=0.06612 spread=6.05bps bids=20 asks=20
2026-05-09 17:33:42,891 | INFO | SPREAD | pair=CHIP/USDC | cex=0.0661/0.06614 | dex_sell=0.066121 dex_buy=0.0661432 | spread_a=-2.9bps spread_b=-6.5bps | min=30.0bps
2026-05-09 17:33:43,893 | INFO | fetch_order_book: symbol=CHIP/USDC limit=20
2026-05-09 17:33:44,149 | INFO | fetch_order_book: mid=0.06612 spread=6.05bps bids=20 asks=20
2026-05-09 17:33:45,182 | INFO | SPREAD | pair=CHIP/USDC | cex=0.0661/0.06614 | dex_sell=0.066121 dex_buy=0.0661432 | spread_a=-2.9bps spread_b=-6.5bps | min=30.0bps
2026-05-09 17:33:46,184 | INFO | fetch_order_book: symbol=CHIP/USDC limit=20
2026-05-09 17:33:46,443 | INFO | fetch_order_book: mid=0.06612 spread=6.05bps bids=20 asks=20
2026-05-09 17:33:47,371 | INFO | SPREAD | pair=CHIP/USDC | cex=0.0661/0.06614 | dex_sell=0.066121 dex_buy=0.0661432 | spread_a=-2.9bps spread_b=-6.5bps | min=30.0bps
2026-05-09 17:33:48,373 | INFO | fetch_order_book: symbol=CHIP/USDC limit=20
2026-05-09 17:33:48,629 | INFO | fetch_order_book: mid=0.06612 spread=6.05bps bids=20 asks=20
2026-05-09 17:33:49,525 | INFO | SPREAD | pair=CHIP/USDC | cex=0.0661/0.06614 | dex_sell=0.066121 dex_buy=0.0661432 | spread_a=-2.9bps spread_b=-6.5bps | min=30.0bps
2026-05-09 17:33:50,528 | INFO | fetch_order_book: symbol=CHIP/USDC limit=20
2026-05-09 17:33:50,786 | INFO | fetch_order_book: mid=0.06612 spread=6.05bps bids=20 asks=20
2026-05-09 17:33:51,681 | INFO | SPREAD | pair=CHIP/USDC | cex=0.0661/0.06614 | dex_sell=0.066121 dex_buy=0.0661432 | spread_a=-2.9bps spread_b=-6.5bps | min=30.0bps
2026-05-09 17:33:52,684 | INFO | fetch_order_book: symbol=CHIP/USDC limit=20
2026-05-09 17:33:52,961 | INFO | fetch_order_book: mid=0.06612 spread=6.05bps bids=20 asks=20
2026-05-09 17:33:53,942 | INFO | SPREAD | pair=CHIP/USDC | cex=0.0661/0.06614 | dex_sell=0.066121 dex_buy=0.0661432 | spread_a=-2.9bps spread_b=-6.5bps | min=30.0bps
2026-05-09 17:33:54,944 | INFO | fetch_order_book: symbol=CHIP/USDC limit=20
2026-05-09 17:33:55,205 | INFO | fetch_order_book: mid=0.06613 spread=6.05bps bids=20 asks=20
2026-05-09 17:33:56,098 | INFO | SPREAD | pair=CHIP/USDC | cex=0.06611/0.06615 | dex_sell=0.066121 dex_buy=0.0661432 | spread_a=-4.4bps spread_b=-5.0bps | min=30.0bps
2026-05-09 17:33:57,100 | INFO | fetch_order_book: symbol=CHIP/USDC limit=20
2026-05-09 17:33:57,355 | INFO | fetch_order_book: mid=0.066085 spread=1.51bps bids=20 asks=20
2026-05-09 17:33:58,358 | INFO | SPREAD | pair=CHIP/USDC | cex=0.06608/0.06609 | dex_sell=0.0660809 dex_buy=0.0661031 | spread_a=-1.4bps spread_b=-3.5bps | min=30.0bps
2026-05-09 17:33:59,361 | INFO | fetch_order_book: symbol=CHIP/USDC limit=20
2026-05-09 17:33:59,621 | INFO | fetch_order_book: mid=0.066065 spread=1.51bps bids=20 asks=20
2026-05-09 17:34:00,706 | INFO | SPREAD | pair=CHIP/USDC | cex=0.06606/0.06607 | dex_sell=0.0660409 dex_buy=0.0660631 | spread_a=-4.4bps spread_b=-0.5bps | min=30.0bps
2026-05-09 17:34:01,709 | INFO | fetch_order_book: symbol=CHIP/USDC limit=20
2026-05-09 17:34:01,983 | INFO | fetch_order_book: mid=0.06603 spread=3.03bps bids=20 asks=20
2026-05-09 17:34:02,920 | INFO | SPREAD | pair=CHIP/USDC | cex=0.06602/0.06604 | dex_sell=0.0660409 dex_buy=0.0660231 | spread_a=0.1bps spread_b=-0.5bps | min=30.0bps
2026-05-09 17:34:03,922 | INFO | fetch_order_book: symbol=CHIP/USDC limit=20
2026-05-09 17:34:04,187 | INFO | fetch_order_book: mid=0.06603 spread=6.06bps bids=20 asks=20
2026-05-09 17:34:05,171 | INFO | SPREAD | pair=CHIP/USDC | cex=0.06601/0.06605 | dex_sell=0.0660022 dex_buy=0.0660231 | spread_a=-7.2bps spread_b=-2.0bps | min=30.0bps
2026-05-09 17:34:06,173 | INFO | fetch_order_book: symbol=CHIP/USDC limit=20
2026-05-09 17:34:06,463 | INFO | fetch_order_book: mid=0.06603 spread=6.06bps bids=20 asks=20
2026-05-09 17:34:07,373 | INFO | SPREAD | pair=CHIP/USDC | cex=0.06601/0.06605 | dex_sell=0.0660022 dex_buy=0.0660231 | spread_a=-7.2bps spread_b=-2.0bps | min=30.0bps
2026-05-09 17:34:08,375 | INFO | fetch_order_book: symbol=CHIP/USDC limit=20
2026-05-09 17:34:08,633 | INFO | fetch_order_book: mid=0.06602 spread=6.06bps bids=20 asks=20
2026-05-09 17:34:09,529 | INFO | SPREAD | pair=CHIP/USDC | cex=0.066/0.06604 | dex_sell=0.0660022 dex_buy=0.0660231 | spread_a=-5.7bps spread_b=-3.5bps | min=30.0bps
2026-05-09 17:34:10,530 | INFO | fetch_order_book: symbol=CHIP/USDC limit=20
2026-05-09 17:34:10,788 | INFO | fetch_order_book: mid=0.06602 spread=6.06bps bids=20 asks=20
2026-05-09 17:34:11,675 | INFO | SPREAD | pair=CHIP/USDC | cex=0.066/0.06604 | dex_sell=0.0660022 dex_buy=0.0660231 | spread_a=-5.7bps spread_b=-3.5bps | min=30.0bps
2026-05-09 17:34:12,677 | INFO | fetch_order_book: symbol=CHIP/USDC limit=20
2026-05-09 17:34:12,943 | INFO | fetch_order_book: mid=0.066015 spread=4.54bps bids=20 asks=20
2026-05-09 17:34:13,838 | INFO | SPREAD | pair=CHIP/USDC | cex=0.066/0.06603 | dex_sell=0.0660022 dex_buy=0.0660231 | spread_a=-4.2bps spread_b=-3.5bps | min=30.0bps
2026-05-09 17:34:14,841 | INFO | fetch_order_book: symbol=CHIP/USDC limit=20
2026-05-09 17:34:15,098 | INFO | fetch_order_book: mid=0.06602 spread=6.06bps bids=20 asks=20
2026-05-09 17:34:15,989 | INFO | SPREAD | pair=CHIP/USDC | cex=0.066/0.06604 | dex_sell=0.0660022 dex_buy=0.0660231 | spread_a=-5.7bps spread_b=-3.5bps | min=30.0bps
2026-05-09 17:34:16,991 | INFO | fetch_order_book: symbol=CHIP/USDC limit=20
2026-05-09 17:34:17,250 | INFO | fetch_order_book: mid=0.06602 spread=6.06bps bids=20 asks=20
2026-05-09 17:34:18,179 | INFO | SPREAD | pair=CHIP/USDC | cex=0.066/0.06604 | dex_sell=0.0660022 dex_buy=0.0660231 | spread_a=-5.7bps spread_b=-3.5bps | min=30.0bps
2026-05-09 17:34:19,181 | INFO | fetch_order_book: symbol=CHIP/USDC limit=20
2026-05-09 17:34:19,438 | INFO | fetch_order_book: mid=0.06602 spread=6.06bps bids=20 asks=20
2026-05-09 17:34:20,355 | INFO | SPREAD | pair=CHIP/USDC | cex=0.066/0.06604 | dex_sell=0.0660022 dex_buy=0.0660231 | spread_a=-5.7bps spread_b=-3.5bps | min=30.0bps
2026-05-09 17:34:21,357 | INFO | fetch_order_book: symbol=CHIP/USDC limit=20
2026-05-09 17:34:21,697 | INFO | fetch_order_book: mid=0.06602 spread=6.06bps bids=20 asks=20
2026-05-09 17:34:22,579 | INFO | SPREAD | pair=CHIP/USDC | cex=0.066/0.06604 | dex_sell=0.0660022 dex_buy=0.0660231 | spread_a=-5.7bps spread_b=-3.5bps | min=30.0bps
2026-05-09 17:34:23,581 | INFO | fetch_order_book: symbol=CHIP/USDC limit=20
2026-05-09 17:34:23,854 | INFO | fetch_order_book: mid=0.066015 spread=4.54bps bids=20 asks=20
2026-05-09 17:34:24,774 | INFO | SPREAD | pair=CHIP/USDC | cex=0.066/0.06603 | dex_sell=0.0660022 dex_buy=0.0660231 | spread_a=-4.2bps spread_b=-3.5bps | min=30.0bps
2026-05-09 17:34:25,777 | INFO | fetch_order_book: symbol=CHIP/USDC limit=20
2026-05-09 17:34:26,033 | INFO | fetch_order_book: mid=0.066015 spread=4.54bps bids=20 asks=20
2026-05-09 17:34:26,929 | INFO | SPREAD | pair=CHIP/USDC | cex=0.066/0.06603 | dex_sell=0.0660022 dex_buy=0.0660231 | spread_a=-4.2bps spread_b=-3.5bps | min=30.0bps
2026-05-09 17:34:27,932 | INFO | fetch_order_book: symbol=CHIP/USDC limit=20
2026-05-09 17:34:28,666 | INFO | fetch_order_book: mid=0.06601 spread=3.03bps bids=20 asks=20
2026-05-09 17:34:29,638 | INFO | SPREAD | pair=CHIP/USDC | cex=0.066/0.06602 | dex_sell=0.0660022 dex_buy=0.0660231 | spread_a=-2.7bps spread_b=-3.5bps | min=30.0bps
2026-05-09 17:34:30,640 | INFO | fetch_order_book: symbol=CHIP/USDC limit=20
2026-05-09 17:34:30,898 | INFO | fetch_order_book: mid=0.06601 spread=3.03bps bids=20 asks=20
2026-05-09 17:34:31,824 | INFO | SPREAD | pair=CHIP/USDC | cex=0.066/0.06602 | dex_sell=0.0660022 dex_buy=0.0660231 | spread_a=-2.7bps spread_b=-3.5bps | min=30.0bps
2026-05-09 17:34:32,825 | INFO | fetch_order_book: symbol=CHIP/USDC limit=20
2026-05-09 17:34:33,083 | INFO | fetch_order_book: mid=0.06601 spread=3.03bps bids=20 asks=20
2026-05-09 17:34:34,019 | INFO | SPREAD | pair=CHIP/USDC | cex=0.066/0.06602 | dex_sell=0.0659736 dex_buy=0.0659905 | spread_a=-7.0bps spread_b=1.4bps | min=30.0bps
2026-05-09 17:34:35,021 | INFO | fetch_order_book: symbol=CHIP/USDC limit=20
2026-05-09 17:34:35,279 | INFO | fetch_order_book: mid=0.066005 spread=1.52bps bids=20 asks=20
2026-05-09 17:34:36,174 | INFO | SPREAD | pair=CHIP/USDC | cex=0.066/0.06601 | dex_sell=0.0659736 dex_buy=0.0659905 | spread_a=-5.5bps spread_b=1.4bps | min=30.0bps
2026-05-09 17:34:37,176 | INFO | fetch_order_book: symbol=CHIP/USDC limit=20
2026-05-09 17:34:37,432 | INFO | fetch_order_book: mid=0.065975 spread=4.55bps bids=20 asks=20
2026-05-09 17:34:38,343 | INFO | SPREAD | pair=CHIP/USDC | cex=0.06596/0.06599 | dex_sell=0.0659736 dex_buy=0.0659905 | spread_a=-2.5bps spread_b=-4.6bps | min=30.0bps
2026-05-09 17:34:39,344 | INFO | fetch_order_book: symbol=CHIP/USDC limit=20
2026-05-09 17:34:39,603 | INFO | fetch_order_book: mid=0.065975 spread=4.55bps bids=20 asks=20
2026-05-09 17:34:40,522 | INFO | SPREAD | pair=CHIP/USDC | cex=0.06596/0.06599 | dex_sell=0.0659432 dex_buy=0.0659601 | spread_a=-7.1bps spread_b=-0.0bps | min=30.0bps
2026-05-09 17:34:41,524 | INFO | fetch_order_book: symbol=CHIP/USDC limit=20
2026-05-09 17:34:41,780 | INFO | fetch_order_book: mid=0.065965 spread=1.52bps bids=20 asks=20
2026-05-09 17:34:42,708 | INFO | SPREAD | pair=CHIP/USDC | cex=0.06596/0.06597 | dex_sell=0.0659432 dex_buy=0.0659601 | spread_a=-4.1bps spread_b=-0.0bps | min=30.0bps
2026-05-09 17:34:43,710 | INFO | fetch_order_book: symbol=CHIP/USDC limit=20
2026-05-09 17:34:44,094 | INFO | fetch_order_book: mid=0.065965 spread=1.52bps bids=20 asks=20
2026-05-09 17:34:45,020 | INFO | SPREAD | pair=CHIP/USDC | cex=0.06596/0.06597 | dex_sell=0.0659432 dex_buy=0.0659601 | spread_a=-4.1bps spread_b=-0.0bps | min=30.0bps
2026-05-09 17:34:46,022 | INFO | fetch_order_book: symbol=CHIP/USDC limit=20
2026-05-09 17:34:46,278 | INFO | fetch_order_book: mid=0.065965 spread=1.52bps bids=20 asks=20
2026-05-09 17:34:47,199 | INFO | SPREAD | pair=CHIP/USDC | cex=0.06596/0.06597 | dex_sell=0.0659432 dex_buy=0.0659601 | spread_a=-4.1bps spread_b=-0.0bps | min=30.0bps
2026-05-09 17:34:48,201 | INFO | fetch_order_book: symbol=CHIP/USDC limit=20
2026-05-09 17:34:48,461 | INFO | fetch_order_book: mid=0.06600 spread=6.06bps bids=20 asks=20
2026-05-09 17:34:49,352 | INFO | SPREAD | pair=CHIP/USDC | cex=0.06598/0.06602 | dex_sell=0.0659696 dex_buy=0.0659866 | spread_a=-7.6bps spread_b=-1.0bps | min=30.0bps
2026-05-09 17:34:50,354 | INFO | fetch_order_book: symbol=CHIP/USDC limit=20
2026-05-09 17:34:50,624 | INFO | fetch_order_book: mid=0.06604 spread=6.06bps bids=20 asks=20
2026-05-09 17:34:51,544 | INFO | SPREAD | pair=CHIP/USDC | cex=0.06602/0.06606 | dex_sell=0.0659696 dex_buy=0.06602 | spread_a=-13.7bps spread_b=0.0bps | min=30.0bps
2026-05-09 17:34:52,546 | INFO | fetch_order_book: symbol=CHIP/USDC limit=20
2026-05-09 17:34:52,834 | INFO | fetch_order_book: mid=0.06606 spread=6.06bps bids=20 asks=20
2026-05-09 17:34:53,752 | INFO | SPREAD | pair=CHIP/USDC | cex=0.06604/0.06608 | dex_sell=0.066037 dex_buy=0.0660591 | spread_a=-6.5bps spread_b=-2.9bps | min=30.0bps
2026-05-09 17:34:54,754 | INFO | fetch_order_book: symbol=CHIP/USDC limit=20
2026-05-09 17:34:55,013 | INFO | fetch_order_book: mid=0.06606 spread=6.06bps bids=20 asks=20
2026-05-09 17:34:55,909 | INFO | SPREAD | pair=CHIP/USDC | cex=0.06604/0.06608 | dex_sell=0.066037 dex_buy=0.0660591 | spread_a=-6.5bps spread_b=-2.9bps | min=30.0bps
2026-05-09 17:34:56,912 | INFO | fetch_order_book: symbol=CHIP/USDC limit=20
2026-05-09 17:34:57,169 | INFO | fetch_order_book: mid=0.06604 spread=6.06bps bids=20 asks=20
2026-05-09 17:34:58,099 | INFO | SPREAD | pair=CHIP/USDC | cex=0.06602/0.06606 | dex_sell=0.066037 dex_buy=0.0660591 | spread_a=-3.5bps spread_b=-5.9bps | min=30.0bps
2026-05-09 17:34:59,101 | INFO | fetch_order_book: symbol=CHIP/USDC limit=20
2026-05-09 17:34:59,359 | INFO | fetch_order_book: mid=0.06604 spread=6.06bps bids=20 asks=20
2026-05-09 17:35:00,257 | INFO | SPREAD | pair=CHIP/USDC | cex=0.06602/0.06606 | dex_sell=0.066037 dex_buy=0.0660591 | spread_a=-3.5bps spread_b=-5.9bps | min=30.0bps
2026-05-09 17:35:01,260 | INFO | fetch_order_book: symbol=CHIP/USDC limit=20
2026-05-09 17:35:01,516 | INFO | fetch_order_book: mid=0.06604 spread=6.06bps bids=20 asks=20
2026-05-09 17:35:02,445 | INFO | SPREAD | pair=CHIP/USDC | cex=0.06602/0.06606 | dex_sell=0.066037 dex_buy=0.0660591 | spread_a=-3.5bps spread_b=-5.9bps | min=30.0bps
2026-05-09 17:35:03,447 | INFO | fetch_order_book: symbol=CHIP/USDC limit=20
2026-05-09 17:35:03,706 | INFO | fetch_order_book: mid=0.06606 spread=6.06bps bids=20 asks=20
2026-05-09 17:35:04,608 | INFO | SPREAD | pair=CHIP/USDC | cex=0.06604/0.06608 | dex_sell=0.066037 dex_buy=0.0660591 | spread_a=-6.5bps spread_b=-2.9bps | min=30.0bps
2026-05-09 17:35:05,610 | INFO | fetch_order_book: symbol=CHIP/USDC limit=20
2026-05-09 17:35:05,874 | INFO | fetch_order_book: mid=0.066065 spread=4.54bps bids=20 asks=20
2026-05-09 17:35:06,912 | INFO | SPREAD | pair=CHIP/USDC | cex=0.06605/0.06608 | dex_sell=0.066037 dex_buy=0.0660591 | spread_a=-6.5bps spread_b=-1.4bps | min=30.0bps
2026-05-09 17:35:07,914 | INFO | fetch_order_book: symbol=CHIP/USDC limit=20
2026-05-09 17:35:08,171 | INFO | fetch_order_book: mid=0.066085 spread=4.54bps bids=20 asks=20
2026-05-09 17:35:09,218 | INFO | SPREAD | pair=CHIP/USDC | cex=0.06607/0.0661 | dex_sell=0.066037 dex_buy=0.0660591 | spread_a=-9.5bps spread_b=1.6bps | min=30.0bps
2026-05-09 17:35:10,220 | INFO | fetch_order_book: symbol=CHIP/USDC limit=20
2026-05-09 17:35:10,509 | INFO | fetch_order_book: mid=0.066095 spread=1.51bps bids=20 asks=20
2026-05-09 17:35:11,550 | INFO | SPREAD | pair=CHIP/USDC | cex=0.06609/0.0661 | dex_sell=0.066037 dex_buy=0.0660591 | spread_a=-9.5bps spread_b=4.7bps | min=30.0bps
2026-05-09 17:35:12,551 | INFO | fetch_order_book: symbol=CHIP/USDC limit=20
2026-05-09 17:35:12,876 | INFO | fetch_order_book: mid=0.066095 spread=1.51bps bids=20 asks=20
2026-05-09 17:35:13,774 | INFO | SPREAD | pair=CHIP/USDC | cex=0.06609/0.0661 | dex_sell=0.066037 dex_buy=0.0660591 | spread_a=-9.5bps spread_b=4.7bps | min=30.0bps
2026-05-09 17:35:14,777 | INFO | fetch_order_book: symbol=CHIP/USDC limit=20
2026-05-09 17:35:15,053 | INFO | fetch_order_book: mid=0.066095 spread=1.51bps bids=20 asks=20
2026-05-09 17:35:15,974 | INFO | SPREAD | pair=CHIP/USDC | cex=0.06609/0.0661 | dex_sell=0.066037 dex_buy=0.0660591 | spread_a=-9.5bps spread_b=4.7bps | min=30.0bps
2026-05-09 17:35:16,976 | INFO | fetch_order_book: symbol=CHIP/USDC limit=20
2026-05-09 17:35:17,302 | INFO | fetch_order_book: mid=0.06609 spread=3.03bps bids=20 asks=20
2026-05-09 17:35:18,194 | INFO | SPREAD | pair=CHIP/USDC | cex=0.06608/0.0661 | dex_sell=0.066037 dex_buy=0.0660591 | spread_a=-9.5bps spread_b=3.2bps | min=30.0bps
2026-05-09 17:35:19,196 | INFO | fetch_order_book: symbol=CHIP/USDC limit=20
2026-05-09 17:35:19,457 | INFO | fetch_order_book: mid=0.06610 spread=6.05bps bids=20 asks=20
2026-05-09 17:35:20,359 | INFO | SPREAD | pair=CHIP/USDC | cex=0.06608/0.06612 | dex_sell=0.066037 dex_buy=0.0660591 | spread_a=-12.6bps spread_b=3.2bps | min=30.0bps
2026-05-09 17:35:21,362 | INFO | fetch_order_book: symbol=CHIP/USDC limit=20
2026-05-09 17:35:21,617 | INFO | fetch_order_book: mid=0.06613 spread=3.02bps bids=20 asks=20
2026-05-09 17:35:22,506 | INFO | SPREAD | pair=CHIP/USDC | cex=0.06612/0.06614 | dex_sell=0.0660769 dex_buy=0.0660991 | spread_a=-9.5bps spread_b=3.2bps | min=30.0bps
2026-05-09 17:35:23,508 | INFO | fetch_order_book: symbol=CHIP/USDC limit=20
2026-05-09 17:35:23,785 | INFO | fetch_order_book: mid=0.066165 spread=4.53bps bids=20 asks=20
2026-05-09 17:35:24,671 | INFO | SPREAD | pair=CHIP/USDC | cex=0.06615/0.06618 | dex_sell=0.0661168 dex_buy=0.066139 | spread_a=-9.5bps spread_b=1.7bps | min=30.0bps
2026-05-09 17:35:25,673 | INFO | fetch_order_book: symbol=CHIP/USDC limit=20
2026-05-09 17:35:25,937 | INFO | fetch_order_book: mid=0.066075 spread=1.51bps bids=20 asks=20
2026-05-09 17:35:26,797 | INFO | SPREAD | pair=CHIP/USDC | cex=0.06607/0.06608 | dex_sell=0.066081 dex_buy=0.0661031 | spread_a=0.1bps spread_b=-5.0bps | min=30.0bps
2026-05-09 17:35:27,798 | INFO | fetch_order_book: symbol=CHIP/USDC limit=20
2026-05-09 17:35:28,209 | INFO | fetch_order_book: mid=0.066045 spread=1.51bps bids=20 asks=20
2026-05-09 17:35:29,121 | INFO | SPREAD | pair=CHIP/USDC | cex=0.06604/0.06605 | dex_sell=0.0660307 dex_buy=0.0660528 | spread_a=-2.9bps spread_b=-1.9bps | min=30.0bps
2026-05-09 17:35:30,128 | INFO | fetch_order_book: symbol=CHIP/USDC limit=20
2026-05-09 17:35:30,434 | INFO | fetch_order_book: mid=0.066065 spread=4.54bps bids=20 asks=20
2026-05-09 17:35:31,403 | INFO | SPREAD | pair=CHIP/USDC | cex=0.06605/0.06608 | dex_sell=0.0660307 dex_buy=0.0660528 | spread_a=-7.5bps spread_b=-0.4bps | min=30.0bps
2026-05-09 17:35:32,405 | INFO | fetch_order_book: symbol=CHIP/USDC limit=20
2026-05-09 17:35:32,662 | INFO | fetch_order_book: mid=0.066045 spread=1.51bps bids=20 asks=20
2026-05-09 17:35:33,585 | INFO | SPREAD | pair=CHIP/USDC | cex=0.06604/0.06605 | dex_sell=0.0660307 dex_buy=0.0660528 | spread_a=-2.9bps spread_b=-1.9bps | min=30.0bps
2026-05-09 17:35:34,587 | INFO | fetch_order_book: symbol=CHIP/USDC limit=20
2026-05-09 17:35:34,845 | INFO | fetch_order_book: mid=0.066045 spread=1.51bps bids=20 asks=20
2026-05-09 17:35:35,774 | INFO | SPREAD | pair=CHIP/USDC | cex=0.06604/0.06605 | dex_sell=0.0660307 dex_buy=0.0660528 | spread_a=-2.9bps spread_b=-1.9bps | min=30.0bps
2026-05-09 17:35:36,776 | INFO | fetch_order_book: symbol=CHIP/USDC limit=20
2026-05-09 17:35:37,033 | INFO | fetch_order_book: mid=0.06603 spread=3.03bps bids=20 asks=20
2026-05-09 17:35:37,944 | INFO | SPREAD | pair=CHIP/USDC | cex=0.06602/0.06604 | dex_sell=0.0660307 dex_buy=0.0660528 | spread_a=-1.4bps spread_b=-5.0bps | min=30.0bps
2026-05-09 17:35:38,946 | INFO | fetch_order_book: symbol=CHIP/USDC limit=20
2026-05-09 17:35:39,210 | INFO | fetch_order_book: mid=0.066025 spread=1.51bps bids=20 asks=20
2026-05-09 17:35:40,109 | INFO | SPREAD | pair=CHIP/USDC | cex=0.06602/0.06603 | dex_sell=0.0660307 dex_buy=0.0660528 | spread_a=0.1bps spread_b=-5.0bps | min=30.0bps
2026-05-09 17:35:41,112 | INFO | fetch_order_book: symbol=CHIP/USDC limit=20
2026-05-09 17:35:41,369 | INFO | fetch_order_book: mid=0.066025 spread=1.51bps bids=20 asks=20
2026-05-09 17:35:42,289 | INFO | SPREAD | pair=CHIP/USDC | cex=0.06602/0.06603 | dex_sell=0.0660008 dex_buy=0.0660204 | spread_a=-4.4bps spread_b=-0.1bps | min=30.0bps
2026-05-09 17:35:43,292 | INFO | fetch_order_book: symbol=CHIP/USDC limit=20
2026-05-09 17:35:43,630 | INFO | fetch_order_book: mid=0.066025 spread=1.51bps bids=20 asks=20
2026-05-09 17:35:44,555 | INFO | SPREAD | pair=CHIP/USDC | cex=0.06602/0.06603 | dex_sell=0.0660008 dex_buy=0.0660204 | spread_a=-4.4bps spread_b=-0.1bps | min=30.0bps
2026-05-09 17:35:45,556 | INFO | fetch_order_book: symbol=CHIP/USDC limit=20
2026-05-09 17:35:45,815 | INFO | fetch_order_book: mid=0.066005 spread=1.52bps bids=20 asks=20
2026-05-09 17:35:46,744 | INFO | SPREAD | pair=CHIP/USDC | cex=0.066/0.06601 | dex_sell=0.0660008 dex_buy=0.0660204 | spread_a=-1.4bps spread_b=-3.1bps | min=30.0bps
2026-05-09 17:35:47,745 | INFO | fetch_order_book: symbol=CHIP/USDC limit=20
2026-05-09 17:35:48,003 | INFO | fetch_order_book: mid=0.066005 spread=1.52bps bids=20 asks=20
2026-05-09 17:35:49,036 | INFO | SPREAD | pair=CHIP/USDC | cex=0.066/0.06601 | dex_sell=0.0659735 dex_buy=0.0659905 | spread_a=-5.5bps spread_b=1.4bps | min=30.0bps
2026-05-09 17:35:50,038 | INFO | fetch_order_book: symbol=CHIP/USDC limit=20
2026-05-09 17:35:50,295 | INFO | fetch_order_book: mid=0.06602 spread=3.03bps bids=20 asks=20
2026-05-09 17:35:51,249 | INFO | SPREAD | pair=CHIP/USDC | cex=0.06601/0.06603 | dex_sell=0.0659735 dex_buy=0.0659905 | spread_a=-8.6bps spread_b=3.0bps | min=30.0bps
2026-05-09 17:35:52,251 | INFO | fetch_order_book: symbol=CHIP/USDC limit=20
2026-05-09 17:35:52,524 | INFO | fetch_order_book: mid=0.066035 spread=7.57bps bids=20 asks=20
2026-05-09 17:35:53,430 | INFO | SPREAD | pair=CHIP/USDC | cex=0.06601/0.06606 | dex_sell=0.0659994 dex_buy=0.0660175 | spread_a=-9.2bps spread_b=-1.1bps | min=30.0bps
2026-05-09 17:35:54,432 | INFO | fetch_order_book: symbol=CHIP/USDC limit=20
2026-05-09 17:35:54,692 | INFO | fetch_order_book: mid=0.06603 spread=6.06bps bids=20 asks=20
2026-05-09 17:35:55,646 | INFO | SPREAD | pair=CHIP/USDC | cex=0.06601/0.06605 | dex_sell=0.0659994 dex_buy=0.0660175 | spread_a=-7.7bps spread_b=-1.1bps | min=30.0bps
2026-05-09 17:35:56,649 | INFO | fetch_order_book: symbol=CHIP/USDC limit=20
2026-05-09 17:35:56,915 | INFO | fetch_order_book: mid=0.06603 spread=6.06bps bids=20 asks=20
2026-05-09 17:35:57,846 | INFO | SPREAD | pair=CHIP/USDC | cex=0.06601/0.06605 | dex_sell=0.0659994 dex_buy=0.0660175 | spread_a=-7.7bps spread_b=-1.1bps | min=30.0bps
2026-05-09 17:35:58,847 | INFO | fetch_order_book: symbol=CHIP/USDC limit=20
2026-05-09 17:35:59,117 | INFO | fetch_order_book: mid=0.06615 spread=3.02bps bids=20 asks=20
2026-05-09 17:35:59,996 | INFO | SPREAD | pair=CHIP/USDC | cex=0.06614/0.06616 | dex_sell=0.066037 dex_buy=0.0660592 | spread_a=-18.6bps spread_b=12.2bps | min=30.0bps
2026-05-09 17:36:00,998 | INFO | fetch_order_book: symbol=CHIP/USDC limit=20
2026-05-09 17:36:01,253 | INFO | fetch_order_book: mid=0.06613 spread=6.05bps bids=20 asks=20
2026-05-09 17:36:02,126 | INFO | SPREAD | pair=CHIP/USDC | cex=0.06611/0.06615 | dex_sell=0.0661271 dex_buy=0.0661493 | spread_a=-3.5bps spread_b=-5.9bps | min=30.0bps
2026-05-09 17:36:03,128 | INFO | fetch_order_book: symbol=CHIP/USDC limit=20
2026-05-09 17:36:03,862 | INFO | fetch_order_book: mid=0.066125 spread=7.56bps bids=20 asks=20
2026-05-09 17:36:04,751 | INFO | SPREAD | pair=CHIP/USDC | cex=0.0661/0.06615 | dex_sell=0.0661271 dex_buy=0.0661493 | spread_a=-3.5bps spread_b=-7.4bps | min=30.0bps
2026-05-09 17:36:05,753 | INFO | fetch_order_book: symbol=CHIP/USDC limit=20
2026-05-09 17:36:06,138 | INFO | fetch_order_book: mid=0.06614 spread=9.07bps bids=20 asks=20
2026-05-09 17:36:07,068 | INFO | SPREAD | pair=CHIP/USDC | cex=0.06611/0.06617 | dex_sell=0.0661271 dex_buy=0.0661493 | spread_a=-6.5bps spread_b=-5.9bps | min=30.0bps
2026-05-09 17:36:08,070 | INFO | fetch_order_book: symbol=CHIP/USDC limit=20
2026-05-09 17:36:08,340 | INFO | fetch_order_book: mid=0.06616 spread=6.05bps bids=20 asks=20
2026-05-09 17:36:09,336 | INFO | SPREAD | pair=CHIP/USDC | cex=0.06614/0.06618 | dex_sell=0.0661271 dex_buy=0.0661493 | spread_a=-8.0bps spread_b=-1.4bps | min=30.0bps
2026-05-09 17:36:10,338 | INFO | fetch_order_book: symbol=CHIP/USDC limit=20
2026-05-09 17:36:10,607 | INFO | fetch_order_book: mid=0.06617 spread=3.02bps bids=20 asks=20
2026-05-09 17:36:11,561 | INFO | SPREAD | pair=CHIP/USDC | cex=0.06616/0.06618 | dex_sell=0.0661271 dex_buy=0.0661493 | spread_a=-8.0bps spread_b=1.6bps | min=30.0bps
2026-05-09 17:36:12,563 | INFO | fetch_order_book: symbol=CHIP/USDC limit=20
2026-05-09 17:36:12,821 | INFO | fetch_order_book: mid=0.06617 spread=3.02bps bids=20 asks=20
2026-05-09 17:36:13,788 | INFO | SPREAD | pair=CHIP/USDC | cex=0.06616/0.06618 | dex_sell=0.0661271 dex_buy=0.0661493 | spread_a=-8.0bps spread_b=1.6bps | min=30.0bps
2026-05-09 17:36:14,790 | INFO | fetch_order_book: symbol=CHIP/USDC limit=20
2026-05-09 17:36:15,061 | INFO | fetch_order_book: mid=0.06617 spread=3.02bps bids=20 asks=20
2026-05-09 17:36:15,962 | INFO | SPREAD | pair=CHIP/USDC | cex=0.06616/0.06618 | dex_sell=0.0661271 dex_buy=0.0661493 | spread_a=-8.0bps spread_b=1.6bps | min=30.0bps
2026-05-09 17:36:16,965 | INFO | fetch_order_book: symbol=CHIP/USDC limit=20
2026-05-09 17:36:17,223 | INFO | fetch_order_book: mid=0.06617 spread=3.02bps bids=20 asks=20
2026-05-09 17:36:18,132 | INFO | SPREAD | pair=CHIP/USDC | cex=0.06616/0.06618 | dex_sell=0.0661271 dex_buy=0.0661493 | spread_a=-8.0bps spread_b=1.6bps | min=30.0bps
2026-05-09 17:36:19,134 | INFO | fetch_order_book: symbol=CHIP/USDC limit=20
2026-05-09 17:36:19,396 | INFO | fetch_order_book: mid=0.06617 spread=3.02bps bids=20 asks=20
2026-05-09 17:36:20,292 | INFO | SPREAD | pair=CHIP/USDC | cex=0.06616/0.06618 | dex_sell=0.0661271 dex_buy=0.0661493 | spread_a=-8.0bps spread_b=1.6bps | min=30.0bps
2026-05-09 17:36:21,295 | INFO | fetch_order_book: symbol=CHIP/USDC limit=20
2026-05-09 17:36:21,620 | INFO | fetch_order_book: mid=0.06616 spread=6.05bps bids=20 asks=20
2026-05-09 17:36:22,558 | INFO | SPREAD | pair=CHIP/USDC | cex=0.06614/0.06618 | dex_sell=0.0661271 dex_buy=0.0661493 | spread_a=-8.0bps spread_b=-1.4bps | min=30.0bps
2026-05-09 17:36:23,560 | INFO | fetch_order_book: symbol=CHIP/USDC limit=20
2026-05-09 17:36:23,822 | INFO | fetch_order_book: mid=0.06616 spread=6.05bps bids=20 asks=20
2026-05-09 17:36:24,760 | INFO | SPREAD | pair=CHIP/USDC | cex=0.06614/0.06618 | dex_sell=0.0661271 dex_buy=0.0661493 | spread_a=-8.0bps spread_b=-1.4bps | min=30.0bps
2026-05-09 17:36:25,762 | INFO | fetch_order_book: symbol=CHIP/USDC limit=20
2026-05-09 17:36:26,030 | INFO | fetch_order_book: mid=0.06625 spread=6.04bps bids=20 asks=20
2026-05-09 17:36:26,942 | INFO | SPREAD | pair=CHIP/USDC | cex=0.06623/0.06627 | dex_sell=0.066167 dex_buy=0.0661893 | spread_a=-15.5bps spread_b=6.2bps | min=30.0bps
2026-05-09 17:36:27,944 | INFO | fetch_order_book: symbol=CHIP/USDC limit=20
2026-05-09 17:36:28,203 | INFO | fetch_order_book: mid=0.06625 spread=6.04bps bids=20 asks=20
2026-05-09 17:36:29,103 | INFO | SPREAD | pair=CHIP/USDC | cex=0.06623/0.06627 | dex_sell=0.066167 dex_buy=0.0661893 | spread_a=-15.5bps spread_b=6.2bps | min=30.0bps
2026-05-09 17:36:30,104 | INFO | fetch_order_book: symbol=CHIP/USDC limit=20
2026-05-09 17:36:30,361 | INFO | fetch_order_book: mid=0.06622 spread=6.04bps bids=20 asks=20
2026-05-09 17:36:31,254 | INFO | SPREAD | pair=CHIP/USDC | cex=0.0662/0.06624 | dex_sell=0.066167 dex_buy=0.0661893 | spread_a=-11.0bps spread_b=1.6bps | min=30.0bps
2026-05-09 17:36:32,256 | INFO | fetch_order_book: symbol=CHIP/USDC limit=20
2026-05-09 17:36:32,511 | INFO | fetch_order_book: mid=0.066205 spread=4.53bps bids=20 asks=20
2026-05-09 17:36:33,403 | INFO | SPREAD | pair=CHIP/USDC | cex=0.06619/0.06622 | dex_sell=0.066167 dex_buy=0.0661893 | spread_a=-8.0bps spread_b=0.1bps | min=30.0bps
2026-05-09 17:36:34,405 | INFO | fetch_order_book: symbol=CHIP/USDC limit=20
2026-05-09 17:36:34,668 | INFO | fetch_order_book: mid=0.066215 spread=7.55bps bids=20 asks=20
2026-05-09 17:36:35,551 | INFO | SPREAD | pair=CHIP/USDC | cex=0.06619/0.06624 | dex_sell=0.066167 dex_buy=0.0661893 | spread_a=-11.0bps spread_b=0.1bps | min=30.0bps
2026-05-09 17:36:36,553 | INFO | fetch_order_book: symbol=CHIP/USDC limit=20
2026-05-09 17:36:36,809 | INFO | fetch_order_book: mid=0.066215 spread=7.55bps bids=20 asks=20
2026-05-09 17:36:37,707 | INFO | SPREAD | pair=CHIP/USDC | cex=0.06619/0.06624 | dex_sell=0.066167 dex_buy=0.0661893 | spread_a=-11.0bps spread_b=0.1bps | min=30.0bps
2026-05-09 17:36:38,710 | INFO | fetch_order_book: symbol=CHIP/USDC limit=20
2026-05-09 17:36:38,968 | INFO | fetch_order_book: mid=0.066215 spread=7.55bps bids=20 asks=20
2026-05-09 17:36:39,878 | INFO | SPREAD | pair=CHIP/USDC | cex=0.06619/0.06624 | dex_sell=0.066167 dex_buy=0.0661893 | spread_a=-11.0bps spread_b=0.1bps | min=30.0bps
2026-05-09 17:36:40,880 | INFO | fetch_order_book: symbol=CHIP/USDC limit=20
2026-05-09 17:36:41,148 | INFO | fetch_order_book: mid=0.066215 spread=7.55bps bids=20 asks=20
2026-05-09 17:36:42,117 | INFO | SPREAD | pair=CHIP/USDC | cex=0.06619/0.06624 | dex_sell=0.066167 dex_buy=0.0661893 | spread_a=-11.0bps spread_b=0.1bps | min=30.0bps
2026-05-09 17:36:43,119 | INFO | fetch_order_book: symbol=CHIP/USDC limit=20
2026-05-09 17:36:43,383 | INFO | fetch_order_book: mid=0.06620 spread=6.04bps bids=20 asks=20
2026-05-09 17:36:44,273 | INFO | SPREAD | pair=CHIP/USDC | cex=0.06618/0.06622 | dex_sell=0.066167 dex_buy=0.0661893 | spread_a=-8.0bps spread_b=-1.4bps | min=30.0bps
2026-05-09 17:36:45,275 | INFO | fetch_order_book: symbol=CHIP/USDC limit=20
2026-05-09 17:36:45,535 | INFO | fetch_order_book: mid=0.06622 spread=6.04bps bids=20 asks=20
2026-05-09 17:36:46,404 | INFO | SPREAD | pair=CHIP/USDC | cex=0.0662/0.06624 | dex_sell=0.066167 dex_buy=0.0661893 | spread_a=-11.0bps spread_b=1.6bps | min=30.0bps
2026-05-09 17:36:47,406 | INFO | fetch_order_book: symbol=CHIP/USDC limit=20
2026-05-09 17:36:47,663 | INFO | fetch_order_book: mid=0.06622 spread=6.04bps bids=20 asks=20
2026-05-09 17:36:48,565 | INFO | SPREAD | pair=CHIP/USDC | cex=0.0662/0.06624 | dex_sell=0.066167 dex_buy=0.0661893 | spread_a=-11.0bps spread_b=1.6bps | min=30.0bps
2026-05-09 17:36:49,567 | INFO | fetch_order_book: symbol=CHIP/USDC limit=20
2026-05-09 17:36:49,824 | INFO | fetch_order_book: mid=0.06622 spread=6.04bps bids=20 asks=20
2026-05-09 17:36:50,724 | INFO | SPREAD | pair=CHIP/USDC | cex=0.0662/0.06624 | dex_sell=0.066167 dex_buy=0.0661893 | spread_a=-11.0bps spread_b=1.6bps | min=30.0bps
2026-05-09 17:36:51,727 | INFO | fetch_order_book: symbol=CHIP/USDC limit=20
2026-05-09 17:36:51,982 | INFO | fetch_order_book: mid=0.066175 spread=4.53bps bids=20 asks=20
2026-05-09 17:36:52,849 | INFO | SPREAD | pair=CHIP/USDC | cex=0.06616/0.06619 | dex_sell=0.066167 dex_buy=0.0661893 | spread_a=-3.5bps spread_b=-4.4bps | min=30.0bps
2026-05-09 17:36:53,851 | INFO | fetch_order_book: symbol=CHIP/USDC limit=20
2026-05-09 17:36:54,108 | INFO | fetch_order_book: mid=0.06617 spread=3.02bps bids=20 asks=20
2026-05-09 17:36:55,025 | INFO | SPREAD | pair=CHIP/USDC | cex=0.06616/0.06618 | dex_sell=0.066167 dex_buy=0.0661893 | spread_a=-2.0bps spread_b=-4.4bps | min=30.0bps
2026-05-09 17:36:56,028 | INFO | fetch_order_book: symbol=CHIP/USDC limit=20
2026-05-09 17:36:56,291 | INFO | fetch_order_book: mid=0.06617 spread=3.02bps bids=20 asks=20
2026-05-09 17:36:57,206 | INFO | SPREAD | pair=CHIP/USDC | cex=0.06616/0.06618 | dex_sell=0.066167 dex_buy=0.0661893 | spread_a=-2.0bps spread_b=-4.4bps | min=30.0bps
2026-05-09 17:36:58,208 | INFO | fetch_order_book: symbol=CHIP/USDC limit=20
2026-05-09 17:36:58,466 | INFO | fetch_order_book: mid=0.066165 spread=1.51bps bids=20 asks=20
2026-05-09 17:36:59,375 | INFO | SPREAD | pair=CHIP/USDC | cex=0.06616/0.06617 | dex_sell=0.066167 dex_buy=0.0661893 | spread_a=-0.4bps spread_b=-4.4bps | min=30.0bps
2026-05-09 17:37:00,377 | INFO | fetch_order_book: symbol=CHIP/USDC limit=20
2026-05-09 17:37:00,634 | INFO | fetch_order_book: mid=0.066165 spread=1.51bps bids=20 asks=20
2026-05-09 17:37:01,530 | INFO | SPREAD | pair=CHIP/USDC | cex=0.06616/0.06617 | dex_sell=0.066167 dex_buy=0.0661893 | spread_a=-0.4bps spread_b=-4.4bps | min=30.0bps
2026-05-09 17:37:02,532 | INFO | fetch_order_book: symbol=CHIP/USDC limit=20
2026-05-09 17:37:02,796 | INFO | fetch_order_book: mid=0.066115 spread=4.54bps bids=20 asks=20
2026-05-09 17:37:03,717 | INFO | SPREAD | pair=CHIP/USDC | cex=0.0661/0.06613 | dex_sell=0.0661307 dex_buy=0.066153 | spread_a=0.1bps spread_b=-8.0bps | min=30.0bps
2026-05-09 17:37:04,719 | INFO | fetch_order_book: symbol=CHIP/USDC limit=20
2026-05-09 17:37:04,975 | INFO | fetch_order_book: mid=0.066105 spread=1.51bps bids=20 asks=20
2026-05-09 17:37:05,888 | INFO | SPREAD | pair=CHIP/USDC | cex=0.0661/0.06611 | dex_sell=0.0661307 dex_buy=0.066153 | spread_a=3.1bps spread_b=-8.0bps | min=30.0bps
2026-05-09 17:37:06,891 | INFO | fetch_order_book: symbol=CHIP/USDC limit=20
2026-05-09 17:37:07,149 | INFO | fetch_order_book: mid=0.065925 spread=1.52bps bids=20 asks=20
2026-05-09 17:37:08,036 | INFO | SPREAD | pair=CHIP/USDC | cex=0.06592/0.06593 | dex_sell=0.0659371 dex_buy=0.0659738 | spread_a=1.1bps spread_b=-8.2bps | min=30.0bps
2026-05-09 17:37:09,039 | INFO | fetch_order_book: symbol=CHIP/USDC limit=20
2026-05-09 17:37:09,331 | INFO | fetch_order_book: mid=0.065885 spread=1.52bps bids=20 asks=20
2026-05-09 17:37:10,263 | INFO | SPREAD | pair=CHIP/USDC | cex=0.06588/0.06589 | dex_sell=0.0659207 dex_buy=0.0659376 | spread_a=4.7bps spread_b=-8.7bps | min=30.0bps
2026-05-09 17:37:11,265 | INFO | fetch_order_book: symbol=CHIP/USDC limit=20
2026-05-09 17:37:11,525 | INFO | fetch_order_book: mid=0.065885 spread=1.52bps bids=20 asks=20
2026-05-09 17:37:12,399 | INFO | SPREAD | pair=CHIP/USDC | cex=0.06588/0.06589 | dex_sell=0.0659207 dex_buy=0.0659376 | spread_a=4.7bps spread_b=-8.7bps | min=30.0bps
2026-05-09 17:37:13,401 | INFO | fetch_order_book: symbol=CHIP/USDC limit=20
2026-05-09 17:37:13,662 | INFO | fetch_order_book: mid=0.065865 spread=1.52bps bids=20 asks=20
2026-05-09 17:37:14,555 | INFO | SPREAD | pair=CHIP/USDC | cex=0.06586/0.06587 | dex_sell=0.0658933 dex_buy=0.0659102 | spread_a=3.5bps spread_b=-7.6bps | min=30.0bps
2026-05-09 17:37:15,557 | INFO | fetch_order_book: symbol=CHIP/USDC limit=20
2026-05-09 17:37:15,823 | INFO | fetch_order_book: mid=0.065845 spread=1.52bps bids=20 asks=20
2026-05-09 17:37:16,753 | INFO | SPREAD | pair=CHIP/USDC | cex=0.06584/0.06585 | dex_sell=0.0658933 dex_buy=0.0658805 | spread_a=6.6bps spread_b=-6.1bps | min=30.0bps
2026-05-09 17:37:17,755 | INFO | fetch_order_book: symbol=CHIP/USDC limit=20
2026-05-09 17:37:18,010 | INFO | fetch_order_book: mid=0.06585 spread=6.07bps bids=20 asks=20
2026-05-09 17:37:18,911 | INFO | SPREAD | pair=CHIP/USDC | cex=0.06583/0.06587 | dex_sell=0.0658434 dex_buy=0.0658603 | spread_a=-4.0bps spread_b=-4.6bps | min=30.0bps
2026-05-09 17:37:19,913 | INFO | fetch_order_book: symbol=CHIP/USDC limit=20
2026-05-09 17:37:20,244 | INFO | fetch_order_book: mid=0.065885 spread=1.52bps bids=20 asks=20
2026-05-09 17:37:21,707 | INFO | SPREAD | pair=CHIP/USDC | cex=0.06588/0.06589 | dex_sell=0.0658695 dex_buy=0.0658865 | spread_a=-3.1bps spread_b=-1.0bps | min=30.0bps
2026-05-09 17:37:22,708 | INFO | fetch_order_book: symbol=CHIP/USDC limit=20
2026-05-09 17:37:23,114 | INFO | fetch_order_book: mid=0.065915 spread=1.52bps bids=20 asks=20
2026-05-09 17:37:24,302 | INFO | SPREAD | pair=CHIP/USDC | cex=0.06591/0.06592 | dex_sell=0.0658996 dex_buy=0.0659165 | spread_a=-3.1bps spread_b=-1.0bps | min=30.0bps
2026-05-09 17:37:25,304 | INFO | fetch_order_book: symbol=CHIP/USDC limit=20
2026-05-09 17:37:25,685 | INFO | fetch_order_book: mid=0.065915 spread=1.52bps bids=20 asks=20
2026-05-09 17:37:26,692 | INFO | SPREAD | pair=CHIP/USDC | cex=0.06591/0.06592 | dex_sell=0.0658996 dex_buy=0.0659165 | spread_a=-3.1bps spread_b=-1.0bps | min=30.0bps
2026-05-09 17:37:27,694 | INFO | fetch_order_book: symbol=CHIP/USDC limit=20
2026-05-09 17:37:27,952 | INFO | fetch_order_book: mid=0.065915 spread=1.52bps bids=20 asks=20
2026-05-09 17:37:28,939 | INFO | SPREAD | pair=CHIP/USDC | cex=0.06591/0.06592 | dex_sell=0.0658996 dex_buy=0.0659165 | spread_a=-3.1bps spread_b=-1.0bps | min=30.0bps
2026-05-09 17:37:29,940 | INFO | fetch_order_book: symbol=CHIP/USDC limit=20
2026-05-09 17:37:30,200 | INFO | fetch_order_book: mid=0.06591 spread=3.03bps bids=20 asks=20
2026-05-09 17:37:31,088 | INFO | SPREAD | pair=CHIP/USDC | cex=0.0659/0.06592 | dex_sell=0.0658996 dex_buy=0.0659165 | spread_a=-3.1bps spread_b=-2.5bps | min=30.0bps
2026-05-09 17:37:32,090 | INFO | fetch_order_book: symbol=CHIP/USDC limit=20
2026-05-09 17:37:32,346 | INFO | fetch_order_book: mid=0.06591 spread=3.03bps bids=20 asks=20
2026-05-09 17:37:33,259 | INFO | SPREAD | pair=CHIP/USDC | cex=0.0659/0.06592 | dex_sell=0.0658996 dex_buy=0.0659165 | spread_a=-3.1bps spread_b=-2.5bps | min=30.0bps
2026-05-09 17:37:34,261 | INFO | fetch_order_book: symbol=CHIP/USDC limit=20
2026-05-09 17:37:34,522 | INFO | fetch_order_book: mid=0.065915 spread=1.52bps bids=20 asks=20
2026-05-09 17:37:35,442 | INFO | SPREAD | pair=CHIP/USDC | cex=0.06591/0.06592 | dex_sell=0.0658996 dex_buy=0.0659165 | spread_a=-3.1bps spread_b=-1.0bps | min=30.0bps
2026-05-09 17:37:36,444 | INFO | fetch_order_book: symbol=CHIP/USDC limit=20
2026-05-09 17:37:36,859 | INFO | fetch_order_book: mid=0.065915 spread=1.52bps bids=20 asks=20
2026-05-09 17:37:38,846 | INFO | SPREAD | pair=CHIP/USDC | cex=0.06591/0.06592 | dex_sell=0.0658996 dex_buy=0.0659165 | spread_a=-3.1bps spread_b=-1.0bps | min=30.0bps
2026-05-09 17:37:39,848 | INFO | fetch_order_book: symbol=CHIP/USDC limit=20
2026-05-09 17:37:40,177 | INFO | fetch_order_book: mid=0.065945 spread=1.52bps bids=20 asks=20
2026-05-09 17:37:41,143 | INFO | SPREAD | pair=CHIP/USDC | cex=0.06594/0.06595 | dex_sell=0.0658996 dex_buy=0.0659466 | spread_a=-7.6bps spread_b=-1.0bps | min=30.0bps
2026-05-09 17:37:42,145 | INFO | fetch_order_book: symbol=CHIP/USDC limit=20
2026-05-09 17:37:42,432 | INFO | fetch_order_book: mid=0.065965 spread=1.52bps bids=20 asks=20
2026-05-09 17:37:43,445 | INFO | SPREAD | pair=CHIP/USDC | cex=0.06596/0.06597 | dex_sell=0.0659296 dex_buy=0.0659466 | spread_a=-6.1bps spread_b=2.0bps | min=30.0bps
2026-05-09 17:37:44,447 | INFO | fetch_order_book: symbol=CHIP/USDC limit=20
2026-05-09 17:37:44,703 | INFO | fetch_order_book: mid=0.06598 spread=3.03bps bids=20 asks=20
2026-05-09 17:37:45,714 | INFO | SPREAD | pair=CHIP/USDC | cex=0.06597/0.06599 | dex_sell=0.0659296 dex_buy=0.0659466 | spread_a=-9.1bps spread_b=3.6bps | min=30.0bps
2026-05-09 17:37:46,717 | INFO | fetch_order_book: symbol=CHIP/USDC limit=20
2026-05-09 17:37:46,982 | INFO | fetch_order_book: mid=0.066005 spread=1.52bps bids=20 asks=20
2026-05-09 17:37:47,914 | INFO | SPREAD | pair=CHIP/USDC | cex=0.066/0.06601 | dex_sell=0.0659365 dex_buy=0.0659535 | spread_a=-11.1bps spread_b=7.1bps | min=30.0bps
2026-05-09 17:37:48,916 | INFO | fetch_order_book: symbol=CHIP/USDC limit=20
2026-05-09 17:37:49,186 | INFO | fetch_order_book: mid=0.066005 spread=1.52bps bids=20 asks=20
2026-05-09 17:37:50,132 | INFO | SPREAD | pair=CHIP/USDC | cex=0.066/0.06601 | dex_sell=0.065977 dex_buy=0.065994 | spread_a=-5.0bps spread_b=0.9bps | min=30.0bps
2026-05-09 17:37:51,134 | INFO | fetch_order_book: symbol=CHIP/USDC limit=20
2026-05-09 17:37:51,398 | INFO | fetch_order_book: mid=0.065965 spread=1.52bps bids=20 asks=20
2026-05-09 17:37:52,317 | INFO | SPREAD | pair=CHIP/USDC | cex=0.06596/0.06597 | dex_sell=0.0659533 dex_buy=0.0659703 | spread_a=-2.5bps spread_b=-1.6bps | min=30.0bps
2026-05-09 17:37:53,319 | INFO | fetch_order_book: symbol=CHIP/USDC limit=20
2026-05-09 17:37:53,600 | INFO | fetch_order_book: mid=0.065965 spread=1.52bps bids=20 asks=20
2026-05-09 17:37:54,471 | INFO | SPREAD | pair=CHIP/USDC | cex=0.06596/0.06597 | dex_sell=0.0659533 dex_buy=0.0659703 | spread_a=-2.5bps spread_b=-1.6bps | min=30.0bps
2026-05-09 17:37:55,473 | INFO | fetch_order_book: symbol=CHIP/USDC limit=20
2026-05-09 17:37:55,750 | INFO | fetch_order_book: mid=0.065965 spread=1.52bps bids=20 asks=20
2026-05-09 17:37:58,288 | INFO | SPREAD | pair=CHIP/USDC | cex=0.06596/0.06597 | dex_sell=0.0659533 dex_buy=0.0659703 | spread_a=-2.5bps spread_b=-1.6bps | min=30.0bps
2026-05-09 17:37:59,290 | INFO | fetch_order_book: symbol=CHIP/USDC limit=20
2026-05-09 17:37:59,619 | INFO | fetch_order_book: mid=0.065965 spread=1.52bps bids=20 asks=20
2026-05-09 17:38:01,403 | INFO | SPREAD | pair=CHIP/USDC | cex=0.06596/0.06597 | dex_sell=0.0659533 dex_buy=0.0659703 | spread_a=-2.5bps spread_b=-1.6bps | min=30.0bps
2026-05-09 17:38:02,406 | INFO | fetch_order_book: symbol=CHIP/USDC limit=20
2026-05-09 17:38:02,666 | INFO | fetch_order_book: mid=0.065945 spread=1.52bps bids=20 asks=20
2026-05-09 17:38:03,583 | INFO | SPREAD | pair=CHIP/USDC | cex=0.06594/0.06595 | dex_sell=0.0659533 dex_buy=0.0659703 | spread_a=0.5bps spread_b=-4.6bps | min=30.0bps
2026-05-09 17:38:04,585 | INFO | fetch_order_book: symbol=CHIP/USDC limit=20
2026-05-09 17:38:04,916 | INFO | fetch_order_book: mid=0.065995 spread=1.52bps bids=20 asks=20
2026-05-09 17:38:05,981 | INFO | SPREAD | pair=CHIP/USDC | cex=0.06599/0.066 | dex_sell=0.065977 dex_buy=0.065994 | spread_a=-3.5bps spread_b=-0.6bps | min=30.0bps
2026-05-09 17:38:06,983 | INFO | fetch_order_book: symbol=CHIP/USDC limit=20
2026-05-09 17:38:07,264 | INFO | fetch_order_book: mid=0.065995 spread=1.52bps bids=20 asks=20
2026-05-09 17:38:08,279 | INFO | SPREAD | pair=CHIP/USDC | cex=0.06599/0.066 | dex_sell=0.065977 dex_buy=0.065994 | spread_a=-3.5bps spread_b=-0.6bps | min=30.0bps
2026-05-09 17:38:09,282 | INFO | fetch_order_book: symbol=CHIP/USDC limit=20
2026-05-09 17:38:09,620 | INFO | fetch_order_book: mid=0.065965 spread=4.55bps bids=20 asks=20
2026-05-09 17:38:10,652 | INFO | SPREAD | pair=CHIP/USDC | cex=0.06595/0.06598 | dex_sell=0.065977 dex_buy=0.065994 | spread_a=-0.5bps spread_b=-6.7bps | min=30.0bps
2026-05-09 17:38:11,654 | INFO | fetch_order_book: symbol=CHIP/USDC limit=20
2026-05-09 17:38:11,920 | INFO | fetch_order_book: mid=0.065965 spread=4.55bps bids=20 asks=20
2026-05-09 17:38:13,022 | INFO | SPREAD | pair=CHIP/USDC | cex=0.06595/0.06598 | dex_sell=0.065977 dex_buy=0.065994 | spread_a=-0.5bps spread_b=-6.7bps | min=30.0bps
2026-05-09 17:38:14,024 | INFO | fetch_order_book: symbol=CHIP/USDC limit=20
2026-05-09 17:38:14,299 | INFO | fetch_order_book: mid=0.065975 spread=1.52bps bids=20 asks=20
2026-05-09 17:38:15,339 | INFO | SPREAD | pair=CHIP/USDC | cex=0.06597/0.06598 | dex_sell=0.065977 dex_buy=0.065994 | spread_a=-0.5bps spread_b=-3.6bps | min=30.0bps
2026-05-09 17:38:16,341 | INFO | fetch_order_book: symbol=CHIP/USDC limit=20
2026-05-09 17:38:16,650 | INFO | fetch_order_book: mid=0.065955 spread=4.55bps bids=20 asks=20
2026-05-09 17:38:17,685 | INFO | SPREAD | pair=CHIP/USDC | cex=0.06594/0.06597 | dex_sell=0.0659533 dex_buy=0.0659703 | spread_a=-2.5bps spread_b=-4.6bps | min=30.0bps
2026-05-09 17:38:18,686 | INFO | fetch_order_book: symbol=CHIP/USDC limit=20
2026-05-09 17:38:18,953 | INFO | fetch_order_book: mid=0.06596 spread=6.06bps bids=20 asks=20
2026-05-09 17:38:19,838 | INFO | SPREAD | pair=CHIP/USDC | cex=0.06594/0.06598 | dex_sell=0.0659533 dex_buy=0.0659703 | spread_a=-4.0bps spread_b=-4.6bps | min=30.0bps
2026-05-09 17:38:20,840 | INFO | fetch_order_book: symbol=CHIP/USDC limit=20
2026-05-09 17:38:21,101 | INFO | fetch_order_book: mid=0.06596 spread=6.06bps bids=20 asks=20
2026-05-09 17:38:22,059 | INFO | SPREAD | pair=CHIP/USDC | cex=0.06594/0.06598 | dex_sell=0.0659533 dex_buy=0.0659703 | spread_a=-4.0bps spread_b=-4.6bps | min=30.0bps
2026-05-09 17:38:23,061 | INFO | fetch_order_book: symbol=CHIP/USDC limit=20
2026-05-09 17:38:23,331 | INFO | fetch_order_book: mid=0.065955 spread=1.52bps bids=20 asks=20
2026-05-09 17:38:24,278 | INFO | SPREAD | pair=CHIP/USDC | cex=0.06595/0.06596 | dex_sell=0.0659533 dex_buy=0.0659703 | spread_a=-1.0bps spread_b=-3.1bps | min=30.0bps
2026-05-09 17:38:25,281 | INFO | fetch_order_book: symbol=CHIP/USDC limit=20
2026-05-09 17:38:25,541 | INFO | fetch_order_book: mid=0.065955 spread=1.52bps bids=20 asks=20
2026-05-09 17:38:26,420 | INFO | SPREAD | pair=CHIP/USDC | cex=0.06595/0.06596 | dex_sell=0.0659533 dex_buy=0.0659703 | spread_a=-1.0bps spread_b=-3.1bps | min=30.0bps
2026-05-09 17:38:27,423 | INFO | fetch_order_book: symbol=CHIP/USDC limit=20
2026-05-09 17:38:27,693 | INFO | fetch_order_book: mid=0.065985 spread=4.55bps bids=20 asks=20
2026-05-09 17:38:28,596 | INFO | SPREAD | pair=CHIP/USDC | cex=0.06597/0.066 | dex_sell=0.0659533 dex_buy=0.0659703 | spread_a=-7.1bps spread_b=-0.0bps | min=30.0bps
2026-05-09 17:38:29,597 | INFO | fetch_order_book: symbol=CHIP/USDC limit=20
2026-05-09 17:38:29,868 | INFO | fetch_order_book: mid=0.065985 spread=4.55bps bids=20 asks=20
2026-05-09 17:38:30,774 | INFO | SPREAD | pair=CHIP/USDC | cex=0.06597/0.066 | dex_sell=0.0659533 dex_buy=0.0659703 | spread_a=-7.1bps spread_b=-0.0bps | min=30.0bps
2026-05-09 17:38:31,777 | INFO | fetch_order_book: symbol=CHIP/USDC limit=20
2026-05-09 17:38:32,050 | INFO | fetch_order_book: mid=0.065985 spread=4.55bps bids=20 asks=20
2026-05-09 17:38:32,983 | INFO | SPREAD | pair=CHIP/USDC | cex=0.06597/0.066 | dex_sell=0.0659533 dex_buy=0.0659703 | spread_a=-7.1bps spread_b=-0.0bps | min=30.0bps
2026-05-09 17:38:33,986 | INFO | fetch_order_book: symbol=CHIP/USDC limit=20
2026-05-09 17:38:34,249 | INFO | fetch_order_book: mid=0.065985 spread=4.55bps bids=20 asks=20
2026-05-09 17:38:35,108 | INFO | SPREAD | pair=CHIP/USDC | cex=0.06597/0.066 | dex_sell=0.0659533 dex_buy=0.0659703 | spread_a=-7.1bps spread_b=-0.0bps | min=30.0bps
2026-05-09 17:38:36,110 | INFO | fetch_order_book: symbol=CHIP/USDC limit=20
2026-05-09 17:38:36,452 | INFO | fetch_order_book: mid=0.065985 spread=4.55bps bids=20 asks=20
2026-05-09 17:38:37,361 | INFO | SPREAD | pair=CHIP/USDC | cex=0.06597/0.066 | dex_sell=0.0659533 dex_buy=0.0659703 | spread_a=-7.1bps spread_b=-0.0bps | min=30.0bps
2026-05-09 17:38:38,363 | INFO | fetch_order_book: symbol=CHIP/USDC limit=20
2026-05-09 17:38:38,619 | INFO | fetch_order_book: mid=0.066055 spread=1.51bps bids=20 asks=20
2026-05-09 17:38:39,552 | INFO | SPREAD | pair=CHIP/USDC | cex=0.06605/0.06606 | dex_sell=0.065977 dex_buy=0.065994 | spread_a=-12.6bps spread_b=8.5bps | min=30.0bps
2026-05-09 17:38:40,554 | INFO | fetch_order_book: symbol=CHIP/USDC limit=20
2026-05-09 17:38:40,909 | INFO | fetch_order_book: mid=0.066055 spread=1.51bps bids=20 asks=20
2026-05-09 17:38:41,980 | INFO | SPREAD | pair=CHIP/USDC | cex=0.06605/0.06606 | dex_sell=0.065977 dex_buy=0.065994 | spread_a=-12.6bps spread_b=8.5bps | min=30.0bps
2026-05-09 17:38:42,983 | INFO | fetch_order_book: symbol=CHIP/USDC limit=20
2026-05-09 17:38:43,247 | INFO | fetch_order_book: mid=0.066055 spread=1.51bps bids=20 asks=20
2026-05-09 17:38:44,222 | INFO | SPREAD | pair=CHIP/USDC | cex=0.06605/0.06606 | dex_sell=0.065977 dex_buy=0.065994 | spread_a=-12.6bps spread_b=8.5bps | min=30.0bps
2026-05-09 17:38:45,224 | INFO | fetch_order_book: symbol=CHIP/USDC limit=20
2026-05-09 17:38:45,480 | INFO | fetch_order_book: mid=0.066055 spread=1.51bps bids=20 asks=20
2026-05-09 17:38:46,687 | INFO | SPREAD | pair=CHIP/USDC | cex=0.06605/0.06606 | dex_sell=0.065977 dex_buy=0.065994 | spread_a=-12.6bps spread_b=8.5bps | min=30.0bps
2026-05-09 17:38:47,689 | INFO | fetch_order_book: symbol=CHIP/USDC limit=20
2026-05-09 17:38:47,949 | INFO | fetch_order_book: mid=0.066015 spread=1.51bps bids=20 asks=20
2026-05-09 17:38:49,022 | INFO | SPREAD | pair=CHIP/USDC | cex=0.06601/0.06602 | dex_sell=0.065977 dex_buy=0.065994 | spread_a=-6.5bps spread_b=2.4bps | min=30.0bps
2026-05-09 17:38:50,023 | INFO | fetch_order_book: symbol=CHIP/USDC limit=20
2026-05-09 17:38:50,279 | INFO | fetch_order_book: mid=0.066015 spread=1.51bps bids=20 asks=20
2026-05-09 17:38:51,216 | INFO | SPREAD | pair=CHIP/USDC | cex=0.06601/0.06602 | dex_sell=0.065977 dex_buy=0.065994 | spread_a=-6.5bps spread_b=2.4bps | min=30.0bps
2026-05-09 17:38:52,218 | INFO | fetch_order_book: symbol=CHIP/USDC limit=20
2026-05-09 17:38:52,478 | INFO | fetch_order_book: mid=0.06604 spread=6.06bps bids=20 asks=20
2026-05-09 17:38:53,409 | INFO | SPREAD | pair=CHIP/USDC | cex=0.06602/0.06606 | dex_sell=0.065977 dex_buy=0.065994 | spread_a=-12.6bps spread_b=3.9bps | min=30.0bps
2026-05-09 17:38:54,412 | INFO | fetch_order_book: symbol=CHIP/USDC limit=20
2026-05-09 17:38:54,668 | INFO | fetch_order_book: mid=0.06603 spread=6.06bps bids=20 asks=20
2026-05-09 17:38:55,564 | INFO | SPREAD | pair=CHIP/USDC | cex=0.06601/0.06605 | dex_sell=0.065977 dex_buy=0.065994 | spread_a=-11.0bps spread_b=2.4bps | min=30.0bps
2026-05-09 17:38:56,566 | INFO | fetch_order_book: symbol=CHIP/USDC limit=20
2026-05-09 17:38:56,852 | INFO | fetch_order_book: mid=0.06603 spread=6.06bps bids=20 asks=20
2026-05-09 17:38:57,779 | INFO | SPREAD | pair=CHIP/USDC | cex=0.06601/0.06605 | dex_sell=0.065977 dex_buy=0.065994 | spread_a=-11.0bps spread_b=2.4bps | min=30.0bps
2026-05-09 17:38:58,780 | INFO | fetch_order_book: symbol=CHIP/USDC limit=20
2026-05-09 17:38:59,038 | INFO | fetch_order_book: mid=0.06603 spread=6.06bps bids=20 asks=20
2026-05-09 17:38:59,934 | INFO | SPREAD | pair=CHIP/USDC | cex=0.06601/0.06605 | dex_sell=0.065977 dex_buy=0.065994 | spread_a=-11.0bps spread_b=2.4bps | min=30.0bps
2026-05-09 17:39:00,937 | INFO | fetch_order_book: symbol=CHIP/USDC limit=20
2026-05-09 17:39:01,240 | INFO | fetch_order_book: mid=0.06603 spread=6.06bps bids=20 asks=20
2026-05-09 17:39:02,167 | INFO | SPREAD | pair=CHIP/USDC | cex=0.06601/0.06605 | dex_sell=0.065977 dex_buy=0.065994 | spread_a=-11.0bps spread_b=2.4bps | min=30.0bps
2026-05-09 17:39:03,170 | INFO | fetch_order_book: symbol=CHIP/USDC limit=20
2026-05-09 17:39:03,427 | INFO | fetch_order_book: mid=0.06603 spread=6.06bps bids=20 asks=20
2026-05-09 17:39:04,414 | INFO | SPREAD | pair=CHIP/USDC | cex=0.06601/0.06605 | dex_sell=0.065977 dex_buy=0.065994 | spread_a=-11.0bps spread_b=2.4bps | min=30.0bps
2026-05-09 17:39:05,417 | INFO | fetch_order_book: symbol=CHIP/USDC limit=20
2026-05-09 17:39:05,840 | INFO | fetch_order_book: mid=0.066005 spread=1.52bps bids=20 asks=20
2026-05-09 17:39:06,814 | INFO | SPREAD | pair=CHIP/USDC | cex=0.066/0.06601 | dex_sell=0.065977 dex_buy=0.065994 | spread_a=-5.0bps spread_b=0.9bps | min=30.0bps
2026-05-09 17:39:07,817 | INFO | fetch_order_book: symbol=CHIP/USDC limit=20
2026-05-09 17:39:08,077 | INFO | fetch_order_book: mid=0.066005 spread=1.52bps bids=20 asks=20
2026-05-09 17:39:08,977 | INFO | SPREAD | pair=CHIP/USDC | cex=0.066/0.06601 | dex_sell=0.065977 dex_buy=0.065994 | spread_a=-5.0bps spread_b=0.9bps | min=30.0bps
2026-05-09 17:39:09,980 | INFO | fetch_order_book: symbol=CHIP/USDC limit=20
2026-05-09 17:39:10,362 | INFO | fetch_order_book: mid=0.06602 spread=6.06bps bids=20 asks=20
2026-05-09 17:39:11,282 | INFO | SPREAD | pair=CHIP/USDC | cex=0.066/0.06604 | dex_sell=0.065977 dex_buy=0.065994 | spread_a=-9.5bps spread_b=0.9bps | min=30.0bps
2026-05-09 17:39:12,284 | INFO | fetch_order_book: symbol=CHIP/USDC limit=20
2026-05-09 17:39:12,542 | INFO | fetch_order_book: mid=0.06603 spread=6.06bps bids=20 asks=20
2026-05-09 17:39:13,435 | INFO | SPREAD | pair=CHIP/USDC | cex=0.06601/0.06605 | dex_sell=0.065977 dex_buy=0.065994 | spread_a=-11.0bps spread_b=2.4bps | min=30.0bps
2026-05-09 17:39:14,438 | INFO | fetch_order_book: symbol=CHIP/USDC limit=20
2026-05-09 17:39:14,752 | INFO | fetch_order_book: mid=0.06603 spread=6.06bps bids=20 asks=20
2026-05-09 17:39:15,723 | INFO | SPREAD | pair=CHIP/USDC | cex=0.06601/0.06605 | dex_sell=0.065977 dex_buy=0.065994 | spread_a=-11.0bps spread_b=2.4bps | min=30.0bps
2026-05-09 17:39:16,726 | INFO | fetch_order_book: symbol=CHIP/USDC limit=20
2026-05-09 17:39:16,984 | INFO | fetch_order_book: mid=0.06603 spread=6.06bps bids=20 asks=20
2026-05-09 17:39:17,885 | INFO | SPREAD | pair=CHIP/USDC | cex=0.06601/0.06605 | dex_sell=0.065977 dex_buy=0.065994 | spread_a=-11.0bps spread_b=2.4bps | min=30.0bps
2026-05-09 17:39:18,887 | INFO | fetch_order_book: symbol=CHIP/USDC limit=20
2026-05-09 17:39:19,143 | INFO | fetch_order_book: mid=0.06603 spread=6.06bps bids=20 asks=20
2026-05-09 17:39:20,036 | INFO | SPREAD | pair=CHIP/USDC | cex=0.06601/0.06605 | dex_sell=0.065977 dex_buy=0.065994 | spread_a=-11.0bps spread_b=2.4bps | min=30.0bps
2026-05-09 17:39:21,039 | INFO | fetch_order_book: symbol=CHIP/USDC limit=20
2026-05-09 17:39:21,310 | INFO | fetch_order_book: mid=0.06603 spread=6.06bps bids=20 asks=20
2026-05-09 17:39:22,265 | INFO | SPREAD | pair=CHIP/USDC | cex=0.06601/0.06605 | dex_sell=0.065977 dex_buy=0.065994 | spread_a=-11.0bps spread_b=2.4bps | min=30.0bps
2026-05-09 17:39:23,267 | INFO | fetch_order_book: symbol=CHIP/USDC limit=20
2026-05-09 17:39:23,525 | INFO | fetch_order_book: mid=0.06603 spread=6.06bps bids=20 asks=20
2026-05-09 17:39:24,417 | INFO | SPREAD | pair=CHIP/USDC | cex=0.06601/0.06605 | dex_sell=0.065977 dex_buy=0.065994 | spread_a=-11.0bps spread_b=2.4bps | min=30.0bps
2026-05-09 17:39:25,419 | INFO | fetch_order_book: symbol=CHIP/USDC limit=20
2026-05-09 17:39:25,723 | INFO | fetch_order_book: mid=0.06603 spread=6.06bps bids=20 asks=20
2026-05-09 17:39:26,596 | INFO | SPREAD | pair=CHIP/USDC | cex=0.06601/0.06605 | dex_sell=0.065977 dex_buy=0.065994 | spread_a=-11.0bps spread_b=2.4bps | min=30.0bps
2026-05-09 17:39:27,599 | INFO | fetch_order_book: symbol=CHIP/USDC limit=20
2026-05-09 17:39:27,881 | INFO | fetch_order_book: mid=0.06603 spread=6.06bps bids=20 asks=20
2026-05-09 17:39:28,787 | INFO | SPREAD | pair=CHIP/USDC | cex=0.06601/0.06605 | dex_sell=0.065977 dex_buy=0.065994 | spread_a=-11.0bps spread_b=2.4bps | min=30.0bps
2026-05-09 17:39:29,789 | INFO | fetch_order_book: symbol=CHIP/USDC limit=20
2026-05-09 17:39:30,144 | INFO | fetch_order_book: mid=0.065965 spread=1.52bps bids=20 asks=20
2026-05-09 17:39:31,080 | INFO | SPREAD | pair=CHIP/USDC | cex=0.06596/0.06597 | dex_sell=0.0659533 dex_buy=0.0659703 | spread_a=-2.5bps spread_b=-1.6bps | min=30.0bps
2026-05-09 17:39:32,082 | INFO | fetch_order_book: symbol=CHIP/USDC limit=20
2026-05-09 17:39:32,476 | INFO | fetch_order_book: mid=0.065985 spread=4.55bps bids=20 asks=20
2026-05-09 17:39:33,383 | INFO | SPREAD | pair=CHIP/USDC | cex=0.06597/0.066 | dex_sell=0.0659533 dex_buy=0.0659703 | spread_a=-7.1bps spread_b=-0.0bps | min=30.0bps
2026-05-09 17:39:34,385 | INFO | fetch_order_book: symbol=CHIP/USDC limit=20
2026-05-09 17:39:34,643 | INFO | fetch_order_book: mid=0.06600 spread=6.06bps bids=20 asks=20
2026-05-09 17:39:35,576 | INFO | SPREAD | pair=CHIP/USDC | cex=0.06598/0.06602 | dex_sell=0.0659533 dex_buy=0.0659703 | spread_a=-10.1bps spread_b=1.5bps | min=30.0bps
2026-05-09 17:39:36,578 | INFO | fetch_order_book: symbol=CHIP/USDC limit=20
2026-05-09 17:39:36,872 | INFO | fetch_order_book: mid=0.06601 spread=6.06bps bids=20 asks=20
2026-05-09 17:39:37,815 | INFO | SPREAD | pair=CHIP/USDC | cex=0.06599/0.06603 | dex_sell=0.065977 dex_buy=0.065994 | spread_a=-8.0bps spread_b=-0.6bps | min=30.0bps
2026-05-09 17:39:38,817 | INFO | fetch_order_book: symbol=CHIP/USDC limit=20
2026-05-09 17:39:39,079 | INFO | fetch_order_book: mid=0.066005 spread=7.58bps bids=20 asks=20
2026-05-09 17:39:40,032 | INFO | SPREAD | pair=CHIP/USDC | cex=0.06598/0.06603 | dex_sell=0.065977 dex_buy=0.065994 | spread_a=-8.0bps spread_b=-2.1bps | min=30.0bps
2026-05-09 17:39:41,034 | INFO | fetch_order_book: symbol=CHIP/USDC limit=20
2026-05-09 17:39:41,379 | INFO | fetch_order_book: mid=0.066005 spread=7.58bps bids=20 asks=20
2026-05-09 17:39:42,326 | INFO | SPREAD | pair=CHIP/USDC | cex=0.06598/0.06603 | dex_sell=0.065977 dex_buy=0.065994 | spread_a=-8.0bps spread_b=-2.1bps | min=30.0bps
2026-05-09 17:39:43,328 | INFO | fetch_order_book: symbol=CHIP/USDC limit=20
2026-05-09 17:39:43,589 | INFO | fetch_order_book: mid=0.06598 spread=6.06bps bids=20 asks=20
2026-05-09 17:39:44,560 | INFO | SPREAD | pair=CHIP/USDC | cex=0.06596/0.066 | dex_sell=0.065977 dex_buy=0.065994 | spread_a=-3.5bps spread_b=-5.1bps | min=30.0bps
2026-05-09 17:39:45,563 | INFO | fetch_order_book: symbol=CHIP/USDC limit=20
2026-05-09 17:39:45,821 | INFO | fetch_order_book: mid=0.06594 spread=6.07bps bids=20 asks=20
2026-05-09 17:39:46,708 | INFO | SPREAD | pair=CHIP/USDC | cex=0.06592/0.06596 | dex_sell=0.0659536 dex_buy=0.0659705 | spread_a=-1.0bps spread_b=-7.7bps | min=30.0bps
2026-05-09 17:39:47,712 | INFO | fetch_order_book: symbol=CHIP/USDC limit=20
2026-05-09 17:39:47,971 | INFO | fetch_order_book: mid=0.065955 spread=4.55bps bids=20 asks=20
2026-05-09 17:39:48,893 | INFO | SPREAD | pair=CHIP/USDC | cex=0.06594/0.06597 | dex_sell=0.0659536 dex_buy=0.0659705 | spread_a=-2.5bps spread_b=-4.6bps | min=30.0bps
2026-05-09 17:39:49,895 | INFO | fetch_order_book: symbol=CHIP/USDC limit=20
2026-05-09 17:39:50,153 | INFO | fetch_order_book: mid=0.06599 spread=3.03bps bids=20 asks=20
2026-05-09 17:39:51,140 | INFO | SPREAD | pair=CHIP/USDC | cex=0.06598/0.066 | dex_sell=0.0659536 dex_buy=0.0659705 | spread_a=-7.0bps spread_b=1.4bps | min=30.0bps
2026-05-09 17:39:52,142 | INFO | fetch_order_book: symbol=CHIP/USDC limit=20
2026-05-09 17:39:52,398 | INFO | fetch_order_book: mid=0.06599 spread=3.03bps bids=20 asks=20
2026-05-09 17:39:53,321 | INFO | SPREAD | pair=CHIP/USDC | cex=0.06598/0.066 | dex_sell=0.065977 dex_buy=0.065994 | spread_a=-3.5bps spread_b=-2.1bps | min=30.0bps
2026-05-09 17:39:54,323 | INFO | fetch_order_book: symbol=CHIP/USDC limit=20
2026-05-09 17:39:54,584 | INFO | fetch_order_book: mid=0.06597 spread=6.06bps bids=20 asks=20
2026-05-09 17:39:55,528 | INFO | SPREAD | pair=CHIP/USDC | cex=0.06595/0.06599 | dex_sell=0.065977 dex_buy=0.065994 | spread_a=-2.0bps spread_b=-6.7bps | min=30.0bps
2026-05-09 17:39:56,531 | INFO | fetch_order_book: symbol=CHIP/USDC limit=20
2026-05-09 17:39:56,855 | INFO | fetch_order_book: mid=0.06597 spread=6.06bps bids=20 asks=20
2026-05-09 17:39:57,761 | INFO | SPREAD | pair=CHIP/USDC | cex=0.06595/0.06599 | dex_sell=0.065977 dex_buy=0.065994 | spread_a=-2.0bps spread_b=-6.7bps | min=30.0bps
2026-05-09 17:39:58,763 | INFO | fetch_order_book: symbol=CHIP/USDC limit=20
2026-05-09 17:39:59,044 | INFO | fetch_order_book: mid=0.065975 spread=7.58bps bids=20 asks=20
2026-05-09 17:39:59,960 | INFO | SPREAD | pair=CHIP/USDC | cex=0.06595/0.066 | dex_sell=0.065977 dex_buy=0.065994 | spread_a=-3.5bps spread_b=-6.7bps | min=30.0bps
2026-05-09 17:40:00,963 | INFO | fetch_order_book: symbol=CHIP/USDC limit=20
2026-05-09 17:40:01,382 | INFO | fetch_order_book: mid=0.065955 spread=4.55bps bids=20 asks=20
2026-05-09 17:40:02,299 | INFO | SPREAD | pair=CHIP/USDC | cex=0.06594/0.06597 | dex_sell=0.065977 dex_buy=0.065994 | spread_a=1.1bps spread_b=-8.2bps | min=30.0bps
2026-05-09 17:40:03,301 | INFO | fetch_order_book: symbol=CHIP/USDC limit=20
2026-05-09 17:40:03,559 | INFO | fetch_order_book: mid=0.065925 spread=1.52bps bids=20 asks=20
2026-05-09 17:40:04,479 | INFO | SPREAD | pair=CHIP/USDC | cex=0.06592/0.06593 | dex_sell=0.0659233 dex_buy=0.0659402 | spread_a=-1.0bps spread_b=-3.1bps | min=30.0bps
2026-05-09 17:40:05,481 | INFO | fetch_order_book: symbol=CHIP/USDC limit=20
2026-05-09 17:40:05,748 | INFO | fetch_order_book: mid=0.065945 spread=4.55bps bids=20 asks=20
2026-05-09 17:40:06,678 | INFO | SPREAD | pair=CHIP/USDC | cex=0.06593/0.06596 | dex_sell=0.0659233 dex_buy=0.0659402 | spread_a=-5.6bps spread_b=-1.6bps | min=30.0bps
2026-05-09 17:40:07,680 | INFO | fetch_order_book: symbol=CHIP/USDC limit=20
2026-05-09 17:40:08,061 | INFO | fetch_order_book: mid=0.06591 spread=3.03bps bids=20 asks=20
2026-05-09 17:40:08,994 | INFO | SPREAD | pair=CHIP/USDC | cex=0.0659/0.06592 | dex_sell=0.0659233 dex_buy=0.0659402 | spread_a=0.5bps spread_b=-6.1bps | min=30.0bps
2026-05-09 17:40:09,996 | INFO | fetch_order_book: symbol=CHIP/USDC limit=20
2026-05-09 17:40:10,255 | INFO | fetch_order_book: mid=0.06590 spread=6.07bps bids=20 asks=20
2026-05-09 17:40:11,153 | INFO | SPREAD | pair=CHIP/USDC | cex=0.06588/0.06592 | dex_sell=0.0658936 dex_buy=0.0659105 | spread_a=-4.0bps spread_b=-4.6bps | min=30.0bps
2026-05-09 17:40:12,155 | INFO | fetch_order_book: symbol=CHIP/USDC limit=20
2026-05-09 17:40:12,509 | INFO | fetch_order_book: mid=0.06587 spread=3.04bps bids=20 asks=20
2026-05-09 17:40:13,428 | INFO | SPREAD | pair=CHIP/USDC | cex=0.06586/0.06588 | dex_sell=0.0658734 dex_buy=0.0658903 | spread_a=-1.0bps spread_b=-4.6bps | min=30.0bps
2026-05-09 17:40:14,430 | INFO | fetch_order_book: symbol=CHIP/USDC limit=20
2026-05-09 17:40:14,699 | INFO | fetch_order_book: mid=0.06587 spread=3.04bps bids=20 asks=20
2026-05-09 17:40:15,675 | INFO | SPREAD | pair=CHIP/USDC | cex=0.06586/0.06588 | dex_sell=0.0658734 dex_buy=0.0658903 | spread_a=-1.0bps spread_b=-4.6bps | min=30.0bps
2026-05-09 17:40:16,677 | INFO | fetch_order_book: symbol=CHIP/USDC limit=20
2026-05-09 17:40:16,937 | INFO | fetch_order_book: mid=0.065875 spread=4.55bps bids=20 asks=20
2026-05-09 17:40:17,872 | INFO | SPREAD | pair=CHIP/USDC | cex=0.06586/0.06589 | dex_sell=0.0658734 dex_buy=0.0658903 | spread_a=-2.5bps spread_b=-4.6bps | min=30.0bps
2026-05-09 17:40:18,874 | INFO | fetch_order_book: symbol=CHIP/USDC limit=20
2026-05-09 17:40:19,132 | INFO | fetch_order_book: mid=0.065875 spread=4.55bps bids=20 asks=20
2026-05-09 17:40:20,017 | INFO | SPREAD | pair=CHIP/USDC | cex=0.06586/0.06589 | dex_sell=0.0658734 dex_buy=0.0658903 | spread_a=-2.5bps spread_b=-4.6bps | min=30.0bps
2026-05-09 17:40:21,020 | INFO | fetch_order_book: symbol=CHIP/USDC limit=20
2026-05-09 17:40:21,278 | INFO | fetch_order_book: mid=0.06588 spread=6.07bps bids=20 asks=20
2026-05-09 17:40:22,195 | INFO | SPREAD | pair=CHIP/USDC | cex=0.06586/0.0659 | dex_sell=0.0658734 dex_buy=0.0658903 | spread_a=-4.0bps spread_b=-4.6bps | min=30.0bps
2026-05-09 17:40:23,198 | INFO | fetch_order_book: symbol=CHIP/USDC limit=20
2026-05-09 17:40:23,458 | INFO | fetch_order_book: mid=0.06589 spread=6.07bps bids=20 asks=20
2026-05-09 17:40:24,395 | INFO | SPREAD | pair=CHIP/USDC | cex=0.06587/0.06591 | dex_sell=0.0658734 dex_buy=0.0658903 | spread_a=-5.6bps spread_b=-3.1bps | min=30.0bps
2026-05-09 17:40:25,398 | INFO | fetch_order_book: symbol=CHIP/USDC limit=20
2026-05-09 17:40:25,667 | INFO | fetch_order_book: mid=0.065905 spread=4.55bps bids=20 asks=20
2026-05-09 17:40:26,592 | INFO | SPREAD | pair=CHIP/USDC | cex=0.06589/0.06592 | dex_sell=0.0658734 dex_buy=0.0658903 | spread_a=-7.1bps spread_b=-0.0bps | min=30.0bps
2026-05-09 17:40:27,594 | INFO | fetch_order_book: symbol=CHIP/USDC limit=20
2026-05-09 17:40:27,975 | INFO | fetch_order_book: mid=0.065905 spread=4.55bps bids=20 asks=20
2026-05-09 17:40:28,891 | INFO | SPREAD | pair=CHIP/USDC | cex=0.06589/0.06592 | dex_sell=0.0658734 dex_buy=0.0658903 | spread_a=-7.1bps spread_b=-0.0bps | min=30.0bps
2026-05-09 17:40:29,894 | INFO | fetch_order_book: symbol=CHIP/USDC limit=20
2026-05-09 17:40:30,263 | INFO | fetch_order_book: mid=0.065895 spread=4.55bps bids=20 asks=20
2026-05-09 17:40:31,164 | INFO | SPREAD | pair=CHIP/USDC | cex=0.06588/0.06591 | dex_sell=0.0658734 dex_buy=0.0658903 | spread_a=-5.6bps spread_b=-1.6bps | min=30.0bps
2026-05-09 17:40:32,166 | INFO | fetch_order_book: symbol=CHIP/USDC limit=20
2026-05-09 17:40:32,960 | INFO | fetch_order_book: mid=0.065875 spread=4.55bps bids=20 asks=20
2026-05-09 17:40:33,842 | INFO | SPREAD | pair=CHIP/USDC | cex=0.06586/0.06589 | dex_sell=0.0658734 dex_buy=0.0658903 | spread_a=-2.5bps spread_b=-4.6bps | min=30.0bps
2026-05-09 17:40:34,844 | INFO | fetch_order_book: symbol=CHIP/USDC limit=20
2026-05-09 17:40:35,109 | INFO | fetch_order_book: mid=0.065875 spread=4.55bps bids=20 asks=20
2026-05-09 17:40:36,037 | INFO | SPREAD | pair=CHIP/USDC | cex=0.06586/0.06589 | dex_sell=0.0658734 dex_buy=0.0658903 | spread_a=-2.5bps spread_b=-4.6bps | min=30.0bps
2026-05-09 17:40:37,040 | INFO | fetch_order_book: symbol=CHIP/USDC limit=20
2026-05-09 17:40:37,305 | INFO | fetch_order_book: mid=0.065875 spread=4.55bps bids=20 asks=20
2026-05-09 17:40:38,244 | INFO | SPREAD | pair=CHIP/USDC | cex=0.06586/0.06589 | dex_sell=0.0658734 dex_buy=0.0658903 | spread_a=-2.5bps spread_b=-4.6bps | min=30.0bps
2026-05-09 17:40:39,246 | INFO | fetch_order_book: symbol=CHIP/USDC limit=20
2026-05-09 17:40:39,519 | INFO | fetch_order_book: mid=0.065845 spread=1.52bps bids=20 asks=20
2026-05-09 17:40:40,462 | INFO | SPREAD | pair=CHIP/USDC | cex=0.06584/0.06585 | dex_sell=0.0658434 dex_buy=0.0658603 | spread_a=-1.0bps spread_b=-3.1bps | min=30.0bps
2026-05-09 17:40:41,464 | INFO | fetch_order_book: symbol=CHIP/USDC limit=20
2026-05-09 17:40:41,726 | INFO | fetch_order_book: mid=0.06588 spread=6.07bps bids=20 asks=20
2026-05-09 17:40:42,639 | INFO | SPREAD | pair=CHIP/USDC | cex=0.06586/0.0659 | dex_sell=0.0658434 dex_buy=0.0658603 | spread_a=-8.6bps spread_b=-0.0bps | min=30.0bps
2026-05-09 17:40:43,641 | INFO | fetch_order_book: symbol=CHIP/USDC limit=20
2026-05-09 17:40:43,952 | INFO | fetch_order_book: mid=0.06589 spread=3.04bps bids=20 asks=20
2026-05-09 17:40:44,915 | INFO | SPREAD | pair=CHIP/USDC | cex=0.06588/0.0659 | dex_sell=0.0658695 dex_buy=0.0658865 | spread_a=-4.6bps spread_b=-1.0bps | min=30.0bps
2026-05-09 17:40:45,917 | INFO | fetch_order_book: symbol=CHIP/USDC limit=20
2026-05-09 17:40:46,178 | INFO | fetch_order_book: mid=0.065865 spread=7.59bps bids=20 asks=20
2026-05-09 17:40:47,070 | INFO | SPREAD | pair=CHIP/USDC | cex=0.06584/0.06589 | dex_sell=0.0658695 dex_buy=0.0658865 | spread_a=-3.1bps spread_b=-7.1bps | min=30.0bps
2026-05-09 17:40:48,072 | INFO | fetch_order_book: symbol=CHIP/USDC limit=20
2026-05-09 17:40:48,458 | INFO | fetch_order_book: mid=0.065855 spread=4.56bps bids=20 asks=20
2026-05-09 17:40:49,414 | INFO | SPREAD | pair=CHIP/USDC | cex=0.06584/0.06587 | dex_sell=0.0658695 dex_buy=0.0658865 | spread_a=-0.1bps spread_b=-7.1bps | min=30.0bps
2026-05-09 17:40:50,416 | INFO | fetch_order_book: symbol=CHIP/USDC limit=20
2026-05-09 17:40:50,679 | INFO | fetch_order_book: mid=0.06581 spread=3.04bps bids=20 asks=20
2026-05-09 17:40:51,609 | INFO | SPREAD | pair=CHIP/USDC | cex=0.0658/0.06582 | dex_sell=0.0658434 dex_buy=0.0658304 | spread_a=3.6bps spread_b=-4.6bps | min=30.0bps
2026-05-09 17:40:52,612 | INFO | fetch_order_book: symbol=CHIP/USDC limit=20
2026-05-09 17:40:52,918 | INFO | fetch_order_book: mid=0.06579 spread=3.04bps bids=20 asks=20
2026-05-09 17:40:53,826 | INFO | SPREAD | pair=CHIP/USDC | cex=0.06578/0.0658 | dex_sell=0.0658135 dex_buy=0.0658304 | spread_a=2.0bps spread_b=-7.7bps | min=30.0bps
2026-05-09 17:40:54,829 | INFO | fetch_order_book: symbol=CHIP/USDC limit=20
2026-05-09 17:40:55,084 | INFO | fetch_order_book: mid=0.065795 spread=4.56bps bids=20 asks=20
2026-05-09 17:40:55,976 | INFO | SPREAD | pair=CHIP/USDC | cex=0.06578/0.06581 | dex_sell=0.0657835 dex_buy=0.0658004 | spread_a=-4.0bps spread_b=-3.1bps | min=30.0bps
2026-05-09 17:40:56,978 | INFO | fetch_order_book: symbol=CHIP/USDC limit=20
2026-05-09 17:40:57,397 | INFO | fetch_order_book: mid=0.065805 spread=4.56bps bids=20 asks=20
2026-05-09 17:40:58,327 | INFO | SPREAD | pair=CHIP/USDC | cex=0.06579/0.06582 | dex_sell=0.0657835 dex_buy=0.0658004 | spread_a=-5.5bps spread_b=-1.6bps | min=30.0bps
2026-05-09 17:40:59,329 | INFO | fetch_order_book: symbol=CHIP/USDC limit=20
2026-05-09 17:40:59,604 | INFO | fetch_order_book: mid=0.065805 spread=4.56bps bids=20 asks=20
2026-05-09 17:41:00,563 | INFO | SPREAD | pair=CHIP/USDC | cex=0.06579/0.06582 | dex_sell=0.0657835 dex_buy=0.0658004 | spread_a=-5.5bps spread_b=-1.6bps | min=30.0bps
2026-05-09 17:41:01,565 | INFO | fetch_order_book: symbol=CHIP/USDC limit=20
2026-05-09 17:41:01,831 | INFO | fetch_order_book: mid=0.065805 spread=4.56bps bids=20 asks=20
2026-05-09 17:41:02,783 | INFO | SPREAD | pair=CHIP/USDC | cex=0.06579/0.06582 | dex_sell=0.0657835 dex_buy=0.0658004 | spread_a=-5.5bps spread_b=-1.6bps | min=30.0bps
2026-05-09 17:41:03,785 | INFO | fetch_order_book: symbol=CHIP/USDC limit=20
2026-05-09 17:41:04,220 | INFO | fetch_order_book: mid=0.065795 spread=4.56bps bids=20 asks=20
2026-05-09 17:41:05,198 | INFO | SPREAD | pair=CHIP/USDC | cex=0.06578/0.06581 | dex_sell=0.0657835 dex_buy=0.0658004 | spread_a=-4.0bps spread_b=-3.1bps | min=30.0bps
2026-05-09 17:41:06,200 | INFO | fetch_order_book: symbol=CHIP/USDC limit=20
2026-05-09 17:41:06,573 | INFO | fetch_order_book: mid=0.065785 spread=1.52bps bids=20 asks=20
2026-05-09 17:41:07,463 | INFO | SPREAD | pair=CHIP/USDC | cex=0.06578/0.06579 | dex_sell=0.0657835 dex_buy=0.0658004 | spread_a=-1.0bps spread_b=-3.1bps | min=30.0bps
2026-05-09 17:41:08,465 | INFO | fetch_order_book: symbol=CHIP/USDC limit=20
2026-05-09 17:41:08,723 | INFO | fetch_order_book: mid=0.065785 spread=1.52bps bids=20 asks=20
2026-05-09 17:41:09,627 | INFO | SPREAD | pair=CHIP/USDC | cex=0.06578/0.06579 | dex_sell=0.0657835 dex_buy=0.0658004 | spread_a=-1.0bps spread_b=-3.1bps | min=30.0bps
2026-05-09 17:41:10,630 | INFO | fetch_order_book: symbol=CHIP/USDC limit=20
2026-05-09 17:41:10,977 | INFO | fetch_order_book: mid=0.065785 spread=1.52bps bids=20 asks=20
2026-05-09 17:41:11,885 | INFO | SPREAD | pair=CHIP/USDC | cex=0.06578/0.06579 | dex_sell=0.0657835 dex_buy=0.0658004 | spread_a=-1.0bps spread_b=-3.1bps | min=30.0bps
2026-05-09 17:41:12,888 | INFO | fetch_order_book: symbol=CHIP/USDC limit=20
2026-05-09 17:41:13,229 | INFO | fetch_order_book: mid=0.065765 spread=1.52bps bids=20 asks=20
2026-05-09 17:41:14,153 | INFO | SPREAD | pair=CHIP/USDC | cex=0.06576/0.06577 | dex_sell=0.0657632 dex_buy=0.0657801 | spread_a=-1.0bps spread_b=-3.1bps | min=30.0bps
2026-05-09 17:41:15,155 | INFO | fetch_order_book: symbol=CHIP/USDC limit=20
2026-05-09 17:41:15,417 | INFO | fetch_order_book: mid=0.065765 spread=1.52bps bids=20 asks=20
2026-05-09 17:41:16,299 | INFO | SPREAD | pair=CHIP/USDC | cex=0.06576/0.06577 | dex_sell=0.0657632 dex_buy=0.0657801 | spread_a=-1.0bps spread_b=-3.1bps | min=30.0bps
2026-05-09 17:41:17,301 | INFO | fetch_order_book: symbol=CHIP/USDC limit=20
2026-05-09 17:41:17,556 | INFO | fetch_order_book: mid=0.065745 spread=1.52bps bids=20 asks=20
2026-05-09 17:41:18,452 | INFO | SPREAD | pair=CHIP/USDC | cex=0.06574/0.06575 | dex_sell=0.0657632 dex_buy=0.0657801 | spread_a=2.0bps spread_b=-6.1bps | min=30.0bps
2026-05-09 17:41:19,455 | INFO | fetch_order_book: symbol=CHIP/USDC limit=20
2026-05-09 17:41:19,715 | INFO | fetch_order_book: mid=0.065745 spread=1.52bps bids=20 asks=20
2026-05-09 17:41:20,616 | INFO | SPREAD | pair=CHIP/USDC | cex=0.06574/0.06575 | dex_sell=0.0657333 dex_buy=0.0657502 | spread_a=-2.5bps spread_b=-1.5bps | min=30.0bps
2026-05-09 17:41:21,618 | INFO | fetch_order_book: symbol=CHIP/USDC limit=20
2026-05-09 17:41:21,873 | INFO | fetch_order_book: mid=0.06577 spread=6.08bps bids=20 asks=20
2026-05-09 17:41:22,796 | INFO | SPREAD | pair=CHIP/USDC | cex=0.06575/0.06579 | dex_sell=0.0657333 dex_buy=0.0657502 | spread_a=-8.6bps spread_b=-0.0bps | min=30.0bps
2026-05-09 17:41:23,798 | INFO | fetch_order_book: symbol=CHIP/USDC limit=20
2026-05-09 17:41:24,121 | INFO | fetch_order_book: mid=0.06577 spread=6.08bps bids=20 asks=20
2026-05-09 17:41:25,033 | INFO | SPREAD | pair=CHIP/USDC | cex=0.06575/0.06579 | dex_sell=0.0657333 dex_buy=0.0657502 | spread_a=-8.6bps spread_b=-0.0bps | min=30.0bps
2026-05-09 17:41:26,035 | INFO | fetch_order_book: symbol=CHIP/USDC limit=20
2026-05-09 17:41:26,337 | INFO | fetch_order_book: mid=0.065795 spread=1.52bps bids=20 asks=20
2026-05-09 17:41:27,259 | INFO | SPREAD | pair=CHIP/USDC | cex=0.06579/0.0658 | dex_sell=0.0657597 dex_buy=0.0657766 | spread_a=-6.1bps spread_b=2.0bps | min=30.0bps
2026-05-09 17:41:28,262 | INFO | fetch_order_book: symbol=CHIP/USDC limit=20
2026-05-09 17:41:28,523 | INFO | fetch_order_book: mid=0.06579 spread=3.04bps bids=20 asks=20
2026-05-09 17:41:29,421 | INFO | SPREAD | pair=CHIP/USDC | cex=0.06578/0.0658 | dex_sell=0.0657597 dex_buy=0.0657766 | spread_a=-6.1bps spread_b=0.5bps | min=30.0bps
2026-05-09 17:41:30,424 | INFO | fetch_order_book: symbol=CHIP/USDC limit=20
2026-05-09 17:41:30,683 | INFO | fetch_order_book: mid=0.06579 spread=3.04bps bids=20 asks=20
2026-05-09 17:41:31,612 | INFO | SPREAD | pair=CHIP/USDC | cex=0.06578/0.0658 | dex_sell=0.0657597 dex_buy=0.0657766 | spread_a=-6.1bps spread_b=0.5bps | min=30.0bps
2026-05-09 17:41:32,614 | INFO | fetch_order_book: symbol=CHIP/USDC limit=20
2026-05-09 17:41:32,877 | INFO | fetch_order_book: mid=0.06579 spread=3.04bps bids=20 asks=20
2026-05-09 17:41:33,811 | INFO | SPREAD | pair=CHIP/USDC | cex=0.06578/0.0658 | dex_sell=0.0657597 dex_buy=0.0657766 | spread_a=-6.1bps spread_b=0.5bps | min=30.0bps
2026-05-09 17:41:34,814 | INFO | fetch_order_book: symbol=CHIP/USDC limit=20
2026-05-09 17:41:35,106 | INFO | fetch_order_book: mid=0.065805 spread=7.60bps bids=20 asks=20
2026-05-09 17:41:36,024 | INFO | SPREAD | pair=CHIP/USDC | cex=0.06578/0.06583 | dex_sell=0.0657597 dex_buy=0.0657766 | spread_a=-10.7bps spread_b=0.5bps | min=30.0bps
2026-05-09 17:41:37,026 | INFO | fetch_order_book: symbol=CHIP/USDC limit=20
2026-05-09 17:41:37,380 | INFO | fetch_order_book: mid=0.065805 spread=7.60bps bids=20 asks=20
2026-05-09 17:41:38,286 | INFO | SPREAD | pair=CHIP/USDC | cex=0.06578/0.06583 | dex_sell=0.0657597 dex_buy=0.0657766 | spread_a=-10.7bps spread_b=0.5bps | min=30.0bps
2026-05-09 17:41:39,288 | INFO | fetch_order_book: symbol=CHIP/USDC limit=20
2026-05-09 17:41:39,555 | INFO | fetch_order_book: mid=0.065805 spread=7.60bps bids=20 asks=20
2026-05-09 17:41:40,455 | INFO | SPREAD | pair=CHIP/USDC | cex=0.06578/0.06583 | dex_sell=0.0657597 dex_buy=0.0657766 | spread_a=-10.7bps spread_b=0.5bps | min=30.0bps
2026-05-09 17:41:41,456 | INFO | fetch_order_book: symbol=CHIP/USDC limit=20
2026-05-09 17:41:41,717 | INFO | fetch_order_book: mid=0.065805 spread=7.60bps bids=20 asks=20
2026-05-09 17:41:42,621 | INFO | SPREAD | pair=CHIP/USDC | cex=0.06578/0.06583 | dex_sell=0.0657597 dex_buy=0.0657766 | spread_a=-10.7bps spread_b=0.5bps | min=30.0bps
2026-05-09 17:41:43,624 | INFO | fetch_order_book: symbol=CHIP/USDC limit=20
2026-05-09 17:41:43,885 | INFO | fetch_order_book: mid=0.065805 spread=7.60bps bids=20 asks=20
2026-05-09 17:41:44,775 | INFO | SPREAD | pair=CHIP/USDC | cex=0.06578/0.06583 | dex_sell=0.0657597 dex_buy=0.0657766 | spread_a=-10.7bps spread_b=0.5bps | min=30.0bps
2026-05-09 17:41:45,776 | INFO | fetch_order_book: symbol=CHIP/USDC limit=20
2026-05-09 17:41:46,100 | INFO | fetch_order_book: mid=0.065805 spread=7.60bps bids=20 asks=20
2026-05-09 17:41:47,025 | INFO | SPREAD | pair=CHIP/USDC | cex=0.06578/0.06583 | dex_sell=0.0657597 dex_buy=0.0657766 | spread_a=-10.7bps spread_b=0.5bps | min=30.0bps
2026-05-09 17:41:48,027 | INFO | fetch_order_book: symbol=CHIP/USDC limit=20
2026-05-09 17:41:48,289 | INFO | fetch_order_book: mid=0.065805 spread=7.60bps bids=20 asks=20
2026-05-09 17:41:49,195 | INFO | SPREAD | pair=CHIP/USDC | cex=0.06578/0.06583 | dex_sell=0.0657597 dex_buy=0.0657766 | spread_a=-10.7bps spread_b=0.5bps | min=30.0bps
2026-05-09 17:41:50,197 | INFO | fetch_order_book: symbol=CHIP/USDC limit=20
2026-05-09 17:41:50,454 | INFO | fetch_order_book: mid=0.06581 spread=9.12bps bids=20 asks=20
2026-05-09 17:41:51,374 | INFO | SPREAD | pair=CHIP/USDC | cex=0.06578/0.06584 | dex_sell=0.0657597 dex_buy=0.0658066 | spread_a=-12.2bps spread_b=-4.0bps | min=30.0bps
2026-05-09 17:41:52,376 | INFO | fetch_order_book: symbol=CHIP/USDC limit=20
2026-05-09 17:41:52,761 | INFO | fetch_order_book: mid=0.06582 spread=6.08bps bids=20 asks=20
2026-05-09 17:41:53,672 | INFO | SPREAD | pair=CHIP/USDC | cex=0.0658/0.06584 | dex_sell=0.0658197 dex_buy=0.0658366 | spread_a=-3.1bps spread_b=-5.6bps | min=30.0bps
2026-05-09 17:41:54,674 | INFO | fetch_order_book: symbol=CHIP/USDC limit=20
2026-05-09 17:41:55,038 | INFO | fetch_order_book: mid=0.06582 spread=6.08bps bids=20 asks=20
2026-05-09 17:41:55,939 | INFO | SPREAD | pair=CHIP/USDC | cex=0.0658/0.06584 | dex_sell=0.0658197 dex_buy=0.0658366 | spread_a=-3.1bps spread_b=-5.6bps | min=30.0bps
2026-05-09 17:41:56,941 | INFO | fetch_order_book: symbol=CHIP/USDC limit=20
2026-05-09 17:41:57,260 | INFO | fetch_order_book: mid=0.06582 spread=6.08bps bids=20 asks=20
2026-05-09 17:41:58,183 | INFO | SPREAD | pair=CHIP/USDC | cex=0.0658/0.06584 | dex_sell=0.0658197 dex_buy=0.0658366 | spread_a=-3.1bps spread_b=-5.6bps | min=30.0bps
2026-05-09 17:41:59,185 | INFO | fetch_order_book: symbol=CHIP/USDC limit=20
2026-05-09 17:41:59,449 | INFO | fetch_order_book: mid=0.065835 spread=1.52bps bids=20 asks=20
2026-05-09 17:42:00,336 | INFO | SPREAD | pair=CHIP/USDC | cex=0.06583/0.06584 | dex_sell=0.0658197 dex_buy=0.0658366 | spread_a=-3.1bps spread_b=-1.0bps | min=30.0bps
2026-05-09 17:42:01,338 | INFO | fetch_order_book: symbol=CHIP/USDC limit=20
2026-05-09 17:42:01,670 | INFO | fetch_order_book: mid=0.06585 spread=3.04bps bids=20 asks=20
2026-05-09 17:42:02,588 | INFO | SPREAD | pair=CHIP/USDC | cex=0.06584/0.06586 | dex_sell=0.0658197 dex_buy=0.0658366 | spread_a=-6.1bps spread_b=0.5bps | min=30.0bps
2026-05-09 17:42:03,592 | INFO | fetch_order_book: symbol=CHIP/USDC limit=20
2026-05-09 17:42:03,866 | INFO | fetch_order_book: mid=0.06585 spread=3.04bps bids=20 asks=20
2026-05-09 17:42:04,744 | INFO | SPREAD | pair=CHIP/USDC | cex=0.06584/0.06586 | dex_sell=0.0658494 dex_buy=0.0658664 | spread_a=-1.6bps spread_b=-4.0bps | min=30.0bps
2026-05-09 17:42:05,747 | INFO | fetch_order_book: symbol=CHIP/USDC limit=20
2026-05-09 17:42:06,005 | INFO | fetch_order_book: mid=0.06589 spread=3.04bps bids=20 asks=20
2026-05-09 17:42:06,926 | INFO | SPREAD | pair=CHIP/USDC | cex=0.06588/0.0659 | dex_sell=0.0658795 dex_buy=0.0658964 | spread_a=-3.1bps spread_b=-2.5bps | min=30.0bps
2026-05-09 17:42:07,928 | INFO | fetch_order_book: symbol=CHIP/USDC limit=20
2026-05-09 17:42:08,185 | INFO | fetch_order_book: mid=0.065905 spread=4.55bps bids=20 asks=20
2026-05-09 17:42:09,069 | INFO | SPREAD | pair=CHIP/USDC | cex=0.06589/0.06592 | dex_sell=0.0658795 dex_buy=0.0658964 | spread_a=-6.1bps spread_b=-1.0bps | min=30.0bps
2026-05-09 17:42:10,072 | INFO | fetch_order_book: symbol=CHIP/USDC limit=20
2026-05-09 17:42:10,381 | INFO | fetch_order_book: mid=0.06591 spread=3.03bps bids=20 asks=20
2026-05-09 17:42:11,250 | INFO | SPREAD | pair=CHIP/USDC | cex=0.0659/0.06592 | dex_sell=0.0658795 dex_buy=0.0658964 | spread_a=-6.1bps spread_b=0.5bps | min=30.0bps
2026-05-09 17:42:12,253 | INFO | fetch_order_book: symbol=CHIP/USDC limit=20
2026-05-09 17:42:12,621 | INFO | fetch_order_book: mid=0.06591 spread=3.03bps bids=20 asks=20
2026-05-09 17:42:13,553 | INFO | SPREAD | pair=CHIP/USDC | cex=0.0659/0.06592 | dex_sell=0.0658795 dex_buy=0.0658964 | spread_a=-6.1bps spread_b=0.5bps | min=30.0bps
2026-05-09 17:42:14,556 | INFO | fetch_order_book: symbol=CHIP/USDC limit=20
2026-05-09 17:42:14,816 | INFO | fetch_order_book: mid=0.06591 spread=3.03bps bids=20 asks=20
2026-05-09 17:42:15,736 | INFO | SPREAD | pair=CHIP/USDC | cex=0.0659/0.06592 | dex_sell=0.0658795 dex_buy=0.0658964 | spread_a=-6.1bps spread_b=0.5bps | min=30.0bps
2026-05-09 17:42:16,739 | INFO | fetch_order_book: symbol=CHIP/USDC limit=20
2026-05-09 17:42:16,995 | INFO | fetch_order_book: mid=0.065925 spread=4.55bps bids=20 asks=20
2026-05-09 17:42:17,923 | INFO | SPREAD | pair=CHIP/USDC | cex=0.06591/0.06594 | dex_sell=0.0659095 dex_buy=0.0659265 | spread_a=-4.6bps spread_b=-2.5bps | min=30.0bps
2026-05-09 17:42:18,925 | INFO | fetch_order_book: symbol=CHIP/USDC limit=20
2026-05-09 17:42:19,186 | INFO | fetch_order_book: mid=0.065935 spread=1.52bps bids=20 asks=20
2026-05-09 17:42:20,084 | INFO | SPREAD | pair=CHIP/USDC | cex=0.06593/0.06594 | dex_sell=0.0659095 dex_buy=0.0659265 | spread_a=-4.6bps spread_b=0.5bps | min=30.0bps
2026-05-09 17:42:21,086 | INFO | fetch_order_book: symbol=CHIP/USDC limit=20
2026-05-09 17:42:21,432 | INFO | fetch_order_book: mid=0.06593 spread=6.07bps bids=20 asks=20
2026-05-09 17:42:22,364 | INFO | SPREAD | pair=CHIP/USDC | cex=0.06591/0.06595 | dex_sell=0.0659095 dex_buy=0.0659265 | spread_a=-6.1bps spread_b=-2.5bps | min=30.0bps
2026-05-09 17:42:23,367 | INFO | fetch_order_book: symbol=CHIP/USDC limit=20
2026-05-09 17:42:23,628 | INFO | fetch_order_book: mid=0.065905 spread=1.52bps bids=20 asks=20
2026-05-09 17:42:24,558 | INFO | SPREAD | pair=CHIP/USDC | cex=0.0659/0.06591 | dex_sell=0.0659095 dex_buy=0.0659264 | spread_a=-0.1bps spread_b=-4.0bps | min=30.0bps
2026-05-09 17:42:25,561 | INFO | fetch_order_book: symbol=CHIP/USDC limit=20
2026-05-09 17:42:25,829 | INFO | fetch_order_book: mid=0.065905 spread=7.59bps bids=20 asks=20
2026-05-09 17:42:26,713 | INFO | SPREAD | pair=CHIP/USDC | cex=0.06588/0.06593 | dex_sell=0.0659095 dex_buy=0.0659264 | spread_a=-3.1bps spread_b=-7.0bps | min=30.0bps
2026-05-09 17:42:27,716 | INFO | fetch_order_book: symbol=CHIP/USDC limit=20
2026-05-09 17:42:28,085 | INFO | fetch_order_book: mid=0.065915 spread=1.52bps bids=20 asks=20
2026-05-09 17:42:29,003 | INFO | SPREAD | pair=CHIP/USDC | cex=0.06591/0.06592 | dex_sell=0.0659095 dex_buy=0.0659264 | spread_a=-1.6bps spread_b=-2.5bps | min=30.0bps
2026-05-09 17:42:30,005 | INFO | fetch_order_book: symbol=CHIP/USDC limit=20
2026-05-09 17:42:30,341 | INFO | fetch_order_book: mid=0.065925 spread=1.52bps bids=20 asks=20
2026-05-09 17:42:31,261 | INFO | SPREAD | pair=CHIP/USDC | cex=0.06592/0.06593 | dex_sell=0.0659095 dex_buy=0.0659265 | spread_a=-3.1bps spread_b=-1.0bps | min=30.0bps
2026-05-09 17:42:32,264 | INFO | fetch_order_book: symbol=CHIP/USDC limit=20
2026-05-09 17:42:32,593 | INFO | fetch_order_book: mid=0.06590 spread=9.10bps bids=20 asks=20
2026-05-09 17:42:33,496 | INFO | SPREAD | pair=CHIP/USDC | cex=0.06587/0.06593 | dex_sell=0.0659095 dex_buy=0.0659265 | spread_a=-3.1bps spread_b=-8.6bps | min=30.0bps
2026-05-09 17:42:34,499 | INFO | fetch_order_book: symbol=CHIP/USDC limit=20
2026-05-09 17:42:34,754 | INFO | fetch_order_book: mid=0.065905 spread=7.59bps bids=20 asks=20
2026-05-09 17:42:35,720 | INFO | SPREAD | pair=CHIP/USDC | cex=0.06588/0.06593 | dex_sell=0.0658534 dex_buy=0.0658965 | spread_a=-11.6bps spread_b=-2.5bps | min=30.0bps
2026-05-09 17:42:36,722 | INFO | fetch_order_book: symbol=CHIP/USDC limit=20
2026-05-09 17:42:36,979 | INFO | fetch_order_book: mid=0.065905 spread=7.59bps bids=20 asks=20
2026-05-09 17:42:37,900 | INFO | SPREAD | pair=CHIP/USDC | cex=0.06588/0.06593 | dex_sell=0.0659096 dex_buy=0.0659265 | spread_a=-3.1bps spread_b=-7.1bps | min=30.0bps
2026-05-09 17:42:38,903 | INFO | fetch_order_book: symbol=CHIP/USDC limit=20
2026-05-09 17:42:39,157 | INFO | fetch_order_book: mid=0.065905 spread=7.59bps bids=20 asks=20
2026-05-09 17:42:40,067 | INFO | SPREAD | pair=CHIP/USDC | cex=0.06588/0.06593 | dex_sell=0.0659096 dex_buy=0.0659265 | spread_a=-3.1bps spread_b=-7.1bps | min=30.0bps
2026-05-09 17:42:41,069 | INFO | fetch_order_book: symbol=CHIP/USDC limit=20
2026-05-09 17:42:41,326 | INFO | fetch_order_book: mid=0.06591 spread=6.07bps bids=20 asks=20
2026-05-09 17:42:42,259 | INFO | SPREAD | pair=CHIP/USDC | cex=0.06589/0.06593 | dex_sell=0.0659096 dex_buy=0.0659265 | spread_a=-3.1bps spread_b=-5.5bps | min=30.0bps
2026-05-09 17:42:43,261 | INFO | fetch_order_book: symbol=CHIP/USDC limit=20
2026-05-09 17:42:43,651 | INFO | fetch_order_book: mid=0.065925 spread=4.55bps bids=20 asks=20
2026-05-09 17:42:44,573 | INFO | SPREAD | pair=CHIP/USDC | cex=0.06591/0.06594 | dex_sell=0.0659096 dex_buy=0.0659265 | spread_a=-4.6bps spread_b=-2.5bps | min=30.0bps
2026-05-09 17:42:45,576 | INFO | fetch_order_book: symbol=CHIP/USDC limit=20
2026-05-09 17:42:45,837 | INFO | fetch_order_book: mid=0.06592 spread=6.07bps bids=20 asks=20
2026-05-09 17:42:46,736 | INFO | SPREAD | pair=CHIP/USDC | cex=0.0659/0.06594 | dex_sell=0.0659096 dex_buy=0.0659265 | spread_a=-4.6bps spread_b=-4.0bps | min=30.0bps
2026-05-09 17:42:47,739 | INFO | fetch_order_book: symbol=CHIP/USDC limit=20
2026-05-09 17:42:48,080 | INFO | fetch_order_book: mid=0.065915 spread=4.55bps bids=20 asks=20
2026-05-09 17:42:48,980 | INFO | SPREAD | pair=CHIP/USDC | cex=0.0659/0.06593 | dex_sell=0.0659096 dex_buy=0.0659265 | spread_a=-3.1bps spread_b=-4.0bps | min=30.0bps
2026-05-09 17:42:49,983 | INFO | fetch_order_book: symbol=CHIP/USDC limit=20
2026-05-09 17:42:50,241 | INFO | fetch_order_book: mid=0.06595 spread=3.03bps bids=20 asks=20
2026-05-09 17:42:51,201 | INFO | SPREAD | pair=CHIP/USDC | cex=0.06594/0.06596 | dex_sell=0.0659096 dex_buy=0.0659265 | spread_a=-7.6bps spread_b=2.0bps | min=30.0bps
2026-05-09 17:42:52,204 | INFO | fetch_order_book: symbol=CHIP/USDC limit=20
2026-05-09 17:42:52,466 | INFO | fetch_order_book: mid=0.06595 spread=3.03bps bids=20 asks=20
2026-05-09 17:42:53,362 | INFO | SPREAD | pair=CHIP/USDC | cex=0.06594/0.06596 | dex_sell=0.0659096 dex_buy=0.0659265 | spread_a=-7.6bps spread_b=2.0bps | min=30.0bps
2026-05-09 17:42:54,365 | INFO | fetch_order_book: symbol=CHIP/USDC limit=20
2026-05-09 17:42:54,621 | INFO | fetch_order_book: mid=0.06595 spread=3.03bps bids=20 asks=20
2026-05-09 17:42:55,559 | INFO | SPREAD | pair=CHIP/USDC | cex=0.06594/0.06596 | dex_sell=0.0659096 dex_buy=0.0659265 | spread_a=-7.6bps spread_b=2.0bps | min=30.0bps
2026-05-09 17:42:56,561 | INFO | fetch_order_book: symbol=CHIP/USDC limit=20
2026-05-09 17:42:56,821 | INFO | fetch_order_book: mid=0.065925 spread=4.55bps bids=20 asks=20
2026-05-09 17:42:57,743 | INFO | SPREAD | pair=CHIP/USDC | cex=0.06591/0.06594 | dex_sell=0.0659096 dex_buy=0.0659265 | spread_a=-4.6bps spread_b=-2.5bps | min=30.0bps
2026-05-09 17:42:58,744 | INFO | fetch_order_book: symbol=CHIP/USDC limit=20
2026-05-09 17:42:59,117 | INFO | fetch_order_book: mid=0.06593 spread=6.07bps bids=20 asks=20
2026-05-09 17:43:00,025 | INFO | SPREAD | pair=CHIP/USDC | cex=0.06591/0.06595 | dex_sell=0.0659096 dex_buy=0.0659265 | spread_a=-6.1bps spread_b=-2.5bps | min=30.0bps
2026-05-09 17:43:01,027 | INFO | fetch_order_book: symbol=CHIP/USDC limit=20
2026-05-09 17:43:01,289 | INFO | fetch_order_book: mid=0.065905 spread=1.52bps bids=20 asks=20
2026-05-09 17:43:02,177 | INFO | SPREAD | pair=CHIP/USDC | cex=0.0659/0.06591 | dex_sell=0.0659096 dex_buy=0.0659265 | spread_a=-0.1bps spread_b=-4.0bps | min=30.0bps
2026-05-09 17:43:03,179 | INFO | fetch_order_book: symbol=CHIP/USDC limit=20
2026-05-09 17:43:03,521 | INFO | fetch_order_book: mid=0.065885 spread=1.52bps bids=20 asks=20
2026-05-09 17:43:04,443 | INFO | SPREAD | pair=CHIP/USDC | cex=0.06588/0.06589 | dex_sell=0.0659096 dex_buy=0.0659265 | spread_a=3.0bps spread_b=-7.1bps | min=30.0bps
2026-05-09 17:43:05,445 | INFO | fetch_order_book: symbol=CHIP/USDC limit=20
2026-05-09 17:43:05,779 | INFO | fetch_order_book: mid=0.065925 spread=1.52bps bids=20 asks=20
2026-05-09 17:43:06,729 | INFO | SPREAD | pair=CHIP/USDC | cex=0.06592/0.06593 | dex_sell=0.0659396 dex_buy=0.0659566 | spread_a=1.5bps spread_b=-5.5bps | min=30.0bps
2026-05-09 17:43:07,732 | INFO | fetch_order_book: symbol=CHIP/USDC limit=20
2026-05-09 17:43:08,129 | INFO | fetch_order_book: mid=0.065925 spread=1.52bps bids=20 asks=20
2026-05-09 17:43:08,996 | INFO | SPREAD | pair=CHIP/USDC | cex=0.06592/0.06593 | dex_sell=0.0659396 dex_buy=0.0659566 | spread_a=1.5bps spread_b=-5.5bps | min=30.0bps
2026-05-09 17:43:09,998 | INFO | fetch_order_book: symbol=CHIP/USDC limit=20
2026-05-09 17:43:10,256 | INFO | fetch_order_book: mid=0.065955 spread=1.52bps bids=20 asks=20
2026-05-09 17:43:11,256 | INFO | SPREAD | pair=CHIP/USDC | cex=0.06595/0.06596 | dex_sell=0.0659396 dex_buy=0.0659566 | spread_a=-3.1bps spread_b=-1.0bps | min=30.0bps
2026-05-09 17:43:12,259 | INFO | fetch_order_book: symbol=CHIP/USDC limit=20
2026-05-09 17:43:12,631 | INFO | fetch_order_book: mid=0.06597 spread=3.03bps bids=20 asks=20
2026-05-09 17:43:13,553 | INFO | SPREAD | pair=CHIP/USDC | cex=0.06596/0.06598 | dex_sell=0.0659697 dex_buy=0.0659866 | spread_a=-1.6bps spread_b=-4.0bps | min=30.0bps
2026-05-09 17:43:14,555 | INFO | fetch_order_book: symbol=CHIP/USDC limit=20
2026-05-09 17:43:14,814 | INFO | fetch_order_book: mid=0.065965 spread=1.52bps bids=20 asks=20
2026-05-09 17:43:15,746 | INFO | SPREAD | pair=CHIP/USDC | cex=0.06596/0.06597 | dex_sell=0.0659697 dex_buy=0.0659866 | spread_a=-0.0bps spread_b=-4.0bps | min=30.0bps
2026-05-09 17:43:16,748 | INFO | fetch_order_book: symbol=CHIP/USDC limit=20
2026-05-09 17:43:17,076 | INFO | fetch_order_book: mid=0.065955 spread=1.52bps bids=20 asks=20
2026-05-09 17:43:18,040 | INFO | SPREAD | pair=CHIP/USDC | cex=0.06595/0.06596 | dex_sell=0.0659697 dex_buy=0.0659866 | spread_a=1.5bps spread_b=-5.6bps | min=30.0bps
2026-05-09 17:43:19,043 | INFO | fetch_order_book: symbol=CHIP/USDC limit=20
2026-05-09 17:43:19,341 | INFO | fetch_order_book: mid=0.065905 spread=1.52bps bids=20 asks=20
2026-05-09 17:43:20,302 | INFO | SPREAD | pair=CHIP/USDC | cex=0.0659/0.06591 | dex_sell=0.0659135 dex_buy=0.0659305 | spread_a=0.5bps spread_b=-4.6bps | min=30.0bps
2026-05-09 17:43:21,305 | INFO | fetch_order_book: symbol=CHIP/USDC limit=20
2026-05-09 17:43:21,562 | INFO | fetch_order_book: mid=0.065905 spread=1.52bps bids=20 asks=20
2026-05-09 17:43:22,471 | INFO | SPREAD | pair=CHIP/USDC | cex=0.0659/0.06591 | dex_sell=0.0659135 dex_buy=0.0659305 | spread_a=0.5bps spread_b=-4.6bps | min=30.0bps
2026-05-09 17:43:23,473 | INFO | fetch_order_book: symbol=CHIP/USDC limit=20
2026-05-09 17:43:23,794 | INFO | fetch_order_book: mid=0.065905 spread=1.52bps bids=20 asks=20
2026-05-09 17:43:24,723 | INFO | SPREAD | pair=CHIP/USDC | cex=0.0659/0.06591 | dex_sell=0.0659135 dex_buy=0.0659305 | spread_a=0.5bps spread_b=-4.6bps | min=30.0bps
2026-05-09 17:43:25,726 | INFO | fetch_order_book: symbol=CHIP/USDC limit=20
2026-05-09 17:43:25,985 | INFO | fetch_order_book: mid=0.065905 spread=1.52bps bids=20 asks=20
2026-05-09 17:43:26,874 | INFO | SPREAD | pair=CHIP/USDC | cex=0.0659/0.06591 | dex_sell=0.0659135 dex_buy=0.0659305 | spread_a=0.5bps spread_b=-4.6bps | min=30.0bps
2026-05-09 17:43:27,877 | INFO | fetch_order_book: symbol=CHIP/USDC limit=20
2026-05-09 17:43:28,268 | INFO | fetch_order_book: mid=0.065905 spread=1.52bps bids=20 asks=20
2026-05-09 17:43:29,136 | INFO | SPREAD | pair=CHIP/USDC | cex=0.0659/0.06591 | dex_sell=0.0659135 dex_buy=0.0659305 | spread_a=0.5bps spread_b=-4.6bps | min=30.0bps
2026-05-09 17:43:30,139 | INFO | fetch_order_book: symbol=CHIP/USDC limit=20
2026-05-09 17:43:30,404 | INFO | fetch_order_book: mid=0.065905 spread=1.52bps bids=20 asks=20
2026-05-09 17:43:31,334 | INFO | SPREAD | pair=CHIP/USDC | cex=0.0659/0.06591 | dex_sell=0.0659135 dex_buy=0.0659305 | spread_a=0.5bps spread_b=-4.6bps | min=30.0bps
2026-05-09 17:43:32,337 | INFO | fetch_order_book: symbol=CHIP/USDC limit=20
2026-05-09 17:43:32,701 | INFO | fetch_order_book: mid=0.065905 spread=1.52bps bids=20 asks=20
2026-05-09 17:43:33,622 | INFO | SPREAD | pair=CHIP/USDC | cex=0.0659/0.06591 | dex_sell=0.0659135 dex_buy=0.0659305 | spread_a=0.5bps spread_b=-4.6bps | min=30.0bps
2026-05-09 17:43:34,625 | INFO | fetch_order_book: symbol=CHIP/USDC limit=20
2026-05-09 17:43:34,884 | INFO | fetch_order_book: mid=0.065945 spread=1.52bps bids=20 asks=20
2026-05-09 17:43:35,773 | INFO | SPREAD | pair=CHIP/USDC | cex=0.06594/0.06595 | dex_sell=0.0659397 dex_buy=0.0659566 | spread_a=-1.6bps spread_b=-2.5bps | min=30.0bps
2026-05-09 17:43:36,775 | INFO | fetch_order_book: symbol=CHIP/USDC limit=20
2026-05-09 17:43:37,037 | INFO | fetch_order_book: mid=0.065985 spread=1.52bps bids=20 asks=20
2026-05-09 17:43:37,953 | INFO | SPREAD | pair=CHIP/USDC | cex=0.06598/0.06599 | dex_sell=0.0659694 dex_buy=0.0659864 | spread_a=-3.1bps spread_b=-1.0bps | min=30.0bps
2026-05-09 17:43:38,955 | INFO | fetch_order_book: symbol=CHIP/USDC limit=20
2026-05-09 17:43:39,214 | INFO | fetch_order_book: mid=0.06596 spread=6.06bps bids=20 asks=20
2026-05-09 17:43:40,131 | INFO | SPREAD | pair=CHIP/USDC | cex=0.06594/0.06598 | dex_sell=0.0659694 dex_buy=0.0659605 | spread_a=-1.6bps spread_b=-3.1bps | min=30.0bps
2026-05-09 17:43:41,134 | INFO | fetch_order_book: symbol=CHIP/USDC limit=20
2026-05-09 17:43:41,611 | INFO | fetch_order_book: mid=0.065935 spread=1.52bps bids=20 asks=20
2026-05-09 17:43:42,530 | INFO | SPREAD | pair=CHIP/USDC | cex=0.06593/0.06594 | dex_sell=0.0659435 dex_buy=0.0659605 | spread_a=0.5bps spread_b=-4.6bps | min=30.0bps
2026-05-09 17:43:43,532 | INFO | fetch_order_book: symbol=CHIP/USDC limit=20
2026-05-09 17:43:43,791 | INFO | fetch_order_book: mid=0.06593 spread=3.03bps bids=20 asks=20
2026-05-09 17:43:44,709 | INFO | SPREAD | pair=CHIP/USDC | cex=0.06592/0.06594 | dex_sell=0.0659435 dex_buy=0.0659605 | spread_a=0.5bps spread_b=-6.1bps | min=30.0bps
2026-05-09 17:43:45,711 | INFO | fetch_order_book: symbol=CHIP/USDC limit=20
2026-05-09 17:43:46,220 | INFO | fetch_order_book: mid=0.06596 spread=6.06bps bids=20 asks=20
2026-05-09 17:43:47,159 | INFO | SPREAD | pair=CHIP/USDC | cex=0.06594/0.06598 | dex_sell=0.0659435 dex_buy=0.0659605 | spread_a=-5.5bps spread_b=-3.1bps | min=30.0bps
2026-05-09 17:43:48,161 | INFO | fetch_order_book: symbol=CHIP/USDC limit=20
2026-05-09 17:43:48,428 | INFO | fetch_order_book: mid=0.065945 spread=4.55bps bids=20 asks=20
2026-05-09 17:43:49,303 | INFO | SPREAD | pair=CHIP/USDC | cex=0.06593/0.06596 | dex_sell=0.0659435 dex_buy=0.0659605 | spread_a=-2.5bps spread_b=-4.6bps | min=30.0bps
2026-05-09 17:43:50,305 | INFO | fetch_order_book: symbol=CHIP/USDC limit=20
2026-05-09 17:43:50,628 | INFO | fetch_order_book: mid=0.06595 spread=3.03bps bids=20 asks=20
2026-05-09 17:43:51,498 | INFO | SPREAD | pair=CHIP/USDC | cex=0.06594/0.06596 | dex_sell=0.0659435 dex_buy=0.0659605 | spread_a=-2.5bps spread_b=-3.1bps | min=30.0bps
2026-05-09 17:43:52,501 | INFO | fetch_order_book: symbol=CHIP/USDC limit=20
2026-05-09 17:43:52,841 | INFO | fetch_order_book: mid=0.06596 spread=6.06bps bids=20 asks=20
2026-05-09 17:43:53,770 | INFO | SPREAD | pair=CHIP/USDC | cex=0.06594/0.06598 | dex_sell=0.0659435 dex_buy=0.0659605 | spread_a=-5.5bps spread_b=-3.1bps | min=30.0bps
2026-05-09 17:43:54,772 | INFO | fetch_order_book: symbol=CHIP/USDC limit=20
2026-05-09 17:43:55,028 | INFO | fetch_order_book: mid=0.06597 spread=3.03bps bids=20 asks=20
2026-05-09 17:43:55,919 | INFO | SPREAD | pair=CHIP/USDC | cex=0.06596/0.06598 | dex_sell=0.0659435 dex_buy=0.0659605 | spread_a=-5.5bps spread_b=-0.1bps | min=30.0bps
2026-05-09 17:43:56,921 | INFO | fetch_order_book: symbol=CHIP/USDC limit=20
2026-05-09 17:43:57,301 | INFO | fetch_order_book: mid=0.06597 spread=3.03bps bids=20 asks=20
2026-05-09 17:43:58,218 | INFO | SPREAD | pair=CHIP/USDC | cex=0.06596/0.06598 | dex_sell=0.0659435 dex_buy=0.0659605 | spread_a=-5.5bps spread_b=-0.1bps | min=30.0bps
2026-05-09 17:43:59,221 | INFO | fetch_order_book: symbol=CHIP/USDC limit=20
2026-05-09 17:43:59,530 | INFO | fetch_order_book: mid=0.06597 spread=3.03bps bids=20 asks=20
2026-05-09 17:44:00,457 | INFO | SPREAD | pair=CHIP/USDC | cex=0.06596/0.06598 | dex_sell=0.0659435 dex_buy=0.0659605 | spread_a=-5.5bps spread_b=-0.1bps | min=30.0bps
2026-05-09 17:44:01,459 | INFO | fetch_order_book: symbol=CHIP/USDC limit=20
2026-05-09 17:44:01,719 | INFO | fetch_order_book: mid=0.06597 spread=3.03bps bids=20 asks=20
2026-05-09 17:44:02,656 | INFO | SPREAD | pair=CHIP/USDC | cex=0.06596/0.06598 | dex_sell=0.0659435 dex_buy=0.0659605 | spread_a=-5.5bps spread_b=-0.1bps | min=30.0bps
2026-05-09 17:44:03,658 | INFO | fetch_order_book: symbol=CHIP/USDC limit=20
2026-05-09 17:44:03,916 | INFO | fetch_order_book: mid=0.06597 spread=3.03bps bids=20 asks=20
2026-05-09 17:44:04,742 | INFO | SPREAD | pair=CHIP/USDC | cex=0.06596/0.06598 | dex_sell=0.0659435 dex_buy=0.0659605 | spread_a=-5.5bps spread_b=-0.1bps | min=30.0bps
2026-05-09 17:44:05,745 | INFO | fetch_order_book: symbol=CHIP/USDC limit=20
2026-05-09 17:44:06,105 | INFO | fetch_order_book: mid=0.06598 spread=6.06bps bids=20 asks=20
2026-05-09 17:44:07,002 | INFO | SPREAD | pair=CHIP/USDC | cex=0.06596/0.066 | dex_sell=0.0659694 dex_buy=0.0659864 | spread_a=-4.6bps spread_b=-4.0bps | min=30.0bps
2026-05-09 17:44:08,005 | INFO | fetch_order_book: symbol=CHIP/USDC limit=20
2026-05-09 17:44:08,264 | INFO | fetch_order_book: mid=0.065975 spread=4.55bps bids=20 asks=20
2026-05-09 17:44:09,126 | INFO | SPREAD | pair=CHIP/USDC | cex=0.06596/0.06599 | dex_sell=0.0659694 dex_buy=0.0659864 | spread_a=-3.1bps spread_b=-4.0bps | min=30.0bps
2026-05-09 17:44:10,129 | INFO | fetch_order_book: symbol=CHIP/USDC limit=20
2026-05-09 17:44:10,385 | INFO | fetch_order_book: mid=0.06596 spread=3.03bps bids=20 asks=20
2026-05-09 17:44:11,272 | INFO | SPREAD | pair=CHIP/USDC | cex=0.06595/0.06597 | dex_sell=0.0659435 dex_buy=0.0659605 | spread_a=-4.0bps spread_b=-1.6bps | min=30.0bps
2026-05-09 17:44:12,275 | INFO | fetch_order_book: symbol=CHIP/USDC limit=20
2026-05-09 17:44:12,532 | INFO | fetch_order_book: mid=0.065975 spread=1.52bps bids=20 asks=20
2026-05-09 17:44:13,462 | INFO | SPREAD | pair=CHIP/USDC | cex=0.06597/0.06598 | dex_sell=0.0659435 dex_buy=0.0659605 | spread_a=-5.5bps spread_b=1.4bps | min=30.0bps
2026-05-09 17:44:14,465 | INFO | fetch_order_book: symbol=CHIP/USDC limit=20
2026-05-09 17:44:14,723 | INFO | fetch_order_book: mid=0.06597 spread=3.03bps bids=20 asks=20
2026-05-09 17:44:15,610 | INFO | SPREAD | pair=CHIP/USDC | cex=0.06596/0.06598 | dex_sell=0.0659435 dex_buy=0.0659605 | spread_a=-5.5bps spread_b=-0.1bps | min=30.0bps
2026-05-09 17:44:16,612 | INFO | fetch_order_book: symbol=CHIP/USDC limit=20
2026-05-09 17:44:16,884 | INFO | fetch_order_book: mid=0.06597 spread=3.03bps bids=20 asks=20
2026-05-09 17:44:17,731 | INFO | SPREAD | pair=CHIP/USDC | cex=0.06596/0.06598 | dex_sell=0.0659435 dex_buy=0.0659605 | spread_a=-5.5bps spread_b=-0.1bps | min=30.0bps
2026-05-09 17:44:18,734 | INFO | fetch_order_book: symbol=CHIP/USDC limit=20
2026-05-09 17:44:18,996 | INFO | fetch_order_book: mid=0.06597 spread=3.03bps bids=20 asks=20
2026-05-09 17:44:19,856 | INFO | SPREAD | pair=CHIP/USDC | cex=0.06596/0.06598 | dex_sell=0.0659435 dex_buy=0.0659605 | spread_a=-5.5bps spread_b=-0.1bps | min=30.0bps
2026-05-09 17:44:20,858 | INFO | fetch_order_book: symbol=CHIP/USDC limit=20
2026-05-09 17:44:21,239 | INFO | fetch_order_book: mid=0.06597 spread=3.03bps bids=20 asks=20
2026-05-09 17:44:22,257 | INFO | SPREAD | pair=CHIP/USDC | cex=0.06596/0.06598 | dex_sell=0.0659435 dex_buy=0.0659605 | spread_a=-5.5bps spread_b=-0.1bps | min=30.0bps
2026-05-09 17:44:23,260 | INFO | fetch_order_book: symbol=CHIP/USDC limit=20
2026-05-09 17:44:23,594 | INFO | fetch_order_book: mid=0.06597 spread=3.03bps bids=20 asks=20
2026-05-09 17:44:24,431 | INFO | SPREAD | pair=CHIP/USDC | cex=0.06596/0.06598 | dex_sell=0.0659435 dex_buy=0.0659605 | spread_a=-5.5bps spread_b=-0.1bps | min=30.0bps
2026-05-09 17:44:25,433 | INFO | fetch_order_book: symbol=CHIP/USDC limit=20
2026-05-09 17:44:25,691 | INFO | fetch_order_book: mid=0.06597 spread=3.03bps bids=20 asks=20
2026-05-09 17:44:26,533 | INFO | SPREAD | pair=CHIP/USDC | cex=0.06596/0.06598 | dex_sell=0.0659435 dex_buy=0.0659605 | spread_a=-5.5bps spread_b=-0.1bps | min=30.0bps
2026-05-09 17:44:27,536 | INFO | fetch_order_book: symbol=CHIP/USDC limit=20
2026-05-09 17:44:27,896 | INFO | fetch_order_book: mid=0.06595 spread=3.03bps bids=20 asks=20
2026-05-09 17:44:28,767 | INFO | SPREAD | pair=CHIP/USDC | cex=0.06594/0.06596 | dex_sell=0.0659435 dex_buy=0.0659605 | spread_a=-2.5bps spread_b=-3.1bps | min=30.0bps
2026-05-09 17:44:29,769 | INFO | fetch_order_book: symbol=CHIP/USDC limit=20
2026-05-09 17:44:30,037 | INFO | fetch_order_book: mid=0.06593 spread=3.03bps bids=20 asks=20
2026-05-09 17:44:30,988 | INFO | SPREAD | pair=CHIP/USDC | cex=0.06592/0.06594 | dex_sell=0.065915 dex_buy=0.065932 | spread_a=-3.8bps spread_b=-1.8bps | min=30.0bps
2026-05-09 17:44:31,991 | INFO | fetch_order_book: symbol=CHIP/USDC limit=20
2026-05-09 17:44:32,257 | INFO | fetch_order_book: mid=0.065945 spread=4.55bps bids=20 asks=20
2026-05-09 17:44:33,188 | INFO | SPREAD | pair=CHIP/USDC | cex=0.06593/0.06596 | dex_sell=0.065915 dex_buy=0.065932 | spread_a=-6.8bps spread_b=-0.3bps | min=30.0bps
2026-05-09 17:44:34,190 | INFO | fetch_order_book: symbol=CHIP/USDC limit=20
2026-05-09 17:44:34,449 | INFO | fetch_order_book: mid=0.06594 spread=3.03bps bids=20 asks=20
2026-05-09 17:44:35,330 | INFO | SPREAD | pair=CHIP/USDC | cex=0.06593/0.06595 | dex_sell=0.065915 dex_buy=0.065932 | spread_a=-5.3bps spread_b=-0.3bps | min=30.0bps
2026-05-09 17:44:36,332 | INFO | fetch_order_book: symbol=CHIP/USDC limit=20
2026-05-09 17:44:36,596 | INFO | fetch_order_book: mid=0.06594 spread=3.03bps bids=20 asks=20
2026-05-09 17:44:37,416 | INFO | SPREAD | pair=CHIP/USDC | cex=0.06593/0.06595 | dex_sell=0.065915 dex_buy=0.065932 | spread_a=-5.3bps spread_b=-0.3bps | min=30.0bps
2026-05-09 17:44:38,418 | INFO | fetch_order_book: symbol=CHIP/USDC limit=20
2026-05-09 17:44:38,752 | INFO | fetch_order_book: mid=0.065905 spread=1.52bps bids=20 asks=20
2026-05-09 17:44:39,629 | INFO | SPREAD | pair=CHIP/USDC | cex=0.0659/0.06591 | dex_sell=0.0658934 dex_buy=0.0659103 | spread_a=-2.5bps spread_b=-1.6bps | min=30.0bps
2026-05-09 17:44:40,631 | INFO | fetch_order_book: symbol=CHIP/USDC limit=20
2026-05-09 17:44:41,039 | INFO | fetch_order_book: mid=0.065885 spread=1.52bps bids=20 asks=20
2026-05-09 17:44:41,923 | INFO | SPREAD | pair=CHIP/USDC | cex=0.06588/0.06589 | dex_sell=0.0658934 dex_buy=0.0659103 | spread_a=0.5bps spread_b=-4.6bps | min=30.0bps
2026-05-09 17:44:42,926 | INFO | fetch_order_book: symbol=CHIP/USDC limit=20
2026-05-09 17:44:43,202 | INFO | fetch_order_book: mid=0.06590 spread=3.03bps bids=20 asks=20
2026-05-09 17:44:44,094 | INFO | SPREAD | pair=CHIP/USDC | cex=0.06589/0.06591 | dex_sell=0.0658934 dex_buy=0.0659103 | spread_a=-2.5bps spread_b=-3.1bps | min=30.0bps
2026-05-09 17:44:45,096 | INFO | fetch_order_book: symbol=CHIP/USDC limit=20
2026-05-09 17:44:45,356 | INFO | fetch_order_book: mid=0.06592 spread=6.07bps bids=20 asks=20
2026-05-09 17:44:46,298 | INFO | SPREAD | pair=CHIP/USDC | cex=0.0659/0.06594 | dex_sell=0.0658934 dex_buy=0.0659103 | spread_a=-7.1bps spread_b=-1.6bps | min=30.0bps
2026-05-09 17:44:47,300 | INFO | fetch_order_book: symbol=CHIP/USDC limit=20
2026-05-09 17:44:47,634 | INFO | fetch_order_book: mid=0.06589 spread=3.04bps bids=20 asks=20
2026-05-09 17:44:48,483 | INFO | SPREAD | pair=CHIP/USDC | cex=0.06588/0.0659 | dex_sell=0.0658934 dex_buy=0.0659103 | spread_a=-1.0bps spread_b=-4.6bps | min=30.0bps
2026-05-09 17:44:49,485 | INFO | fetch_order_book: symbol=CHIP/USDC limit=20
2026-05-09 17:44:49,746 | INFO | fetch_order_book: mid=0.06589 spread=3.04bps bids=20 asks=20
2026-05-09 17:44:50,605 | INFO | SPREAD | pair=CHIP/USDC | cex=0.06588/0.0659 | dex_sell=0.0658934 dex_buy=0.0659103 | spread_a=-1.0bps spread_b=-4.6bps | min=30.0bps
2026-05-09 17:44:51,608 | INFO | fetch_order_book: symbol=CHIP/USDC limit=20
2026-05-09 17:44:51,864 | INFO | fetch_order_book: mid=0.065885 spread=1.52bps bids=20 asks=20
2026-05-09 17:44:52,719 | INFO | SPREAD | pair=CHIP/USDC | cex=0.06588/0.06589 | dex_sell=0.0658934 dex_buy=0.0659103 | spread_a=0.5bps spread_b=-4.6bps | min=30.0bps
2026-05-09 17:44:53,721 | INFO | fetch_order_book: symbol=CHIP/USDC limit=20
2026-05-09 17:44:53,976 | INFO | fetch_order_book: mid=0.065885 spread=1.52bps bids=20 asks=20
2026-05-09 17:44:54,785 | INFO | SPREAD | pair=CHIP/USDC | cex=0.06588/0.06589 | dex_sell=0.0658934 dex_buy=0.0659103 | spread_a=0.5bps spread_b=-4.6bps | min=30.0bps
2026-05-09 17:44:55,787 | INFO | fetch_order_book: symbol=CHIP/USDC limit=20
2026-05-09 17:44:56,044 | INFO | fetch_order_book: mid=0.06591 spread=6.07bps bids=20 asks=20
2026-05-09 17:44:56,919 | INFO | SPREAD | pair=CHIP/USDC | cex=0.06589/0.06593 | dex_sell=0.0658934 dex_buy=0.0659103 | spread_a=-5.6bps spread_b=-3.1bps | min=30.0bps
2026-05-09 17:44:57,921 | INFO | fetch_order_book: symbol=CHIP/USDC limit=20
2026-05-09 17:44:58,181 | INFO | fetch_order_book: mid=0.06591 spread=6.07bps bids=20 asks=20
2026-05-09 17:44:59,056 | INFO | SPREAD | pair=CHIP/USDC | cex=0.06589/0.06593 | dex_sell=0.0658934 dex_buy=0.0659103 | spread_a=-5.6bps spread_b=-3.1bps | min=30.0bps
2026-05-09 17:45:00,058 | INFO | fetch_order_book: symbol=CHIP/USDC limit=20
2026-05-09 17:45:00,316 | INFO | fetch_order_book: mid=0.06591 spread=6.07bps bids=20 asks=20
2026-05-09 17:45:01,240 | INFO | SPREAD | pair=CHIP/USDC | cex=0.06589/0.06593 | dex_sell=0.0658934 dex_buy=0.0659103 | spread_a=-5.6bps spread_b=-3.1bps | min=30.0bps
2026-05-09 17:45:02,242 | INFO | fetch_order_book: symbol=CHIP/USDC limit=20
2026-05-09 17:45:02,508 | INFO | fetch_order_book: mid=0.06591 spread=6.07bps bids=20 asks=20
2026-05-09 17:45:03,394 | INFO | SPREAD | pair=CHIP/USDC | cex=0.06589/0.06593 | dex_sell=0.0658934 dex_buy=0.0659103 | spread_a=-5.6bps spread_b=-3.1bps | min=30.0bps
2026-05-09 17:45:04,397 | INFO | fetch_order_book: symbol=CHIP/USDC limit=20
2026-05-09 17:45:04,671 | INFO | fetch_order_book: mid=0.06591 spread=6.07bps bids=20 asks=20
2026-05-09 17:45:05,568 | INFO | SPREAD | pair=CHIP/USDC | cex=0.06589/0.06593 | dex_sell=0.0658934 dex_buy=0.0659103 | spread_a=-5.6bps spread_b=-3.1bps | min=30.0bps
2026-05-09 17:45:06,570 | INFO | fetch_order_book: symbol=CHIP/USDC limit=20
2026-05-09 17:45:06,826 | INFO | fetch_order_book: mid=0.06591 spread=6.07bps bids=20 asks=20
2026-05-09 17:45:07,709 | INFO | SPREAD | pair=CHIP/USDC | cex=0.06589/0.06593 | dex_sell=0.0658934 dex_buy=0.0659103 | spread_a=-5.6bps spread_b=-3.1bps | min=30.0bps
2026-05-09 17:45:08,712 | INFO | fetch_order_book: symbol=CHIP/USDC limit=20
2026-05-09 17:45:08,988 | INFO | fetch_order_book: mid=0.06590 spread=6.07bps bids=20 asks=20
2026-05-09 17:45:09,862 | INFO | SPREAD | pair=CHIP/USDC | cex=0.06588/0.06592 | dex_sell=0.0658934 dex_buy=0.0659103 | spread_a=-4.0bps spread_b=-4.6bps | min=30.0bps
2026-05-09 17:45:10,865 | INFO | fetch_order_book: symbol=CHIP/USDC limit=20
2026-05-09 17:45:11,127 | INFO | fetch_order_book: mid=0.06589 spread=6.07bps bids=20 asks=20
2026-05-09 17:45:11,997 | INFO | SPREAD | pair=CHIP/USDC | cex=0.06587/0.06591 | dex_sell=0.0658934 dex_buy=0.0659103 | spread_a=-2.5bps spread_b=-6.1bps | min=30.0bps
2026-05-09 17:45:13,000 | INFO | fetch_order_book: symbol=CHIP/USDC limit=20
2026-05-09 17:45:13,359 | INFO | fetch_order_book: mid=0.065905 spread=4.55bps bids=20 asks=20
2026-05-09 17:45:14,257 | INFO | SPREAD | pair=CHIP/USDC | cex=0.06589/0.06592 | dex_sell=0.0658934 dex_buy=0.0659103 | spread_a=-4.0bps spread_b=-3.1bps | min=30.0bps
2026-05-09 17:45:15,259 | INFO | fetch_order_book: symbol=CHIP/USDC limit=20
2026-05-09 17:45:15,621 | INFO | fetch_order_book: mid=0.065905 spread=4.55bps bids=20 asks=20
2026-05-09 17:45:16,548 | INFO | SPREAD | pair=CHIP/USDC | cex=0.06589/0.06592 | dex_sell=0.0658934 dex_buy=0.0659103 | spread_a=-4.0bps spread_b=-3.1bps | min=30.0bps
2026-05-09 17:45:17,551 | INFO | fetch_order_book: symbol=CHIP/USDC limit=20
2026-05-09 17:45:17,817 | INFO | fetch_order_book: mid=0.065905 spread=4.55bps bids=20 asks=20
2026-05-09 17:45:18,690 | INFO | SPREAD | pair=CHIP/USDC | cex=0.06589/0.06592 | dex_sell=0.0658934 dex_buy=0.0659103 | spread_a=-4.0bps spread_b=-3.1bps | min=30.0bps
2026-05-09 17:45:19,692 | INFO | fetch_order_book: symbol=CHIP/USDC limit=20
2026-05-09 17:45:19,954 | INFO | fetch_order_book: mid=0.065905 spread=4.55bps bids=20 asks=20
2026-05-09 17:45:20,820 | INFO | SPREAD | pair=CHIP/USDC | cex=0.06589/0.06592 | dex_sell=0.0658934 dex_buy=0.0659103 | spread_a=-4.0bps spread_b=-3.1bps | min=30.0bps
2026-05-09 17:45:21,823 | INFO | fetch_order_book: symbol=CHIP/USDC limit=20
2026-05-09 17:45:22,083 | INFO | fetch_order_book: mid=0.06590 spread=6.07bps bids=20 asks=20
2026-05-09 17:45:22,956 | INFO | SPREAD | pair=CHIP/USDC | cex=0.06588/0.06592 | dex_sell=0.0658934 dex_buy=0.0659103 | spread_a=-4.0bps spread_b=-4.6bps | min=30.0bps
2026-05-09 17:45:23,958 | INFO | fetch_order_book: symbol=CHIP/USDC limit=20
2026-05-09 17:45:24,253 | INFO | fetch_order_book: mid=0.065905 spread=4.55bps bids=20 asks=20
2026-05-09 17:45:25,163 | INFO | SPREAD | pair=CHIP/USDC | cex=0.06589/0.06592 | dex_sell=0.0658934 dex_buy=0.0659103 | spread_a=-4.0bps spread_b=-3.1bps | min=30.0bps
2026-05-09 17:45:26,166 | INFO | fetch_order_book: symbol=CHIP/USDC limit=20
2026-05-09 17:45:26,472 | INFO | fetch_order_book: mid=0.065905 spread=4.55bps bids=20 asks=20
2026-05-09 17:45:27,374 | INFO | SPREAD | pair=CHIP/USDC | cex=0.06589/0.06592 | dex_sell=0.0658934 dex_buy=0.0659103 | spread_a=-4.0bps spread_b=-3.1bps | min=30.0bps
2026-05-09 17:45:28,376 | INFO | fetch_order_book: symbol=CHIP/USDC limit=20
2026-05-09 17:45:28,649 | INFO | fetch_order_book: mid=0.065875 spread=4.55bps bids=20 asks=20
2026-05-09 17:45:29,557 | INFO | SPREAD | pair=CHIP/USDC | cex=0.06586/0.06589 | dex_sell=0.0658934 dex_buy=0.0659103 | spread_a=0.5bps spread_b=-7.6bps | min=30.0bps
2026-05-09 17:45:30,559 | INFO | fetch_order_book: symbol=CHIP/USDC limit=20
2026-05-09 17:45:30,818 | INFO | fetch_order_book: mid=0.065915 spread=1.52bps bids=20 asks=20
2026-05-09 17:45:31,717 | INFO | SPREAD | pair=CHIP/USDC | cex=0.06591/0.06592 | dex_sell=0.0659153 dex_buy=0.0659322 | spread_a=-0.7bps spread_b=-3.4bps | min=30.0bps
2026-05-09 17:45:32,720 | INFO | fetch_order_book: symbol=CHIP/USDC limit=20
2026-05-09 17:45:32,979 | INFO | fetch_order_book: mid=0.06593 spread=3.03bps bids=20 asks=20
2026-05-09 17:45:33,894 | INFO | SPREAD | pair=CHIP/USDC | cex=0.06592/0.06594 | dex_sell=0.0659153 dex_buy=0.0659322 | spread_a=-3.8bps spread_b=-1.8bps | min=30.0bps
2026-05-09 17:45:34,896 | INFO | fetch_order_book: symbol=CHIP/USDC limit=20
2026-05-09 17:45:35,176 | INFO | fetch_order_book: mid=0.06593 spread=3.03bps bids=20 asks=20
2026-05-09 17:45:36,195 | INFO | SPREAD | pair=CHIP/USDC | cex=0.06592/0.06594 | dex_sell=0.0659153 dex_buy=0.0659322 | spread_a=-3.8bps spread_b=-1.8bps | min=30.0bps
2026-05-09 17:45:37,198 | INFO | fetch_order_book: symbol=CHIP/USDC limit=20
2026-05-09 17:45:37,458 | INFO | fetch_order_book: mid=0.06593 spread=3.03bps bids=20 asks=20
2026-05-09 17:45:38,321 | INFO | SPREAD | pair=CHIP/USDC | cex=0.06592/0.06594 | dex_sell=0.0659153 dex_buy=0.0659322 | spread_a=-3.8bps spread_b=-1.8bps | min=30.0bps
2026-05-09 17:45:39,323 | INFO | fetch_order_book: symbol=CHIP/USDC limit=20
2026-05-09 17:45:39,603 | INFO | fetch_order_book: mid=0.06593 spread=3.03bps bids=20 asks=20
2026-05-09 17:45:40,505 | INFO | SPREAD | pair=CHIP/USDC | cex=0.06592/0.06594 | dex_sell=0.0659153 dex_buy=0.0659322 | spread_a=-3.8bps spread_b=-1.8bps | min=30.0bps
2026-05-09 17:45:41,507 | INFO | fetch_order_book: symbol=CHIP/USDC limit=20
2026-05-09 17:45:41,767 | INFO | fetch_order_book: mid=0.06593 spread=3.03bps bids=20 asks=20
2026-05-09 17:45:42,646 | INFO | SPREAD | pair=CHIP/USDC | cex=0.06592/0.06594 | dex_sell=0.0659153 dex_buy=0.0659322 | spread_a=-3.8bps spread_b=-1.8bps | min=30.0bps
2026-05-09 17:45:43,649 | INFO | fetch_order_book: symbol=CHIP/USDC limit=20
2026-05-09 17:45:43,906 | INFO | fetch_order_book: mid=0.065925 spread=1.52bps bids=20 asks=20
2026-05-09 17:45:44,830 | INFO | SPREAD | pair=CHIP/USDC | cex=0.06592/0.06593 | dex_sell=0.0659153 dex_buy=0.0659322 | spread_a=-2.2bps spread_b=-1.8bps | min=30.0bps
2026-05-09 17:45:45,832 | INFO | fetch_order_book: symbol=CHIP/USDC limit=20
2026-05-09 17:45:46,094 | INFO | fetch_order_book: mid=0.065915 spread=4.55bps bids=20 asks=20
2026-05-09 17:45:47,103 | INFO | SPREAD | pair=CHIP/USDC | cex=0.0659/0.06593 | dex_sell=0.0659153 dex_buy=0.0659322 | spread_a=-2.2bps spread_b=-4.9bps | min=30.0bps
2026-05-09 17:45:48,105 | INFO | fetch_order_book: symbol=CHIP/USDC limit=20
2026-05-09 17:45:48,394 | INFO | fetch_order_book: mid=0.06591 spread=3.03bps bids=20 asks=20
2026-05-09 17:45:49,303 | INFO | SPREAD | pair=CHIP/USDC | cex=0.0659/0.06592 | dex_sell=0.0659153 dex_buy=0.0659322 | spread_a=-0.7bps spread_b=-4.9bps | min=30.0bps
2026-05-09 17:45:50,305 | INFO | fetch_order_book: symbol=CHIP/USDC limit=20
2026-05-09 17:45:50,563 | INFO | fetch_order_book: mid=0.06591 spread=3.03bps bids=20 asks=20
2026-05-09 17:45:51,410 | INFO | SPREAD | pair=CHIP/USDC | cex=0.0659/0.06592 | dex_sell=0.0659153 dex_buy=0.0659322 | spread_a=-0.7bps spread_b=-4.9bps | min=30.0bps
2026-05-09 17:45:52,413 | INFO | fetch_order_book: symbol=CHIP/USDC limit=20
2026-05-09 17:45:52,673 | INFO | fetch_order_book: mid=0.06591 spread=3.03bps bids=20 asks=20
2026-05-09 17:45:53,504 | INFO | SPREAD | pair=CHIP/USDC | cex=0.0659/0.06592 | dex_sell=0.0659153 dex_buy=0.0659322 | spread_a=-0.7bps spread_b=-4.9bps | min=30.0bps
2026-05-09 17:45:54,507 | INFO | fetch_order_book: symbol=CHIP/USDC limit=20
2026-05-09 17:45:54,774 | INFO | fetch_order_book: mid=0.06591 spread=3.03bps bids=20 asks=20
2026-05-09 17:45:55,649 | INFO | SPREAD | pair=CHIP/USDC | cex=0.0659/0.06592 | dex_sell=0.0659153 dex_buy=0.0659322 | spread_a=-0.7bps spread_b=-4.9bps | min=30.0bps
2026-05-09 17:45:56,652 | INFO | fetch_order_book: symbol=CHIP/USDC limit=20
2026-05-09 17:45:56,909 | INFO | fetch_order_book: mid=0.065915 spread=4.55bps bids=20 asks=20
2026-05-09 17:45:57,760 | INFO | SPREAD | pair=CHIP/USDC | cex=0.0659/0.06593 | dex_sell=0.0659153 dex_buy=0.0659322 | spread_a=-2.2bps spread_b=-4.9bps | min=30.0bps
2026-05-09 17:45:58,762 | INFO | fetch_order_book: symbol=CHIP/USDC limit=20
2026-05-09 17:45:59,032 | INFO | fetch_order_book: mid=0.065915 spread=4.55bps bids=20 asks=20
2026-05-09 17:45:59,926 | INFO | SPREAD | pair=CHIP/USDC | cex=0.0659/0.06593 | dex_sell=0.0659153 dex_buy=0.0659322 | spread_a=-2.2bps spread_b=-4.9bps | min=30.0bps
2026-05-09 17:46:00,928 | INFO | fetch_order_book: symbol=CHIP/USDC limit=20
2026-05-09 17:46:01,185 | INFO | fetch_order_book: mid=0.065865 spread=1.52bps bids=20 asks=20
2026-05-09 17:46:02,013 | INFO | SPREAD | pair=CHIP/USDC | cex=0.06586/0.06587 | dex_sell=0.0659153 dex_buy=0.0659003 | spread_a=6.9bps spread_b=-6.1bps | min=30.0bps
2026-05-09 17:46:03,015 | INFO | fetch_order_book: symbol=CHIP/USDC limit=20
2026-05-09 17:46:03,342 | INFO | fetch_order_book: mid=0.06585 spread=3.04bps bids=20 asks=20
2026-05-09 17:46:04,360 | INFO | SPREAD | pair=CHIP/USDC | cex=0.06584/0.06586 | dex_sell=0.0658534 dex_buy=0.0658703 | spread_a=-1.0bps spread_b=-4.6bps | min=30.0bps
2026-05-09 17:46:05,362 | INFO | fetch_order_book: symbol=CHIP/USDC limit=20
2026-05-09 17:46:05,628 | INFO | fetch_order_book: mid=0.06583 spread=3.04bps bids=20 asks=20
2026-05-09 17:46:06,652 | INFO | SPREAD | pair=CHIP/USDC | cex=0.06582/0.06584 | dex_sell=0.0658234 dex_buy=0.0658403 | spread_a=-2.5bps spread_b=-3.1bps | min=30.0bps
2026-05-09 17:46:07,655 | INFO | fetch_order_book: symbol=CHIP/USDC limit=20
2026-05-09 17:46:07,914 | INFO | fetch_order_book: mid=0.065865 spread=4.55bps bids=20 asks=20
2026-05-09 17:46:08,810 | INFO | SPREAD | pair=CHIP/USDC | cex=0.06585/0.06588 | dex_sell=0.0658495 dex_buy=0.0658665 | spread_a=-4.6bps spread_b=-2.5bps | min=30.0bps
2026-05-09 17:46:09,813 | INFO | fetch_order_book: symbol=CHIP/USDC limit=20
2026-05-09 17:46:10,072 | INFO | fetch_order_book: mid=0.065865 spread=4.55bps bids=20 asks=20
2026-05-09 17:46:10,952 | INFO | SPREAD | pair=CHIP/USDC | cex=0.06585/0.06588 | dex_sell=0.0658495 dex_buy=0.0658665 | spread_a=-4.6bps spread_b=-2.5bps | min=30.0bps
2026-05-09 17:46:11,954 | INFO | fetch_order_book: symbol=CHIP/USDC limit=20
2026-05-09 17:46:12,281 | INFO | fetch_order_book: mid=0.065865 spread=4.55bps bids=20 asks=20
2026-05-09 17:46:13,144 | INFO | SPREAD | pair=CHIP/USDC | cex=0.06585/0.06588 | dex_sell=0.0658495 dex_buy=0.0658665 | spread_a=-4.6bps spread_b=-2.5bps | min=30.0bps
2026-05-09 17:46:14,146 | INFO | fetch_order_book: symbol=CHIP/USDC limit=20
2026-05-09 17:46:14,404 | INFO | fetch_order_book: mid=0.065865 spread=4.55bps bids=20 asks=20
2026-05-09 17:46:15,297 | INFO | SPREAD | pair=CHIP/USDC | cex=0.06585/0.06588 | dex_sell=0.0658495 dex_buy=0.0658665 | spread_a=-4.6bps spread_b=-2.5bps | min=30.0bps
2026-05-09 17:46:16,300 | INFO | fetch_order_book: symbol=CHIP/USDC limit=20
2026-05-09 17:46:16,645 | INFO | fetch_order_book: mid=0.065865 spread=4.55bps bids=20 asks=20
2026-05-09 17:46:17,501 | INFO | SPREAD | pair=CHIP/USDC | cex=0.06585/0.06588 | dex_sell=0.0658495 dex_buy=0.0658665 | spread_a=-4.6bps spread_b=-2.5bps | min=30.0bps
2026-05-09 17:46:18,503 | INFO | fetch_order_book: symbol=CHIP/USDC limit=20
2026-05-09 17:46:18,761 | INFO | fetch_order_book: mid=0.065865 spread=4.55bps bids=20 asks=20
2026-05-09 17:46:19,631 | INFO | SPREAD | pair=CHIP/USDC | cex=0.06585/0.06588 | dex_sell=0.0658495 dex_buy=0.0658665 | spread_a=-4.6bps spread_b=-2.5bps | min=30.0bps
2026-05-09 17:46:20,633 | INFO | fetch_order_book: symbol=CHIP/USDC limit=20
2026-05-09 17:46:20,914 | INFO | fetch_order_book: mid=0.065865 spread=4.55bps bids=20 asks=20
2026-05-09 17:46:21,801 | INFO | SPREAD | pair=CHIP/USDC | cex=0.06585/0.06588 | dex_sell=0.0658495 dex_buy=0.0658665 | spread_a=-4.6bps spread_b=-2.5bps | min=30.0bps
2026-05-09 17:46:22,805 | INFO | fetch_order_book: symbol=CHIP/USDC limit=20
2026-05-09 17:46:23,060 | INFO | fetch_order_book: mid=0.065865 spread=4.55bps bids=20 asks=20
2026-05-09 17:46:23,920 | INFO | SPREAD | pair=CHIP/USDC | cex=0.06585/0.06588 | dex_sell=0.0658495 dex_buy=0.0658665 | spread_a=-4.6bps spread_b=-2.5bps | min=30.0bps
2026-05-09 17:46:24,923 | INFO | fetch_order_book: symbol=CHIP/USDC limit=20
2026-05-09 17:46:25,196 | INFO | fetch_order_book: mid=0.065885 spread=1.52bps bids=20 asks=20
2026-05-09 17:46:26,064 | INFO | SPREAD | pair=CHIP/USDC | cex=0.06588/0.06589 | dex_sell=0.0658495 dex_buy=0.0658665 | spread_a=-6.1bps spread_b=2.1bps | min=30.0bps
2026-05-09 17:46:27,066 | INFO | fetch_order_book: symbol=CHIP/USDC limit=20
2026-05-09 17:46:27,364 | INFO | fetch_order_book: mid=0.065885 spread=1.52bps bids=20 asks=20
2026-05-09 17:46:28,388 | INFO | SPREAD | pair=CHIP/USDC | cex=0.06588/0.06589 | dex_sell=0.0658495 dex_buy=0.0658665 | spread_a=-6.1bps spread_b=2.1bps | min=30.0bps
2026-05-09 17:46:29,390 | INFO | fetch_order_book: symbol=CHIP/USDC limit=20
2026-05-09 17:46:29,651 | INFO | fetch_order_book: mid=0.065885 spread=1.52bps bids=20 asks=20
2026-05-09 17:46:30,543 | INFO | SPREAD | pair=CHIP/USDC | cex=0.06588/0.06589 | dex_sell=0.0658495 dex_buy=0.0658665 | spread_a=-6.1bps spread_b=2.1bps | min=30.0bps
2026-05-09 17:46:31,545 | INFO | fetch_order_book: symbol=CHIP/USDC limit=20
2026-05-09 17:46:31,802 | INFO | fetch_order_book: mid=0.065885 spread=1.52bps bids=20 asks=20
2026-05-09 17:46:32,651 | INFO | SPREAD | pair=CHIP/USDC | cex=0.06588/0.06589 | dex_sell=0.0658495 dex_buy=0.0658665 | spread_a=-6.1bps spread_b=2.1bps | min=30.0bps
2026-05-09 17:46:33,653 | INFO | fetch_order_book: symbol=CHIP/USDC limit=20
2026-05-09 17:46:33,920 | INFO | fetch_order_book: mid=0.065885 spread=1.52bps bids=20 asks=20
2026-05-09 17:46:34,783 | INFO | SPREAD | pair=CHIP/USDC | cex=0.06588/0.06589 | dex_sell=0.0658495 dex_buy=0.0658665 | spread_a=-6.1bps spread_b=2.1bps | min=30.0bps
2026-05-09 17:46:35,786 | INFO | fetch_order_book: symbol=CHIP/USDC limit=20
2026-05-09 17:46:36,042 | INFO | fetch_order_book: mid=0.065855 spread=4.56bps bids=20 asks=20
2026-05-09 17:46:36,916 | INFO | SPREAD | pair=CHIP/USDC | cex=0.06584/0.06587 | dex_sell=0.0658495 dex_buy=0.0658665 | spread_a=-3.1bps spread_b=-4.0bps | min=30.0bps
2026-05-09 17:46:37,919 | INFO | fetch_order_book: symbol=CHIP/USDC limit=20
2026-05-09 17:46:38,218 | INFO | fetch_order_book: mid=0.06585 spread=3.04bps bids=20 asks=20
2026-05-09 17:46:39,140 | INFO | SPREAD | pair=CHIP/USDC | cex=0.06584/0.06586 | dex_sell=0.0658495 dex_buy=0.0658665 | spread_a=-1.6bps spread_b=-4.0bps | min=30.0bps
2026-05-09 17:46:40,148 | INFO | fetch_order_book: symbol=CHIP/USDC limit=20
2026-05-09 17:46:40,405 | INFO | fetch_order_book: mid=0.06583 spread=3.04bps bids=20 asks=20
2026-05-09 17:46:41,287 | INFO | SPREAD | pair=CHIP/USDC | cex=0.06582/0.06584 | dex_sell=0.0658495 dex_buy=0.0658665 | spread_a=1.4bps spread_b=-7.1bps | min=30.0bps
2026-05-09 17:46:42,290 | INFO | fetch_order_book: symbol=CHIP/USDC limit=20
2026-05-09 17:46:42,545 | INFO | fetch_order_book: mid=0.06583 spread=3.04bps bids=20 asks=20
2026-05-09 17:46:43,405 | INFO | SPREAD | pair=CHIP/USDC | cex=0.06582/0.06584 | dex_sell=0.0658495 dex_buy=0.0658665 | spread_a=1.4bps spread_b=-7.1bps | min=30.0bps
2026-05-09 17:46:44,407 | INFO | fetch_order_book: symbol=CHIP/USDC limit=20
2026-05-09 17:46:44,805 | INFO | fetch_order_book: mid=0.06583 spread=3.04bps bids=20 asks=20
2026-05-09 17:46:45,690 | INFO | SPREAD | pair=CHIP/USDC | cex=0.06582/0.06584 | dex_sell=0.0658495 dex_buy=0.0658665 | spread_a=1.4bps spread_b=-7.1bps | min=30.0bps
2026-05-09 17:46:46,692 | INFO | fetch_order_book: symbol=CHIP/USDC limit=20
2026-05-09 17:46:46,956 | INFO | fetch_order_book: mid=0.06583 spread=3.04bps bids=20 asks=20
2026-05-09 17:46:47,857 | INFO | SPREAD | pair=CHIP/USDC | cex=0.06582/0.06584 | dex_sell=0.0658495 dex_buy=0.0658665 | spread_a=1.4bps spread_b=-7.1bps | min=30.0bps
2026-05-09 17:46:48,860 | INFO | fetch_order_book: symbol=CHIP/USDC limit=20
2026-05-09 17:46:49,269 | INFO | fetch_order_book: mid=0.06583 spread=3.04bps bids=20 asks=20
2026-05-09 17:46:50,158 | INFO | SPREAD | pair=CHIP/USDC | cex=0.06582/0.06584 | dex_sell=0.0658495 dex_buy=0.0658665 | spread_a=1.4bps spread_b=-7.1bps | min=30.0bps
2026-05-09 17:46:51,161 | INFO | fetch_order_book: symbol=CHIP/USDC limit=20
2026-05-09 17:46:51,426 | INFO | fetch_order_book: mid=0.06583 spread=3.04bps bids=20 asks=20
2026-05-09 17:46:52,362 | INFO | SPREAD | pair=CHIP/USDC | cex=0.06582/0.06584 | dex_sell=0.0658495 dex_buy=0.0658665 | spread_a=1.4bps spread_b=-7.1bps | min=30.0bps
2026-05-09 17:46:53,364 | INFO | fetch_order_book: symbol=CHIP/USDC limit=20
2026-05-09 17:46:53,665 | INFO | fetch_order_book: mid=0.065785 spread=1.52bps bids=20 asks=20
2026-05-09 17:46:54,692 | INFO | SPREAD | pair=CHIP/USDC | cex=0.06578/0.06579 | dex_sell=0.0658495 dex_buy=0.0658205 | spread_a=9.0bps spread_b=-6.1bps | min=30.0bps
2026-05-09 17:46:55,694 | INFO | fetch_order_book: symbol=CHIP/USDC limit=20
2026-05-09 17:46:55,963 | INFO | fetch_order_book: mid=0.065785 spread=1.52bps bids=20 asks=20
2026-05-09 17:46:56,852 | INFO | SPREAD | pair=CHIP/USDC | cex=0.06578/0.06579 | dex_sell=0.0657835 dex_buy=0.0658003 | spread_a=-1.0bps spread_b=-3.1bps | min=30.0bps
2026-05-09 17:46:57,854 | INFO | fetch_order_book: symbol=CHIP/USDC limit=20
2026-05-09 17:46:58,113 | INFO | fetch_order_book: mid=0.065765 spread=1.52bps bids=20 asks=20
2026-05-09 17:46:59,011 | INFO | SPREAD | pair=CHIP/USDC | cex=0.06576/0.06577 | dex_sell=0.0657835 dex_buy=0.0658003 | spread_a=2.0bps spread_b=-6.1bps | min=30.0bps
2026-05-09 17:47:00,014 | INFO | fetch_order_book: symbol=CHIP/USDC limit=20
2026-05-09 17:47:00,272 | INFO | fetch_order_book: mid=0.06577 spread=3.04bps bids=20 asks=20
2026-05-09 17:47:01,317 | INFO | SPREAD | pair=CHIP/USDC | cex=0.06576/0.06578 | dex_sell=0.0657835 dex_buy=0.0658003 | spread_a=0.5bps spread_b=-6.1bps | min=30.0bps
2026-05-09 17:47:02,318 | INFO | fetch_order_book: symbol=CHIP/USDC limit=20
2026-05-09 17:47:02,583 | INFO | fetch_order_book: mid=0.06577 spread=3.04bps bids=20 asks=20
2026-05-09 17:47:03,438 | INFO | SPREAD | pair=CHIP/USDC | cex=0.06576/0.06578 | dex_sell=0.0657835 dex_buy=0.0658003 | spread_a=0.5bps spread_b=-6.1bps | min=30.0bps
2026-05-09 17:47:04,441 | INFO | fetch_order_book: symbol=CHIP/USDC limit=20
2026-05-09 17:47:04,806 | INFO | fetch_order_book: mid=0.06579 spread=6.08bps bids=20 asks=20
2026-05-09 17:47:05,734 | INFO | SPREAD | pair=CHIP/USDC | cex=0.06577/0.06581 | dex_sell=0.0657835 dex_buy=0.0658003 | spread_a=-4.0bps spread_b=-4.6bps | min=30.0bps
2026-05-09 17:47:06,736 | INFO | fetch_order_book: symbol=CHIP/USDC limit=20
2026-05-09 17:47:06,994 | INFO | fetch_order_book: mid=0.06579 spread=6.08bps bids=20 asks=20
2026-05-09 17:47:07,859 | INFO | SPREAD | pair=CHIP/USDC | cex=0.06577/0.06581 | dex_sell=0.0657835 dex_buy=0.0658003 | spread_a=-4.0bps spread_b=-4.6bps | min=30.0bps
2026-05-09 17:47:08,861 | INFO | fetch_order_book: symbol=CHIP/USDC limit=20
2026-05-09 17:47:09,119 | INFO | fetch_order_book: mid=0.06579 spread=6.08bps bids=20 asks=20
2026-05-09 17:47:10,087 | INFO | SPREAD | pair=CHIP/USDC | cex=0.06577/0.06581 | dex_sell=0.0657835 dex_buy=0.0658003 | spread_a=-4.0bps spread_b=-4.6bps | min=30.0bps
2026-05-09 17:47:11,090 | INFO | fetch_order_book: symbol=CHIP/USDC limit=20
2026-05-09 17:47:11,349 | INFO | fetch_order_book: mid=0.06578 spread=6.08bps bids=20 asks=20
2026-05-09 17:47:12,201 | INFO | SPREAD | pair=CHIP/USDC | cex=0.06576/0.0658 | dex_sell=0.0657835 dex_buy=0.0658003 | spread_a=-2.5bps spread_b=-6.1bps | min=30.0bps
2026-05-09 17:47:13,203 | INFO | fetch_order_book: symbol=CHIP/USDC limit=20
2026-05-09 17:47:13,459 | INFO | fetch_order_book: mid=0.065785 spread=4.56bps bids=20 asks=20
2026-05-09 17:47:14,306 | INFO | SPREAD | pair=CHIP/USDC | cex=0.06577/0.0658 | dex_sell=0.0657835 dex_buy=0.0658003 | spread_a=-2.5bps spread_b=-4.6bps | min=30.0bps
2026-05-09 17:47:15,308 | INFO | fetch_order_book: symbol=CHIP/USDC limit=20
2026-05-09 17:47:15,566 | INFO | fetch_order_book: mid=0.065785 spread=4.56bps bids=20 asks=20
2026-05-09 17:47:16,451 | INFO | SPREAD | pair=CHIP/USDC | cex=0.06577/0.0658 | dex_sell=0.0657835 dex_buy=0.0658003 | spread_a=-2.5bps spread_b=-4.6bps | min=30.0bps
2026-05-09 17:47:17,453 | INFO | fetch_order_book: symbol=CHIP/USDC limit=20
2026-05-09 17:47:17,714 | INFO | fetch_order_book: mid=0.06578 spread=6.08bps bids=20 asks=20
2026-05-09 17:47:18,564 | INFO | SPREAD | pair=CHIP/USDC | cex=0.06576/0.0658 | dex_sell=0.0657835 dex_buy=0.0658003 | spread_a=-2.5bps spread_b=-6.1bps | min=30.0bps
2026-05-09 17:47:19,566 | INFO | fetch_order_book: symbol=CHIP/USDC limit=20
2026-05-09 17:47:19,825 | INFO | fetch_order_book: mid=0.065785 spread=4.56bps bids=20 asks=20
2026-05-09 17:47:20,706 | INFO | SPREAD | pair=CHIP/USDC | cex=0.06577/0.0658 | dex_sell=0.0657835 dex_buy=0.0658003 | spread_a=-2.5bps spread_b=-4.6bps | min=30.0bps
2026-05-09 17:47:21,708 | INFO | fetch_order_book: symbol=CHIP/USDC limit=20
2026-05-09 17:47:21,972 | INFO | fetch_order_book: mid=0.065785 spread=4.56bps bids=20 asks=20
2026-05-09 17:47:22,832 | INFO | SPREAD | pair=CHIP/USDC | cex=0.06577/0.0658 | dex_sell=0.0657835 dex_buy=0.0658003 | spread_a=-2.5bps spread_b=-4.6bps | min=30.0bps
2026-05-09 17:47:23,835 | INFO | fetch_order_book: symbol=CHIP/USDC limit=20
2026-05-09 17:47:24,092 | INFO | fetch_order_book: mid=0.065785 spread=4.56bps bids=20 asks=20
2026-05-09 17:47:24,975 | INFO | SPREAD | pair=CHIP/USDC | cex=0.06577/0.0658 | dex_sell=0.0657835 dex_buy=0.0658003 | spread_a=-2.5bps spread_b=-4.6bps | min=30.0bps
2026-05-09 17:47:25,977 | INFO | fetch_order_book: symbol=CHIP/USDC limit=20
2026-05-09 17:47:26,240 | INFO | fetch_order_book: mid=0.065785 spread=4.56bps bids=20 asks=20
2026-05-09 17:47:27,094 | INFO | SPREAD | pair=CHIP/USDC | cex=0.06577/0.0658 | dex_sell=0.0657835 dex_buy=0.0658003 | spread_a=-2.5bps spread_b=-4.6bps | min=30.0bps
2026-05-09 17:47:28,097 | INFO | fetch_order_book: symbol=CHIP/USDC limit=20
2026-05-09 17:47:28,353 | INFO | fetch_order_book: mid=0.06578 spread=6.08bps bids=20 asks=20
2026-05-09 17:47:29,222 | INFO | SPREAD | pair=CHIP/USDC | cex=0.06576/0.0658 | dex_sell=0.0657835 dex_buy=0.0658003 | spread_a=-2.5bps spread_b=-6.1bps | min=30.0bps
2026-05-09 17:47:30,224 | INFO | fetch_order_book: symbol=CHIP/USDC limit=20
2026-05-09 17:47:30,484 | INFO | fetch_order_book: mid=0.06578 spread=6.08bps bids=20 asks=20
2026-05-09 17:47:31,382 | INFO | SPREAD | pair=CHIP/USDC | cex=0.06576/0.0658 | dex_sell=0.0657835 dex_buy=0.0658003 | spread_a=-2.5bps spread_b=-6.1bps | min=30.0bps
2026-05-09 17:47:32,384 | INFO | fetch_order_book: symbol=CHIP/USDC limit=20
2026-05-09 17:47:32,647 | INFO | fetch_order_book: mid=0.06578 spread=6.08bps bids=20 asks=20
2026-05-09 17:47:33,520 | INFO | SPREAD | pair=CHIP/USDC | cex=0.06576/0.0658 | dex_sell=0.0657835 dex_buy=0.0658003 | spread_a=-2.5bps spread_b=-6.1bps | min=30.0bps
2026-05-09 17:47:34,523 | INFO | fetch_order_book: symbol=CHIP/USDC limit=20
2026-05-09 17:47:34,787 | INFO | fetch_order_book: mid=0.06578 spread=6.08bps bids=20 asks=20
2026-05-09 17:47:35,649 | INFO | SPREAD | pair=CHIP/USDC | cex=0.06576/0.0658 | dex_sell=0.0657835 dex_buy=0.0658003 | spread_a=-2.5bps spread_b=-6.1bps | min=30.0bps
2026-05-09 17:47:36,652 | INFO | fetch_order_book: symbol=CHIP/USDC limit=20
2026-05-09 17:47:36,909 | INFO | fetch_order_book: mid=0.065765 spread=1.52bps bids=20 asks=20
2026-05-09 17:47:37,859 | INFO | SPREAD | pair=CHIP/USDC | cex=0.06576/0.06577 | dex_sell=0.0657835 dex_buy=0.0658003 | spread_a=2.0bps spread_b=-6.1bps | min=30.0bps
2026-05-09 17:47:38,862 | INFO | fetch_order_book: symbol=CHIP/USDC limit=20
2026-05-09 17:47:39,152 | INFO | fetch_order_book: mid=0.065765 spread=1.52bps bids=20 asks=20
2026-05-09 17:47:40,054 | INFO | SPREAD | pair=CHIP/USDC | cex=0.06576/0.06577 | dex_sell=0.0657835 dex_buy=0.0658003 | spread_a=2.0bps spread_b=-6.1bps | min=30.0bps
2026-05-09 17:47:41,056 | INFO | fetch_order_book: symbol=CHIP/USDC limit=20
2026-05-09 17:47:41,314 | INFO | fetch_order_book: mid=0.065745 spread=1.52bps bids=20 asks=20
2026-05-09 17:47:42,176 | INFO | SPREAD | pair=CHIP/USDC | cex=0.06574/0.06575 | dex_sell=0.0657835 dex_buy=0.0657704 | spread_a=5.1bps spread_b=-4.6bps | min=30.0bps
2026-05-09 17:47:43,178 | INFO | fetch_order_book: symbol=CHIP/USDC limit=20
2026-05-09 17:47:43,435 | INFO | fetch_order_book: mid=0.065745 spread=1.52bps bids=20 asks=20
2026-05-09 17:47:44,284 | INFO | SPREAD | pair=CHIP/USDC | cex=0.06574/0.06575 | dex_sell=0.0657535 dex_buy=0.0657704 | spread_a=0.5bps spread_b=-4.6bps | min=30.0bps
2026-05-09 17:47:45,286 | INFO | fetch_order_book: symbol=CHIP/USDC limit=20
2026-05-09 17:47:45,549 | INFO | fetch_order_book: mid=0.065745 spread=1.52bps bids=20 asks=20
2026-05-09 17:47:46,384 | INFO | SPREAD | pair=CHIP/USDC | cex=0.06574/0.06575 | dex_sell=0.0657535 dex_buy=0.0657704 | spread_a=0.5bps spread_b=-4.6bps | min=30.0bps
2026-05-09 17:47:47,387 | INFO | fetch_order_book: symbol=CHIP/USDC limit=20
2026-05-09 17:47:47,647 | INFO | fetch_order_book: mid=0.065765 spread=4.56bps bids=20 asks=20
2026-05-09 17:47:48,483 | INFO | SPREAD | pair=CHIP/USDC | cex=0.06575/0.06578 | dex_sell=0.0657535 dex_buy=0.0657704 | spread_a=-4.0bps spread_b=-3.1bps | min=30.0bps
2026-05-09 17:47:49,486 | INFO | fetch_order_book: symbol=CHIP/USDC limit=20
2026-05-09 17:47:49,752 | INFO | fetch_order_book: mid=0.06576 spread=6.08bps bids=20 asks=20
2026-05-09 17:47:50,659 | INFO | SPREAD | pair=CHIP/USDC | cex=0.06574/0.06578 | dex_sell=0.0657535 dex_buy=0.0657704 | spread_a=-4.0bps spread_b=-4.6bps | min=30.0bps
2026-05-09 17:47:51,661 | INFO | fetch_order_book: symbol=CHIP/USDC limit=20
2026-05-09 17:47:51,922 | INFO | fetch_order_book: mid=0.06576 spread=6.08bps bids=20 asks=20
2026-05-09 17:47:52,774 | INFO | SPREAD | pair=CHIP/USDC | cex=0.06574/0.06578 | dex_sell=0.0657535 dex_buy=0.0657704 | spread_a=-4.0bps spread_b=-4.6bps | min=30.0bps
2026-05-09 17:47:53,776 | INFO | fetch_order_book: symbol=CHIP/USDC limit=20
2026-05-09 17:47:54,130 | INFO | fetch_order_book: mid=0.06576 spread=6.08bps bids=20 asks=20
2026-05-09 17:47:54,987 | INFO | SPREAD | pair=CHIP/USDC | cex=0.06574/0.06578 | dex_sell=0.0657535 dex_buy=0.0657704 | spread_a=-4.0bps spread_b=-4.6bps | min=30.0bps
2026-05-09 17:47:55,990 | INFO | fetch_order_book: symbol=CHIP/USDC limit=20
2026-05-09 17:47:56,261 | INFO | fetch_order_book: mid=0.06577 spread=6.08bps bids=20 asks=20
2026-05-09 17:47:57,158 | INFO | SPREAD | pair=CHIP/USDC | cex=0.06575/0.06579 | dex_sell=0.0657535 dex_buy=0.0657704 | spread_a=-5.5bps spread_b=-3.1bps | min=30.0bps
2026-05-09 17:47:58,161 | INFO | fetch_order_book: symbol=CHIP/USDC limit=20
2026-05-09 17:47:58,420 | INFO | fetch_order_book: mid=0.06576 spread=6.08bps bids=20 asks=20
2026-05-09 17:47:59,318 | INFO | SPREAD | pair=CHIP/USDC | cex=0.06574/0.06578 | dex_sell=0.0657535 dex_buy=0.0657704 | spread_a=-4.0bps spread_b=-4.6bps | min=30.0bps
2026-05-09 17:48:00,321 | INFO | fetch_order_book: symbol=CHIP/USDC limit=20
2026-05-09 17:48:00,580 | INFO | fetch_order_book: mid=0.06579 spread=3.04bps bids=20 asks=20
2026-05-09 17:48:01,445 | INFO | SPREAD | pair=CHIP/USDC | cex=0.06578/0.0658 | dex_sell=0.0657796 dex_buy=0.0657965 | spread_a=-3.1bps spread_b=-2.5bps | min=30.0bps
2026-05-09 17:48:02,447 | INFO | fetch_order_book: symbol=CHIP/USDC limit=20
2026-05-09 17:48:02,706 | INFO | fetch_order_book: mid=0.06577 spread=6.08bps bids=20 asks=20
2026-05-09 17:48:03,657 | INFO | SPREAD | pair=CHIP/USDC | cex=0.06575/0.06579 | dex_sell=0.0657796 dex_buy=0.0657965 | spread_a=-1.6bps spread_b=-7.1bps | min=30.0bps
2026-05-09 17:48:04,659 | INFO | fetch_order_book: symbol=CHIP/USDC limit=20
2026-05-09 17:48:04,919 | INFO | fetch_order_book: mid=0.06577 spread=6.08bps bids=20 asks=20
2026-05-09 17:48:05,747 | INFO | SPREAD | pair=CHIP/USDC | cex=0.06575/0.06579 | dex_sell=0.0657796 dex_buy=0.0657965 | spread_a=-1.6bps spread_b=-7.1bps | min=30.0bps
2026-05-09 17:48:06,750 | INFO | fetch_order_book: symbol=CHIP/USDC limit=20
2026-05-09 17:48:07,008 | INFO | fetch_order_book: mid=0.065785 spread=4.56bps bids=20 asks=20
2026-05-09 17:48:07,911 | INFO | SPREAD | pair=CHIP/USDC | cex=0.06577/0.0658 | dex_sell=0.0657796 dex_buy=0.0657965 | spread_a=-3.1bps spread_b=-4.0bps | min=30.0bps
2026-05-09 17:48:08,914 | INFO | fetch_order_book: symbol=CHIP/USDC limit=20
2026-05-09 17:48:09,279 | INFO | fetch_order_book: mid=0.065785 spread=4.56bps bids=20 asks=20
2026-05-09 17:48:10,114 | INFO | SPREAD | pair=CHIP/USDC | cex=0.06577/0.0658 | dex_sell=0.0657796 dex_buy=0.0657965 | spread_a=-3.1bps spread_b=-4.0bps | min=30.0bps
2026-05-09 17:48:11,117 | INFO | fetch_order_book: symbol=CHIP/USDC limit=20
2026-05-09 17:48:11,394 | INFO | fetch_order_book: mid=0.06578 spread=6.08bps bids=20 asks=20
2026-05-09 17:48:12,221 | INFO | SPREAD | pair=CHIP/USDC | cex=0.06576/0.0658 | dex_sell=0.0657796 dex_buy=0.0657965 | spread_a=-3.1bps spread_b=-5.6bps | min=30.0bps
2026-05-09 17:48:13,222 | INFO | fetch_order_book: symbol=CHIP/USDC limit=20
2026-05-09 17:48:13,482 | INFO | fetch_order_book: mid=0.065785 spread=4.56bps bids=20 asks=20
2026-05-09 17:48:14,334 | INFO | SPREAD | pair=CHIP/USDC | cex=0.06577/0.0658 | dex_sell=0.0657796 dex_buy=0.0657965 | spread_a=-3.1bps spread_b=-4.0bps | min=30.0bps
2026-05-09 17:48:15,337 | INFO | fetch_order_book: symbol=CHIP/USDC limit=20
2026-05-09 17:48:15,594 | INFO | fetch_order_book: mid=0.065785 spread=4.56bps bids=20 asks=20
2026-05-09 17:48:16,468 | INFO | SPREAD | pair=CHIP/USDC | cex=0.06577/0.0658 | dex_sell=0.0657796 dex_buy=0.0657965 | spread_a=-3.1bps spread_b=-4.0bps | min=30.0bps
2026-05-09 17:48:17,470 | INFO | fetch_order_book: symbol=CHIP/USDC limit=20
2026-05-09 17:48:17,743 | INFO | fetch_order_book: mid=0.065785 spread=4.56bps bids=20 asks=20
2026-05-09 17:48:18,594 | INFO | SPREAD | pair=CHIP/USDC | cex=0.06577/0.0658 | dex_sell=0.0657796 dex_buy=0.0657965 | spread_a=-3.1bps spread_b=-4.0bps | min=30.0bps
2026-05-09 17:48:19,597 | INFO | fetch_order_book: symbol=CHIP/USDC limit=20
2026-05-09 17:48:19,858 | INFO | fetch_order_book: mid=0.065775 spread=7.60bps bids=20 asks=20
2026-05-09 17:48:20,765 | INFO | SPREAD | pair=CHIP/USDC | cex=0.06575/0.0658 | dex_sell=0.0657796 dex_buy=0.0657965 | spread_a=-3.1bps spread_b=-7.1bps | min=30.0bps
2026-05-09 17:48:21,767 | INFO | fetch_order_book: symbol=CHIP/USDC limit=20
2026-05-09 17:48:22,083 | INFO | fetch_order_book: mid=0.065775 spread=7.60bps bids=20 asks=20
2026-05-09 17:48:22,920 | INFO | SPREAD | pair=CHIP/USDC | cex=0.06575/0.0658 | dex_sell=0.0657796 dex_buy=0.0657965 | spread_a=-3.1bps spread_b=-7.1bps | min=30.0bps
2026-05-09 17:48:23,922 | INFO | fetch_order_book: symbol=CHIP/USDC limit=20
2026-05-09 17:48:24,182 | INFO | fetch_order_book: mid=0.065765 spread=7.60bps bids=20 asks=20
2026-05-09 17:48:25,044 | INFO | SPREAD | pair=CHIP/USDC | cex=0.06574/0.06579 | dex_sell=0.0657796 dex_buy=0.0657965 | spread_a=-1.6bps spread_b=-8.6bps | min=30.0bps
2026-05-09 17:48:26,047 | INFO | fetch_order_book: symbol=CHIP/USDC limit=20
2026-05-09 17:48:26,302 | INFO | fetch_order_book: mid=0.065745 spread=1.52bps bids=20 asks=20
2026-05-09 17:48:27,190 | INFO | SPREAD | pair=CHIP/USDC | cex=0.06574/0.06575 | dex_sell=0.0657533 dex_buy=0.0657702 | spread_a=0.5bps spread_b=-4.6bps | min=30.0bps
2026-05-09 17:48:28,192 | INFO | fetch_order_book: symbol=CHIP/USDC limit=20
2026-05-09 17:48:28,449 | INFO | fetch_order_book: mid=0.065745 spread=1.52bps bids=20 asks=20
2026-05-09 17:48:29,324 | INFO | SPREAD | pair=CHIP/USDC | cex=0.06574/0.06575 | dex_sell=0.0657533 dex_buy=0.0657702 | spread_a=0.5bps spread_b=-4.6bps | min=30.0bps
2026-05-09 17:48:30,326 | INFO | fetch_order_book: symbol=CHIP/USDC limit=20
2026-05-09 17:48:30,583 | INFO | fetch_order_book: mid=0.06577 spread=6.08bps bids=20 asks=20
2026-05-09 17:48:31,447 | INFO | SPREAD | pair=CHIP/USDC | cex=0.06575/0.06579 | dex_sell=0.0657533 dex_buy=0.0657702 | spread_a=-5.6bps spread_b=-3.1bps | min=30.0bps
2026-05-09 17:48:32,449 | INFO | fetch_order_book: symbol=CHIP/USDC limit=20
2026-05-09 17:48:32,704 | INFO | fetch_order_book: mid=0.06577 spread=3.04bps bids=20 asks=20
2026-05-09 17:48:33,525 | INFO | SPREAD | pair=CHIP/USDC | cex=0.06576/0.06578 | dex_sell=0.0657533 dex_buy=0.0657702 | spread_a=-4.1bps spread_b=-1.6bps | min=30.0bps
2026-05-09 17:48:34,527 | INFO | fetch_order_book: symbol=CHIP/USDC limit=20
2026-05-09 17:48:34,782 | INFO | fetch_order_book: mid=0.065745 spread=1.52bps bids=20 asks=20
2026-05-09 17:48:35,670 | INFO | SPREAD | pair=CHIP/USDC | cex=0.06574/0.06575 | dex_sell=0.0657533 dex_buy=0.0657702 | spread_a=0.5bps spread_b=-4.6bps | min=30.0bps
2026-05-09 17:48:36,672 | INFO | fetch_order_book: symbol=CHIP/USDC limit=20
2026-05-09 17:48:36,928 | INFO | fetch_order_book: mid=0.06573 spread=3.04bps bids=20 asks=20
2026-05-09 17:48:37,774 | INFO | SPREAD | pair=CHIP/USDC | cex=0.06572/0.06574 | dex_sell=0.0657533 dex_buy=0.0657702 | spread_a=2.0bps spread_b=-7.6bps | min=30.0bps
2026-05-09 17:48:38,776 | INFO | fetch_order_book: symbol=CHIP/USDC limit=20
2026-05-09 17:48:39,031 | INFO | fetch_order_book: mid=0.065765 spread=4.56bps bids=20 asks=20
2026-05-09 17:48:39,933 | INFO | SPREAD | pair=CHIP/USDC | cex=0.06575/0.06578 | dex_sell=0.0657234 dex_buy=0.0657403 | spread_a=-8.6bps spread_b=1.5bps | min=30.0bps
2026-05-09 17:48:40,935 | INFO | fetch_order_book: symbol=CHIP/USDC limit=20
2026-05-09 17:48:41,192 | INFO | fetch_order_book: mid=0.065755 spread=4.56bps bids=20 asks=20
2026-05-09 17:48:42,051 | INFO | SPREAD | pair=CHIP/USDC | cex=0.06574/0.06577 | dex_sell=0.0657495 dex_buy=0.0657664 | spread_a=-3.1bps spread_b=-4.0bps | min=30.0bps
2026-05-09 17:48:43,053 | INFO | fetch_order_book: symbol=CHIP/USDC limit=20
2026-05-09 17:48:43,395 | INFO | fetch_order_book: mid=0.065745 spread=7.61bps bids=20 asks=20
2026-05-09 17:48:44,282 | INFO | SPREAD | pair=CHIP/USDC | cex=0.06572/0.06577 | dex_sell=0.0657495 dex_buy=0.0657664 | spread_a=-3.1bps spread_b=-7.1bps | min=30.0bps
2026-05-09 17:48:45,284 | INFO | fetch_order_book: symbol=CHIP/USDC limit=20
2026-05-09 17:48:45,552 | INFO | fetch_order_book: mid=0.06573 spread=3.04bps bids=20 asks=20
2026-05-09 17:48:46,435 | INFO | SPREAD | pair=CHIP/USDC | cex=0.06572/0.06574 | dex_sell=0.0657495 dex_buy=0.0657664 | spread_a=1.4bps spread_b=-7.1bps | min=30.0bps
2026-05-09 17:48:47,438 | INFO | fetch_order_book: symbol=CHIP/USDC limit=20
2026-05-09 17:48:47,695 | INFO | fetch_order_book: mid=0.06573 spread=3.04bps bids=20 asks=20
2026-05-09 17:48:48,570 | INFO | SPREAD | pair=CHIP/USDC | cex=0.06572/0.06574 | dex_sell=0.0657495 dex_buy=0.0657664 | spread_a=1.4bps spread_b=-7.1bps | min=30.0bps
2026-05-09 17:48:49,572 | INFO | fetch_order_book: symbol=CHIP/USDC limit=20
2026-05-09 17:48:49,829 | INFO | fetch_order_book: mid=0.06573 spread=3.04bps bids=20 asks=20
2026-05-09 17:48:50,678 | INFO | SPREAD | pair=CHIP/USDC | cex=0.06572/0.06574 | dex_sell=0.0657495 dex_buy=0.0657664 | spread_a=1.4bps spread_b=-7.1bps | min=30.0bps
2026-05-09 17:48:51,680 | INFO | fetch_order_book: symbol=CHIP/USDC limit=20
2026-05-09 17:48:51,984 | INFO | fetch_order_book: mid=0.065735 spread=4.56bps bids=20 asks=20
2026-05-09 17:48:52,893 | INFO | SPREAD | pair=CHIP/USDC | cex=0.06572/0.06575 | dex_sell=0.0657495 dex_buy=0.0657664 | spread_a=-0.1bps spread_b=-7.1bps | min=30.0bps
2026-05-09 17:48:53,895 | INFO | fetch_order_book: symbol=CHIP/USDC limit=20
2026-05-09 17:48:54,151 | INFO | fetch_order_book: mid=0.06579 spread=3.04bps bids=20 asks=20
2026-05-09 17:48:54,994 | INFO | SPREAD | pair=CHIP/USDC | cex=0.06578/0.0658 | dex_sell=0.0657495 dex_buy=0.0657664 | spread_a=-7.7bps spread_b=2.1bps | min=30.0bps
2026-05-09 17:48:55,996 | INFO | fetch_order_book: symbol=CHIP/USDC limit=20
2026-05-09 17:48:56,255 | INFO | fetch_order_book: mid=0.06579 spread=3.04bps bids=20 asks=20
2026-05-09 17:48:57,062 | INFO | SPREAD | pair=CHIP/USDC | cex=0.06578/0.0658 | dex_sell=0.0657795 dex_buy=0.0657964 | spread_a=-3.1bps spread_b=-2.5bps | min=30.0bps
2026-05-09 17:48:58,065 | INFO | fetch_order_book: symbol=CHIP/USDC limit=20
2026-05-09 17:48:58,331 | INFO | fetch_order_book: mid=0.065785 spread=4.56bps bids=20 asks=20
2026-05-09 17:48:59,207 | INFO | SPREAD | pair=CHIP/USDC | cex=0.06577/0.0658 | dex_sell=0.0657795 dex_buy=0.0657964 | spread_a=-3.1bps spread_b=-4.0bps | min=30.0bps
2026-05-09 17:49:00,210 | INFO | fetch_order_book: symbol=CHIP/USDC limit=20
2026-05-09 17:49:00,473 | INFO | fetch_order_book: mid=0.06577 spread=6.08bps bids=20 asks=20
2026-05-09 17:49:01,334 | INFO | SPREAD | pair=CHIP/USDC | cex=0.06575/0.06579 | dex_sell=0.0657795 dex_buy=0.0657964 | spread_a=-1.6bps spread_b=-7.1bps | min=30.0bps
2026-05-09 17:49:02,336 | INFO | fetch_order_book: symbol=CHIP/USDC limit=20
2026-05-09 17:49:02,594 | INFO | fetch_order_book: mid=0.06577 spread=6.08bps bids=20 asks=20
2026-05-09 17:49:03,435 | INFO | SPREAD | pair=CHIP/USDC | cex=0.06575/0.06579 | dex_sell=0.0657795 dex_buy=0.0657964 | spread_a=-1.6bps spread_b=-7.1bps | min=30.0bps
2026-05-09 17:49:04,437 | INFO | fetch_order_book: symbol=CHIP/USDC limit=20
2026-05-09 17:49:04,693 | INFO | fetch_order_book: mid=0.06577 spread=6.08bps bids=20 asks=20
2026-05-09 17:49:05,528 | INFO | SPREAD | pair=CHIP/USDC | cex=0.06575/0.06579 | dex_sell=0.0657795 dex_buy=0.0657964 | spread_a=-1.6bps spread_b=-7.1bps | min=30.0bps
2026-05-09 17:49:06,531 | INFO | fetch_order_book: symbol=CHIP/USDC limit=20
2026-05-09 17:49:06,787 | INFO | fetch_order_book: mid=0.065765 spread=7.60bps bids=20 asks=20
2026-05-09 17:49:07,684 | INFO | SPREAD | pair=CHIP/USDC | cex=0.06574/0.06579 | dex_sell=0.0657795 dex_buy=0.0657964 | spread_a=-1.6bps spread_b=-8.6bps | min=30.0bps
2026-05-09 17:49:08,686 | INFO | fetch_order_book: symbol=CHIP/USDC limit=20
2026-05-09 17:49:08,942 | INFO | fetch_order_book: mid=0.06577 spread=6.08bps bids=20 asks=20
2026-05-09 17:49:09,873 | INFO | SPREAD | pair=CHIP/USDC | cex=0.06575/0.06579 | dex_sell=0.0657795 dex_buy=0.0657964 | spread_a=-1.6bps spread_b=-7.1bps | min=30.0bps
2026-05-09 17:49:10,876 | INFO | fetch_order_book: symbol=CHIP/USDC limit=20
2026-05-09 17:49:11,132 | INFO | fetch_order_book: mid=0.06577 spread=6.08bps bids=20 asks=20
2026-05-09 17:49:11,975 | INFO | SPREAD | pair=CHIP/USDC | cex=0.06575/0.06579 | dex_sell=0.0657795 dex_buy=0.0657964 | spread_a=-1.6bps spread_b=-7.1bps | min=30.0bps
2026-05-09 17:49:12,977 | INFO | fetch_order_book: symbol=CHIP/USDC limit=20
2026-05-09 17:49:13,282 | INFO | fetch_order_book: mid=0.06577 spread=6.08bps bids=20 asks=20
2026-05-09 17:49:14,160 | INFO | SPREAD | pair=CHIP/USDC | cex=0.06575/0.06579 | dex_sell=0.0657795 dex_buy=0.0657964 | spread_a=-1.6bps spread_b=-7.1bps | min=30.0bps
2026-05-09 17:49:15,162 | INFO | fetch_order_book: symbol=CHIP/USDC limit=20
2026-05-09 17:49:15,420 | INFO | fetch_order_book: mid=0.06577 spread=6.08bps bids=20 asks=20
2026-05-09 17:49:16,283 | INFO | SPREAD | pair=CHIP/USDC | cex=0.06575/0.06579 | dex_sell=0.0657795 dex_buy=0.0657964 | spread_a=-1.6bps spread_b=-7.1bps | min=30.0bps
2026-05-09 17:49:17,285 | INFO | fetch_order_book: symbol=CHIP/USDC limit=20
2026-05-09 17:49:17,584 | INFO | fetch_order_book: mid=0.065775 spread=7.60bps bids=20 asks=20
2026-05-09 17:49:18,428 | INFO | SPREAD | pair=CHIP/USDC | cex=0.06575/0.0658 | dex_sell=0.0657795 dex_buy=0.0657964 | spread_a=-3.1bps spread_b=-7.1bps | min=30.0bps
2026-05-09 17:49:19,430 | INFO | fetch_order_book: symbol=CHIP/USDC limit=20
2026-05-09 17:49:19,832 | INFO | fetch_order_book: mid=0.065785 spread=4.56bps bids=20 asks=20
2026-05-09 17:49:20,819 | INFO | SPREAD | pair=CHIP/USDC | cex=0.06577/0.0658 | dex_sell=0.0657795 dex_buy=0.0657964 | spread_a=-3.1bps spread_b=-4.0bps | min=30.0bps
2026-05-09 17:49:21,820 | INFO | fetch_order_book: symbol=CHIP/USDC limit=20
2026-05-09 17:49:22,079 | INFO | fetch_order_book: mid=0.065785 spread=4.56bps bids=20 asks=20
2026-05-09 17:49:22,947 | INFO | SPREAD | pair=CHIP/USDC | cex=0.06577/0.0658 | dex_sell=0.0657795 dex_buy=0.0657964 | spread_a=-3.1bps spread_b=-4.0bps | min=30.0bps
2026-05-09 17:49:23,950 | INFO | fetch_order_book: symbol=CHIP/USDC limit=20
2026-05-09 17:49:24,206 | INFO | fetch_order_book: mid=0.06571 spread=3.04bps bids=20 asks=20
2026-05-09 17:49:25,106 | INFO | SPREAD | pair=CHIP/USDC | cex=0.0657/0.06572 | dex_sell=0.0657795 dex_buy=0.0657701 | spread_a=9.1bps spread_b=-10.7bps | min=30.0bps
2026-05-09 17:49:26,108 | INFO | fetch_order_book: symbol=CHIP/USDC limit=20
2026-05-09 17:49:26,367 | INFO | fetch_order_book: mid=0.065715 spread=7.61bps bids=20 asks=20
2026-05-09 17:49:27,318 | INFO | SPREAD | pair=CHIP/USDC | cex=0.06569/0.06574 | dex_sell=0.0656934 dex_buy=0.0657103 | spread_a=-7.1bps spread_b=-3.1bps | min=30.0bps
2026-05-09 17:49:28,320 | INFO | fetch_order_book: symbol=CHIP/USDC limit=20
2026-05-09 17:49:28,586 | INFO | fetch_order_book: mid=0.06570 spread=3.04bps bids=20 asks=20
2026-05-09 17:49:29,509 | INFO | SPREAD | pair=CHIP/USDC | cex=0.06569/0.06571 | dex_sell=0.0656934 dex_buy=0.0657103 | spread_a=-2.5bps spread_b=-3.1bps | min=30.0bps
2026-05-09 17:49:30,511 | INFO | fetch_order_book: symbol=CHIP/USDC limit=20
2026-05-09 17:49:30,779 | INFO | fetch_order_book: mid=0.06570 spread=3.04bps bids=20 asks=20
2026-05-09 17:49:31,655 | INFO | SPREAD | pair=CHIP/USDC | cex=0.06569/0.06571 | dex_sell=0.0656934 dex_buy=0.0657103 | spread_a=-2.5bps spread_b=-3.1bps | min=30.0bps
2026-05-09 17:49:32,657 | INFO | fetch_order_book: symbol=CHIP/USDC limit=20
2026-05-09 17:49:32,915 | INFO | fetch_order_book: mid=0.065695 spread=4.57bps bids=20 asks=20
2026-05-09 17:49:33,818 | INFO | SPREAD | pair=CHIP/USDC | cex=0.06568/0.06571 | dex_sell=0.0656934 dex_buy=0.0657103 | spread_a=-2.5bps spread_b=-4.6bps | min=30.0bps
2026-05-09 17:49:34,820 | INFO | fetch_order_book: symbol=CHIP/USDC limit=20
2026-05-09 17:49:35,076 | INFO | fetch_order_book: mid=0.065695 spread=4.57bps bids=20 asks=20
2026-05-09 17:49:35,936 | INFO | SPREAD | pair=CHIP/USDC | cex=0.06568/0.06571 | dex_sell=0.0656934 dex_buy=0.0657103 | spread_a=-2.5bps spread_b=-4.6bps | min=30.0bps
2026-05-09 17:49:36,938 | INFO | fetch_order_book: symbol=CHIP/USDC limit=20
2026-05-09 17:49:37,271 | INFO | fetch_order_book: mid=0.06569 spread=3.04bps bids=20 asks=20
2026-05-09 17:49:38,178 | INFO | SPREAD | pair=CHIP/USDC | cex=0.06568/0.0657 | dex_sell=0.0656934 dex_buy=0.0657103 | spread_a=-1.0bps spread_b=-4.6bps | min=30.0bps
2026-05-09 17:49:39,181 | INFO | fetch_order_book: symbol=CHIP/USDC limit=20
2026-05-09 17:49:39,438 | INFO | fetch_order_book: mid=0.065685 spread=1.52bps bids=20 asks=20
2026-05-09 17:49:40,273 | INFO | SPREAD | pair=CHIP/USDC | cex=0.06568/0.06569 | dex_sell=0.0656934 dex_buy=0.0657103 | spread_a=0.5bps spread_b=-4.6bps | min=30.0bps
2026-05-09 17:49:41,275 | INFO | fetch_order_book: symbol=CHIP/USDC limit=20
2026-05-09 17:49:41,531 | INFO | fetch_order_book: mid=0.065685 spread=1.52bps bids=20 asks=20
2026-05-09 17:49:42,442 | INFO | SPREAD | pair=CHIP/USDC | cex=0.06568/0.06569 | dex_sell=0.0656934 dex_buy=0.0657103 | spread_a=0.5bps spread_b=-4.6bps | min=30.0bps
2026-05-09 17:49:43,444 | INFO | fetch_order_book: symbol=CHIP/USDC limit=20
2026-05-09 17:49:43,700 | INFO | fetch_order_book: mid=0.065685 spread=1.52bps bids=20 asks=20
2026-05-09 17:49:44,530 | INFO | SPREAD | pair=CHIP/USDC | cex=0.06568/0.06569 | dex_sell=0.0656934 dex_buy=0.0657103 | spread_a=0.5bps spread_b=-4.6bps | min=30.0bps
2026-05-09 17:49:45,532 | INFO | fetch_order_book: symbol=CHIP/USDC limit=20
2026-05-09 17:49:45,790 | INFO | fetch_order_book: mid=0.065685 spread=1.52bps bids=20 asks=20
2026-05-09 17:49:46,689 | INFO | SPREAD | pair=CHIP/USDC | cex=0.06568/0.06569 | dex_sell=0.0656934 dex_buy=0.0657103 | spread_a=0.5bps spread_b=-4.6bps | min=30.0bps
2026-05-09 17:49:47,692 | INFO | fetch_order_book: symbol=CHIP/USDC limit=20
2026-05-09 17:49:47,947 | INFO | fetch_order_book: mid=0.065685 spread=1.52bps bids=20 asks=20
2026-05-09 17:49:48,880 | INFO | SPREAD | pair=CHIP/USDC | cex=0.06568/0.06569 | dex_sell=0.0656935 dex_buy=0.0657104 | spread_a=0.5bps spread_b=-4.6bps | min=30.0bps
2026-05-09 17:49:49,882 | INFO | fetch_order_book: symbol=CHIP/USDC limit=20
2026-05-09 17:49:50,139 | INFO | fetch_order_book: mid=0.06571 spread=3.04bps bids=20 asks=20
2026-05-09 17:49:51,154 | INFO | SPREAD | pair=CHIP/USDC | cex=0.0657/0.06572 | dex_sell=0.0656935 dex_buy=0.0657104 | spread_a=-4.0bps spread_b=-1.6bps | min=30.0bps
2026-05-09 17:49:52,156 | INFO | fetch_order_book: symbol=CHIP/USDC limit=20
2026-05-09 17:49:52,415 | INFO | fetch_order_book: mid=0.06572 spread=6.09bps bids=20 asks=20
2026-05-09 17:49:53,278 | INFO | SPREAD | pair=CHIP/USDC | cex=0.0657/0.06574 | dex_sell=0.0656935 dex_buy=0.0657104 | spread_a=-7.1bps spread_b=-1.6bps | min=30.0bps
2026-05-09 17:49:54,280 | INFO | fetch_order_book: symbol=CHIP/USDC limit=20
2026-05-09 17:49:54,536 | INFO | fetch_order_book: mid=0.065725 spread=4.56bps bids=20 asks=20
2026-05-09 17:49:55,483 | INFO | SPREAD | pair=CHIP/USDC | cex=0.06571/0.06574 | dex_sell=0.0656935 dex_buy=0.0657104 | spread_a=-7.1bps spread_b=-0.1bps | min=30.0bps
2026-05-09 17:49:56,485 | INFO | fetch_order_book: symbol=CHIP/USDC limit=20
2026-05-09 17:49:56,741 | INFO | fetch_order_book: mid=0.06571 spread=6.09bps bids=20 asks=20
2026-05-09 17:49:57,555 | INFO | SPREAD | pair=CHIP/USDC | cex=0.06569/0.06573 | dex_sell=0.0656935 dex_buy=0.0657104 | spread_a=-5.5bps spread_b=-3.1bps | min=30.0bps
2026-05-09 17:49:58,558 | INFO | fetch_order_book: symbol=CHIP/USDC limit=20
2026-05-09 17:49:58,814 | INFO | fetch_order_book: mid=0.06571 spread=6.09bps bids=20 asks=20
2026-05-09 17:49:59,779 | INFO | SPREAD | pair=CHIP/USDC | cex=0.06569/0.06573 | dex_sell=0.0656935 dex_buy=0.0657104 | spread_a=-5.5bps spread_b=-3.1bps | min=30.0bps
2026-05-09 17:50:00,782 | INFO | fetch_order_book: symbol=CHIP/USDC limit=20
2026-05-09 17:50:01,042 | INFO | fetch_order_book: mid=0.065705 spread=4.57bps bids=20 asks=20
2026-05-09 17:50:01,953 | INFO | SPREAD | pair=CHIP/USDC | cex=0.06569/0.06572 | dex_sell=0.0656935 dex_buy=0.0657104 | spread_a=-4.0bps spread_b=-3.1bps | min=30.0bps
2026-05-09 17:50:02,955 | INFO | fetch_order_book: symbol=CHIP/USDC limit=20
2026-05-09 17:50:03,249 | INFO | fetch_order_book: mid=0.065695 spread=4.57bps bids=20 asks=20
2026-05-09 17:50:04,157 | INFO | SPREAD | pair=CHIP/USDC | cex=0.06568/0.06571 | dex_sell=0.0656935 dex_buy=0.0657104 | spread_a=-2.5bps spread_b=-4.6bps | min=30.0bps
2026-05-09 17:50:05,159 | INFO | fetch_order_book: symbol=CHIP/USDC limit=20
2026-05-09 17:50:05,417 | INFO | fetch_order_book: mid=0.065695 spread=4.57bps bids=20 asks=20
2026-05-09 17:50:06,298 | INFO | SPREAD | pair=CHIP/USDC | cex=0.06568/0.06571 | dex_sell=0.0656935 dex_buy=0.0657104 | spread_a=-2.5bps spread_b=-4.6bps | min=30.0bps
2026-05-09 17:50:07,300 | INFO | fetch_order_book: symbol=CHIP/USDC limit=20
2026-05-09 17:50:07,557 | INFO | fetch_order_book: mid=0.065685 spread=1.52bps bids=20 asks=20
2026-05-09 17:50:08,485 | INFO | SPREAD | pair=CHIP/USDC | cex=0.06568/0.06569 | dex_sell=0.0656935 dex_buy=0.0657104 | spread_a=0.5bps spread_b=-4.6bps | min=30.0bps
2026-05-09 17:50:09,488 | INFO | fetch_order_book: symbol=CHIP/USDC limit=20
2026-05-09 17:50:09,751 | INFO | fetch_order_book: mid=0.06568 spread=3.05bps bids=20 asks=20
2026-05-09 17:50:10,594 | INFO | SPREAD | pair=CHIP/USDC | cex=0.06567/0.06569 | dex_sell=0.0656935 dex_buy=0.0657104 | spread_a=0.5bps spread_b=-6.1bps | min=30.0bps
2026-05-09 17:50:11,597 | INFO | fetch_order_book: symbol=CHIP/USDC limit=20
2026-05-09 17:50:11,854 | INFO | fetch_order_book: mid=0.065645 spread=1.52bps bids=20 asks=20
2026-05-09 17:50:12,776 | INFO | SPREAD | pair=CHIP/USDC | cex=0.06564/0.06565 | dex_sell=0.0656733 dex_buy=0.0656503 | spread_a=3.5bps spread_b=-1.6bps | min=30.0bps
2026-05-09 17:50:13,778 | INFO | fetch_order_book: symbol=CHIP/USDC limit=20
2026-05-09 17:50:14,039 | INFO | fetch_order_book: mid=0.065655 spread=4.57bps bids=20 asks=20
2026-05-09 17:50:14,888 | INFO | SPREAD | pair=CHIP/USDC | cex=0.06564/0.06567 | dex_sell=0.0656334 dex_buy=0.0656503 | spread_a=-5.6bps spread_b=-1.6bps | min=30.0bps
2026-05-09 17:50:15,890 | INFO | fetch_order_book: symbol=CHIP/USDC limit=20
2026-05-09 17:50:16,147 | INFO | fetch_order_book: mid=0.06567 spread=6.09bps bids=20 asks=20
2026-05-09 17:50:17,030 | INFO | SPREAD | pair=CHIP/USDC | cex=0.06565/0.06569 | dex_sell=0.0656334 dex_buy=0.0656503 | spread_a=-8.6bps spread_b=-0.0bps | min=30.0bps
2026-05-09 17:50:18,032 | INFO | fetch_order_book: symbol=CHIP/USDC limit=20
2026-05-09 17:50:18,288 | INFO | fetch_order_book: mid=0.06567 spread=6.09bps bids=20 asks=20
2026-05-09 17:50:19,114 | INFO | SPREAD | pair=CHIP/USDC | cex=0.06565/0.06569 | dex_sell=0.0656595 dex_buy=0.0656764 | spread_a=-4.6bps spread_b=-4.0bps | min=30.0bps
2026-05-09 17:50:20,116 | INFO | fetch_order_book: symbol=CHIP/USDC limit=20
2026-05-09 17:50:20,379 | INFO | fetch_order_book: mid=0.06566 spread=6.09bps bids=20 asks=20
2026-05-09 17:50:21,283 | INFO | SPREAD | pair=CHIP/USDC | cex=0.06564/0.06568 | dex_sell=0.0656595 dex_buy=0.0656764 | spread_a=-3.1bps spread_b=-5.5bps | min=30.0bps
2026-05-09 17:50:22,285 | INFO | fetch_order_book: symbol=CHIP/USDC limit=20
2026-05-09 17:50:22,541 | INFO | fetch_order_book: mid=0.06565 spread=3.05bps bids=20 asks=20
2026-05-09 17:50:23,423 | INFO | SPREAD | pair=CHIP/USDC | cex=0.06564/0.06566 | dex_sell=0.0656595 dex_buy=0.0656764 | spread_a=-0.1bps spread_b=-5.5bps | min=30.0bps
2026-05-09 17:50:24,425 | INFO | fetch_order_book: symbol=CHIP/USDC limit=20
2026-05-09 17:50:24,688 | INFO | fetch_order_book: mid=0.06565 spread=3.05bps bids=20 asks=20
2026-05-09 17:50:25,579 | INFO | SPREAD | pair=CHIP/USDC | cex=0.06564/0.06566 | dex_sell=0.0656595 dex_buy=0.0656764 | spread_a=-0.1bps spread_b=-5.5bps | min=30.0bps
2026-05-09 17:50:26,581 | INFO | fetch_order_book: symbol=CHIP/USDC limit=20
2026-05-09 17:50:26,834 | INFO | fetch_order_book: mid=0.06565 spread=3.05bps bids=20 asks=20
2026-05-09 17:50:27,715 | INFO | SPREAD | pair=CHIP/USDC | cex=0.06564/0.06566 | dex_sell=0.0656595 dex_buy=0.0656764 | spread_a=-0.1bps spread_b=-5.5bps | min=30.0bps
2026-05-09 17:50:28,717 | INFO | fetch_order_book: symbol=CHIP/USDC limit=20
2026-05-09 17:50:28,982 | INFO | fetch_order_book: mid=0.065655 spread=4.57bps bids=20 asks=20
2026-05-09 17:50:29,910 | INFO | SPREAD | pair=CHIP/USDC | cex=0.06564/0.06567 | dex_sell=0.0656595 dex_buy=0.0656764 | spread_a=-1.6bps spread_b=-5.5bps | min=30.0bps
2026-05-09 17:50:30,912 | INFO | fetch_order_book: symbol=CHIP/USDC limit=20
2026-05-09 17:50:31,167 | INFO | fetch_order_book: mid=0.06566 spread=6.09bps bids=20 asks=20
2026-05-09 17:50:32,046 | INFO | SPREAD | pair=CHIP/USDC | cex=0.06564/0.06568 | dex_sell=0.0656595 dex_buy=0.0656764 | spread_a=-3.1bps spread_b=-5.5bps | min=30.0bps
2026-05-09 17:50:33,048 | INFO | fetch_order_book: symbol=CHIP/USDC limit=20
2026-05-09 17:50:33,381 | INFO | fetch_order_book: mid=0.06567 spread=6.09bps bids=20 asks=20
2026-05-09 17:50:34,280 | INFO | SPREAD | pair=CHIP/USDC | cex=0.06565/0.06569 | dex_sell=0.0656595 dex_buy=0.0656764 | spread_a=-4.6bps spread_b=-4.0bps | min=30.0bps
2026-05-09 17:50:35,282 | INFO | fetch_order_book: symbol=CHIP/USDC limit=20
2026-05-09 17:50:35,545 | INFO | fetch_order_book: mid=0.065675 spread=7.61bps bids=20 asks=20
2026-05-09 17:50:36,392 | INFO | SPREAD | pair=CHIP/USDC | cex=0.06565/0.0657 | dex_sell=0.0656595 dex_buy=0.0656764 | spread_a=-6.2bps spread_b=-4.0bps | min=30.0bps
2026-05-09 17:50:37,395 | INFO | fetch_order_book: symbol=CHIP/USDC limit=20
2026-05-09 17:50:37,651 | INFO | fetch_order_book: mid=0.065675 spread=7.61bps bids=20 asks=20
2026-05-09 17:50:38,551 | INFO | SPREAD | pair=CHIP/USDC | cex=0.06565/0.0657 | dex_sell=0.0656595 dex_buy=0.0656764 | spread_a=-6.2bps spread_b=-4.0bps | min=30.0bps
2026-05-09 17:50:39,553 | INFO | fetch_order_book: symbol=CHIP/USDC limit=20
2026-05-09 17:50:39,811 | INFO | fetch_order_book: mid=0.065685 spread=4.57bps bids=20 asks=20
2026-05-09 17:50:40,697 | INFO | SPREAD | pair=CHIP/USDC | cex=0.06567/0.0657 | dex_sell=0.0656595 dex_buy=0.0656764 | spread_a=-6.2bps spread_b=-1.0bps | min=30.0bps
2026-05-09 17:50:41,700 | INFO | fetch_order_book: symbol=CHIP/USDC limit=20
2026-05-09 17:50:41,967 | INFO | fetch_order_book: mid=0.065685 spread=4.57bps bids=20 asks=20
2026-05-09 17:50:42,882 | INFO | SPREAD | pair=CHIP/USDC | cex=0.06567/0.0657 | dex_sell=0.0656595 dex_buy=0.0656764 | spread_a=-6.2bps spread_b=-1.0bps | min=30.0bps
2026-05-09 17:50:43,884 | INFO | fetch_order_book: symbol=CHIP/USDC limit=20
2026-05-09 17:50:44,144 | INFO | fetch_order_book: mid=0.065685 spread=4.57bps bids=20 asks=20
2026-05-09 17:50:44,988 | INFO | SPREAD | pair=CHIP/USDC | cex=0.06567/0.0657 | dex_sell=0.0656595 dex_buy=0.0656764 | spread_a=-6.2bps spread_b=-1.0bps | min=30.0bps
2026-05-09 17:50:45,990 | INFO | fetch_order_book: symbol=CHIP/USDC limit=20
2026-05-09 17:50:46,278 | INFO | fetch_order_book: mid=0.065685 spread=4.57bps bids=20 asks=20
2026-05-09 17:50:47,234 | INFO | SPREAD | pair=CHIP/USDC | cex=0.06567/0.0657 | dex_sell=0.0656595 dex_buy=0.0656764 | spread_a=-6.2bps spread_b=-1.0bps | min=30.0bps
2026-05-09 17:50:48,236 | INFO | fetch_order_book: symbol=CHIP/USDC limit=20
2026-05-09 17:50:48,492 | INFO | fetch_order_book: mid=0.065695 spread=1.52bps bids=20 asks=20
2026-05-09 17:50:49,406 | INFO | SPREAD | pair=CHIP/USDC | cex=0.06569/0.0657 | dex_sell=0.0656595 dex_buy=0.0656764 | spread_a=-6.2bps spread_b=2.1bps | min=30.0bps
2026-05-09 17:50:50,410 | INFO | fetch_order_book: symbol=CHIP/USDC limit=20
2026-05-09 17:50:50,665 | INFO | fetch_order_book: mid=0.065695 spread=1.52bps bids=20 asks=20
2026-05-09 17:50:51,555 | INFO | SPREAD | pair=CHIP/USDC | cex=0.06569/0.0657 | dex_sell=0.0656595 dex_buy=0.0656764 | spread_a=-6.2bps spread_b=2.1bps | min=30.0bps
2026-05-09 17:50:52,558 | INFO | fetch_order_book: symbol=CHIP/USDC limit=20
2026-05-09 17:50:52,815 | INFO | fetch_order_book: mid=0.065695 spread=1.52bps bids=20 asks=20
2026-05-09 17:50:53,712 | INFO | SPREAD | pair=CHIP/USDC | cex=0.06569/0.0657 | dex_sell=0.0656595 dex_buy=0.0656764 | spread_a=-6.2bps spread_b=2.1bps | min=30.0bps
2026-05-09 17:50:54,714 | INFO | fetch_order_book: symbol=CHIP/USDC limit=20
2026-05-09 17:50:54,969 | INFO | fetch_order_book: mid=0.06569 spread=3.04bps bids=20 asks=20
2026-05-09 17:50:55,862 | INFO | SPREAD | pair=CHIP/USDC | cex=0.06568/0.0657 | dex_sell=0.0656595 dex_buy=0.0656764 | spread_a=-6.2bps spread_b=0.6bps | min=30.0bps
2026-05-09 17:50:56,863 | INFO | fetch_order_book: symbol=CHIP/USDC limit=20
2026-05-09 17:50:57,135 | INFO | fetch_order_book: mid=0.06569 spread=3.04bps bids=20 asks=20
2026-05-09 17:50:58,010 | INFO | SPREAD | pair=CHIP/USDC | cex=0.06568/0.0657 | dex_sell=0.0656595 dex_buy=0.0656764 | spread_a=-6.2bps spread_b=0.6bps | min=30.0bps
2026-05-09 17:50:59,013 | INFO | fetch_order_book: symbol=CHIP/USDC limit=20
2026-05-09 17:50:59,390 | INFO | fetch_order_book: mid=0.06569 spread=3.04bps bids=20 asks=20
2026-05-09 17:51:00,346 | INFO | SPREAD | pair=CHIP/USDC | cex=0.06568/0.0657 | dex_sell=0.0656595 dex_buy=0.0656965 | spread_a=-6.2bps spread_b=-2.5bps | min=30.0bps
2026-05-09 17:51:01,348 | INFO | fetch_order_book: symbol=CHIP/USDC limit=20
2026-05-09 17:51:01,603 | INFO | fetch_order_book: mid=0.06571 spread=3.04bps bids=20 asks=20
2026-05-09 17:51:02,474 | INFO | SPREAD | pair=CHIP/USDC | cex=0.0657/0.06572 | dex_sell=0.0656797 dex_buy=0.0656965 | spread_a=-6.1bps spread_b=0.5bps | min=30.0bps
2026-05-09 17:51:03,477 | INFO | fetch_order_book: symbol=CHIP/USDC limit=20
2026-05-09 17:51:03,736 | INFO | fetch_order_book: mid=0.06573 spread=3.04bps bids=20 asks=20
2026-05-09 17:51:04,622 | INFO | SPREAD | pair=CHIP/USDC | cex=0.06572/0.06574 | dex_sell=0.0657097 dex_buy=0.0657265 | spread_a=-4.6bps spread_b=-1.0bps | min=30.0bps
2026-05-09 17:51:05,624 | INFO | fetch_order_book: symbol=CHIP/USDC limit=20
2026-05-09 17:51:05,889 | INFO | fetch_order_book: mid=0.06573 spread=3.04bps bids=20 asks=20
2026-05-09 17:51:06,769 | INFO | SPREAD | pair=CHIP/USDC | cex=0.06572/0.06574 | dex_sell=0.0657097 dex_buy=0.0657265 | spread_a=-4.6bps spread_b=-1.0bps | min=30.0bps
2026-05-09 17:51:07,771 | INFO | fetch_order_book: symbol=CHIP/USDC limit=20
2026-05-09 17:51:08,029 | INFO | fetch_order_book: mid=0.06573 spread=3.04bps bids=20 asks=20
2026-05-09 17:51:08,930 | INFO | SPREAD | pair=CHIP/USDC | cex=0.06572/0.06574 | dex_sell=0.0657097 dex_buy=0.0657265 | spread_a=-4.6bps spread_b=-1.0bps | min=30.0bps
2026-05-09 17:51:09,931 | INFO | fetch_order_book: symbol=CHIP/USDC limit=20
2026-05-09 17:51:10,192 | INFO | fetch_order_book: mid=0.06573 spread=3.04bps bids=20 asks=20
2026-05-09 17:51:11,137 | INFO | SPREAD | pair=CHIP/USDC | cex=0.06572/0.06574 | dex_sell=0.0657097 dex_buy=0.0657265 | spread_a=-4.6bps spread_b=-1.0bps | min=30.0bps
2026-05-09 17:51:12,140 | INFO | fetch_order_book: symbol=CHIP/USDC limit=20
2026-05-09 17:51:12,407 | INFO | fetch_order_book: mid=0.06573 spread=3.04bps bids=20 asks=20
2026-05-09 17:51:13,333 | INFO | SPREAD | pair=CHIP/USDC | cex=0.06572/0.06574 | dex_sell=0.0657097 dex_buy=0.0657265 | spread_a=-4.6bps spread_b=-1.0bps | min=30.0bps
2026-05-09 17:51:14,335 | INFO | fetch_order_book: symbol=CHIP/USDC limit=20
2026-05-09 17:51:14,627 | INFO | fetch_order_book: mid=0.06573 spread=3.04bps bids=20 asks=20
2026-05-09 17:51:15,452 | INFO | SPREAD | pair=CHIP/USDC | cex=0.06572/0.06574 | dex_sell=0.0657097 dex_buy=0.0657265 | spread_a=-4.6bps spread_b=-1.0bps | min=30.0bps
2026-05-09 17:51:16,454 | INFO | fetch_order_book: symbol=CHIP/USDC limit=20
2026-05-09 17:51:16,714 | INFO | fetch_order_book: mid=0.06573 spread=3.04bps bids=20 asks=20
2026-05-09 17:51:17,616 | INFO | SPREAD | pair=CHIP/USDC | cex=0.06572/0.06574 | dex_sell=0.0657097 dex_buy=0.0657265 | spread_a=-4.6bps spread_b=-1.0bps | min=30.0bps
2026-05-09 17:51:18,618 | INFO | fetch_order_book: symbol=CHIP/USDC limit=20
2026-05-09 17:51:18,931 | INFO | fetch_order_book: mid=0.065735 spread=1.52bps bids=20 asks=20
2026-05-09 17:51:19,772 | INFO | SPREAD | pair=CHIP/USDC | cex=0.06573/0.06574 | dex_sell=0.0657097 dex_buy=0.0657265 | spread_a=-4.6bps spread_b=0.5bps | min=30.0bps
2026-05-09 17:51:20,774 | INFO | fetch_order_book: symbol=CHIP/USDC limit=20
2026-05-09 17:51:21,034 | INFO | fetch_order_book: mid=0.065735 spread=1.52bps bids=20 asks=20
2026-05-09 17:51:21,954 | INFO | SPREAD | pair=CHIP/USDC | cex=0.06573/0.06574 | dex_sell=0.0657097 dex_buy=0.0657265 | spread_a=-4.6bps spread_b=0.5bps | min=30.0bps
2026-05-09 17:51:22,956 | INFO | fetch_order_book: symbol=CHIP/USDC limit=20
2026-05-09 17:51:23,214 | INFO | fetch_order_book: mid=0.065735 spread=1.52bps bids=20 asks=20
2026-05-09 17:51:24,092 | INFO | SPREAD | pair=CHIP/USDC | cex=0.06573/0.06574 | dex_sell=0.0657097 dex_buy=0.0657265 | spread_a=-4.6bps spread_b=0.5bps | min=30.0bps
2026-05-09 17:51:25,094 | INFO | fetch_order_book: symbol=CHIP/USDC limit=20
2026-05-09 17:51:25,351 | INFO | fetch_order_book: mid=0.06577 spread=3.04bps bids=20 asks=20
2026-05-09 17:51:26,285 | INFO | SPREAD | pair=CHIP/USDC | cex=0.06576/0.06578 | dex_sell=0.0657397 dex_buy=0.0657566 | spread_a=-6.1bps spread_b=0.5bps | min=30.0bps
2026-05-09 17:51:27,288 | INFO | fetch_order_book: symbol=CHIP/USDC limit=20
2026-05-09 17:51:27,545 | INFO | fetch_order_book: mid=0.06576 spread=6.08bps bids=20 asks=20
2026-05-09 17:51:28,449 | INFO | SPREAD | pair=CHIP/USDC | cex=0.06574/0.06578 | dex_sell=0.0657397 dex_buy=0.0657566 | spread_a=-6.1bps spread_b=-2.5bps | min=30.0bps
2026-05-09 17:51:29,452 | INFO | fetch_order_book: symbol=CHIP/USDC limit=20
2026-05-09 17:51:29,720 | INFO | fetch_order_book: mid=0.06575 spread=6.08bps bids=20 asks=20
2026-05-09 17:51:30,613 | INFO | SPREAD | pair=CHIP/USDC | cex=0.06573/0.06577 | dex_sell=0.0657397 dex_buy=0.0657566 | spread_a=-4.6bps spread_b=-4.0bps | min=30.0bps
2026-05-09 17:51:31,615 | INFO | fetch_order_book: symbol=CHIP/USDC limit=20
2026-05-09 17:51:31,873 | INFO | fetch_order_book: mid=0.06572 spread=6.09bps bids=20 asks=20
2026-05-09 17:51:32,750 | INFO | SPREAD | pair=CHIP/USDC | cex=0.0657/0.06574 | dex_sell=0.0657397 dex_buy=0.0657566 | spread_a=-0.0bps spread_b=-8.6bps | min=30.0bps
2026-05-09 17:51:33,753 | INFO | fetch_order_book: symbol=CHIP/USDC limit=20
2026-05-09 17:51:34,012 | INFO | fetch_order_book: mid=0.065715 spread=4.57bps bids=20 asks=20
2026-05-09 17:51:34,900 | INFO | SPREAD | pair=CHIP/USDC | cex=0.0657/0.06573 | dex_sell=0.0657134 dex_buy=0.0657303 | spread_a=-2.5bps spread_b=-4.6bps | min=30.0bps
2026-05-09 17:51:35,902 | INFO | fetch_order_book: symbol=CHIP/USDC limit=20
2026-05-09 17:51:36,167 | INFO | fetch_order_book: mid=0.065715 spread=4.57bps bids=20 asks=20
2026-05-09 17:51:36,991 | INFO | SPREAD | pair=CHIP/USDC | cex=0.0657/0.06573 | dex_sell=0.0657134 dex_buy=0.0657303 | spread_a=-2.5bps spread_b=-4.6bps | min=30.0bps
2026-05-09 17:51:37,994 | INFO | fetch_order_book: symbol=CHIP/USDC limit=20
2026-05-09 17:51:38,257 | INFO | fetch_order_book: mid=0.06573 spread=6.09bps bids=20 asks=20
2026-05-09 17:51:39,174 | INFO | SPREAD | pair=CHIP/USDC | cex=0.06571/0.06575 | dex_sell=0.0657134 dex_buy=0.0657303 | spread_a=-5.6bps spread_b=-3.1bps | min=30.0bps
2026-05-09 17:51:40,177 | INFO | fetch_order_book: symbol=CHIP/USDC limit=20
2026-05-09 17:51:40,435 | INFO | fetch_order_book: mid=0.06574 spread=6.08bps bids=20 asks=20
2026-05-09 17:51:41,309 | INFO | SPREAD | pair=CHIP/USDC | cex=0.06572/0.06576 | dex_sell=0.0657134 dex_buy=0.0657303 | spread_a=-7.1bps spread_b=-1.6bps | min=30.0bps
2026-05-09 17:51:42,312 | INFO | fetch_order_book: symbol=CHIP/USDC limit=20
2026-05-09 17:51:42,581 | INFO | fetch_order_book: mid=0.06574 spread=6.08bps bids=20 asks=20
2026-05-09 17:51:43,524 | INFO | SPREAD | pair=CHIP/USDC | cex=0.06572/0.06576 | dex_sell=0.0657134 dex_buy=0.0657303 | spread_a=-7.1bps spread_b=-1.6bps | min=30.0bps
2026-05-09 17:51:44,526 | INFO | fetch_order_book: symbol=CHIP/USDC limit=20
2026-05-09 17:51:44,789 | INFO | fetch_order_book: mid=0.06574 spread=6.08bps bids=20 asks=20
2026-05-09 17:51:45,861 | INFO | SPREAD | pair=CHIP/USDC | cex=0.06572/0.06576 | dex_sell=0.0657134 dex_buy=0.0657303 | spread_a=-7.1bps spread_b=-1.6bps | min=30.0bps
2026-05-09 17:51:46,863 | INFO | fetch_order_book: symbol=CHIP/USDC limit=20
2026-05-09 17:51:47,123 | INFO | fetch_order_book: mid=0.06575 spread=3.04bps bids=20 asks=20
2026-05-09 17:51:48,044 | INFO | SPREAD | pair=CHIP/USDC | cex=0.06574/0.06576 | dex_sell=0.0657395 dex_buy=0.0657564 | spread_a=-3.1bps spread_b=-2.5bps | min=30.0bps
2026-05-09 17:51:49,046 | INFO | fetch_order_book: symbol=CHIP/USDC limit=20
2026-05-09 17:51:49,309 | INFO | fetch_order_book: mid=0.06575 spread=3.04bps bids=20 asks=20
2026-05-09 17:51:50,192 | INFO | SPREAD | pair=CHIP/USDC | cex=0.06574/0.06576 | dex_sell=0.0657395 dex_buy=0.0657564 | spread_a=-3.1bps spread_b=-2.5bps | min=30.0bps
2026-05-09 17:51:51,194 | INFO | fetch_order_book: symbol=CHIP/USDC limit=20
2026-05-09 17:51:51,467 | INFO | fetch_order_book: mid=0.065745 spread=4.56bps bids=20 asks=20
2026-05-09 17:51:52,410 | INFO | SPREAD | pair=CHIP/USDC | cex=0.06573/0.06576 | dex_sell=0.0657395 dex_buy=0.0657564 | spread_a=-3.1bps spread_b=-4.0bps | min=30.0bps
2026-05-09 17:51:53,412 | INFO | fetch_order_book: symbol=CHIP/USDC limit=20
2026-05-09 17:51:53,672 | INFO | fetch_order_book: mid=0.06575 spread=3.04bps bids=20 asks=20
2026-05-09 17:51:54,515 | INFO | SPREAD | pair=CHIP/USDC | cex=0.06574/0.06576 | dex_sell=0.0657395 dex_buy=0.0657564 | spread_a=-3.1bps spread_b=-2.5bps | min=30.0bps
2026-05-09 17:51:55,516 | INFO | fetch_order_book: symbol=CHIP/USDC limit=20
2026-05-09 17:51:55,789 | INFO | fetch_order_book: mid=0.06575 spread=3.04bps bids=20 asks=20
2026-05-09 17:51:56,711 | INFO | SPREAD | pair=CHIP/USDC | cex=0.06574/0.06576 | dex_sell=0.0657395 dex_buy=0.0657564 | spread_a=-3.1bps spread_b=-2.5bps | min=30.0bps
2026-05-09 17:51:57,714 | INFO | fetch_order_book: symbol=CHIP/USDC limit=20
2026-05-09 17:51:57,979 | INFO | fetch_order_book: mid=0.06575 spread=3.04bps bids=20 asks=20
2026-05-09 17:51:58,848 | INFO | SPREAD | pair=CHIP/USDC | cex=0.06574/0.06576 | dex_sell=0.0657395 dex_buy=0.0657564 | spread_a=-3.1bps spread_b=-2.5bps | min=30.0bps
2026-05-09 17:51:59,850 | INFO | fetch_order_book: symbol=CHIP/USDC limit=20
2026-05-09 17:52:00,111 | INFO | fetch_order_book: mid=0.06575 spread=3.04bps bids=20 asks=20
2026-05-09 17:52:01,075 | INFO | SPREAD | pair=CHIP/USDC | cex=0.06574/0.06576 | dex_sell=0.0657395 dex_buy=0.0657564 | spread_a=-3.1bps spread_b=-2.5bps | min=30.0bps
2026-05-09 17:52:02,077 | INFO | fetch_order_book: symbol=CHIP/USDC limit=20
2026-05-09 17:52:02,332 | INFO | fetch_order_book: mid=0.06579 spread=3.04bps bids=20 asks=20
2026-05-09 17:52:03,224 | INFO | SPREAD | pair=CHIP/USDC | cex=0.06578/0.0658 | dex_sell=0.0657395 dex_buy=0.0657864 | spread_a=-9.2bps spread_b=-1.0bps | min=30.0bps
2026-05-09 17:52:04,226 | INFO | fetch_order_book: symbol=CHIP/USDC limit=20
2026-05-09 17:52:04,493 | INFO | fetch_order_book: mid=0.06579 spread=3.04bps bids=20 asks=20
2026-05-09 17:52:05,410 | INFO | SPREAD | pair=CHIP/USDC | cex=0.06578/0.0658 | dex_sell=0.0657695 dex_buy=0.0657864 | spread_a=-4.6bps spread_b=-1.0bps | min=30.0bps
2026-05-09 17:52:06,412 | INFO | fetch_order_book: symbol=CHIP/USDC limit=20
2026-05-09 17:52:06,680 | INFO | fetch_order_book: mid=0.06579 spread=3.04bps bids=20 asks=20
2026-05-09 17:52:07,550 | INFO | SPREAD | pair=CHIP/USDC | cex=0.06578/0.0658 | dex_sell=0.0657695 dex_buy=0.0657864 | spread_a=-4.6bps spread_b=-1.0bps | min=30.0bps
2026-05-09 17:52:08,553 | INFO | fetch_order_book: symbol=CHIP/USDC limit=20
2026-05-09 17:52:08,898 | INFO | fetch_order_book: mid=0.06579 spread=3.04bps bids=20 asks=20
2026-05-09 17:52:09,856 | INFO | SPREAD | pair=CHIP/USDC | cex=0.06578/0.0658 | dex_sell=0.0657695 dex_buy=0.0657864 | spread_a=-4.6bps spread_b=-1.0bps | min=30.0bps
2026-05-09 17:52:10,858 | INFO | fetch_order_book: symbol=CHIP/USDC limit=20
2026-05-09 17:52:11,114 | INFO | fetch_order_book: mid=0.06579 spread=3.04bps bids=20 asks=20
2026-05-09 17:52:11,997 | INFO | SPREAD | pair=CHIP/USDC | cex=0.06578/0.0658 | dex_sell=0.0657695 dex_buy=0.0657864 | spread_a=-4.6bps spread_b=-1.0bps | min=30.0bps
2026-05-09 17:52:12,999 | INFO | fetch_order_book: symbol=CHIP/USDC limit=20
2026-05-09 17:52:13,258 | INFO | fetch_order_book: mid=0.06579 spread=3.04bps bids=20 asks=20
2026-05-09 17:52:14,179 | INFO | SPREAD | pair=CHIP/USDC | cex=0.06578/0.0658 | dex_sell=0.0657695 dex_buy=0.0657864 | spread_a=-4.6bps spread_b=-1.0bps | min=30.0bps
2026-05-09 17:52:15,182 | INFO | fetch_order_book: symbol=CHIP/USDC limit=20
2026-05-09 17:52:15,452 | INFO | fetch_order_book: mid=0.065795 spread=1.52bps bids=20 asks=20
2026-05-09 17:52:16,311 | INFO | SPREAD | pair=CHIP/USDC | cex=0.06579/0.0658 | dex_sell=0.0657695 dex_buy=0.0657864 | spread_a=-4.6bps spread_b=0.5bps | min=30.0bps
2026-05-09 17:52:17,313 | INFO | fetch_order_book: symbol=CHIP/USDC limit=20
2026-05-09 17:52:17,576 | INFO | fetch_order_book: mid=0.06579 spread=3.04bps bids=20 asks=20
2026-05-09 17:52:18,481 | INFO | SPREAD | pair=CHIP/USDC | cex=0.06578/0.0658 | dex_sell=0.0657695 dex_buy=0.0657864 | spread_a=-4.6bps spread_b=-1.0bps | min=30.0bps
2026-05-09 17:52:19,483 | INFO | fetch_order_book: symbol=CHIP/USDC limit=20
2026-05-09 17:52:19,792 | INFO | fetch_order_book: mid=0.06579 spread=3.04bps bids=20 asks=20
2026-05-09 17:52:20,800 | INFO | SPREAD | pair=CHIP/USDC | cex=0.06578/0.0658 | dex_sell=0.0657695 dex_buy=0.0657864 | spread_a=-4.6bps spread_b=-1.0bps | min=30.0bps
2026-05-09 17:52:21,803 | INFO | fetch_order_book: symbol=CHIP/USDC limit=20
2026-05-09 17:52:22,064 | INFO | fetch_order_book: mid=0.065815 spread=1.52bps bids=20 asks=20
2026-05-09 17:52:23,002 | INFO | SPREAD | pair=CHIP/USDC | cex=0.06581/0.06582 | dex_sell=0.0657695 dex_buy=0.0657864 | spread_a=-7.7bps spread_b=3.6bps | min=30.0bps
2026-05-09 17:52:24,004 | INFO | fetch_order_book: symbol=CHIP/USDC limit=20
2026-05-09 17:52:24,265 | INFO | fetch_order_book: mid=0.06579 spread=9.12bps bids=20 asks=20
2026-05-09 17:52:25,203 | INFO | SPREAD | pair=CHIP/USDC | cex=0.06576/0.06582 | dex_sell=0.0658296 dex_buy=0.0658465 | spread_a=1.5bps spread_b=-13.1bps | min=30.0bps
2026-05-09 17:52:26,205 | INFO | fetch_order_book: symbol=CHIP/USDC limit=20
2026-05-09 17:52:26,464 | INFO | fetch_order_book: mid=0.06575 spread=3.04bps bids=20 asks=20
2026-05-09 17:52:27,396 | INFO | SPREAD | pair=CHIP/USDC | cex=0.06574/0.06576 | dex_sell=0.0657733 dex_buy=0.0657902 | spread_a=2.0bps spread_b=-7.6bps | min=30.0bps
2026-05-09 17:52:28,397 | INFO | fetch_order_book: symbol=CHIP/USDC limit=20
2026-05-09 17:52:28,653 | INFO | fetch_order_book: mid=0.06575 spread=3.04bps bids=20 asks=20
2026-05-09 17:52:29,563 | INFO | SPREAD | pair=CHIP/USDC | cex=0.06574/0.06576 | dex_sell=0.0657434 dex_buy=0.0657602 | spread_a=-2.5bps spread_b=-3.1bps | min=30.0bps
2026-05-09 17:52:30,565 | INFO | fetch_order_book: symbol=CHIP/USDC limit=20
2026-05-09 17:52:30,821 | INFO | fetch_order_book: mid=0.06575 spread=3.04bps bids=20 asks=20
2026-05-09 17:52:31,702 | INFO | SPREAD | pair=CHIP/USDC | cex=0.06574/0.06576 | dex_sell=0.0657434 dex_buy=0.0657602 | spread_a=-2.5bps spread_b=-3.1bps | min=30.0bps
2026-05-09 17:52:32,704 | INFO | fetch_order_book: symbol=CHIP/USDC limit=20
2026-05-09 17:52:32,962 | INFO | fetch_order_book: mid=0.06575 spread=3.04bps bids=20 asks=20
2026-05-09 17:52:33,853 | INFO | SPREAD | pair=CHIP/USDC | cex=0.06574/0.06576 | dex_sell=0.0657434 dex_buy=0.0657602 | spread_a=-2.5bps spread_b=-3.1bps | min=30.0bps
2026-05-09 17:52:34,855 | INFO | fetch_order_book: symbol=CHIP/USDC limit=20
2026-05-09 17:52:35,116 | INFO | fetch_order_book: mid=0.06575 spread=3.04bps bids=20 asks=20
2026-05-09 17:52:36,015 | INFO | SPREAD | pair=CHIP/USDC | cex=0.06574/0.06576 | dex_sell=0.0657434 dex_buy=0.0657602 | spread_a=-2.5bps spread_b=-3.1bps | min=30.0bps
2026-05-09 17:52:37,017 | INFO | fetch_order_book: symbol=CHIP/USDC limit=20
2026-05-09 17:52:37,425 | INFO | fetch_order_book: mid=0.06571 spread=3.04bps bids=20 asks=20
2026-05-09 17:52:38,369 | INFO | SPREAD | pair=CHIP/USDC | cex=0.0657/0.06572 | dex_sell=0.0657135 dex_buy=0.0657303 | spread_a=-1.0bps spread_b=-4.6bps | min=30.0bps
2026-05-09 17:52:39,371 | INFO | fetch_order_book: symbol=CHIP/USDC limit=20
2026-05-09 17:52:39,625 | INFO | fetch_order_book: mid=0.06573 spread=6.09bps bids=20 asks=20
2026-05-09 17:52:40,539 | INFO | SPREAD | pair=CHIP/USDC | cex=0.06571/0.06575 | dex_sell=0.0657135 dex_buy=0.0657303 | spread_a=-5.6bps spread_b=-3.1bps | min=30.0bps
2026-05-09 17:52:41,541 | INFO | fetch_order_book: symbol=CHIP/USDC limit=20
2026-05-09 17:52:41,801 | INFO | fetch_order_book: mid=0.06575 spread=6.08bps bids=20 asks=20
2026-05-09 17:52:42,819 | INFO | SPREAD | pair=CHIP/USDC | cex=0.06573/0.06577 | dex_sell=0.0657135 dex_buy=0.0657303 | spread_a=-8.6bps spread_b=-0.1bps | min=30.0bps
2026-05-09 17:52:43,821 | INFO | fetch_order_book: symbol=CHIP/USDC limit=20
2026-05-09 17:52:44,080 | INFO | fetch_order_book: mid=0.065765 spread=4.56bps bids=20 asks=20
2026-05-09 17:52:45,004 | INFO | SPREAD | pair=CHIP/USDC | cex=0.06575/0.06578 | dex_sell=0.0657396 dex_buy=0.0657564 | spread_a=-6.1bps spread_b=-1.0bps | min=30.0bps
2026-05-09 17:52:46,006 | INFO | fetch_order_book: symbol=CHIP/USDC limit=20
2026-05-09 17:52:46,271 | INFO | fetch_order_book: mid=0.06576 spread=6.08bps bids=20 asks=20
2026-05-09 17:52:47,151 | INFO | SPREAD | pair=CHIP/USDC | cex=0.06574/0.06578 | dex_sell=0.0657396 dex_buy=0.0657564 | spread_a=-6.1bps spread_b=-2.5bps | min=30.0bps
2026-05-09 17:52:48,153 | INFO | fetch_order_book: symbol=CHIP/USDC limit=20
2026-05-09 17:52:48,529 | INFO | fetch_order_book: mid=0.06576 spread=6.08bps bids=20 asks=20
2026-05-09 17:52:49,512 | INFO | SPREAD | pair=CHIP/USDC | cex=0.06574/0.06578 | dex_sell=0.0657396 dex_buy=0.0657564 | spread_a=-6.1bps spread_b=-2.5bps | min=30.0bps
2026-05-09 17:52:50,515 | INFO | fetch_order_book: symbol=CHIP/USDC limit=20
2026-05-09 17:52:50,785 | INFO | fetch_order_book: mid=0.06576 spread=6.08bps bids=20 asks=20
2026-05-09 17:52:51,640 | INFO | SPREAD | pair=CHIP/USDC | cex=0.06574/0.06578 | dex_sell=0.0657396 dex_buy=0.0657564 | spread_a=-6.1bps spread_b=-2.5bps | min=30.0bps
2026-05-09 17:52:52,641 | INFO | fetch_order_book: symbol=CHIP/USDC limit=20
2026-05-09 17:52:52,896 | INFO | fetch_order_book: mid=0.06576 spread=6.08bps bids=20 asks=20
2026-05-09 17:52:53,823 | INFO | SPREAD | pair=CHIP/USDC | cex=0.06574/0.06578 | dex_sell=0.0657396 dex_buy=0.0657564 | spread_a=-6.1bps spread_b=-2.5bps | min=30.0bps
2026-05-09 17:52:54,826 | INFO | fetch_order_book: symbol=CHIP/USDC limit=20
2026-05-09 17:52:55,085 | INFO | fetch_order_book: mid=0.06575 spread=6.08bps bids=20 asks=20
2026-05-09 17:52:55,967 | INFO | SPREAD | pair=CHIP/USDC | cex=0.06573/0.06577 | dex_sell=0.0657396 dex_buy=0.0657564 | spread_a=-4.6bps spread_b=-4.0bps | min=30.0bps
2026-05-09 17:52:56,970 | INFO | fetch_order_book: symbol=CHIP/USDC limit=20
2026-05-09 17:52:57,227 | INFO | fetch_order_book: mid=0.06576 spread=6.08bps bids=20 asks=20
2026-05-09 17:52:58,108 | INFO | SPREAD | pair=CHIP/USDC | cex=0.06574/0.06578 | dex_sell=0.0657396 dex_buy=0.0657564 | spread_a=-6.1bps spread_b=-2.5bps | min=30.0bps
2026-05-09 17:52:59,110 | INFO | fetch_order_book: symbol=CHIP/USDC limit=20
2026-05-09 17:52:59,369 | INFO | fetch_order_book: mid=0.065735 spread=7.61bps bids=20 asks=20
2026-05-09 17:53:00,214 | INFO | SPREAD | pair=CHIP/USDC | cex=0.06571/0.06576 | dex_sell=0.0657396 dex_buy=0.0657564 | spread_a=-3.1bps spread_b=-7.1bps | min=30.0bps
2026-05-09 17:53:01,216 | INFO | fetch_order_book: symbol=CHIP/USDC limit=20
2026-05-09 17:53:01,486 | INFO | fetch_order_book: mid=0.065715 spread=1.52bps bids=20 asks=20
2026-05-09 17:53:02,504 | INFO | SPREAD | pair=CHIP/USDC | cex=0.06571/0.06572 | dex_sell=0.0657128 dex_buy=0.0657296 | spread_a=-1.1bps spread_b=-3.0bps | min=30.0bps
2026-05-09 17:53:03,507 | INFO | fetch_order_book: symbol=CHIP/USDC limit=20
2026-05-09 17:53:03,773 | INFO | fetch_order_book: mid=0.065715 spread=1.52bps bids=20 asks=20
2026-05-09 17:53:04,596 | INFO | SPREAD | pair=CHIP/USDC | cex=0.06571/0.06572 | dex_sell=0.0657128 dex_buy=0.0657296 | spread_a=-1.1bps spread_b=-3.0bps | min=30.0bps
2026-05-09 17:53:05,599 | INFO | fetch_order_book: symbol=CHIP/USDC limit=20
2026-05-09 17:53:05,859 | INFO | fetch_order_book: mid=0.06571 spread=3.04bps bids=20 asks=20
2026-05-09 17:53:06,770 | INFO | SPREAD | pair=CHIP/USDC | cex=0.0657/0.06572 | dex_sell=0.0657128 dex_buy=0.0657296 | spread_a=-1.1bps spread_b=-4.5bps | min=30.0bps
2026-05-09 17:53:07,772 | INFO | fetch_order_book: symbol=CHIP/USDC limit=20
2026-05-09 17:53:08,027 | INFO | fetch_order_book: mid=0.06571 spread=3.04bps bids=20 asks=20
2026-05-09 17:53:09,008 | INFO | SPREAD | pair=CHIP/USDC | cex=0.0657/0.06572 | dex_sell=0.0657128 dex_buy=0.0657296 | spread_a=-1.1bps spread_b=-4.5bps | min=30.0bps
2026-05-09 17:53:10,010 | INFO | fetch_order_book: symbol=CHIP/USDC limit=20
2026-05-09 17:53:10,361 | INFO | fetch_order_book: mid=0.06569 spread=3.04bps bids=20 asks=20
2026-05-09 17:53:11,304 | INFO | SPREAD | pair=CHIP/USDC | cex=0.06568/0.0657 | dex_sell=0.0657128 dex_buy=0.0656994 | spread_a=1.9bps spread_b=-3.0bps | min=30.0bps
2026-05-09 17:53:12,306 | INFO | fetch_order_book: symbol=CHIP/USDC limit=20
2026-05-09 17:53:12,576 | INFO | fetch_order_book: mid=0.06569 spread=3.04bps bids=20 asks=20
2026-05-09 17:53:13,441 | INFO | SPREAD | pair=CHIP/USDC | cex=0.06568/0.0657 | dex_sell=0.0656826 dex_buy=0.0656994 | spread_a=-2.7bps spread_b=-3.0bps | min=30.0bps
2026-05-09 17:53:14,443 | INFO | fetch_order_book: symbol=CHIP/USDC limit=20
2026-05-09 17:53:14,698 | INFO | fetch_order_book: mid=0.06569 spread=3.04bps bids=20 asks=20
2026-05-09 17:53:15,595 | INFO | SPREAD | pair=CHIP/USDC | cex=0.06568/0.0657 | dex_sell=0.0656826 dex_buy=0.0656994 | spread_a=-2.7bps spread_b=-3.0bps | min=30.0bps
2026-05-09 17:53:16,598 | INFO | fetch_order_book: symbol=CHIP/USDC limit=20
2026-05-09 17:53:16,857 | INFO | fetch_order_book: mid=0.06569 spread=3.04bps bids=20 asks=20
2026-05-09 17:53:17,946 | INFO | SPREAD | pair=CHIP/USDC | cex=0.06568/0.0657 | dex_sell=0.0656826 dex_buy=0.0656994 | spread_a=-2.7bps spread_b=-3.0bps | min=30.0bps
2026-05-09 17:53:18,948 | INFO | fetch_order_book: symbol=CHIP/USDC limit=20
2026-05-09 17:53:19,220 | INFO | fetch_order_book: mid=0.06571 spread=6.09bps bids=20 asks=20
2026-05-09 17:53:20,092 | INFO | SPREAD | pair=CHIP/USDC | cex=0.06569/0.06573 | dex_sell=0.0656826 dex_buy=0.0656995 | spread_a=-7.2bps spread_b=-1.4bps | min=30.0bps
2026-05-09 17:53:21,094 | INFO | fetch_order_book: symbol=CHIP/USDC limit=20
2026-05-09 17:53:21,360 | INFO | fetch_order_book: mid=0.06570 spread=6.09bps bids=20 asks=20
2026-05-09 17:53:22,252 | INFO | SPREAD | pair=CHIP/USDC | cex=0.06568/0.06572 | dex_sell=0.0656826 dex_buy=0.0656995 | spread_a=-5.7bps spread_b=-3.0bps | min=30.0bps
2026-05-09 17:53:23,254 | INFO | fetch_order_book: symbol=CHIP/USDC limit=20
2026-05-09 17:53:23,518 | INFO | fetch_order_book: mid=0.06572 spread=3.04bps bids=20 asks=20
2026-05-09 17:53:24,414 | INFO | SPREAD | pair=CHIP/USDC | cex=0.06571/0.06573 | dex_sell=0.0657089 dex_buy=0.0657258 | spread_a=-3.2bps spread_b=-2.4bps | min=30.0bps
2026-05-09 17:53:25,417 | INFO | fetch_order_book: symbol=CHIP/USDC limit=20
2026-05-09 17:53:25,746 | INFO | fetch_order_book: mid=0.06572 spread=3.04bps bids=20 asks=20
2026-05-09 17:53:26,698 | INFO | SPREAD | pair=CHIP/USDC | cex=0.06571/0.06573 | dex_sell=0.0657089 dex_buy=0.0657258 | spread_a=-3.2bps spread_b=-2.4bps | min=30.0bps
2026-05-09 17:53:27,700 | INFO | fetch_order_book: symbol=CHIP/USDC limit=20
2026-05-09 17:53:27,969 | INFO | fetch_order_book: mid=0.065735 spread=1.52bps bids=20 asks=20
2026-05-09 17:53:28,980 | INFO | SPREAD | pair=CHIP/USDC | cex=0.06573/0.06574 | dex_sell=0.0657089 dex_buy=0.0657258 | spread_a=-4.7bps spread_b=0.6bps | min=30.0bps
2026-05-09 17:53:29,983 | INFO | fetch_order_book: symbol=CHIP/USDC limit=20
2026-05-09 17:53:30,249 | INFO | fetch_order_book: mid=0.065735 spread=1.52bps bids=20 asks=20
2026-05-09 17:53:31,216 | INFO | SPREAD | pair=CHIP/USDC | cex=0.06573/0.06574 | dex_sell=0.0657089 dex_buy=0.0657258 | spread_a=-4.7bps spread_b=0.6bps | min=30.0bps
2026-05-09 17:53:32,219 | INFO | fetch_order_book: symbol=CHIP/USDC limit=20
2026-05-09 17:53:32,480 | INFO | fetch_order_book: mid=0.065735 spread=1.52bps bids=20 asks=20
2026-05-09 17:53:33,464 | INFO | SPREAD | pair=CHIP/USDC | cex=0.06573/0.06574 | dex_sell=0.0657089 dex_buy=0.0657258 | spread_a=-4.7bps spread_b=0.6bps | min=30.0bps
2026-05-09 17:53:34,467 | INFO | fetch_order_book: symbol=CHIP/USDC limit=20
2026-05-09 17:53:34,733 | INFO | fetch_order_book: mid=0.065725 spread=4.56bps bids=20 asks=20
2026-05-09 17:53:35,684 | INFO | SPREAD | pair=CHIP/USDC | cex=0.06571/0.06574 | dex_sell=0.0657089 dex_buy=0.0657258 | spread_a=-4.7bps spread_b=-2.4bps | min=30.0bps
2026-05-09 17:53:36,686 | INFO | fetch_order_book: symbol=CHIP/USDC limit=20
2026-05-09 17:53:36,950 | INFO | fetch_order_book: mid=0.065725 spread=4.56bps bids=20 asks=20
2026-05-09 17:53:37,915 | INFO | SPREAD | pair=CHIP/USDC | cex=0.06571/0.06574 | dex_sell=0.0657089 dex_buy=0.0657258 | spread_a=-4.7bps spread_b=-2.4bps | min=30.0bps
2026-05-09 17:53:38,917 | INFO | fetch_order_book: symbol=CHIP/USDC limit=20
2026-05-09 17:53:39,173 | INFO | fetch_order_book: mid=0.06572 spread=6.09bps bids=20 asks=20
2026-05-09 17:53:40,160 | INFO | SPREAD | pair=CHIP/USDC | cex=0.0657/0.06574 | dex_sell=0.0657089 dex_buy=0.0657258 | spread_a=-4.7bps spread_b=-3.9bps | min=30.0bps
2026-05-09 17:53:41,162 | INFO | fetch_order_book: symbol=CHIP/USDC limit=20
2026-05-09 17:53:41,433 | INFO | fetch_order_book: mid=0.06572 spread=6.09bps bids=20 asks=20
2026-05-09 17:53:42,372 | INFO | SPREAD | pair=CHIP/USDC | cex=0.0657/0.06574 | dex_sell=0.0657089 dex_buy=0.0657258 | spread_a=-4.7bps spread_b=-3.9bps | min=30.0bps
2026-05-09 17:53:43,374 | INFO | fetch_order_book: symbol=CHIP/USDC limit=20
2026-05-09 17:53:43,655 | INFO | fetch_order_book: mid=0.06572 spread=6.09bps bids=20 asks=20
2026-05-09 17:53:44,563 | INFO | SPREAD | pair=CHIP/USDC | cex=0.0657/0.06574 | dex_sell=0.0657089 dex_buy=0.0657258 | spread_a=-4.7bps spread_b=-3.9bps | min=30.0bps
2026-05-09 17:53:45,565 | INFO | fetch_order_book: symbol=CHIP/USDC limit=20
2026-05-09 17:53:45,830 | INFO | fetch_order_book: mid=0.06572 spread=6.09bps bids=20 asks=20
2026-05-09 17:53:46,739 | INFO | SPREAD | pair=CHIP/USDC | cex=0.0657/0.06574 | dex_sell=0.0657089 dex_buy=0.0657258 | spread_a=-4.7bps spread_b=-3.9bps | min=30.0bps
2026-05-09 17:53:47,741 | INFO | fetch_order_book: symbol=CHIP/USDC limit=20
2026-05-09 17:53:48,495 | INFO | fetch_order_book: mid=0.065725 spread=4.56bps bids=20 asks=20
2026-05-09 17:53:49,396 | INFO | SPREAD | pair=CHIP/USDC | cex=0.06571/0.06574 | dex_sell=0.0657089 dex_buy=0.0657258 | spread_a=-4.7bps spread_b=-2.4bps | min=30.0bps
2026-05-09 17:53:50,398 | INFO | fetch_order_book: symbol=CHIP/USDC limit=20
2026-05-09 17:53:50,716 | INFO | fetch_order_book: mid=0.065715 spread=4.57bps bids=20 asks=20
2026-05-09 17:53:51,694 | INFO | SPREAD | pair=CHIP/USDC | cex=0.0657/0.06573 | dex_sell=0.0657089 dex_buy=0.0657258 | spread_a=-3.2bps spread_b=-3.9bps | min=30.0bps
2026-05-09 17:53:52,696 | INFO | fetch_order_book: symbol=CHIP/USDC limit=20
2026-05-09 17:53:52,961 | INFO | fetch_order_book: mid=0.06572 spread=6.09bps bids=20 asks=20
2026-05-09 17:53:53,818 | INFO | SPREAD | pair=CHIP/USDC | cex=0.0657/0.06574 | dex_sell=0.0657089 dex_buy=0.0657258 | spread_a=-4.7bps spread_b=-3.9bps | min=30.0bps
2026-05-09 17:53:54,820 | INFO | fetch_order_book: symbol=CHIP/USDC limit=20
2026-05-09 17:53:55,089 | INFO | fetch_order_book: mid=0.06572 spread=6.09bps bids=20 asks=20
2026-05-09 17:53:55,992 | INFO | SPREAD | pair=CHIP/USDC | cex=0.0657/0.06574 | dex_sell=0.0657089 dex_buy=0.0657258 | spread_a=-4.7bps spread_b=-3.9bps | min=30.0bps
2026-05-09 17:53:56,994 | INFO | fetch_order_book: symbol=CHIP/USDC limit=20
2026-05-09 17:53:57,342 | INFO | fetch_order_book: mid=0.06572 spread=6.09bps bids=20 asks=20
2026-05-09 17:53:58,202 | INFO | SPREAD | pair=CHIP/USDC | cex=0.0657/0.06574 | dex_sell=0.0657089 dex_buy=0.0657258 | spread_a=-4.7bps spread_b=-3.9bps | min=30.0bps
2026-05-09 17:53:59,205 | INFO | fetch_order_book: symbol=CHIP/USDC limit=20
2026-05-09 17:53:59,461 | INFO | fetch_order_book: mid=0.06572 spread=6.09bps bids=20 asks=20
2026-05-09 17:54:00,572 | INFO | SPREAD | pair=CHIP/USDC | cex=0.0657/0.06574 | dex_sell=0.0657089 dex_buy=0.0657258 | spread_a=-4.7bps spread_b=-3.9bps | min=30.0bps
2026-05-09 17:54:01,575 | INFO | fetch_order_book: symbol=CHIP/USDC limit=20
2026-05-09 17:54:01,844 | INFO | fetch_order_book: mid=0.06572 spread=6.09bps bids=20 asks=20
2026-05-09 17:54:02,774 | INFO | SPREAD | pair=CHIP/USDC | cex=0.0657/0.06574 | dex_sell=0.0657089 dex_buy=0.0657258 | spread_a=-4.7bps spread_b=-3.9bps | min=30.0bps
2026-05-09 17:54:03,776 | INFO | fetch_order_book: symbol=CHIP/USDC limit=20
2026-05-09 17:54:04,045 | INFO | fetch_order_book: mid=0.06572 spread=6.09bps bids=20 asks=20
2026-05-09 17:54:04,964 | INFO | SPREAD | pair=CHIP/USDC | cex=0.0657/0.06574 | dex_sell=0.0657089 dex_buy=0.0657258 | spread_a=-4.7bps spread_b=-3.9bps | min=30.0bps
2026-05-09 17:54:05,966 | INFO | fetch_order_book: symbol=CHIP/USDC limit=20
2026-05-09 17:54:06,353 | INFO | fetch_order_book: mid=0.06572 spread=6.09bps bids=20 asks=20
2026-05-09 17:54:07,216 | INFO | SPREAD | pair=CHIP/USDC | cex=0.0657/0.06574 | dex_sell=0.0657089 dex_buy=0.0657258 | spread_a=-4.7bps spread_b=-3.9bps | min=30.0bps
2026-05-09 17:54:08,218 | INFO | fetch_order_book: symbol=CHIP/USDC limit=20
2026-05-09 17:54:08,476 | INFO | fetch_order_book: mid=0.06572 spread=6.09bps bids=20 asks=20
2026-05-09 17:54:09,388 | INFO | SPREAD | pair=CHIP/USDC | cex=0.0657/0.06574 | dex_sell=0.0657089 dex_buy=0.0657258 | spread_a=-4.7bps spread_b=-3.9bps | min=30.0bps
2026-05-09 17:54:10,390 | INFO | fetch_order_book: symbol=CHIP/USDC limit=20
2026-05-09 17:54:10,683 | INFO | fetch_order_book: mid=0.06572 spread=6.09bps bids=20 asks=20
2026-05-09 17:54:11,895 | INFO | SPREAD | pair=CHIP/USDC | cex=0.0657/0.06574 | dex_sell=0.0657089 dex_buy=0.0657258 | spread_a=-4.7bps spread_b=-3.9bps | min=30.0bps
2026-05-09 17:54:12,897 | INFO | fetch_order_book: symbol=CHIP/USDC limit=20
2026-05-09 17:54:13,156 | INFO | fetch_order_book: mid=0.06572 spread=6.09bps bids=20 asks=20
2026-05-09 17:54:14,083 | INFO | SPREAD | pair=CHIP/USDC | cex=0.0657/0.06574 | dex_sell=0.0657089 dex_buy=0.0657258 | spread_a=-4.7bps spread_b=-3.9bps | min=30.0bps
2026-05-09 17:54:15,085 | INFO | fetch_order_book: symbol=CHIP/USDC limit=20
2026-05-09 17:54:15,346 | INFO | fetch_order_book: mid=0.06572 spread=6.09bps bids=20 asks=20
2026-05-09 17:54:16,251 | INFO | SPREAD | pair=CHIP/USDC | cex=0.0657/0.06574 | dex_sell=0.0657089 dex_buy=0.0657258 | spread_a=-4.7bps spread_b=-3.9bps | min=30.0bps
2026-05-09 17:54:17,253 | INFO | fetch_order_book: symbol=CHIP/USDC limit=20
2026-05-09 17:54:17,511 | INFO | fetch_order_book: mid=0.06572 spread=6.09bps bids=20 asks=20
2026-05-09 17:54:18,476 | INFO | SPREAD | pair=CHIP/USDC | cex=0.0657/0.06574 | dex_sell=0.0657089 dex_buy=0.0657258 | spread_a=-4.7bps spread_b=-3.9bps | min=30.0bps
2026-05-09 17:54:19,479 | INFO | fetch_order_book: symbol=CHIP/USDC limit=20
2026-05-09 17:54:19,809 | INFO | fetch_order_book: mid=0.06572 spread=6.09bps bids=20 asks=20
2026-05-09 17:54:20,826 | INFO | SPREAD | pair=CHIP/USDC | cex=0.0657/0.06574 | dex_sell=0.0657089 dex_buy=0.0657258 | spread_a=-4.7bps spread_b=-3.9bps | min=30.0bps
2026-05-09 17:54:21,827 | INFO | fetch_order_book: symbol=CHIP/USDC limit=20
2026-05-09 17:54:22,164 | INFO | fetch_order_book: mid=0.06572 spread=6.09bps bids=20 asks=20
2026-05-09 17:54:23,174 | INFO | SPREAD | pair=CHIP/USDC | cex=0.0657/0.06574 | dex_sell=0.0657089 dex_buy=0.0657258 | spread_a=-4.7bps spread_b=-3.9bps | min=30.0bps
2026-05-09 17:54:24,176 | INFO | fetch_order_book: symbol=CHIP/USDC limit=20
2026-05-09 17:54:24,439 | INFO | fetch_order_book: mid=0.06573 spread=3.04bps bids=20 asks=20
2026-05-09 17:54:25,404 | INFO | SPREAD | pair=CHIP/USDC | cex=0.06572/0.06574 | dex_sell=0.0657089 dex_buy=0.0657258 | spread_a=-4.7bps spread_b=-0.9bps | min=30.0bps
2026-05-09 17:54:26,406 | INFO | fetch_order_book: symbol=CHIP/USDC limit=20
2026-05-09 17:54:26,663 | INFO | fetch_order_book: mid=0.065725 spread=4.56bps bids=20 asks=20
2026-05-09 17:54:27,664 | INFO | SPREAD | pair=CHIP/USDC | cex=0.06571/0.06574 | dex_sell=0.0657089 dex_buy=0.0657258 | spread_a=-4.7bps spread_b=-2.4bps | min=30.0bps
2026-05-09 17:54:28,665 | INFO | fetch_order_book: symbol=CHIP/USDC limit=20
2026-05-09 17:54:28,935 | INFO | fetch_order_book: mid=0.06572 spread=6.09bps bids=20 asks=20
2026-05-09 17:54:29,848 | INFO | SPREAD | pair=CHIP/USDC | cex=0.0657/0.06574 | dex_sell=0.0657089 dex_buy=0.0657258 | spread_a=-4.7bps spread_b=-3.9bps | min=30.0bps
2026-05-09 17:54:30,850 | INFO | fetch_order_book: symbol=CHIP/USDC limit=20
2026-05-09 17:54:31,106 | INFO | fetch_order_book: mid=0.065715 spread=4.57bps bids=20 asks=20
2026-05-09 17:54:32,065 | INFO | SPREAD | pair=CHIP/USDC | cex=0.0657/0.06573 | dex_sell=0.0657089 dex_buy=0.0657258 | spread_a=-3.2bps spread_b=-3.9bps | min=30.0bps
2026-05-09 17:54:33,067 | INFO | fetch_order_book: symbol=CHIP/USDC limit=20
2026-05-09 17:54:33,324 | INFO | fetch_order_book: mid=0.06571 spread=6.09bps bids=20 asks=20
2026-05-09 17:54:34,211 | INFO | SPREAD | pair=CHIP/USDC | cex=0.06569/0.06573 | dex_sell=0.0657089 dex_buy=0.0657258 | spread_a=-3.2bps spread_b=-5.4bps | min=30.0bps
2026-05-09 17:54:35,214 | INFO | fetch_order_book: symbol=CHIP/USDC limit=20
2026-05-09 17:54:35,473 | INFO | fetch_order_book: mid=0.06571 spread=6.09bps bids=20 asks=20
2026-05-09 17:54:36,412 | INFO | SPREAD | pair=CHIP/USDC | cex=0.06569/0.06573 | dex_sell=0.0657089 dex_buy=0.0657258 | spread_a=-3.2bps spread_b=-5.4bps | min=30.0bps
2026-05-09 17:54:37,414 | INFO | fetch_order_book: symbol=CHIP/USDC limit=20
2026-05-09 17:54:37,710 | INFO | fetch_order_book: mid=0.065715 spread=4.57bps bids=20 asks=20
2026-05-09 17:54:38,557 | INFO | SPREAD | pair=CHIP/USDC | cex=0.0657/0.06573 | dex_sell=0.0657089 dex_buy=0.0657258 | spread_a=-3.2bps spread_b=-3.9bps | min=30.0bps
2026-05-09 17:54:39,560 | INFO | fetch_order_book: symbol=CHIP/USDC limit=20
2026-05-09 17:54:39,942 | INFO | fetch_order_book: mid=0.065715 spread=4.57bps bids=20 asks=20
2026-05-09 17:54:40,875 | INFO | SPREAD | pair=CHIP/USDC | cex=0.0657/0.06573 | dex_sell=0.0657089 dex_buy=0.0657258 | spread_a=-3.2bps spread_b=-3.9bps | min=30.0bps
2026-05-09 17:54:41,878 | INFO | fetch_order_book: symbol=CHIP/USDC limit=20
2026-05-09 17:54:42,204 | INFO | fetch_order_book: mid=0.065715 spread=4.57bps bids=20 asks=20
2026-05-09 17:54:43,112 | INFO | SPREAD | pair=CHIP/USDC | cex=0.0657/0.06573 | dex_sell=0.0657089 dex_buy=0.0657258 | spread_a=-3.2bps spread_b=-3.9bps | min=30.0bps
2026-05-09 17:54:44,114 | INFO | fetch_order_book: symbol=CHIP/USDC limit=20
2026-05-09 17:54:44,388 | INFO | fetch_order_book: mid=0.065715 spread=4.57bps bids=20 asks=20
2026-05-09 17:54:45,309 | INFO | SPREAD | pair=CHIP/USDC | cex=0.0657/0.06573 | dex_sell=0.0657089 dex_buy=0.0657258 | spread_a=-3.2bps spread_b=-3.9bps | min=30.0bps
2026-05-09 17:54:46,312 | INFO | fetch_order_book: symbol=CHIP/USDC limit=20
2026-05-09 17:54:46,566 | INFO | fetch_order_book: mid=0.06573 spread=6.09bps bids=20 asks=20
2026-05-09 17:54:47,450 | INFO | SPREAD | pair=CHIP/USDC | cex=0.06571/0.06575 | dex_sell=0.0657389 dex_buy=0.0657558 | spread_a=-1.7bps spread_b=-7.0bps | min=30.0bps
2026-05-09 17:54:48,452 | INFO | fetch_order_book: symbol=CHIP/USDC limit=20
2026-05-09 17:54:48,709 | INFO | fetch_order_book: mid=0.065725 spread=7.61bps bids=20 asks=20
2026-05-09 17:54:49,641 | INFO | SPREAD | pair=CHIP/USDC | cex=0.0657/0.06575 | dex_sell=0.0657389 dex_buy=0.0657558 | spread_a=-1.7bps spread_b=-8.5bps | min=30.0bps
2026-05-09 17:54:50,643 | INFO | fetch_order_book: symbol=CHIP/USDC limit=20
2026-05-09 17:54:50,903 | INFO | fetch_order_book: mid=0.06572 spread=6.09bps bids=20 asks=20
2026-05-09 17:54:51,724 | INFO | SPREAD | pair=CHIP/USDC | cex=0.0657/0.06574 | dex_sell=0.0657389 dex_buy=0.0657558 | spread_a=-0.2bps spread_b=-8.5bps | min=30.0bps
2026-05-09 17:54:52,727 | INFO | fetch_order_book: symbol=CHIP/USDC limit=20
2026-05-09 17:54:52,990 | INFO | fetch_order_book: mid=0.06572 spread=6.09bps bids=20 asks=20
2026-05-09 17:54:53,923 | INFO | SPREAD | pair=CHIP/USDC | cex=0.0657/0.06574 | dex_sell=0.0657389 dex_buy=0.0657558 | spread_a=-0.2bps spread_b=-8.5bps | min=30.0bps
2026-05-09 17:54:54,925 | INFO | fetch_order_book: symbol=CHIP/USDC limit=20
2026-05-09 17:54:55,188 | INFO | fetch_order_book: mid=0.06572 spread=6.09bps bids=20 asks=20
2026-05-09 17:54:56,019 | INFO | SPREAD | pair=CHIP/USDC | cex=0.0657/0.06574 | dex_sell=0.0657127 dex_buy=0.0657295 | spread_a=-4.2bps spread_b=-4.5bps | min=30.0bps
2026-05-09 17:54:57,021 | INFO | fetch_order_book: symbol=CHIP/USDC limit=20
2026-05-09 17:54:57,292 | INFO | fetch_order_book: mid=0.06572 spread=6.09bps bids=20 asks=20
2026-05-09 17:54:58,210 | INFO | SPREAD | pair=CHIP/USDC | cex=0.0657/0.06574 | dex_sell=0.0657127 dex_buy=0.0657295 | spread_a=-4.2bps spread_b=-4.5bps | min=30.0bps
2026-05-09 17:54:59,212 | INFO | fetch_order_book: symbol=CHIP/USDC limit=20
2026-05-09 17:54:59,475 | INFO | fetch_order_book: mid=0.06572 spread=6.09bps bids=20 asks=20
2026-05-09 17:55:00,360 | INFO | SPREAD | pair=CHIP/USDC | cex=0.0657/0.06574 | dex_sell=0.0657127 dex_buy=0.0657295 | spread_a=-4.2bps spread_b=-4.5bps | min=30.0bps
2026-05-09 17:55:01,362 | INFO | fetch_order_book: symbol=CHIP/USDC limit=20
2026-05-09 17:55:01,648 | INFO | fetch_order_book: mid=0.06571 spread=3.04bps bids=20 asks=20
2026-05-09 17:55:02,609 | INFO | SPREAD | pair=CHIP/USDC | cex=0.0657/0.06572 | dex_sell=0.0657127 dex_buy=0.0657296 | spread_a=-1.1bps spread_b=-4.5bps | min=30.0bps
2026-05-09 17:55:03,612 | INFO | fetch_order_book: symbol=CHIP/USDC limit=20
2026-05-09 17:55:03,901 | INFO | fetch_order_book: mid=0.06571 spread=3.04bps bids=20 asks=20
2026-05-09 17:55:04,755 | INFO | SPREAD | pair=CHIP/USDC | cex=0.0657/0.06572 | dex_sell=0.0657127 dex_buy=0.0657296 | spread_a=-1.1bps spread_b=-4.5bps | min=30.0bps
2026-05-09 17:55:05,758 | INFO | fetch_order_book: symbol=CHIP/USDC limit=20
2026-05-09 17:55:06,052 | INFO | fetch_order_book: mid=0.06571 spread=3.04bps bids=20 asks=20
2026-05-09 17:55:06,927 | INFO | SPREAD | pair=CHIP/USDC | cex=0.0657/0.06572 | dex_sell=0.0657127 dex_buy=0.0657296 | spread_a=-1.1bps spread_b=-4.5bps | min=30.0bps
2026-05-09 17:55:07,929 | INFO | fetch_order_book: symbol=CHIP/USDC limit=20
2026-05-09 17:55:08,315 | INFO | fetch_order_book: mid=0.065695 spread=4.57bps bids=20 asks=20
2026-05-09 17:55:09,239 | INFO | SPREAD | pair=CHIP/USDC | cex=0.06568/0.06571 | dex_sell=0.0657127 dex_buy=0.0657296 | spread_a=0.4bps spread_b=-7.5bps | min=30.0bps
2026-05-09 17:55:10,241 | INFO | fetch_order_book: symbol=CHIP/USDC limit=20
2026-05-09 17:55:10,514 | INFO | fetch_order_book: mid=0.065695 spread=4.57bps bids=20 asks=20
2026-05-09 17:55:11,446 | INFO | SPREAD | pair=CHIP/USDC | cex=0.06568/0.06571 | dex_sell=0.0657127 dex_buy=0.0657296 | spread_a=0.4bps spread_b=-7.5bps | min=30.0bps
2026-05-09 17:55:12,448 | INFO | fetch_order_book: symbol=CHIP/USDC limit=20
2026-05-09 17:55:12,713 | INFO | fetch_order_book: mid=0.065695 spread=4.57bps bids=20 asks=20
2026-05-09 17:55:13,671 | INFO | SPREAD | pair=CHIP/USDC | cex=0.06568/0.06571 | dex_sell=0.0657127 dex_buy=0.0657296 | spread_a=0.4bps spread_b=-7.5bps | min=30.0bps
2026-05-09 17:55:14,673 | INFO | fetch_order_book: symbol=CHIP/USDC limit=20
2026-05-09 17:55:14,938 | INFO | fetch_order_book: mid=0.065695 spread=4.57bps bids=20 asks=20
2026-05-09 17:55:15,882 | INFO | SPREAD | pair=CHIP/USDC | cex=0.06568/0.06571 | dex_sell=0.0657127 dex_buy=0.0657296 | spread_a=0.4bps spread_b=-7.5bps | min=30.0bps
2026-05-09 17:55:16,884 | INFO | fetch_order_book: symbol=CHIP/USDC limit=20
2026-05-09 17:55:17,143 | INFO | fetch_order_book: mid=0.065695 spread=4.57bps bids=20 asks=20
2026-05-09 17:55:18,066 | INFO | SPREAD | pair=CHIP/USDC | cex=0.06568/0.06571 | dex_sell=0.0656828 dex_buy=0.0656997 | spread_a=-4.1bps spread_b=-3.0bps | min=30.0bps
2026-05-09 17:55:19,068 | INFO | fetch_order_book: symbol=CHIP/USDC limit=20
2026-05-09 17:55:19,372 | INFO | fetch_order_book: mid=0.065695 spread=4.57bps bids=20 asks=20
2026-05-09 17:55:20,282 | INFO | SPREAD | pair=CHIP/USDC | cex=0.06568/0.06571 | dex_sell=0.0656828 dex_buy=0.0656997 | spread_a=-4.1bps spread_b=-3.0bps | min=30.0bps
2026-05-09 17:55:21,285 | INFO | fetch_order_book: symbol=CHIP/USDC limit=20
2026-05-09 17:55:21,548 | INFO | fetch_order_book: mid=0.065685 spread=1.52bps bids=20 asks=20
2026-05-09 17:55:22,421 | INFO | SPREAD | pair=CHIP/USDC | cex=0.06568/0.06569 | dex_sell=0.0656828 dex_buy=0.0656997 | spread_a=-1.1bps spread_b=-3.0bps | min=30.0bps
2026-05-09 17:55:23,424 | INFO | fetch_order_book: symbol=CHIP/USDC limit=20
2026-05-09 17:55:23,685 | INFO | fetch_order_book: mid=0.065685 spread=1.52bps bids=20 asks=20
2026-05-09 17:55:24,596 | INFO | SPREAD | pair=CHIP/USDC | cex=0.06568/0.06569 | dex_sell=0.0656828 dex_buy=0.0656997 | spread_a=-1.1bps spread_b=-3.0bps | min=30.0bps
2026-05-09 17:55:25,598 | INFO | fetch_order_book: symbol=CHIP/USDC limit=20
2026-05-09 17:55:25,985 | INFO | fetch_order_book: mid=0.065685 spread=1.52bps bids=20 asks=20
2026-05-09 17:55:26,816 | INFO | SPREAD | pair=CHIP/USDC | cex=0.06568/0.06569 | dex_sell=0.0656828 dex_buy=0.0656997 | spread_a=-1.1bps spread_b=-3.0bps | min=30.0bps
2026-05-09 17:55:27,818 | INFO | fetch_order_book: symbol=CHIP/USDC limit=20
2026-05-09 17:55:28,076 | INFO | fetch_order_book: mid=0.065685 spread=1.52bps bids=20 asks=20
2026-05-09 17:55:28,992 | INFO | SPREAD | pair=CHIP/USDC | cex=0.06568/0.06569 | dex_sell=0.0656828 dex_buy=0.0656997 | spread_a=-1.1bps spread_b=-3.0bps | min=30.0bps
2026-05-09 17:55:29,995 | INFO | fetch_order_book: symbol=CHIP/USDC limit=20
2026-05-09 17:55:30,257 | INFO | fetch_order_book: mid=0.06567 spread=3.05bps bids=20 asks=20
2026-05-09 17:55:31,213 | INFO | SPREAD | pair=CHIP/USDC | cex=0.06566/0.06568 | dex_sell=0.0656828 dex_buy=0.0656997 | spread_a=0.4bps spread_b=-6.0bps | min=30.0bps
2026-05-09 17:55:32,216 | INFO | fetch_order_book: symbol=CHIP/USDC limit=20
2026-05-09 17:55:32,476 | INFO | fetch_order_book: mid=0.065675 spread=4.57bps bids=20 asks=20
2026-05-09 17:55:33,443 | INFO | SPREAD | pair=CHIP/USDC | cex=0.06566/0.06569 | dex_sell=0.0656828 dex_buy=0.0656997 | spread_a=-1.1bps spread_b=-6.0bps | min=30.0bps
2026-05-09 17:55:34,445 | INFO | fetch_order_book: symbol=CHIP/USDC limit=20
2026-05-09 17:55:34,706 | INFO | fetch_order_book: mid=0.065675 spread=4.57bps bids=20 asks=20
2026-05-09 17:55:35,588 | INFO | SPREAD | pair=CHIP/USDC | cex=0.06566/0.06569 | dex_sell=0.0656828 dex_buy=0.0656997 | spread_a=-1.1bps spread_b=-6.0bps | min=30.0bps
2026-05-09 17:55:36,590 | INFO | fetch_order_book: symbol=CHIP/USDC limit=20
2026-05-09 17:55:36,851 | INFO | fetch_order_book: mid=0.065675 spread=4.57bps bids=20 asks=20
2026-05-09 17:55:37,737 | INFO | SPREAD | pair=CHIP/USDC | cex=0.06566/0.06569 | dex_sell=0.0656828 dex_buy=0.0656997 | spread_a=-1.1bps spread_b=-6.0bps | min=30.0bps
2026-05-09 17:55:38,739 | INFO | fetch_order_book: symbol=CHIP/USDC limit=20
2026-05-09 17:55:39,003 | INFO | fetch_order_book: mid=0.065675 spread=4.57bps bids=20 asks=20
2026-05-09 17:55:39,885 | INFO | SPREAD | pair=CHIP/USDC | cex=0.06566/0.06569 | dex_sell=0.0656828 dex_buy=0.0656997 | spread_a=-1.1bps spread_b=-6.0bps | min=30.0bps
2026-05-09 17:55:40,886 | INFO | fetch_order_book: symbol=CHIP/USDC limit=20
2026-05-09 17:55:41,221 | INFO | fetch_order_book: mid=0.065675 spread=4.57bps bids=20 asks=20
2026-05-09 17:55:42,115 | INFO | SPREAD | pair=CHIP/USDC | cex=0.06566/0.06569 | dex_sell=0.0656828 dex_buy=0.0656997 | spread_a=-1.1bps spread_b=-6.0bps | min=30.0bps
2026-05-09 17:55:43,117 | INFO | fetch_order_book: symbol=CHIP/USDC limit=20
2026-05-09 17:55:43,377 | INFO | fetch_order_book: mid=0.065675 spread=4.57bps bids=20 asks=20
2026-05-09 17:55:44,288 | INFO | SPREAD | pair=CHIP/USDC | cex=0.06566/0.06569 | dex_sell=0.0656828 dex_buy=0.0656997 | spread_a=-1.1bps spread_b=-6.0bps | min=30.0bps
2026-05-09 17:55:45,291 | INFO | fetch_order_book: symbol=CHIP/USDC limit=20
2026-05-09 17:55:45,550 | INFO | fetch_order_book: mid=0.065675 spread=4.57bps bids=20 asks=20
2026-05-09 17:55:46,426 | INFO | SPREAD | pair=CHIP/USDC | cex=0.06566/0.06569 | dex_sell=0.0656828 dex_buy=0.0656997 | spread_a=-1.1bps spread_b=-6.0bps | min=30.0bps
2026-05-09 17:55:47,429 | INFO | fetch_order_book: symbol=CHIP/USDC limit=20
2026-05-09 17:55:47,685 | INFO | fetch_order_book: mid=0.065665 spread=1.52bps bids=20 asks=20
2026-05-09 17:55:48,511 | INFO | SPREAD | pair=CHIP/USDC | cex=0.06566/0.06567 | dex_sell=0.0656828 dex_buy=0.0656997 | spread_a=1.9bps spread_b=-6.0bps | min=30.0bps
2026-05-09 17:55:49,514 | INFO | fetch_order_book: symbol=CHIP/USDC limit=20
2026-05-09 17:55:49,800 | INFO | fetch_order_book: mid=0.065665 spread=1.52bps bids=20 asks=20
2026-05-09 17:55:50,663 | INFO | SPREAD | pair=CHIP/USDC | cex=0.06566/0.06567 | dex_sell=0.0656828 dex_buy=0.0656997 | spread_a=1.9bps spread_b=-6.0bps | min=30.0bps
2026-05-09 17:55:51,665 | INFO | fetch_order_book: symbol=CHIP/USDC limit=20
2026-05-09 17:55:51,938 | INFO | fetch_order_book: mid=0.065645 spread=1.52bps bids=20 asks=20
2026-05-09 17:55:52,861 | INFO | SPREAD | pair=CHIP/USDC | cex=0.06564/0.06565 | dex_sell=0.0656526 dex_buy=0.0656695 | spread_a=0.4bps spread_b=-4.5bps | min=30.0bps
2026-05-09 17:55:53,863 | INFO | fetch_order_book: symbol=CHIP/USDC limit=20
2026-05-09 17:55:54,255 | INFO | fetch_order_book: mid=0.06563 spread=3.05bps bids=20 asks=20
2026-05-09 17:55:55,133 | INFO | SPREAD | pair=CHIP/USDC | cex=0.06562/0.06564 | dex_sell=0.0656526 dex_buy=0.0656695 | spread_a=1.9bps spread_b=-7.5bps | min=30.0bps
2026-05-09 17:55:56,134 | INFO | fetch_order_book: symbol=CHIP/USDC limit=20
2026-05-09 17:55:56,392 | INFO | fetch_order_book: mid=0.06563 spread=3.05bps bids=20 asks=20
2026-05-09 17:55:57,276 | INFO | SPREAD | pair=CHIP/USDC | cex=0.06562/0.06564 | dex_sell=0.0656526 dex_buy=0.0656695 | spread_a=1.9bps spread_b=-7.5bps | min=30.0bps
2026-05-09 17:55:58,278 | INFO | fetch_order_book: symbol=CHIP/USDC limit=20
2026-05-09 17:55:58,538 | INFO | fetch_order_book: mid=0.06563 spread=3.05bps bids=20 asks=20
2026-05-09 17:55:59,486 | INFO | SPREAD | pair=CHIP/USDC | cex=0.06562/0.06564 | dex_sell=0.0656526 dex_buy=0.0656695 | spread_a=1.9bps spread_b=-7.5bps | min=30.0bps
2026-05-09 17:56:00,488 | INFO | fetch_order_book: symbol=CHIP/USDC limit=20
2026-05-09 17:56:00,747 | INFO | fetch_order_book: mid=0.06563 spread=3.05bps bids=20 asks=20
2026-05-09 17:56:01,639 | INFO | SPREAD | pair=CHIP/USDC | cex=0.06562/0.06564 | dex_sell=0.0656228 dex_buy=0.0656396 | spread_a=-2.6bps spread_b=-3.0bps | min=30.0bps
2026-05-09 17:56:02,641 | INFO | fetch_order_book: symbol=CHIP/USDC limit=20
2026-05-09 17:56:02,988 | INFO | fetch_order_book: mid=0.065625 spread=1.52bps bids=20 asks=20
2026-05-09 17:56:03,901 | INFO | SPREAD | pair=CHIP/USDC | cex=0.06562/0.06563 | dex_sell=0.0656228 dex_buy=0.0656396 | spread_a=-1.1bps spread_b=-3.0bps | min=30.0bps
2026-05-09 17:56:04,903 | INFO | fetch_order_book: symbol=CHIP/USDC limit=20
2026-05-09 17:56:05,177 | INFO | fetch_order_book: mid=0.06563 spread=3.05bps bids=20 asks=20
2026-05-09 17:56:06,098 | INFO | SPREAD | pair=CHIP/USDC | cex=0.06562/0.06564 | dex_sell=0.0656228 dex_buy=0.0656396 | spread_a=-2.6bps spread_b=-3.0bps | min=30.0bps
2026-05-09 17:56:07,100 | INFO | fetch_order_book: symbol=CHIP/USDC limit=20
2026-05-09 17:56:07,358 | INFO | fetch_order_book: mid=0.065605 spread=1.52bps bids=20 asks=20
2026-05-09 17:56:08,284 | INFO | SPREAD | pair=CHIP/USDC | cex=0.0656/0.06561 | dex_sell=0.0656228 dex_buy=0.0656396 | spread_a=1.9bps spread_b=-6.0bps | min=30.0bps
2026-05-09 17:56:09,286 | INFO | fetch_order_book: symbol=CHIP/USDC limit=20
2026-05-09 17:56:09,606 | INFO | fetch_order_book: mid=0.06559 spread=3.05bps bids=20 asks=20
2026-05-09 17:56:10,478 | INFO | SPREAD | pair=CHIP/USDC | cex=0.06558/0.0656 | dex_sell=0.0655927 dex_buy=0.0656095 | spread_a=-1.1bps spread_b=-4.5bps | min=30.0bps
2026-05-09 17:56:11,481 | INFO | fetch_order_book: symbol=CHIP/USDC limit=20
2026-05-09 17:56:11,745 | INFO | fetch_order_book: mid=0.06560 spread=6.10bps bids=20 asks=20
2026-05-09 17:56:12,717 | INFO | SPREAD | pair=CHIP/USDC | cex=0.06558/0.06562 | dex_sell=0.0655927 dex_buy=0.0656095 | spread_a=-4.2bps spread_b=-4.5bps | min=30.0bps
2026-05-09 17:56:13,722 | INFO | fetch_order_book: symbol=CHIP/USDC limit=20
2026-05-09 17:56:13,986 | INFO | fetch_order_book: mid=0.06561 spread=6.10bps bids=20 asks=20
2026-05-09 17:56:14,966 | INFO | SPREAD | pair=CHIP/USDC | cex=0.06559/0.06563 | dex_sell=0.0655927 dex_buy=0.0656095 | spread_a=-5.7bps spread_b=-3.0bps | min=30.0bps
2026-05-09 17:56:15,969 | INFO | fetch_order_book: symbol=CHIP/USDC limit=20
2026-05-09 17:56:16,251 | INFO | fetch_order_book: mid=0.06562 spread=9.14bps bids=20 asks=20
2026-05-09 17:56:17,180 | INFO | SPREAD | pair=CHIP/USDC | cex=0.06559/0.06565 | dex_sell=0.0655927 dex_buy=0.0656095 | spread_a=-8.7bps spread_b=-3.0bps | min=30.0bps
2026-05-09 17:56:18,182 | INFO | fetch_order_book: symbol=CHIP/USDC limit=20
2026-05-09 17:56:18,447 | INFO | fetch_order_book: mid=0.065615 spread=7.62bps bids=20 asks=20
2026-05-09 17:56:19,343 | INFO | SPREAD | pair=CHIP/USDC | cex=0.06559/0.06564 | dex_sell=0.0655927 dex_buy=0.0656095 | spread_a=-7.2bps spread_b=-3.0bps | min=30.0bps
2026-05-09 17:56:20,347 | INFO | fetch_order_book: symbol=CHIP/USDC limit=20
2026-05-09 17:56:20,616 | INFO | fetch_order_book: mid=0.06562 spread=6.10bps bids=20 asks=20
2026-05-09 17:56:21,536 | INFO | SPREAD | pair=CHIP/USDC | cex=0.0656/0.06564 | dex_sell=0.0655927 dex_buy=0.0656095 | spread_a=-7.2bps spread_b=-1.5bps | min=30.0bps
2026-05-09 17:56:22,538 | INFO | fetch_order_book: symbol=CHIP/USDC limit=20
2026-05-09 17:56:22,798 | INFO | fetch_order_book: mid=0.065625 spread=4.57bps bids=20 asks=20
2026-05-09 17:56:23,760 | INFO | SPREAD | pair=CHIP/USDC | cex=0.06561/0.06564 | dex_sell=0.0655927 dex_buy=0.0656095 | spread_a=-7.2bps spread_b=0.1bps | min=30.0bps
2026-05-09 17:56:24,762 | INFO | fetch_order_book: symbol=CHIP/USDC limit=20
2026-05-09 17:56:25,121 | INFO | fetch_order_book: mid=0.065615 spread=7.62bps bids=20 asks=20
2026-05-09 17:56:26,111 | INFO | SPREAD | pair=CHIP/USDC | cex=0.06559/0.06564 | dex_sell=0.0655927 dex_buy=0.0656095 | spread_a=-7.2bps spread_b=-3.0bps | min=30.0bps
2026-05-09 17:56:27,114 | INFO | fetch_order_book: symbol=CHIP/USDC limit=20
2026-05-09 17:56:27,372 | INFO | fetch_order_book: mid=0.06564 spread=6.09bps bids=20 asks=20
2026-05-09 17:56:28,271 | INFO | SPREAD | pair=CHIP/USDC | cex=0.06562/0.06566 | dex_sell=0.065619 dex_buy=0.0656359 | spread_a=-6.2bps spread_b=-2.4bps | min=30.0bps
2026-05-09 17:56:29,274 | INFO | fetch_order_book: symbol=CHIP/USDC limit=20
2026-05-09 17:56:29,530 | INFO | fetch_order_book: mid=0.065645 spread=4.57bps bids=20 asks=20
2026-05-09 17:56:30,487 | INFO | SPREAD | pair=CHIP/USDC | cex=0.06563/0.06566 | dex_sell=0.065619 dex_buy=0.0656359 | spread_a=-6.2bps spread_b=-0.9bps | min=30.0bps
2026-05-09 17:56:31,490 | INFO | fetch_order_book: symbol=CHIP/USDC limit=20
2026-05-09 17:56:31,751 | INFO | fetch_order_book: mid=0.065645 spread=4.57bps bids=20 asks=20
2026-05-09 17:56:32,678 | INFO | SPREAD | pair=CHIP/USDC | cex=0.06563/0.06566 | dex_sell=0.065619 dex_buy=0.0656359 | spread_a=-6.2bps spread_b=-0.9bps | min=30.0bps
2026-05-09 17:56:33,680 | INFO | fetch_order_book: symbol=CHIP/USDC limit=20
2026-05-09 17:56:33,951 | INFO | fetch_order_book: mid=0.06565 spread=3.05bps bids=20 asks=20
2026-05-09 17:56:34,891 | INFO | SPREAD | pair=CHIP/USDC | cex=0.06564/0.06566 | dex_sell=0.065619 dex_buy=0.0656359 | spread_a=-6.2bps spread_b=0.6bps | min=30.0bps
2026-05-09 17:56:35,893 | INFO | fetch_order_book: symbol=CHIP/USDC limit=20
2026-05-09 17:56:36,161 | INFO | fetch_order_book: mid=0.06563 spread=6.09bps bids=20 asks=20
2026-05-09 17:56:37,082 | INFO | SPREAD | pair=CHIP/USDC | cex=0.06561/0.06565 | dex_sell=0.065619 dex_buy=0.0656359 | spread_a=-4.7bps spread_b=-3.9bps | min=30.0bps
2026-05-09 17:56:38,084 | INFO | fetch_order_book: symbol=CHIP/USDC limit=20
2026-05-09 17:56:38,356 | INFO | fetch_order_book: mid=0.065625 spread=4.57bps bids=20 asks=20
2026-05-09 17:56:39,243 | INFO | SPREAD | pair=CHIP/USDC | cex=0.06561/0.06564 | dex_sell=0.065619 dex_buy=0.0656359 | spread_a=-3.2bps spread_b=-3.9bps | min=30.0bps
2026-05-09 17:56:40,246 | INFO | fetch_order_book: symbol=CHIP/USDC limit=20
2026-05-09 17:56:40,501 | INFO | fetch_order_book: mid=0.065625 spread=4.57bps bids=20 asks=20
2026-05-09 17:56:41,345 | INFO | SPREAD | pair=CHIP/USDC | cex=0.06561/0.06564 | dex_sell=0.065619 dex_buy=0.0656359 | spread_a=-3.2bps spread_b=-3.9bps | min=30.0bps
2026-05-09 17:56:42,347 | INFO | fetch_order_book: symbol=CHIP/USDC limit=20
2026-05-09 17:56:42,615 | INFO | fetch_order_book: mid=0.065625 spread=4.57bps bids=20 asks=20
2026-05-09 17:56:43,501 | INFO | SPREAD | pair=CHIP/USDC | cex=0.06561/0.06564 | dex_sell=0.065619 dex_buy=0.0656359 | spread_a=-3.2bps spread_b=-3.9bps | min=30.0bps
2026-05-09 17:56:44,503 | INFO | fetch_order_book: symbol=CHIP/USDC limit=20
2026-05-09 17:56:44,761 | INFO | fetch_order_book: mid=0.065625 spread=4.57bps bids=20 asks=20
2026-05-09 17:56:45,584 | INFO | SPREAD | pair=CHIP/USDC | cex=0.06561/0.06564 | dex_sell=0.065619 dex_buy=0.0656359 | spread_a=-3.2bps spread_b=-3.9bps | min=30.0bps
2026-05-09 17:56:46,586 | INFO | fetch_order_book: symbol=CHIP/USDC limit=20
2026-05-09 17:56:46,845 | INFO | fetch_order_book: mid=0.065625 spread=4.57bps bids=20 asks=20
2026-05-09 17:56:47,747 | INFO | SPREAD | pair=CHIP/USDC | cex=0.06561/0.06564 | dex_sell=0.065619 dex_buy=0.0656359 | spread_a=-3.2bps spread_b=-3.9bps | min=30.0bps
2026-05-09 17:56:48,749 | INFO | fetch_order_book: symbol=CHIP/USDC limit=20
2026-05-09 17:56:49,007 | INFO | fetch_order_book: mid=0.065625 spread=4.57bps bids=20 asks=20
2026-05-09 17:56:49,877 | INFO | SPREAD | pair=CHIP/USDC | cex=0.06561/0.06564 | dex_sell=0.065619 dex_buy=0.0656359 | spread_a=-3.2bps spread_b=-3.9bps | min=30.0bps
2026-05-09 17:56:50,880 | INFO | fetch_order_book: symbol=CHIP/USDC limit=20
2026-05-09 17:56:51,137 | INFO | fetch_order_book: mid=0.065625 spread=4.57bps bids=20 asks=20
2026-05-09 17:56:52,067 | INFO | SPREAD | pair=CHIP/USDC | cex=0.06561/0.06564 | dex_sell=0.065619 dex_buy=0.0656359 | spread_a=-3.2bps spread_b=-3.9bps | min=30.0bps
2026-05-09 17:56:53,069 | INFO | fetch_order_book: symbol=CHIP/USDC limit=20
2026-05-09 17:56:53,341 | INFO | fetch_order_book: mid=0.06562 spread=3.05bps bids=20 asks=20
2026-05-09 17:56:54,232 | INFO | SPREAD | pair=CHIP/USDC | cex=0.06561/0.06563 | dex_sell=0.065619 dex_buy=0.0656359 | spread_a=-1.7bps spread_b=-3.9bps | min=30.0bps
2026-05-09 17:56:55,234 | INFO | fetch_order_book: symbol=CHIP/USDC limit=20
2026-05-09 17:56:55,498 | INFO | fetch_order_book: mid=0.06562 spread=3.05bps bids=20 asks=20
2026-05-09 17:56:56,378 | INFO | SPREAD | pair=CHIP/USDC | cex=0.06561/0.06563 | dex_sell=0.065619 dex_buy=0.0656359 | spread_a=-1.7bps spread_b=-3.9bps | min=30.0bps
2026-05-09 17:56:57,380 | INFO | fetch_order_book: symbol=CHIP/USDC limit=20
2026-05-09 17:56:57,691 | INFO | fetch_order_book: mid=0.06562 spread=3.05bps bids=20 asks=20
2026-05-09 17:56:58,555 | INFO | SPREAD | pair=CHIP/USDC | cex=0.06561/0.06563 | dex_sell=0.065619 dex_buy=0.0656359 | spread_a=-1.7bps spread_b=-3.9bps | min=30.0bps
2026-05-09 17:56:59,558 | INFO | fetch_order_book: symbol=CHIP/USDC limit=20
2026-05-09 17:56:59,831 | INFO | fetch_order_book: mid=0.06562 spread=3.05bps bids=20 asks=20
2026-05-09 17:57:00,801 | INFO | SPREAD | pair=CHIP/USDC | cex=0.06561/0.06563 | dex_sell=0.065619 dex_buy=0.0656359 | spread_a=-1.7bps spread_b=-3.9bps | min=30.0bps
2026-05-09 17:57:01,804 | INFO | fetch_order_book: symbol=CHIP/USDC limit=20
2026-05-09 17:57:02,069 | INFO | fetch_order_book: mid=0.06562 spread=3.05bps bids=20 asks=20
2026-05-09 17:57:02,953 | INFO | SPREAD | pair=CHIP/USDC | cex=0.06561/0.06563 | dex_sell=0.065619 dex_buy=0.0656359 | spread_a=-1.7bps spread_b=-3.9bps | min=30.0bps
2026-05-09 17:57:03,955 | INFO | fetch_order_book: symbol=CHIP/USDC limit=20
2026-05-09 17:57:04,326 | INFO | fetch_order_book: mid=0.065615 spread=1.52bps bids=20 asks=20
2026-05-09 17:57:05,286 | INFO | SPREAD | pair=CHIP/USDC | cex=0.06561/0.06562 | dex_sell=0.065619 dex_buy=0.0656359 | spread_a=-0.2bps spread_b=-3.9bps | min=30.0bps
2026-05-09 17:57:06,289 | INFO | fetch_order_book: symbol=CHIP/USDC limit=20
2026-05-09 17:57:06,547 | INFO | fetch_order_book: mid=0.065615 spread=1.52bps bids=20 asks=20
2026-05-09 17:57:07,436 | INFO | SPREAD | pair=CHIP/USDC | cex=0.06561/0.06562 | dex_sell=0.065619 dex_buy=0.0656359 | spread_a=-0.2bps spread_b=-3.9bps | min=30.0bps
2026-05-09 17:57:08,439 | INFO | fetch_order_book: symbol=CHIP/USDC limit=20
2026-05-09 17:57:08,696 | INFO | fetch_order_book: mid=0.065615 spread=1.52bps bids=20 asks=20
2026-05-09 17:57:09,581 | INFO | SPREAD | pair=CHIP/USDC | cex=0.06561/0.06562 | dex_sell=0.065619 dex_buy=0.0656359 | spread_a=-0.2bps spread_b=-3.9bps | min=30.0bps
2026-05-09 17:57:10,584 | INFO | fetch_order_book: symbol=CHIP/USDC limit=20
2026-05-09 17:57:10,842 | INFO | fetch_order_book: mid=0.065615 spread=1.52bps bids=20 asks=20
2026-05-09 17:57:11,735 | INFO | SPREAD | pair=CHIP/USDC | cex=0.06561/0.06562 | dex_sell=0.065619 dex_buy=0.0656359 | spread_a=-0.2bps spread_b=-3.9bps | min=30.0bps
2026-05-09 17:57:12,736 | INFO | fetch_order_book: symbol=CHIP/USDC limit=20
2026-05-09 17:57:12,992 | INFO | fetch_order_book: mid=0.065615 spread=1.52bps bids=20 asks=20
2026-05-09 17:57:13,917 | INFO | SPREAD | pair=CHIP/USDC | cex=0.06561/0.06562 | dex_sell=0.065619 dex_buy=0.0656359 | spread_a=-0.2bps spread_b=-3.9bps | min=30.0bps
2026-05-09 17:57:14,919 | INFO | fetch_order_book: symbol=CHIP/USDC limit=20
2026-05-09 17:57:15,178 | INFO | fetch_order_book: mid=0.065615 spread=1.52bps bids=20 asks=20
2026-05-09 17:57:16,087 | INFO | SPREAD | pair=CHIP/USDC | cex=0.06561/0.06562 | dex_sell=0.065619 dex_buy=0.0656359 | spread_a=-0.2bps spread_b=-3.9bps | min=30.0bps
2026-05-09 17:57:17,089 | INFO | fetch_order_book: symbol=CHIP/USDC limit=20
2026-05-09 17:57:17,351 | INFO | fetch_order_book: mid=0.065615 spread=1.52bps bids=20 asks=20
2026-05-09 17:57:18,286 | INFO | SPREAD | pair=CHIP/USDC | cex=0.06561/0.06562 | dex_sell=0.065619 dex_buy=0.0656359 | spread_a=-0.2bps spread_b=-3.9bps | min=30.0bps
2026-05-09 17:57:19,289 | INFO | fetch_order_book: symbol=CHIP/USDC limit=20
2026-05-09 17:57:19,550 | INFO | fetch_order_book: mid=0.065615 spread=1.52bps bids=20 asks=20
2026-05-09 17:57:20,427 | INFO | SPREAD | pair=CHIP/USDC | cex=0.06561/0.06562 | dex_sell=0.065619 dex_buy=0.0656359 | spread_a=-0.2bps spread_b=-3.9bps | min=30.0bps
2026-05-09 17:57:21,430 | INFO | fetch_order_book: symbol=CHIP/USDC limit=20
2026-05-09 17:57:21,695 | INFO | fetch_order_book: mid=0.065615 spread=1.52bps bids=20 asks=20
2026-05-09 17:57:22,624 | INFO | SPREAD | pair=CHIP/USDC | cex=0.06561/0.06562 | dex_sell=0.065619 dex_buy=0.0656359 | spread_a=-0.2bps spread_b=-3.9bps | min=30.0bps
2026-05-09 17:57:23,627 | INFO | fetch_order_book: symbol=CHIP/USDC limit=20
2026-05-09 17:57:23,944 | INFO | fetch_order_book: mid=0.065615 spread=1.52bps bids=20 asks=20
2026-05-09 17:57:24,856 | INFO | SPREAD | pair=CHIP/USDC | cex=0.06561/0.06562 | dex_sell=0.065619 dex_buy=0.0656359 | spread_a=-0.2bps spread_b=-3.9bps | min=30.0bps
2026-05-09 17:57:25,859 | INFO | fetch_order_book: symbol=CHIP/USDC limit=20
2026-05-09 17:57:26,120 | INFO | fetch_order_book: mid=0.065615 spread=1.52bps bids=20 asks=20
2026-05-09 17:57:27,049 | INFO | SPREAD | pair=CHIP/USDC | cex=0.06561/0.06562 | dex_sell=0.065619 dex_buy=0.0656359 | spread_a=-0.2bps spread_b=-3.9bps | min=30.0bps
2026-05-09 17:57:28,051 | INFO | fetch_order_book: symbol=CHIP/USDC limit=20
2026-05-09 17:57:28,389 | INFO | fetch_order_book: mid=0.065615 spread=1.52bps bids=20 asks=20
2026-05-09 17:57:29,348 | INFO | SPREAD | pair=CHIP/USDC | cex=0.06561/0.06562 | dex_sell=0.065619 dex_buy=0.0656359 | spread_a=-0.2bps spread_b=-3.9bps | min=30.0bps
2026-05-09 17:57:30,350 | INFO | fetch_order_book: symbol=CHIP/USDC limit=20
2026-05-09 17:57:30,609 | INFO | fetch_order_book: mid=0.06559 spread=3.05bps bids=20 asks=20
2026-05-09 17:57:31,546 | INFO | SPREAD | pair=CHIP/USDC | cex=0.06558/0.0656 | dex_sell=0.065619 dex_buy=0.0656359 | spread_a=2.9bps spread_b=-8.5bps | min=30.0bps
2026-05-09 17:57:32,549 | INFO | fetch_order_book: symbol=CHIP/USDC limit=20
2026-05-09 17:57:32,814 | INFO | fetch_order_book: mid=0.065595 spread=4.57bps bids=20 asks=20
2026-05-09 17:57:33,705 | INFO | SPREAD | pair=CHIP/USDC | cex=0.06558/0.06561 | dex_sell=0.065619 dex_buy=0.0656359 | spread_a=1.4bps spread_b=-8.5bps | min=30.0bps
2026-05-09 17:57:34,707 | INFO | fetch_order_book: symbol=CHIP/USDC limit=20
2026-05-09 17:57:35,053 | INFO | fetch_order_book: mid=0.065595 spread=4.57bps bids=20 asks=20
2026-05-09 17:57:36,032 | INFO | SPREAD | pair=CHIP/USDC | cex=0.06558/0.06561 | dex_sell=0.065619 dex_buy=0.0656359 | spread_a=1.4bps spread_b=-8.5bps | min=30.0bps
2026-05-09 17:57:37,035 | INFO | fetch_order_book: symbol=CHIP/USDC limit=20
2026-05-09 17:57:37,446 | INFO | fetch_order_book: mid=0.065595 spread=4.57bps bids=20 asks=20
2026-05-09 17:57:38,363 | INFO | SPREAD | pair=CHIP/USDC | cex=0.06558/0.06561 | dex_sell=0.065619 dex_buy=0.0656359 | spread_a=1.4bps spread_b=-8.5bps | min=30.0bps
2026-05-09 17:57:39,365 | INFO | fetch_order_book: symbol=CHIP/USDC limit=20
2026-05-09 17:57:39,623 | INFO | fetch_order_book: mid=0.065595 spread=4.57bps bids=20 asks=20
2026-05-09 17:57:40,547 | INFO | SPREAD | pair=CHIP/USDC | cex=0.06558/0.06561 | dex_sell=0.065619 dex_buy=0.0656359 | spread_a=1.4bps spread_b=-8.5bps | min=30.0bps
2026-05-09 17:57:41,549 | INFO | fetch_order_book: symbol=CHIP/USDC limit=20
2026-05-09 17:57:41,806 | INFO | fetch_order_book: mid=0.06559 spread=3.05bps bids=20 asks=20
2026-05-09 17:57:42,670 | INFO | SPREAD | pair=CHIP/USDC | cex=0.06558/0.0656 | dex_sell=0.065619 dex_buy=0.0656359 | spread_a=2.9bps spread_b=-8.5bps | min=30.0bps
2026-05-09 17:57:43,672 | INFO | fetch_order_book: symbol=CHIP/USDC limit=20
2026-05-09 17:57:43,949 | INFO | fetch_order_book: mid=0.06559 spread=3.05bps bids=20 asks=20
2026-05-09 17:57:44,880 | INFO | SPREAD | pair=CHIP/USDC | cex=0.06558/0.0656 | dex_sell=0.065619 dex_buy=0.0656359 | spread_a=2.9bps spread_b=-8.5bps | min=30.0bps
2026-05-09 17:57:45,882 | INFO | fetch_order_book: symbol=CHIP/USDC limit=20
2026-05-09 17:57:46,141 | INFO | fetch_order_book: mid=0.065595 spread=4.57bps bids=20 asks=20
2026-05-09 17:57:47,049 | INFO | SPREAD | pair=CHIP/USDC | cex=0.06558/0.06561 | dex_sell=0.065619 dex_buy=0.0656359 | spread_a=1.4bps spread_b=-8.5bps | min=30.0bps
2026-05-09 17:57:48,051 | INFO | fetch_order_book: symbol=CHIP/USDC limit=20
2026-05-09 17:57:48,309 | INFO | fetch_order_book: mid=0.065625 spread=4.57bps bids=20 asks=20
2026-05-09 17:57:49,223 | INFO | SPREAD | pair=CHIP/USDC | cex=0.06561/0.06564 | dex_sell=0.065619 dex_buy=0.0656359 | spread_a=-3.2bps spread_b=-3.9bps | min=30.0bps
2026-05-09 17:57:50,226 | INFO | fetch_order_book: symbol=CHIP/USDC limit=20
2026-05-09 17:57:50,482 | INFO | fetch_order_book: mid=0.06564 spread=6.09bps bids=20 asks=20
2026-05-09 17:57:51,368 | INFO | SPREAD | pair=CHIP/USDC | cex=0.06562/0.06566 | dex_sell=0.065619 dex_buy=0.0656359 | spread_a=-6.2bps spread_b=-2.4bps | min=30.0bps
2026-05-09 17:57:52,370 | INFO | fetch_order_book: symbol=CHIP/USDC limit=20
2026-05-09 17:57:52,671 | INFO | fetch_order_book: mid=0.06563 spread=6.09bps bids=20 asks=20
2026-05-09 17:57:53,589 | INFO | SPREAD | pair=CHIP/USDC | cex=0.06561/0.06565 | dex_sell=0.065649 dex_buy=0.0656659 | spread_a=-0.2bps spread_b=-8.5bps | min=30.0bps
2026-05-09 17:57:54,592 | INFO | fetch_order_book: symbol=CHIP/USDC limit=20
2026-05-09 17:57:54,849 | INFO | fetch_order_book: mid=0.06563 spread=6.09bps bids=20 asks=20
2026-05-09 17:57:55,698 | INFO | SPREAD | pair=CHIP/USDC | cex=0.06561/0.06565 | dex_sell=0.065649 dex_buy=0.0656659 | spread_a=-0.2bps spread_b=-8.5bps | min=30.0bps
2026-05-09 17:57:56,700 | INFO | fetch_order_book: symbol=CHIP/USDC limit=20
2026-05-09 17:57:56,968 | INFO | fetch_order_book: mid=0.065635 spread=4.57bps bids=20 asks=20
2026-05-09 17:57:57,887 | INFO | SPREAD | pair=CHIP/USDC | cex=0.06562/0.06565 | dex_sell=0.065649 dex_buy=0.0656659 | spread_a=-0.2bps spread_b=-7.0bps | min=30.0bps
2026-05-09 17:57:58,890 | INFO | fetch_order_book: symbol=CHIP/USDC limit=20
2026-05-09 17:57:59,209 | INFO | fetch_order_book: mid=0.065635 spread=4.57bps bids=20 asks=20
2026-05-09 17:58:00,034 | INFO | SPREAD | pair=CHIP/USDC | cex=0.06562/0.06565 | dex_sell=0.065649 dex_buy=0.0656659 | spread_a=-0.2bps spread_b=-7.0bps | min=30.0bps
2026-05-09 17:58:01,035 | INFO | fetch_order_book: symbol=CHIP/USDC limit=20
2026-05-09 17:58:01,291 | INFO | fetch_order_book: mid=0.065635 spread=4.57bps bids=20 asks=20
2026-05-09 17:58:02,185 | INFO | SPREAD | pair=CHIP/USDC | cex=0.06562/0.06565 | dex_sell=0.065649 dex_buy=0.0656659 | spread_a=-0.2bps spread_b=-7.0bps | min=30.0bps
2026-05-09 17:58:03,188 | INFO | fetch_order_book: symbol=CHIP/USDC limit=20
2026-05-09 17:58:03,445 | INFO | fetch_order_book: mid=0.065635 spread=4.57bps bids=20 asks=20
2026-05-09 17:58:04,297 | INFO | SPREAD | pair=CHIP/USDC | cex=0.06562/0.06565 | dex_sell=0.065649 dex_buy=0.0656659 | spread_a=-0.2bps spread_b=-7.0bps | min=30.0bps
2026-05-09 17:58:05,299 | INFO | fetch_order_book: symbol=CHIP/USDC limit=20
2026-05-09 17:58:05,559 | INFO | fetch_order_book: mid=0.06567 spread=3.05bps bids=20 asks=20
2026-05-09 17:58:06,484 | INFO | SPREAD | pair=CHIP/USDC | cex=0.06566/0.06568 | dex_sell=0.065649 dex_buy=0.0656659 | spread_a=-4.7bps spread_b=-0.9bps | min=30.0bps
2026-05-09 17:58:07,486 | INFO | fetch_order_book: symbol=CHIP/USDC limit=20
2026-05-09 17:58:07,743 | INFO | fetch_order_book: mid=0.065665 spread=4.57bps bids=20 asks=20
2026-05-09 17:58:08,681 | INFO | SPREAD | pair=CHIP/USDC | cex=0.06565/0.06568 | dex_sell=0.065649 dex_buy=0.0656659 | spread_a=-4.7bps spread_b=-2.4bps | min=30.0bps
2026-05-09 17:58:09,683 | INFO | fetch_order_book: symbol=CHIP/USDC limit=20
2026-05-09 17:58:09,943 | INFO | fetch_order_book: mid=0.065665 spread=4.57bps bids=20 asks=20
2026-05-09 17:58:10,844 | INFO | SPREAD | pair=CHIP/USDC | cex=0.06565/0.06568 | dex_sell=0.065649 dex_buy=0.0656659 | spread_a=-4.7bps spread_b=-2.4bps | min=30.0bps
2026-05-09 17:58:11,846 | INFO | fetch_order_book: symbol=CHIP/USDC limit=20
2026-05-09 17:58:12,175 | INFO | fetch_order_book: mid=0.065665 spread=4.57bps bids=20 asks=20
2026-05-09 17:58:13,076 | INFO | SPREAD | pair=CHIP/USDC | cex=0.06565/0.06568 | dex_sell=0.065649 dex_buy=0.0656659 | spread_a=-4.7bps spread_b=-2.4bps | min=30.0bps
2026-05-09 17:58:14,078 | INFO | fetch_order_book: symbol=CHIP/USDC limit=20
2026-05-09 17:58:14,337 | INFO | fetch_order_book: mid=0.065665 spread=4.57bps bids=20 asks=20
2026-05-09 17:58:15,283 | INFO | SPREAD | pair=CHIP/USDC | cex=0.06565/0.06568 | dex_sell=0.065649 dex_buy=0.0656659 | spread_a=-4.7bps spread_b=-2.4bps | min=30.0bps
2026-05-09 17:58:16,286 | INFO | fetch_order_book: symbol=CHIP/USDC limit=20
2026-05-09 17:58:16,695 | INFO | fetch_order_book: mid=0.065665 spread=4.57bps bids=20 asks=20
2026-05-09 17:58:17,574 | INFO | SPREAD | pair=CHIP/USDC | cex=0.06565/0.06568 | dex_sell=0.065649 dex_buy=0.0656659 | spread_a=-4.7bps spread_b=-2.4bps | min=30.0bps
2026-05-09 17:58:18,576 | INFO | fetch_order_book: symbol=CHIP/USDC limit=20
2026-05-09 17:58:18,833 | INFO | fetch_order_book: mid=0.065665 spread=4.57bps bids=20 asks=20
2026-05-09 17:58:19,757 | INFO | SPREAD | pair=CHIP/USDC | cex=0.06565/0.06568 | dex_sell=0.065649 dex_buy=0.0656659 | spread_a=-4.7bps spread_b=-2.4bps | min=30.0bps
2026-05-09 17:58:20,759 | INFO | fetch_order_book: symbol=CHIP/USDC limit=20
2026-05-09 17:58:21,016 | INFO | fetch_order_book: mid=0.065665 spread=4.57bps bids=20 asks=20
2026-05-09 17:58:21,878 | INFO | SPREAD | pair=CHIP/USDC | cex=0.06565/0.06568 | dex_sell=0.065649 dex_buy=0.0656659 | spread_a=-4.7bps spread_b=-2.4bps | min=30.0bps
2026-05-09 17:58:22,880 | INFO | fetch_order_book: symbol=CHIP/USDC limit=20
2026-05-09 17:58:23,141 | INFO | fetch_order_book: mid=0.065665 spread=4.57bps bids=20 asks=20
2026-05-09 17:58:24,068 | INFO | SPREAD | pair=CHIP/USDC | cex=0.06565/0.06568 | dex_sell=0.065649 dex_buy=0.0656659 | spread_a=-4.7bps spread_b=-2.4bps | min=30.0bps
2026-05-09 17:58:25,070 | INFO | fetch_order_book: symbol=CHIP/USDC limit=20
2026-05-09 17:58:25,327 | INFO | fetch_order_book: mid=0.06565 spread=6.09bps bids=20 asks=20
2026-05-09 17:58:26,199 | INFO | SPREAD | pair=CHIP/USDC | cex=0.06563/0.06567 | dex_sell=0.065649 dex_buy=0.0656659 | spread_a=-3.2bps spread_b=-5.5bps | min=30.0bps
2026-05-09 17:58:27,201 | INFO | fetch_order_book: symbol=CHIP/USDC limit=20
2026-05-09 17:58:27,458 | INFO | fetch_order_book: mid=0.06557 spread=3.05bps bids=20 asks=20
2026-05-09 17:58:28,357 | INFO | SPREAD | pair=CHIP/USDC | cex=0.06556/0.06558 | dex_sell=0.065573 dex_buy=0.0655898 | spread_a=-1.1bps spread_b=-4.5bps | min=30.0bps
2026-05-09 17:58:29,359 | INFO | fetch_order_book: symbol=CHIP/USDC limit=20
2026-05-09 17:58:29,619 | INFO | fetch_order_book: mid=0.065565 spread=1.53bps bids=20 asks=20
2026-05-09 17:58:30,480 | INFO | SPREAD | pair=CHIP/USDC | cex=0.06556/0.06557 | dex_sell=0.065573 dex_buy=0.0655898 | spread_a=0.5bps spread_b=-4.5bps | min=30.0bps
2026-05-09 17:58:31,483 | INFO | fetch_order_book: symbol=CHIP/USDC limit=20
2026-05-09 17:58:31,740 | INFO | fetch_order_book: mid=0.065575 spread=4.57bps bids=20 asks=20
2026-05-09 17:58:32,633 | INFO | SPREAD | pair=CHIP/USDC | cex=0.06556/0.06559 | dex_sell=0.065573 dex_buy=0.0655898 | spread_a=-2.6bps spread_b=-4.5bps | min=30.0bps
2026-05-09 17:58:33,635 | INFO | fetch_order_book: symbol=CHIP/USDC limit=20
2026-05-09 17:58:33,914 | INFO | fetch_order_book: mid=0.065575 spread=4.57bps bids=20 asks=20
2026-05-09 17:58:34,743 | INFO | SPREAD | pair=CHIP/USDC | cex=0.06556/0.06559 | dex_sell=0.065573 dex_buy=0.0655898 | spread_a=-2.6bps spread_b=-4.5bps | min=30.0bps
2026-05-09 17:58:35,746 | INFO | fetch_order_book: symbol=CHIP/USDC limit=20
2026-05-09 17:58:36,005 | INFO | fetch_order_book: mid=0.06558 spread=3.05bps bids=20 asks=20
2026-05-09 17:58:36,929 | INFO | SPREAD | pair=CHIP/USDC | cex=0.06557/0.06559 | dex_sell=0.065573 dex_buy=0.0655898 | spread_a=-2.6bps spread_b=-3.0bps | min=30.0bps
2026-05-09 17:58:37,932 | INFO | fetch_order_book: symbol=CHIP/USDC limit=20
2026-05-09 17:58:38,192 | INFO | fetch_order_book: mid=0.06558 spread=3.05bps bids=20 asks=20
2026-05-09 17:58:39,047 | INFO | SPREAD | pair=CHIP/USDC | cex=0.06557/0.06559 | dex_sell=0.065573 dex_buy=0.0655898 | spread_a=-2.6bps spread_b=-3.0bps | min=30.0bps
2026-05-09 17:58:40,049 | INFO | fetch_order_book: symbol=CHIP/USDC limit=20
2026-05-09 17:58:40,307 | INFO | fetch_order_book: mid=0.06558 spread=3.05bps bids=20 asks=20
2026-05-09 17:58:41,227 | INFO | SPREAD | pair=CHIP/USDC | cex=0.06557/0.06559 | dex_sell=0.065573 dex_buy=0.0655898 | spread_a=-2.6bps spread_b=-3.0bps | min=30.0bps
2026-05-09 17:58:42,229 | INFO | fetch_order_book: symbol=CHIP/USDC limit=20
2026-05-09 17:58:42,612 | INFO | fetch_order_book: mid=0.06558 spread=3.05bps bids=20 asks=20
2026-05-09 17:58:43,487 | INFO | SPREAD | pair=CHIP/USDC | cex=0.06557/0.06559 | dex_sell=0.065573 dex_buy=0.0655898 | spread_a=-2.6bps spread_b=-3.0bps | min=30.0bps
2026-05-09 17:58:44,489 | INFO | fetch_order_book: symbol=CHIP/USDC limit=20
2026-05-09 17:58:44,746 | INFO | fetch_order_book: mid=0.06558 spread=3.05bps bids=20 asks=20
2026-05-09 17:58:45,667 | INFO | SPREAD | pair=CHIP/USDC | cex=0.06557/0.06559 | dex_sell=0.065573 dex_buy=0.0655898 | spread_a=-2.6bps spread_b=-3.0bps | min=30.0bps
2026-05-09 17:58:46,669 | INFO | fetch_order_book: symbol=CHIP/USDC limit=20
2026-05-09 17:58:46,994 | INFO | fetch_order_book: mid=0.06558 spread=3.05bps bids=20 asks=20
2026-05-09 17:58:47,894 | INFO | SPREAD | pair=CHIP/USDC | cex=0.06557/0.06559 | dex_sell=0.065573 dex_buy=0.0655898 | spread_a=-2.6bps spread_b=-3.0bps | min=30.0bps
2026-05-09 17:58:48,896 | INFO | fetch_order_book: symbol=CHIP/USDC limit=20
2026-05-09 17:58:49,163 | INFO | fetch_order_book: mid=0.065585 spread=4.57bps bids=20 asks=20
2026-05-09 17:58:50,043 | INFO | SPREAD | pair=CHIP/USDC | cex=0.06557/0.0656 | dex_sell=0.065573 dex_buy=0.0655898 | spread_a=-4.1bps spread_b=-3.0bps | min=30.0bps
2026-05-09 17:58:51,045 | INFO | fetch_order_book: symbol=CHIP/USDC limit=20
2026-05-09 17:58:51,300 | INFO | fetch_order_book: mid=0.065595 spread=7.62bps bids=20 asks=20
2026-05-09 17:58:52,167 | INFO | SPREAD | pair=CHIP/USDC | cex=0.06557/0.06562 | dex_sell=0.065573 dex_buy=0.0655898 | spread_a=-7.2bps spread_b=-3.0bps | min=30.0bps
2026-05-09 17:58:53,170 | INFO | fetch_order_book: symbol=CHIP/USDC limit=20
2026-05-09 17:58:53,430 | INFO | fetch_order_book: mid=0.065605 spread=4.57bps bids=20 asks=20
2026-05-09 17:58:54,322 | INFO | SPREAD | pair=CHIP/USDC | cex=0.06559/0.06562 | dex_sell=0.0655991 dex_buy=0.0656159 | spread_a=-3.2bps spread_b=-4.0bps | min=30.0bps
2026-05-09 17:58:55,324 | INFO | fetch_order_book: symbol=CHIP/USDC limit=20
2026-05-09 17:58:55,594 | INFO | fetch_order_book: mid=0.06567 spread=3.05bps bids=20 asks=20
2026-05-09 17:58:56,456 | INFO | SPREAD | pair=CHIP/USDC | cex=0.06566/0.06568 | dex_sell=0.0656291 dex_buy=0.0656759 | spread_a=-7.8bps spread_b=-2.4bps | min=30.0bps
2026-05-09 17:58:57,459 | INFO | fetch_order_book: symbol=CHIP/USDC limit=20
2026-05-09 17:58:57,718 | INFO | fetch_order_book: mid=0.06565 spread=6.09bps bids=20 asks=20
2026-05-09 17:58:58,643 | INFO | SPREAD | pair=CHIP/USDC | cex=0.06563/0.06567 | dex_sell=0.065659 dex_buy=0.0656759 | spread_a=-1.7bps spread_b=-7.0bps | min=30.0bps
2026-05-09 17:58:59,645 | INFO | fetch_order_book: symbol=CHIP/USDC limit=20
2026-05-09 17:58:59,900 | INFO | fetch_order_book: mid=0.06565 spread=6.09bps bids=20 asks=20
2026-05-09 17:59:00,715 | INFO | SPREAD | pair=CHIP/USDC | cex=0.06563/0.06567 | dex_sell=0.065659 dex_buy=0.0656759 | spread_a=-1.7bps spread_b=-7.0bps | min=30.0bps
2026-05-09 17:59:01,717 | INFO | fetch_order_book: symbol=CHIP/USDC limit=20
2026-05-09 17:59:01,977 | INFO | fetch_order_book: mid=0.065655 spread=7.62bps bids=20 asks=20
2026-05-09 17:59:03,017 | INFO | SPREAD | pair=CHIP/USDC | cex=0.06563/0.06568 | dex_sell=0.065659 dex_buy=0.0656759 | spread_a=-3.2bps spread_b=-7.0bps | min=30.0bps
2026-05-09 17:59:04,020 | INFO | fetch_order_book: symbol=CHIP/USDC limit=20
2026-05-09 17:59:04,277 | INFO | fetch_order_book: mid=0.065675 spread=7.61bps bids=20 asks=20
2026-05-09 17:59:05,132 | INFO | SPREAD | pair=CHIP/USDC | cex=0.06565/0.0657 | dex_sell=0.065659 dex_buy=0.0656759 | spread_a=-6.2bps spread_b=-3.9bps | min=30.0bps
2026-05-09 17:59:06,135 | INFO | fetch_order_book: symbol=CHIP/USDC limit=20
2026-05-09 17:59:06,395 | INFO | fetch_order_book: mid=0.06567 spread=6.09bps bids=20 asks=20
2026-05-09 17:59:07,275 | INFO | SPREAD | pair=CHIP/USDC | cex=0.06565/0.06569 | dex_sell=0.065659 dex_buy=0.0656759 | spread_a=-4.7bps spread_b=-3.9bps | min=30.0bps
2026-05-09 17:59:08,278 | INFO | fetch_order_book: symbol=CHIP/USDC limit=20
2026-05-09 17:59:08,539 | INFO | fetch_order_book: mid=0.06567 spread=6.09bps bids=20 asks=20
2026-05-09 17:59:09,436 | INFO | SPREAD | pair=CHIP/USDC | cex=0.06565/0.06569 | dex_sell=0.065659 dex_buy=0.0656759 | spread_a=-4.7bps spread_b=-3.9bps | min=30.0bps
2026-05-09 17:59:10,438 | INFO | fetch_order_book: symbol=CHIP/USDC limit=20
2026-05-09 17:59:10,794 | INFO | fetch_order_book: mid=0.06569 spread=3.04bps bids=20 asks=20
2026-05-09 17:59:11,724 | INFO | SPREAD | pair=CHIP/USDC | cex=0.06568/0.0657 | dex_sell=0.065659 dex_buy=0.0656759 | spread_a=-6.2bps spread_b=0.6bps | min=30.0bps
2026-05-09 17:59:12,727 | INFO | fetch_order_book: symbol=CHIP/USDC limit=20
2026-05-09 17:59:13,012 | INFO | fetch_order_book: mid=0.06569 spread=3.04bps bids=20 asks=20
2026-05-09 17:59:13,959 | INFO | SPREAD | pair=CHIP/USDC | cex=0.06568/0.0657 | dex_sell=0.065689 dex_buy=0.0657059 | spread_a=-1.7bps spread_b=-3.9bps | min=30.0bps
2026-05-09 17:59:14,962 | INFO | fetch_order_book: symbol=CHIP/USDC limit=20
2026-05-09 17:59:15,250 | INFO | fetch_order_book: mid=0.06568 spread=6.09bps bids=20 asks=20
2026-05-09 17:59:16,202 | INFO | SPREAD | pair=CHIP/USDC | cex=0.06566/0.0657 | dex_sell=0.065689 dex_buy=0.0657059 | spread_a=-1.7bps spread_b=-7.0bps | min=30.0bps
2026-05-09 17:59:17,204 | INFO | fetch_order_book: symbol=CHIP/USDC limit=20
2026-05-09 17:59:17,497 | INFO | fetch_order_book: mid=0.065685 spread=4.57bps bids=20 asks=20
2026-05-09 17:59:18,376 | INFO | SPREAD | pair=CHIP/USDC | cex=0.06567/0.0657 | dex_sell=0.065689 dex_buy=0.0657059 | spread_a=-1.7bps spread_b=-5.5bps | min=30.0bps
2026-05-09 17:59:19,379 | INFO | fetch_order_book: symbol=CHIP/USDC limit=20
2026-05-09 17:59:19,634 | INFO | fetch_order_book: mid=0.065685 spread=4.57bps bids=20 asks=20
2026-05-09 17:59:20,611 | INFO | SPREAD | pair=CHIP/USDC | cex=0.06567/0.0657 | dex_sell=0.065689 dex_buy=0.0657059 | spread_a=-1.7bps spread_b=-5.5bps | min=30.0bps
2026-05-09 17:59:21,613 | INFO | fetch_order_book: symbol=CHIP/USDC limit=20
2026-05-09 17:59:21,871 | INFO | fetch_order_book: mid=0.06568 spread=6.09bps bids=20 asks=20
2026-05-09 17:59:22,738 | INFO | SPREAD | pair=CHIP/USDC | cex=0.06566/0.0657 | dex_sell=0.065689 dex_buy=0.0657059 | spread_a=-1.7bps spread_b=-7.0bps | min=30.0bps
2026-05-09 17:59:23,742 | INFO | fetch_order_book: symbol=CHIP/USDC limit=20
2026-05-09 17:59:23,998 | INFO | fetch_order_book: mid=0.06568 spread=6.09bps bids=20 asks=20
2026-05-09 17:59:24,914 | INFO | SPREAD | pair=CHIP/USDC | cex=0.06566/0.0657 | dex_sell=0.065689 dex_buy=0.0657059 | spread_a=-1.7bps spread_b=-7.0bps | min=30.0bps
2026-05-09 17:59:25,916 | INFO | fetch_order_book: symbol=CHIP/USDC limit=20
2026-05-09 17:59:26,172 | INFO | fetch_order_book: mid=0.06569 spread=3.04bps bids=20 asks=20
2026-05-09 17:59:27,030 | INFO | SPREAD | pair=CHIP/USDC | cex=0.06568/0.0657 | dex_sell=0.065689 dex_buy=0.0657059 | spread_a=-1.7bps spread_b=-3.9bps | min=30.0bps
2026-05-09 17:59:28,032 | INFO | fetch_order_book: symbol=CHIP/USDC limit=20
2026-05-09 17:59:28,517 | INFO | fetch_order_book: mid=0.065705 spread=4.57bps bids=20 asks=20
2026-05-09 17:59:29,451 | INFO | SPREAD | pair=CHIP/USDC | cex=0.06569/0.06572 | dex_sell=0.065689 dex_buy=0.0657059 | spread_a=-4.7bps spread_b=-2.4bps | min=30.0bps
2026-05-09 17:59:30,453 | INFO | fetch_order_book: symbol=CHIP/USDC limit=20
2026-05-09 17:59:30,714 | INFO | fetch_order_book: mid=0.065705 spread=4.57bps bids=20 asks=20
2026-05-09 17:59:31,603 | INFO | SPREAD | pair=CHIP/USDC | cex=0.06569/0.06572 | dex_sell=0.065689 dex_buy=0.0657059 | spread_a=-4.7bps spread_b=-2.4bps | min=30.0bps
2026-05-09 17:59:32,605 | INFO | fetch_order_book: symbol=CHIP/USDC limit=20
2026-05-09 17:59:32,862 | INFO | fetch_order_book: mid=0.065735 spread=1.52bps bids=20 asks=20
2026-05-09 17:59:33,740 | INFO | SPREAD | pair=CHIP/USDC | cex=0.06573/0.06574 | dex_sell=0.065689 dex_buy=0.0657359 | spread_a=-7.8bps spread_b=-0.9bps | min=30.0bps
2026-05-09 17:59:34,742 | INFO | fetch_order_book: symbol=CHIP/USDC limit=20
2026-05-09 17:59:34,997 | INFO | fetch_order_book: mid=0.065745 spread=4.56bps bids=20 asks=20
2026-05-09 17:59:35,893 | INFO | SPREAD | pair=CHIP/USDC | cex=0.06573/0.06576 | dex_sell=0.065719 dex_buy=0.0657359 | spread_a=-6.2bps spread_b=-0.9bps | min=30.0bps
2026-05-09 17:59:36,896 | INFO | fetch_order_book: symbol=CHIP/USDC limit=20
2026-05-09 17:59:37,152 | INFO | fetch_order_book: mid=0.065745 spread=4.56bps bids=20 asks=20
2026-05-09 17:59:38,041 | INFO | SPREAD | pair=CHIP/USDC | cex=0.06573/0.06576 | dex_sell=0.065719 dex_buy=0.0657359 | spread_a=-6.2bps spread_b=-0.9bps | min=30.0bps
2026-05-09 17:59:39,043 | INFO | fetch_order_book: symbol=CHIP/USDC limit=20
2026-05-09 17:59:39,357 | INFO | fetch_order_book: mid=0.06572 spread=6.09bps bids=20 asks=20
2026-05-09 17:59:40,221 | INFO | SPREAD | pair=CHIP/USDC | cex=0.0657/0.06574 | dex_sell=0.065719 dex_buy=0.0657359 | spread_a=-3.2bps spread_b=-5.5bps | min=30.0bps
2026-05-09 17:59:41,223 | INFO | fetch_order_book: symbol=CHIP/USDC limit=20
2026-05-09 17:59:41,478 | INFO | fetch_order_book: mid=0.065725 spread=7.61bps bids=20 asks=20
2026-05-09 17:59:42,388 | INFO | SPREAD | pair=CHIP/USDC | cex=0.0657/0.06575 | dex_sell=0.065719 dex_buy=0.0657359 | spread_a=-4.7bps spread_b=-5.5bps | min=30.0bps
2026-05-09 17:59:43,391 | INFO | fetch_order_book: symbol=CHIP/USDC limit=20
2026-05-09 17:59:43,649 | INFO | fetch_order_book: mid=0.06571 spread=9.13bps bids=20 asks=20
2026-05-09 17:59:44,507 | INFO | SPREAD | pair=CHIP/USDC | cex=0.06568/0.06574 | dex_sell=0.065719 dex_buy=0.0657359 | spread_a=-3.2bps spread_b=-8.5bps | min=30.0bps
2026-05-09 17:59:45,510 | INFO | fetch_order_book: symbol=CHIP/USDC limit=20
2026-05-09 17:59:45,775 | INFO | fetch_order_book: mid=0.065685 spread=1.52bps bids=20 asks=20
2026-05-09 17:59:46,745 | INFO | SPREAD | pair=CHIP/USDC | cex=0.06568/0.06569 | dex_sell=0.0656928 dex_buy=0.0657096 | spread_a=0.4bps spread_b=-4.5bps | min=30.0bps
2026-05-09 17:59:47,747 | INFO | fetch_order_book: symbol=CHIP/USDC limit=20
2026-05-09 17:59:48,021 | INFO | fetch_order_book: mid=0.065685 spread=1.52bps bids=20 asks=20
2026-05-09 17:59:48,890 | INFO | SPREAD | pair=CHIP/USDC | cex=0.06568/0.06569 | dex_sell=0.0656928 dex_buy=0.0657096 | spread_a=0.4bps spread_b=-4.5bps | min=30.0bps
2026-05-09 17:59:49,892 | INFO | fetch_order_book: symbol=CHIP/USDC limit=20
2026-05-09 17:59:50,151 | INFO | fetch_order_book: mid=0.06569 spread=6.09bps bids=20 asks=20
2026-05-09 17:59:51,075 | INFO | SPREAD | pair=CHIP/USDC | cex=0.06567/0.06571 | dex_sell=0.0656626 dex_buy=0.0656795 | spread_a=-7.2bps spread_b=-1.4bps | min=30.0bps
2026-05-09 17:59:52,078 | INFO | fetch_order_book: symbol=CHIP/USDC limit=20
2026-05-09 17:59:52,335 | INFO | fetch_order_book: mid=0.06572 spread=6.09bps bids=20 asks=20
2026-05-09 17:59:53,245 | INFO | SPREAD | pair=CHIP/USDC | cex=0.0657/0.06574 | dex_sell=0.065689 dex_buy=0.0657058 | spread_a=-7.8bps spread_b=-0.9bps | min=30.0bps
2026-05-09 17:59:54,247 | INFO | fetch_order_book: symbol=CHIP/USDC limit=20
2026-05-09 17:59:54,507 | INFO | fetch_order_book: mid=0.06573 spread=3.04bps bids=20 asks=20
2026-05-09 17:59:55,381 | INFO | SPREAD | pair=CHIP/USDC | cex=0.06572/0.06574 | dex_sell=0.065719 dex_buy=0.0657358 | spread_a=-3.2bps spread_b=-2.4bps | min=30.0bps
2026-05-09 17:59:56,383 | INFO | fetch_order_book: symbol=CHIP/USDC limit=20
2026-05-09 17:59:56,639 | INFO | fetch_order_book: mid=0.065725 spread=1.52bps bids=20 asks=20
2026-05-09 17:59:57,576 | INFO | SPREAD | pair=CHIP/USDC | cex=0.06572/0.06573 | dex_sell=0.065719 dex_buy=0.0657358 | spread_a=-1.7bps spread_b=-2.4bps | min=30.0bps
2026-05-09 17:59:58,578 | INFO | fetch_order_book: symbol=CHIP/USDC limit=20
2026-05-09 17:59:58,839 | INFO | fetch_order_book: mid=0.065715 spread=1.52bps bids=20 asks=20
2026-05-09 17:59:59,750 | INFO | SPREAD | pair=CHIP/USDC | cex=0.06571/0.06572 | dex_sell=0.065719 dex_buy=0.0657358 | spread_a=-0.2bps spread_b=-3.9bps | min=30.0bps
2026-05-09 18:00:00,753 | INFO | fetch_order_book: symbol=CHIP/USDC limit=20
2026-05-09 18:00:01,029 | INFO | fetch_order_book: mid=0.06573 spread=3.04bps bids=20 asks=20
2026-05-09 18:00:01,946 | INFO | SPREAD | pair=CHIP/USDC | cex=0.06572/0.06574 | dex_sell=0.065719 dex_buy=0.0657358 | spread_a=-3.2bps spread_b=-2.4bps | min=30.0bps
2026-05-09 18:00:02,948 | INFO | fetch_order_book: symbol=CHIP/USDC limit=20
2026-05-09 18:00:03,254 | INFO | fetch_order_book: mid=0.06572 spread=6.09bps bids=20 asks=20
2026-05-09 18:00:04,162 | INFO | SPREAD | pair=CHIP/USDC | cex=0.0657/0.06574 | dex_sell=0.065719 dex_buy=0.0657358 | spread_a=-3.2bps spread_b=-5.5bps | min=30.0bps
2026-05-09 18:00:05,165 | INFO | fetch_order_book: symbol=CHIP/USDC limit=20
2026-05-09 18:00:05,425 | INFO | fetch_order_book: mid=0.065725 spread=4.56bps bids=20 asks=20
2026-05-09 18:00:06,297 | INFO | SPREAD | pair=CHIP/USDC | cex=0.06571/0.06574 | dex_sell=0.065719 dex_buy=0.0657358 | spread_a=-3.2bps spread_b=-3.9bps | min=30.0bps
2026-05-09 18:00:07,300 | INFO | fetch_order_book: symbol=CHIP/USDC limit=20
2026-05-09 18:00:07,622 | INFO | fetch_order_book: mid=0.065725 spread=4.56bps bids=20 asks=20
2026-05-09 18:00:08,573 | INFO | SPREAD | pair=CHIP/USDC | cex=0.06571/0.06574 | dex_sell=0.065719 dex_buy=0.0657358 | spread_a=-3.2bps spread_b=-3.9bps | min=30.0bps
2026-05-09 18:00:09,575 | INFO | fetch_order_book: symbol=CHIP/USDC limit=20
2026-05-09 18:00:09,873 | INFO | fetch_order_book: mid=0.065725 spread=4.56bps bids=20 asks=20
2026-05-09 18:00:10,777 | INFO | SPREAD | pair=CHIP/USDC | cex=0.06571/0.06574 | dex_sell=0.065719 dex_buy=0.0657358 | spread_a=-3.2bps spread_b=-3.9bps | min=30.0bps
2026-05-09 18:00:11,779 | INFO | fetch_order_book: symbol=CHIP/USDC limit=20
2026-05-09 18:00:12,038 | INFO | fetch_order_book: mid=0.065725 spread=4.56bps bids=20 asks=20
2026-05-09 18:00:12,954 | INFO | SPREAD | pair=CHIP/USDC | cex=0.06571/0.06574 | dex_sell=0.065719 dex_buy=0.0657358 | spread_a=-3.2bps spread_b=-3.9bps | min=30.0bps
2026-05-09 18:00:13,957 | INFO | fetch_order_book: symbol=CHIP/USDC limit=20
2026-05-09 18:00:14,213 | INFO | fetch_order_book: mid=0.065725 spread=4.56bps bids=20 asks=20
2026-05-09 18:00:15,096 | INFO | SPREAD | pair=CHIP/USDC | cex=0.06571/0.06574 | dex_sell=0.065719 dex_buy=0.0657358 | spread_a=-3.2bps spread_b=-3.9bps | min=30.0bps
2026-05-09 18:00:16,099 | INFO | fetch_order_book: symbol=CHIP/USDC limit=20
2026-05-09 18:00:16,362 | INFO | fetch_order_book: mid=0.065725 spread=4.56bps bids=20 asks=20
2026-05-09 18:00:17,273 | INFO | SPREAD | pair=CHIP/USDC | cex=0.06571/0.06574 | dex_sell=0.065719 dex_buy=0.0657358 | spread_a=-3.2bps spread_b=-3.9bps | min=30.0bps
2026-05-09 18:00:18,276 | INFO | fetch_order_book: symbol=CHIP/USDC limit=20
2026-05-09 18:00:18,541 | INFO | fetch_order_book: mid=0.065715 spread=1.52bps bids=20 asks=20
2026-05-09 18:00:19,439 | INFO | SPREAD | pair=CHIP/USDC | cex=0.06571/0.06572 | dex_sell=0.065719 dex_buy=0.0657358 | spread_a=-0.2bps spread_b=-3.9bps | min=30.0bps
2026-05-09 18:00:20,441 | INFO | fetch_order_book: symbol=CHIP/USDC limit=20
2026-05-09 18:00:20,700 | INFO | fetch_order_book: mid=0.065695 spread=4.57bps bids=20 asks=20
2026-05-09 18:00:21,572 | INFO | SPREAD | pair=CHIP/USDC | cex=0.06568/0.06571 | dex_sell=0.0656927 dex_buy=0.0657096 | spread_a=-2.6bps spread_b=-4.5bps | min=30.0bps
2026-05-09 18:00:22,574 | INFO | fetch_order_book: symbol=CHIP/USDC limit=20
2026-05-09 18:00:22,832 | INFO | fetch_order_book: mid=0.065725 spread=4.56bps bids=20 asks=20
2026-05-09 18:00:23,712 | INFO | SPREAD | pair=CHIP/USDC | cex=0.06571/0.06574 | dex_sell=0.0656927 dex_buy=0.0657096 | spread_a=-7.2bps spread_b=0.1bps | min=30.0bps
2026-05-09 18:00:24,714 | INFO | fetch_order_book: symbol=CHIP/USDC limit=20
2026-05-09 18:00:24,968 | INFO | fetch_order_book: mid=0.065725 spread=4.56bps bids=20 asks=20
2026-05-09 18:00:25,862 | INFO | SPREAD | pair=CHIP/USDC | cex=0.06571/0.06574 | dex_sell=0.0656927 dex_buy=0.0657096 | spread_a=-7.2bps spread_b=0.1bps | min=30.0bps
2026-05-09 18:00:26,864 | INFO | fetch_order_book: symbol=CHIP/USDC limit=20
2026-05-09 18:00:27,123 | INFO | fetch_order_book: mid=0.065725 spread=4.56bps bids=20 asks=20
2026-05-09 18:00:27,994 | INFO | SPREAD | pair=CHIP/USDC | cex=0.06571/0.06574 | dex_sell=0.0656927 dex_buy=0.0657096 | spread_a=-7.2bps spread_b=0.1bps | min=30.0bps
2026-05-09 18:00:28,997 | INFO | fetch_order_book: symbol=CHIP/USDC limit=20
2026-05-09 18:00:29,434 | INFO | fetch_order_book: mid=0.065725 spread=4.56bps bids=20 asks=20
2026-05-09 18:00:30,308 | INFO | SPREAD | pair=CHIP/USDC | cex=0.06571/0.06574 | dex_sell=0.0656927 dex_buy=0.0657096 | spread_a=-7.2bps spread_b=0.1bps | min=30.0bps
2026-05-09 18:00:31,311 | INFO | fetch_order_book: symbol=CHIP/USDC limit=20
2026-05-09 18:00:31,568 | INFO | fetch_order_book: mid=0.065725 spread=4.56bps bids=20 asks=20
2026-05-09 18:00:32,394 | INFO | SPREAD | pair=CHIP/USDC | cex=0.06571/0.06574 | dex_sell=0.0657188 dex_buy=0.0657357 | spread_a=-3.2bps spread_b=-3.9bps | min=30.0bps
2026-05-09 18:00:33,397 | INFO | fetch_order_book: symbol=CHIP/USDC limit=20
2026-05-09 18:00:33,652 | INFO | fetch_order_book: mid=0.06576 spread=6.08bps bids=20 asks=20
2026-05-09 18:00:34,596 | INFO | SPREAD | pair=CHIP/USDC | cex=0.06574/0.06578 | dex_sell=0.0657488 dex_buy=0.0657657 | spread_a=-4.7bps spread_b=-3.9bps | min=30.0bps
2026-05-09 18:00:35,599 | INFO | fetch_order_book: symbol=CHIP/USDC limit=20
2026-05-09 18:00:35,858 | INFO | fetch_order_book: mid=0.06574 spread=6.08bps bids=20 asks=20
2026-05-09 18:00:36,734 | INFO | SPREAD | pair=CHIP/USDC | cex=0.06572/0.06576 | dex_sell=0.0657488 dex_buy=0.0657657 | spread_a=-1.7bps spread_b=-6.9bps | min=30.0bps
2026-05-09 18:00:37,738 | INFO | fetch_order_book: symbol=CHIP/USDC limit=20
2026-05-09 18:00:38,093 | INFO | fetch_order_book: mid=0.06576 spread=6.08bps bids=20 asks=20
2026-05-09 18:00:39,001 | INFO | SPREAD | pair=CHIP/USDC | cex=0.06574/0.06578 | dex_sell=0.0657488 dex_buy=0.0657657 | spread_a=-4.7bps spread_b=-3.9bps | min=30.0bps
2026-05-09 18:00:40,004 | INFO | fetch_order_book: symbol=CHIP/USDC limit=20
2026-05-09 18:00:40,269 | INFO | fetch_order_book: mid=0.06576 spread=6.08bps bids=20 asks=20
2026-05-09 18:00:41,168 | INFO | SPREAD | pair=CHIP/USDC | cex=0.06574/0.06578 | dex_sell=0.0657488 dex_buy=0.0657657 | spread_a=-4.7bps spread_b=-3.9bps | min=30.0bps
2026-05-09 18:00:42,170 | INFO | fetch_order_book: symbol=CHIP/USDC limit=20
2026-05-09 18:00:42,431 | INFO | fetch_order_book: mid=0.065765 spread=4.56bps bids=20 asks=20
2026-05-09 18:00:43,296 | INFO | SPREAD | pair=CHIP/USDC | cex=0.06575/0.06578 | dex_sell=0.0657488 dex_buy=0.0657657 | spread_a=-4.7bps spread_b=-2.4bps | min=30.0bps
2026-05-09 18:00:44,298 | INFO | fetch_order_book: symbol=CHIP/USDC limit=20
2026-05-09 18:00:44,553 | INFO | fetch_order_book: mid=0.06579 spread=6.08bps bids=20 asks=20
2026-05-09 18:00:45,415 | INFO | SPREAD | pair=CHIP/USDC | cex=0.06577/0.06581 | dex_sell=0.0657788 dex_buy=0.0657957 | spread_a=-4.7bps spread_b=-3.9bps | min=30.0bps
2026-05-09 18:00:46,417 | INFO | fetch_order_book: symbol=CHIP/USDC limit=20
2026-05-09 18:00:46,737 | INFO | fetch_order_book: mid=0.06579 spread=6.08bps bids=20 asks=20
2026-05-09 18:00:47,672 | INFO | SPREAD | pair=CHIP/USDC | cex=0.06577/0.06581 | dex_sell=0.0657788 dex_buy=0.0657957 | spread_a=-4.7bps spread_b=-3.9bps | min=30.0bps
2026-05-09 18:00:48,675 | INFO | fetch_order_book: symbol=CHIP/USDC limit=20
2026-05-09 18:00:48,935 | INFO | fetch_order_book: mid=0.065795 spread=7.60bps bids=20 asks=20
2026-05-09 18:00:49,861 | INFO | SPREAD | pair=CHIP/USDC | cex=0.06577/0.06582 | dex_sell=0.0657788 dex_buy=0.0657957 | spread_a=-6.3bps spread_b=-3.9bps | min=30.0bps
2026-05-09 18:00:50,864 | INFO | fetch_order_book: symbol=CHIP/USDC limit=20
2026-05-09 18:00:51,137 | INFO | fetch_order_book: mid=0.06580 spread=6.08bps bids=20 asks=20
2026-05-09 18:00:52,077 | INFO | SPREAD | pair=CHIP/USDC | cex=0.06578/0.06582 | dex_sell=0.0657788 dex_buy=0.0657957 | spread_a=-6.3bps spread_b=-2.4bps | min=30.0bps
2026-05-09 18:00:53,079 | INFO | fetch_order_book: symbol=CHIP/USDC limit=20
2026-05-09 18:00:53,336 | INFO | fetch_order_book: mid=0.06580 spread=6.08bps bids=20 asks=20
2026-05-09 18:00:54,200 | INFO | SPREAD | pair=CHIP/USDC | cex=0.06578/0.06582 | dex_sell=0.0657788 dex_buy=0.0657957 | spread_a=-6.3bps spread_b=-2.4bps | min=30.0bps
2026-05-09 18:00:55,203 | INFO | fetch_order_book: symbol=CHIP/USDC limit=20
2026-05-09 18:00:55,459 | INFO | fetch_order_book: mid=0.06580 spread=6.08bps bids=20 asks=20
2026-05-09 18:00:56,367 | INFO | SPREAD | pair=CHIP/USDC | cex=0.06578/0.06582 | dex_sell=0.0657788 dex_buy=0.0657957 | spread_a=-6.3bps spread_b=-2.4bps | min=30.0bps
2026-05-09 18:00:57,370 | INFO | fetch_order_book: symbol=CHIP/USDC limit=20
2026-05-09 18:00:57,631 | INFO | fetch_order_book: mid=0.06579 spread=6.08bps bids=20 asks=20
2026-05-09 18:00:58,456 | INFO | SPREAD | pair=CHIP/USDC | cex=0.06577/0.06581 | dex_sell=0.0657788 dex_buy=0.0657957 | spread_a=-4.7bps spread_b=-3.9bps | min=30.0bps
2026-05-09 18:00:59,458 | INFO | fetch_order_book: symbol=CHIP/USDC limit=20
2026-05-09 18:00:59,722 | INFO | fetch_order_book: mid=0.06579 spread=6.08bps bids=20 asks=20
2026-05-09 18:01:00,639 | INFO | SPREAD | pair=CHIP/USDC | cex=0.06577/0.06581 | dex_sell=0.0657788 dex_buy=0.0657957 | spread_a=-4.7bps spread_b=-3.9bps | min=30.0bps
2026-05-09 18:01:01,642 | INFO | fetch_order_book: symbol=CHIP/USDC limit=20
2026-05-09 18:01:01,899 | INFO | fetch_order_book: mid=0.065775 spread=1.52bps bids=20 asks=20
2026-05-09 18:01:02,755 | INFO | SPREAD | pair=CHIP/USDC | cex=0.06577/0.06578 | dex_sell=0.0657788 dex_buy=0.0657957 | spread_a=-0.2bps spread_b=-3.9bps | min=30.0bps
2026-05-09 18:01:03,757 | INFO | fetch_order_book: symbol=CHIP/USDC limit=20
2026-05-09 18:01:04,015 | INFO | fetch_order_book: mid=0.06576 spread=6.08bps bids=20 asks=20
2026-05-09 18:01:04,952 | INFO | SPREAD | pair=CHIP/USDC | cex=0.06574/0.06578 | dex_sell=0.0657788 dex_buy=0.0657697 | spread_a=-0.2bps spread_b=-4.5bps | min=30.0bps
2026-05-09 18:01:05,954 | INFO | fetch_order_book: symbol=CHIP/USDC limit=20
2026-05-09 18:01:06,243 | INFO | fetch_order_book: mid=0.065745 spread=1.52bps bids=20 asks=20
2026-05-09 18:01:07,167 | INFO | SPREAD | pair=CHIP/USDC | cex=0.06574/0.06575 | dex_sell=0.0657528 dex_buy=0.0657697 | spread_a=0.4bps spread_b=-4.5bps | min=30.0bps
2026-05-09 18:01:08,170 | INFO | fetch_order_book: symbol=CHIP/USDC limit=20
2026-05-09 18:01:08,426 | INFO | fetch_order_book: mid=0.065745 spread=1.52bps bids=20 asks=20
2026-05-09 18:01:09,342 | INFO | SPREAD | pair=CHIP/USDC | cex=0.06574/0.06575 | dex_sell=0.0657528 dex_buy=0.0657697 | spread_a=0.4bps spread_b=-4.5bps | min=30.0bps
2026-05-09 18:01:10,345 | INFO | fetch_order_book: symbol=CHIP/USDC limit=20
2026-05-09 18:01:10,610 | INFO | fetch_order_book: mid=0.06583 spread=3.04bps bids=20 asks=20
2026-05-09 18:01:11,463 | INFO | SPREAD | pair=CHIP/USDC | cex=0.06582/0.06584 | dex_sell=0.0657229 dex_buy=0.0658359 | spread_a=-17.8bps spread_b=-2.4bps | min=30.0bps
2026-05-09 18:01:12,466 | INFO | fetch_order_book: symbol=CHIP/USDC limit=20
2026-05-09 18:01:12,724 | INFO | fetch_order_book: mid=0.065825 spread=4.56bps bids=20 asks=20
2026-05-09 18:01:13,613 | INFO | SPREAD | pair=CHIP/USDC | cex=0.06581/0.06584 | dex_sell=0.065819 dex_buy=0.0658359 | spread_a=-3.2bps spread_b=-3.9bps | min=30.0bps
2026-05-09 18:01:14,615 | INFO | fetch_order_book: symbol=CHIP/USDC limit=20
2026-05-09 18:01:14,870 | INFO | fetch_order_book: mid=0.065825 spread=4.56bps bids=20 asks=20
2026-05-09 18:01:15,745 | INFO | SPREAD | pair=CHIP/USDC | cex=0.06581/0.06584 | dex_sell=0.065819 dex_buy=0.0658359 | spread_a=-3.2bps spread_b=-3.9bps | min=30.0bps
2026-05-09 18:01:16,748 | INFO | fetch_order_book: symbol=CHIP/USDC limit=20
2026-05-09 18:01:17,010 | INFO | fetch_order_book: mid=0.065835 spread=1.52bps bids=20 asks=20
2026-05-09 18:01:17,875 | INFO | SPREAD | pair=CHIP/USDC | cex=0.06583/0.06584 | dex_sell=0.065819 dex_buy=0.0658359 | spread_a=-3.2bps spread_b=-0.9bps | min=30.0bps
2026-05-09 18:01:18,878 | INFO | fetch_order_book: symbol=CHIP/USDC limit=20
2026-05-09 18:01:19,136 | INFO | fetch_order_book: mid=0.065835 spread=1.52bps bids=20 asks=20
2026-05-09 18:01:20,014 | INFO | SPREAD | pair=CHIP/USDC | cex=0.06583/0.06584 | dex_sell=0.065819 dex_buy=0.0658359 | spread_a=-3.2bps spread_b=-0.9bps | min=30.0bps
2026-05-09 18:01:21,016 | INFO | fetch_order_book: symbol=CHIP/USDC limit=20
2026-05-09 18:01:21,273 | INFO | fetch_order_book: mid=0.065835 spread=1.52bps bids=20 asks=20
2026-05-09 18:01:22,198 | INFO | SPREAD | pair=CHIP/USDC | cex=0.06583/0.06584 | dex_sell=0.065819 dex_buy=0.0658359 | spread_a=-3.2bps spread_b=-0.9bps | min=30.0bps
2026-05-09 18:01:23,201 | INFO | fetch_order_book: symbol=CHIP/USDC limit=20
2026-05-09 18:01:23,460 | INFO | fetch_order_book: mid=0.065815 spread=4.56bps bids=20 asks=20
2026-05-09 18:01:24,297 | INFO | SPREAD | pair=CHIP/USDC | cex=0.0658/0.06583 | dex_sell=0.065819 dex_buy=0.0658359 | spread_a=-1.7bps spread_b=-5.5bps | min=30.0bps
2026-05-09 18:01:25,299 | INFO | fetch_order_book: symbol=CHIP/USDC limit=20
2026-05-09 18:01:25,568 | INFO | fetch_order_book: mid=0.065815 spread=4.56bps bids=20 asks=20
2026-05-09 18:01:26,520 | INFO | SPREAD | pair=CHIP/USDC | cex=0.0658/0.06583 | dex_sell=0.065819 dex_buy=0.0658359 | spread_a=-1.7bps spread_b=-5.5bps | min=30.0bps
2026-05-09 18:01:27,522 | INFO | fetch_order_book: symbol=CHIP/USDC limit=20
2026-05-09 18:01:27,779 | INFO | fetch_order_book: mid=0.065815 spread=4.56bps bids=20 asks=20
2026-05-09 18:01:28,698 | INFO | SPREAD | pair=CHIP/USDC | cex=0.0658/0.06583 | dex_sell=0.065819 dex_buy=0.0658359 | spread_a=-1.7bps spread_b=-5.5bps | min=30.0bps
2026-05-09 18:01:29,701 | INFO | fetch_order_book: symbol=CHIP/USDC limit=20
2026-05-09 18:01:30,054 | INFO | fetch_order_book: mid=0.065825 spread=4.56bps bids=20 asks=20
2026-05-09 18:01:30,901 | INFO | SPREAD | pair=CHIP/USDC | cex=0.06581/0.06584 | dex_sell=0.065819 dex_buy=0.0658359 | spread_a=-3.2bps spread_b=-3.9bps | min=30.0bps
2026-05-09 18:01:31,903 | INFO | fetch_order_book: symbol=CHIP/USDC limit=20
2026-05-09 18:01:32,163 | INFO | fetch_order_book: mid=0.065825 spread=4.56bps bids=20 asks=20
2026-05-09 18:01:33,073 | INFO | SPREAD | pair=CHIP/USDC | cex=0.06581/0.06584 | dex_sell=0.065819 dex_buy=0.0658359 | spread_a=-3.2bps spread_b=-3.9bps | min=30.0bps
2026-05-09 18:01:34,075 | INFO | fetch_order_book: symbol=CHIP/USDC limit=20
2026-05-09 18:01:34,329 | INFO | fetch_order_book: mid=0.065825 spread=4.56bps bids=20 asks=20
2026-05-09 18:01:35,182 | INFO | SPREAD | pair=CHIP/USDC | cex=0.06581/0.06584 | dex_sell=0.065819 dex_buy=0.0658359 | spread_a=-3.2bps spread_b=-3.9bps | min=30.0bps
2026-05-09 18:01:36,185 | INFO | fetch_order_book: symbol=CHIP/USDC limit=20
2026-05-09 18:01:36,442 | INFO | fetch_order_book: mid=0.065825 spread=4.56bps bids=20 asks=20
2026-05-09 18:01:37,335 | INFO | SPREAD | pair=CHIP/USDC | cex=0.06581/0.06584 | dex_sell=0.065819 dex_buy=0.0658359 | spread_a=-3.2bps spread_b=-3.9bps | min=30.0bps
2026-05-09 18:01:38,338 | INFO | fetch_order_book: symbol=CHIP/USDC limit=20
2026-05-09 18:01:38,601 | INFO | fetch_order_book: mid=0.065825 spread=4.56bps bids=20 asks=20
2026-05-09 18:01:39,472 | INFO | SPREAD | pair=CHIP/USDC | cex=0.06581/0.06584 | dex_sell=0.065819 dex_buy=0.0658359 | spread_a=-3.2bps spread_b=-3.9bps | min=30.0bps
2026-05-09 18:01:40,475 | INFO | fetch_order_book: symbol=CHIP/USDC limit=20
2026-05-09 18:01:40,736 | INFO | fetch_order_book: mid=0.065825 spread=4.56bps bids=20 asks=20
2026-05-09 18:01:41,626 | INFO | SPREAD | pair=CHIP/USDC | cex=0.06581/0.06584 | dex_sell=0.065819 dex_buy=0.0658359 | spread_a=-3.2bps spread_b=-3.9bps | min=30.0bps
2026-05-09 18:01:42,629 | INFO | fetch_order_book: symbol=CHIP/USDC limit=20
2026-05-09 18:01:42,886 | INFO | fetch_order_book: mid=0.06583 spread=3.04bps bids=20 asks=20
2026-05-09 18:01:43,733 | INFO | SPREAD | pair=CHIP/USDC | cex=0.06582/0.06584 | dex_sell=0.065819 dex_buy=0.0658359 | spread_a=-3.2bps spread_b=-2.4bps | min=30.0bps
2026-05-09 18:01:44,736 | INFO | fetch_order_book: symbol=CHIP/USDC limit=20
2026-05-09 18:01:45,013 | INFO | fetch_order_book: mid=0.06583 spread=3.04bps bids=20 asks=20
2026-05-09 18:01:45,860 | INFO | SPREAD | pair=CHIP/USDC | cex=0.06582/0.06584 | dex_sell=0.065819 dex_buy=0.0658359 | spread_a=-3.2bps spread_b=-2.4bps | min=30.0bps
2026-05-09 18:01:46,862 | INFO | fetch_order_book: symbol=CHIP/USDC limit=20
2026-05-09 18:01:47,165 | INFO | fetch_order_book: mid=0.065835 spread=1.52bps bids=20 asks=20
2026-05-09 18:01:47,991 | INFO | SPREAD | pair=CHIP/USDC | cex=0.06583/0.06584 | dex_sell=0.065819 dex_buy=0.0658359 | spread_a=-3.2bps spread_b=-0.9bps | min=30.0bps
2026-05-09 18:01:48,994 | INFO | fetch_order_book: symbol=CHIP/USDC limit=20
2026-05-09 18:01:49,256 | INFO | fetch_order_book: mid=0.065835 spread=1.52bps bids=20 asks=20
2026-05-09 18:01:50,157 | INFO | SPREAD | pair=CHIP/USDC | cex=0.06583/0.06584 | dex_sell=0.065819 dex_buy=0.0658359 | spread_a=-3.2bps spread_b=-0.9bps | min=30.0bps
2026-05-09 18:01:51,160 | INFO | fetch_order_book: symbol=CHIP/USDC limit=20
2026-05-09 18:01:51,420 | INFO | fetch_order_book: mid=0.065835 spread=1.52bps bids=20 asks=20
2026-05-09 18:01:52,327 | INFO | SPREAD | pair=CHIP/USDC | cex=0.06583/0.06584 | dex_sell=0.065819 dex_buy=0.0658359 | spread_a=-3.2bps spread_b=-0.9bps | min=30.0bps
2026-05-09 18:01:53,330 | INFO | fetch_order_book: symbol=CHIP/USDC limit=20
2026-05-09 18:01:53,597 | INFO | fetch_order_book: mid=0.065835 spread=1.52bps bids=20 asks=20
2026-05-09 18:01:54,494 | INFO | SPREAD | pair=CHIP/USDC | cex=0.06583/0.06584 | dex_sell=0.065819 dex_buy=0.0658359 | spread_a=-3.2bps spread_b=-0.9bps | min=30.0bps
2026-05-09 18:01:55,497 | INFO | fetch_order_book: symbol=CHIP/USDC limit=20
2026-05-09 18:01:55,752 | INFO | fetch_order_book: mid=0.065825 spread=4.56bps bids=20 asks=20
2026-05-09 18:01:56,633 | INFO | SPREAD | pair=CHIP/USDC | cex=0.06581/0.06584 | dex_sell=0.065819 dex_buy=0.0658359 | spread_a=-3.2bps spread_b=-3.9bps | min=30.0bps
2026-05-09 18:01:57,635 | INFO | fetch_order_book: symbol=CHIP/USDC limit=20
2026-05-09 18:01:58,023 | INFO | fetch_order_book: mid=0.065825 spread=4.56bps bids=20 asks=20
2026-05-09 18:01:58,914 | INFO | SPREAD | pair=CHIP/USDC | cex=0.06581/0.06584 | dex_sell=0.065819 dex_buy=0.0658359 | spread_a=-3.2bps spread_b=-3.9bps | min=30.0bps
2026-05-09 18:01:59,916 | INFO | fetch_order_book: symbol=CHIP/USDC limit=20
2026-05-09 18:02:00,215 | INFO | fetch_order_book: mid=0.06582 spread=6.08bps bids=20 asks=20
2026-05-09 18:02:01,104 | INFO | SPREAD | pair=CHIP/USDC | cex=0.0658/0.06584 | dex_sell=0.065819 dex_buy=0.0658359 | spread_a=-3.2bps spread_b=-5.5bps | min=30.0bps
2026-05-09 18:02:02,106 | INFO | fetch_order_book: symbol=CHIP/USDC limit=20
2026-05-09 18:02:02,363 | INFO | fetch_order_book: mid=0.06582 spread=6.08bps bids=20 asks=20
2026-05-09 18:02:03,241 | INFO | SPREAD | pair=CHIP/USDC | cex=0.0658/0.06584 | dex_sell=0.065819 dex_buy=0.0658359 | spread_a=-3.2bps spread_b=-5.5bps | min=30.0bps
2026-05-09 18:02:04,244 | INFO | fetch_order_book: symbol=CHIP/USDC limit=20
2026-05-09 18:02:04,506 | INFO | fetch_order_book: mid=0.065825 spread=4.56bps bids=20 asks=20
2026-05-09 18:02:05,320 | INFO | SPREAD | pair=CHIP/USDC | cex=0.06581/0.06584 | dex_sell=0.065819 dex_buy=0.0658359 | spread_a=-3.2bps spread_b=-3.9bps | min=30.0bps
2026-05-09 18:02:06,323 | INFO | fetch_order_book: symbol=CHIP/USDC limit=20
2026-05-09 18:02:06,583 | INFO | fetch_order_book: mid=0.065825 spread=4.56bps bids=20 asks=20
2026-05-09 18:02:07,478 | INFO | SPREAD | pair=CHIP/USDC | cex=0.06581/0.06584 | dex_sell=0.065819 dex_buy=0.0658359 | spread_a=-3.2bps spread_b=-3.9bps | min=30.0bps
2026-05-09 18:02:08,480 | INFO | fetch_order_book: symbol=CHIP/USDC limit=20
2026-05-09 18:02:08,738 | INFO | fetch_order_book: mid=0.065825 spread=4.56bps bids=20 asks=20
2026-05-09 18:02:09,602 | INFO | SPREAD | pair=CHIP/USDC | cex=0.06581/0.06584 | dex_sell=0.065819 dex_buy=0.0658359 | spread_a=-3.2bps spread_b=-3.9bps | min=30.0bps
2026-05-09 18:02:10,605 | INFO | fetch_order_book: symbol=CHIP/USDC limit=20
2026-05-09 18:02:10,865 | INFO | fetch_order_book: mid=0.065825 spread=4.56bps bids=20 asks=20
2026-05-09 18:02:11,715 | INFO | SPREAD | pair=CHIP/USDC | cex=0.06581/0.06584 | dex_sell=0.065819 dex_buy=0.0658359 | spread_a=-3.2bps spread_b=-3.9bps | min=30.0bps
2026-05-09 18:02:12,718 | INFO | fetch_order_book: symbol=CHIP/USDC limit=20
2026-05-09 18:02:12,979 | INFO | fetch_order_book: mid=0.06585 spread=3.04bps bids=20 asks=20
2026-05-09 18:02:13,905 | INFO | SPREAD | pair=CHIP/USDC | cex=0.06584/0.06586 | dex_sell=0.065819 dex_buy=0.0658359 | spread_a=-6.2bps spread_b=0.6bps | min=30.0bps
2026-05-09 18:02:14,908 | INFO | fetch_order_book: symbol=CHIP/USDC limit=20
2026-05-09 18:02:15,166 | INFO | fetch_order_book: mid=0.065855 spread=1.52bps bids=20 asks=20
2026-05-09 18:02:16,012 | INFO | SPREAD | pair=CHIP/USDC | cex=0.06585/0.06586 | dex_sell=0.0658488 dex_buy=0.0658657 | spread_a=-1.7bps spread_b=-2.4bps | min=30.0bps
2026-05-09 18:02:17,016 | INFO | fetch_order_book: symbol=CHIP/USDC limit=20
2026-05-09 18:02:17,275 | INFO | fetch_order_book: mid=0.065915 spread=1.52bps bids=20 asks=20
2026-05-09 18:02:18,298 | INFO | SPREAD | pair=CHIP/USDC | cex=0.06591/0.06592 | dex_sell=0.0658788 dex_buy=0.0658957 | spread_a=-6.2bps spread_b=2.2bps | min=30.0bps
2026-05-09 18:02:19,302 | INFO | fetch_order_book: symbol=CHIP/USDC limit=20
2026-05-09 18:02:19,559 | INFO | fetch_order_book: mid=0.065915 spread=1.52bps bids=20 asks=20
2026-05-09 18:02:20,535 | INFO | SPREAD | pair=CHIP/USDC | cex=0.06591/0.06592 | dex_sell=0.0659088 dex_buy=0.0659258 | spread_a=-1.7bps spread_b=-2.4bps | min=30.0bps
2026-05-09 18:02:21,539 | INFO | fetch_order_book: symbol=CHIP/USDC limit=20
2026-05-09 18:02:21,796 | INFO | fetch_order_book: mid=0.065925 spread=4.55bps bids=20 asks=20
2026-05-09 18:02:22,666 | INFO | SPREAD | pair=CHIP/USDC | cex=0.06591/0.06594 | dex_sell=0.0659088 dex_buy=0.0659258 | spread_a=-4.7bps spread_b=-2.4bps | min=30.0bps
2026-05-09 18:02:23,669 | INFO | fetch_order_book: symbol=CHIP/USDC limit=20
2026-05-09 18:02:23,925 | INFO | fetch_order_book: mid=0.06593 spread=3.03bps bids=20 asks=20
2026-05-09 18:02:24,787 | INFO | SPREAD | pair=CHIP/USDC | cex=0.06592/0.06594 | dex_sell=0.0659088 dex_buy=0.0659258 | spread_a=-4.7bps spread_b=-0.9bps | min=30.0bps
2026-05-09 18:02:25,790 | INFO | fetch_order_book: symbol=CHIP/USDC limit=20
2026-05-09 18:02:26,060 | INFO | fetch_order_book: mid=0.06593 spread=3.03bps bids=20 asks=20
2026-05-09 18:02:26,940 | INFO | SPREAD | pair=CHIP/USDC | cex=0.06592/0.06594 | dex_sell=0.0659088 dex_buy=0.0659258 | spread_a=-4.7bps spread_b=-0.9bps | min=30.0bps
2026-05-09 18:02:27,944 | INFO | fetch_order_book: symbol=CHIP/USDC limit=20
2026-05-09 18:02:28,201 | INFO | fetch_order_book: mid=0.06593 spread=3.03bps bids=20 asks=20
2026-05-09 18:02:29,043 | INFO | SPREAD | pair=CHIP/USDC | cex=0.06592/0.06594 | dex_sell=0.0659088 dex_buy=0.0659258 | spread_a=-4.7bps spread_b=-0.9bps | min=30.0bps
2026-05-09 18:02:30,045 | INFO | fetch_order_book: symbol=CHIP/USDC limit=20
2026-05-09 18:02:30,303 | INFO | fetch_order_book: mid=0.06592 spread=6.07bps bids=20 asks=20
2026-05-09 18:02:31,143 | INFO | SPREAD | pair=CHIP/USDC | cex=0.0659/0.06594 | dex_sell=0.0659088 dex_buy=0.0659258 | spread_a=-4.7bps spread_b=-3.9bps | min=30.0bps
2026-05-09 18:02:32,145 | INFO | fetch_order_book: symbol=CHIP/USDC limit=20
2026-05-09 18:02:32,409 | INFO | fetch_order_book: mid=0.06595 spread=3.03bps bids=20 asks=20
2026-05-09 18:02:33,255 | INFO | SPREAD | pair=CHIP/USDC | cex=0.06594/0.06596 | dex_sell=0.0659088 dex_buy=0.0659258 | spread_a=-7.8bps spread_b=2.2bps | min=30.0bps
2026-05-09 18:02:34,259 | INFO | fetch_order_book: symbol=CHIP/USDC limit=20
2026-05-09 18:02:34,520 | INFO | fetch_order_book: mid=0.06593 spread=6.07bps bids=20 asks=20
2026-05-09 18:02:35,440 | INFO | SPREAD | pair=CHIP/USDC | cex=0.06591/0.06595 | dex_sell=0.0659088 dex_buy=0.0659258 | spread_a=-6.2bps spread_b=-2.4bps | min=30.0bps
2026-05-09 18:02:36,444 | INFO | fetch_order_book: symbol=CHIP/USDC limit=20
2026-05-09 18:02:36,702 | INFO | fetch_order_book: mid=0.065935 spread=7.58bps bids=20 asks=20
2026-05-09 18:02:37,541 | INFO | SPREAD | pair=CHIP/USDC | cex=0.06591/0.06596 | dex_sell=0.0659088 dex_buy=0.0659258 | spread_a=-7.8bps spread_b=-2.4bps | min=30.0bps
2026-05-09 18:02:38,544 | INFO | fetch_order_book: symbol=CHIP/USDC limit=20
2026-05-09 18:02:38,803 | INFO | fetch_order_book: mid=0.065935 spread=7.58bps bids=20 asks=20
2026-05-09 18:02:39,676 | INFO | SPREAD | pair=CHIP/USDC | cex=0.06591/0.06596 | dex_sell=0.0659088 dex_buy=0.0659258 | spread_a=-7.8bps spread_b=-2.4bps | min=30.0bps
2026-05-09 18:02:40,679 | INFO | fetch_order_book: symbol=CHIP/USDC limit=20
2026-05-09 18:02:41,036 | INFO | fetch_order_book: mid=0.06592 spread=6.07bps bids=20 asks=20
2026-05-09 18:02:41,916 | INFO | SPREAD | pair=CHIP/USDC | cex=0.0659/0.06594 | dex_sell=0.0659088 dex_buy=0.0659258 | spread_a=-4.7bps spread_b=-3.9bps | min=30.0bps
2026-05-09 18:02:42,920 | INFO | fetch_order_book: symbol=CHIP/USDC limit=20
2026-05-09 18:02:43,177 | INFO | fetch_order_book: mid=0.06592 spread=6.07bps bids=20 asks=20
2026-05-09 18:02:44,023 | INFO | SPREAD | pair=CHIP/USDC | cex=0.0659/0.06594 | dex_sell=0.0659088 dex_buy=0.0659258 | spread_a=-4.7bps spread_b=-3.9bps | min=30.0bps
2026-05-09 18:02:45,027 | INFO | fetch_order_book: symbol=CHIP/USDC limit=20
2026-05-09 18:02:45,288 | INFO | fetch_order_book: mid=0.06593 spread=6.07bps bids=20 asks=20
2026-05-09 18:02:46,148 | INFO | SPREAD | pair=CHIP/USDC | cex=0.06591/0.06595 | dex_sell=0.0659088 dex_buy=0.0659258 | spread_a=-6.2bps spread_b=-2.4bps | min=30.0bps
2026-05-09 18:02:47,152 | INFO | fetch_order_book: symbol=CHIP/USDC limit=20
2026-05-09 18:02:47,429 | INFO | fetch_order_book: mid=0.065945 spread=4.55bps bids=20 asks=20
2026-05-09 18:02:48,319 | INFO | SPREAD | pair=CHIP/USDC | cex=0.06593/0.06596 | dex_sell=0.0659088 dex_buy=0.0659258 | spread_a=-7.8bps spread_b=0.6bps | min=30.0bps
2026-05-09 18:02:49,323 | INFO | fetch_order_book: symbol=CHIP/USDC limit=20
2026-05-09 18:02:49,590 | INFO | fetch_order_book: mid=0.065955 spread=1.52bps bids=20 asks=20
2026-05-09 18:02:50,491 | INFO | SPREAD | pair=CHIP/USDC | cex=0.06595/0.06596 | dex_sell=0.0659088 dex_buy=0.0659258 | spread_a=-7.8bps spread_b=3.7bps | min=30.0bps
2026-05-09 18:02:51,494 | INFO | fetch_order_book: symbol=CHIP/USDC limit=20
2026-05-09 18:02:51,765 | INFO | fetch_order_book: mid=0.065965 spread=4.55bps bids=20 asks=20
2026-05-09 18:02:52,619 | INFO | SPREAD | pair=CHIP/USDC | cex=0.06595/0.06598 | dex_sell=0.0659088 dex_buy=0.0659258 | spread_a=-10.8bps spread_b=3.7bps | min=30.0bps
2026-05-09 18:02:53,623 | INFO | fetch_order_book: symbol=CHIP/USDC limit=20
2026-05-09 18:02:53,897 | INFO | fetch_order_book: mid=0.065945 spread=7.58bps bids=20 asks=20
2026-05-09 18:02:54,764 | INFO | SPREAD | pair=CHIP/USDC | cex=0.06592/0.06597 | dex_sell=0.0659088 dex_buy=0.0659258 | spread_a=-9.3bps spread_b=-0.9bps | min=30.0bps
2026-05-09 18:02:55,767 | INFO | fetch_order_book: symbol=CHIP/USDC limit=20
2026-05-09 18:02:56,098 | INFO | fetch_order_book: mid=0.065945 spread=7.58bps bids=20 asks=20
2026-05-09 18:02:56,972 | INFO | SPREAD | pair=CHIP/USDC | cex=0.06592/0.06597 | dex_sell=0.0659088 dex_buy=0.0659258 | spread_a=-9.3bps spread_b=-0.9bps | min=30.0bps
2026-05-09 18:02:57,975 | INFO | fetch_order_book: symbol=CHIP/USDC limit=20
2026-05-09 18:02:58,231 | INFO | fetch_order_book: mid=0.065945 spread=7.58bps bids=20 asks=20
2026-05-09 18:02:59,136 | INFO | SPREAD | pair=CHIP/USDC | cex=0.06592/0.06597 | dex_sell=0.0659088 dex_buy=0.0659258 | spread_a=-9.3bps spread_b=-0.9bps | min=30.0bps
2026-05-09 18:03:00,139 | INFO | fetch_order_book: symbol=CHIP/USDC limit=20
2026-05-09 18:03:00,393 | INFO | fetch_order_book: mid=0.06596 spread=6.06bps bids=20 asks=20
2026-05-09 18:03:01,238 | INFO | SPREAD | pair=CHIP/USDC | cex=0.06594/0.06598 | dex_sell=0.0659088 dex_buy=0.0659258 | spread_a=-10.8bps spread_b=2.2bps | min=30.0bps
2026-05-09 18:03:02,242 | INFO | fetch_order_book: symbol=CHIP/USDC limit=20
2026-05-09 18:03:02,498 | INFO | fetch_order_book: mid=0.06596 spread=6.06bps bids=20 asks=20
2026-05-09 18:03:03,365 | INFO | SPREAD | pair=CHIP/USDC | cex=0.06594/0.06598 | dex_sell=0.0659088 dex_buy=0.0659258 | spread_a=-10.8bps spread_b=2.2bps | min=30.0bps
2026-05-09 18:03:04,368 | INFO | fetch_order_book: symbol=CHIP/USDC limit=20
2026-05-09 18:03:04,628 | INFO | fetch_order_book: mid=0.065975 spread=1.52bps bids=20 asks=20
2026-05-09 18:03:05,548 | INFO | SPREAD | pair=CHIP/USDC | cex=0.06597/0.06598 | dex_sell=0.0659088 dex_buy=0.0659258 | spread_a=-10.8bps spread_b=6.7bps | min=30.0bps
2026-05-09 18:03:06,551 | INFO | fetch_order_book: symbol=CHIP/USDC limit=20
2026-05-09 18:03:06,805 | INFO | fetch_order_book: mid=0.06601 spread=6.06bps bids=20 asks=20
2026-05-09 18:03:07,693 | INFO | SPREAD | pair=CHIP/USDC | cex=0.06599/0.06603 | dex_sell=0.0659648 dex_buy=0.0659818 | spread_a=-9.9bps spread_b=1.2bps | min=30.0bps
2026-05-09 18:03:08,696 | INFO | fetch_order_book: symbol=CHIP/USDC limit=20
2026-05-09 18:03:08,958 | INFO | fetch_order_book: mid=0.06601 spread=6.06bps bids=20 asks=20
2026-05-09 18:03:09,842 | INFO | SPREAD | pair=CHIP/USDC | cex=0.06599/0.06603 | dex_sell=0.0659648 dex_buy=0.0659818 | spread_a=-9.9bps spread_b=1.2bps | min=30.0bps
2026-05-09 18:03:10,845 | INFO | fetch_order_book: symbol=CHIP/USDC limit=20
2026-05-09 18:03:11,112 | INFO | fetch_order_book: mid=0.06601 spread=6.06bps bids=20 asks=20
2026-05-09 18:03:11,953 | INFO | SPREAD | pair=CHIP/USDC | cex=0.06599/0.06603 | dex_sell=0.0659648 dex_buy=0.0659818 | spread_a=-9.9bps spread_b=1.2bps | min=30.0bps
2026-05-09 18:03:12,956 | INFO | fetch_order_book: symbol=CHIP/USDC limit=20
2026-05-09 18:03:13,213 | INFO | fetch_order_book: mid=0.06601 spread=6.06bps bids=20 asks=20
2026-05-09 18:03:14,126 | INFO | SPREAD | pair=CHIP/USDC | cex=0.06599/0.06603 | dex_sell=0.0659648 dex_buy=0.0659818 | spread_a=-9.9bps spread_b=1.2bps | min=30.0bps
2026-05-09 18:03:15,128 | INFO | fetch_order_book: symbol=CHIP/USDC limit=20
2026-05-09 18:03:15,385 | INFO | fetch_order_book: mid=0.066025 spread=4.54bps bids=20 asks=20
2026-05-09 18:03:16,295 | INFO | SPREAD | pair=CHIP/USDC | cex=0.06601/0.06604 | dex_sell=0.0659648 dex_buy=0.0659818 | spread_a=-11.4bps spread_b=4.3bps | min=30.0bps
2026-05-09 18:03:17,298 | INFO | fetch_order_book: symbol=CHIP/USDC limit=20
2026-05-09 18:03:17,560 | INFO | fetch_order_book: mid=0.06603 spread=3.03bps bids=20 asks=20
2026-05-09 18:03:18,397 | INFO | SPREAD | pair=CHIP/USDC | cex=0.06602/0.06604 | dex_sell=0.0659648 dex_buy=0.0659818 | spread_a=-11.4bps spread_b=5.8bps | min=30.0bps
2026-05-09 18:03:19,400 | INFO | fetch_order_book: symbol=CHIP/USDC limit=20
2026-05-09 18:03:19,686 | INFO | fetch_order_book: mid=0.066035 spread=1.51bps bids=20 asks=20
2026-05-09 18:03:20,570 | INFO | SPREAD | pair=CHIP/USDC | cex=0.06603/0.06604 | dex_sell=0.0659648 dex_buy=0.0659818 | spread_a=-11.4bps spread_b=7.3bps | min=30.0bps
2026-05-09 18:03:21,574 | INFO | fetch_order_book: symbol=CHIP/USDC limit=20
2026-05-09 18:03:21,841 | INFO | fetch_order_book: mid=0.066035 spread=1.51bps bids=20 asks=20
2026-05-09 18:03:22,680 | INFO | SPREAD | pair=CHIP/USDC | cex=0.06603/0.06604 | dex_sell=0.0659648 dex_buy=0.0659818 | spread_a=-11.4bps spread_b=7.3bps | min=30.0bps
2026-05-09 18:03:23,683 | INFO | fetch_order_book: symbol=CHIP/USDC limit=20
2026-05-09 18:03:23,941 | INFO | fetch_order_book: mid=0.066035 spread=1.51bps bids=20 asks=20
2026-05-09 18:03:24,792 | INFO | SPREAD | pair=CHIP/USDC | cex=0.06603/0.06604 | dex_sell=0.0659648 dex_buy=0.0659818 | spread_a=-11.4bps spread_b=7.3bps | min=30.0bps
2026-05-09 18:03:25,795 | INFO | fetch_order_book: symbol=CHIP/USDC limit=20
2026-05-09 18:03:26,052 | INFO | fetch_order_book: mid=0.06603 spread=6.06bps bids=20 asks=20
2026-05-09 18:03:26,939 | INFO | SPREAD | pair=CHIP/USDC | cex=0.06601/0.06605 | dex_sell=0.0659648 dex_buy=0.0659818 | spread_a=-12.9bps spread_b=4.3bps | min=30.0bps
2026-05-09 18:03:27,943 | INFO | fetch_order_book: symbol=CHIP/USDC limit=20
2026-05-09 18:03:28,248 | INFO | fetch_order_book: mid=0.066035 spread=7.57bps bids=20 asks=20
2026-05-09 18:03:29,156 | INFO | SPREAD | pair=CHIP/USDC | cex=0.06601/0.06606 | dex_sell=0.0659648 dex_buy=0.0659818 | spread_a=-14.4bps spread_b=4.3bps | min=30.0bps
2026-05-09 18:03:30,160 | INFO | fetch_order_book: symbol=CHIP/USDC limit=20
2026-05-09 18:03:30,426 | INFO | fetch_order_book: mid=0.066035 spread=7.57bps bids=20 asks=20
2026-05-09 18:03:31,284 | INFO | SPREAD | pair=CHIP/USDC | cex=0.06601/0.06606 | dex_sell=0.0659648 dex_buy=0.0659818 | spread_a=-14.4bps spread_b=4.3bps | min=30.0bps
2026-05-09 18:03:32,287 | INFO | fetch_order_book: symbol=CHIP/USDC limit=20
2026-05-09 18:03:32,541 | INFO | fetch_order_book: mid=0.066035 spread=7.57bps bids=20 asks=20
2026-05-09 18:03:33,390 | INFO | SPREAD | pair=CHIP/USDC | cex=0.06601/0.06606 | dex_sell=0.0659648 dex_buy=0.0659818 | spread_a=-14.4bps spread_b=4.3bps | min=30.0bps
2026-05-09 18:03:34,393 | INFO | fetch_order_book: symbol=CHIP/USDC limit=20
2026-05-09 18:03:34,649 | INFO | fetch_order_book: mid=0.066045 spread=4.54bps bids=20 asks=20
2026-05-09 18:03:35,546 | INFO | SPREAD | pair=CHIP/USDC | cex=0.06603/0.06606 | dex_sell=0.0659648 dex_buy=0.0659818 | spread_a=-14.4bps spread_b=7.3bps | min=30.0bps
2026-05-09 18:03:36,550 | INFO | fetch_order_book: symbol=CHIP/USDC limit=20
2026-05-09 18:03:36,806 | INFO | fetch_order_book: mid=0.066045 spread=4.54bps bids=20 asks=20
2026-05-09 18:03:37,720 | INFO | SPREAD | pair=CHIP/USDC | cex=0.06603/0.06606 | dex_sell=0.0659648 dex_buy=0.0659818 | spread_a=-14.4bps spread_b=7.3bps | min=30.0bps
2026-05-09 18:03:38,723 | INFO | fetch_order_book: symbol=CHIP/USDC limit=20
2026-05-09 18:03:38,981 | INFO | fetch_order_book: mid=0.066045 spread=4.54bps bids=20 asks=20
2026-05-09 18:03:39,836 | INFO | SPREAD | pair=CHIP/USDC | cex=0.06603/0.06606 | dex_sell=0.0659648 dex_buy=0.0659818 | spread_a=-14.4bps spread_b=7.3bps | min=30.0bps
2026-05-09 18:03:40,839 | INFO | fetch_order_book: symbol=CHIP/USDC limit=20
2026-05-09 18:03:41,097 | INFO | fetch_order_book: mid=0.06604 spread=6.06bps bids=20 asks=20
2026-05-09 18:03:41,984 | INFO | SPREAD | pair=CHIP/USDC | cex=0.06602/0.06606 | dex_sell=0.0659648 dex_buy=0.0659818 | spread_a=-14.4bps spread_b=5.8bps | min=30.0bps
2026-05-09 18:03:42,988 | INFO | fetch_order_book: symbol=CHIP/USDC limit=20
2026-05-09 18:03:43,248 | INFO | fetch_order_book: mid=0.066045 spread=4.54bps bids=20 asks=20
2026-05-09 18:03:44,124 | INFO | SPREAD | pair=CHIP/USDC | cex=0.06603/0.06606 | dex_sell=0.0659648 dex_buy=0.0659818 | spread_a=-14.4bps spread_b=7.3bps | min=30.0bps
2026-05-09 18:03:45,128 | INFO | fetch_order_book: symbol=CHIP/USDC limit=20
2026-05-09 18:03:45,385 | INFO | fetch_order_book: mid=0.06604 spread=6.06bps bids=20 asks=20
2026-05-09 18:03:46,209 | INFO | SPREAD | pair=CHIP/USDC | cex=0.06602/0.06606 | dex_sell=0.0659648 dex_buy=0.0659818 | spread_a=-14.4bps spread_b=5.8bps | min=30.0bps
2026-05-09 18:03:47,213 | INFO | fetch_order_book: symbol=CHIP/USDC limit=20
2026-05-09 18:03:47,468 | INFO | fetch_order_book: mid=0.066045 spread=4.54bps bids=20 asks=20
2026-05-09 18:03:48,310 | INFO | SPREAD | pair=CHIP/USDC | cex=0.06603/0.06606 | dex_sell=0.0659648 dex_buy=0.0659818 | spread_a=-14.4bps spread_b=7.3bps | min=30.0bps
2026-05-09 18:03:49,314 | INFO | fetch_order_book: symbol=CHIP/USDC limit=20
2026-05-09 18:03:49,569 | INFO | fetch_order_book: mid=0.06604 spread=6.06bps bids=20 asks=20
2026-05-09 18:03:50,426 | INFO | SPREAD | pair=CHIP/USDC | cex=0.06602/0.06606 | dex_sell=0.0659648 dex_buy=0.0659818 | spread_a=-14.4bps spread_b=5.8bps | min=30.0bps
2026-05-09 18:03:51,429 | INFO | fetch_order_book: symbol=CHIP/USDC limit=20
2026-05-09 18:03:51,684 | INFO | fetch_order_book: mid=0.06604 spread=6.06bps bids=20 asks=20
2026-05-09 18:03:52,556 | INFO | SPREAD | pair=CHIP/USDC | cex=0.06602/0.06606 | dex_sell=0.0659648 dex_buy=0.0659818 | spread_a=-14.4bps spread_b=5.8bps | min=30.0bps
2026-05-09 18:03:53,560 | INFO | fetch_order_book: symbol=CHIP/USDC limit=20
2026-05-09 18:03:53,817 | INFO | fetch_order_book: mid=0.06604 spread=6.06bps bids=20 asks=20
2026-05-09 18:03:54,705 | INFO | SPREAD | pair=CHIP/USDC | cex=0.06602/0.06606 | dex_sell=0.0659648 dex_buy=0.0659818 | spread_a=-14.4bps spread_b=5.8bps | min=30.0bps
2026-05-09 18:03:55,709 | INFO | fetch_order_book: symbol=CHIP/USDC limit=20
2026-05-09 18:03:55,963 | INFO | fetch_order_book: mid=0.06604 spread=6.06bps bids=20 asks=20
2026-05-09 18:03:56,903 | INFO | SPREAD | pair=CHIP/USDC | cex=0.06602/0.06606 | dex_sell=0.0659648 dex_buy=0.0659818 | spread_a=-14.4bps spread_b=5.8bps | min=30.0bps
2026-05-09 18:03:57,906 | INFO | fetch_order_book: symbol=CHIP/USDC limit=20
2026-05-09 18:03:58,166 | INFO | fetch_order_book: mid=0.066035 spread=4.54bps bids=20 asks=20
2026-05-09 18:03:59,021 | INFO | SPREAD | pair=CHIP/USDC | cex=0.06602/0.06605 | dex_sell=0.0659648 dex_buy=0.0659818 | spread_a=-12.9bps spread_b=5.8bps | min=30.0bps
2026-05-09 18:04:00,024 | INFO | fetch_order_book: symbol=CHIP/USDC limit=20
2026-05-09 18:04:00,281 | INFO | fetch_order_book: mid=0.06601 spread=6.06bps bids=20 asks=20
2026-05-09 18:04:01,186 | INFO | SPREAD | pair=CHIP/USDC | cex=0.06599/0.06603 | dex_sell=0.0659648 dex_buy=0.0659818 | spread_a=-9.9bps spread_b=1.2bps | min=30.0bps
2026-05-09 18:04:02,189 | INFO | fetch_order_book: symbol=CHIP/USDC limit=20
2026-05-09 18:04:02,458 | INFO | fetch_order_book: mid=0.066005 spread=7.58bps bids=20 asks=20
2026-05-09 18:04:03,322 | INFO | SPREAD | pair=CHIP/USDC | cex=0.06598/0.06603 | dex_sell=0.0659648 dex_buy=0.0659818 | spread_a=-9.9bps spread_b=-0.3bps | min=30.0bps
2026-05-09 18:04:04,326 | INFO | fetch_order_book: symbol=CHIP/USDC limit=20
2026-05-09 18:04:04,586 | INFO | fetch_order_book: mid=0.066005 spread=7.58bps bids=20 asks=20
2026-05-09 18:04:05,482 | INFO | SPREAD | pair=CHIP/USDC | cex=0.06598/0.06603 | dex_sell=0.0659648 dex_buy=0.0659818 | spread_a=-9.9bps spread_b=-0.3bps | min=30.0bps
2026-05-09 18:04:06,485 | INFO | fetch_order_book: symbol=CHIP/USDC limit=20
2026-05-09 18:04:06,744 | INFO | fetch_order_book: mid=0.066005 spread=7.58bps bids=20 asks=20
2026-05-09 18:04:07,589 | INFO | SPREAD | pair=CHIP/USDC | cex=0.06598/0.06603 | dex_sell=0.0659648 dex_buy=0.0659818 | spread_a=-9.9bps spread_b=-0.3bps | min=30.0bps
2026-05-09 18:04:08,592 | INFO | fetch_order_book: symbol=CHIP/USDC limit=20
2026-05-09 18:04:08,858 | INFO | fetch_order_book: mid=0.065995 spread=4.55bps bids=20 asks=20
2026-05-09 18:04:09,773 | INFO | SPREAD | pair=CHIP/USDC | cex=0.06598/0.06601 | dex_sell=0.0659648 dex_buy=0.0659818 | spread_a=-6.8bps spread_b=-0.3bps | min=30.0bps
2026-05-09 18:04:10,777 | INFO | fetch_order_book: symbol=CHIP/USDC limit=20
2026-05-09 18:04:11,036 | INFO | fetch_order_book: mid=0.06599 spread=3.03bps bids=20 asks=20
2026-05-09 18:04:11,884 | INFO | SPREAD | pair=CHIP/USDC | cex=0.06598/0.066 | dex_sell=0.0659648 dex_buy=0.0659818 | spread_a=-5.3bps spread_b=-0.3bps | min=30.0bps
2026-05-09 18:04:12,887 | INFO | fetch_order_book: symbol=CHIP/USDC limit=20
2026-05-09 18:04:13,150 | INFO | fetch_order_book: mid=0.065985 spread=1.52bps bids=20 asks=20
2026-05-09 18:04:14,028 | INFO | SPREAD | pair=CHIP/USDC | cex=0.06598/0.06599 | dex_sell=0.0659648 dex_buy=0.0659818 | spread_a=-3.8bps spread_b=-0.3bps | min=30.0bps
2026-05-09 18:04:15,031 | INFO | fetch_order_book: symbol=CHIP/USDC limit=20
2026-05-09 18:04:15,445 | INFO | fetch_order_book: mid=0.066005 spread=7.58bps bids=20 asks=20
2026-05-09 18:04:16,327 | INFO | SPREAD | pair=CHIP/USDC | cex=0.06598/0.06603 | dex_sell=0.0659648 dex_buy=0.0659818 | spread_a=-9.9bps spread_b=-0.3bps | min=30.0bps
2026-05-09 18:04:17,330 | INFO | fetch_order_book: symbol=CHIP/USDC limit=20
2026-05-09 18:04:17,590 | INFO | fetch_order_book: mid=0.06597 spread=3.03bps bids=20 asks=20
2026-05-09 18:04:18,476 | INFO | SPREAD | pair=CHIP/USDC | cex=0.06596/0.06598 | dex_sell=0.0659648 dex_buy=0.0659818 | spread_a=-2.3bps spread_b=-3.3bps | min=30.0bps
2026-05-09 18:04:19,479 | INFO | fetch_order_book: symbol=CHIP/USDC limit=20
2026-05-09 18:04:19,741 | INFO | fetch_order_book: mid=0.06597 spread=3.03bps bids=20 asks=20
2026-05-09 18:04:20,561 | INFO | SPREAD | pair=CHIP/USDC | cex=0.06596/0.06598 | dex_sell=0.0659648 dex_buy=0.0659818 | spread_a=-2.3bps spread_b=-3.3bps | min=30.0bps
2026-05-09 18:04:21,565 | INFO | fetch_order_book: symbol=CHIP/USDC limit=20
2026-05-09 18:04:21,896 | INFO | fetch_order_book: mid=0.065965 spread=7.58bps bids=20 asks=20
2026-05-09 18:04:22,779 | INFO | SPREAD | pair=CHIP/USDC | cex=0.06594/0.06599 | dex_sell=0.0659648 dex_buy=0.0659818 | spread_a=-3.8bps spread_b=-6.3bps | min=30.0bps
2026-05-09 18:04:23,784 | INFO | fetch_order_book: symbol=CHIP/USDC limit=20
2026-05-09 18:04:24,048 | INFO | fetch_order_book: mid=0.065965 spread=7.58bps bids=20 asks=20
2026-05-09 18:04:24,926 | INFO | SPREAD | pair=CHIP/USDC | cex=0.06594/0.06599 | dex_sell=0.0659648 dex_buy=0.0659818 | spread_a=-3.8bps spread_b=-6.3bps | min=30.0bps
2026-05-09 18:04:25,929 | INFO | fetch_order_book: symbol=CHIP/USDC limit=20
2026-05-09 18:04:26,185 | INFO | fetch_order_book: mid=0.065965 spread=7.58bps bids=20 asks=20
2026-05-09 18:04:27,089 | INFO | SPREAD | pair=CHIP/USDC | cex=0.06594/0.06599 | dex_sell=0.0659648 dex_buy=0.0659818 | spread_a=-3.8bps spread_b=-6.3bps | min=30.0bps
2026-05-09 18:04:28,092 | INFO | fetch_order_book: symbol=CHIP/USDC limit=20
2026-05-09 18:04:28,353 | INFO | fetch_order_book: mid=0.065975 spread=7.58bps bids=20 asks=20
2026-05-09 18:04:29,230 | INFO | SPREAD | pair=CHIP/USDC | cex=0.06595/0.066 | dex_sell=0.0659648 dex_buy=0.0659818 | spread_a=-5.3bps spread_b=-4.8bps | min=30.0bps
2026-05-09 18:04:30,233 | INFO | fetch_order_book: symbol=CHIP/USDC limit=20
2026-05-09 18:04:30,603 | INFO | fetch_order_book: mid=0.06597 spread=6.06bps bids=20 asks=20
2026-05-09 18:04:31,485 | INFO | SPREAD | pair=CHIP/USDC | cex=0.06595/0.06599 | dex_sell=0.0659648 dex_buy=0.0659818 | spread_a=-3.8bps spread_b=-4.8bps | min=30.0bps
2026-05-09 18:04:32,488 | INFO | fetch_order_book: symbol=CHIP/USDC limit=20
2026-05-09 18:04:32,749 | INFO | fetch_order_book: mid=0.065965 spread=7.58bps bids=20 asks=20
2026-05-09 18:04:33,587 | INFO | SPREAD | pair=CHIP/USDC | cex=0.06594/0.06599 | dex_sell=0.0659648 dex_buy=0.0659818 | spread_a=-3.8bps spread_b=-6.3bps | min=30.0bps
2026-05-09 18:04:34,591 | INFO | fetch_order_book: symbol=CHIP/USDC limit=20
2026-05-09 18:04:34,847 | INFO | fetch_order_book: mid=0.065965 spread=7.58bps bids=20 asks=20
2026-05-09 18:04:35,728 | INFO | SPREAD | pair=CHIP/USDC | cex=0.06594/0.06599 | dex_sell=0.0659648 dex_buy=0.0659818 | spread_a=-3.8bps spread_b=-6.3bps | min=30.0bps
2026-05-09 18:04:36,732 | INFO | fetch_order_book: symbol=CHIP/USDC limit=20
2026-05-09 18:04:37,048 | INFO | fetch_order_book: mid=0.065965 spread=7.58bps bids=20 asks=20
2026-05-09 18:04:37,902 | INFO | SPREAD | pair=CHIP/USDC | cex=0.06594/0.06599 | dex_sell=0.0659648 dex_buy=0.0659818 | spread_a=-3.8bps spread_b=-6.3bps | min=30.0bps
2026-05-09 18:04:38,905 | INFO | fetch_order_book: symbol=CHIP/USDC limit=20
2026-05-09 18:04:39,162 | INFO | fetch_order_book: mid=0.065965 spread=7.58bps bids=20 asks=20
2026-05-09 18:04:40,017 | INFO | SPREAD | pair=CHIP/USDC | cex=0.06594/0.06599 | dex_sell=0.0659648 dex_buy=0.0659818 | spread_a=-3.8bps spread_b=-6.3bps | min=30.0bps
2026-05-09 18:04:41,020 | INFO | fetch_order_book: symbol=CHIP/USDC limit=20
2026-05-09 18:04:41,289 | INFO | fetch_order_book: mid=0.065965 spread=7.58bps bids=20 asks=20
2026-05-09 18:04:42,147 | INFO | SPREAD | pair=CHIP/USDC | cex=0.06594/0.06599 | dex_sell=0.0659648 dex_buy=0.0659818 | spread_a=-3.8bps spread_b=-6.3bps | min=30.0bps
2026-05-09 18:04:43,151 | INFO | fetch_order_book: symbol=CHIP/USDC limit=20
2026-05-09 18:04:43,414 | INFO | fetch_order_book: mid=0.065965 spread=7.58bps bids=20 asks=20
2026-05-09 18:04:44,281 | INFO | SPREAD | pair=CHIP/USDC | cex=0.06594/0.06599 | dex_sell=0.0659648 dex_buy=0.0659818 | spread_a=-3.8bps spread_b=-6.3bps | min=30.0bps
2026-05-09 18:04:45,284 | INFO | fetch_order_book: symbol=CHIP/USDC limit=20
2026-05-09 18:04:45,545 | INFO | fetch_order_book: mid=0.06597 spread=6.06bps bids=20 asks=20
2026-05-09 18:04:46,444 | INFO | SPREAD | pair=CHIP/USDC | cex=0.06595/0.06599 | dex_sell=0.0659648 dex_buy=0.0659818 | spread_a=-3.8bps spread_b=-4.8bps | min=30.0bps
2026-05-09 18:04:47,448 | INFO | fetch_order_book: symbol=CHIP/USDC limit=20
2026-05-09 18:04:47,705 | INFO | fetch_order_book: mid=0.06597 spread=6.06bps bids=20 asks=20
2026-05-09 18:04:48,602 | INFO | SPREAD | pair=CHIP/USDC | cex=0.06595/0.06599 | dex_sell=0.0659648 dex_buy=0.0659818 | spread_a=-3.8bps spread_b=-4.8bps | min=30.0bps
2026-05-09 18:04:49,605 | INFO | fetch_order_book: symbol=CHIP/USDC limit=20
2026-05-09 18:04:49,869 | INFO | fetch_order_book: mid=0.06597 spread=6.06bps bids=20 asks=20
2026-05-09 18:04:50,772 | INFO | SPREAD | pair=CHIP/USDC | cex=0.06595/0.06599 | dex_sell=0.0659648 dex_buy=0.0659818 | spread_a=-3.8bps spread_b=-4.8bps | min=30.0bps
2026-05-09 18:04:51,775 | INFO | fetch_order_book: symbol=CHIP/USDC limit=20
2026-05-09 18:04:52,104 | INFO | fetch_order_book: mid=0.06597 spread=6.06bps bids=20 asks=20
2026-05-09 18:04:52,987 | INFO | SPREAD | pair=CHIP/USDC | cex=0.06595/0.06599 | dex_sell=0.0659648 dex_buy=0.0659818 | spread_a=-3.8bps spread_b=-4.8bps | min=30.0bps
2026-05-09 18:04:53,990 | INFO | fetch_order_book: symbol=CHIP/USDC limit=20
2026-05-09 18:04:54,251 | INFO | fetch_order_book: mid=0.066005 spread=4.55bps bids=20 asks=20
2026-05-09 18:04:55,121 | INFO | SPREAD | pair=CHIP/USDC | cex=0.06599/0.06602 | dex_sell=0.0659648 dex_buy=0.0659818 | spread_a=-8.4bps spread_b=1.2bps | min=30.0bps
2026-05-09 18:04:56,125 | INFO | fetch_order_book: symbol=CHIP/USDC limit=20
2026-05-09 18:04:56,507 | INFO | fetch_order_book: mid=0.066005 spread=4.55bps bids=20 asks=20
2026-05-09 18:04:57,323 | INFO | SPREAD | pair=CHIP/USDC | cex=0.06599/0.06602 | dex_sell=0.0659648 dex_buy=0.0659818 | spread_a=-8.4bps spread_b=1.2bps | min=30.0bps
2026-05-09 18:04:58,326 | INFO | fetch_order_book: symbol=CHIP/USDC limit=20
2026-05-09 18:04:58,761 | INFO | fetch_order_book: mid=0.066005 spread=4.55bps bids=20 asks=20
2026-05-09 18:04:59,619 | INFO | SPREAD | pair=CHIP/USDC | cex=0.06599/0.06602 | dex_sell=0.0659648 dex_buy=0.0659818 | spread_a=-8.4bps spread_b=1.2bps | min=30.0bps
2026-05-09 18:05:00,623 | INFO | fetch_order_book: symbol=CHIP/USDC limit=20
2026-05-09 18:05:00,884 | INFO | fetch_order_book: mid=0.066015 spread=1.51bps bids=20 asks=20
2026-05-09 18:05:01,771 | INFO | SPREAD | pair=CHIP/USDC | cex=0.06601/0.06602 | dex_sell=0.0659648 dex_buy=0.0659818 | spread_a=-8.4bps spread_b=4.3bps | min=30.0bps
2026-05-09 18:05:02,774 | INFO | fetch_order_book: symbol=CHIP/USDC limit=20
2026-05-09 18:05:03,164 | INFO | fetch_order_book: mid=0.066035 spread=1.51bps bids=20 asks=20
2026-05-09 18:05:04,005 | INFO | SPREAD | pair=CHIP/USDC | cex=0.06603/0.06604 | dex_sell=0.0659648 dex_buy=0.0659818 | spread_a=-11.4bps spread_b=7.3bps | min=30.0bps
2026-05-09 18:05:05,009 | INFO | fetch_order_book: symbol=CHIP/USDC limit=20
2026-05-09 18:05:05,333 | INFO | fetch_order_book: mid=0.066035 spread=1.51bps bids=20 asks=20
2026-05-09 18:05:06,322 | INFO | SPREAD | pair=CHIP/USDC | cex=0.06603/0.06604 | dex_sell=0.0659648 dex_buy=0.0659818 | spread_a=-11.4bps spread_b=7.3bps | min=30.0bps
2026-05-09 18:05:07,325 | INFO | fetch_order_book: symbol=CHIP/USDC limit=20
2026-05-09 18:05:07,677 | INFO | fetch_order_book: mid=0.066035 spread=1.51bps bids=20 asks=20
2026-05-09 18:05:08,521 | INFO | SPREAD | pair=CHIP/USDC | cex=0.06603/0.06604 | dex_sell=0.0659648 dex_buy=0.0659818 | spread_a=-11.4bps spread_b=7.3bps | min=30.0bps
2026-05-09 18:05:09,525 | INFO | fetch_order_book: symbol=CHIP/USDC limit=20
2026-05-09 18:05:09,791 | INFO | fetch_order_book: mid=0.066035 spread=1.51bps bids=20 asks=20
2026-05-09 18:05:10,678 | INFO | SPREAD | pair=CHIP/USDC | cex=0.06603/0.06604 | dex_sell=0.0659648 dex_buy=0.0659818 | spread_a=-11.4bps spread_b=7.3bps | min=30.0bps
2026-05-09 18:05:11,681 | INFO | fetch_order_book: symbol=CHIP/USDC limit=20
2026-05-09 18:05:11,937 | INFO | fetch_order_book: mid=0.066035 spread=1.51bps bids=20 asks=20
2026-05-09 18:05:12,850 | INFO | SPREAD | pair=CHIP/USDC | cex=0.06603/0.06604 | dex_sell=0.0659648 dex_buy=0.0659818 | spread_a=-11.4bps spread_b=7.3bps | min=30.0bps
2026-05-09 18:05:13,854 | INFO | fetch_order_book: symbol=CHIP/USDC limit=20
2026-05-09 18:05:14,223 | INFO | fetch_order_book: mid=0.066035 spread=1.51bps bids=20 asks=20
2026-05-09 18:05:15,093 | INFO | SPREAD | pair=CHIP/USDC | cex=0.06603/0.06604 | dex_sell=0.0659648 dex_buy=0.0659818 | spread_a=-11.4bps spread_b=7.3bps | min=30.0bps
2026-05-09 18:05:16,096 | INFO | fetch_order_book: symbol=CHIP/USDC limit=20
2026-05-09 18:05:16,476 | INFO | fetch_order_book: mid=0.066035 spread=1.51bps bids=20 asks=20
2026-05-09 18:05:17,343 | INFO | SPREAD | pair=CHIP/USDC | cex=0.06603/0.06604 | dex_sell=0.0659648 dex_buy=0.0659818 | spread_a=-11.4bps spread_b=7.3bps | min=30.0bps
2026-05-09 18:05:18,346 | INFO | fetch_order_book: symbol=CHIP/USDC limit=20
2026-05-09 18:05:18,729 | INFO | fetch_order_book: mid=0.066035 spread=1.51bps bids=20 asks=20
2026-05-09 18:05:19,684 | INFO | SPREAD | pair=CHIP/USDC | cex=0.06603/0.06604 | dex_sell=0.0659648 dex_buy=0.0659818 | spread_a=-11.4bps spread_b=7.3bps | min=30.0bps
2026-05-09 18:05:20,689 | INFO | fetch_order_book: symbol=CHIP/USDC limit=20
2026-05-09 18:05:20,945 | INFO | fetch_order_book: mid=0.06605 spread=3.03bps bids=20 asks=20
2026-05-09 18:05:21,829 | INFO | SPREAD | pair=CHIP/USDC | cex=0.06604/0.06606 | dex_sell=0.0659648 dex_buy=0.0659818 | spread_a=-14.4bps spread_b=8.8bps | min=30.0bps
2026-05-09 18:05:22,832 | INFO | fetch_order_book: symbol=CHIP/USDC limit=20
2026-05-09 18:05:23,143 | INFO | fetch_order_book: mid=0.06609 spread=3.03bps bids=20 asks=20
2026-05-09 18:05:23,954 | INFO | SPREAD | pair=CHIP/USDC | cex=0.06608/0.0661 | dex_sell=0.0659969 dex_buy=0.0660139 | spread_a=-15.6bps spread_b=10.0bps | min=30.0bps
2026-05-09 18:05:24,957 | INFO | fetch_order_book: symbol=CHIP/USDC limit=20
2026-05-09 18:05:25,233 | INFO | fetch_order_book: mid=0.066095 spread=1.51bps bids=20 asks=20
2026-05-09 18:05:26,101 | INFO | SPREAD | pair=CHIP/USDC | cex=0.06609/0.0661 | dex_sell=0.0659969 dex_buy=0.0660139 | spread_a=-15.6bps spread_b=11.5bps | min=30.0bps
2026-05-09 18:05:27,104 | INFO | fetch_order_book: symbol=CHIP/USDC limit=20
2026-05-09 18:05:27,368 | INFO | fetch_order_book: mid=0.066115 spread=4.54bps bids=20 asks=20
2026-05-09 18:05:28,248 | INFO | SPREAD | pair=CHIP/USDC | cex=0.0661/0.06613 | dex_sell=0.0659969 dex_buy=0.0660139 | spread_a=-20.1bps spread_b=13.0bps | min=30.0bps
2026-05-09 18:05:29,251 | INFO | fetch_order_book: symbol=CHIP/USDC limit=20
2026-05-09 18:05:29,520 | INFO | fetch_order_book: mid=0.066135 spread=1.51bps bids=20 asks=20
2026-05-09 18:05:30,386 | INFO | SPREAD | pair=CHIP/USDC | cex=0.06613/0.06614 | dex_sell=0.0659969 dex_buy=0.066137 | spread_a=-21.6bps spread_b=-1.1bps | min=30.0bps
2026-05-09 18:05:31,389 | INFO | fetch_order_book: symbol=CHIP/USDC limit=20
2026-05-09 18:05:31,648 | INFO | fetch_order_book: mid=0.066135 spread=1.51bps bids=20 asks=20
2026-05-09 18:05:32,686 | INFO | SPREAD | pair=CHIP/USDC | cex=0.06613/0.06614 | dex_sell=0.0660665 dex_buy=0.0660887 | spread_a=-11.1bps spread_b=6.3bps | min=30.0bps
2026-05-09 18:05:33,689 | INFO | fetch_order_book: symbol=CHIP/USDC limit=20
2026-05-09 18:05:33,997 | INFO | fetch_order_book: mid=0.06613 spread=3.02bps bids=20 asks=20
2026-05-09 18:05:35,254 | INFO | SPREAD | pair=CHIP/USDC | cex=0.06612/0.06614 | dex_sell=0.0660665 dex_buy=0.0660887 | spread_a=-11.1bps spread_b=4.7bps | min=30.0bps
2026-05-09 18:05:36,258 | INFO | fetch_order_book: symbol=CHIP/USDC limit=20
2026-05-09 18:05:36,655 | INFO | fetch_order_book: mid=0.06614 spread=6.05bps bids=20 asks=20
2026-05-09 18:05:37,497 | INFO | SPREAD | pair=CHIP/USDC | cex=0.06612/0.06616 | dex_sell=0.0660665 dex_buy=0.0660887 | spread_a=-14.1bps spread_b=4.7bps | min=30.0bps
2026-05-09 18:05:38,502 | INFO | fetch_order_book: symbol=CHIP/USDC limit=20
2026-05-09 18:05:38,760 | INFO | fetch_order_book: mid=0.06613 spread=6.05bps bids=20 asks=20
2026-05-09 18:05:39,671 | INFO | SPREAD | pair=CHIP/USDC | cex=0.06611/0.06615 | dex_sell=0.0660665 dex_buy=0.0660887 | spread_a=-12.6bps spread_b=3.2bps | min=30.0bps
2026-05-09 18:05:40,674 | INFO | fetch_order_book: symbol=CHIP/USDC limit=20
2026-05-09 18:05:40,947 | INFO | fetch_order_book: mid=0.066135 spread=7.56bps bids=20 asks=20
2026-05-09 18:05:41,820 | INFO | SPREAD | pair=CHIP/USDC | cex=0.06611/0.06616 | dex_sell=0.0660665 dex_buy=0.0660887 | spread_a=-14.1bps spread_b=3.2bps | min=30.0bps
2026-05-09 18:05:42,824 | INFO | fetch_order_book: symbol=CHIP/USDC limit=20
2026-05-09 18:05:43,206 | INFO | fetch_order_book: mid=0.06614 spread=6.05bps bids=20 asks=20
2026-05-09 18:05:44,058 | INFO | SPREAD | pair=CHIP/USDC | cex=0.06612/0.06616 | dex_sell=0.0660665 dex_buy=0.0660887 | spread_a=-14.1bps spread_b=4.7bps | min=30.0bps
2026-05-09 18:05:45,060 | INFO | fetch_order_book: symbol=CHIP/USDC limit=20
2026-05-09 18:05:45,319 | INFO | fetch_order_book: mid=0.066145 spread=4.54bps bids=20 asks=20
2026-05-09 18:05:46,209 | INFO | SPREAD | pair=CHIP/USDC | cex=0.06613/0.06616 | dex_sell=0.0660665 dex_buy=0.0660887 | spread_a=-14.1bps spread_b=6.3bps | min=30.0bps
2026-05-09 18:05:47,213 | INFO | fetch_order_book: symbol=CHIP/USDC limit=20
2026-05-09 18:05:47,472 | INFO | fetch_order_book: mid=0.066065 spread=1.51bps bids=20 asks=20
2026-05-09 18:05:48,294 | INFO | SPREAD | pair=CHIP/USDC | cex=0.06606/0.06607 | dex_sell=0.0660665 dex_buy=0.0660887 | spread_a=-0.5bps spread_b=-4.3bps | min=30.0bps
2026-05-09 18:05:49,297 | INFO | fetch_order_book: symbol=CHIP/USDC limit=20
2026-05-09 18:05:49,560 | INFO | fetch_order_book: mid=0.06605 spread=3.03bps bids=20 asks=20
2026-05-09 18:05:50,456 | INFO | SPREAD | pair=CHIP/USDC | cex=0.06604/0.06606 | dex_sell=0.0660665 dex_buy=0.0660887 | spread_a=1.0bps spread_b=-7.4bps | min=30.0bps
2026-05-09 18:05:51,459 | INFO | fetch_order_book: symbol=CHIP/USDC limit=20
2026-05-09 18:05:51,721 | INFO | fetch_order_book: mid=0.066045 spread=1.51bps bids=20 asks=20
2026-05-09 18:05:52,581 | INFO | SPREAD | pair=CHIP/USDC | cex=0.06604/0.06605 | dex_sell=0.0660665 dex_buy=0.0660887 | spread_a=2.5bps spread_b=-7.4bps | min=30.0bps
2026-05-09 18:05:53,585 | INFO | fetch_order_book: symbol=CHIP/USDC limit=20
2026-05-09 18:05:53,846 | INFO | fetch_order_book: mid=0.066045 spread=1.51bps bids=20 asks=20
2026-05-09 18:05:54,752 | INFO | SPREAD | pair=CHIP/USDC | cex=0.06604/0.06605 | dex_sell=0.0660665 dex_buy=0.0660887 | spread_a=2.5bps spread_b=-7.4bps | min=30.0bps
2026-05-09 18:05:55,755 | INFO | fetch_order_book: symbol=CHIP/USDC limit=20
2026-05-09 18:05:56,318 | INFO | fetch_order_book: mid=0.066025 spread=1.51bps bids=20 asks=20
2026-05-09 18:05:57,263 | INFO | SPREAD | pair=CHIP/USDC | cex=0.06602/0.06603 | dex_sell=0.0660303 dex_buy=0.0660524 | spread_a=0.0bps spread_b=-4.9bps | min=30.0bps
2026-05-09 18:05:58,266 | INFO | fetch_order_book: symbol=CHIP/USDC limit=20
2026-05-09 18:05:58,524 | INFO | fetch_order_book: mid=0.066025 spread=1.51bps bids=20 asks=20
2026-05-09 18:05:59,383 | INFO | SPREAD | pair=CHIP/USDC | cex=0.06602/0.06603 | dex_sell=0.0660303 dex_buy=0.0660524 | spread_a=0.0bps spread_b=-4.9bps | min=30.0bps
2026-05-09 18:06:00,387 | INFO | fetch_order_book: symbol=CHIP/USDC limit=20
2026-05-09 18:06:00,719 | INFO | fetch_order_book: mid=0.065985 spread=1.52bps bids=20 asks=20
2026-05-09 18:06:01,574 | INFO | SPREAD | pair=CHIP/USDC | cex=0.06598/0.06599 | dex_sell=0.0660303 dex_buy=0.0660524 | spread_a=6.1bps spread_b=-11.0bps | min=30.0bps
2026-05-09 18:06:02,577 | INFO | fetch_order_book: symbol=CHIP/USDC limit=20
2026-05-09 18:06:02,834 | INFO | fetch_order_book: mid=0.066005 spread=4.55bps bids=20 asks=20
2026-05-09 18:06:03,681 | INFO | SPREAD | pair=CHIP/USDC | cex=0.06599/0.06602 | dex_sell=0.0659825 dex_buy=0.0659995 | spread_a=-5.7bps spread_b=-1.4bps | min=30.0bps
2026-05-09 18:06:04,683 | INFO | fetch_order_book: symbol=CHIP/USDC limit=20
2026-05-09 18:06:04,940 | INFO | fetch_order_book: mid=0.066035 spread=7.57bps bids=20 asks=20
2026-05-09 18:06:05,836 | INFO | SPREAD | pair=CHIP/USDC | cex=0.06601/0.06606 | dex_sell=0.066016 dex_buy=0.0660381 | spread_a=-6.7bps spread_b=-4.3bps | min=30.0bps
2026-05-09 18:06:06,838 | INFO | fetch_order_book: symbol=CHIP/USDC limit=20
2026-05-09 18:06:07,102 | INFO | fetch_order_book: mid=0.066045 spread=4.54bps bids=20 asks=20
2026-05-09 18:06:07,973 | INFO | SPREAD | pair=CHIP/USDC | cex=0.06603/0.06606 | dex_sell=0.066016 dex_buy=0.0660381 | spread_a=-6.7bps spread_b=-1.2bps | min=30.0bps
2026-05-09 18:06:08,975 | INFO | fetch_order_book: symbol=CHIP/USDC limit=20
2026-05-09 18:06:09,238 | INFO | fetch_order_book: mid=0.06603 spread=6.06bps bids=20 asks=20
2026-05-09 18:06:10,176 | INFO | SPREAD | pair=CHIP/USDC | cex=0.06601/0.06605 | dex_sell=0.066016 dex_buy=0.0660381 | spread_a=-5.1bps spread_b=-4.3bps | min=30.0bps
2026-05-09 18:06:11,179 | INFO | fetch_order_book: symbol=CHIP/USDC limit=20
2026-05-09 18:06:11,577 | INFO | fetch_order_book: mid=0.066015 spread=4.54bps bids=20 asks=20
2026-05-09 18:06:12,457 | INFO | SPREAD | pair=CHIP/USDC | cex=0.066/0.06603 | dex_sell=0.066016 dex_buy=0.0660381 | spread_a=-2.1bps spread_b=-5.8bps | min=30.0bps
2026-05-09 18:06:13,459 | INFO | fetch_order_book: symbol=CHIP/USDC limit=20
2026-05-09 18:06:13,740 | INFO | fetch_order_book: mid=0.06607 spread=6.05bps bids=20 asks=20
2026-05-09 18:06:14,637 | INFO | SPREAD | pair=CHIP/USDC | cex=0.06605/0.06609 | dex_sell=0.066016 dex_buy=0.0660381 | spread_a=-11.2bps spread_b=1.8bps | min=30.0bps
2026-05-09 18:06:15,640 | INFO | fetch_order_book: symbol=CHIP/USDC limit=20
2026-05-09 18:06:15,903 | INFO | fetch_order_book: mid=0.06603 spread=3.03bps bids=20 asks=20
2026-05-09 18:06:16,786 | INFO | SPREAD | pair=CHIP/USDC | cex=0.06602/0.06604 | dex_sell=0.066016 dex_buy=0.0660381 | spread_a=-3.6bps spread_b=-2.7bps | min=30.0bps
2026-05-09 18:06:17,789 | INFO | fetch_order_book: symbol=CHIP/USDC limit=20
2026-05-09 18:06:18,121 | INFO | fetch_order_book: mid=0.06603 spread=3.03bps bids=20 asks=20
2026-05-09 18:06:19,104 | INFO | SPREAD | pair=CHIP/USDC | cex=0.06602/0.06604 | dex_sell=0.066016 dex_buy=0.0660381 | spread_a=-3.6bps spread_b=-2.7bps | min=30.0bps
2026-05-09 18:06:20,106 | INFO | fetch_order_book: symbol=CHIP/USDC limit=20
2026-05-09 18:06:20,361 | INFO | fetch_order_book: mid=0.06603 spread=3.03bps bids=20 asks=20
2026-05-09 18:06:21,228 | INFO | SPREAD | pair=CHIP/USDC | cex=0.06602/0.06604 | dex_sell=0.066016 dex_buy=0.0660381 | spread_a=-3.6bps spread_b=-2.7bps | min=30.0bps
2026-05-09 18:06:22,231 | INFO | fetch_order_book: symbol=CHIP/USDC limit=20
2026-05-09 18:06:22,530 | INFO | fetch_order_book: mid=0.06603 spread=3.03bps bids=20 asks=20
2026-05-09 18:06:23,373 | INFO | SPREAD | pair=CHIP/USDC | cex=0.06602/0.06604 | dex_sell=0.066016 dex_buy=0.0660381 | spread_a=-3.6bps spread_b=-2.7bps | min=30.0bps
2026-05-09 18:06:24,375 | INFO | fetch_order_book: symbol=CHIP/USDC limit=20
2026-05-09 18:06:24,642 | INFO | fetch_order_book: mid=0.066045 spread=4.54bps bids=20 asks=20
2026-05-09 18:06:25,482 | INFO | SPREAD | pair=CHIP/USDC | cex=0.06603/0.06606 | dex_sell=0.066016 dex_buy=0.0660381 | spread_a=-6.7bps spread_b=-1.2bps | min=30.0bps
2026-05-09 18:06:26,484 | INFO | fetch_order_book: symbol=CHIP/USDC limit=20
2026-05-09 18:06:26,746 | INFO | fetch_order_book: mid=0.06604 spread=6.06bps bids=20 asks=20
2026-05-09 18:06:27,626 | INFO | SPREAD | pair=CHIP/USDC | cex=0.06602/0.06606 | dex_sell=0.066016 dex_buy=0.0660381 | spread_a=-6.7bps spread_b=-2.7bps | min=30.0bps
2026-05-09 18:06:28,629 | INFO | fetch_order_book: symbol=CHIP/USDC limit=20
2026-05-09 18:06:28,887 | INFO | fetch_order_book: mid=0.066055 spread=7.57bps bids=20 asks=20
2026-05-09 18:06:29,795 | INFO | SPREAD | pair=CHIP/USDC | cex=0.06603/0.06608 | dex_sell=0.066016 dex_buy=0.0660381 | spread_a=-9.7bps spread_b=-1.2bps | min=30.0bps
2026-05-09 18:06:30,797 | INFO | fetch_order_book: symbol=CHIP/USDC limit=20
2026-05-09 18:06:31,126 | INFO | fetch_order_book: mid=0.066065 spread=4.54bps bids=20 asks=20
2026-05-09 18:06:32,011 | INFO | SPREAD | pair=CHIP/USDC | cex=0.06605/0.06608 | dex_sell=0.066016 dex_buy=0.0660381 | spread_a=-9.7bps spread_b=1.8bps | min=30.0bps
2026-05-09 18:06:33,014 | INFO | fetch_order_book: symbol=CHIP/USDC limit=20
2026-05-09 18:06:33,378 | INFO | fetch_order_book: mid=0.066065 spread=4.54bps bids=20 asks=20
2026-05-09 18:06:34,239 | INFO | SPREAD | pair=CHIP/USDC | cex=0.06605/0.06608 | dex_sell=0.066016 dex_buy=0.0660381 | spread_a=-9.7bps spread_b=1.8bps | min=30.0bps
2026-05-09 18:06:35,242 | INFO | fetch_order_book: symbol=CHIP/USDC limit=20
2026-05-09 18:06:35,500 | INFO | fetch_order_book: mid=0.06608 spread=6.05bps bids=20 asks=20
2026-05-09 18:06:36,313 | INFO | SPREAD | pair=CHIP/USDC | cex=0.06606/0.0661 | dex_sell=0.066016 dex_buy=0.0660382 | spread_a=-12.7bps spread_b=3.3bps | min=30.0bps
2026-05-09 18:06:37,316 | INFO | fetch_order_book: symbol=CHIP/USDC limit=20
2026-05-09 18:06:37,694 | INFO | fetch_order_book: mid=0.066085 spread=4.54bps bids=20 asks=20
2026-05-09 18:06:38,597 | INFO | SPREAD | pair=CHIP/USDC | cex=0.06607/0.0661 | dex_sell=0.066016 dex_buy=0.0660382 | spread_a=-12.7bps spread_b=4.8bps | min=30.0bps
2026-05-09 18:06:39,600 | INFO | fetch_order_book: symbol=CHIP/USDC limit=20
2026-05-09 18:06:39,858 | INFO | fetch_order_book: mid=0.066085 spread=4.54bps bids=20 asks=20
2026-05-09 18:06:40,745 | INFO | SPREAD | pair=CHIP/USDC | cex=0.06607/0.0661 | dex_sell=0.066016 dex_buy=0.0660382 | spread_a=-12.7bps spread_b=4.8bps | min=30.0bps
2026-05-09 18:06:41,747 | INFO | fetch_order_book: symbol=CHIP/USDC limit=20
2026-05-09 18:06:42,086 | INFO | fetch_order_book: mid=0.06611 spread=3.03bps bids=20 asks=20
2026-05-09 18:06:42,965 | INFO | SPREAD | pair=CHIP/USDC | cex=0.0661/0.06612 | dex_sell=0.0660227 dex_buy=0.0660449 | spread_a=-14.7bps spread_b=8.3bps | min=30.0bps
2026-05-09 18:06:43,967 | INFO | fetch_order_book: symbol=CHIP/USDC limit=20
2026-05-09 18:06:44,337 | INFO | fetch_order_book: mid=0.066095 spread=4.54bps bids=20 asks=20
2026-05-09 18:06:45,170 | INFO | SPREAD | pair=CHIP/USDC | cex=0.06608/0.06611 | dex_sell=0.0660227 dex_buy=0.0660449 | spread_a=-13.2bps spread_b=5.3bps | min=30.0bps
2026-05-09 18:06:46,172 | INFO | fetch_order_book: symbol=CHIP/USDC limit=20
2026-05-09 18:06:46,431 | INFO | fetch_order_book: mid=0.066105 spread=4.54bps bids=20 asks=20
2026-05-09 18:06:47,330 | INFO | SPREAD | pair=CHIP/USDC | cex=0.06609/0.06612 | dex_sell=0.0660227 dex_buy=0.0660449 | spread_a=-14.7bps spread_b=6.8bps | min=30.0bps
2026-05-09 18:06:48,333 | INFO | fetch_order_book: symbol=CHIP/USDC limit=20
2026-05-09 18:06:48,636 | INFO | fetch_order_book: mid=0.066105 spread=4.54bps bids=20 asks=20
2026-05-09 18:06:49,480 | INFO | SPREAD | pair=CHIP/USDC | cex=0.06609/0.06612 | dex_sell=0.0660227 dex_buy=0.0660449 | spread_a=-14.7bps spread_b=6.8bps | min=30.0bps
2026-05-09 18:06:50,483 | INFO | fetch_order_book: symbol=CHIP/USDC limit=20
2026-05-09 18:06:50,792 | INFO | fetch_order_book: mid=0.066095 spread=4.54bps bids=20 asks=20
2026-05-09 18:06:51,655 | INFO | SPREAD | pair=CHIP/USDC | cex=0.06608/0.06611 | dex_sell=0.0660227 dex_buy=0.0660449 | spread_a=-13.2bps spread_b=5.3bps | min=30.0bps
2026-05-09 18:06:52,658 | INFO | fetch_order_book: symbol=CHIP/USDC limit=20
2026-05-09 18:06:52,918 | INFO | fetch_order_book: mid=0.066105 spread=4.54bps bids=20 asks=20
2026-05-09 18:06:53,789 | INFO | SPREAD | pair=CHIP/USDC | cex=0.06609/0.06612 | dex_sell=0.0660227 dex_buy=0.0660449 | spread_a=-14.7bps spread_b=6.8bps | min=30.0bps
2026-05-09 18:06:54,791 | INFO | fetch_order_book: symbol=CHIP/USDC limit=20
2026-05-09 18:06:55,087 | INFO | fetch_order_book: mid=0.06610 spread=6.05bps bids=20 asks=20
2026-05-09 18:06:56,017 | INFO | SPREAD | pair=CHIP/USDC | cex=0.06608/0.06612 | dex_sell=0.0660227 dex_buy=0.0660449 | spread_a=-14.7bps spread_b=5.3bps | min=30.0bps
2026-05-09 18:06:57,019 | INFO | fetch_order_book: symbol=CHIP/USDC limit=20
2026-05-09 18:06:57,340 | INFO | fetch_order_book: mid=0.066085 spread=7.57bps bids=20 asks=20
2026-05-09 18:06:58,155 | INFO | SPREAD | pair=CHIP/USDC | cex=0.06606/0.06611 | dex_sell=0.0660227 dex_buy=0.0660449 | spread_a=-13.2bps spread_b=2.3bps | min=30.0bps
2026-05-09 18:06:59,158 | INFO | fetch_order_book: symbol=CHIP/USDC limit=20
2026-05-09 18:06:59,413 | INFO | fetch_order_book: mid=0.066075 spread=4.54bps bids=20 asks=20
2026-05-09 18:07:00,280 | INFO | SPREAD | pair=CHIP/USDC | cex=0.06606/0.06609 | dex_sell=0.0660227 dex_buy=0.0660449 | spread_a=-10.2bps spread_b=2.3bps | min=30.0bps
2026-05-09 18:07:01,283 | INFO | fetch_order_book: symbol=CHIP/USDC limit=20
2026-05-09 18:07:01,643 | INFO | fetch_order_book: mid=0.066095 spread=7.56bps bids=20 asks=20
2026-05-09 18:07:02,523 | INFO | SPREAD | pair=CHIP/USDC | cex=0.06607/0.06612 | dex_sell=0.0660227 dex_buy=0.0660449 | spread_a=-14.7bps spread_b=3.8bps | min=30.0bps
2026-05-09 18:07:03,525 | INFO | fetch_order_book: symbol=CHIP/USDC limit=20
2026-05-09 18:07:03,795 | INFO | fetch_order_book: mid=0.066085 spread=7.57bps bids=20 asks=20
2026-05-09 18:07:04,629 | INFO | SPREAD | pair=CHIP/USDC | cex=0.06606/0.06611 | dex_sell=0.0660227 dex_buy=0.0660449 | spread_a=-13.2bps spread_b=2.3bps | min=30.0bps
2026-05-09 18:07:05,631 | INFO | fetch_order_book: symbol=CHIP/USDC limit=20
2026-05-09 18:07:05,889 | INFO | fetch_order_book: mid=0.066085 spread=7.57bps bids=20 asks=20
2026-05-09 18:07:06,720 | INFO | SPREAD | pair=CHIP/USDC | cex=0.06606/0.06611 | dex_sell=0.0660227 dex_buy=0.0660449 | spread_a=-13.2bps spread_b=2.3bps | min=30.0bps
2026-05-09 18:07:07,723 | INFO | fetch_order_book: symbol=CHIP/USDC limit=20
2026-05-09 18:07:07,989 | INFO | fetch_order_book: mid=0.066085 spread=7.57bps bids=20 asks=20
2026-05-09 18:07:08,895 | INFO | SPREAD | pair=CHIP/USDC | cex=0.06606/0.06611 | dex_sell=0.0660227 dex_buy=0.0660449 | spread_a=-13.2bps spread_b=2.3bps | min=30.0bps
2026-05-09 18:07:09,898 | INFO | fetch_order_book: symbol=CHIP/USDC limit=20
2026-05-09 18:07:10,155 | INFO | fetch_order_book: mid=0.066075 spread=4.54bps bids=20 asks=20
2026-05-09 18:07:11,010 | INFO | SPREAD | pair=CHIP/USDC | cex=0.06606/0.06609 | dex_sell=0.0660227 dex_buy=0.0660449 | spread_a=-10.2bps spread_b=2.3bps | min=30.0bps
2026-05-09 18:07:12,013 | INFO | fetch_order_book: symbol=CHIP/USDC limit=20
2026-05-09 18:07:12,272 | INFO | fetch_order_book: mid=0.06607 spread=3.03bps bids=20 asks=20
2026-05-09 18:07:13,282 | INFO | SPREAD | pair=CHIP/USDC | cex=0.06606/0.06608 | dex_sell=0.0660227 dex_buy=0.0660449 | spread_a=-8.7bps spread_b=2.3bps | min=30.0bps
2026-05-09 18:07:14,284 | INFO | fetch_order_book: symbol=CHIP/USDC limit=20
2026-05-09 18:07:14,542 | INFO | fetch_order_book: mid=0.066075 spread=4.54bps bids=20 asks=20
2026-05-09 18:07:15,391 | INFO | SPREAD | pair=CHIP/USDC | cex=0.06606/0.06609 | dex_sell=0.0660227 dex_buy=0.0660449 | spread_a=-10.2bps spread_b=2.3bps | min=30.0bps
2026-05-09 18:07:16,393 | INFO | fetch_order_book: symbol=CHIP/USDC limit=20
2026-05-09 18:07:16,653 | INFO | fetch_order_book: mid=0.066075 spread=4.54bps bids=20 asks=20
2026-05-09 18:07:17,476 | INFO | SPREAD | pair=CHIP/USDC | cex=0.06606/0.06609 | dex_sell=0.0660227 dex_buy=0.0660449 | spread_a=-10.2bps spread_b=2.3bps | min=30.0bps
2026-05-09 18:07:18,478 | INFO | fetch_order_book: symbol=CHIP/USDC limit=20
2026-05-09 18:07:18,740 | INFO | fetch_order_book: mid=0.066075 spread=4.54bps bids=20 asks=20
2026-05-09 18:07:19,562 | INFO | SPREAD | pair=CHIP/USDC | cex=0.06606/0.06609 | dex_sell=0.0660227 dex_buy=0.0660449 | spread_a=-10.2bps spread_b=2.3bps | min=30.0bps
2026-05-09 18:07:20,566 | INFO | fetch_order_book: symbol=CHIP/USDC limit=20
2026-05-09 18:07:20,821 | INFO | fetch_order_book: mid=0.06607 spread=3.03bps bids=20 asks=20
2026-05-09 18:07:21,647 | INFO | SPREAD | pair=CHIP/USDC | cex=0.06606/0.06608 | dex_sell=0.0660227 dex_buy=0.0660449 | spread_a=-8.7bps spread_b=2.3bps | min=30.0bps
2026-05-09 18:07:22,650 | INFO | fetch_order_book: symbol=CHIP/USDC limit=20
2026-05-09 18:07:22,913 | INFO | fetch_order_book: mid=0.06607 spread=3.03bps bids=20 asks=20
2026-05-09 18:07:23,759 | INFO | SPREAD | pair=CHIP/USDC | cex=0.06606/0.06608 | dex_sell=0.0660227 dex_buy=0.0660449 | spread_a=-8.7bps spread_b=2.3bps | min=30.0bps
2026-05-09 18:07:24,761 | INFO | fetch_order_book: symbol=CHIP/USDC limit=20
2026-05-09 18:07:25,097 | INFO | fetch_order_book: mid=0.06607 spread=3.03bps bids=20 asks=20
2026-05-09 18:07:25,964 | INFO | SPREAD | pair=CHIP/USDC | cex=0.06606/0.06608 | dex_sell=0.0660227 dex_buy=0.0660449 | spread_a=-8.7bps spread_b=2.3bps | min=30.0bps
2026-05-09 18:07:26,966 | INFO | fetch_order_book: symbol=CHIP/USDC limit=20
2026-05-09 18:07:27,431 | INFO | fetch_order_book: mid=0.06605 spread=3.03bps bids=20 asks=20
2026-05-09 18:07:28,326 | INFO | SPREAD | pair=CHIP/USDC | cex=0.06604/0.06606 | dex_sell=0.0660227 dex_buy=0.0660449 | spread_a=-5.6bps spread_b=-0.7bps | min=30.0bps
2026-05-09 18:07:29,328 | INFO | fetch_order_book: symbol=CHIP/USDC limit=20
2026-05-09 18:07:29,591 | INFO | fetch_order_book: mid=0.06605 spread=3.03bps bids=20 asks=20
2026-05-09 18:07:30,478 | INFO | SPREAD | pair=CHIP/USDC | cex=0.06604/0.06606 | dex_sell=0.0660227 dex_buy=0.0660449 | spread_a=-5.6bps spread_b=-0.7bps | min=30.0bps
2026-05-09 18:07:31,480 | INFO | fetch_order_book: symbol=CHIP/USDC limit=20
2026-05-09 18:07:31,743 | INFO | fetch_order_book: mid=0.06605 spread=3.03bps bids=20 asks=20
2026-05-09 18:07:32,593 | INFO | SPREAD | pair=CHIP/USDC | cex=0.06604/0.06606 | dex_sell=0.0660227 dex_buy=0.0660449 | spread_a=-5.6bps spread_b=-0.7bps | min=30.0bps
2026-05-09 18:07:33,596 | INFO | fetch_order_book: symbol=CHIP/USDC limit=20
2026-05-09 18:07:33,859 | INFO | fetch_order_book: mid=0.06603 spread=3.03bps bids=20 asks=20
2026-05-09 18:07:34,773 | INFO | SPREAD | pair=CHIP/USDC | cex=0.06602/0.06604 | dex_sell=0.0660227 dex_buy=0.0660449 | spread_a=-2.6bps spread_b=-3.8bps | min=30.0bps
2026-05-09 18:07:35,776 | INFO | fetch_order_book: symbol=CHIP/USDC limit=20
2026-05-09 18:07:36,164 | INFO | fetch_order_book: mid=0.06603 spread=3.03bps bids=20 asks=20
2026-05-09 18:07:37,002 | INFO | SPREAD | pair=CHIP/USDC | cex=0.06602/0.06604 | dex_sell=0.0660227 dex_buy=0.0660449 | spread_a=-2.6bps spread_b=-3.8bps | min=30.0bps
2026-05-09 18:07:38,004 | INFO | fetch_order_book: symbol=CHIP/USDC limit=20
2026-05-09 18:07:38,264 | INFO | fetch_order_book: mid=0.06603 spread=3.03bps bids=20 asks=20
2026-05-09 18:07:39,130 | INFO | SPREAD | pair=CHIP/USDC | cex=0.06602/0.06604 | dex_sell=0.0660227 dex_buy=0.0660449 | spread_a=-2.6bps spread_b=-3.8bps | min=30.0bps
2026-05-09 18:07:40,132 | INFO | fetch_order_book: symbol=CHIP/USDC limit=20
2026-05-09 18:07:40,392 | INFO | fetch_order_book: mid=0.066035 spread=1.51bps bids=20 asks=20
2026-05-09 18:07:41,235 | INFO | SPREAD | pair=CHIP/USDC | cex=0.06603/0.06604 | dex_sell=0.0660227 dex_buy=0.0660449 | spread_a=-2.6bps spread_b=-2.3bps | min=30.0bps
2026-05-09 18:07:42,237 | INFO | fetch_order_book: symbol=CHIP/USDC limit=20
2026-05-09 18:07:42,493 | INFO | fetch_order_book: mid=0.066045 spread=4.54bps bids=20 asks=20
2026-05-09 18:07:43,403 | INFO | SPREAD | pair=CHIP/USDC | cex=0.06603/0.06606 | dex_sell=0.0660227 dex_buy=0.0660449 | spread_a=-5.6bps spread_b=-2.3bps | min=30.0bps
2026-05-09 18:07:44,406 | INFO | fetch_order_book: symbol=CHIP/USDC limit=20
2026-05-09 18:07:44,667 | INFO | fetch_order_book: mid=0.06605 spread=6.06bps bids=20 asks=20
2026-05-09 18:07:45,495 | INFO | SPREAD | pair=CHIP/USDC | cex=0.06603/0.06607 | dex_sell=0.0660227 dex_buy=0.0660449 | spread_a=-7.2bps spread_b=-2.3bps | min=30.0bps
2026-05-09 18:07:46,497 | INFO | fetch_order_book: symbol=CHIP/USDC limit=20
2026-05-09 18:07:46,777 | INFO | fetch_order_book: mid=0.06605 spread=6.06bps bids=20 asks=20
2026-05-09 18:07:47,725 | INFO | SPREAD | pair=CHIP/USDC | cex=0.06603/0.06607 | dex_sell=0.0660227 dex_buy=0.0660449 | spread_a=-7.2bps spread_b=-2.3bps | min=30.0bps
2026-05-09 18:07:48,728 | INFO | fetch_order_book: symbol=CHIP/USDC limit=20
2026-05-09 18:07:49,055 | INFO | fetch_order_book: mid=0.066055 spread=7.57bps bids=20 asks=20
2026-05-09 18:07:49,905 | INFO | SPREAD | pair=CHIP/USDC | cex=0.06603/0.06608 | dex_sell=0.0660227 dex_buy=0.0660449 | spread_a=-8.7bps spread_b=-2.3bps | min=30.0bps
2026-05-09 18:07:50,907 | INFO | fetch_order_book: symbol=CHIP/USDC limit=20
2026-05-09 18:07:51,164 | INFO | fetch_order_book: mid=0.066065 spread=4.54bps bids=20 asks=20
2026-05-09 18:07:52,042 | INFO | SPREAD | pair=CHIP/USDC | cex=0.06605/0.06608 | dex_sell=0.0660227 dex_buy=0.0660449 | spread_a=-8.7bps spread_b=0.8bps | min=30.0bps
2026-05-09 18:07:53,045 | INFO | fetch_order_book: symbol=CHIP/USDC limit=20
2026-05-09 18:07:53,300 | INFO | fetch_order_book: mid=0.066065 spread=4.54bps bids=20 asks=20
2026-05-09 18:07:54,202 | INFO | SPREAD | pair=CHIP/USDC | cex=0.06605/0.06608 | dex_sell=0.0660227 dex_buy=0.0660449 | spread_a=-8.7bps spread_b=0.8bps | min=30.0bps
2026-05-09 18:07:55,204 | INFO | fetch_order_book: symbol=CHIP/USDC limit=20
2026-05-09 18:07:55,503 | INFO | fetch_order_book: mid=0.066065 spread=4.54bps bids=20 asks=20
2026-05-09 18:07:56,389 | INFO | SPREAD | pair=CHIP/USDC | cex=0.06605/0.06608 | dex_sell=0.0660227 dex_buy=0.0660449 | spread_a=-8.7bps spread_b=0.8bps | min=30.0bps
2026-05-09 18:07:57,391 | INFO | fetch_order_book: symbol=CHIP/USDC limit=20
2026-05-09 18:07:57,761 | INFO | fetch_order_book: mid=0.066065 spread=4.54bps bids=20 asks=20
2026-05-09 18:07:58,639 | INFO | SPREAD | pair=CHIP/USDC | cex=0.06605/0.06608 | dex_sell=0.0660227 dex_buy=0.0660449 | spread_a=-8.7bps spread_b=0.8bps | min=30.0bps
2026-05-09 18:07:59,642 | INFO | fetch_order_book: symbol=CHIP/USDC limit=20
2026-05-09 18:07:59,902 | INFO | fetch_order_book: mid=0.06609 spread=3.03bps bids=20 asks=20
2026-05-09 18:08:00,753 | INFO | SPREAD | pair=CHIP/USDC | cex=0.06608/0.0661 | dex_sell=0.0660227 dex_buy=0.0660449 | spread_a=-11.7bps spread_b=5.3bps | min=30.0bps
2026-05-09 18:08:01,756 | INFO | fetch_order_book: symbol=CHIP/USDC limit=20
2026-05-09 18:08:02,061 | INFO | fetch_order_book: mid=0.06611 spread=3.03bps bids=20 asks=20
2026-05-09 18:08:03,197 | INFO | SPREAD | pair=CHIP/USDC | cex=0.0661/0.06612 | dex_sell=0.0660227 dex_buy=0.0660449 | spread_a=-14.7bps spread_b=8.3bps | min=30.0bps
2026-05-09 18:08:04,200 | INFO | fetch_order_book: symbol=CHIP/USDC limit=20
2026-05-09 18:08:04,531 | INFO | fetch_order_book: mid=0.06611 spread=3.03bps bids=20 asks=20
2026-05-09 18:08:05,398 | INFO | SPREAD | pair=CHIP/USDC | cex=0.0661/0.06612 | dex_sell=0.0660227 dex_buy=0.0660449 | spread_a=-14.7bps spread_b=8.3bps | min=30.0bps
2026-05-09 18:08:06,400 | INFO | fetch_order_book: symbol=CHIP/USDC limit=20
2026-05-09 18:08:06,795 | INFO | fetch_order_book: mid=0.06611 spread=3.03bps bids=20 asks=20
2026-05-09 18:08:07,655 | INFO | SPREAD | pair=CHIP/USDC | cex=0.0661/0.06612 | dex_sell=0.0660227 dex_buy=0.0660449 | spread_a=-14.7bps spread_b=8.3bps | min=30.0bps
2026-05-09 18:08:08,658 | INFO | fetch_order_book: symbol=CHIP/USDC limit=20
2026-05-09 18:08:08,918 | INFO | fetch_order_book: mid=0.06611 spread=3.03bps bids=20 asks=20
2026-05-09 18:08:09,739 | INFO | SPREAD | pair=CHIP/USDC | cex=0.0661/0.06612 | dex_sell=0.0660227 dex_buy=0.0660449 | spread_a=-14.7bps spread_b=8.3bps | min=30.0bps
2026-05-09 18:08:10,741 | INFO | fetch_order_book: symbol=CHIP/USDC limit=20
2026-05-09 18:08:10,996 | INFO | fetch_order_book: mid=0.06611 spread=3.03bps bids=20 asks=20
2026-05-09 18:08:11,866 | INFO | SPREAD | pair=CHIP/USDC | cex=0.0661/0.06612 | dex_sell=0.0660227 dex_buy=0.0660449 | spread_a=-14.7bps spread_b=8.3bps | min=30.0bps
2026-05-09 18:08:12,869 | INFO | fetch_order_book: symbol=CHIP/USDC limit=20
2026-05-09 18:08:13,264 | INFO | fetch_order_book: mid=0.06613 spread=3.02bps bids=20 asks=20
2026-05-09 18:08:14,101 | INFO | SPREAD | pair=CHIP/USDC | cex=0.06612/0.06614 | dex_sell=0.0660227 dex_buy=0.0660449 | spread_a=-17.7bps spread_b=11.4bps | min=30.0bps
2026-05-09 18:08:15,104 | INFO | fetch_order_book: symbol=CHIP/USDC limit=20
2026-05-09 18:08:15,365 | INFO | fetch_order_book: mid=0.06613 spread=3.02bps bids=20 asks=20
2026-05-09 18:08:16,193 | INFO | SPREAD | pair=CHIP/USDC | cex=0.06612/0.06614 | dex_sell=0.0660227 dex_buy=0.0660449 | spread_a=-17.7bps spread_b=11.4bps | min=30.0bps
2026-05-09 18:08:17,196 | INFO | fetch_order_book: symbol=CHIP/USDC limit=20
2026-05-09 18:08:17,465 | INFO | fetch_order_book: mid=0.06613 spread=3.02bps bids=20 asks=20
2026-05-09 18:08:18,310 | INFO | SPREAD | pair=CHIP/USDC | cex=0.06612/0.06614 | dex_sell=0.0660227 dex_buy=0.0660449 | spread_a=-17.7bps spread_b=11.4bps | min=30.0bps
2026-05-09 18:08:19,313 | INFO | fetch_order_book: symbol=CHIP/USDC limit=20
2026-05-09 18:08:19,672 | INFO | fetch_order_book: mid=0.06611 spread=6.05bps bids=20 asks=20
2026-05-09 18:08:20,594 | INFO | SPREAD | pair=CHIP/USDC | cex=0.06609/0.06613 | dex_sell=0.0660227 dex_buy=0.0660449 | spread_a=-16.2bps spread_b=6.8bps | min=30.0bps
2026-05-09 18:08:21,597 | INFO | fetch_order_book: symbol=CHIP/USDC limit=20
2026-05-09 18:08:21,853 | INFO | fetch_order_book: mid=0.066115 spread=7.56bps bids=20 asks=20
2026-05-09 18:08:22,730 | INFO | SPREAD | pair=CHIP/USDC | cex=0.06609/0.06614 | dex_sell=0.0660227 dex_buy=0.0660449 | spread_a=-17.7bps spread_b=6.8bps | min=30.0bps
2026-05-09 18:08:23,732 | INFO | fetch_order_book: symbol=CHIP/USDC limit=20
2026-05-09 18:08:23,996 | INFO | fetch_order_book: mid=0.066125 spread=4.54bps bids=20 asks=20
2026-05-09 18:08:24,858 | INFO | SPREAD | pair=CHIP/USDC | cex=0.06611/0.06614 | dex_sell=0.0660227 dex_buy=0.0660449 | spread_a=-17.7bps spread_b=9.9bps | min=30.0bps
2026-05-09 18:08:25,860 | INFO | fetch_order_book: symbol=CHIP/USDC limit=20
2026-05-09 18:08:26,226 | INFO | fetch_order_book: mid=0.066125 spread=4.54bps bids=20 asks=20
2026-05-09 18:08:27,038 | INFO | SPREAD | pair=CHIP/USDC | cex=0.06611/0.06614 | dex_sell=0.0660227 dex_buy=0.0660449 | spread_a=-17.7bps spread_b=9.9bps | min=30.0bps
2026-05-09 18:08:28,040 | INFO | fetch_order_book: symbol=CHIP/USDC limit=20
2026-05-09 18:08:28,299 | INFO | fetch_order_book: mid=0.06610 spread=6.05bps bids=20 asks=20
2026-05-09 18:08:29,228 | INFO | SPREAD | pair=CHIP/USDC | cex=0.06608/0.06612 | dex_sell=0.0660227 dex_buy=0.0660449 | spread_a=-14.7bps spread_b=5.3bps | min=30.0bps
2026-05-09 18:08:30,231 | INFO | fetch_order_book: symbol=CHIP/USDC limit=20
2026-05-09 18:08:30,487 | INFO | fetch_order_book: mid=0.06609 spread=3.03bps bids=20 asks=20
2026-05-09 18:08:31,371 | INFO | SPREAD | pair=CHIP/USDC | cex=0.06608/0.0661 | dex_sell=0.0660227 dex_buy=0.0660449 | spread_a=-11.7bps spread_b=5.3bps | min=30.0bps
2026-05-09 18:08:32,373 | INFO | fetch_order_book: symbol=CHIP/USDC limit=20
2026-05-09 18:08:32,636 | INFO | fetch_order_book: mid=0.06611 spread=6.05bps bids=20 asks=20
2026-05-09 18:08:33,514 | INFO | SPREAD | pair=CHIP/USDC | cex=0.06609/0.06613 | dex_sell=0.0660227 dex_buy=0.0660449 | spread_a=-16.2bps spread_b=6.8bps | min=30.0bps
2026-05-09 18:08:34,516 | INFO | fetch_order_book: symbol=CHIP/USDC limit=20
2026-05-09 18:08:34,777 | INFO | fetch_order_book: mid=0.06611 spread=6.05bps bids=20 asks=20
2026-05-09 18:08:35,653 | INFO | SPREAD | pair=CHIP/USDC | cex=0.06609/0.06613 | dex_sell=0.0660227 dex_buy=0.0660449 | spread_a=-16.2bps spread_b=6.8bps | min=30.0bps
2026-05-09 18:08:36,656 | INFO | fetch_order_book: symbol=CHIP/USDC limit=20
2026-05-09 18:08:36,920 | INFO | fetch_order_book: mid=0.06611 spread=6.05bps bids=20 asks=20
2026-05-09 18:08:37,826 | INFO | SPREAD | pair=CHIP/USDC | cex=0.06609/0.06613 | dex_sell=0.0660227 dex_buy=0.0660449 | spread_a=-16.2bps spread_b=6.8bps | min=30.0bps
2026-05-09 18:08:38,829 | INFO | fetch_order_book: symbol=CHIP/USDC limit=20
2026-05-09 18:08:39,160 | INFO | fetch_order_book: mid=0.066115 spread=7.56bps bids=20 asks=20
2026-05-09 18:08:40,054 | INFO | SPREAD | pair=CHIP/USDC | cex=0.06609/0.06614 | dex_sell=0.0660227 dex_buy=0.0660449 | spread_a=-17.7bps spread_b=6.8bps | min=30.0bps
2026-05-09 18:08:41,056 | INFO | fetch_order_book: symbol=CHIP/USDC limit=20
2026-05-09 18:08:41,422 | INFO | fetch_order_book: mid=0.066115 spread=7.56bps bids=20 asks=20
2026-05-09 18:08:42,294 | INFO | SPREAD | pair=CHIP/USDC | cex=0.06609/0.06614 | dex_sell=0.0660227 dex_buy=0.0660449 | spread_a=-17.7bps spread_b=6.8bps | min=30.0bps
2026-05-09 18:08:43,296 | INFO | fetch_order_book: symbol=CHIP/USDC limit=20
2026-05-09 18:08:43,563 | INFO | fetch_order_book: mid=0.066115 spread=7.56bps bids=20 asks=20
2026-05-09 18:08:44,397 | INFO | SPREAD | pair=CHIP/USDC | cex=0.06609/0.06614 | dex_sell=0.0660227 dex_buy=0.0660449 | spread_a=-17.7bps spread_b=6.8bps | min=30.0bps
2026-05-09 18:08:45,399 | INFO | fetch_order_book: symbol=CHIP/USDC limit=20
2026-05-09 18:08:45,783 | INFO | fetch_order_book: mid=0.066115 spread=7.56bps bids=20 asks=20
2026-05-09 18:08:46,665 | INFO | SPREAD | pair=CHIP/USDC | cex=0.06609/0.06614 | dex_sell=0.0660227 dex_buy=0.0660449 | spread_a=-17.7bps spread_b=6.8bps | min=30.0bps
2026-05-09 18:08:47,667 | INFO | fetch_order_book: symbol=CHIP/USDC limit=20
2026-05-09 18:08:47,948 | INFO | fetch_order_book: mid=0.066115 spread=7.56bps bids=20 asks=20
2026-05-09 18:08:48,795 | INFO | SPREAD | pair=CHIP/USDC | cex=0.06609/0.06614 | dex_sell=0.0660227 dex_buy=0.0660449 | spread_a=-17.7bps spread_b=6.8bps | min=30.0bps
2026-05-09 18:08:49,797 | INFO | fetch_order_book: symbol=CHIP/USDC limit=20
2026-05-09 18:08:50,068 | INFO | fetch_order_book: mid=0.066115 spread=7.56bps bids=20 asks=20
2026-05-09 18:08:50,953 | INFO | SPREAD | pair=CHIP/USDC | cex=0.06609/0.06614 | dex_sell=0.0660227 dex_buy=0.0660449 | spread_a=-17.7bps spread_b=6.8bps | min=30.0bps
2026-05-09 18:08:51,956 | INFO | fetch_order_book: symbol=CHIP/USDC limit=20
2026-05-09 18:08:52,221 | INFO | fetch_order_book: mid=0.066115 spread=7.56bps bids=20 asks=20
2026-05-09 18:08:53,090 | INFO | SPREAD | pair=CHIP/USDC | cex=0.06609/0.06614 | dex_sell=0.0660227 dex_buy=0.0660449 | spread_a=-17.7bps spread_b=6.8bps | min=30.0bps
2026-05-09 18:08:54,092 | INFO | fetch_order_book: symbol=CHIP/USDC limit=20
2026-05-09 18:08:54,474 | INFO | fetch_order_book: mid=0.06612 spread=6.05bps bids=20 asks=20
2026-05-09 18:08:55,347 | INFO | SPREAD | pair=CHIP/USDC | cex=0.0661/0.06614 | dex_sell=0.0660227 dex_buy=0.0660449 | spread_a=-17.7bps spread_b=8.3bps | min=30.0bps
2026-05-09 18:08:56,349 | INFO | fetch_order_book: symbol=CHIP/USDC limit=20
2026-05-09 18:08:56,609 | INFO | fetch_order_book: mid=0.06610 spread=6.05bps bids=20 asks=20
2026-05-09 18:08:57,529 | INFO | SPREAD | pair=CHIP/USDC | cex=0.06608/0.06612 | dex_sell=0.0660227 dex_buy=0.0660449 | spread_a=-14.7bps spread_b=5.3bps | min=30.0bps
2026-05-09 18:08:58,532 | INFO | fetch_order_book: symbol=CHIP/USDC limit=20
2026-05-09 18:08:58,894 | INFO | fetch_order_book: mid=0.066105 spread=4.54bps bids=20 asks=20
2026-05-09 18:08:59,777 | INFO | SPREAD | pair=CHIP/USDC | cex=0.06609/0.06612 | dex_sell=0.0660227 dex_buy=0.0660449 | spread_a=-14.7bps spread_b=6.8bps | min=30.0bps
2026-05-09 18:09:00,779 | INFO | fetch_order_book: symbol=CHIP/USDC limit=20
2026-05-09 18:09:01,141 | INFO | fetch_order_book: mid=0.066105 spread=4.54bps bids=20 asks=20
2026-05-09 18:09:01,971 | INFO | SPREAD | pair=CHIP/USDC | cex=0.06609/0.06612 | dex_sell=0.0660227 dex_buy=0.0660449 | spread_a=-14.7bps spread_b=6.8bps | min=30.0bps
2026-05-09 18:09:02,974 | INFO | fetch_order_book: symbol=CHIP/USDC limit=20
2026-05-09 18:09:03,295 | INFO | fetch_order_book: mid=0.06610 spread=6.05bps bids=20 asks=20
2026-05-09 18:09:04,178 | INFO | SPREAD | pair=CHIP/USDC | cex=0.06608/0.06612 | dex_sell=0.0660227 dex_buy=0.0660449 | spread_a=-14.7bps spread_b=5.3bps | min=30.0bps
2026-05-09 18:09:05,181 | INFO | fetch_order_book: symbol=CHIP/USDC limit=20
2026-05-09 18:09:05,439 | INFO | fetch_order_book: mid=0.06610 spread=6.05bps bids=20 asks=20
2026-05-09 18:09:06,291 | INFO | SPREAD | pair=CHIP/USDC | cex=0.06608/0.06612 | dex_sell=0.0660227 dex_buy=0.0660449 | spread_a=-14.7bps spread_b=5.3bps | min=30.0bps
2026-05-09 18:09:07,293 | INFO | fetch_order_book: symbol=CHIP/USDC limit=20
2026-05-09 18:09:07,628 | INFO | fetch_order_book: mid=0.066115 spread=7.56bps bids=20 asks=20
2026-05-09 18:09:08,451 | INFO | SPREAD | pair=CHIP/USDC | cex=0.06609/0.06614 | dex_sell=0.0660227 dex_buy=0.0660449 | spread_a=-17.7bps spread_b=6.8bps | min=30.0bps
2026-05-09 18:09:09,454 | INFO | fetch_order_book: symbol=CHIP/USDC limit=20
2026-05-09 18:09:09,746 | INFO | fetch_order_book: mid=0.06610 spread=6.05bps bids=20 asks=20
2026-05-09 18:09:10,592 | INFO | SPREAD | pair=CHIP/USDC | cex=0.06608/0.06612 | dex_sell=0.0660227 dex_buy=0.0660449 | spread_a=-14.7bps spread_b=5.3bps | min=30.0bps
2026-05-09 18:09:11,595 | INFO | fetch_order_book: symbol=CHIP/USDC limit=20
2026-05-09 18:09:11,894 | INFO | fetch_order_book: mid=0.06610 spread=6.05bps bids=20 asks=20
2026-05-09 18:09:12,743 | INFO | SPREAD | pair=CHIP/USDC | cex=0.06608/0.06612 | dex_sell=0.0660227 dex_buy=0.0660449 | spread_a=-14.7bps spread_b=5.3bps | min=30.0bps
2026-05-09 18:09:13,745 | INFO | fetch_order_book: symbol=CHIP/USDC limit=20
2026-05-09 18:09:14,007 | INFO | fetch_order_book: mid=0.06610 spread=6.05bps bids=20 asks=20
2026-05-09 18:09:14,907 | INFO | SPREAD | pair=CHIP/USDC | cex=0.06608/0.06612 | dex_sell=0.0660227 dex_buy=0.0660449 | spread_a=-14.7bps spread_b=5.3bps | min=30.0bps
2026-05-09 18:09:15,910 | INFO | fetch_order_book: symbol=CHIP/USDC limit=20
2026-05-09 18:09:16,300 | INFO | fetch_order_book: mid=0.06610 spread=6.05bps bids=20 asks=20
2026-05-09 18:09:17,227 | INFO | SPREAD | pair=CHIP/USDC | cex=0.06608/0.06612 | dex_sell=0.0660227 dex_buy=0.0660449 | spread_a=-14.7bps spread_b=5.3bps | min=30.0bps
2026-05-09 18:09:18,230 | INFO | fetch_order_book: symbol=CHIP/USDC limit=20
2026-05-09 18:09:18,491 | INFO | fetch_order_book: mid=0.066095 spread=4.54bps bids=20 asks=20
2026-05-09 18:09:19,389 | INFO | SPREAD | pair=CHIP/USDC | cex=0.06608/0.06611 | dex_sell=0.0660227 dex_buy=0.0660449 | spread_a=-13.2bps spread_b=5.3bps | min=30.0bps
2026-05-09 18:09:20,391 | INFO | fetch_order_book: symbol=CHIP/USDC limit=20
2026-05-09 18:09:20,646 | INFO | fetch_order_book: mid=0.06609 spread=3.03bps bids=20 asks=20
2026-05-09 18:09:21,495 | INFO | SPREAD | pair=CHIP/USDC | cex=0.06608/0.0661 | dex_sell=0.0660227 dex_buy=0.0660449 | spread_a=-11.7bps spread_b=5.3bps | min=30.0bps
2026-05-09 18:09:22,498 | INFO | fetch_order_book: symbol=CHIP/USDC limit=20
2026-05-09 18:09:22,753 | INFO | fetch_order_book: mid=0.06609 spread=3.03bps bids=20 asks=20
2026-05-09 18:09:23,616 | INFO | SPREAD | pair=CHIP/USDC | cex=0.06608/0.0661 | dex_sell=0.0660227 dex_buy=0.0660449 | spread_a=-11.7bps spread_b=5.3bps | min=30.0bps
2026-05-09 18:09:24,619 | INFO | fetch_order_book: symbol=CHIP/USDC limit=20
2026-05-09 18:09:24,878 | INFO | fetch_order_book: mid=0.066095 spread=4.54bps bids=20 asks=20
2026-05-09 18:09:25,729 | INFO | SPREAD | pair=CHIP/USDC | cex=0.06608/0.06611 | dex_sell=0.0660227 dex_buy=0.0660449 | spread_a=-13.2bps spread_b=5.3bps | min=30.0bps
2026-05-09 18:09:26,731 | INFO | fetch_order_book: symbol=CHIP/USDC limit=20
2026-05-09 18:09:26,995 | INFO | fetch_order_book: mid=0.06612 spread=6.05bps bids=20 asks=20
2026-05-09 18:09:27,934 | INFO | SPREAD | pair=CHIP/USDC | cex=0.0661/0.06614 | dex_sell=0.0660227 dex_buy=0.0660449 | spread_a=-17.7bps spread_b=8.3bps | min=30.0bps
2026-05-09 18:09:28,936 | INFO | fetch_order_book: symbol=CHIP/USDC limit=20
2026-05-09 18:09:29,304 | INFO | fetch_order_book: mid=0.066125 spread=4.54bps bids=20 asks=20
2026-05-09 18:09:30,191 | INFO | SPREAD | pair=CHIP/USDC | cex=0.06611/0.06614 | dex_sell=0.0660227 dex_buy=0.0660449 | spread_a=-17.7bps spread_b=9.9bps | min=30.0bps
2026-05-09 18:09:31,193 | INFO | fetch_order_book: symbol=CHIP/USDC limit=20
2026-05-09 18:09:31,449 | INFO | fetch_order_book: mid=0.06615 spread=3.02bps bids=20 asks=20
2026-05-09 18:09:32,294 | INFO | SPREAD | pair=CHIP/USDC | cex=0.06614/0.06616 | dex_sell=0.0660227 dex_buy=0.0660449 | spread_a=-20.8bps spread_b=14.4bps | min=30.0bps
2026-05-09 18:09:33,297 | INFO | fetch_order_book: symbol=CHIP/USDC limit=20
2026-05-09 18:09:33,619 | INFO | fetch_order_book: mid=0.06615 spread=3.02bps bids=20 asks=20
2026-05-09 18:09:34,485 | INFO | SPREAD | pair=CHIP/USDC | cex=0.06614/0.06616 | dex_sell=0.0660227 dex_buy=0.0660449 | spread_a=-20.8bps spread_b=14.4bps | min=30.0bps
2026-05-09 18:09:35,488 | INFO | fetch_order_book: symbol=CHIP/USDC limit=20
2026-05-09 18:09:35,959 | INFO | fetch_order_book: mid=0.06615 spread=3.02bps bids=20 asks=20
2026-05-09 18:09:36,844 | INFO | SPREAD | pair=CHIP/USDC | cex=0.06614/0.06616 | dex_sell=0.0660227 dex_buy=0.0660449 | spread_a=-20.8bps spread_b=14.4bps | min=30.0bps
2026-05-09 18:09:37,847 | INFO | fetch_order_book: symbol=CHIP/USDC limit=20
2026-05-09 18:09:38,190 | INFO | fetch_order_book: mid=0.06615 spread=3.02bps bids=20 asks=20
2026-05-09 18:09:39,105 | INFO | SPREAD | pair=CHIP/USDC | cex=0.06614/0.06616 | dex_sell=0.0660227 dex_buy=0.0660449 | spread_a=-20.8bps spread_b=14.4bps | min=30.0bps
2026-05-09 18:09:40,107 | INFO | fetch_order_book: symbol=CHIP/USDC limit=20
2026-05-09 18:09:40,377 | INFO | fetch_order_book: mid=0.06615 spread=3.02bps bids=20 asks=20
2026-05-09 18:09:41,282 | INFO | SPREAD | pair=CHIP/USDC | cex=0.06614/0.06616 | dex_sell=0.0660227 dex_buy=0.0660449 | spread_a=-20.8bps spread_b=14.4bps | min=30.0bps
2026-05-09 18:09:42,285 | INFO | fetch_order_book: symbol=CHIP/USDC limit=20
2026-05-09 18:09:42,620 | INFO | fetch_order_book: mid=0.06615 spread=3.02bps bids=20 asks=20
2026-05-09 18:09:43,472 | INFO | SPREAD | pair=CHIP/USDC | cex=0.06614/0.06616 | dex_sell=0.0660227 dex_buy=0.0660449 | spread_a=-20.8bps spread_b=14.4bps | min=30.0bps
2026-05-09 18:09:44,473 | INFO | fetch_order_book: symbol=CHIP/USDC limit=20
2026-05-09 18:09:44,818 | INFO | fetch_order_book: mid=0.06615 spread=3.02bps bids=20 asks=20
2026-05-09 18:09:45,648 | INFO | SPREAD | pair=CHIP/USDC | cex=0.06614/0.06616 | dex_sell=0.0660227 dex_buy=0.0660449 | spread_a=-20.8bps spread_b=14.4bps | min=30.0bps
2026-05-09 18:09:46,650 | INFO | fetch_order_book: symbol=CHIP/USDC limit=20
2026-05-09 18:09:46,913 | INFO | fetch_order_book: mid=0.06615 spread=3.02bps bids=20 asks=20
2026-05-09 18:09:47,748 | INFO | SPREAD | pair=CHIP/USDC | cex=0.06614/0.06616 | dex_sell=0.0660227 dex_buy=0.0660449 | spread_a=-20.8bps spread_b=14.4bps | min=30.0bps
2026-05-09 18:09:48,750 | INFO | fetch_order_book: symbol=CHIP/USDC limit=20
2026-05-09 18:09:49,007 | INFO | fetch_order_book: mid=0.06615 spread=3.02bps bids=20 asks=20
2026-05-09 18:09:49,899 | INFO | SPREAD | pair=CHIP/USDC | cex=0.06614/0.06616 | dex_sell=0.0660227 dex_buy=0.0660449 | spread_a=-20.8bps spread_b=14.4bps | min=30.0bps
2026-05-09 18:09:50,902 | INFO | fetch_order_book: symbol=CHIP/USDC limit=20
2026-05-09 18:09:51,323 | INFO | fetch_order_book: mid=0.06615 spread=3.02bps bids=20 asks=20
2026-05-09 18:09:52,280 | INFO | SPREAD | pair=CHIP/USDC | cex=0.06614/0.06616 | dex_sell=0.0660227 dex_buy=0.0660449 | spread_a=-20.8bps spread_b=14.4bps | min=30.0bps
2026-05-09 18:09:53,283 | INFO | fetch_order_book: symbol=CHIP/USDC limit=20
2026-05-09 18:09:53,549 | INFO | fetch_order_book: mid=0.06615 spread=3.02bps bids=20 asks=20
2026-05-09 18:09:54,378 | INFO | SPREAD | pair=CHIP/USDC | cex=0.06614/0.06616 | dex_sell=0.0660227 dex_buy=0.0660449 | spread_a=-20.8bps spread_b=14.4bps | min=30.0bps
2026-05-09 18:09:55,380 | INFO | fetch_order_book: symbol=CHIP/USDC limit=20
2026-05-09 18:09:55,721 | INFO | fetch_order_book: mid=0.06615 spread=3.02bps bids=20 asks=20
2026-05-09 18:09:56,611 | INFO | SPREAD | pair=CHIP/USDC | cex=0.06614/0.06616 | dex_sell=0.0660227 dex_buy=0.0660449 | spread_a=-20.8bps spread_b=14.4bps | min=30.0bps
2026-05-09 18:09:57,613 | INFO | fetch_order_book: symbol=CHIP/USDC limit=20
2026-05-09 18:09:57,875 | INFO | fetch_order_book: mid=0.06617 spread=3.02bps bids=20 asks=20
2026-05-09 18:09:58,732 | INFO | SPREAD | pair=CHIP/USDC | cex=0.06616/0.06618 | dex_sell=0.0661307 dex_buy=0.0661529 | spread_a=-7.5bps spread_b=1.1bps | min=30.0bps
2026-05-09 18:09:59,735 | INFO | fetch_order_book: symbol=CHIP/USDC limit=20
2026-05-09 18:10:00,043 | INFO | fetch_order_book: mid=0.06617 spread=3.02bps bids=20 asks=20
2026-05-09 18:10:00,946 | INFO | SPREAD | pair=CHIP/USDC | cex=0.06616/0.06618 | dex_sell=0.0661307 dex_buy=0.0661529 | spread_a=-7.5bps spread_b=1.1bps | min=30.0bps
2026-05-09 18:10:01,949 | INFO | fetch_order_book: symbol=CHIP/USDC limit=20
2026-05-09 18:10:02,283 | INFO | fetch_order_book: mid=0.06619 spread=3.02bps bids=20 asks=20
2026-05-09 18:10:03,571 | INFO | SPREAD | pair=CHIP/USDC | cex=0.06618/0.0662 | dex_sell=0.0661307 dex_buy=0.0661529 | spread_a=-10.5bps spread_b=4.1bps | min=30.0bps
2026-05-09 18:10:04,573 | INFO | fetch_order_book: symbol=CHIP/USDC limit=20
2026-05-09 18:10:05,041 | INFO | fetch_order_book: mid=0.06619 spread=3.02bps bids=20 asks=20
2026-05-09 18:10:05,902 | INFO | SPREAD | pair=CHIP/USDC | cex=0.06618/0.0662 | dex_sell=0.0661307 dex_buy=0.0661529 | spread_a=-10.5bps spread_b=4.1bps | min=30.0bps
2026-05-09 18:10:06,905 | INFO | fetch_order_book: symbol=CHIP/USDC limit=20
2026-05-09 18:10:07,216 | INFO | fetch_order_book: mid=0.066225 spread=1.51bps bids=20 asks=20
2026-05-09 18:10:08,145 | INFO | SPREAD | pair=CHIP/USDC | cex=0.06622/0.06623 | dex_sell=0.0661307 dex_buy=0.0661529 | spread_a=-15.0bps spread_b=10.1bps | min=30.0bps
2026-05-09 18:10:09,147 | INFO | fetch_order_book: symbol=CHIP/USDC limit=20
2026-05-09 18:10:09,546 | INFO | fetch_order_book: mid=0.066225 spread=1.51bps bids=20 asks=20
2026-05-09 18:10:10,411 | INFO | SPREAD | pair=CHIP/USDC | cex=0.06622/0.06623 | dex_sell=0.0661307 dex_buy=0.0661529 | spread_a=-15.0bps spread_b=10.1bps | min=30.0bps
2026-05-09 18:10:11,413 | INFO | fetch_order_book: symbol=CHIP/USDC limit=20
2026-05-09 18:10:11,677 | INFO | fetch_order_book: mid=0.06622 spread=3.02bps bids=20 asks=20
2026-05-09 18:10:12,535 | INFO | SPREAD | pair=CHIP/USDC | cex=0.06621/0.06623 | dex_sell=0.0661307 dex_buy=0.0661529 | spread_a=-15.0bps spread_b=8.6bps | min=30.0bps
2026-05-09 18:10:13,537 | INFO | fetch_order_book: symbol=CHIP/USDC limit=20
2026-05-09 18:10:13,792 | INFO | fetch_order_book: mid=0.06622 spread=3.02bps bids=20 asks=20
2026-05-09 18:10:14,672 | INFO | SPREAD | pair=CHIP/USDC | cex=0.06621/0.06623 | dex_sell=0.0661307 dex_buy=0.0661529 | spread_a=-15.0bps spread_b=8.6bps | min=30.0bps
2026-05-09 18:10:15,675 | INFO | fetch_order_book: symbol=CHIP/USDC limit=20
2026-05-09 18:10:16,002 | INFO | fetch_order_book: mid=0.06619 spread=6.04bps bids=20 asks=20
2026-05-09 18:10:16,840 | INFO | SPREAD | pair=CHIP/USDC | cex=0.06617/0.06621 | dex_sell=0.0661307 dex_buy=0.0661529 | spread_a=-12.0bps spread_b=2.6bps | min=30.0bps
2026-05-09 18:10:17,842 | INFO | fetch_order_book: symbol=CHIP/USDC limit=20
2026-05-09 18:10:18,103 | INFO | fetch_order_book: mid=0.06619 spread=6.04bps bids=20 asks=20
2026-05-09 18:10:19,009 | INFO | SPREAD | pair=CHIP/USDC | cex=0.06617/0.06621 | dex_sell=0.0661307 dex_buy=0.0661529 | spread_a=-12.0bps spread_b=2.6bps | min=30.0bps
2026-05-09 18:10:20,011 | INFO | fetch_order_book: symbol=CHIP/USDC limit=20
2026-05-09 18:10:20,268 | INFO | fetch_order_book: mid=0.06617 spread=6.05bps bids=20 asks=20
2026-05-09 18:10:21,164 | INFO | SPREAD | pair=CHIP/USDC | cex=0.06615/0.06619 | dex_sell=0.0661307 dex_buy=0.0661529 | spread_a=-9.0bps spread_b=-0.4bps | min=30.0bps
2026-05-09 18:10:22,167 | INFO | fetch_order_book: symbol=CHIP/USDC limit=20
2026-05-09 18:10:22,450 | INFO | fetch_order_book: mid=0.066175 spread=4.53bps bids=20 asks=20
2026-05-09 18:10:23,308 | INFO | SPREAD | pair=CHIP/USDC | cex=0.06616/0.06619 | dex_sell=0.0661307 dex_buy=0.0661529 | spread_a=-9.0bps spread_b=1.1bps | min=30.0bps
2026-05-09 18:10:24,310 | INFO | fetch_order_book: symbol=CHIP/USDC limit=20
2026-05-09 18:10:24,570 | INFO | fetch_order_book: mid=0.06616 spread=6.05bps bids=20 asks=20
2026-05-09 18:10:25,449 | INFO | SPREAD | pair=CHIP/USDC | cex=0.06614/0.06618 | dex_sell=0.0661307 dex_buy=0.0661529 | spread_a=-7.5bps spread_b=-1.9bps | min=30.0bps
2026-05-09 18:10:26,451 | INFO | fetch_order_book: symbol=CHIP/USDC limit=20
2026-05-09 18:10:26,721 | INFO | fetch_order_book: mid=0.06616 spread=6.05bps bids=20 asks=20
2026-05-09 18:10:27,604 | INFO | SPREAD | pair=CHIP/USDC | cex=0.06614/0.06618 | dex_sell=0.0661307 dex_buy=0.0661529 | spread_a=-7.5bps spread_b=-1.9bps | min=30.0bps
2026-05-09 18:10:28,606 | INFO | fetch_order_book: symbol=CHIP/USDC limit=20
2026-05-09 18:10:28,864 | INFO | fetch_order_book: mid=0.066155 spread=4.53bps bids=20 asks=20
2026-05-09 18:10:29,670 | INFO | SPREAD | pair=CHIP/USDC | cex=0.06614/0.06617 | dex_sell=0.0661307 dex_buy=0.0661529 | spread_a=-5.9bps spread_b=-1.9bps | min=30.0bps
2026-05-09 18:10:30,673 | INFO | fetch_order_book: symbol=CHIP/USDC limit=20
2026-05-09 18:10:31,050 | INFO | fetch_order_book: mid=0.06616 spread=6.05bps bids=20 asks=20
2026-05-09 18:10:31,916 | INFO | SPREAD | pair=CHIP/USDC | cex=0.06614/0.06618 | dex_sell=0.0661307 dex_buy=0.0661529 | spread_a=-7.5bps spread_b=-1.9bps | min=30.0bps
2026-05-09 18:10:32,918 | INFO | fetch_order_book: symbol=CHIP/USDC limit=20
2026-05-09 18:10:33,176 | INFO | fetch_order_book: mid=0.06616 spread=6.05bps bids=20 asks=20
2026-05-09 18:10:34,020 | INFO | SPREAD | pair=CHIP/USDC | cex=0.06614/0.06618 | dex_sell=0.0661307 dex_buy=0.0661529 | spread_a=-7.5bps spread_b=-1.9bps | min=30.0bps
2026-05-09 18:10:35,023 | INFO | fetch_order_book: symbol=CHIP/USDC limit=20
2026-05-09 18:10:35,364 | INFO | fetch_order_book: mid=0.06616 spread=6.05bps bids=20 asks=20
2026-05-09 18:10:36,231 | INFO | SPREAD | pair=CHIP/USDC | cex=0.06614/0.06618 | dex_sell=0.0661307 dex_buy=0.0661529 | spread_a=-7.5bps spread_b=-1.9bps | min=30.0bps
2026-05-09 18:10:37,234 | INFO | fetch_order_book: symbol=CHIP/USDC limit=20
2026-05-09 18:10:37,604 | INFO | fetch_order_book: mid=0.06615 spread=3.02bps bids=20 asks=20
2026-05-09 18:10:38,480 | INFO | SPREAD | pair=CHIP/USDC | cex=0.06614/0.06616 | dex_sell=0.0661307 dex_buy=0.0661529 | spread_a=-4.4bps spread_b=-1.9bps | min=30.0bps
2026-05-09 18:10:39,482 | INFO | fetch_order_book: symbol=CHIP/USDC limit=20
2026-05-09 18:10:39,739 | INFO | fetch_order_book: mid=0.06615 spread=3.02bps bids=20 asks=20
2026-05-09 18:10:40,629 | INFO | SPREAD | pair=CHIP/USDC | cex=0.06614/0.06616 | dex_sell=0.0661307 dex_buy=0.0661529 | spread_a=-4.4bps spread_b=-1.9bps | min=30.0bps
2026-05-09 18:10:41,631 | INFO | fetch_order_book: symbol=CHIP/USDC limit=20
2026-05-09 18:10:41,939 | INFO | fetch_order_book: mid=0.06615 spread=3.02bps bids=20 asks=20
2026-05-09 18:10:42,814 | INFO | SPREAD | pair=CHIP/USDC | cex=0.06614/0.06616 | dex_sell=0.0661307 dex_buy=0.0661529 | spread_a=-4.4bps spread_b=-1.9bps | min=30.0bps
2026-05-09 18:10:43,817 | INFO | fetch_order_book: symbol=CHIP/USDC limit=20
2026-05-09 18:10:44,082 | INFO | fetch_order_book: mid=0.06616 spread=6.05bps bids=20 asks=20
2026-05-09 18:10:44,955 | INFO | SPREAD | pair=CHIP/USDC | cex=0.06614/0.06618 | dex_sell=0.0661307 dex_buy=0.0661529 | spread_a=-7.5bps spread_b=-1.9bps | min=30.0bps
2026-05-09 18:10:45,958 | INFO | fetch_order_book: symbol=CHIP/USDC limit=20
2026-05-09 18:10:46,218 | INFO | fetch_order_book: mid=0.06616 spread=6.05bps bids=20 asks=20
2026-05-09 18:10:47,155 | INFO | SPREAD | pair=CHIP/USDC | cex=0.06614/0.06618 | dex_sell=0.0661307 dex_buy=0.0661529 | spread_a=-7.5bps spread_b=-1.9bps | min=30.0bps
2026-05-09 18:10:48,157 | INFO | fetch_order_book: symbol=CHIP/USDC limit=20
2026-05-09 18:10:48,419 | INFO | fetch_order_book: mid=0.06616 spread=6.05bps bids=20 asks=20
2026-05-09 18:10:49,316 | INFO | SPREAD | pair=CHIP/USDC | cex=0.06614/0.06618 | dex_sell=0.0661307 dex_buy=0.0661529 | spread_a=-7.5bps spread_b=-1.9bps | min=30.0bps
2026-05-09 18:10:50,318 | INFO | fetch_order_book: symbol=CHIP/USDC limit=20
2026-05-09 18:10:50,573 | INFO | fetch_order_book: mid=0.06615 spread=3.02bps bids=20 asks=20
2026-05-09 18:10:51,506 | INFO | SPREAD | pair=CHIP/USDC | cex=0.06614/0.06616 | dex_sell=0.0661307 dex_buy=0.0661529 | spread_a=-4.4bps spread_b=-1.9bps | min=30.0bps
2026-05-09 18:10:52,508 | INFO | fetch_order_book: symbol=CHIP/USDC limit=20
2026-05-09 18:10:52,763 | INFO | fetch_order_book: mid=0.06615 spread=3.02bps bids=20 asks=20
2026-05-09 18:10:53,619 | INFO | SPREAD | pair=CHIP/USDC | cex=0.06614/0.06616 | dex_sell=0.0661307 dex_buy=0.0661529 | spread_a=-4.4bps spread_b=-1.9bps | min=30.0bps
2026-05-09 18:10:54,621 | INFO | fetch_order_book: symbol=CHIP/USDC limit=20
2026-05-09 18:10:54,880 | INFO | fetch_order_book: mid=0.06615 spread=3.02bps bids=20 asks=20
2026-05-09 18:10:55,769 | INFO | SPREAD | pair=CHIP/USDC | cex=0.06614/0.06616 | dex_sell=0.0661307 dex_buy=0.0661529 | spread_a=-4.4bps spread_b=-1.9bps | min=30.0bps
2026-05-09 18:10:56,772 | INFO | fetch_order_book: symbol=CHIP/USDC limit=20
2026-05-09 18:10:57,037 | INFO | fetch_order_book: mid=0.066105 spread=1.51bps bids=20 asks=20
2026-05-09 18:10:57,887 | INFO | SPREAD | pair=CHIP/USDC | cex=0.0661/0.06611 | dex_sell=0.0660902 dex_buy=0.0661124 | spread_a=-3.0bps spread_b=-1.9bps | min=30.0bps
2026-05-09 18:10:58,890 | INFO | fetch_order_book: symbol=CHIP/USDC limit=20
2026-05-09 18:10:59,627 | INFO | fetch_order_book: mid=0.066095 spread=1.51bps bids=20 asks=20
2026-05-09 18:11:00,592 | INFO | SPREAD | pair=CHIP/USDC | cex=0.06609/0.0661 | dex_sell=0.0660902 dex_buy=0.0661124 | spread_a=-1.5bps spread_b=-3.4bps | min=30.0bps
2026-05-09 18:11:01,594 | INFO | fetch_order_book: symbol=CHIP/USDC limit=20
2026-05-09 18:11:01,953 | INFO | fetch_order_book: mid=0.06611 spread=3.03bps bids=20 asks=20
2026-05-09 18:11:02,881 | INFO | SPREAD | pair=CHIP/USDC | cex=0.0661/0.06612 | dex_sell=0.0660902 dex_buy=0.0661124 | spread_a=-4.5bps spread_b=-1.9bps | min=30.0bps
2026-05-09 18:11:03,883 | INFO | fetch_order_book: symbol=CHIP/USDC limit=20
2026-05-09 18:11:04,229 | INFO | fetch_order_book: mid=0.06611 spread=3.03bps bids=20 asks=20
2026-05-09 18:11:05,063 | INFO | SPREAD | pair=CHIP/USDC | cex=0.0661/0.06612 | dex_sell=0.0660902 dex_buy=0.0661124 | spread_a=-4.5bps spread_b=-1.9bps | min=30.0bps
2026-05-09 18:11:06,065 | INFO | fetch_order_book: symbol=CHIP/USDC limit=20
2026-05-09 18:11:06,320 | INFO | fetch_order_book: mid=0.06611 spread=3.03bps bids=20 asks=20
2026-05-09 18:11:07,139 | INFO | SPREAD | pair=CHIP/USDC | cex=0.0661/0.06612 | dex_sell=0.0660902 dex_buy=0.0661124 | spread_a=-4.5bps spread_b=-1.9bps | min=30.0bps
2026-05-09 18:11:08,142 | INFO | fetch_order_book: symbol=CHIP/USDC limit=20
2026-05-09 18:11:08,399 | INFO | fetch_order_book: mid=0.06611 spread=3.03bps bids=20 asks=20
2026-05-09 18:11:09,280 | INFO | SPREAD | pair=CHIP/USDC | cex=0.0661/0.06612 | dex_sell=0.0660902 dex_buy=0.0661124 | spread_a=-4.5bps spread_b=-1.9bps | min=30.0bps
2026-05-09 18:11:10,283 | INFO | fetch_order_book: symbol=CHIP/USDC limit=20
2026-05-09 18:11:10,560 | INFO | fetch_order_book: mid=0.06619 spread=3.02bps bids=20 asks=20
2026-05-09 18:11:11,437 | INFO | SPREAD | pair=CHIP/USDC | cex=0.06618/0.0662 | dex_sell=0.0661264 dex_buy=0.0661486 | spread_a=-11.1bps spread_b=4.7bps | min=30.0bps
2026-05-09 18:11:12,440 | INFO | fetch_order_book: symbol=CHIP/USDC limit=20
2026-05-09 18:11:12,760 | INFO | fetch_order_book: mid=0.066225 spread=1.51bps bids=20 asks=20
2026-05-09 18:11:13,627 | INFO | SPREAD | pair=CHIP/USDC | cex=0.06622/0.06623 | dex_sell=0.0661264 dex_buy=0.0661486 | spread_a=-15.6bps spread_b=10.8bps | min=30.0bps
2026-05-09 18:11:14,631 | INFO | fetch_order_book: symbol=CHIP/USDC limit=20
2026-05-09 18:11:15,082 | INFO | fetch_order_book: mid=0.06620 spread=6.04bps bids=20 asks=20
2026-05-09 18:11:15,928 | INFO | SPREAD | pair=CHIP/USDC | cex=0.06618/0.06622 | dex_sell=0.0661264 dex_buy=0.0661486 | spread_a=-14.1bps spread_b=4.7bps | min=30.0bps
2026-05-09 18:11:16,931 | INFO | fetch_order_book: symbol=CHIP/USDC limit=20
2026-05-09 18:11:17,233 | INFO | fetch_order_book: mid=0.06620 spread=6.04bps bids=20 asks=20
2026-05-09 18:11:18,058 | INFO | SPREAD | pair=CHIP/USDC | cex=0.06618/0.06622 | dex_sell=0.0661264 dex_buy=0.0661486 | spread_a=-14.1bps spread_b=4.7bps | min=30.0bps
2026-05-09 18:11:19,062 | INFO | fetch_order_book: symbol=CHIP/USDC limit=20
2026-05-09 18:11:19,328 | INFO | fetch_order_book: mid=0.06621 spread=6.04bps bids=20 asks=20
2026-05-09 18:11:20,169 | INFO | SPREAD | pair=CHIP/USDC | cex=0.06619/0.06623 | dex_sell=0.0661264 dex_buy=0.0661486 | spread_a=-15.6bps spread_b=6.3bps | min=30.0bps
2026-05-09 18:11:21,172 | INFO | fetch_order_book: symbol=CHIP/USDC limit=20
2026-05-09 18:11:21,440 | INFO | fetch_order_book: mid=0.06626 spread=6.04bps bids=20 asks=20
2026-05-09 18:11:22,301 | INFO | SPREAD | pair=CHIP/USDC | cex=0.06624/0.06628 | dex_sell=0.0661264 dex_buy=0.0661529 | spread_a=-23.2bps spread_b=13.2bps | min=30.0bps
2026-05-09 18:11:23,304 | INFO | fetch_order_book: symbol=CHIP/USDC limit=20
2026-05-09 18:11:23,685 | INFO | fetch_order_book: mid=0.066255 spread=7.55bps bids=20 asks=20
2026-05-09 18:11:24,564 | INFO | SPREAD | pair=CHIP/USDC | cex=0.06623/0.06628 | dex_sell=0.0661307 dex_buy=0.0661529 | spread_a=-22.5bps spread_b=11.7bps | min=30.0bps
2026-05-09 18:11:25,568 | INFO | fetch_order_book: symbol=CHIP/USDC limit=20
2026-05-09 18:11:25,936 | INFO | fetch_order_book: mid=0.066285 spread=7.54bps bids=20 asks=20
2026-05-09 18:11:26,792 | INFO | SPREAD | pair=CHIP/USDC | cex=0.06626/0.06631 | dex_sell=0.0661307 dex_buy=0.0662623 | spread_a=-27.0bps spread_b=-0.4bps | min=30.0bps
2026-05-09 18:11:27,795 | INFO | fetch_order_book: symbol=CHIP/USDC limit=20
2026-05-09 18:11:28,088 | INFO | fetch_order_book: mid=0.066345 spread=4.52bps bids=20 asks=20
2026-05-09 18:11:28,948 | INFO | SPREAD | pair=CHIP/USDC | cex=0.06633/0.06636 | dex_sell=0.0662136 dex_buy=0.0662358 | spread_a=-22.1bps spread_b=14.2bps | min=30.0bps
2026-05-09 18:11:29,951 | INFO | fetch_order_book: symbol=CHIP/USDC limit=20
2026-05-09 18:11:30,240 | INFO | fetch_order_book: mid=0.066425 spread=4.52bps bids=20 asks=20
2026-05-09 18:11:31,101 | INFO | SPREAD | pair=CHIP/USDC | cex=0.06641/0.06644 | dex_sell=0.06632 dex_buy=0.0663422 | spread_a=-18.1bps spread_b=10.2bps | min=30.0bps
2026-05-09 18:11:32,105 | INFO | fetch_order_book: symbol=CHIP/USDC limit=20
2026-05-09 18:11:32,368 | INFO | fetch_order_book: mid=0.066375 spread=4.52bps bids=20 asks=20
2026-05-09 18:11:33,227 | INFO | SPREAD | pair=CHIP/USDC | cex=0.06636/0.06639 | dex_sell=0.06632 dex_buy=0.0663422 | spread_a=-10.6bps spread_b=2.7bps | min=30.0bps
2026-05-09 18:11:34,231 | INFO | fetch_order_book: symbol=CHIP/USDC limit=20
2026-05-09 18:11:34,489 | INFO | fetch_order_book: mid=0.06639 spread=6.03bps bids=20 asks=20
2026-05-09 18:11:35,472 | INFO | SPREAD | pair=CHIP/USDC | cex=0.06637/0.06641 | dex_sell=0.06632 dex_buy=0.0661435 | spread_a=-13.6bps spread_b=34.2bps | min=30.0bps
2026-05-09 18:11:35,473 | INFO | SIGNAL | GENERATED | pair=CHIP/USDC | direction=buy_dex_sell_cex | size=130.0000 | spread=34.2bps | expected_pnl=$-0.10
2026-05-09 18:11:35,474 | INFO | Signal: CHIP/USDC spread=34.2bps score=40.4
2026-05-09 18:11:35,474 | INFO | SIGNAL | EXECUTED | pair=CHIP/USDC | direction=buy_dex_sell_cex | size=130.0000 | spread=34.2bps | expected_pnl=$-0.10
2026-05-09 18:11:35,474 | WARNING | LIVE CEX ORDER: sell 130 CHIP/USDC @ 0.06603815
2026-05-09 18:11:35,475 | INFO | create_limit_ioc_order: symbol=CHIP/USDC side=sell amount=130.0 price=0.06603815
2026-05-09 18:11:35,735 | ERROR | create_limit_ioc_order network error: binance {"code":-2015,"msg":"Invalid API-key, IP, or permissions for action."}
2026-05-09 18:11:35,736 | WARNING | FAILED: Unexpected error: binance {"code":-2015,"msg":"Invalid API-key, IP, or permissions for action."}
2026-05-09 18:11:37,198 | INFO | Wallet balances: {'ETH': 0.000983022193632, 'CHIP': 369.52753870437886, 'USDC': 29.9}
2026-05-09 18:11:39,368 | INFO | fetch_order_book: symbol=CHIP/USDC limit=20
2026-05-09 18:11:39,622 | INFO | fetch_order_book: mid=0.06641 spread=6.02bps bids=20 asks=20
2026-05-09 18:11:40,469 | INFO | SPREAD | pair=CHIP/USDC | cex=0.06639/0.06643 | dex_sell=0.0663279 dex_buy=0.0663502 | spread_a=-15.4bps spread_b=6.0bps | min=30.0bps
2026-05-09 18:11:41,473 | INFO | fetch_order_book: symbol=CHIP/USDC limit=20
2026-05-09 18:11:41,736 | INFO | fetch_order_book: mid=0.066425 spread=4.52bps bids=20 asks=20
2026-05-09 18:11:42,630 | INFO | SPREAD | pair=CHIP/USDC | cex=0.06641/0.06644 | dex_sell=0.0663279 dex_buy=0.0663502 | spread_a=-16.9bps spread_b=9.0bps | min=30.0bps
2026-05-09 18:11:43,634 | INFO | fetch_order_book: symbol=CHIP/USDC limit=20
2026-05-09 18:11:43,892 | INFO | fetch_order_book: mid=0.066435 spread=4.52bps bids=20 asks=20
2026-05-09 18:11:44,893 | INFO | SPREAD | pair=CHIP/USDC | cex=0.06642/0.06645 | dex_sell=0.0663279 dex_buy=0.0663502 | spread_a=-18.4bps spread_b=10.5bps | min=30.0bps
2026-05-09 18:11:45,896 | INFO | fetch_order_book: symbol=CHIP/USDC limit=20
2026-05-09 18:11:46,153 | INFO | fetch_order_book: mid=0.06641 spread=6.02bps bids=20 asks=20
2026-05-09 18:11:46,958 | INFO | SPREAD | pair=CHIP/USDC | cex=0.06639/0.06643 | dex_sell=0.0663279 dex_buy=0.0663502 | spread_a=-15.4bps spread_b=6.0bps | min=30.0bps
2026-05-09 18:11:47,962 | INFO | fetch_order_book: symbol=CHIP/USDC limit=20
2026-05-09 18:11:48,265 | INFO | fetch_order_book: mid=0.06641 spread=6.02bps bids=20 asks=20
2026-05-09 18:11:49,134 | INFO | SPREAD | pair=CHIP/USDC | cex=0.06639/0.06643 | dex_sell=0.0663279 dex_buy=0.0663502 | spread_a=-15.4bps spread_b=6.0bps | min=30.0bps
2026-05-09 18:11:50,137 | INFO | fetch_order_book: symbol=CHIP/USDC limit=20
2026-05-09 18:11:50,399 | INFO | fetch_order_book: mid=0.066395 spread=7.53bps bids=20 asks=20
2026-05-09 18:11:51,258 | INFO | SPREAD | pair=CHIP/USDC | cex=0.06637/0.06642 | dex_sell=0.0663279 dex_buy=0.0663502 | spread_a=-13.9bps spread_b=3.0bps | min=30.0bps
2026-05-09 18:11:52,261 | INFO | fetch_order_book: symbol=CHIP/USDC limit=20
2026-05-09 18:11:52,515 | INFO | fetch_order_book: mid=0.06641 spread=6.02bps bids=20 asks=20
2026-05-09 18:11:53,352 | INFO | SPREAD | pair=CHIP/USDC | cex=0.06639/0.06643 | dex_sell=0.0663279 dex_buy=0.0663502 | spread_a=-15.4bps spread_b=6.0bps | min=30.0bps
2026-05-09 18:11:54,355 | INFO | fetch_order_book: symbol=CHIP/USDC limit=20
2026-05-09 18:11:54,711 | INFO | fetch_order_book: mid=0.066395 spread=7.53bps bids=20 asks=20
2026-05-09 18:11:55,551 | INFO | SPREAD | pair=CHIP/USDC | cex=0.06637/0.06642 | dex_sell=0.0663279 dex_buy=0.0663502 | spread_a=-13.9bps spread_b=3.0bps | min=30.0bps
2026-05-09 18:11:56,554 | INFO | fetch_order_book: symbol=CHIP/USDC limit=20
2026-05-09 18:11:56,861 | INFO | fetch_order_book: mid=0.066395 spread=7.53bps bids=20 asks=20
2026-05-09 18:11:57,719 | INFO | SPREAD | pair=CHIP/USDC | cex=0.06637/0.06642 | dex_sell=0.0663279 dex_buy=0.0663502 | spread_a=-13.9bps spread_b=3.0bps | min=30.0bps
2026-05-09 18:11:58,722 | INFO | fetch_order_book: symbol=CHIP/USDC limit=20
2026-05-09 18:11:59,219 | INFO | fetch_order_book: mid=0.066395 spread=7.53bps bids=20 asks=20
2026-05-09 18:12:00,034 | INFO | SPREAD | pair=CHIP/USDC | cex=0.06637/0.06642 | dex_sell=0.0663279 dex_buy=0.0663502 | spread_a=-13.9bps spread_b=3.0bps | min=30.0bps
2026-05-09 18:12:01,038 | INFO | fetch_order_book: symbol=CHIP/USDC limit=20
2026-05-09 18:12:01,469 | INFO | fetch_order_book: mid=0.06640 spread=6.02bps bids=20 asks=20
2026-05-09 18:12:02,378 | INFO | SPREAD | pair=CHIP/USDC | cex=0.06638/0.06642 | dex_sell=0.0663279 dex_buy=0.0663502 | spread_a=-13.9bps spread_b=4.5bps | min=30.0bps
2026-05-09 18:12:03,382 | INFO | fetch_order_book: symbol=CHIP/USDC limit=20
2026-05-09 18:12:03,649 | INFO | fetch_order_book: mid=0.066365 spread=7.53bps bids=20 asks=20
2026-05-09 18:12:04,496 | INFO | SPREAD | pair=CHIP/USDC | cex=0.06634/0.06639 | dex_sell=0.0663279 dex_buy=0.0663502 | spread_a=-9.4bps spread_b=-1.5bps | min=30.0bps
2026-05-09 18:12:05,500 | INFO | fetch_order_book: symbol=CHIP/USDC limit=20
2026-05-09 18:12:05,755 | INFO | fetch_order_book: mid=0.06636 spread=6.03bps bids=20 asks=20
2026-05-09 18:12:06,623 | INFO | SPREAD | pair=CHIP/USDC | cex=0.06634/0.06638 | dex_sell=0.0663279 dex_buy=0.0663502 | spread_a=-7.8bps spread_b=-1.5bps | min=30.0bps
2026-05-09 18:12:07,627 | INFO | fetch_order_book: symbol=CHIP/USDC limit=20
2026-05-09 18:12:07,888 | INFO | fetch_order_book: mid=0.06637 spread=6.03bps bids=20 asks=20
2026-05-09 18:12:08,783 | INFO | SPREAD | pair=CHIP/USDC | cex=0.06635/0.06639 | dex_sell=0.0663279 dex_buy=0.0663502 | spread_a=-9.4bps spread_b=-0.0bps | min=30.0bps
2026-05-09 18:12:09,787 | INFO | fetch_order_book: symbol=CHIP/USDC limit=20
2026-05-09 18:12:10,174 | INFO | fetch_order_book: mid=0.06637 spread=6.03bps bids=20 asks=20
2026-05-09 18:12:11,010 | INFO | SPREAD | pair=CHIP/USDC | cex=0.06635/0.06639 | dex_sell=0.0663279 dex_buy=0.0663502 | spread_a=-9.4bps spread_b=-0.0bps | min=30.0bps
2026-05-09 18:12:12,013 | INFO | fetch_order_book: symbol=CHIP/USDC limit=20
2026-05-09 18:12:12,326 | INFO | fetch_order_book: mid=0.06636 spread=6.03bps bids=20 asks=20
2026-05-09 18:12:13,165 | INFO | SPREAD | pair=CHIP/USDC | cex=0.06634/0.06638 | dex_sell=0.0663279 dex_buy=0.0663502 | spread_a=-7.8bps spread_b=-1.5bps | min=30.0bps
2026-05-09 18:12:14,168 | INFO | fetch_order_book: symbol=CHIP/USDC limit=20
2026-05-09 18:12:14,426 | INFO | fetch_order_book: mid=0.06636 spread=6.03bps bids=20 asks=20
2026-05-09 18:12:15,327 | INFO | SPREAD | pair=CHIP/USDC | cex=0.06634/0.06638 | dex_sell=0.0663279 dex_buy=0.0663502 | spread_a=-7.8bps spread_b=-1.5bps | min=30.0bps
2026-05-09 18:12:16,331 | INFO | fetch_order_book: symbol=CHIP/USDC limit=20
2026-05-09 18:12:16,594 | INFO | fetch_order_book: mid=0.066355 spread=7.54bps bids=20 asks=20
2026-05-09 18:12:17,454 | INFO | SPREAD | pair=CHIP/USDC | cex=0.06633/0.06638 | dex_sell=0.0663279 dex_buy=0.0663502 | spread_a=-7.8bps spread_b=-3.0bps | min=30.0bps
2026-05-09 18:12:18,458 | INFO | fetch_order_book: symbol=CHIP/USDC limit=20
2026-05-09 18:12:18,714 | INFO | fetch_order_book: mid=0.066355 spread=7.54bps bids=20 asks=20
2026-05-09 18:12:19,617 | INFO | SPREAD | pair=CHIP/USDC | cex=0.06633/0.06638 | dex_sell=0.0663279 dex_buy=0.0663502 | spread_a=-7.8bps spread_b=-3.0bps | min=30.0bps
2026-05-09 18:12:20,621 | INFO | fetch_order_book: symbol=CHIP/USDC limit=20
2026-05-09 18:12:20,876 | INFO | fetch_order_book: mid=0.06638 spread=6.03bps bids=20 asks=20
2026-05-09 18:12:21,691 | INFO | SPREAD | pair=CHIP/USDC | cex=0.06636/0.0664 | dex_sell=0.0663279 dex_buy=0.0663502 | spread_a=-10.9bps spread_b=1.5bps | min=30.0bps
2026-05-09 18:12:22,694 | INFO | fetch_order_book: symbol=CHIP/USDC limit=20
2026-05-09 18:12:23,031 | INFO | fetch_order_book: mid=0.066385 spread=4.52bps bids=20 asks=20
2026-05-09 18:12:23,953 | INFO | SPREAD | pair=CHIP/USDC | cex=0.06637/0.0664 | dex_sell=0.0663279 dex_buy=0.0663502 | spread_a=-10.9bps spread_b=3.0bps | min=30.0bps
2026-05-09 18:12:24,956 | INFO | fetch_order_book: symbol=CHIP/USDC limit=20
2026-05-09 18:12:25,222 | INFO | fetch_order_book: mid=0.066385 spread=4.52bps bids=20 asks=20
2026-05-09 18:12:26,088 | INFO | SPREAD | pair=CHIP/USDC | cex=0.06637/0.0664 | dex_sell=0.0663279 dex_buy=0.0663502 | spread_a=-10.9bps spread_b=3.0bps | min=30.0bps
2026-05-09 18:12:27,090 | INFO | fetch_order_book: symbol=CHIP/USDC limit=20
2026-05-09 18:12:27,352 | INFO | fetch_order_book: mid=0.06641 spread=6.02bps bids=20 asks=20
2026-05-09 18:12:28,180 | INFO | SPREAD | pair=CHIP/USDC | cex=0.06639/0.06643 | dex_sell=0.0663279 dex_buy=0.0663502 | spread_a=-15.4bps spread_b=6.0bps | min=30.0bps
2026-05-09 18:12:29,184 | INFO | fetch_order_book: symbol=CHIP/USDC limit=20
2026-05-09 18:12:29,530 | INFO | fetch_order_book: mid=0.066375 spread=7.53bps bids=20 asks=20
2026-05-09 18:12:30,437 | INFO | SPREAD | pair=CHIP/USDC | cex=0.06635/0.0664 | dex_sell=0.0663279 dex_buy=0.0663502 | spread_a=-10.9bps spread_b=-0.0bps | min=30.0bps
2026-05-09 18:12:31,440 | INFO | fetch_order_book: symbol=CHIP/USDC limit=20
2026-05-09 18:12:31,697 | INFO | fetch_order_book: mid=0.06638 spread=6.03bps bids=20 asks=20
2026-05-09 18:12:32,501 | INFO | SPREAD | pair=CHIP/USDC | cex=0.06636/0.0664 | dex_sell=0.0663279 dex_buy=0.0663502 | spread_a=-10.9bps spread_b=1.5bps | min=30.0bps
2026-05-09 18:12:33,504 | INFO | fetch_order_book: symbol=CHIP/USDC limit=20
2026-05-09 18:12:33,832 | INFO | fetch_order_book: mid=0.06637 spread=9.04bps bids=20 asks=20
2026-05-09 18:12:34,682 | INFO | SPREAD | pair=CHIP/USDC | cex=0.06634/0.0664 | dex_sell=0.0663279 dex_buy=0.0663502 | spread_a=-10.9bps spread_b=-1.5bps | min=30.0bps
2026-05-09 18:12:35,686 | INFO | fetch_order_book: symbol=CHIP/USDC limit=20
2026-05-09 18:12:35,977 | INFO | fetch_order_book: mid=0.066355 spread=4.52bps bids=20 asks=20
2026-05-09 18:12:36,857 | INFO | SPREAD | pair=CHIP/USDC | cex=0.06634/0.06637 | dex_sell=0.0663279 dex_buy=0.0663502 | spread_a=-6.3bps spread_b=-1.5bps | min=30.0bps
2026-05-09 18:12:37,860 | INFO | fetch_order_book: symbol=CHIP/USDC limit=20
2026-05-09 18:12:38,236 | INFO | fetch_order_book: mid=0.066375 spread=7.53bps bids=20 asks=20
2026-05-09 18:12:39,099 | INFO | SPREAD | pair=CHIP/USDC | cex=0.06635/0.0664 | dex_sell=0.0663279 dex_buy=0.0663502 | spread_a=-10.9bps spread_b=-0.0bps | min=30.0bps
2026-05-09 18:12:40,103 | INFO | fetch_order_book: symbol=CHIP/USDC limit=20
2026-05-09 18:12:40,363 | INFO | fetch_order_book: mid=0.066365 spread=4.52bps bids=20 asks=20
2026-05-09 18:12:41,258 | INFO | SPREAD | pair=CHIP/USDC | cex=0.06635/0.06638 | dex_sell=0.0663279 dex_buy=0.0663502 | spread_a=-7.8bps spread_b=-0.0bps | min=30.0bps
2026-05-09 18:12:42,260 | INFO | fetch_order_book: symbol=CHIP/USDC limit=20
2026-05-09 18:12:42,526 | INFO | fetch_order_book: mid=0.066355 spread=4.52bps bids=20 asks=20
2026-05-09 18:12:43,353 | INFO | SPREAD | pair=CHIP/USDC | cex=0.06634/0.06637 | dex_sell=0.0663279 dex_buy=0.0663502 | spread_a=-6.3bps spread_b=-1.5bps | min=30.0bps
2026-05-09 18:12:44,356 | INFO | fetch_order_book: symbol=CHIP/USDC limit=20
2026-05-09 18:12:44,619 | INFO | fetch_order_book: mid=0.06633 spread=3.02bps bids=20 asks=20
2026-05-09 18:12:45,453 | INFO | SPREAD | pair=CHIP/USDC | cex=0.06632/0.06634 | dex_sell=0.0663279 dex_buy=0.0663502 | spread_a=-1.8bps spread_b=-4.5bps | min=30.0bps
2026-05-09 18:12:46,457 | INFO | fetch_order_book: symbol=CHIP/USDC limit=20
2026-05-09 18:12:46,940 | INFO | fetch_order_book: mid=0.066335 spread=4.52bps bids=20 asks=20
2026-05-09 18:12:47,799 | INFO | SPREAD | pair=CHIP/USDC | cex=0.06632/0.06635 | dex_sell=0.0663279 dex_buy=0.0663502 | spread_a=-3.3bps spread_b=-4.5bps | min=30.0bps
2026-05-09 18:12:48,803 | INFO | fetch_order_book: symbol=CHIP/USDC limit=20
2026-05-09 18:12:49,058 | INFO | fetch_order_book: mid=0.066335 spread=4.52bps bids=20 asks=20
2026-05-09 18:12:49,955 | INFO | SPREAD | pair=CHIP/USDC | cex=0.06632/0.06635 | dex_sell=0.0663279 dex_buy=0.0663502 | spread_a=-3.3bps spread_b=-4.5bps | min=30.0bps
2026-05-09 18:12:50,957 | INFO | fetch_order_book: symbol=CHIP/USDC limit=20
2026-05-09 18:12:51,220 | INFO | fetch_order_book: mid=0.066335 spread=4.52bps bids=20 asks=20
2026-05-09 18:12:52,117 | INFO | SPREAD | pair=CHIP/USDC | cex=0.06632/0.06635 | dex_sell=0.0663279 dex_buy=0.0663502 | spread_a=-3.3bps spread_b=-4.5bps | min=30.0bps
2026-05-09 18:12:53,121 | INFO | fetch_order_book: symbol=CHIP/USDC limit=20
2026-05-09 18:12:53,441 | INFO | fetch_order_book: mid=0.06634 spread=6.03bps bids=20 asks=20
2026-05-09 18:12:54,356 | INFO | SPREAD | pair=CHIP/USDC | cex=0.06632/0.06636 | dex_sell=0.0663279 dex_buy=0.0663502 | spread_a=-4.8bps spread_b=-4.5bps | min=30.0bps
2026-05-09 18:12:55,359 | INFO | fetch_order_book: symbol=CHIP/USDC limit=20
2026-05-09 18:12:55,617 | INFO | fetch_order_book: mid=0.066345 spread=4.52bps bids=20 asks=20
2026-05-09 18:12:56,480 | INFO | SPREAD | pair=CHIP/USDC | cex=0.06633/0.06636 | dex_sell=0.0663279 dex_buy=0.0663502 | spread_a=-4.8bps spread_b=-3.0bps | min=30.0bps
2026-05-09 18:12:57,484 | INFO | fetch_order_book: symbol=CHIP/USDC limit=20
2026-05-09 18:12:57,748 | INFO | fetch_order_book: mid=0.066335 spread=4.52bps bids=20 asks=20
2026-05-09 18:12:58,651 | INFO | SPREAD | pair=CHIP/USDC | cex=0.06632/0.06635 | dex_sell=0.0663279 dex_buy=0.0663502 | spread_a=-3.3bps spread_b=-4.5bps | min=30.0bps
2026-05-09 18:12:59,654 | INFO | fetch_order_book: symbol=CHIP/USDC limit=20
2026-05-09 18:12:59,940 | INFO | fetch_order_book: mid=0.06634 spread=6.03bps bids=20 asks=20
2026-05-09 18:13:00,846 | INFO | SPREAD | pair=CHIP/USDC | cex=0.06632/0.06636 | dex_sell=0.0663279 dex_buy=0.0663502 | spread_a=-4.8bps spread_b=-4.5bps | min=30.0bps
2026-05-09 18:13:01,849 | INFO | fetch_order_book: symbol=CHIP/USDC limit=20
2026-05-09 18:13:02,195 | INFO | fetch_order_book: mid=0.06637 spread=6.03bps bids=20 asks=20
2026-05-09 18:13:03,116 | INFO | SPREAD | pair=CHIP/USDC | cex=0.06635/0.06639 | dex_sell=0.0663279 dex_buy=0.0663502 | spread_a=-9.4bps spread_b=-0.0bps | min=30.0bps
2026-05-09 18:13:04,119 | INFO | fetch_order_book: symbol=CHIP/USDC limit=20
2026-05-09 18:13:04,377 | INFO | fetch_order_book: mid=0.06636 spread=6.03bps bids=20 asks=20
2026-05-09 18:13:05,236 | INFO | SPREAD | pair=CHIP/USDC | cex=0.06634/0.06638 | dex_sell=0.0663279 dex_buy=0.0663502 | spread_a=-7.8bps spread_b=-1.5bps | min=30.0bps
2026-05-09 18:13:06,239 | INFO | fetch_order_book: symbol=CHIP/USDC limit=20
2026-05-09 18:13:06,597 | INFO | fetch_order_book: mid=0.06636 spread=6.03bps bids=20 asks=20
2026-05-09 18:13:06,801 | INFO | Update id=722885991 is handled. Duration 129 ms by bot id=8642945117
2026-05-09 18:13:06,801 | WARNING | Received SIGTERM — shutting down.
2026-05-09 18:13:06,801 | INFO | Polling stopped
2026-05-09 18:13:06,802 | ERROR | Failed to fetch updates - TelegramNetworkError: HTTP Client says - ServerDisconnectedError: Server disconnected
2026-05-09 18:13:06,802 | WARNING | Sleep for 1.000000 seconds and try again... (tryings = 0, bot id = 8642945117)
2026-05-09 18:13:07,325 | INFO | Bot stopped.
2026-05-09 18:13:07,326 | INFO | Polling stopped for bot @arb_bot_peanutbot id=8642945117 - 'arb_bot_peanut'
2026-05-09 18:13:07,459 | INFO | SPREAD | pair=CHIP/USDC | cex=0.06634/0.06638 | dex_sell=0.0663279 dex_buy=0.0663502 | spread_a=-7.8bps spread_b=-1.5bps | min=30.0bps
