2026-05-10 22:10:58,632 | INFO | Logging to file: logs/bot_20260510_221058.log
2026-05-10 22:10:58,632 | INFO | Loading config: configs/chip_observe.yaml
2026-05-10 22:10:59,221 | INFO | Rate limits loaded from exchangeInfo: 6000 weight / 60s
2026-05-10 22:10:59,230 | INFO | Checking exchange connection...
2026-05-10 22:10:59,540 | INFO | Connected to exchange. Server time: 1778443859416
2026-05-10 22:10:59,560 | INFO | DEX engine: Uniswap V3 (fee_tier=100)
2026-05-10 22:10:59,567 | INFO | TxBuilder wired: address=0x84b7346c733Daa8c189e1f31d574087971e5cD7a dex=v3 fee_tier=100
2026-05-10 22:10:59,576 | WARNING | ⚠️  PRODUCTION MODE — REAL MONEY ⚠️
2026-05-10 22:10:59,576 | INFO | Bot starting | pairs=['CHIP/USDC'] | risk={'capital': '100', 'peak': '100', 'daily_pnl': '0', 'drawdown': '0.0%', 'consec_loss': 0, 'tph': 0}
2026-05-10 22:11:03,668 | INFO | API key is IP-whitelisted — no expiration.
2026-05-10 22:11:05,075 | INFO | Wallet balances: {'ETH': 0.000983022193632, 'CHIP': 369.52753870437886, 'USDC': 29.9}
2026-05-10 22:11:05,256 | INFO | fetch_order_book: symbol=CHIP/USDC limit=20
2026-05-10 22:11:05,256 | INFO | Start polling
2026-05-10 22:11:05,288 | INFO | Run polling for bot @arb_bot_peanutbot id=8642945117 - 'arb_bot_peanut'
2026-05-10 22:11:05,511 | INFO | fetch_order_book: mid=0.065475 spread=7.64bps bids=20 asks=20
2026-05-10 22:11:06,461 | INFO | SPREAD | pair=CHIP/USDC | cex=0.06545/0.0655 | dex_sell=0.0654566 dex_buy=0.0654754 | spread_a=-6.6bps spread_b=-3.9bps | min=30.0bps
2026-05-10 22:11:07,463 | INFO | fetch_order_book: symbol=CHIP/USDC limit=20
2026-05-10 22:11:07,721 | INFO | fetch_order_book: mid=0.06549 spread=6.11bps bids=20 asks=20
2026-05-10 22:11:08,629 | INFO | SPREAD | pair=CHIP/USDC | cex=0.06547/0.06551 | dex_sell=0.0654566 dex_buy=0.0654754 | spread_a=-8.2bps spread_b=-0.8bps | min=30.0bps
2026-05-10 22:11:09,632 | INFO | fetch_order_book: symbol=CHIP/USDC limit=20
2026-05-10 22:11:09,890 | INFO | fetch_order_book: mid=0.06549 spread=6.11bps bids=20 asks=20
2026-05-10 22:11:10,864 | INFO | SPREAD | pair=CHIP/USDC | cex=0.06547/0.06551 | dex_sell=0.0654566 dex_buy=0.0654754 | spread_a=-8.2bps spread_b=-0.8bps | min=30.0bps
2026-05-10 22:11:11,866 | INFO | fetch_order_book: symbol=CHIP/USDC limit=20
2026-05-10 22:11:12,124 | INFO | fetch_order_book: mid=0.065475 spread=7.64bps bids=20 asks=20
2026-05-10 22:11:13,052 | INFO | SPREAD | pair=CHIP/USDC | cex=0.06545/0.0655 | dex_sell=0.0654566 dex_buy=0.0654754 | spread_a=-6.6bps spread_b=-3.9bps | min=30.0bps
2026-05-10 22:11:14,054 | INFO | fetch_order_book: symbol=CHIP/USDC limit=20
2026-05-10 22:11:14,316 | INFO | fetch_order_book: mid=0.065465 spread=4.58bps bids=20 asks=20
2026-05-10 22:11:15,259 | INFO | SPREAD | pair=CHIP/USDC | cex=0.06545/0.06548 | dex_sell=0.0654566 dex_buy=0.0654754 | spread_a=-3.6bps spread_b=-3.9bps | min=30.0bps
2026-05-10 22:11:16,261 | INFO | fetch_order_book: symbol=CHIP/USDC limit=20
2026-05-10 22:11:16,517 | INFO | fetch_order_book: mid=0.06545 spread=3.06bps bids=20 asks=20
2026-05-10 22:11:17,438 | INFO | SPREAD | pair=CHIP/USDC | cex=0.06544/0.06546 | dex_sell=0.0654566 dex_buy=0.0654754 | spread_a=-0.5bps spread_b=-5.4bps | min=30.0bps
2026-05-10 22:11:18,441 | INFO | fetch_order_book: symbol=CHIP/USDC limit=20
2026-05-10 22:11:19,190 | INFO | fetch_order_book: mid=0.065445 spread=1.53bps bids=20 asks=20
2026-05-10 22:11:20,098 | INFO | SPREAD | pair=CHIP/USDC | cex=0.06544/0.06545 | dex_sell=0.0654566 dex_buy=0.0654754 | spread_a=1.0bps spread_b=-5.4bps | min=30.0bps
2026-05-10 22:11:21,100 | INFO | fetch_order_book: symbol=CHIP/USDC limit=20
2026-05-10 22:11:21,357 | INFO | fetch_order_book: mid=0.06543 spread=3.06bps bids=20 asks=20
2026-05-10 22:11:22,286 | INFO | SPREAD | pair=CHIP/USDC | cex=0.06542/0.06544 | dex_sell=0.0654566 dex_buy=0.0654754 | spread_a=2.5bps spread_b=-8.5bps | min=30.0bps
2026-05-10 22:11:23,289 | INFO | fetch_order_book: symbol=CHIP/USDC limit=20
2026-05-10 22:11:23,545 | INFO | fetch_order_book: mid=0.06542 spread=6.11bps bids=20 asks=20
2026-05-10 22:11:24,490 | INFO | SPREAD | pair=CHIP/USDC | cex=0.0654/0.06544 | dex_sell=0.0654066 dex_buy=0.0654254 | spread_a=-5.1bps spread_b=-3.9bps | min=30.0bps
2026-05-10 22:11:25,493 | INFO | fetch_order_book: symbol=CHIP/USDC limit=20
2026-05-10 22:11:25,748 | INFO | fetch_order_book: mid=0.06545 spread=6.11bps bids=20 asks=20
2026-05-10 22:11:26,676 | INFO | SPREAD | pair=CHIP/USDC | cex=0.06543/0.06547 | dex_sell=0.0654066 dex_buy=0.0654515 | spread_a=-9.7bps spread_b=-3.3bps | min=30.0bps
2026-05-10 22:11:27,678 | INFO | fetch_order_book: symbol=CHIP/USDC limit=20
2026-05-10 22:11:27,941 | INFO | fetch_order_book: mid=0.06543 spread=6.11bps bids=20 asks=20
2026-05-10 22:11:28,868 | INFO | SPREAD | pair=CHIP/USDC | cex=0.06541/0.06545 | dex_sell=0.0654327 dex_buy=0.0654515 | spread_a=-2.6bps spread_b=-6.3bps | min=30.0bps
2026-05-10 22:11:29,870 | INFO | fetch_order_book: symbol=CHIP/USDC limit=20
2026-05-10 22:11:30,125 | INFO | fetch_order_book: mid=0.06545 spread=6.11bps bids=20 asks=20
2026-05-10 22:11:31,021 | INFO | SPREAD | pair=CHIP/USDC | cex=0.06543/0.06547 | dex_sell=0.0654327 dex_buy=0.0654515 | spread_a=-5.7bps spread_b=-3.3bps | min=30.0bps
2026-05-10 22:11:32,024 | INFO | fetch_order_book: symbol=CHIP/USDC limit=20
2026-05-10 22:11:32,280 | INFO | fetch_order_book: mid=0.06544 spread=6.11bps bids=20 asks=20
2026-05-10 22:11:33,202 | INFO | SPREAD | pair=CHIP/USDC | cex=0.06542/0.06546 | dex_sell=0.0654327 dex_buy=0.0654515 | spread_a=-4.2bps spread_b=-4.8bps | min=30.0bps
2026-05-10 22:11:34,204 | INFO | fetch_order_book: symbol=CHIP/USDC limit=20
2026-05-10 22:11:34,463 | INFO | fetch_order_book: mid=0.06544 spread=6.11bps bids=20 asks=20
2026-05-10 22:11:35,378 | INFO | SPREAD | pair=CHIP/USDC | cex=0.06542/0.06546 | dex_sell=0.0654327 dex_buy=0.0654515 | spread_a=-4.2bps spread_b=-4.8bps | min=30.0bps
2026-05-10 22:11:36,380 | INFO | fetch_order_book: symbol=CHIP/USDC limit=20
2026-05-10 22:11:36,635 | INFO | fetch_order_book: mid=0.06544 spread=6.11bps bids=20 asks=20
2026-05-10 22:11:37,609 | INFO | SPREAD | pair=CHIP/USDC | cex=0.06542/0.06546 | dex_sell=0.0654327 dex_buy=0.0654515 | spread_a=-4.2bps spread_b=-4.8bps | min=30.0bps
2026-05-10 22:11:38,611 | INFO | fetch_order_book: symbol=CHIP/USDC limit=20
2026-05-10 22:11:38,868 | INFO | fetch_order_book: mid=0.06543 spread=6.11bps bids=20 asks=20
2026-05-10 22:11:39,817 | INFO | SPREAD | pair=CHIP/USDC | cex=0.06541/0.06545 | dex_sell=0.0654327 dex_buy=0.0654515 | spread_a=-2.6bps spread_b=-6.3bps | min=30.0bps
2026-05-10 22:11:40,819 | INFO | fetch_order_book: symbol=CHIP/USDC limit=20
2026-05-10 22:11:41,077 | INFO | fetch_order_book: mid=0.065405 spread=4.59bps bids=20 asks=20
2026-05-10 22:11:41,999 | INFO | SPREAD | pair=CHIP/USDC | cex=0.06539/0.06542 | dex_sell=0.0654327 dex_buy=0.0654515 | spread_a=1.9bps spread_b=-9.4bps | min=30.0bps
2026-05-10 22:11:43,002 | INFO | fetch_order_book: symbol=CHIP/USDC limit=20
2026-05-10 22:11:43,260 | INFO | fetch_order_book: mid=0.065405 spread=4.59bps bids=20 asks=20
2026-05-10 22:11:44,237 | INFO | SPREAD | pair=CHIP/USDC | cex=0.06539/0.06542 | dex_sell=0.0654327 dex_buy=0.0654515 | spread_a=1.9bps spread_b=-9.4bps | min=30.0bps
2026-05-10 22:11:45,239 | INFO | fetch_order_book: symbol=CHIP/USDC limit=20
2026-05-10 22:11:45,496 | INFO | fetch_order_book: mid=0.06543 spread=6.11bps bids=20 asks=20
2026-05-10 22:11:46,432 | INFO | SPREAD | pair=CHIP/USDC | cex=0.06541/0.06545 | dex_sell=0.0654327 dex_buy=0.0654515 | spread_a=-2.6bps spread_b=-6.3bps | min=30.0bps
2026-05-10 22:11:47,434 | INFO | fetch_order_book: symbol=CHIP/USDC limit=20
2026-05-10 22:11:47,780 | INFO | fetch_order_book: mid=0.065435 spread=7.64bps bids=20 asks=20
2026-05-10 22:11:48,692 | INFO | SPREAD | pair=CHIP/USDC | cex=0.06541/0.06546 | dex_sell=0.0654327 dex_buy=0.0654515 | spread_a=-4.2bps spread_b=-6.3bps | min=30.0bps
2026-05-10 22:11:49,695 | INFO | fetch_order_book: symbol=CHIP/USDC limit=20
2026-05-10 22:11:49,953 | INFO | fetch_order_book: mid=0.065425 spread=7.64bps bids=20 asks=20
2026-05-10 22:11:50,875 | INFO | SPREAD | pair=CHIP/USDC | cex=0.0654/0.06545 | dex_sell=0.0654327 dex_buy=0.0654515 | spread_a=-2.6bps spread_b=-7.9bps | min=30.0bps
2026-05-10 22:11:51,877 | INFO | fetch_order_book: symbol=CHIP/USDC limit=20
2026-05-10 22:11:52,134 | INFO | fetch_order_book: mid=0.06543 spread=6.11bps bids=20 asks=20
2026-05-10 22:11:53,044 | INFO | SPREAD | pair=CHIP/USDC | cex=0.06541/0.06545 | dex_sell=0.0654327 dex_buy=0.0654515 | spread_a=-2.6bps spread_b=-6.3bps | min=30.0bps
2026-05-10 22:11:54,047 | INFO | fetch_order_book: symbol=CHIP/USDC limit=20
2026-05-10 22:11:54,302 | INFO | fetch_order_book: mid=0.065395 spread=4.59bps bids=20 asks=20
2026-05-10 22:11:55,229 | INFO | SPREAD | pair=CHIP/USDC | cex=0.06538/0.06541 | dex_sell=0.0654066 dex_buy=0.0654254 | spread_a=-0.5bps spread_b=-6.9bps | min=30.0bps
2026-05-10 22:11:56,231 | INFO | fetch_order_book: symbol=CHIP/USDC limit=20
2026-05-10 22:11:56,491 | INFO | fetch_order_book: mid=0.065395 spread=4.59bps bids=20 asks=20
2026-05-10 22:11:57,473 | INFO | SPREAD | pair=CHIP/USDC | cex=0.06538/0.06541 | dex_sell=0.0654066 dex_buy=0.0654254 | spread_a=-0.5bps spread_b=-6.9bps | min=30.0bps
2026-05-10 22:11:58,475 | INFO | fetch_order_book: symbol=CHIP/USDC limit=20
2026-05-10 22:11:58,729 | INFO | fetch_order_book: mid=0.065385 spread=1.53bps bids=20 asks=20
2026-05-10 22:11:59,687 | INFO | SPREAD | pair=CHIP/USDC | cex=0.06538/0.06539 | dex_sell=0.0654066 dex_buy=0.0654254 | spread_a=2.5bps spread_b=-6.9bps | min=30.0bps
2026-05-10 22:12:00,690 | INFO | fetch_order_book: symbol=CHIP/USDC limit=20
2026-05-10 22:12:00,945 | INFO | fetch_order_book: mid=0.065375 spread=4.59bps bids=20 asks=20
2026-05-10 22:12:01,956 | INFO | SPREAD | pair=CHIP/USDC | cex=0.06536/0.06539 | dex_sell=0.0654066 dex_buy=0.0654254 | spread_a=2.5bps spread_b=-10.0bps | min=30.0bps
2026-05-10 22:12:02,958 | INFO | fetch_order_book: symbol=CHIP/USDC limit=20
2026-05-10 22:12:03,221 | INFO | fetch_order_book: mid=0.065375 spread=4.59bps bids=20 asks=20
2026-05-10 22:12:04,188 | INFO | SPREAD | pair=CHIP/USDC | cex=0.06536/0.06539 | dex_sell=0.0653766 dex_buy=0.0653953 | spread_a=-2.1bps spread_b=-5.4bps | min=30.0bps
2026-05-10 22:12:05,190 | INFO | fetch_order_book: symbol=CHIP/USDC limit=20
2026-05-10 22:12:05,501 | INFO | fetch_order_book: mid=0.06537 spread=3.06bps bids=20 asks=20
2026-05-10 22:12:06,406 | INFO | SPREAD | pair=CHIP/USDC | cex=0.06536/0.06538 | dex_sell=0.0653766 dex_buy=0.0653953 | spread_a=-0.5bps spread_b=-5.4bps | min=30.0bps
2026-05-10 22:12:07,409 | INFO | fetch_order_book: symbol=CHIP/USDC limit=20
2026-05-10 22:12:07,662 | INFO | fetch_order_book: mid=0.06537 spread=3.06bps bids=20 asks=20
2026-05-10 22:12:08,636 | INFO | SPREAD | pair=CHIP/USDC | cex=0.06536/0.06538 | dex_sell=0.0653766 dex_buy=0.0653953 | spread_a=-0.5bps spread_b=-5.4bps | min=30.0bps
2026-05-10 22:12:09,637 | INFO | fetch_order_book: symbol=CHIP/USDC limit=20
2026-05-10 22:12:09,898 | INFO | fetch_order_book: mid=0.06537 spread=3.06bps bids=20 asks=20
2026-05-10 22:12:10,819 | INFO | SPREAD | pair=CHIP/USDC | cex=0.06536/0.06538 | dex_sell=0.0653766 dex_buy=0.0653953 | spread_a=-0.5bps spread_b=-5.4bps | min=30.0bps
2026-05-10 22:12:11,821 | INFO | fetch_order_book: symbol=CHIP/USDC limit=20
2026-05-10 22:12:12,077 | INFO | fetch_order_book: mid=0.065365 spread=1.53bps bids=20 asks=20
2026-05-10 22:12:12,978 | INFO | SPREAD | pair=CHIP/USDC | cex=0.06536/0.06537 | dex_sell=0.0653766 dex_buy=0.0653953 | spread_a=1.0bps spread_b=-5.4bps | min=30.0bps
2026-05-10 22:12:13,980 | INFO | fetch_order_book: symbol=CHIP/USDC limit=20
2026-05-10 22:12:14,237 | INFO | fetch_order_book: mid=0.065365 spread=1.53bps bids=20 asks=20
2026-05-10 22:12:15,193 | INFO | SPREAD | pair=CHIP/USDC | cex=0.06536/0.06537 | dex_sell=0.0653766 dex_buy=0.0653953 | spread_a=1.0bps spread_b=-5.4bps | min=30.0bps
2026-05-10 22:12:16,195 | INFO | fetch_order_book: symbol=CHIP/USDC limit=20
2026-05-10 22:12:16,451 | INFO | fetch_order_book: mid=0.06535 spread=3.06bps bids=20 asks=20
2026-05-10 22:12:17,405 | INFO | SPREAD | pair=CHIP/USDC | cex=0.06534/0.06536 | dex_sell=0.0653465 dex_buy=0.0653653 | spread_a=-2.1bps spread_b=-3.9bps | min=30.0bps
2026-05-10 22:12:18,408 | INFO | fetch_order_book: symbol=CHIP/USDC limit=20
2026-05-10 22:12:18,669 | INFO | fetch_order_book: mid=0.065375 spread=4.59bps bids=20 asks=20
2026-05-10 22:12:19,632 | INFO | SPREAD | pair=CHIP/USDC | cex=0.06536/0.06539 | dex_sell=0.0653465 dex_buy=0.0653653 | spread_a=-6.6bps spread_b=-0.8bps | min=30.0bps
2026-05-10 22:12:20,634 | INFO | fetch_order_book: symbol=CHIP/USDC limit=20
2026-05-10 22:12:20,892 | INFO | fetch_order_book: mid=0.06537 spread=6.12bps bids=20 asks=20
2026-05-10 22:12:21,829 | INFO | SPREAD | pair=CHIP/USDC | cex=0.06535/0.06539 | dex_sell=0.0653465 dex_buy=0.0653653 | spread_a=-6.6bps spread_b=-2.3bps | min=30.0bps
2026-05-10 22:12:22,831 | INFO | fetch_order_book: symbol=CHIP/USDC limit=20
2026-05-10 22:12:23,085 | INFO | fetch_order_book: mid=0.065385 spread=4.59bps bids=20 asks=20
2026-05-10 22:12:24,009 | INFO | SPREAD | pair=CHIP/USDC | cex=0.06537/0.0654 | dex_sell=0.0653729 dex_buy=0.0653917 | spread_a=-4.1bps spread_b=-3.3bps | min=30.0bps
2026-05-10 22:12:25,012 | INFO | fetch_order_book: symbol=CHIP/USDC limit=20
2026-05-10 22:12:25,270 | INFO | fetch_order_book: mid=0.06537 spread=6.12bps bids=20 asks=20
2026-05-10 22:12:26,217 | INFO | SPREAD | pair=CHIP/USDC | cex=0.06535/0.06539 | dex_sell=0.0653729 dex_buy=0.0653917 | spread_a=-2.6bps spread_b=-6.4bps | min=30.0bps
2026-05-10 22:12:27,220 | INFO | fetch_order_book: symbol=CHIP/USDC limit=20
2026-05-10 22:12:27,479 | INFO | fetch_order_book: mid=0.06537 spread=6.12bps bids=20 asks=20
2026-05-10 22:12:28,401 | INFO | SPREAD | pair=CHIP/USDC | cex=0.06535/0.06539 | dex_sell=0.0653729 dex_buy=0.0653917 | spread_a=-2.6bps spread_b=-6.4bps | min=30.0bps
2026-05-10 22:12:29,403 | INFO | fetch_order_book: symbol=CHIP/USDC limit=20
2026-05-10 22:12:29,660 | INFO | fetch_order_book: mid=0.06537 spread=6.12bps bids=20 asks=20
2026-05-10 22:12:30,601 | INFO | SPREAD | pair=CHIP/USDC | cex=0.06535/0.06539 | dex_sell=0.0653729 dex_buy=0.0653917 | spread_a=-2.6bps spread_b=-6.4bps | min=30.0bps
2026-05-10 22:12:31,602 | INFO | fetch_order_book: symbol=CHIP/USDC limit=20
2026-05-10 22:12:31,855 | INFO | fetch_order_book: mid=0.06537 spread=6.12bps bids=20 asks=20
2026-05-10 22:12:32,749 | INFO | SPREAD | pair=CHIP/USDC | cex=0.06535/0.06539 | dex_sell=0.0653729 dex_buy=0.0653917 | spread_a=-2.6bps spread_b=-6.4bps | min=30.0bps
2026-05-10 22:12:33,751 | INFO | fetch_order_book: symbol=CHIP/USDC limit=20
2026-05-10 22:12:34,005 | INFO | fetch_order_book: mid=0.06536 spread=6.12bps bids=20 asks=20
2026-05-10 22:12:34,908 | INFO | SPREAD | pair=CHIP/USDC | cex=0.06534/0.06538 | dex_sell=0.0653729 dex_buy=0.0653917 | spread_a=-1.1bps spread_b=-7.9bps | min=30.0bps
2026-05-10 22:12:35,911 | INFO | fetch_order_book: symbol=CHIP/USDC limit=20
2026-05-10 22:12:36,223 | INFO | fetch_order_book: mid=0.06536 spread=6.12bps bids=20 asks=20
2026-05-10 22:12:37,143 | INFO | SPREAD | pair=CHIP/USDC | cex=0.06534/0.06538 | dex_sell=0.0653729 dex_buy=0.0653917 | spread_a=-1.1bps spread_b=-7.9bps | min=30.0bps
2026-05-10 22:12:38,145 | INFO | fetch_order_book: symbol=CHIP/USDC limit=20
2026-05-10 22:12:38,437 | INFO | fetch_order_book: mid=0.06536 spread=6.12bps bids=20 asks=20
2026-05-10 22:12:39,417 | INFO | SPREAD | pair=CHIP/USDC | cex=0.06534/0.06538 | dex_sell=0.0653729 dex_buy=0.0653917 | spread_a=-1.1bps spread_b=-7.9bps | min=30.0bps
2026-05-10 22:12:40,419 | INFO | fetch_order_book: symbol=CHIP/USDC limit=20
2026-05-10 22:12:40,681 | INFO | fetch_order_book: mid=0.06536 spread=6.12bps bids=20 asks=20
2026-05-10 22:12:41,639 | INFO | SPREAD | pair=CHIP/USDC | cex=0.06534/0.06538 | dex_sell=0.0653729 dex_buy=0.0653917 | spread_a=-1.1bps spread_b=-7.9bps | min=30.0bps
2026-05-10 22:12:42,642 | INFO | fetch_order_book: symbol=CHIP/USDC limit=20
2026-05-10 22:12:42,897 | INFO | fetch_order_book: mid=0.065345 spread=4.59bps bids=20 asks=20
2026-05-10 22:12:43,844 | INFO | SPREAD | pair=CHIP/USDC | cex=0.06533/0.06536 | dex_sell=0.0653465 dex_buy=0.0653653 | spread_a=-2.1bps spread_b=-5.4bps | min=30.0bps
2026-05-10 22:12:44,847 | INFO | fetch_order_book: symbol=CHIP/USDC limit=20
2026-05-10 22:12:45,104 | INFO | fetch_order_book: mid=0.06535 spread=6.12bps bids=20 asks=20
2026-05-10 22:12:46,010 | INFO | SPREAD | pair=CHIP/USDC | cex=0.06533/0.06537 | dex_sell=0.0653465 dex_buy=0.0653653 | spread_a=-3.6bps spread_b=-5.4bps | min=30.0bps
2026-05-10 22:12:47,013 | INFO | fetch_order_book: symbol=CHIP/USDC limit=20
2026-05-10 22:12:47,319 | INFO | fetch_order_book: mid=0.06536 spread=6.12bps bids=20 asks=20
2026-05-10 22:12:48,211 | INFO | SPREAD | pair=CHIP/USDC | cex=0.06534/0.06538 | dex_sell=0.0653465 dex_buy=0.0653653 | spread_a=-5.1bps spread_b=-3.9bps | min=30.0bps
2026-05-10 22:12:49,213 | INFO | fetch_order_book: symbol=CHIP/USDC limit=20
2026-05-10 22:12:49,488 | INFO | fetch_order_book: mid=0.06537 spread=9.18bps bids=20 asks=20
2026-05-10 22:12:50,430 | INFO | SPREAD | pair=CHIP/USDC | cex=0.06534/0.0654 | dex_sell=0.0653465 dex_buy=0.0653653 | spread_a=-8.2bps spread_b=-3.9bps | min=30.0bps
2026-05-10 22:12:51,432 | INFO | fetch_order_book: symbol=CHIP/USDC limit=20
2026-05-10 22:12:51,691 | INFO | fetch_order_book: mid=0.065365 spread=7.65bps bids=20 asks=20
2026-05-10 22:12:52,608 | INFO | SPREAD | pair=CHIP/USDC | cex=0.06534/0.06539 | dex_sell=0.0653465 dex_buy=0.0653653 | spread_a=-6.7bps spread_b=-3.9bps | min=30.0bps
2026-05-10 22:12:53,610 | INFO | fetch_order_book: symbol=CHIP/USDC limit=20
2026-05-10 22:12:53,869 | INFO | fetch_order_book: mid=0.06531 spread=3.06bps bids=20 asks=20
2026-05-10 22:12:54,781 | INFO | SPREAD | pair=CHIP/USDC | cex=0.0653/0.06532 | dex_sell=0.0653165 dex_buy=0.0653353 | spread_a=-0.5bps spread_b=-5.4bps | min=30.0bps
2026-05-10 22:12:55,782 | INFO | fetch_order_book: symbol=CHIP/USDC limit=20
2026-05-10 22:12:56,038 | INFO | fetch_order_book: mid=0.065315 spread=4.59bps bids=20 asks=20
2026-05-10 22:12:56,946 | INFO | SPREAD | pair=CHIP/USDC | cex=0.0653/0.06533 | dex_sell=0.0653165 dex_buy=0.0653353 | spread_a=-2.1bps spread_b=-5.4bps | min=30.0bps
2026-05-10 22:12:57,948 | INFO | fetch_order_book: symbol=CHIP/USDC limit=20
2026-05-10 22:12:58,208 | INFO | fetch_order_book: mid=0.06533 spread=6.12bps bids=20 asks=20
2026-05-10 22:12:59,139 | INFO | SPREAD | pair=CHIP/USDC | cex=0.06531/0.06535 | dex_sell=0.0653165 dex_buy=0.0653353 | spread_a=-5.1bps spread_b=-3.9bps | min=30.0bps
2026-05-10 22:13:00,141 | INFO | fetch_order_book: symbol=CHIP/USDC limit=20
2026-05-10 22:13:00,406 | INFO | fetch_order_book: mid=0.06533 spread=6.12bps bids=20 asks=20
2026-05-10 22:13:01,337 | INFO | SPREAD | pair=CHIP/USDC | cex=0.06531/0.06535 | dex_sell=0.0653165 dex_buy=0.0653353 | spread_a=-5.1bps spread_b=-3.9bps | min=30.0bps
2026-05-10 22:13:02,339 | INFO | fetch_order_book: symbol=CHIP/USDC limit=20
2026-05-10 22:13:02,620 | INFO | fetch_order_book: mid=0.06529 spread=3.06bps bids=20 asks=20
2026-05-10 22:13:03,532 | INFO | SPREAD | pair=CHIP/USDC | cex=0.06528/0.0653 | dex_sell=0.0652865 dex_buy=0.0653053 | spread_a=-2.1bps spread_b=-3.9bps | min=30.0bps
2026-05-10 22:13:04,535 | INFO | fetch_order_book: symbol=CHIP/USDC limit=20
2026-05-10 22:13:04,790 | INFO | fetch_order_book: mid=0.06523 spread=3.07bps bids=20 asks=20
2026-05-10 22:13:05,738 | INFO | SPREAD | pair=CHIP/USDC | cex=0.06522/0.06524 | dex_sell=0.0652466 dex_buy=0.0652353 | spread_a=1.0bps spread_b=-2.4bps | min=30.0bps
2026-05-10 22:13:06,741 | INFO | fetch_order_book: symbol=CHIP/USDC limit=20
2026-05-10 22:13:07,044 | INFO | fetch_order_book: mid=0.06513 spread=3.07bps bids=20 asks=20
2026-05-10 22:13:07,967 | INFO | SPREAD | pair=CHIP/USDC | cex=0.06512/0.06514 | dex_sell=0.0651876 dex_buy=0.0652063 | spread_a=7.3bps spread_b=-13.2bps | min=30.0bps
2026-05-10 22:13:08,969 | INFO | fetch_order_book: symbol=CHIP/USDC limit=20
2026-05-10 22:13:09,233 | INFO | fetch_order_book: mid=0.06512 spread=9.21bps bids=20 asks=20
2026-05-10 22:13:10,153 | INFO | SPREAD | pair=CHIP/USDC | cex=0.06509/0.06515 | dex_sell=0.0651419 dex_buy=0.0651606 | spread_a=-1.2bps spread_b=-10.8bps | min=30.0bps
2026-05-10 22:13:11,155 | INFO | fetch_order_book: symbol=CHIP/USDC limit=20
2026-05-10 22:13:11,414 | INFO | fetch_order_book: mid=0.06512 spread=6.14bps bids=20 asks=20
2026-05-10 22:13:12,333 | INFO | SPREAD | pair=CHIP/USDC | cex=0.0651/0.06514 | dex_sell=0.0651419 dex_buy=0.0651606 | spread_a=0.3bps spread_b=-9.3bps | min=30.0bps
2026-05-10 22:13:13,335 | INFO | fetch_order_book: symbol=CHIP/USDC limit=20
2026-05-10 22:13:13,678 | INFO | fetch_order_book: mid=0.06509 spread=3.07bps bids=20 asks=20
2026-05-10 22:13:14,608 | INFO | SPREAD | pair=CHIP/USDC | cex=0.06508/0.0651 | dex_sell=0.0651419 dex_buy=0.0651606 | spread_a=6.4bps spread_b=-12.4bps | min=30.0bps
2026-05-10 22:13:15,609 | INFO | fetch_order_book: symbol=CHIP/USDC limit=20
2026-05-10 22:13:15,868 | INFO | fetch_order_book: mid=0.06510 spread=3.07bps bids=20 asks=20
2026-05-10 22:13:16,789 | INFO | SPREAD | pair=CHIP/USDC | cex=0.06509/0.06511 | dex_sell=0.0651419 dex_buy=0.0651606 | spread_a=4.9bps spread_b=-10.8bps | min=30.0bps
2026-05-10 22:13:17,791 | INFO | fetch_order_book: symbol=CHIP/USDC limit=20
2026-05-10 22:13:18,049 | INFO | fetch_order_book: mid=0.06511 spread=6.14bps bids=20 asks=20
2026-05-10 22:13:18,967 | INFO | SPREAD | pair=CHIP/USDC | cex=0.06509/0.06513 | dex_sell=0.0651419 dex_buy=0.0651606 | spread_a=1.8bps spread_b=-10.8bps | min=30.0bps
2026-05-10 22:13:19,969 | INFO | fetch_order_book: symbol=CHIP/USDC limit=20
2026-05-10 22:13:20,222 | INFO | fetch_order_book: mid=0.06510 spread=9.22bps bids=20 asks=20
2026-05-10 22:13:21,194 | INFO | SPREAD | pair=CHIP/USDC | cex=0.06507/0.06513 | dex_sell=0.0651419 dex_buy=0.0651606 | spread_a=1.8bps spread_b=-13.9bps | min=30.0bps
2026-05-10 22:13:22,196 | INFO | fetch_order_book: symbol=CHIP/USDC limit=20
2026-05-10 22:13:22,454 | INFO | fetch_order_book: mid=0.065095 spread=7.68bps bids=20 asks=20
2026-05-10 22:13:23,369 | INFO | SPREAD | pair=CHIP/USDC | cex=0.06507/0.06512 | dex_sell=0.0651419 dex_buy=0.0651606 | spread_a=3.4bps spread_b=-13.9bps | min=30.0bps
2026-05-10 22:13:24,371 | INFO | fetch_order_book: symbol=CHIP/USDC limit=20
2026-05-10 22:13:24,628 | INFO | fetch_order_book: mid=0.06507 spread=3.07bps bids=20 asks=20
2026-05-10 22:13:25,541 | INFO | SPREAD | pair=CHIP/USDC | cex=0.06506/0.06508 | dex_sell=0.0650814 dex_buy=0.0651 | spread_a=0.2bps spread_b=-6.1bps | min=30.0bps
2026-05-10 22:13:26,543 | INFO | fetch_order_book: symbol=CHIP/USDC limit=20
2026-05-10 22:13:26,805 | INFO | fetch_order_book: mid=0.06507 spread=9.22bps bids=20 asks=20
2026-05-10 22:13:27,767 | INFO | SPREAD | pair=CHIP/USDC | cex=0.06504/0.0651 | dex_sell=0.0650814 dex_buy=0.0651 | spread_a=-2.9bps spread_b=-9.2bps | min=30.0bps
2026-05-10 22:13:28,769 | INFO | fetch_order_book: symbol=CHIP/USDC limit=20
2026-05-10 22:13:29,023 | INFO | fetch_order_book: mid=0.06507 spread=9.22bps bids=20 asks=20
2026-05-10 22:13:29,981 | INFO | SPREAD | pair=CHIP/USDC | cex=0.06504/0.0651 | dex_sell=0.0650814 dex_buy=0.0651 | spread_a=-2.9bps spread_b=-9.2bps | min=30.0bps
2026-05-10 22:13:30,982 | INFO | fetch_order_book: symbol=CHIP/USDC limit=20
2026-05-10 22:13:31,241 | INFO | fetch_order_book: mid=0.065075 spread=7.68bps bids=20 asks=20
2026-05-10 22:13:32,158 | INFO | SPREAD | pair=CHIP/USDC | cex=0.06505/0.0651 | dex_sell=0.0650814 dex_buy=0.0651 | spread_a=-2.9bps spread_b=-7.7bps | min=30.0bps
2026-05-10 22:13:33,160 | INFO | fetch_order_book: symbol=CHIP/USDC limit=20
2026-05-10 22:13:33,417 | INFO | fetch_order_book: mid=0.065055 spread=7.69bps bids=20 asks=20
2026-05-10 22:13:34,364 | INFO | SPREAD | pair=CHIP/USDC | cex=0.06503/0.06508 | dex_sell=0.0650814 dex_buy=0.0651 | spread_a=0.2bps spread_b=-10.8bps | min=30.0bps
2026-05-10 22:13:35,366 | INFO | fetch_order_book: symbol=CHIP/USDC limit=20
2026-05-10 22:13:35,637 | INFO | fetch_order_book: mid=0.065055 spread=7.69bps bids=20 asks=20
2026-05-10 22:13:36,608 | INFO | SPREAD | pair=CHIP/USDC | cex=0.06503/0.06508 | dex_sell=0.0650814 dex_buy=0.0651 | spread_a=0.2bps spread_b=-10.8bps | min=30.0bps
2026-05-10 22:13:37,611 | INFO | fetch_order_book: symbol=CHIP/USDC limit=20
2026-05-10 22:13:37,896 | INFO | fetch_order_book: mid=0.06505 spread=6.15bps bids=20 asks=20
2026-05-10 22:13:39,025 | INFO | SPREAD | pair=CHIP/USDC | cex=0.06503/0.06507 | dex_sell=0.0650814 dex_buy=0.0651 | spread_a=1.7bps spread_b=-10.8bps | min=30.0bps
2026-05-10 22:13:40,027 | INFO | fetch_order_book: symbol=CHIP/USDC limit=20
2026-05-10 22:13:40,293 | INFO | fetch_order_book: mid=0.06505 spread=6.15bps bids=20 asks=20
2026-05-10 22:13:41,265 | INFO | SPREAD | pair=CHIP/USDC | cex=0.06503/0.06507 | dex_sell=0.0650814 dex_buy=0.0651 | spread_a=1.7bps spread_b=-10.8bps | min=30.0bps
2026-05-10 22:13:42,267 | INFO | fetch_order_book: symbol=CHIP/USDC limit=20
2026-05-10 22:13:42,527 | INFO | fetch_order_book: mid=0.06505 spread=6.15bps bids=20 asks=20
2026-05-10 22:13:43,443 | INFO | SPREAD | pair=CHIP/USDC | cex=0.06503/0.06507 | dex_sell=0.0650814 dex_buy=0.0651 | spread_a=1.7bps spread_b=-10.8bps | min=30.0bps
2026-05-10 22:13:44,445 | INFO | fetch_order_book: symbol=CHIP/USDC limit=20
2026-05-10 22:13:44,868 | INFO | fetch_order_book: mid=0.06510 spread=6.14bps bids=20 asks=20
2026-05-10 22:13:46,010 | INFO | SPREAD | pair=CHIP/USDC | cex=0.06508/0.06512 | dex_sell=0.0650814 dex_buy=0.0651 | spread_a=-5.9bps spread_b=-3.1bps | min=30.0bps
2026-05-10 22:13:47,012 | INFO | fetch_order_book: symbol=CHIP/USDC limit=20
2026-05-10 22:13:47,347 | INFO | fetch_order_book: mid=0.065085 spread=7.68bps bids=20 asks=20
2026-05-10 22:13:48,598 | INFO | SPREAD | pair=CHIP/USDC | cex=0.06506/0.06511 | dex_sell=0.0650814 dex_buy=0.0651 | spread_a=-4.4bps spread_b=-6.1bps | min=30.0bps
2026-05-10 22:13:49,601 | INFO | fetch_order_book: symbol=CHIP/USDC limit=20
2026-05-10 22:13:49,877 | INFO | fetch_order_book: mid=0.06511 spread=3.07bps bids=20 asks=20
2026-05-10 22:13:50,975 | INFO | SPREAD | pair=CHIP/USDC | cex=0.0651/0.06512 | dex_sell=0.0650814 dex_buy=0.0651 | spread_a=-5.9bps spread_b=-0.0bps | min=30.0bps
2026-05-10 22:13:51,981 | INFO | fetch_order_book: symbol=CHIP/USDC limit=20
2026-05-10 22:13:52,253 | INFO | fetch_order_book: mid=0.06517 spread=3.07bps bids=20 asks=20
2026-05-10 22:13:53,237 | INFO | SPREAD | pair=CHIP/USDC | cex=0.06516/0.06518 | dex_sell=0.0651328 dex_buy=0.0651515 | spread_a=-7.2bps spread_b=1.3bps | min=30.0bps
2026-05-10 22:13:54,239 | INFO | fetch_order_book: symbol=CHIP/USDC limit=20
2026-05-10 22:13:54,565 | INFO | fetch_order_book: mid=0.06518 spread=3.07bps bids=20 asks=20
2026-05-10 22:13:55,765 | INFO | SPREAD | pair=CHIP/USDC | cex=0.06517/0.06519 | dex_sell=0.0651628 dex_buy=0.0651815 | spread_a=-4.2bps spread_b=-1.8bps | min=30.0bps
2026-05-10 22:13:56,767 | INFO | fetch_order_book: symbol=CHIP/USDC limit=20
2026-05-10 22:13:57,123 | INFO | fetch_order_book: mid=0.06516 spread=6.14bps bids=20 asks=20
2026-05-10 22:13:58,305 | INFO | SPREAD | pair=CHIP/USDC | cex=0.06514/0.06518 | dex_sell=0.0651628 dex_buy=0.0651815 | spread_a=-2.6bps spread_b=-6.4bps | min=30.0bps
2026-05-10 22:13:59,307 | INFO | fetch_order_book: symbol=CHIP/USDC limit=20
2026-05-10 22:13:59,609 | INFO | fetch_order_book: mid=0.065135 spread=4.61bps bids=20 asks=20
2026-05-10 22:14:00,751 | INFO | SPREAD | pair=CHIP/USDC | cex=0.06512/0.06515 | dex_sell=0.0651365 dex_buy=0.0651552 | spread_a=-2.1bps spread_b=-5.4bps | min=30.0bps
2026-05-10 22:14:01,753 | INFO | fetch_order_book: symbol=CHIP/USDC limit=20
2026-05-10 22:14:02,039 | INFO | fetch_order_book: mid=0.065115 spread=7.68bps bids=20 asks=20
2026-05-10 22:14:03,115 | INFO | SPREAD | pair=CHIP/USDC | cex=0.06509/0.06514 | dex_sell=0.0650948 dex_buy=0.0651135 | spread_a=-6.9bps spread_b=-3.6bps | min=30.0bps
2026-05-10 22:14:04,117 | INFO | fetch_order_book: symbol=CHIP/USDC limit=20
2026-05-10 22:14:04,416 | INFO | fetch_order_book: mid=0.06512 spread=9.21bps bids=20 asks=20
2026-05-10 22:14:05,615 | INFO | SPREAD | pair=CHIP/USDC | cex=0.06509/0.06515 | dex_sell=0.0650948 dex_buy=0.0651135 | spread_a=-8.5bps spread_b=-3.6bps | min=30.0bps
2026-05-10 22:14:06,617 | INFO | fetch_order_book: symbol=CHIP/USDC limit=20
2026-05-10 22:14:06,907 | INFO | fetch_order_book: mid=0.06511 spread=6.14bps bids=20 asks=20
2026-05-10 22:14:08,150 | INFO | SPREAD | pair=CHIP/USDC | cex=0.06509/0.06513 | dex_sell=0.0650948 dex_buy=0.0651135 | spread_a=-5.4bps spread_b=-3.6bps | min=30.0bps
2026-05-10 22:14:09,152 | INFO | fetch_order_book: symbol=CHIP/USDC limit=20
2026-05-10 22:14:09,918 | INFO | fetch_order_book: mid=0.06511 spread=6.14bps bids=20 asks=20
2026-05-10 22:14:11,029 | INFO | SPREAD | pair=CHIP/USDC | cex=0.06509/0.06513 | dex_sell=0.0650948 dex_buy=0.0651135 | spread_a=-5.4bps spread_b=-3.6bps | min=30.0bps
2026-05-10 22:14:12,032 | INFO | fetch_order_book: symbol=CHIP/USDC limit=20
2026-05-10 22:14:12,306 | INFO | fetch_order_book: mid=0.06511 spread=6.14bps bids=20 asks=20
2026-05-10 22:14:13,216 | INFO | SPREAD | pair=CHIP/USDC | cex=0.06509/0.06513 | dex_sell=0.0650948 dex_buy=0.0651135 | spread_a=-5.4bps spread_b=-3.6bps | min=30.0bps
2026-05-10 22:14:14,218 | INFO | fetch_order_book: symbol=CHIP/USDC limit=20
2026-05-10 22:14:14,476 | INFO | fetch_order_book: mid=0.06511 spread=6.14bps bids=20 asks=20
2026-05-10 22:14:15,531 | INFO | SPREAD | pair=CHIP/USDC | cex=0.06509/0.06513 | dex_sell=0.0650948 dex_buy=0.0651135 | spread_a=-5.4bps spread_b=-3.6bps | min=30.0bps
2026-05-10 22:14:16,534 | INFO | fetch_order_book: symbol=CHIP/USDC limit=20
2026-05-10 22:14:16,807 | INFO | fetch_order_book: mid=0.065085 spread=4.61bps bids=20 asks=20
2026-05-10 22:14:17,748 | INFO | SPREAD | pair=CHIP/USDC | cex=0.06507/0.0651 | dex_sell=0.0650948 dex_buy=0.0651135 | spread_a=-0.8bps spread_b=-6.7bps | min=30.0bps
2026-05-10 22:14:18,750 | INFO | fetch_order_book: symbol=CHIP/USDC limit=20
2026-05-10 22:14:19,032 | INFO | fetch_order_book: mid=0.065125 spread=4.61bps bids=20 asks=20
2026-05-10 22:14:19,942 | INFO | SPREAD | pair=CHIP/USDC | cex=0.06511/0.06514 | dex_sell=0.0650948 dex_buy=0.0651135 | spread_a=-6.9bps spread_b=-0.5bps | min=30.0bps
2026-05-10 22:14:20,944 | INFO | fetch_order_book: symbol=CHIP/USDC limit=20
2026-05-10 22:14:21,204 | INFO | fetch_order_book: mid=0.06513 spread=3.07bps bids=20 asks=20
2026-05-10 22:14:22,104 | INFO | SPREAD | pair=CHIP/USDC | cex=0.06512/0.06514 | dex_sell=0.0650948 dex_buy=0.0651135 | spread_a=-6.9bps spread_b=1.0bps | min=30.0bps
2026-05-10 22:14:23,106 | INFO | fetch_order_book: symbol=CHIP/USDC limit=20
2026-05-10 22:14:23,363 | INFO | fetch_order_book: mid=0.06515 spread=3.07bps bids=20 asks=20
2026-05-10 22:14:24,287 | INFO | SPREAD | pair=CHIP/USDC | cex=0.06514/0.06516 | dex_sell=0.0651228 dex_buy=0.0651415 | spread_a=-5.7bps spread_b=-0.2bps | min=30.0bps
2026-05-10 22:14:25,288 | INFO | fetch_order_book: symbol=CHIP/USDC limit=20
2026-05-10 22:14:25,554 | INFO | fetch_order_book: mid=0.06512 spread=6.14bps bids=20 asks=20
2026-05-10 22:14:26,456 | INFO | SPREAD | pair=CHIP/USDC | cex=0.0651/0.06514 | dex_sell=0.0651228 dex_buy=0.0651415 | spread_a=-2.6bps spread_b=-6.4bps | min=30.0bps
2026-05-10 22:14:27,458 | INFO | fetch_order_book: symbol=CHIP/USDC limit=20
2026-05-10 22:14:27,718 | INFO | fetch_order_book: mid=0.065115 spread=4.61bps bids=20 asks=20
2026-05-10 22:14:28,633 | INFO | SPREAD | pair=CHIP/USDC | cex=0.0651/0.06513 | dex_sell=0.0651228 dex_buy=0.0651415 | spread_a=-1.1bps spread_b=-6.4bps | min=30.0bps
2026-05-10 22:14:29,635 | INFO | fetch_order_book: symbol=CHIP/USDC limit=20
2026-05-10 22:14:29,892 | INFO | fetch_order_book: mid=0.065115 spread=4.61bps bids=20 asks=20
2026-05-10 22:14:30,810 | INFO | SPREAD | pair=CHIP/USDC | cex=0.0651/0.06513 | dex_sell=0.0651228 dex_buy=0.0651415 | spread_a=-1.1bps spread_b=-6.4bps | min=30.0bps
2026-05-10 22:14:31,813 | INFO | fetch_order_book: symbol=CHIP/USDC limit=20
2026-05-10 22:14:32,073 | INFO | fetch_order_book: mid=0.06510 spread=6.14bps bids=20 asks=20
2026-05-10 22:14:32,952 | INFO | SPREAD | pair=CHIP/USDC | cex=0.06508/0.06512 | dex_sell=0.0651228 dex_buy=0.0651415 | spread_a=0.4bps spread_b=-9.4bps | min=30.0bps
2026-05-10 22:14:33,955 | INFO | fetch_order_book: symbol=CHIP/USDC limit=20
2026-05-10 22:14:34,210 | INFO | fetch_order_book: mid=0.06510 spread=6.14bps bids=20 asks=20
2026-05-10 22:14:35,173 | INFO | SPREAD | pair=CHIP/USDC | cex=0.06508/0.06512 | dex_sell=0.0651228 dex_buy=0.0651415 | spread_a=0.4bps spread_b=-9.4bps | min=30.0bps
2026-05-10 22:14:36,176 | INFO | fetch_order_book: symbol=CHIP/USDC limit=20
2026-05-10 22:14:36,435 | INFO | fetch_order_book: mid=0.065085 spread=1.54bps bids=20 asks=20
2026-05-10 22:14:37,364 | INFO | SPREAD | pair=CHIP/USDC | cex=0.06508/0.06509 | dex_sell=0.0651228 dex_buy=0.0651415 | spread_a=5.0bps spread_b=-9.4bps | min=30.0bps
2026-05-10 22:14:38,367 | INFO | fetch_order_book: symbol=CHIP/USDC limit=20
2026-05-10 22:14:38,627 | INFO | fetch_order_book: mid=0.06513 spread=6.14bps bids=20 asks=20
2026-05-10 22:14:39,543 | INFO | SPREAD | pair=CHIP/USDC | cex=0.06511/0.06515 | dex_sell=0.0651228 dex_buy=0.0651415 | spread_a=-4.2bps spread_b=-4.8bps | min=30.0bps
2026-05-10 22:14:40,545 | INFO | fetch_order_book: symbol=CHIP/USDC limit=20
2026-05-10 22:14:40,801 | INFO | fetch_order_book: mid=0.06512 spread=6.14bps bids=20 asks=20
2026-05-10 22:14:41,707 | INFO | SPREAD | pair=CHIP/USDC | cex=0.0651/0.06514 | dex_sell=0.0651228 dex_buy=0.0651415 | spread_a=-2.6bps spread_b=-6.4bps | min=30.0bps
2026-05-10 22:14:42,709 | INFO | fetch_order_book: symbol=CHIP/USDC limit=20
2026-05-10 22:14:42,967 | INFO | fetch_order_book: mid=0.065115 spread=4.61bps bids=20 asks=20
2026-05-10 22:14:43,910 | INFO | SPREAD | pair=CHIP/USDC | cex=0.0651/0.06513 | dex_sell=0.0651228 dex_buy=0.0651415 | spread_a=-1.1bps spread_b=-6.4bps | min=30.0bps
2026-05-10 22:14:44,912 | INFO | fetch_order_book: symbol=CHIP/USDC limit=20
2026-05-10 22:14:45,168 | INFO | fetch_order_book: mid=0.06511 spread=3.07bps bids=20 asks=20
2026-05-10 22:14:46,100 | INFO | SPREAD | pair=CHIP/USDC | cex=0.0651/0.06512 | dex_sell=0.0651228 dex_buy=0.0651415 | spread_a=0.4bps spread_b=-6.4bps | min=30.0bps
2026-05-10 22:14:47,102 | INFO | fetch_order_book: symbol=CHIP/USDC limit=20
2026-05-10 22:14:47,361 | INFO | fetch_order_book: mid=0.065105 spread=4.61bps bids=20 asks=20
2026-05-10 22:14:48,308 | INFO | SPREAD | pair=CHIP/USDC | cex=0.06509/0.06512 | dex_sell=0.0651228 dex_buy=0.0651415 | spread_a=0.4bps spread_b=-7.9bps | min=30.0bps
2026-05-10 22:14:49,310 | INFO | fetch_order_book: symbol=CHIP/USDC limit=20
2026-05-10 22:14:49,566 | INFO | fetch_order_book: mid=0.065105 spread=4.61bps bids=20 asks=20
2026-05-10 22:14:50,474 | INFO | SPREAD | pair=CHIP/USDC | cex=0.06509/0.06512 | dex_sell=0.0651228 dex_buy=0.0651415 | spread_a=0.4bps spread_b=-7.9bps | min=30.0bps
2026-05-10 22:14:51,476 | INFO | fetch_order_book: symbol=CHIP/USDC limit=20
2026-05-10 22:14:51,730 | INFO | fetch_order_book: mid=0.06510 spread=6.14bps bids=20 asks=20
2026-05-10 22:14:52,656 | INFO | SPREAD | pair=CHIP/USDC | cex=0.06508/0.06512 | dex_sell=0.0651228 dex_buy=0.0651415 | spread_a=0.4bps spread_b=-9.4bps | min=30.0bps
2026-05-10 22:14:53,658 | INFO | fetch_order_book: symbol=CHIP/USDC limit=20
2026-05-10 22:14:53,918 | INFO | fetch_order_book: mid=0.065115 spread=7.68bps bids=20 asks=20
2026-05-10 22:14:54,856 | INFO | SPREAD | pair=CHIP/USDC | cex=0.06509/0.06514 | dex_sell=0.0651228 dex_buy=0.0651415 | spread_a=-2.6bps spread_b=-7.9bps | min=30.0bps
2026-05-10 22:14:55,858 | INFO | fetch_order_book: symbol=CHIP/USDC limit=20
2026-05-10 22:14:56,115 | INFO | fetch_order_book: mid=0.06521 spread=3.07bps bids=20 asks=20
2026-05-10 22:14:57,106 | INFO | SPREAD | pair=CHIP/USDC | cex=0.0652/0.06522 | dex_sell=0.0651527 dex_buy=0.0652017 | spread_a=-10.3bps spread_b=-0.3bps | min=30.0bps
2026-05-10 22:14:58,108 | INFO | fetch_order_book: symbol=CHIP/USDC limit=20
2026-05-10 22:14:58,417 | INFO | fetch_order_book: mid=0.065195 spread=4.60bps bids=20 asks=20
2026-05-10 22:14:59,599 | INFO | SPREAD | pair=CHIP/USDC | cex=0.06518/0.06521 | dex_sell=0.065183 dex_buy=0.0652017 | spread_a=-4.1bps spread_b=-3.3bps | min=30.0bps
2026-05-10 22:15:00,601 | INFO | fetch_order_book: symbol=CHIP/USDC limit=20
2026-05-10 22:15:00,898 | INFO | fetch_order_book: mid=0.065215 spread=1.53bps bids=20 asks=20
2026-05-10 22:15:01,952 | INFO | SPREAD | pair=CHIP/USDC | cex=0.06521/0.06522 | dex_sell=0.065183 dex_buy=0.0652017 | spread_a=-5.7bps spread_b=1.3bps | min=30.0bps
2026-05-10 22:15:02,954 | INFO | fetch_order_book: symbol=CHIP/USDC limit=20
2026-05-10 22:15:03,216 | INFO | fetch_order_book: mid=0.065265 spread=4.60bps bids=20 asks=20
2026-05-10 22:15:04,167 | INFO | SPREAD | pair=CHIP/USDC | cex=0.06525/0.06528 | dex_sell=0.0652129 dex_buy=0.0652616 | spread_a=-10.3bps spread_b=-1.8bps | min=30.0bps
2026-05-10 22:15:05,170 | INFO | fetch_order_book: symbol=CHIP/USDC limit=20
2026-05-10 22:15:05,426 | INFO | fetch_order_book: mid=0.065225 spread=4.60bps bids=20 asks=20
2026-05-10 22:15:06,400 | INFO | SPREAD | pair=CHIP/USDC | cex=0.06521/0.06524 | dex_sell=0.0652266 dex_buy=0.0652151 | spread_a=-2.1bps spread_b=-0.8bps | min=30.0bps
2026-05-10 22:15:07,403 | INFO | fetch_order_book: symbol=CHIP/USDC limit=20
2026-05-10 22:15:07,680 | INFO | fetch_order_book: mid=0.065235 spread=7.66bps bids=20 asks=20
2026-05-10 22:15:08,642 | INFO | SPREAD | pair=CHIP/USDC | cex=0.06521/0.06526 | dex_sell=0.0651964 dex_buy=0.0652151 | spread_a=-9.8bps spread_b=-0.8bps | min=30.0bps
2026-05-10 22:15:09,645 | INFO | fetch_order_book: symbol=CHIP/USDC limit=20
2026-05-10 22:15:09,901 | INFO | fetch_order_book: mid=0.06518 spread=6.14bps bids=20 asks=20
2026-05-10 22:15:10,832 | INFO | SPREAD | pair=CHIP/USDC | cex=0.06516/0.0652 | dex_sell=0.0651665 dex_buy=0.0651852 | spread_a=-5.1bps spread_b=-3.9bps | min=30.0bps
2026-05-10 22:15:11,835 | INFO | fetch_order_book: symbol=CHIP/USDC limit=20
2026-05-10 22:15:12,096 | INFO | fetch_order_book: mid=0.06520 spread=6.13bps bids=20 asks=20
2026-05-10 22:15:13,104 | INFO | SPREAD | pair=CHIP/USDC | cex=0.06518/0.06522 | dex_sell=0.0651928 dex_buy=0.0652115 | spread_a=-4.2bps spread_b=-4.8bps | min=30.0bps
2026-05-10 22:15:14,106 | INFO | fetch_order_book: symbol=CHIP/USDC limit=20
2026-05-10 22:15:14,376 | INFO | fetch_order_book: mid=0.065185 spread=4.60bps bids=20 asks=20
2026-05-10 22:15:15,294 | INFO | SPREAD | pair=CHIP/USDC | cex=0.06517/0.0652 | dex_sell=0.0651665 dex_buy=0.0651852 | spread_a=-5.1bps spread_b=-2.3bps | min=30.0bps
2026-05-10 22:15:16,296 | INFO | fetch_order_book: symbol=CHIP/USDC limit=20
2026-05-10 22:15:16,552 | INFO | fetch_order_book: mid=0.065275 spread=7.66bps bids=20 asks=20
2026-05-10 22:15:17,510 | INFO | SPREAD | pair=CHIP/USDC | cex=0.06525/0.0653 | dex_sell=0.0652228 dex_buy=0.0652415 | spread_a=-11.8bps spread_b=1.3bps | min=30.0bps
2026-05-10 22:15:18,513 | INFO | fetch_order_book: symbol=CHIP/USDC limit=20
2026-05-10 22:15:18,769 | INFO | fetch_order_book: mid=0.06529 spread=6.13bps bids=20 asks=20
2026-05-10 22:15:19,739 | INFO | SPREAD | pair=CHIP/USDC | cex=0.06527/0.06531 | dex_sell=0.0652527 dex_buy=0.0652715 | spread_a=-8.8bps spread_b=-0.2bps | min=30.0bps
2026-05-10 22:15:20,741 | INFO | fetch_order_book: symbol=CHIP/USDC limit=20
2026-05-10 22:15:21,038 | INFO | fetch_order_book: mid=0.06528 spread=6.13bps bids=20 asks=20
2026-05-10 22:15:22,033 | INFO | SPREAD | pair=CHIP/USDC | cex=0.06526/0.0653 | dex_sell=0.0652527 dex_buy=0.0652715 | spread_a=-7.2bps spread_b=-1.8bps | min=30.0bps
2026-05-10 22:15:23,035 | INFO | fetch_order_book: symbol=CHIP/USDC limit=20
2026-05-10 22:15:23,291 | INFO | fetch_order_book: mid=0.065295 spread=4.59bps bids=20 asks=20
2026-05-10 22:15:24,233 | INFO | SPREAD | pair=CHIP/USDC | cex=0.06528/0.06531 | dex_sell=0.0652527 dex_buy=0.0652715 | spread_a=-8.8bps spread_b=1.3bps | min=30.0bps
2026-05-10 22:15:25,235 | INFO | fetch_order_book: symbol=CHIP/USDC limit=20
2026-05-10 22:15:25,490 | INFO | fetch_order_book: mid=0.06535 spread=3.06bps bids=20 asks=20
2026-05-10 22:15:26,448 | INFO | SPREAD | pair=CHIP/USDC | cex=0.06534/0.06536 | dex_sell=0.0652527 dex_buy=0.0653015 | spread_a=-16.4bps spread_b=5.9bps | min=30.0bps
2026-05-10 22:15:27,451 | INFO | fetch_order_book: symbol=CHIP/USDC limit=20
2026-05-10 22:15:27,707 | INFO | fetch_order_book: mid=0.06533 spread=6.12bps bids=20 asks=20
2026-05-10 22:15:28,659 | INFO | SPREAD | pair=CHIP/USDC | cex=0.06531/0.06535 | dex_sell=0.0653127 dex_buy=0.0653314 | spread_a=-5.7bps spread_b=-3.3bps | min=30.0bps
2026-05-10 22:15:29,661 | INFO | fetch_order_book: symbol=CHIP/USDC limit=20
2026-05-10 22:15:29,917 | INFO | fetch_order_book: mid=0.065335 spread=7.65bps bids=20 asks=20
2026-05-10 22:15:30,845 | INFO | SPREAD | pair=CHIP/USDC | cex=0.06531/0.06536 | dex_sell=0.0653127 dex_buy=0.0653314 | spread_a=-7.2bps spread_b=-3.3bps | min=30.0bps
2026-05-10 22:15:31,848 | INFO | fetch_order_book: symbol=CHIP/USDC limit=20
2026-05-10 22:15:32,104 | INFO | fetch_order_book: mid=0.065335 spread=7.65bps bids=20 asks=20
2026-05-10 22:15:33,018 | INFO | SPREAD | pair=CHIP/USDC | cex=0.06531/0.06536 | dex_sell=0.0653127 dex_buy=0.0653314 | spread_a=-7.2bps spread_b=-3.3bps | min=30.0bps
2026-05-10 22:15:34,021 | INFO | fetch_order_book: symbol=CHIP/USDC limit=20
2026-05-10 22:15:34,276 | INFO | fetch_order_book: mid=0.065355 spread=1.53bps bids=20 asks=20
2026-05-10 22:15:35,203 | INFO | SPREAD | pair=CHIP/USDC | cex=0.06535/0.06536 | dex_sell=0.0653127 dex_buy=0.0653614 | spread_a=-7.2bps spread_b=-1.8bps | min=30.0bps
2026-05-10 22:15:36,205 | INFO | fetch_order_book: symbol=CHIP/USDC limit=20
2026-05-10 22:15:36,463 | INFO | fetch_order_book: mid=0.06537 spread=3.06bps bids=20 asks=20
2026-05-10 22:15:37,385 | INFO | SPREAD | pair=CHIP/USDC | cex=0.06536/0.06538 | dex_sell=0.0653427 dex_buy=0.0653614 | spread_a=-5.7bps spread_b=-0.2bps | min=30.0bps
2026-05-10 22:15:38,388 | INFO | fetch_order_book: symbol=CHIP/USDC limit=20
2026-05-10 22:15:38,644 | INFO | fetch_order_book: mid=0.06533 spread=6.12bps bids=20 asks=20
2026-05-10 22:15:39,573 | INFO | SPREAD | pair=CHIP/USDC | cex=0.06531/0.06535 | dex_sell=0.0653166 dex_buy=0.0653353 | spread_a=-5.1bps spread_b=-3.9bps | min=30.0bps
2026-05-10 22:15:40,575 | INFO | fetch_order_book: symbol=CHIP/USDC limit=20
2026-05-10 22:15:40,835 | INFO | fetch_order_book: mid=0.065335 spread=7.65bps bids=20 asks=20
2026-05-10 22:15:41,810 | INFO | SPREAD | pair=CHIP/USDC | cex=0.06531/0.06536 | dex_sell=0.0653166 dex_buy=0.0653353 | spread_a=-6.6bps spread_b=-3.9bps | min=30.0bps
2026-05-10 22:15:42,812 | INFO | fetch_order_book: symbol=CHIP/USDC limit=20
2026-05-10 22:15:43,069 | INFO | fetch_order_book: mid=0.06529 spread=6.13bps bids=20 asks=20
2026-05-10 22:15:43,978 | INFO | SPREAD | pair=CHIP/USDC | cex=0.06527/0.06531 | dex_sell=0.0653166 dex_buy=0.0653053 | spread_a=1.0bps spread_b=-5.4bps | min=30.0bps
2026-05-10 22:15:44,980 | INFO | fetch_order_book: symbol=CHIP/USDC limit=20
2026-05-10 22:15:45,235 | INFO | fetch_order_book: mid=0.06529 spread=6.13bps bids=20 asks=20
2026-05-10 22:15:46,176 | INFO | SPREAD | pair=CHIP/USDC | cex=0.06527/0.06531 | dex_sell=0.0652866 dex_buy=0.0653053 | spread_a=-3.6bps spread_b=-5.4bps | min=30.0bps
2026-05-10 22:15:47,178 | INFO | fetch_order_book: symbol=CHIP/USDC limit=20
2026-05-10 22:15:47,450 | INFO | fetch_order_book: mid=0.065275 spread=4.60bps bids=20 asks=20
2026-05-10 22:15:48,427 | INFO | SPREAD | pair=CHIP/USDC | cex=0.06526/0.06529 | dex_sell=0.0652866 dex_buy=0.0653053 | spread_a=-0.5bps spread_b=-6.9bps | min=30.0bps
2026-05-10 22:15:49,429 | INFO | fetch_order_book: symbol=CHIP/USDC limit=20
2026-05-10 22:15:49,685 | INFO | fetch_order_book: mid=0.065255 spread=4.60bps bids=20 asks=20
2026-05-10 22:15:50,618 | INFO | SPREAD | pair=CHIP/USDC | cex=0.06524/0.06527 | dex_sell=0.0652264 dex_buy=0.0652715 | spread_a=-6.7bps spread_b=-4.8bps | min=30.0bps
2026-05-10 22:15:51,621 | INFO | fetch_order_book: symbol=CHIP/USDC limit=20
2026-05-10 22:15:51,877 | INFO | fetch_order_book: mid=0.06522 spread=6.13bps bids=20 asks=20
2026-05-10 22:15:52,769 | INFO | SPREAD | pair=CHIP/USDC | cex=0.0652/0.06524 | dex_sell=0.0652264 dex_buy=0.0652152 | spread_a=-2.1bps spread_b=-2.3bps | min=30.0bps
2026-05-10 22:15:53,771 | INFO | fetch_order_book: symbol=CHIP/USDC limit=20
2026-05-10 22:15:54,027 | INFO | fetch_order_book: mid=0.06519 spread=6.14bps bids=20 asks=20
2026-05-10 22:15:54,959 | INFO | SPREAD | pair=CHIP/USDC | cex=0.06517/0.06521 | dex_sell=0.0651666 dex_buy=0.0651853 | spread_a=-6.7bps spread_b=-2.3bps | min=30.0bps
2026-05-10 22:15:55,961 | INFO | fetch_order_book: symbol=CHIP/USDC limit=20
2026-05-10 22:15:56,220 | INFO | fetch_order_book: mid=0.06521 spread=6.13bps bids=20 asks=20
2026-05-10 22:15:57,173 | INFO | SPREAD | pair=CHIP/USDC | cex=0.06519/0.06523 | dex_sell=0.0651666 dex_buy=0.0651853 | spread_a=-9.7bps spread_b=0.7bps | min=30.0bps
2026-05-10 22:15:58,175 | INFO | fetch_order_book: symbol=CHIP/USDC limit=20
2026-05-10 22:15:58,432 | INFO | fetch_order_book: mid=0.06525 spread=6.13bps bids=20 asks=20
2026-05-10 22:15:59,402 | INFO | SPREAD | pair=CHIP/USDC | cex=0.06523/0.06527 | dex_sell=0.0652229 dex_buy=0.0652416 | spread_a=-7.2bps spread_b=-1.8bps | min=30.0bps
2026-05-10 22:16:00,405 | INFO | fetch_order_book: symbol=CHIP/USDC limit=20
2026-05-10 22:16:00,664 | INFO | fetch_order_book: mid=0.065195 spread=7.67bps bids=20 asks=20
2026-05-10 22:16:01,592 | INFO | SPREAD | pair=CHIP/USDC | cex=0.06517/0.06522 | dex_sell=0.0652229 dex_buy=0.0652051 | spread_a=0.4bps spread_b=-5.4bps | min=30.0bps
2026-05-10 22:16:02,594 | INFO | fetch_order_book: symbol=CHIP/USDC limit=20
2026-05-10 22:16:02,853 | INFO | fetch_order_book: mid=0.065125 spread=1.54bps bids=20 asks=20
2026-05-10 22:16:03,804 | INFO | SPREAD | pair=CHIP/USDC | cex=0.06512/0.06513 | dex_sell=0.0651565 dex_buy=0.0651453 | spread_a=4.1bps spread_b=-3.9bps | min=30.0bps
2026-05-10 22:16:04,807 | INFO | fetch_order_book: symbol=CHIP/USDC limit=20
2026-05-10 22:16:05,069 | INFO | fetch_order_book: mid=0.065105 spread=4.61bps bids=20 asks=20
2026-05-10 22:16:06,006 | INFO | SPREAD | pair=CHIP/USDC | cex=0.06509/0.06512 | dex_sell=0.0651211 dex_buy=0.0651398 | spread_a=0.2bps spread_b=-7.6bps | min=30.0bps
2026-05-10 22:16:07,009 | INFO | fetch_order_book: symbol=CHIP/USDC limit=20
2026-05-10 22:16:07,270 | INFO | fetch_order_book: mid=0.06507 spread=3.07bps bids=20 asks=20
2026-05-10 22:16:08,189 | INFO | SPREAD | pair=CHIP/USDC | cex=0.06506/0.06508 | dex_sell=0.0651211 dex_buy=0.0651398 | spread_a=6.3bps spread_b=-12.3bps | min=30.0bps
2026-05-10 22:16:09,190 | INFO | fetch_order_book: symbol=CHIP/USDC limit=20
2026-05-10 22:16:09,464 | INFO | fetch_order_book: mid=0.06508 spread=6.15bps bids=20 asks=20
2026-05-10 22:16:11,133 | INFO | SPREAD | pair=CHIP/USDC | cex=0.06506/0.0651 | dex_sell=0.0651211 dex_buy=0.0651398 | spread_a=3.2bps spread_b=-12.3bps | min=30.0bps
2026-05-10 22:16:12,135 | INFO | fetch_order_book: symbol=CHIP/USDC limit=20
2026-05-10 22:16:12,419 | INFO | fetch_order_book: mid=0.06509 spread=6.15bps bids=20 asks=20
2026-05-10 22:16:13,323 | INFO | SPREAD | pair=CHIP/USDC | cex=0.06507/0.06511 | dex_sell=0.0651211 dex_buy=0.0651398 | spread_a=1.7bps spread_b=-10.7bps | min=30.0bps
2026-05-10 22:16:14,325 | INFO | fetch_order_book: symbol=CHIP/USDC limit=20
2026-05-10 22:16:14,586 | INFO | fetch_order_book: mid=0.06503 spread=3.08bps bids=20 asks=20
2026-05-10 22:16:15,511 | INFO | SPREAD | pair=CHIP/USDC | cex=0.06502/0.06504 | dex_sell=0.0650618 dex_buy=0.0650805 | spread_a=3.4bps spread_b=-9.3bps | min=30.0bps
2026-05-10 22:16:16,514 | INFO | fetch_order_book: symbol=CHIP/USDC limit=20
2026-05-10 22:16:16,775 | INFO | fetch_order_book: mid=0.06503 spread=3.08bps bids=20 asks=20
2026-05-10 22:16:17,720 | INFO | SPREAD | pair=CHIP/USDC | cex=0.06502/0.06504 | dex_sell=0.0650618 dex_buy=0.0650805 | spread_a=3.4bps spread_b=-9.3bps | min=30.0bps
2026-05-10 22:16:18,722 | INFO | fetch_order_book: symbol=CHIP/USDC limit=20
2026-05-10 22:16:18,983 | INFO | fetch_order_book: mid=0.065025 spread=4.61bps bids=20 asks=20
2026-05-10 22:16:19,913 | INFO | SPREAD | pair=CHIP/USDC | cex=0.06501/0.06504 | dex_sell=0.0650618 dex_buy=0.0650805 | spread_a=3.4bps spread_b=-10.8bps | min=30.0bps
2026-05-10 22:16:20,915 | INFO | fetch_order_book: symbol=CHIP/USDC limit=20
2026-05-10 22:16:21,171 | INFO | fetch_order_book: mid=0.065005 spread=7.69bps bids=20 asks=20
2026-05-10 22:16:22,111 | INFO | SPREAD | pair=CHIP/USDC | cex=0.06498/0.06503 | dex_sell=0.0650618 dex_buy=0.0650805 | spread_a=4.9bps spread_b=-15.4bps | min=30.0bps
2026-05-10 22:16:23,113 | INFO | fetch_order_book: symbol=CHIP/USDC limit=20
2026-05-10 22:16:23,383 | INFO | fetch_order_book: mid=0.064985 spread=7.69bps bids=20 asks=20
2026-05-10 22:16:24,347 | INFO | SPREAD | pair=CHIP/USDC | cex=0.06496/0.06501 | dex_sell=0.0650618 dex_buy=0.0650805 | spread_a=8.0bps spread_b=-18.5bps | min=30.0bps
2026-05-10 22:16:25,350 | INFO | fetch_order_book: symbol=CHIP/USDC limit=20
2026-05-10 22:16:25,609 | INFO | fetch_order_book: mid=0.06500 spread=9.23bps bids=20 asks=20
2026-05-10 22:16:26,531 | INFO | SPREAD | pair=CHIP/USDC | cex=0.06497/0.06503 | dex_sell=0.0650293 dex_buy=0.065048 | spread_a=-0.1bps spread_b=-12.0bps | min=30.0bps
2026-05-10 22:16:27,534 | INFO | fetch_order_book: symbol=CHIP/USDC limit=20
2026-05-10 22:16:27,794 | INFO | fetch_order_book: mid=0.06498 spread=9.23bps bids=20 asks=20
2026-05-10 22:16:28,699 | INFO | SPREAD | pair=CHIP/USDC | cex=0.06495/0.06501 | dex_sell=0.0650293 dex_buy=0.065048 | spread_a=3.0bps spread_b=-15.1bps | min=30.0bps
2026-05-10 22:16:29,702 | INFO | fetch_order_book: symbol=CHIP/USDC limit=20
2026-05-10 22:16:29,959 | INFO | fetch_order_book: mid=0.064995 spread=4.62bps bids=20 asks=20
2026-05-10 22:16:30,881 | INFO | SPREAD | pair=CHIP/USDC | cex=0.06498/0.06501 | dex_sell=0.0650293 dex_buy=0.065048 | spread_a=3.0bps spread_b=-10.4bps | min=30.0bps
2026-05-10 22:16:31,883 | INFO | fetch_order_book: symbol=CHIP/USDC limit=20
2026-05-10 22:16:32,138 | INFO | fetch_order_book: mid=0.064975 spread=7.70bps bids=20 asks=20
2026-05-10 22:16:33,087 | INFO | SPREAD | pair=CHIP/USDC | cex=0.06495/0.065 | dex_sell=0.0650293 dex_buy=0.065048 | spread_a=4.5bps spread_b=-15.1bps | min=30.0bps
2026-05-10 22:16:34,089 | INFO | fetch_order_book: symbol=CHIP/USDC limit=20
2026-05-10 22:16:34,346 | INFO | fetch_order_book: mid=0.06495 spread=6.16bps bids=20 asks=20
2026-05-10 22:16:35,259 | INFO | SPREAD | pair=CHIP/USDC | cex=0.06493/0.06497 | dex_sell=0.0650293 dex_buy=0.0650009 | spread_a=9.1bps spread_b=-10.9bps | min=30.0bps
2026-05-10 22:16:36,261 | INFO | fetch_order_book: symbol=CHIP/USDC limit=20
2026-05-10 22:16:36,519 | INFO | fetch_order_book: mid=0.06495 spread=6.16bps bids=20 asks=20
2026-05-10 22:16:37,428 | INFO | SPREAD | pair=CHIP/USDC | cex=0.06493/0.06497 | dex_sell=0.0649823 dex_buy=0.0650009 | spread_a=1.9bps spread_b=-10.9bps | min=30.0bps
2026-05-10 22:16:38,430 | INFO | fetch_order_book: symbol=CHIP/USDC limit=20
2026-05-10 22:16:38,692 | INFO | fetch_order_book: mid=0.06490 spread=3.08bps bids=20 asks=20
2026-05-10 22:16:39,627 | INFO | SPREAD | pair=CHIP/USDC | cex=0.06489/0.06491 | dex_sell=0.0649823 dex_buy=0.0650009 | spread_a=11.1bps spread_b=-17.1bps | min=30.0bps
2026-05-10 22:16:40,628 | INFO | fetch_order_book: symbol=CHIP/USDC limit=20
2026-05-10 22:16:40,884 | INFO | fetch_order_book: mid=0.064935 spread=4.62bps bids=20 asks=20
2026-05-10 22:16:41,785 | INFO | SPREAD | pair=CHIP/USDC | cex=0.06492/0.06495 | dex_sell=0.0649823 dex_buy=0.0650009 | spread_a=5.0bps spread_b=-12.4bps | min=30.0bps
2026-05-10 22:16:42,787 | INFO | fetch_order_book: symbol=CHIP/USDC limit=20
2026-05-10 22:16:43,050 | INFO | fetch_order_book: mid=0.06491 spread=6.16bps bids=20 asks=20
2026-05-10 22:16:44,016 | INFO | SPREAD | pair=CHIP/USDC | cex=0.06489/0.06493 | dex_sell=0.0649389 dex_buy=0.0649575 | spread_a=1.4bps spread_b=-10.4bps | min=30.0bps
2026-05-10 22:16:45,018 | INFO | fetch_order_book: symbol=CHIP/USDC limit=20
2026-05-10 22:16:45,276 | INFO | fetch_order_book: mid=0.06491 spread=6.16bps bids=20 asks=20
2026-05-10 22:16:46,219 | INFO | SPREAD | pair=CHIP/USDC | cex=0.06489/0.06493 | dex_sell=0.0649389 dex_buy=0.0649575 | spread_a=1.4bps spread_b=-10.4bps | min=30.0bps
2026-05-10 22:16:47,221 | INFO | fetch_order_book: symbol=CHIP/USDC limit=20
2026-05-10 22:16:47,480 | INFO | fetch_order_book: mid=0.064935 spread=7.70bps bids=20 asks=20
2026-05-10 22:16:48,410 | INFO | SPREAD | pair=CHIP/USDC | cex=0.06491/0.06496 | dex_sell=0.0649389 dex_buy=0.0649575 | spread_a=-3.2bps spread_b=-7.3bps | min=30.0bps
2026-05-10 22:16:49,413 | INFO | fetch_order_book: symbol=CHIP/USDC limit=20
2026-05-10 22:16:49,671 | INFO | fetch_order_book: mid=0.064945 spread=4.62bps bids=20 asks=20
2026-05-10 22:16:50,571 | INFO | SPREAD | pair=CHIP/USDC | cex=0.06493/0.06496 | dex_sell=0.0649389 dex_buy=0.0649575 | spread_a=-3.2bps spread_b=-4.2bps | min=30.0bps
2026-05-10 22:16:51,574 | INFO | fetch_order_book: symbol=CHIP/USDC limit=20
2026-05-10 22:16:51,834 | INFO | fetch_order_book: mid=0.064965 spread=7.70bps bids=20 asks=20
2026-05-10 22:16:52,763 | INFO | SPREAD | pair=CHIP/USDC | cex=0.06494/0.06499 | dex_sell=0.0649629 dex_buy=0.0649816 | spread_a=-4.2bps spread_b=-6.4bps | min=30.0bps
2026-05-10 22:16:53,766 | INFO | fetch_order_book: symbol=CHIP/USDC limit=20
2026-05-10 22:16:54,022 | INFO | fetch_order_book: mid=0.064965 spread=7.70bps bids=20 asks=20
2026-05-10 22:16:55,088 | INFO | SPREAD | pair=CHIP/USDC | cex=0.06494/0.06499 | dex_sell=0.0649629 dex_buy=0.0649816 | spread_a=-4.2bps spread_b=-6.4bps | min=30.0bps
2026-05-10 22:16:56,090 | INFO | fetch_order_book: symbol=CHIP/USDC limit=20
2026-05-10 22:16:56,348 | INFO | fetch_order_book: mid=0.064935 spread=7.70bps bids=20 asks=20
2026-05-10 22:16:57,263 | INFO | SPREAD | pair=CHIP/USDC | cex=0.06491/0.06496 | dex_sell=0.0649629 dex_buy=0.0649577 | spread_a=0.4bps spread_b=-7.3bps | min=30.0bps
2026-05-10 22:16:58,266 | INFO | fetch_order_book: symbol=CHIP/USDC limit=20
2026-05-10 22:16:58,524 | INFO | fetch_order_book: mid=0.064935 spread=7.70bps bids=20 asks=20
2026-05-10 22:16:59,430 | INFO | SPREAD | pair=CHIP/USDC | cex=0.06491/0.06496 | dex_sell=0.064939 dex_buy=0.0649577 | spread_a=-3.2bps spread_b=-7.3bps | min=30.0bps
2026-05-10 22:17:00,432 | INFO | fetch_order_book: symbol=CHIP/USDC limit=20
2026-05-10 22:17:00,686 | INFO | fetch_order_book: mid=0.06490 spread=6.16bps bids=20 asks=20
2026-05-10 22:17:01,552 | INFO | SPREAD | pair=CHIP/USDC | cex=0.06488/0.06492 | dex_sell=0.064939 dex_buy=0.0649577 | spread_a=2.9bps spread_b=-12.0bps | min=30.0bps
2026-05-10 22:17:02,554 | INFO | fetch_order_book: symbol=CHIP/USDC limit=20
2026-05-10 22:17:02,827 | INFO | fetch_order_book: mid=0.06491 spread=6.16bps bids=20 asks=20
2026-05-10 22:17:03,966 | INFO | SPREAD | pair=CHIP/USDC | cex=0.06489/0.06493 | dex_sell=0.064939 dex_buy=0.0649577 | spread_a=1.4bps spread_b=-10.4bps | min=30.0bps
2026-05-10 22:17:04,968 | INFO | fetch_order_book: symbol=CHIP/USDC limit=20
2026-05-10 22:17:05,224 | INFO | fetch_order_book: mid=0.06496 spread=6.16bps bids=20 asks=20
2026-05-10 22:17:06,176 | INFO | SPREAD | pair=CHIP/USDC | cex=0.06494/0.06498 | dex_sell=0.064939 dex_buy=0.0649577 | spread_a=-6.3bps spread_b=-2.7bps | min=30.0bps
2026-05-10 22:17:07,178 | INFO | fetch_order_book: symbol=CHIP/USDC limit=20
2026-05-10 22:17:07,436 | INFO | fetch_order_book: mid=0.06497 spread=6.16bps bids=20 asks=20
2026-05-10 22:17:08,409 | INFO | SPREAD | pair=CHIP/USDC | cex=0.06495/0.06499 | dex_sell=0.0649628 dex_buy=0.0649814 | spread_a=-4.2bps spread_b=-4.8bps | min=30.0bps
2026-05-10 22:17:09,411 | INFO | fetch_order_book: symbol=CHIP/USDC limit=20
2026-05-10 22:17:09,675 | INFO | fetch_order_book: mid=0.064995 spread=1.54bps bids=20 asks=20
2026-05-10 22:17:10,567 | INFO | SPREAD | pair=CHIP/USDC | cex=0.06499/0.065 | dex_sell=0.0649628 dex_buy=0.0650015 | spread_a=-5.7bps spread_b=-1.8bps | min=30.0bps
2026-05-10 22:17:11,569 | INFO | fetch_order_book: symbol=CHIP/USDC limit=20
2026-05-10 22:17:11,830 | INFO | fetch_order_book: mid=0.06501 spread=6.15bps bids=20 asks=20
2026-05-10 22:17:12,755 | INFO | SPREAD | pair=CHIP/USDC | cex=0.06499/0.06503 | dex_sell=0.0650128 dex_buy=0.0650315 | spread_a=-2.6bps spread_b=-6.4bps | min=30.0bps
2026-05-10 22:17:13,757 | INFO | fetch_order_book: symbol=CHIP/USDC limit=20
2026-05-10 22:17:14,015 | INFO | fetch_order_book: mid=0.065015 spread=4.61bps bids=20 asks=20
2026-05-10 22:17:14,933 | INFO | SPREAD | pair=CHIP/USDC | cex=0.065/0.06503 | dex_sell=0.0650128 dex_buy=0.0650315 | spread_a=-2.6bps spread_b=-4.8bps | min=30.0bps
2026-05-10 22:17:15,935 | INFO | fetch_order_book: symbol=CHIP/USDC limit=20
2026-05-10 22:17:16,193 | INFO | fetch_order_book: mid=0.06502 spread=6.15bps bids=20 asks=20
2026-05-10 22:17:17,156 | INFO | SPREAD | pair=CHIP/USDC | cex=0.065/0.06504 | dex_sell=0.0650128 dex_buy=0.0650315 | spread_a=-4.2bps spread_b=-4.8bps | min=30.0bps
2026-05-10 22:17:18,158 | INFO | fetch_order_book: symbol=CHIP/USDC limit=20
2026-05-10 22:17:18,414 | INFO | fetch_order_book: mid=0.065025 spread=4.61bps bids=20 asks=20
2026-05-10 22:17:19,341 | INFO | SPREAD | pair=CHIP/USDC | cex=0.06501/0.06504 | dex_sell=0.0650128 dex_buy=0.0650315 | spread_a=-4.2bps spread_b=-3.3bps | min=30.0bps
2026-05-10 22:17:20,343 | INFO | fetch_order_book: symbol=CHIP/USDC limit=20
2026-05-10 22:17:20,690 | INFO | fetch_order_book: mid=0.065005 spread=7.69bps bids=20 asks=20
2026-05-10 22:17:21,615 | INFO | SPREAD | pair=CHIP/USDC | cex=0.06498/0.06503 | dex_sell=0.0650128 dex_buy=0.0650315 | spread_a=-2.6bps spread_b=-7.9bps | min=30.0bps
2026-05-10 22:17:22,617 | INFO | fetch_order_book: symbol=CHIP/USDC limit=20
2026-05-10 22:17:22,875 | INFO | fetch_order_book: mid=0.064945 spread=4.62bps bids=20 asks=20
2026-05-10 22:17:23,844 | INFO | SPREAD | pair=CHIP/USDC | cex=0.06493/0.06496 | dex_sell=0.0649464 dex_buy=0.0649651 | spread_a=-2.1bps spread_b=-5.4bps | min=30.0bps
2026-05-10 22:17:24,846 | INFO | fetch_order_book: symbol=CHIP/USDC limit=20
2026-05-10 22:17:25,103 | INFO | fetch_order_book: mid=0.064985 spread=4.62bps bids=20 asks=20
2026-05-10 22:17:26,019 | INFO | SPREAD | pair=CHIP/USDC | cex=0.06497/0.065 | dex_sell=0.064973 dex_buy=0.0649916 | spread_a=-4.2bps spread_b=-3.3bps | min=30.0bps
2026-05-10 22:17:27,021 | INFO | fetch_order_book: symbol=CHIP/USDC limit=20
2026-05-10 22:17:27,281 | INFO | fetch_order_book: mid=0.065015 spread=4.61bps bids=20 asks=20
2026-05-10 22:17:28,198 | INFO | SPREAD | pair=CHIP/USDC | cex=0.065/0.06503 | dex_sell=0.0650029 dex_buy=0.0650215 | spread_a=-4.2bps spread_b=-3.3bps | min=30.0bps
2026-05-10 22:17:29,200 | INFO | fetch_order_book: symbol=CHIP/USDC limit=20
2026-05-10 22:17:29,458 | INFO | fetch_order_book: mid=0.06507 spread=3.07bps bids=20 asks=20
2026-05-10 22:17:30,371 | INFO | SPREAD | pair=CHIP/USDC | cex=0.06506/0.06508 | dex_sell=0.0650428 dex_buy=0.0650615 | spread_a=-5.7bps spread_b=-0.2bps | min=30.0bps
2026-05-10 22:17:31,374 | INFO | fetch_order_book: symbol=CHIP/USDC limit=20
2026-05-10 22:17:31,634 | INFO | fetch_order_book: mid=0.065105 spread=4.61bps bids=20 asks=20
2026-05-10 22:17:32,555 | INFO | SPREAD | pair=CHIP/USDC | cex=0.06509/0.06512 | dex_sell=0.0650928 dex_buy=0.0651115 | spread_a=-4.2bps spread_b=-3.3bps | min=30.0bps
2026-05-10 22:17:33,558 | INFO | fetch_order_book: symbol=CHIP/USDC limit=20
2026-05-10 22:17:33,814 | INFO | fetch_order_book: mid=0.06511 spread=3.07bps bids=20 asks=20
2026-05-10 22:17:34,713 | INFO | SPREAD | pair=CHIP/USDC | cex=0.0651/0.06512 | dex_sell=0.0650928 dex_buy=0.0651115 | spread_a=-4.2bps spread_b=-1.8bps | min=30.0bps
2026-05-10 22:17:35,716 | INFO | fetch_order_book: symbol=CHIP/USDC limit=20
2026-05-10 22:17:35,971 | INFO | fetch_order_book: mid=0.06511 spread=3.07bps bids=20 asks=20
2026-05-10 22:17:36,888 | INFO | SPREAD | pair=CHIP/USDC | cex=0.0651/0.06512 | dex_sell=0.0650928 dex_buy=0.0651115 | spread_a=-4.2bps spread_b=-1.8bps | min=30.0bps
2026-05-10 22:17:37,891 | INFO | fetch_order_book: symbol=CHIP/USDC limit=20
2026-05-10 22:17:38,149 | INFO | fetch_order_book: mid=0.065145 spread=4.61bps bids=20 asks=20
2026-05-10 22:17:39,084 | INFO | SPREAD | pair=CHIP/USDC | cex=0.06513/0.06516 | dex_sell=0.0651419 dex_buy=0.0651606 | spread_a=-2.8bps spread_b=-4.7bps | min=30.0bps
2026-05-10 22:17:40,086 | INFO | fetch_order_book: symbol=CHIP/USDC limit=20
2026-05-10 22:17:40,344 | INFO | fetch_order_book: mid=0.065185 spread=4.60bps bids=20 asks=20
2026-05-10 22:17:41,257 | INFO | SPREAD | pair=CHIP/USDC | cex=0.06517/0.0652 | dex_sell=0.0651419 dex_buy=0.0651606 | spread_a=-8.9bps spread_b=1.4bps | min=30.0bps
2026-05-10 22:17:42,259 | INFO | fetch_order_book: symbol=CHIP/USDC limit=20
2026-05-10 22:17:42,516 | INFO | fetch_order_book: mid=0.065155 spread=7.67bps bids=20 asks=20
2026-05-10 22:17:43,458 | INFO | SPREAD | pair=CHIP/USDC | cex=0.06513/0.06518 | dex_sell=0.0651801 dex_buy=0.0651753 | spread_a=0.0bps spread_b=-6.9bps | min=30.0bps
2026-05-10 22:17:44,461 | INFO | fetch_order_book: symbol=CHIP/USDC limit=20
2026-05-10 22:17:44,716 | INFO | fetch_order_book: mid=0.065155 spread=7.67bps bids=20 asks=20
2026-05-10 22:17:45,675 | INFO | SPREAD | pair=CHIP/USDC | cex=0.06513/0.06518 | dex_sell=0.0651566 dex_buy=0.0651753 | spread_a=-3.6bps spread_b=-6.9bps | min=30.0bps
2026-05-10 22:17:46,677 | INFO | fetch_order_book: symbol=CHIP/USDC limit=20
2026-05-10 22:17:46,937 | INFO | fetch_order_book: mid=0.065155 spread=7.67bps bids=20 asks=20
2026-05-10 22:17:47,861 | INFO | SPREAD | pair=CHIP/USDC | cex=0.06513/0.06518 | dex_sell=0.0651566 dex_buy=0.0651753 | spread_a=-3.6bps spread_b=-6.9bps | min=30.0bps
2026-05-10 22:17:48,863 | INFO | fetch_order_book: symbol=CHIP/USDC limit=20
2026-05-10 22:17:49,117 | INFO | fetch_order_book: mid=0.06517 spread=6.14bps bids=20 asks=20
2026-05-10 22:17:50,103 | INFO | SPREAD | pair=CHIP/USDC | cex=0.06515/0.06519 | dex_sell=0.0651566 dex_buy=0.0651753 | spread_a=-5.1bps spread_b=-3.9bps | min=30.0bps
2026-05-10 22:17:51,106 | INFO | fetch_order_book: symbol=CHIP/USDC limit=20
2026-05-10 22:17:51,362 | INFO | fetch_order_book: mid=0.06514 spread=6.14bps bids=20 asks=20
2026-05-10 22:17:52,356 | INFO | SPREAD | pair=CHIP/USDC | cex=0.06512/0.06516 | dex_sell=0.0651264 dex_buy=0.0651451 | spread_a=-5.2bps spread_b=-3.9bps | min=30.0bps
2026-05-10 22:17:53,359 | INFO | fetch_order_book: symbol=CHIP/USDC limit=20
2026-05-10 22:17:53,614 | INFO | fetch_order_book: mid=0.06510 spread=6.14bps bids=20 asks=20
2026-05-10 22:17:54,525 | INFO | SPREAD | pair=CHIP/USDC | cex=0.06508/0.06512 | dex_sell=0.0650966 dex_buy=0.0651152 | spread_a=-3.6bps spread_b=-5.4bps | min=30.0bps
2026-05-10 22:17:55,527 | INFO | fetch_order_book: symbol=CHIP/USDC limit=20
2026-05-10 22:17:55,784 | INFO | fetch_order_book: mid=0.06511 spread=6.14bps bids=20 asks=20
2026-05-10 22:17:56,734 | INFO | SPREAD | pair=CHIP/USDC | cex=0.06509/0.06513 | dex_sell=0.0650966 dex_buy=0.0651152 | spread_a=-5.1bps spread_b=-3.9bps | min=30.0bps
2026-05-10 22:17:57,737 | INFO | fetch_order_book: symbol=CHIP/USDC limit=20
2026-05-10 22:17:57,990 | INFO | fetch_order_book: mid=0.06511 spread=6.14bps bids=20 asks=20
2026-05-10 22:17:58,888 | INFO | SPREAD | pair=CHIP/USDC | cex=0.06509/0.06513 | dex_sell=0.0650966 dex_buy=0.0651152 | spread_a=-5.1bps spread_b=-3.9bps | min=30.0bps
2026-05-10 22:17:59,891 | INFO | fetch_order_book: symbol=CHIP/USDC limit=20
2026-05-10 22:18:00,228 | INFO | fetch_order_book: mid=0.065105 spread=7.68bps bids=20 asks=20
2026-05-10 22:18:01,126 | INFO | SPREAD | pair=CHIP/USDC | cex=0.06508/0.06513 | dex_sell=0.0650966 dex_buy=0.0651152 | spread_a=-5.1bps spread_b=-5.4bps | min=30.0bps
2026-05-10 22:18:02,129 | INFO | fetch_order_book: symbol=CHIP/USDC limit=20
2026-05-10 22:18:02,397 | INFO | fetch_order_book: mid=0.065135 spread=7.68bps bids=20 asks=20
2026-05-10 22:18:03,359 | INFO | SPREAD | pair=CHIP/USDC | cex=0.06511/0.06516 | dex_sell=0.0650966 dex_buy=0.0651152 | spread_a=-9.7bps spread_b=-0.8bps | min=30.0bps
2026-05-10 22:18:04,361 | INFO | fetch_order_book: symbol=CHIP/USDC limit=20
2026-05-10 22:18:04,698 | INFO | fetch_order_book: mid=0.06514 spread=6.14bps bids=20 asks=20
2026-05-10 22:18:05,597 | INFO | SPREAD | pair=CHIP/USDC | cex=0.06512/0.06516 | dex_sell=0.0651229 dex_buy=0.0651416 | spread_a=-5.7bps spread_b=-3.3bps | min=30.0bps
2026-05-10 22:18:06,600 | INFO | fetch_order_book: symbol=CHIP/USDC limit=20
2026-05-10 22:18:06,855 | INFO | fetch_order_book: mid=0.065065 spread=4.61bps bids=20 asks=20
2026-05-10 22:18:07,758 | INFO | SPREAD | pair=CHIP/USDC | cex=0.06505/0.06508 | dex_sell=0.0650966 dex_buy=0.0650852 | spread_a=2.6bps spread_b=-5.4bps | min=30.0bps
2026-05-10 22:18:08,762 | INFO | fetch_order_book: symbol=CHIP/USDC limit=20
2026-05-10 22:18:09,019 | INFO | fetch_order_book: mid=0.065045 spread=1.54bps bids=20 asks=20
2026-05-10 22:18:09,973 | INFO | SPREAD | pair=CHIP/USDC | cex=0.06504/0.06505 | dex_sell=0.0650665 dex_buy=0.0650551 | spread_a=2.5bps spread_b=-2.3bps | min=30.0bps
2026-05-10 22:18:10,975 | INFO | fetch_order_book: symbol=CHIP/USDC limit=20
2026-05-10 22:18:11,231 | INFO | fetch_order_book: mid=0.06499 spread=3.08bps bids=20 asks=20
2026-05-10 22:18:12,131 | INFO | SPREAD | pair=CHIP/USDC | cex=0.06498/0.065 | dex_sell=0.0649765 dex_buy=0.0649952 | spread_a=-3.6bps spread_b=-2.3bps | min=30.0bps
2026-05-10 22:18:13,132 | INFO | fetch_order_book: symbol=CHIP/USDC limit=20
2026-05-10 22:18:13,394 | INFO | fetch_order_book: mid=0.06499 spread=3.08bps bids=20 asks=20
2026-05-10 22:18:14,355 | INFO | SPREAD | pair=CHIP/USDC | cex=0.06498/0.065 | dex_sell=0.0649765 dex_buy=0.0649952 | spread_a=-3.6bps spread_b=-2.3bps | min=30.0bps
2026-05-10 22:18:15,358 | INFO | fetch_order_book: symbol=CHIP/USDC limit=20
2026-05-10 22:18:15,624 | INFO | fetch_order_book: mid=0.064985 spread=1.54bps bids=20 asks=20
2026-05-10 22:18:16,546 | INFO | SPREAD | pair=CHIP/USDC | cex=0.06498/0.06499 | dex_sell=0.0649765 dex_buy=0.0649952 | spread_a=-2.1bps spread_b=-2.3bps | min=30.0bps
2026-05-10 22:18:17,549 | INFO | fetch_order_book: symbol=CHIP/USDC limit=20
2026-05-10 22:18:17,804 | INFO | fetch_order_book: mid=0.06501 spread=6.15bps bids=20 asks=20
2026-05-10 22:18:18,716 | INFO | SPREAD | pair=CHIP/USDC | cex=0.06499/0.06503 | dex_sell=0.0649765 dex_buy=0.0650215 | spread_a=-8.2bps spread_b=-4.8bps | min=30.0bps
2026-05-10 22:18:19,718 | INFO | fetch_order_book: symbol=CHIP/USDC limit=20
2026-05-10 22:18:19,975 | INFO | fetch_order_book: mid=0.065005 spread=4.62bps bids=20 asks=20
2026-05-10 22:18:20,862 | INFO | SPREAD | pair=CHIP/USDC | cex=0.06499/0.06502 | dex_sell=0.0650028 dex_buy=0.0650215 | spread_a=-2.6bps spread_b=-4.8bps | min=30.0bps
2026-05-10 22:18:21,864 | INFO | fetch_order_book: symbol=CHIP/USDC limit=20
2026-05-10 22:18:22,126 | INFO | fetch_order_book: mid=0.065005 spread=4.62bps bids=20 asks=20
2026-05-10 22:18:23,020 | INFO | SPREAD | pair=CHIP/USDC | cex=0.06499/0.06502 | dex_sell=0.0650028 dex_buy=0.0650215 | spread_a=-2.6bps spread_b=-4.8bps | min=30.0bps
2026-05-10 22:18:24,023 | INFO | fetch_order_book: symbol=CHIP/USDC limit=20
2026-05-10 22:18:24,277 | INFO | fetch_order_book: mid=0.065005 spread=4.62bps bids=20 asks=20
2026-05-10 22:18:25,124 | INFO | SPREAD | pair=CHIP/USDC | cex=0.06499/0.06502 | dex_sell=0.0650028 dex_buy=0.0650215 | spread_a=-2.6bps spread_b=-4.8bps | min=30.0bps
2026-05-10 22:18:26,126 | INFO | fetch_order_book: symbol=CHIP/USDC limit=20
2026-05-10 22:18:26,386 | INFO | fetch_order_book: mid=0.065005 spread=4.62bps bids=20 asks=20
2026-05-10 22:18:27,365 | INFO | SPREAD | pair=CHIP/USDC | cex=0.06499/0.06502 | dex_sell=0.0650028 dex_buy=0.0650215 | spread_a=-2.6bps spread_b=-4.8bps | min=30.0bps
2026-05-10 22:18:28,368 | INFO | fetch_order_book: symbol=CHIP/USDC limit=20
2026-05-10 22:18:28,643 | INFO | fetch_order_book: mid=0.06501 spread=6.15bps bids=20 asks=20
2026-05-10 22:18:29,589 | INFO | SPREAD | pair=CHIP/USDC | cex=0.06499/0.06503 | dex_sell=0.0650028 dex_buy=0.0650215 | spread_a=-4.2bps spread_b=-4.8bps | min=30.0bps
2026-05-10 22:18:30,591 | INFO | fetch_order_book: symbol=CHIP/USDC limit=20
2026-05-10 22:18:30,849 | INFO | fetch_order_book: mid=0.06502 spread=6.15bps bids=20 asks=20
2026-05-10 22:18:31,791 | INFO | SPREAD | pair=CHIP/USDC | cex=0.065/0.06504 | dex_sell=0.0650028 dex_buy=0.0650215 | spread_a=-5.7bps spread_b=-3.3bps | min=30.0bps
2026-05-10 22:18:32,793 | INFO | fetch_order_book: symbol=CHIP/USDC limit=20
2026-05-10 22:18:33,050 | INFO | fetch_order_book: mid=0.06505 spread=3.07bps bids=20 asks=20
2026-05-10 22:18:33,995 | INFO | SPREAD | pair=CHIP/USDC | cex=0.06504/0.06506 | dex_sell=0.0650229 dex_buy=0.0650416 | spread_a=-5.7bps spread_b=-0.2bps | min=30.0bps
2026-05-10 22:18:34,997 | INFO | fetch_order_book: symbol=CHIP/USDC limit=20
2026-05-10 22:18:35,252 | INFO | fetch_order_book: mid=0.06507 spread=3.07bps bids=20 asks=20
2026-05-10 22:18:36,163 | INFO | SPREAD | pair=CHIP/USDC | cex=0.06506/0.06508 | dex_sell=0.0650229 dex_buy=0.0650715 | spread_a=-8.8bps spread_b=-1.8bps | min=30.0bps
2026-05-10 22:18:37,166 | INFO | fetch_order_book: symbol=CHIP/USDC limit=20
2026-05-10 22:18:37,422 | INFO | fetch_order_book: mid=0.065095 spread=1.54bps bids=20 asks=20
2026-05-10 22:18:38,429 | INFO | SPREAD | pair=CHIP/USDC | cex=0.06509/0.0651 | dex_sell=0.0650528 dex_buy=0.0651215 | spread_a=-7.2bps spread_b=-4.8bps | min=30.0bps
2026-05-10 22:18:39,431 | INFO | fetch_order_book: symbol=CHIP/USDC limit=20
2026-05-10 22:18:39,694 | INFO | fetch_order_book: mid=0.06513 spread=3.07bps bids=20 asks=20
2026-05-10 22:18:40,737 | INFO | SPREAD | pair=CHIP/USDC | cex=0.06512/0.06514 | dex_sell=0.0651029 dex_buy=0.0651216 | spread_a=-5.7bps spread_b=-0.2bps | min=30.0bps
2026-05-10 22:18:41,740 | INFO | fetch_order_book: symbol=CHIP/USDC limit=20
2026-05-10 22:18:41,996 | INFO | fetch_order_book: mid=0.06511 spread=6.14bps bids=20 asks=20
2026-05-10 22:18:42,974 | INFO | SPREAD | pair=CHIP/USDC | cex=0.06509/0.06513 | dex_sell=0.0651029 dex_buy=0.0651216 | spread_a=-4.2bps spread_b=-4.8bps | min=30.0bps
2026-05-10 22:18:43,977 | INFO | fetch_order_book: symbol=CHIP/USDC limit=20
2026-05-10 22:18:44,230 | INFO | fetch_order_book: mid=0.06508 spread=6.15bps bids=20 asks=20
2026-05-10 22:18:45,181 | INFO | SPREAD | pair=CHIP/USDC | cex=0.06506/0.0651 | dex_sell=0.0651029 dex_buy=0.0651215 | spread_a=0.4bps spread_b=-9.5bps | min=30.0bps
2026-05-10 22:18:46,184 | INFO | fetch_order_book: symbol=CHIP/USDC limit=20
2026-05-10 22:18:46,445 | INFO | fetch_order_book: mid=0.065065 spread=7.68bps bids=20 asks=20
2026-05-10 22:18:47,329 | INFO | SPREAD | pair=CHIP/USDC | cex=0.06504/0.06509 | dex_sell=0.0650564 dex_buy=0.0650751 | spread_a=-5.2bps spread_b=-5.4bps | min=30.0bps
2026-05-10 22:18:48,331 | INFO | fetch_order_book: symbol=CHIP/USDC limit=20
2026-05-10 22:18:48,589 | INFO | fetch_order_book: mid=0.06505 spread=3.07bps bids=20 asks=20
2026-05-10 22:18:49,514 | INFO | SPREAD | pair=CHIP/USDC | cex=0.06504/0.06506 | dex_sell=0.0650564 dex_buy=0.0650751 | spread_a=-0.6bps spread_b=-5.4bps | min=30.0bps
2026-05-10 22:18:50,516 | INFO | fetch_order_book: symbol=CHIP/USDC limit=20
2026-05-10 22:18:50,771 | INFO | fetch_order_book: mid=0.06505 spread=3.07bps bids=20 asks=20
2026-05-10 22:18:51,697 | INFO | SPREAD | pair=CHIP/USDC | cex=0.06504/0.06506 | dex_sell=0.0650564 dex_buy=0.0650751 | spread_a=-0.6bps spread_b=-5.4bps | min=30.0bps
2026-05-10 22:18:52,700 | INFO | fetch_order_book: symbol=CHIP/USDC limit=20
2026-05-10 22:18:52,964 | INFO | fetch_order_book: mid=0.06503 spread=3.08bps bids=20 asks=20
2026-05-10 22:18:53,834 | INFO | SPREAD | pair=CHIP/USDC | cex=0.06502/0.06504 | dex_sell=0.0650266 dex_buy=0.0650453 | spread_a=-2.1bps spread_b=-3.9bps | min=30.0bps
2026-05-10 22:18:54,836 | INFO | fetch_order_book: symbol=CHIP/USDC limit=20
2026-05-10 22:18:55,205 | INFO | fetch_order_book: mid=0.06504 spread=6.15bps bids=20 asks=20
2026-05-10 22:18:56,135 | INFO | SPREAD | pair=CHIP/USDC | cex=0.06502/0.06506 | dex_sell=0.0650266 dex_buy=0.0650453 | spread_a=-5.1bps spread_b=-3.9bps | min=30.0bps
2026-05-10 22:18:57,136 | INFO | fetch_order_book: symbol=CHIP/USDC limit=20
2026-05-10 22:18:57,414 | INFO | fetch_order_book: mid=0.06504 spread=6.15bps bids=20 asks=20
2026-05-10 22:18:58,360 | INFO | SPREAD | pair=CHIP/USDC | cex=0.06502/0.06506 | dex_sell=0.0650266 dex_buy=0.0650453 | spread_a=-5.1bps spread_b=-3.9bps | min=30.0bps
2026-05-10 22:18:59,362 | INFO | fetch_order_book: symbol=CHIP/USDC limit=20
2026-05-10 22:18:59,626 | INFO | fetch_order_book: mid=0.06504 spread=6.15bps bids=20 asks=20
2026-05-10 22:19:00,572 | INFO | SPREAD | pair=CHIP/USDC | cex=0.06502/0.06506 | dex_sell=0.0650266 dex_buy=0.0650453 | spread_a=-5.1bps spread_b=-3.9bps | min=30.0bps
2026-05-10 22:19:01,574 | INFO | fetch_order_book: symbol=CHIP/USDC limit=20
2026-05-10 22:19:01,832 | INFO | fetch_order_book: mid=0.06501 spread=3.08bps bids=20 asks=20
2026-05-10 22:19:02,771 | INFO | SPREAD | pair=CHIP/USDC | cex=0.065/0.06502 | dex_sell=0.0650266 dex_buy=0.0650251 | spread_a=1.0bps spread_b=-3.9bps | min=30.0bps
2026-05-10 22:19:03,773 | INFO | fetch_order_book: symbol=CHIP/USDC limit=20
2026-05-10 22:19:04,030 | INFO | fetch_order_book: mid=0.06499 spread=3.08bps bids=20 asks=20
2026-05-10 22:19:04,960 | INFO | SPREAD | pair=CHIP/USDC | cex=0.06498/0.065 | dex_sell=0.0650064 dex_buy=0.0650251 | spread_a=1.0bps spread_b=-6.9bps | min=30.0bps
2026-05-10 22:19:05,963 | INFO | fetch_order_book: symbol=CHIP/USDC limit=20
2026-05-10 22:19:06,220 | INFO | fetch_order_book: mid=0.06501 spread=6.15bps bids=20 asks=20
2026-05-10 22:19:07,171 | INFO | SPREAD | pair=CHIP/USDC | cex=0.06499/0.06503 | dex_sell=0.0650064 dex_buy=0.0650251 | spread_a=-3.6bps spread_b=-5.4bps | min=30.0bps
2026-05-10 22:19:08,173 | INFO | fetch_order_book: symbol=CHIP/USDC limit=20
2026-05-10 22:19:08,459 | INFO | fetch_order_book: mid=0.06503 spread=9.23bps bids=20 asks=20
2026-05-10 22:19:09,401 | INFO | SPREAD | pair=CHIP/USDC | cex=0.065/0.06506 | dex_sell=0.0650064 dex_buy=0.0650251 | spread_a=-8.2bps spread_b=-3.9bps | min=30.0bps
2026-05-10 22:19:10,403 | INFO | fetch_order_book: symbol=CHIP/USDC limit=20
2026-05-10 22:19:10,657 | INFO | fetch_order_book: mid=0.06503 spread=9.23bps bids=20 asks=20
2026-05-10 22:19:11,572 | INFO | SPREAD | pair=CHIP/USDC | cex=0.065/0.06506 | dex_sell=0.0650064 dex_buy=0.0650251 | spread_a=-8.2bps spread_b=-3.9bps | min=30.0bps
2026-05-10 22:19:12,576 | INFO | fetch_order_book: symbol=CHIP/USDC limit=20
2026-05-10 22:19:12,836 | INFO | fetch_order_book: mid=0.065025 spread=7.69bps bids=20 asks=20
2026-05-10 22:19:13,766 | INFO | SPREAD | pair=CHIP/USDC | cex=0.065/0.06505 | dex_sell=0.0650064 dex_buy=0.0650251 | spread_a=-6.7bps spread_b=-3.9bps | min=30.0bps
2026-05-10 22:19:14,768 | INFO | fetch_order_book: symbol=CHIP/USDC limit=20
2026-05-10 22:19:15,071 | INFO | fetch_order_book: mid=0.065025 spread=7.69bps bids=20 asks=20
2026-05-10 22:19:16,020 | INFO | SPREAD | pair=CHIP/USDC | cex=0.065/0.06505 | dex_sell=0.0650064 dex_buy=0.0650251 | spread_a=-6.7bps spread_b=-3.9bps | min=30.0bps
2026-05-10 22:19:17,022 | INFO | fetch_order_book: symbol=CHIP/USDC limit=20
2026-05-10 22:19:17,282 | INFO | fetch_order_book: mid=0.06502 spread=6.15bps bids=20 asks=20
2026-05-10 22:19:18,309 | INFO | SPREAD | pair=CHIP/USDC | cex=0.065/0.06504 | dex_sell=0.0650064 dex_buy=0.0650251 | spread_a=-5.2bps spread_b=-3.9bps | min=30.0bps
2026-05-10 22:19:19,312 | INFO | fetch_order_book: symbol=CHIP/USDC limit=20
2026-05-10 22:19:19,571 | INFO | fetch_order_book: mid=0.06502 spread=6.15bps bids=20 asks=20
2026-05-10 22:19:20,524 | INFO | SPREAD | pair=CHIP/USDC | cex=0.065/0.06504 | dex_sell=0.0650064 dex_buy=0.0650251 | spread_a=-5.2bps spread_b=-3.9bps | min=30.0bps
2026-05-10 22:19:21,526 | INFO | fetch_order_book: symbol=CHIP/USDC limit=20
2026-05-10 22:19:21,784 | INFO | fetch_order_book: mid=0.065025 spread=7.69bps bids=20 asks=20
2026-05-10 22:19:22,709 | INFO | SPREAD | pair=CHIP/USDC | cex=0.065/0.06505 | dex_sell=0.0650064 dex_buy=0.0650251 | spread_a=-6.7bps spread_b=-3.9bps | min=30.0bps
2026-05-10 22:19:23,712 | INFO | fetch_order_book: symbol=CHIP/USDC limit=20
2026-05-10 22:19:23,968 | INFO | fetch_order_book: mid=0.065035 spread=7.69bps bids=20 asks=20
2026-05-10 22:19:24,936 | INFO | SPREAD | pair=CHIP/USDC | cex=0.06501/0.06506 | dex_sell=0.065033 dex_buy=0.0650516 | spread_a=-4.2bps spread_b=-6.4bps | min=30.0bps
2026-05-10 22:19:25,939 | INFO | fetch_order_book: symbol=CHIP/USDC limit=20
2026-05-10 22:19:26,203 | INFO | fetch_order_book: mid=0.06504 spread=6.15bps bids=20 asks=20
2026-05-10 22:19:27,102 | INFO | SPREAD | pair=CHIP/USDC | cex=0.06502/0.06506 | dex_sell=0.065033 dex_buy=0.0650516 | spread_a=-4.2bps spread_b=-4.9bps | min=30.0bps
2026-05-10 22:19:28,104 | INFO | fetch_order_book: symbol=CHIP/USDC limit=20
2026-05-10 22:19:28,363 | INFO | fetch_order_book: mid=0.06506 spread=9.22bps bids=20 asks=20
2026-05-10 22:19:29,337 | INFO | SPREAD | pair=CHIP/USDC | cex=0.06503/0.06509 | dex_sell=0.0650629 dex_buy=0.0651115 | spread_a=-4.2bps spread_b=-12.5bps | min=30.0bps
2026-05-10 22:19:30,340 | INFO | fetch_order_book: symbol=CHIP/USDC limit=20
2026-05-10 22:19:30,636 | INFO | fetch_order_book: mid=0.06506 spread=9.22bps bids=20 asks=20
2026-05-10 22:19:31,604 | INFO | SPREAD | pair=CHIP/USDC | cex=0.06503/0.06509 | dex_sell=0.0650928 dex_buy=0.0651115 | spread_a=0.4bps spread_b=-12.5bps | min=30.0bps
2026-05-10 22:19:32,606 | INFO | fetch_order_book: symbol=CHIP/USDC limit=20
2026-05-10 22:19:32,901 | INFO | fetch_order_book: mid=0.06508 spread=6.15bps bids=20 asks=20
2026-05-10 22:19:33,889 | INFO | SPREAD | pair=CHIP/USDC | cex=0.06506/0.0651 | dex_sell=0.0650928 dex_buy=0.0651115 | spread_a=-1.1bps spread_b=-7.9bps | min=30.0bps
2026-05-10 22:19:34,892 | INFO | fetch_order_book: symbol=CHIP/USDC limit=20
2026-05-10 22:19:35,154 | INFO | fetch_order_book: mid=0.06507 spread=6.15bps bids=20 asks=20
2026-05-10 22:19:36,104 | INFO | SPREAD | pair=CHIP/USDC | cex=0.06505/0.06509 | dex_sell=0.0650928 dex_buy=0.0651115 | spread_a=0.4bps spread_b=-9.4bps | min=30.0bps
2026-05-10 22:19:37,107 | INFO | fetch_order_book: symbol=CHIP/USDC limit=20
2026-05-10 22:19:37,361 | INFO | fetch_order_book: mid=0.065055 spread=7.69bps bids=20 asks=20
2026-05-10 22:19:38,292 | INFO | SPREAD | pair=CHIP/USDC | cex=0.06503/0.06508 | dex_sell=0.0650928 dex_buy=0.0651115 | spread_a=2.0bps spread_b=-12.5bps | min=30.0bps
2026-05-10 22:19:39,295 | INFO | fetch_order_book: symbol=CHIP/USDC limit=20
2026-05-10 22:19:39,553 | INFO | fetch_order_book: mid=0.065075 spread=4.61bps bids=20 asks=20
2026-05-10 22:19:40,437 | INFO | SPREAD | pair=CHIP/USDC | cex=0.06506/0.06509 | dex_sell=0.0650666 dex_buy=0.0650853 | spread_a=-3.6bps spread_b=-3.9bps | min=30.0bps
2026-05-10 22:19:41,440 | INFO | fetch_order_book: symbol=CHIP/USDC limit=20
2026-05-10 22:19:41,696 | INFO | fetch_order_book: mid=0.065075 spread=4.61bps bids=20 asks=20
2026-05-10 22:19:42,633 | INFO | SPREAD | pair=CHIP/USDC | cex=0.06506/0.06509 | dex_sell=0.0650666 dex_buy=0.0650853 | spread_a=-3.6bps spread_b=-3.9bps | min=30.0bps
2026-05-10 22:19:43,636 | INFO | fetch_order_book: symbol=CHIP/USDC limit=20
2026-05-10 22:19:43,891 | INFO | fetch_order_book: mid=0.06506 spread=9.22bps bids=20 asks=20
2026-05-10 22:19:44,809 | INFO | SPREAD | pair=CHIP/USDC | cex=0.06503/0.06509 | dex_sell=0.0650666 dex_buy=0.0650853 | spread_a=-3.6bps spread_b=-8.5bps | min=30.0bps
2026-05-10 22:19:45,815 | INFO | fetch_order_book: symbol=CHIP/USDC limit=20
2026-05-10 22:19:46,071 | INFO | fetch_order_book: mid=0.06506 spread=9.22bps bids=20 asks=20
2026-05-10 22:19:46,990 | INFO | SPREAD | pair=CHIP/USDC | cex=0.06503/0.06509 | dex_sell=0.0650666 dex_buy=0.0650853 | spread_a=-3.6bps spread_b=-8.5bps | min=30.0bps
2026-05-10 22:19:47,993 | INFO | fetch_order_book: symbol=CHIP/USDC limit=20
2026-05-10 22:19:48,248 | INFO | fetch_order_book: mid=0.06506 spread=9.22bps bids=20 asks=20
2026-05-10 22:19:49,158 | INFO | SPREAD | pair=CHIP/USDC | cex=0.06503/0.06509 | dex_sell=0.0650666 dex_buy=0.0650853 | spread_a=-3.6bps spread_b=-8.5bps | min=30.0bps
2026-05-10 22:19:50,160 | INFO | fetch_order_book: symbol=CHIP/USDC limit=20
2026-05-10 22:19:50,418 | INFO | fetch_order_book: mid=0.06504 spread=6.15bps bids=20 asks=20
2026-05-10 22:19:51,308 | INFO | SPREAD | pair=CHIP/USDC | cex=0.06502/0.06506 | dex_sell=0.0650466 dex_buy=0.0650652 | spread_a=-2.1bps spread_b=-7.0bps | min=30.0bps
2026-05-10 22:19:52,310 | INFO | fetch_order_book: symbol=CHIP/USDC limit=20
2026-05-10 22:19:52,575 | INFO | fetch_order_book: mid=0.06504 spread=6.15bps bids=20 asks=20
2026-05-10 22:19:53,558 | INFO | SPREAD | pair=CHIP/USDC | cex=0.06502/0.06506 | dex_sell=0.0650466 dex_buy=0.0650652 | spread_a=-2.1bps spread_b=-7.0bps | min=30.0bps
2026-05-10 22:19:54,560 | INFO | fetch_order_book: symbol=CHIP/USDC limit=20
2026-05-10 22:19:54,821 | INFO | fetch_order_book: mid=0.06505 spread=6.15bps bids=20 asks=20
2026-05-10 22:19:55,751 | INFO | SPREAD | pair=CHIP/USDC | cex=0.06503/0.06507 | dex_sell=0.0650466 dex_buy=0.0650652 | spread_a=-3.6bps spread_b=-5.4bps | min=30.0bps
2026-05-10 22:19:56,753 | INFO | fetch_order_book: symbol=CHIP/USDC limit=20
2026-05-10 22:19:57,056 | INFO | fetch_order_book: mid=0.06505 spread=6.15bps bids=20 asks=20
2026-05-10 22:19:57,973 | INFO | SPREAD | pair=CHIP/USDC | cex=0.06503/0.06507 | dex_sell=0.0650466 dex_buy=0.0650652 | spread_a=-3.6bps spread_b=-5.4bps | min=30.0bps
2026-05-10 22:19:58,975 | INFO | fetch_order_book: symbol=CHIP/USDC limit=20
2026-05-10 22:19:59,237 | INFO | fetch_order_book: mid=0.06505 spread=6.15bps bids=20 asks=20
2026-05-10 22:20:00,173 | INFO | SPREAD | pair=CHIP/USDC | cex=0.06503/0.06507 | dex_sell=0.0650466 dex_buy=0.0650652 | spread_a=-3.6bps spread_b=-5.4bps | min=30.0bps
2026-05-10 22:20:01,176 | INFO | fetch_order_book: symbol=CHIP/USDC limit=20
2026-05-10 22:20:01,433 | INFO | fetch_order_book: mid=0.06501 spread=3.08bps bids=20 asks=20
2026-05-10 22:20:02,367 | INFO | SPREAD | pair=CHIP/USDC | cex=0.065/0.06502 | dex_sell=0.0650466 dex_buy=0.0650452 | spread_a=4.1bps spread_b=-7.0bps | min=30.0bps
2026-05-10 22:20:03,370 | INFO | fetch_order_book: symbol=CHIP/USDC limit=20
2026-05-10 22:20:03,629 | INFO | fetch_order_book: mid=0.06497 spread=3.08bps bids=20 asks=20
2026-05-10 22:20:04,562 | INFO | SPREAD | pair=CHIP/USDC | cex=0.06496/0.06498 | dex_sell=0.0650064 dex_buy=0.0649952 | spread_a=4.1bps spread_b=-5.4bps | min=30.0bps
2026-05-10 22:20:05,564 | INFO | fetch_order_book: symbol=CHIP/USDC limit=20
2026-05-10 22:20:05,826 | INFO | fetch_order_book: mid=0.06497 spread=3.08bps bids=20 asks=20
2026-05-10 22:20:06,815 | INFO | SPREAD | pair=CHIP/USDC | cex=0.06496/0.06498 | dex_sell=0.0649766 dex_buy=0.0649952 | spread_a=-0.5bps spread_b=-5.4bps | min=30.0bps
2026-05-10 22:20:07,817 | INFO | fetch_order_book: symbol=CHIP/USDC limit=20
2026-05-10 22:20:08,073 | INFO | fetch_order_book: mid=0.06492 spread=6.16bps bids=20 asks=20
2026-05-10 22:20:09,048 | INFO | SPREAD | pair=CHIP/USDC | cex=0.0649/0.06494 | dex_sell=0.0649266 dex_buy=0.0649452 | spread_a=-2.1bps spread_b=-7.0bps | min=30.0bps
2026-05-10 22:20:10,051 | INFO | fetch_order_book: symbol=CHIP/USDC limit=20
2026-05-10 22:20:10,320 | INFO | fetch_order_book: mid=0.06492 spread=6.16bps bids=20 asks=20
2026-05-10 22:20:11,261 | INFO | SPREAD | pair=CHIP/USDC | cex=0.0649/0.06494 | dex_sell=0.0649266 dex_buy=0.0649452 | spread_a=-2.1bps spread_b=-7.0bps | min=30.0bps
2026-05-10 22:20:12,263 | INFO | fetch_order_book: symbol=CHIP/USDC limit=20
2026-05-10 22:20:12,520 | INFO | fetch_order_book: mid=0.064905 spread=7.70bps bids=20 asks=20
2026-05-10 22:20:13,411 | INFO | SPREAD | pair=CHIP/USDC | cex=0.06488/0.06493 | dex_sell=0.0649266 dex_buy=0.0649376 | spread_a=-0.5bps spread_b=-8.9bps | min=30.0bps
2026-05-10 22:20:14,413 | INFO | fetch_order_book: symbol=CHIP/USDC limit=20
2026-05-10 22:20:14,671 | INFO | fetch_order_book: mid=0.064905 spread=7.70bps bids=20 asks=20
2026-05-10 22:20:15,535 | INFO | SPREAD | pair=CHIP/USDC | cex=0.06488/0.06493 | dex_sell=0.064919 dex_buy=0.0649376 | spread_a=-1.7bps spread_b=-8.9bps | min=30.0bps
2026-05-10 22:20:16,537 | INFO | fetch_order_book: symbol=CHIP/USDC limit=20
2026-05-10 22:20:16,793 | INFO | fetch_order_book: mid=0.064895 spread=4.62bps bids=20 asks=20
2026-05-10 22:20:17,741 | INFO | SPREAD | pair=CHIP/USDC | cex=0.06488/0.06491 | dex_sell=0.064919 dex_buy=0.0649376 | spread_a=1.4bps spread_b=-8.9bps | min=30.0bps
2026-05-10 22:20:18,744 | INFO | fetch_order_book: symbol=CHIP/USDC limit=20
2026-05-10 22:20:19,004 | INFO | fetch_order_book: mid=0.064895 spread=4.62bps bids=20 asks=20
2026-05-10 22:20:19,938 | INFO | SPREAD | pair=CHIP/USDC | cex=0.06488/0.06491 | dex_sell=0.064919 dex_buy=0.0649376 | spread_a=1.4bps spread_b=-8.9bps | min=30.0bps
2026-05-10 22:20:20,941 | INFO | fetch_order_book: symbol=CHIP/USDC limit=20
2026-05-10 22:20:21,279 | INFO | fetch_order_book: mid=0.064895 spread=4.62bps bids=20 asks=20
2026-05-10 22:20:22,170 | INFO | SPREAD | pair=CHIP/USDC | cex=0.06488/0.06491 | dex_sell=0.064919 dex_buy=0.0649376 | spread_a=1.4bps spread_b=-8.9bps | min=30.0bps
2026-05-10 22:20:23,172 | INFO | fetch_order_book: symbol=CHIP/USDC limit=20
2026-05-10 22:20:23,429 | INFO | fetch_order_book: mid=0.064895 spread=4.62bps bids=20 asks=20
2026-05-10 22:20:24,402 | INFO | SPREAD | pair=CHIP/USDC | cex=0.06488/0.06491 | dex_sell=0.064919 dex_buy=0.0649376 | spread_a=1.4bps spread_b=-8.9bps | min=30.0bps
2026-05-10 22:20:25,404 | INFO | fetch_order_book: symbol=CHIP/USDC limit=20
2026-05-10 22:20:25,702 | INFO | fetch_order_book: mid=0.06491 spread=6.16bps bids=20 asks=20
2026-05-10 22:20:26,678 | INFO | SPREAD | pair=CHIP/USDC | cex=0.06489/0.06493 | dex_sell=0.064919 dex_buy=0.0649376 | spread_a=-1.7bps spread_b=-7.3bps | min=30.0bps
2026-05-10 22:20:27,680 | INFO | fetch_order_book: symbol=CHIP/USDC limit=20
2026-05-10 22:20:27,938 | INFO | fetch_order_book: mid=0.064915 spread=7.70bps bids=20 asks=20
2026-05-10 22:20:28,890 | INFO | SPREAD | pair=CHIP/USDC | cex=0.06489/0.06494 | dex_sell=0.064919 dex_buy=0.0649376 | spread_a=-3.2bps spread_b=-7.3bps | min=30.0bps
2026-05-10 22:20:29,892 | INFO | fetch_order_book: symbol=CHIP/USDC limit=20
2026-05-10 22:20:30,149 | INFO | fetch_order_book: mid=0.064915 spread=7.70bps bids=20 asks=20
2026-05-10 22:20:31,037 | INFO | SPREAD | pair=CHIP/USDC | cex=0.06489/0.06494 | dex_sell=0.064919 dex_buy=0.0649376 | spread_a=-3.2bps spread_b=-7.3bps | min=30.0bps
2026-05-10 22:20:32,040 | INFO | fetch_order_book: symbol=CHIP/USDC limit=20
2026-05-10 22:20:32,296 | INFO | fetch_order_book: mid=0.064915 spread=7.70bps bids=20 asks=20
2026-05-10 22:20:33,233 | INFO | SPREAD | pair=CHIP/USDC | cex=0.06489/0.06494 | dex_sell=0.064919 dex_buy=0.0649376 | spread_a=-3.2bps spread_b=-7.3bps | min=30.0bps
2026-05-10 22:20:34,236 | INFO | fetch_order_book: symbol=CHIP/USDC limit=20
2026-05-10 22:20:34,490 | INFO | fetch_order_book: mid=0.064915 spread=7.70bps bids=20 asks=20
2026-05-10 22:20:35,407 | INFO | SPREAD | pair=CHIP/USDC | cex=0.06489/0.06494 | dex_sell=0.064919 dex_buy=0.0649376 | spread_a=-3.2bps spread_b=-7.3bps | min=30.0bps
2026-05-10 22:20:36,409 | INFO | fetch_order_book: symbol=CHIP/USDC limit=20
2026-05-10 22:20:36,674 | INFO | fetch_order_book: mid=0.064905 spread=7.70bps bids=20 asks=20
2026-05-10 22:20:37,586 | INFO | SPREAD | pair=CHIP/USDC | cex=0.06488/0.06493 | dex_sell=0.064919 dex_buy=0.0649376 | spread_a=-1.7bps spread_b=-8.9bps | min=30.0bps
2026-05-10 22:20:38,589 | INFO | fetch_order_book: symbol=CHIP/USDC limit=20
2026-05-10 22:20:38,857 | INFO | fetch_order_book: mid=0.064905 spread=7.70bps bids=20 asks=20
2026-05-10 22:20:39,881 | INFO | SPREAD | pair=CHIP/USDC | cex=0.06488/0.06493 | dex_sell=0.064919 dex_buy=0.0649376 | spread_a=-1.7bps spread_b=-8.9bps | min=30.0bps
2026-05-10 22:20:40,884 | INFO | fetch_order_book: symbol=CHIP/USDC limit=20
2026-05-10 22:20:41,145 | INFO | fetch_order_book: mid=0.064915 spread=7.70bps bids=20 asks=20
2026-05-10 22:20:42,121 | INFO | SPREAD | pair=CHIP/USDC | cex=0.06489/0.06494 | dex_sell=0.064919 dex_buy=0.0649376 | spread_a=-3.2bps spread_b=-7.3bps | min=30.0bps
2026-05-10 22:20:43,123 | INFO | fetch_order_book: symbol=CHIP/USDC limit=20
2026-05-10 22:20:43,392 | INFO | fetch_order_book: mid=0.06494 spread=6.16bps bids=20 asks=20
2026-05-10 22:20:44,307 | INFO | SPREAD | pair=CHIP/USDC | cex=0.06492/0.06496 | dex_sell=0.064919 dex_buy=0.0649616 | spread_a=-6.3bps spread_b=-6.4bps | min=30.0bps
2026-05-10 22:20:45,308 | INFO | fetch_order_book: symbol=CHIP/USDC limit=20
2026-05-10 22:20:45,566 | INFO | fetch_order_book: mid=0.064965 spread=4.62bps bids=20 asks=20
2026-05-10 22:20:46,530 | INFO | SPREAD | pair=CHIP/USDC | cex=0.06495/0.06498 | dex_sell=0.064943 dex_buy=0.0649616 | spread_a=-5.7bps spread_b=-1.8bps | min=30.0bps
2026-05-10 22:20:47,533 | INFO | fetch_order_book: symbol=CHIP/USDC limit=20
2026-05-10 22:20:47,790 | INFO | fetch_order_book: mid=0.06499 spread=3.08bps bids=20 asks=20
2026-05-10 22:20:48,730 | INFO | SPREAD | pair=CHIP/USDC | cex=0.06498/0.065 | dex_sell=0.0649821 dex_buy=0.0650008 | spread_a=-2.8bps spread_b=-3.2bps | min=30.0bps
2026-05-10 22:20:49,733 | INFO | fetch_order_book: symbol=CHIP/USDC limit=20
2026-05-10 22:20:49,999 | INFO | fetch_order_book: mid=0.064985 spread=7.69bps bids=20 asks=20
2026-05-10 22:20:50,949 | INFO | SPREAD | pair=CHIP/USDC | cex=0.06496/0.06501 | dex_sell=0.0650022 dex_buy=0.0650209 | spread_a=-1.2bps spread_b=-9.4bps | min=30.0bps
2026-05-10 22:20:51,951 | INFO | fetch_order_book: symbol=CHIP/USDC limit=20
2026-05-10 22:20:52,211 | INFO | fetch_order_book: mid=0.064985 spread=7.69bps bids=20 asks=20
2026-05-10 22:20:53,167 | INFO | SPREAD | pair=CHIP/USDC | cex=0.06496/0.06501 | dex_sell=0.0650022 dex_buy=0.0650209 | spread_a=-1.2bps spread_b=-9.4bps | min=30.0bps
2026-05-10 22:20:54,169 | INFO | fetch_order_book: symbol=CHIP/USDC limit=20
2026-05-10 22:20:54,469 | INFO | fetch_order_book: mid=0.06499 spread=6.15bps bids=20 asks=20
2026-05-10 22:20:55,628 | INFO | SPREAD | pair=CHIP/USDC | cex=0.06497/0.06501 | dex_sell=0.0650022 dex_buy=0.0650209 | spread_a=-1.2bps spread_b=-7.8bps | min=30.0bps
2026-05-10 22:20:56,630 | INFO | fetch_order_book: symbol=CHIP/USDC limit=20
2026-05-10 22:20:56,884 | INFO | fetch_order_book: mid=0.064965 spread=7.70bps bids=20 asks=20
2026-05-10 22:20:57,802 | INFO | SPREAD | pair=CHIP/USDC | cex=0.06494/0.06499 | dex_sell=0.0649758 dex_buy=0.0649944 | spread_a=-2.2bps spread_b=-8.4bps | min=30.0bps
2026-05-10 22:20:58,804 | INFO | fetch_order_book: symbol=CHIP/USDC limit=20
2026-05-10 22:20:59,083 | INFO | fetch_order_book: mid=0.06497 spread=6.16bps bids=20 asks=20
2026-05-10 22:21:00,029 | INFO | SPREAD | pair=CHIP/USDC | cex=0.06495/0.06499 | dex_sell=0.0649758 dex_buy=0.0649944 | spread_a=-2.2bps spread_b=-6.8bps | min=30.0bps
2026-05-10 22:21:01,031 | INFO | fetch_order_book: symbol=CHIP/USDC limit=20
2026-05-10 22:21:01,286 | INFO | fetch_order_book: mid=0.064935 spread=4.62bps bids=20 asks=20
2026-05-10 22:21:02,223 | INFO | SPREAD | pair=CHIP/USDC | cex=0.06492/0.06495 | dex_sell=0.0649361 dex_buy=0.0649547 | spread_a=-2.1bps spread_b=-5.3bps | min=30.0bps
2026-05-10 22:21:03,225 | INFO | fetch_order_book: symbol=CHIP/USDC limit=20
2026-05-10 22:21:03,486 | INFO | fetch_order_book: mid=0.064935 spread=4.62bps bids=20 asks=20
2026-05-10 22:21:04,422 | INFO | SPREAD | pair=CHIP/USDC | cex=0.06492/0.06495 | dex_sell=0.0649361 dex_buy=0.0649547 | spread_a=-2.1bps spread_b=-5.3bps | min=30.0bps
2026-05-10 22:21:05,423 | INFO | fetch_order_book: symbol=CHIP/USDC limit=20
2026-05-10 22:21:05,685 | INFO | fetch_order_book: mid=0.064935 spread=4.62bps bids=20 asks=20
2026-05-10 22:21:06,625 | INFO | SPREAD | pair=CHIP/USDC | cex=0.06492/0.06495 | dex_sell=0.0649361 dex_buy=0.0649547 | spread_a=-2.1bps spread_b=-5.3bps | min=30.0bps
2026-05-10 22:21:07,627 | INFO | fetch_order_book: symbol=CHIP/USDC limit=20
2026-05-10 22:21:07,885 | INFO | fetch_order_book: mid=0.064935 spread=4.62bps bids=20 asks=20
2026-05-10 22:21:08,777 | INFO | SPREAD | pair=CHIP/USDC | cex=0.06492/0.06495 | dex_sell=0.0649361 dex_buy=0.0649547 | spread_a=-2.1bps spread_b=-5.3bps | min=30.0bps
2026-05-10 22:21:09,779 | INFO | fetch_order_book: symbol=CHIP/USDC limit=20
2026-05-10 22:21:10,035 | INFO | fetch_order_book: mid=0.06491 spread=3.08bps bids=20 asks=20
2026-05-10 22:21:10,993 | INFO | SPREAD | pair=CHIP/USDC | cex=0.0649/0.06492 | dex_sell=0.0649191 dex_buy=0.0649377 | spread_a=-0.1bps spread_b=-5.8bps | min=30.0bps
2026-05-10 22:21:11,995 | INFO | fetch_order_book: symbol=CHIP/USDC limit=20
2026-05-10 22:21:12,250 | INFO | fetch_order_book: mid=0.06489 spread=3.08bps bids=20 asks=20
2026-05-10 22:21:13,158 | INFO | SPREAD | pair=CHIP/USDC | cex=0.06488/0.0649 | dex_sell=0.0649191 dex_buy=0.0649377 | spread_a=2.9bps spread_b=-8.9bps | min=30.0bps
2026-05-10 22:21:14,160 | INFO | fetch_order_book: symbol=CHIP/USDC limit=20
2026-05-10 22:21:14,416 | INFO | fetch_order_book: mid=0.06489 spread=3.08bps bids=20 asks=20
2026-05-10 22:21:15,392 | INFO | SPREAD | pair=CHIP/USDC | cex=0.06488/0.0649 | dex_sell=0.0649191 dex_buy=0.0649377 | spread_a=2.9bps spread_b=-8.9bps | min=30.0bps
2026-05-10 22:21:16,394 | INFO | fetch_order_book: symbol=CHIP/USDC limit=20
2026-05-10 22:21:16,656 | INFO | fetch_order_book: mid=0.064895 spread=4.62bps bids=20 asks=20
2026-05-10 22:21:17,693 | INFO | SPREAD | pair=CHIP/USDC | cex=0.06488/0.06491 | dex_sell=0.0649191 dex_buy=0.0649377 | spread_a=1.4bps spread_b=-8.9bps | min=30.0bps
2026-05-10 22:21:18,695 | INFO | fetch_order_book: symbol=CHIP/USDC limit=20
2026-05-10 22:21:18,953 | INFO | fetch_order_book: mid=0.064895 spread=4.62bps bids=20 asks=20
2026-05-10 22:21:20,050 | INFO | SPREAD | pair=CHIP/USDC | cex=0.06488/0.06491 | dex_sell=0.0649191 dex_buy=0.0649377 | spread_a=1.4bps spread_b=-8.9bps | min=30.0bps
2026-05-10 22:21:21,053 | INFO | fetch_order_book: symbol=CHIP/USDC limit=20
2026-05-10 22:21:21,385 | INFO | fetch_order_book: mid=0.064895 spread=4.62bps bids=20 asks=20
2026-05-10 22:21:22,422 | INFO | SPREAD | pair=CHIP/USDC | cex=0.06488/0.06491 | dex_sell=0.0649191 dex_buy=0.0649377 | spread_a=1.4bps spread_b=-8.9bps | min=30.0bps
2026-05-10 22:21:23,424 | INFO | fetch_order_book: symbol=CHIP/USDC limit=20
2026-05-10 22:21:23,682 | INFO | fetch_order_book: mid=0.064895 spread=4.62bps bids=20 asks=20
2026-05-10 22:21:24,672 | INFO | SPREAD | pair=CHIP/USDC | cex=0.06488/0.06491 | dex_sell=0.0649191 dex_buy=0.0649377 | spread_a=1.4bps spread_b=-8.9bps | min=30.0bps
2026-05-10 22:21:25,673 | INFO | fetch_order_book: symbol=CHIP/USDC limit=20
2026-05-10 22:21:25,935 | INFO | fetch_order_book: mid=0.064895 spread=4.62bps bids=20 asks=20
2026-05-10 22:21:26,937 | INFO | SPREAD | pair=CHIP/USDC | cex=0.06488/0.06491 | dex_sell=0.0649191 dex_buy=0.0649377 | spread_a=1.4bps spread_b=-8.9bps | min=30.0bps
2026-05-10 22:21:27,939 | INFO | fetch_order_book: symbol=CHIP/USDC limit=20
2026-05-10 22:21:28,194 | INFO | fetch_order_book: mid=0.064895 spread=4.62bps bids=20 asks=20
2026-05-10 22:21:29,334 | INFO | SPREAD | pair=CHIP/USDC | cex=0.06488/0.06491 | dex_sell=0.0649191 dex_buy=0.0649377 | spread_a=1.4bps spread_b=-8.9bps | min=30.0bps
2026-05-10 22:21:30,336 | INFO | fetch_order_book: symbol=CHIP/USDC limit=20
2026-05-10 22:21:30,590 | INFO | fetch_order_book: mid=0.064845 spread=1.54bps bids=20 asks=20
2026-05-10 22:21:31,522 | INFO | SPREAD | pair=CHIP/USDC | cex=0.06484/0.06485 | dex_sell=0.0649191 dex_buy=0.0649377 | spread_a=10.7bps spread_b=-15.0bps | min=30.0bps
2026-05-10 22:21:32,524 | INFO | fetch_order_book: symbol=CHIP/USDC limit=20
2026-05-10 22:21:32,781 | INFO | fetch_order_book: mid=0.064845 spread=1.54bps bids=20 asks=20
2026-05-10 22:21:33,650 | INFO | SPREAD | pair=CHIP/USDC | cex=0.06484/0.06485 | dex_sell=0.064869 dex_buy=0.0648876 | spread_a=2.9bps spread_b=-7.3bps | min=30.0bps
2026-05-10 22:21:34,652 | INFO | fetch_order_book: symbol=CHIP/USDC limit=20
2026-05-10 22:21:34,906 | INFO | fetch_order_book: mid=0.064755 spread=4.63bps bids=20 asks=20
2026-05-10 22:21:35,847 | INFO | SPREAD | pair=CHIP/USDC | cex=0.06474/0.06477 | dex_sell=0.0648115 dex_buy=0.0648301 | spread_a=6.4bps spread_b=-13.9bps | min=30.0bps
2026-05-10 22:21:36,849 | INFO | fetch_order_book: symbol=CHIP/USDC limit=20
2026-05-10 22:21:37,111 | INFO | fetch_order_book: mid=0.064755 spread=7.72bps bids=20 asks=20
2026-05-10 22:21:38,066 | INFO | SPREAD | pair=CHIP/USDC | cex=0.06473/0.06478 | dex_sell=0.0647691 dex_buy=0.0647877 | spread_a=-1.7bps spread_b=-8.9bps | min=30.0bps
2026-05-10 22:21:39,068 | INFO | fetch_order_book: symbol=CHIP/USDC limit=20
2026-05-10 22:21:39,328 | INFO | fetch_order_book: mid=0.06478 spread=9.26bps bids=20 asks=20
2026-05-10 22:21:40,251 | INFO | SPREAD | pair=CHIP/USDC | cex=0.06475/0.06481 | dex_sell=0.0647691 dex_buy=0.0647877 | spread_a=-6.3bps spread_b=-5.8bps | min=30.0bps
2026-05-10 22:21:41,253 | INFO | fetch_order_book: symbol=CHIP/USDC limit=20
2026-05-10 22:21:41,507 | INFO | fetch_order_book: mid=0.064805 spread=7.72bps bids=20 asks=20
2026-05-10 22:21:42,490 | INFO | SPREAD | pair=CHIP/USDC | cex=0.06478/0.06483 | dex_sell=0.0647924 dex_buy=0.064811 | spread_a=-5.8bps spread_b=-4.8bps | min=30.0bps
2026-05-10 22:21:43,492 | INFO | fetch_order_book: symbol=CHIP/USDC limit=20
2026-05-10 22:21:43,787 | INFO | fetch_order_book: mid=0.064825 spread=4.63bps bids=20 asks=20
2026-05-10 22:21:44,681 | INFO | SPREAD | pair=CHIP/USDC | cex=0.06481/0.06484 | dex_sell=0.0648222 dex_buy=0.0648408 | spread_a=-2.7bps spread_b=-4.8bps | min=30.0bps
2026-05-10 22:21:45,683 | INFO | fetch_order_book: symbol=CHIP/USDC limit=20
2026-05-10 22:21:45,949 | INFO | fetch_order_book: mid=0.06482 spread=9.26bps bids=20 asks=20
2026-05-10 22:21:46,873 | INFO | SPREAD | pair=CHIP/USDC | cex=0.06479/0.06485 | dex_sell=0.0648222 dex_buy=0.0648408 | spread_a=-4.3bps spread_b=-7.8bps | min=30.0bps
2026-05-10 22:21:47,876 | INFO | fetch_order_book: symbol=CHIP/USDC limit=20
2026-05-10 22:21:48,131 | INFO | fetch_order_book: mid=0.06482 spread=9.26bps bids=20 asks=20
2026-05-10 22:21:49,045 | INFO | SPREAD | pair=CHIP/USDC | cex=0.06479/0.06485 | dex_sell=0.0648222 dex_buy=0.0648408 | spread_a=-4.3bps spread_b=-7.8bps | min=30.0bps
2026-05-10 22:21:50,047 | INFO | fetch_order_book: symbol=CHIP/USDC limit=20
2026-05-10 22:21:50,306 | INFO | fetch_order_book: mid=0.06482 spread=9.26bps bids=20 asks=20
2026-05-10 22:21:51,216 | INFO | SPREAD | pair=CHIP/USDC | cex=0.06479/0.06485 | dex_sell=0.0648222 dex_buy=0.0648408 | spread_a=-4.3bps spread_b=-7.8bps | min=30.0bps
2026-05-10 22:21:52,218 | INFO | fetch_order_book: symbol=CHIP/USDC limit=20
2026-05-10 22:21:52,475 | INFO | fetch_order_book: mid=0.06481 spread=6.17bps bids=20 asks=20
2026-05-10 22:21:53,446 | INFO | SPREAD | pair=CHIP/USDC | cex=0.06479/0.06483 | dex_sell=0.0648222 dex_buy=0.0648408 | spread_a=-1.2bps spread_b=-7.8bps | min=30.0bps
2026-05-10 22:21:54,448 | INFO | fetch_order_book: symbol=CHIP/USDC limit=20
2026-05-10 22:21:54,821 | INFO | fetch_order_book: mid=0.064805 spread=7.72bps bids=20 asks=20
2026-05-10 22:21:55,691 | INFO | SPREAD | pair=CHIP/USDC | cex=0.06478/0.06483 | dex_sell=0.0648222 dex_buy=0.0648408 | spread_a=-1.2bps spread_b=-9.4bps | min=30.0bps
2026-05-10 22:21:56,694 | INFO | fetch_order_book: symbol=CHIP/USDC limit=20
2026-05-10 22:21:57,152 | INFO | fetch_order_book: mid=0.064805 spread=7.72bps bids=20 asks=20
2026-05-10 22:21:58,122 | INFO | SPREAD | pair=CHIP/USDC | cex=0.06478/0.06483 | dex_sell=0.0648222 dex_buy=0.0648408 | spread_a=-1.2bps spread_b=-9.4bps | min=30.0bps
2026-05-10 22:21:59,124 | INFO | fetch_order_book: symbol=CHIP/USDC limit=20
2026-05-10 22:21:59,380 | INFO | fetch_order_book: mid=0.064805 spread=7.72bps bids=20 asks=20
2026-05-10 22:22:00,316 | INFO | SPREAD | pair=CHIP/USDC | cex=0.06478/0.06483 | dex_sell=0.0648222 dex_buy=0.0648408 | spread_a=-1.2bps spread_b=-9.4bps | min=30.0bps
2026-05-10 22:22:01,318 | INFO | fetch_order_book: symbol=CHIP/USDC limit=20
2026-05-10 22:22:01,585 | INFO | fetch_order_book: mid=0.06481 spread=6.17bps bids=20 asks=20
2026-05-10 22:22:02,523 | INFO | SPREAD | pair=CHIP/USDC | cex=0.06479/0.06483 | dex_sell=0.0648222 dex_buy=0.0648408 | spread_a=-1.2bps spread_b=-7.8bps | min=30.0bps
2026-05-10 22:22:03,525 | INFO | fetch_order_book: symbol=CHIP/USDC limit=20
2026-05-10 22:22:03,792 | INFO | fetch_order_book: mid=0.064785 spread=7.72bps bids=20 asks=20
2026-05-10 22:22:04,732 | INFO | SPREAD | pair=CHIP/USDC | cex=0.06476/0.06481 | dex_sell=0.0648222 dex_buy=0.0648408 | spread_a=1.9bps spread_b=-12.5bps | min=30.0bps
2026-05-10 22:22:05,735 | INFO | fetch_order_book: symbol=CHIP/USDC limit=20
2026-05-10 22:22:05,993 | INFO | fetch_order_book: mid=0.064785 spread=7.72bps bids=20 asks=20
2026-05-10 22:22:06,874 | INFO | SPREAD | pair=CHIP/USDC | cex=0.06476/0.06481 | dex_sell=0.0648222 dex_buy=0.0648145 | spread_a=1.9bps spread_b=-8.4bps | min=30.0bps
2026-05-10 22:22:07,876 | INFO | fetch_order_book: symbol=CHIP/USDC limit=20
2026-05-10 22:22:08,134 | INFO | fetch_order_book: mid=0.064795 spread=10.80bps bids=20 asks=20
2026-05-10 22:22:09,035 | INFO | SPREAD | pair=CHIP/USDC | cex=0.06476/0.06483 | dex_sell=0.0647959 dex_buy=0.0648145 | spread_a=-5.3bps spread_b=-8.4bps | min=30.0bps
2026-05-10 22:22:10,038 | INFO | fetch_order_book: symbol=CHIP/USDC limit=20
2026-05-10 22:22:10,296 | INFO | fetch_order_book: mid=0.06480 spread=9.26bps bids=20 asks=20
2026-05-10 22:22:11,211 | INFO | SPREAD | pair=CHIP/USDC | cex=0.06477/0.06483 | dex_sell=0.0647959 dex_buy=0.0648145 | spread_a=-5.3bps spread_b=-6.9bps | min=30.0bps
2026-05-10 22:22:12,213 | INFO | fetch_order_book: symbol=CHIP/USDC limit=20
2026-05-10 22:22:12,474 | INFO | fetch_order_book: mid=0.06480 spread=9.26bps bids=20 asks=20
2026-05-10 22:22:13,432 | INFO | SPREAD | pair=CHIP/USDC | cex=0.06477/0.06483 | dex_sell=0.0647959 dex_buy=0.0648145 | spread_a=-5.3bps spread_b=-6.9bps | min=30.0bps
2026-05-10 22:22:14,434 | INFO | fetch_order_book: symbol=CHIP/USDC limit=20
2026-05-10 22:22:14,691 | INFO | fetch_order_book: mid=0.06480 spread=9.26bps bids=20 asks=20
2026-05-10 22:22:15,623 | INFO | SPREAD | pair=CHIP/USDC | cex=0.06477/0.06483 | dex_sell=0.0647959 dex_buy=0.0648145 | spread_a=-5.3bps spread_b=-6.9bps | min=30.0bps
2026-05-10 22:22:16,625 | INFO | fetch_order_book: symbol=CHIP/USDC limit=20
2026-05-10 22:22:16,881 | INFO | fetch_order_book: mid=0.06478 spread=6.17bps bids=20 asks=20
2026-05-10 22:22:17,830 | INFO | SPREAD | pair=CHIP/USDC | cex=0.06476/0.0648 | dex_sell=0.0647959 dex_buy=0.0648145 | spread_a=-0.6bps spread_b=-8.4bps | min=30.0bps
2026-05-10 22:22:18,833 | INFO | fetch_order_book: symbol=CHIP/USDC limit=20
2026-05-10 22:22:19,191 | INFO | fetch_order_book: mid=0.06478 spread=6.17bps bids=20 asks=20
2026-05-10 22:22:20,081 | INFO | SPREAD | pair=CHIP/USDC | cex=0.06476/0.0648 | dex_sell=0.0647959 dex_buy=0.0648145 | spread_a=-0.6bps spread_b=-8.4bps | min=30.0bps
2026-05-10 22:22:21,083 | INFO | fetch_order_book: symbol=CHIP/USDC limit=20
2026-05-10 22:22:21,339 | INFO | fetch_order_book: mid=0.06478 spread=6.17bps bids=20 asks=20
2026-05-10 22:22:22,274 | INFO | SPREAD | pair=CHIP/USDC | cex=0.06476/0.0648 | dex_sell=0.0647959 dex_buy=0.0648145 | spread_a=-0.6bps spread_b=-8.4bps | min=30.0bps
2026-05-10 22:22:23,276 | INFO | fetch_order_book: symbol=CHIP/USDC limit=20
2026-05-10 22:22:23,539 | INFO | fetch_order_book: mid=0.06477 spread=3.09bps bids=20 asks=20
2026-05-10 22:22:24,442 | INFO | SPREAD | pair=CHIP/USDC | cex=0.06476/0.06478 | dex_sell=0.0647758 dex_buy=0.0647944 | spread_a=-0.6bps spread_b=-5.3bps | min=30.0bps
2026-05-10 22:22:25,444 | INFO | fetch_order_book: symbol=CHIP/USDC limit=20
2026-05-10 22:22:25,707 | INFO | fetch_order_book: mid=0.06475 spread=3.09bps bids=20 asks=20
2026-05-10 22:22:26,622 | INFO | SPREAD | pair=CHIP/USDC | cex=0.06474/0.06476 | dex_sell=0.0647758 dex_buy=0.0647944 | spread_a=2.4bps spread_b=-8.4bps | min=30.0bps
2026-05-10 22:22:27,625 | INFO | fetch_order_book: symbol=CHIP/USDC limit=20
2026-05-10 22:22:27,884 | INFO | fetch_order_book: mid=0.06475 spread=3.09bps bids=20 asks=20
2026-05-10 22:22:28,802 | INFO | SPREAD | pair=CHIP/USDC | cex=0.06474/0.06476 | dex_sell=0.0647758 dex_buy=0.0647944 | spread_a=2.4bps spread_b=-8.4bps | min=30.0bps
2026-05-10 22:22:29,804 | INFO | fetch_order_book: symbol=CHIP/USDC limit=20
2026-05-10 22:22:30,145 | INFO | fetch_order_book: mid=0.064735 spread=4.63bps bids=20 asks=20
2026-05-10 22:22:31,089 | INFO | SPREAD | pair=CHIP/USDC | cex=0.06472/0.06475 | dex_sell=0.064769 dex_buy=0.0647876 | spread_a=2.9bps spread_b=-10.4bps | min=30.0bps
2026-05-10 22:22:32,091 | INFO | fetch_order_book: symbol=CHIP/USDC limit=20
2026-05-10 22:22:32,350 | INFO | fetch_order_book: mid=0.064735 spread=4.63bps bids=20 asks=20
2026-05-10 22:22:33,288 | INFO | SPREAD | pair=CHIP/USDC | cex=0.06472/0.06475 | dex_sell=0.064769 dex_buy=0.0647876 | spread_a=2.9bps spread_b=-10.4bps | min=30.0bps
2026-05-10 22:22:34,291 | INFO | fetch_order_book: symbol=CHIP/USDC limit=20
2026-05-10 22:22:34,547 | INFO | fetch_order_book: mid=0.064745 spread=4.63bps bids=20 asks=20
2026-05-10 22:22:35,649 | INFO | SPREAD | pair=CHIP/USDC | cex=0.06473/0.06476 | dex_sell=0.064769 dex_buy=0.0647876 | spread_a=1.4bps spread_b=-8.9bps | min=30.0bps
2026-05-10 22:22:36,651 | INFO | fetch_order_book: symbol=CHIP/USDC limit=20
2026-05-10 22:22:36,906 | INFO | fetch_order_book: mid=0.064745 spread=4.63bps bids=20 asks=20
2026-05-10 22:22:37,850 | INFO | SPREAD | pair=CHIP/USDC | cex=0.06473/0.06476 | dex_sell=0.064769 dex_buy=0.0647876 | spread_a=1.4bps spread_b=-8.9bps | min=30.0bps
2026-05-10 22:22:38,853 | INFO | fetch_order_book: symbol=CHIP/USDC limit=20
2026-05-10 22:22:39,121 | INFO | fetch_order_book: mid=0.06473 spread=3.09bps bids=20 asks=20
2026-05-10 22:22:40,035 | INFO | SPREAD | pair=CHIP/USDC | cex=0.06472/0.06474 | dex_sell=0.064769 dex_buy=0.0647876 | spread_a=4.5bps spread_b=-10.4bps | min=30.0bps
2026-05-10 22:22:41,037 | INFO | fetch_order_book: symbol=CHIP/USDC limit=20
2026-05-10 22:22:41,298 | INFO | fetch_order_book: mid=0.064735 spread=4.63bps bids=20 asks=20
2026-05-10 22:22:42,244 | INFO | SPREAD | pair=CHIP/USDC | cex=0.06472/0.06475 | dex_sell=0.064769 dex_buy=0.0647876 | spread_a=2.9bps spread_b=-10.4bps | min=30.0bps
2026-05-10 22:22:43,246 | INFO | fetch_order_book: symbol=CHIP/USDC limit=20
2026-05-10 22:22:43,501 | INFO | fetch_order_book: mid=0.064735 spread=4.63bps bids=20 asks=20
2026-05-10 22:22:44,384 | INFO | SPREAD | pair=CHIP/USDC | cex=0.06472/0.06475 | dex_sell=0.064769 dex_buy=0.0647876 | spread_a=2.9bps spread_b=-10.4bps | min=30.0bps
2026-05-10 22:22:45,386 | INFO | fetch_order_book: symbol=CHIP/USDC limit=20
2026-05-10 22:22:45,642 | INFO | fetch_order_book: mid=0.06473 spread=3.09bps bids=20 asks=20
2026-05-10 22:22:46,580 | INFO | SPREAD | pair=CHIP/USDC | cex=0.06472/0.06474 | dex_sell=0.064769 dex_buy=0.0647876 | spread_a=4.5bps spread_b=-10.4bps | min=30.0bps
2026-05-10 22:22:47,582 | INFO | fetch_order_book: symbol=CHIP/USDC limit=20
2026-05-10 22:22:47,838 | INFO | fetch_order_book: mid=0.06471 spread=3.09bps bids=20 asks=20
2026-05-10 22:22:48,671 | INFO | SPREAD | pair=CHIP/USDC | cex=0.0647/0.06472 | dex_sell=0.064769 dex_buy=0.0647477 | spread_a=7.6bps spread_b=-7.4bps | min=30.0bps
2026-05-10 22:22:49,673 | INFO | fetch_order_book: symbol=CHIP/USDC limit=20
2026-05-10 22:22:49,930 | INFO | fetch_order_book: mid=0.06471 spread=3.09bps bids=20 asks=20
2026-05-10 22:22:50,803 | INFO | SPREAD | pair=CHIP/USDC | cex=0.0647/0.06472 | dex_sell=0.0647291 dex_buy=0.0647477 | spread_a=1.4bps spread_b=-7.4bps | min=30.0bps
2026-05-10 22:22:51,805 | INFO | fetch_order_book: symbol=CHIP/USDC limit=20
2026-05-10 22:22:52,061 | INFO | fetch_order_book: mid=0.064695 spread=4.64bps bids=20 asks=20
2026-05-10 22:22:53,028 | INFO | SPREAD | pair=CHIP/USDC | cex=0.06468/0.06471 | dex_sell=0.0647291 dex_buy=0.0647477 | spread_a=3.0bps spread_b=-10.5bps | min=30.0bps
2026-05-10 22:22:54,029 | INFO | fetch_order_book: symbol=CHIP/USDC limit=20
2026-05-10 22:22:54,287 | INFO | fetch_order_book: mid=0.064685 spread=1.55bps bids=20 asks=20
2026-05-10 22:22:55,220 | INFO | SPREAD | pair=CHIP/USDC | cex=0.06468/0.06469 | dex_sell=0.0647291 dex_buy=0.0647477 | spread_a=6.0bps spread_b=-10.5bps | min=30.0bps
2026-05-10 22:22:56,222 | INFO | fetch_order_book: symbol=CHIP/USDC limit=20
2026-05-10 22:22:56,479 | INFO | fetch_order_book: mid=0.06469 spread=3.09bps bids=20 asks=20
2026-05-10 22:22:57,438 | INFO | SPREAD | pair=CHIP/USDC | cex=0.06468/0.0647 | dex_sell=0.0647291 dex_buy=0.0647477 | spread_a=4.5bps spread_b=-10.5bps | min=30.0bps
2026-05-10 22:22:58,441 | INFO | fetch_order_book: symbol=CHIP/USDC limit=20
2026-05-10 22:22:58,706 | INFO | fetch_order_book: mid=0.06469 spread=3.09bps bids=20 asks=20
2026-05-10 22:22:59,621 | INFO | SPREAD | pair=CHIP/USDC | cex=0.06468/0.0647 | dex_sell=0.0647291 dex_buy=0.0647477 | spread_a=4.5bps spread_b=-10.5bps | min=30.0bps
2026-05-10 22:23:00,623 | INFO | fetch_order_book: symbol=CHIP/USDC limit=20
2026-05-10 22:23:00,882 | INFO | fetch_order_book: mid=0.064705 spread=4.64bps bids=20 asks=20
2026-05-10 22:23:01,806 | INFO | SPREAD | pair=CHIP/USDC | cex=0.06469/0.06472 | dex_sell=0.0647291 dex_buy=0.0647477 | spread_a=1.4bps spread_b=-8.9bps | min=30.0bps
2026-05-10 22:23:02,808 | INFO | fetch_order_book: symbol=CHIP/USDC limit=20
2026-05-10 22:23:03,539 | INFO | fetch_order_book: mid=0.064705 spread=4.64bps bids=20 asks=20
2026-05-10 22:23:04,466 | INFO | SPREAD | pair=CHIP/USDC | cex=0.06469/0.06472 | dex_sell=0.0647291 dex_buy=0.0647477 | spread_a=1.4bps spread_b=-8.9bps | min=30.0bps
2026-05-10 22:23:05,468 | INFO | fetch_order_book: symbol=CHIP/USDC limit=20
2026-05-10 22:23:05,726 | INFO | fetch_order_book: mid=0.064705 spread=4.64bps bids=20 asks=20
2026-05-10 22:23:06,643 | INFO | SPREAD | pair=CHIP/USDC | cex=0.06469/0.06472 | dex_sell=0.0647291 dex_buy=0.0647477 | spread_a=1.4bps spread_b=-8.9bps | min=30.0bps
2026-05-10 22:23:07,644 | INFO | fetch_order_book: symbol=CHIP/USDC limit=20
2026-05-10 22:23:07,902 | INFO | fetch_order_book: mid=0.064705 spread=4.64bps bids=20 asks=20
2026-05-10 22:23:08,864 | INFO | SPREAD | pair=CHIP/USDC | cex=0.06469/0.06472 | dex_sell=0.0647291 dex_buy=0.0647477 | spread_a=1.4bps spread_b=-8.9bps | min=30.0bps
2026-05-10 22:23:09,865 | INFO | fetch_order_book: symbol=CHIP/USDC limit=20
2026-05-10 22:23:10,118 | INFO | fetch_order_book: mid=0.064705 spread=4.64bps bids=20 asks=20
2026-05-10 22:23:11,098 | INFO | SPREAD | pair=CHIP/USDC | cex=0.06469/0.06472 | dex_sell=0.0647291 dex_buy=0.0647477 | spread_a=1.4bps spread_b=-8.9bps | min=30.0bps
2026-05-10 22:23:12,099 | INFO | fetch_order_book: symbol=CHIP/USDC limit=20
2026-05-10 22:23:12,366 | INFO | fetch_order_book: mid=0.06473 spread=3.09bps bids=20 asks=20
2026-05-10 22:23:13,428 | INFO | SPREAD | pair=CHIP/USDC | cex=0.06472/0.06474 | dex_sell=0.0647291 dex_buy=0.0647477 | spread_a=-1.7bps spread_b=-4.3bps | min=30.0bps
2026-05-10 22:23:14,430 | INFO | fetch_order_book: symbol=CHIP/USDC limit=20
2026-05-10 22:23:14,737 | INFO | fetch_order_book: mid=0.06472 spread=6.18bps bids=20 asks=20
2026-05-10 22:23:15,854 | INFO | SPREAD | pair=CHIP/USDC | cex=0.0647/0.06474 | dex_sell=0.0647291 dex_buy=0.0647477 | spread_a=-1.7bps spread_b=-7.4bps | min=30.0bps
2026-05-10 22:23:16,856 | INFO | fetch_order_book: symbol=CHIP/USDC limit=20
2026-05-10 22:23:17,192 | INFO | fetch_order_book: mid=0.06472 spread=6.18bps bids=20 asks=20
2026-05-10 22:23:18,122 | INFO | SPREAD | pair=CHIP/USDC | cex=0.0647/0.06474 | dex_sell=0.0647291 dex_buy=0.0647477 | spread_a=-1.7bps spread_b=-7.4bps | min=30.0bps
2026-05-10 22:23:19,122 | INFO | fetch_order_book: symbol=CHIP/USDC limit=20
2026-05-10 22:23:19,431 | INFO | fetch_order_book: mid=0.06470 spread=6.18bps bids=20 asks=20
2026-05-10 22:23:20,373 | INFO | SPREAD | pair=CHIP/USDC | cex=0.06468/0.06472 | dex_sell=0.0647291 dex_buy=0.0647477 | spread_a=1.4bps spread_b=-10.5bps | min=30.0bps
2026-05-10 22:23:21,375 | INFO | fetch_order_book: symbol=CHIP/USDC limit=20
2026-05-10 22:23:21,633 | INFO | fetch_order_book: mid=0.06470 spread=6.18bps bids=20 asks=20
2026-05-10 22:23:22,593 | INFO | SPREAD | pair=CHIP/USDC | cex=0.06468/0.06472 | dex_sell=0.0647291 dex_buy=0.0647477 | spread_a=1.4bps spread_b=-10.5bps | min=30.0bps
2026-05-10 22:23:23,594 | INFO | fetch_order_book: symbol=CHIP/USDC limit=20
2026-05-10 22:23:23,861 | INFO | fetch_order_book: mid=0.064715 spread=7.73bps bids=20 asks=20
2026-05-10 22:23:24,868 | INFO | SPREAD | pair=CHIP/USDC | cex=0.06469/0.06474 | dex_sell=0.0647291 dex_buy=0.0647477 | spread_a=-1.7bps spread_b=-8.9bps | min=30.0bps
2026-05-10 22:23:25,869 | INFO | fetch_order_book: symbol=CHIP/USDC limit=20
2026-05-10 22:23:26,125 | INFO | fetch_order_book: mid=0.06469 spread=3.09bps bids=20 asks=20
2026-05-10 22:23:27,233 | INFO | SPREAD | pair=CHIP/USDC | cex=0.06468/0.0647 | dex_sell=0.0647291 dex_buy=0.0647477 | spread_a=4.5bps spread_b=-10.5bps | min=30.0bps
2026-05-10 22:23:28,235 | INFO | fetch_order_book: symbol=CHIP/USDC limit=20
2026-05-10 22:23:28,582 | INFO | fetch_order_book: mid=0.06470 spread=6.18bps bids=20 asks=20
2026-05-10 22:23:29,596 | INFO | SPREAD | pair=CHIP/USDC | cex=0.06468/0.06472 | dex_sell=0.0647291 dex_buy=0.0647477 | spread_a=1.4bps spread_b=-10.5bps | min=30.0bps
2026-05-10 22:23:30,598 | INFO | fetch_order_book: symbol=CHIP/USDC limit=20
2026-05-10 22:23:30,853 | INFO | fetch_order_book: mid=0.06471 spread=6.18bps bids=20 asks=20
2026-05-10 22:23:31,778 | INFO | SPREAD | pair=CHIP/USDC | cex=0.06469/0.06473 | dex_sell=0.0647291 dex_buy=0.0647477 | spread_a=-0.1bps spread_b=-8.9bps | min=30.0bps
2026-05-10 22:23:32,780 | INFO | fetch_order_book: symbol=CHIP/USDC limit=20
2026-05-10 22:23:33,087 | INFO | fetch_order_book: mid=0.06469 spread=3.09bps bids=20 asks=20
2026-05-10 22:23:34,163 | INFO | SPREAD | pair=CHIP/USDC | cex=0.06468/0.0647 | dex_sell=0.0647291 dex_buy=0.0647477 | spread_a=4.5bps spread_b=-10.5bps | min=30.0bps
2026-05-10 22:23:35,165 | INFO | fetch_order_book: symbol=CHIP/USDC limit=20
2026-05-10 22:23:35,472 | INFO | fetch_order_book: mid=0.06469 spread=3.09bps bids=20 asks=20
2026-05-10 22:23:36,703 | INFO | SPREAD | pair=CHIP/USDC | cex=0.06468/0.0647 | dex_sell=0.0647291 dex_buy=0.0647477 | spread_a=4.5bps spread_b=-10.5bps | min=30.0bps
2026-05-10 22:23:37,705 | INFO | fetch_order_book: symbol=CHIP/USDC limit=20
2026-05-10 22:23:38,013 | INFO | fetch_order_book: mid=0.06469 spread=3.09bps bids=20 asks=20
2026-05-10 22:23:39,054 | INFO | SPREAD | pair=CHIP/USDC | cex=0.06468/0.0647 | dex_sell=0.0647291 dex_buy=0.0647477 | spread_a=4.5bps spread_b=-10.5bps | min=30.0bps
2026-05-10 22:23:40,056 | INFO | fetch_order_book: symbol=CHIP/USDC limit=20
2026-05-10 22:23:40,348 | INFO | fetch_order_book: mid=0.06469 spread=3.09bps bids=20 asks=20
2026-05-10 22:23:41,323 | INFO | SPREAD | pair=CHIP/USDC | cex=0.06468/0.0647 | dex_sell=0.0647291 dex_buy=0.0647477 | spread_a=4.5bps spread_b=-10.5bps | min=30.0bps
2026-05-10 22:23:42,325 | INFO | fetch_order_book: symbol=CHIP/USDC limit=20
2026-05-10 22:23:42,584 | INFO | fetch_order_book: mid=0.06470 spread=6.18bps bids=20 asks=20
2026-05-10 22:23:43,623 | INFO | SPREAD | pair=CHIP/USDC | cex=0.06468/0.06472 | dex_sell=0.0647291 dex_buy=0.0647477 | spread_a=1.4bps spread_b=-10.5bps | min=30.0bps
2026-05-10 22:23:44,625 | INFO | fetch_order_book: symbol=CHIP/USDC limit=20
2026-05-10 22:23:44,880 | INFO | fetch_order_book: mid=0.06471 spread=6.18bps bids=20 asks=20
2026-05-10 22:23:45,885 | INFO | SPREAD | pair=CHIP/USDC | cex=0.06469/0.06473 | dex_sell=0.0647291 dex_buy=0.0647477 | spread_a=-0.1bps spread_b=-8.9bps | min=30.0bps
2026-05-10 22:23:46,888 | INFO | fetch_order_book: symbol=CHIP/USDC limit=20
2026-05-10 22:23:47,149 | INFO | fetch_order_book: mid=0.06471 spread=6.18bps bids=20 asks=20
2026-05-10 22:23:48,340 | INFO | SPREAD | pair=CHIP/USDC | cex=0.06469/0.06473 | dex_sell=0.0647291 dex_buy=0.0647477 | spread_a=-0.1bps spread_b=-8.9bps | min=30.0bps
2026-05-10 22:23:49,343 | INFO | fetch_order_book: symbol=CHIP/USDC limit=20
2026-05-10 22:23:49,601 | INFO | fetch_order_book: mid=0.06471 spread=6.18bps bids=20 asks=20
2026-05-10 22:23:50,527 | INFO | SPREAD | pair=CHIP/USDC | cex=0.06469/0.06473 | dex_sell=0.0647291 dex_buy=0.0647477 | spread_a=-0.1bps spread_b=-8.9bps | min=30.0bps
2026-05-10 22:23:51,529 | INFO | fetch_order_book: symbol=CHIP/USDC limit=20
2026-05-10 22:23:51,788 | INFO | fetch_order_book: mid=0.064695 spread=7.73bps bids=20 asks=20
2026-05-10 22:23:52,705 | INFO | SPREAD | pair=CHIP/USDC | cex=0.06467/0.06472 | dex_sell=0.0647291 dex_buy=0.0647477 | spread_a=1.4bps spread_b=-12.0bps | min=30.0bps
2026-05-10 22:23:53,708 | INFO | fetch_order_book: symbol=CHIP/USDC limit=20
2026-05-10 22:23:53,964 | INFO | fetch_order_book: mid=0.064695 spread=7.73bps bids=20 asks=20
2026-05-10 22:23:54,920 | INFO | SPREAD | pair=CHIP/USDC | cex=0.06467/0.06472 | dex_sell=0.0647291 dex_buy=0.0647477 | spread_a=1.4bps spread_b=-12.0bps | min=30.0bps
2026-05-10 22:23:55,923 | INFO | fetch_order_book: symbol=CHIP/USDC limit=20
2026-05-10 22:23:56,192 | INFO | fetch_order_book: mid=0.064695 spread=7.73bps bids=20 asks=20
2026-05-10 22:23:57,197 | INFO | SPREAD | pair=CHIP/USDC | cex=0.06467/0.06472 | dex_sell=0.0647291 dex_buy=0.0647477 | spread_a=1.4bps spread_b=-12.0bps | min=30.0bps
2026-05-10 22:23:58,199 | INFO | fetch_order_book: symbol=CHIP/USDC limit=20
2026-05-10 22:23:58,464 | INFO | fetch_order_book: mid=0.064695 spread=7.73bps bids=20 asks=20
2026-05-10 22:23:59,346 | INFO | SPREAD | pair=CHIP/USDC | cex=0.06467/0.06472 | dex_sell=0.0647291 dex_buy=0.0647477 | spread_a=1.4bps spread_b=-12.0bps | min=30.0bps
2026-05-10 22:24:00,348 | INFO | fetch_order_book: symbol=CHIP/USDC limit=20
2026-05-10 22:24:00,604 | INFO | fetch_order_book: mid=0.064695 spread=7.73bps bids=20 asks=20
2026-05-10 22:24:01,521 | INFO | SPREAD | pair=CHIP/USDC | cex=0.06467/0.06472 | dex_sell=0.0647291 dex_buy=0.0647477 | spread_a=1.4bps spread_b=-12.0bps | min=30.0bps
2026-05-10 22:24:02,582 | INFO | fetch_order_book: symbol=CHIP/USDC limit=20
2026-05-10 22:24:02,838 | INFO | fetch_order_book: mid=0.06467 spread=6.19bps bids=20 asks=20
2026-05-10 22:24:03,849 | INFO | SPREAD | pair=CHIP/USDC | cex=0.06465/0.06469 | dex_sell=0.0647291 dex_buy=0.0647477 | spread_a=6.0bps spread_b=-15.1bps | min=30.0bps
2026-05-10 22:24:04,851 | INFO | fetch_order_book: symbol=CHIP/USDC limit=20
2026-05-10 22:24:05,113 | INFO | fetch_order_book: mid=0.06467 spread=6.19bps bids=20 asks=20
2026-05-10 22:24:06,079 | INFO | SPREAD | pair=CHIP/USDC | cex=0.06465/0.06469 | dex_sell=0.0647291 dex_buy=0.0647477 | spread_a=6.0bps spread_b=-15.1bps | min=30.0bps
2026-05-10 22:24:07,080 | INFO | fetch_order_book: symbol=CHIP/USDC limit=20
2026-05-10 22:24:07,345 | INFO | fetch_order_book: mid=0.06467 spread=6.19bps bids=20 asks=20
2026-05-10 22:24:08,343 | INFO | SPREAD | pair=CHIP/USDC | cex=0.06465/0.06469 | dex_sell=0.0647291 dex_buy=0.0647477 | spread_a=6.0bps spread_b=-15.1bps | min=30.0bps
2026-05-10 22:24:09,345 | INFO | fetch_order_book: symbol=CHIP/USDC limit=20
2026-05-10 22:24:09,603 | INFO | fetch_order_book: mid=0.064735 spread=7.72bps bids=20 asks=20
2026-05-10 22:24:10,541 | INFO | SPREAD | pair=CHIP/USDC | cex=0.06471/0.06476 | dex_sell=0.0647291 dex_buy=0.0647477 | spread_a=-4.8bps spread_b=-5.8bps | min=30.0bps
2026-05-10 22:24:11,543 | INFO | fetch_order_book: symbol=CHIP/USDC limit=20
2026-05-10 22:24:11,802 | INFO | fetch_order_book: mid=0.06474 spread=6.18bps bids=20 asks=20
2026-05-10 22:24:12,808 | INFO | SPREAD | pair=CHIP/USDC | cex=0.06472/0.06476 | dex_sell=0.0647291 dex_buy=0.064771 | spread_a=-4.8bps spread_b=-7.9bps | min=30.0bps
2026-05-10 22:24:13,810 | INFO | fetch_order_book: symbol=CHIP/USDC limit=20
2026-05-10 22:24:14,068 | INFO | fetch_order_book: mid=0.064755 spread=1.54bps bids=20 asks=20
2026-05-10 22:24:14,990 | INFO | SPREAD | pair=CHIP/USDC | cex=0.06475/0.06476 | dex_sell=0.0647524 dex_buy=0.064771 | spread_a=-1.2bps spread_b=-3.2bps | min=30.0bps
2026-05-10 22:24:15,993 | INFO | fetch_order_book: symbol=CHIP/USDC limit=20
2026-05-10 22:24:16,252 | INFO | fetch_order_book: mid=0.064755 spread=1.54bps bids=20 asks=20
2026-05-10 22:24:17,229 | INFO | SPREAD | pair=CHIP/USDC | cex=0.06475/0.06476 | dex_sell=0.0647524 dex_buy=0.064771 | spread_a=-1.2bps spread_b=-3.2bps | min=30.0bps
2026-05-10 22:24:18,232 | INFO | fetch_order_book: symbol=CHIP/USDC limit=20
2026-05-10 22:24:18,489 | INFO | fetch_order_book: mid=0.06479 spread=3.09bps bids=20 asks=20
2026-05-10 22:24:19,651 | INFO | SPREAD | pair=CHIP/USDC | cex=0.06478/0.0648 | dex_sell=0.0647524 dex_buy=0.0648008 | spread_a=-7.3bps spread_b=-3.2bps | min=30.0bps
2026-05-10 22:24:20,654 | INFO | fetch_order_book: symbol=CHIP/USDC limit=20
2026-05-10 22:24:20,994 | INFO | fetch_order_book: mid=0.064785 spread=4.63bps bids=20 asks=20
2026-05-10 22:24:22,376 | INFO | SPREAD | pair=CHIP/USDC | cex=0.06477/0.0648 | dex_sell=0.0647822 dex_buy=0.0648008 | spread_a=-2.7bps spread_b=-4.8bps | min=30.0bps
2026-05-10 22:24:23,379 | INFO | fetch_order_book: symbol=CHIP/USDC limit=20
2026-05-10 22:24:23,658 | INFO | fetch_order_book: mid=0.064795 spread=1.54bps bids=20 asks=20
2026-05-10 22:24:24,709 | INFO | SPREAD | pair=CHIP/USDC | cex=0.06479/0.0648 | dex_sell=0.0647822 dex_buy=0.0648008 | spread_a=-2.7bps spread_b=-1.7bps | min=30.0bps
2026-05-10 22:24:25,712 | INFO | fetch_order_book: symbol=CHIP/USDC limit=20
2026-05-10 22:24:25,976 | INFO | fetch_order_book: mid=0.06481 spread=3.09bps bids=20 asks=20
2026-05-10 22:24:27,060 | INFO | SPREAD | pair=CHIP/USDC | cex=0.0648/0.06482 | dex_sell=0.0648023 dex_buy=0.0648209 | spread_a=-2.7bps spread_b=-3.2bps | min=30.0bps
2026-05-10 22:24:28,062 | INFO | fetch_order_book: symbol=CHIP/USDC limit=20
2026-05-10 22:24:28,321 | INFO | fetch_order_book: mid=0.06481 spread=3.09bps bids=20 asks=20
2026-05-10 22:24:29,325 | INFO | SPREAD | pair=CHIP/USDC | cex=0.0648/0.06482 | dex_sell=0.0648023 dex_buy=0.0648209 | spread_a=-2.7bps spread_b=-3.2bps | min=30.0bps
2026-05-10 22:24:30,327 | INFO | fetch_order_book: symbol=CHIP/USDC limit=20
2026-05-10 22:24:30,611 | INFO | fetch_order_book: mid=0.06478 spread=6.17bps bids=20 asks=20
2026-05-10 22:24:31,690 | INFO | SPREAD | pair=CHIP/USDC | cex=0.06476/0.0648 | dex_sell=0.0648023 dex_buy=0.0647946 | spread_a=0.4bps spread_b=-5.3bps | min=30.0bps
2026-05-10 22:24:32,692 | INFO | fetch_order_book: symbol=CHIP/USDC limit=20
2026-05-10 22:24:32,948 | INFO | fetch_order_book: mid=0.06477 spread=3.09bps bids=20 asks=20
2026-05-10 22:24:33,983 | INFO | SPREAD | pair=CHIP/USDC | cex=0.06476/0.06478 | dex_sell=0.064776 dex_buy=0.0647946 | spread_a=-0.6bps spread_b=-5.3bps | min=30.0bps
2026-05-10 22:24:34,985 | INFO | fetch_order_book: symbol=CHIP/USDC limit=20
2026-05-10 22:24:35,252 | INFO | fetch_order_book: mid=0.06476 spread=6.18bps bids=20 asks=20
2026-05-10 22:24:36,536 | INFO | SPREAD | pair=CHIP/USDC | cex=0.06474/0.06478 | dex_sell=0.064776 dex_buy=0.0647946 | spread_a=-0.6bps spread_b=-8.4bps | min=30.0bps
2026-05-10 22:24:37,538 | INFO | fetch_order_book: symbol=CHIP/USDC limit=20
2026-05-10 22:24:37,792 | INFO | fetch_order_book: mid=0.064765 spread=4.63bps bids=20 asks=20
2026-05-10 22:24:38,790 | INFO | SPREAD | pair=CHIP/USDC | cex=0.06475/0.06478 | dex_sell=0.064776 dex_buy=0.0647946 | spread_a=-0.6bps spread_b=-6.9bps | min=30.0bps
2026-05-10 22:24:39,792 | INFO | fetch_order_book: symbol=CHIP/USDC limit=20
2026-05-10 22:24:40,097 | INFO | fetch_order_book: mid=0.064765 spread=4.63bps bids=20 asks=20
2026-05-10 22:24:41,498 | INFO | SPREAD | pair=CHIP/USDC | cex=0.06475/0.06478 | dex_sell=0.064776 dex_buy=0.0647946 | spread_a=-0.6bps spread_b=-6.9bps | min=30.0bps
2026-05-10 22:24:42,499 | INFO | fetch_order_book: symbol=CHIP/USDC limit=20
2026-05-10 22:24:42,779 | INFO | fetch_order_book: mid=0.064765 spread=4.63bps bids=20 asks=20
2026-05-10 22:24:43,826 | INFO | SPREAD | pair=CHIP/USDC | cex=0.06475/0.06478 | dex_sell=0.064776 dex_buy=0.0647946 | spread_a=-0.6bps spread_b=-6.9bps | min=30.0bps
2026-05-10 22:24:44,827 | INFO | fetch_order_book: symbol=CHIP/USDC limit=20
2026-05-10 22:24:45,214 | INFO | fetch_order_book: mid=0.06478 spread=9.26bps bids=20 asks=20
2026-05-10 22:24:47,217 | INFO | SPREAD | pair=CHIP/USDC | cex=0.06475/0.06481 | dex_sell=0.064776 dex_buy=0.0647946 | spread_a=-5.2bps spread_b=-6.9bps | min=30.0bps
2026-05-10 22:24:48,220 | INFO | fetch_order_book: symbol=CHIP/USDC limit=20
2026-05-10 22:24:49,738 | INFO | fetch_order_book: mid=0.064785 spread=7.72bps bids=20 asks=20
2026-05-10 22:24:52,824 | INFO | SPREAD | pair=CHIP/USDC | cex=0.06476/0.06481 | dex_sell=0.064776 dex_buy=0.0647946 | spread_a=-5.2bps spread_b=-5.3bps | min=30.0bps
2026-05-10 22:24:53,826 | INFO | fetch_order_book: symbol=CHIP/USDC limit=20
2026-05-10 22:24:54,146 | INFO | fetch_order_book: mid=0.06479 spread=6.17bps bids=20 asks=20
2026-05-10 22:24:56,225 | INFO | SPREAD | pair=CHIP/USDC | cex=0.06477/0.06481 | dex_sell=0.064776 dex_buy=0.0647946 | spread_a=-5.2bps spread_b=-3.8bps | min=30.0bps
2026-05-10 22:24:57,228 | INFO | fetch_order_book: symbol=CHIP/USDC limit=20
2026-05-10 22:24:57,491 | INFO | fetch_order_book: mid=0.064715 spread=4.64bps bids=20 asks=20
2026-05-10 22:24:58,389 | INFO | SPREAD | pair=CHIP/USDC | cex=0.0647/0.06473 | dex_sell=0.064776 dex_buy=0.0647477 | spread_a=7.1bps spread_b=-7.4bps | min=30.0bps
2026-05-10 22:24:59,391 | INFO | fetch_order_book: symbol=CHIP/USDC limit=20
2026-05-10 22:24:59,645 | INFO | fetch_order_book: mid=0.06472 spread=6.18bps bids=20 asks=20
2026-05-10 22:25:00,550 | INFO | SPREAD | pair=CHIP/USDC | cex=0.0647/0.06474 | dex_sell=0.0647291 dex_buy=0.0647477 | spread_a=-1.7bps spread_b=-7.4bps | min=30.0bps
2026-05-10 22:25:01,552 | INFO | fetch_order_book: symbol=CHIP/USDC limit=20
2026-05-10 22:25:01,813 | INFO | fetch_order_book: mid=0.06469 spread=3.09bps bids=20 asks=20
2026-05-10 22:25:02,747 | INFO | SPREAD | pair=CHIP/USDC | cex=0.06468/0.0647 | dex_sell=0.0647291 dex_buy=0.0647477 | spread_a=4.5bps spread_b=-10.5bps | min=30.0bps
2026-05-10 22:25:03,749 | INFO | fetch_order_book: symbol=CHIP/USDC limit=20
2026-05-10 22:25:04,013 | INFO | fetch_order_book: mid=0.06466 spread=6.19bps bids=20 asks=20
2026-05-10 22:25:05,010 | INFO | SPREAD | pair=CHIP/USDC | cex=0.06464/0.06468 | dex_sell=0.0646816 dex_buy=0.0647001 | spread_a=0.2bps spread_b=-9.3bps | min=30.0bps
2026-05-10 22:25:06,012 | INFO | fetch_order_book: symbol=CHIP/USDC limit=20
2026-05-10 22:25:06,291 | INFO | fetch_order_book: mid=0.06466 spread=6.19bps bids=20 asks=20
2026-05-10 22:25:07,448 | INFO | SPREAD | pair=CHIP/USDC | cex=0.06464/0.06468 | dex_sell=0.0646816 dex_buy=0.0647001 | spread_a=0.2bps spread_b=-9.3bps | min=30.0bps
2026-05-10 22:25:08,450 | INFO | fetch_order_book: symbol=CHIP/USDC limit=20
2026-05-10 22:25:08,705 | INFO | fetch_order_book: mid=0.06465 spread=3.09bps bids=20 asks=20
2026-05-10 22:25:09,616 | INFO | SPREAD | pair=CHIP/USDC | cex=0.06464/0.06466 | dex_sell=0.0646816 dex_buy=0.0647001 | spread_a=3.3bps spread_b=-9.3bps | min=30.0bps
2026-05-10 22:25:10,618 | INFO | fetch_order_book: symbol=CHIP/USDC limit=20
2026-05-10 22:25:10,885 | INFO | fetch_order_book: mid=0.06466 spread=9.28bps bids=20 asks=20
2026-05-10 22:25:11,788 | INFO | SPREAD | pair=CHIP/USDC | cex=0.06463/0.06469 | dex_sell=0.0646816 dex_buy=0.0647001 | spread_a=-1.3bps spread_b=-10.8bps | min=30.0bps
2026-05-10 22:25:12,791 | INFO | fetch_order_book: symbol=CHIP/USDC limit=20
2026-05-10 22:25:13,047 | INFO | fetch_order_book: mid=0.06474 spread=6.18bps bids=20 asks=20
2026-05-10 22:25:14,016 | INFO | SPREAD | pair=CHIP/USDC | cex=0.06472/0.06476 | dex_sell=0.0647022 dex_buy=0.0647609 | spread_a=-8.9bps spread_b=-6.3bps | min=30.0bps
2026-05-10 22:25:15,019 | INFO | fetch_order_book: symbol=CHIP/USDC limit=20
2026-05-10 22:25:15,279 | INFO | fetch_order_book: mid=0.064825 spread=4.63bps bids=20 asks=20
2026-05-10 22:25:16,183 | INFO | SPREAD | pair=CHIP/USDC | cex=0.06481/0.06484 | dex_sell=0.0648123 dex_buy=0.0648309 | spread_a=-4.3bps spread_b=-3.2bps | min=30.0bps
2026-05-10 22:25:17,185 | INFO | fetch_order_book: symbol=CHIP/USDC limit=20
2026-05-10 22:25:17,445 | INFO | fetch_order_book: mid=0.06483 spread=3.08bps bids=20 asks=20
2026-05-10 22:25:18,355 | INFO | SPREAD | pair=CHIP/USDC | cex=0.06482/0.06484 | dex_sell=0.0648123 dex_buy=0.0648309 | spread_a=-4.3bps spread_b=-1.7bps | min=30.0bps
2026-05-10 22:25:19,357 | INFO | fetch_order_book: symbol=CHIP/USDC limit=20
2026-05-10 22:25:19,613 | INFO | fetch_order_book: mid=0.06482 spread=6.17bps bids=20 asks=20
2026-05-10 22:25:20,550 | INFO | SPREAD | pair=CHIP/USDC | cex=0.0648/0.06484 | dex_sell=0.0648322 dex_buy=0.0648508 | spread_a=-1.2bps spread_b=-7.8bps | min=30.0bps
2026-05-10 22:25:21,553 | INFO | fetch_order_book: symbol=CHIP/USDC limit=20
2026-05-10 22:25:21,882 | INFO | fetch_order_book: mid=0.06482 spread=6.17bps bids=20 asks=20
2026-05-10 22:25:22,758 | INFO | SPREAD | pair=CHIP/USDC | cex=0.0648/0.06484 | dex_sell=0.0648059 dex_buy=0.0648245 | spread_a=-5.3bps spread_b=-3.8bps | min=30.0bps
2026-05-10 22:25:23,760 | INFO | fetch_order_book: symbol=CHIP/USDC limit=20
2026-05-10 22:25:24,021 | INFO | fetch_order_book: mid=0.06483 spread=6.17bps bids=20 asks=20
2026-05-10 22:25:24,911 | INFO | SPREAD | pair=CHIP/USDC | cex=0.06481/0.06485 | dex_sell=0.0648059 dex_buy=0.0648507 | spread_a=-6.8bps spread_b=-6.3bps | min=30.0bps
2026-05-10 22:25:25,913 | INFO | fetch_order_book: symbol=CHIP/USDC limit=20
2026-05-10 22:25:26,172 | INFO | fetch_order_book: mid=0.064805 spread=7.72bps bids=20 asks=20
2026-05-10 22:25:27,071 | INFO | SPREAD | pair=CHIP/USDC | cex=0.06478/0.06483 | dex_sell=0.0648058 dex_buy=0.0648244 | spread_a=-3.7bps spread_b=-6.9bps | min=30.0bps
2026-05-10 22:25:28,073 | INFO | fetch_order_book: symbol=CHIP/USDC limit=20
2026-05-10 22:25:28,445 | INFO | fetch_order_book: mid=0.06478 spread=6.17bps bids=20 asks=20
2026-05-10 22:25:29,333 | INFO | SPREAD | pair=CHIP/USDC | cex=0.06476/0.0648 | dex_sell=0.0648058 dex_buy=0.0648244 | spread_a=0.9bps spread_b=-9.9bps | min=30.0bps
2026-05-10 22:25:30,335 | INFO | fetch_order_book: symbol=CHIP/USDC limit=20
2026-05-10 22:25:30,595 | INFO | fetch_order_book: mid=0.06478 spread=6.17bps bids=20 asks=20
2026-05-10 22:25:31,489 | INFO | SPREAD | pair=CHIP/USDC | cex=0.06476/0.0648 | dex_sell=0.0648058 dex_buy=0.0648244 | spread_a=0.9bps spread_b=-9.9bps | min=30.0bps
2026-05-10 22:25:32,491 | INFO | fetch_order_book: symbol=CHIP/USDC limit=20
2026-05-10 22:25:32,746 | INFO | fetch_order_book: mid=0.06478 spread=6.17bps bids=20 asks=20
2026-05-10 22:25:33,646 | INFO | SPREAD | pair=CHIP/USDC | cex=0.06476/0.0648 | dex_sell=0.0648058 dex_buy=0.0648244 | spread_a=0.9bps spread_b=-9.9bps | min=30.0bps
2026-05-10 22:25:34,648 | INFO | fetch_order_book: symbol=CHIP/USDC limit=20
2026-05-10 22:25:34,906 | INFO | fetch_order_book: mid=0.064765 spread=7.72bps bids=20 asks=20
2026-05-10 22:25:35,806 | INFO | SPREAD | pair=CHIP/USDC | cex=0.06474/0.06479 | dex_sell=0.0647659 dex_buy=0.0647845 | spread_a=-3.7bps spread_b=-6.9bps | min=30.0bps
2026-05-10 22:25:36,807 | INFO | fetch_order_book: symbol=CHIP/USDC limit=20
2026-05-10 22:25:37,062 | INFO | fetch_order_book: mid=0.064765 spread=7.72bps bids=20 asks=20
2026-05-10 22:25:37,998 | INFO | SPREAD | pair=CHIP/USDC | cex=0.06474/0.06479 | dex_sell=0.0647659 dex_buy=0.0647845 | spread_a=-3.7bps spread_b=-6.9bps | min=30.0bps
2026-05-10 22:25:39,000 | INFO | fetch_order_book: symbol=CHIP/USDC limit=20
2026-05-10 22:25:39,254 | INFO | fetch_order_book: mid=0.064765 spread=7.72bps bids=20 asks=20
2026-05-10 22:25:40,167 | INFO | SPREAD | pair=CHIP/USDC | cex=0.06474/0.06479 | dex_sell=0.0647659 dex_buy=0.0647845 | spread_a=-3.7bps spread_b=-6.9bps | min=30.0bps
2026-05-10 22:25:41,169 | INFO | fetch_order_book: symbol=CHIP/USDC limit=20
2026-05-10 22:25:41,424 | INFO | fetch_order_book: mid=0.064765 spread=7.72bps bids=20 asks=20
2026-05-10 22:25:42,323 | INFO | SPREAD | pair=CHIP/USDC | cex=0.06474/0.06479 | dex_sell=0.0647659 dex_buy=0.0647845 | spread_a=-3.7bps spread_b=-6.9bps | min=30.0bps
2026-05-10 22:25:43,325 | INFO | fetch_order_book: symbol=CHIP/USDC limit=20
2026-05-10 22:25:43,579 | INFO | fetch_order_book: mid=0.06477 spread=6.18bps bids=20 asks=20
2026-05-10 22:25:44,479 | INFO | SPREAD | pair=CHIP/USDC | cex=0.06475/0.06479 | dex_sell=0.0647659 dex_buy=0.0647845 | spread_a=-3.7bps spread_b=-5.3bps | min=30.0bps
2026-05-10 22:25:45,482 | INFO | fetch_order_book: symbol=CHIP/USDC limit=20
2026-05-10 22:25:45,743 | INFO | fetch_order_book: mid=0.06478 spread=6.17bps bids=20 asks=20
2026-05-10 22:25:46,705 | INFO | SPREAD | pair=CHIP/USDC | cex=0.06476/0.0648 | dex_sell=0.0647659 dex_buy=0.0647845 | spread_a=-5.3bps spread_b=-3.8bps | min=30.0bps
2026-05-10 22:25:47,707 | INFO | fetch_order_book: symbol=CHIP/USDC limit=20
2026-05-10 22:25:47,966 | INFO | fetch_order_book: mid=0.06478 spread=6.17bps bids=20 asks=20
2026-05-10 22:25:48,973 | INFO | SPREAD | pair=CHIP/USDC | cex=0.06476/0.0648 | dex_sell=0.0647659 dex_buy=0.0647845 | spread_a=-5.3bps spread_b=-3.8bps | min=30.0bps
2026-05-10 22:25:49,974 | INFO | fetch_order_book: symbol=CHIP/USDC limit=20
2026-05-10 22:25:50,228 | INFO | fetch_order_book: mid=0.06478 spread=6.17bps bids=20 asks=20
2026-05-10 22:25:51,133 | INFO | SPREAD | pair=CHIP/USDC | cex=0.06476/0.0648 | dex_sell=0.0647659 dex_buy=0.0647845 | spread_a=-5.3bps spread_b=-3.8bps | min=30.0bps
2026-05-10 22:25:52,134 | INFO | fetch_order_book: symbol=CHIP/USDC limit=20
2026-05-10 22:25:52,396 | INFO | fetch_order_book: mid=0.064765 spread=7.72bps bids=20 asks=20
2026-05-10 22:25:53,281 | INFO | SPREAD | pair=CHIP/USDC | cex=0.06474/0.06479 | dex_sell=0.0647659 dex_buy=0.0647845 | spread_a=-3.7bps spread_b=-6.9bps | min=30.0bps
2026-05-10 22:25:54,283 | INFO | fetch_order_book: symbol=CHIP/USDC limit=20
2026-05-10 22:25:54,538 | INFO | fetch_order_book: mid=0.06475 spread=6.18bps bids=20 asks=20
2026-05-10 22:25:55,448 | INFO | SPREAD | pair=CHIP/USDC | cex=0.06473/0.06477 | dex_sell=0.0647659 dex_buy=0.0647845 | spread_a=-0.6bps spread_b=-8.4bps | min=30.0bps
2026-05-10 22:25:56,450 | INFO | fetch_order_book: symbol=CHIP/USDC limit=20
2026-05-10 22:25:56,711 | INFO | fetch_order_book: mid=0.06475 spread=6.18bps bids=20 asks=20
2026-05-10 22:25:57,616 | INFO | SPREAD | pair=CHIP/USDC | cex=0.06473/0.06477 | dex_sell=0.0647659 dex_buy=0.0647845 | spread_a=-0.6bps spread_b=-8.4bps | min=30.0bps
2026-05-10 22:25:58,617 | INFO | fetch_order_book: symbol=CHIP/USDC limit=20
2026-05-10 22:25:58,876 | INFO | fetch_order_book: mid=0.06477 spread=6.18bps bids=20 asks=20
2026-05-10 22:25:59,821 | INFO | SPREAD | pair=CHIP/USDC | cex=0.06475/0.06479 | dex_sell=0.0647659 dex_buy=0.0647845 | spread_a=-3.7bps spread_b=-5.3bps | min=30.0bps
2026-05-10 22:26:00,823 | INFO | fetch_order_book: symbol=CHIP/USDC limit=20
2026-05-10 22:26:01,079 | INFO | fetch_order_book: mid=0.06475 spread=6.18bps bids=20 asks=20
2026-05-10 22:26:01,996 | INFO | SPREAD | pair=CHIP/USDC | cex=0.06473/0.06477 | dex_sell=0.0647659 dex_buy=0.0647845 | spread_a=-0.6bps spread_b=-8.4bps | min=30.0bps
2026-05-10 22:26:02,998 | INFO | fetch_order_book: symbol=CHIP/USDC limit=20
2026-05-10 22:26:03,257 | INFO | fetch_order_book: mid=0.06480 spread=6.17bps bids=20 asks=20
2026-05-10 22:26:04,202 | INFO | SPREAD | pair=CHIP/USDC | cex=0.06478/0.06482 | dex_sell=0.0647659 dex_buy=0.0647845 | spread_a=-8.3bps spread_b=-0.7bps | min=30.0bps
2026-05-10 22:26:05,203 | INFO | fetch_order_book: symbol=CHIP/USDC limit=20
2026-05-10 22:26:05,485 | INFO | fetch_order_book: mid=0.06483 spread=3.08bps bids=20 asks=20
2026-05-10 22:26:06,391 | INFO | SPREAD | pair=CHIP/USDC | cex=0.06482/0.06484 | dex_sell=0.0648223 dex_buy=0.0648409 | spread_a=-2.7bps spread_b=-3.2bps | min=30.0bps
2026-05-10 22:26:07,393 | INFO | fetch_order_book: symbol=CHIP/USDC limit=20
2026-05-10 22:26:07,649 | INFO | fetch_order_book: mid=0.06483 spread=3.08bps bids=20 asks=20
2026-05-10 22:26:08,582 | INFO | SPREAD | pair=CHIP/USDC | cex=0.06482/0.06484 | dex_sell=0.0648223 dex_buy=0.0648409 | spread_a=-2.7bps spread_b=-3.2bps | min=30.0bps
2026-05-10 22:26:09,584 | INFO | fetch_order_book: symbol=CHIP/USDC limit=20
2026-05-10 22:26:09,837 | INFO | fetch_order_book: mid=0.06482 spread=6.17bps bids=20 asks=20
2026-05-10 22:26:10,745 | INFO | SPREAD | pair=CHIP/USDC | cex=0.0648/0.06484 | dex_sell=0.0648223 dex_buy=0.0648409 | spread_a=-2.7bps spread_b=-6.3bps | min=30.0bps
2026-05-10 22:26:11,747 | INFO | fetch_order_book: symbol=CHIP/USDC limit=20
2026-05-10 22:26:12,001 | INFO | fetch_order_book: mid=0.06482 spread=6.17bps bids=20 asks=20
2026-05-10 22:26:12,908 | INFO | SPREAD | pair=CHIP/USDC | cex=0.0648/0.06484 | dex_sell=0.0648223 dex_buy=0.0648409 | spread_a=-2.7bps spread_b=-6.3bps | min=30.0bps
2026-05-10 22:26:13,910 | INFO | fetch_order_book: symbol=CHIP/USDC limit=20
2026-05-10 22:26:14,164 | INFO | fetch_order_book: mid=0.064805 spread=7.72bps bids=20 asks=20
2026-05-10 22:26:15,072 | INFO | SPREAD | pair=CHIP/USDC | cex=0.06478/0.06483 | dex_sell=0.0648223 dex_buy=0.0648409 | spread_a=-1.2bps spread_b=-9.4bps | min=30.0bps
2026-05-10 22:26:16,074 | INFO | fetch_order_book: symbol=CHIP/USDC limit=20
2026-05-10 22:26:16,332 | INFO | fetch_order_book: mid=0.064815 spread=7.71bps bids=20 asks=20
2026-05-10 22:26:17,216 | INFO | SPREAD | pair=CHIP/USDC | cex=0.06479/0.06484 | dex_sell=0.0648223 dex_buy=0.0648409 | spread_a=-2.7bps spread_b=-7.8bps | min=30.0bps
2026-05-10 22:26:18,217 | INFO | fetch_order_book: symbol=CHIP/USDC limit=20
2026-05-10 22:26:18,473 | INFO | fetch_order_book: mid=0.06483 spread=3.08bps bids=20 asks=20
2026-05-10 22:26:19,344 | INFO | SPREAD | pair=CHIP/USDC | cex=0.06482/0.06484 | dex_sell=0.0648223 dex_buy=0.0648409 | spread_a=-2.7bps spread_b=-3.2bps | min=30.0bps
2026-05-10 22:26:20,345 | INFO | fetch_order_book: symbol=CHIP/USDC limit=20
2026-05-10 22:26:20,601 | INFO | fetch_order_book: mid=0.06483 spread=3.08bps bids=20 asks=20
2026-05-10 22:26:21,496 | INFO | SPREAD | pair=CHIP/USDC | cex=0.06482/0.06484 | dex_sell=0.0648223 dex_buy=0.0648409 | spread_a=-2.7bps spread_b=-3.2bps | min=30.0bps
2026-05-10 22:26:22,498 | INFO | fetch_order_book: symbol=CHIP/USDC limit=20
2026-05-10 22:26:22,753 | INFO | fetch_order_book: mid=0.06483 spread=3.08bps bids=20 asks=20
2026-05-10 22:26:23,645 | INFO | SPREAD | pair=CHIP/USDC | cex=0.06482/0.06484 | dex_sell=0.0648223 dex_buy=0.0648409 | spread_a=-2.7bps spread_b=-3.2bps | min=30.0bps
2026-05-10 22:26:24,647 | INFO | fetch_order_book: symbol=CHIP/USDC limit=20
2026-05-10 22:26:24,901 | INFO | fetch_order_book: mid=0.06483 spread=3.08bps bids=20 asks=20
2026-05-10 22:26:25,783 | INFO | SPREAD | pair=CHIP/USDC | cex=0.06482/0.06484 | dex_sell=0.0648223 dex_buy=0.0648409 | spread_a=-2.7bps spread_b=-3.2bps | min=30.0bps
2026-05-10 22:26:26,785 | INFO | fetch_order_book: symbol=CHIP/USDC limit=20
2026-05-10 22:26:27,038 | INFO | fetch_order_book: mid=0.06481 spread=6.17bps bids=20 asks=20
2026-05-10 22:26:27,981 | INFO | SPREAD | pair=CHIP/USDC | cex=0.06479/0.06483 | dex_sell=0.0648223 dex_buy=0.0648409 | spread_a=-1.2bps spread_b=-7.8bps | min=30.0bps
2026-05-10 22:26:28,983 | INFO | fetch_order_book: symbol=CHIP/USDC limit=20
2026-05-10 22:26:29,335 | INFO | fetch_order_book: mid=0.064805 spread=7.72bps bids=20 asks=20
2026-05-10 22:26:30,265 | INFO | SPREAD | pair=CHIP/USDC | cex=0.06478/0.06483 | dex_sell=0.0648223 dex_buy=0.0648409 | spread_a=-1.2bps spread_b=-9.4bps | min=30.0bps
2026-05-10 22:26:31,267 | INFO | fetch_order_book: symbol=CHIP/USDC limit=20
2026-05-10 22:26:32,007 | INFO | fetch_order_book: mid=0.06481 spread=6.17bps bids=20 asks=20
2026-05-10 22:26:32,930 | INFO | SPREAD | pair=CHIP/USDC | cex=0.06479/0.06483 | dex_sell=0.0648223 dex_buy=0.0648409 | spread_a=-1.2bps spread_b=-7.8bps | min=30.0bps
2026-05-10 22:26:33,933 | INFO | fetch_order_book: symbol=CHIP/USDC limit=20
2026-05-10 22:26:34,187 | INFO | fetch_order_book: mid=0.06481 spread=6.17bps bids=20 asks=20
2026-05-10 22:26:35,088 | INFO | SPREAD | pair=CHIP/USDC | cex=0.06479/0.06483 | dex_sell=0.0648223 dex_buy=0.0648409 | spread_a=-1.2bps spread_b=-7.8bps | min=30.0bps
2026-05-10 22:26:36,090 | INFO | fetch_order_book: symbol=CHIP/USDC limit=20
2026-05-10 22:26:36,346 | INFO | fetch_order_book: mid=0.06481 spread=6.17bps bids=20 asks=20
2026-05-10 22:26:37,255 | INFO | SPREAD | pair=CHIP/USDC | cex=0.06479/0.06483 | dex_sell=0.0648223 dex_buy=0.0648409 | spread_a=-1.2bps spread_b=-7.8bps | min=30.0bps
2026-05-10 22:26:38,257 | INFO | fetch_order_book: symbol=CHIP/USDC limit=20
2026-05-10 22:26:38,514 | INFO | fetch_order_book: mid=0.06481 spread=6.17bps bids=20 asks=20
2026-05-10 22:26:39,445 | INFO | SPREAD | pair=CHIP/USDC | cex=0.06479/0.06483 | dex_sell=0.0648223 dex_buy=0.0648409 | spread_a=-1.2bps spread_b=-7.8bps | min=30.0bps
2026-05-10 22:26:40,446 | INFO | fetch_order_book: symbol=CHIP/USDC limit=20
2026-05-10 22:26:40,699 | INFO | fetch_order_book: mid=0.06481 spread=6.17bps bids=20 asks=20
2026-05-10 22:26:41,619 | INFO | SPREAD | pair=CHIP/USDC | cex=0.06479/0.06483 | dex_sell=0.0648223 dex_buy=0.0648409 | spread_a=-1.2bps spread_b=-7.8bps | min=30.0bps
2026-05-10 22:26:42,621 | INFO | fetch_order_book: symbol=CHIP/USDC limit=20
2026-05-10 22:26:42,876 | INFO | fetch_order_book: mid=0.064815 spread=7.71bps bids=20 asks=20
2026-05-10 22:26:43,780 | INFO | SPREAD | pair=CHIP/USDC | cex=0.06479/0.06484 | dex_sell=0.0648223 dex_buy=0.0648409 | spread_a=-2.7bps spread_b=-7.8bps | min=30.0bps
2026-05-10 22:26:44,781 | INFO | fetch_order_book: symbol=CHIP/USDC limit=20
2026-05-10 22:26:45,038 | INFO | fetch_order_book: mid=0.064825 spread=4.63bps bids=20 asks=20
2026-05-10 22:26:45,920 | INFO | SPREAD | pair=CHIP/USDC | cex=0.06481/0.06484 | dex_sell=0.0648223 dex_buy=0.0648409 | spread_a=-2.7bps spread_b=-4.8bps | min=30.0bps
2026-05-10 22:26:46,922 | INFO | fetch_order_book: symbol=CHIP/USDC limit=20
2026-05-10 22:26:47,179 | INFO | fetch_order_book: mid=0.06483 spread=3.08bps bids=20 asks=20
2026-05-10 22:26:48,090 | INFO | SPREAD | pair=CHIP/USDC | cex=0.06482/0.06484 | dex_sell=0.0648223 dex_buy=0.0648409 | spread_a=-2.7bps spread_b=-3.2bps | min=30.0bps
2026-05-10 22:26:49,093 | INFO | fetch_order_book: symbol=CHIP/USDC limit=20
2026-05-10 22:26:49,348 | INFO | fetch_order_book: mid=0.06483 spread=3.08bps bids=20 asks=20
2026-05-10 22:26:50,251 | INFO | SPREAD | pair=CHIP/USDC | cex=0.06482/0.06484 | dex_sell=0.0648223 dex_buy=0.0648409 | spread_a=-2.7bps spread_b=-3.2bps | min=30.0bps
2026-05-10 22:26:51,253 | INFO | fetch_order_book: symbol=CHIP/USDC limit=20
2026-05-10 22:26:51,508 | INFO | fetch_order_book: mid=0.06483 spread=3.08bps bids=20 asks=20
2026-05-10 22:26:52,493 | INFO | SPREAD | pair=CHIP/USDC | cex=0.06482/0.06484 | dex_sell=0.0648223 dex_buy=0.0648409 | spread_a=-2.7bps spread_b=-3.2bps | min=30.0bps
2026-05-10 22:26:53,495 | INFO | fetch_order_book: symbol=CHIP/USDC limit=20
2026-05-10 22:26:53,749 | INFO | fetch_order_book: mid=0.064795 spread=4.63bps bids=20 asks=20
2026-05-10 22:26:54,688 | INFO | SPREAD | pair=CHIP/USDC | cex=0.06478/0.06481 | dex_sell=0.0648223 dex_buy=0.0648409 | spread_a=1.9bps spread_b=-9.4bps | min=30.0bps
2026-05-10 22:26:55,690 | INFO | fetch_order_book: symbol=CHIP/USDC limit=20
2026-05-10 22:26:55,949 | INFO | fetch_order_book: mid=0.06480 spread=6.17bps bids=20 asks=20
2026-05-10 22:26:56,861 | INFO | SPREAD | pair=CHIP/USDC | cex=0.06478/0.06482 | dex_sell=0.0648223 dex_buy=0.0648409 | spread_a=0.4bps spread_b=-9.4bps | min=30.0bps
2026-05-10 22:26:57,863 | INFO | fetch_order_book: symbol=CHIP/USDC limit=20
2026-05-10 22:26:58,138 | INFO | fetch_order_book: mid=0.064785 spread=1.54bps bids=20 asks=20
2026-05-10 22:26:59,093 | INFO | SPREAD | pair=CHIP/USDC | cex=0.06478/0.06479 | dex_sell=0.064796 dex_buy=0.0647944 | spread_a=0.9bps spread_b=-2.2bps | min=30.0bps
2026-05-10 22:27:00,095 | INFO | fetch_order_book: symbol=CHIP/USDC limit=20
2026-05-10 22:27:00,356 | INFO | fetch_order_book: mid=0.06473 spread=3.09bps bids=20 asks=20
2026-05-10 22:27:01,278 | INFO | SPREAD | pair=CHIP/USDC | cex=0.06472/0.06474 | dex_sell=0.0647259 dex_buy=0.0647445 | spread_a=-2.2bps spread_b=-3.8bps | min=30.0bps
2026-05-10 22:27:02,280 | INFO | fetch_order_book: symbol=CHIP/USDC limit=20
2026-05-10 22:27:02,555 | INFO | fetch_order_book: mid=0.06471 spread=3.09bps bids=20 asks=20
2026-05-10 22:27:03,471 | INFO | SPREAD | pair=CHIP/USDC | cex=0.0647/0.06472 | dex_sell=0.0646957 dex_buy=0.0647143 | spread_a=-3.8bps spread_b=-2.2bps | min=30.0bps
2026-05-10 22:27:04,473 | INFO | fetch_order_book: symbol=CHIP/USDC limit=20
2026-05-10 22:27:04,727 | INFO | fetch_order_book: mid=0.06467 spread=3.09bps bids=20 asks=20
2026-05-10 22:27:05,641 | INFO | SPREAD | pair=CHIP/USDC | cex=0.06466/0.06468 | dex_sell=0.0646659 dex_buy=0.0646844 | spread_a=-2.2bps spread_b=-3.8bps | min=30.0bps
2026-05-10 22:27:06,643 | INFO | fetch_order_book: symbol=CHIP/USDC limit=20
2026-05-10 22:27:06,906 | INFO | fetch_order_book: mid=0.06469 spread=6.18bps bids=20 asks=20
2026-05-10 22:27:07,842 | INFO | SPREAD | pair=CHIP/USDC | cex=0.06467/0.06471 | dex_sell=0.0646659 dex_buy=0.0646844 | spread_a=-6.8bps spread_b=-2.2bps | min=30.0bps
2026-05-10 22:27:08,844 | INFO | fetch_order_book: symbol=CHIP/USDC limit=20
2026-05-10 22:27:09,100 | INFO | fetch_order_book: mid=0.06469 spread=6.18bps bids=20 asks=20
2026-05-10 22:27:10,000 | INFO | SPREAD | pair=CHIP/USDC | cex=0.06467/0.06471 | dex_sell=0.0646659 dex_buy=0.0646844 | spread_a=-6.8bps spread_b=-2.2bps | min=30.0bps
2026-05-10 22:27:11,002 | INFO | fetch_order_book: symbol=CHIP/USDC limit=20
2026-05-10 22:27:11,256 | INFO | fetch_order_book: mid=0.06469 spread=6.18bps bids=20 asks=20
2026-05-10 22:27:12,149 | INFO | SPREAD | pair=CHIP/USDC | cex=0.06467/0.06471 | dex_sell=0.0646659 dex_buy=0.0646844 | spread_a=-6.8bps spread_b=-2.2bps | min=30.0bps
2026-05-10 22:27:13,152 | INFO | fetch_order_book: symbol=CHIP/USDC limit=20
2026-05-10 22:27:13,409 | INFO | fetch_order_book: mid=0.06469 spread=6.18bps bids=20 asks=20
2026-05-10 22:27:14,328 | INFO | SPREAD | pair=CHIP/USDC | cex=0.06467/0.06471 | dex_sell=0.0646659 dex_buy=0.0646844 | spread_a=-6.8bps spread_b=-2.2bps | min=30.0bps
2026-05-10 22:27:15,331 | INFO | fetch_order_book: symbol=CHIP/USDC limit=20
2026-05-10 22:27:15,594 | INFO | fetch_order_book: mid=0.06469 spread=6.18bps bids=20 asks=20
2026-05-10 22:27:16,534 | INFO | SPREAD | pair=CHIP/USDC | cex=0.06467/0.06471 | dex_sell=0.0646659 dex_buy=0.0646844 | spread_a=-6.8bps spread_b=-2.2bps | min=30.0bps
2026-05-10 22:27:17,536 | INFO | fetch_order_book: symbol=CHIP/USDC limit=20
2026-05-10 22:27:17,793 | INFO | fetch_order_book: mid=0.06469 spread=6.18bps bids=20 asks=20
2026-05-10 22:27:18,719 | INFO | SPREAD | pair=CHIP/USDC | cex=0.06467/0.06471 | dex_sell=0.0646659 dex_buy=0.0646844 | spread_a=-6.8bps spread_b=-2.2bps | min=30.0bps
2026-05-10 22:27:19,721 | INFO | fetch_order_book: symbol=CHIP/USDC limit=20
2026-05-10 22:27:19,999 | INFO | fetch_order_book: mid=0.06474 spread=6.18bps bids=20 asks=20
2026-05-10 22:27:20,906 | INFO | SPREAD | pair=CHIP/USDC | cex=0.06472/0.06476 | dex_sell=0.0647222 dex_buy=0.0647408 | spread_a=-5.8bps spread_b=-3.2bps | min=30.0bps
2026-05-10 22:27:21,908 | INFO | fetch_order_book: symbol=CHIP/USDC limit=20
2026-05-10 22:27:22,164 | INFO | fetch_order_book: mid=0.06475 spread=3.09bps bids=20 asks=20
2026-05-10 22:27:23,053 | INFO | SPREAD | pair=CHIP/USDC | cex=0.06474/0.06476 | dex_sell=0.0647422 dex_buy=0.0647608 | spread_a=-2.7bps spread_b=-3.2bps | min=30.0bps
2026-05-10 22:27:24,056 | INFO | fetch_order_book: symbol=CHIP/USDC limit=20
2026-05-10 22:27:24,314 | INFO | fetch_order_book: mid=0.064745 spread=4.63bps bids=20 asks=20
2026-05-10 22:27:25,213 | INFO | SPREAD | pair=CHIP/USDC | cex=0.06473/0.06476 | dex_sell=0.0647422 dex_buy=0.0647608 | spread_a=-2.7bps spread_b=-4.8bps | min=30.0bps
2026-05-10 22:27:26,216 | INFO | fetch_order_book: symbol=CHIP/USDC limit=20
2026-05-10 22:27:26,472 | INFO | fetch_order_book: mid=0.064745 spread=4.63bps bids=20 asks=20
2026-05-10 22:27:26,644 | INFO | Update id=722886002 is handled. Duration 108 ms by bot id=8642945117
2026-05-10 22:27:26,644 | WARNING | Received SIGTERM — shutting down.
2026-05-10 22:27:26,644 | INFO | Polling stopped
2026-05-10 22:27:26,645 | ERROR | Failed to fetch updates - TelegramNetworkError: HTTP Client says - ServerDisconnectedError: Server disconnected
2026-05-10 22:27:26,645 | WARNING | Sleep for 1.000000 seconds and try again... (tryings = 0, bot id = 8642945117)
2026-05-10 22:27:27,053 | INFO | Bot stopped.
2026-05-10 22:27:27,054 | INFO | Polling stopped for bot @arb_bot_peanutbot id=8642945117 - 'arb_bot_peanut'
2026-05-10 22:27:27,390 | INFO | SPREAD | pair=CHIP/USDC | cex=0.06473/0.06476 | dex_sell=0.0647422 dex_buy=0.0647608 | spread_a=-2.7bps spread_b=-4.8bps | min=30.0bps
