2026-05-08 20:31:35,389 | INFO | Logging to file: logs/bot_20260508_203135.log
2026-05-08 20:31:35,389 | INFO | Loading config: configs/chip_observe.yaml
2026-05-08 20:31:36,000 | INFO | Rate limits loaded from exchangeInfo: 6000 weight / 60s
2026-05-08 20:31:36,012 | INFO | Checking exchange connection...
2026-05-08 20:31:36,265 | INFO | Connected to exchange. Server time: 1778265096177
2026-05-08 20:31:36,276 | INFO | DEX engine: Uniswap V3 (fee_tier=100)
2026-05-08 20:31:36,280 | INFO | TxBuilder wired: address=0x84b7346c733Daa8c189e1f31d574087971e5cD7a dex=v3 fee_tier=100
2026-05-08 20:31:36,287 | WARNING | ⚠️  PRODUCTION MODE — REAL MONEY ⚠️
2026-05-08 20:31:36,287 | INFO | Bot starting | pairs=['CHIP/USDC'] | risk={'capital': '100', 'peak': '100', 'daily_pnl': '0', 'drawdown': '0.0%', 'consec_loss': 0, 'tph': 0}
2026-05-08 20:31:39,922 | INFO | API key is valid (expiration unknown).
2026-05-08 20:31:40,389 | INFO | fetch_order_book: symbol=CHIP/USDC limit=20
2026-05-08 20:31:40,390 | INFO | Start polling
2026-05-08 20:31:40,422 | INFO | Run polling for bot @arb_bot_peanutbot id=8642945117 - 'arb_bot_peanut'
2026-05-08 20:31:40,636 | INFO | fetch_order_book: mid=0.07310 spread=5.47bps bids=20 asks=20
2026-05-08 20:31:41,563 | INFO | SPREAD | pair=CHIP/USDC | cex=0.07308/0.07312 | dex_sell=0.0731059 dex_buy=0.0731287 | spread_a=-1.9bps spread_b=-6.7bps | min=30.0bps
2026-05-08 20:31:42,565 | INFO | fetch_order_book: symbol=CHIP/USDC limit=20
2026-05-08 20:31:42,826 | INFO | fetch_order_book: mid=0.073335 spread=6.82bps bids=20 asks=20
2026-05-08 20:31:43,697 | INFO | SPREAD | pair=CHIP/USDC | cex=0.07331/0.07336 | dex_sell=0.0731536 dex_buy=0.0732905 | spread_a=-28.1bps spread_b=2.7bps | min=30.0bps
2026-05-08 20:31:44,698 | INFO | fetch_order_book: symbol=CHIP/USDC limit=20
2026-05-08 20:31:44,984 | INFO | fetch_order_book: mid=0.073315 spread=4.09bps bids=20 asks=20
2026-05-08 20:31:45,856 | INFO | SPREAD | pair=CHIP/USDC | cex=0.0733/0.07333 | dex_sell=0.0732932 dex_buy=0.0733127 | spread_a=-5.0bps spread_b=-1.7bps | min=30.0bps
2026-05-08 20:31:46,857 | INFO | fetch_order_book: symbol=CHIP/USDC limit=20
2026-05-08 20:31:47,144 | INFO | fetch_order_book: mid=0.073335 spread=6.82bps bids=20 asks=20
2026-05-08 20:31:48,029 | INFO | SPREAD | pair=CHIP/USDC | cex=0.07331/0.07336 | dex_sell=0.0732932 dex_buy=0.0733127 | spread_a=-9.1bps spread_b=-0.4bps | min=30.0bps
2026-05-08 20:31:49,031 | INFO | fetch_order_book: symbol=CHIP/USDC limit=20
2026-05-08 20:31:49,279 | INFO | fetch_order_book: mid=0.07331 spread=2.73bps bids=20 asks=20
2026-05-08 20:31:50,170 | INFO | SPREAD | pair=CHIP/USDC | cex=0.0733/0.07332 | dex_sell=0.0733334 dex_buy=0.073353 | spread_a=1.8bps spread_b=-7.2bps | min=30.0bps
2026-05-08 20:31:51,172 | INFO | fetch_order_book: symbol=CHIP/USDC limit=20
2026-05-08 20:31:51,420 | INFO | fetch_order_book: mid=0.073315 spread=4.09bps bids=20 asks=20
2026-05-08 20:31:52,338 | INFO | SPREAD | pair=CHIP/USDC | cex=0.0733/0.07333 | dex_sell=0.073269 dex_buy=0.0732885 | spread_a=-8.3bps spread_b=1.6bps | min=30.0bps
2026-05-08 20:31:53,340 | INFO | fetch_order_book: symbol=CHIP/USDC limit=20
2026-05-08 20:31:53,592 | INFO | fetch_order_book: mid=0.073285 spread=4.09bps bids=20 asks=20
2026-05-08 20:31:54,520 | INFO | SPREAD | pair=CHIP/USDC | cex=0.07327/0.0733 | dex_sell=0.0732937 dex_buy=0.0733132 | spread_a=-0.9bps spread_b=-5.9bps | min=30.0bps
2026-05-08 20:31:55,522 | INFO | fetch_order_book: symbol=CHIP/USDC limit=20
2026-05-08 20:31:55,775 | INFO | fetch_order_book: mid=0.07335 spread=8.18bps bids=20 asks=20
2026-05-08 20:31:56,627 | INFO | SPREAD | pair=CHIP/USDC | cex=0.07332/0.07338 | dex_sell=0.0733336 dex_buy=0.0733531 | spread_a=-6.3bps spread_b=-4.5bps | min=30.0bps
2026-05-08 20:31:57,629 | INFO | fetch_order_book: symbol=CHIP/USDC limit=20
2026-05-08 20:31:57,878 | INFO | fetch_order_book: mid=0.07334 spread=5.45bps bids=20 asks=20
2026-05-08 20:31:58,752 | INFO | SPREAD | pair=CHIP/USDC | cex=0.07332/0.07336 | dex_sell=0.0733336 dex_buy=0.0733531 | spread_a=-3.6bps spread_b=-4.5bps | min=30.0bps
2026-05-08 20:31:59,754 | INFO | fetch_order_book: symbol=CHIP/USDC limit=20
2026-05-08 20:32:00,043 | INFO | fetch_order_book: mid=0.073345 spread=4.09bps bids=20 asks=20
2026-05-08 20:32:00,952 | INFO | SPREAD | pair=CHIP/USDC | cex=0.07333/0.07336 | dex_sell=0.0733336 dex_buy=0.0733531 | spread_a=-3.6bps spread_b=-3.1bps | min=30.0bps
2026-05-08 20:32:01,954 | INFO | fetch_order_book: symbol=CHIP/USDC limit=20
2026-05-08 20:32:02,203 | INFO | fetch_order_book: mid=0.073295 spread=6.82bps bids=20 asks=20
2026-05-08 20:32:03,043 | INFO | SPREAD | pair=CHIP/USDC | cex=0.07327/0.07332 | dex_sell=0.0733637 dex_buy=0.0733586 | spread_a=6.0bps spread_b=-12.1bps | min=30.0bps
2026-05-08 20:32:04,045 | INFO | fetch_order_book: symbol=CHIP/USDC limit=20
2026-05-08 20:32:04,295 | INFO | fetch_order_book: mid=0.07328 spread=5.46bps bids=20 asks=20
2026-05-08 20:32:05,176 | INFO | SPREAD | pair=CHIP/USDC | cex=0.07326/0.0733 | dex_sell=0.0732791 dex_buy=0.0732986 | spread_a=-2.8bps spread_b=-5.3bps | min=30.0bps
2026-05-08 20:32:06,179 | INFO | fetch_order_book: symbol=CHIP/USDC limit=20
2026-05-08 20:32:06,431 | INFO | fetch_order_book: mid=0.07337 spread=2.73bps bids=20 asks=20
2026-05-08 20:32:07,312 | INFO | SPREAD | pair=CHIP/USDC | cex=0.07336/0.07338 | dex_sell=0.0733436 dex_buy=0.0734094 | spread_a=-5.0bps spread_b=-6.7bps | min=30.0bps
2026-05-08 20:32:08,314 | INFO | fetch_order_book: symbol=CHIP/USDC limit=20
2026-05-08 20:32:08,565 | INFO | fetch_order_book: mid=0.073415 spread=6.81bps bids=20 asks=20
2026-05-08 20:32:09,495 | INFO | SPREAD | pair=CHIP/USDC | cex=0.07339/0.07344 | dex_sell=0.0733899 dex_buy=0.0734094 | spread_a=-6.8bps spread_b=-2.6bps | min=30.0bps
2026-05-08 20:32:10,497 | INFO | fetch_order_book: symbol=CHIP/USDC limit=20
2026-05-08 20:32:10,748 | INFO | fetch_order_book: mid=0.073435 spread=6.81bps bids=20 asks=20
2026-05-08 20:32:11,605 | INFO | SPREAD | pair=CHIP/USDC | cex=0.07341/0.07346 | dex_sell=0.0734136 dex_buy=0.0734331 | spread_a=-6.3bps spread_b=-3.2bps | min=30.0bps
2026-05-08 20:32:12,607 | INFO | fetch_order_book: symbol=CHIP/USDC limit=20
2026-05-08 20:32:12,997 | INFO | fetch_order_book: mid=0.073445 spread=4.08bps bids=20 asks=20
2026-05-08 20:32:13,882 | INFO | SPREAD | pair=CHIP/USDC | cex=0.07343/0.07346 | dex_sell=0.0734136 dex_buy=0.0734331 | spread_a=-6.3bps spread_b=-0.4bps | min=30.0bps
2026-05-08 20:32:14,884 | INFO | fetch_order_book: symbol=CHIP/USDC limit=20
2026-05-08 20:32:15,152 | INFO | fetch_order_book: mid=0.073425 spread=6.81bps bids=20 asks=20
2026-05-08 20:32:16,179 | INFO | SPREAD | pair=CHIP/USDC | cex=0.0734/0.07345 | dex_sell=0.0733388 dex_buy=0.0734032 | spread_a=-15.1bps spread_b=-0.4bps | min=30.0bps
2026-05-08 20:32:17,181 | INFO | fetch_order_book: symbol=CHIP/USDC limit=20
2026-05-08 20:32:17,439 | INFO | fetch_order_book: mid=0.073445 spread=6.81bps bids=20 asks=20
2026-05-08 20:32:18,296 | INFO | SPREAD | pair=CHIP/USDC | cex=0.07342/0.07347 | dex_sell=0.0734136 dex_buy=0.0734331 | spread_a=-7.7bps spread_b=-1.8bps | min=30.0bps
2026-05-08 20:32:19,299 | INFO | fetch_order_book: symbol=CHIP/USDC limit=20
2026-05-08 20:32:19,549 | INFO | fetch_order_book: mid=0.07344 spread=8.17bps bids=20 asks=20
2026-05-08 20:32:20,494 | INFO | SPREAD | pair=CHIP/USDC | cex=0.07341/0.07347 | dex_sell=0.073439 dex_buy=0.0734586 | spread_a=-4.2bps spread_b=-6.6bps | min=30.0bps
2026-05-08 20:32:21,497 | INFO | fetch_order_book: symbol=CHIP/USDC limit=20
2026-05-08 20:32:21,745 | INFO | fetch_order_book: mid=0.07344 spread=8.17bps bids=20 asks=20
2026-05-08 20:32:22,673 | INFO | SPREAD | pair=CHIP/USDC | cex=0.07341/0.07347 | dex_sell=0.073439 dex_buy=0.0734586 | spread_a=-4.2bps spread_b=-6.6bps | min=30.0bps
2026-05-08 20:32:23,675 | INFO | fetch_order_book: symbol=CHIP/USDC limit=20
2026-05-08 20:32:23,925 | INFO | fetch_order_book: mid=0.073425 spread=9.53bps bids=20 asks=20
2026-05-08 20:32:24,810 | INFO | SPREAD | pair=CHIP/USDC | cex=0.07339/0.07346 | dex_sell=0.0734097 dex_buy=0.0733994 | spread_a=-6.8bps spread_b=-1.3bps | min=30.0bps
2026-05-08 20:32:25,813 | INFO | fetch_order_book: symbol=CHIP/USDC limit=20
2026-05-08 20:32:26,060 | INFO | fetch_order_book: mid=0.07345 spread=5.45bps bids=20 asks=20
2026-05-08 20:32:26,967 | INFO | SPREAD | pair=CHIP/USDC | cex=0.07343/0.07347 | dex_sell=0.0734342 dex_buy=0.0734538 | spread_a=-4.9bps spread_b=-3.2bps | min=30.0bps
2026-05-08 20:32:27,969 | INFO | fetch_order_book: symbol=CHIP/USDC limit=20
2026-05-08 20:32:28,217 | INFO | fetch_order_book: mid=0.073355 spread=4.09bps bids=20 asks=20
2026-05-08 20:32:29,074 | INFO | SPREAD | pair=CHIP/USDC | cex=0.07334/0.07337 | dex_sell=0.0734097 dex_buy=0.0734293 | spread_a=5.4bps spread_b=-12.2bps | min=30.0bps
2026-05-08 20:32:30,076 | INFO | fetch_order_book: symbol=CHIP/USDC limit=20
2026-05-08 20:32:30,325 | INFO | fetch_order_book: mid=0.07346 spread=5.45bps bids=20 asks=20
2026-05-08 20:32:31,187 | INFO | SPREAD | pair=CHIP/USDC | cex=0.07344/0.07348 | dex_sell=0.0734345 dex_buy=0.073454 | spread_a=-6.2bps spread_b=-1.9bps | min=30.0bps
2026-05-08 20:32:32,189 | INFO | fetch_order_book: symbol=CHIP/USDC limit=20
2026-05-08 20:32:32,439 | INFO | fetch_order_book: mid=0.07340 spread=10.90bps bids=20 asks=20
2026-05-08 20:32:33,361 | INFO | SPREAD | pair=CHIP/USDC | cex=0.07336/0.07344 | dex_sell=0.0734345 dex_buy=0.073454 | spread_a=-0.8bps spread_b=-12.8bps | min=30.0bps
2026-05-08 20:32:34,363 | INFO | fetch_order_book: symbol=CHIP/USDC limit=20
2026-05-08 20:32:34,614 | INFO | fetch_order_book: mid=0.073335 spread=4.09bps bids=20 asks=20
2026-05-08 20:32:35,479 | INFO | SPREAD | pair=CHIP/USDC | cex=0.07332/0.07335 | dex_sell=0.0733796 dex_buy=0.0733692 | spread_a=4.0bps spread_b=-6.7bps | min=30.0bps
2026-05-08 20:32:36,480 | INFO | fetch_order_book: symbol=CHIP/USDC limit=20
2026-05-08 20:32:36,728 | INFO | fetch_order_book: mid=0.07336 spread=5.45bps bids=20 asks=20
2026-05-08 20:32:37,595 | INFO | SPREAD | pair=CHIP/USDC | cex=0.07334/0.07338 | dex_sell=0.0733497 dex_buy=0.0733692 | spread_a=-4.1bps spread_b=-4.0bps | min=30.0bps
2026-05-08 20:32:38,597 | INFO | fetch_order_book: symbol=CHIP/USDC limit=20
2026-05-08 20:32:38,862 | INFO | fetch_order_book: mid=0.07336 spread=5.45bps bids=20 asks=20
2026-05-08 20:32:39,776 | INFO | SPREAD | pair=CHIP/USDC | cex=0.07334/0.07338 | dex_sell=0.0733497 dex_buy=0.0733692 | spread_a=-4.1bps spread_b=-4.0bps | min=30.0bps
2026-05-08 20:32:40,778 | INFO | fetch_order_book: symbol=CHIP/USDC limit=20
2026-05-08 20:32:41,027 | INFO | fetch_order_book: mid=0.073345 spread=6.82bps bids=20 asks=20
2026-05-08 20:32:41,866 | INFO | SPREAD | pair=CHIP/USDC | cex=0.07332/0.07337 | dex_sell=0.0733497 dex_buy=0.0733692 | spread_a=-2.8bps spread_b=-6.7bps | min=30.0bps
2026-05-08 20:32:42,868 | INFO | fetch_order_book: symbol=CHIP/USDC limit=20
2026-05-08 20:32:43,116 | INFO | fetch_order_book: mid=0.073315 spread=4.09bps bids=20 asks=20
2026-05-08 20:32:43,985 | INFO | SPREAD | pair=CHIP/USDC | cex=0.0733/0.07333 | dex_sell=0.0733199 dex_buy=0.0733394 | spread_a=-1.4bps spread_b=-5.4bps | min=30.0bps
2026-05-08 20:32:44,987 | INFO | fetch_order_book: symbol=CHIP/USDC limit=20
2026-05-08 20:32:45,241 | INFO | fetch_order_book: mid=0.07338 spread=8.18bps bids=20 asks=20
2026-05-08 20:32:46,084 | INFO | SPREAD | pair=CHIP/USDC | cex=0.07335/0.07341 | dex_sell=0.0733199 dex_buy=0.0733394 | spread_a=-12.3bps spread_b=1.4bps | min=30.0bps
2026-05-08 20:32:47,087 | INFO | fetch_order_book: symbol=CHIP/USDC limit=20
2026-05-08 20:32:47,334 | INFO | fetch_order_book: mid=0.073335 spread=6.82bps bids=20 asks=20
2026-05-08 20:32:48,270 | INFO | SPREAD | pair=CHIP/USDC | cex=0.07331/0.07336 | dex_sell=0.0733741 dex_buy=0.0733694 | spread_a=1.9bps spread_b=-8.1bps | min=30.0bps
2026-05-08 20:32:49,272 | INFO | fetch_order_book: symbol=CHIP/USDC limit=20
2026-05-08 20:32:49,521 | INFO | fetch_order_book: mid=0.07332 spread=5.46bps bids=20 asks=20
2026-05-08 20:32:50,425 | INFO | SPREAD | pair=CHIP/USDC | cex=0.0733/0.07334 | dex_sell=0.0733198 dex_buy=0.0733393 | spread_a=-2.8bps spread_b=-5.4bps | min=30.0bps
2026-05-08 20:32:51,427 | INFO | fetch_order_book: symbol=CHIP/USDC limit=20
2026-05-08 20:32:51,675 | INFO | fetch_order_book: mid=0.07319 spread=8.20bps bids=20 asks=20
2026-05-08 20:32:52,483 | INFO | SPREAD | pair=CHIP/USDC | cex=0.07316/0.07322 | dex_sell=0.0732596 dex_buy=0.0732193 | spread_a=5.4bps spread_b=-8.1bps | min=30.0bps
2026-05-08 20:32:53,485 | INFO | fetch_order_book: symbol=CHIP/USDC limit=20
2026-05-08 20:32:53,733 | INFO | fetch_order_book: mid=0.07337 spread=5.45bps bids=20 asks=20
2026-05-08 20:32:54,595 | INFO | SPREAD | pair=CHIP/USDC | cex=0.07335/0.07339 | dex_sell=0.0732672 dex_buy=0.0733542 | spread_a=-16.7bps spread_b=-0.6bps | min=30.0bps
2026-05-08 20:32:55,597 | INFO | fetch_order_book: symbol=CHIP/USDC limit=20
2026-05-08 20:32:55,845 | INFO | fetch_order_book: mid=0.073315 spread=6.82bps bids=20 asks=20
2026-05-08 20:32:56,669 | INFO | SPREAD | pair=CHIP/USDC | cex=0.07329/0.07334 | dex_sell=0.0733098 dex_buy=0.0733293 | spread_a=-4.1bps spread_b=-5.4bps | min=30.0bps
2026-05-08 20:32:57,671 | INFO | fetch_order_book: symbol=CHIP/USDC limit=20
2026-05-08 20:32:57,919 | INFO | fetch_order_book: mid=0.07330 spread=5.46bps bids=20 asks=20
2026-05-08 20:32:58,845 | INFO | SPREAD | pair=CHIP/USDC | cex=0.07328/0.07332 | dex_sell=0.0733413 dex_buy=0.0733292 | spread_a=2.9bps spread_b=-6.7bps | min=30.0bps
2026-05-08 20:32:59,847 | INFO | fetch_order_book: symbol=CHIP/USDC limit=20
2026-05-08 20:33:00,095 | INFO | fetch_order_book: mid=0.07335 spread=8.18bps bids=20 asks=20
2026-05-08 20:33:00,958 | INFO | SPREAD | pair=CHIP/USDC | cex=0.07332/0.07338 | dex_sell=0.0733097 dex_buy=0.0733292 | spread_a=-9.6bps spread_b=-1.3bps | min=30.0bps
2026-05-08 20:33:01,960 | INFO | fetch_order_book: symbol=CHIP/USDC limit=20
2026-05-08 20:33:02,207 | INFO | fetch_order_book: mid=0.07342 spread=5.45bps bids=20 asks=20
2026-05-08 20:33:03,119 | INFO | SPREAD | pair=CHIP/USDC | cex=0.0734/0.07344 | dex_sell=0.0733943 dex_buy=0.0734138 | spread_a=-6.2bps spread_b=-1.9bps | min=30.0bps
2026-05-08 20:33:04,121 | INFO | fetch_order_book: symbol=CHIP/USDC limit=20
2026-05-08 20:33:04,460 | INFO | fetch_order_book: mid=0.073345 spread=6.82bps bids=20 asks=20
2026-05-08 20:33:05,364 | INFO | SPREAD | pair=CHIP/USDC | cex=0.07332/0.07337 | dex_sell=0.0732641 dex_buy=0.0733441 | spread_a=-14.4bps spread_b=-3.3bps | min=30.0bps
2026-05-08 20:33:06,368 | INFO | fetch_order_book: symbol=CHIP/USDC limit=20
2026-05-08 20:33:06,624 | INFO | fetch_order_book: mid=0.073335 spread=4.09bps bids=20 asks=20
2026-05-08 20:33:07,521 | INFO | SPREAD | pair=CHIP/USDC | cex=0.07332/0.07335 | dex_sell=0.0733246 dex_buy=0.0733441 | spread_a=-3.5bps spread_b=-3.3bps | min=30.0bps
2026-05-08 20:33:08,524 | INFO | fetch_order_book: symbol=CHIP/USDC limit=20
2026-05-08 20:33:08,771 | INFO | fetch_order_book: mid=0.07339 spread=5.45bps bids=20 asks=20
2026-05-08 20:33:09,613 | INFO | SPREAD | pair=CHIP/USDC | cex=0.07337/0.07341 | dex_sell=0.0733544 dex_buy=0.073374 | spread_a=-7.6bps spread_b=-0.5bps | min=30.0bps
2026-05-08 20:33:10,615 | INFO | fetch_order_book: symbol=CHIP/USDC limit=20
2026-05-08 20:33:10,868 | INFO | fetch_order_book: mid=0.07338 spread=5.45bps bids=20 asks=20
2026-05-08 20:33:11,699 | INFO | SPREAD | pair=CHIP/USDC | cex=0.07336/0.0734 | dex_sell=0.0733544 dex_buy=0.073374 | spread_a=-6.2bps spread_b=-1.9bps | min=30.0bps
2026-05-08 20:33:12,701 | INFO | fetch_order_book: symbol=CHIP/USDC limit=20
2026-05-08 20:33:12,949 | INFO | fetch_order_book: mid=0.07337 spread=5.45bps bids=20 asks=20
2026-05-08 20:33:13,800 | INFO | SPREAD | pair=CHIP/USDC | cex=0.07335/0.07339 | dex_sell=0.0733544 dex_buy=0.0733739 | spread_a=-4.8bps spread_b=-3.3bps | min=30.0bps
2026-05-08 20:33:14,802 | INFO | fetch_order_book: symbol=CHIP/USDC limit=20
2026-05-08 20:33:15,051 | INFO | fetch_order_book: mid=0.07336 spread=5.45bps bids=20 asks=20
2026-05-08 20:33:15,953 | INFO | SPREAD | pair=CHIP/USDC | cex=0.07334/0.07338 | dex_sell=0.0733544 dex_buy=0.0733739 | spread_a=-3.5bps spread_b=-4.6bps | min=30.0bps
2026-05-08 20:33:16,956 | INFO | fetch_order_book: symbol=CHIP/USDC limit=20
2026-05-08 20:33:17,209 | INFO | fetch_order_book: mid=0.07336 spread=5.45bps bids=20 asks=20
2026-05-08 20:33:18,101 | INFO | SPREAD | pair=CHIP/USDC | cex=0.07334/0.07338 | dex_sell=0.0733297 dex_buy=0.0733493 | spread_a=-6.8bps spread_b=-1.3bps | min=30.0bps
2026-05-08 20:33:19,104 | INFO | fetch_order_book: symbol=CHIP/USDC limit=20
2026-05-08 20:33:19,354 | INFO | fetch_order_book: mid=0.07329 spread=2.73bps bids=20 asks=20
2026-05-08 20:33:20,189 | INFO | SPREAD | pair=CHIP/USDC | cex=0.07328/0.0733 | dex_sell=0.0732996 dex_buy=0.0733191 | spread_a=-0.0bps spread_b=-5.3bps | min=30.0bps
2026-05-08 20:33:21,192 | INFO | fetch_order_book: symbol=CHIP/USDC limit=20
2026-05-08 20:33:21,439 | INFO | fetch_order_book: mid=0.07323 spread=2.73bps bids=20 asks=20
2026-05-08 20:33:22,329 | INFO | SPREAD | pair=CHIP/USDC | cex=0.07322/0.07324 | dex_sell=0.0732497 dex_buy=0.0732691 | spread_a=1.3bps spread_b=-6.7bps | min=30.0bps
2026-05-08 20:33:23,331 | INFO | fetch_order_book: symbol=CHIP/USDC limit=20
2026-05-08 20:33:23,582 | INFO | fetch_order_book: mid=0.073225 spread=1.37bps bids=20 asks=20
2026-05-08 20:33:24,682 | INFO | SPREAD | pair=CHIP/USDC | cex=0.07322/0.07323 | dex_sell=0.0732196 dex_buy=0.0732391 | spread_a=-1.4bps spread_b=-2.6bps | min=30.0bps
2026-05-08 20:33:25,684 | INFO | fetch_order_book: symbol=CHIP/USDC limit=20
2026-05-08 20:33:25,934 | INFO | fetch_order_book: mid=0.07317 spread=2.73bps bids=20 asks=20
2026-05-08 20:33:26,801 | INFO | SPREAD | pair=CHIP/USDC | cex=0.07316/0.07318 | dex_sell=0.0731799 dex_buy=0.0731693 | spread_a=-0.0bps spread_b=-1.3bps | min=30.0bps
2026-05-08 20:33:27,802 | INFO | fetch_order_book: symbol=CHIP/USDC limit=20
2026-05-08 20:33:28,051 | INFO | fetch_order_book: mid=0.073155 spread=6.83bps bids=20 asks=20
2026-05-08 20:33:28,970 | INFO | SPREAD | pair=CHIP/USDC | cex=0.07313/0.07318 | dex_sell=0.0731499 dex_buy=0.0731693 | spread_a=-4.1bps spread_b=-5.4bps | min=30.0bps
2026-05-08 20:33:29,972 | INFO | fetch_order_book: symbol=CHIP/USDC limit=20
2026-05-08 20:33:30,221 | INFO | fetch_order_book: mid=0.073185 spread=6.83bps bids=20 asks=20
2026-05-08 20:33:31,152 | INFO | SPREAD | pair=CHIP/USDC | cex=0.07316/0.07321 | dex_sell=0.0731499 dex_buy=0.0731693 | spread_a=-8.2bps spread_b=-1.3bps | min=30.0bps
2026-05-08 20:33:32,154 | INFO | fetch_order_book: symbol=CHIP/USDC limit=20
2026-05-08 20:33:32,404 | INFO | fetch_order_book: mid=0.07316 spread=5.47bps bids=20 asks=20
2026-05-08 20:33:33,278 | INFO | SPREAD | pair=CHIP/USDC | cex=0.07314/0.07318 | dex_sell=0.0731497 dex_buy=0.0731692 | spread_a=-4.1bps spread_b=-4.0bps | min=30.0bps
2026-05-08 20:33:34,281 | INFO | fetch_order_book: symbol=CHIP/USDC limit=20
2026-05-08 20:33:34,531 | INFO | fetch_order_book: mid=0.07330 spread=5.46bps bids=20 asks=20
2026-05-08 20:33:35,402 | INFO | SPREAD | pair=CHIP/USDC | cex=0.07328/0.07332 | dex_sell=0.0731497 dex_buy=0.0731692 | spread_a=-23.2bps spread_b=15.1bps | min=30.0bps
2026-05-08 20:33:36,404 | INFO | fetch_order_book: symbol=CHIP/USDC limit=20
2026-05-08 20:33:36,654 | INFO | fetch_order_book: mid=0.073285 spread=6.82bps bids=20 asks=20
2026-05-08 20:33:37,525 | INFO | SPREAD | pair=CHIP/USDC | cex=0.07326/0.07331 | dex_sell=0.0732743 dex_buy=0.0732938 | spread_a=-4.9bps spread_b=-4.6bps | min=30.0bps
2026-05-08 20:33:38,528 | INFO | fetch_order_book: symbol=CHIP/USDC limit=20
2026-05-08 20:33:38,774 | INFO | fetch_order_book: mid=0.073285 spread=6.82bps bids=20 asks=20
2026-05-08 20:33:39,686 | INFO | SPREAD | pair=CHIP/USDC | cex=0.07326/0.07331 | dex_sell=0.0732743 dex_buy=0.0732938 | spread_a=-4.9bps spread_b=-4.6bps | min=30.0bps
2026-05-08 20:33:40,688 | INFO | fetch_order_book: symbol=CHIP/USDC limit=20
2026-05-08 20:33:40,988 | INFO | fetch_order_book: mid=0.07324 spread=5.46bps bids=20 asks=20
2026-05-08 20:33:41,835 | INFO | SPREAD | pair=CHIP/USDC | cex=0.07322/0.07326 | dex_sell=0.0732743 dex_buy=0.0732392 | spread_a=2.0bps spread_b=-2.6bps | min=30.0bps
2026-05-08 20:33:42,837 | INFO | fetch_order_book: symbol=CHIP/USDC limit=20
2026-05-08 20:33:43,085 | INFO | fetch_order_book: mid=0.073215 spread=6.83bps bids=20 asks=20
2026-05-08 20:33:44,025 | INFO | SPREAD | pair=CHIP/USDC | cex=0.07319/0.07324 | dex_sell=0.0732197 dex_buy=0.0732392 | spread_a=-2.8bps spread_b=-6.7bps | min=30.0bps
2026-05-08 20:33:45,027 | INFO | fetch_order_book: symbol=CHIP/USDC limit=20
2026-05-08 20:33:45,282 | INFO | fetch_order_book: mid=0.073425 spread=6.81bps bids=20 asks=20
2026-05-08 20:33:46,176 | INFO | SPREAD | pair=CHIP/USDC | cex=0.0734/0.07345 | dex_sell=0.0733844 dex_buy=0.073404 | spread_a=-8.9bps spread_b=-0.5bps | min=30.0bps
2026-05-08 20:33:47,178 | INFO | fetch_order_book: symbol=CHIP/USDC limit=20
2026-05-08 20:33:47,424 | INFO | fetch_order_book: mid=0.07337 spread=8.18bps bids=20 asks=20
2026-05-08 20:33:48,342 | INFO | SPREAD | pair=CHIP/USDC | cex=0.07334/0.0734 | dex_sell=0.0733844 dex_buy=0.07337 | spread_a=-2.1bps spread_b=-4.1bps | min=30.0bps
2026-05-08 20:33:49,344 | INFO | fetch_order_book: symbol=CHIP/USDC limit=20
2026-05-08 20:33:49,591 | INFO | fetch_order_book: mid=0.07340 spread=8.17bps bids=20 asks=20
2026-05-08 20:33:50,474 | INFO | SPREAD | pair=CHIP/USDC | cex=0.07337/0.07343 | dex_sell=0.0733505 dex_buy=0.07337 | spread_a=-10.8bps spread_b=0.0bps | min=30.0bps
2026-05-08 20:33:51,476 | INFO | fetch_order_book: symbol=CHIP/USDC limit=20
2026-05-08 20:33:51,724 | INFO | fetch_order_book: mid=0.07339 spread=5.45bps bids=20 asks=20
2026-05-08 20:33:52,627 | INFO | SPREAD | pair=CHIP/USDC | cex=0.07337/0.07341 | dex_sell=0.0733505 dex_buy=0.07337 | spread_a=-8.1bps spread_b=0.0bps | min=30.0bps
2026-05-08 20:33:53,629 | INFO | fetch_order_book: symbol=CHIP/USDC limit=20
2026-05-08 20:33:53,881 | INFO | fetch_order_book: mid=0.07339 spread=5.45bps bids=20 asks=20
2026-05-08 20:33:54,751 | INFO | SPREAD | pair=CHIP/USDC | cex=0.07337/0.07341 | dex_sell=0.0733505 dex_buy=0.07337 | spread_a=-8.1bps spread_b=0.0bps | min=30.0bps
2026-05-08 20:33:55,754 | INFO | fetch_order_book: symbol=CHIP/USDC limit=20
2026-05-08 20:33:56,003 | INFO | fetch_order_book: mid=0.07339 spread=5.45bps bids=20 asks=20
2026-05-08 20:33:56,856 | INFO | SPREAD | pair=CHIP/USDC | cex=0.07337/0.07341 | dex_sell=0.0733752 dex_buy=0.0733947 | spread_a=-4.7bps spread_b=-3.4bps | min=30.0bps
2026-05-08 20:33:57,858 | INFO | fetch_order_book: symbol=CHIP/USDC limit=20
2026-05-08 20:33:58,106 | INFO | fetch_order_book: mid=0.07341 spread=8.17bps bids=20 asks=20
2026-05-08 20:33:58,963 | INFO | SPREAD | pair=CHIP/USDC | cex=0.07338/0.07344 | dex_sell=0.0733752 dex_buy=0.0733947 | spread_a=-8.8bps spread_b=-2.0bps | min=30.0bps
2026-05-08 20:33:59,965 | INFO | fetch_order_book: symbol=CHIP/USDC limit=20
2026-05-08 20:34:00,216 | INFO | fetch_order_book: mid=0.073455 spread=6.81bps bids=20 asks=20
2026-05-08 20:34:01,181 | INFO | SPREAD | pair=CHIP/USDC | cex=0.07343/0.07348 | dex_sell=0.0734351 dex_buy=0.0734546 | spread_a=-6.1bps spread_b=-3.4bps | min=30.0bps
2026-05-08 20:34:02,183 | INFO | fetch_order_book: symbol=CHIP/USDC limit=20
2026-05-08 20:34:02,433 | INFO | fetch_order_book: mid=0.073435 spread=6.81bps bids=20 asks=20
2026-05-08 20:34:03,308 | INFO | SPREAD | pair=CHIP/USDC | cex=0.07341/0.07346 | dex_sell=0.0734351 dex_buy=0.0734546 | spread_a=-3.4bps spread_b=-6.1bps | min=30.0bps
2026-05-08 20:34:04,310 | INFO | fetch_order_book: symbol=CHIP/USDC limit=20
2026-05-08 20:34:04,562 | INFO | fetch_order_book: mid=0.073435 spread=6.81bps bids=20 asks=20
2026-05-08 20:34:05,436 | INFO | SPREAD | pair=CHIP/USDC | cex=0.07341/0.07346 | dex_sell=0.0734106 dex_buy=0.0734301 | spread_a=-6.7bps spread_b=-2.7bps | min=30.0bps
2026-05-08 20:34:06,439 | INFO | fetch_order_book: symbol=CHIP/USDC limit=20
2026-05-08 20:34:06,689 | INFO | fetch_order_book: mid=0.07348 spread=5.44bps bids=20 asks=20
2026-05-08 20:34:07,553 | INFO | SPREAD | pair=CHIP/USDC | cex=0.07346/0.0735 | dex_sell=0.0734106 dex_buy=0.0734546 | spread_a=-12.2bps spread_b=0.7bps | min=30.0bps
2026-05-08 20:34:08,555 | INFO | fetch_order_book: symbol=CHIP/USDC limit=20
2026-05-08 20:34:08,806 | INFO | fetch_order_book: mid=0.073455 spread=6.81bps bids=20 asks=20
2026-05-08 20:34:09,684 | INFO | SPREAD | pair=CHIP/USDC | cex=0.07343/0.07348 | dex_sell=0.0734351 dex_buy=0.0734546 | spread_a=-6.1bps spread_b=-3.4bps | min=30.0bps
2026-05-08 20:34:10,687 | INFO | fetch_order_book: symbol=CHIP/USDC limit=20
2026-05-08 20:34:10,936 | INFO | fetch_order_book: mid=0.07347 spread=5.44bps bids=20 asks=20
2026-05-08 20:34:11,772 | INFO | SPREAD | pair=CHIP/USDC | cex=0.07345/0.07349 | dex_sell=0.0734351 dex_buy=0.0734546 | spread_a=-7.5bps spread_b=-0.6bps | min=30.0bps
2026-05-08 20:34:12,775 | INFO | fetch_order_book: symbol=CHIP/USDC limit=20
2026-05-08 20:34:13,023 | INFO | fetch_order_book: mid=0.073495 spread=1.36bps bids=20 asks=20
2026-05-08 20:34:13,919 | INFO | SPREAD | pair=CHIP/USDC | cex=0.07349/0.0735 | dex_sell=0.0734351 dex_buy=0.0734546 | spread_a=-8.8bps spread_b=4.8bps | min=30.0bps
2026-05-08 20:34:14,921 | INFO | fetch_order_book: symbol=CHIP/USDC limit=20
2026-05-08 20:34:15,184 | INFO | fetch_order_book: mid=0.07342 spread=5.45bps bids=20 asks=20
2026-05-08 20:34:16,066 | INFO | SPREAD | pair=CHIP/USDC | cex=0.0734/0.07344 | dex_sell=0.0734351 dex_buy=0.0734301 | spread_a=-0.7bps spread_b=-4.1bps | min=30.0bps
2026-05-08 20:34:17,068 | INFO | fetch_order_book: symbol=CHIP/USDC limit=20
2026-05-08 20:34:17,317 | INFO | fetch_order_book: mid=0.073415 spread=6.81bps bids=20 asks=20
2026-05-08 20:34:18,171 | INFO | SPREAD | pair=CHIP/USDC | cex=0.07339/0.07344 | dex_sell=0.0734106 dex_buy=0.0734301 | spread_a=-4.0bps spread_b=-5.5bps | min=30.0bps
2026-05-08 20:34:19,173 | INFO | fetch_order_book: symbol=CHIP/USDC limit=20
2026-05-08 20:34:19,424 | INFO | fetch_order_book: mid=0.07342 spread=8.17bps bids=20 asks=20
2026-05-08 20:34:20,311 | INFO | SPREAD | pair=CHIP/USDC | cex=0.07339/0.07345 | dex_sell=0.0734106 dex_buy=0.0734301 | spread_a=-5.4bps spread_b=-5.5bps | min=30.0bps
2026-05-08 20:34:21,313 | INFO | fetch_order_book: symbol=CHIP/USDC limit=20
2026-05-08 20:34:21,562 | INFO | fetch_order_book: mid=0.073405 spread=4.09bps bids=20 asks=20
2026-05-08 20:34:22,445 | INFO | SPREAD | pair=CHIP/USDC | cex=0.07339/0.07342 | dex_sell=0.0733804 dex_buy=0.0734 | spread_a=-5.4bps spread_b=-1.4bps | min=30.0bps
2026-05-08 20:34:23,448 | INFO | fetch_order_book: symbol=CHIP/USDC limit=20
2026-05-08 20:34:23,698 | INFO | fetch_order_book: mid=0.07343 spread=5.45bps bids=20 asks=20
2026-05-08 20:34:24,661 | INFO | SPREAD | pair=CHIP/USDC | cex=0.07341/0.07345 | dex_sell=0.0733804 dex_buy=0.0734 | spread_a=-9.5bps spread_b=1.4bps | min=30.0bps
2026-05-08 20:34:25,664 | INFO | fetch_order_book: symbol=CHIP/USDC limit=20
2026-05-08 20:34:25,914 | INFO | fetch_order_book: mid=0.07343 spread=5.45bps bids=20 asks=20
2026-05-08 20:34:26,825 | INFO | SPREAD | pair=CHIP/USDC | cex=0.07341/0.07345 | dex_sell=0.0733804 dex_buy=0.0734 | spread_a=-9.5bps spread_b=1.4bps | min=30.0bps
2026-05-08 20:34:27,827 | INFO | fetch_order_book: symbol=CHIP/USDC limit=20
2026-05-08 20:34:28,077 | INFO | fetch_order_book: mid=0.07342 spread=5.45bps bids=20 asks=20
2026-05-08 20:34:28,935 | INFO | SPREAD | pair=CHIP/USDC | cex=0.0734/0.07344 | dex_sell=0.0733804 dex_buy=0.0734 | spread_a=-8.1bps spread_b=0.0bps | min=30.0bps
2026-05-08 20:34:29,936 | INFO | fetch_order_book: symbol=CHIP/USDC limit=20
2026-05-08 20:34:30,199 | INFO | fetch_order_book: mid=0.073425 spread=6.81bps bids=20 asks=20
2026-05-08 20:34:31,054 | INFO | SPREAD | pair=CHIP/USDC | cex=0.0734/0.07345 | dex_sell=0.0733804 dex_buy=0.0734 | spread_a=-9.5bps spread_b=0.0bps | min=30.0bps
2026-05-08 20:34:32,056 | INFO | fetch_order_book: symbol=CHIP/USDC limit=20
2026-05-08 20:34:32,311 | INFO | fetch_order_book: mid=0.073445 spread=6.81bps bids=20 asks=20
2026-05-08 20:34:33,174 | INFO | SPREAD | pair=CHIP/USDC | cex=0.07342/0.07347 | dex_sell=0.0734051 dex_buy=0.0734247 | spread_a=-8.8bps spread_b=-0.6bps | min=30.0bps
2026-05-08 20:34:34,176 | INFO | fetch_order_book: symbol=CHIP/USDC limit=20
2026-05-08 20:34:34,427 | INFO | fetch_order_book: mid=0.07345 spread=5.45bps bids=20 asks=20
2026-05-08 20:34:35,266 | INFO | SPREAD | pair=CHIP/USDC | cex=0.07343/0.07347 | dex_sell=0.0734051 dex_buy=0.0734247 | spread_a=-8.8bps spread_b=0.7bps | min=30.0bps
2026-05-08 20:34:36,268 | INFO | fetch_order_book: symbol=CHIP/USDC limit=20
2026-05-08 20:34:36,518 | INFO | fetch_order_book: mid=0.07346 spread=8.17bps bids=20 asks=20
2026-05-08 20:34:37,510 | INFO | SPREAD | pair=CHIP/USDC | cex=0.07343/0.07349 | dex_sell=0.073425 dex_buy=0.0734445 | spread_a=-8.8bps spread_b=-2.0bps | min=30.0bps
2026-05-08 20:34:38,512 | INFO | fetch_order_book: symbol=CHIP/USDC limit=20
2026-05-08 20:34:38,774 | INFO | fetch_order_book: mid=0.07345 spread=5.45bps bids=20 asks=20
2026-05-08 20:34:39,694 | INFO | SPREAD | pair=CHIP/USDC | cex=0.07343/0.07347 | dex_sell=0.073425 dex_buy=0.0734445 | spread_a=-6.1bps spread_b=-2.0bps | min=30.0bps
2026-05-08 20:34:40,696 | INFO | fetch_order_book: symbol=CHIP/USDC limit=20
2026-05-08 20:34:40,949 | INFO | fetch_order_book: mid=0.073445 spread=6.81bps bids=20 asks=20
2026-05-08 20:34:41,828 | INFO | SPREAD | pair=CHIP/USDC | cex=0.07342/0.07347 | dex_sell=0.073425 dex_buy=0.0734445 | spread_a=-6.1bps spread_b=-3.3bps | min=30.0bps
2026-05-08 20:34:42,831 | INFO | fetch_order_book: symbol=CHIP/USDC limit=20
2026-05-08 20:34:43,083 | INFO | fetch_order_book: mid=0.07333 spread=2.73bps bids=20 asks=20
2026-05-08 20:34:43,976 | INFO | SPREAD | pair=CHIP/USDC | cex=0.07332/0.07334 | dex_sell=0.0733504 dex_buy=0.07337 | spread_a=1.4bps spread_b=-6.8bps | min=30.0bps
2026-05-08 20:34:44,978 | INFO | fetch_order_book: symbol=CHIP/USDC limit=20
2026-05-08 20:34:45,227 | INFO | fetch_order_book: mid=0.073305 spread=1.36bps bids=20 asks=20
2026-05-08 20:34:46,074 | INFO | SPREAD | pair=CHIP/USDC | cex=0.0733/0.07331 | dex_sell=0.0733144 dex_buy=0.0733339 | spread_a=0.6bps spread_b=-4.6bps | min=30.0bps
2026-05-08 20:34:47,076 | INFO | fetch_order_book: symbol=CHIP/USDC limit=20
2026-05-08 20:34:47,325 | INFO | fetch_order_book: mid=0.07329 spread=5.46bps bids=20 asks=20
2026-05-08 20:34:48,263 | INFO | SPREAD | pair=CHIP/USDC | cex=0.07327/0.07331 | dex_sell=0.0733144 dex_buy=0.0733339 | spread_a=0.6bps spread_b=-8.7bps | min=30.0bps
2026-05-08 20:34:49,266 | INFO | fetch_order_book: symbol=CHIP/USDC limit=20
2026-05-08 20:34:49,517 | INFO | fetch_order_book: mid=0.07330 spread=8.19bps bids=20 asks=20
2026-05-08 20:34:50,425 | INFO | SPREAD | pair=CHIP/USDC | cex=0.07327/0.07333 | dex_sell=0.0733144 dex_buy=0.0733339 | spread_a=-2.1bps spread_b=-8.7bps | min=30.0bps
2026-05-08 20:34:51,427 | INFO | fetch_order_book: symbol=CHIP/USDC limit=20
2026-05-08 20:34:51,677 | INFO | fetch_order_book: mid=0.073315 spread=6.82bps bids=20 asks=20
2026-05-08 20:34:52,542 | INFO | SPREAD | pair=CHIP/USDC | cex=0.07329/0.07334 | dex_sell=0.0733144 dex_buy=0.0733339 | spread_a=-3.5bps spread_b=-6.0bps | min=30.0bps
2026-05-08 20:34:53,544 | INFO | fetch_order_book: symbol=CHIP/USDC limit=20
2026-05-08 20:34:53,792 | INFO | fetch_order_book: mid=0.07332 spread=8.18bps bids=20 asks=20
2026-05-08 20:34:54,712 | INFO | SPREAD | pair=CHIP/USDC | cex=0.07329/0.07335 | dex_sell=0.0733144 dex_buy=0.0733339 | spread_a=-4.9bps spread_b=-6.0bps | min=30.0bps
2026-05-08 20:34:55,715 | INFO | fetch_order_book: symbol=CHIP/USDC limit=20
2026-05-08 20:34:55,965 | INFO | fetch_order_book: mid=0.073275 spread=4.09bps bids=20 asks=20
2026-05-08 20:34:56,857 | INFO | SPREAD | pair=CHIP/USDC | cex=0.07326/0.07329 | dex_sell=0.0732706 dex_buy=0.0732901 | spread_a=-2.6bps spread_b=-4.1bps | min=30.0bps
2026-05-08 20:34:57,858 | INFO | fetch_order_book: symbol=CHIP/USDC limit=20
2026-05-08 20:34:58,109 | INFO | fetch_order_book: mid=0.07337 spread=8.18bps bids=20 asks=20
2026-05-08 20:34:58,945 | INFO | SPREAD | pair=CHIP/USDC | cex=0.07334/0.0734 | dex_sell=0.0732706 dex_buy=0.0733146 | spread_a=-17.6bps spread_b=3.5bps | min=30.0bps
2026-05-08 20:34:59,948 | INFO | fetch_order_book: symbol=CHIP/USDC limit=20
2026-05-08 20:35:00,209 | INFO | fetch_order_book: mid=0.073385 spread=4.09bps bids=20 asks=20
2026-05-08 20:35:01,095 | INFO | SPREAD | pair=CHIP/USDC | cex=0.07337/0.0734 | dex_sell=0.0733651 dex_buy=0.0733846 | spread_a=-4.8bps spread_b=-2.0bps | min=30.0bps
2026-05-08 20:35:02,097 | INFO | fetch_order_book: symbol=CHIP/USDC limit=20
2026-05-08 20:35:02,347 | INFO | fetch_order_book: mid=0.073385 spread=4.09bps bids=20 asks=20
2026-05-08 20:35:03,210 | INFO | SPREAD | pair=CHIP/USDC | cex=0.07337/0.0734 | dex_sell=0.0733651 dex_buy=0.0733846 | spread_a=-4.8bps spread_b=-2.0bps | min=30.0bps
2026-05-08 20:35:04,213 | INFO | fetch_order_book: symbol=CHIP/USDC limit=20
2026-05-08 20:35:04,467 | INFO | fetch_order_book: mid=0.073425 spread=4.09bps bids=20 asks=20
2026-05-08 20:35:05,339 | INFO | SPREAD | pair=CHIP/USDC | cex=0.07341/0.07344 | dex_sell=0.073395 dex_buy=0.0734145 | spread_a=-6.1bps spread_b=-0.6bps | min=30.0bps
2026-05-08 20:35:06,342 | INFO | fetch_order_book: symbol=CHIP/USDC limit=20
2026-05-08 20:35:06,593 | INFO | fetch_order_book: mid=0.073415 spread=4.09bps bids=20 asks=20
2026-05-08 20:35:07,409 | INFO | SPREAD | pair=CHIP/USDC | cex=0.0734/0.07343 | dex_sell=0.073395 dex_buy=0.0734145 | spread_a=-4.8bps spread_b=-2.0bps | min=30.0bps
2026-05-08 20:35:08,411 | INFO | fetch_order_book: symbol=CHIP/USDC limit=20
2026-05-08 20:35:08,666 | INFO | fetch_order_book: mid=0.073425 spread=4.09bps bids=20 asks=20
2026-05-08 20:35:09,545 | INFO | SPREAD | pair=CHIP/USDC | cex=0.07341/0.07344 | dex_sell=0.073395 dex_buy=0.0734145 | spread_a=-6.1bps spread_b=-0.6bps | min=30.0bps
2026-05-08 20:35:10,547 | INFO | fetch_order_book: symbol=CHIP/USDC limit=20
2026-05-08 20:35:10,831 | INFO | fetch_order_book: mid=0.073415 spread=4.09bps bids=20 asks=20
2026-05-08 20:35:11,735 | INFO | SPREAD | pair=CHIP/USDC | cex=0.0734/0.07343 | dex_sell=0.073395 dex_buy=0.0734145 | spread_a=-4.8bps spread_b=-2.0bps | min=30.0bps
2026-05-08 20:35:12,737 | INFO | fetch_order_book: symbol=CHIP/USDC limit=20
2026-05-08 20:35:12,985 | INFO | fetch_order_book: mid=0.07343 spread=2.72bps bids=20 asks=20
2026-05-08 20:35:13,877 | INFO | SPREAD | pair=CHIP/USDC | cex=0.07342/0.07344 | dex_sell=0.073395 dex_buy=0.0734145 | spread_a=-6.1bps spread_b=0.7bps | min=30.0bps
2026-05-08 20:35:14,879 | INFO | fetch_order_book: symbol=CHIP/USDC limit=20
2026-05-08 20:35:15,126 | INFO | fetch_order_book: mid=0.073465 spread=4.08bps bids=20 asks=20
2026-05-08 20:35:16,006 | INFO | SPREAD | pair=CHIP/USDC | cex=0.07345/0.07348 | dex_sell=0.073395 dex_buy=0.0734513 | spread_a=-11.6bps spread_b=-0.2bps | min=30.0bps
2026-05-08 20:35:17,008 | INFO | fetch_order_book: symbol=CHIP/USDC limit=20
2026-05-08 20:35:17,257 | INFO | fetch_order_book: mid=0.073465 spread=4.08bps bids=20 asks=20
2026-05-08 20:35:18,145 | INFO | SPREAD | pair=CHIP/USDC | cex=0.07345/0.07348 | dex_sell=0.0734318 dex_buy=0.0734513 | spread_a=-6.6bps spread_b=-0.2bps | min=30.0bps
2026-05-08 20:35:19,147 | INFO | fetch_order_book: symbol=CHIP/USDC limit=20
2026-05-08 20:35:19,397 | INFO | fetch_order_book: mid=0.07374 spread=5.42bps bids=20 asks=20
2026-05-08 20:35:20,299 | INFO | SPREAD | pair=CHIP/USDC | cex=0.07372/0.07376 | dex_sell=0.0736772 dex_buy=0.0737247 | spread_a=-11.2bps spread_b=-0.6bps | min=30.0bps
2026-05-08 20:35:21,301 | INFO | fetch_order_book: symbol=CHIP/USDC limit=20
2026-05-08 20:35:21,554 | INFO | fetch_order_book: mid=0.07387 spread=5.41bps bids=20 asks=20
2026-05-08 20:35:22,402 | INFO | SPREAD | pair=CHIP/USDC | cex=0.07385/0.07389 | dex_sell=0.073855 dex_buy=0.073875 | spread_a=-4.7bps spread_b=-3.4bps | min=30.0bps
2026-05-08 20:35:23,404 | INFO | fetch_order_book: symbol=CHIP/USDC limit=20
2026-05-08 20:35:23,655 | INFO | fetch_order_book: mid=0.073845 spread=4.06bps bids=20 asks=20
2026-05-08 20:35:24,553 | INFO | SPREAD | pair=CHIP/USDC | cex=0.07383/0.07386 | dex_sell=0.0738553 dex_buy=0.07385 | spread_a=-0.6bps spread_b=-2.7bps | min=30.0bps
2026-05-08 20:35:25,555 | INFO | fetch_order_book: symbol=CHIP/USDC limit=20
2026-05-08 20:35:25,828 | INFO | fetch_order_book: mid=0.07384 spread=5.42bps bids=20 asks=20
2026-05-08 20:35:26,714 | INFO | SPREAD | pair=CHIP/USDC | cex=0.07382/0.07386 | dex_sell=0.0738304 dex_buy=0.07385 | spread_a=-4.0bps spread_b=-4.1bps | min=30.0bps
2026-05-08 20:35:27,718 | INFO | fetch_order_book: symbol=CHIP/USDC limit=20
2026-05-08 20:35:27,968 | INFO | fetch_order_book: mid=0.073705 spread=1.36bps bids=20 asks=20
2026-05-08 20:35:28,859 | INFO | SPREAD | pair=CHIP/USDC | cex=0.0737/0.07371 | dex_sell=0.0737604 dex_buy=0.0737203 | spread_a=6.8bps spread_b=-2.8bps | min=30.0bps
2026-05-08 20:35:29,861 | INFO | fetch_order_book: symbol=CHIP/USDC limit=20
2026-05-08 20:35:30,111 | INFO | fetch_order_book: mid=0.073715 spread=4.07bps bids=20 asks=20
2026-05-08 20:35:31,008 | INFO | SPREAD | pair=CHIP/USDC | cex=0.0737/0.07373 | dex_sell=0.0736706 dex_buy=0.0737148 | spread_a=-8.1bps spread_b=-2.0bps | min=30.0bps
2026-05-08 20:35:32,011 | INFO | fetch_order_book: symbol=CHIP/USDC limit=20
2026-05-08 20:35:32,261 | INFO | fetch_order_book: mid=0.073665 spread=6.79bps bids=20 asks=20
2026-05-08 20:35:33,164 | INFO | SPREAD | pair=CHIP/USDC | cex=0.07364/0.07369 | dex_sell=0.0736951 dex_buy=0.0737148 | spread_a=0.7bps spread_b=-10.1bps | min=30.0bps
2026-05-08 20:35:34,166 | INFO | fetch_order_book: symbol=CHIP/USDC limit=20
2026-05-08 20:35:34,416 | INFO | fetch_order_book: mid=0.07364 spread=2.72bps bids=20 asks=20
2026-05-08 20:35:35,302 | INFO | SPREAD | pair=CHIP/USDC | cex=0.07363/0.07365 | dex_sell=0.0736705 dex_buy=0.0735394 | spread_a=2.8bps spread_b=12.3bps | min=30.0bps
2026-05-08 20:35:36,304 | INFO | fetch_order_book: symbol=CHIP/USDC limit=20
2026-05-08 20:35:36,553 | INFO | fetch_order_book: mid=0.073675 spread=4.07bps bids=20 asks=20
2026-05-08 20:35:37,410 | INFO | SPREAD | pair=CHIP/USDC | cex=0.07366/0.07369 | dex_sell=0.0735952 dex_buy=0.0736148 | spread_a=-12.9bps spread_b=6.1bps | min=30.0bps
2026-05-08 20:35:38,412 | INFO | fetch_order_book: symbol=CHIP/USDC limit=20
2026-05-08 20:35:38,664 | INFO | fetch_order_book: mid=0.07367 spread=2.71bps bids=20 asks=20
2026-05-08 20:35:39,550 | INFO | SPREAD | pair=CHIP/USDC | cex=0.07366/0.07368 | dex_sell=0.0736151 dex_buy=0.0736347 | spread_a=-8.8bps spread_b=3.4bps | min=30.0bps
2026-05-08 20:35:40,552 | INFO | fetch_order_book: symbol=CHIP/USDC limit=20
2026-05-08 20:35:40,802 | INFO | fetch_order_book: mid=0.07365 spread=2.72bps bids=20 asks=20
2026-05-08 20:35:41,887 | INFO | SPREAD | pair=CHIP/USDC | cex=0.07364/0.07366 | dex_sell=0.0736151 dex_buy=0.0736347 | spread_a=-6.1bps spread_b=0.7bps | min=30.0bps
2026-05-08 20:35:42,888 | INFO | fetch_order_book: symbol=CHIP/USDC limit=20
2026-05-08 20:35:43,140 | INFO | fetch_order_book: mid=0.07365 spread=5.43bps bids=20 asks=20
2026-05-08 20:35:44,199 | INFO | SPREAD | pair=CHIP/USDC | cex=0.07363/0.07367 | dex_sell=0.0735906 dex_buy=0.0736346 | spread_a=-10.8bps spread_b=-0.6bps | min=30.0bps
2026-05-08 20:35:45,202 | INFO | fetch_order_book: symbol=CHIP/USDC limit=20
2026-05-08 20:35:45,500 | INFO | fetch_order_book: mid=0.073705 spread=4.07bps bids=20 asks=20
2026-05-08 20:35:46,413 | INFO | SPREAD | pair=CHIP/USDC | cex=0.07369/0.07372 | dex_sell=0.073645 dex_buy=0.0736646 | spread_a=-10.2bps spread_b=3.5bps | min=30.0bps
2026-05-08 20:35:47,414 | INFO | fetch_order_book: symbol=CHIP/USDC limit=20
2026-05-08 20:35:47,669 | INFO | fetch_order_book: mid=0.073745 spread=4.07bps bids=20 asks=20
2026-05-08 20:35:48,561 | INFO | SPREAD | pair=CHIP/USDC | cex=0.07373/0.07376 | dex_sell=0.0737051 dex_buy=0.0737247 | spread_a=-7.4bps spread_b=0.7bps | min=30.0bps
2026-05-08 20:35:49,564 | INFO | fetch_order_book: symbol=CHIP/USDC limit=20
2026-05-08 20:35:49,813 | INFO | fetch_order_book: mid=0.073745 spread=4.07bps bids=20 asks=20
2026-05-08 20:35:50,681 | INFO | SPREAD | pair=CHIP/USDC | cex=0.07373/0.07376 | dex_sell=0.0737051 dex_buy=0.0737247 | spread_a=-7.4bps spread_b=0.7bps | min=30.0bps
2026-05-08 20:35:51,683 | INFO | fetch_order_book: symbol=CHIP/USDC limit=20
2026-05-08 20:35:51,933 | INFO | fetch_order_book: mid=0.073745 spread=4.07bps bids=20 asks=20
2026-05-08 20:35:52,786 | INFO | SPREAD | pair=CHIP/USDC | cex=0.07373/0.07376 | dex_sell=0.0737051 dex_buy=0.0737247 | spread_a=-7.4bps spread_b=0.7bps | min=30.0bps
2026-05-08 20:35:53,789 | INFO | fetch_order_book: symbol=CHIP/USDC limit=20
2026-05-08 20:35:54,037 | INFO | fetch_order_book: mid=0.07374 spread=5.42bps bids=20 asks=20
2026-05-08 20:35:54,934 | INFO | SPREAD | pair=CHIP/USDC | cex=0.07372/0.07376 | dex_sell=0.0737051 dex_buy=0.0737247 | spread_a=-7.4bps spread_b=-0.6bps | min=30.0bps
2026-05-08 20:35:55,936 | INFO | fetch_order_book: symbol=CHIP/USDC limit=20
2026-05-08 20:35:56,188 | INFO | fetch_order_book: mid=0.073695 spread=4.07bps bids=20 asks=20
2026-05-08 20:35:57,025 | INFO | SPREAD | pair=CHIP/USDC | cex=0.07368/0.07371 | dex_sell=0.0737051 dex_buy=0.0737247 | spread_a=-0.7bps spread_b=-6.1bps | min=30.0bps
2026-05-08 20:35:58,028 | INFO | fetch_order_book: symbol=CHIP/USDC limit=20
2026-05-08 20:35:58,329 | INFO | fetch_order_book: mid=0.07351 spread=5.44bps bids=20 asks=20
2026-05-08 20:35:59,187 | INFO | SPREAD | pair=CHIP/USDC | cex=0.07349/0.07353 | dex_sell=0.0735204 dex_buy=0.0735001 | spread_a=-1.3bps spread_b=-1.4bps | min=30.0bps
2026-05-08 20:36:00,189 | INFO | fetch_order_book: symbol=CHIP/USDC limit=20
2026-05-08 20:36:00,440 | INFO | fetch_order_book: mid=0.073485 spread=1.36bps bids=20 asks=20
2026-05-08 20:36:01,343 | INFO | SPREAD | pair=CHIP/USDC | cex=0.07348/0.07349 | dex_sell=0.0734805 dex_buy=0.0735001 | spread_a=-1.3bps spread_b=-2.7bps | min=30.0bps
2026-05-08 20:36:02,347 | INFO | fetch_order_book: symbol=CHIP/USDC limit=20
2026-05-08 20:36:02,607 | INFO | fetch_order_book: mid=0.073475 spread=4.08bps bids=20 asks=20
2026-05-08 20:36:03,551 | INFO | SPREAD | pair=CHIP/USDC | cex=0.07346/0.07349 | dex_sell=0.0734506 dex_buy=0.0734701 | spread_a=-5.4bps spread_b=-1.4bps | min=30.0bps
2026-05-08 20:36:04,553 | INFO | fetch_order_book: symbol=CHIP/USDC limit=20
2026-05-08 20:36:04,804 | INFO | fetch_order_book: mid=0.073475 spread=4.08bps bids=20 asks=20
2026-05-08 20:36:05,664 | INFO | SPREAD | pair=CHIP/USDC | cex=0.07346/0.07349 | dex_sell=0.0734506 dex_buy=0.0734701 | spread_a=-5.4bps spread_b=-1.4bps | min=30.0bps
2026-05-08 20:36:06,666 | INFO | fetch_order_book: symbol=CHIP/USDC limit=20
2026-05-08 20:36:06,913 | INFO | fetch_order_book: mid=0.07355 spread=2.72bps bids=20 asks=20
2026-05-08 20:36:07,824 | INFO | SPREAD | pair=CHIP/USDC | cex=0.07354/0.07356 | dex_sell=0.0734751 dex_buy=0.0735345 | spread_a=-11.5bps spread_b=0.7bps | min=30.0bps
2026-05-08 20:36:08,826 | INFO | fetch_order_book: symbol=CHIP/USDC limit=20
2026-05-08 20:36:09,081 | INFO | fetch_order_book: mid=0.07356 spread=5.44bps bids=20 asks=20
2026-05-08 20:36:10,001 | INFO | SPREAD | pair=CHIP/USDC | cex=0.07354/0.07358 | dex_sell=0.073515 dex_buy=0.0735345 | spread_a=-8.8bps spread_b=0.7bps | min=30.0bps
2026-05-08 20:36:11,003 | INFO | fetch_order_book: symbol=CHIP/USDC limit=20
2026-05-08 20:36:11,256 | INFO | fetch_order_book: mid=0.07353 spread=2.72bps bids=20 asks=20
2026-05-08 20:36:12,136 | INFO | SPREAD | pair=CHIP/USDC | cex=0.07352/0.07354 | dex_sell=0.073515 dex_buy=0.0735345 | spread_a=-3.4bps spread_b=-2.0bps | min=30.0bps
2026-05-08 20:36:13,139 | INFO | fetch_order_book: symbol=CHIP/USDC limit=20
2026-05-08 20:36:13,431 | INFO | fetch_order_book: mid=0.073525 spread=1.36bps bids=20 asks=20
2026-05-08 20:36:14,419 | INFO | SPREAD | pair=CHIP/USDC | cex=0.07352/0.07353 | dex_sell=0.0734904 dex_buy=0.07351 | spread_a=-5.4bps spread_b=1.4bps | min=30.0bps
2026-05-08 20:36:15,422 | INFO | fetch_order_book: symbol=CHIP/USDC limit=20
2026-05-08 20:36:15,681 | INFO | fetch_order_book: mid=0.07350 spread=5.44bps bids=20 asks=20
2026-05-08 20:36:16,534 | INFO | SPREAD | pair=CHIP/USDC | cex=0.07348/0.07352 | dex_sell=0.0734605 dex_buy=0.0734801 | spread_a=-8.1bps spread_b=-0.0bps | min=30.0bps
2026-05-08 20:36:17,536 | INFO | fetch_order_book: symbol=CHIP/USDC limit=20
2026-05-08 20:36:17,787 | INFO | fetch_order_book: mid=0.07353 spread=5.44bps bids=20 asks=20
2026-05-08 20:36:18,644 | INFO | SPREAD | pair=CHIP/USDC | cex=0.07351/0.07355 | dex_sell=0.0734605 dex_buy=0.0734801 | spread_a=-12.2bps spread_b=4.1bps | min=30.0bps
2026-05-08 20:36:19,645 | INFO | fetch_order_book: symbol=CHIP/USDC limit=20
2026-05-08 20:36:19,896 | INFO | fetch_order_book: mid=0.073365 spread=6.82bps bids=20 asks=20
2026-05-08 20:36:20,784 | INFO | SPREAD | pair=CHIP/USDC | cex=0.07334/0.07339 | dex_sell=0.0733458 dex_buy=0.0733653 | spread_a=-6.0bps spread_b=-3.4bps | min=30.0bps
2026-05-08 20:36:21,786 | INFO | fetch_order_book: symbol=CHIP/USDC limit=20
2026-05-08 20:36:22,037 | INFO | fetch_order_book: mid=0.073325 spread=4.09bps bids=20 asks=20
2026-05-08 20:36:22,928 | INFO | SPREAD | pair=CHIP/USDC | cex=0.07331/0.07334 | dex_sell=0.0733037 dex_buy=0.0733232 | spread_a=-5.0bps spread_b=-1.8bps | min=30.0bps
2026-05-08 20:36:23,930 | INFO | fetch_order_book: symbol=CHIP/USDC limit=20
2026-05-08 20:36:24,178 | INFO | fetch_order_book: mid=0.073255 spread=6.83bps bids=20 asks=20
2026-05-08 20:36:25,065 | INFO | SPREAD | pair=CHIP/USDC | cex=0.07323/0.07328 | dex_sell=0.0732229 dex_buy=0.0732423 | spread_a=-7.8bps spread_b=-1.7bps | min=30.0bps
2026-05-08 20:36:26,067 | INFO | fetch_order_book: symbol=CHIP/USDC limit=20
2026-05-08 20:36:26,317 | INFO | fetch_order_book: mid=0.07323 spread=5.46bps bids=20 asks=20
2026-05-08 20:36:27,186 | INFO | SPREAD | pair=CHIP/USDC | cex=0.07321/0.07325 | dex_sell=0.0732229 dex_buy=0.0732423 | spread_a=-3.7bps spread_b=-4.4bps | min=30.0bps
2026-05-08 20:36:28,188 | INFO | fetch_order_book: symbol=CHIP/USDC limit=20
2026-05-08 20:36:28,438 | INFO | fetch_order_book: mid=0.073175 spread=6.83bps bids=20 asks=20
2026-05-08 20:36:29,353 | INFO | SPREAD | pair=CHIP/USDC | cex=0.07315/0.0732 | dex_sell=0.0731767 dex_buy=0.0731962 | spread_a=-3.2bps spread_b=-6.3bps | min=30.0bps
2026-05-08 20:36:30,356 | INFO | fetch_order_book: symbol=CHIP/USDC limit=20
2026-05-08 20:36:30,609 | INFO | fetch_order_book: mid=0.073035 spread=9.58bps bids=20 asks=20
2026-05-08 20:36:31,476 | INFO | SPREAD | pair=CHIP/USDC | cex=0.073/0.07307 | dex_sell=0.0730692 dex_buy=0.0729353 | spread_a=-0.1bps spread_b=8.9bps | min=30.0bps
2026-05-08 20:36:32,478 | INFO | fetch_order_book: symbol=CHIP/USDC limit=20
2026-05-08 20:36:32,728 | INFO | fetch_order_book: mid=0.073025 spread=6.85bps bids=20 asks=20
2026-05-08 20:36:33,647 | INFO | SPREAD | pair=CHIP/USDC | cex=0.073/0.07305 | dex_sell=0.0729916 dex_buy=0.0730176 | spread_a=-8.0bps spread_b=-2.4bps | min=30.0bps
2026-05-08 20:36:34,649 | INFO | fetch_order_book: symbol=CHIP/USDC limit=20
2026-05-08 20:36:34,911 | INFO | fetch_order_book: mid=0.072995 spread=6.85bps bids=20 asks=20
2026-05-08 20:36:35,800 | INFO | SPREAD | pair=CHIP/USDC | cex=0.07297/0.07302 | dex_sell=0.0729916 dex_buy=0.0729832 | spread_a=-3.9bps spread_b=-1.8bps | min=30.0bps
2026-05-08 20:36:36,803 | INFO | fetch_order_book: symbol=CHIP/USDC limit=20
2026-05-08 20:36:37,055 | INFO | fetch_order_book: mid=0.07299 spread=5.48bps bids=20 asks=20
2026-05-08 20:36:37,938 | INFO | SPREAD | pair=CHIP/USDC | cex=0.07297/0.07301 | dex_sell=0.0729571 dex_buy=0.0729832 | spread_a=-7.2bps spread_b=-1.8bps | min=30.0bps
2026-05-08 20:36:38,940 | INFO | fetch_order_book: symbol=CHIP/USDC limit=20
2026-05-08 20:36:39,189 | INFO | fetch_order_book: mid=0.07307 spread=2.74bps bids=20 asks=20
2026-05-08 20:36:40,110 | INFO | SPREAD | pair=CHIP/USDC | cex=0.07306/0.07308 | dex_sell=0.0730319 dex_buy=0.073058 | spread_a=-6.6bps spread_b=0.3bps | min=30.0bps
2026-05-08 20:36:41,112 | INFO | fetch_order_book: symbol=CHIP/USDC limit=20
2026-05-08 20:36:41,410 | INFO | fetch_order_book: mid=0.072885 spread=4.12bps bids=20 asks=20
2026-05-08 20:36:42,277 | INFO | SPREAD | pair=CHIP/USDC | cex=0.07287/0.0729 | dex_sell=0.0728873 dex_buy=0.0731188 | spread_a=-1.7bps spread_b=-34.0bps | min=30.0bps
2026-05-08 20:36:43,279 | INFO | fetch_order_book: symbol=CHIP/USDC limit=20
2026-05-08 20:36:43,533 | INFO | fetch_order_book: mid=0.072915 spread=9.60bps bids=20 asks=20
2026-05-08 20:36:44,382 | INFO | SPREAD | pair=CHIP/USDC | cex=0.07288/0.07295 | dex_sell=0.0728618 dex_buy=0.0728878 | spread_a=-12.1bps spread_b=-1.1bps | min=30.0bps
2026-05-08 20:36:45,384 | INFO | fetch_order_book: symbol=CHIP/USDC limit=20
2026-05-08 20:36:45,633 | INFO | fetch_order_book: mid=0.072975 spread=4.11bps bids=20 asks=20
2026-05-08 20:36:46,513 | INFO | SPREAD | pair=CHIP/USDC | cex=0.07296/0.07299 | dex_sell=0.0729519 dex_buy=0.0729779 | spread_a=-5.2bps spread_b=-2.5bps | min=30.0bps
2026-05-08 20:36:47,516 | INFO | fetch_order_book: symbol=CHIP/USDC limit=20
2026-05-08 20:36:47,768 | INFO | fetch_order_book: mid=0.07298 spread=2.74bps bids=20 asks=20
2026-05-08 20:36:48,659 | INFO | SPREAD | pair=CHIP/USDC | cex=0.07297/0.07299 | dex_sell=0.0729518 dex_buy=0.0729778 | spread_a=-5.2bps spread_b=-1.1bps | min=30.0bps
2026-05-08 20:36:49,662 | INFO | fetch_order_book: symbol=CHIP/USDC limit=20
2026-05-08 20:36:49,915 | INFO | fetch_order_book: mid=0.07300 spread=5.48bps bids=20 asks=20
2026-05-08 20:36:50,790 | INFO | SPREAD | pair=CHIP/USDC | cex=0.07298/0.07302 | dex_sell=0.072952 dex_buy=0.072978 | spread_a=-9.3bps spread_b=0.3bps | min=30.0bps
2026-05-08 20:36:51,792 | INFO | fetch_order_book: symbol=CHIP/USDC limit=20
2026-05-08 20:36:52,046 | INFO | fetch_order_book: mid=0.07301 spread=10.96bps bids=20 asks=20
2026-05-08 20:36:52,932 | INFO | SPREAD | pair=CHIP/USDC | cex=0.07297/0.07305 | dex_sell=0.073002 dex_buy=0.073028 | spread_a=-6.6bps spread_b=-7.9bps | min=30.0bps
2026-05-08 20:36:53,935 | INFO | fetch_order_book: symbol=CHIP/USDC limit=20
2026-05-08 20:36:54,196 | INFO | fetch_order_book: mid=0.07295 spread=8.22bps bids=20 asks=20
2026-05-08 20:36:55,116 | INFO | SPREAD | pair=CHIP/USDC | cex=0.07292/0.07298 | dex_sell=0.0729371 dex_buy=0.0729631 | spread_a=-5.9bps spread_b=-5.9bps | min=30.0bps
2026-05-08 20:36:56,119 | INFO | fetch_order_book: symbol=CHIP/USDC limit=20
2026-05-08 20:36:56,369 | INFO | fetch_order_book: mid=0.07293 spread=5.48bps bids=20 asks=20
2026-05-08 20:36:57,210 | INFO | SPREAD | pair=CHIP/USDC | cex=0.07291/0.07295 | dex_sell=0.0729371 dex_buy=0.0729631 | spread_a=-1.8bps spread_b=-7.3bps | min=30.0bps
2026-05-08 20:36:58,213 | INFO | fetch_order_book: symbol=CHIP/USDC limit=20
2026-05-08 20:36:58,639 | INFO | fetch_order_book: mid=0.073015 spread=6.85bps bids=20 asks=20
2026-05-08 20:36:59,516 | INFO | SPREAD | pair=CHIP/USDC | cex=0.07299/0.07304 | dex_sell=0.0729318 dex_buy=0.0729578 | spread_a=-14.8bps spread_b=4.4bps | min=30.0bps
2026-05-08 20:37:00,518 | INFO | fetch_order_book: symbol=CHIP/USDC limit=20
2026-05-08 20:37:00,767 | INFO | fetch_order_book: mid=0.072955 spread=6.85bps bids=20 asks=20
2026-05-08 20:37:01,649 | INFO | SPREAD | pair=CHIP/USDC | cex=0.07293/0.07298 | dex_sell=0.0728771 dex_buy=0.0729479 | spread_a=-14.1bps spread_b=-2.5bps | min=30.0bps
2026-05-08 20:37:02,651 | INFO | fetch_order_book: symbol=CHIP/USDC limit=20
2026-05-08 20:37:02,923 | INFO | fetch_order_book: mid=0.072865 spread=6.86bps bids=20 asks=20
2026-05-08 20:37:03,795 | INFO | SPREAD | pair=CHIP/USDC | cex=0.07284/0.07289 | dex_sell=0.072827 dex_buy=0.072853 | spread_a=-8.6bps spread_b=-1.8bps | min=30.0bps
2026-05-08 20:37:04,798 | INFO | fetch_order_book: symbol=CHIP/USDC limit=20
2026-05-08 20:37:05,048 | INFO | fetch_order_book: mid=0.07287 spread=5.49bps bids=20 asks=20
2026-05-08 20:37:05,918 | INFO | SPREAD | pair=CHIP/USDC | cex=0.07285/0.07289 | dex_sell=0.072827 dex_buy=0.072853 | spread_a=-8.6bps spread_b=-0.4bps | min=30.0bps
2026-05-08 20:37:06,921 | INFO | fetch_order_book: symbol=CHIP/USDC limit=20
2026-05-08 20:37:07,172 | INFO | fetch_order_book: mid=0.072865 spread=9.61bps bids=20 asks=20
2026-05-08 20:37:08,051 | INFO | SPREAD | pair=CHIP/USDC | cex=0.07283/0.0729 | dex_sell=0.072827 dex_buy=0.072853 | spread_a=-10.0bps spread_b=-3.2bps | min=30.0bps
2026-05-08 20:37:09,053 | INFO | fetch_order_book: symbol=CHIP/USDC limit=20
2026-05-08 20:37:09,309 | INFO | fetch_order_book: mid=0.072835 spread=6.86bps bids=20 asks=20
2026-05-08 20:37:10,185 | INFO | SPREAD | pair=CHIP/USDC | cex=0.07281/0.07286 | dex_sell=0.072827 dex_buy=0.072853 | spread_a=-4.5bps spread_b=-5.9bps | min=30.0bps
2026-05-08 20:37:11,188 | INFO | fetch_order_book: symbol=CHIP/USDC limit=20
2026-05-08 20:37:11,440 | INFO | fetch_order_book: mid=0.07297 spread=5.48bps bids=20 asks=20
2026-05-08 20:37:12,304 | INFO | SPREAD | pair=CHIP/USDC | cex=0.07295/0.07299 | dex_sell=0.0729017 dex_buy=0.0729679 | spread_a=-12.1bps spread_b=-2.5bps | min=30.0bps
2026-05-08 20:37:13,306 | INFO | fetch_order_book: symbol=CHIP/USDC limit=20
2026-05-08 20:37:13,565 | INFO | fetch_order_book: mid=0.07296 spread=5.48bps bids=20 asks=20
2026-05-08 20:37:14,428 | INFO | SPREAD | pair=CHIP/USDC | cex=0.07294/0.07298 | dex_sell=0.0729419 dex_buy=0.0729679 | spread_a=-5.2bps spread_b=-3.8bps | min=30.0bps
2026-05-08 20:37:15,430 | INFO | fetch_order_book: symbol=CHIP/USDC limit=20
2026-05-08 20:37:15,682 | INFO | fetch_order_book: mid=0.07292 spread=5.49bps bids=20 asks=20
2026-05-08 20:37:16,558 | INFO | SPREAD | pair=CHIP/USDC | cex=0.0729/0.07294 | dex_sell=0.0729071 dex_buy=0.0729331 | spread_a=-4.5bps spread_b=-4.5bps | min=30.0bps
2026-05-08 20:37:17,560 | INFO | fetch_order_book: symbol=CHIP/USDC limit=20
2026-05-08 20:37:17,809 | INFO | fetch_order_book: mid=0.07292 spread=5.49bps bids=20 asks=20
2026-05-08 20:37:18,690 | INFO | SPREAD | pair=CHIP/USDC | cex=0.0729/0.07294 | dex_sell=0.0729071 dex_buy=0.0729331 | spread_a=-4.5bps spread_b=-4.5bps | min=30.0bps
2026-05-08 20:37:19,692 | INFO | fetch_order_book: symbol=CHIP/USDC limit=20
2026-05-08 20:37:19,943 | INFO | fetch_order_book: mid=0.072885 spread=6.86bps bids=20 asks=20
2026-05-08 20:37:20,825 | INFO | SPREAD | pair=CHIP/USDC | cex=0.07286/0.07291 | dex_sell=0.0728673 dex_buy=0.0728932 | spread_a=-5.9bps spread_b=-4.6bps | min=30.0bps
2026-05-08 20:37:21,828 | INFO | fetch_order_book: symbol=CHIP/USDC limit=20
2026-05-08 20:37:22,093 | INFO | fetch_order_book: mid=0.072865 spread=6.86bps bids=20 asks=20
2026-05-08 20:37:23,011 | INFO | SPREAD | pair=CHIP/USDC | cex=0.07284/0.07289 | dex_sell=0.0728274 dex_buy=0.0728534 | spread_a=-8.6bps spread_b=-1.8bps | min=30.0bps
2026-05-08 20:37:24,014 | INFO | fetch_order_book: symbol=CHIP/USDC limit=20
2026-05-08 20:37:24,271 | INFO | fetch_order_book: mid=0.07286 spread=5.49bps bids=20 asks=20
2026-05-08 20:37:25,283 | INFO | SPREAD | pair=CHIP/USDC | cex=0.07284/0.07288 | dex_sell=0.0728274 dex_buy=0.0728534 | spread_a=-7.2bps spread_b=-1.8bps | min=30.0bps
2026-05-08 20:37:26,285 | INFO | fetch_order_book: symbol=CHIP/USDC limit=20
2026-05-08 20:37:26,543 | INFO | fetch_order_book: mid=0.072855 spread=6.86bps bids=20 asks=20
2026-05-08 20:37:27,425 | INFO | SPREAD | pair=CHIP/USDC | cex=0.07283/0.07288 | dex_sell=0.0728274 dex_buy=0.0728534 | spread_a=-7.2bps spread_b=-3.2bps | min=30.0bps
2026-05-08 20:37:28,427 | INFO | fetch_order_book: symbol=CHIP/USDC limit=20
2026-05-08 20:37:28,675 | INFO | fetch_order_book: mid=0.07289 spread=5.49bps bids=20 asks=20
2026-05-08 20:37:29,566 | INFO | SPREAD | pair=CHIP/USDC | cex=0.07287/0.07291 | dex_sell=0.0728274 dex_buy=0.0728534 | spread_a=-11.3bps spread_b=2.3bps | min=30.0bps
2026-05-08 20:37:30,568 | INFO | fetch_order_book: symbol=CHIP/USDC limit=20
2026-05-08 20:37:30,820 | INFO | fetch_order_book: mid=0.07294 spread=5.48bps bids=20 asks=20
2026-05-08 20:37:31,693 | INFO | SPREAD | pair=CHIP/USDC | cex=0.07292/0.07296 | dex_sell=0.0728274 dex_buy=0.072888 | spread_a=-18.2bps spread_b=4.4bps | min=30.0bps
2026-05-08 20:37:32,695 | INFO | fetch_order_book: symbol=CHIP/USDC limit=20
2026-05-08 20:37:32,951 | INFO | fetch_order_book: mid=0.07297 spread=5.48bps bids=20 asks=20
2026-05-08 20:37:33,794 | INFO | SPREAD | pair=CHIP/USDC | cex=0.07295/0.07299 | dex_sell=0.0729218 dex_buy=0.0729478 | spread_a=-9.3bps spread_b=0.3bps | min=30.0bps
2026-05-08 20:37:34,797 | INFO | fetch_order_book: symbol=CHIP/USDC limit=20
2026-05-08 20:37:35,047 | INFO | fetch_order_book: mid=0.072895 spread=6.86bps bids=20 asks=20
2026-05-08 20:37:35,905 | INFO | SPREAD | pair=CHIP/USDC | cex=0.07287/0.07292 | dex_sell=0.0728818 dex_buy=0.0729078 | spread_a=-5.2bps spread_b=-5.2bps | min=30.0bps
2026-05-08 20:37:36,908 | INFO | fetch_order_book: symbol=CHIP/USDC limit=20
2026-05-08 20:37:37,159 | INFO | fetch_order_book: mid=0.072985 spread=6.85bps bids=20 asks=20
2026-05-08 20:37:38,105 | INFO | SPREAD | pair=CHIP/USDC | cex=0.07296/0.07301 | dex_sell=0.0729719 dex_buy=0.0729534 | spread_a=-5.2bps spread_b=0.9bps | min=30.0bps
2026-05-08 20:37:39,107 | INFO | fetch_order_book: symbol=CHIP/USDC limit=20
2026-05-08 20:37:39,358 | INFO | fetch_order_book: mid=0.073185 spread=4.10bps bids=20 asks=20
2026-05-08 20:37:40,268 | INFO | SPREAD | pair=CHIP/USDC | cex=0.07317/0.0732 | dex_sell=0.0730818 dex_buy=0.0731546 | spread_a=-16.1bps spread_b=2.1bps | min=30.0bps
2026-05-08 20:37:41,271 | INFO | fetch_order_book: symbol=CHIP/USDC limit=20
2026-05-08 20:37:41,536 | INFO | fetch_order_book: mid=0.07302 spread=5.48bps bids=20 asks=20
2026-05-08 20:37:42,454 | INFO | SPREAD | pair=CHIP/USDC | cex=0.073/0.07304 | dex_sell=0.0729973 dex_buy=0.0730233 | spread_a=-5.9bps spread_b=-3.2bps | min=30.0bps
2026-05-08 20:37:43,455 | INFO | fetch_order_book: symbol=CHIP/USDC limit=20
2026-05-08 20:37:43,709 | INFO | fetch_order_book: mid=0.073135 spread=6.84bps bids=20 asks=20
2026-05-08 20:37:44,644 | INFO | SPREAD | pair=CHIP/USDC | cex=0.07311/0.07316 | dex_sell=0.0729973 dex_buy=0.0730233 | spread_a=-22.2bps spread_b=11.9bps | min=30.0bps
2026-05-08 20:37:45,646 | INFO | fetch_order_book: symbol=CHIP/USDC limit=20
2026-05-08 20:37:45,898 | INFO | fetch_order_book: mid=0.073105 spread=4.10bps bids=20 asks=20
2026-05-08 20:37:46,856 | INFO | SPREAD | pair=CHIP/USDC | cex=0.07309/0.07312 | dex_sell=0.0730917 dex_buy=0.0731178 | spread_a=-3.9bps spread_b=-3.8bps | min=30.0bps
2026-05-08 20:37:47,858 | INFO | fetch_order_book: symbol=CHIP/USDC limit=20
2026-05-08 20:37:48,111 | INFO | fetch_order_book: mid=0.072975 spread=6.85bps bids=20 asks=20
2026-05-08 20:37:49,028 | INFO | SPREAD | pair=CHIP/USDC | cex=0.07295/0.073 | dex_sell=0.0730073 dex_buy=0.0729733 | spread_a=1.0bps spread_b=-3.2bps | min=30.0bps
2026-05-08 20:37:50,030 | INFO | fetch_order_book: symbol=CHIP/USDC limit=20
2026-05-08 20:37:50,278 | INFO | fetch_order_book: mid=0.07291 spread=5.49bps bids=20 asks=20
2026-05-08 20:37:51,171 | INFO | SPREAD | pair=CHIP/USDC | cex=0.07289/0.07293 | dex_sell=0.0729472 dex_buy=0.0729733 | spread_a=2.4bps spread_b=-11.4bps | min=30.0bps
2026-05-08 20:37:52,174 | INFO | fetch_order_book: symbol=CHIP/USDC limit=20
2026-05-08 20:37:52,425 | INFO | fetch_order_book: mid=0.07293 spread=5.48bps bids=20 asks=20
2026-05-08 20:37:53,346 | INFO | SPREAD | pair=CHIP/USDC | cex=0.07291/0.07295 | dex_sell=0.0729073 dex_buy=0.0729333 | spread_a=-5.8bps spread_b=-3.2bps | min=30.0bps
2026-05-08 20:37:54,350 | INFO | fetch_order_book: symbol=CHIP/USDC limit=20
2026-05-08 20:37:54,601 | INFO | fetch_order_book: mid=0.07294 spread=5.48bps bids=20 asks=20
2026-05-08 20:37:55,494 | INFO | SPREAD | pair=CHIP/USDC | cex=0.07292/0.07296 | dex_sell=0.072902 dex_buy=0.072928 | spread_a=-7.9bps spread_b=-1.1bps | min=30.0bps
2026-05-08 20:37:56,497 | INFO | fetch_order_book: symbol=CHIP/USDC limit=20
2026-05-08 20:37:56,750 | INFO | fetch_order_book: mid=0.072975 spread=1.37bps bids=20 asks=20
2026-05-08 20:37:57,647 | INFO | SPREAD | pair=CHIP/USDC | cex=0.07297/0.07298 | dex_sell=0.072902 dex_buy=0.072928 | spread_a=-10.7bps spread_b=5.8bps | min=30.0bps
2026-05-08 20:37:58,650 | INFO | fetch_order_book: symbol=CHIP/USDC limit=20
2026-05-08 20:37:58,957 | INFO | fetch_order_book: mid=0.07301 spread=5.48bps bids=20 asks=20
2026-05-08 20:37:59,878 | INFO | SPREAD | pair=CHIP/USDC | cex=0.07299/0.07303 | dex_sell=0.0729418 dex_buy=0.0729678 | spread_a=-12.1bps spread_b=3.0bps | min=30.0bps
2026-05-08 20:38:00,881 | INFO | fetch_order_book: symbol=CHIP/USDC limit=20
2026-05-08 20:38:01,311 | INFO | fetch_order_book: mid=0.073015 spread=6.85bps bids=20 asks=20
2026-05-08 20:38:02,253 | INFO | SPREAD | pair=CHIP/USDC | cex=0.07299/0.07304 | dex_sell=0.0729472 dex_buy=0.0729732 | spread_a=-12.7bps spread_b=2.3bps | min=30.0bps
2026-05-08 20:38:03,256 | INFO | fetch_order_book: symbol=CHIP/USDC limit=20
2026-05-08 20:38:03,568 | INFO | fetch_order_book: mid=0.07307 spread=5.47bps bids=20 asks=20
2026-05-08 20:38:04,460 | INFO | SPREAD | pair=CHIP/USDC | cex=0.07305/0.07309 | dex_sell=0.0729818 dex_buy=0.073048 | spread_a=-14.8bps spread_b=0.3bps | min=30.0bps
2026-05-08 20:38:05,463 | INFO | fetch_order_book: symbol=CHIP/USDC limit=20
2026-05-08 20:38:05,714 | INFO | fetch_order_book: mid=0.073055 spread=6.84bps bids=20 asks=20
2026-05-08 20:38:06,613 | INFO | SPREAD | pair=CHIP/USDC | cex=0.07303/0.07308 | dex_sell=0.073022 dex_buy=0.073048 | spread_a=-7.9bps spread_b=-2.5bps | min=30.0bps
2026-05-08 20:38:07,615 | INFO | fetch_order_book: symbol=CHIP/USDC limit=20
2026-05-08 20:38:07,899 | INFO | fetch_order_book: mid=0.073035 spread=6.85bps bids=20 asks=20
2026-05-08 20:38:08,882 | INFO | SPREAD | pair=CHIP/USDC | cex=0.07301/0.07306 | dex_sell=0.073022 dex_buy=0.073048 | spread_a=-5.2bps spread_b=-5.2bps | min=30.0bps
2026-05-08 20:38:09,884 | INFO | fetch_order_book: symbol=CHIP/USDC limit=20
2026-05-08 20:38:10,172 | INFO | fetch_order_book: mid=0.073065 spread=6.84bps bids=20 asks=20
2026-05-08 20:38:11,136 | INFO | SPREAD | pair=CHIP/USDC | cex=0.07304/0.07309 | dex_sell=0.073022 dex_buy=0.073048 | spread_a=-9.3bps spread_b=-1.1bps | min=30.0bps
2026-05-08 20:38:12,138 | INFO | fetch_order_book: symbol=CHIP/USDC limit=20
2026-05-08 20:38:12,395 | INFO | fetch_order_book: mid=0.073065 spread=6.84bps bids=20 asks=20
2026-05-08 20:38:13,303 | INFO | SPREAD | pair=CHIP/USDC | cex=0.07304/0.07309 | dex_sell=0.073022 dex_buy=0.073048 | spread_a=-9.3bps spread_b=-1.1bps | min=30.0bps
2026-05-08 20:38:14,306 | INFO | fetch_order_book: symbol=CHIP/USDC limit=20
2026-05-08 20:38:14,557 | INFO | fetch_order_book: mid=0.07307 spread=5.47bps bids=20 asks=20
2026-05-08 20:38:15,447 | INFO | SPREAD | pair=CHIP/USDC | cex=0.07305/0.07309 | dex_sell=0.073022 dex_buy=0.073048 | spread_a=-9.3bps spread_b=0.3bps | min=30.0bps
2026-05-08 20:38:16,450 | INFO | fetch_order_book: symbol=CHIP/USDC limit=20
2026-05-08 20:38:16,698 | INFO | fetch_order_book: mid=0.07307 spread=5.47bps bids=20 asks=20
2026-05-08 20:38:17,586 | INFO | SPREAD | pair=CHIP/USDC | cex=0.07305/0.07309 | dex_sell=0.073022 dex_buy=0.073048 | spread_a=-9.3bps spread_b=0.3bps | min=30.0bps
2026-05-08 20:38:18,588 | INFO | fetch_order_book: symbol=CHIP/USDC limit=20
2026-05-08 20:38:18,839 | INFO | fetch_order_book: mid=0.07313 spread=2.73bps bids=20 asks=20
2026-05-08 20:38:19,756 | INFO | SPREAD | pair=CHIP/USDC | cex=0.07312/0.07314 | dex_sell=0.0730618 dex_buy=0.0731267 | spread_a=-10.7bps spread_b=-0.9bps | min=30.0bps
2026-05-08 20:38:20,758 | INFO | fetch_order_book: symbol=CHIP/USDC limit=20
2026-05-08 20:38:21,010 | INFO | fetch_order_book: mid=0.07313 spread=5.47bps bids=20 asks=20
2026-05-08 20:38:21,906 | INFO | SPREAD | pair=CHIP/USDC | cex=0.07311/0.07315 | dex_sell=0.073102 dex_buy=0.0731267 | spread_a=-6.6bps spread_b=-2.3bps | min=30.0bps
2026-05-08 20:38:22,912 | INFO | fetch_order_book: symbol=CHIP/USDC limit=20
2026-05-08 20:38:23,164 | INFO | fetch_order_book: mid=0.073115 spread=4.10bps bids=20 asks=20
2026-05-08 20:38:24,077 | INFO | SPREAD | pair=CHIP/USDC | cex=0.0731/0.07313 | dex_sell=0.073102 dex_buy=0.0731267 | spread_a=-3.8bps spread_b=-3.6bps | min=30.0bps
2026-05-08 20:38:25,080 | INFO | fetch_order_book: symbol=CHIP/USDC limit=20
2026-05-08 20:38:25,330 | INFO | fetch_order_book: mid=0.073135 spread=6.84bps bids=20 asks=20
2026-05-08 20:38:26,269 | INFO | SPREAD | pair=CHIP/USDC | cex=0.07311/0.07316 | dex_sell=0.073102 dex_buy=0.0731267 | spread_a=-7.9bps spread_b=-2.3bps | min=30.0bps
2026-05-08 20:38:27,271 | INFO | fetch_order_book: symbol=CHIP/USDC limit=20
2026-05-08 20:38:27,524 | INFO | fetch_order_book: mid=0.073095 spread=6.84bps bids=20 asks=20
2026-05-08 20:38:28,475 | INFO | SPREAD | pair=CHIP/USDC | cex=0.07307/0.07312 | dex_sell=0.073102 dex_buy=0.0731267 | spread_a=-2.5bps spread_b=-7.8bps | min=30.0bps
2026-05-08 20:38:29,478 | INFO | fetch_order_book: symbol=CHIP/USDC limit=20
2026-05-08 20:38:29,728 | INFO | fetch_order_book: mid=0.073075 spread=4.11bps bids=20 asks=20
2026-05-08 20:38:30,641 | INFO | SPREAD | pair=CHIP/USDC | cex=0.07306/0.07309 | dex_sell=0.0730672 dex_buy=0.0730932 | spread_a=-3.1bps spread_b=-4.5bps | min=30.0bps
2026-05-08 20:38:31,643 | INFO | fetch_order_book: symbol=CHIP/USDC limit=20
2026-05-08 20:38:31,894 | INFO | fetch_order_book: mid=0.073075 spread=4.11bps bids=20 asks=20
2026-05-08 20:38:32,795 | INFO | SPREAD | pair=CHIP/USDC | cex=0.07306/0.07309 | dex_sell=0.0730672 dex_buy=0.0730932 | spread_a=-3.1bps spread_b=-4.5bps | min=30.0bps
2026-05-08 20:38:33,797 | INFO | fetch_order_book: symbol=CHIP/USDC limit=20
2026-05-08 20:38:34,107 | INFO | fetch_order_book: mid=0.073065 spread=6.84bps bids=20 asks=20
2026-05-08 20:38:35,046 | INFO | SPREAD | pair=CHIP/USDC | cex=0.07304/0.07309 | dex_sell=0.0729872 dex_buy=0.073058 | spread_a=-14.1bps spread_b=-2.5bps | min=30.0bps
2026-05-08 20:38:36,048 | INFO | fetch_order_book: symbol=CHIP/USDC limit=20
2026-05-08 20:38:36,298 | INFO | fetch_order_book: mid=0.073075 spread=4.11bps bids=20 asks=20
2026-05-08 20:38:37,186 | INFO | SPREAD | pair=CHIP/USDC | cex=0.07306/0.07309 | dex_sell=0.073032 dex_buy=0.073058 | spread_a=-7.9bps spread_b=0.3bps | min=30.0bps
2026-05-08 20:38:38,188 | INFO | fetch_order_book: symbol=CHIP/USDC limit=20
2026-05-08 20:38:38,444 | INFO | fetch_order_book: mid=0.073095 spread=6.84bps bids=20 asks=20
2026-05-08 20:38:39,369 | INFO | SPREAD | pair=CHIP/USDC | cex=0.07307/0.07312 | dex_sell=0.073032 dex_buy=0.073058 | spread_a=-12.0bps spread_b=1.6bps | min=30.0bps
2026-05-08 20:38:40,372 | INFO | fetch_order_book: symbol=CHIP/USDC limit=20
2026-05-08 20:38:40,682 | INFO | fetch_order_book: mid=0.073105 spread=6.84bps bids=20 asks=20
2026-05-08 20:38:41,598 | INFO | SPREAD | pair=CHIP/USDC | cex=0.07308/0.07313 | dex_sell=0.073032 dex_buy=0.0730581 | spread_a=-13.4bps spread_b=3.0bps | min=30.0bps
2026-05-08 20:38:42,600 | INFO | fetch_order_book: symbol=CHIP/USDC limit=20
2026-05-08 20:38:42,855 | INFO | fetch_order_book: mid=0.07317 spread=2.73bps bids=20 asks=20
2026-05-08 20:38:43,846 | INFO | SPREAD | pair=CHIP/USDC | cex=0.07316/0.07318 | dex_sell=0.0730718 dex_buy=0.0731287 | spread_a=-14.8bps spread_b=4.3bps | min=30.0bps
2026-05-08 20:38:44,849 | INFO | fetch_order_book: symbol=CHIP/USDC limit=20
2026-05-08 20:38:45,148 | INFO | fetch_order_book: mid=0.07317 spread=2.73bps bids=20 asks=20
2026-05-08 20:38:46,479 | INFO | SPREAD | pair=CHIP/USDC | cex=0.07316/0.07318 | dex_sell=0.0731452 dex_buy=0.0731647 | spread_a=-4.8bps spread_b=-0.6bps | min=30.0bps
2026-05-08 20:38:47,482 | INFO | fetch_order_book: symbol=CHIP/USDC limit=20
2026-05-08 20:38:47,732 | INFO | fetch_order_book: mid=0.073155 spread=4.10bps bids=20 asks=20
2026-05-08 20:38:48,654 | INFO | SPREAD | pair=CHIP/USDC | cex=0.07314/0.07317 | dex_sell=0.0731452 dex_buy=0.0731647 | spread_a=-3.4bps spread_b=-3.4bps | min=30.0bps
2026-05-08 20:38:49,657 | INFO | fetch_order_book: symbol=CHIP/USDC limit=20
2026-05-08 20:38:49,912 | INFO | fetch_order_book: mid=0.073235 spread=1.37bps bids=20 asks=20
2026-05-08 20:38:50,825 | INFO | SPREAD | pair=CHIP/USDC | cex=0.07323/0.07324 | dex_sell=0.073175 dex_buy=0.0732246 | spread_a=-8.9bps spread_b=0.7bps | min=30.0bps
2026-05-08 20:38:51,828 | INFO | fetch_order_book: symbol=CHIP/USDC limit=20
2026-05-08 20:38:52,078 | INFO | fetch_order_book: mid=0.073225 spread=4.10bps bids=20 asks=20
2026-05-08 20:38:52,975 | INFO | SPREAD | pair=CHIP/USDC | cex=0.07321/0.07324 | dex_sell=0.0731805 dex_buy=0.0732 | spread_a=-8.1bps spread_b=1.4bps | min=30.0bps
2026-05-08 20:38:53,978 | INFO | fetch_order_book: symbol=CHIP/USDC limit=20
2026-05-08 20:38:54,227 | INFO | fetch_order_book: mid=0.07322 spread=5.46bps bids=20 asks=20
2026-05-08 20:38:55,139 | INFO | SPREAD | pair=CHIP/USDC | cex=0.0732/0.07324 | dex_sell=0.0732052 dex_buy=0.0732247 | spread_a=-4.8bps spread_b=-3.4bps | min=30.0bps
2026-05-08 20:38:56,141 | INFO | fetch_order_book: symbol=CHIP/USDC limit=20
2026-05-08 20:38:56,394 | INFO | fetch_order_book: mid=0.073245 spread=6.83bps bids=20 asks=20
2026-05-08 20:38:57,303 | INFO | SPREAD | pair=CHIP/USDC | cex=0.07322/0.07327 | dex_sell=0.0732052 dex_buy=0.0732247 | spread_a=-8.8bps spread_b=-0.6bps | min=30.0bps
2026-05-08 20:38:58,306 | INFO | fetch_order_book: symbol=CHIP/USDC limit=20
2026-05-08 20:38:58,560 | INFO | fetch_order_book: mid=0.073225 spread=6.83bps bids=20 asks=20
2026-05-08 20:38:59,497 | INFO | SPREAD | pair=CHIP/USDC | cex=0.0732/0.07325 | dex_sell=0.073235 dex_buy=0.0732545 | spread_a=-2.0bps spread_b=-7.4bps | min=30.0bps
2026-05-08 20:39:00,499 | INFO | fetch_order_book: symbol=CHIP/USDC limit=20
2026-05-08 20:39:00,750 | INFO | fetch_order_book: mid=0.073195 spread=6.83bps bids=20 asks=20
2026-05-08 20:39:01,655 | INFO | SPREAD | pair=CHIP/USDC | cex=0.07317/0.07322 | dex_sell=0.0731804 dex_buy=0.0731998 | spread_a=-5.4bps spread_b=-4.1bps | min=30.0bps
2026-05-08 20:39:02,658 | INFO | fetch_order_book: symbol=CHIP/USDC limit=20
2026-05-08 20:39:02,907 | INFO | fetch_order_book: mid=0.073195 spread=6.83bps bids=20 asks=20
2026-05-08 20:39:03,843 | INFO | SPREAD | pair=CHIP/USDC | cex=0.07317/0.07322 | dex_sell=0.0731804 dex_buy=0.0731998 | spread_a=-5.4bps spread_b=-4.1bps | min=30.0bps
2026-05-08 20:39:04,846 | INFO | fetch_order_book: symbol=CHIP/USDC limit=20
2026-05-08 20:39:05,095 | INFO | fetch_order_book: mid=0.07310 spread=5.47bps bids=20 asks=20
2026-05-08 20:39:06,009 | INFO | SPREAD | pair=CHIP/USDC | cex=0.07308/0.07312 | dex_sell=0.0731506 dex_buy=0.0731356 | spread_a=4.2bps spread_b=-7.6bps | min=30.0bps
2026-05-08 20:39:07,011 | INFO | fetch_order_book: symbol=CHIP/USDC limit=20
2026-05-08 20:39:07,260 | INFO | fetch_order_book: mid=0.073075 spread=4.11bps bids=20 asks=20
2026-05-08 20:39:08,166 | INFO | SPREAD | pair=CHIP/USDC | cex=0.07306/0.07309 | dex_sell=0.0730371 dex_buy=0.0730632 | spread_a=-7.2bps spread_b=-0.4bps | min=30.0bps
2026-05-08 20:39:09,168 | INFO | fetch_order_book: symbol=CHIP/USDC limit=20
2026-05-08 20:39:09,416 | INFO | fetch_order_book: mid=0.073095 spread=6.84bps bids=20 asks=20
2026-05-08 20:39:10,350 | INFO | SPREAD | pair=CHIP/USDC | cex=0.07307/0.07312 | dex_sell=0.0730371 dex_buy=0.0730632 | spread_a=-11.3bps spread_b=0.9bps | min=30.0bps
2026-05-08 20:39:11,352 | INFO | fetch_order_book: symbol=CHIP/USDC limit=20
2026-05-08 20:39:11,602 | INFO | fetch_order_book: mid=0.07308 spread=5.47bps bids=20 asks=20
2026-05-08 20:39:12,492 | INFO | SPREAD | pair=CHIP/USDC | cex=0.07306/0.0731 | dex_sell=0.0730371 dex_buy=0.0730632 | spread_a=-8.6bps spread_b=-0.4bps | min=30.0bps
2026-05-08 20:39:13,494 | INFO | fetch_order_book: symbol=CHIP/USDC limit=20
2026-05-08 20:39:13,742 | INFO | fetch_order_book: mid=0.073055 spread=4.11bps bids=20 asks=20
2026-05-08 20:39:14,664 | INFO | SPREAD | pair=CHIP/USDC | cex=0.07304/0.07307 | dex_sell=0.0730371 dex_buy=0.0730632 | spread_a=-4.5bps spread_b=-3.2bps | min=30.0bps
2026-05-08 20:39:15,666 | INFO | fetch_order_book: symbol=CHIP/USDC limit=20
2026-05-08 20:39:15,913 | INFO | fetch_order_book: mid=0.073045 spread=1.37bps bids=20 asks=20
2026-05-08 20:39:16,835 | INFO | SPREAD | pair=CHIP/USDC | cex=0.07304/0.07305 | dex_sell=0.0730371 dex_buy=0.0730632 | spread_a=-1.8bps spread_b=-3.2bps | min=30.0bps
2026-05-08 20:39:17,837 | INFO | fetch_order_book: symbol=CHIP/USDC limit=20
2026-05-08 20:39:18,092 | INFO | fetch_order_book: mid=0.073045 spread=1.37bps bids=20 asks=20
2026-05-08 20:39:19,006 | INFO | SPREAD | pair=CHIP/USDC | cex=0.07304/0.07305 | dex_sell=0.0730371 dex_buy=0.0730632 | spread_a=-1.8bps spread_b=-3.2bps | min=30.0bps
2026-05-08 20:39:20,009 | INFO | fetch_order_book: symbol=CHIP/USDC limit=20
2026-05-08 20:39:20,260 | INFO | fetch_order_book: mid=0.073055 spread=6.84bps bids=20 asks=20
2026-05-08 20:39:21,151 | INFO | SPREAD | pair=CHIP/USDC | cex=0.07303/0.07308 | dex_sell=0.0730371 dex_buy=0.0730232 | spread_a=-5.9bps spread_b=0.9bps | min=30.0bps
2026-05-08 20:39:22,153 | INFO | fetch_order_book: symbol=CHIP/USDC limit=20
2026-05-08 20:39:22,404 | INFO | fetch_order_book: mid=0.073055 spread=6.84bps bids=20 asks=20
2026-05-08 20:39:23,307 | INFO | SPREAD | pair=CHIP/USDC | cex=0.07303/0.07308 | dex_sell=0.0729971 dex_buy=0.0730232 | spread_a=-11.3bps spread_b=0.9bps | min=30.0bps
2026-05-08 20:39:24,309 | INFO | fetch_order_book: symbol=CHIP/USDC limit=20
2026-05-08 20:39:24,559 | INFO | fetch_order_book: mid=0.07308 spread=5.47bps bids=20 asks=20
2026-05-08 20:39:25,486 | INFO | SPREAD | pair=CHIP/USDC | cex=0.07306/0.0731 | dex_sell=0.0730317 dex_buy=0.0730578 | spread_a=-9.3bps spread_b=0.3bps | min=30.0bps
2026-05-08 20:39:26,488 | INFO | fetch_order_book: symbol=CHIP/USDC limit=20
2026-05-08 20:39:26,739 | INFO | fetch_order_book: mid=0.07308 spread=5.47bps bids=20 asks=20
2026-05-08 20:39:27,658 | INFO | SPREAD | pair=CHIP/USDC | cex=0.07306/0.0731 | dex_sell=0.0730317 dex_buy=0.0730578 | spread_a=-9.3bps spread_b=0.3bps | min=30.0bps
2026-05-08 20:39:28,660 | INFO | fetch_order_book: symbol=CHIP/USDC limit=20
2026-05-08 20:39:28,918 | INFO | fetch_order_book: mid=0.07307 spread=5.47bps bids=20 asks=20
2026-05-08 20:39:29,855 | INFO | SPREAD | pair=CHIP/USDC | cex=0.07305/0.07309 | dex_sell=0.0730317 dex_buy=0.0730578 | spread_a=-8.0bps spread_b=-1.1bps | min=30.0bps
2026-05-08 20:39:30,857 | INFO | fetch_order_book: symbol=CHIP/USDC limit=20
2026-05-08 20:39:31,106 | INFO | fetch_order_book: mid=0.07307 spread=5.47bps bids=20 asks=20
2026-05-08 20:39:32,029 | INFO | SPREAD | pair=CHIP/USDC | cex=0.07305/0.07309 | dex_sell=0.0730317 dex_buy=0.0730578 | spread_a=-8.0bps spread_b=-1.1bps | min=30.0bps
2026-05-08 20:39:33,031 | INFO | fetch_order_book: symbol=CHIP/USDC limit=20
2026-05-08 20:39:33,282 | INFO | fetch_order_book: mid=0.073095 spread=6.84bps bids=20 asks=20
2026-05-08 20:39:34,192 | INFO | SPREAD | pair=CHIP/USDC | cex=0.07307/0.07312 | dex_sell=0.0730317 dex_buy=0.0730578 | spread_a=-12.1bps spread_b=1.7bps | min=30.0bps
2026-05-08 20:39:35,194 | INFO | fetch_order_book: symbol=CHIP/USDC limit=20
2026-05-08 20:39:35,447 | INFO | fetch_order_book: mid=0.073095 spread=6.84bps bids=20 asks=20
2026-05-08 20:39:36,337 | INFO | SPREAD | pair=CHIP/USDC | cex=0.07307/0.07312 | dex_sell=0.0730317 dex_buy=0.0730578 | spread_a=-12.1bps spread_b=1.7bps | min=30.0bps
2026-05-08 20:39:37,339 | INFO | fetch_order_book: symbol=CHIP/USDC limit=20
2026-05-08 20:39:37,592 | INFO | fetch_order_book: mid=0.07308 spread=5.47bps bids=20 asks=20
2026-05-08 20:39:38,500 | INFO | SPREAD | pair=CHIP/USDC | cex=0.07306/0.0731 | dex_sell=0.0730317 dex_buy=0.0730578 | spread_a=-9.3bps spread_b=0.3bps | min=30.0bps
2026-05-08 20:39:39,502 | INFO | fetch_order_book: symbol=CHIP/USDC limit=20
2026-05-08 20:39:39,751 | INFO | fetch_order_book: mid=0.073055 spread=4.11bps bids=20 asks=20
2026-05-08 20:39:40,657 | INFO | SPREAD | pair=CHIP/USDC | cex=0.07304/0.07307 | dex_sell=0.0730317 dex_buy=0.0730578 | spread_a=-5.2bps spread_b=-2.4bps | min=30.0bps
2026-05-08 20:39:41,660 | INFO | fetch_order_book: symbol=CHIP/USDC limit=20
2026-05-08 20:39:41,909 | INFO | fetch_order_book: mid=0.07307 spread=5.47bps bids=20 asks=20
2026-05-08 20:39:42,803 | INFO | SPREAD | pair=CHIP/USDC | cex=0.07305/0.07309 | dex_sell=0.0730317 dex_buy=0.0730578 | spread_a=-8.0bps spread_b=-1.1bps | min=30.0bps
2026-05-08 20:39:43,805 | INFO | fetch_order_book: symbol=CHIP/USDC limit=20
2026-05-08 20:39:44,056 | INFO | fetch_order_book: mid=0.073065 spread=6.84bps bids=20 asks=20
2026-05-08 20:39:44,971 | INFO | SPREAD | pair=CHIP/USDC | cex=0.07304/0.07309 | dex_sell=0.0730317 dex_buy=0.0730578 | spread_a=-8.0bps spread_b=-2.4bps | min=30.0bps
2026-05-08 20:39:45,973 | INFO | fetch_order_book: symbol=CHIP/USDC limit=20
2026-05-08 20:39:46,230 | INFO | fetch_order_book: mid=0.073065 spread=6.84bps bids=20 asks=20
2026-05-08 20:39:47,137 | INFO | SPREAD | pair=CHIP/USDC | cex=0.07304/0.07309 | dex_sell=0.0730317 dex_buy=0.0730578 | spread_a=-8.0bps spread_b=-2.4bps | min=30.0bps
2026-05-08 20:39:48,139 | INFO | fetch_order_book: symbol=CHIP/USDC limit=20
2026-05-08 20:39:48,393 | INFO | fetch_order_book: mid=0.07305 spread=5.48bps bids=20 asks=20
2026-05-08 20:39:49,294 | INFO | SPREAD | pair=CHIP/USDC | cex=0.07303/0.07307 | dex_sell=0.0730317 dex_buy=0.0730578 | spread_a=-5.2bps spread_b=-3.8bps | min=30.0bps
2026-05-08 20:39:50,297 | INFO | fetch_order_book: symbol=CHIP/USDC limit=20
2026-05-08 20:39:50,547 | INFO | fetch_order_book: mid=0.07304 spread=5.48bps bids=20 asks=20
2026-05-08 20:39:51,455 | INFO | SPREAD | pair=CHIP/USDC | cex=0.07302/0.07306 | dex_sell=0.0730317 dex_buy=0.0730578 | spread_a=-3.9bps spread_b=-5.2bps | min=30.0bps
2026-05-08 20:39:52,457 | INFO | fetch_order_book: symbol=CHIP/USDC limit=20
2026-05-08 20:39:52,708 | INFO | fetch_order_book: mid=0.07305 spread=5.48bps bids=20 asks=20
2026-05-08 20:39:53,639 | INFO | SPREAD | pair=CHIP/USDC | cex=0.07303/0.07307 | dex_sell=0.0730317 dex_buy=0.0730578 | spread_a=-5.2bps spread_b=-3.8bps | min=30.0bps
2026-05-08 20:39:54,641 | INFO | fetch_order_book: symbol=CHIP/USDC limit=20
2026-05-08 20:39:54,893 | INFO | fetch_order_book: mid=0.073075 spread=6.84bps bids=20 asks=20
2026-05-08 20:39:55,816 | INFO | SPREAD | pair=CHIP/USDC | cex=0.07305/0.0731 | dex_sell=0.0730317 dex_buy=0.0730578 | spread_a=-9.3bps spread_b=-1.1bps | min=30.0bps
2026-05-08 20:39:56,818 | INFO | fetch_order_book: symbol=CHIP/USDC limit=20
2026-05-08 20:39:57,068 | INFO | fetch_order_book: mid=0.073115 spread=6.84bps bids=20 asks=20
2026-05-08 20:39:57,976 | INFO | SPREAD | pair=CHIP/USDC | cex=0.07309/0.07314 | dex_sell=0.0730317 dex_buy=0.0730578 | spread_a=-14.8bps spread_b=4.4bps | min=30.0bps
2026-05-08 20:39:58,978 | INFO | fetch_order_book: symbol=CHIP/USDC limit=20
2026-05-08 20:39:59,230 | INFO | fetch_order_book: mid=0.073105 spread=6.84bps bids=20 asks=20
2026-05-08 20:40:00,152 | INFO | SPREAD | pair=CHIP/USDC | cex=0.07308/0.07313 | dex_sell=0.0730727 dex_buy=0.0730988 | spread_a=-7.8bps spread_b=-2.6bps | min=30.0bps
2026-05-08 20:40:01,155 | INFO | fetch_order_book: symbol=CHIP/USDC limit=20
2026-05-08 20:40:01,405 | INFO | fetch_order_book: mid=0.073115 spread=4.10bps bids=20 asks=20
2026-05-08 20:40:02,316 | INFO | SPREAD | pair=CHIP/USDC | cex=0.0731/0.07313 | dex_sell=0.0730727 dex_buy=0.0730988 | spread_a=-7.8bps spread_b=0.2bps | min=30.0bps
2026-05-08 20:40:03,319 | INFO | fetch_order_book: symbol=CHIP/USDC limit=20
2026-05-08 20:40:03,569 | INFO | fetch_order_book: mid=0.07311 spread=5.47bps bids=20 asks=20
2026-05-08 20:40:04,521 | INFO | SPREAD | pair=CHIP/USDC | cex=0.07309/0.07313 | dex_sell=0.0730727 dex_buy=0.0730988 | spread_a=-7.8bps spread_b=-1.2bps | min=30.0bps
2026-05-08 20:40:05,523 | INFO | fetch_order_book: symbol=CHIP/USDC limit=20
2026-05-08 20:40:05,774 | INFO | fetch_order_book: mid=0.07306 spread=5.47bps bids=20 asks=20
2026-05-08 20:40:06,690 | INFO | SPREAD | pair=CHIP/USDC | cex=0.07304/0.07308 | dex_sell=0.0730727 dex_buy=0.073064 | spread_a=-1.0bps spread_b=-3.3bps | min=30.0bps
2026-05-08 20:40:07,693 | INFO | fetch_order_book: symbol=CHIP/USDC limit=20
2026-05-08 20:40:07,943 | INFO | fetch_order_book: mid=0.07306 spread=5.47bps bids=20 asks=20
2026-05-08 20:40:08,870 | INFO | SPREAD | pair=CHIP/USDC | cex=0.07304/0.07308 | dex_sell=0.0730379 dex_buy=0.073064 | spread_a=-5.8bps spread_b=-3.3bps | min=30.0bps
2026-05-08 20:40:09,872 | INFO | fetch_order_book: symbol=CHIP/USDC limit=20
2026-05-08 20:40:10,175 | INFO | fetch_order_book: mid=0.073015 spread=9.59bps bids=20 asks=20
2026-05-08 20:40:11,136 | INFO | SPREAD | pair=CHIP/USDC | cex=0.07298/0.07305 | dex_sell=0.0729881 dex_buy=0.0730142 | spread_a=-8.5bps spread_b=-4.7bps | min=30.0bps
2026-05-08 20:40:12,138 | INFO | fetch_order_book: symbol=CHIP/USDC limit=20
2026-05-08 20:40:12,391 | INFO | fetch_order_book: mid=0.07302 spread=5.48bps bids=20 asks=20
2026-05-08 20:40:13,364 | INFO | SPREAD | pair=CHIP/USDC | cex=0.073/0.07304 | dex_sell=0.0729881 dex_buy=0.0730142 | spread_a=-7.1bps spread_b=-1.9bps | min=30.0bps
2026-05-08 20:40:14,366 | INFO | fetch_order_book: symbol=CHIP/USDC limit=20
2026-05-08 20:40:14,617 | INFO | fetch_order_book: mid=0.07296 spread=5.48bps bids=20 asks=20
2026-05-08 20:40:15,570 | INFO | SPREAD | pair=CHIP/USDC | cex=0.07294/0.07298 | dex_sell=0.0729478 dex_buy=0.0729738 | spread_a=-4.4bps spread_b=-4.6bps | min=30.0bps
2026-05-08 20:40:16,572 | INFO | fetch_order_book: symbol=CHIP/USDC limit=20
2026-05-08 20:40:16,823 | INFO | fetch_order_book: mid=0.072945 spread=6.85bps bids=20 asks=20
2026-05-08 20:40:17,749 | INFO | SPREAD | pair=CHIP/USDC | cex=0.07292/0.07297 | dex_sell=0.0729478 dex_buy=0.0729241 | spread_a=-3.0bps spread_b=-0.6bps | min=30.0bps
2026-05-08 20:40:18,752 | INFO | fetch_order_book: symbol=CHIP/USDC limit=20
2026-05-08 20:40:18,999 | INFO | fetch_order_book: mid=0.072805 spread=9.61bps bids=20 asks=20
2026-05-08 20:40:19,909 | INFO | SPREAD | pair=CHIP/USDC | cex=0.07277/0.07284 | dex_sell=0.0728981 dex_buy=0.072874 | spread_a=8.0bps spread_b=-14.3bps | min=30.0bps
2026-05-08 20:40:20,911 | INFO | fetch_order_book: symbol=CHIP/USDC limit=20
2026-05-08 20:40:21,160 | INFO | fetch_order_book: mid=0.07284 spread=5.49bps bids=20 asks=20
2026-05-08 20:40:22,084 | INFO | SPREAD | pair=CHIP/USDC | cex=0.07282/0.07286 | dex_sell=0.0728078 dex_buy=0.0728337 | spread_a=-7.2bps spread_b=-1.9bps | min=30.0bps
2026-05-08 20:40:23,087 | INFO | fetch_order_book: symbol=CHIP/USDC limit=20
2026-05-08 20:40:23,344 | INFO | fetch_order_book: mid=0.07295 spread=5.48bps bids=20 asks=20
2026-05-08 20:40:24,252 | INFO | SPREAD | pair=CHIP/USDC | cex=0.07293/0.07297 | dex_sell=0.0729226 dex_buy=0.0729486 | spread_a=-6.5bps spread_b=-2.5bps | min=30.0bps
2026-05-08 20:40:25,255 | INFO | fetch_order_book: symbol=CHIP/USDC limit=20
2026-05-08 20:40:25,510 | INFO | fetch_order_book: mid=0.072955 spread=6.85bps bids=20 asks=20
2026-05-08 20:40:26,425 | INFO | SPREAD | pair=CHIP/USDC | cex=0.07293/0.07298 | dex_sell=0.0729226 dex_buy=0.0729486 | spread_a=-7.9bps spread_b=-2.5bps | min=30.0bps
2026-05-08 20:40:27,427 | INFO | fetch_order_book: symbol=CHIP/USDC limit=20
2026-05-08 20:40:27,686 | INFO | fetch_order_book: mid=0.072975 spread=4.11bps bids=20 asks=20
2026-05-08 20:40:28,596 | INFO | SPREAD | pair=CHIP/USDC | cex=0.07296/0.07299 | dex_sell=0.0729226 dex_buy=0.0729986 | spread_a=-9.2bps spread_b=-5.3bps | min=30.0bps
2026-05-08 20:40:29,599 | INFO | fetch_order_book: symbol=CHIP/USDC limit=20
2026-05-08 20:40:29,852 | INFO | fetch_order_book: mid=0.073035 spread=6.85bps bids=20 asks=20
2026-05-08 20:40:30,737 | INFO | SPREAD | pair=CHIP/USDC | cex=0.07301/0.07306 | dex_sell=0.0729253 dex_buy=0.0729957 | spread_a=-18.4bps spread_b=2.0bps | min=30.0bps
2026-05-08 20:40:31,739 | INFO | fetch_order_book: symbol=CHIP/USDC limit=20
2026-05-08 20:40:31,991 | INFO | fetch_order_book: mid=0.073035 spread=4.11bps bids=20 asks=20
2026-05-08 20:40:32,954 | INFO | SPREAD | pair=CHIP/USDC | cex=0.07302/0.07305 | dex_sell=0.0729697 dex_buy=0.0729957 | spread_a=-11.0bps spread_b=3.3bps | min=30.0bps
2026-05-08 20:40:33,956 | INFO | fetch_order_book: symbol=CHIP/USDC limit=20
2026-05-08 20:40:34,207 | INFO | fetch_order_book: mid=0.07303 spread=5.48bps bids=20 asks=20
2026-05-08 20:40:35,140 | INFO | SPREAD | pair=CHIP/USDC | cex=0.07301/0.07305 | dex_sell=0.0729697 dex_buy=0.0729957 | spread_a=-11.0bps spread_b=2.0bps | min=30.0bps
2026-05-08 20:40:36,143 | INFO | fetch_order_book: symbol=CHIP/USDC limit=20
2026-05-08 20:40:36,397 | INFO | fetch_order_book: mid=0.07303 spread=5.48bps bids=20 asks=20
2026-05-08 20:40:37,317 | INFO | SPREAD | pair=CHIP/USDC | cex=0.07301/0.07305 | dex_sell=0.0729697 dex_buy=0.0729957 | spread_a=-11.0bps spread_b=2.0bps | min=30.0bps
2026-05-08 20:40:38,320 | INFO | fetch_order_book: symbol=CHIP/USDC limit=20
2026-05-08 20:40:38,572 | INFO | fetch_order_book: mid=0.073045 spread=6.85bps bids=20 asks=20
2026-05-08 20:40:39,493 | INFO | SPREAD | pair=CHIP/USDC | cex=0.07302/0.07307 | dex_sell=0.0730098 dex_buy=0.0730359 | spread_a=-8.2bps spread_b=-2.2bps | min=30.0bps
2026-05-08 20:40:40,496 | INFO | fetch_order_book: symbol=CHIP/USDC limit=20
2026-05-08 20:40:40,746 | INFO | fetch_order_book: mid=0.073025 spread=6.85bps bids=20 asks=20
2026-05-08 20:40:41,673 | INFO | SPREAD | pair=CHIP/USDC | cex=0.073/0.07305 | dex_sell=0.0730098 dex_buy=0.0730359 | spread_a=-5.5bps spread_b=-4.9bps | min=30.0bps
2026-05-08 20:40:42,675 | INFO | fetch_order_book: symbol=CHIP/USDC limit=20
2026-05-08 20:40:42,930 | INFO | fetch_order_book: mid=0.073005 spread=6.85bps bids=20 asks=20
2026-05-08 20:40:43,865 | INFO | SPREAD | pair=CHIP/USDC | cex=0.07298/0.07303 | dex_sell=0.073005 dex_buy=0.073031 | spread_a=-3.4bps spread_b=-7.0bps | min=30.0bps
2026-05-08 20:40:44,868 | INFO | fetch_order_book: symbol=CHIP/USDC limit=20
2026-05-08 20:40:45,119 | INFO | fetch_order_book: mid=0.07294 spread=5.48bps bids=20 asks=20
2026-05-08 20:40:46,003 | INFO | SPREAD | pair=CHIP/USDC | cex=0.07292/0.07296 | dex_sell=0.0729251 dex_buy=0.0729511 | spread_a=-4.8bps spread_b=-4.3bps | min=30.0bps
2026-05-08 20:40:47,006 | INFO | fetch_order_book: symbol=CHIP/USDC limit=20
2026-05-08 20:40:47,260 | INFO | fetch_order_book: mid=0.072935 spread=6.86bps bids=20 asks=20
2026-05-08 20:40:48,163 | INFO | SPREAD | pair=CHIP/USDC | cex=0.07291/0.07296 | dex_sell=0.0729251 dex_buy=0.0729511 | spread_a=-4.8bps spread_b=-5.6bps | min=30.0bps
2026-05-08 20:40:49,165 | INFO | fetch_order_book: symbol=CHIP/USDC limit=20
2026-05-08 20:40:49,415 | INFO | fetch_order_book: mid=0.07293 spread=8.23bps bids=20 asks=20
2026-05-08 20:40:50,331 | INFO | SPREAD | pair=CHIP/USDC | cex=0.0729/0.07296 | dex_sell=0.0729251 dex_buy=0.0729511 | spread_a=-4.8bps spread_b=-7.0bps | min=30.0bps
2026-05-08 20:40:51,334 | INFO | fetch_order_book: symbol=CHIP/USDC limit=20
2026-05-08 20:40:51,587 | INFO | fetch_order_book: mid=0.07296 spread=8.22bps bids=20 asks=20
2026-05-08 20:40:52,500 | INFO | SPREAD | pair=CHIP/USDC | cex=0.07293/0.07299 | dex_sell=0.0728852 dex_buy=0.0729112 | spread_a=-14.4bps spread_b=2.6bps | min=30.0bps
2026-05-08 20:40:53,502 | INFO | fetch_order_book: symbol=CHIP/USDC limit=20
2026-05-08 20:40:53,754 | INFO | fetch_order_book: mid=0.073015 spread=6.85bps bids=20 asks=20
2026-05-08 20:40:54,721 | INFO | SPREAD | pair=CHIP/USDC | cex=0.07299/0.07304 | dex_sell=0.0729899 dex_buy=0.073016 | spread_a=-6.9bps spread_b=-3.6bps | min=30.0bps
2026-05-08 20:40:55,723 | INFO | fetch_order_book: symbol=CHIP/USDC limit=20
2026-05-08 20:40:55,974 | INFO | fetch_order_book: mid=0.07300 spread=5.48bps bids=20 asks=20
2026-05-08 20:40:56,897 | INFO | SPREAD | pair=CHIP/USDC | cex=0.07298/0.07302 | dex_sell=0.0729552 dex_buy=0.0729812 | spread_a=-8.9bps spread_b=-0.2bps | min=30.0bps
2026-05-08 20:40:57,899 | INFO | fetch_order_book: symbol=CHIP/USDC limit=20
2026-05-08 20:40:58,148 | INFO | fetch_order_book: mid=0.073025 spread=6.85bps bids=20 asks=20
2026-05-08 20:40:59,099 | INFO | SPREAD | pair=CHIP/USDC | cex=0.073/0.07305 | dex_sell=0.0730398 dex_buy=0.073031 | spread_a=-1.4bps spread_b=-4.3bps | min=30.0bps
2026-05-08 20:41:00,102 | INFO | fetch_order_book: symbol=CHIP/USDC limit=20
2026-05-08 20:41:00,355 | INFO | fetch_order_book: mid=0.07306 spread=5.47bps bids=20 asks=20
2026-05-08 20:41:01,276 | INFO | SPREAD | pair=CHIP/USDC | cex=0.07304/0.07308 | dex_sell=0.073005 dex_buy=0.0730311 | spread_a=-10.3bps spread_b=1.2bps | min=30.0bps
2026-05-08 20:41:02,278 | INFO | fetch_order_book: symbol=CHIP/USDC limit=20
2026-05-08 20:41:02,530 | INFO | fetch_order_book: mid=0.07298 spread=5.48bps bids=20 asks=20
2026-05-08 20:41:03,419 | INFO | SPREAD | pair=CHIP/USDC | cex=0.07296/0.073 | dex_sell=0.073005 dex_buy=0.0729911 | spread_a=0.7bps spread_b=-4.3bps | min=30.0bps
2026-05-08 20:41:04,421 | INFO | fetch_order_book: symbol=CHIP/USDC limit=20
2026-05-08 20:41:04,670 | INFO | fetch_order_book: mid=0.07299 spread=5.48bps bids=20 asks=20
2026-05-08 20:41:05,601 | INFO | SPREAD | pair=CHIP/USDC | cex=0.07297/0.07301 | dex_sell=0.0729651 dex_buy=0.0729911 | spread_a=-6.2bps spread_b=-2.9bps | min=30.0bps
2026-05-08 20:41:06,603 | INFO | fetch_order_book: symbol=CHIP/USDC limit=20
2026-05-08 20:41:06,862 | INFO | fetch_order_book: mid=0.07298 spread=5.48bps bids=20 asks=20
2026-05-08 20:41:07,807 | INFO | SPREAD | pair=CHIP/USDC | cex=0.07296/0.073 | dex_sell=0.0729651 dex_buy=0.0729911 | spread_a=-4.8bps spread_b=-4.3bps | min=30.0bps
2026-05-08 20:41:08,809 | INFO | fetch_order_book: symbol=CHIP/USDC limit=20
2026-05-08 20:41:09,068 | INFO | fetch_order_book: mid=0.072975 spread=6.85bps bids=20 asks=20
2026-05-08 20:41:09,954 | INFO | SPREAD | pair=CHIP/USDC | cex=0.07295/0.073 | dex_sell=0.0729251 dex_buy=0.0729511 | spread_a=-10.3bps spread_b=-0.2bps | min=30.0bps
2026-05-08 20:41:10,956 | INFO | fetch_order_book: symbol=CHIP/USDC limit=20
2026-05-08 20:41:11,207 | INFO | fetch_order_book: mid=0.07299 spread=8.22bps bids=20 asks=20
2026-05-08 20:41:12,153 | INFO | SPREAD | pair=CHIP/USDC | cex=0.07296/0.07302 | dex_sell=0.0729251 dex_buy=0.0729511 | spread_a=-13.0bps spread_b=1.2bps | min=30.0bps
2026-05-08 20:41:13,155 | INFO | fetch_order_book: symbol=CHIP/USDC limit=20
2026-05-08 20:41:13,410 | INFO | fetch_order_book: mid=0.072995 spread=6.85bps bids=20 asks=20
2026-05-08 20:41:14,306 | INFO | SPREAD | pair=CHIP/USDC | cex=0.07297/0.07302 | dex_sell=0.0729597 dex_buy=0.0729857 | spread_a=-8.3bps spread_b=-2.2bps | min=30.0bps
2026-05-08 20:41:15,309 | INFO | fetch_order_book: symbol=CHIP/USDC limit=20
2026-05-08 20:41:15,559 | INFO | fetch_order_book: mid=0.07298 spread=5.48bps bids=20 asks=20
2026-05-08 20:41:16,476 | INFO | SPREAD | pair=CHIP/USDC | cex=0.07296/0.073 | dex_sell=0.0729597 dex_buy=0.0729857 | spread_a=-5.5bps spread_b=-3.5bps | min=30.0bps
2026-05-08 20:41:17,478 | INFO | fetch_order_book: symbol=CHIP/USDC limit=20
2026-05-08 20:41:17,728 | INFO | fetch_order_book: mid=0.07294 spread=5.48bps bids=20 asks=20
2026-05-08 20:41:18,662 | INFO | SPREAD | pair=CHIP/USDC | cex=0.07292/0.07296 | dex_sell=0.072925 dex_buy=0.072951 | spread_a=-4.8bps spread_b=-4.2bps | min=30.0bps
2026-05-08 20:41:19,666 | INFO | fetch_order_book: symbol=CHIP/USDC limit=20
2026-05-08 20:41:19,921 | INFO | fetch_order_book: mid=0.07294 spread=5.48bps bids=20 asks=20
2026-05-08 20:41:20,870 | INFO | SPREAD | pair=CHIP/USDC | cex=0.07292/0.07296 | dex_sell=0.072925 dex_buy=0.072951 | spread_a=-4.8bps spread_b=-4.2bps | min=30.0bps
2026-05-08 20:41:21,872 | INFO | fetch_order_book: symbol=CHIP/USDC limit=20
2026-05-08 20:41:22,232 | INFO | fetch_order_book: mid=0.07293 spread=8.23bps bids=20 asks=20
2026-05-08 20:41:23,178 | INFO | SPREAD | pair=CHIP/USDC | cex=0.0729/0.07296 | dex_sell=0.072925 dex_buy=0.072951 | spread_a=-4.8bps spread_b=-7.0bps | min=30.0bps
2026-05-08 20:41:24,180 | INFO | fetch_order_book: symbol=CHIP/USDC limit=20
2026-05-08 20:41:24,488 | INFO | fetch_order_book: mid=0.07296 spread=8.22bps bids=20 asks=20
2026-05-08 20:41:25,416 | INFO | SPREAD | pair=CHIP/USDC | cex=0.07293/0.07299 | dex_sell=0.072925 dex_buy=0.072951 | spread_a=-8.9bps spread_b=-2.9bps | min=30.0bps
2026-05-08 20:41:26,419 | INFO | fetch_order_book: symbol=CHIP/USDC limit=20
2026-05-08 20:41:26,671 | INFO | fetch_order_book: mid=0.07297 spread=5.48bps bids=20 asks=20
2026-05-08 20:41:27,598 | INFO | SPREAD | pair=CHIP/USDC | cex=0.07295/0.07299 | dex_sell=0.072925 dex_buy=0.072951 | spread_a=-8.9bps spread_b=-0.1bps | min=30.0bps
2026-05-08 20:41:28,601 | INFO | fetch_order_book: symbol=CHIP/USDC limit=20
2026-05-08 20:41:28,849 | INFO | fetch_order_book: mid=0.072955 spread=6.85bps bids=20 asks=20
2026-05-08 20:41:29,757 | INFO | SPREAD | pair=CHIP/USDC | cex=0.07293/0.07298 | dex_sell=0.072925 dex_buy=0.072951 | spread_a=-7.5bps spread_b=-2.9bps | min=30.0bps
2026-05-08 20:41:30,760 | INFO | fetch_order_book: symbol=CHIP/USDC limit=20
2026-05-08 20:41:31,011 | INFO | fetch_order_book: mid=0.072955 spread=6.85bps bids=20 asks=20
2026-05-08 20:41:31,907 | INFO | SPREAD | pair=CHIP/USDC | cex=0.07293/0.07298 | dex_sell=0.072925 dex_buy=0.072951 | spread_a=-7.5bps spread_b=-2.9bps | min=30.0bps
2026-05-08 20:41:32,910 | INFO | fetch_order_book: symbol=CHIP/USDC limit=20
2026-05-08 20:41:33,158 | INFO | fetch_order_book: mid=0.072955 spread=6.85bps bids=20 asks=20
2026-05-08 20:41:34,076 | INFO | SPREAD | pair=CHIP/USDC | cex=0.07293/0.07298 | dex_sell=0.072925 dex_buy=0.072951 | spread_a=-7.5bps spread_b=-2.9bps | min=30.0bps
2026-05-08 20:41:35,078 | INFO | fetch_order_book: symbol=CHIP/USDC limit=20
2026-05-08 20:41:35,344 | INFO | fetch_order_book: mid=0.07296 spread=8.22bps bids=20 asks=20
2026-05-08 20:41:36,242 | INFO | SPREAD | pair=CHIP/USDC | cex=0.07293/0.07299 | dex_sell=0.072925 dex_buy=0.072951 | spread_a=-8.9bps spread_b=-2.9bps | min=30.0bps
2026-05-08 20:41:37,244 | INFO | fetch_order_book: symbol=CHIP/USDC limit=20
2026-05-08 20:41:37,500 | INFO | fetch_order_book: mid=0.07301 spread=2.74bps bids=20 asks=20
2026-05-08 20:41:38,468 | INFO | SPREAD | pair=CHIP/USDC | cex=0.073/0.07302 | dex_sell=0.072925 dex_buy=0.0729856 | spread_a=-13.0bps spread_b=2.0bps | min=30.0bps
2026-05-08 20:41:39,470 | INFO | fetch_order_book: symbol=CHIP/USDC limit=20
2026-05-08 20:41:39,722 | INFO | fetch_order_book: mid=0.07301 spread=5.48bps bids=20 asks=20
2026-05-08 20:41:40,634 | INFO | SPREAD | pair=CHIP/USDC | cex=0.07299/0.07303 | dex_sell=0.0729752 dex_buy=0.0730012 | spread_a=-7.5bps spread_b=-1.5bps | min=30.0bps
2026-05-08 20:41:41,637 | INFO | fetch_order_book: symbol=CHIP/USDC limit=20
2026-05-08 20:41:41,886 | INFO | fetch_order_book: mid=0.07303 spread=2.74bps bids=20 asks=20
2026-05-08 20:41:42,825 | INFO | SPREAD | pair=CHIP/USDC | cex=0.07302/0.07304 | dex_sell=0.0729752 dex_buy=0.0730012 | spread_a=-8.9bps spread_b=2.6bps | min=30.0bps
2026-05-08 20:41:43,827 | INFO | fetch_order_book: symbol=CHIP/USDC limit=20
2026-05-08 20:41:44,119 | INFO | fetch_order_book: mid=0.07303 spread=2.74bps bids=20 asks=20
2026-05-08 20:41:45,026 | INFO | SPREAD | pair=CHIP/USDC | cex=0.07302/0.07304 | dex_sell=0.0729752 dex_buy=0.0730012 | spread_a=-8.9bps spread_b=2.6bps | min=30.0bps
2026-05-08 20:41:46,027 | INFO | fetch_order_book: symbol=CHIP/USDC limit=20
2026-05-08 20:41:46,278 | INFO | fetch_order_book: mid=0.07303 spread=2.74bps bids=20 asks=20
2026-05-08 20:41:47,196 | INFO | SPREAD | pair=CHIP/USDC | cex=0.07302/0.07304 | dex_sell=0.0729752 dex_buy=0.0730012 | spread_a=-8.9bps spread_b=2.6bps | min=30.0bps
2026-05-08 20:41:48,198 | INFO | fetch_order_book: symbol=CHIP/USDC limit=20
2026-05-08 20:41:48,448 | INFO | fetch_order_book: mid=0.07301 spread=5.48bps bids=20 asks=20
2026-05-08 20:41:49,379 | INFO | SPREAD | pair=CHIP/USDC | cex=0.07299/0.07303 | dex_sell=0.0729752 dex_buy=0.0730012 | spread_a=-7.5bps spread_b=-1.5bps | min=30.0bps
2026-05-08 20:41:50,382 | INFO | fetch_order_book: symbol=CHIP/USDC limit=20
2026-05-08 20:41:50,632 | INFO | fetch_order_book: mid=0.07301 spread=2.74bps bids=20 asks=20
2026-05-08 20:41:51,553 | INFO | SPREAD | pair=CHIP/USDC | cex=0.073/0.07302 | dex_sell=0.0729752 dex_buy=0.0730012 | spread_a=-6.1bps spread_b=-0.2bps | min=30.0bps
2026-05-08 20:41:52,556 | INFO | fetch_order_book: symbol=CHIP/USDC limit=20
2026-05-08 20:41:52,816 | INFO | fetch_order_book: mid=0.073005 spread=1.37bps bids=20 asks=20
2026-05-08 20:41:53,721 | INFO | SPREAD | pair=CHIP/USDC | cex=0.073/0.07301 | dex_sell=0.0729752 dex_buy=0.0730012 | spread_a=-4.8bps spread_b=-0.2bps | min=30.0bps
2026-05-08 20:41:54,723 | INFO | fetch_order_book: symbol=CHIP/USDC limit=20
2026-05-08 20:41:54,974 | INFO | fetch_order_book: mid=0.073015 spread=6.85bps bids=20 asks=20
2026-05-08 20:41:55,891 | INFO | SPREAD | pair=CHIP/USDC | cex=0.07299/0.07304 | dex_sell=0.0729752 dex_buy=0.0730012 | spread_a=-8.9bps spread_b=-1.5bps | min=30.0bps
2026-05-08 20:41:56,893 | INFO | fetch_order_book: symbol=CHIP/USDC limit=20
2026-05-08 20:41:57,143 | INFO | fetch_order_book: mid=0.072985 spread=6.85bps bids=20 asks=20
2026-05-08 20:41:58,110 | INFO | SPREAD | pair=CHIP/USDC | cex=0.07296/0.07301 | dex_sell=0.0729344 dex_buy=0.0729604 | spread_a=-10.4bps spread_b=-0.1bps | min=30.0bps
2026-05-08 20:41:59,113 | INFO | fetch_order_book: symbol=CHIP/USDC limit=20
2026-05-08 20:41:59,363 | INFO | fetch_order_book: mid=0.072985 spread=6.85bps bids=20 asks=20
2026-05-08 20:42:00,268 | INFO | SPREAD | pair=CHIP/USDC | cex=0.07296/0.07301 | dex_sell=0.0729344 dex_buy=0.0729604 | spread_a=-10.4bps spread_b=-0.1bps | min=30.0bps
2026-05-08 20:42:01,270 | INFO | fetch_order_book: symbol=CHIP/USDC limit=20
2026-05-08 20:42:01,519 | INFO | fetch_order_book: mid=0.07301 spread=5.48bps bids=20 asks=20
2026-05-08 20:42:02,430 | INFO | SPREAD | pair=CHIP/USDC | cex=0.07299/0.07303 | dex_sell=0.072969 dex_buy=0.072995 | spread_a=-8.3bps spread_b=-0.7bps | min=30.0bps
2026-05-08 20:42:03,432 | INFO | fetch_order_book: symbol=CHIP/USDC limit=20
2026-05-08 20:42:03,681 | INFO | fetch_order_book: mid=0.07300 spread=8.22bps bids=20 asks=20
2026-05-08 20:42:04,573 | INFO | SPREAD | pair=CHIP/USDC | cex=0.07297/0.07303 | dex_sell=0.072969 dex_buy=0.072995 | spread_a=-8.3bps spread_b=-3.4bps | min=30.0bps
2026-05-08 20:42:05,576 | INFO | fetch_order_book: symbol=CHIP/USDC limit=20
2026-05-08 20:42:05,825 | INFO | fetch_order_book: mid=0.072995 spread=6.85bps bids=20 asks=20
2026-05-08 20:42:06,740 | INFO | SPREAD | pair=CHIP/USDC | cex=0.07297/0.07302 | dex_sell=0.072969 dex_buy=0.072995 | spread_a=-7.0bps spread_b=-3.4bps | min=30.0bps
2026-05-08 20:42:07,742 | INFO | fetch_order_book: symbol=CHIP/USDC limit=20
2026-05-08 20:42:07,998 | INFO | fetch_order_book: mid=0.072985 spread=4.11bps bids=20 asks=20
2026-05-08 20:42:08,886 | INFO | SPREAD | pair=CHIP/USDC | cex=0.07297/0.073 | dex_sell=0.072969 dex_buy=0.072995 | spread_a=-4.2bps spread_b=-3.4bps | min=30.0bps
2026-05-08 20:42:09,888 | INFO | fetch_order_book: symbol=CHIP/USDC limit=20
2026-05-08 20:42:10,138 | INFO | fetch_order_book: mid=0.072985 spread=4.11bps bids=20 asks=20
2026-05-08 20:42:11,047 | INFO | SPREAD | pair=CHIP/USDC | cex=0.07297/0.073 | dex_sell=0.072969 dex_buy=0.072995 | spread_a=-4.2bps spread_b=-3.4bps | min=30.0bps
2026-05-08 20:42:12,050 | INFO | fetch_order_book: symbol=CHIP/USDC limit=20
2026-05-08 20:42:12,306 | INFO | fetch_order_book: mid=0.072975 spread=6.85bps bids=20 asks=20
2026-05-08 20:42:13,256 | INFO | SPREAD | pair=CHIP/USDC | cex=0.07295/0.073 | dex_sell=0.072969 dex_buy=0.072995 | spread_a=-4.2bps spread_b=-6.2bps | min=30.0bps
2026-05-08 20:42:14,258 | INFO | fetch_order_book: symbol=CHIP/USDC limit=20
2026-05-08 20:42:14,521 | INFO | fetch_order_book: mid=0.07299 spread=5.48bps bids=20 asks=20
2026-05-08 20:42:15,411 | INFO | SPREAD | pair=CHIP/USDC | cex=0.07297/0.07301 | dex_sell=0.072969 dex_buy=0.072995 | spread_a=-5.6bps spread_b=-3.4bps | min=30.0bps
2026-05-08 20:42:16,414 | INFO | fetch_order_book: symbol=CHIP/USDC limit=20
2026-05-08 20:42:16,666 | INFO | fetch_order_book: mid=0.072985 spread=6.85bps bids=20 asks=20
2026-05-08 20:42:17,572 | INFO | SPREAD | pair=CHIP/USDC | cex=0.07296/0.07301 | dex_sell=0.072969 dex_buy=0.072995 | spread_a=-5.6bps spread_b=-4.8bps | min=30.0bps
2026-05-08 20:42:18,575 | INFO | fetch_order_book: symbol=CHIP/USDC limit=20
2026-05-08 20:42:18,824 | INFO | fetch_order_book: mid=0.072975 spread=6.85bps bids=20 asks=20
2026-05-08 20:42:19,722 | INFO | SPREAD | pair=CHIP/USDC | cex=0.07295/0.073 | dex_sell=0.072969 dex_buy=0.072995 | spread_a=-4.2bps spread_b=-6.2bps | min=30.0bps
2026-05-08 20:42:20,724 | INFO | fetch_order_book: symbol=CHIP/USDC limit=20
2026-05-08 20:42:20,974 | INFO | fetch_order_book: mid=0.073015 spread=6.85bps bids=20 asks=20
2026-05-08 20:42:21,898 | INFO | SPREAD | pair=CHIP/USDC | cex=0.07299/0.07304 | dex_sell=0.072969 dex_buy=0.072995 | spread_a=-9.7bps spread_b=-0.7bps | min=30.0bps
2026-05-08 20:42:22,900 | INFO | fetch_order_book: symbol=CHIP/USDC limit=20
2026-05-08 20:42:23,149 | INFO | fetch_order_book: mid=0.073105 spread=1.37bps bids=20 asks=20
2026-05-08 20:42:24,039 | INFO | SPREAD | pair=CHIP/USDC | cex=0.0731/0.07311 | dex_sell=0.072969 dex_buy=0.0730456 | spread_a=-19.3bps spread_b=7.4bps | min=30.0bps
2026-05-08 20:42:25,041 | INFO | fetch_order_book: symbol=CHIP/USDC limit=20
2026-05-08 20:42:25,297 | INFO | fetch_order_book: mid=0.073115 spread=1.37bps bids=20 asks=20
2026-05-08 20:42:26,212 | INFO | SPREAD | pair=CHIP/USDC | cex=0.07311/0.07312 | dex_sell=0.0730794 dex_buy=0.0731055 | spread_a=-5.6bps spread_b=0.6bps | min=30.0bps
2026-05-08 20:42:27,214 | INFO | fetch_order_book: symbol=CHIP/USDC limit=20
2026-05-08 20:42:27,474 | INFO | fetch_order_book: mid=0.07312 spread=5.47bps bids=20 asks=20
2026-05-08 20:42:28,357 | INFO | SPREAD | pair=CHIP/USDC | cex=0.0731/0.07314 | dex_sell=0.0730794 dex_buy=0.0731055 | spread_a=-8.3bps spread_b=-0.7bps | min=30.0bps
2026-05-08 20:42:29,360 | INFO | fetch_order_book: symbol=CHIP/USDC limit=20
2026-05-08 20:42:29,715 | INFO | fetch_order_book: mid=0.07311 spread=5.47bps bids=20 asks=20
2026-05-08 20:42:30,613 | INFO | SPREAD | pair=CHIP/USDC | cex=0.07309/0.07313 | dex_sell=0.0730794 dex_buy=0.0731055 | spread_a=-6.9bps spread_b=-2.1bps | min=30.0bps
2026-05-08 20:42:31,615 | INFO | fetch_order_book: symbol=CHIP/USDC limit=20
2026-05-08 20:42:31,873 | INFO | fetch_order_book: mid=0.07311 spread=5.47bps bids=20 asks=20
2026-05-08 20:42:32,760 | INFO | SPREAD | pair=CHIP/USDC | cex=0.07309/0.07313 | dex_sell=0.0730794 dex_buy=0.0731055 | spread_a=-6.9bps spread_b=-2.1bps | min=30.0bps
2026-05-08 20:42:33,762 | INFO | fetch_order_book: symbol=CHIP/USDC limit=20
2026-05-08 20:42:34,013 | INFO | fetch_order_book: mid=0.073125 spread=4.10bps bids=20 asks=20
2026-05-08 20:42:34,942 | INFO | SPREAD | pair=CHIP/USDC | cex=0.07311/0.07314 | dex_sell=0.0730794 dex_buy=0.0731055 | spread_a=-8.3bps spread_b=0.6bps | min=30.0bps
2026-05-08 20:42:35,944 | INFO | fetch_order_book: symbol=CHIP/USDC limit=20
2026-05-08 20:42:36,193 | INFO | fetch_order_book: mid=0.07306 spread=5.47bps bids=20 asks=20
2026-05-08 20:42:37,154 | INFO | SPREAD | pair=CHIP/USDC | cex=0.07304/0.07308 | dex_sell=0.0730449 dex_buy=0.073071 | spread_a=-4.8bps spread_b=-4.2bps | min=30.0bps
2026-05-08 20:42:38,156 | INFO | fetch_order_book: symbol=CHIP/USDC limit=20
2026-05-08 20:42:38,412 | INFO | fetch_order_book: mid=0.07306 spread=5.47bps bids=20 asks=20
2026-05-08 20:42:39,329 | INFO | SPREAD | pair=CHIP/USDC | cex=0.07304/0.07308 | dex_sell=0.0730449 dex_buy=0.073071 | spread_a=-4.8bps spread_b=-4.2bps | min=30.0bps
2026-05-08 20:42:40,331 | INFO | fetch_order_book: symbol=CHIP/USDC limit=20
2026-05-08 20:42:40,671 | INFO | fetch_order_book: mid=0.07306 spread=5.47bps bids=20 asks=20
2026-05-08 20:42:41,596 | INFO | SPREAD | pair=CHIP/USDC | cex=0.07304/0.07308 | dex_sell=0.0730449 dex_buy=0.073071 | spread_a=-4.8bps spread_b=-4.2bps | min=30.0bps
2026-05-08 20:42:42,598 | INFO | fetch_order_book: symbol=CHIP/USDC limit=20
2026-05-08 20:42:42,852 | INFO | fetch_order_book: mid=0.07303 spread=2.74bps bids=20 asks=20
2026-05-08 20:42:43,789 | INFO | SPREAD | pair=CHIP/USDC | cex=0.07302/0.07304 | dex_sell=0.0730449 dex_buy=0.073071 | spread_a=0.7bps spread_b=-7.0bps | min=30.0bps
2026-05-08 20:42:44,792 | INFO | fetch_order_book: symbol=CHIP/USDC limit=20
2026-05-08 20:42:45,044 | INFO | fetch_order_book: mid=0.073025 spread=6.85bps bids=20 asks=20
2026-05-08 20:42:45,982 | INFO | SPREAD | pair=CHIP/USDC | cex=0.073/0.07305 | dex_sell=0.0730049 dex_buy=0.0730309 | spread_a=-6.2bps spread_b=-4.2bps | min=30.0bps
2026-05-08 20:42:46,985 | INFO | fetch_order_book: symbol=CHIP/USDC limit=20
2026-05-08 20:42:47,235 | INFO | fetch_order_book: mid=0.07305 spread=5.48bps bids=20 asks=20
2026-05-08 20:42:48,180 | INFO | SPREAD | pair=CHIP/USDC | cex=0.07303/0.07307 | dex_sell=0.0730049 dex_buy=0.073031 | spread_a=-8.9bps spread_b=-0.1bps | min=30.0bps
2026-05-08 20:42:49,182 | INFO | fetch_order_book: symbol=CHIP/USDC limit=20
2026-05-08 20:42:49,431 | INFO | fetch_order_book: mid=0.07307 spread=2.74bps bids=20 asks=20
2026-05-08 20:42:50,347 | INFO | SPREAD | pair=CHIP/USDC | cex=0.07306/0.07308 | dex_sell=0.0730395 dex_buy=0.0730656 | spread_a=-5.5bps spread_b=-0.8bps | min=30.0bps
2026-05-08 20:42:51,349 | INFO | fetch_order_book: symbol=CHIP/USDC limit=20
2026-05-08 20:42:51,605 | INFO | fetch_order_book: mid=0.07311 spread=5.47bps bids=20 asks=20
2026-05-08 20:42:52,512 | INFO | SPREAD | pair=CHIP/USDC | cex=0.07309/0.07313 | dex_sell=0.0730699 dex_buy=0.0730959 | spread_a=-8.2bps spread_b=-0.8bps | min=30.0bps
2026-05-08 20:42:53,515 | INFO | fetch_order_book: symbol=CHIP/USDC limit=20
2026-05-08 20:42:53,767 | INFO | fetch_order_book: mid=0.07309 spread=5.47bps bids=20 asks=20
2026-05-08 20:42:54,659 | INFO | SPREAD | pair=CHIP/USDC | cex=0.07307/0.07311 | dex_sell=0.0730699 dex_buy=0.0730959 | spread_a=-5.5bps spread_b=-3.5bps | min=30.0bps
2026-05-08 20:42:55,662 | INFO | fetch_order_book: symbol=CHIP/USDC limit=20
2026-05-08 20:42:55,909 | INFO | fetch_order_book: mid=0.073065 spread=6.84bps bids=20 asks=20
2026-05-08 20:42:56,826 | INFO | SPREAD | pair=CHIP/USDC | cex=0.07304/0.07309 | dex_sell=0.0730699 dex_buy=0.0730959 | spread_a=-2.8bps spread_b=-7.7bps | min=30.0bps
2026-05-08 20:42:57,828 | INFO | fetch_order_book: symbol=CHIP/USDC limit=20
2026-05-08 20:42:58,080 | INFO | fetch_order_book: mid=0.073065 spread=6.84bps bids=20 asks=20
2026-05-08 20:42:58,987 | INFO | SPREAD | pair=CHIP/USDC | cex=0.07304/0.07309 | dex_sell=0.0730699 dex_buy=0.0730959 | spread_a=-2.8bps spread_b=-7.7bps | min=30.0bps
2026-05-08 20:42:59,990 | INFO | fetch_order_book: symbol=CHIP/USDC limit=20
2026-05-08 20:43:00,239 | INFO | fetch_order_book: mid=0.073025 spread=6.85bps bids=20 asks=20
2026-05-08 20:43:01,161 | INFO | SPREAD | pair=CHIP/USDC | cex=0.073/0.07305 | dex_sell=0.0730351 dex_buy=0.0730211 | spread_a=-2.0bps spread_b=-2.9bps | min=30.0bps
2026-05-08 20:43:02,163 | INFO | fetch_order_book: symbol=CHIP/USDC limit=20
2026-05-08 20:43:02,415 | INFO | fetch_order_book: mid=0.07303 spread=5.48bps bids=20 asks=20
2026-05-08 20:43:03,332 | INFO | SPREAD | pair=CHIP/USDC | cex=0.07301/0.07305 | dex_sell=0.0729951 dex_buy=0.0730096 | spread_a=-7.5bps spread_b=0.1bps | min=30.0bps
2026-05-08 20:43:04,334 | INFO | fetch_order_book: symbol=CHIP/USDC limit=20
2026-05-08 20:43:04,591 | INFO | fetch_order_book: mid=0.073045 spread=6.85bps bids=20 asks=20
2026-05-08 20:43:05,511 | INFO | SPREAD | pair=CHIP/USDC | cex=0.07302/0.07307 | dex_sell=0.0729836 dex_buy=0.0730096 | spread_a=-11.8bps spread_b=1.4bps | min=30.0bps
2026-05-08 20:43:06,514 | INFO | fetch_order_book: symbol=CHIP/USDC limit=20
2026-05-08 20:43:06,764 | INFO | fetch_order_book: mid=0.073055 spread=6.84bps bids=20 asks=20
2026-05-08 20:43:07,678 | INFO | SPREAD | pair=CHIP/USDC | cex=0.07303/0.07308 | dex_sell=0.0729836 dex_buy=0.0730096 | spread_a=-13.2bps spread_b=2.8bps | min=30.0bps
2026-05-08 20:43:08,681 | INFO | fetch_order_book: symbol=CHIP/USDC limit=20
2026-05-08 20:43:08,931 | INFO | fetch_order_book: mid=0.073055 spread=6.84bps bids=20 asks=20
2026-05-08 20:43:09,843 | INFO | SPREAD | pair=CHIP/USDC | cex=0.07303/0.07308 | dex_sell=0.0729836 dex_buy=0.0730096 | spread_a=-13.2bps spread_b=2.8bps | min=30.0bps
2026-05-08 20:43:10,845 | INFO | fetch_order_book: symbol=CHIP/USDC limit=20
2026-05-08 20:43:11,096 | INFO | fetch_order_book: mid=0.07308 spread=5.47bps bids=20 asks=20
2026-05-08 20:43:11,990 | INFO | SPREAD | pair=CHIP/USDC | cex=0.07306/0.0731 | dex_sell=0.0730196 dex_buy=0.0730456 | spread_a=-11.0bps spread_b=2.0bps | min=30.0bps
2026-05-08 20:43:12,992 | INFO | fetch_order_book: symbol=CHIP/USDC limit=20
2026-05-08 20:43:13,248 | INFO | fetch_order_book: mid=0.07302 spread=5.48bps bids=20 asks=20
2026-05-08 20:43:14,140 | INFO | SPREAD | pair=CHIP/USDC | cex=0.073/0.07304 | dex_sell=0.0730196 dex_buy=0.0730456 | spread_a=-2.8bps spread_b=-6.2bps | min=30.0bps
2026-05-08 20:43:15,142 | INFO | fetch_order_book: symbol=CHIP/USDC limit=20
2026-05-08 20:43:15,394 | INFO | fetch_order_book: mid=0.072995 spread=4.11bps bids=20 asks=20
2026-05-08 20:43:16,317 | INFO | SPREAD | pair=CHIP/USDC | cex=0.07298/0.07301 | dex_sell=0.0729852 dex_buy=0.0730112 | spread_a=-3.4bps spread_b=-4.3bps | min=30.0bps
2026-05-08 20:43:17,320 | INFO | fetch_order_book: symbol=CHIP/USDC limit=20
2026-05-08 20:43:17,572 | INFO | fetch_order_book: mid=0.073005 spread=4.11bps bids=20 asks=20
2026-05-08 20:43:18,461 | INFO | SPREAD | pair=CHIP/USDC | cex=0.07299/0.07302 | dex_sell=0.0729852 dex_buy=0.0730112 | spread_a=-4.8bps spread_b=-2.9bps | min=30.0bps
2026-05-08 20:43:19,463 | INFO | fetch_order_book: symbol=CHIP/USDC limit=20
2026-05-08 20:43:19,711 | INFO | fetch_order_book: mid=0.07300 spread=5.48bps bids=20 asks=20
2026-05-08 20:43:20,633 | INFO | SPREAD | pair=CHIP/USDC | cex=0.07298/0.07302 | dex_sell=0.0729852 dex_buy=0.0730112 | spread_a=-4.8bps spread_b=-4.3bps | min=30.0bps
2026-05-08 20:43:21,636 | INFO | fetch_order_book: symbol=CHIP/USDC limit=20
2026-05-08 20:43:21,986 | INFO | fetch_order_book: mid=0.07298 spread=5.48bps bids=20 asks=20
2026-05-08 20:43:22,910 | INFO | SPREAD | pair=CHIP/USDC | cex=0.07296/0.073 | dex_sell=0.0729452 dex_buy=0.0729712 | spread_a=-7.5bps spread_b=-1.5bps | min=30.0bps
2026-05-08 20:43:23,913 | INFO | fetch_order_book: symbol=CHIP/USDC limit=20
2026-05-08 20:43:24,162 | INFO | fetch_order_book: mid=0.07296 spread=5.48bps bids=20 asks=20
2026-05-08 20:43:25,097 | INFO | SPREAD | pair=CHIP/USDC | cex=0.07294/0.07298 | dex_sell=0.0729452 dex_buy=0.0729712 | spread_a=-4.8bps spread_b=-4.3bps | min=30.0bps
2026-05-08 20:43:26,099 | INFO | fetch_order_book: symbol=CHIP/USDC limit=20
2026-05-08 20:43:26,447 | INFO | fetch_order_book: mid=0.07297 spread=8.22bps bids=20 asks=20
2026-05-08 20:43:27,336 | INFO | SPREAD | pair=CHIP/USDC | cex=0.07294/0.073 | dex_sell=0.0729452 dex_buy=0.0729712 | spread_a=-7.5bps spread_b=-4.3bps | min=30.0bps
2026-05-08 20:43:28,338 | INFO | fetch_order_book: symbol=CHIP/USDC limit=20
2026-05-08 20:43:28,598 | INFO | fetch_order_book: mid=0.07298 spread=5.48bps bids=20 asks=20
2026-05-08 20:43:29,500 | INFO | SPREAD | pair=CHIP/USDC | cex=0.07296/0.073 | dex_sell=0.0729452 dex_buy=0.0729712 | spread_a=-7.5bps spread_b=-1.5bps | min=30.0bps
2026-05-08 20:43:30,502 | INFO | fetch_order_book: symbol=CHIP/USDC limit=20
2026-05-08 20:43:30,755 | INFO | fetch_order_book: mid=0.073015 spread=6.85bps bids=20 asks=20
2026-05-08 20:43:31,672 | INFO | SPREAD | pair=CHIP/USDC | cex=0.07299/0.07304 | dex_sell=0.0729896 dex_buy=0.0730156 | spread_a=-6.9bps spread_b=-3.5bps | min=30.0bps
2026-05-08 20:43:32,675 | INFO | fetch_order_book: symbol=CHIP/USDC limit=20
2026-05-08 20:43:32,924 | INFO | fetch_order_book: mid=0.07301 spread=5.48bps bids=20 asks=20
2026-05-08 20:43:33,833 | INFO | SPREAD | pair=CHIP/USDC | cex=0.07299/0.07303 | dex_sell=0.0729896 dex_buy=0.0730156 | spread_a=-5.5bps spread_b=-3.5bps | min=30.0bps
2026-05-08 20:43:34,835 | INFO | fetch_order_book: symbol=CHIP/USDC limit=20
2026-05-08 20:43:35,083 | INFO | fetch_order_book: mid=0.072975 spread=6.85bps bids=20 asks=20
2026-05-08 20:43:35,979 | INFO | SPREAD | pair=CHIP/USDC | cex=0.07295/0.073 | dex_sell=0.0729896 dex_buy=0.0729802 | spread_a=-1.4bps spread_b=-4.1bps | min=30.0bps
2026-05-08 20:43:36,981 | INFO | fetch_order_book: symbol=CHIP/USDC limit=20
2026-05-08 20:43:37,236 | INFO | fetch_order_book: mid=0.072955 spread=4.11bps bids=20 asks=20
2026-05-08 20:43:38,130 | INFO | SPREAD | pair=CHIP/USDC | cex=0.07294/0.07297 | dex_sell=0.072915 dex_buy=0.072941 | spread_a=-7.5bps spread_b=-0.1bps | min=30.0bps
2026-05-08 20:43:39,132 | INFO | fetch_order_book: symbol=CHIP/USDC limit=20
2026-05-08 20:43:39,385 | INFO | fetch_order_book: mid=0.072955 spread=4.11bps bids=20 asks=20
2026-05-08 20:43:40,336 | INFO | SPREAD | pair=CHIP/USDC | cex=0.07294/0.07297 | dex_sell=0.072915 dex_buy=0.072941 | spread_a=-7.5bps spread_b=-0.1bps | min=30.0bps
2026-05-08 20:43:41,339 | INFO | fetch_order_book: symbol=CHIP/USDC limit=20
2026-05-08 20:43:41,588 | INFO | fetch_order_book: mid=0.07292 spread=5.49bps bids=20 asks=20
2026-05-08 20:43:42,595 | INFO | SPREAD | pair=CHIP/USDC | cex=0.0729/0.07294 | dex_sell=0.072915 dex_buy=0.072941 | spread_a=-3.4bps spread_b=-5.6bps | min=30.0bps
2026-05-08 20:43:43,597 | INFO | fetch_order_book: symbol=CHIP/USDC limit=20
2026-05-08 20:43:43,849 | INFO | fetch_order_book: mid=0.07291 spread=2.74bps bids=20 asks=20
2026-05-08 20:43:44,778 | INFO | SPREAD | pair=CHIP/USDC | cex=0.0729/0.07292 | dex_sell=0.072915 dex_buy=0.072941 | spread_a=-0.7bps spread_b=-5.6bps | min=30.0bps
2026-05-08 20:43:45,781 | INFO | fetch_order_book: symbol=CHIP/USDC limit=20
2026-05-08 20:43:46,031 | INFO | fetch_order_book: mid=0.072895 spread=4.12bps bids=20 asks=20
2026-05-08 20:43:46,959 | INFO | SPREAD | pair=CHIP/USDC | cex=0.07288/0.07291 | dex_sell=0.072915 dex_buy=0.0729011 | spread_a=0.7bps spread_b=-2.9bps | min=30.0bps
2026-05-08 20:43:47,961 | INFO | fetch_order_book: symbol=CHIP/USDC limit=20
2026-05-08 20:43:48,215 | INFO | fetch_order_book: mid=0.072895 spread=4.12bps bids=20 asks=20
2026-05-08 20:43:49,120 | INFO | SPREAD | pair=CHIP/USDC | cex=0.07288/0.07291 | dex_sell=0.0728751 dex_buy=0.0729011 | spread_a=-4.8bps spread_b=-2.9bps | min=30.0bps
2026-05-08 20:43:50,123 | INFO | fetch_order_book: symbol=CHIP/USDC limit=20
2026-05-08 20:43:50,374 | INFO | fetch_order_book: mid=0.072915 spread=6.86bps bids=20 asks=20
2026-05-08 20:43:51,282 | INFO | SPREAD | pair=CHIP/USDC | cex=0.07289/0.07294 | dex_sell=0.0728751 dex_buy=0.0729011 | spread_a=-8.9bps spread_b=-1.5bps | min=30.0bps
2026-05-08 20:43:52,285 | INFO | fetch_order_book: symbol=CHIP/USDC limit=20
2026-05-08 20:43:52,537 | INFO | fetch_order_book: mid=0.07287 spread=2.74bps bids=20 asks=20
2026-05-08 20:43:53,480 | INFO | SPREAD | pair=CHIP/USDC | cex=0.07286/0.07288 | dex_sell=0.0728751 dex_buy=0.0729011 | spread_a=-0.7bps spread_b=-5.6bps | min=30.0bps
2026-05-08 20:43:54,482 | INFO | fetch_order_book: symbol=CHIP/USDC limit=20
2026-05-08 20:43:54,736 | INFO | fetch_order_book: mid=0.07287 spread=2.74bps bids=20 asks=20
2026-05-08 20:43:55,663 | INFO | SPREAD | pair=CHIP/USDC | cex=0.07286/0.07288 | dex_sell=0.0728751 dex_buy=0.0729011 | spread_a=-0.7bps spread_b=-5.6bps | min=30.0bps
2026-05-08 20:43:56,665 | INFO | fetch_order_book: symbol=CHIP/USDC limit=20
2026-05-08 20:43:56,998 | INFO | fetch_order_book: mid=0.07288 spread=5.49bps bids=20 asks=20
2026-05-08 20:43:57,925 | INFO | SPREAD | pair=CHIP/USDC | cex=0.07286/0.0729 | dex_sell=0.0728349 dex_buy=0.0728608 | spread_a=-8.9bps spread_b=-0.1bps | min=30.0bps
2026-05-08 20:43:58,928 | INFO | fetch_order_book: symbol=CHIP/USDC limit=20
2026-05-08 20:43:59,178 | INFO | fetch_order_book: mid=0.072885 spread=6.86bps bids=20 asks=20
2026-05-08 20:44:00,071 | INFO | SPREAD | pair=CHIP/USDC | cex=0.07286/0.07291 | dex_sell=0.0728349 dex_buy=0.0728608 | spread_a=-10.3bps spread_b=-0.1bps | min=30.0bps
2026-05-08 20:44:01,073 | INFO | fetch_order_book: symbol=CHIP/USDC limit=20
2026-05-08 20:44:01,323 | INFO | fetch_order_book: mid=0.07288 spread=2.74bps bids=20 asks=20
2026-05-08 20:44:02,289 | INFO | SPREAD | pair=CHIP/USDC | cex=0.07287/0.07289 | dex_sell=0.0728698 dex_buy=0.0728958 | spread_a=-2.8bps spread_b=-3.5bps | min=30.0bps
2026-05-08 20:44:03,291 | INFO | fetch_order_book: symbol=CHIP/USDC limit=20
2026-05-08 20:44:03,542 | INFO | fetch_order_book: mid=0.072905 spread=4.11bps bids=20 asks=20
2026-05-08 20:44:04,493 | INFO | SPREAD | pair=CHIP/USDC | cex=0.07289/0.07292 | dex_sell=0.0728698 dex_buy=0.0728958 | spread_a=-6.9bps spread_b=-0.8bps | min=30.0bps
2026-05-08 20:44:05,495 | INFO | fetch_order_book: symbol=CHIP/USDC limit=20
2026-05-08 20:44:05,748 | INFO | fetch_order_book: mid=0.072925 spread=6.86bps bids=20 asks=20
2026-05-08 20:44:06,650 | INFO | SPREAD | pair=CHIP/USDC | cex=0.0729/0.07295 | dex_sell=0.0728698 dex_buy=0.0728958 | spread_a=-11.0bps spread_b=0.6bps | min=30.0bps
2026-05-08 20:44:07,652 | INFO | fetch_order_book: symbol=CHIP/USDC limit=20
2026-05-08 20:44:07,898 | INFO | fetch_order_book: mid=0.07293 spread=5.48bps bids=20 asks=20
2026-05-08 20:44:08,815 | INFO | SPREAD | pair=CHIP/USDC | cex=0.07291/0.07295 | dex_sell=0.0728698 dex_buy=0.0728958 | spread_a=-11.0bps spread_b=2.0bps | min=30.0bps
2026-05-08 20:44:09,817 | INFO | fetch_order_book: symbol=CHIP/USDC limit=20
2026-05-08 20:44:10,067 | INFO | fetch_order_book: mid=0.07294 spread=5.48bps bids=20 asks=20
2026-05-08 20:44:10,972 | INFO | SPREAD | pair=CHIP/USDC | cex=0.07292/0.07296 | dex_sell=0.0728698 dex_buy=0.0728958 | spread_a=-12.4bps spread_b=3.3bps | min=30.0bps
2026-05-08 20:44:11,974 | INFO | fetch_order_book: symbol=CHIP/USDC limit=20
2026-05-08 20:44:12,224 | INFO | fetch_order_book: mid=0.07294 spread=5.48bps bids=20 asks=20
2026-05-08 20:44:13,138 | INFO | SPREAD | pair=CHIP/USDC | cex=0.07292/0.07296 | dex_sell=0.0728698 dex_buy=0.0729355 | spread_a=-12.4bps spread_b=-2.1bps | min=30.0bps
2026-05-08 20:44:14,140 | INFO | fetch_order_book: symbol=CHIP/USDC limit=20
2026-05-08 20:44:14,389 | INFO | fetch_order_book: mid=0.07293 spread=5.48bps bids=20 asks=20
2026-05-08 20:44:15,288 | INFO | SPREAD | pair=CHIP/USDC | cex=0.07291/0.07295 | dex_sell=0.0729096 dex_buy=0.0729355 | spread_a=-5.5bps spread_b=-3.5bps | min=30.0bps
2026-05-08 20:44:16,290 | INFO | fetch_order_book: symbol=CHIP/USDC limit=20
2026-05-08 20:44:16,539 | INFO | fetch_order_book: mid=0.072915 spread=6.86bps bids=20 asks=20
2026-05-08 20:44:17,478 | INFO | SPREAD | pair=CHIP/USDC | cex=0.07289/0.07294 | dex_sell=0.0729096 dex_buy=0.0729355 | spread_a=-4.2bps spread_b=-6.2bps | min=30.0bps
2026-05-08 20:44:18,479 | INFO | fetch_order_book: symbol=CHIP/USDC limit=20
2026-05-08 20:44:18,733 | INFO | fetch_order_book: mid=0.072885 spread=6.86bps bids=20 asks=20
2026-05-08 20:44:19,657 | INFO | SPREAD | pair=CHIP/USDC | cex=0.07286/0.07291 | dex_sell=0.0729096 dex_buy=0.0729355 | spread_a=-0.1bps spread_b=-10.4bps | min=30.0bps
2026-05-08 20:44:20,659 | INFO | fetch_order_book: symbol=CHIP/USDC limit=20
2026-05-08 20:44:20,912 | INFO | fetch_order_book: mid=0.072895 spread=6.86bps bids=20 asks=20
2026-05-08 20:44:21,857 | INFO | SPREAD | pair=CHIP/USDC | cex=0.07287/0.07292 | dex_sell=0.0728752 dex_buy=0.0729012 | spread_a=-6.1bps spread_b=-4.3bps | min=30.0bps
2026-05-08 20:44:22,860 | INFO | fetch_order_book: symbol=CHIP/USDC limit=20
2026-05-08 20:44:23,109 | INFO | fetch_order_book: mid=0.072915 spread=6.86bps bids=20 asks=20
2026-05-08 20:44:24,123 | INFO | SPREAD | pair=CHIP/USDC | cex=0.07289/0.07294 | dex_sell=0.0728752 dex_buy=0.0729012 | spread_a=-8.9bps spread_b=-1.5bps | min=30.0bps
2026-05-08 20:44:25,126 | INFO | fetch_order_book: symbol=CHIP/USDC limit=20
2026-05-08 20:44:25,374 | INFO | fetch_order_book: mid=0.07293 spread=5.48bps bids=20 asks=20
2026-05-08 20:44:26,291 | INFO | SPREAD | pair=CHIP/USDC | cex=0.07291/0.07295 | dex_sell=0.0729098 dex_buy=0.0729358 | spread_a=-5.5bps spread_b=-3.5bps | min=30.0bps
2026-05-08 20:44:27,294 | INFO | fetch_order_book: symbol=CHIP/USDC limit=20
2026-05-08 20:44:27,544 | INFO | fetch_order_book: mid=0.07294 spread=5.48bps bids=20 asks=20
2026-05-08 20:44:28,440 | INFO | SPREAD | pair=CHIP/USDC | cex=0.07292/0.07296 | dex_sell=0.0729098 dex_buy=0.0729358 | spread_a=-6.9bps spread_b=-2.2bps | min=30.0bps
2026-05-08 20:44:28,449 | INFO | Update id=722885983 is handled. Duration 123 ms by bot id=8642945117
2026-05-08 20:44:29,442 | INFO | fetch_order_book: symbol=CHIP/USDC limit=20
2026-05-08 20:44:29,692 | INFO | fetch_order_book: mid=0.073065 spread=6.84bps bids=20 asks=20
2026-05-08 20:44:30,650 | INFO | SPREAD | pair=CHIP/USDC | cex=0.07304/0.07309 | dex_sell=0.0729098 dex_buy=0.0730066 | spread_a=-24.7bps spread_b=4.6bps | min=30.0bps
2026-05-08 20:44:31,652 | INFO | fetch_order_book: symbol=CHIP/USDC limit=20
2026-05-08 20:44:31,906 | INFO | fetch_order_book: mid=0.07309 spread=2.74bps bids=20 asks=20
2026-05-08 20:44:32,829 | INFO | SPREAD | pair=CHIP/USDC | cex=0.07308/0.0731 | dex_sell=0.0730704 dex_buy=0.0730965 | spread_a=-4.0bps spread_b=-2.3bps | min=30.0bps
2026-05-08 20:44:33,831 | INFO | fetch_order_book: symbol=CHIP/USDC limit=20
2026-05-08 20:44:34,079 | INFO | fetch_order_book: mid=0.07309 spread=5.47bps bids=20 asks=20
2026-05-08 20:44:34,949 | INFO | SPREAD | pair=CHIP/USDC | cex=0.07307/0.07311 | dex_sell=0.0730704 dex_buy=0.0730965 | spread_a=-5.4bps spread_b=-3.6bps | min=30.0bps
2026-05-08 20:44:35,951 | INFO | fetch_order_book: symbol=CHIP/USDC limit=20
2026-05-08 20:44:36,211 | INFO | fetch_order_book: mid=0.073085 spread=4.10bps bids=20 asks=20
2026-05-08 20:44:37,149 | INFO | SPREAD | pair=CHIP/USDC | cex=0.07307/0.0731 | dex_sell=0.0730704 dex_buy=0.0730965 | spread_a=-4.0bps spread_b=-3.6bps | min=30.0bps
2026-05-08 20:44:38,151 | INFO | fetch_order_book: symbol=CHIP/USDC limit=20
2026-05-08 20:44:38,405 | INFO | fetch_order_book: mid=0.07304 spread=8.21bps bids=20 asks=20
2026-05-08 20:44:39,346 | INFO | SPREAD | pair=CHIP/USDC | cex=0.07301/0.07307 | dex_sell=0.0730704 dex_buy=0.0730617 | spread_a=0.1bps spread_b=-7.1bps | min=30.0bps
2026-05-08 20:44:40,349 | INFO | fetch_order_book: symbol=CHIP/USDC limit=20
2026-05-08 20:44:40,686 | INFO | fetch_order_book: mid=0.073015 spread=4.11bps bids=20 asks=20
2026-05-08 20:44:41,617 | INFO | SPREAD | pair=CHIP/USDC | cex=0.073/0.07303 | dex_sell=0.0729858 dex_buy=0.0730119 | spread_a=-6.0bps spread_b=-1.6bps | min=30.0bps
2026-05-08 20:44:42,619 | INFO | fetch_order_book: symbol=CHIP/USDC limit=20
2026-05-08 20:44:42,872 | INFO | fetch_order_book: mid=0.073095 spread=1.37bps bids=20 asks=20
2026-05-08 20:44:43,943 | INFO | SPREAD | pair=CHIP/USDC | cex=0.07309/0.0731 | dex_sell=0.0730405 dex_buy=0.0730666 | spread_a=-8.1bps spread_b=3.2bps | min=30.0bps
2026-05-08 20:44:44,946 | INFO | fetch_order_book: symbol=CHIP/USDC limit=20
2026-05-08 20:44:45,198 | INFO | fetch_order_book: mid=0.073085 spread=4.10bps bids=20 asks=20
2026-05-08 20:44:46,140 | INFO | SPREAD | pair=CHIP/USDC | cex=0.07307/0.0731 | dex_sell=0.0730803 dex_buy=0.0731064 | spread_a=-2.7bps spread_b=-5.0bps | min=30.0bps
2026-05-08 20:44:47,142 | INFO | fetch_order_book: symbol=CHIP/USDC limit=20
2026-05-08 20:44:47,391 | INFO | fetch_order_book: mid=0.073085 spread=4.10bps bids=20 asks=20
2026-05-08 20:44:48,312 | INFO | SPREAD | pair=CHIP/USDC | cex=0.07307/0.0731 | dex_sell=0.0730803 dex_buy=0.0731064 | spread_a=-2.7bps spread_b=-5.0bps | min=30.0bps
2026-05-08 20:44:49,314 | INFO | fetch_order_book: symbol=CHIP/USDC limit=20
2026-05-08 20:44:49,561 | INFO | fetch_order_book: mid=0.072995 spread=6.85bps bids=20 asks=20
2026-05-08 20:44:50,529 | INFO | SPREAD | pair=CHIP/USDC | cex=0.07297/0.07302 | dex_sell=0.0731237 dex_buy=0.0730315 | spread_a=14.2bps spread_b=-8.4bps | min=30.0bps
2026-05-08 20:44:51,531 | INFO | fetch_order_book: symbol=CHIP/USDC limit=20
2026-05-08 20:44:51,779 | INFO | fetch_order_book: mid=0.072985 spread=4.11bps bids=20 asks=20
2026-05-08 20:44:52,733 | INFO | SPREAD | pair=CHIP/USDC | cex=0.07297/0.073 | dex_sell=0.0730054 dex_buy=0.0730315 | spread_a=0.7bps spread_b=-8.4bps | min=30.0bps
2026-05-08 20:44:53,735 | INFO | fetch_order_book: symbol=CHIP/USDC limit=20
2026-05-08 20:44:53,985 | INFO | fetch_order_book: mid=0.07300 spread=5.48bps bids=20 asks=20
2026-05-08 20:44:54,922 | INFO | SPREAD | pair=CHIP/USDC | cex=0.07298/0.07302 | dex_sell=0.0730054 dex_buy=0.0730315 | spread_a=-2.0bps spread_b=-7.0bps | min=30.0bps
2026-05-08 20:44:55,924 | INFO | fetch_order_book: symbol=CHIP/USDC limit=20
2026-05-08 20:44:56,176 | INFO | fetch_order_book: mid=0.072995 spread=4.11bps bids=20 asks=20
2026-05-08 20:44:57,041 | INFO | SPREAD | pair=CHIP/USDC | cex=0.07298/0.07301 | dex_sell=0.0730054 dex_buy=0.0730315 | spread_a=-0.6bps spread_b=-7.0bps | min=30.0bps
2026-05-08 20:44:58,044 | INFO | fetch_order_book: symbol=CHIP/USDC limit=20
2026-05-08 20:44:58,297 | INFO | fetch_order_book: mid=0.072995 spread=4.11bps bids=20 asks=20
2026-05-08 20:44:59,227 | INFO | SPREAD | pair=CHIP/USDC | cex=0.07298/0.07301 | dex_sell=0.0730054 dex_buy=0.0729919 | spread_a=-0.6bps spread_b=-1.6bps | min=30.0bps
2026-05-08 20:45:00,229 | INFO | fetch_order_book: symbol=CHIP/USDC limit=20
2026-05-08 20:45:00,476 | INFO | fetch_order_book: mid=0.072995 spread=4.11bps bids=20 asks=20
2026-05-08 20:45:01,374 | INFO | SPREAD | pair=CHIP/USDC | cex=0.07298/0.07301 | dex_sell=0.0729659 dex_buy=0.0729919 | spread_a=-6.0bps spread_b=-1.6bps | min=30.0bps
2026-05-08 20:45:02,376 | INFO | fetch_order_book: symbol=CHIP/USDC limit=20
2026-05-08 20:45:02,630 | INFO | fetch_order_book: mid=0.072995 spread=4.11bps bids=20 asks=20
2026-05-08 20:45:03,554 | INFO | SPREAD | pair=CHIP/USDC | cex=0.07298/0.07301 | dex_sell=0.0729659 dex_buy=0.0729919 | spread_a=-6.0bps spread_b=-1.6bps | min=30.0bps
2026-05-08 20:45:04,556 | INFO | fetch_order_book: symbol=CHIP/USDC limit=20
2026-05-08 20:45:04,810 | INFO | fetch_order_book: mid=0.07305 spread=2.74bps bids=20 asks=20
2026-05-08 20:45:05,897 | INFO | SPREAD | pair=CHIP/USDC | cex=0.07304/0.07306 | dex_sell=0.0730005 dex_buy=0.0730265 | spread_a=-8.1bps spread_b=1.8bps | min=30.0bps
2026-05-08 20:45:06,900 | INFO | fetch_order_book: symbol=CHIP/USDC limit=20
2026-05-08 20:45:07,149 | INFO | fetch_order_book: mid=0.073055 spread=1.37bps bids=20 asks=20
2026-05-08 20:45:08,048 | INFO | SPREAD | pair=CHIP/USDC | cex=0.07305/0.07306 | dex_sell=0.0730403 dex_buy=0.0730663 | spread_a=-2.7bps spread_b=-2.2bps | min=30.0bps
2026-05-08 20:45:09,050 | INFO | fetch_order_book: symbol=CHIP/USDC limit=20
2026-05-08 20:45:09,298 | INFO | fetch_order_book: mid=0.073075 spread=1.37bps bids=20 asks=20
2026-05-08 20:45:10,190 | INFO | SPREAD | pair=CHIP/USDC | cex=0.07307/0.07308 | dex_sell=0.0730403 dex_buy=0.0730663 | spread_a=-5.4bps spread_b=0.5bps | min=30.0bps
2026-05-08 20:45:11,193 | INFO | fetch_order_book: symbol=CHIP/USDC limit=20
2026-05-08 20:45:11,441 | INFO | fetch_order_book: mid=0.073075 spread=1.37bps bids=20 asks=20
2026-05-08 20:45:12,428 | INFO | SPREAD | pair=CHIP/USDC | cex=0.07307/0.07308 | dex_sell=0.0730403 dex_buy=0.0730663 | spread_a=-5.4bps spread_b=0.5bps | min=30.0bps
2026-05-08 20:45:13,431 | INFO | fetch_order_book: symbol=CHIP/USDC limit=20
2026-05-08 20:45:13,679 | INFO | fetch_order_book: mid=0.073075 spread=1.37bps bids=20 asks=20
2026-05-08 20:45:14,616 | INFO | SPREAD | pair=CHIP/USDC | cex=0.07307/0.07308 | dex_sell=0.0730403 dex_buy=0.0730663 | spread_a=-5.4bps spread_b=0.5bps | min=30.0bps
2026-05-08 20:45:15,618 | INFO | fetch_order_book: symbol=CHIP/USDC limit=20
2026-05-08 20:45:15,875 | INFO | fetch_order_book: mid=0.07311 spread=2.74bps bids=20 asks=20
2026-05-08 20:45:16,797 | INFO | SPREAD | pair=CHIP/USDC | cex=0.0731/0.07312 | dex_sell=0.0730403 dex_buy=0.0731065 | spread_a=-10.9bps spread_b=-0.9bps | min=30.0bps
2026-05-08 20:45:17,799 | INFO | fetch_order_book: symbol=CHIP/USDC limit=20
2026-05-08 20:45:18,052 | INFO | fetch_order_book: mid=0.07311 spread=2.74bps bids=20 asks=20
2026-05-08 20:45:18,985 | INFO | SPREAD | pair=CHIP/USDC | cex=0.0731/0.07312 | dex_sell=0.0730805 dex_buy=0.0731065 | spread_a=-5.4bps spread_b=-0.9bps | min=30.0bps
2026-05-08 20:45:19,987 | INFO | fetch_order_book: symbol=CHIP/USDC limit=20
2026-05-08 20:45:20,317 | INFO | fetch_order_book: mid=0.073155 spread=4.10bps bids=20 asks=20
2026-05-08 20:45:21,203 | INFO | SPREAD | pair=CHIP/USDC | cex=0.07314/0.07317 | dex_sell=0.0731237 dex_buy=0.0731432 | spread_a=-6.3bps spread_b=-0.4bps | min=30.0bps
2026-05-08 20:45:22,205 | INFO | fetch_order_book: symbol=CHIP/USDC limit=20
2026-05-08 20:45:22,454 | INFO | fetch_order_book: mid=0.07318 spread=2.73bps bids=20 asks=20
2026-05-08 20:45:23,384 | INFO | SPREAD | pair=CHIP/USDC | cex=0.07317/0.07319 | dex_sell=0.0731911 dex_buy=0.0732105 | spread_a=0.1bps spread_b=-5.5bps | min=30.0bps
2026-05-08 20:45:24,386 | INFO | fetch_order_book: symbol=CHIP/USDC limit=20
2026-05-08 20:45:24,650 | INFO | fetch_order_book: mid=0.07315 spread=8.20bps bids=20 asks=20
2026-05-08 20:45:25,635 | INFO | SPREAD | pair=CHIP/USDC | cex=0.07312/0.07318 | dex_sell=0.073139 dex_buy=0.0731584 | spread_a=-5.6bps spread_b=-5.3bps | min=30.0bps
2026-05-08 20:45:26,638 | INFO | fetch_order_book: symbol=CHIP/USDC limit=20
2026-05-08 20:45:26,888 | INFO | fetch_order_book: mid=0.07319 spread=5.47bps bids=20 asks=20
2026-05-08 20:45:27,848 | INFO | SPREAD | pair=CHIP/USDC | cex=0.07317/0.07321 | dex_sell=0.073139 dex_buy=0.0731584 | spread_a=-9.7bps spread_b=1.6bps | min=30.0bps
2026-05-08 20:45:28,851 | INFO | fetch_order_book: symbol=CHIP/USDC limit=20
2026-05-08 20:45:29,100 | INFO | fetch_order_book: mid=0.073265 spread=6.82bps bids=20 asks=20
2026-05-08 20:45:30,047 | INFO | SPREAD | pair=CHIP/USDC | cex=0.07324/0.07329 | dex_sell=0.0732038 dex_buy=0.0732832 | spread_a=-11.8bps spread_b=-5.9bps | min=30.0bps
2026-05-08 20:45:31,049 | INFO | fetch_order_book: symbol=CHIP/USDC limit=20
2026-05-08 20:45:31,299 | INFO | fetch_order_book: mid=0.07325 spread=5.46bps bids=20 asks=20
2026-05-08 20:45:32,278 | INFO | SPREAD | pair=CHIP/USDC | cex=0.07323/0.07327 | dex_sell=0.073239 dex_buy=0.0732585 | spread_a=-4.2bps spread_b=-3.9bps | min=30.0bps
2026-05-08 20:45:33,281 | INFO | fetch_order_book: symbol=CHIP/USDC limit=20
2026-05-08 20:45:33,528 | INFO | fetch_order_book: mid=0.07322 spread=8.19bps bids=20 asks=20
2026-05-08 20:45:34,478 | INFO | SPREAD | pair=CHIP/USDC | cex=0.07319/0.07325 | dex_sell=0.0732337 dex_buy=0.0732285 | spread_a=-2.2bps spread_b=-5.3bps | min=30.0bps
2026-05-08 20:45:35,480 | INFO | fetch_order_book: symbol=CHIP/USDC limit=20
2026-05-08 20:45:35,776 | INFO | fetch_order_book: mid=0.073215 spread=6.83bps bids=20 asks=20
2026-05-08 20:45:36,692 | INFO | SPREAD | pair=CHIP/USDC | cex=0.07319/0.07324 | dex_sell=0.073179 dex_buy=0.0731985 | spread_a=-8.3bps spread_b=-1.2bps | min=30.0bps
2026-05-08 20:45:37,695 | INFO | fetch_order_book: symbol=CHIP/USDC limit=20
2026-05-08 20:45:37,942 | INFO | fetch_order_book: mid=0.07328 spread=5.46bps bids=20 asks=20
2026-05-08 20:45:38,896 | INFO | SPREAD | pair=CHIP/USDC | cex=0.07326/0.0733 | dex_sell=0.0732435 dex_buy=0.073263 | spread_a=-7.7bps spread_b=-0.4bps | min=30.0bps
2026-05-08 20:45:39,898 | INFO | fetch_order_book: symbol=CHIP/USDC limit=20
2026-05-08 20:45:40,178 | INFO | fetch_order_book: mid=0.07323 spread=8.19bps bids=20 asks=20
2026-05-08 20:45:41,131 | INFO | SPREAD | pair=CHIP/USDC | cex=0.0732/0.07326 | dex_sell=0.0732435 dex_buy=0.073263 | spread_a=-2.3bps spread_b=-8.6bps | min=30.0bps
2026-05-08 20:45:42,133 | INFO | fetch_order_book: symbol=CHIP/USDC limit=20
2026-05-08 20:45:42,397 | INFO | fetch_order_book: mid=0.07325 spread=5.46bps bids=20 asks=20
2026-05-08 20:45:43,308 | INFO | SPREAD | pair=CHIP/USDC | cex=0.07323/0.07327 | dex_sell=0.0732089 dex_buy=0.0732284 | spread_a=-8.3bps spread_b=0.2bps | min=30.0bps
2026-05-08 20:45:44,311 | INFO | fetch_order_book: symbol=CHIP/USDC limit=20
2026-05-08 20:45:44,560 | INFO | fetch_order_book: mid=0.073245 spread=6.83bps bids=20 asks=20
2026-05-08 20:45:45,463 | INFO | SPREAD | pair=CHIP/USDC | cex=0.07322/0.07327 | dex_sell=0.0732089 dex_buy=0.0732284 | spread_a=-8.3bps spread_b=-1.1bps | min=30.0bps
2026-05-08 20:45:46,466 | INFO | fetch_order_book: symbol=CHIP/USDC limit=20
2026-05-08 20:45:46,713 | INFO | fetch_order_book: mid=0.07327 spread=5.46bps bids=20 asks=20
2026-05-08 20:45:47,636 | INFO | SPREAD | pair=CHIP/USDC | cex=0.07325/0.07329 | dex_sell=0.0732089 dex_buy=0.0732284 | spread_a=-11.1bps spread_b=2.9bps | min=30.0bps
2026-05-08 20:45:48,639 | INFO | fetch_order_book: symbol=CHIP/USDC limit=20
2026-05-08 20:45:48,891 | INFO | fetch_order_book: mid=0.07327 spread=5.46bps bids=20 asks=20
2026-05-08 20:45:49,829 | INFO | SPREAD | pair=CHIP/USDC | cex=0.07325/0.07329 | dex_sell=0.0732638 dex_buy=0.0732833 | spread_a=-3.6bps spread_b=-4.5bps | min=30.0bps
2026-05-08 20:45:50,832 | INFO | fetch_order_book: symbol=CHIP/USDC limit=20
2026-05-08 20:45:51,079 | INFO | fetch_order_book: mid=0.073385 spread=6.81bps bids=20 asks=20
2026-05-08 20:45:51,998 | INFO | SPREAD | pair=CHIP/USDC | cex=0.07336/0.07341 | dex_sell=0.0733936 dex_buy=0.0733686 | spread_a=-2.2bps spread_b=-1.2bps | min=30.0bps
2026-05-08 20:45:53,000 | INFO | fetch_order_book: symbol=CHIP/USDC limit=20
2026-05-08 20:45:53,247 | INFO | fetch_order_book: mid=0.07342 spread=5.45bps bids=20 asks=20
2026-05-08 20:45:54,154 | INFO | SPREAD | pair=CHIP/USDC | cex=0.0734/0.07344 | dex_sell=0.0733736 dex_buy=0.0734233 | spread_a=-9.0bps spread_b=-3.2bps | min=30.0bps
2026-05-08 20:45:55,156 | INFO | fetch_order_book: symbol=CHIP/USDC limit=20
2026-05-08 20:45:55,410 | INFO | fetch_order_book: mid=0.07343 spread=2.72bps bids=20 asks=20
2026-05-08 20:45:56,332 | INFO | SPREAD | pair=CHIP/USDC | cex=0.07342/0.07344 | dex_sell=0.0734336 dex_buy=0.0734531 | spread_a=-0.9bps spread_b=-4.5bps | min=30.0bps
2026-05-08 20:45:57,334 | INFO | fetch_order_book: symbol=CHIP/USDC limit=20
2026-05-08 20:45:57,585 | INFO | fetch_order_book: mid=0.07335 spread=8.18bps bids=20 asks=20
2026-05-08 20:45:58,518 | INFO | SPREAD | pair=CHIP/USDC | cex=0.07332/0.07338 | dex_sell=0.0733793 dex_buy=0.0733686 | spread_a=-0.1bps spread_b=-6.6bps | min=30.0bps
2026-05-08 20:45:59,521 | INFO | fetch_order_book: symbol=CHIP/USDC limit=20
2026-05-08 20:45:59,770 | INFO | fetch_order_book: mid=0.07335 spread=8.18bps bids=20 asks=20
2026-05-08 20:46:00,689 | INFO | SPREAD | pair=CHIP/USDC | cex=0.07332/0.07338 | dex_sell=0.0733491 dex_buy=0.0733686 | spread_a=-4.2bps spread_b=-6.6bps | min=30.0bps
2026-05-08 20:46:01,691 | INFO | fetch_order_book: symbol=CHIP/USDC limit=20
2026-05-08 20:46:01,939 | INFO | fetch_order_book: mid=0.07338 spread=5.45bps bids=20 asks=20
2026-05-08 20:46:02,907 | INFO | SPREAD | pair=CHIP/USDC | cex=0.07336/0.0734 | dex_sell=0.0733491 dex_buy=0.0733686 | spread_a=-6.9bps spread_b=-1.2bps | min=30.0bps
2026-05-08 20:46:03,909 | INFO | fetch_order_book: symbol=CHIP/USDC limit=20
2026-05-08 20:46:04,157 | INFO | fetch_order_book: mid=0.073375 spread=4.09bps bids=20 asks=20
2026-05-08 20:46:05,086 | INFO | SPREAD | pair=CHIP/USDC | cex=0.07336/0.07339 | dex_sell=0.0733736 dex_buy=0.0733931 | spread_a=-2.2bps spread_b=-4.5bps | min=30.0bps
2026-05-08 20:46:06,089 | INFO | fetch_order_book: symbol=CHIP/USDC limit=20
2026-05-08 20:46:06,340 | INFO | fetch_order_book: mid=0.073345 spread=1.36bps bids=20 asks=20
2026-05-08 20:46:07,271 | INFO | SPREAD | pair=CHIP/USDC | cex=0.07334/0.07335 | dex_sell=0.0733736 dex_buy=0.0733686 | spread_a=3.2bps spread_b=-3.9bps | min=30.0bps
2026-05-08 20:46:08,273 | INFO | fetch_order_book: symbol=CHIP/USDC limit=20
2026-05-08 20:46:08,526 | INFO | fetch_order_book: mid=0.07334 spread=5.45bps bids=20 asks=20
2026-05-08 20:46:09,447 | INFO | SPREAD | pair=CHIP/USDC | cex=0.07332/0.07336 | dex_sell=0.073319 dex_buy=0.0733385 | spread_a=-5.6bps spread_b=-2.5bps | min=30.0bps
2026-05-08 20:46:10,449 | INFO | fetch_order_book: symbol=CHIP/USDC limit=20
2026-05-08 20:46:10,696 | INFO | fetch_order_book: mid=0.07336 spread=5.45bps bids=20 asks=20
2026-05-08 20:46:11,593 | INFO | SPREAD | pair=CHIP/USDC | cex=0.07334/0.07338 | dex_sell=0.073319 dex_buy=0.0733385 | spread_a=-8.3bps spread_b=0.2bps | min=30.0bps
2026-05-08 20:46:12,595 | INFO | fetch_order_book: symbol=CHIP/USDC limit=20
2026-05-08 20:46:12,847 | INFO | fetch_order_book: mid=0.073355 spread=6.82bps bids=20 asks=20
2026-05-08 20:46:13,790 | INFO | SPREAD | pair=CHIP/USDC | cex=0.07333/0.07338 | dex_sell=0.073319 dex_buy=0.0733385 | spread_a=-8.3bps spread_b=-1.2bps | min=30.0bps
2026-05-08 20:46:14,793 | INFO | fetch_order_book: symbol=CHIP/USDC limit=20
2026-05-08 20:46:15,042 | INFO | fetch_order_book: mid=0.07336 spread=5.45bps bids=20 asks=20
2026-05-08 20:46:15,927 | INFO | SPREAD | pair=CHIP/USDC | cex=0.07334/0.07338 | dex_sell=0.073319 dex_buy=0.0733385 | spread_a=-8.3bps spread_b=0.2bps | min=30.0bps
2026-05-08 20:46:16,929 | INFO | fetch_order_book: symbol=CHIP/USDC limit=20
2026-05-08 20:46:17,178 | INFO | fetch_order_book: mid=0.07331 spread=8.18bps bids=20 asks=20
2026-05-08 20:46:18,077 | INFO | SPREAD | pair=CHIP/USDC | cex=0.07328/0.07334 | dex_sell=0.0733091 dex_buy=0.0733286 | spread_a=-4.2bps spread_b=-6.6bps | min=30.0bps
2026-05-08 20:46:19,079 | INFO | fetch_order_book: symbol=CHIP/USDC limit=20
2026-05-08 20:46:19,328 | INFO | fetch_order_book: mid=0.073275 spread=4.09bps bids=20 asks=20
2026-05-08 20:46:20,293 | INFO | SPREAD | pair=CHIP/USDC | cex=0.07326/0.07329 | dex_sell=0.073279 dex_buy=0.0732684 | spread_a=-1.5bps spread_b=-1.1bps | min=30.0bps
2026-05-08 20:46:21,296 | INFO | fetch_order_book: symbol=CHIP/USDC limit=20
2026-05-08 20:46:21,549 | INFO | fetch_order_book: mid=0.073285 spread=6.82bps bids=20 asks=20
2026-05-08 20:46:22,458 | INFO | SPREAD | pair=CHIP/USDC | cex=0.07326/0.07331 | dex_sell=0.0732489 dex_buy=0.0732684 | spread_a=-8.3bps spread_b=-1.1bps | min=30.0bps
2026-05-08 20:46:23,461 | INFO | fetch_order_book: symbol=CHIP/USDC limit=20
2026-05-08 20:46:23,715 | INFO | fetch_order_book: mid=0.073315 spread=6.82bps bids=20 asks=20
2026-05-08 20:46:24,637 | INFO | SPREAD | pair=CHIP/USDC | cex=0.07329/0.07334 | dex_sell=0.0732489 dex_buy=0.0732684 | spread_a=-12.4bps spread_b=2.9bps | min=30.0bps
2026-05-08 20:46:25,639 | INFO | fetch_order_book: symbol=CHIP/USDC limit=20
2026-05-08 20:46:25,888 | INFO | fetch_order_book: mid=0.073325 spread=6.82bps bids=20 asks=20
2026-05-08 20:46:26,817 | INFO | SPREAD | pair=CHIP/USDC | cex=0.0733/0.07335 | dex_sell=0.0732736 dex_buy=0.0732931 | spread_a=-10.4bps spread_b=0.9bps | min=30.0bps
2026-05-08 20:46:27,819 | INFO | fetch_order_book: symbol=CHIP/USDC limit=20
2026-05-08 20:46:28,120 | INFO | fetch_order_book: mid=0.07335 spread=2.73bps bids=20 asks=20
2026-05-08 20:46:29,024 | INFO | SPREAD | pair=CHIP/USDC | cex=0.07334/0.07336 | dex_sell=0.0733037 dex_buy=0.0733232 | spread_a=-7.7bps spread_b=2.3bps | min=30.0bps
2026-05-08 20:46:30,027 | INFO | fetch_order_book: symbol=CHIP/USDC limit=20
2026-05-08 20:46:30,365 | INFO | fetch_order_book: mid=0.073355 spread=1.36bps bids=20 asks=20
2026-05-08 20:46:31,294 | INFO | SPREAD | pair=CHIP/USDC | cex=0.07335/0.07336 | dex_sell=0.0733037 dex_buy=0.0733232 | spread_a=-7.7bps spread_b=3.7bps | min=30.0bps
2026-05-08 20:46:32,296 | INFO | fetch_order_book: symbol=CHIP/USDC limit=20
2026-05-08 20:46:32,545 | INFO | fetch_order_book: mid=0.07337 spread=2.73bps bids=20 asks=20
2026-05-08 20:46:33,517 | INFO | SPREAD | pair=CHIP/USDC | cex=0.07336/0.07338 | dex_sell=0.0733336 dex_buy=0.0733531 | spread_a=-6.3bps spread_b=0.9bps | min=30.0bps
2026-05-08 20:46:34,519 | INFO | fetch_order_book: symbol=CHIP/USDC limit=20
2026-05-08 20:46:34,784 | INFO | fetch_order_book: mid=0.073375 spread=1.36bps bids=20 asks=20
2026-05-08 20:46:35,701 | INFO | SPREAD | pair=CHIP/USDC | cex=0.07337/0.07338 | dex_sell=0.0733336 dex_buy=0.0733531 | spread_a=-6.3bps spread_b=2.3bps | min=30.0bps
2026-05-08 20:46:36,703 | INFO | fetch_order_book: symbol=CHIP/USDC limit=20
2026-05-08 20:46:37,011 | INFO | fetch_order_book: mid=0.07339 spread=2.73bps bids=20 asks=20
2026-05-08 20:46:37,920 | INFO | SPREAD | pair=CHIP/USDC | cex=0.07338/0.0734 | dex_sell=0.0733336 dex_buy=0.0733531 | spread_a=-9.1bps spread_b=3.7bps | min=30.0bps
2026-05-08 20:46:38,922 | INFO | fetch_order_book: symbol=CHIP/USDC limit=20
2026-05-08 20:46:39,176 | INFO | fetch_order_book: mid=0.07342 spread=5.45bps bids=20 asks=20
2026-05-08 20:46:40,114 | INFO | SPREAD | pair=CHIP/USDC | cex=0.0734/0.07344 | dex_sell=0.0733637 dex_buy=0.0733832 | spread_a=-10.4bps spread_b=2.3bps | min=30.0bps
2026-05-08 20:46:41,117 | INFO | fetch_order_book: symbol=CHIP/USDC limit=20
2026-05-08 20:46:41,367 | INFO | fetch_order_book: mid=0.073425 spread=4.09bps bids=20 asks=20
2026-05-08 20:46:42,304 | INFO | SPREAD | pair=CHIP/USDC | cex=0.07341/0.07344 | dex_sell=0.0733936 dex_buy=0.0734131 | spread_a=-6.3bps spread_b=-0.4bps | min=30.0bps
2026-05-08 20:46:43,306 | INFO | fetch_order_book: symbol=CHIP/USDC limit=20
2026-05-08 20:46:43,553 | INFO | fetch_order_book: mid=0.07339 spread=8.18bps bids=20 asks=20
2026-05-08 20:46:44,495 | INFO | SPREAD | pair=CHIP/USDC | cex=0.07336/0.07342 | dex_sell=0.0733936 dex_buy=0.0733886 | spread_a=-3.6bps spread_b=-3.9bps | min=30.0bps
2026-05-08 20:46:45,498 | INFO | fetch_order_book: symbol=CHIP/USDC limit=20
2026-05-08 20:46:45,748 | INFO | fetch_order_book: mid=0.07340 spread=5.45bps bids=20 asks=20
2026-05-08 20:46:46,738 | INFO | SPREAD | pair=CHIP/USDC | cex=0.07338/0.07342 | dex_sell=0.0733691 dex_buy=0.0733886 | spread_a=-6.9bps spread_b=-1.2bps | min=30.0bps
2026-05-08 20:46:47,740 | INFO | fetch_order_book: symbol=CHIP/USDC limit=20
2026-05-08 20:46:47,991 | INFO | fetch_order_book: mid=0.073395 spread=4.09bps bids=20 asks=20
2026-05-08 20:46:48,876 | INFO | SPREAD | pair=CHIP/USDC | cex=0.07338/0.07341 | dex_sell=0.0733691 dex_buy=0.0733886 | spread_a=-5.6bps spread_b=-1.2bps | min=30.0bps
2026-05-08 20:46:49,878 | INFO | fetch_order_book: symbol=CHIP/USDC limit=20
2026-05-08 20:46:50,132 | INFO | fetch_order_book: mid=0.07342 spread=2.72bps bids=20 asks=20
2026-05-08 20:46:51,078 | INFO | SPREAD | pair=CHIP/USDC | cex=0.07341/0.07343 | dex_sell=0.0733691 dex_buy=0.0733886 | spread_a=-8.3bps spread_b=2.9bps | min=30.0bps
2026-05-08 20:46:52,080 | INFO | fetch_order_book: symbol=CHIP/USDC limit=20
2026-05-08 20:46:52,333 | INFO | fetch_order_book: mid=0.07342 spread=2.72bps bids=20 asks=20
2026-05-08 20:46:53,227 | INFO | SPREAD | pair=CHIP/USDC | cex=0.07341/0.07343 | dex_sell=0.0733691 dex_buy=0.0733886 | spread_a=-8.3bps spread_b=2.9bps | min=30.0bps
2026-05-08 20:46:54,229 | INFO | fetch_order_book: symbol=CHIP/USDC limit=20
2026-05-08 20:46:54,478 | INFO | fetch_order_book: mid=0.073405 spread=4.09bps bids=20 asks=20
2026-05-08 20:46:55,375 | INFO | SPREAD | pair=CHIP/USDC | cex=0.07339/0.07342 | dex_sell=0.0733691 dex_buy=0.0733886 | spread_a=-6.9bps spread_b=0.2bps | min=30.0bps
2026-05-08 20:46:56,377 | INFO | fetch_order_book: symbol=CHIP/USDC limit=20
2026-05-08 20:46:56,636 | INFO | fetch_order_book: mid=0.07340 spread=5.45bps bids=20 asks=20
2026-05-08 20:46:57,577 | INFO | SPREAD | pair=CHIP/USDC | cex=0.07338/0.07342 | dex_sell=0.0733691 dex_buy=0.0733886 | spread_a=-6.9bps spread_b=-1.2bps | min=30.0bps
2026-05-08 20:46:58,579 | INFO | fetch_order_book: symbol=CHIP/USDC limit=20
2026-05-08 20:46:58,831 | INFO | fetch_order_book: mid=0.07335 spread=2.73bps bids=20 asks=20
2026-05-08 20:46:59,714 | INFO | SPREAD | pair=CHIP/USDC | cex=0.07334/0.07336 | dex_sell=0.073339 dex_buy=0.0733585 | spread_a=-2.9bps spread_b=-2.5bps | min=30.0bps
2026-05-08 20:47:00,717 | INFO | fetch_order_book: symbol=CHIP/USDC limit=20
2026-05-08 20:47:00,965 | INFO | fetch_order_book: mid=0.073295 spread=4.09bps bids=20 asks=20
2026-05-08 20:47:01,924 | INFO | SPREAD | pair=CHIP/USDC | cex=0.07328/0.07331 | dex_sell=0.0733092 dex_buy=0.0733287 | spread_a=-0.1bps spread_b=-6.6bps | min=30.0bps
2026-05-08 20:47:02,927 | INFO | fetch_order_book: symbol=CHIP/USDC limit=20
2026-05-08 20:47:03,178 | INFO | fetch_order_book: mid=0.073295 spread=6.82bps bids=20 asks=20
2026-05-08 20:47:04,105 | INFO | SPREAD | pair=CHIP/USDC | cex=0.07327/0.07332 | dex_sell=0.073249 dex_buy=0.0732685 | spread_a=-9.7bps spread_b=0.2bps | min=30.0bps
2026-05-08 20:47:05,107 | INFO | fetch_order_book: symbol=CHIP/USDC limit=20
2026-05-08 20:47:05,479 | INFO | fetch_order_book: mid=0.073305 spread=4.09bps bids=20 asks=20
2026-05-08 20:47:06,413 | INFO | SPREAD | pair=CHIP/USDC | cex=0.07329/0.07332 | dex_sell=0.0732635 dex_buy=0.073283 | spread_a=-7.7bps spread_b=1.0bps | min=30.0bps
2026-05-08 20:47:07,416 | INFO | fetch_order_book: symbol=CHIP/USDC limit=20
2026-05-08 20:47:07,670 | INFO | fetch_order_book: mid=0.073415 spread=4.09bps bids=20 asks=20
2026-05-08 20:47:08,614 | INFO | SPREAD | pair=CHIP/USDC | cex=0.0734/0.07343 | dex_sell=0.0733535 dex_buy=0.0734032 | spread_a=-10.4bps spread_b=-0.4bps | min=30.0bps
2026-05-08 20:47:09,616 | INFO | fetch_order_book: symbol=CHIP/USDC limit=20
2026-05-08 20:47:09,863 | INFO | fetch_order_book: mid=0.07341 spread=5.45bps bids=20 asks=20
2026-05-08 20:47:10,784 | INFO | SPREAD | pair=CHIP/USDC | cex=0.07339/0.07343 | dex_sell=0.0733837 dex_buy=0.0734032 | spread_a=-6.3bps spread_b=-1.8bps | min=30.0bps
2026-05-08 20:47:11,787 | INFO | fetch_order_book: symbol=CHIP/USDC limit=20
2026-05-08 20:47:12,037 | INFO | fetch_order_book: mid=0.07339 spread=5.45bps bids=20 asks=20
2026-05-08 20:47:12,991 | INFO | SPREAD | pair=CHIP/USDC | cex=0.07337/0.07341 | dex_sell=0.0733837 dex_buy=0.0733785 | spread_a=-3.6bps spread_b=-1.2bps | min=30.0bps
2026-05-08 20:47:13,993 | INFO | fetch_order_book: symbol=CHIP/USDC limit=20
2026-05-08 20:47:14,243 | INFO | fetch_order_book: mid=0.07341 spread=5.45bps bids=20 asks=20
2026-05-08 20:47:15,180 | INFO | SPREAD | pair=CHIP/USDC | cex=0.07339/0.07343 | dex_sell=0.073359 dex_buy=0.0733785 | spread_a=-9.7bps spread_b=1.6bps | min=30.0bps
2026-05-08 20:47:16,182 | INFO | fetch_order_book: symbol=CHIP/USDC limit=20
2026-05-08 20:47:16,433 | INFO | fetch_order_book: mid=0.073385 spread=9.54bps bids=20 asks=20
2026-05-08 20:47:17,375 | INFO | SPREAD | pair=CHIP/USDC | cex=0.07335/0.07342 | dex_sell=0.073359 dex_buy=0.0733785 | spread_a=-8.3bps spread_b=-3.9bps | min=30.0bps
2026-05-08 20:47:18,377 | INFO | fetch_order_book: symbol=CHIP/USDC limit=20
2026-05-08 20:47:18,626 | INFO | fetch_order_book: mid=0.07340 spread=5.45bps bids=20 asks=20
2026-05-08 20:47:19,510 | INFO | SPREAD | pair=CHIP/USDC | cex=0.07338/0.07342 | dex_sell=0.073359 dex_buy=0.0733785 | spread_a=-8.3bps spread_b=0.2bps | min=30.0bps
2026-05-08 20:47:20,513 | INFO | fetch_order_book: symbol=CHIP/USDC limit=20
2026-05-08 20:47:20,760 | INFO | fetch_order_book: mid=0.073395 spread=6.81bps bids=20 asks=20
2026-05-08 20:47:21,703 | INFO | SPREAD | pair=CHIP/USDC | cex=0.07337/0.07342 | dex_sell=0.073359 dex_buy=0.0733785 | spread_a=-8.3bps spread_b=-1.2bps | min=30.0bps
2026-05-08 20:47:22,705 | INFO | fetch_order_book: symbol=CHIP/USDC limit=20
2026-05-08 20:47:22,954 | INFO | fetch_order_book: mid=0.07338 spread=5.45bps bids=20 asks=20
2026-05-08 20:47:23,910 | INFO | SPREAD | pair=CHIP/USDC | cex=0.07336/0.0734 | dex_sell=0.073359 dex_buy=0.0733785 | spread_a=-5.6bps spread_b=-2.5bps | min=30.0bps
2026-05-08 20:47:24,914 | INFO | fetch_order_book: symbol=CHIP/USDC limit=20
2026-05-08 20:47:25,162 | INFO | fetch_order_book: mid=0.07338 spread=5.45bps bids=20 asks=20
2026-05-08 20:47:26,056 | INFO | SPREAD | pair=CHIP/USDC | cex=0.07336/0.0734 | dex_sell=0.073359 dex_buy=0.0733785 | spread_a=-5.6bps spread_b=-2.5bps | min=30.0bps
2026-05-08 20:47:27,058 | INFO | fetch_order_book: symbol=CHIP/USDC limit=20
2026-05-08 20:47:27,374 | INFO | fetch_order_book: mid=0.07336 spread=5.45bps bids=20 asks=20
2026-05-08 20:47:28,340 | INFO | SPREAD | pair=CHIP/USDC | cex=0.07334/0.07338 | dex_sell=0.073359 dex_buy=0.0733785 | spread_a=-2.9bps spread_b=-5.2bps | min=30.0bps
2026-05-08 20:47:29,342 | INFO | fetch_order_book: symbol=CHIP/USDC limit=20
2026-05-08 20:47:29,605 | INFO | fetch_order_book: mid=0.07336 spread=5.45bps bids=20 asks=20
2026-05-08 20:47:30,518 | INFO | SPREAD | pair=CHIP/USDC | cex=0.07334/0.07338 | dex_sell=0.0733292 dex_buy=0.0733487 | spread_a=-6.9bps spread_b=-1.2bps | min=30.0bps
2026-05-08 20:47:31,520 | INFO | fetch_order_book: symbol=CHIP/USDC limit=20
2026-05-08 20:47:31,804 | INFO | fetch_order_book: mid=0.07336 spread=5.45bps bids=20 asks=20
2026-05-08 20:47:32,712 | INFO | SPREAD | pair=CHIP/USDC | cex=0.07334/0.07338 | dex_sell=0.0733292 dex_buy=0.0733487 | spread_a=-6.9bps spread_b=-1.2bps | min=30.0bps
2026-05-08 20:47:33,715 | INFO | fetch_order_book: symbol=CHIP/USDC limit=20
2026-05-08 20:47:33,962 | INFO | fetch_order_book: mid=0.07341 spread=2.72bps bids=20 asks=20
2026-05-08 20:47:34,882 | INFO | SPREAD | pair=CHIP/USDC | cex=0.0734/0.07342 | dex_sell=0.0733736 dex_buy=0.0733931 | spread_a=-6.3bps spread_b=0.9bps | min=30.0bps
2026-05-08 20:47:35,885 | INFO | fetch_order_book: symbol=CHIP/USDC limit=20
2026-05-08 20:47:36,133 | INFO | fetch_order_book: mid=0.073395 spread=6.81bps bids=20 asks=20
2026-05-08 20:47:37,052 | INFO | SPREAD | pair=CHIP/USDC | cex=0.07337/0.07342 | dex_sell=0.0733736 dex_buy=0.0733931 | spread_a=-6.3bps spread_b=-3.2bps | min=30.0bps
2026-05-08 20:47:38,055 | INFO | fetch_order_book: symbol=CHIP/USDC limit=20
2026-05-08 20:47:38,304 | INFO | fetch_order_book: mid=0.073395 spread=6.81bps bids=20 asks=20
2026-05-08 20:47:39,202 | INFO | SPREAD | pair=CHIP/USDC | cex=0.07337/0.07342 | dex_sell=0.0733736 dex_buy=0.0733931 | spread_a=-6.3bps spread_b=-3.2bps | min=30.0bps
2026-05-08 20:47:40,205 | INFO | fetch_order_book: symbol=CHIP/USDC limit=20
2026-05-08 20:47:40,455 | INFO | fetch_order_book: mid=0.07338 spread=5.45bps bids=20 asks=20
2026-05-08 20:47:41,374 | INFO | SPREAD | pair=CHIP/USDC | cex=0.07336/0.0734 | dex_sell=0.0733736 dex_buy=0.0733931 | spread_a=-3.6bps spread_b=-4.5bps | min=30.0bps
2026-05-08 20:47:42,376 | INFO | fetch_order_book: symbol=CHIP/USDC limit=20
2026-05-08 20:47:42,626 | INFO | fetch_order_book: mid=0.073375 spread=6.81bps bids=20 asks=20
2026-05-08 20:47:43,531 | INFO | SPREAD | pair=CHIP/USDC | cex=0.07335/0.0734 | dex_sell=0.0733491 dex_buy=0.0733687 | spread_a=-6.9bps spread_b=-2.5bps | min=30.0bps
2026-05-08 20:47:44,533 | INFO | fetch_order_book: symbol=CHIP/USDC limit=20
2026-05-08 20:47:44,785 | INFO | fetch_order_book: mid=0.073235 spread=4.10bps bids=20 asks=20
2026-05-08 20:47:45,673 | INFO | SPREAD | pair=CHIP/USDC | cex=0.07322/0.07325 | dex_sell=0.0732092 dex_buy=0.0732287 | spread_a=-5.6bps spread_b=-1.2bps | min=30.0bps
2026-05-08 20:47:46,675 | INFO | fetch_order_book: symbol=CHIP/USDC limit=20
2026-05-08 20:47:46,923 | INFO | fetch_order_book: mid=0.07323 spread=2.73bps bids=20 asks=20
2026-05-08 20:47:47,872 | INFO | SPREAD | pair=CHIP/USDC | cex=0.07322/0.07324 | dex_sell=0.0732092 dex_buy=0.0732287 | spread_a=-4.2bps spread_b=-1.2bps | min=30.0bps
2026-05-08 20:47:48,875 | INFO | fetch_order_book: symbol=CHIP/USDC limit=20
2026-05-08 20:47:49,124 | INFO | fetch_order_book: mid=0.07316 spread=5.47bps bids=20 asks=20
2026-05-08 20:47:50,026 | INFO | SPREAD | pair=CHIP/USDC | cex=0.07314/0.07318 | dex_sell=0.0731588 dex_buy=0.0731486 | spread_a=-2.9bps spread_b=-1.2bps | min=30.0bps
2026-05-08 20:47:51,029 | INFO | fetch_order_book: symbol=CHIP/USDC limit=20
2026-05-08 20:47:51,278 | INFO | fetch_order_book: mid=0.07309 spread=2.74bps bids=20 asks=20
2026-05-08 20:47:52,164 | INFO | SPREAD | pair=CHIP/USDC | cex=0.07308/0.0731 | dex_sell=0.0731061 dex_buy=0.0731288 | spread_a=0.8bps spread_b=-6.7bps | min=30.0bps
2026-05-08 20:47:53,166 | INFO | fetch_order_book: symbol=CHIP/USDC limit=20
2026-05-08 20:47:53,414 | INFO | fetch_order_book: mid=0.073035 spread=6.85bps bids=20 asks=20
2026-05-08 20:47:54,330 | INFO | SPREAD | pair=CHIP/USDC | cex=0.07301/0.07306 | dex_sell=0.0730159 dex_buy=0.0730419 | spread_a=-6.0bps spread_b=-4.4bps | min=30.0bps
2026-05-08 20:47:55,333 | INFO | fetch_order_book: symbol=CHIP/USDC limit=20
2026-05-08 20:47:55,585 | INFO | fetch_order_book: mid=0.07301 spread=2.74bps bids=20 asks=20
2026-05-08 20:47:56,514 | INFO | SPREAD | pair=CHIP/USDC | cex=0.073/0.07302 | dex_sell=0.0730159 dex_buy=0.073002 | spread_a=-0.6bps spread_b=-0.3bps | min=30.0bps
2026-05-08 20:47:57,516 | INFO | fetch_order_book: symbol=CHIP/USDC limit=20
2026-05-08 20:47:57,794 | INFO | fetch_order_book: mid=0.07299 spread=8.22bps bids=20 asks=20
2026-05-08 20:47:58,695 | INFO | SPREAD | pair=CHIP/USDC | cex=0.07296/0.07302 | dex_sell=0.0729759 dex_buy=0.073002 | spread_a=-6.0bps spread_b=-5.7bps | min=30.0bps
2026-05-08 20:47:59,697 | INFO | fetch_order_book: symbol=CHIP/USDC limit=20
2026-05-08 20:47:59,949 | INFO | fetch_order_book: mid=0.073005 spread=4.11bps bids=20 asks=20
2026-05-08 20:48:00,863 | INFO | SPREAD | pair=CHIP/USDC | cex=0.07299/0.07302 | dex_sell=0.0729759 dex_buy=0.073002 | spread_a=-6.0bps spread_b=-1.6bps | min=30.0bps
2026-05-08 20:48:01,865 | INFO | fetch_order_book: symbol=CHIP/USDC limit=20
2026-05-08 20:48:02,116 | INFO | fetch_order_book: mid=0.073025 spread=6.85bps bids=20 asks=20
2026-05-08 20:48:03,040 | INFO | SPREAD | pair=CHIP/USDC | cex=0.073/0.07305 | dex_sell=0.0729759 dex_buy=0.073002 | spread_a=-10.1bps spread_b=-0.3bps | min=30.0bps
2026-05-08 20:48:04,042 | INFO | fetch_order_book: symbol=CHIP/USDC limit=20
2026-05-08 20:48:04,296 | INFO | fetch_order_book: mid=0.07308 spread=8.21bps bids=20 asks=20
2026-05-08 20:48:05,223 | INFO | SPREAD | pair=CHIP/USDC | cex=0.07305/0.07311 | dex_sell=0.0730503 dex_buy=0.0730764 | spread_a=-8.2bps spread_b=-3.6bps | min=30.0bps
2026-05-08 20:48:06,225 | INFO | fetch_order_book: symbol=CHIP/USDC limit=20
2026-05-08 20:48:06,473 | INFO | fetch_order_book: mid=0.073135 spread=6.84bps bids=20 asks=20
2026-05-08 20:48:07,443 | INFO | SPREAD | pair=CHIP/USDC | cex=0.07311/0.07316 | dex_sell=0.0730909 dex_buy=0.073117 | spread_a=-9.4bps spread_b=-1.0bps | min=30.0bps
2026-05-08 20:48:08,445 | INFO | fetch_order_book: symbol=CHIP/USDC limit=20
2026-05-08 20:48:08,697 | INFO | fetch_order_book: mid=0.073145 spread=4.10bps bids=20 asks=20
2026-05-08 20:48:09,642 | INFO | SPREAD | pair=CHIP/USDC | cex=0.07313/0.07316 | dex_sell=0.0730909 dex_buy=0.073117 | spread_a=-9.4bps spread_b=1.8bps | min=30.0bps
2026-05-08 20:48:10,645 | INFO | fetch_order_book: symbol=CHIP/USDC limit=20
2026-05-08 20:48:10,891 | INFO | fetch_order_book: mid=0.07321 spread=5.46bps bids=20 asks=20
2026-05-08 20:48:11,809 | INFO | SPREAD | pair=CHIP/USDC | cex=0.07319/0.07323 | dex_sell=0.0730909 dex_buy=0.0731538 | spread_a=-19.0bps spread_b=5.0bps | min=30.0bps
2026-05-08 20:48:12,811 | INFO | fetch_order_book: symbol=CHIP/USDC limit=20
2026-05-08 20:48:13,217 | INFO | fetch_order_book: mid=0.07326 spread=5.46bps bids=20 asks=20
2026-05-08 20:48:14,165 | INFO | SPREAD | pair=CHIP/USDC | cex=0.07324/0.07328 | dex_sell=0.0731745 dex_buy=0.073244 | spread_a=-14.4bps spread_b=-0.5bps | min=30.0bps
2026-05-08 20:48:15,167 | INFO | fetch_order_book: symbol=CHIP/USDC limit=20
2026-05-08 20:48:15,419 | INFO | fetch_order_book: mid=0.07324 spread=2.73bps bids=20 asks=20
2026-05-08 20:48:16,319 | INFO | SPREAD | pair=CHIP/USDC | cex=0.07323/0.07325 | dex_sell=0.0732245 dex_buy=0.073244 | spread_a=-3.5bps spread_b=-1.9bps | min=30.0bps
2026-05-08 20:48:17,321 | INFO | fetch_order_book: symbol=CHIP/USDC limit=20
2026-05-08 20:48:17,567 | INFO | fetch_order_book: mid=0.07324 spread=8.19bps bids=20 asks=20
2026-05-08 20:48:18,478 | INFO | SPREAD | pair=CHIP/USDC | cex=0.07321/0.07327 | dex_sell=0.0732245 dex_buy=0.073244 | spread_a=-6.2bps spread_b=-4.6bps | min=30.0bps
2026-05-08 20:48:19,480 | INFO | fetch_order_book: symbol=CHIP/USDC limit=20
2026-05-08 20:48:19,731 | INFO | fetch_order_book: mid=0.073285 spread=6.82bps bids=20 asks=20
2026-05-08 20:48:20,636 | INFO | SPREAD | pair=CHIP/USDC | cex=0.07326/0.07331 | dex_sell=0.0731698 dex_buy=0.0732337 | spread_a=-19.1bps spread_b=3.6bps | min=30.0bps
2026-05-08 20:48:21,638 | INFO | fetch_order_book: symbol=CHIP/USDC limit=20
2026-05-08 20:48:21,886 | INFO | fetch_order_book: mid=0.073275 spread=9.55bps bids=20 asks=20
2026-05-08 20:48:22,819 | INFO | SPREAD | pair=CHIP/USDC | cex=0.07324/0.07331 | dex_sell=0.0732544 dex_buy=0.0732739 | spread_a=-7.6bps spread_b=-4.6bps | min=30.0bps
2026-05-08 20:48:23,821 | INFO | fetch_order_book: symbol=CHIP/USDC limit=20
2026-05-08 20:48:24,073 | INFO | fetch_order_book: mid=0.073275 spread=6.82bps bids=20 asks=20
2026-05-08 20:48:24,961 | INFO | SPREAD | pair=CHIP/USDC | cex=0.07325/0.0733 | dex_sell=0.0732742 dex_buy=0.0732937 | spread_a=-3.5bps spread_b=-6.0bps | min=30.0bps
2026-05-08 20:48:25,963 | INFO | fetch_order_book: symbol=CHIP/USDC limit=20
2026-05-08 20:48:26,264 | INFO | fetch_order_book: mid=0.07330 spread=5.46bps bids=20 asks=20
2026-05-08 20:48:27,193 | INFO | SPREAD | pair=CHIP/USDC | cex=0.07328/0.07332 | dex_sell=0.0732745 dex_buy=0.073294 | spread_a=-6.2bps spread_b=-1.9bps | min=30.0bps
2026-05-08 20:48:28,195 | INFO | fetch_order_book: symbol=CHIP/USDC limit=20
2026-05-08 20:48:28,471 | INFO | fetch_order_book: mid=0.073285 spread=4.09bps bids=20 asks=20
2026-05-08 20:48:29,375 | INFO | SPREAD | pair=CHIP/USDC | cex=0.07327/0.0733 | dex_sell=0.0732498 dex_buy=0.0732693 | spread_a=-6.8bps spread_b=0.1bps | min=30.0bps
2026-05-08 20:48:30,378 | INFO | fetch_order_book: symbol=CHIP/USDC limit=20
2026-05-08 20:48:30,626 | INFO | fetch_order_book: mid=0.07327 spread=5.46bps bids=20 asks=20
2026-05-08 20:48:31,599 | INFO | SPREAD | pair=CHIP/USDC | cex=0.07325/0.07329 | dex_sell=0.0732498 dex_buy=0.0732693 | spread_a=-5.5bps spread_b=-2.6bps | min=30.0bps
2026-05-08 20:48:32,602 | INFO | fetch_order_book: symbol=CHIP/USDC limit=20
2026-05-08 20:48:32,850 | INFO | fetch_order_book: mid=0.073195 spread=6.83bps bids=20 asks=20
2026-05-08 20:48:33,778 | INFO | SPREAD | pair=CHIP/USDC | cex=0.07317/0.07322 | dex_sell=0.0731897 dex_buy=0.0731792 | spread_a=-4.1bps spread_b=-1.3bps | min=30.0bps
2026-05-08 20:48:34,781 | INFO | fetch_order_book: symbol=CHIP/USDC limit=20
2026-05-08 20:48:35,046 | INFO | fetch_order_book: mid=0.073195 spread=6.83bps bids=20 asks=20
2026-05-08 20:48:35,927 | INFO | SPREAD | pair=CHIP/USDC | cex=0.07317/0.07322 | dex_sell=0.0731597 dex_buy=0.0731792 | spread_a=-8.2bps spread_b=-1.3bps | min=30.0bps
2026-05-08 20:48:36,929 | INFO | fetch_order_book: symbol=CHIP/USDC limit=20
2026-05-08 20:48:37,177 | INFO | fetch_order_book: mid=0.073205 spread=6.83bps bids=20 asks=20
2026-05-08 20:48:38,103 | INFO | SPREAD | pair=CHIP/USDC | cex=0.07318/0.07323 | dex_sell=0.0731597 dex_buy=0.0731792 | spread_a=-9.6bps spread_b=0.1bps | min=30.0bps
2026-05-08 20:48:39,105 | INFO | fetch_order_book: symbol=CHIP/USDC limit=20
2026-05-08 20:48:39,355 | INFO | fetch_order_book: mid=0.07320 spread=5.46bps bids=20 asks=20
2026-05-08 20:48:40,285 | INFO | SPREAD | pair=CHIP/USDC | cex=0.07318/0.07322 | dex_sell=0.0731597 dex_buy=0.0731792 | spread_a=-8.2bps spread_b=0.1bps | min=30.0bps
2026-05-08 20:48:41,287 | INFO | fetch_order_book: symbol=CHIP/USDC limit=20
2026-05-08 20:48:41,542 | INFO | fetch_order_book: mid=0.07326 spread=8.19bps bids=20 asks=20
2026-05-08 20:48:42,474 | INFO | SPREAD | pair=CHIP/USDC | cex=0.07323/0.07329 | dex_sell=0.0732598 dex_buy=0.0732793 | spread_a=-4.1bps spread_b=-6.7bps | min=30.0bps
2026-05-08 20:48:43,477 | INFO | fetch_order_book: symbol=CHIP/USDC limit=20
2026-05-08 20:48:43,727 | INFO | fetch_order_book: mid=0.07325 spread=5.46bps bids=20 asks=20
2026-05-08 20:48:44,647 | INFO | SPREAD | pair=CHIP/USDC | cex=0.07323/0.07327 | dex_sell=0.0732297 dex_buy=0.0732492 | spread_a=-5.5bps spread_b=-2.6bps | min=30.0bps
2026-05-08 20:48:45,649 | INFO | fetch_order_book: symbol=CHIP/USDC limit=20
2026-05-08 20:48:45,898 | INFO | fetch_order_book: mid=0.07325 spread=5.46bps bids=20 asks=20
2026-05-08 20:48:46,830 | INFO | SPREAD | pair=CHIP/USDC | cex=0.07323/0.07327 | dex_sell=0.0732297 dex_buy=0.0732492 | spread_a=-5.5bps spread_b=-2.6bps | min=30.0bps
2026-05-08 20:48:47,833 | INFO | fetch_order_book: symbol=CHIP/USDC limit=20
2026-05-08 20:48:48,083 | INFO | fetch_order_book: mid=0.073245 spread=6.83bps bids=20 asks=20
2026-05-08 20:48:48,984 | INFO | SPREAD | pair=CHIP/USDC | cex=0.07322/0.07327 | dex_sell=0.0731896 dex_buy=0.0732091 | spread_a=-11.0bps spread_b=1.5bps | min=30.0bps
2026-05-08 20:48:49,986 | INFO | fetch_order_book: symbol=CHIP/USDC limit=20
2026-05-08 20:48:50,244 | INFO | fetch_order_book: mid=0.073245 spread=6.83bps bids=20 asks=20
2026-05-08 20:48:51,165 | INFO | SPREAD | pair=CHIP/USDC | cex=0.07322/0.07327 | dex_sell=0.0732143 dex_buy=0.0732338 | spread_a=-7.6bps spread_b=-1.9bps | min=30.0bps
2026-05-08 20:48:52,168 | INFO | fetch_order_book: symbol=CHIP/USDC limit=20
2026-05-08 20:48:52,423 | INFO | fetch_order_book: mid=0.073205 spread=6.83bps bids=20 asks=20
2026-05-08 20:48:53,342 | INFO | SPREAD | pair=CHIP/USDC | cex=0.07318/0.07323 | dex_sell=0.0731899 dex_buy=0.0732094 | spread_a=-5.5bps spread_b=-4.0bps | min=30.0bps
2026-05-08 20:48:54,344 | INFO | fetch_order_book: symbol=CHIP/USDC limit=20
2026-05-08 20:48:54,603 | INFO | fetch_order_book: mid=0.073195 spread=4.10bps bids=20 asks=20
2026-05-08 20:48:55,527 | INFO | SPREAD | pair=CHIP/USDC | cex=0.07318/0.07321 | dex_sell=0.0731899 dex_buy=0.0732094 | spread_a=-2.7bps spread_b=-4.0bps | min=30.0bps
2026-05-08 20:48:56,529 | INFO | fetch_order_book: symbol=CHIP/USDC limit=20
2026-05-08 20:48:56,777 | INFO | fetch_order_book: mid=0.073205 spread=6.83bps bids=20 asks=20
2026-05-08 20:48:57,689 | INFO | SPREAD | pair=CHIP/USDC | cex=0.07318/0.07323 | dex_sell=0.0731599 dex_buy=0.0732038 | spread_a=-9.6bps spread_b=-3.3bps | min=30.0bps
2026-05-08 20:48:58,692 | INFO | fetch_order_book: symbol=CHIP/USDC limit=20
2026-05-08 20:48:58,940 | INFO | fetch_order_book: mid=0.07332 spread=5.46bps bids=20 asks=20
2026-05-08 20:48:59,948 | INFO | SPREAD | pair=CHIP/USDC | cex=0.0733/0.07334 | dex_sell=0.0732543 dex_buy=0.0733039 | spread_a=-11.7bps spread_b=-0.5bps | min=30.0bps
2026-05-08 20:49:00,950 | INFO | fetch_order_book: symbol=CHIP/USDC limit=20
2026-05-08 20:49:01,200 | INFO | fetch_order_book: mid=0.073345 spread=4.09bps bids=20 asks=20
2026-05-08 20:49:02,151 | INFO | SPREAD | pair=CHIP/USDC | cex=0.07333/0.07336 | dex_sell=0.0733145 dex_buy=0.073334 | spread_a=-6.2bps spread_b=-0.5bps | min=30.0bps
2026-05-08 20:49:03,154 | INFO | fetch_order_book: symbol=CHIP/USDC limit=20
2026-05-08 20:49:03,404 | INFO | fetch_order_book: mid=0.07340 spread=5.45bps bids=20 asks=20
2026-05-08 20:49:04,301 | INFO | SPREAD | pair=CHIP/USDC | cex=0.07338/0.07342 | dex_sell=0.0733544 dex_buy=0.0733739 | spread_a=-8.9bps spread_b=0.8bps | min=30.0bps
2026-05-08 20:49:05,303 | INFO | fetch_order_book: symbol=CHIP/USDC limit=20
2026-05-08 20:49:05,550 | INFO | fetch_order_book: mid=0.073445 spread=6.81bps bids=20 asks=20
2026-05-08 20:49:06,507 | INFO | SPREAD | pair=CHIP/USDC | cex=0.07342/0.07347 | dex_sell=0.0734144 dex_buy=0.0734339 | spread_a=-7.6bps spread_b=-1.9bps | min=30.0bps
2026-05-08 20:49:07,509 | INFO | fetch_order_book: symbol=CHIP/USDC limit=20
2026-05-08 20:49:07,757 | INFO | fetch_order_book: mid=0.073355 spread=6.82bps bids=20 asks=20
2026-05-08 20:49:08,684 | INFO | SPREAD | pair=CHIP/USDC | cex=0.07333/0.07338 | dex_sell=0.0733197 dex_buy=0.0733094 | spread_a=-8.2bps spread_b=2.8bps | min=30.0bps
2026-05-08 20:49:09,687 | INFO | fetch_order_book: symbol=CHIP/USDC limit=20
2026-05-08 20:49:09,937 | INFO | fetch_order_book: mid=0.07335 spread=5.45bps bids=20 asks=20
2026-05-08 20:49:10,836 | INFO | SPREAD | pair=CHIP/USDC | cex=0.07333/0.07337 | dex_sell=0.0733143 dex_buy=0.0733338 | spread_a=-7.6bps spread_b=-0.5bps | min=30.0bps
2026-05-08 20:49:11,839 | INFO | fetch_order_book: symbol=CHIP/USDC limit=20
2026-05-08 20:49:12,094 | INFO | fetch_order_book: mid=0.07340 spread=10.90bps bids=20 asks=20
2026-05-08 20:49:13,049 | INFO | SPREAD | pair=CHIP/USDC | cex=0.07336/0.07344 | dex_sell=0.0733143 dex_buy=0.073364 | spread_a=-17.1bps spread_b=-0.5bps | min=30.0bps
2026-05-08 20:49:14,052 | INFO | fetch_order_book: symbol=CHIP/USDC limit=20
2026-05-08 20:49:14,310 | INFO | fetch_order_book: mid=0.07341 spread=5.45bps bids=20 asks=20
2026-05-08 20:49:15,229 | INFO | SPREAD | pair=CHIP/USDC | cex=0.07339/0.07343 | dex_sell=0.0733743 dex_buy=0.0733938 | spread_a=-7.6bps spread_b=-0.5bps | min=30.0bps
2026-05-08 20:49:16,232 | INFO | fetch_order_book: symbol=CHIP/USDC limit=20
2026-05-08 20:49:16,482 | INFO | fetch_order_book: mid=0.07340 spread=5.45bps bids=20 asks=20
2026-05-08 20:49:17,412 | INFO | SPREAD | pair=CHIP/USDC | cex=0.07338/0.07342 | dex_sell=0.0733743 dex_buy=0.0733938 | spread_a=-6.2bps spread_b=-1.9bps | min=30.0bps
2026-05-08 20:49:18,414 | INFO | fetch_order_book: symbol=CHIP/USDC limit=20
2026-05-08 20:49:18,662 | INFO | fetch_order_book: mid=0.07338 spread=5.45bps bids=20 asks=20
2026-05-08 20:49:19,602 | INFO | SPREAD | pair=CHIP/USDC | cex=0.07336/0.0734 | dex_sell=0.0733397 dex_buy=0.0733592 | spread_a=-8.2bps spread_b=0.1bps | min=30.0bps
2026-05-08 20:49:20,604 | INFO | fetch_order_book: symbol=CHIP/USDC limit=20
2026-05-08 20:49:20,852 | INFO | fetch_order_book: mid=0.073445 spread=6.81bps bids=20 asks=20
2026-05-08 20:49:21,826 | INFO | SPREAD | pair=CHIP/USDC | cex=0.07342/0.07347 | dex_sell=0.0733795 dex_buy=0.073399 | spread_a=-12.3bps spread_b=2.9bps | min=30.0bps
2026-05-08 20:49:22,828 | INFO | fetch_order_book: symbol=CHIP/USDC limit=20
2026-05-08 20:49:23,080 | INFO | fetch_order_book: mid=0.073435 spread=6.81bps bids=20 asks=20
2026-05-08 20:49:23,973 | INFO | SPREAD | pair=CHIP/USDC | cex=0.07341/0.07346 | dex_sell=0.0734045 dex_buy=0.073424 | spread_a=-7.6bps spread_b=-1.9bps | min=30.0bps
2026-05-08 20:49:24,975 | INFO | fetch_order_book: symbol=CHIP/USDC limit=20
2026-05-08 20:49:25,229 | INFO | fetch_order_book: mid=0.073425 spread=6.81bps bids=20 asks=20
2026-05-08 20:49:26,162 | INFO | SPREAD | pair=CHIP/USDC | cex=0.0734/0.07345 | dex_sell=0.0734045 dex_buy=0.073424 | spread_a=-6.2bps spread_b=-3.3bps | min=30.0bps
2026-05-08 20:49:27,164 | INFO | fetch_order_book: symbol=CHIP/USDC limit=20
2026-05-08 20:49:27,414 | INFO | fetch_order_book: mid=0.07343 spread=8.17bps bids=20 asks=20
2026-05-08 20:49:28,335 | INFO | SPREAD | pair=CHIP/USDC | cex=0.0734/0.07346 | dex_sell=0.0734045 dex_buy=0.073424 | spread_a=-7.6bps spread_b=-3.3bps | min=30.0bps
2026-05-08 20:49:29,337 | INFO | fetch_order_book: symbol=CHIP/USDC limit=20
2026-05-08 20:49:29,593 | INFO | fetch_order_book: mid=0.073445 spread=6.81bps bids=20 asks=20
2026-05-08 20:49:30,486 | INFO | SPREAD | pair=CHIP/USDC | cex=0.07342/0.07347 | dex_sell=0.0734045 dex_buy=0.073424 | spread_a=-8.9bps spread_b=-0.5bps | min=30.0bps
2026-05-08 20:49:31,488 | INFO | fetch_order_book: symbol=CHIP/USDC limit=20
2026-05-08 20:49:31,740 | INFO | fetch_order_book: mid=0.07346 spread=8.17bps bids=20 asks=20
2026-05-08 20:49:32,663 | INFO | SPREAD | pair=CHIP/USDC | cex=0.07343/0.07349 | dex_sell=0.0734045 dex_buy=0.073424 | spread_a=-11.6bps spread_b=0.8bps | min=30.0bps
2026-05-08 20:49:33,665 | INFO | fetch_order_book: symbol=CHIP/USDC limit=20
2026-05-08 20:49:33,913 | INFO | fetch_order_book: mid=0.073415 spread=9.53bps bids=20 asks=20
2026-05-08 20:49:34,818 | INFO | SPREAD | pair=CHIP/USDC | cex=0.07338/0.07345 | dex_sell=0.0734045 dex_buy=0.073424 | spread_a=-6.2bps spread_b=-6.0bps | min=30.0bps
2026-05-08 20:49:35,820 | INFO | fetch_order_book: symbol=CHIP/USDC limit=20
2026-05-08 20:49:36,076 | INFO | fetch_order_book: mid=0.073405 spread=6.81bps bids=20 asks=20
2026-05-08 20:49:36,995 | INFO | SPREAD | pair=CHIP/USDC | cex=0.07338/0.07343 | dex_sell=0.0733798 dex_buy=0.0733993 | spread_a=-6.8bps spread_b=-2.6bps | min=30.0bps
2026-05-08 20:49:37,997 | INFO | fetch_order_book: symbol=CHIP/USDC limit=20
2026-05-08 20:49:38,252 | INFO | fetch_order_book: mid=0.07343 spread=5.45bps bids=20 asks=20
2026-05-08 20:49:39,207 | INFO | SPREAD | pair=CHIP/USDC | cex=0.07341/0.07345 | dex_sell=0.0733798 dex_buy=0.0733993 | spread_a=-9.6bps spread_b=1.5bps | min=30.0bps
2026-05-08 20:49:40,209 | INFO | fetch_order_book: symbol=CHIP/USDC limit=20
2026-05-08 20:49:40,463 | INFO | fetch_order_book: mid=0.07332 spread=5.46bps bids=20 asks=20
2026-05-08 20:49:41,405 | INFO | SPREAD | pair=CHIP/USDC | cex=0.0733/0.07334 | dex_sell=0.0733499 dex_buy=0.0733096 | spread_a=1.4bps spread_b=-1.3bps | min=30.0bps
2026-05-08 20:49:42,407 | INFO | fetch_order_book: symbol=CHIP/USDC limit=20
2026-05-08 20:49:42,656 | INFO | fetch_order_book: mid=0.073285 spread=6.82bps bids=20 asks=20
2026-05-08 20:49:43,544 | INFO | SPREAD | pair=CHIP/USDC | cex=0.07326/0.07331 | dex_sell=0.0732901 dex_buy=0.0733096 | spread_a=-2.7bps spread_b=-6.8bps | min=30.0bps
2026-05-08 20:49:44,547 | INFO | fetch_order_book: symbol=CHIP/USDC limit=20
2026-05-08 20:49:44,795 | INFO | fetch_order_book: mid=0.073275 spread=4.09bps bids=20 asks=20
2026-05-08 20:49:45,697 | INFO | SPREAD | pair=CHIP/USDC | cex=0.07326/0.07329 | dex_sell=0.0732345 dex_buy=0.073254 | spread_a=-7.6bps spread_b=0.8bps | min=30.0bps
2026-05-08 20:49:46,699 | INFO | fetch_order_book: symbol=CHIP/USDC limit=20
2026-05-08 20:49:46,948 | INFO | fetch_order_book: mid=0.07326 spread=5.46bps bids=20 asks=20
2026-05-08 20:49:47,855 | INFO | SPREAD | pair=CHIP/USDC | cex=0.07324/0.07328 | dex_sell=0.0732345 dex_buy=0.073254 | spread_a=-6.2bps spread_b=-1.9bps | min=30.0bps
2026-05-08 20:49:48,857 | INFO | fetch_order_book: symbol=CHIP/USDC limit=20
2026-05-08 20:49:49,116 | INFO | fetch_order_book: mid=0.07328 spread=8.19bps bids=20 asks=20
2026-05-08 20:49:50,042 | INFO | SPREAD | pair=CHIP/USDC | cex=0.07325/0.07331 | dex_sell=0.0732345 dex_buy=0.073254 | spread_a=-10.3bps spread_b=-0.5bps | min=30.0bps
2026-05-08 20:49:51,044 | INFO | fetch_order_book: symbol=CHIP/USDC limit=20
2026-05-08 20:49:51,369 | INFO | fetch_order_book: mid=0.07325 spread=2.73bps bids=20 asks=20
2026-05-08 20:49:52,281 | INFO | SPREAD | pair=CHIP/USDC | cex=0.07324/0.07326 | dex_sell=0.0732099 dex_buy=0.0732293 | spread_a=-6.8bps spread_b=1.5bps | min=30.0bps
2026-05-08 20:49:53,284 | INFO | fetch_order_book: symbol=CHIP/USDC limit=20
2026-05-08 20:49:53,532 | INFO | fetch_order_book: mid=0.07325 spread=2.73bps bids=20 asks=20
2026-05-08 20:49:54,491 | INFO | SPREAD | pair=CHIP/USDC | cex=0.07324/0.07326 | dex_sell=0.0732099 dex_buy=0.0732293 | spread_a=-6.8bps spread_b=1.5bps | min=30.0bps
2026-05-08 20:49:55,494 | INFO | fetch_order_book: symbol=CHIP/USDC limit=20
2026-05-08 20:49:55,742 | INFO | fetch_order_book: mid=0.073245 spread=4.10bps bids=20 asks=20
2026-05-08 20:49:56,655 | INFO | SPREAD | pair=CHIP/USDC | cex=0.07323/0.07326 | dex_sell=0.0732099 dex_buy=0.0732293 | spread_a=-6.8bps spread_b=0.1bps | min=30.0bps
2026-05-08 20:49:57,657 | INFO | fetch_order_book: symbol=CHIP/USDC limit=20
2026-05-08 20:49:57,905 | INFO | fetch_order_book: mid=0.073225 spread=6.83bps bids=20 asks=20
2026-05-08 20:49:58,795 | INFO | SPREAD | pair=CHIP/USDC | cex=0.0732/0.07325 | dex_sell=0.0732099 dex_buy=0.0732293 | spread_a=-5.5bps spread_b=-4.0bps | min=30.0bps
2026-05-08 20:49:59,796 | INFO | fetch_order_book: symbol=CHIP/USDC limit=20
2026-05-08 20:50:00,046 | INFO | fetch_order_book: mid=0.073225 spread=4.10bps bids=20 asks=20
2026-05-08 20:50:00,992 | INFO | SPREAD | pair=CHIP/USDC | cex=0.07321/0.07324 | dex_sell=0.0732099 dex_buy=0.0732293 | spread_a=-4.1bps spread_b=-2.6bps | min=30.0bps
2026-05-08 20:50:01,995 | INFO | fetch_order_book: symbol=CHIP/USDC limit=20
2026-05-08 20:50:02,243 | INFO | fetch_order_book: mid=0.073235 spread=4.10bps bids=20 asks=20
2026-05-08 20:50:03,172 | INFO | SPREAD | pair=CHIP/USDC | cex=0.07322/0.07325 | dex_sell=0.0732099 dex_buy=0.0732293 | spread_a=-5.5bps spread_b=-1.3bps | min=30.0bps
2026-05-08 20:50:04,174 | INFO | fetch_order_book: symbol=CHIP/USDC limit=20
2026-05-08 20:50:04,424 | INFO | fetch_order_book: mid=0.07318 spread=5.47bps bids=20 asks=20
2026-05-08 20:50:05,338 | INFO | SPREAD | pair=CHIP/USDC | cex=0.07316/0.0732 | dex_sell=0.0731798 dex_buy=0.0731993 | spread_a=-2.8bps spread_b=-5.4bps | min=30.0bps
2026-05-08 20:50:06,340 | INFO | fetch_order_book: symbol=CHIP/USDC limit=20
2026-05-08 20:50:06,592 | INFO | fetch_order_book: mid=0.07314 spread=5.47bps bids=20 asks=20
2026-05-08 20:50:07,528 | INFO | SPREAD | pair=CHIP/USDC | cex=0.07312/0.07316 | dex_sell=0.0731498 dex_buy=0.0731693 | spread_a=-1.4bps spread_b=-6.7bps | min=30.0bps
2026-05-08 20:50:08,531 | INFO | fetch_order_book: symbol=CHIP/USDC limit=20
2026-05-08 20:50:08,784 | INFO | fetch_order_book: mid=0.07311 spread=8.21bps bids=20 asks=20
2026-05-08 20:50:09,707 | INFO | SPREAD | pair=CHIP/USDC | cex=0.07308/0.07314 | dex_sell=0.0730466 dex_buy=0.0730727 | spread_a=-12.8bps spread_b=1.0bps | min=30.0bps
2026-05-08 20:50:10,708 | INFO | fetch_order_book: symbol=CHIP/USDC limit=20
2026-05-08 20:50:10,959 | INFO | fetch_order_book: mid=0.07302 spread=5.48bps bids=20 asks=20
2026-05-08 20:50:11,861 | INFO | SPREAD | pair=CHIP/USDC | cex=0.073/0.07304 | dex_sell=0.0730813 dex_buy=0.0730725 | spread_a=5.6bps spread_b=-9.9bps | min=30.0bps
2026-05-08 20:50:12,863 | INFO | fetch_order_book: symbol=CHIP/USDC limit=20
2026-05-08 20:50:13,113 | INFO | fetch_order_book: mid=0.072955 spread=6.85bps bids=20 asks=20
2026-05-08 20:50:14,026 | INFO | SPREAD | pair=CHIP/USDC | cex=0.07293/0.07298 | dex_sell=0.0729863 dex_buy=0.0730039 | spread_a=0.9bps spread_b=-10.1bps | min=30.0bps
2026-05-08 20:50:15,028 | INFO | fetch_order_book: symbol=CHIP/USDC limit=20
2026-05-08 20:50:15,282 | INFO | fetch_order_book: mid=0.07297 spread=5.48bps bids=20 asks=20
2026-05-08 20:50:16,196 | INFO | SPREAD | pair=CHIP/USDC | cex=0.07295/0.07299 | dex_sell=0.0729779 dex_buy=0.0730039 | spread_a=-1.7bps spread_b=-7.4bps | min=30.0bps
2026-05-08 20:50:17,199 | INFO | fetch_order_book: symbol=CHIP/USDC limit=20
2026-05-08 20:50:17,453 | INFO | fetch_order_book: mid=0.072975 spread=6.85bps bids=20 asks=20
2026-05-08 20:50:18,377 | INFO | SPREAD | pair=CHIP/USDC | cex=0.07295/0.073 | dex_sell=0.0729779 dex_buy=0.0730039 | spread_a=-3.0bps spread_b=-7.4bps | min=30.0bps
2026-05-08 20:50:19,379 | INFO | fetch_order_book: symbol=CHIP/USDC limit=20
2026-05-08 20:50:19,734 | INFO | fetch_order_book: mid=0.072955 spread=6.85bps bids=20 asks=20
2026-05-08 20:50:20,674 | INFO | SPREAD | pair=CHIP/USDC | cex=0.07293/0.07298 | dex_sell=0.0729779 dex_buy=0.0730039 | spread_a=-0.3bps spread_b=-10.1bps | min=30.0bps
2026-05-08 20:50:21,677 | INFO | fetch_order_book: symbol=CHIP/USDC limit=20
2026-05-08 20:50:21,925 | INFO | fetch_order_book: mid=0.072955 spread=6.85bps bids=20 asks=20
2026-05-08 20:50:22,813 | INFO | SPREAD | pair=CHIP/USDC | cex=0.07293/0.07298 | dex_sell=0.0729779 dex_buy=0.0730039 | spread_a=-0.3bps spread_b=-10.1bps | min=30.0bps
2026-05-08 20:50:23,816 | INFO | fetch_order_book: symbol=CHIP/USDC limit=20
2026-05-08 20:50:24,063 | INFO | fetch_order_book: mid=0.07297 spread=5.48bps bids=20 asks=20
2026-05-08 20:50:24,990 | INFO | SPREAD | pair=CHIP/USDC | cex=0.07295/0.07299 | dex_sell=0.0729779 dex_buy=0.0730039 | spread_a=-1.7bps spread_b=-7.4bps | min=30.0bps
2026-05-08 20:50:25,992 | INFO | fetch_order_book: symbol=CHIP/USDC limit=20
2026-05-08 20:50:26,247 | INFO | fetch_order_book: mid=0.072985 spread=6.85bps bids=20 asks=20
2026-05-08 20:50:27,142 | INFO | SPREAD | pair=CHIP/USDC | cex=0.07296/0.07301 | dex_sell=0.0729779 dex_buy=0.0730039 | spread_a=-4.4bps spread_b=-6.0bps | min=30.0bps
2026-05-08 20:50:28,145 | INFO | fetch_order_book: symbol=CHIP/USDC limit=20
2026-05-08 20:50:28,394 | INFO | fetch_order_book: mid=0.07316 spread=5.47bps bids=20 asks=20
2026-05-08 20:50:29,303 | INFO | SPREAD | pair=CHIP/USDC | cex=0.07314/0.07318 | dex_sell=0.0729779 dex_buy=0.073112 | spread_a=-27.6bps spread_b=3.8bps | min=30.0bps
2026-05-08 20:50:30,306 | INFO | fetch_order_book: symbol=CHIP/USDC limit=20
2026-05-08 20:50:30,564 | INFO | fetch_order_book: mid=0.073165 spread=4.10bps bids=20 asks=20
2026-05-08 20:50:31,502 | INFO | SPREAD | pair=CHIP/USDC | cex=0.07315/0.07318 | dex_sell=0.0731345 dex_buy=0.0731539 | spread_a=-6.2bps spread_b=-0.5bps | min=30.0bps
2026-05-08 20:50:32,504 | INFO | fetch_order_book: symbol=CHIP/USDC limit=20
2026-05-08 20:50:32,773 | INFO | fetch_order_book: mid=0.07318 spread=8.20bps bids=20 asks=20
2026-05-08 20:50:33,675 | INFO | SPREAD | pair=CHIP/USDC | cex=0.07315/0.07321 | dex_sell=0.0731345 dex_buy=0.0731539 | spread_a=-10.3bps spread_b=-0.5bps | min=30.0bps
2026-05-08 20:50:34,677 | INFO | fetch_order_book: symbol=CHIP/USDC limit=20
2026-05-08 20:50:34,927 | INFO | fetch_order_book: mid=0.07319 spread=5.47bps bids=20 asks=20
2026-05-08 20:50:35,814 | INFO | SPREAD | pair=CHIP/USDC | cex=0.07317/0.07321 | dex_sell=0.0731345 dex_buy=0.0731539 | spread_a=-10.3bps spread_b=2.2bps | min=30.0bps
2026-05-08 20:50:36,817 | INFO | fetch_order_book: symbol=CHIP/USDC limit=20
2026-05-08 20:50:37,065 | INFO | fetch_order_book: mid=0.07321 spread=2.73bps bids=20 asks=20
2026-05-08 20:50:38,002 | INFO | SPREAD | pair=CHIP/USDC | cex=0.0732/0.07322 | dex_sell=0.0731345 dex_buy=0.0731539 | spread_a=-11.7bps spread_b=6.3bps | min=30.0bps
2026-05-08 20:50:39,004 | INFO | fetch_order_book: symbol=CHIP/USDC limit=20
2026-05-08 20:50:39,252 | INFO | fetch_order_book: mid=0.07319 spread=5.47bps bids=20 asks=20
2026-05-08 20:50:40,140 | INFO | SPREAD | pair=CHIP/USDC | cex=0.07317/0.07321 | dex_sell=0.0731643 dex_buy=0.0731837 | spread_a=-6.2bps spread_b=-1.9bps | min=30.0bps
2026-05-08 20:50:41,143 | INFO | fetch_order_book: symbol=CHIP/USDC limit=20
2026-05-08 20:50:41,395 | INFO | fetch_order_book: mid=0.073185 spread=6.83bps bids=20 asks=20
2026-05-08 20:50:42,299 | INFO | SPREAD | pair=CHIP/USDC | cex=0.07316/0.07321 | dex_sell=0.0731643 dex_buy=0.0731837 | spread_a=-6.2bps spread_b=-3.2bps | min=30.0bps
2026-05-08 20:50:43,302 | INFO | fetch_order_book: symbol=CHIP/USDC limit=20
2026-05-08 20:50:43,557 | INFO | fetch_order_book: mid=0.07311 spread=2.74bps bids=20 asks=20
2026-05-08 20:50:44,459 | INFO | SPREAD | pair=CHIP/USDC | cex=0.0731/0.07312 | dex_sell=0.0731069 dex_buy=0.0731291 | spread_a=-1.8bps spread_b=-4.0bps | min=30.0bps
2026-05-08 20:50:45,462 | INFO | fetch_order_book: symbol=CHIP/USDC limit=20
2026-05-08 20:50:45,714 | INFO | fetch_order_book: mid=0.073135 spread=6.84bps bids=20 asks=20
2026-05-08 20:50:46,632 | INFO | SPREAD | pair=CHIP/USDC | cex=0.07311/0.07316 | dex_sell=0.0731069 dex_buy=0.0731291 | spread_a=-7.3bps spread_b=-2.6bps | min=30.0bps
2026-05-08 20:50:47,634 | INFO | fetch_order_book: symbol=CHIP/USDC limit=20
2026-05-08 20:50:47,884 | INFO | fetch_order_book: mid=0.07314 spread=5.47bps bids=20 asks=20
2026-05-08 20:50:48,803 | INFO | SPREAD | pair=CHIP/USDC | cex=0.07312/0.07316 | dex_sell=0.0731069 dex_buy=0.0731291 | spread_a=-7.3bps spread_b=-1.2bps | min=30.0bps
2026-05-08 20:50:49,805 | INFO | fetch_order_book: symbol=CHIP/USDC limit=20
2026-05-08 20:50:50,053 | INFO | fetch_order_book: mid=0.073105 spread=6.84bps bids=20 asks=20
2026-05-08 20:50:50,961 | INFO | SPREAD | pair=CHIP/USDC | cex=0.07308/0.07313 | dex_sell=0.0730665 dex_buy=0.0730925 | spread_a=-8.7bps spread_b=-1.7bps | min=30.0bps
2026-05-08 20:50:51,963 | INFO | fetch_order_book: symbol=CHIP/USDC limit=20
2026-05-08 20:50:52,213 | INFO | fetch_order_book: mid=0.07310 spread=5.47bps bids=20 asks=20
2026-05-08 20:50:53,130 | INFO | SPREAD | pair=CHIP/USDC | cex=0.07308/0.07312 | dex_sell=0.0730665 dex_buy=0.0730925 | spread_a=-7.3bps spread_b=-1.7bps | min=30.0bps
2026-05-08 20:50:54,132 | INFO | fetch_order_book: symbol=CHIP/USDC limit=20
2026-05-08 20:50:54,386 | INFO | fetch_order_book: mid=0.07306 spread=5.47bps bids=20 asks=20
2026-05-08 20:50:55,325 | INFO | SPREAD | pair=CHIP/USDC | cex=0.07304/0.07308 | dex_sell=0.0730264 dex_buy=0.0730525 | spread_a=-7.3bps spread_b=-1.7bps | min=30.0bps
2026-05-08 20:50:56,327 | INFO | fetch_order_book: symbol=CHIP/USDC limit=20
2026-05-08 20:50:56,577 | INFO | fetch_order_book: mid=0.073015 spread=4.11bps bids=20 asks=20
2026-05-08 20:50:57,489 | INFO | SPREAD | pair=CHIP/USDC | cex=0.073/0.07303 | dex_sell=0.0730264 dex_buy=0.0730525 | spread_a=-0.5bps spread_b=-7.2bps | min=30.0bps
2026-05-08 20:50:58,491 | INFO | fetch_order_book: symbol=CHIP/USDC limit=20
2026-05-08 20:50:58,740 | INFO | fetch_order_book: mid=0.07303 spread=2.74bps bids=20 asks=20
2026-05-08 20:50:59,674 | INFO | SPREAD | pair=CHIP/USDC | cex=0.07302/0.07304 | dex_sell=0.0730129 dex_buy=0.073039 | spread_a=-3.7bps spread_b=-2.6bps | min=30.0bps
2026-05-08 20:51:00,675 | INFO | fetch_order_book: symbol=CHIP/USDC limit=20
2026-05-08 20:51:01,002 | INFO | fetch_order_book: mid=0.073015 spread=4.11bps bids=20 asks=20
2026-05-08 20:51:01,875 | INFO | SPREAD | pair=CHIP/USDC | cex=0.073/0.07303 | dex_sell=0.0730129 dex_buy=0.073039 | spread_a=-2.3bps spread_b=-5.3bps | min=30.0bps
2026-05-08 20:51:02,877 | INFO | fetch_order_book: symbol=CHIP/USDC limit=20
2026-05-08 20:51:03,127 | INFO | fetch_order_book: mid=0.07305 spread=5.48bps bids=20 asks=20
2026-05-08 20:51:04,014 | INFO | SPREAD | pair=CHIP/USDC | cex=0.07303/0.07307 | dex_sell=0.0730129 dex_buy=0.073039 | spread_a=-7.8bps spread_b=-1.2bps | min=30.0bps
2026-05-08 20:51:05,016 | INFO | fetch_order_book: symbol=CHIP/USDC limit=20
2026-05-08 20:51:05,262 | INFO | fetch_order_book: mid=0.073085 spread=6.84bps bids=20 asks=20
2026-05-08 20:51:06,176 | INFO | SPREAD | pair=CHIP/USDC | cex=0.07306/0.07311 | dex_sell=0.0730129 dex_buy=0.0730772 | spread_a=-13.3bps spread_b=-2.4bps | min=30.0bps
2026-05-08 20:51:07,178 | INFO | fetch_order_book: symbol=CHIP/USDC limit=20
2026-05-08 20:51:07,430 | INFO | fetch_order_book: mid=0.07304 spread=5.48bps bids=20 asks=20
2026-05-08 20:51:08,283 | INFO | SPREAD | pair=CHIP/USDC | cex=0.07302/0.07306 | dex_sell=0.0730164 dex_buy=0.0730424 | spread_a=-6.0bps spread_b=-3.1bps | min=30.0bps
2026-05-08 20:51:09,286 | INFO | fetch_order_book: symbol=CHIP/USDC limit=20
2026-05-08 20:51:09,536 | INFO | fetch_order_book: mid=0.07301 spread=5.48bps bids=20 asks=20
2026-05-08 20:51:10,444 | INFO | SPREAD | pair=CHIP/USDC | cex=0.07299/0.07303 | dex_sell=0.0730164 dex_buy=0.0730424 | spread_a=-1.9bps spread_b=-7.2bps | min=30.0bps
2026-05-08 20:51:11,446 | INFO | fetch_order_book: symbol=CHIP/USDC limit=20
2026-05-08 20:51:11,698 | INFO | fetch_order_book: mid=0.073025 spread=6.85bps bids=20 asks=20
2026-05-08 20:51:12,586 | INFO | SPREAD | pair=CHIP/USDC | cex=0.073/0.07305 | dex_sell=0.0730164 dex_buy=0.0730424 | spread_a=-4.6bps spread_b=-5.8bps | min=30.0bps
2026-05-08 20:51:13,589 | INFO | fetch_order_book: symbol=CHIP/USDC limit=20
2026-05-08 20:51:13,838 | INFO | fetch_order_book: mid=0.073015 spread=6.85bps bids=20 asks=20
2026-05-08 20:51:14,729 | INFO | SPREAD | pair=CHIP/USDC | cex=0.07299/0.07304 | dex_sell=0.0730164 dex_buy=0.0730424 | spread_a=-3.2bps spread_b=-7.2bps | min=30.0bps
2026-05-08 20:51:15,731 | INFO | fetch_order_book: symbol=CHIP/USDC limit=20
2026-05-08 20:51:15,978 | INFO | fetch_order_book: mid=0.07305 spread=5.48bps bids=20 asks=20
2026-05-08 20:51:16,931 | INFO | SPREAD | pair=CHIP/USDC | cex=0.07303/0.07307 | dex_sell=0.0730164 dex_buy=0.0730424 | spread_a=-7.3bps spread_b=-1.7bps | min=30.0bps
2026-05-08 20:51:17,933 | INFO | fetch_order_book: symbol=CHIP/USDC limit=20
2026-05-08 20:51:18,179 | INFO | fetch_order_book: mid=0.07305 spread=5.48bps bids=20 asks=20
2026-05-08 20:51:19,100 | INFO | SPREAD | pair=CHIP/USDC | cex=0.07303/0.07307 | dex_sell=0.0730164 dex_buy=0.0730424 | spread_a=-7.3bps spread_b=-1.7bps | min=30.0bps
2026-05-08 20:51:20,103 | INFO | fetch_order_book: symbol=CHIP/USDC limit=20
2026-05-08 20:51:20,352 | INFO | fetch_order_book: mid=0.072985 spread=1.37bps bids=20 asks=20
2026-05-08 20:51:21,201 | INFO | SPREAD | pair=CHIP/USDC | cex=0.07298/0.07299 | dex_sell=0.0730164 dex_buy=0.0730424 | spread_a=3.6bps spread_b=-8.5bps | min=30.0bps
2026-05-08 20:51:22,203 | INFO | fetch_order_book: symbol=CHIP/USDC limit=20
2026-05-08 20:51:22,450 | INFO | fetch_order_book: mid=0.07295 spread=2.74bps bids=20 asks=20
2026-05-08 20:51:23,396 | INFO | SPREAD | pair=CHIP/USDC | cex=0.07294/0.07296 | dex_sell=0.0729771 dex_buy=0.0730031 | spread_a=2.3bps spread_b=-8.6bps | min=30.0bps
2026-05-08 20:51:24,398 | INFO | fetch_order_book: symbol=CHIP/USDC limit=20
2026-05-08 20:51:24,646 | INFO | fetch_order_book: mid=0.07295 spread=8.22bps bids=20 asks=20
2026-05-08 20:51:25,546 | INFO | SPREAD | pair=CHIP/USDC | cex=0.07292/0.07298 | dex_sell=0.0729074 dex_buy=0.0729334 | spread_a=-9.9bps spread_b=-1.8bps | min=30.0bps
2026-05-08 20:51:26,548 | INFO | fetch_order_book: symbol=CHIP/USDC limit=20
2026-05-08 20:51:26,797 | INFO | fetch_order_book: mid=0.07294 spread=5.48bps bids=20 asks=20
2026-05-08 20:51:27,702 | INFO | SPREAD | pair=CHIP/USDC | cex=0.07292/0.07296 | dex_sell=0.0729074 dex_buy=0.0729334 | spread_a=-7.2bps spread_b=-1.8bps | min=30.0bps
2026-05-08 20:51:28,705 | INFO | fetch_order_book: symbol=CHIP/USDC limit=20
2026-05-08 20:51:28,961 | INFO | fetch_order_book: mid=0.07295 spread=8.22bps bids=20 asks=20
2026-05-08 20:51:29,924 | INFO | SPREAD | pair=CHIP/USDC | cex=0.07292/0.07298 | dex_sell=0.0729074 dex_buy=0.0729334 | spread_a=-9.9bps spread_b=-1.8bps | min=30.0bps
2026-05-08 20:51:30,927 | INFO | fetch_order_book: symbol=CHIP/USDC limit=20
2026-05-08 20:51:31,210 | INFO | fetch_order_book: mid=0.07284 spread=5.49bps bids=20 asks=20
2026-05-08 20:51:32,106 | INFO | SPREAD | pair=CHIP/USDC | cex=0.07282/0.07286 | dex_sell=0.0729074 dex_buy=0.0728247 | spread_a=6.5bps spread_b=-0.6bps | min=30.0bps
2026-05-08 20:51:33,108 | INFO | fetch_order_book: symbol=CHIP/USDC limit=20
2026-05-08 20:51:33,358 | INFO | fetch_order_book: mid=0.072715 spread=6.88bps bids=20 asks=20
2026-05-08 20:51:34,266 | INFO | SPREAD | pair=CHIP/USDC | cex=0.07269/0.07274 | dex_sell=0.0727987 dex_buy=0.0726899 | spread_a=8.1bps spread_b=0.0bps | min=30.0bps
2026-05-08 20:51:35,269 | INFO | fetch_order_book: symbol=CHIP/USDC limit=20
2026-05-08 20:51:35,515 | INFO | fetch_order_book: mid=0.072695 spread=4.13bps bids=20 asks=20
2026-05-08 20:51:36,441 | INFO | SPREAD | pair=CHIP/USDC | cex=0.07268/0.07271 | dex_sell=0.072664 dex_buy=0.0726899 | spread_a=-6.3bps spread_b=-1.4bps | min=30.0bps
2026-05-08 20:51:37,443 | INFO | fetch_order_book: symbol=CHIP/USDC limit=20
2026-05-08 20:51:37,692 | INFO | fetch_order_book: mid=0.07263 spread=5.51bps bids=20 asks=20
2026-05-08 20:51:38,570 | INFO | SPREAD | pair=CHIP/USDC | cex=0.07261/0.07265 | dex_sell=0.0725833 dex_buy=0.0726092 | spread_a=-9.2bps spread_b=0.1bps | min=30.0bps
2026-05-08 20:51:39,572 | INFO | fetch_order_book: symbol=CHIP/USDC limit=20
2026-05-08 20:51:39,829 | INFO | fetch_order_book: mid=0.072665 spread=6.88bps bids=20 asks=20
2026-05-08 20:51:40,708 | INFO | SPREAD | pair=CHIP/USDC | cex=0.07264/0.07269 | dex_sell=0.0725833 dex_buy=0.0726092 | spread_a=-14.7bps spread_b=4.2bps | min=30.0bps
2026-05-08 20:51:41,710 | INFO | fetch_order_book: symbol=CHIP/USDC limit=20
2026-05-08 20:51:41,959 | INFO | fetch_order_book: mid=0.072775 spread=6.87bps bids=20 asks=20
2026-05-08 20:51:42,881 | INFO | SPREAD | pair=CHIP/USDC | cex=0.07275/0.0728 | dex_sell=0.0726914 dex_buy=0.0727173 | spread_a=-14.9bps spread_b=4.5bps | min=30.0bps
2026-05-08 20:51:43,884 | INFO | fetch_order_book: symbol=CHIP/USDC limit=20
2026-05-08 20:51:44,133 | INFO | fetch_order_book: mid=0.072885 spread=6.86bps bids=20 asks=20
2026-05-08 20:51:45,068 | INFO | SPREAD | pair=CHIP/USDC | cex=0.07286/0.07291 | dex_sell=0.0726914 dex_buy=0.0728414 | spread_a=-30.0bps spread_b=2.5bps | min=30.0bps
2026-05-08 20:51:46,070 | INFO | fetch_order_book: symbol=CHIP/USDC limit=20
2026-05-08 20:51:46,393 | INFO | fetch_order_book: mid=0.07277 spread=5.50bps bids=20 asks=20
2026-05-08 20:51:47,288 | INFO | SPREAD | pair=CHIP/USDC | cex=0.07275/0.07279 | dex_sell=0.0728155 dex_buy=0.0727924 | spread_a=3.5bps spread_b=-5.8bps | min=30.0bps
2026-05-08 20:51:48,291 | INFO | fetch_order_book: symbol=CHIP/USDC limit=20
2026-05-08 20:51:48,543 | INFO | fetch_order_book: mid=0.072735 spread=6.87bps bids=20 asks=20
2026-05-08 20:51:49,428 | INFO | SPREAD | pair=CHIP/USDC | cex=0.07271/0.07276 | dex_sell=0.0727263 dex_buy=0.0727522 | spread_a=-4.6bps spread_b=-5.8bps | min=30.0bps
2026-05-08 20:51:50,430 | INFO | fetch_order_book: symbol=CHIP/USDC limit=20
2026-05-08 20:51:50,679 | INFO | fetch_order_book: mid=0.07271 spread=5.50bps bids=20 asks=20
2026-05-08 20:51:51,575 | INFO | SPREAD | pair=CHIP/USDC | cex=0.07269/0.07273 | dex_sell=0.0726865 dex_buy=0.0727124 | spread_a=-6.0bps spread_b=-3.1bps | min=30.0bps
2026-05-08 20:51:52,578 | INFO | fetch_order_book: symbol=CHIP/USDC limit=20
2026-05-08 20:51:52,825 | INFO | fetch_order_book: mid=0.072765 spread=6.87bps bids=20 asks=20
2026-05-08 20:51:53,739 | INFO | SPREAD | pair=CHIP/USDC | cex=0.07274/0.07279 | dex_sell=0.0727211 dex_buy=0.072747 | spread_a=-9.5bps spread_b=-1.0bps | min=30.0bps
2026-05-08 20:51:54,742 | INFO | fetch_order_book: symbol=CHIP/USDC limit=20
2026-05-08 20:51:54,992 | INFO | fetch_order_book: mid=0.072765 spread=6.87bps bids=20 asks=20
2026-05-08 20:51:55,856 | INFO | SPREAD | pair=CHIP/USDC | cex=0.07274/0.07279 | dex_sell=0.0727211 dex_buy=0.072747 | spread_a=-9.5bps spread_b=-1.0bps | min=30.0bps
2026-05-08 20:51:56,858 | INFO | fetch_order_book: symbol=CHIP/USDC limit=20
2026-05-08 20:51:57,109 | INFO | fetch_order_book: mid=0.072825 spread=4.12bps bids=20 asks=20
2026-05-08 20:51:58,031 | INFO | SPREAD | pair=CHIP/USDC | cex=0.07281/0.07284 | dex_sell=0.0727612 dex_buy=0.0727871 | spread_a=-10.8bps spread_b=3.1bps | min=30.0bps
2026-05-08 20:51:59,034 | INFO | fetch_order_book: symbol=CHIP/USDC limit=20
2026-05-08 20:51:59,281 | INFO | fetch_order_book: mid=0.07282 spread=5.49bps bids=20 asks=20
2026-05-08 20:52:00,187 | INFO | SPREAD | pair=CHIP/USDC | cex=0.0728/0.07284 | dex_sell=0.0728013 dex_buy=0.0728273 | spread_a=-5.3bps spread_b=-3.7bps | min=30.0bps
2026-05-08 20:52:01,190 | INFO | fetch_order_book: symbol=CHIP/USDC limit=20
2026-05-08 20:52:01,449 | INFO | fetch_order_book: mid=0.072815 spread=6.87bps bids=20 asks=20
2026-05-08 20:52:02,344 | INFO | SPREAD | pair=CHIP/USDC | cex=0.07279/0.07284 | dex_sell=0.0728013 dex_buy=0.0728273 | spread_a=-5.3bps spread_b=-5.1bps | min=30.0bps
2026-05-08 20:52:03,346 | INFO | fetch_order_book: symbol=CHIP/USDC limit=20
2026-05-08 20:52:03,609 | INFO | fetch_order_book: mid=0.072805 spread=6.87bps bids=20 asks=20
2026-05-08 20:52:04,523 | INFO | SPREAD | pair=CHIP/USDC | cex=0.07278/0.07283 | dex_sell=0.0728013 dex_buy=0.0728273 | spread_a=-3.9bps spread_b=-6.5bps | min=30.0bps
2026-05-08 20:52:05,525 | INFO | fetch_order_book: symbol=CHIP/USDC limit=20
2026-05-08 20:52:05,772 | INFO | fetch_order_book: mid=0.07276 spread=8.25bps bids=20 asks=20
2026-05-08 20:52:06,666 | INFO | SPREAD | pair=CHIP/USDC | cex=0.07273/0.07279 | dex_sell=0.0727265 dex_buy=0.0727524 | spread_a=-8.7bps spread_b=-3.1bps | min=30.0bps
2026-05-08 20:52:07,669 | INFO | fetch_order_book: symbol=CHIP/USDC limit=20
2026-05-08 20:52:07,915 | INFO | fetch_order_book: mid=0.072835 spread=1.37bps bids=20 asks=20
2026-05-08 20:52:08,814 | INFO | SPREAD | pair=CHIP/USDC | cex=0.07283/0.07284 | dex_sell=0.0728012 dex_buy=0.0728271 | spread_a=-5.3bps spread_b=0.4bps | min=30.0bps
2026-05-08 20:52:09,816 | INFO | fetch_order_book: symbol=CHIP/USDC limit=20
2026-05-08 20:52:10,071 | INFO | fetch_order_book: mid=0.07287 spread=8.23bps bids=20 asks=20
2026-05-08 20:52:10,979 | INFO | SPREAD | pair=CHIP/USDC | cex=0.07284/0.0729 | dex_sell=0.0728012 dex_buy=0.0728271 | spread_a=-13.6bps spread_b=1.8bps | min=30.0bps
2026-05-08 20:52:11,982 | INFO | fetch_order_book: symbol=CHIP/USDC limit=20
2026-05-08 20:52:12,232 | INFO | fetch_order_book: mid=0.072845 spread=6.86bps bids=20 asks=20
2026-05-08 20:52:13,143 | INFO | SPREAD | pair=CHIP/USDC | cex=0.07282/0.07287 | dex_sell=0.0728413 dex_buy=0.0728673 | spread_a=-3.9bps spread_b=-6.5bps | min=30.0bps
2026-05-08 20:52:14,146 | INFO | fetch_order_book: symbol=CHIP/USDC limit=20
2026-05-08 20:52:14,394 | INFO | fetch_order_book: mid=0.072835 spread=6.86bps bids=20 asks=20
2026-05-08 20:52:15,299 | INFO | SPREAD | pair=CHIP/USDC | cex=0.07281/0.07286 | dex_sell=0.0728067 dex_buy=0.0728326 | spread_a=-7.3bps spread_b=-3.1bps | min=30.0bps
2026-05-08 20:52:16,301 | INFO | fetch_order_book: symbol=CHIP/USDC limit=20
2026-05-08 20:52:16,570 | INFO | fetch_order_book: mid=0.072885 spread=6.86bps bids=20 asks=20
2026-05-08 20:52:17,448 | INFO | SPREAD | pair=CHIP/USDC | cex=0.07286/0.07291 | dex_sell=0.0728067 dex_buy=0.0728326 | spread_a=-14.2bps spread_b=3.8bps | min=30.0bps
2026-05-08 20:52:18,450 | INFO | fetch_order_book: symbol=CHIP/USDC limit=20
2026-05-08 20:52:18,706 | INFO | fetch_order_book: mid=0.07284 spread=8.24bps bids=20 asks=20
2026-05-08 20:52:19,633 | INFO | SPREAD | pair=CHIP/USDC | cex=0.07281/0.07287 | dex_sell=0.072851 dex_buy=0.0728233 | spread_a=-2.6bps spread_b=-1.8bps | min=30.0bps
2026-05-08 20:52:20,636 | INFO | fetch_order_book: symbol=CHIP/USDC limit=20
2026-05-08 20:52:20,885 | INFO | fetch_order_book: mid=0.07295 spread=5.48bps bids=20 asks=20
2026-05-08 20:52:21,804 | INFO | SPREAD | pair=CHIP/USDC | cex=0.07293/0.07297 | dex_sell=0.0727973 dex_buy=0.0728572 | spread_a=-23.7bps spread_b=10.0bps | min=30.0bps
2026-05-08 20:52:22,806 | INFO | fetch_order_book: symbol=CHIP/USDC limit=20
2026-05-08 20:52:23,053 | INFO | fetch_order_book: mid=0.07293 spread=5.48bps bids=20 asks=20
2026-05-08 20:52:23,988 | INFO | SPREAD | pair=CHIP/USDC | cex=0.07291/0.07295 | dex_sell=0.0729013 dex_buy=0.0729273 | spread_a=-6.7bps spread_b=-2.4bps | min=30.0bps
2026-05-08 20:52:24,989 | INFO | fetch_order_book: symbol=CHIP/USDC limit=20
2026-05-08 20:52:25,237 | INFO | fetch_order_book: mid=0.072955 spread=6.85bps bids=20 asks=20
2026-05-08 20:52:26,179 | INFO | SPREAD | pair=CHIP/USDC | cex=0.07293/0.07298 | dex_sell=0.0729013 dex_buy=0.0729273 | spread_a=-10.8bps spread_b=0.4bps | min=30.0bps
2026-05-08 20:52:27,182 | INFO | fetch_order_book: symbol=CHIP/USDC limit=20
2026-05-08 20:52:27,436 | INFO | fetch_order_book: mid=0.07297 spread=2.74bps bids=20 asks=20
2026-05-08 20:52:28,329 | INFO | SPREAD | pair=CHIP/USDC | cex=0.07296/0.07298 | dex_sell=0.0729013 dex_buy=0.0729273 | spread_a=-10.8bps spread_b=4.5bps | min=30.0bps
2026-05-08 20:52:29,332 | INFO | fetch_order_book: symbol=CHIP/USDC limit=20
2026-05-08 20:52:29,582 | INFO | fetch_order_book: mid=0.07304 spread=5.48bps bids=20 asks=20
2026-05-08 20:52:30,503 | INFO | SPREAD | pair=CHIP/USDC | cex=0.07302/0.07306 | dex_sell=0.0729411 dex_buy=0.0729671 | spread_a=-16.3bps spread_b=7.3bps | min=30.0bps
2026-05-08 20:52:31,505 | INFO | fetch_order_book: symbol=CHIP/USDC limit=20
2026-05-08 20:52:31,753 | INFO | fetch_order_book: mid=0.073045 spread=6.85bps bids=20 asks=20
2026-05-08 20:52:32,662 | INFO | SPREAD | pair=CHIP/USDC | cex=0.07302/0.07307 | dex_sell=0.0729911 dex_buy=0.0730171 | spread_a=-10.8bps spread_b=0.4bps | min=30.0bps
2026-05-08 20:52:33,665 | INFO | fetch_order_book: symbol=CHIP/USDC limit=20
2026-05-08 20:52:33,913 | INFO | fetch_order_book: mid=0.07301 spread=8.22bps bids=20 asks=20
2026-05-08 20:52:34,813 | INFO | SPREAD | pair=CHIP/USDC | cex=0.07298/0.07304 | dex_sell=0.0730166 dex_buy=0.0730426 | spread_a=-3.2bps spread_b=-8.6bps | min=30.0bps
2026-05-08 20:52:35,815 | INFO | fetch_order_book: symbol=CHIP/USDC limit=20
2026-05-08 20:52:36,066 | INFO | fetch_order_book: mid=0.07300 spread=8.22bps bids=20 asks=20
2026-05-08 20:52:36,953 | INFO | SPREAD | pair=CHIP/USDC | cex=0.07297/0.07303 | dex_sell=0.0729668 dex_buy=0.0729929 | spread_a=-8.6bps spread_b=-3.1bps | min=30.0bps
2026-05-08 20:52:37,956 | INFO | fetch_order_book: symbol=CHIP/USDC limit=20
2026-05-08 20:52:38,205 | INFO | fetch_order_book: mid=0.07298 spread=5.48bps bids=20 asks=20
2026-05-08 20:52:39,089 | INFO | SPREAD | pair=CHIP/USDC | cex=0.07296/0.073 | dex_sell=0.0729265 dex_buy=0.0729525 | spread_a=-10.1bps spread_b=1.0bps | min=30.0bps
2026-05-08 20:52:40,091 | INFO | fetch_order_book: symbol=CHIP/USDC limit=20
2026-05-08 20:52:40,343 | INFO | fetch_order_book: mid=0.07293 spread=8.23bps bids=20 asks=20
2026-05-08 20:52:41,247 | INFO | SPREAD | pair=CHIP/USDC | cex=0.0729/0.07296 | dex_sell=0.0729265 dex_buy=0.0729525 | spread_a=-4.6bps spread_b=-7.2bps | min=30.0bps
2026-05-08 20:52:42,250 | INFO | fetch_order_book: symbol=CHIP/USDC limit=20
2026-05-08 20:52:42,501 | INFO | fetch_order_book: mid=0.072915 spread=6.86bps bids=20 asks=20
2026-05-08 20:52:43,396 | INFO | SPREAD | pair=CHIP/USDC | cex=0.07289/0.07294 | dex_sell=0.0728862 dex_buy=0.0729122 | spread_a=-7.4bps spread_b=-3.0bps | min=30.0bps
2026-05-08 20:52:44,399 | INFO | fetch_order_book: symbol=CHIP/USDC limit=20
2026-05-08 20:52:44,656 | INFO | fetch_order_book: mid=0.07286 spread=5.49bps bids=20 asks=20
2026-05-08 20:52:45,574 | INFO | SPREAD | pair=CHIP/USDC | cex=0.07284/0.07288 | dex_sell=0.0728862 dex_buy=0.0728727 | spread_a=0.9bps spread_b=-4.5bps | min=30.0bps
2026-05-08 20:52:46,577 | INFO | fetch_order_book: symbol=CHIP/USDC limit=20
2026-05-08 20:52:46,833 | INFO | fetch_order_book: mid=0.07288 spread=5.49bps bids=20 asks=20
2026-05-08 20:52:47,770 | INFO | SPREAD | pair=CHIP/USDC | cex=0.07286/0.0729 | dex_sell=0.0728467 dex_buy=0.0728727 | spread_a=-7.3bps spread_b=-1.7bps | min=30.0bps
2026-05-08 20:52:48,772 | INFO | fetch_order_book: symbol=CHIP/USDC limit=20
2026-05-08 20:52:49,022 | INFO | fetch_order_book: mid=0.072955 spread=6.85bps bids=20 asks=20
2026-05-08 20:52:49,948 | INFO | SPREAD | pair=CHIP/USDC | cex=0.07293/0.07298 | dex_sell=0.0728813 dex_buy=0.0729073 | spread_a=-13.5bps spread_b=3.1bps | min=30.0bps
2026-05-08 20:52:50,950 | INFO | fetch_order_book: symbol=CHIP/USDC limit=20
2026-05-08 20:52:51,199 | INFO | fetch_order_book: mid=0.072935 spread=6.86bps bids=20 asks=20
2026-05-08 20:52:52,113 | INFO | SPREAD | pair=CHIP/USDC | cex=0.07291/0.07296 | dex_sell=0.0729211 dex_buy=0.0729471 | spread_a=-5.3bps spread_b=-5.1bps | min=30.0bps
2026-05-08 20:52:53,115 | INFO | fetch_order_book: symbol=CHIP/USDC limit=20
2026-05-08 20:52:53,438 | INFO | fetch_order_book: mid=0.07292 spread=5.49bps bids=20 asks=20
2026-05-08 20:52:54,339 | INFO | SPREAD | pair=CHIP/USDC | cex=0.0729/0.07294 | dex_sell=0.0729211 dex_buy=0.0729471 | spread_a=-2.6bps spread_b=-6.5bps | min=30.0bps
2026-05-08 20:52:55,345 | INFO | fetch_order_book: symbol=CHIP/USDC limit=20
2026-05-08 20:52:55,596 | INFO | fetch_order_book: mid=0.07292 spread=5.49bps bids=20 asks=20
2026-05-08 20:52:56,490 | INFO | SPREAD | pair=CHIP/USDC | cex=0.0729/0.07294 | dex_sell=0.0728811 dex_buy=0.0729071 | spread_a=-8.1bps spread_b=-1.0bps | min=30.0bps
2026-05-08 20:52:57,493 | INFO | fetch_order_book: symbol=CHIP/USDC limit=20
2026-05-08 20:52:57,744 | INFO | fetch_order_book: mid=0.07297 spread=2.74bps bids=20 asks=20
2026-05-08 20:52:58,681 | INFO | SPREAD | pair=CHIP/USDC | cex=0.07296/0.07298 | dex_sell=0.0729212 dex_buy=0.0729472 | spread_a=-8.1bps spread_b=1.7bps | min=30.0bps
2026-05-08 20:52:59,684 | INFO | fetch_order_book: symbol=CHIP/USDC limit=20
2026-05-08 20:52:59,934 | INFO | fetch_order_book: mid=0.072945 spread=6.85bps bids=20 asks=20
2026-05-08 20:53:00,826 | INFO | SPREAD | pair=CHIP/USDC | cex=0.07292/0.07297 | dex_sell=0.0728862 dex_buy=0.0729122 | spread_a=-11.5bps spread_b=1.1bps | min=30.0bps
2026-05-08 20:53:01,829 | INFO | fetch_order_book: symbol=CHIP/USDC limit=20
2026-05-08 20:53:02,077 | INFO | fetch_order_book: mid=0.072865 spread=6.86bps bids=20 asks=20
2026-05-08 20:53:02,974 | INFO | SPREAD | pair=CHIP/USDC | cex=0.07284/0.07289 | dex_sell=0.0728463 dex_buy=0.0728723 | spread_a=-6.0bps spread_b=-4.4bps | min=30.0bps
2026-05-08 20:53:03,978 | INFO | fetch_order_book: symbol=CHIP/USDC limit=20
2026-05-08 20:53:04,228 | INFO | fetch_order_book: mid=0.07285 spread=5.49bps bids=20 asks=20
2026-05-08 20:53:05,151 | INFO | SPREAD | pair=CHIP/USDC | cex=0.07283/0.07287 | dex_sell=0.0728463 dex_buy=0.0728324 | spread_a=-3.2bps spread_b=-0.3bps | min=30.0bps
2026-05-08 20:53:06,154 | INFO | fetch_order_book: symbol=CHIP/USDC limit=20
2026-05-08 20:53:06,446 | INFO | fetch_order_book: mid=0.072795 spread=4.12bps bids=20 asks=20
2026-05-08 20:53:07,329 | INFO | SPREAD | pair=CHIP/USDC | cex=0.07278/0.07281 | dex_sell=0.0727663 dex_buy=0.0727922 | spread_a=-6.0bps spread_b=-1.7bps | min=30.0bps
2026-05-08 20:53:08,331 | INFO | fetch_order_book: symbol=CHIP/USDC limit=20
2026-05-08 20:53:08,579 | INFO | fetch_order_book: mid=0.07279 spread=5.50bps bids=20 asks=20
2026-05-08 20:53:09,479 | INFO | SPREAD | pair=CHIP/USDC | cex=0.07277/0.07281 | dex_sell=0.0727663 dex_buy=0.0727922 | spread_a=-6.0bps spread_b=-3.1bps | min=30.0bps
2026-05-08 20:53:10,482 | INFO | fetch_order_book: symbol=CHIP/USDC limit=20
2026-05-08 20:53:10,732 | INFO | fetch_order_book: mid=0.07278 spread=5.50bps bids=20 asks=20
2026-05-08 20:53:11,679 | INFO | SPREAD | pair=CHIP/USDC | cex=0.07276/0.0728 | dex_sell=0.0727663 dex_buy=0.0727922 | spread_a=-4.6bps spread_b=-4.4bps | min=30.0bps
2026-05-08 20:53:12,683 | INFO | fetch_order_book: symbol=CHIP/USDC limit=20
2026-05-08 20:53:12,930 | INFO | fetch_order_book: mid=0.07276 spread=5.50bps bids=20 asks=20
2026-05-08 20:53:13,860 | INFO | SPREAD | pair=CHIP/USDC | cex=0.07274/0.07278 | dex_sell=0.0727265 dex_buy=0.0727525 | spread_a=-7.3bps spread_b=-1.7bps | min=30.0bps
2026-05-08 20:53:14,863 | INFO | fetch_order_book: symbol=CHIP/USDC limit=20
2026-05-08 20:53:15,110 | INFO | fetch_order_book: mid=0.07276 spread=5.50bps bids=20 asks=20
2026-05-08 20:53:16,014 | INFO | SPREAD | pair=CHIP/USDC | cex=0.07274/0.07278 | dex_sell=0.0727265 dex_buy=0.0727525 | spread_a=-7.3bps spread_b=-1.7bps | min=30.0bps
2026-05-08 20:53:17,017 | INFO | fetch_order_book: symbol=CHIP/USDC limit=20
2026-05-08 20:53:17,314 | INFO | fetch_order_book: mid=0.07270 spread=5.50bps bids=20 asks=20
2026-05-08 20:53:18,251 | INFO | SPREAD | pair=CHIP/USDC | cex=0.07268/0.07272 | dex_sell=0.0726864 dex_buy=0.0727123 | spread_a=-4.6bps spread_b=-4.4bps | min=30.0bps
2026-05-08 20:53:19,255 | INFO | fetch_order_book: symbol=CHIP/USDC limit=20
2026-05-08 20:53:19,505 | INFO | fetch_order_book: mid=0.072625 spread=6.88bps bids=20 asks=20
2026-05-08 20:53:20,391 | INFO | SPREAD | pair=CHIP/USDC | cex=0.0726/0.07265 | dex_sell=0.0725313 dex_buy=0.0725571 | spread_a=-16.3bps spread_b=5.9bps | min=30.0bps
2026-05-08 20:53:21,394 | INFO | fetch_order_book: symbol=CHIP/USDC limit=20
2026-05-08 20:53:21,659 | INFO | fetch_order_book: mid=0.07264 spread=8.26bps bids=20 asks=20
2026-05-08 20:53:22,557 | INFO | SPREAD | pair=CHIP/USDC | cex=0.07261/0.07267 | dex_sell=0.0725713 dex_buy=0.0725972 | spread_a=-13.6bps spread_b=1.8bps | min=30.0bps
2026-05-08 20:53:23,562 | INFO | fetch_order_book: symbol=CHIP/USDC limit=20
2026-05-08 20:53:23,822 | INFO | fetch_order_book: mid=0.07260 spread=8.26bps bids=20 asks=20
2026-05-08 20:53:24,733 | INFO | SPREAD | pair=CHIP/USDC | cex=0.07257/0.07263 | dex_sell=0.0725365 dex_buy=0.0725624 | spread_a=-12.9bps spread_b=1.1bps | min=30.0bps
2026-05-08 20:53:25,737 | INFO | fetch_order_book: symbol=CHIP/USDC limit=20
2026-05-08 20:53:25,985 | INFO | fetch_order_book: mid=0.072625 spread=4.13bps bids=20 asks=20
2026-05-08 20:53:26,894 | INFO | SPREAD | pair=CHIP/USDC | cex=0.07261/0.07264 | dex_sell=0.0725714 dex_buy=0.0725972 | spread_a=-9.4bps spread_b=1.8bps | min=30.0bps
2026-05-08 20:53:27,897 | INFO | fetch_order_book: symbol=CHIP/USDC limit=20
2026-05-08 20:53:28,148 | INFO | fetch_order_book: mid=0.07262 spread=5.51bps bids=20 asks=20
2026-05-08 20:53:29,094 | INFO | SPREAD | pair=CHIP/USDC | cex=0.0726/0.07264 | dex_sell=0.0725714 dex_buy=0.0725972 | spread_a=-9.4bps spread_b=0.4bps | min=30.0bps
2026-05-08 20:53:30,098 | INFO | fetch_order_book: symbol=CHIP/USDC limit=20
2026-05-08 20:53:30,362 | INFO | fetch_order_book: mid=0.072615 spread=9.64bps bids=20 asks=20
2026-05-08 20:53:31,327 | INFO | SPREAD | pair=CHIP/USDC | cex=0.07258/0.07265 | dex_sell=0.0725714 dex_buy=0.0725972 | spread_a=-10.8bps spread_b=-2.4bps | min=30.0bps
2026-05-08 20:53:32,331 | INFO | fetch_order_book: symbol=CHIP/USDC limit=20
2026-05-08 20:53:32,590 | INFO | fetch_order_book: mid=0.07263 spread=5.51bps bids=20 asks=20
2026-05-08 20:53:33,521 | INFO | SPREAD | pair=CHIP/USDC | cex=0.07261/0.07265 | dex_sell=0.0725714 dex_buy=0.0726373 | spread_a=-10.8bps spread_b=-3.8bps | min=30.0bps
2026-05-08 20:53:34,525 | INFO | fetch_order_book: symbol=CHIP/USDC limit=20
2026-05-08 20:53:34,779 | INFO | fetch_order_book: mid=0.07263 spread=8.26bps bids=20 asks=20
2026-05-08 20:53:35,660 | INFO | SPREAD | pair=CHIP/USDC | cex=0.0726/0.07266 | dex_sell=0.0726115 dex_buy=0.0726373 | spread_a=-6.7bps spread_b=-5.1bps | min=30.0bps
2026-05-08 20:53:36,663 | INFO | fetch_order_book: symbol=CHIP/USDC limit=20
2026-05-08 20:53:36,913 | INFO | fetch_order_book: mid=0.07260 spread=5.51bps bids=20 asks=20
2026-05-08 20:53:37,852 | INFO | SPREAD | pair=CHIP/USDC | cex=0.07258/0.07262 | dex_sell=0.0725663 dex_buy=0.0725922 | spread_a=-7.4bps spread_b=-1.7bps | min=30.0bps
2026-05-08 20:53:38,855 | INFO | fetch_order_book: symbol=CHIP/USDC limit=20
2026-05-08 20:53:39,149 | INFO | fetch_order_book: mid=0.07257 spread=5.51bps bids=20 asks=20
2026-05-08 20:53:40,040 | INFO | SPREAD | pair=CHIP/USDC | cex=0.07255/0.07259 | dex_sell=0.0725166 dex_buy=0.0725424 | spread_a=-10.1bps spread_b=1.0bps | min=30.0bps
2026-05-08 20:53:41,043 | INFO | fetch_order_book: symbol=CHIP/USDC limit=20
2026-05-08 20:53:41,362 | INFO | fetch_order_book: mid=0.07264 spread=5.51bps bids=20 asks=20
2026-05-08 20:53:42,251 | INFO | SPREAD | pair=CHIP/USDC | cex=0.07262/0.07266 | dex_sell=0.0725903 dex_buy=0.0726162 | spread_a=-9.6bps spread_b=0.5bps | min=30.0bps
2026-05-08 20:53:43,254 | INFO | fetch_order_book: symbol=CHIP/USDC limit=20
2026-05-08 20:53:43,511 | INFO | fetch_order_book: mid=0.07264 spread=5.51bps bids=20 asks=20
2026-05-08 20:53:44,396 | INFO | SPREAD | pair=CHIP/USDC | cex=0.07262/0.07266 | dex_sell=0.0725903 dex_buy=0.0726162 | spread_a=-9.6bps spread_b=0.5bps | min=30.0bps
2026-05-08 20:53:45,400 | INFO | fetch_order_book: symbol=CHIP/USDC limit=20
2026-05-08 20:53:45,650 | INFO | fetch_order_book: mid=0.07264 spread=5.51bps bids=20 asks=20
2026-05-08 20:53:46,559 | INFO | SPREAD | pair=CHIP/USDC | cex=0.07262/0.07266 | dex_sell=0.0725903 dex_buy=0.0726162 | spread_a=-9.6bps spread_b=0.5bps | min=30.0bps
2026-05-08 20:53:47,562 | INFO | fetch_order_book: symbol=CHIP/USDC limit=20
2026-05-08 20:53:47,821 | INFO | fetch_order_book: mid=0.07264 spread=5.51bps bids=20 asks=20
2026-05-08 20:53:48,709 | INFO | SPREAD | pair=CHIP/USDC | cex=0.07262/0.07266 | dex_sell=0.0725903 dex_buy=0.0726162 | spread_a=-9.6bps spread_b=0.5bps | min=30.0bps
2026-05-08 20:53:49,712 | INFO | fetch_order_book: symbol=CHIP/USDC limit=20
2026-05-08 20:53:49,975 | INFO | fetch_order_book: mid=0.07260 spread=5.51bps bids=20 asks=20
2026-05-08 20:53:50,873 | INFO | SPREAD | pair=CHIP/USDC | cex=0.07258/0.07262 | dex_sell=0.0725903 dex_buy=0.0726161 | spread_a=-4.1bps spread_b=-5.0bps | min=30.0bps
2026-05-08 20:53:51,876 | INFO | fetch_order_book: symbol=CHIP/USDC limit=20
2026-05-08 20:53:52,124 | INFO | fetch_order_book: mid=0.07260 spread=5.51bps bids=20 asks=20
2026-05-08 20:53:53,037 | INFO | SPREAD | pair=CHIP/USDC | cex=0.07258/0.07262 | dex_sell=0.0725903 dex_buy=0.0726161 | spread_a=-4.1bps spread_b=-5.0bps | min=30.0bps
2026-05-08 20:53:54,040 | INFO | fetch_order_book: symbol=CHIP/USDC limit=20
2026-05-08 20:53:54,290 | INFO | fetch_order_book: mid=0.072595 spread=4.13bps bids=20 asks=20
2026-05-08 20:53:55,203 | INFO | SPREAD | pair=CHIP/USDC | cex=0.07258/0.07261 | dex_sell=0.0725903 dex_buy=0.0726161 | spread_a=-2.7bps spread_b=-5.0bps | min=30.0bps
2026-05-08 20:53:56,206 | INFO | fetch_order_book: symbol=CHIP/USDC limit=20
2026-05-08 20:53:56,454 | INFO | fetch_order_book: mid=0.072495 spread=4.14bps bids=20 asks=20
2026-05-08 20:53:57,347 | INFO | SPREAD | pair=CHIP/USDC | cex=0.07248/0.07251 | dex_sell=0.0725269 dex_buy=0.0725161 | spread_a=2.3bps spread_b=-5.0bps | min=30.0bps
2026-05-08 20:53:58,351 | INFO | fetch_order_book: symbol=CHIP/USDC limit=20
2026-05-08 20:53:58,601 | INFO | fetch_order_book: mid=0.072435 spread=4.14bps bids=20 asks=20
2026-05-08 20:53:59,489 | INFO | SPREAD | pair=CHIP/USDC | cex=0.07242/0.07245 | dex_sell=0.0724903 dex_buy=0.0725161 | spread_a=5.6bps spread_b=-13.3bps | min=30.0bps
2026-05-08 20:54:00,492 | INFO | fetch_order_book: symbol=CHIP/USDC limit=20
2026-05-08 20:54:00,741 | INFO | fetch_order_book: mid=0.072475 spread=6.90bps bids=20 asks=20
2026-05-08 20:54:01,650 | INFO | SPREAD | pair=CHIP/USDC | cex=0.07245/0.0725 | dex_sell=0.0724903 dex_buy=0.0725161 | spread_a=-1.3bps spread_b=-9.1bps | min=30.0bps
2026-05-08 20:54:02,653 | INFO | fetch_order_book: symbol=CHIP/USDC limit=20
2026-05-08 20:54:02,947 | INFO | fetch_order_book: mid=0.07249 spread=11.04bps bids=20 asks=20
2026-05-08 20:54:03,858 | INFO | SPREAD | pair=CHIP/USDC | cex=0.07245/0.07253 | dex_sell=0.0724903 dex_buy=0.0725161 | spread_a=-5.5bps spread_b=-9.1bps | min=30.0bps
2026-05-08 20:54:04,861 | INFO | fetch_order_book: symbol=CHIP/USDC limit=20
2026-05-08 20:54:05,111 | INFO | fetch_order_book: mid=0.07249 spread=2.76bps bids=20 asks=20
2026-05-08 20:54:06,015 | INFO | SPREAD | pair=CHIP/USDC | cex=0.07248/0.0725 | dex_sell=0.0724903 dex_buy=0.0725161 | spread_a=-1.3bps spread_b=-5.0bps | min=30.0bps
2026-05-08 20:54:07,018 | INFO | fetch_order_book: symbol=CHIP/USDC limit=20
2026-05-08 20:54:07,372 | INFO | fetch_order_book: mid=0.072535 spread=6.89bps bids=20 asks=20
2026-05-08 20:54:08,258 | INFO | SPREAD | pair=CHIP/USDC | cex=0.07251/0.07256 | dex_sell=0.0724903 dex_buy=0.0725161 | spread_a=-9.6bps spread_b=-0.8bps | min=30.0bps
2026-05-08 20:54:09,262 | INFO | fetch_order_book: symbol=CHIP/USDC limit=20
2026-05-08 20:54:09,511 | INFO | fetch_order_book: mid=0.07250 spread=13.79bps bids=20 asks=20
2026-05-08 20:54:10,392 | INFO | SPREAD | pair=CHIP/USDC | cex=0.07245/0.07255 | dex_sell=0.0724903 dex_buy=0.0725161 | spread_a=-8.2bps spread_b=-9.1bps | min=30.0bps
2026-05-08 20:54:11,396 | INFO | fetch_order_book: symbol=CHIP/USDC limit=20
2026-05-08 20:54:11,646 | INFO | fetch_order_book: mid=0.07244 spread=5.52bps bids=20 asks=20
2026-05-08 20:54:12,514 | INFO | SPREAD | pair=CHIP/USDC | cex=0.07242/0.07246 | dex_sell=0.072438 dex_buy=0.0724638 | spread_a=-3.0bps spread_b=-6.0bps | min=30.0bps
2026-05-08 20:54:13,518 | INFO | fetch_order_book: symbol=CHIP/USDC limit=20
2026-05-08 20:54:13,768 | INFO | fetch_order_book: mid=0.072445 spread=4.14bps bids=20 asks=20
2026-05-08 20:54:14,696 | INFO | SPREAD | pair=CHIP/USDC | cex=0.07243/0.07246 | dex_sell=0.072438 dex_buy=0.0724638 | spread_a=-3.0bps spread_b=-4.7bps | min=30.0bps
2026-05-08 20:54:15,700 | INFO | fetch_order_book: symbol=CHIP/USDC limit=20
2026-05-08 20:54:15,975 | INFO | fetch_order_book: mid=0.072435 spread=4.14bps bids=20 asks=20
2026-05-08 20:54:16,848 | INFO | SPREAD | pair=CHIP/USDC | cex=0.07242/0.07245 | dex_sell=0.072438 dex_buy=0.0724638 | spread_a=-1.7bps spread_b=-6.0bps | min=30.0bps
2026-05-08 20:54:17,852 | INFO | fetch_order_book: symbol=CHIP/USDC limit=20
2026-05-08 20:54:18,120 | INFO | fetch_order_book: mid=0.072405 spread=4.14bps bids=20 asks=20
2026-05-08 20:54:19,021 | INFO | SPREAD | pair=CHIP/USDC | cex=0.07239/0.07242 | dex_sell=0.072438 dex_buy=0.0724638 | spread_a=2.5bps spread_b=-10.2bps | min=30.0bps
2026-05-08 20:54:20,028 | INFO | fetch_order_book: symbol=CHIP/USDC limit=20
2026-05-08 20:54:20,279 | INFO | fetch_order_book: mid=0.07247 spread=8.28bps bids=20 asks=20
2026-05-08 20:54:21,182 | INFO | SPREAD | pair=CHIP/USDC | cex=0.07244/0.0725 | dex_sell=0.072438 dex_buy=0.0724638 | spread_a=-8.5bps spread_b=-3.3bps | min=30.0bps
2026-05-08 20:54:22,185 | INFO | fetch_order_book: symbol=CHIP/USDC limit=20
2026-05-08 20:54:22,434 | INFO | fetch_order_book: mid=0.07253 spread=5.51bps bids=20 asks=20
2026-05-08 20:54:23,329 | INFO | SPREAD | pair=CHIP/USDC | cex=0.07251/0.07255 | dex_sell=0.0725112 dex_buy=0.072537 | spread_a=-5.3bps spread_b=-3.7bps | min=30.0bps
2026-05-08 20:54:24,332 | INFO | fetch_order_book: symbol=CHIP/USDC limit=20
2026-05-08 20:54:24,677 | INFO | fetch_order_book: mid=0.072475 spread=6.90bps bids=20 asks=20
2026-05-08 20:54:25,598 | INFO | SPREAD | pair=CHIP/USDC | cex=0.07245/0.0725 | dex_sell=0.0724666 dex_buy=0.0724924 | spread_a=-4.6bps spread_b=-5.9bps | min=30.0bps
2026-05-08 20:54:26,601 | INFO | fetch_order_book: symbol=CHIP/USDC limit=20
2026-05-08 20:54:26,853 | INFO | fetch_order_book: mid=0.07247 spread=5.52bps bids=20 asks=20
2026-05-08 20:54:27,768 | INFO | SPREAD | pair=CHIP/USDC | cex=0.07245/0.07249 | dex_sell=0.0724666 dex_buy=0.0724924 | spread_a=-3.2bps spread_b=-5.9bps | min=30.0bps
2026-05-08 20:54:28,772 | INFO | fetch_order_book: symbol=CHIP/USDC limit=20
2026-05-08 20:54:29,082 | INFO | fetch_order_book: mid=0.072465 spread=6.90bps bids=20 asks=20
2026-05-08 20:54:30,035 | INFO | SPREAD | pair=CHIP/USDC | cex=0.07244/0.07249 | dex_sell=0.0724666 dex_buy=0.0724924 | spread_a=-3.2bps spread_b=-7.2bps | min=30.0bps
2026-05-08 20:54:31,038 | INFO | fetch_order_book: symbol=CHIP/USDC limit=20
2026-05-08 20:54:31,289 | INFO | fetch_order_book: mid=0.07246 spread=5.52bps bids=20 asks=20
2026-05-08 20:54:32,187 | INFO | SPREAD | pair=CHIP/USDC | cex=0.07244/0.07248 | dex_sell=0.0724666 dex_buy=0.0724924 | spread_a=-1.8bps spread_b=-7.2bps | min=30.0bps
2026-05-08 20:54:33,191 | INFO | fetch_order_book: symbol=CHIP/USDC limit=20
2026-05-08 20:54:33,449 | INFO | fetch_order_book: mid=0.072455 spread=4.14bps bids=20 asks=20
2026-05-08 20:54:34,336 | INFO | SPREAD | pair=CHIP/USDC | cex=0.07244/0.07247 | dex_sell=0.0724666 dex_buy=0.0724924 | spread_a=-0.5bps spread_b=-7.2bps | min=30.0bps
2026-05-08 20:54:35,339 | INFO | fetch_order_book: symbol=CHIP/USDC limit=20
2026-05-08 20:54:35,589 | INFO | fetch_order_book: mid=0.07245 spread=5.52bps bids=20 asks=20
2026-05-08 20:54:36,547 | INFO | SPREAD | pair=CHIP/USDC | cex=0.07243/0.07247 | dex_sell=0.0724666 dex_buy=0.0724924 | spread_a=-0.5bps spread_b=-8.6bps | min=30.0bps
2026-05-08 20:54:37,551 | INFO | fetch_order_book: symbol=CHIP/USDC limit=20
2026-05-08 20:54:37,801 | INFO | fetch_order_book: mid=0.072425 spread=6.90bps bids=20 asks=20
2026-05-08 20:54:38,700 | INFO | SPREAD | pair=CHIP/USDC | cex=0.0724/0.07245 | dex_sell=0.0724666 dex_buy=0.0724637 | spread_a=2.3bps spread_b=-8.8bps | min=30.0bps
2026-05-08 20:54:39,703 | INFO | fetch_order_book: symbol=CHIP/USDC limit=20
2026-05-08 20:54:39,953 | INFO | fetch_order_book: mid=0.072425 spread=6.90bps bids=20 asks=20
2026-05-08 20:54:40,889 | INFO | SPREAD | pair=CHIP/USDC | cex=0.0724/0.07245 | dex_sell=0.0724379 dex_buy=0.0724637 | spread_a=-1.7bps spread_b=-8.8bps | min=30.0bps
2026-05-08 20:54:41,893 | INFO | fetch_order_book: symbol=CHIP/USDC limit=20
2026-05-08 20:54:42,140 | INFO | fetch_order_book: mid=0.072425 spread=6.90bps bids=20 asks=20
2026-05-08 20:54:43,077 | INFO | SPREAD | pair=CHIP/USDC | cex=0.0724/0.07245 | dex_sell=0.0724379 dex_buy=0.0724637 | spread_a=-1.7bps spread_b=-8.8bps | min=30.0bps
2026-05-08 20:54:44,081 | INFO | fetch_order_book: symbol=CHIP/USDC limit=20
2026-05-08 20:54:44,329 | INFO | fetch_order_book: mid=0.072455 spread=6.90bps bids=20 asks=20
2026-05-08 20:54:45,212 | INFO | SPREAD | pair=CHIP/USDC | cex=0.07243/0.07248 | dex_sell=0.0724379 dex_buy=0.0724637 | spread_a=-5.8bps spread_b=-4.6bps | min=30.0bps
2026-05-08 20:54:46,214 | INFO | fetch_order_book: symbol=CHIP/USDC limit=20
2026-05-08 20:54:46,470 | INFO | fetch_order_book: mid=0.072485 spread=4.14bps bids=20 asks=20
2026-05-08 20:54:47,349 | INFO | SPREAD | pair=CHIP/USDC | cex=0.07247/0.0725 | dex_sell=0.0724379 dex_buy=0.0724637 | spread_a=-8.6bps spread_b=0.9bps | min=30.0bps
2026-05-08 20:54:48,353 | INFO | fetch_order_book: symbol=CHIP/USDC limit=20
2026-05-08 20:54:48,603 | INFO | fetch_order_book: mid=0.07251 spread=2.76bps bids=20 asks=20
2026-05-08 20:54:49,510 | INFO | SPREAD | pair=CHIP/USDC | cex=0.0725/0.07252 | dex_sell=0.0724714 dex_buy=0.0724972 | spread_a=-6.7bps spread_b=0.4bps | min=30.0bps
2026-05-08 20:54:50,513 | INFO | fetch_order_book: symbol=CHIP/USDC limit=20
2026-05-08 20:54:50,761 | INFO | fetch_order_book: mid=0.072485 spread=6.90bps bids=20 asks=20
2026-05-08 20:54:51,671 | INFO | SPREAD | pair=CHIP/USDC | cex=0.07246/0.07251 | dex_sell=0.0724714 dex_buy=0.0724972 | spread_a=-5.3bps spread_b=-5.1bps | min=30.0bps
2026-05-08 20:54:52,674 | INFO | fetch_order_book: symbol=CHIP/USDC limit=20
2026-05-08 20:54:52,924 | INFO | fetch_order_book: mid=0.072495 spread=6.90bps bids=20 asks=20
2026-05-08 20:54:53,842 | INFO | SPREAD | pair=CHIP/USDC | cex=0.07247/0.07252 | dex_sell=0.0724714 dex_buy=0.0724972 | spread_a=-6.7bps spread_b=-3.7bps | min=30.0bps
2026-05-08 20:54:54,845 | INFO | fetch_order_book: symbol=CHIP/USDC limit=20
2026-05-08 20:54:55,093 | INFO | fetch_order_book: mid=0.072455 spread=6.90bps bids=20 asks=20
2026-05-08 20:54:56,020 | INFO | SPREAD | pair=CHIP/USDC | cex=0.07243/0.07248 | dex_sell=0.072438 dex_buy=0.0724638 | spread_a=-5.8bps spread_b=-4.7bps | min=30.0bps
2026-05-08 20:54:57,023 | INFO | fetch_order_book: symbol=CHIP/USDC limit=20
2026-05-08 20:54:57,343 | INFO | fetch_order_book: mid=0.072435 spread=4.14bps bids=20 asks=20
2026-05-08 20:54:58,268 | INFO | SPREAD | pair=CHIP/USDC | cex=0.07242/0.07245 | dex_sell=0.072438 dex_buy=0.0724638 | spread_a=-1.7bps spread_b=-6.0bps | min=30.0bps
2026-05-08 20:54:59,272 | INFO | fetch_order_book: symbol=CHIP/USDC limit=20
2026-05-08 20:54:59,522 | INFO | fetch_order_book: mid=0.072425 spread=1.38bps bids=20 asks=20
2026-05-08 20:55:00,401 | INFO | SPREAD | pair=CHIP/USDC | cex=0.07242/0.07243 | dex_sell=0.072438 dex_buy=0.0724638 | spread_a=1.1bps spread_b=-6.0bps | min=30.0bps
2026-05-08 20:55:01,404 | INFO | fetch_order_book: symbol=CHIP/USDC limit=20
2026-05-08 20:55:01,654 | INFO | fetch_order_book: mid=0.07245 spread=8.28bps bids=20 asks=20
2026-05-08 20:55:02,558 | INFO | SPREAD | pair=CHIP/USDC | cex=0.07242/0.07248 | dex_sell=0.072438 dex_buy=0.0724638 | spread_a=-5.8bps spread_b=-6.0bps | min=30.0bps
2026-05-08 20:55:03,561 | INFO | fetch_order_book: symbol=CHIP/USDC limit=20
2026-05-08 20:55:03,815 | INFO | fetch_order_book: mid=0.07243 spread=5.52bps bids=20 asks=20
2026-05-08 20:55:04,710 | INFO | SPREAD | pair=CHIP/USDC | cex=0.07241/0.07245 | dex_sell=0.072438 dex_buy=0.0724638 | spread_a=-1.7bps spread_b=-7.4bps | min=30.0bps
2026-05-08 20:55:05,713 | INFO | fetch_order_book: symbol=CHIP/USDC limit=20
2026-05-08 20:55:05,962 | INFO | fetch_order_book: mid=0.072355 spread=4.15bps bids=20 asks=20
2026-05-08 20:55:06,910 | INFO | SPREAD | pair=CHIP/USDC | cex=0.07234/0.07237 | dex_sell=0.0723773 dex_buy=0.0724031 | spread_a=1.0bps spread_b=-8.7bps | min=30.0bps
2026-05-08 20:55:07,913 | INFO | fetch_order_book: symbol=CHIP/USDC limit=20
2026-05-08 20:55:08,160 | INFO | fetch_order_book: mid=0.072355 spread=6.91bps bids=20 asks=20
2026-05-08 20:55:09,057 | INFO | SPREAD | pair=CHIP/USDC | cex=0.07233/0.07238 | dex_sell=0.0723773 dex_buy=0.0724031 | spread_a=-0.4bps spread_b=-10.1bps | min=30.0bps
2026-05-08 20:55:10,061 | INFO | fetch_order_book: symbol=CHIP/USDC limit=20
2026-05-08 20:55:10,349 | INFO | fetch_order_book: mid=0.07237 spread=5.53bps bids=20 asks=20
2026-05-08 20:55:11,290 | INFO | SPREAD | pair=CHIP/USDC | cex=0.07235/0.07239 | dex_sell=0.0723773 dex_buy=0.0724031 | spread_a=-1.7bps spread_b=-7.3bps | min=30.0bps
2026-05-08 20:55:12,292 | INFO | fetch_order_book: symbol=CHIP/USDC limit=20
2026-05-08 20:55:12,546 | INFO | fetch_order_book: mid=0.07237 spread=5.53bps bids=20 asks=20
2026-05-08 20:55:13,414 | INFO | SPREAD | pair=CHIP/USDC | cex=0.07235/0.07239 | dex_sell=0.0723773 dex_buy=0.0724031 | spread_a=-1.7bps spread_b=-7.3bps | min=30.0bps
2026-05-08 20:55:14,417 | INFO | fetch_order_book: symbol=CHIP/USDC limit=20
2026-05-08 20:55:14,665 | INFO | fetch_order_book: mid=0.072315 spread=4.15bps bids=20 asks=20
2026-05-08 20:55:15,561 | INFO | SPREAD | pair=CHIP/USDC | cex=0.0723/0.07233 | dex_sell=0.0723773 dex_buy=0.0724031 | spread_a=6.5bps spread_b=-14.2bps | min=30.0bps
2026-05-08 20:55:16,564 | INFO | fetch_order_book: symbol=CHIP/USDC limit=20
2026-05-08 20:55:16,812 | INFO | fetch_order_book: mid=0.072325 spread=4.15bps bids=20 asks=20
2026-05-08 20:55:17,718 | INFO | SPREAD | pair=CHIP/USDC | cex=0.07231/0.07234 | dex_sell=0.0723241 dex_buy=0.0723499 | spread_a=-2.2bps spread_b=-5.5bps | min=30.0bps
2026-05-08 20:55:18,722 | INFO | fetch_order_book: symbol=CHIP/USDC limit=20
2026-05-08 20:55:18,969 | INFO | fetch_order_book: mid=0.072315 spread=4.15bps bids=20 asks=20
2026-05-08 20:55:19,869 | INFO | SPREAD | pair=CHIP/USDC | cex=0.0723/0.07233 | dex_sell=0.0723241 dex_buy=0.0723499 | spread_a=-0.8bps spread_b=-6.9bps | min=30.0bps
2026-05-08 20:55:20,872 | INFO | fetch_order_book: symbol=CHIP/USDC limit=20
2026-05-08 20:55:21,119 | INFO | fetch_order_book: mid=0.072315 spread=4.15bps bids=20 asks=20
2026-05-08 20:55:22,049 | INFO | SPREAD | pair=CHIP/USDC | cex=0.0723/0.07233 | dex_sell=0.0723241 dex_buy=0.0723499 | spread_a=-0.8bps spread_b=-6.9bps | min=30.0bps
2026-05-08 20:55:23,051 | INFO | fetch_order_book: symbol=CHIP/USDC limit=20
2026-05-08 20:55:23,300 | INFO | fetch_order_book: mid=0.07233 spread=5.53bps bids=20 asks=20
2026-05-08 20:55:24,250 | INFO | SPREAD | pair=CHIP/USDC | cex=0.07231/0.07235 | dex_sell=0.0723241 dex_buy=0.0723499 | spread_a=-3.6bps spread_b=-5.5bps | min=30.0bps
2026-05-08 20:55:25,253 | INFO | fetch_order_book: symbol=CHIP/USDC limit=20
2026-05-08 20:55:25,505 | INFO | fetch_order_book: mid=0.07233 spread=5.53bps bids=20 asks=20
2026-05-08 20:55:26,433 | INFO | SPREAD | pair=CHIP/USDC | cex=0.07231/0.07235 | dex_sell=0.0723241 dex_buy=0.0723499 | spread_a=-3.6bps spread_b=-5.5bps | min=30.0bps
2026-05-08 20:55:27,436 | INFO | fetch_order_book: symbol=CHIP/USDC limit=20
2026-05-08 20:55:27,691 | INFO | fetch_order_book: mid=0.07233 spread=5.53bps bids=20 asks=20
2026-05-08 20:55:28,579 | INFO | SPREAD | pair=CHIP/USDC | cex=0.07231/0.07235 | dex_sell=0.0723241 dex_buy=0.0723499 | spread_a=-3.6bps spread_b=-5.5bps | min=30.0bps
2026-05-08 20:55:29,583 | INFO | fetch_order_book: symbol=CHIP/USDC limit=20
2026-05-08 20:55:29,830 | INFO | fetch_order_book: mid=0.072325 spread=6.91bps bids=20 asks=20
2026-05-08 20:55:30,735 | INFO | SPREAD | pair=CHIP/USDC | cex=0.0723/0.07235 | dex_sell=0.0723241 dex_buy=0.0723499 | spread_a=-3.6bps spread_b=-6.9bps | min=30.0bps
2026-05-08 20:55:31,739 | INFO | fetch_order_book: symbol=CHIP/USDC limit=20
2026-05-08 20:55:31,990 | INFO | fetch_order_book: mid=0.07232 spread=5.53bps bids=20 asks=20
2026-05-08 20:55:32,884 | INFO | SPREAD | pair=CHIP/USDC | cex=0.0723/0.07234 | dex_sell=0.0723241 dex_buy=0.0723499 | spread_a=-2.2bps spread_b=-6.9bps | min=30.0bps
2026-05-08 20:55:33,888 | INFO | fetch_order_book: symbol=CHIP/USDC limit=20
2026-05-08 20:55:34,140 | INFO | fetch_order_book: mid=0.072345 spread=4.15bps bids=20 asks=20
2026-05-08 20:55:35,059 | INFO | SPREAD | pair=CHIP/USDC | cex=0.07233/0.07236 | dex_sell=0.0723241 dex_buy=0.0723499 | spread_a=-5.0bps spread_b=-2.7bps | min=30.0bps
2026-05-08 20:55:36,063 | INFO | fetch_order_book: symbol=CHIP/USDC limit=20
2026-05-08 20:55:36,313 | INFO | fetch_order_book: mid=0.07234 spread=8.29bps bids=20 asks=20
2026-05-08 20:55:37,198 | INFO | SPREAD | pair=CHIP/USDC | cex=0.07231/0.07237 | dex_sell=0.0723241 dex_buy=0.0723499 | spread_a=-6.3bps spread_b=-5.5bps | min=30.0bps
2026-05-08 20:55:38,201 | INFO | fetch_order_book: symbol=CHIP/USDC limit=20
2026-05-08 20:55:38,449 | INFO | fetch_order_book: mid=0.07233 spread=5.53bps bids=20 asks=20
2026-05-08 20:55:39,350 | INFO | SPREAD | pair=CHIP/USDC | cex=0.07231/0.07235 | dex_sell=0.0723241 dex_buy=0.0723499 | spread_a=-3.6bps spread_b=-5.5bps | min=30.0bps
2026-05-08 20:55:40,353 | INFO | fetch_order_book: symbol=CHIP/USDC limit=20
2026-05-08 20:55:40,600 | INFO | fetch_order_book: mid=0.07233 spread=5.53bps bids=20 asks=20
2026-05-08 20:55:41,521 | INFO | SPREAD | pair=CHIP/USDC | cex=0.07231/0.07235 | dex_sell=0.0723241 dex_buy=0.0723499 | spread_a=-3.6bps spread_b=-5.5bps | min=30.0bps
2026-05-08 20:55:42,524 | INFO | fetch_order_book: symbol=CHIP/USDC limit=20
2026-05-08 20:55:42,771 | INFO | fetch_order_book: mid=0.072315 spread=6.91bps bids=20 asks=20
2026-05-08 20:55:43,686 | INFO | SPREAD | pair=CHIP/USDC | cex=0.07229/0.07234 | dex_sell=0.0723241 dex_buy=0.0723499 | spread_a=-2.2bps spread_b=-8.3bps | min=30.0bps
2026-05-08 20:55:44,689 | INFO | fetch_order_book: symbol=CHIP/USDC limit=20
2026-05-08 20:55:44,940 | INFO | fetch_order_book: mid=0.07228 spread=5.53bps bids=20 asks=20
2026-05-08 20:55:45,819 | INFO | SPREAD | pair=CHIP/USDC | cex=0.07226/0.0723 | dex_sell=0.0723241 dex_buy=0.0723499 | spread_a=3.3bps spread_b=-12.4bps | min=30.0bps
2026-05-08 20:55:46,823 | INFO | fetch_order_book: symbol=CHIP/USDC limit=20
2026-05-08 20:55:47,071 | INFO | fetch_order_book: mid=0.072285 spread=6.92bps bids=20 asks=20
2026-05-08 20:55:48,039 | INFO | SPREAD | pair=CHIP/USDC | cex=0.07226/0.07231 | dex_sell=0.0723241 dex_buy=0.0723499 | spread_a=2.0bps spread_b=-12.4bps | min=30.0bps
2026-05-08 20:55:49,042 | INFO | fetch_order_book: symbol=CHIP/USDC limit=20
2026-05-08 20:55:49,291 | INFO | fetch_order_book: mid=0.07228 spread=5.53bps bids=20 asks=20
2026-05-08 20:55:50,187 | INFO | SPREAD | pair=CHIP/USDC | cex=0.07226/0.0723 | dex_sell=0.0723241 dex_buy=0.0723499 | spread_a=3.3bps spread_b=-12.4bps | min=30.0bps
2026-05-08 20:55:51,191 | INFO | fetch_order_book: symbol=CHIP/USDC limit=20
2026-05-08 20:55:51,442 | INFO | fetch_order_book: mid=0.07229 spread=5.53bps bids=20 asks=20
2026-05-08 20:55:52,394 | INFO | SPREAD | pair=CHIP/USDC | cex=0.07227/0.07231 | dex_sell=0.0723241 dex_buy=0.0723499 | spread_a=2.0bps spread_b=-11.0bps | min=30.0bps
2026-05-08 20:55:53,397 | INFO | fetch_order_book: symbol=CHIP/USDC limit=20
2026-05-08 20:55:53,677 | INFO | fetch_order_book: mid=0.072285 spread=6.92bps bids=20 asks=20
2026-05-08 20:55:54,577 | INFO | SPREAD | pair=CHIP/USDC | cex=0.07226/0.07231 | dex_sell=0.0723241 dex_buy=0.0723499 | spread_a=2.0bps spread_b=-12.4bps | min=30.0bps
2026-05-08 20:55:55,579 | INFO | fetch_order_book: symbol=CHIP/USDC limit=20
2026-05-08 20:55:55,831 | INFO | fetch_order_book: mid=0.072215 spread=4.15bps bids=20 asks=20
2026-05-08 20:55:56,771 | INFO | SPREAD | pair=CHIP/USDC | cex=0.0722/0.07223 | dex_sell=0.0723241 dex_buy=0.072239 | spread_a=13.0bps spread_b=-5.4bps | min=30.0bps
2026-05-08 20:55:57,775 | INFO | fetch_order_book: symbol=CHIP/USDC limit=20
2026-05-08 20:55:58,096 | INFO | fetch_order_book: mid=0.07222 spread=5.54bps bids=20 asks=20
2026-05-08 20:55:59,023 | INFO | SPREAD | pair=CHIP/USDC | cex=0.0722/0.07224 | dex_sell=0.0722134 dex_buy=0.072239 | spread_a=-3.7bps spread_b=-5.4bps | min=30.0bps
2026-05-08 20:56:00,026 | INFO | fetch_order_book: symbol=CHIP/USDC limit=20
2026-05-08 20:56:00,275 | INFO | fetch_order_book: mid=0.07215 spread=8.32bps bids=20 asks=20
2026-05-08 20:56:01,186 | INFO | SPREAD | pair=CHIP/USDC | cex=0.07212/0.07218 | dex_sell=0.0722134 dex_buy=0.072239 | spread_a=4.6bps spread_b=-16.5bps | min=30.0bps
2026-05-08 20:56:02,189 | INFO | fetch_order_book: symbol=CHIP/USDC limit=20
2026-05-08 20:56:02,437 | INFO | fetch_order_book: mid=0.07219 spread=5.54bps bids=20 asks=20
2026-05-08 20:56:03,370 | INFO | SPREAD | pair=CHIP/USDC | cex=0.07217/0.07221 | dex_sell=0.0722134 dex_buy=0.072239 | spread_a=0.5bps spread_b=-9.6bps | min=30.0bps
2026-05-08 20:56:04,373 | INFO | fetch_order_book: symbol=CHIP/USDC limit=20
2026-05-08 20:56:04,622 | INFO | fetch_order_book: mid=0.072185 spread=6.93bps bids=20 asks=20
2026-05-08 20:56:05,540 | INFO | SPREAD | pair=CHIP/USDC | cex=0.07216/0.07221 | dex_sell=0.0722134 dex_buy=0.072239 | spread_a=0.5bps spread_b=-10.9bps | min=30.0bps
2026-05-08 20:56:06,543 | INFO | fetch_order_book: symbol=CHIP/USDC limit=20
2026-05-08 20:56:06,792 | INFO | fetch_order_book: mid=0.072155 spread=6.93bps bids=20 asks=20
2026-05-08 20:56:07,681 | INFO | SPREAD | pair=CHIP/USDC | cex=0.07213/0.07218 | dex_sell=0.0721572 dex_buy=0.0721829 | spread_a=-3.2bps spread_b=-7.3bps | min=30.0bps
2026-05-08 20:56:08,684 | INFO | fetch_order_book: symbol=CHIP/USDC limit=20
2026-05-08 20:56:08,933 | INFO | fetch_order_book: mid=0.07220 spread=5.54bps bids=20 asks=20
2026-05-08 20:56:09,867 | INFO | SPREAD | pair=CHIP/USDC | cex=0.07218/0.07222 | dex_sell=0.0721572 dex_buy=0.0721829 | spread_a=-8.7bps spread_b=-0.4bps | min=30.0bps
2026-05-08 20:56:10,871 | INFO | fetch_order_book: symbol=CHIP/USDC limit=20
2026-05-08 20:56:11,121 | INFO | fetch_order_book: mid=0.07217 spread=5.54bps bids=20 asks=20
2026-05-08 20:56:11,993 | INFO | SPREAD | pair=CHIP/USDC | cex=0.07215/0.07219 | dex_sell=0.0721572 dex_buy=0.0721829 | spread_a=-4.5bps spread_b=-4.6bps | min=30.0bps
2026-05-08 20:56:12,996 | INFO | fetch_order_book: symbol=CHIP/USDC limit=20
2026-05-08 20:56:13,253 | INFO | fetch_order_book: mid=0.07217 spread=5.54bps bids=20 asks=20
2026-05-08 20:56:14,153 | INFO | SPREAD | pair=CHIP/USDC | cex=0.07215/0.07219 | dex_sell=0.0721572 dex_buy=0.0721829 | spread_a=-4.5bps spread_b=-4.6bps | min=30.0bps
2026-05-08 20:56:15,156 | INFO | fetch_order_book: symbol=CHIP/USDC limit=20
2026-05-08 20:56:15,441 | INFO | fetch_order_book: mid=0.07218 spread=8.31bps bids=20 asks=20
2026-05-08 20:56:16,362 | INFO | SPREAD | pair=CHIP/USDC | cex=0.07215/0.07221 | dex_sell=0.0721913 dex_buy=0.072217 | spread_a=-2.6bps spread_b=-9.3bps | min=30.0bps
2026-05-08 20:56:17,365 | INFO | fetch_order_book: symbol=CHIP/USDC limit=20
2026-05-08 20:56:17,612 | INFO | fetch_order_book: mid=0.072125 spread=6.93bps bids=20 asks=20
2026-05-08 20:56:18,511 | INFO | SPREAD | pair=CHIP/USDC | cex=0.0721/0.07215 | dex_sell=0.0721571 dex_buy=0.0721828 | spread_a=1.0bps spread_b=-11.5bps | min=30.0bps
2026-05-08 20:56:19,514 | INFO | fetch_order_book: symbol=CHIP/USDC limit=20
2026-05-08 20:56:19,764 | INFO | fetch_order_book: mid=0.072135 spread=6.93bps bids=20 asks=20
2026-05-08 20:56:20,688 | INFO | SPREAD | pair=CHIP/USDC | cex=0.07211/0.07216 | dex_sell=0.0721571 dex_buy=0.0721828 | spread_a=-0.4bps spread_b=-10.1bps | min=30.0bps
2026-05-08 20:56:21,692 | INFO | fetch_order_book: symbol=CHIP/USDC limit=20
2026-05-08 20:56:21,942 | INFO | fetch_order_book: mid=0.072065 spread=6.94bps bids=20 asks=20
2026-05-08 20:56:22,875 | INFO | SPREAD | pair=CHIP/USDC | cex=0.07204/0.07209 | dex_sell=0.0721017 dex_buy=0.0721274 | spread_a=1.6bps spread_b=-12.1bps | min=30.0bps
2026-05-08 20:56:23,879 | INFO | fetch_order_book: symbol=CHIP/USDC limit=20
2026-05-08 20:56:24,127 | INFO | fetch_order_book: mid=0.072065 spread=6.94bps bids=20 asks=20
2026-05-08 20:56:25,012 | INFO | SPREAD | pair=CHIP/USDC | cex=0.07204/0.07209 | dex_sell=0.0721017 dex_buy=0.0721274 | spread_a=1.6bps spread_b=-12.1bps | min=30.0bps
2026-05-08 20:56:26,015 | INFO | fetch_order_book: symbol=CHIP/USDC limit=20
2026-05-08 20:56:26,261 | INFO | fetch_order_book: mid=0.07201 spread=8.33bps bids=20 asks=20
2026-05-08 20:56:27,176 | INFO | SPREAD | pair=CHIP/USDC | cex=0.07198/0.07204 | dex_sell=0.0720177 dex_buy=0.0720433 | spread_a=-3.1bps spread_b=-8.8bps | min=30.0bps
2026-05-08 20:56:28,180 | INFO | fetch_order_book: symbol=CHIP/USDC limit=20
2026-05-08 20:56:28,433 | INFO | fetch_order_book: mid=0.07201 spread=2.78bps bids=20 asks=20
2026-05-08 20:56:29,351 | INFO | SPREAD | pair=CHIP/USDC | cex=0.072/0.07202 | dex_sell=0.0720177 dex_buy=0.0720433 | spread_a=-0.3bps spread_b=-6.0bps | min=30.0bps
2026-05-08 20:56:30,355 | INFO | fetch_order_book: symbol=CHIP/USDC limit=20
2026-05-08 20:56:30,602 | INFO | fetch_order_book: mid=0.072035 spread=6.94bps bids=20 asks=20
2026-05-08 20:56:31,501 | INFO | SPREAD | pair=CHIP/USDC | cex=0.07201/0.07206 | dex_sell=0.0720177 dex_buy=0.0720433 | spread_a=-5.9bps spread_b=-4.6bps | min=30.0bps
2026-05-08 20:56:32,504 | INFO | fetch_order_book: symbol=CHIP/USDC limit=20
2026-05-08 20:56:32,757 | INFO | fetch_order_book: mid=0.07202 spread=8.33bps bids=20 asks=20
2026-05-08 20:56:33,701 | INFO | SPREAD | pair=CHIP/USDC | cex=0.07199/0.07205 | dex_sell=0.0720177 dex_buy=0.0720433 | spread_a=-4.5bps spread_b=-7.4bps | min=30.0bps
2026-05-08 20:56:34,705 | INFO | fetch_order_book: symbol=CHIP/USDC limit=20
2026-05-08 20:56:35,035 | INFO | fetch_order_book: mid=0.071995 spread=4.17bps bids=20 asks=20
2026-05-08 20:56:35,941 | INFO | SPREAD | pair=CHIP/USDC | cex=0.07198/0.07201 | dex_sell=0.0720177 dex_buy=0.0720433 | spread_a=1.1bps spread_b=-8.8bps | min=30.0bps
2026-05-08 20:56:36,944 | INFO | fetch_order_book: symbol=CHIP/USDC limit=20
2026-05-08 20:56:37,193 | INFO | fetch_order_book: mid=0.072125 spread=6.93bps bids=20 asks=20
2026-05-08 20:56:38,156 | INFO | SPREAD | pair=CHIP/USDC | cex=0.0721/0.07215 | dex_sell=0.0720514 dex_buy=0.0721272 | spread_a=-13.7bps spread_b=-3.8bps | min=30.0bps
2026-05-08 20:56:39,159 | INFO | fetch_order_book: symbol=CHIP/USDC limit=20
2026-05-08 20:56:39,408 | INFO | fetch_order_book: mid=0.072145 spread=4.16bps bids=20 asks=20
2026-05-08 20:56:40,330 | INFO | SPREAD | pair=CHIP/USDC | cex=0.07213/0.07216 | dex_sell=0.0721016 dex_buy=0.0721272 | spread_a=-8.1bps spread_b=0.4bps | min=30.0bps
2026-05-08 20:56:41,333 | INFO | fetch_order_book: symbol=CHIP/USDC limit=20
2026-05-08 20:56:41,579 | INFO | fetch_order_book: mid=0.07213 spread=5.55bps bids=20 asks=20
2026-05-08 20:56:42,511 | INFO | SPREAD | pair=CHIP/USDC | cex=0.07211/0.07215 | dex_sell=0.0721415 dex_buy=0.0721672 | spread_a=-1.2bps spread_b=-7.9bps | min=30.0bps
2026-05-08 20:56:43,514 | INFO | fetch_order_book: symbol=CHIP/USDC limit=20
2026-05-08 20:56:43,764 | INFO | fetch_order_book: mid=0.072115 spread=4.16bps bids=20 asks=20
2026-05-08 20:56:44,666 | INFO | SPREAD | pair=CHIP/USDC | cex=0.0721/0.07213 | dex_sell=0.0721415 dex_buy=0.0721672 | spread_a=1.6bps spread_b=-9.3bps | min=30.0bps
2026-05-08 20:56:45,668 | INFO | fetch_order_book: symbol=CHIP/USDC limit=20
2026-05-08 20:56:45,916 | INFO | fetch_order_book: mid=0.072115 spread=4.16bps bids=20 asks=20
2026-05-08 20:56:46,827 | INFO | SPREAD | pair=CHIP/USDC | cex=0.0721/0.07213 | dex_sell=0.0721063 dex_buy=0.072132 | spread_a=-3.3bps spread_b=-4.4bps | min=30.0bps
2026-05-08 20:56:47,829 | INFO | fetch_order_book: symbol=CHIP/USDC limit=20
2026-05-08 20:56:48,079 | INFO | fetch_order_book: mid=0.07212 spread=5.55bps bids=20 asks=20
2026-05-08 20:56:49,076 | INFO | SPREAD | pair=CHIP/USDC | cex=0.0721/0.07214 | dex_sell=0.0721063 dex_buy=0.072132 | spread_a=-4.7bps spread_b=-4.4bps | min=30.0bps
2026-05-08 20:56:50,079 | INFO | fetch_order_book: symbol=CHIP/USDC limit=20
2026-05-08 20:56:50,356 | INFO | fetch_order_book: mid=0.07208 spread=5.55bps bids=20 asks=20
2026-05-08 20:56:51,292 | INFO | SPREAD | pair=CHIP/USDC | cex=0.07206/0.0721 | dex_sell=0.0720667 dex_buy=0.0720924 | spread_a=-4.6bps spread_b=-4.5bps | min=30.0bps
2026-05-08 20:56:52,295 | INFO | fetch_order_book: symbol=CHIP/USDC limit=20
2026-05-08 20:56:52,545 | INFO | fetch_order_book: mid=0.072075 spread=4.16bps bids=20 asks=20
2026-05-08 20:56:53,443 | INFO | SPREAD | pair=CHIP/USDC | cex=0.07206/0.07209 | dex_sell=0.0720667 dex_buy=0.0720924 | spread_a=-3.2bps spread_b=-4.5bps | min=30.0bps
2026-05-08 20:56:54,445 | INFO | fetch_order_book: symbol=CHIP/USDC limit=20
2026-05-08 20:56:54,707 | INFO | fetch_order_book: mid=0.072075 spread=6.94bps bids=20 asks=20
2026-05-08 20:56:55,660 | INFO | SPREAD | pair=CHIP/USDC | cex=0.07205/0.0721 | dex_sell=0.0720667 dex_buy=0.0720924 | spread_a=-4.6bps spread_b=-5.9bps | min=30.0bps
2026-05-08 20:56:56,662 | INFO | fetch_order_book: symbol=CHIP/USDC limit=20
2026-05-08 20:56:56,933 | INFO | fetch_order_book: mid=0.07206 spread=8.33bps bids=20 asks=20
2026-05-08 20:56:57,833 | INFO | SPREAD | pair=CHIP/USDC | cex=0.07203/0.07209 | dex_sell=0.0720464 dex_buy=0.072072 | spread_a=-6.0bps spread_b=-5.8bps | min=30.0bps
2026-05-08 20:56:58,836 | INFO | fetch_order_book: symbol=CHIP/USDC limit=20
2026-05-08 20:56:59,094 | INFO | fetch_order_book: mid=0.07206 spread=5.55bps bids=20 asks=20
2026-05-08 20:57:00,077 | INFO | SPREAD | pair=CHIP/USDC | cex=0.07204/0.07208 | dex_sell=0.0720464 dex_buy=0.072072 | spread_a=-4.7bps spread_b=-4.4bps | min=30.0bps
2026-05-08 20:57:01,079 | INFO | fetch_order_book: symbol=CHIP/USDC limit=20
2026-05-08 20:57:01,326 | INFO | fetch_order_book: mid=0.07202 spread=5.55bps bids=20 asks=20
2026-05-08 20:57:02,238 | INFO | SPREAD | pair=CHIP/USDC | cex=0.072/0.07204 | dex_sell=0.0720464 dex_buy=0.072072 | spread_a=0.9bps spread_b=-10.0bps | min=30.0bps
2026-05-08 20:57:03,240 | INFO | fetch_order_book: symbol=CHIP/USDC limit=20
2026-05-08 20:57:03,501 | INFO | fetch_order_book: mid=0.071985 spread=6.95bps bids=20 asks=20
2026-05-08 20:57:04,409 | INFO | SPREAD | pair=CHIP/USDC | cex=0.07196/0.07201 | dex_sell=0.0720176 dex_buy=0.0720432 | spread_a=1.1bps spread_b=-11.6bps | min=30.0bps
2026-05-08 20:57:05,411 | INFO | fetch_order_book: symbol=CHIP/USDC limit=20
2026-05-08 20:57:05,662 | INFO | fetch_order_book: mid=0.071935 spread=6.95bps bids=20 asks=20
2026-05-08 20:57:06,574 | INFO | SPREAD | pair=CHIP/USDC | cex=0.07191/0.07196 | dex_sell=0.0720176 dex_buy=0.0720432 | spread_a=8.0bps spread_b=-18.5bps | min=30.0bps
2026-05-08 20:57:07,576 | INFO | fetch_order_book: symbol=CHIP/USDC limit=20
2026-05-08 20:57:07,828 | INFO | fetch_order_book: mid=0.07202 spread=5.55bps bids=20 asks=20
2026-05-08 20:57:08,739 | INFO | SPREAD | pair=CHIP/USDC | cex=0.072/0.07204 | dex_sell=0.0719716 dex_buy=0.0719971 | spread_a=-9.5bps spread_b=0.4bps | min=30.0bps
2026-05-08 20:57:09,742 | INFO | fetch_order_book: symbol=CHIP/USDC limit=20
2026-05-08 20:57:09,989 | INFO | fetch_order_book: mid=0.071935 spread=6.95bps bids=20 asks=20
2026-05-08 20:57:10,933 | INFO | SPREAD | pair=CHIP/USDC | cex=0.07191/0.07196 | dex_sell=0.0719372 dex_buy=0.0719628 | spread_a=-3.2bps spread_b=-7.3bps | min=30.0bps
2026-05-08 20:57:11,935 | INFO | fetch_order_book: symbol=CHIP/USDC limit=20
2026-05-08 20:57:12,184 | INFO | fetch_order_book: mid=0.07193 spread=5.56bps bids=20 asks=20
2026-05-08 20:57:13,103 | INFO | SPREAD | pair=CHIP/USDC | cex=0.07191/0.07195 | dex_sell=0.0719372 dex_buy=0.0719628 | spread_a=-1.8bps spread_b=-7.3bps | min=30.0bps
2026-05-08 20:57:14,106 | INFO | fetch_order_book: symbol=CHIP/USDC limit=20
2026-05-08 20:57:14,360 | INFO | fetch_order_book: mid=0.07192 spread=5.56bps bids=20 asks=20
2026-05-08 20:57:15,268 | INFO | SPREAD | pair=CHIP/USDC | cex=0.0719/0.07194 | dex_sell=0.0719372 dex_buy=0.0719628 | spread_a=-0.4bps spread_b=-8.7bps | min=30.0bps
2026-05-08 20:57:16,270 | INFO | fetch_order_book: symbol=CHIP/USDC limit=20
2026-05-08 20:57:16,517 | INFO | fetch_order_book: mid=0.071945 spread=9.73bps bids=20 asks=20
2026-05-08 20:57:17,442 | INFO | SPREAD | pair=CHIP/USDC | cex=0.07191/0.07198 | dex_sell=0.0719372 dex_buy=0.0719628 | spread_a=-5.9bps spread_b=-7.3bps | min=30.0bps
2026-05-08 20:57:18,445 | INFO | fetch_order_book: symbol=CHIP/USDC limit=20
2026-05-08 20:57:18,693 | INFO | fetch_order_book: mid=0.071965 spread=6.95bps bids=20 asks=20
2026-05-08 20:57:19,612 | INFO | SPREAD | pair=CHIP/USDC | cex=0.07194/0.07199 | dex_sell=0.0719372 dex_buy=0.0719628 | spread_a=-7.3bps spread_b=-3.2bps | min=30.0bps
2026-05-08 20:57:20,614 | INFO | fetch_order_book: symbol=CHIP/USDC limit=20
2026-05-08 20:57:20,865 | INFO | fetch_order_book: mid=0.07198 spread=5.56bps bids=20 asks=20
2026-05-08 20:57:21,762 | INFO | SPREAD | pair=CHIP/USDC | cex=0.07196/0.072 | dex_sell=0.0719372 dex_buy=0.0719628 | spread_a=-8.7bps spread_b=-0.4bps | min=30.0bps
2026-05-08 20:57:22,764 | INFO | fetch_order_book: symbol=CHIP/USDC limit=20
2026-05-08 20:57:23,059 | INFO | fetch_order_book: mid=0.07197 spread=5.56bps bids=20 asks=20
2026-05-08 20:57:24,001 | INFO | SPREAD | pair=CHIP/USDC | cex=0.07195/0.07199 | dex_sell=0.0719372 dex_buy=0.0719628 | spread_a=-7.3bps spread_b=-1.8bps | min=30.0bps
2026-05-08 20:57:25,004 | INFO | fetch_order_book: symbol=CHIP/USDC limit=20
2026-05-08 20:57:25,257 | INFO | fetch_order_book: mid=0.07194 spread=8.34bps bids=20 asks=20
2026-05-08 20:57:26,221 | INFO | SPREAD | pair=CHIP/USDC | cex=0.07191/0.07197 | dex_sell=0.0719372 dex_buy=0.0719628 | spread_a=-4.6bps spread_b=-7.3bps | min=30.0bps
2026-05-08 20:57:27,223 | INFO | fetch_order_book: symbol=CHIP/USDC limit=20
2026-05-08 20:57:27,472 | INFO | fetch_order_book: mid=0.071925 spread=6.95bps bids=20 asks=20
2026-05-08 20:57:28,355 | INFO | SPREAD | pair=CHIP/USDC | cex=0.0719/0.07195 | dex_sell=0.0719372 dex_buy=0.0719628 | spread_a=-1.8bps spread_b=-8.7bps | min=30.0bps
2026-05-08 20:57:29,357 | INFO | fetch_order_book: symbol=CHIP/USDC limit=20
2026-05-08 20:57:29,610 | INFO | fetch_order_book: mid=0.071915 spread=4.17bps bids=20 asks=20
2026-05-08 20:57:30,502 | INFO | SPREAD | pair=CHIP/USDC | cex=0.0719/0.07193 | dex_sell=0.0719372 dex_buy=0.0719628 | spread_a=1.0bps spread_b=-8.7bps | min=30.0bps
2026-05-08 20:57:31,504 | INFO | fetch_order_book: symbol=CHIP/USDC limit=20
2026-05-08 20:57:31,751 | INFO | fetch_order_book: mid=0.071915 spread=4.17bps bids=20 asks=20
2026-05-08 20:57:32,723 | INFO | SPREAD | pair=CHIP/USDC | cex=0.0719/0.07193 | dex_sell=0.0719372 dex_buy=0.0719628 | spread_a=1.0bps spread_b=-8.7bps | min=30.0bps
2026-05-08 20:57:33,726 | INFO | fetch_order_book: symbol=CHIP/USDC limit=20
2026-05-08 20:57:33,974 | INFO | fetch_order_book: mid=0.071945 spread=6.95bps bids=20 asks=20
2026-05-08 20:57:34,910 | INFO | SPREAD | pair=CHIP/USDC | cex=0.07192/0.07197 | dex_sell=0.0719372 dex_buy=0.0719628 | spread_a=-4.6bps spread_b=-5.9bps | min=30.0bps
2026-05-08 20:57:35,912 | INFO | fetch_order_book: symbol=CHIP/USDC limit=20
2026-05-08 20:57:36,246 | INFO | fetch_order_book: mid=0.071915 spread=4.17bps bids=20 asks=20
2026-05-08 20:57:37,184 | INFO | SPREAD | pair=CHIP/USDC | cex=0.0719/0.07193 | dex_sell=0.0719372 dex_buy=0.0719628 | spread_a=1.0bps spread_b=-8.7bps | min=30.0bps
2026-05-08 20:57:38,186 | INFO | fetch_order_book: symbol=CHIP/USDC limit=20
2026-05-08 20:57:38,441 | INFO | fetch_order_book: mid=0.07193 spread=5.56bps bids=20 asks=20
2026-05-08 20:57:39,361 | INFO | SPREAD | pair=CHIP/USDC | cex=0.07191/0.07195 | dex_sell=0.0719372 dex_buy=0.0719628 | spread_a=-1.8bps spread_b=-7.3bps | min=30.0bps
2026-05-08 20:57:40,364 | INFO | fetch_order_book: symbol=CHIP/USDC limit=20
2026-05-08 20:57:40,613 | INFO | fetch_order_book: mid=0.071975 spread=1.39bps bids=20 asks=20
2026-05-08 20:57:41,520 | INFO | SPREAD | pair=CHIP/USDC | cex=0.07197/0.07198 | dex_sell=0.0719372 dex_buy=0.0719628 | spread_a=-5.9bps spread_b=1.0bps | min=30.0bps
2026-05-08 20:57:42,522 | INFO | fetch_order_book: symbol=CHIP/USDC limit=20
2026-05-08 20:57:42,769 | INFO | fetch_order_book: mid=0.07199 spread=2.78bps bids=20 asks=20
2026-05-08 20:57:43,704 | INFO | SPREAD | pair=CHIP/USDC | cex=0.07198/0.072 | dex_sell=0.0719372 dex_buy=0.0719628 | spread_a=-8.7bps spread_b=2.4bps | min=30.0bps
2026-05-08 20:57:44,706 | INFO | fetch_order_book: symbol=CHIP/USDC limit=20
2026-05-08 20:57:44,965 | INFO | fetch_order_book: mid=0.07205 spread=2.78bps bids=20 asks=20
2026-05-08 20:57:45,889 | INFO | SPREAD | pair=CHIP/USDC | cex=0.07204/0.07206 | dex_sell=0.0719813 dex_buy=0.0720068 | spread_a=-10.9bps spread_b=4.6bps | min=30.0bps
2026-05-08 20:57:46,892 | INFO | fetch_order_book: symbol=CHIP/USDC limit=20
2026-05-08 20:57:47,225 | INFO | fetch_order_book: mid=0.07200 spread=5.56bps bids=20 asks=20
2026-05-08 20:57:48,111 | INFO | SPREAD | pair=CHIP/USDC | cex=0.07198/0.07202 | dex_sell=0.0720314 dex_buy=0.0720223 | spread_a=1.6bps spread_b=-5.9bps | min=30.0bps
2026-05-08 20:57:49,113 | INFO | fetch_order_book: symbol=CHIP/USDC limit=20
2026-05-08 20:57:49,361 | INFO | fetch_order_book: mid=0.072005 spread=6.94bps bids=20 asks=20
2026-05-08 20:57:50,288 | INFO | SPREAD | pair=CHIP/USDC | cex=0.07198/0.07203 | dex_sell=0.0719967 dex_buy=0.0720223 | spread_a=-4.6bps spread_b=-5.9bps | min=30.0bps
2026-05-08 20:57:51,290 | INFO | fetch_order_book: symbol=CHIP/USDC limit=20
2026-05-08 20:57:51,539 | INFO | fetch_order_book: mid=0.071995 spread=4.17bps bids=20 asks=20
2026-05-08 20:57:52,453 | INFO | SPREAD | pair=CHIP/USDC | cex=0.07198/0.07201 | dex_sell=0.0720314 dex_buy=0.072012 | spread_a=3.0bps spread_b=-4.4bps | min=30.0bps
2026-05-08 20:57:53,456 | INFO | fetch_order_book: symbol=CHIP/USDC limit=20
2026-05-08 20:57:53,705 | INFO | fetch_order_book: mid=0.072005 spread=4.17bps bids=20 asks=20
2026-05-08 20:57:54,623 | INFO | SPREAD | pair=CHIP/USDC | cex=0.07199/0.07202 | dex_sell=0.0719864 dex_buy=0.072012 | spread_a=-4.7bps spread_b=-3.1bps | min=30.0bps
2026-05-08 20:57:55,626 | INFO | fetch_order_book: symbol=CHIP/USDC limit=20
2026-05-08 20:57:55,874 | INFO | fetch_order_book: mid=0.072005 spread=4.17bps bids=20 asks=20
2026-05-08 20:57:56,818 | INFO | SPREAD | pair=CHIP/USDC | cex=0.07199/0.07202 | dex_sell=0.0719864 dex_buy=0.072012 | spread_a=-4.7bps spread_b=-3.1bps | min=30.0bps
2026-05-08 20:57:57,821 | INFO | fetch_order_book: symbol=CHIP/USDC limit=20
2026-05-08 20:57:58,068 | INFO | fetch_order_book: mid=0.07200 spread=5.56bps bids=20 asks=20
2026-05-08 20:57:58,983 | INFO | SPREAD | pair=CHIP/USDC | cex=0.07198/0.07202 | dex_sell=0.0719864 dex_buy=0.072012 | spread_a=-4.7bps spread_b=-4.4bps | min=30.0bps
2026-05-08 20:57:59,985 | INFO | fetch_order_book: symbol=CHIP/USDC limit=20
2026-05-08 20:58:00,232 | INFO | fetch_order_book: mid=0.07199 spread=5.56bps bids=20 asks=20
2026-05-08 20:58:01,133 | INFO | SPREAD | pair=CHIP/USDC | cex=0.07197/0.07201 | dex_sell=0.0719864 dex_buy=0.072012 | spread_a=-3.3bps spread_b=-5.8bps | min=30.0bps
2026-05-08 20:58:02,135 | INFO | fetch_order_book: symbol=CHIP/USDC limit=20
2026-05-08 20:58:02,386 | INFO | fetch_order_book: mid=0.072015 spread=6.94bps bids=20 asks=20
2026-05-08 20:58:03,303 | INFO | SPREAD | pair=CHIP/USDC | cex=0.07199/0.07204 | dex_sell=0.0719864 dex_buy=0.072012 | spread_a=-7.4bps spread_b=-3.1bps | min=30.0bps
2026-05-08 20:58:04,306 | INFO | fetch_order_book: symbol=CHIP/USDC limit=20
2026-05-08 20:58:04,559 | INFO | fetch_order_book: mid=0.07203 spread=5.55bps bids=20 asks=20
2026-05-08 20:58:05,475 | INFO | SPREAD | pair=CHIP/USDC | cex=0.07201/0.07205 | dex_sell=0.0719864 dex_buy=0.0720569 | spread_a=-8.8bps spread_b=-6.5bps | min=30.0bps
2026-05-08 20:58:06,478 | INFO | fetch_order_book: symbol=CHIP/USDC limit=20
2026-05-08 20:58:06,726 | INFO | fetch_order_book: mid=0.072025 spread=6.94bps bids=20 asks=20
2026-05-08 20:58:07,673 | INFO | SPREAD | pair=CHIP/USDC | cex=0.072/0.07205 | dex_sell=0.0720115 dex_buy=0.0720371 | spread_a=-5.3bps spread_b=-5.1bps | min=30.0bps
2026-05-08 20:58:08,675 | INFO | fetch_order_book: symbol=CHIP/USDC limit=20
2026-05-08 20:58:08,927 | INFO | fetch_order_book: mid=0.07220 spread=5.54bps bids=20 asks=20
2026-05-08 20:58:09,878 | INFO | SPREAD | pair=CHIP/USDC | cex=0.07218/0.07222 | dex_sell=0.0721511 dex_buy=0.0722172 | spread_a=-9.5bps spread_b=-5.1bps | min=30.0bps
2026-05-08 20:58:10,880 | INFO | fetch_order_book: symbol=CHIP/USDC limit=20
2026-05-08 20:58:11,189 | INFO | fetch_order_book: mid=0.072195 spread=6.93bps bids=20 asks=20
2026-05-08 20:58:12,103 | INFO | SPREAD | pair=CHIP/USDC | cex=0.07217/0.07222 | dex_sell=0.0721915 dex_buy=0.0722172 | spread_a=-3.9bps spread_b=-6.5bps | min=30.0bps
2026-05-08 20:58:13,105 | INFO | fetch_order_book: symbol=CHIP/USDC limit=20
2026-05-08 20:58:13,353 | INFO | fetch_order_book: mid=0.072205 spread=4.15bps bids=20 asks=20
2026-05-08 20:58:14,267 | INFO | SPREAD | pair=CHIP/USDC | cex=0.07219/0.07222 | dex_sell=0.0721915 dex_buy=0.0722172 | spread_a=-3.9bps spread_b=-3.8bps | min=30.0bps
2026-05-08 20:58:15,269 | INFO | fetch_order_book: symbol=CHIP/USDC limit=20
2026-05-08 20:58:15,528 | INFO | fetch_order_book: mid=0.07223 spread=2.77bps bids=20 asks=20
2026-05-08 20:58:16,433 | INFO | SPREAD | pair=CHIP/USDC | cex=0.07222/0.07224 | dex_sell=0.0721915 dex_buy=0.0722172 | spread_a=-6.7bps spread_b=0.4bps | min=30.0bps
2026-05-08 20:58:17,435 | INFO | fetch_order_book: symbol=CHIP/USDC limit=20
2026-05-08 20:58:17,684 | INFO | fetch_order_book: mid=0.072225 spread=1.38bps bids=20 asks=20
2026-05-08 20:58:18,591 | INFO | SPREAD | pair=CHIP/USDC | cex=0.07222/0.07223 | dex_sell=0.0721915 dex_buy=0.0722172 | spread_a=-5.3bps spread_b=0.4bps | min=30.0bps
2026-05-08 20:58:19,593 | INFO | fetch_order_book: symbol=CHIP/USDC limit=20
2026-05-08 20:58:19,851 | INFO | fetch_order_book: mid=0.07223 spread=2.77bps bids=20 asks=20
2026-05-08 20:58:20,798 | INFO | SPREAD | pair=CHIP/USDC | cex=0.07222/0.07224 | dex_sell=0.0721915 dex_buy=0.0722172 | spread_a=-6.7bps spread_b=0.4bps | min=30.0bps
2026-05-08 20:58:21,800 | INFO | fetch_order_book: symbol=CHIP/USDC limit=20
2026-05-08 20:58:22,048 | INFO | fetch_order_book: mid=0.072255 spread=4.15bps bids=20 asks=20
2026-05-08 20:58:22,981 | INFO | SPREAD | pair=CHIP/USDC | cex=0.07224/0.07227 | dex_sell=0.0721915 dex_buy=0.0722172 | spread_a=-10.9bps spread_b=3.2bps | min=30.0bps
2026-05-08 20:58:23,984 | INFO | fetch_order_book: symbol=CHIP/USDC limit=20
2026-05-08 20:58:24,234 | INFO | fetch_order_book: mid=0.07231 spread=2.77bps bids=20 asks=20
2026-05-08 20:58:25,140 | INFO | SPREAD | pair=CHIP/USDC | cex=0.0723/0.07232 | dex_sell=0.0722916 dex_buy=0.0723173 | spread_a=-3.9bps spread_b=-2.4bps | min=30.0bps
2026-05-08 20:58:26,142 | INFO | fetch_order_book: symbol=CHIP/USDC limit=20
2026-05-08 20:58:26,391 | INFO | fetch_order_book: mid=0.07229 spread=5.53bps bids=20 asks=20
2026-05-08 20:58:27,297 | INFO | SPREAD | pair=CHIP/USDC | cex=0.07227/0.07231 | dex_sell=0.0722916 dex_buy=0.0723173 | spread_a=-2.5bps spread_b=-6.5bps | min=30.0bps
2026-05-08 20:58:28,300 | INFO | fetch_order_book: symbol=CHIP/USDC limit=20
2026-05-08 20:58:28,556 | INFO | fetch_order_book: mid=0.072355 spread=4.15bps bids=20 asks=20
2026-05-08 20:58:29,533 | INFO | SPREAD | pair=CHIP/USDC | cex=0.07234/0.07237 | dex_sell=0.0722916 dex_buy=0.0723173 | spread_a=-10.8bps spread_b=3.1bps | min=30.0bps
2026-05-08 20:58:30,536 | INFO | fetch_order_book: symbol=CHIP/USDC limit=20
2026-05-08 20:58:30,785 | INFO | fetch_order_book: mid=0.072385 spread=4.14bps bids=20 asks=20
2026-05-08 20:58:31,701 | INFO | SPREAD | pair=CHIP/USDC | cex=0.07237/0.0724 | dex_sell=0.0723712 dex_buy=0.0723969 | spread_a=-4.0bps spread_b=-3.7bps | min=30.0bps
2026-05-08 20:58:32,703 | INFO | fetch_order_book: symbol=CHIP/USDC limit=20
2026-05-08 20:58:33,019 | INFO | fetch_order_book: mid=0.072495 spread=6.90bps bids=20 asks=20
2026-05-08 20:58:33,921 | INFO | SPREAD | pair=CHIP/USDC | cex=0.07247/0.07252 | dex_sell=0.0724901 dex_buy=0.0725159 | spread_a=-4.1bps spread_b=-6.3bps | min=30.0bps
2026-05-08 20:58:34,923 | INFO | fetch_order_book: symbol=CHIP/USDC limit=20
2026-05-08 20:58:35,172 | INFO | fetch_order_book: mid=0.072505 spread=4.14bps bids=20 asks=20
2026-05-08 20:58:36,119 | INFO | SPREAD | pair=CHIP/USDC | cex=0.07249/0.07252 | dex_sell=0.0724901 dex_buy=0.0725159 | spread_a=-4.1bps spread_b=-3.6bps | min=30.0bps
2026-05-08 20:58:37,121 | INFO | fetch_order_book: symbol=CHIP/USDC limit=20
2026-05-08 20:58:37,370 | INFO | fetch_order_book: mid=0.07249 spread=5.52bps bids=20 asks=20
2026-05-08 20:58:38,333 | INFO | SPREAD | pair=CHIP/USDC | cex=0.07247/0.07251 | dex_sell=0.0724567 dex_buy=0.0724825 | spread_a=-7.4bps spread_b=-1.7bps | min=30.0bps
2026-05-08 20:58:39,335 | INFO | fetch_order_book: symbol=CHIP/USDC limit=20
2026-05-08 20:58:39,591 | INFO | fetch_order_book: mid=0.072495 spread=4.14bps bids=20 asks=20
2026-05-08 20:58:40,518 | INFO | SPREAD | pair=CHIP/USDC | cex=0.07248/0.07251 | dex_sell=0.0724567 dex_buy=0.0724825 | spread_a=-7.4bps spread_b=-0.3bps | min=30.0bps
2026-05-08 20:58:41,520 | INFO | fetch_order_book: symbol=CHIP/USDC limit=20
2026-05-08 20:58:41,770 | INFO | fetch_order_book: mid=0.07247 spread=5.52bps bids=20 asks=20
2026-05-08 20:58:42,711 | INFO | SPREAD | pair=CHIP/USDC | cex=0.07245/0.07249 | dex_sell=0.0724567 dex_buy=0.0724825 | spread_a=-4.6bps spread_b=-4.5bps | min=30.0bps
2026-05-08 20:58:43,713 | INFO | fetch_order_book: symbol=CHIP/USDC limit=20
2026-05-08 20:58:43,963 | INFO | fetch_order_book: mid=0.07240 spread=5.52bps bids=20 asks=20
2026-05-08 20:58:44,867 | INFO | SPREAD | pair=CHIP/USDC | cex=0.07238/0.07242 | dex_sell=0.0724567 dex_buy=0.0724421 | spread_a=5.1bps spread_b=-8.6bps | min=30.0bps
2026-05-08 20:58:45,869 | INFO | fetch_order_book: symbol=CHIP/USDC limit=20
2026-05-08 20:58:46,121 | INFO | fetch_order_book: mid=0.072505 spread=4.14bps bids=20 asks=20
2026-05-08 20:58:47,026 | INFO | SPREAD | pair=CHIP/USDC | cex=0.07249/0.07252 | dex_sell=0.072441 dex_buy=0.0724668 | spread_a=-10.9bps spread_b=3.2bps | min=30.0bps
2026-05-08 20:58:48,029 | INFO | fetch_order_book: symbol=CHIP/USDC limit=20
2026-05-08 20:58:48,284 | INFO | fetch_order_book: mid=0.072505 spread=4.14bps bids=20 asks=20
2026-05-08 20:58:49,198 | INFO | SPREAD | pair=CHIP/USDC | cex=0.07249/0.07252 | dex_sell=0.0724814 dex_buy=0.0725072 | spread_a=-5.3bps spread_b=-2.4bps | min=30.0bps
2026-05-08 20:58:50,200 | INFO | fetch_order_book: symbol=CHIP/USDC limit=20
2026-05-08 20:58:50,450 | INFO | fetch_order_book: mid=0.072505 spread=4.14bps bids=20 asks=20
2026-05-08 20:58:51,337 | INFO | SPREAD | pair=CHIP/USDC | cex=0.07249/0.07252 | dex_sell=0.0724814 dex_buy=0.0725072 | spread_a=-5.3bps spread_b=-2.4bps | min=30.0bps
2026-05-08 20:58:52,339 | INFO | fetch_order_book: symbol=CHIP/USDC limit=20
2026-05-08 20:58:52,589 | INFO | fetch_order_book: mid=0.072545 spread=4.14bps bids=20 asks=20
2026-05-08 20:58:53,521 | INFO | SPREAD | pair=CHIP/USDC | cex=0.07253/0.07256 | dex_sell=0.0725215 dex_buy=0.0725473 | spread_a=-5.3bps spread_b=-2.4bps | min=30.0bps
2026-05-08 20:58:54,523 | INFO | fetch_order_book: symbol=CHIP/USDC limit=20
2026-05-08 20:58:54,778 | INFO | fetch_order_book: mid=0.07252 spread=5.52bps bids=20 asks=20
2026-05-08 20:58:55,710 | INFO | SPREAD | pair=CHIP/USDC | cex=0.0725/0.07254 | dex_sell=0.0725215 dex_buy=0.0725473 | spread_a=-2.6bps spread_b=-6.5bps | min=30.0bps
2026-05-08 20:58:56,712 | INFO | fetch_order_book: symbol=CHIP/USDC limit=20
2026-05-08 20:58:56,975 | INFO | fetch_order_book: mid=0.07251 spread=5.52bps bids=20 asks=20
2026-05-08 20:58:57,908 | INFO | SPREAD | pair=CHIP/USDC | cex=0.07249/0.07253 | dex_sell=0.0724765 dex_buy=0.0725023 | spread_a=-7.4bps spread_b=-1.7bps | min=30.0bps
2026-05-08 20:58:58,911 | INFO | fetch_order_book: symbol=CHIP/USDC limit=20
2026-05-08 20:58:59,163 | INFO | fetch_order_book: mid=0.072515 spread=6.90bps bids=20 asks=20
2026-05-08 20:59:00,182 | INFO | SPREAD | pair=CHIP/USDC | cex=0.07249/0.07254 | dex_sell=0.0724765 dex_buy=0.0725023 | spread_a=-8.8bps spread_b=-1.7bps | min=30.0bps
2026-05-08 20:59:01,184 | INFO | fetch_order_book: symbol=CHIP/USDC limit=20
2026-05-08 20:59:01,432 | INFO | fetch_order_book: mid=0.07260 spread=5.51bps bids=20 asks=20
2026-05-08 20:59:02,502 | INFO | SPREAD | pair=CHIP/USDC | cex=0.07258/0.07262 | dex_sell=0.0725113 dex_buy=0.0725642 | spread_a=-15.0bps spread_b=2.2bps | min=30.0bps
2026-05-08 20:59:03,504 | INFO | fetch_order_book: symbol=CHIP/USDC limit=20
2026-05-08 20:59:03,755 | INFO | fetch_order_book: mid=0.07261 spread=5.51bps bids=20 asks=20
2026-05-08 20:59:04,694 | INFO | SPREAD | pair=CHIP/USDC | cex=0.07259/0.07263 | dex_sell=0.0725813 dex_buy=0.0726072 | spread_a=-6.7bps spread_b=-2.4bps | min=30.0bps
2026-05-08 20:59:05,697 | INFO | fetch_order_book: symbol=CHIP/USDC limit=20
2026-05-08 20:59:05,995 | INFO | fetch_order_book: mid=0.07261 spread=5.51bps bids=20 asks=20
2026-05-08 20:59:06,926 | INFO | SPREAD | pair=CHIP/USDC | cex=0.07259/0.07263 | dex_sell=0.0729082 dex_buy=0.0725735 | spread_a=38.3bps spread_b=2.3bps | min=30.0bps
2026-05-08 20:59:06,928 | INFO | SIGNAL | GENERATED | pair=CHIP/USDC | direction=buy_cex_sell_dex | size=145.0000 | spread=38.3bps | expected_pnl=$-0.10
2026-05-08 20:59:06,928 | INFO | SIGNAL | REJECTED_RISK | pair=CHIP/USDC | direction=buy_cex_sell_dex | size=145.0000 | spread=38.3bps | expected_pnl=$-0.10 | reason=Trade $10.53 > max_trade_usd $10
2026-05-08 20:59:06,928 | WARNING | Risk check rejected CHIPUSDC_46a82b4f: Trade $10.53 > max_trade_usd $10
2026-05-08 20:59:10,145 | INFO | fetch_order_book: symbol=CHIP/USDC limit=20
2026-05-08 20:59:10,393 | INFO | fetch_order_book: mid=0.07260 spread=2.75bps bids=20 asks=20
2026-05-08 20:59:11,340 | INFO | SPREAD | pair=CHIP/USDC | cex=0.07259/0.07261 | dex_sell=0.0725811 dex_buy=0.072607 | spread_a=-4.0bps spread_b=-2.3bps | min=30.0bps
2026-05-08 20:59:12,342 | INFO | fetch_order_book: symbol=CHIP/USDC limit=20
2026-05-08 20:59:12,594 | INFO | fetch_order_book: mid=0.07263 spread=2.75bps bids=20 asks=20
2026-05-08 20:59:13,537 | INFO | SPREAD | pair=CHIP/USDC | cex=0.07262/0.07264 | dex_sell=0.0725811 dex_buy=0.072607 | spread_a=-8.1bps spread_b=1.8bps | min=30.0bps
2026-05-08 20:59:14,540 | INFO | fetch_order_book: symbol=CHIP/USDC limit=20
2026-05-08 20:59:14,788 | INFO | fetch_order_book: mid=0.072655 spread=1.38bps bids=20 asks=20
2026-05-08 20:59:15,744 | INFO | SPREAD | pair=CHIP/USDC | cex=0.07265/0.07266 | dex_sell=0.0726212 dex_buy=0.0726471 | spread_a=-5.3bps spread_b=0.4bps | min=30.0bps
2026-05-08 20:59:16,746 | INFO | fetch_order_book: symbol=CHIP/USDC limit=20
2026-05-08 20:59:16,997 | INFO | fetch_order_book: mid=0.072665 spread=1.38bps bids=20 asks=20
2026-05-08 20:59:17,883 | INFO | SPREAD | pair=CHIP/USDC | cex=0.07266/0.07267 | dex_sell=0.0726212 dex_buy=0.0720005 | spread_a=-6.7bps spread_b=91.6bps | min=30.0bps
2026-05-08 20:59:17,884 | INFO | SIGNAL | GENERATED | pair=CHIP/USDC | direction=buy_dex_sell_cex | size=145.0000 | spread=91.6bps | expected_pnl=$-0.05
2026-05-08 20:59:17,884 | INFO | SIGNAL | REJECTED_RISK | pair=CHIP/USDC | direction=buy_dex_sell_cex | size=145.0000 | spread=91.6bps | expected_pnl=$-0.05 | reason=Trade $10.54 > max_trade_usd $10
2026-05-08 20:59:17,884 | WARNING | Risk check rejected CHIPUSDC_486aeb46: Trade $10.54 > max_trade_usd $10
2026-05-08 20:59:20,964 | INFO | fetch_order_book: symbol=CHIP/USDC limit=20
2026-05-08 20:59:21,213 | INFO | fetch_order_book: mid=0.072455 spread=4.14bps bids=20 asks=20
2026-05-08 20:59:22,174 | INFO | SPREAD | pair=CHIP/USDC | cex=0.07244/0.07247 | dex_sell=0.0725464 dex_buy=0.0725323 | spread_a=10.5bps spread_b=-12.7bps | min=30.0bps
2026-05-08 20:59:23,176 | INFO | fetch_order_book: symbol=CHIP/USDC limit=20
2026-05-08 20:59:23,484 | INFO | fetch_order_book: mid=0.07251 spread=5.52bps bids=20 asks=20
2026-05-08 20:59:24,403 | INFO | SPREAD | pair=CHIP/USDC | cex=0.07249/0.07253 | dex_sell=0.0724812 dex_buy=0.072507 | spread_a=-6.7bps spread_b=-2.3bps | min=30.0bps
2026-05-08 20:59:25,405 | INFO | fetch_order_book: symbol=CHIP/USDC limit=20
2026-05-08 20:59:25,654 | INFO | fetch_order_book: mid=0.072515 spread=6.90bps bids=20 asks=20
2026-05-08 20:59:26,563 | INFO | SPREAD | pair=CHIP/USDC | cex=0.07249/0.07254 | dex_sell=0.0724812 dex_buy=0.0725471 | spread_a=-8.1bps spread_b=-7.9bps | min=30.0bps
2026-05-08 20:59:27,565 | INFO | fetch_order_book: symbol=CHIP/USDC limit=20
2026-05-08 20:59:27,818 | INFO | fetch_order_book: mid=0.07252 spread=5.52bps bids=20 asks=20
2026-05-08 20:59:28,749 | INFO | SPREAD | pair=CHIP/USDC | cex=0.0725/0.07254 | dex_sell=0.0725213 dex_buy=0.0725471 | spread_a=-2.6bps spread_b=-6.5bps | min=30.0bps
2026-05-08 20:59:29,751 | INFO | fetch_order_book: symbol=CHIP/USDC limit=20
2026-05-08 20:59:30,002 | INFO | fetch_order_book: mid=0.07251 spread=5.52bps bids=20 asks=20
2026-05-08 20:59:30,910 | INFO | SPREAD | pair=CHIP/USDC | cex=0.07249/0.07253 | dex_sell=0.0725213 dex_buy=0.0725472 | spread_a=-1.2bps spread_b=-7.9bps | min=30.0bps
2026-05-08 20:59:31,912 | INFO | fetch_order_book: symbol=CHIP/USDC limit=20
2026-05-08 20:59:32,161 | INFO | fetch_order_book: mid=0.07252 spread=5.52bps bids=20 asks=20
2026-05-08 20:59:33,122 | INFO | SPREAD | pair=CHIP/USDC | cex=0.0725/0.07254 | dex_sell=0.0725213 dex_buy=0.0725472 | spread_a=-2.6bps spread_b=-6.5bps | min=30.0bps
2026-05-08 20:59:34,124 | INFO | fetch_order_book: symbol=CHIP/USDC limit=20
2026-05-08 20:59:34,372 | INFO | fetch_order_book: mid=0.07251 spread=5.52bps bids=20 asks=20
2026-05-08 20:59:35,279 | INFO | SPREAD | pair=CHIP/USDC | cex=0.07249/0.07253 | dex_sell=0.0725213 dex_buy=0.0725472 | spread_a=-1.2bps spread_b=-7.9bps | min=30.0bps
2026-05-08 20:59:36,282 | INFO | fetch_order_book: symbol=CHIP/USDC limit=20
2026-05-08 20:59:36,540 | INFO | fetch_order_book: mid=0.07251 spread=5.52bps bids=20 asks=20
2026-05-08 20:59:37,472 | INFO | SPREAD | pair=CHIP/USDC | cex=0.07249/0.07253 | dex_sell=0.0725213 dex_buy=0.0725472 | spread_a=-1.2bps spread_b=-7.9bps | min=30.0bps
2026-05-08 20:59:38,474 | INFO | fetch_order_book: symbol=CHIP/USDC limit=20
2026-05-08 20:59:38,725 | INFO | fetch_order_book: mid=0.072525 spread=6.89bps bids=20 asks=20
2026-05-08 20:59:39,660 | INFO | SPREAD | pair=CHIP/USDC | cex=0.0725/0.07255 | dex_sell=0.0725213 dex_buy=0.0725472 | spread_a=-4.0bps spread_b=-6.5bps | min=30.0bps
2026-05-08 20:59:40,663 | INFO | fetch_order_book: symbol=CHIP/USDC limit=20
2026-05-08 20:59:40,914 | INFO | fetch_order_book: mid=0.07252 spread=5.52bps bids=20 asks=20
2026-05-08 20:59:41,853 | INFO | SPREAD | pair=CHIP/USDC | cex=0.0725/0.07254 | dex_sell=0.0725213 dex_buy=0.0725472 | spread_a=-2.6bps spread_b=-6.5bps | min=30.0bps
2026-05-08 20:59:42,856 | INFO | fetch_order_book: symbol=CHIP/USDC limit=20
2026-05-08 20:59:43,186 | INFO | fetch_order_book: mid=0.07252 spread=5.52bps bids=20 asks=20
2026-05-08 20:59:44,084 | INFO | SPREAD | pair=CHIP/USDC | cex=0.0725/0.07254 | dex_sell=0.0725213 dex_buy=0.0725472 | spread_a=-2.6bps spread_b=-6.5bps | min=30.0bps
2026-05-08 20:59:45,086 | INFO | fetch_order_book: symbol=CHIP/USDC limit=20
2026-05-08 20:59:45,333 | INFO | fetch_order_book: mid=0.072525 spread=6.89bps bids=20 asks=20
2026-05-08 20:59:46,258 | INFO | SPREAD | pair=CHIP/USDC | cex=0.0725/0.07255 | dex_sell=0.0725213 dex_buy=0.0725472 | spread_a=-4.0bps spread_b=-6.5bps | min=30.0bps
2026-05-08 20:59:47,260 | INFO | fetch_order_book: symbol=CHIP/USDC limit=20
2026-05-08 20:59:47,511 | INFO | fetch_order_book: mid=0.07257 spread=5.51bps bids=20 asks=20
2026-05-08 20:59:48,634 | INFO | SPREAD | pair=CHIP/USDC | cex=0.07255/0.07259 | dex_sell=0.0725213 dex_buy=0.0725472 | spread_a=-9.5bps spread_b=0.4bps | min=30.0bps
2026-05-08 20:59:49,637 | INFO | fetch_order_book: symbol=CHIP/USDC limit=20
2026-05-08 20:59:49,888 | INFO | fetch_order_book: mid=0.07254 spread=5.51bps bids=20 asks=20
2026-05-08 20:59:50,940 | INFO | SPREAD | pair=CHIP/USDC | cex=0.07252/0.07256 | dex_sell=0.0725213 dex_buy=0.0725472 | spread_a=-5.3bps spread_b=-3.7bps | min=30.0bps
2026-05-08 20:59:51,943 | INFO | fetch_order_book: symbol=CHIP/USDC limit=20
2026-05-08 20:59:52,198 | INFO | fetch_order_book: mid=0.072575 spread=4.13bps bids=20 asks=20
2026-05-08 20:59:53,134 | INFO | SPREAD | pair=CHIP/USDC | cex=0.07256/0.07259 | dex_sell=0.0725213 dex_buy=0.0725472 | spread_a=-9.5bps spread_b=1.8bps | min=30.0bps
2026-05-08 20:59:54,136 | INFO | fetch_order_book: symbol=CHIP/USDC limit=20
2026-05-08 20:59:54,386 | INFO | fetch_order_book: mid=0.072575 spread=4.13bps bids=20 asks=20
2026-05-08 20:59:55,326 | INFO | SPREAD | pair=CHIP/USDC | cex=0.07256/0.07259 | dex_sell=0.0725213 dex_buy=0.0725472 | spread_a=-9.5bps spread_b=1.8bps | min=30.0bps
2026-05-08 20:59:56,328 | INFO | fetch_order_book: symbol=CHIP/USDC limit=20
2026-05-08 20:59:56,575 | INFO | fetch_order_book: mid=0.07258 spread=5.51bps bids=20 asks=20
2026-05-08 20:59:57,496 | INFO | SPREAD | pair=CHIP/USDC | cex=0.07256/0.0726 | dex_sell=0.0725712 dex_buy=0.072597 | spread_a=-4.0bps spread_b=-5.1bps | min=30.0bps
2026-05-08 20:59:58,499 | INFO | fetch_order_book: symbol=CHIP/USDC limit=20
2026-05-08 20:59:58,749 | INFO | fetch_order_book: mid=0.072605 spread=6.89bps bids=20 asks=20
2026-05-08 20:59:59,673 | INFO | SPREAD | pair=CHIP/USDC | cex=0.07258/0.07263 | dex_sell=0.0727572 dex_buy=0.0726524 | spread_a=17.5bps spread_b=-10.0bps | min=30.0bps
2026-05-08 21:00:00,675 | INFO | fetch_order_book: symbol=CHIP/USDC limit=20
2026-05-08 21:00:00,926 | INFO | fetch_order_book: mid=0.072625 spread=4.13bps bids=20 asks=20
2026-05-08 21:00:01,844 | INFO | SPREAD | pair=CHIP/USDC | cex=0.07261/0.07264 | dex_sell=0.0726266 dex_buy=0.0726525 | spread_a=-1.8bps spread_b=-5.8bps | min=30.0bps
2026-05-08 21:00:02,847 | INFO | fetch_order_book: symbol=CHIP/USDC limit=20
2026-05-08 21:00:03,097 | INFO | fetch_order_book: mid=0.072615 spread=6.89bps bids=20 asks=20
2026-05-08 21:00:04,029 | INFO | SPREAD | pair=CHIP/USDC | cex=0.07259/0.07264 | dex_sell=0.0726266 dex_buy=0.0726524 | spread_a=-1.8bps spread_b=-8.6bps | min=30.0bps
2026-05-08 21:00:05,031 | INFO | fetch_order_book: symbol=CHIP/USDC limit=20
2026-05-08 21:00:05,278 | INFO | fetch_order_book: mid=0.072625 spread=4.13bps bids=20 asks=20
2026-05-08 21:00:06,235 | INFO | SPREAD | pair=CHIP/USDC | cex=0.07261/0.07264 | dex_sell=0.0726266 dex_buy=0.0726525 | spread_a=-1.8bps spread_b=-5.8bps | min=30.0bps
2026-05-08 21:00:07,237 | INFO | fetch_order_book: symbol=CHIP/USDC limit=20
2026-05-08 21:00:07,500 | INFO | fetch_order_book: mid=0.072615 spread=4.13bps bids=20 asks=20
2026-05-08 21:00:08,435 | INFO | SPREAD | pair=CHIP/USDC | cex=0.0726/0.07263 | dex_sell=0.0726266 dex_buy=0.0726524 | spread_a=-0.5bps spread_b=-7.2bps | min=30.0bps
2026-05-08 21:00:09,438 | INFO | fetch_order_book: symbol=CHIP/USDC limit=20
2026-05-08 21:00:09,685 | INFO | fetch_order_book: mid=0.072615 spread=6.89bps bids=20 asks=20
2026-05-08 21:00:10,640 | INFO | SPREAD | pair=CHIP/USDC | cex=0.07259/0.07264 | dex_sell=0.0725927 dex_buy=0.0726185 | spread_a=-6.5bps spread_b=-3.9bps | min=30.0bps
2026-05-08 21:00:11,643 | INFO | fetch_order_book: symbol=CHIP/USDC limit=20
2026-05-08 21:00:11,893 | INFO | fetch_order_book: mid=0.07261 spread=5.51bps bids=20 asks=20
2026-05-08 21:00:12,870 | INFO | SPREAD | pair=CHIP/USDC | cex=0.07259/0.07263 | dex_sell=0.0725927 dex_buy=0.0726185 | spread_a=-5.1bps spread_b=-3.9bps | min=30.0bps
2026-05-08 21:00:13,872 | INFO | fetch_order_book: symbol=CHIP/USDC limit=20
2026-05-08 21:00:14,121 | INFO | fetch_order_book: mid=0.07261 spread=5.51bps bids=20 asks=20
2026-05-08 21:00:15,058 | INFO | SPREAD | pair=CHIP/USDC | cex=0.07259/0.07263 | dex_sell=0.0725927 dex_buy=0.0726185 | spread_a=-5.1bps spread_b=-3.9bps | min=30.0bps
2026-05-08 21:00:16,060 | INFO | fetch_order_book: symbol=CHIP/USDC limit=20
2026-05-08 21:00:16,312 | INFO | fetch_order_book: mid=0.07261 spread=5.51bps bids=20 asks=20
2026-05-08 21:00:17,235 | INFO | SPREAD | pair=CHIP/USDC | cex=0.07259/0.07263 | dex_sell=0.0725927 dex_buy=0.0726185 | spread_a=-5.1bps spread_b=-3.9bps | min=30.0bps
2026-05-08 21:00:18,238 | INFO | fetch_order_book: symbol=CHIP/USDC limit=20
2026-05-08 21:00:18,487 | INFO | fetch_order_book: mid=0.072595 spread=4.13bps bids=20 asks=20
2026-05-08 21:00:19,452 | INFO | SPREAD | pair=CHIP/USDC | cex=0.07258/0.07261 | dex_sell=0.0725927 dex_buy=0.0726185 | spread_a=-2.4bps spread_b=-5.3bps | min=30.0bps
2026-05-08 21:00:20,455 | INFO | fetch_order_book: symbol=CHIP/USDC limit=20
2026-05-08 21:00:20,703 | INFO | fetch_order_book: mid=0.07258 spread=5.51bps bids=20 asks=20
2026-05-08 21:00:21,620 | INFO | SPREAD | pair=CHIP/USDC | cex=0.07256/0.0726 | dex_sell=0.0725927 dex_buy=0.0726185 | spread_a=-1.0bps spread_b=-8.1bps | min=30.0bps
2026-05-08 21:00:22,622 | INFO | fetch_order_book: symbol=CHIP/USDC limit=20
2026-05-08 21:00:22,874 | INFO | fetch_order_book: mid=0.07247 spread=2.76bps bids=20 asks=20
2026-05-08 21:00:23,780 | INFO | SPREAD | pair=CHIP/USDC | cex=0.07246/0.07248 | dex_sell=0.0725927 dex_buy=0.0725265 | spread_a=15.5bps spread_b=-9.2bps | min=30.0bps
2026-05-08 21:00:24,782 | INFO | fetch_order_book: symbol=CHIP/USDC limit=20
2026-05-08 21:00:25,031 | INFO | fetch_order_book: mid=0.072495 spread=6.90bps bids=20 asks=20
2026-05-08 21:00:25,996 | INFO | SPREAD | pair=CHIP/USDC | cex=0.07247/0.07252 | dex_sell=0.0724661 dex_buy=0.0724919 | spread_a=-7.4bps spread_b=-3.0bps | min=30.0bps
2026-05-08 21:00:26,998 | INFO | fetch_order_book: symbol=CHIP/USDC limit=20
2026-05-08 21:00:27,248 | INFO | fetch_order_book: mid=0.072505 spread=4.14bps bids=20 asks=20
2026-05-08 21:00:28,165 | INFO | SPREAD | pair=CHIP/USDC | cex=0.07249/0.07252 | dex_sell=0.0725013 dex_buy=0.0725271 | spread_a=-2.6bps spread_b=-5.1bps | min=30.0bps
2026-05-08 21:00:29,167 | INFO | fetch_order_book: symbol=CHIP/USDC limit=20
2026-05-08 21:00:29,419 | INFO | fetch_order_book: mid=0.07251 spread=5.52bps bids=20 asks=20
2026-05-08 21:00:30,332 | INFO | SPREAD | pair=CHIP/USDC | cex=0.07249/0.07253 | dex_sell=0.0725013 dex_buy=0.0725271 | spread_a=-4.0bps spread_b=-5.1bps | min=30.0bps
2026-05-08 21:00:31,335 | INFO | fetch_order_book: symbol=CHIP/USDC limit=20
2026-05-08 21:00:31,597 | INFO | fetch_order_book: mid=0.072595 spread=4.13bps bids=20 asks=20
2026-05-08 21:00:32,504 | INFO | SPREAD | pair=CHIP/USDC | cex=0.07258/0.07261 | dex_sell=0.0725413 dex_buy=0.0725671 | spread_a=-9.5bps spread_b=1.8bps | min=30.0bps
2026-05-08 21:00:33,506 | INFO | fetch_order_book: symbol=CHIP/USDC limit=20
2026-05-08 21:00:33,756 | INFO | fetch_order_book: mid=0.07250 spread=5.52bps bids=20 asks=20
2026-05-08 21:00:34,694 | INFO | SPREAD | pair=CHIP/USDC | cex=0.07248/0.07252 | dex_sell=0.0725912 dex_buy=0.072617 | spread_a=9.8bps spread_b=-18.9bps | min=30.0bps
2026-05-08 21:00:35,697 | INFO | fetch_order_book: symbol=CHIP/USDC limit=20
2026-05-08 21:00:35,951 | INFO | fetch_order_book: mid=0.07247 spread=2.76bps bids=20 asks=20
2026-05-08 21:00:36,859 | INFO | SPREAD | pair=CHIP/USDC | cex=0.07246/0.07248 | dex_sell=0.0724666 dex_buy=0.0724924 | spread_a=-1.8bps spread_b=-4.5bps | min=30.0bps
2026-05-08 21:00:37,861 | INFO | fetch_order_book: symbol=CHIP/USDC limit=20
2026-05-08 21:00:38,108 | INFO | fetch_order_book: mid=0.07247 spread=2.76bps bids=20 asks=20
2026-05-08 21:00:39,012 | INFO | SPREAD | pair=CHIP/USDC | cex=0.07246/0.07248 | dex_sell=0.0724666 dex_buy=0.0724924 | spread_a=-1.8bps spread_b=-4.5bps | min=30.0bps
2026-05-08 21:00:40,014 | INFO | fetch_order_book: symbol=CHIP/USDC limit=20
2026-05-08 21:00:40,275 | INFO | fetch_order_book: mid=0.07330 spread=5.46bps bids=20 asks=20
2026-05-08 21:00:41,210 | INFO | SPREAD | pair=CHIP/USDC | cex=0.07328/0.07332 | dex_sell=0.073258 dex_buy=0.0732939 | spread_a=-8.5bps spread_b=-1.9bps | min=30.0bps
2026-05-08 21:00:42,212 | INFO | fetch_order_book: symbol=CHIP/USDC limit=20
2026-05-08 21:00:42,462 | INFO | fetch_order_book: mid=0.073355 spread=6.82bps bids=20 asks=20
2026-05-08 21:00:43,368 | INFO | SPREAD | pair=CHIP/USDC | cex=0.07333/0.07338 | dex_sell=0.0733338 dex_buy=0.0733533 | spread_a=-6.3bps spread_b=-3.2bps | min=30.0bps
2026-05-08 21:00:44,370 | INFO | fetch_order_book: symbol=CHIP/USDC limit=20
2026-05-08 21:00:44,623 | INFO | fetch_order_book: mid=0.07338 spread=8.18bps bids=20 asks=20
2026-05-08 21:00:45,576 | INFO | SPREAD | pair=CHIP/USDC | cex=0.07335/0.07341 | dex_sell=0.0732636 dex_buy=0.073363 | spread_a=-19.9bps spread_b=-1.8bps | min=30.0bps
2026-05-08 21:00:46,578 | INFO | fetch_order_book: symbol=CHIP/USDC limit=20
2026-05-08 21:00:46,827 | INFO | fetch_order_book: mid=0.07343 spread=2.72bps bids=20 asks=20
2026-05-08 21:00:47,746 | INFO | SPREAD | pair=CHIP/USDC | cex=0.07342/0.07344 | dex_sell=0.0733837 dex_buy=0.0734032 | spread_a=-7.7bps spread_b=2.3bps | min=30.0bps
2026-05-08 21:00:48,749 | INFO | fetch_order_book: symbol=CHIP/USDC limit=20
2026-05-08 21:00:48,997 | INFO | fetch_order_book: mid=0.07344 spread=8.17bps bids=20 asks=20
2026-05-08 21:00:49,917 | INFO | SPREAD | pair=CHIP/USDC | cex=0.07341/0.07347 | dex_sell=0.073359 dex_buy=0.0733785 | spread_a=-15.1bps spread_b=4.3bps | min=30.0bps
2026-05-08 21:00:50,919 | INFO | fetch_order_book: symbol=CHIP/USDC limit=20
2026-05-08 21:00:51,169 | INFO | fetch_order_book: mid=0.07353 spread=5.44bps bids=20 asks=20
2026-05-08 21:00:52,093 | INFO | SPREAD | pair=CHIP/USDC | cex=0.07351/0.07355 | dex_sell=0.0734938 dex_buy=0.0735133 | spread_a=-7.6bps spread_b=-0.5bps | min=30.0bps
2026-05-08 21:00:53,096 | INFO | fetch_order_book: symbol=CHIP/USDC limit=20
2026-05-08 21:00:53,342 | INFO | fetch_order_book: mid=0.07355 spread=5.44bps bids=20 asks=20
2026-05-08 21:00:54,264 | INFO | SPREAD | pair=CHIP/USDC | cex=0.07353/0.07357 | dex_sell=0.0734938 dex_buy=0.0735133 | spread_a=-10.4bps spread_b=2.3bps | min=30.0bps
2026-05-08 21:00:55,267 | INFO | fetch_order_book: symbol=CHIP/USDC limit=20
2026-05-08 21:00:55,517 | INFO | fetch_order_book: mid=0.07361 spread=8.15bps bids=20 asks=20
2026-05-08 21:00:56,413 | INFO | SPREAD | pair=CHIP/USDC | cex=0.07358/0.07364 | dex_sell=0.0735106 dex_buy=0.0735301 | spread_a=-17.6bps spread_b=6.8bps | min=30.0bps
2026-05-08 21:00:57,415 | INFO | fetch_order_book: symbol=CHIP/USDC limit=20
2026-05-08 21:00:57,664 | INFO | fetch_order_book: mid=0.07370 spread=5.43bps bids=20 asks=20
2026-05-08 21:00:58,595 | INFO | SPREAD | pair=CHIP/USDC | cex=0.07368/0.07372 | dex_sell=0.0736283 dex_buy=0.0736479 | spread_a=-12.4bps spread_b=4.4bps | min=30.0bps
2026-05-08 21:00:59,598 | INFO | fetch_order_book: symbol=CHIP/USDC limit=20
2026-05-08 21:00:59,866 | INFO | fetch_order_book: mid=0.073715 spread=6.78bps bids=20 asks=20
2026-05-08 21:01:00,786 | INFO | SPREAD | pair=CHIP/USDC | cex=0.07369/0.07374 | dex_sell=0.0736283 dex_buy=0.0736479 | spread_a=-15.1bps spread_b=5.7bps | min=30.0bps
2026-05-08 21:01:01,789 | INFO | fetch_order_book: symbol=CHIP/USDC limit=20
2026-05-08 21:01:02,037 | INFO | fetch_order_book: mid=0.073535 spread=6.80bps bids=20 asks=20
2026-05-08 21:01:02,947 | INFO | SPREAD | pair=CHIP/USDC | cex=0.07351/0.07356 | dex_sell=0.0735605 dex_buy=0.0735283 | spread_a=0.1bps spread_b=-2.5bps | min=30.0bps
2026-05-08 21:01:03,949 | INFO | fetch_order_book: symbol=CHIP/USDC limit=20
2026-05-08 21:01:04,263 | INFO | fetch_order_book: mid=0.07365 spread=2.72bps bids=20 asks=20
2026-05-08 21:01:05,364 | INFO | SPREAD | pair=CHIP/USDC | cex=0.07364/0.07366 | dex_sell=0.0735088 dex_buy=0.0735531 | spread_a=-20.5bps spread_b=11.8bps | min=30.0bps
2026-05-08 21:01:06,366 | INFO | fetch_order_book: symbol=CHIP/USDC limit=20
2026-05-08 21:01:06,617 | INFO | fetch_order_book: mid=0.073635 spread=6.79bps bids=20 asks=20
2026-05-08 21:01:07,542 | INFO | SPREAD | pair=CHIP/USDC | cex=0.07361/0.07366 | dex_sell=0.0735998 dex_buy=0.0736194 | spread_a=-8.2bps spread_b=-1.3bps | min=30.0bps
2026-05-08 21:01:08,544 | INFO | fetch_order_book: symbol=CHIP/USDC limit=20
2026-05-08 21:01:08,795 | INFO | fetch_order_book: mid=0.07365 spread=8.15bps bids=20 asks=20
2026-05-08 21:01:09,717 | INFO | SPREAD | pair=CHIP/USDC | cex=0.07362/0.07368 | dex_sell=0.0735998 dex_buy=0.0736194 | spread_a=-10.9bps spread_b=0.1bps | min=30.0bps
2026-05-08 21:01:10,719 | INFO | fetch_order_book: symbol=CHIP/USDC limit=20
2026-05-08 21:01:11,024 | INFO | fetch_order_book: mid=0.073675 spread=6.79bps bids=20 asks=20
2026-05-08 21:01:11,990 | INFO | SPREAD | pair=CHIP/USDC | cex=0.07365/0.0737 | dex_sell=0.0735998 dex_buy=0.0736194 | spread_a=-13.6bps spread_b=4.2bps | min=30.0bps
2026-05-08 21:01:12,993 | INFO | fetch_order_book: symbol=CHIP/USDC limit=20
2026-05-08 21:01:13,267 | INFO | fetch_order_book: mid=0.073625 spread=6.79bps bids=20 asks=20
2026-05-08 21:01:14,185 | INFO | SPREAD | pair=CHIP/USDC | cex=0.0736/0.07365 | dex_sell=0.073549 dex_buy=0.0736192 | spread_a=-13.7bps spread_b=-2.6bps | min=30.0bps
2026-05-08 21:01:15,188 | INFO | fetch_order_book: symbol=CHIP/USDC limit=20
2026-05-08 21:01:15,438 | INFO | fetch_order_book: mid=0.073575 spread=4.08bps bids=20 asks=20
2026-05-08 21:01:16,390 | INFO | SPREAD | pair=CHIP/USDC | cex=0.07356/0.07359 | dex_sell=0.0735996 dex_buy=0.0735886 | spread_a=1.3bps spread_b=-3.9bps | min=30.0bps
2026-05-08 21:01:17,392 | INFO | fetch_order_book: symbol=CHIP/USDC limit=20
2026-05-08 21:01:17,641 | INFO | fetch_order_book: mid=0.073625 spread=6.79bps bids=20 asks=20
2026-05-08 21:01:18,564 | INFO | SPREAD | pair=CHIP/USDC | cex=0.0736/0.07365 | dex_sell=0.0735936 dex_buy=0.0736131 | spread_a=-7.7bps spread_b=-1.8bps | min=30.0bps
2026-05-08 21:01:19,566 | INFO | fetch_order_book: symbol=CHIP/USDC limit=20
2026-05-08 21:01:19,814 | INFO | fetch_order_book: mid=0.07364 spread=5.43bps bids=20 asks=20
2026-05-08 21:01:20,697 | INFO | SPREAD | pair=CHIP/USDC | cex=0.07362/0.07366 | dex_sell=0.0735936 dex_buy=0.0736131 | spread_a=-9.0bps spread_b=0.9bps | min=30.0bps
2026-05-08 21:01:21,699 | INFO | fetch_order_book: symbol=CHIP/USDC limit=20
2026-05-08 21:01:21,962 | INFO | fetch_order_book: mid=0.07364 spread=5.43bps bids=20 asks=20
2026-05-08 21:01:22,938 | INFO | SPREAD | pair=CHIP/USDC | cex=0.07362/0.07366 | dex_sell=0.0735936 dex_buy=0.0736131 | spread_a=-9.0bps spread_b=0.9bps | min=30.0bps
2026-05-08 21:01:23,941 | INFO | fetch_order_book: symbol=CHIP/USDC limit=20
2026-05-08 21:01:24,204 | INFO | fetch_order_book: mid=0.073075 spread=15.05bps bids=20 asks=20
2026-05-08 21:01:25,161 | INFO | SPREAD | pair=CHIP/USDC | cex=0.07302/0.07313 | dex_sell=0.0735936 dex_buy=0.0736131 | spread_a=63.4bps spread_b=-80.6bps | min=30.0bps
2026-05-08 21:01:25,162 | INFO | SIGNAL | GENERATED | pair=CHIP/USDC | direction=buy_cex_sell_dex | size=145.0000 | spread=63.4bps | expected_pnl=$-0.08
2026-05-08 21:01:25,163 | INFO | SIGNAL | REJECTED_RISK | pair=CHIP/USDC | direction=buy_cex_sell_dex | size=145.0000 | spread=63.4bps | expected_pnl=$-0.08 | reason=Trade $10.60 > max_trade_usd $10
2026-05-08 21:01:25,163 | WARNING | Risk check rejected CHIPUSDC_a1a11886: Trade $10.60 > max_trade_usd $10
2026-05-08 21:01:28,246 | INFO | fetch_order_book: symbol=CHIP/USDC limit=20
2026-05-08 21:01:28,499 | INFO | fetch_order_book: mid=0.07283 spread=5.49bps bids=20 asks=20
2026-05-08 21:01:29,448 | INFO | SPREAD | pair=CHIP/USDC | cex=0.07281/0.07285 | dex_sell=0.072856 dex_buy=0.0728417 | spread_a=0.8bps spread_b=-4.4bps | min=30.0bps
2026-05-08 21:01:30,450 | INFO | fetch_order_book: symbol=CHIP/USDC limit=20
2026-05-08 21:01:30,706 | INFO | fetch_order_book: mid=0.072825 spread=4.12bps bids=20 asks=20
2026-05-08 21:01:31,684 | INFO | SPREAD | pair=CHIP/USDC | cex=0.07281/0.07284 | dex_sell=0.0728504 dex_buy=0.0728763 | spread_a=1.4bps spread_b=-9.1bps | min=30.0bps
2026-05-08 21:01:32,686 | INFO | fetch_order_book: symbol=CHIP/USDC limit=20
2026-05-08 21:01:32,938 | INFO | fetch_order_book: mid=0.072765 spread=4.12bps bids=20 asks=20
2026-05-08 21:01:33,883 | INFO | SPREAD | pair=CHIP/USDC | cex=0.07275/0.07278 | dex_sell=0.0727759 dex_buy=0.0728018 | spread_a=-0.6bps spread_b=-7.1bps | min=30.0bps
2026-05-08 21:01:34,886 | INFO | fetch_order_book: symbol=CHIP/USDC limit=20
2026-05-08 21:01:35,164 | INFO | fetch_order_book: mid=0.072775 spread=6.87bps bids=20 asks=20
2026-05-08 21:01:36,099 | INFO | SPREAD | pair=CHIP/USDC | cex=0.07275/0.0728 | dex_sell=0.0727759 dex_buy=0.0728018 | spread_a=-3.3bps spread_b=-7.1bps | min=30.0bps
2026-05-08 21:01:37,101 | INFO | fetch_order_book: symbol=CHIP/USDC limit=20
2026-05-08 21:01:37,351 | INFO | fetch_order_book: mid=0.07281 spread=8.24bps bids=20 asks=20
2026-05-08 21:01:38,267 | INFO | SPREAD | pair=CHIP/USDC | cex=0.07278/0.07284 | dex_sell=0.0727759 dex_buy=0.0728018 | spread_a=-8.8bps spread_b=-3.0bps | min=30.0bps
2026-05-08 21:01:39,269 | INFO | fetch_order_book: symbol=CHIP/USDC limit=20
2026-05-08 21:01:39,523 | INFO | fetch_order_book: mid=0.07293 spread=5.48bps bids=20 asks=20
2026-05-08 21:01:40,455 | INFO | SPREAD | pair=CHIP/USDC | cex=0.07291/0.07295 | dex_sell=0.0728506 dex_buy=0.0729163 | spread_a=-13.6bps spread_b=-0.9bps | min=30.0bps
2026-05-08 21:01:41,303 | INFO | Update id=722885984 is handled. Duration 77 ms by bot id=8642945117
2026-05-08 21:01:41,303 | WARNING | Received SIGTERM — shutting down.
2026-05-08 21:01:41,304 | INFO | Polling stopped
2026-05-08 21:01:41,309 | ERROR | Failed to fetch updates - TelegramNetworkError: HTTP Client says - ServerDisconnectedError: Server disconnected
2026-05-08 21:01:41,309 | WARNING | Sleep for 1.000000 seconds and try again... (tryings = 0, bot id = 8642945117)
2026-05-08 21:01:41,715 | INFO | Bot stopped.
2026-05-08 21:01:41,716 | INFO | Polling stopped for bot @arb_bot_peanutbot id=8642945117 - 'arb_bot_peanut'
