2026-05-08 21:03:06,757 | INFO | Logging to file: logs/bot_20260508_210306.log
2026-05-08 21:03:06,758 | INFO | Loading config: configs/chip_observe.yaml
2026-05-08 21:03:07,393 | INFO | Rate limits loaded from exchangeInfo: 6000 weight / 60s
2026-05-08 21:03:07,405 | INFO | Checking exchange connection...
2026-05-08 21:03:07,660 | INFO | Connected to exchange. Server time: 1778266987554
2026-05-08 21:03:07,671 | INFO | DEX engine: Uniswap V3 (fee_tier=100)
2026-05-08 21:03:07,676 | INFO | TxBuilder wired: address=0x84b7346c733Daa8c189e1f31d574087971e5cD7a dex=v3 fee_tier=100
2026-05-08 21:03:07,684 | WARNING | ⚠️  PRODUCTION MODE — REAL MONEY ⚠️
2026-05-08 21:03:07,684 | INFO | Bot starting | pairs=['CHIP/USDC'] | risk={'capital': '100', 'peak': '100', 'daily_pnl': '0', 'drawdown': '0.0%', 'consec_loss': 0, 'tph': 0}
2026-05-08 21:03:12,240 | INFO | API key is valid (expiration unknown).
2026-05-08 21:03:12,702 | INFO | fetch_order_book: symbol=CHIP/USDC limit=20
2026-05-08 21:03:12,703 | INFO | Start polling
2026-05-08 21:03:12,733 | INFO | Run polling for bot @arb_bot_peanutbot id=8642945117 - 'arb_bot_peanut'
2026-05-08 21:03:12,963 | INFO | fetch_order_book: mid=0.072735 spread=4.12bps bids=20 asks=20
2026-05-08 21:03:13,879 | INFO | SPREAD | pair=CHIP/USDC | cex=0.07272/0.07275 | dex_sell=0.0726762 dex_buy=0.0727009 | spread_a=-10.1bps spread_b=2.6bps | min=30.0bps
2026-05-08 21:03:14,882 | INFO | fetch_order_book: symbol=CHIP/USDC limit=20
2026-05-08 21:03:15,139 | INFO | fetch_order_book: mid=0.072805 spread=4.12bps bids=20 asks=20
2026-05-08 21:03:16,062 | INFO | SPREAD | pair=CHIP/USDC | cex=0.07279/0.07282 | dex_sell=0.072761 dex_buy=0.0727858 | spread_a=-8.1bps spread_b=0.6bps | min=30.0bps
2026-05-08 21:03:17,065 | INFO | fetch_order_book: symbol=CHIP/USDC limit=20
2026-05-08 21:03:17,322 | INFO | fetch_order_book: mid=0.072805 spread=4.12bps bids=20 asks=20
2026-05-08 21:03:18,222 | INFO | SPREAD | pair=CHIP/USDC | cex=0.07279/0.07282 | dex_sell=0.072761 dex_buy=0.0727858 | spread_a=-8.1bps spread_b=0.6bps | min=30.0bps
2026-05-08 21:03:19,224 | INFO | fetch_order_book: symbol=CHIP/USDC limit=20
2026-05-08 21:03:19,485 | INFO | fetch_order_book: mid=0.07279 spread=5.50bps bids=20 asks=20
2026-05-08 21:03:20,376 | INFO | SPREAD | pair=CHIP/USDC | cex=0.07277/0.07281 | dex_sell=0.072761 dex_buy=0.0727858 | spread_a=-6.7bps spread_b=-2.2bps | min=30.0bps
2026-05-08 21:03:21,379 | INFO | fetch_order_book: symbol=CHIP/USDC limit=20
2026-05-08 21:03:21,638 | INFO | fetch_order_book: mid=0.072805 spread=4.12bps bids=20 asks=20
2026-05-08 21:03:22,520 | INFO | SPREAD | pair=CHIP/USDC | cex=0.07279/0.07282 | dex_sell=0.072761 dex_buy=0.0727858 | spread_a=-8.1bps spread_b=0.6bps | min=30.0bps
2026-05-08 21:03:23,523 | INFO | fetch_order_book: symbol=CHIP/USDC limit=20
2026-05-08 21:03:23,781 | INFO | fetch_order_book: mid=0.07281 spread=5.49bps bids=20 asks=20
2026-05-08 21:03:24,673 | INFO | SPREAD | pair=CHIP/USDC | cex=0.07279/0.07283 | dex_sell=0.072761 dex_buy=0.0727858 | spread_a=-9.5bps spread_b=0.6bps | min=30.0bps
2026-05-08 21:03:25,676 | INFO | fetch_order_book: symbol=CHIP/USDC limit=20
2026-05-08 21:03:25,939 | INFO | fetch_order_book: mid=0.07281 spread=5.49bps bids=20 asks=20
2026-05-08 21:03:26,833 | INFO | SPREAD | pair=CHIP/USDC | cex=0.07279/0.07283 | dex_sell=0.072761 dex_buy=0.0727858 | spread_a=-9.5bps spread_b=0.6bps | min=30.0bps
2026-05-08 21:03:27,836 | INFO | fetch_order_book: symbol=CHIP/USDC limit=20
2026-05-08 21:03:28,809 | INFO | fetch_order_book: mid=0.072815 spread=6.87bps bids=20 asks=20
2026-05-08 21:03:29,691 | INFO | SPREAD | pair=CHIP/USDC | cex=0.07279/0.07284 | dex_sell=0.072761 dex_buy=0.0727858 | spread_a=-10.8bps spread_b=0.6bps | min=30.0bps
2026-05-08 21:03:30,694 | INFO | fetch_order_book: symbol=CHIP/USDC limit=20
2026-05-08 21:03:30,978 | INFO | fetch_order_book: mid=0.072775 spread=6.87bps bids=20 asks=20
2026-05-08 21:03:31,865 | INFO | SPREAD | pair=CHIP/USDC | cex=0.07275/0.0728 | dex_sell=0.072761 dex_buy=0.0727858 | spread_a=-5.4bps spread_b=-4.9bps | min=30.0bps
2026-05-08 21:03:32,867 | INFO | fetch_order_book: symbol=CHIP/USDC limit=20
2026-05-08 21:03:33,241 | INFO | fetch_order_book: mid=0.07281 spread=5.49bps bids=20 asks=20
2026-05-08 21:03:34,132 | INFO | SPREAD | pair=CHIP/USDC | cex=0.07279/0.07283 | dex_sell=0.072761 dex_buy=0.0727858 | spread_a=-9.5bps spread_b=0.6bps | min=30.0bps
2026-05-08 21:03:35,135 | INFO | fetch_order_book: symbol=CHIP/USDC limit=20
2026-05-08 21:03:35,412 | INFO | fetch_order_book: mid=0.07281 spread=5.49bps bids=20 asks=20
2026-05-08 21:03:36,317 | INFO | SPREAD | pair=CHIP/USDC | cex=0.07279/0.07283 | dex_sell=0.072761 dex_buy=0.0727858 | spread_a=-9.5bps spread_b=0.6bps | min=30.0bps
2026-05-08 21:03:37,319 | INFO | fetch_order_book: symbol=CHIP/USDC limit=20
2026-05-08 21:03:37,575 | INFO | fetch_order_book: mid=0.07293 spread=5.48bps bids=20 asks=20
2026-05-08 21:03:38,463 | INFO | SPREAD | pair=CHIP/USDC | cex=0.07291/0.07295 | dex_sell=0.0728609 dex_buy=0.0728857 | spread_a=-12.2bps spread_b=3.3bps | min=30.0bps
2026-05-08 21:03:39,466 | INFO | fetch_order_book: symbol=CHIP/USDC limit=20
2026-05-08 21:03:39,722 | INFO | fetch_order_book: mid=0.07293 spread=5.48bps bids=20 asks=20
2026-05-08 21:03:40,601 | INFO | SPREAD | pair=CHIP/USDC | cex=0.07291/0.07295 | dex_sell=0.0728609 dex_buy=0.0728857 | spread_a=-12.2bps spread_b=3.3bps | min=30.0bps
2026-05-08 21:03:41,603 | INFO | fetch_order_book: symbol=CHIP/USDC limit=20
2026-05-08 21:03:41,862 | INFO | fetch_order_book: mid=0.07297 spread=5.48bps bids=20 asks=20
2026-05-08 21:03:42,796 | INFO | SPREAD | pair=CHIP/USDC | cex=0.07295/0.07299 | dex_sell=0.0729209 dex_buy=0.0729859 | spread_a=-9.5bps spread_b=-4.9bps | min=30.0bps
2026-05-08 21:03:43,799 | INFO | fetch_order_book: symbol=CHIP/USDC limit=20
2026-05-08 21:03:44,055 | INFO | fetch_order_book: mid=0.073065 spread=6.84bps bids=20 asks=20
2026-05-08 21:03:44,967 | INFO | SPREAD | pair=CHIP/USDC | cex=0.07304/0.07309 | dex_sell=0.0730109 dex_buy=0.0730358 | spread_a=-10.8bps spread_b=0.6bps | min=30.0bps
2026-05-08 21:03:45,970 | INFO | fetch_order_book: symbol=CHIP/USDC limit=20
2026-05-08 21:03:46,228 | INFO | fetch_order_book: mid=0.07319 spread=8.20bps bids=20 asks=20
2026-05-08 21:03:47,105 | INFO | SPREAD | pair=CHIP/USDC | cex=0.07316/0.07322 | dex_sell=0.0730233 dex_buy=0.0731392 | spread_a=-26.9bps spread_b=2.8bps | min=30.0bps
2026-05-08 21:03:48,107 | INFO | fetch_order_book: symbol=CHIP/USDC limit=20
2026-05-08 21:03:48,373 | INFO | fetch_order_book: mid=0.07313 spread=8.20bps bids=20 asks=20
2026-05-08 21:03:49,304 | INFO | SPREAD | pair=CHIP/USDC | cex=0.0731/0.07316 | dex_sell=0.0731202 dex_buy=0.0731113 | spread_a=-5.4bps spread_b=-1.5bps | min=30.0bps
2026-05-08 21:03:50,306 | INFO | fetch_order_book: symbol=CHIP/USDC limit=20
2026-05-08 21:03:50,564 | INFO | fetch_order_book: mid=0.07313 spread=8.20bps bids=20 asks=20
2026-05-08 21:03:51,461 | INFO | SPREAD | pair=CHIP/USDC | cex=0.0731/0.07316 | dex_sell=0.0730864 dex_buy=0.0731113 | spread_a=-10.1bps spread_b=-1.5bps | min=30.0bps
2026-05-08 21:03:52,463 | INFO | fetch_order_book: symbol=CHIP/USDC limit=20
2026-05-08 21:03:52,718 | INFO | fetch_order_book: mid=0.07317 spread=5.47bps bids=20 asks=20
2026-05-08 21:03:53,659 | INFO | SPREAD | pair=CHIP/USDC | cex=0.07315/0.07319 | dex_sell=0.0730908 dex_buy=0.0731157 | spread_a=-13.6bps spread_b=4.7bps | min=30.0bps
2026-05-08 21:03:54,661 | INFO | fetch_order_book: symbol=CHIP/USDC limit=20
2026-05-08 21:03:54,923 | INFO | fetch_order_book: mid=0.07313 spread=5.47bps bids=20 asks=20
2026-05-08 21:03:55,824 | INFO | SPREAD | pair=CHIP/USDC | cex=0.07311/0.07315 | dex_sell=0.0730908 dex_buy=0.0731157 | spread_a=-8.1bps spread_b=-0.8bps | min=30.0bps
2026-05-08 21:03:56,826 | INFO | fetch_order_book: symbol=CHIP/USDC limit=20
2026-05-08 21:03:57,084 | INFO | fetch_order_book: mid=0.073115 spread=4.10bps bids=20 asks=20
2026-05-08 21:03:57,969 | INFO | SPREAD | pair=CHIP/USDC | cex=0.0731/0.07313 | dex_sell=0.0730908 dex_buy=0.0731157 | spread_a=-5.4bps spread_b=-2.1bps | min=30.0bps
2026-05-08 21:03:58,972 | INFO | fetch_order_book: symbol=CHIP/USDC limit=20
2026-05-08 21:03:59,229 | INFO | fetch_order_book: mid=0.07308 spread=5.47bps bids=20 asks=20
2026-05-08 21:04:00,151 | INFO | SPREAD | pair=CHIP/USDC | cex=0.07306/0.0731 | dex_sell=0.0730566 dex_buy=0.0730815 | spread_a=-5.9bps spread_b=-2.9bps | min=30.0bps
2026-05-08 21:04:01,153 | INFO | fetch_order_book: symbol=CHIP/USDC limit=20
2026-05-08 21:04:01,413 | INFO | fetch_order_book: mid=0.07307 spread=5.47bps bids=20 asks=20
2026-05-08 21:04:02,337 | INFO | SPREAD | pair=CHIP/USDC | cex=0.07305/0.07309 | dex_sell=0.0730566 dex_buy=0.0730815 | spread_a=-4.6bps spread_b=-4.3bps | min=30.0bps
2026-05-08 21:04:03,339 | INFO | fetch_order_book: symbol=CHIP/USDC limit=20
2026-05-08 21:04:03,602 | INFO | fetch_order_book: mid=0.073095 spread=6.84bps bids=20 asks=20
2026-05-08 21:04:04,487 | INFO | SPREAD | pair=CHIP/USDC | cex=0.07307/0.07312 | dex_sell=0.0730566 dex_buy=0.0730815 | spread_a=-8.7bps spread_b=-1.6bps | min=30.0bps
2026-05-08 21:04:05,489 | INFO | fetch_order_book: symbol=CHIP/USDC limit=20
2026-05-08 21:04:05,745 | INFO | fetch_order_book: mid=0.073145 spread=4.10bps bids=20 asks=20
2026-05-08 21:04:06,646 | INFO | SPREAD | pair=CHIP/USDC | cex=0.07313/0.07316 | dex_sell=0.0730566 dex_buy=0.0731158 | spread_a=-14.1bps spread_b=1.9bps | min=30.0bps
2026-05-08 21:04:07,648 | INFO | fetch_order_book: symbol=CHIP/USDC limit=20
2026-05-08 21:04:07,921 | INFO | fetch_order_book: mid=0.07314 spread=5.47bps bids=20 asks=20
2026-05-08 21:04:08,822 | INFO | SPREAD | pair=CHIP/USDC | cex=0.07312/0.07316 | dex_sell=0.0730909 dex_buy=0.0731158 | spread_a=-9.4bps spread_b=0.6bps | min=30.0bps
2026-05-08 21:04:09,825 | INFO | fetch_order_book: symbol=CHIP/USDC limit=20
2026-05-08 21:04:10,079 | INFO | fetch_order_book: mid=0.07314 spread=5.47bps bids=20 asks=20
2026-05-08 21:04:10,959 | INFO | SPREAD | pair=CHIP/USDC | cex=0.07312/0.07316 | dex_sell=0.0730909 dex_buy=0.0731117 | spread_a=-9.4bps spread_b=1.1bps | min=30.0bps
2026-05-08 21:04:11,962 | INFO | fetch_order_book: symbol=CHIP/USDC limit=20
2026-05-08 21:04:12,227 | INFO | fetch_order_book: mid=0.07314 spread=5.47bps bids=20 asks=20
2026-05-08 21:04:13,123 | INFO | SPREAD | pair=CHIP/USDC | cex=0.07312/0.07316 | dex_sell=0.0730868 dex_buy=0.0731117 | spread_a=-10.0bps spread_b=1.1bps | min=30.0bps
2026-05-08 21:04:14,125 | INFO | fetch_order_book: symbol=CHIP/USDC limit=20
2026-05-08 21:04:14,381 | INFO | fetch_order_book: mid=0.073175 spread=4.10bps bids=20 asks=20
2026-05-08 21:04:15,251 | INFO | SPREAD | pair=CHIP/USDC | cex=0.07316/0.07319 | dex_sell=0.0730868 dex_buy=0.0731117 | spread_a=-14.1bps spread_b=6.6bps | min=30.0bps
2026-05-08 21:04:16,253 | INFO | fetch_order_book: symbol=CHIP/USDC limit=20
2026-05-08 21:04:16,510 | INFO | fetch_order_book: mid=0.073215 spread=4.10bps bids=20 asks=20
2026-05-08 21:04:17,394 | INFO | SPREAD | pair=CHIP/USDC | cex=0.0732/0.07323 | dex_sell=0.0730868 dex_buy=0.0731117 | spread_a=-19.6bps spread_b=12.1bps | min=30.0bps
2026-05-08 21:04:18,396 | INFO | fetch_order_book: symbol=CHIP/USDC limit=20
2026-05-08 21:04:18,655 | INFO | fetch_order_book: mid=0.073215 spread=4.10bps bids=20 asks=20
2026-05-08 21:04:19,531 | INFO | SPREAD | pair=CHIP/USDC | cex=0.0732/0.07323 | dex_sell=0.0730868 dex_buy=0.0731117 | spread_a=-19.6bps spread_b=12.1bps | min=30.0bps
2026-05-08 21:04:20,533 | INFO | fetch_order_book: symbol=CHIP/USDC limit=20
2026-05-08 21:04:20,788 | INFO | fetch_order_book: mid=0.073225 spread=4.10bps bids=20 asks=20
2026-05-08 21:04:21,701 | INFO | SPREAD | pair=CHIP/USDC | cex=0.07321/0.07324 | dex_sell=0.0730868 dex_buy=0.0731117 | spread_a=-20.9bps spread_b=13.4bps | min=30.0bps
2026-05-08 21:04:22,703 | INFO | fetch_order_book: symbol=CHIP/USDC limit=20
2026-05-08 21:04:22,961 | INFO | fetch_order_book: mid=0.073155 spread=4.10bps bids=20 asks=20
2026-05-08 21:04:23,840 | INFO | SPREAD | pair=CHIP/USDC | cex=0.07314/0.07317 | dex_sell=0.0730868 dex_buy=0.0731117 | spread_a=-11.4bps spread_b=3.9bps | min=30.0bps
2026-05-08 21:04:24,843 | INFO | fetch_order_book: symbol=CHIP/USDC limit=20
2026-05-08 21:04:25,133 | INFO | fetch_order_book: mid=0.07315 spread=5.47bps bids=20 asks=20
2026-05-08 21:04:26,039 | INFO | SPREAD | pair=CHIP/USDC | cex=0.07313/0.07317 | dex_sell=0.0730868 dex_buy=0.0731117 | spread_a=-11.4bps spread_b=2.5bps | min=30.0bps
2026-05-08 21:04:27,041 | INFO | fetch_order_book: symbol=CHIP/USDC limit=20
2026-05-08 21:04:27,360 | INFO | fetch_order_book: mid=0.073175 spread=9.57bps bids=20 asks=20
2026-05-08 21:04:28,262 | INFO | SPREAD | pair=CHIP/USDC | cex=0.07314/0.07321 | dex_sell=0.0730868 dex_buy=0.0731117 | spread_a=-16.8bps spread_b=3.9bps | min=30.0bps
2026-05-08 21:04:29,264 | INFO | fetch_order_book: symbol=CHIP/USDC limit=20
2026-05-08 21:04:29,528 | INFO | fetch_order_book: mid=0.073175 spread=6.83bps bids=20 asks=20
2026-05-08 21:04:30,417 | INFO | SPREAD | pair=CHIP/USDC | cex=0.07315/0.0732 | dex_sell=0.0730868 dex_buy=0.0731117 | spread_a=-15.5bps spread_b=5.2bps | min=30.0bps
2026-05-08 21:04:31,419 | INFO | fetch_order_book: symbol=CHIP/USDC limit=20
2026-05-08 21:04:31,680 | INFO | fetch_order_book: mid=0.073145 spread=6.84bps bids=20 asks=20
2026-05-08 21:04:32,597 | INFO | SPREAD | pair=CHIP/USDC | cex=0.07312/0.07317 | dex_sell=0.0730868 dex_buy=0.0731117 | spread_a=-11.4bps spread_b=1.1bps | min=30.0bps
2026-05-08 21:04:33,599 | INFO | fetch_order_book: symbol=CHIP/USDC limit=20
2026-05-08 21:04:33,860 | INFO | fetch_order_book: mid=0.073145 spread=6.84bps bids=20 asks=20
2026-05-08 21:04:34,752 | INFO | SPREAD | pair=CHIP/USDC | cex=0.07312/0.07317 | dex_sell=0.0730868 dex_buy=0.0731117 | spread_a=-11.4bps spread_b=1.1bps | min=30.0bps
2026-05-08 21:04:35,755 | INFO | fetch_order_book: symbol=CHIP/USDC limit=20
2026-05-08 21:04:36,023 | INFO | fetch_order_book: mid=0.073185 spread=6.83bps bids=20 asks=20
2026-05-08 21:04:36,906 | INFO | SPREAD | pair=CHIP/USDC | cex=0.07316/0.07321 | dex_sell=0.0730868 dex_buy=0.0731117 | spread_a=-16.8bps spread_b=6.6bps | min=30.0bps
2026-05-08 21:04:37,908 | INFO | fetch_order_book: symbol=CHIP/USDC limit=20
2026-05-08 21:04:38,212 | INFO | fetch_order_book: mid=0.07325 spread=5.46bps bids=20 asks=20
2026-05-08 21:04:39,119 | INFO | SPREAD | pair=CHIP/USDC | cex=0.07323/0.07327 | dex_sell=0.0732444 dex_buy=0.0732392 | spread_a=-3.5bps spread_b=-1.3bps | min=30.0bps
2026-05-08 21:04:40,122 | INFO | fetch_order_book: symbol=CHIP/USDC limit=20
2026-05-08 21:04:40,378 | INFO | fetch_order_book: mid=0.07326 spread=5.46bps bids=20 asks=20
2026-05-08 21:04:41,278 | INFO | SPREAD | pair=CHIP/USDC | cex=0.07324/0.07328 | dex_sell=0.0731893 dex_buy=0.0732083 | spread_a=-12.4bps spread_b=4.3bps | min=30.0bps
2026-05-08 21:04:42,280 | INFO | fetch_order_book: symbol=CHIP/USDC limit=20
2026-05-08 21:04:42,569 | INFO | fetch_order_book: mid=0.073235 spread=1.37bps bids=20 asks=20
2026-05-08 21:04:43,441 | INFO | SPREAD | pair=CHIP/USDC | cex=0.07323/0.07324 | dex_sell=0.073214 dex_buy=0.073233 | spread_a=-3.6bps spread_b=-0.4bps | min=30.0bps
2026-05-08 21:04:44,443 | INFO | fetch_order_book: symbol=CHIP/USDC limit=20
2026-05-08 21:04:44,699 | INFO | fetch_order_book: mid=0.073205 spread=4.10bps bids=20 asks=20
2026-05-08 21:04:45,593 | INFO | SPREAD | pair=CHIP/USDC | cex=0.07319/0.07322 | dex_sell=0.0731894 dex_buy=0.0731783 | spread_a=-4.2bps spread_b=1.6bps | min=30.0bps
2026-05-08 21:04:46,595 | INFO | fetch_order_book: symbol=CHIP/USDC limit=20
2026-05-08 21:04:46,858 | INFO | fetch_order_book: mid=0.073255 spread=4.10bps bids=20 asks=20
2026-05-08 21:04:47,754 | INFO | SPREAD | pair=CHIP/USDC | cex=0.07324/0.07327 | dex_sell=0.0732138 dex_buy=0.0732328 | spread_a=-7.7bps spread_b=1.0bps | min=30.0bps
2026-05-08 21:04:48,755 | INFO | fetch_order_book: symbol=CHIP/USDC limit=20
2026-05-08 21:04:49,018 | INFO | fetch_order_book: mid=0.07331 spread=2.73bps bids=20 asks=20
2026-05-08 21:04:49,908 | INFO | SPREAD | pair=CHIP/USDC | cex=0.0733/0.07332 | dex_sell=0.0732206 dex_buy=0.0732396 | spread_a=-13.6bps spread_b=8.2bps | min=30.0bps
2026-05-08 21:04:50,910 | INFO | fetch_order_book: symbol=CHIP/USDC limit=20
2026-05-08 21:04:51,168 | INFO | fetch_order_book: mid=0.07330 spread=5.46bps bids=20 asks=20
2026-05-08 21:04:52,061 | INFO | SPREAD | pair=CHIP/USDC | cex=0.07328/0.07332 | dex_sell=0.0732866 dex_buy=0.0733056 | spread_a=-4.6bps spread_b=-3.5bps | min=30.0bps
2026-05-08 21:04:53,064 | INFO | fetch_order_book: symbol=CHIP/USDC limit=20
2026-05-08 21:04:53,336 | INFO | fetch_order_book: mid=0.07331 spread=5.46bps bids=20 asks=20
2026-05-08 21:04:54,230 | INFO | SPREAD | pair=CHIP/USDC | cex=0.07329/0.07333 | dex_sell=0.0732866 dex_buy=0.0733056 | spread_a=-5.9bps spread_b=-2.1bps | min=30.0bps
2026-05-08 21:04:55,233 | INFO | fetch_order_book: symbol=CHIP/USDC limit=20
2026-05-08 21:04:55,490 | INFO | fetch_order_book: mid=0.07332 spread=8.18bps bids=20 asks=20
2026-05-08 21:04:56,414 | INFO | SPREAD | pair=CHIP/USDC | cex=0.07329/0.07335 | dex_sell=0.0732866 dex_buy=0.0733056 | spread_a=-8.6bps spread_b=-2.1bps | min=30.0bps
2026-05-08 21:04:57,417 | INFO | fetch_order_book: symbol=CHIP/USDC limit=20
2026-05-08 21:04:57,710 | INFO | fetch_order_book: mid=0.073315 spread=6.82bps bids=20 asks=20
2026-05-08 21:04:58,646 | INFO | SPREAD | pair=CHIP/USDC | cex=0.07329/0.07334 | dex_sell=0.0732866 dex_buy=0.0733056 | spread_a=-7.3bps spread_b=-2.1bps | min=30.0bps
2026-05-08 21:04:59,649 | INFO | fetch_order_book: symbol=CHIP/USDC limit=20
2026-05-08 21:04:59,908 | INFO | fetch_order_book: mid=0.073315 spread=6.82bps bids=20 asks=20
2026-05-08 21:05:00,796 | INFO | SPREAD | pair=CHIP/USDC | cex=0.07329/0.07334 | dex_sell=0.0732866 dex_buy=0.0733056 | spread_a=-7.3bps spread_b=-2.1bps | min=30.0bps
2026-05-08 21:05:01,800 | INFO | fetch_order_book: symbol=CHIP/USDC limit=20
2026-05-08 21:05:02,078 | INFO | fetch_order_book: mid=0.073345 spread=6.82bps bids=20 asks=20
2026-05-08 21:05:03,004 | INFO | SPREAD | pair=CHIP/USDC | cex=0.07332/0.07337 | dex_sell=0.0732866 dex_buy=0.0733056 | spread_a=-11.4bps spread_b=2.0bps | min=30.0bps
2026-05-08 21:05:04,007 | INFO | fetch_order_book: symbol=CHIP/USDC limit=20
2026-05-08 21:05:04,340 | INFO | fetch_order_book: mid=0.07336 spread=2.73bps bids=20 asks=20
2026-05-08 21:05:05,285 | INFO | SPREAD | pair=CHIP/USDC | cex=0.07335/0.07337 | dex_sell=0.0732866 dex_buy=0.0733056 | spread_a=-11.4bps spread_b=6.1bps | min=30.0bps
2026-05-08 21:05:06,287 | INFO | fetch_order_book: symbol=CHIP/USDC limit=20
2026-05-08 21:05:06,543 | INFO | fetch_order_book: mid=0.07337 spread=5.45bps bids=20 asks=20
2026-05-08 21:05:07,456 | INFO | SPREAD | pair=CHIP/USDC | cex=0.07335/0.07339 | dex_sell=0.0732866 dex_buy=0.0733056 | spread_a=-14.1bps spread_b=6.1bps | min=30.0bps
2026-05-08 21:05:08,459 | INFO | fetch_order_book: symbol=CHIP/USDC limit=20
2026-05-08 21:05:09,092 | INFO | fetch_order_book: mid=0.07337 spread=5.45bps bids=20 asks=20
2026-05-08 21:05:10,008 | INFO | SPREAD | pair=CHIP/USDC | cex=0.07335/0.07339 | dex_sell=0.0732866 dex_buy=0.0733056 | spread_a=-14.1bps spread_b=6.1bps | min=30.0bps
2026-05-08 21:05:11,011 | INFO | fetch_order_book: symbol=CHIP/USDC limit=20
2026-05-08 21:05:11,271 | INFO | fetch_order_book: mid=0.07338 spread=5.45bps bids=20 asks=20
2026-05-08 21:05:12,162 | INFO | SPREAD | pair=CHIP/USDC | cex=0.07336/0.0734 | dex_sell=0.0732866 dex_buy=0.0733056 | spread_a=-15.4bps spread_b=7.4bps | min=30.0bps
2026-05-08 21:05:13,165 | INFO | fetch_order_book: symbol=CHIP/USDC limit=20
2026-05-08 21:05:13,422 | INFO | fetch_order_book: mid=0.07338 spread=5.45bps bids=20 asks=20
2026-05-08 21:05:14,291 | INFO | SPREAD | pair=CHIP/USDC | cex=0.07336/0.0734 | dex_sell=0.0732866 dex_buy=0.0733056 | spread_a=-15.4bps spread_b=7.4bps | min=30.0bps
2026-05-08 21:05:15,295 | INFO | fetch_order_book: symbol=CHIP/USDC limit=20
2026-05-08 21:05:16,038 | INFO | fetch_order_book: mid=0.07448 spread=8.06bps bids=20 asks=20
2026-05-08 21:05:16,970 | INFO | SPREAD | pair=CHIP/USDC | cex=0.07445/0.07451 | dex_sell=0.0743748 dex_buy=0.0744001 | spread_a=-18.1bps spread_b=6.7bps | min=30.0bps
2026-05-08 21:05:17,972 | INFO | fetch_order_book: symbol=CHIP/USDC limit=20
2026-05-08 21:05:18,238 | INFO | fetch_order_book: mid=0.074465 spread=6.71bps bids=20 asks=20
2026-05-08 21:05:19,139 | INFO | SPREAD | pair=CHIP/USDC | cex=0.07444/0.07449 | dex_sell=0.0743806 dex_buy=0.0743999 | spread_a=-14.7bps spread_b=5.4bps | min=30.0bps
2026-05-08 21:05:20,141 | INFO | fetch_order_book: symbol=CHIP/USDC limit=20
2026-05-08 21:05:20,400 | INFO | fetch_order_book: mid=0.074735 spread=9.37bps bids=20 asks=20
2026-05-08 21:05:21,324 | INFO | SPREAD | pair=CHIP/USDC | cex=0.0747/0.07477 | dex_sell=0.0746411 dex_buy=0.0746575 | spread_a=-17.2bps spread_b=5.7bps | min=30.0bps
2026-05-08 21:05:22,326 | INFO | fetch_order_book: symbol=CHIP/USDC limit=20
2026-05-08 21:05:22,584 | INFO | fetch_order_book: mid=0.074635 spread=4.02bps bids=20 asks=20
2026-05-08 21:05:23,479 | INFO | SPREAD | pair=CHIP/USDC | cex=0.07462/0.07465 | dex_sell=0.0746909 dex_buy=0.0746525 | spread_a=5.5bps spread_b=-4.4bps | min=30.0bps
2026-05-08 21:05:24,481 | INFO | fetch_order_book: symbol=CHIP/USDC limit=20
2026-05-08 21:05:24,739 | INFO | fetch_order_book: mid=0.074745 spread=6.69bps bids=20 asks=20
2026-05-08 21:05:25,667 | INFO | SPREAD | pair=CHIP/USDC | cex=0.07472/0.07477 | dex_sell=0.0746946 dex_buy=0.0747109 | spread_a=-10.1bps spread_b=1.2bps | min=30.0bps
2026-05-08 21:05:26,669 | INFO | fetch_order_book: symbol=CHIP/USDC limit=20
2026-05-08 21:05:27,011 | INFO | fetch_order_book: mid=0.07473 spread=5.35bps bids=20 asks=20
2026-05-08 21:05:27,926 | INFO | SPREAD | pair=CHIP/USDC | cex=0.07471/0.07475 | dex_sell=0.0746946 dex_buy=0.0747109 | spread_a=-7.4bps spread_b=-0.1bps | min=30.0bps
2026-05-08 21:05:28,927 | INFO | fetch_order_book: symbol=CHIP/USDC limit=20
2026-05-08 21:05:29,181 | INFO | fetch_order_book: mid=0.07465 spread=2.68bps bids=20 asks=20
2026-05-08 21:05:30,095 | INFO | SPREAD | pair=CHIP/USDC | cex=0.07464/0.07466 | dex_sell=0.0746944 dex_buy=0.0746636 | spread_a=4.6bps spread_b=-3.2bps | min=30.0bps
2026-05-08 21:05:31,097 | INFO | fetch_order_book: symbol=CHIP/USDC limit=20
2026-05-08 21:05:31,356 | INFO | fetch_order_book: mid=0.074495 spread=6.71bps bids=20 asks=20
2026-05-08 21:05:32,272 | INFO | SPREAD | pair=CHIP/USDC | cex=0.07447/0.07452 | dex_sell=0.0745193 dex_buy=0.0745386 | spread_a=-0.1bps spread_b=-9.2bps | min=30.0bps
2026-05-08 21:05:33,274 | INFO | fetch_order_book: symbol=CHIP/USDC limit=20
2026-05-08 21:05:33,529 | INFO | fetch_order_book: mid=0.07448 spread=8.06bps bids=20 asks=20
2026-05-08 21:05:34,414 | INFO | SPREAD | pair=CHIP/USDC | cex=0.07445/0.07451 | dex_sell=0.0745335 dex_buy=0.0745185 | spread_a=3.2bps spread_b=-9.2bps | min=30.0bps
2026-05-08 21:05:35,416 | INFO | fetch_order_book: symbol=CHIP/USDC limit=20
2026-05-08 21:05:35,675 | INFO | fetch_order_book: mid=0.07451 spread=8.05bps bids=20 asks=20
2026-05-08 21:05:36,564 | INFO | SPREAD | pair=CHIP/USDC | cex=0.07448/0.07454 | dex_sell=0.0744991 dex_buy=0.0745185 | spread_a=-5.5bps spread_b=-5.2bps | min=30.0bps
2026-05-08 21:05:37,566 | INFO | fetch_order_book: symbol=CHIP/USDC limit=20
2026-05-08 21:05:37,824 | INFO | fetch_order_book: mid=0.07464 spread=8.04bps bids=20 asks=20
2026-05-08 21:05:38,754 | INFO | SPREAD | pair=CHIP/USDC | cex=0.07461/0.07467 | dex_sell=0.0745435 dex_buy=0.0745628 | spread_a=-16.9bps spread_b=6.3bps | min=30.0bps
2026-05-08 21:05:39,757 | INFO | fetch_order_book: symbol=CHIP/USDC limit=20
2026-05-08 21:05:40,011 | INFO | fetch_order_book: mid=0.07465 spread=5.36bps bids=20 asks=20
2026-05-08 21:05:40,903 | INFO | SPREAD | pair=CHIP/USDC | cex=0.07463/0.07467 | dex_sell=0.0746422 dex_buy=0.0746586 | spread_a=-3.7bps spread_b=-3.8bps | min=30.0bps
2026-05-08 21:05:41,904 | INFO | fetch_order_book: symbol=CHIP/USDC limit=20
2026-05-08 21:05:42,166 | INFO | fetch_order_book: mid=0.07457 spread=8.05bps bids=20 asks=20
2026-05-08 21:05:43,063 | INFO | SPREAD | pair=CHIP/USDC | cex=0.07454/0.0746 | dex_sell=0.0745837 dex_buy=0.0746028 | spread_a=-2.2bps spread_b=-8.4bps | min=30.0bps
2026-05-08 21:05:44,065 | INFO | fetch_order_book: symbol=CHIP/USDC limit=20
2026-05-08 21:05:44,326 | INFO | fetch_order_book: mid=0.074665 spread=6.70bps bids=20 asks=20
2026-05-08 21:05:45,207 | INFO | SPREAD | pair=CHIP/USDC | cex=0.07464/0.07469 | dex_sell=0.0745837 dex_buy=0.0746029 | spread_a=-14.2bps spread_b=5.0bps | min=30.0bps
2026-05-08 21:05:46,209 | INFO | fetch_order_book: symbol=CHIP/USDC limit=20
2026-05-08 21:05:46,465 | INFO | fetch_order_book: mid=0.07468 spread=5.36bps bids=20 asks=20
2026-05-08 21:05:47,359 | INFO | SPREAD | pair=CHIP/USDC | cex=0.07466/0.0747 | dex_sell=0.0745837 dex_buy=0.0746028 | spread_a=-15.6bps spread_b=7.7bps | min=30.0bps
2026-05-08 21:05:48,361 | INFO | fetch_order_book: symbol=CHIP/USDC limit=20
2026-05-08 21:05:48,620 | INFO | fetch_order_book: mid=0.074705 spread=4.02bps bids=20 asks=20
2026-05-08 21:05:49,532 | INFO | SPREAD | pair=CHIP/USDC | cex=0.07469/0.07472 | dex_sell=0.0745837 dex_buy=0.0746028 | spread_a=-18.2bps spread_b=11.7bps | min=30.0bps
2026-05-08 21:05:50,535 | INFO | fetch_order_book: symbol=CHIP/USDC limit=20
2026-05-08 21:05:50,796 | INFO | fetch_order_book: mid=0.074625 spread=6.70bps bids=20 asks=20
2026-05-08 21:05:51,675 | INFO | SPREAD | pair=CHIP/USDC | cex=0.0746/0.07465 | dex_sell=0.0745837 dex_buy=0.0746028 | spread_a=-8.9bps spread_b=-0.4bps | min=30.0bps
2026-05-08 21:05:52,677 | INFO | fetch_order_book: symbol=CHIP/USDC limit=20
2026-05-08 21:05:52,936 | INFO | fetch_order_book: mid=0.074655 spread=6.70bps bids=20 asks=20
2026-05-08 21:05:53,809 | INFO | SPREAD | pair=CHIP/USDC | cex=0.07463/0.07468 | dex_sell=0.0745837 dex_buy=0.0746028 | spread_a=-12.9bps spread_b=3.6bps | min=30.0bps
2026-05-08 21:05:54,811 | INFO | fetch_order_book: symbol=CHIP/USDC limit=20
2026-05-08 21:05:55,071 | INFO | fetch_order_book: mid=0.074635 spread=6.70bps bids=20 asks=20
2026-05-08 21:05:55,962 | INFO | SPREAD | pair=CHIP/USDC | cex=0.07461/0.07466 | dex_sell=0.0745837 dex_buy=0.0746028 | spread_a=-10.2bps spread_b=1.0bps | min=30.0bps
2026-05-08 21:05:56,964 | INFO | fetch_order_book: symbol=CHIP/USDC limit=20
2026-05-08 21:05:57,221 | INFO | fetch_order_book: mid=0.07461 spread=8.04bps bids=20 asks=20
2026-05-08 21:05:58,118 | INFO | SPREAD | pair=CHIP/USDC | cex=0.07458/0.07464 | dex_sell=0.0745837 dex_buy=0.0746028 | spread_a=-7.5bps spread_b=-3.1bps | min=30.0bps
2026-05-08 21:05:59,121 | INFO | fetch_order_book: symbol=CHIP/USDC limit=20
2026-05-08 21:05:59,380 | INFO | fetch_order_book: mid=0.07459 spread=5.36bps bids=20 asks=20
2026-05-08 21:06:00,264 | INFO | SPREAD | pair=CHIP/USDC | cex=0.07457/0.07461 | dex_sell=0.0745837 dex_buy=0.0746028 | spread_a=-3.5bps spread_b=-4.4bps | min=30.0bps
2026-05-08 21:06:01,267 | INFO | fetch_order_book: symbol=CHIP/USDC limit=20
2026-05-08 21:06:01,532 | INFO | fetch_order_book: mid=0.074575 spread=6.70bps bids=20 asks=20
2026-05-08 21:06:02,413 | INFO | SPREAD | pair=CHIP/USDC | cex=0.07455/0.0746 | dex_sell=0.0745837 dex_buy=0.0745788 | spread_a=-2.2bps spread_b=-3.9bps | min=30.0bps
2026-05-08 21:06:03,416 | INFO | fetch_order_book: symbol=CHIP/USDC limit=20
2026-05-08 21:06:03,771 | INFO | fetch_order_book: mid=0.07460 spread=8.04bps bids=20 asks=20
2026-05-08 21:06:04,680 | INFO | SPREAD | pair=CHIP/USDC | cex=0.07457/0.07463 | dex_sell=0.0745946 dex_buy=0.074611 | spread_a=-4.7bps spread_b=-5.5bps | min=30.0bps
2026-05-08 21:06:05,682 | INFO | fetch_order_book: symbol=CHIP/USDC limit=20
2026-05-08 21:06:05,938 | INFO | fetch_order_book: mid=0.074545 spread=6.71bps bids=20 asks=20
2026-05-08 21:06:06,841 | INFO | SPREAD | pair=CHIP/USDC | cex=0.07452/0.07457 | dex_sell=0.0745691 dex_buy=0.0745885 | spread_a=-0.1bps spread_b=-9.2bps | min=30.0bps
2026-05-08 21:06:07,843 | INFO | fetch_order_book: symbol=CHIP/USDC limit=20
2026-05-08 21:06:08,329 | INFO | fetch_order_book: mid=0.074575 spread=6.70bps bids=20 asks=20
2026-05-08 21:06:09,216 | INFO | SPREAD | pair=CHIP/USDC | cex=0.07455/0.0746 | dex_sell=0.0745838 dex_buy=0.0745786 | spread_a=-2.2bps spread_b=-3.8bps | min=30.0bps
2026-05-08 21:06:10,219 | INFO | fetch_order_book: symbol=CHIP/USDC limit=20
2026-05-08 21:06:10,484 | INFO | fetch_order_book: mid=0.074615 spread=4.02bps bids=20 asks=20
2026-05-08 21:06:11,350 | INFO | SPREAD | pair=CHIP/USDC | cex=0.0746/0.07463 | dex_sell=0.0745837 dex_buy=0.0746028 | spread_a=-6.2bps spread_b=-0.4bps | min=30.0bps
2026-05-08 21:06:12,353 | INFO | fetch_order_book: symbol=CHIP/USDC limit=20
2026-05-08 21:06:13,018 | INFO | fetch_order_book: mid=0.07457 spread=5.36bps bids=20 asks=20
2026-05-08 21:06:13,913 | INFO | SPREAD | pair=CHIP/USDC | cex=0.07455/0.07459 | dex_sell=0.0744654 dex_buy=0.0745309 | spread_a=-16.7bps spread_b=2.6bps | min=30.0bps
2026-05-08 21:06:14,916 | INFO | fetch_order_book: symbol=CHIP/USDC limit=20
2026-05-08 21:06:15,181 | INFO | fetch_order_book: mid=0.07454 spread=5.37bps bids=20 asks=20
2026-05-08 21:06:16,095 | INFO | SPREAD | pair=CHIP/USDC | cex=0.07452/0.07456 | dex_sell=0.0745116 dex_buy=0.0745309 | spread_a=-6.5bps spread_b=-1.5bps | min=30.0bps
2026-05-08 21:06:17,098 | INFO | fetch_order_book: symbol=CHIP/USDC limit=20
2026-05-08 21:06:17,353 | INFO | fetch_order_book: mid=0.074495 spread=1.34bps bids=20 asks=20
2026-05-08 21:06:18,257 | INFO | SPREAD | pair=CHIP/USDC | cex=0.07449/0.0745 | dex_sell=0.0744893 dex_buy=0.0745087 | spread_a=-1.4bps spread_b=-2.5bps | min=30.0bps
2026-05-08 21:06:19,259 | INFO | fetch_order_book: symbol=CHIP/USDC limit=20
2026-05-08 21:06:19,518 | INFO | fetch_order_book: mid=0.07452 spread=5.37bps bids=20 asks=20
2026-05-08 21:06:20,444 | INFO | SPREAD | pair=CHIP/USDC | cex=0.0745/0.07454 | dex_sell=0.0744893 dex_buy=0.0745087 | spread_a=-6.8bps spread_b=-1.2bps | min=30.0bps
2026-05-08 21:06:21,447 | INFO | fetch_order_book: symbol=CHIP/USDC limit=20
2026-05-08 21:06:21,713 | INFO | fetch_order_book: mid=0.074505 spread=4.03bps bids=20 asks=20
2026-05-08 21:06:22,604 | INFO | SPREAD | pair=CHIP/USDC | cex=0.07449/0.07452 | dex_sell=0.0744893 dex_buy=0.0745087 | spread_a=-4.1bps spread_b=-2.5bps | min=30.0bps
2026-05-08 21:06:23,607 | INFO | fetch_order_book: symbol=CHIP/USDC limit=20
2026-05-08 21:06:23,866 | INFO | fetch_order_book: mid=0.07449 spread=2.68bps bids=20 asks=20
2026-05-08 21:06:24,813 | INFO | SPREAD | pair=CHIP/USDC | cex=0.07448/0.0745 | dex_sell=0.0744893 dex_buy=0.0745087 | spread_a=-1.4bps spread_b=-3.9bps | min=30.0bps
2026-05-08 21:06:25,816 | INFO | fetch_order_book: symbol=CHIP/USDC limit=20
2026-05-08 21:06:26,175 | INFO | fetch_order_book: mid=0.074495 spread=4.03bps bids=20 asks=20
2026-05-08 21:06:27,063 | INFO | SPREAD | pair=CHIP/USDC | cex=0.07448/0.07451 | dex_sell=0.0743944 dex_buy=0.0744137 | spread_a=-15.5bps spread_b=8.9bps | min=30.0bps
2026-05-08 21:06:28,065 | INFO | fetch_order_book: symbol=CHIP/USDC limit=20
2026-05-08 21:06:28,321 | INFO | fetch_order_book: mid=0.074455 spread=4.03bps bids=20 asks=20
2026-05-08 21:06:29,201 | INFO | SPREAD | pair=CHIP/USDC | cex=0.07444/0.07447 | dex_sell=0.0743944 dex_buy=0.0744137 | spread_a=-10.2bps spread_b=3.5bps | min=30.0bps
2026-05-08 21:06:30,203 | INFO | fetch_order_book: symbol=CHIP/USDC limit=20
2026-05-08 21:06:30,541 | INFO | fetch_order_book: mid=0.074465 spread=4.03bps bids=20 asks=20
2026-05-08 21:06:31,445 | INFO | SPREAD | pair=CHIP/USDC | cex=0.07445/0.07448 | dex_sell=0.0743944 dex_buy=0.0744137 | spread_a=-11.5bps spread_b=4.9bps | min=30.0bps
2026-05-08 21:06:32,447 | INFO | fetch_order_book: symbol=CHIP/USDC limit=20
2026-05-08 21:06:32,704 | INFO | fetch_order_book: mid=0.074405 spread=4.03bps bids=20 asks=20
2026-05-08 21:06:33,626 | INFO | SPREAD | pair=CHIP/USDC | cex=0.07439/0.07442 | dex_sell=0.0743944 dex_buy=0.0745001 | spread_a=-3.4bps spread_b=-14.8bps | min=30.0bps
2026-05-08 21:06:34,629 | INFO | fetch_order_book: symbol=CHIP/USDC limit=20
2026-05-08 21:06:34,885 | INFO | fetch_order_book: mid=0.074345 spread=4.04bps bids=20 asks=20
2026-05-08 21:06:35,765 | INFO | SPREAD | pair=CHIP/USDC | cex=0.07433/0.07436 | dex_sell=0.0743587 dex_buy=0.0743656 | spread_a=-0.2bps spread_b=-4.8bps | min=30.0bps
2026-05-08 21:06:36,767 | INFO | fetch_order_book: symbol=CHIP/USDC limit=20
2026-05-08 21:06:37,082 | INFO | fetch_order_book: mid=0.07431 spread=5.38bps bids=20 asks=20
2026-05-08 21:06:37,976 | INFO | SPREAD | pair=CHIP/USDC | cex=0.07429/0.07433 | dex_sell=0.0743193 dex_buy=0.0743386 | spread_a=-1.4bps spread_b=-6.5bps | min=30.0bps
2026-05-08 21:06:38,978 | INFO | fetch_order_book: symbol=CHIP/USDC limit=20
2026-05-08 21:06:39,244 | INFO | fetch_order_book: mid=0.074315 spread=4.04bps bids=20 asks=20
2026-05-08 21:06:40,200 | INFO | SPREAD | pair=CHIP/USDC | cex=0.0743/0.07433 | dex_sell=0.0743193 dex_buy=0.0743386 | spread_a=-1.4bps spread_b=-5.2bps | min=30.0bps
2026-05-08 21:06:41,202 | INFO | fetch_order_book: symbol=CHIP/USDC limit=20
2026-05-08 21:06:41,457 | INFO | fetch_order_book: mid=0.074285 spread=9.42bps bids=20 asks=20
2026-05-08 21:06:42,359 | INFO | SPREAD | pair=CHIP/USDC | cex=0.07425/0.07432 | dex_sell=0.0743436 dex_buy=0.0743629 | spread_a=3.2bps spread_b=-15.2bps | min=30.0bps
2026-05-08 21:06:43,362 | INFO | fetch_order_book: symbol=CHIP/USDC limit=20
2026-05-08 21:06:43,624 | INFO | fetch_order_book: mid=0.074385 spread=9.41bps bids=20 asks=20
2026-05-08 21:06:44,553 | INFO | SPREAD | pair=CHIP/USDC | cex=0.07435/0.07442 | dex_sell=0.0743093 dex_buy=0.0743729 | spread_a=-14.9bps spread_b=-3.1bps | min=30.0bps
2026-05-08 21:06:45,555 | INFO | fetch_order_book: symbol=CHIP/USDC limit=20
2026-05-08 21:06:45,843 | INFO | fetch_order_book: mid=0.074465 spread=4.03bps bids=20 asks=20
2026-05-08 21:06:46,734 | INFO | SPREAD | pair=CHIP/USDC | cex=0.07445/0.07448 | dex_sell=0.0743588 dex_buy=0.0743782 | spread_a=-16.3bps spread_b=9.7bps | min=30.0bps
2026-05-08 21:06:47,736 | INFO | fetch_order_book: symbol=CHIP/USDC limit=20
2026-05-08 21:06:47,996 | INFO | fetch_order_book: mid=0.07445 spread=5.37bps bids=20 asks=20
2026-05-08 21:06:48,913 | INFO | SPREAD | pair=CHIP/USDC | cex=0.07443/0.07447 | dex_sell=0.0744503 dex_buy=0.0744696 | spread_a=-2.6bps spread_b=-5.3bps | min=30.0bps
2026-05-08 21:06:49,915 | INFO | fetch_order_book: symbol=CHIP/USDC limit=20
2026-05-08 21:06:50,171 | INFO | fetch_order_book: mid=0.07451 spread=2.68bps bids=20 asks=20
2026-05-08 21:06:51,091 | INFO | SPREAD | pair=CHIP/USDC | cex=0.0745/0.07452 | dex_sell=0.0744502 dex_buy=0.0744695 | spread_a=-9.4bps spread_b=4.1bps | min=30.0bps
2026-05-08 21:06:52,093 | INFO | fetch_order_book: symbol=CHIP/USDC limit=20
2026-05-08 21:06:52,352 | INFO | fetch_order_book: mid=0.074465 spread=6.71bps bids=20 asks=20
2026-05-08 21:06:53,238 | INFO | SPREAD | pair=CHIP/USDC | cex=0.07444/0.07449 | dex_sell=0.0744194 dex_buy=0.0744387 | spread_a=-9.5bps spread_b=0.2bps | min=30.0bps
2026-05-08 21:06:54,240 | INFO | fetch_order_book: symbol=CHIP/USDC limit=20
2026-05-08 21:06:54,496 | INFO | fetch_order_book: mid=0.07445 spread=5.37bps bids=20 asks=20
2026-05-08 21:06:55,387 | INFO | SPREAD | pair=CHIP/USDC | cex=0.07443/0.07447 | dex_sell=0.0744194 dex_buy=0.0744387 | spread_a=-6.8bps spread_b=-1.2bps | min=30.0bps
2026-05-08 21:06:56,389 | INFO | fetch_order_book: symbol=CHIP/USDC limit=20
2026-05-08 21:06:56,657 | INFO | fetch_order_book: mid=0.074465 spread=4.03bps bids=20 asks=20
2026-05-08 21:06:57,571 | INFO | SPREAD | pair=CHIP/USDC | cex=0.07445/0.07448 | dex_sell=0.0744435 dex_buy=0.0744629 | spread_a=-4.9bps spread_b=-1.7bps | min=30.0bps
2026-05-08 21:06:58,573 | INFO | fetch_order_book: symbol=CHIP/USDC limit=20
2026-05-08 21:06:58,830 | INFO | fetch_order_book: mid=0.074465 spread=4.03bps bids=20 asks=20
2026-05-08 21:06:59,729 | INFO | SPREAD | pair=CHIP/USDC | cex=0.07445/0.07448 | dex_sell=0.0744435 dex_buy=0.0744629 | spread_a=-4.9bps spread_b=-1.7bps | min=30.0bps
2026-05-08 21:07:00,730 | INFO | fetch_order_book: symbol=CHIP/USDC limit=20
2026-05-08 21:07:00,988 | INFO | fetch_order_book: mid=0.07448 spread=5.37bps bids=20 asks=20
2026-05-08 21:07:01,901 | INFO | SPREAD | pair=CHIP/USDC | cex=0.07446/0.0745 | dex_sell=0.0744435 dex_buy=0.0744629 | spread_a=-7.6bps spread_b=-0.4bps | min=30.0bps
2026-05-08 21:07:02,903 | INFO | fetch_order_book: symbol=CHIP/USDC limit=20
2026-05-08 21:07:03,159 | INFO | fetch_order_book: mid=0.07437 spread=2.69bps bids=20 asks=20
2026-05-08 21:07:04,050 | INFO | SPREAD | pair=CHIP/USDC | cex=0.07436/0.07438 | dex_sell=0.0743891 dex_buy=0.0743785 | spread_a=1.2bps spread_b=-2.5bps | min=30.0bps
2026-05-08 21:07:05,052 | INFO | fetch_order_book: symbol=CHIP/USDC limit=20
2026-05-08 21:07:05,508 | INFO | fetch_order_book: mid=0.07437 spread=2.69bps bids=20 asks=20
2026-05-08 21:07:06,382 | INFO | SPREAD | pair=CHIP/USDC | cex=0.07436/0.07438 | dex_sell=0.0743836 dex_buy=0.0744029 | spread_a=0.5bps spread_b=-5.8bps | min=30.0bps
2026-05-08 21:07:07,384 | INFO | fetch_order_book: symbol=CHIP/USDC limit=20
2026-05-08 21:07:07,641 | INFO | fetch_order_book: mid=0.07430 spread=2.69bps bids=20 asks=20
2026-05-08 21:07:08,540 | INFO | SPREAD | pair=CHIP/USDC | cex=0.07429/0.07431 | dex_sell=0.0743293 dex_buy=0.0743087 | spread_a=2.6bps spread_b=-2.5bps | min=30.0bps
2026-05-08 21:07:09,542 | INFO | fetch_order_book: symbol=CHIP/USDC limit=20
2026-05-08 21:07:09,798 | INFO | fetch_order_book: mid=0.07430 spread=5.38bps bids=20 asks=20
2026-05-08 21:07:10,674 | INFO | SPREAD | pair=CHIP/USDC | cex=0.07428/0.07432 | dex_sell=0.0742892 dex_buy=0.0743084 | spread_a=-4.2bps spread_b=-3.8bps | min=30.0bps
2026-05-08 21:07:11,676 | INFO | fetch_order_book: symbol=CHIP/USDC limit=20
2026-05-08 21:07:11,940 | INFO | fetch_order_book: mid=0.07433 spread=5.38bps bids=20 asks=20
2026-05-08 21:07:12,821 | INFO | SPREAD | pair=CHIP/USDC | cex=0.07431/0.07435 | dex_sell=0.0742892 dex_buy=0.0743084 | spread_a=-8.2bps spread_b=0.2bps | min=30.0bps
2026-05-08 21:07:13,823 | INFO | fetch_order_book: symbol=CHIP/USDC limit=20
2026-05-08 21:07:14,081 | INFO | fetch_order_book: mid=0.074305 spread=6.73bps bids=20 asks=20
2026-05-08 21:07:14,983 | INFO | SPREAD | pair=CHIP/USDC | cex=0.07428/0.07433 | dex_sell=0.0742992 dex_buy=0.0743185 | spread_a=-4.1bps spread_b=-5.2bps | min=30.0bps
2026-05-08 21:07:15,985 | INFO | fetch_order_book: symbol=CHIP/USDC limit=20
2026-05-08 21:07:16,253 | INFO | fetch_order_book: mid=0.074345 spread=4.04bps bids=20 asks=20
2026-05-08 21:07:17,155 | INFO | SPREAD | pair=CHIP/USDC | cex=0.07433/0.07436 | dex_sell=0.0742992 dex_buy=0.0743429 | spread_a=-8.2bps spread_b=-1.7bps | min=30.0bps
2026-05-08 21:07:18,158 | INFO | fetch_order_book: symbol=CHIP/USDC limit=20
2026-05-08 21:07:18,414 | INFO | fetch_order_book: mid=0.074305 spread=4.04bps bids=20 asks=20
2026-05-08 21:07:19,324 | INFO | SPREAD | pair=CHIP/USDC | cex=0.07429/0.07432 | dex_sell=0.0743336 dex_buy=0.0743529 | spread_a=1.8bps spread_b=-8.5bps | min=30.0bps
2026-05-08 21:07:20,326 | INFO | fetch_order_book: symbol=CHIP/USDC limit=20
2026-05-08 21:07:20,592 | INFO | fetch_order_book: mid=0.07428 spread=2.69bps bids=20 asks=20
2026-05-08 21:07:21,471 | INFO | SPREAD | pair=CHIP/USDC | cex=0.07427/0.07429 | dex_sell=0.0742793 dex_buy=0.0742685 | spread_a=-1.4bps spread_b=0.2bps | min=30.0bps
2026-05-08 21:07:22,473 | INFO | fetch_order_book: symbol=CHIP/USDC limit=20
2026-05-08 21:07:22,750 | INFO | fetch_order_book: mid=0.074295 spread=4.04bps bids=20 asks=20
2026-05-08 21:07:23,658 | INFO | SPREAD | pair=CHIP/USDC | cex=0.07428/0.07431 | dex_sell=0.0742736 dex_buy=0.0742929 | spread_a=-4.9bps spread_b=-1.7bps | min=30.0bps
2026-05-08 21:07:24,660 | INFO | fetch_order_book: symbol=CHIP/USDC limit=20
2026-05-08 21:07:24,950 | INFO | fetch_order_book: mid=0.07435 spread=2.69bps bids=20 asks=20
2026-05-08 21:07:25,855 | INFO | SPREAD | pair=CHIP/USDC | cex=0.07434/0.07436 | dex_sell=0.0743337 dex_buy=0.074353 | spread_a=-3.5bps spread_b=-1.7bps | min=30.0bps
2026-05-08 21:07:26,857 | INFO | fetch_order_book: symbol=CHIP/USDC limit=20
2026-05-08 21:07:27,217 | INFO | fetch_order_book: mid=0.07439 spread=2.69bps bids=20 asks=20
2026-05-08 21:07:28,110 | INFO | SPREAD | pair=CHIP/USDC | cex=0.07438/0.0744 | dex_sell=0.0743638 dex_buy=0.0743831 | spread_a=-4.9bps spread_b=-0.4bps | min=30.0bps
2026-05-08 21:07:29,112 | INFO | fetch_order_book: symbol=CHIP/USDC limit=20
2026-05-08 21:07:29,369 | INFO | fetch_order_book: mid=0.074445 spread=4.03bps bids=20 asks=20
2026-05-08 21:07:30,256 | INFO | SPREAD | pair=CHIP/USDC | cex=0.07443/0.07446 | dex_sell=0.0744174 dex_buy=0.0744367 | spread_a=-5.7bps spread_b=-0.9bps | min=30.0bps
2026-05-08 21:07:31,258 | INFO | fetch_order_book: symbol=CHIP/USDC limit=20
2026-05-08 21:07:31,514 | INFO | fetch_order_book: mid=0.074445 spread=4.03bps bids=20 asks=20
2026-05-08 21:07:32,419 | INFO | SPREAD | pair=CHIP/USDC | cex=0.07443/0.07446 | dex_sell=0.0744174 dex_buy=0.0744367 | spread_a=-5.7bps spread_b=-0.9bps | min=30.0bps
2026-05-08 21:07:33,421 | INFO | fetch_order_book: symbol=CHIP/USDC limit=20
2026-05-08 21:07:33,679 | INFO | fetch_order_book: mid=0.07437 spread=2.69bps bids=20 asks=20
2026-05-08 21:07:34,620 | INFO | SPREAD | pair=CHIP/USDC | cex=0.07436/0.07438 | dex_sell=0.0743893 dex_buy=0.0744086 | spread_a=1.2bps spread_b=-6.5bps | min=30.0bps
2026-05-08 21:07:35,623 | INFO | fetch_order_book: symbol=CHIP/USDC limit=20
2026-05-08 21:07:35,890 | INFO | fetch_order_book: mid=0.074315 spread=4.04bps bids=20 asks=20
2026-05-08 21:07:36,781 | INFO | SPREAD | pair=CHIP/USDC | cex=0.0743/0.07433 | dex_sell=0.0743293 dex_buy=0.0743184 | spread_a=-0.1bps spread_b=-2.5bps | min=30.0bps
2026-05-08 21:07:37,784 | INFO | fetch_order_book: symbol=CHIP/USDC limit=20
2026-05-08 21:07:38,058 | INFO | fetch_order_book: mid=0.074375 spread=6.72bps bids=20 asks=20
2026-05-08 21:07:38,960 | INFO | SPREAD | pair=CHIP/USDC | cex=0.07435/0.0744 | dex_sell=0.0743434 dex_buy=0.0743931 | spread_a=-7.6bps spread_b=-5.8bps | min=30.0bps
2026-05-08 21:07:39,962 | INFO | fetch_order_book: symbol=CHIP/USDC limit=20
2026-05-08 21:07:40,221 | INFO | fetch_order_book: mid=0.074375 spread=4.03bps bids=20 asks=20
2026-05-08 21:07:41,127 | INFO | SPREAD | pair=CHIP/USDC | cex=0.07436/0.07439 | dex_sell=0.0743738 dex_buy=0.0743684 | spread_a=-2.2bps spread_b=-1.1bps | min=30.0bps
2026-05-08 21:07:42,129 | INFO | fetch_order_book: symbol=CHIP/USDC limit=20
2026-05-08 21:07:42,405 | INFO | fetch_order_book: mid=0.07439 spread=5.38bps bids=20 asks=20
2026-05-08 21:07:43,317 | INFO | SPREAD | pair=CHIP/USDC | cex=0.07437/0.07441 | dex_sell=0.0743737 dex_buy=0.074393 | spread_a=-4.9bps spread_b=-3.1bps | min=30.0bps
2026-05-08 21:07:44,319 | INFO | fetch_order_book: symbol=CHIP/USDC limit=20
2026-05-08 21:07:44,578 | INFO | fetch_order_book: mid=0.07439 spread=5.38bps bids=20 asks=20
2026-05-08 21:07:45,531 | INFO | SPREAD | pair=CHIP/USDC | cex=0.07437/0.07441 | dex_sell=0.0743737 dex_buy=0.074393 | spread_a=-4.9bps spread_b=-3.1bps | min=30.0bps
2026-05-08 21:07:46,533 | INFO | fetch_order_book: symbol=CHIP/USDC limit=20
2026-05-08 21:07:46,795 | INFO | fetch_order_book: mid=0.07439 spread=5.38bps bids=20 asks=20
2026-05-08 21:07:47,712 | INFO | SPREAD | pair=CHIP/USDC | cex=0.07437/0.07441 | dex_sell=0.0743737 dex_buy=0.074393 | spread_a=-4.9bps spread_b=-3.1bps | min=30.0bps
2026-05-08 21:07:48,714 | INFO | fetch_order_book: symbol=CHIP/USDC limit=20
2026-05-08 21:07:48,973 | INFO | fetch_order_book: mid=0.07444 spread=5.37bps bids=20 asks=20
2026-05-08 21:07:49,849 | INFO | SPREAD | pair=CHIP/USDC | cex=0.07442/0.07446 | dex_sell=0.0743737 dex_buy=0.074407 | spread_a=-11.6bps spread_b=1.7bps | min=30.0bps
2026-05-08 21:07:50,851 | INFO | fetch_order_book: symbol=CHIP/USDC limit=20
2026-05-08 21:07:51,178 | INFO | fetch_order_book: mid=0.074435 spread=4.03bps bids=20 asks=20
2026-05-08 21:07:52,089 | INFO | SPREAD | pair=CHIP/USDC | cex=0.07442/0.07445 | dex_sell=0.0743877 dex_buy=0.074407 | spread_a=-8.4bps spread_b=1.7bps | min=30.0bps
2026-05-08 21:07:53,091 | INFO | fetch_order_book: symbol=CHIP/USDC limit=20
2026-05-08 21:07:53,453 | INFO | fetch_order_book: mid=0.074405 spread=4.03bps bids=20 asks=20
2026-05-08 21:07:54,336 | INFO | SPREAD | pair=CHIP/USDC | cex=0.07439/0.07442 | dex_sell=0.0743877 dex_buy=0.074407 | spread_a=-4.3bps spread_b=-2.3bps | min=30.0bps
2026-05-08 21:07:55,338 | INFO | fetch_order_book: symbol=CHIP/USDC limit=20
2026-05-08 21:07:55,610 | INFO | fetch_order_book: mid=0.07443 spread=2.69bps bids=20 asks=20
2026-05-08 21:07:56,534 | INFO | SPREAD | pair=CHIP/USDC | cex=0.07442/0.07444 | dex_sell=0.0743877 dex_buy=0.074407 | spread_a=-7.0bps spread_b=1.7bps | min=30.0bps
2026-05-08 21:07:57,536 | INFO | fetch_order_book: symbol=CHIP/USDC limit=20
2026-05-08 21:07:57,803 | INFO | fetch_order_book: mid=0.07447 spread=5.37bps bids=20 asks=20
2026-05-08 21:07:58,767 | INFO | SPREAD | pair=CHIP/USDC | cex=0.07445/0.07449 | dex_sell=0.0743877 dex_buy=0.074407 | spread_a=-13.7bps spread_b=5.8bps | min=30.0bps
2026-05-08 21:07:59,769 | INFO | fetch_order_book: symbol=CHIP/USDC limit=20
2026-05-08 21:08:00,049 | INFO | fetch_order_book: mid=0.07451 spread=8.05bps bids=20 asks=20
2026-05-08 21:08:00,970 | INFO | SPREAD | pair=CHIP/USDC | cex=0.07448/0.07454 | dex_sell=0.0744808 dex_buy=0.0745001 | spread_a=-7.9bps spread_b=-2.7bps | min=30.0bps
2026-05-08 21:08:01,973 | INFO | fetch_order_book: symbol=CHIP/USDC limit=20
2026-05-08 21:08:02,253 | INFO | fetch_order_book: mid=0.074485 spread=6.71bps bids=20 asks=20
2026-05-08 21:08:03,167 | INFO | SPREAD | pair=CHIP/USDC | cex=0.07446/0.07451 | dex_sell=0.0744493 dex_buy=0.0744687 | spread_a=-8.1bps spread_b=-1.2bps | min=30.0bps
2026-05-08 21:08:04,170 | INFO | fetch_order_book: symbol=CHIP/USDC limit=20
2026-05-08 21:08:04,438 | INFO | fetch_order_book: mid=0.074445 spread=6.72bps bids=20 asks=20
2026-05-08 21:08:05,360 | INFO | SPREAD | pair=CHIP/USDC | cex=0.07442/0.07447 | dex_sell=0.0744094 dex_buy=0.0744529 | spread_a=-8.1bps spread_b=-4.4bps | min=30.0bps
2026-05-08 21:08:06,362 | INFO | fetch_order_book: symbol=CHIP/USDC limit=20
2026-05-08 21:08:06,617 | INFO | fetch_order_book: mid=0.07456 spread=5.36bps bids=20 asks=20
2026-05-08 21:08:07,506 | INFO | SPREAD | pair=CHIP/USDC | cex=0.07454/0.07458 | dex_sell=0.0744808 dex_buy=0.0745002 | spread_a=-13.3bps spread_b=5.3bps | min=30.0bps
2026-05-08 21:08:08,508 | INFO | fetch_order_book: symbol=CHIP/USDC limit=20
2026-05-08 21:08:08,768 | INFO | fetch_order_book: mid=0.074535 spread=6.71bps bids=20 asks=20
2026-05-08 21:08:09,666 | INFO | SPREAD | pair=CHIP/USDC | cex=0.07451/0.07456 | dex_sell=0.0744808 dex_buy=0.0745002 | spread_a=-10.6bps spread_b=1.3bps | min=30.0bps
2026-05-08 21:08:10,668 | INFO | fetch_order_book: symbol=CHIP/USDC limit=20
2026-05-08 21:08:10,925 | INFO | fetch_order_book: mid=0.07451 spread=8.05bps bids=20 asks=20
2026-05-08 21:08:11,829 | INFO | SPREAD | pair=CHIP/USDC | cex=0.07448/0.07454 | dex_sell=0.0744808 dex_buy=0.0745002 | spread_a=-7.9bps spread_b=-2.7bps | min=30.0bps
2026-05-08 21:08:12,831 | INFO | fetch_order_book: symbol=CHIP/USDC limit=20
2026-05-08 21:08:13,224 | INFO | fetch_order_book: mid=0.074475 spread=4.03bps bids=20 asks=20
2026-05-08 21:08:14,131 | INFO | SPREAD | pair=CHIP/USDC | cex=0.07446/0.07449 | dex_sell=0.0744808 dex_buy=0.0745002 | spread_a=-1.2bps spread_b=-5.4bps | min=30.0bps
2026-05-08 21:08:15,133 | INFO | fetch_order_book: symbol=CHIP/USDC limit=20
2026-05-08 21:08:15,395 | INFO | fetch_order_book: mid=0.074445 spread=6.72bps bids=20 asks=20
2026-05-08 21:08:16,284 | INFO | SPREAD | pair=CHIP/USDC | cex=0.07442/0.07447 | dex_sell=0.0744735 dex_buy=0.0744686 | spread_a=0.5bps spread_b=-6.5bps | min=30.0bps
2026-05-08 21:08:17,286 | INFO | fetch_order_book: symbol=CHIP/USDC limit=20
2026-05-08 21:08:17,542 | INFO | fetch_order_book: mid=0.07436 spread=2.69bps bids=20 asks=20
2026-05-08 21:08:18,451 | INFO | SPREAD | pair=CHIP/USDC | cex=0.07435/0.07437 | dex_sell=0.0743721 dex_buy=0.0743686 | spread_a=0.3bps spread_b=-2.5bps | min=30.0bps
2026-05-08 21:08:19,454 | INFO | fetch_order_book: symbol=CHIP/USDC limit=20
2026-05-08 21:08:19,718 | INFO | fetch_order_book: mid=0.074405 spread=6.72bps bids=20 asks=20
2026-05-08 21:08:20,626 | INFO | SPREAD | pair=CHIP/USDC | cex=0.07438/0.07443 | dex_sell=0.0743436 dex_buy=0.074385 | spread_a=-11.6bps spread_b=-0.7bps | min=30.0bps
2026-05-08 21:08:21,629 | INFO | fetch_order_book: symbol=CHIP/USDC limit=20
2026-05-08 21:08:21,886 | INFO | fetch_order_book: mid=0.07444 spread=8.06bps bids=20 asks=20
2026-05-08 21:08:22,771 | INFO | SPREAD | pair=CHIP/USDC | cex=0.07441/0.07447 | dex_sell=0.0743692 dex_buy=0.0744129 | spread_a=-13.5bps spread_b=-0.4bps | min=30.0bps
2026-05-08 21:08:23,773 | INFO | fetch_order_book: symbol=CHIP/USDC limit=20
2026-05-08 21:08:24,062 | INFO | fetch_order_book: mid=0.074415 spread=9.41bps bids=20 asks=20
2026-05-08 21:08:24,968 | INFO | SPREAD | pair=CHIP/USDC | cex=0.07438/0.07445 | dex_sell=0.0743936 dex_buy=0.0744129 | spread_a=-7.6bps spread_b=-4.4bps | min=30.0bps
2026-05-08 21:08:25,971 | INFO | fetch_order_book: symbol=CHIP/USDC limit=20
2026-05-08 21:08:26,230 | INFO | fetch_order_book: mid=0.07445 spread=5.37bps bids=20 asks=20
2026-05-08 21:08:27,135 | INFO | SPREAD | pair=CHIP/USDC | cex=0.07443/0.07447 | dex_sell=0.0743936 dex_buy=0.0744129 | spread_a=-10.3bps spread_b=2.3bps | min=30.0bps
2026-05-08 21:08:28,138 | INFO | fetch_order_book: symbol=CHIP/USDC limit=20
2026-05-08 21:08:28,403 | INFO | fetch_order_book: mid=0.074375 spread=9.41bps bids=20 asks=20
2026-05-08 21:08:29,323 | INFO | SPREAD | pair=CHIP/USDC | cex=0.07434/0.07441 | dex_sell=0.0743691 dex_buy=0.0743884 | spread_a=-5.5bps spread_b=-6.5bps | min=30.0bps
2026-05-08 21:08:30,325 | INFO | fetch_order_book: symbol=CHIP/USDC limit=20
2026-05-08 21:08:30,580 | INFO | fetch_order_book: mid=0.074355 spread=4.03bps bids=20 asks=20
2026-05-08 21:08:31,465 | INFO | SPREAD | pair=CHIP/USDC | cex=0.07434/0.07437 | dex_sell=0.0743393 dex_buy=0.0743586 | spread_a=-4.1bps spread_b=-2.5bps | min=30.0bps
2026-05-08 21:08:32,468 | INFO | fetch_order_book: symbol=CHIP/USDC limit=20
2026-05-08 21:08:32,733 | INFO | fetch_order_book: mid=0.074345 spread=6.73bps bids=20 asks=20
2026-05-08 21:08:33,642 | INFO | SPREAD | pair=CHIP/USDC | cex=0.07432/0.07437 | dex_sell=0.0743393 dex_buy=0.0743586 | spread_a=-4.1bps spread_b=-5.2bps | min=30.0bps
2026-05-08 21:08:34,644 | INFO | fetch_order_book: symbol=CHIP/USDC limit=20
2026-05-08 21:08:34,902 | INFO | fetch_order_book: mid=0.07417 spread=2.70bps bids=20 asks=20
2026-05-08 21:08:35,797 | INFO | SPREAD | pair=CHIP/USDC | cex=0.07416/0.07418 | dex_sell=0.0741591 dex_buy=0.0741483 | spread_a=-2.8bps spread_b=1.6bps | min=30.0bps
2026-05-08 21:08:36,799 | INFO | fetch_order_book: symbol=CHIP/USDC limit=20
2026-05-08 21:08:37,055 | INFO | fetch_order_book: mid=0.07410 spread=5.40bps bids=20 asks=20
2026-05-08 21:08:37,941 | INFO | SPREAD | pair=CHIP/USDC | cex=0.07408/0.07412 | dex_sell=0.0741755 dex_buy=0.0741686 | spread_a=7.5bps spread_b=-11.9bps | min=30.0bps
2026-05-08 21:08:38,943 | INFO | fetch_order_book: symbol=CHIP/USDC limit=20
2026-05-08 21:08:39,213 | INFO | fetch_order_book: mid=0.074045 spread=9.45bps bids=20 asks=20
2026-05-08 21:08:40,108 | INFO | SPREAD | pair=CHIP/USDC | cex=0.07401/0.07408 | dex_sell=0.0741193 dex_buy=0.0741386 | spread_a=5.3bps spread_b=-17.3bps | min=30.0bps
2026-05-08 21:08:41,111 | INFO | fetch_order_book: symbol=CHIP/USDC limit=20
2026-05-08 21:08:41,371 | INFO | fetch_order_book: mid=0.07401 spread=5.40bps bids=20 asks=20
2026-05-08 21:08:42,250 | INFO | SPREAD | pair=CHIP/USDC | cex=0.07399/0.07403 | dex_sell=0.0740192 dex_buy=0.0740384 | spread_a=-1.5bps spread_b=-6.5bps | min=30.0bps
2026-05-08 21:08:43,253 | INFO | fetch_order_book: symbol=CHIP/USDC limit=20
2026-05-08 21:08:43,510 | INFO | fetch_order_book: mid=0.074035 spread=6.75bps bids=20 asks=20
2026-05-08 21:08:44,416 | INFO | SPREAD | pair=CHIP/USDC | cex=0.07401/0.07406 | dex_sell=0.0739892 dex_buy=0.074033 | spread_a=-9.6bps spread_b=-3.1bps | min=30.0bps
2026-05-08 21:08:45,418 | INFO | fetch_order_book: symbol=CHIP/USDC limit=20
2026-05-08 21:08:45,684 | INFO | fetch_order_book: mid=0.07409 spread=2.70bps bids=20 asks=20
2026-05-08 21:08:46,567 | INFO | SPREAD | pair=CHIP/USDC | cex=0.07408/0.0741 | dex_sell=0.0740738 dex_buy=0.074093 | spread_a=-3.5bps spread_b=-1.8bps | min=30.0bps
2026-05-08 21:08:47,569 | INFO | fetch_order_book: symbol=CHIP/USDC limit=20
2026-05-08 21:08:47,827 | INFO | fetch_order_book: mid=0.07404 spread=5.40bps bids=20 asks=20
2026-05-08 21:08:48,721 | INFO | SPREAD | pair=CHIP/USDC | cex=0.07402/0.07406 | dex_sell=0.0740393 dex_buy=0.0740586 | spread_a=-2.8bps spread_b=-5.2bps | min=30.0bps
2026-05-08 21:08:49,724 | INFO | fetch_order_book: symbol=CHIP/USDC limit=20
2026-05-08 21:08:49,993 | INFO | fetch_order_book: mid=0.07410 spread=5.40bps bids=20 asks=20
2026-05-08 21:08:50,891 | INFO | SPREAD | pair=CHIP/USDC | cex=0.07408/0.07412 | dex_sell=0.0740637 dex_buy=0.0740829 | spread_a=-7.6bps spread_b=-0.4bps | min=30.0bps
2026-05-08 21:08:51,893 | INFO | fetch_order_book: symbol=CHIP/USDC limit=20
2026-05-08 21:08:52,208 | INFO | fetch_order_book: mid=0.074035 spread=6.75bps bids=20 asks=20
2026-05-08 21:08:53,097 | INFO | SPREAD | pair=CHIP/USDC | cex=0.07401/0.07406 | dex_sell=0.0740637 dex_buy=0.0740829 | spread_a=0.5bps spread_b=-9.8bps | min=30.0bps
2026-05-08 21:08:54,099 | INFO | fetch_order_book: symbol=CHIP/USDC limit=20
2026-05-08 21:08:54,354 | INFO | fetch_order_book: mid=0.07404 spread=5.40bps bids=20 asks=20
2026-05-08 21:08:55,271 | INFO | SPREAD | pair=CHIP/USDC | cex=0.07402/0.07406 | dex_sell=0.0740091 dex_buy=0.0740283 | spread_a=-6.9bps spread_b=-1.1bps | min=30.0bps
2026-05-08 21:08:56,274 | INFO | fetch_order_book: symbol=CHIP/USDC limit=20
2026-05-08 21:08:56,530 | INFO | fetch_order_book: mid=0.07412 spread=5.40bps bids=20 asks=20
2026-05-08 21:08:57,435 | INFO | SPREAD | pair=CHIP/USDC | cex=0.0741/0.07414 | dex_sell=0.0741136 dex_buy=0.0741329 | spread_a=-3.6bps spread_b=-4.4bps | min=30.0bps
2026-05-08 21:08:58,438 | INFO | fetch_order_book: symbol=CHIP/USDC limit=20
2026-05-08 21:08:58,694 | INFO | fetch_order_book: mid=0.07410 spread=5.40bps bids=20 asks=20
2026-05-08 21:08:59,698 | INFO | SPREAD | pair=CHIP/USDC | cex=0.07408/0.07412 | dex_sell=0.0741136 dex_buy=0.0741085 | spread_a=-0.9bps spread_b=-3.8bps | min=30.0bps
2026-05-08 21:09:00,701 | INFO | fetch_order_book: symbol=CHIP/USDC limit=20
2026-05-08 21:09:00,963 | INFO | fetch_order_book: mid=0.074055 spread=6.75bps bids=20 asks=20
2026-05-08 21:09:01,851 | INFO | SPREAD | pair=CHIP/USDC | cex=0.07403/0.07408 | dex_sell=0.0740593 dex_buy=0.0740785 | spread_a=-2.8bps spread_b=-6.6bps | min=30.0bps
2026-05-08 21:09:02,853 | INFO | fetch_order_book: symbol=CHIP/USDC limit=20
2026-05-08 21:09:03,139 | INFO | fetch_order_book: mid=0.074075 spread=6.75bps bids=20 asks=20
2026-05-08 21:09:04,031 | INFO | SPREAD | pair=CHIP/USDC | cex=0.07405/0.0741 | dex_sell=0.0740638 dex_buy=0.074083 | spread_a=-4.9bps spread_b=-4.5bps | min=30.0bps
2026-05-08 21:09:05,034 | INFO | fetch_order_book: symbol=CHIP/USDC limit=20
2026-05-08 21:09:05,297 | INFO | fetch_order_book: mid=0.07410 spread=5.40bps bids=20 asks=20
2026-05-08 21:09:06,170 | INFO | SPREAD | pair=CHIP/USDC | cex=0.07408/0.07412 | dex_sell=0.0740638 dex_buy=0.074083 | spread_a=-7.6bps spread_b=-0.4bps | min=30.0bps
2026-05-08 21:09:07,171 | INFO | fetch_order_book: symbol=CHIP/USDC limit=20
2026-05-08 21:09:07,430 | INFO | fetch_order_book: mid=0.07407 spread=8.10bps bids=20 asks=20
2026-05-08 21:09:08,327 | INFO | SPREAD | pair=CHIP/USDC | cex=0.07404/0.0741 | dex_sell=0.0740938 dex_buy=0.074113 | spread_a=-0.8bps spread_b=-9.8bps | min=30.0bps
2026-05-08 21:09:09,328 | INFO | fetch_order_book: symbol=CHIP/USDC limit=20
2026-05-08 21:09:10,075 | INFO | fetch_order_book: mid=0.07405 spread=5.40bps bids=20 asks=20
2026-05-08 21:09:10,951 | INFO | SPREAD | pair=CHIP/USDC | cex=0.07403/0.07407 | dex_sell=0.0740292 dex_buy=0.0740484 | spread_a=-5.5bps spread_b=-2.5bps | min=30.0bps
2026-05-08 21:09:11,953 | INFO | fetch_order_book: symbol=CHIP/USDC limit=20
2026-05-08 21:09:12,239 | INFO | fetch_order_book: mid=0.074065 spread=6.75bps bids=20 asks=20
2026-05-08 21:09:13,201 | INFO | SPREAD | pair=CHIP/USDC | cex=0.07404/0.07409 | dex_sell=0.0740538 dex_buy=0.074073 | spread_a=-4.9bps spread_b=-4.5bps | min=30.0bps
2026-05-08 21:09:14,203 | INFO | fetch_order_book: symbol=CHIP/USDC limit=20
2026-05-08 21:09:14,475 | INFO | fetch_order_book: mid=0.074075 spread=4.05bps bids=20 asks=20
2026-05-08 21:09:15,367 | INFO | SPREAD | pair=CHIP/USDC | cex=0.07406/0.07409 | dex_sell=0.0740938 dex_buy=0.074113 | spread_a=0.5bps spread_b=-7.2bps | min=30.0bps
2026-05-08 21:09:16,369 | INFO | fetch_order_book: symbol=CHIP/USDC limit=20
2026-05-08 21:09:16,628 | INFO | fetch_order_book: mid=0.07407 spread=5.40bps bids=20 asks=20
2026-05-08 21:09:17,570 | INFO | SPREAD | pair=CHIP/USDC | cex=0.07405/0.07409 | dex_sell=0.0740692 dex_buy=0.0740885 | spread_a=-2.8bps spread_b=-5.2bps | min=30.0bps
2026-05-08 21:09:18,573 | INFO | fetch_order_book: symbol=CHIP/USDC limit=20
2026-05-08 21:09:18,835 | INFO | fetch_order_book: mid=0.074105 spread=4.05bps bids=20 asks=20
2026-05-08 21:09:19,758 | INFO | SPREAD | pair=CHIP/USDC | cex=0.07409/0.07412 | dex_sell=0.0740692 dex_buy=0.0740885 | spread_a=-6.8bps spread_b=0.2bps | min=30.0bps
2026-05-08 21:09:20,760 | INFO | fetch_order_book: symbol=CHIP/USDC limit=20
2026-05-08 21:09:21,015 | INFO | fetch_order_book: mid=0.074095 spread=4.05bps bids=20 asks=20
2026-05-08 21:09:21,887 | INFO | SPREAD | pair=CHIP/USDC | cex=0.07408/0.07411 | dex_sell=0.0740938 dex_buy=0.074113 | spread_a=-2.2bps spread_b=-4.5bps | min=30.0bps
2026-05-08 21:09:22,890 | INFO | fetch_order_book: symbol=CHIP/USDC limit=20
2026-05-08 21:09:23,157 | INFO | fetch_order_book: mid=0.07410 spread=5.40bps bids=20 asks=20
2026-05-08 21:09:24,186 | INFO | SPREAD | pair=CHIP/USDC | cex=0.07408/0.07412 | dex_sell=0.0740938 dex_buy=0.074113 | spread_a=-3.5bps spread_b=-4.5bps | min=30.0bps
2026-05-08 21:09:25,188 | INFO | fetch_order_book: symbol=CHIP/USDC limit=20
2026-05-08 21:09:25,447 | INFO | fetch_order_book: mid=0.07412 spread=5.40bps bids=20 asks=20
2026-05-08 21:09:26,374 | INFO | SPREAD | pair=CHIP/USDC | cex=0.0741/0.07414 | dex_sell=0.0740938 dex_buy=0.0741131 | spread_a=-6.2bps spread_b=-1.8bps | min=30.0bps
2026-05-08 21:09:27,377 | INFO | fetch_order_book: symbol=CHIP/USDC limit=20
2026-05-08 21:09:27,687 | INFO | fetch_order_book: mid=0.074085 spread=6.75bps bids=20 asks=20
2026-05-08 21:09:28,603 | INFO | SPREAD | pair=CHIP/USDC | cex=0.07406/0.07411 | dex_sell=0.0740938 dex_buy=0.0740885 | spread_a=-2.2bps spread_b=-3.8bps | min=30.0bps
2026-05-08 21:09:29,606 | INFO | fetch_order_book: symbol=CHIP/USDC limit=20
2026-05-08 21:09:29,869 | INFO | fetch_order_book: mid=0.07431 spread=2.69bps bids=20 asks=20
2026-05-08 21:09:30,747 | INFO | SPREAD | pair=CHIP/USDC | cex=0.0743/0.07432 | dex_sell=0.0741842 dex_buy=0.0742728 | spread_a=-18.3bps spread_b=3.7bps | min=30.0bps
2026-05-08 21:09:31,749 | INFO | fetch_order_book: symbol=CHIP/USDC limit=20
2026-05-08 21:09:32,008 | INFO | fetch_order_book: mid=0.074515 spread=1.34bps bids=20 asks=20
2026-05-08 21:09:32,897 | INFO | SPREAD | pair=CHIP/USDC | cex=0.07451/0.07452 | dex_sell=0.0744434 dex_buy=0.0744627 | spread_a=-10.3bps spread_b=6.3bps | min=30.0bps
2026-05-08 21:09:33,899 | INFO | fetch_order_book: symbol=CHIP/USDC limit=20
2026-05-08 21:09:34,156 | INFO | fetch_order_book: mid=0.07449 spread=5.37bps bids=20 asks=20
2026-05-08 21:09:35,048 | INFO | SPREAD | pair=CHIP/USDC | cex=0.07447/0.07451 | dex_sell=0.0744191 dex_buy=0.0744714 | spread_a=-12.2bps spread_b=-0.2bps | min=30.0bps
2026-05-08 21:09:36,051 | INFO | fetch_order_book: symbol=CHIP/USDC limit=20
2026-05-08 21:09:36,307 | INFO | fetch_order_book: mid=0.07450 spread=5.37bps bids=20 asks=20
2026-05-08 21:09:37,223 | INFO | SPREAD | pair=CHIP/USDC | cex=0.07448/0.07452 | dex_sell=0.074452 dex_buy=0.0744714 | spread_a=-9.1bps spread_b=1.2bps | min=30.0bps
2026-05-08 21:09:38,226 | INFO | fetch_order_book: symbol=CHIP/USDC limit=20
2026-05-08 21:09:38,491 | INFO | fetch_order_book: mid=0.074535 spread=6.71bps bids=20 asks=20
2026-05-08 21:09:39,400 | INFO | SPREAD | pair=CHIP/USDC | cex=0.07451/0.07456 | dex_sell=0.074452 dex_buy=0.0744714 | spread_a=-14.5bps spread_b=5.2bps | min=30.0bps
2026-05-08 21:09:40,402 | INFO | fetch_order_book: symbol=CHIP/USDC limit=20
2026-05-08 21:09:40,728 | INFO | fetch_order_book: mid=0.07458 spread=2.68bps bids=20 asks=20
2026-05-08 21:09:41,647 | INFO | SPREAD | pair=CHIP/USDC | cex=0.07457/0.07459 | dex_sell=0.0745277 dex_buy=0.074547 | spread_a=-8.4bps spread_b=3.1bps | min=30.0bps
2026-05-08 21:09:42,649 | INFO | fetch_order_book: symbol=CHIP/USDC limit=20
2026-05-08 21:09:42,980 | INFO | fetch_order_book: mid=0.074005 spread=6.76bps bids=20 asks=20
2026-05-08 21:09:43,898 | INFO | SPREAD | pair=CHIP/USDC | cex=0.07398/0.07403 | dex_sell=0.0741474 dex_buy=0.0740276 | spread_a=15.9bps spread_b=-6.4bps | min=30.0bps
2026-05-08 21:09:44,901 | INFO | fetch_order_book: symbol=CHIP/USDC limit=20
2026-05-08 21:09:45,201 | INFO | fetch_order_book: mid=0.073955 spread=6.76bps bids=20 asks=20
2026-05-08 21:09:46,157 | INFO | SPREAD | pair=CHIP/USDC | cex=0.07393/0.07398 | dex_sell=0.0739595 dex_buy=0.0739787 | spread_a=-2.8bps spread_b=-6.6bps | min=30.0bps
2026-05-08 21:09:47,159 | INFO | fetch_order_book: symbol=CHIP/USDC limit=20
2026-05-08 21:09:48,021 | INFO | fetch_order_book: mid=0.073925 spread=4.06bps bids=20 asks=20
2026-05-08 21:09:48,925 | INFO | SPREAD | pair=CHIP/USDC | cex=0.07391/0.07394 | dex_sell=0.0739392 dex_buy=0.0739584 | spread_a=-0.1bps spread_b=-6.5bps | min=30.0bps
2026-05-08 21:09:49,927 | INFO | fetch_order_book: symbol=CHIP/USDC limit=20
2026-05-08 21:09:50,184 | INFO | fetch_order_book: mid=0.073945 spread=6.76bps bids=20 asks=20
2026-05-08 21:09:51,083 | INFO | SPREAD | pair=CHIP/USDC | cex=0.07392/0.07397 | dex_sell=0.0739392 dex_buy=0.0739584 | spread_a=-4.2bps spread_b=-5.2bps | min=30.0bps
2026-05-08 21:09:52,086 | INFO | fetch_order_book: symbol=CHIP/USDC limit=20
2026-05-08 21:09:52,375 | INFO | fetch_order_book: mid=0.07395 spread=5.41bps bids=20 asks=20
2026-05-08 21:09:53,307 | INFO | SPREAD | pair=CHIP/USDC | cex=0.07393/0.07397 | dex_sell=0.0739392 dex_buy=0.0739829 | spread_a=-4.2bps spread_b=-7.2bps | min=30.0bps
2026-05-08 21:09:54,310 | INFO | fetch_order_book: symbol=CHIP/USDC limit=20
2026-05-08 21:09:54,672 | INFO | fetch_order_book: mid=0.07395 spread=5.41bps bids=20 asks=20
2026-05-08 21:09:55,571 | INFO | SPREAD | pair=CHIP/USDC | cex=0.07393/0.07397 | dex_sell=0.0739637 dex_buy=0.0739829 | spread_a=-0.8bps spread_b=-7.2bps | min=30.0bps
2026-05-08 21:09:56,573 | INFO | fetch_order_book: symbol=CHIP/USDC limit=20
2026-05-08 21:09:56,836 | INFO | fetch_order_book: mid=0.074005 spread=4.05bps bids=20 asks=20
2026-05-08 21:09:57,711 | INFO | SPREAD | pair=CHIP/USDC | cex=0.07399/0.07402 | dex_sell=0.0739937 dex_buy=0.0740129 | spread_a=-3.6bps spread_b=-3.1bps | min=30.0bps
2026-05-08 21:09:58,713 | INFO | fetch_order_book: symbol=CHIP/USDC limit=20
2026-05-08 21:09:59,004 | INFO | fetch_order_book: mid=0.074085 spread=6.75bps bids=20 asks=20
2026-05-08 21:09:59,891 | INFO | SPREAD | pair=CHIP/USDC | cex=0.07406/0.07411 | dex_sell=0.0740383 dex_buy=0.0740576 | spread_a=-9.7bps spread_b=0.3bps | min=30.0bps
2026-05-08 21:10:00,893 | INFO | fetch_order_book: symbol=CHIP/USDC limit=20
2026-05-08 21:10:02,458 | INFO | fetch_order_book: mid=0.07407 spread=5.40bps bids=20 asks=20
2026-05-08 21:10:03,353 | INFO | SPREAD | pair=CHIP/USDC | cex=0.07405/0.07409 | dex_sell=0.0740383 dex_buy=0.0740576 | spread_a=-7.0bps spread_b=-1.0bps | min=30.0bps
2026-05-08 21:10:04,356 | INFO | fetch_order_book: symbol=CHIP/USDC limit=20
2026-05-08 21:10:05,037 | INFO | fetch_order_book: mid=0.07404 spread=5.40bps bids=20 asks=20
2026-05-08 21:10:05,976 | INFO | SPREAD | pair=CHIP/USDC | cex=0.07402/0.07406 | dex_sell=0.0740383 dex_buy=0.0740576 | spread_a=-2.9bps spread_b=-5.1bps | min=30.0bps
2026-05-08 21:10:06,978 | INFO | fetch_order_book: symbol=CHIP/USDC limit=20
2026-05-08 21:10:07,532 | INFO | fetch_order_book: mid=0.07411 spread=5.40bps bids=20 asks=20
2026-05-08 21:10:08,456 | INFO | SPREAD | pair=CHIP/USDC | cex=0.07409/0.07413 | dex_sell=0.0740383 dex_buy=0.0740576 | spread_a=-12.4bps spread_b=4.4bps | min=30.0bps
2026-05-08 21:10:09,458 | INFO | fetch_order_book: symbol=CHIP/USDC limit=20
2026-05-08 21:10:09,725 | INFO | fetch_order_book: mid=0.074255 spread=6.73bps bids=20 asks=20
2026-05-08 21:10:10,629 | INFO | SPREAD | pair=CHIP/USDC | cex=0.07423/0.07428 | dex_sell=0.0740383 dex_buy=0.07419 | spread_a=-32.5bps spread_b=5.4bps | min=30.0bps
2026-05-08 21:10:11,632 | INFO | fetch_order_book: symbol=CHIP/USDC limit=20
2026-05-08 21:10:11,914 | INFO | fetch_order_book: mid=0.074305 spread=4.04bps bids=20 asks=20
2026-05-08 21:10:12,812 | INFO | SPREAD | pair=CHIP/USDC | cex=0.07429/0.07432 | dex_sell=0.0742609 dex_buy=0.0742801 | spread_a=-8.0bps spread_b=1.3bps | min=30.0bps
2026-05-08 21:10:13,814 | INFO | fetch_order_book: symbol=CHIP/USDC limit=20
2026-05-08 21:10:14,078 | INFO | fetch_order_book: mid=0.074295 spread=4.04bps bids=20 asks=20
2026-05-08 21:10:14,992 | INFO | SPREAD | pair=CHIP/USDC | cex=0.07428/0.07431 | dex_sell=0.0742609 dex_buy=0.0742801 | spread_a=-6.6bps spread_b=-0.0bps | min=30.0bps
2026-05-08 21:10:15,995 | INFO | fetch_order_book: symbol=CHIP/USDC limit=20
2026-05-08 21:10:16,261 | INFO | fetch_order_book: mid=0.074305 spread=4.04bps bids=20 asks=20
2026-05-08 21:10:17,172 | INFO | SPREAD | pair=CHIP/USDC | cex=0.07429/0.07432 | dex_sell=0.0742609 dex_buy=0.0742801 | spread_a=-8.0bps spread_b=1.3bps | min=30.0bps
2026-05-08 21:10:18,174 | INFO | fetch_order_book: symbol=CHIP/USDC limit=20
2026-05-08 21:10:18,448 | INFO | fetch_order_book: mid=0.07431 spread=5.38bps bids=20 asks=20
2026-05-08 21:10:19,330 | INFO | SPREAD | pair=CHIP/USDC | cex=0.07429/0.07433 | dex_sell=0.0742609 dex_buy=0.0742802 | spread_a=-9.3bps spread_b=1.3bps | min=30.0bps
2026-05-08 21:10:20,333 | INFO | fetch_order_book: symbol=CHIP/USDC limit=20
2026-05-08 21:10:20,591 | INFO | fetch_order_book: mid=0.074385 spread=6.72bps bids=20 asks=20
2026-05-08 21:10:21,498 | INFO | SPREAD | pair=CHIP/USDC | cex=0.07436/0.07441 | dex_sell=0.0743258 dex_buy=0.0743451 | spread_a=-11.3bps spread_b=2.0bps | min=30.0bps
2026-05-08 21:10:22,500 | INFO | fetch_order_book: symbol=CHIP/USDC limit=20
2026-05-08 21:10:22,770 | INFO | fetch_order_book: mid=0.07442 spread=5.37bps bids=20 asks=20
2026-05-08 21:10:23,693 | INFO | SPREAD | pair=CHIP/USDC | cex=0.0744/0.07444 | dex_sell=0.0743258 dex_buy=0.0743451 | spread_a=-15.3bps spread_b=7.4bps | min=30.0bps
2026-05-08 21:10:24,696 | INFO | fetch_order_book: symbol=CHIP/USDC limit=20
2026-05-08 21:10:24,960 | INFO | fetch_order_book: mid=0.074425 spread=6.72bps bids=20 asks=20
2026-05-08 21:10:25,873 | INFO | SPREAD | pair=CHIP/USDC | cex=0.0744/0.07445 | dex_sell=0.0743258 dex_buy=0.0743451 | spread_a=-16.7bps spread_b=7.4bps | min=30.0bps
2026-05-08 21:10:26,876 | INFO | fetch_order_book: symbol=CHIP/USDC limit=20
2026-05-08 21:10:27,339 | INFO | fetch_order_book: mid=0.07438 spread=5.38bps bids=20 asks=20
2026-05-08 21:10:28,305 | INFO | SPREAD | pair=CHIP/USDC | cex=0.07436/0.0744 | dex_sell=0.0743258 dex_buy=0.0743451 | spread_a=-10.0bps spread_b=2.0bps | min=30.0bps
2026-05-08 21:10:29,307 | INFO | fetch_order_book: symbol=CHIP/USDC limit=20
2026-05-08 21:10:29,659 | INFO | fetch_order_book: mid=0.074385 spread=6.72bps bids=20 asks=20
2026-05-08 21:10:30,836 | INFO | SPREAD | pair=CHIP/USDC | cex=0.07436/0.07441 | dex_sell=0.0743258 dex_buy=0.0743451 | spread_a=-11.3bps spread_b=2.0bps | min=30.0bps
2026-05-08 21:10:31,839 | INFO | fetch_order_book: symbol=CHIP/USDC limit=20
2026-05-08 21:10:32,098 | INFO | fetch_order_book: mid=0.074405 spread=6.72bps bids=20 asks=20
2026-05-08 21:10:33,094 | INFO | SPREAD | pair=CHIP/USDC | cex=0.07438/0.07443 | dex_sell=0.0743258 dex_buy=0.0743451 | spread_a=-14.0bps spread_b=4.7bps | min=30.0bps
2026-05-08 21:10:34,097 | INFO | fetch_order_book: symbol=CHIP/USDC limit=20
2026-05-08 21:10:34,352 | INFO | fetch_order_book: mid=0.074395 spread=6.72bps bids=20 asks=20
2026-05-08 21:10:35,243 | INFO | SPREAD | pair=CHIP/USDC | cex=0.07437/0.07442 | dex_sell=0.0743258 dex_buy=0.0743451 | spread_a=-12.7bps spread_b=3.3bps | min=30.0bps
2026-05-08 21:10:36,246 | INFO | fetch_order_book: symbol=CHIP/USDC limit=20
2026-05-08 21:10:36,512 | INFO | fetch_order_book: mid=0.07434 spread=5.38bps bids=20 asks=20
2026-05-08 21:10:37,390 | INFO | SPREAD | pair=CHIP/USDC | cex=0.07432/0.07436 | dex_sell=0.0743258 dex_buy=0.0743451 | spread_a=-4.6bps spread_b=-3.4bps | min=30.0bps
2026-05-08 21:10:38,393 | INFO | fetch_order_book: symbol=CHIP/USDC limit=20
2026-05-08 21:10:38,663 | INFO | fetch_order_book: mid=0.074315 spread=4.04bps bids=20 asks=20
2026-05-08 21:10:39,578 | INFO | SPREAD | pair=CHIP/USDC | cex=0.0743/0.07433 | dex_sell=0.0743258 dex_buy=0.0743451 | spread_a=-0.6bps spread_b=-6.1bps | min=30.0bps
2026-05-08 21:10:40,581 | INFO | fetch_order_book: symbol=CHIP/USDC limit=20
2026-05-08 21:10:40,835 | INFO | fetch_order_book: mid=0.07433 spread=5.38bps bids=20 asks=20
2026-05-08 21:10:41,716 | INFO | SPREAD | pair=CHIP/USDC | cex=0.07431/0.07435 | dex_sell=0.0742994 dex_buy=0.0743187 | spread_a=-6.8bps spread_b=-1.2bps | min=30.0bps
2026-05-08 21:10:42,719 | INFO | fetch_order_book: symbol=CHIP/USDC limit=20
2026-05-08 21:10:42,979 | INFO | fetch_order_book: mid=0.07434 spread=5.38bps bids=20 asks=20
2026-05-08 21:10:43,873 | INFO | SPREAD | pair=CHIP/USDC | cex=0.07432/0.07436 | dex_sell=0.0742994 dex_buy=0.0743187 | spread_a=-8.2bps spread_b=0.2bps | min=30.0bps
2026-05-08 21:10:44,875 | INFO | fetch_order_book: symbol=CHIP/USDC limit=20
2026-05-08 21:10:45,131 | INFO | fetch_order_book: mid=0.07436 spread=5.38bps bids=20 asks=20
2026-05-08 21:10:46,003 | INFO | SPREAD | pair=CHIP/USDC | cex=0.07434/0.07438 | dex_sell=0.0742994 dex_buy=0.0743187 | spread_a=-10.8bps spread_b=2.9bps | min=30.0bps
2026-05-08 21:10:47,005 | INFO | fetch_order_book: symbol=CHIP/USDC limit=20
2026-05-08 21:10:47,309 | INFO | fetch_order_book: mid=0.07439 spread=5.38bps bids=20 asks=20
2026-05-08 21:10:48,204 | INFO | SPREAD | pair=CHIP/USDC | cex=0.07437/0.07441 | dex_sell=0.0742994 dex_buy=0.0743187 | spread_a=-14.9bps spread_b=6.9bps | min=30.0bps
2026-05-08 21:10:49,206 | INFO | fetch_order_book: symbol=CHIP/USDC limit=20
2026-05-08 21:10:49,461 | INFO | fetch_order_book: mid=0.07440 spread=5.38bps bids=20 asks=20
2026-05-08 21:10:50,349 | INFO | SPREAD | pair=CHIP/USDC | cex=0.07438/0.07442 | dex_sell=0.0742994 dex_buy=0.0743187 | spread_a=-16.2bps spread_b=8.3bps | min=30.0bps
2026-05-08 21:10:51,352 | INFO | fetch_order_book: symbol=CHIP/USDC limit=20
2026-05-08 21:10:51,615 | INFO | fetch_order_book: mid=0.07442 spread=5.37bps bids=20 asks=20
2026-05-08 21:10:52,580 | INFO | SPREAD | pair=CHIP/USDC | cex=0.0744/0.07444 | dex_sell=0.0742994 dex_buy=0.0744001 | spread_a=-18.9bps spread_b=-0.0bps | min=30.0bps
2026-05-08 21:10:53,582 | INFO | fetch_order_book: symbol=CHIP/USDC limit=20
2026-05-08 21:10:53,858 | INFO | fetch_order_book: mid=0.07441 spread=5.38bps bids=20 asks=20
2026-05-08 21:10:54,749 | INFO | SPREAD | pair=CHIP/USDC | cex=0.07439/0.07443 | dex_sell=0.0743808 dex_buy=0.0744001 | spread_a=-6.6bps spread_b=-1.4bps | min=30.0bps
2026-05-08 21:10:55,751 | INFO | fetch_order_book: symbol=CHIP/USDC limit=20
2026-05-08 21:10:56,009 | INFO | fetch_order_book: mid=0.07442 spread=5.37bps bids=20 asks=20
2026-05-08 21:10:56,882 | INFO | SPREAD | pair=CHIP/USDC | cex=0.0744/0.07444 | dex_sell=0.0743808 dex_buy=0.0744001 | spread_a=-8.0bps spread_b=-0.0bps | min=30.0bps
2026-05-08 21:10:57,884 | INFO | fetch_order_book: symbol=CHIP/USDC limit=20
2026-05-08 21:10:58,141 | INFO | fetch_order_book: mid=0.074425 spread=4.03bps bids=20 asks=20
2026-05-08 21:10:59,050 | INFO | SPREAD | pair=CHIP/USDC | cex=0.07441/0.07444 | dex_sell=0.0743808 dex_buy=0.0744001 | spread_a=-8.0bps spread_b=1.3bps | min=30.0bps
2026-05-08 21:11:00,053 | INFO | fetch_order_book: symbol=CHIP/USDC limit=20
2026-05-08 21:11:00,309 | INFO | fetch_order_book: mid=0.074445 spread=4.03bps bids=20 asks=20
2026-05-08 21:11:01,196 | INFO | SPREAD | pair=CHIP/USDC | cex=0.07443/0.07446 | dex_sell=0.0743808 dex_buy=0.0744001 | spread_a=-10.6bps spread_b=4.0bps | min=30.0bps
2026-05-08 21:11:02,199 | INFO | fetch_order_book: symbol=CHIP/USDC limit=20
2026-05-08 21:11:02,460 | INFO | fetch_order_book: mid=0.074355 spread=4.03bps bids=20 asks=20
2026-05-08 21:11:03,345 | INFO | SPREAD | pair=CHIP/USDC | cex=0.07434/0.07437 | dex_sell=0.0743808 dex_buy=0.0743684 | spread_a=1.5bps spread_b=-3.8bps | min=30.0bps
2026-05-08 21:11:04,347 | INFO | fetch_order_book: symbol=CHIP/USDC limit=20
2026-05-08 21:11:04,606 | INFO | fetch_order_book: mid=0.07444 spread=5.37bps bids=20 asks=20
2026-05-08 21:11:05,494 | INFO | SPREAD | pair=CHIP/USDC | cex=0.07442/0.07446 | dex_sell=0.0743491 dex_buy=0.0743684 | spread_a=-14.9bps spread_b=6.9bps | min=30.0bps
2026-05-08 21:11:06,496 | INFO | fetch_order_book: symbol=CHIP/USDC limit=20
2026-05-08 21:11:06,753 | INFO | fetch_order_book: mid=0.074405 spread=6.72bps bids=20 asks=20
2026-05-08 21:11:07,668 | INFO | SPREAD | pair=CHIP/USDC | cex=0.07438/0.07443 | dex_sell=0.0743737 dex_buy=0.0743931 | spread_a=-7.6bps spread_b=-1.8bps | min=30.0bps
2026-05-08 21:11:08,671 | INFO | fetch_order_book: symbol=CHIP/USDC limit=20
2026-05-08 21:11:08,960 | INFO | fetch_order_book: mid=0.07446 spread=5.37bps bids=20 asks=20
2026-05-08 21:11:09,850 | INFO | SPREAD | pair=CHIP/USDC | cex=0.07444/0.07448 | dex_sell=0.0743737 dex_buy=0.0743931 | spread_a=-14.3bps spread_b=6.3bps | min=30.0bps
2026-05-08 21:11:10,853 | INFO | fetch_order_book: symbol=CHIP/USDC limit=20
2026-05-08 21:11:11,112 | INFO | fetch_order_book: mid=0.07453 spread=2.68bps bids=20 asks=20
2026-05-08 21:11:12,042 | INFO | SPREAD | pair=CHIP/USDC | cex=0.07452/0.07454 | dex_sell=0.0744342 dex_buy=0.0744536 | spread_a=-14.2bps spread_b=8.9bps | min=30.0bps
2026-05-08 21:11:13,044 | INFO | fetch_order_book: symbol=CHIP/USDC limit=20
2026-05-08 21:11:13,300 | INFO | fetch_order_book: mid=0.07457 spread=2.68bps bids=20 asks=20
2026-05-08 21:11:14,233 | INFO | SPREAD | pair=CHIP/USDC | cex=0.07456/0.07458 | dex_sell=0.0745037 dex_buy=0.0745231 | spread_a=-10.2bps spread_b=5.0bps | min=30.0bps
2026-05-08 21:11:15,235 | INFO | fetch_order_book: symbol=CHIP/USDC limit=20
2026-05-08 21:11:15,497 | INFO | fetch_order_book: mid=0.07455 spread=5.37bps bids=20 asks=20
2026-05-08 21:11:16,387 | INFO | SPREAD | pair=CHIP/USDC | cex=0.07453/0.07457 | dex_sell=0.0745037 dex_buy=0.0745231 | spread_a=-8.9bps spread_b=0.9bps | min=30.0bps
2026-05-08 21:11:17,390 | INFO | fetch_order_book: symbol=CHIP/USDC limit=20
2026-05-08 21:11:17,647 | INFO | fetch_order_book: mid=0.07454 spread=5.37bps bids=20 asks=20
2026-05-08 21:11:18,515 | INFO | SPREAD | pair=CHIP/USDC | cex=0.07452/0.07456 | dex_sell=0.0745037 dex_buy=0.0745231 | spread_a=-7.5bps spread_b=-0.4bps | min=30.0bps
2026-05-08 21:11:19,518 | INFO | fetch_order_book: symbol=CHIP/USDC limit=20
2026-05-08 21:11:19,776 | INFO | fetch_order_book: mid=0.074535 spread=4.02bps bids=20 asks=20
2026-05-08 21:11:20,691 | INFO | SPREAD | pair=CHIP/USDC | cex=0.07452/0.07455 | dex_sell=0.0745037 dex_buy=0.0745231 | spread_a=-6.2bps spread_b=-0.4bps | min=30.0bps
2026-05-08 21:11:21,694 | INFO | fetch_order_book: symbol=CHIP/USDC limit=20
2026-05-08 21:11:22,026 | INFO | fetch_order_book: mid=0.07452 spread=5.37bps bids=20 asks=20
2026-05-08 21:11:22,908 | INFO | SPREAD | pair=CHIP/USDC | cex=0.0745/0.07454 | dex_sell=0.0745037 dex_buy=0.0745231 | spread_a=-4.9bps spread_b=-3.1bps | min=30.0bps
2026-05-08 21:11:23,910 | INFO | fetch_order_book: symbol=CHIP/USDC limit=20
2026-05-08 21:11:24,170 | INFO | fetch_order_book: mid=0.07452 spread=5.37bps bids=20 asks=20
2026-05-08 21:11:25,098 | INFO | SPREAD | pair=CHIP/USDC | cex=0.0745/0.07454 | dex_sell=0.0745037 dex_buy=0.0745231 | spread_a=-4.9bps spread_b=-3.1bps | min=30.0bps
2026-05-08 21:11:26,100 | INFO | fetch_order_book: symbol=CHIP/USDC limit=20
2026-05-08 21:11:26,358 | INFO | fetch_order_book: mid=0.07452 spread=5.37bps bids=20 asks=20
2026-05-08 21:11:27,264 | INFO | SPREAD | pair=CHIP/USDC | cex=0.0745/0.07454 | dex_sell=0.0745037 dex_buy=0.0745231 | spread_a=-4.9bps spread_b=-3.1bps | min=30.0bps
2026-05-08 21:11:28,266 | INFO | fetch_order_book: symbol=CHIP/USDC limit=20
2026-05-08 21:11:28,528 | INFO | fetch_order_book: mid=0.074515 spread=6.71bps bids=20 asks=20
2026-05-08 21:11:29,455 | INFO | SPREAD | pair=CHIP/USDC | cex=0.07449/0.07454 | dex_sell=0.0745037 dex_buy=0.0745231 | spread_a=-4.9bps spread_b=-4.4bps | min=30.0bps
2026-05-08 21:11:30,457 | INFO | fetch_order_book: symbol=CHIP/USDC limit=20
2026-05-08 21:11:30,718 | INFO | fetch_order_book: mid=0.074495 spread=4.03bps bids=20 asks=20
2026-05-08 21:11:31,590 | INFO | SPREAD | pair=CHIP/USDC | cex=0.07448/0.07451 | dex_sell=0.0745037 dex_buy=0.0745231 | spread_a=-0.8bps spread_b=-5.8bps | min=30.0bps
2026-05-08 21:11:32,593 | INFO | fetch_order_book: symbol=CHIP/USDC limit=20
2026-05-08 21:11:32,856 | INFO | fetch_order_book: mid=0.074515 spread=6.71bps bids=20 asks=20
2026-05-08 21:11:33,742 | INFO | SPREAD | pair=CHIP/USDC | cex=0.07449/0.07454 | dex_sell=0.0744792 dex_buy=0.0744985 | spread_a=-8.2bps spread_b=-1.1bps | min=30.0bps
2026-05-08 21:11:34,745 | INFO | fetch_order_book: symbol=CHIP/USDC limit=20
2026-05-08 21:11:35,002 | INFO | fetch_order_book: mid=0.07452 spread=5.37bps bids=20 asks=20
2026-05-08 21:11:35,896 | INFO | SPREAD | pair=CHIP/USDC | cex=0.0745/0.07454 | dex_sell=0.0744792 dex_buy=0.0744985 | spread_a=-8.2bps spread_b=0.2bps | min=30.0bps
2026-05-08 21:11:36,898 | INFO | fetch_order_book: symbol=CHIP/USDC limit=20
2026-05-08 21:11:37,155 | INFO | fetch_order_book: mid=0.07453 spread=2.68bps bids=20 asks=20
2026-05-08 21:11:38,064 | INFO | SPREAD | pair=CHIP/USDC | cex=0.07452/0.07454 | dex_sell=0.0745036 dex_buy=0.074523 | spread_a=-4.9bps spread_b=-0.4bps | min=30.0bps
2026-05-08 21:11:39,067 | INFO | fetch_order_book: symbol=CHIP/USDC limit=20
2026-05-08 21:11:39,323 | INFO | fetch_order_book: mid=0.074485 spread=6.71bps bids=20 asks=20
2026-05-08 21:11:40,239 | INFO | SPREAD | pair=CHIP/USDC | cex=0.07446/0.07451 | dex_sell=0.0745036 dex_buy=0.074523 | spread_a=-0.9bps spread_b=-8.4bps | min=30.0bps
2026-05-08 21:11:41,242 | INFO | fetch_order_book: symbol=CHIP/USDC limit=20
2026-05-08 21:11:41,499 | INFO | fetch_order_book: mid=0.07450 spread=5.37bps bids=20 asks=20
2026-05-08 21:11:42,414 | INFO | SPREAD | pair=CHIP/USDC | cex=0.07448/0.07452 | dex_sell=0.0744793 dex_buy=0.0744987 | spread_a=-5.5bps spread_b=-2.5bps | min=30.0bps
2026-05-08 21:11:43,416 | INFO | fetch_order_book: symbol=CHIP/USDC limit=20
2026-05-08 21:11:43,673 | INFO | fetch_order_book: mid=0.074485 spread=6.71bps bids=20 asks=20
2026-05-08 21:11:44,598 | INFO | SPREAD | pair=CHIP/USDC | cex=0.07446/0.07451 | dex_sell=0.0744793 dex_buy=0.0744987 | spread_a=-4.1bps spread_b=-5.2bps | min=30.0bps
2026-05-08 21:11:45,600 | INFO | fetch_order_book: symbol=CHIP/USDC limit=20
2026-05-08 21:11:45,859 | INFO | fetch_order_book: mid=0.07449 spread=5.37bps bids=20 asks=20
2026-05-08 21:11:46,768 | INFO | SPREAD | pair=CHIP/USDC | cex=0.07447/0.07451 | dex_sell=0.0744793 dex_buy=0.0744987 | spread_a=-4.1bps spread_b=-3.8bps | min=30.0bps
2026-05-08 21:11:47,770 | INFO | fetch_order_book: symbol=CHIP/USDC limit=20
2026-05-08 21:11:48,026 | INFO | fetch_order_book: mid=0.07451 spread=2.68bps bids=20 asks=20
2026-05-08 21:11:48,915 | INFO | SPREAD | pair=CHIP/USDC | cex=0.0745/0.07452 | dex_sell=0.0744485 dex_buy=0.0745021 | spread_a=-9.6bps spread_b=-0.3bps | min=30.0bps
2026-05-08 21:11:49,917 | INFO | fetch_order_book: symbol=CHIP/USDC limit=20
2026-05-08 21:11:50,174 | INFO | fetch_order_book: mid=0.074505 spread=4.03bps bids=20 asks=20
2026-05-08 21:11:51,065 | INFO | SPREAD | pair=CHIP/USDC | cex=0.07449/0.07452 | dex_sell=0.0744827 dex_buy=0.0745021 | spread_a=-5.0bps spread_b=-1.6bps | min=30.0bps
2026-05-08 21:11:52,067 | INFO | fetch_order_book: symbol=CHIP/USDC limit=20
2026-05-08 21:11:52,330 | INFO | fetch_order_book: mid=0.074495 spread=6.71bps bids=20 asks=20
2026-05-08 21:11:53,209 | INFO | SPREAD | pair=CHIP/USDC | cex=0.07447/0.07452 | dex_sell=0.0744827 dex_buy=0.0745021 | spread_a=-5.0bps spread_b=-4.3bps | min=30.0bps
2026-05-08 21:11:54,212 | INFO | fetch_order_book: symbol=CHIP/USDC limit=20
2026-05-08 21:11:54,491 | INFO | fetch_order_book: mid=0.074485 spread=4.03bps bids=20 asks=20
2026-05-08 21:11:55,373 | INFO | SPREAD | pair=CHIP/USDC | cex=0.07447/0.0745 | dex_sell=0.0744592 dex_buy=0.0744477 | spread_a=-5.5bps spread_b=3.0bps | min=30.0bps
2026-05-08 21:11:56,375 | INFO | fetch_order_book: symbol=CHIP/USDC limit=20
2026-05-08 21:11:56,632 | INFO | fetch_order_book: mid=0.074485 spread=4.03bps bids=20 asks=20
2026-05-08 21:11:57,640 | INFO | SPREAD | pair=CHIP/USDC | cex=0.07447/0.0745 | dex_sell=0.0744629 dex_buy=0.0744823 | spread_a=-5.0bps spread_b=-1.6bps | min=30.0bps
2026-05-08 21:11:58,643 | INFO | fetch_order_book: symbol=CHIP/USDC limit=20
2026-05-08 21:11:58,907 | INFO | fetch_order_book: mid=0.07449 spread=2.68bps bids=20 asks=20
2026-05-08 21:11:59,885 | INFO | SPREAD | pair=CHIP/USDC | cex=0.07448/0.0745 | dex_sell=0.0744629 dex_buy=0.0744823 | spread_a=-5.0bps spread_b=-0.3bps | min=30.0bps
2026-05-08 21:12:00,887 | INFO | fetch_order_book: symbol=CHIP/USDC limit=20
2026-05-08 21:12:01,147 | INFO | fetch_order_book: mid=0.074475 spread=6.71bps bids=20 asks=20
2026-05-08 21:12:02,345 | INFO | SPREAD | pair=CHIP/USDC | cex=0.07445/0.0745 | dex_sell=0.0744629 dex_buy=0.0744823 | spread_a=-5.0bps spread_b=-4.3bps | min=30.0bps
2026-05-08 21:12:03,347 | INFO | fetch_order_book: symbol=CHIP/USDC limit=20
2026-05-08 21:12:03,617 | INFO | fetch_order_book: mid=0.07446 spread=5.37bps bids=20 asks=20
2026-05-08 21:12:04,576 | INFO | SPREAD | pair=CHIP/USDC | cex=0.07444/0.07448 | dex_sell=0.0744629 dex_buy=0.0744823 | spread_a=-2.3bps spread_b=-5.7bps | min=30.0bps
2026-05-08 21:12:05,578 | INFO | fetch_order_book: symbol=CHIP/USDC limit=20
2026-05-08 21:12:05,880 | INFO | fetch_order_book: mid=0.07449 spread=2.68bps bids=20 asks=20
2026-05-08 21:12:06,815 | INFO | SPREAD | pair=CHIP/USDC | cex=0.07448/0.0745 | dex_sell=0.0744629 dex_buy=0.0744823 | spread_a=-5.0bps spread_b=-0.3bps | min=30.0bps
2026-05-08 21:12:07,818 | INFO | fetch_order_book: symbol=CHIP/USDC limit=20
2026-05-08 21:12:08,116 | INFO | fetch_order_book: mid=0.07448 spread=5.37bps bids=20 asks=20
2026-05-08 21:12:09,196 | INFO | SPREAD | pair=CHIP/USDC | cex=0.07446/0.0745 | dex_sell=0.0744629 dex_buy=0.0744823 | spread_a=-5.0bps spread_b=-3.0bps | min=30.0bps
2026-05-08 21:12:10,199 | INFO | fetch_order_book: symbol=CHIP/USDC limit=20
2026-05-08 21:12:10,456 | INFO | fetch_order_book: mid=0.07450 spread=5.37bps bids=20 asks=20
2026-05-08 21:12:11,485 | INFO | SPREAD | pair=CHIP/USDC | cex=0.07448/0.07452 | dex_sell=0.074493 dex_buy=0.0745123 | spread_a=-3.6bps spread_b=-4.3bps | min=30.0bps
2026-05-08 21:12:12,487 | INFO | fetch_order_book: symbol=CHIP/USDC limit=20
2026-05-08 21:12:12,754 | INFO | fetch_order_book: mid=0.07450 spread=5.37bps bids=20 asks=20
2026-05-08 21:12:13,718 | INFO | SPREAD | pair=CHIP/USDC | cex=0.07448/0.07452 | dex_sell=0.074493 dex_buy=0.0745123 | spread_a=-3.6bps spread_b=-4.3bps | min=30.0bps
2026-05-08 21:12:14,720 | INFO | fetch_order_book: symbol=CHIP/USDC limit=20
2026-05-08 21:12:15,058 | INFO | fetch_order_book: mid=0.074425 spread=4.03bps bids=20 asks=20
2026-05-08 21:12:15,952 | INFO | SPREAD | pair=CHIP/USDC | cex=0.07441/0.07444 | dex_sell=0.0744284 dex_buy=0.0744477 | spread_a=-1.6bps spread_b=-5.1bps | min=30.0bps
2026-05-08 21:12:16,954 | INFO | fetch_order_book: symbol=CHIP/USDC limit=20
2026-05-08 21:12:17,226 | INFO | fetch_order_book: mid=0.074405 spread=1.34bps bids=20 asks=20
2026-05-08 21:12:18,220 | INFO | SPREAD | pair=CHIP/USDC | cex=0.0744/0.07441 | dex_sell=0.0744284 dex_buy=0.0744477 | spread_a=2.5bps spread_b=-6.4bps | min=30.0bps
2026-05-08 21:12:19,223 | INFO | fetch_order_book: symbol=CHIP/USDC limit=20
2026-05-08 21:12:19,572 | INFO | fetch_order_book: mid=0.07433 spread=5.38bps bids=20 asks=20
2026-05-08 21:12:20,555 | INFO | SPREAD | pair=CHIP/USDC | cex=0.07431/0.07435 | dex_sell=0.0742829 dex_buy=0.0743022 | spread_a=-9.0bps spread_b=1.1bps | min=30.0bps
2026-05-08 21:12:21,557 | INFO | fetch_order_book: symbol=CHIP/USDC limit=20
2026-05-08 21:12:21,887 | INFO | fetch_order_book: mid=0.074395 spread=9.41bps bids=20 asks=20
2026-05-08 21:12:23,014 | INFO | SPREAD | pair=CHIP/USDC | cex=0.07436/0.07443 | dex_sell=0.0743536 dex_buy=0.0743729 | spread_a=-10.3bps spread_b=-1.7bps | min=30.0bps
2026-05-08 21:12:24,016 | INFO | fetch_order_book: symbol=CHIP/USDC limit=20
2026-05-08 21:12:24,350 | INFO | fetch_order_book: mid=0.074405 spread=6.72bps bids=20 asks=20
2026-05-08 21:12:25,654 | INFO | SPREAD | pair=CHIP/USDC | cex=0.07438/0.07443 | dex_sell=0.0743536 dex_buy=0.0743729 | spread_a=-10.3bps spread_b=1.0bps | min=30.0bps
2026-05-08 21:12:26,656 | INFO | fetch_order_book: symbol=CHIP/USDC limit=20
2026-05-08 21:12:26,918 | INFO | fetch_order_book: mid=0.074435 spread=4.03bps bids=20 asks=20
2026-05-08 21:12:28,098 | INFO | SPREAD | pair=CHIP/USDC | cex=0.07442/0.07445 | dex_sell=0.0743536 dex_buy=0.0743729 | spread_a=-12.9bps spread_b=6.3bps | min=30.0bps
2026-05-08 21:12:29,100 | INFO | fetch_order_book: symbol=CHIP/USDC limit=20
2026-05-08 21:12:29,388 | INFO | fetch_order_book: mid=0.07443 spread=5.37bps bids=20 asks=20
2026-05-08 21:12:30,522 | INFO | SPREAD | pair=CHIP/USDC | cex=0.07441/0.07445 | dex_sell=0.0743536 dex_buy=0.0743729 | spread_a=-12.9bps spread_b=5.0bps | min=30.0bps
2026-05-08 21:12:31,524 | INFO | fetch_order_book: symbol=CHIP/USDC limit=20
2026-05-08 21:12:31,781 | INFO | fetch_order_book: mid=0.07447 spread=2.69bps bids=20 asks=20
2026-05-08 21:12:32,676 | INFO | SPREAD | pair=CHIP/USDC | cex=0.07446/0.07448 | dex_sell=0.07444 dex_buy=0.0744594 | spread_a=-5.4bps spread_b=0.1bps | min=30.0bps
2026-05-08 21:12:33,678 | INFO | fetch_order_book: symbol=CHIP/USDC limit=20
2026-05-08 21:12:33,936 | INFO | fetch_order_book: mid=0.074515 spread=1.34bps bids=20 asks=20
2026-05-08 21:12:34,859 | INFO | SPREAD | pair=CHIP/USDC | cex=0.07451/0.07452 | dex_sell=0.07444 dex_buy=0.0744594 | spread_a=-10.7bps spread_b=6.8bps | min=30.0bps
2026-05-08 21:12:35,861 | INFO | fetch_order_book: symbol=CHIP/USDC limit=20
2026-05-08 21:12:36,125 | INFO | fetch_order_book: mid=0.074515 spread=1.34bps bids=20 asks=20
2026-05-08 21:12:37,036 | INFO | SPREAD | pair=CHIP/USDC | cex=0.07451/0.07452 | dex_sell=0.07444 dex_buy=0.0744594 | spread_a=-10.7bps spread_b=6.8bps | min=30.0bps
2026-05-08 21:12:38,039 | INFO | fetch_order_book: symbol=CHIP/USDC limit=20
2026-05-08 21:12:38,324 | INFO | fetch_order_book: mid=0.07453 spread=2.68bps bids=20 asks=20
2026-05-08 21:12:39,209 | INFO | SPREAD | pair=CHIP/USDC | cex=0.07452/0.07454 | dex_sell=0.07444 dex_buy=0.0744594 | spread_a=-13.4bps spread_b=8.1bps | min=30.0bps
2026-05-08 21:12:40,212 | INFO | fetch_order_book: symbol=CHIP/USDC limit=20
2026-05-08 21:12:40,478 | INFO | fetch_order_book: mid=0.07451 spread=5.37bps bids=20 asks=20
2026-05-08 21:12:41,362 | INFO | SPREAD | pair=CHIP/USDC | cex=0.07449/0.07453 | dex_sell=0.07444 dex_buy=0.0744594 | spread_a=-12.1bps spread_b=4.1bps | min=30.0bps
2026-05-08 21:12:42,364 | INFO | fetch_order_book: symbol=CHIP/USDC limit=20
2026-05-08 21:12:42,620 | INFO | fetch_order_book: mid=0.074485 spread=4.03bps bids=20 asks=20
2026-05-08 21:12:43,553 | INFO | SPREAD | pair=CHIP/USDC | cex=0.07447/0.0745 | dex_sell=0.07444 dex_buy=0.0744594 | spread_a=-8.0bps spread_b=1.4bps | min=30.0bps
2026-05-08 21:12:44,555 | INFO | fetch_order_book: symbol=CHIP/USDC limit=20
2026-05-08 21:12:44,818 | INFO | fetch_order_book: mid=0.074505 spread=1.34bps bids=20 asks=20
2026-05-08 21:12:45,714 | INFO | SPREAD | pair=CHIP/USDC | cex=0.0745/0.07451 | dex_sell=0.07444 dex_buy=0.0744594 | spread_a=-9.4bps spread_b=5.5bps | min=30.0bps
2026-05-08 21:12:46,717 | INFO | fetch_order_book: symbol=CHIP/USDC limit=20
2026-05-08 21:12:47,000 | INFO | fetch_order_book: mid=0.074485 spread=4.03bps bids=20 asks=20
2026-05-08 21:12:47,933 | INFO | SPREAD | pair=CHIP/USDC | cex=0.07447/0.0745 | dex_sell=0.07444 dex_buy=0.0744594 | spread_a=-8.0bps spread_b=1.4bps | min=30.0bps
2026-05-08 21:12:48,935 | INFO | fetch_order_book: symbol=CHIP/USDC limit=20
2026-05-08 21:12:49,194 | INFO | fetch_order_book: mid=0.074485 spread=4.03bps bids=20 asks=20
2026-05-08 21:12:50,079 | INFO | SPREAD | pair=CHIP/USDC | cex=0.07447/0.0745 | dex_sell=0.07444 dex_buy=0.0744594 | spread_a=-8.0bps spread_b=1.4bps | min=30.0bps
2026-05-08 21:12:51,082 | INFO | fetch_order_book: symbol=CHIP/USDC limit=20
2026-05-08 21:12:51,344 | INFO | fetch_order_book: mid=0.07447 spread=5.37bps bids=20 asks=20
2026-05-08 21:12:52,263 | INFO | SPREAD | pair=CHIP/USDC | cex=0.07445/0.07449 | dex_sell=0.07444 dex_buy=0.0744594 | spread_a=-6.7bps spread_b=-1.3bps | min=30.0bps
2026-05-08 21:12:53,265 | INFO | fetch_order_book: symbol=CHIP/USDC limit=20
2026-05-08 21:12:54,078 | INFO | fetch_order_book: mid=0.074485 spread=4.03bps bids=20 asks=20
2026-05-08 21:12:54,948 | INFO | SPREAD | pair=CHIP/USDC | cex=0.07447/0.0745 | dex_sell=0.07444 dex_buy=0.0744594 | spread_a=-8.0bps spread_b=1.4bps | min=30.0bps
2026-05-08 21:12:55,951 | INFO | fetch_order_book: symbol=CHIP/USDC limit=20
2026-05-08 21:12:56,212 | INFO | fetch_order_book: mid=0.074495 spread=1.34bps bids=20 asks=20
2026-05-08 21:12:57,087 | INFO | SPREAD | pair=CHIP/USDC | cex=0.07449/0.0745 | dex_sell=0.07444 dex_buy=0.0744594 | spread_a=-8.0bps spread_b=4.1bps | min=30.0bps
2026-05-08 21:12:58,089 | INFO | fetch_order_book: symbol=CHIP/USDC limit=20
2026-05-08 21:12:58,411 | INFO | fetch_order_book: mid=0.074495 spread=1.34bps bids=20 asks=20
2026-05-08 21:12:59,336 | INFO | SPREAD | pair=CHIP/USDC | cex=0.07449/0.0745 | dex_sell=0.07444 dex_buy=0.0744594 | spread_a=-8.0bps spread_b=4.1bps | min=30.0bps
2026-05-08 21:13:00,339 | INFO | fetch_order_book: symbol=CHIP/USDC limit=20
2026-05-08 21:13:00,597 | INFO | fetch_order_book: mid=0.074515 spread=1.34bps bids=20 asks=20
2026-05-08 21:13:01,473 | INFO | SPREAD | pair=CHIP/USDC | cex=0.07451/0.07452 | dex_sell=0.07444 dex_buy=0.0744594 | spread_a=-10.7bps spread_b=6.8bps | min=30.0bps
2026-05-08 21:13:02,475 | INFO | fetch_order_book: symbol=CHIP/USDC limit=20
2026-05-08 21:13:02,749 | INFO | fetch_order_book: mid=0.074465 spread=6.71bps bids=20 asks=20
2026-05-08 21:13:03,657 | INFO | SPREAD | pair=CHIP/USDC | cex=0.07444/0.07449 | dex_sell=0.07444 dex_buy=0.0744594 | spread_a=-6.7bps spread_b=-2.6bps | min=30.0bps
2026-05-08 21:13:04,659 | INFO | fetch_order_book: symbol=CHIP/USDC limit=20
2026-05-08 21:13:04,923 | INFO | fetch_order_book: mid=0.074425 spread=4.03bps bids=20 asks=20
2026-05-08 21:13:05,823 | INFO | SPREAD | pair=CHIP/USDC | cex=0.07441/0.07444 | dex_sell=0.0744086 dex_buy=0.0744279 | spread_a=-4.2bps spread_b=-2.4bps | min=30.0bps
2026-05-08 21:13:06,825 | INFO | fetch_order_book: symbol=CHIP/USDC limit=20
2026-05-08 21:13:07,176 | INFO | fetch_order_book: mid=0.074415 spread=4.03bps bids=20 asks=20
2026-05-08 21:13:08,060 | INFO | SPREAD | pair=CHIP/USDC | cex=0.0744/0.07443 | dex_sell=0.0744086 dex_buy=0.0744279 | spread_a=-2.9bps spread_b=-3.8bps | min=30.0bps
2026-05-08 21:13:09,062 | INFO | fetch_order_book: symbol=CHIP/USDC limit=20
2026-05-08 21:13:09,795 | INFO | fetch_order_book: mid=0.07441 spread=5.38bps bids=20 asks=20
2026-05-08 21:13:10,702 | INFO | SPREAD | pair=CHIP/USDC | cex=0.07439/0.07443 | dex_sell=0.0743784 dex_buy=0.0743978 | spread_a=-6.9bps spread_b=-1.0bps | min=30.0bps
2026-05-08 21:13:11,704 | INFO | fetch_order_book: symbol=CHIP/USDC limit=20
2026-05-08 21:13:12,007 | INFO | fetch_order_book: mid=0.074465 spread=4.03bps bids=20 asks=20
2026-05-08 21:13:12,891 | INFO | SPREAD | pair=CHIP/USDC | cex=0.07445/0.07448 | dex_sell=0.0744228 dex_buy=0.0744421 | spread_a=-7.7bps spread_b=1.1bps | min=30.0bps
2026-05-08 21:13:13,894 | INFO | fetch_order_book: symbol=CHIP/USDC limit=20
2026-05-08 21:13:14,170 | INFO | fetch_order_book: mid=0.07445 spread=5.37bps bids=20 asks=20
2026-05-08 21:13:15,058 | INFO | SPREAD | pair=CHIP/USDC | cex=0.07443/0.07447 | dex_sell=0.0744228 dex_buy=0.0744421 | spread_a=-6.3bps spread_b=-1.6bps | min=30.0bps
2026-05-08 21:13:16,061 | INFO | fetch_order_book: symbol=CHIP/USDC limit=20
2026-05-08 21:13:16,326 | INFO | fetch_order_book: mid=0.07445 spread=5.37bps bids=20 asks=20
2026-05-08 21:13:17,236 | INFO | SPREAD | pair=CHIP/USDC | cex=0.07443/0.07447 | dex_sell=0.0744228 dex_buy=0.0744421 | spread_a=-6.3bps spread_b=-1.6bps | min=30.0bps
2026-05-08 21:13:18,239 | INFO | fetch_order_book: symbol=CHIP/USDC limit=20
2026-05-08 21:13:18,494 | INFO | fetch_order_book: mid=0.07446 spread=5.37bps bids=20 asks=20
2026-05-08 21:13:19,383 | INFO | SPREAD | pair=CHIP/USDC | cex=0.07444/0.07448 | dex_sell=0.0744228 dex_buy=0.0744421 | spread_a=-7.7bps spread_b=-0.3bps | min=30.0bps
2026-05-08 21:13:20,386 | INFO | fetch_order_book: symbol=CHIP/USDC limit=20
2026-05-08 21:13:20,648 | INFO | fetch_order_book: mid=0.074505 spread=4.03bps bids=20 asks=20
2026-05-08 21:13:21,543 | INFO | SPREAD | pair=CHIP/USDC | cex=0.07449/0.07452 | dex_sell=0.0744402 dex_buy=0.0744595 | spread_a=-10.7bps spread_b=4.1bps | min=30.0bps
2026-05-08 21:13:22,545 | INFO | fetch_order_book: symbol=CHIP/USDC limit=20
2026-05-08 21:13:22,800 | INFO | fetch_order_book: mid=0.074505 spread=4.03bps bids=20 asks=20
2026-05-08 21:13:23,683 | INFO | SPREAD | pair=CHIP/USDC | cex=0.07449/0.07452 | dex_sell=0.0744402 dex_buy=0.0744595 | spread_a=-10.7bps spread_b=4.1bps | min=30.0bps
2026-05-08 21:13:24,686 | INFO | fetch_order_book: symbol=CHIP/USDC limit=20
2026-05-08 21:13:24,939 | INFO | fetch_order_book: mid=0.074505 spread=4.03bps bids=20 asks=20
2026-05-08 21:13:25,812 | INFO | SPREAD | pair=CHIP/USDC | cex=0.07449/0.07452 | dex_sell=0.0744402 dex_buy=0.0744595 | spread_a=-10.7bps spread_b=4.1bps | min=30.0bps
2026-05-08 21:13:26,815 | INFO | fetch_order_book: symbol=CHIP/USDC limit=20
2026-05-08 21:13:27,068 | INFO | fetch_order_book: mid=0.07447 spread=5.37bps bids=20 asks=20
2026-05-08 21:13:28,026 | INFO | SPREAD | pair=CHIP/USDC | cex=0.07445/0.07449 | dex_sell=0.0744402 dex_buy=0.0744595 | spread_a=-6.7bps spread_b=-1.3bps | min=30.0bps
2026-05-08 21:13:29,028 | INFO | fetch_order_book: symbol=CHIP/USDC limit=20
2026-05-08 21:13:29,284 | INFO | fetch_order_book: mid=0.074475 spread=4.03bps bids=20 asks=20
2026-05-08 21:13:30,172 | INFO | SPREAD | pair=CHIP/USDC | cex=0.07446/0.07449 | dex_sell=0.0744402 dex_buy=0.0744595 | spread_a=-6.7bps spread_b=0.1bps | min=30.0bps
2026-05-08 21:13:31,175 | INFO | fetch_order_book: symbol=CHIP/USDC limit=20
2026-05-08 21:13:31,454 | INFO | fetch_order_book: mid=0.074475 spread=4.03bps bids=20 asks=20
2026-05-08 21:13:32,337 | INFO | SPREAD | pair=CHIP/USDC | cex=0.07446/0.07449 | dex_sell=0.0744402 dex_buy=0.0744595 | spread_a=-6.7bps spread_b=0.1bps | min=30.0bps
2026-05-08 21:13:33,339 | INFO | fetch_order_book: symbol=CHIP/USDC limit=20
2026-05-08 21:13:33,593 | INFO | fetch_order_book: mid=0.07444 spread=5.37bps bids=20 asks=20
2026-05-08 21:13:34,463 | INFO | SPREAD | pair=CHIP/USDC | cex=0.07442/0.07446 | dex_sell=0.0744402 dex_buy=0.0744595 | spread_a=-2.7bps spread_b=-5.3bps | min=30.0bps
2026-05-08 21:13:35,466 | INFO | fetch_order_book: symbol=CHIP/USDC limit=20
2026-05-08 21:13:36,200 | INFO | fetch_order_book: mid=0.074455 spread=6.72bps bids=20 asks=20
2026-05-08 21:13:37,115 | INFO | SPREAD | pair=CHIP/USDC | cex=0.07443/0.07448 | dex_sell=0.0744402 dex_buy=0.0744595 | spread_a=-5.3bps spread_b=-4.0bps | min=30.0bps
2026-05-08 21:13:38,117 | INFO | fetch_order_book: symbol=CHIP/USDC limit=20
2026-05-08 21:13:38,377 | INFO | fetch_order_book: mid=0.074465 spread=6.71bps bids=20 asks=20
2026-05-08 21:13:39,311 | INFO | SPREAD | pair=CHIP/USDC | cex=0.07444/0.07449 | dex_sell=0.0744402 dex_buy=0.0744595 | spread_a=-6.7bps spread_b=-2.6bps | min=30.0bps
2026-05-08 21:13:40,313 | INFO | fetch_order_book: symbol=CHIP/USDC limit=20
2026-05-08 21:13:40,586 | INFO | fetch_order_book: mid=0.074415 spread=4.03bps bids=20 asks=20
2026-05-08 21:13:41,523 | INFO | SPREAD | pair=CHIP/USDC | cex=0.0744/0.07443 | dex_sell=0.0744402 dex_buy=0.0744277 | spread_a=1.4bps spread_b=-3.7bps | min=30.0bps
2026-05-08 21:13:42,525 | INFO | fetch_order_book: symbol=CHIP/USDC limit=20
2026-05-08 21:13:42,866 | INFO | fetch_order_book: mid=0.07440 spread=5.38bps bids=20 asks=20
2026-05-08 21:13:43,960 | INFO | SPREAD | pair=CHIP/USDC | cex=0.07438/0.07442 | dex_sell=0.0744084 dex_buy=0.0744277 | spread_a=-1.6bps spread_b=-6.4bps | min=30.0bps
2026-05-08 21:13:44,963 | INFO | fetch_order_book: symbol=CHIP/USDC limit=20
2026-05-08 21:13:45,279 | INFO | fetch_order_book: mid=0.07440 spread=5.38bps bids=20 asks=20
2026-05-08 21:13:46,189 | INFO | SPREAD | pair=CHIP/USDC | cex=0.07438/0.07442 | dex_sell=0.0744084 dex_buy=0.0744277 | spread_a=-1.6bps spread_b=-6.4bps | min=30.0bps
2026-05-08 21:13:47,191 | INFO | fetch_order_book: symbol=CHIP/USDC limit=20
2026-05-08 21:13:47,443 | INFO | fetch_order_book: mid=0.07440 spread=5.38bps bids=20 asks=20
2026-05-08 21:13:48,322 | INFO | SPREAD | pair=CHIP/USDC | cex=0.07438/0.07442 | dex_sell=0.0744084 dex_buy=0.0744277 | spread_a=-1.6bps spread_b=-6.4bps | min=30.0bps
2026-05-08 21:13:49,324 | INFO | fetch_order_book: symbol=CHIP/USDC limit=20
2026-05-08 21:13:49,582 | INFO | fetch_order_book: mid=0.074375 spread=1.34bps bids=20 asks=20
2026-05-08 21:13:50,442 | INFO | SPREAD | pair=CHIP/USDC | cex=0.07437/0.07438 | dex_sell=0.0743786 dex_buy=0.0743979 | spread_a=-0.2bps spread_b=-3.7bps | min=30.0bps
2026-05-08 21:13:51,445 | INFO | fetch_order_book: symbol=CHIP/USDC limit=20
2026-05-08 21:13:51,702 | INFO | fetch_order_book: mid=0.074295 spread=4.04bps bids=20 asks=20
2026-05-08 21:13:52,593 | INFO | SPREAD | pair=CHIP/USDC | cex=0.07428/0.07431 | dex_sell=0.0743186 dex_buy=0.0743379 | spread_a=1.2bps spread_b=-7.8bps | min=30.0bps
2026-05-08 21:13:53,595 | INFO | fetch_order_book: symbol=CHIP/USDC limit=20
2026-05-08 21:13:53,854 | INFO | fetch_order_book: mid=0.074375 spread=4.03bps bids=20 asks=20
2026-05-08 21:13:54,728 | INFO | SPREAD | pair=CHIP/USDC | cex=0.07436/0.07439 | dex_sell=0.074343 dex_buy=0.0743623 | spread_a=-6.3bps spread_b=-0.3bps | min=30.0bps
2026-05-08 21:13:55,730 | INFO | fetch_order_book: symbol=CHIP/USDC limit=20
2026-05-08 21:13:56,134 | INFO | fetch_order_book: mid=0.07436 spread=5.38bps bids=20 asks=20
2026-05-08 21:13:57,050 | INFO | SPREAD | pair=CHIP/USDC | cex=0.07434/0.07438 | dex_sell=0.0743486 dex_buy=0.0743679 | spread_a=-4.2bps spread_b=-3.7bps | min=30.0bps
2026-05-08 21:13:58,052 | INFO | fetch_order_book: symbol=CHIP/USDC limit=20
2026-05-08 21:13:58,310 | INFO | fetch_order_book: mid=0.07434 spread=8.07bps bids=20 asks=20
2026-05-08 21:13:59,188 | INFO | SPREAD | pair=CHIP/USDC | cex=0.07431/0.07437 | dex_sell=0.0743486 dex_buy=0.0743679 | spread_a=-2.9bps spread_b=-7.8bps | min=30.0bps
2026-05-08 21:14:00,190 | INFO | fetch_order_book: symbol=CHIP/USDC limit=20
2026-05-08 21:14:00,446 | INFO | fetch_order_book: mid=0.074305 spread=6.73bps bids=20 asks=20
2026-05-08 21:14:01,313 | INFO | SPREAD | pair=CHIP/USDC | cex=0.07428/0.07433 | dex_sell=0.0743184 dex_buy=0.0743377 | spread_a=-1.6bps spread_b=-7.8bps | min=30.0bps
2026-05-08 21:14:02,316 | INFO | fetch_order_book: symbol=CHIP/USDC limit=20
2026-05-08 21:14:02,578 | INFO | fetch_order_book: mid=0.07426 spread=5.39bps bids=20 asks=20
2026-05-08 21:14:03,454 | INFO | SPREAD | pair=CHIP/USDC | cex=0.07424/0.07428 | dex_sell=0.0742585 dex_buy=0.0742778 | spread_a=-2.9bps spread_b=-5.1bps | min=30.0bps
2026-05-08 21:14:04,457 | INFO | fetch_order_book: symbol=CHIP/USDC limit=20
2026-05-08 21:14:04,717 | INFO | fetch_order_book: mid=0.07427 spread=5.39bps bids=20 asks=20
2026-05-08 21:14:05,587 | INFO | SPREAD | pair=CHIP/USDC | cex=0.07425/0.07429 | dex_sell=0.0742284 dex_buy=0.0742723 | spread_a=-8.3bps spread_b=-3.0bps | min=30.0bps
2026-05-08 21:14:06,589 | INFO | fetch_order_book: symbol=CHIP/USDC limit=20
2026-05-08 21:14:06,853 | INFO | fetch_order_book: mid=0.07420 spread=2.70bps bids=20 asks=20
2026-05-08 21:14:07,748 | INFO | SPREAD | pair=CHIP/USDC | cex=0.07419/0.07421 | dex_sell=0.0741986 dex_buy=0.0742179 | spread_a=-1.5bps spread_b=-3.8bps | min=30.0bps
2026-05-08 21:14:08,751 | INFO | fetch_order_book: symbol=CHIP/USDC limit=20
2026-05-08 21:14:09,006 | INFO | fetch_order_book: mid=0.074285 spread=6.73bps bids=20 asks=20
2026-05-08 21:14:09,906 | INFO | SPREAD | pair=CHIP/USDC | cex=0.07426/0.07431 | dex_sell=0.074253 dex_buy=0.0742723 | spread_a=-7.7bps spread_b=-1.7bps | min=30.0bps
2026-05-08 21:14:10,908 | INFO | fetch_order_book: symbol=CHIP/USDC limit=20
2026-05-08 21:14:11,165 | INFO | fetch_order_book: mid=0.074225 spread=6.74bps bids=20 asks=20
2026-05-08 21:14:12,083 | INFO | SPREAD | pair=CHIP/USDC | cex=0.0742/0.07425 | dex_sell=0.074253 dex_buy=0.0742723 | spread_a=0.4bps spread_b=-9.7bps | min=30.0bps
2026-05-08 21:14:13,086 | INFO | fetch_order_book: symbol=CHIP/USDC limit=20
2026-05-08 21:14:13,341 | INFO | fetch_order_book: mid=0.07422 spread=5.39bps bids=20 asks=20
2026-05-08 21:14:14,249 | INFO | SPREAD | pair=CHIP/USDC | cex=0.0742/0.07424 | dex_sell=0.0742284 dex_buy=0.0742476 | spread_a=-1.6bps spread_b=-6.4bps | min=30.0bps
2026-05-08 21:14:15,253 | INFO | fetch_order_book: symbol=CHIP/USDC limit=20
2026-05-08 21:14:15,562 | INFO | fetch_order_book: mid=0.074215 spread=4.04bps bids=20 asks=20
2026-05-08 21:14:16,447 | INFO | SPREAD | pair=CHIP/USDC | cex=0.0742/0.07423 | dex_sell=0.0741986 dex_buy=0.0742179 | spread_a=-4.2bps spread_b=-2.4bps | min=30.0bps
2026-05-08 21:14:17,449 | INFO | fetch_order_book: symbol=CHIP/USDC limit=20
2026-05-08 21:14:17,714 | INFO | fetch_order_book: mid=0.07422 spread=5.39bps bids=20 asks=20
2026-05-08 21:14:18,596 | INFO | SPREAD | pair=CHIP/USDC | cex=0.0742/0.07424 | dex_sell=0.0741986 dex_buy=0.0742179 | spread_a=-5.6bps spread_b=-2.4bps | min=30.0bps
2026-05-08 21:14:19,598 | INFO | fetch_order_book: symbol=CHIP/USDC limit=20
2026-05-08 21:14:19,857 | INFO | fetch_order_book: mid=0.074295 spread=1.35bps bids=20 asks=20
2026-05-08 21:14:20,724 | INFO | SPREAD | pair=CHIP/USDC | cex=0.07429/0.0743 | dex_sell=0.0742331 dex_buy=0.0742722 | spread_a=-9.0bps spread_b=2.4bps | min=30.0bps
2026-05-08 21:14:21,726 | INFO | fetch_order_book: symbol=CHIP/USDC limit=20
2026-05-08 21:14:21,991 | INFO | fetch_order_book: mid=0.074295 spread=4.04bps bids=20 asks=20
2026-05-08 21:14:22,911 | INFO | SPREAD | pair=CHIP/USDC | cex=0.07428/0.07431 | dex_sell=0.0742829 dex_buy=0.0743022 | spread_a=-3.6bps spread_b=-3.0bps | min=30.0bps
2026-05-08 21:14:23,914 | INFO | fetch_order_book: symbol=CHIP/USDC limit=20
2026-05-08 21:14:24,171 | INFO | fetch_order_book: mid=0.07439 spread=2.69bps bids=20 asks=20
2026-05-08 21:14:25,072 | INFO | SPREAD | pair=CHIP/USDC | cex=0.07438/0.0744 | dex_sell=0.0742829 dex_buy=0.0743323 | spread_a=-15.7bps spread_b=6.4bps | min=30.0bps
2026-05-08 21:14:26,074 | INFO | fetch_order_book: symbol=CHIP/USDC limit=20
2026-05-08 21:14:26,331 | INFO | fetch_order_book: mid=0.074475 spread=1.34bps bids=20 asks=20
2026-05-08 21:14:27,263 | INFO | SPREAD | pair=CHIP/USDC | cex=0.07447/0.07448 | dex_sell=0.074423 dex_buy=0.0744721 | spread_a=-7.7bps spread_b=-0.3bps | min=30.0bps
2026-05-08 21:14:28,266 | INFO | fetch_order_book: symbol=CHIP/USDC limit=20
2026-05-08 21:14:28,527 | INFO | fetch_order_book: mid=0.07446 spread=5.37bps bids=20 asks=20
2026-05-08 21:14:29,483 | INFO | SPREAD | pair=CHIP/USDC | cex=0.07444/0.07448 | dex_sell=0.0744528 dex_buy=0.0744721 | spread_a=-3.7bps spread_b=-4.3bps | min=30.0bps
2026-05-08 21:14:30,485 | INFO | fetch_order_book: symbol=CHIP/USDC limit=20
2026-05-08 21:14:30,743 | INFO | fetch_order_book: mid=0.074485 spread=4.03bps bids=20 asks=20
2026-05-08 21:14:31,629 | INFO | SPREAD | pair=CHIP/USDC | cex=0.07447/0.0745 | dex_sell=0.0744528 dex_buy=0.0744721 | spread_a=-6.3bps spread_b=-0.3bps | min=30.0bps
2026-05-08 21:14:32,632 | INFO | fetch_order_book: symbol=CHIP/USDC limit=20
2026-05-08 21:14:32,893 | INFO | fetch_order_book: mid=0.074645 spread=6.70bps bids=20 asks=20
2026-05-08 21:14:33,775 | INFO | SPREAD | pair=CHIP/USDC | cex=0.07462/0.07467 | dex_sell=0.0745132 dex_buy=0.0745779 | spread_a=-21.0bps spread_b=5.6bps | min=30.0bps
2026-05-08 21:14:34,777 | INFO | fetch_order_book: symbol=CHIP/USDC limit=20
2026-05-08 21:14:35,032 | INFO | fetch_order_book: mid=0.074875 spread=6.68bps bids=20 asks=20
2026-05-08 21:14:35,948 | INFO | SPREAD | pair=CHIP/USDC | cex=0.07485/0.0749 | dex_sell=0.0746511 dex_buy=0.0747691 | spread_a=-33.2bps spread_b=10.8bps | min=30.0bps
2026-05-08 21:14:36,951 | INFO | fetch_order_book: symbol=CHIP/USDC limit=20
2026-05-08 21:14:37,205 | INFO | fetch_order_book: mid=0.074845 spread=4.01bps bids=20 asks=20
2026-05-08 21:14:38,122 | INFO | SPREAD | pair=CHIP/USDC | cex=0.07483/0.07486 | dex_sell=0.0748265 dex_buy=0.0748429 | spread_a=-4.5bps spread_b=-1.7bps | min=30.0bps
2026-05-08 21:14:39,125 | INFO | fetch_order_book: symbol=CHIP/USDC limit=20
2026-05-08 21:14:39,383 | INFO | fetch_order_book: mid=0.074865 spread=6.68bps bids=20 asks=20
2026-05-08 21:14:40,281 | INFO | SPREAD | pair=CHIP/USDC | cex=0.07484/0.07489 | dex_sell=0.0748265 dex_buy=0.0748429 | spread_a=-8.5bps spread_b=-0.4bps | min=30.0bps
2026-05-08 21:14:41,283 | INFO | fetch_order_book: symbol=CHIP/USDC limit=20
2026-05-08 21:14:41,549 | INFO | fetch_order_book: mid=0.074875 spread=6.68bps bids=20 asks=20
2026-05-08 21:14:42,465 | INFO | SPREAD | pair=CHIP/USDC | cex=0.07485/0.0749 | dex_sell=0.0748265 dex_buy=0.0748429 | spread_a=-9.8bps spread_b=0.9bps | min=30.0bps
2026-05-08 21:14:43,468 | INFO | fetch_order_book: symbol=CHIP/USDC limit=20
2026-05-08 21:14:43,768 | INFO | fetch_order_book: mid=0.07487 spread=2.67bps bids=20 asks=20
2026-05-08 21:14:44,656 | INFO | SPREAD | pair=CHIP/USDC | cex=0.07486/0.07488 | dex_sell=0.0748265 dex_buy=0.0748429 | spread_a=-7.1bps spread_b=2.3bps | min=30.0bps
2026-05-08 21:14:45,659 | INFO | fetch_order_book: symbol=CHIP/USDC limit=20
2026-05-08 21:14:45,914 | INFO | fetch_order_book: mid=0.074865 spread=6.68bps bids=20 asks=20
2026-05-08 21:14:46,795 | INFO | SPREAD | pair=CHIP/USDC | cex=0.07484/0.07489 | dex_sell=0.0748265 dex_buy=0.0748429 | spread_a=-8.5bps spread_b=-0.4bps | min=30.0bps
2026-05-08 21:14:47,798 | INFO | fetch_order_book: symbol=CHIP/USDC limit=20
2026-05-08 21:14:48,053 | INFO | fetch_order_book: mid=0.074865 spread=4.01bps bids=20 asks=20
2026-05-08 21:14:48,976 | INFO | SPREAD | pair=CHIP/USDC | cex=0.07485/0.07488 | dex_sell=0.0748265 dex_buy=0.0748429 | spread_a=-7.1bps spread_b=0.9bps | min=30.0bps
2026-05-08 21:14:49,978 | INFO | fetch_order_book: symbol=CHIP/USDC limit=20
2026-05-08 21:14:50,238 | INFO | fetch_order_book: mid=0.074945 spread=4.00bps bids=20 asks=20
2026-05-08 21:14:51,112 | INFO | SPREAD | pair=CHIP/USDC | cex=0.07493/0.07496 | dex_sell=0.0749044 dex_buy=0.0749208 | spread_a=-7.4bps spread_b=1.2bps | min=30.0bps
2026-05-08 21:14:52,114 | INFO | fetch_order_book: symbol=CHIP/USDC limit=20
2026-05-08 21:14:52,378 | INFO | fetch_order_book: mid=0.075235 spread=9.30bps bids=20 asks=20
2026-05-08 21:14:53,313 | INFO | SPREAD | pair=CHIP/USDC | cex=0.0752/0.07527 | dex_sell=0.0751357 dex_buy=0.0752264 | spread_a=-17.8bps spread_b=-3.5bps | min=30.0bps
2026-05-08 21:14:54,315 | INFO | fetch_order_book: symbol=CHIP/USDC limit=20
2026-05-08 21:14:54,706 | INFO | fetch_order_book: mid=0.07511 spread=2.66bps bids=20 asks=20
2026-05-08 21:14:55,641 | INFO | SPREAD | pair=CHIP/USDC | cex=0.0751/0.07512 | dex_sell=0.0751501 dex_buy=0.0751365 | spread_a=4.0bps spread_b=-4.9bps | min=30.0bps
2026-05-08 21:14:56,643 | INFO | fetch_order_book: symbol=CHIP/USDC limit=20
2026-05-08 21:14:56,914 | INFO | fetch_order_book: mid=0.07477 spread=5.35bps bids=20 asks=20
2026-05-08 21:14:57,863 | INFO | SPREAD | pair=CHIP/USDC | cex=0.07475/0.07479 | dex_sell=0.0747581 dex_buy=0.0747755 | spread_a=-4.3bps spread_b=-3.4bps | min=30.0bps
2026-05-08 21:14:58,866 | INFO | fetch_order_book: symbol=CHIP/USDC limit=20
2026-05-08 21:14:59,119 | INFO | fetch_order_book: mid=0.07488 spread=10.68bps bids=20 asks=20
2026-05-08 21:14:59,995 | INFO | SPREAD | pair=CHIP/USDC | cex=0.07484/0.07492 | dex_sell=0.0747156 dex_buy=0.0747319 | spread_a=-27.3bps spread_b=14.5bps | min=30.0bps
2026-05-08 21:15:00,998 | INFO | fetch_order_book: symbol=CHIP/USDC limit=20
2026-05-08 21:15:01,322 | INFO | fetch_order_book: mid=0.074775 spread=4.01bps bids=20 asks=20
2026-05-08 21:15:02,209 | INFO | SPREAD | pair=CHIP/USDC | cex=0.07476/0.07479 | dex_sell=0.0748401 dex_buy=0.0748366 | spread_a=6.7bps spread_b=-10.2bps | min=30.0bps
2026-05-08 21:15:03,211 | INFO | fetch_order_book: symbol=CHIP/USDC limit=20
2026-05-08 21:15:03,470 | INFO | fetch_order_book: mid=0.07479 spread=5.35bps bids=20 asks=20
2026-05-08 21:15:04,356 | INFO | SPREAD | pair=CHIP/USDC | cex=0.07477/0.07481 | dex_sell=0.0748204 dex_buy=0.0748368 | spread_a=1.4bps spread_b=-8.9bps | min=30.0bps
2026-05-08 21:15:05,358 | INFO | fetch_order_book: symbol=CHIP/USDC limit=20
2026-05-08 21:15:05,621 | INFO | fetch_order_book: mid=0.07462 spread=5.36bps bids=20 asks=20
2026-05-08 21:15:06,518 | INFO | SPREAD | pair=CHIP/USDC | cex=0.0746/0.07464 | dex_sell=0.0747726 dex_buy=0.0747361 | spread_a=17.8bps spread_b=-18.2bps | min=30.0bps
2026-05-08 21:15:07,521 | INFO | fetch_order_book: symbol=CHIP/USDC limit=20
2026-05-08 21:15:07,777 | INFO | fetch_order_book: mid=0.074725 spread=6.69bps bids=20 asks=20
2026-05-08 21:15:08,671 | INFO | SPREAD | pair=CHIP/USDC | cex=0.0747/0.07475 | dex_sell=0.0746744 dex_buy=0.0747108 | spread_a=-10.1bps spread_b=-1.4bps | min=30.0bps
2026-05-08 21:15:09,673 | INFO | fetch_order_book: symbol=CHIP/USDC limit=20
2026-05-08 21:15:09,929 | INFO | fetch_order_book: mid=0.07477 spread=8.02bps bids=20 asks=20
2026-05-08 21:15:10,817 | INFO | SPREAD | pair=CHIP/USDC | cex=0.07474/0.0748 | dex_sell=0.0747301 dex_buy=0.0747465 | spread_a=-9.3bps spread_b=-0.9bps | min=30.0bps
2026-05-08 21:15:11,819 | INFO | fetch_order_book: symbol=CHIP/USDC limit=20
2026-05-08 21:15:12,082 | INFO | fetch_order_book: mid=0.07459 spread=8.04bps bids=20 asks=20
2026-05-08 21:15:12,986 | INFO | SPREAD | pair=CHIP/USDC | cex=0.07456/0.07462 | dex_sell=0.0746862 dex_buy=0.0746577 | spread_a=8.9bps spread_b=-13.1bps | min=30.0bps
2026-05-08 21:15:13,988 | INFO | fetch_order_book: symbol=CHIP/USDC limit=20
2026-05-08 21:15:14,488 | INFO | fetch_order_book: mid=0.07458 spread=5.36bps bids=20 asks=20
2026-05-08 21:15:15,393 | INFO | SPREAD | pair=CHIP/USDC | cex=0.07456/0.0746 | dex_sell=0.0745866 dex_buy=0.0746043 | spread_a=-1.8bps spread_b=-5.9bps | min=30.0bps
2026-05-08 21:15:16,395 | INFO | fetch_order_book: symbol=CHIP/USDC limit=20
2026-05-08 21:15:16,676 | INFO | fetch_order_book: mid=0.074505 spread=1.34bps bids=20 asks=20
2026-05-08 21:15:17,566 | INFO | SPREAD | pair=CHIP/USDC | cex=0.0745/0.07451 | dex_sell=0.0744968 dex_buy=0.0745162 | spread_a=-1.8bps spread_b=-2.2bps | min=30.0bps
2026-05-08 21:15:18,568 | INFO | fetch_order_book: symbol=CHIP/USDC limit=20
2026-05-08 21:15:18,826 | INFO | fetch_order_book: mid=0.074475 spread=4.03bps bids=20 asks=20
2026-05-08 21:15:19,713 | INFO | SPREAD | pair=CHIP/USDC | cex=0.07446/0.07449 | dex_sell=0.0744968 dex_buy=0.0745162 | spread_a=0.9bps spread_b=-7.5bps | min=30.0bps
2026-05-08 21:15:20,716 | INFO | fetch_order_book: symbol=CHIP/USDC limit=20
2026-05-08 21:15:20,975 | INFO | fetch_order_book: mid=0.07441 spread=8.06bps bids=20 asks=20
2026-05-08 21:15:21,859 | INFO | SPREAD | pair=CHIP/USDC | cex=0.07438/0.07444 | dex_sell=0.0743948 dex_buy=0.0744141 | spread_a=-6.1bps spread_b=-4.6bps | min=30.0bps
2026-05-08 21:15:22,861 | INFO | fetch_order_book: symbol=CHIP/USDC limit=20
2026-05-08 21:15:23,174 | INFO | fetch_order_book: mid=0.07454 spread=5.37bps bids=20 asks=20
2026-05-08 21:15:24,072 | INFO | SPREAD | pair=CHIP/USDC | cex=0.07452/0.07456 | dex_sell=0.0745229 dex_buy=0.0745423 | spread_a=-5.0bps spread_b=-3.0bps | min=30.0bps
2026-05-08 21:15:25,075 | INFO | fetch_order_book: symbol=CHIP/USDC limit=20
2026-05-08 21:15:25,330 | INFO | fetch_order_book: mid=0.074525 spread=6.71bps bids=20 asks=20
2026-05-08 21:15:26,234 | INFO | SPREAD | pair=CHIP/USDC | cex=0.0745/0.07455 | dex_sell=0.0745229 dex_buy=0.0745423 | spread_a=-3.6bps spread_b=-5.7bps | min=30.0bps
2026-05-08 21:15:27,236 | INFO | fetch_order_book: symbol=CHIP/USDC limit=20
2026-05-08 21:15:27,575 | INFO | fetch_order_book: mid=0.074505 spread=6.71bps bids=20 asks=20
2026-05-08 21:15:28,508 | INFO | SPREAD | pair=CHIP/USDC | cex=0.07448/0.07453 | dex_sell=0.0744984 dex_buy=0.0745178 | spread_a=-4.2bps spread_b=-5.1bps | min=30.0bps
2026-05-08 21:15:29,511 | INFO | fetch_order_book: symbol=CHIP/USDC limit=20
2026-05-08 21:15:29,773 | INFO | fetch_order_book: mid=0.07453 spread=8.05bps bids=20 asks=20
2026-05-08 21:15:30,641 | INFO | SPREAD | pair=CHIP/USDC | cex=0.0745/0.07456 | dex_sell=0.0744984 dex_buy=0.0745178 | spread_a=-8.3bps spread_b=-2.4bps | min=30.0bps
2026-05-08 21:15:31,643 | INFO | fetch_order_book: symbol=CHIP/USDC limit=20
2026-05-08 21:15:31,911 | INFO | fetch_order_book: mid=0.07456 spread=8.05bps bids=20 asks=20
2026-05-08 21:15:32,734 | INFO | SPREAD | pair=CHIP/USDC | cex=0.07453/0.07459 | dex_sell=0.0745228 dex_buy=0.0745723 | spread_a=-9.0bps spread_b=-5.7bps | min=30.0bps
2026-05-08 21:15:33,737 | INFO | fetch_order_book: symbol=CHIP/USDC limit=20
2026-05-08 21:15:34,015 | INFO | fetch_order_book: mid=0.07463 spread=2.68bps bids=20 asks=20
2026-05-08 21:15:34,874 | INFO | SPREAD | pair=CHIP/USDC | cex=0.07462/0.07464 | dex_sell=0.0745628 dex_buy=0.0745822 | spread_a=-10.3bps spread_b=5.1bps | min=30.0bps
2026-05-08 21:15:35,877 | INFO | fetch_order_book: symbol=CHIP/USDC limit=20
2026-05-08 21:15:36,133 | INFO | fetch_order_book: mid=0.07466 spread=5.36bps bids=20 asks=20
2026-05-08 21:15:37,026 | INFO | SPREAD | pair=CHIP/USDC | cex=0.07464/0.07468 | dex_sell=0.0746344 dex_buy=0.0746507 | spread_a=-6.1bps spread_b=-1.4bps | min=30.0bps
2026-05-08 21:15:38,029 | INFO | fetch_order_book: symbol=CHIP/USDC limit=20
2026-05-08 21:15:38,287 | INFO | fetch_order_book: mid=0.074625 spread=6.70bps bids=20 asks=20
2026-05-08 21:15:39,286 | INFO | SPREAD | pair=CHIP/USDC | cex=0.0746/0.07465 | dex_sell=0.0746344 dex_buy=0.0746364 | spread_a=-2.1bps spread_b=-4.9bps | min=30.0bps
2026-05-08 21:15:40,288 | INFO | fetch_order_book: symbol=CHIP/USDC limit=20
2026-05-08 21:15:40,557 | INFO | fetch_order_book: mid=0.07473 spread=2.68bps bids=20 asks=20
2026-05-08 21:15:41,383 | INFO | SPREAD | pair=CHIP/USDC | cex=0.07472/0.07474 | dex_sell=0.0746843 dex_buy=0.0747307 | spread_a=-7.5bps spread_b=-1.4bps | min=30.0bps
2026-05-08 21:15:42,386 | INFO | fetch_order_book: symbol=CHIP/USDC limit=20
2026-05-08 21:15:42,644 | INFO | fetch_order_book: mid=0.074625 spread=6.70bps bids=20 asks=20
2026-05-08 21:15:43,602 | INFO | SPREAD | pair=CHIP/USDC | cex=0.0746/0.07465 | dex_sell=0.0746729 dex_buy=0.0746308 | spread_a=3.1bps spread_b=-4.1bps | min=30.0bps
2026-05-08 21:15:44,605 | INFO | fetch_order_book: symbol=CHIP/USDC limit=20
2026-05-08 21:15:44,873 | INFO | fetch_order_book: mid=0.074545 spread=6.71bps bids=20 asks=20
2026-05-08 21:15:45,777 | INFO | SPREAD | pair=CHIP/USDC | cex=0.07452/0.07457 | dex_sell=0.0745586 dex_buy=0.074578 | spread_a=-1.5bps spread_b=-7.8bps | min=30.0bps
2026-05-08 21:15:46,779 | INFO | fetch_order_book: symbol=CHIP/USDC limit=20
2026-05-08 21:15:47,037 | INFO | fetch_order_book: mid=0.07453 spread=2.68bps bids=20 asks=20
2026-05-08 21:15:47,847 | INFO | SPREAD | pair=CHIP/USDC | cex=0.07452/0.07454 | dex_sell=0.0745287 dex_buy=0.074548 | spread_a=-1.5bps spread_b=-3.8bps | min=30.0bps
2026-05-08 21:15:48,849 | INFO | fetch_order_book: symbol=CHIP/USDC limit=20
2026-05-08 21:15:49,115 | INFO | fetch_order_book: mid=0.074515 spread=6.71bps bids=20 asks=20
2026-05-08 21:15:49,993 | INFO | SPREAD | pair=CHIP/USDC | cex=0.07449/0.07454 | dex_sell=0.0744984 dex_buy=0.0745178 | spread_a=-5.6bps spread_b=-3.7bps | min=30.0bps
2026-05-08 21:15:50,996 | INFO | fetch_order_book: symbol=CHIP/USDC limit=20
2026-05-08 21:15:51,263 | INFO | fetch_order_book: mid=0.074555 spread=4.02bps bids=20 asks=20
2026-05-08 21:15:52,109 | INFO | SPREAD | pair=CHIP/USDC | cex=0.07454/0.07457 | dex_sell=0.0745228 dex_buy=0.0745422 | spread_a=-6.3bps spread_b=-0.3bps | min=30.0bps
2026-05-08 21:15:53,112 | INFO | fetch_order_book: symbol=CHIP/USDC limit=20
2026-05-08 21:15:53,425 | INFO | fetch_order_book: mid=0.074555 spread=6.71bps bids=20 asks=20
2026-05-08 21:15:54,264 | INFO | SPREAD | pair=CHIP/USDC | cex=0.07453/0.07458 | dex_sell=0.0745228 dex_buy=0.0745422 | spread_a=-7.7bps spread_b=-1.6bps | min=30.0bps
2026-05-08 21:15:55,266 | INFO | fetch_order_book: symbol=CHIP/USDC limit=20
2026-05-08 21:15:55,522 | INFO | fetch_order_book: mid=0.07450 spread=5.37bps bids=20 asks=20
2026-05-08 21:15:56,364 | INFO | SPREAD | pair=CHIP/USDC | cex=0.07448/0.07452 | dex_sell=0.0745228 dex_buy=0.0745422 | spread_a=0.4bps spread_b=-8.3bps | min=30.0bps
2026-05-08 21:15:57,367 | INFO | fetch_order_book: symbol=CHIP/USDC limit=20
2026-05-08 21:15:57,683 | INFO | fetch_order_book: mid=0.074535 spread=6.71bps bids=20 asks=20
2026-05-08 21:15:58,525 | INFO | SPREAD | pair=CHIP/USDC | cex=0.07451/0.07456 | dex_sell=0.0744888 dex_buy=0.0745081 | spread_a=-9.6bps spread_b=0.3bps | min=30.0bps
2026-05-08 21:15:59,527 | INFO | fetch_order_book: symbol=CHIP/USDC limit=20
2026-05-08 21:15:59,803 | INFO | fetch_order_book: mid=0.074525 spread=6.71bps bids=20 asks=20
2026-05-08 21:16:00,679 | INFO | SPREAD | pair=CHIP/USDC | cex=0.0745/0.07455 | dex_sell=0.0745129 dex_buy=0.0745323 | spread_a=-5.0bps spread_b=-4.3bps | min=30.0bps
2026-05-08 21:16:01,682 | INFO | fetch_order_book: symbol=CHIP/USDC limit=20
2026-05-08 21:16:01,944 | INFO | fetch_order_book: mid=0.07446 spread=5.37bps bids=20 asks=20
2026-05-08 21:16:02,769 | INFO | SPREAD | pair=CHIP/USDC | cex=0.07444/0.07448 | dex_sell=0.0744886 dex_buy=0.074478 | spread_a=1.2bps spread_b=-5.1bps | min=30.0bps
2026-05-08 21:16:03,771 | INFO | fetch_order_book: symbol=CHIP/USDC limit=20
2026-05-08 21:16:04,098 | INFO | fetch_order_book: mid=0.07455 spread=5.37bps bids=20 asks=20
2026-05-08 21:16:04,955 | INFO | SPREAD | pair=CHIP/USDC | cex=0.07453/0.07457 | dex_sell=0.0744829 dex_buy=0.0745323 | spread_a=-11.7bps spread_b=-0.3bps | min=30.0bps
2026-05-08 21:16:05,958 | INFO | fetch_order_book: symbol=CHIP/USDC limit=20
2026-05-08 21:16:06,219 | INFO | fetch_order_book: mid=0.074475 spread=4.03bps bids=20 asks=20
2026-05-08 21:16:07,047 | INFO | SPREAD | pair=CHIP/USDC | cex=0.07446/0.07449 | dex_sell=0.0745427 dex_buy=0.0744778 | spread_a=7.1bps spread_b=-2.4bps | min=30.0bps
2026-05-08 21:16:08,048 | INFO | fetch_order_book: symbol=CHIP/USDC limit=20
2026-05-08 21:16:08,306 | INFO | fetch_order_book: mid=0.07446 spread=8.06bps bids=20 asks=20
2026-05-08 21:16:09,159 | INFO | SPREAD | pair=CHIP/USDC | cex=0.07443/0.07449 | dex_sell=0.0744083 dex_buy=0.0744276 | spread_a=-11.0bps spread_b=0.3bps | min=30.0bps
2026-05-08 21:16:10,162 | INFO | fetch_order_book: symbol=CHIP/USDC limit=20
2026-05-08 21:16:10,423 | INFO | fetch_order_book: mid=0.074455 spread=6.72bps bids=20 asks=20
2026-05-08 21:16:11,313 | INFO | SPREAD | pair=CHIP/USDC | cex=0.07443/0.07448 | dex_sell=0.074433 dex_buy=0.0744523 | spread_a=-6.3bps spread_b=-3.0bps | min=30.0bps
2026-05-08 21:16:12,315 | INFO | fetch_order_book: symbol=CHIP/USDC limit=20
2026-05-08 21:16:12,580 | INFO | fetch_order_book: mid=0.074455 spread=6.72bps bids=20 asks=20
2026-05-08 21:16:13,403 | INFO | SPREAD | pair=CHIP/USDC | cex=0.07443/0.07448 | dex_sell=0.074433 dex_buy=0.0744523 | spread_a=-6.3bps spread_b=-3.0bps | min=30.0bps
2026-05-08 21:16:14,405 | INFO | fetch_order_book: symbol=CHIP/USDC limit=20
2026-05-08 21:16:14,672 | INFO | fetch_order_book: mid=0.074475 spread=4.03bps bids=20 asks=20
2026-05-08 21:16:15,604 | INFO | SPREAD | pair=CHIP/USDC | cex=0.07446/0.07449 | dex_sell=0.0744627 dex_buy=0.0744821 | spread_a=-3.7bps spread_b=-3.0bps | min=30.0bps
2026-05-08 21:16:16,607 | INFO | fetch_order_book: symbol=CHIP/USDC limit=20
2026-05-08 21:16:16,865 | INFO | fetch_order_book: mid=0.07449 spread=5.37bps bids=20 asks=20
2026-05-08 21:16:17,719 | INFO | SPREAD | pair=CHIP/USDC | cex=0.07447/0.07451 | dex_sell=0.0744876 dex_buy=0.074507 | spread_a=-3.0bps spread_b=-5.0bps | min=30.0bps
2026-05-08 21:16:18,722 | INFO | fetch_order_book: symbol=CHIP/USDC limit=20
2026-05-08 21:16:19,138 | INFO | fetch_order_book: mid=0.074505 spread=4.03bps bids=20 asks=20
2026-05-08 21:16:20,132 | INFO | SPREAD | pair=CHIP/USDC | cex=0.07449/0.07452 | dex_sell=0.0744876 dex_buy=0.074507 | spread_a=-4.3bps spread_b=-2.3bps | min=30.0bps
2026-05-08 21:16:21,135 | INFO | fetch_order_book: symbol=CHIP/USDC limit=20
2026-05-08 21:16:21,411 | INFO | fetch_order_book: mid=0.07449 spread=5.37bps bids=20 asks=20
2026-05-08 21:16:22,310 | INFO | SPREAD | pair=CHIP/USDC | cex=0.07447/0.07451 | dex_sell=0.0744876 dex_buy=0.074507 | spread_a=-3.0bps spread_b=-5.0bps | min=30.0bps
2026-05-08 21:16:23,312 | INFO | fetch_order_book: symbol=CHIP/USDC limit=20
2026-05-08 21:16:23,572 | INFO | fetch_order_book: mid=0.07450 spread=2.68bps bids=20 asks=20
2026-05-08 21:16:24,408 | INFO | SPREAD | pair=CHIP/USDC | cex=0.07449/0.07451 | dex_sell=0.0744876 dex_buy=0.074507 | spread_a=-3.0bps spread_b=-2.3bps | min=30.0bps
2026-05-08 21:16:25,411 | INFO | fetch_order_book: symbol=CHIP/USDC limit=20
2026-05-08 21:16:25,931 | INFO | fetch_order_book: mid=0.074485 spread=6.71bps bids=20 asks=20
2026-05-08 21:16:26,830 | INFO | SPREAD | pair=CHIP/USDC | cex=0.07446/0.07451 | dex_sell=0.0744876 dex_buy=0.074507 | spread_a=-3.0bps spread_b=-6.3bps | min=30.0bps
2026-05-08 21:16:27,832 | INFO | fetch_order_book: symbol=CHIP/USDC limit=20
2026-05-08 21:16:28,102 | INFO | fetch_order_book: mid=0.07450 spread=5.37bps bids=20 asks=20
2026-05-08 21:16:28,973 | INFO | SPREAD | pair=CHIP/USDC | cex=0.07448/0.07452 | dex_sell=0.0745128 dex_buy=0.0745078 | spread_a=-1.0bps spread_b=-3.7bps | min=30.0bps
2026-05-08 21:16:29,976 | INFO | fetch_order_book: symbol=CHIP/USDC limit=20
2026-05-08 21:16:30,348 | INFO | fetch_order_book: mid=0.07451 spread=5.37bps bids=20 asks=20
2026-05-08 21:16:31,253 | INFO | SPREAD | pair=CHIP/USDC | cex=0.07449/0.07453 | dex_sell=0.0745129 dex_buy=0.0745322 | spread_a=-2.3bps spread_b=-5.7bps | min=30.0bps
2026-05-08 21:16:32,255 | INFO | fetch_order_book: symbol=CHIP/USDC limit=20
2026-05-08 21:16:32,542 | INFO | fetch_order_book: mid=0.07454 spread=5.37bps bids=20 asks=20
2026-05-08 21:16:33,391 | INFO | SPREAD | pair=CHIP/USDC | cex=0.07452/0.07456 | dex_sell=0.074496 dex_buy=0.0745153 | spread_a=-8.6bps spread_b=0.6bps | min=30.0bps
2026-05-08 21:16:34,393 | INFO | fetch_order_book: symbol=CHIP/USDC limit=20
2026-05-08 21:16:34,649 | INFO | fetch_order_book: mid=0.07449 spread=2.68bps bids=20 asks=20
2026-05-08 21:16:35,502 | INFO | SPREAD | pair=CHIP/USDC | cex=0.07448/0.0745 | dex_sell=0.0745229 dex_buy=0.0745177 | spread_a=3.1bps spread_b=-5.1bps | min=30.0bps
2026-05-08 21:16:36,505 | INFO | fetch_order_book: symbol=CHIP/USDC limit=20
2026-05-08 21:16:36,777 | INFO | fetch_order_book: mid=0.07449 spread=2.68bps bids=20 asks=20
2026-05-08 21:16:37,641 | INFO | SPREAD | pair=CHIP/USDC | cex=0.07448/0.0745 | dex_sell=0.0744984 dex_buy=0.0744878 | spread_a=-0.2bps spread_b=-1.0bps | min=30.0bps
2026-05-08 21:16:38,644 | INFO | fetch_order_book: symbol=CHIP/USDC limit=20
2026-05-08 21:16:38,904 | INFO | fetch_order_book: mid=0.074495 spread=4.03bps bids=20 asks=20
2026-05-08 21:16:39,804 | INFO | SPREAD | pair=CHIP/USDC | cex=0.07448/0.07451 | dex_sell=0.0744685 dex_buy=0.0744878 | spread_a=-5.6bps spread_b=-1.0bps | min=30.0bps
2026-05-08 21:16:40,807 | INFO | fetch_order_book: symbol=CHIP/USDC limit=20
2026-05-08 21:16:41,066 | INFO | fetch_order_book: mid=0.074475 spread=4.03bps bids=20 asks=20
2026-05-08 21:16:41,919 | INFO | SPREAD | pair=CHIP/USDC | cex=0.07446/0.07449 | dex_sell=0.0744385 dex_buy=0.0744579 | spread_a=-6.9bps spread_b=0.3bps | min=30.0bps
2026-05-08 21:16:42,921 | INFO | fetch_order_book: symbol=CHIP/USDC limit=20
2026-05-08 21:16:43,181 | INFO | fetch_order_book: mid=0.07441 spread=2.69bps bids=20 asks=20
2026-05-08 21:16:44,050 | INFO | SPREAD | pair=CHIP/USDC | cex=0.0744/0.07442 | dex_sell=0.0744084 dex_buy=0.0744277 | spread_a=-1.6bps spread_b=-3.7bps | min=30.0bps
2026-05-08 21:16:45,052 | INFO | fetch_order_book: symbol=CHIP/USDC limit=20
2026-05-08 21:16:45,402 | INFO | fetch_order_book: mid=0.074265 spread=1.35bps bids=20 asks=20
2026-05-08 21:16:46,231 | INFO | SPREAD | pair=CHIP/USDC | cex=0.07426/0.07427 | dex_sell=0.0742785 dex_buy=0.0742978 | spread_a=1.1bps spread_b=-5.1bps | min=30.0bps
2026-05-08 21:16:47,233 | INFO | fetch_order_book: symbol=CHIP/USDC limit=20
2026-05-08 21:16:47,687 | INFO | fetch_order_book: mid=0.074355 spread=6.72bps bids=20 asks=20
2026-05-08 21:16:48,557 | INFO | SPREAD | pair=CHIP/USDC | cex=0.07433/0.07438 | dex_sell=0.0743325 dex_buy=0.0743518 | spread_a=-6.4bps spread_b=-2.9bps | min=30.0bps
2026-05-08 21:16:49,559 | INFO | fetch_order_book: symbol=CHIP/USDC limit=20
2026-05-08 21:16:49,816 | INFO | fetch_order_book: mid=0.074355 spread=6.72bps bids=20 asks=20
2026-05-08 21:16:50,620 | INFO | SPREAD | pair=CHIP/USDC | cex=0.07433/0.07438 | dex_sell=0.0743325 dex_buy=0.0743518 | spread_a=-6.4bps spread_b=-2.9bps | min=30.0bps
2026-05-08 21:16:51,622 | INFO | fetch_order_book: symbol=CHIP/USDC limit=20
2026-05-08 21:16:51,886 | INFO | fetch_order_book: mid=0.07433 spread=8.07bps bids=20 asks=20
2026-05-08 21:16:52,731 | INFO | SPREAD | pair=CHIP/USDC | cex=0.0743/0.07436 | dex_sell=0.0743086 dex_buy=0.0743279 | spread_a=-6.9bps spread_b=-3.8bps | min=30.0bps
2026-05-08 21:16:53,734 | INFO | fetch_order_book: symbol=CHIP/USDC limit=20
2026-05-08 21:16:53,990 | INFO | fetch_order_book: mid=0.074375 spread=6.72bps bids=20 asks=20
2026-05-08 21:16:54,861 | INFO | SPREAD | pair=CHIP/USDC | cex=0.07435/0.0744 | dex_sell=0.074333 dex_buy=0.0743523 | spread_a=-9.0bps spread_b=-0.3bps | min=30.0bps
2026-05-08 21:16:55,863 | INFO | fetch_order_book: symbol=CHIP/USDC limit=20
2026-05-08 21:16:56,120 | INFO | fetch_order_book: mid=0.07437 spread=8.07bps bids=20 asks=20
2026-05-08 21:16:57,051 | INFO | SPREAD | pair=CHIP/USDC | cex=0.07434/0.0744 | dex_sell=0.074333 dex_buy=0.0743523 | spread_a=-9.0bps spread_b=-1.6bps | min=30.0bps
2026-05-08 21:16:58,053 | INFO | fetch_order_book: symbol=CHIP/USDC limit=20
2026-05-08 21:16:58,310 | INFO | fetch_order_book: mid=0.074365 spread=6.72bps bids=20 asks=20
2026-05-08 21:16:59,225 | INFO | SPREAD | pair=CHIP/USDC | cex=0.07434/0.07439 | dex_sell=0.074333 dex_buy=0.0743523 | spread_a=-7.7bps spread_b=-1.6bps | min=30.0bps
2026-05-08 21:17:00,226 | INFO | fetch_order_book: symbol=CHIP/USDC limit=20
2026-05-08 21:17:00,487 | INFO | fetch_order_book: mid=0.07438 spread=5.38bps bids=20 asks=20
2026-05-08 21:17:01,357 | INFO | SPREAD | pair=CHIP/USDC | cex=0.07436/0.0744 | dex_sell=0.074333 dex_buy=0.0743523 | spread_a=-9.0bps spread_b=1.0bps | min=30.0bps
2026-05-08 21:17:02,360 | INFO | fetch_order_book: symbol=CHIP/USDC limit=20
2026-05-08 21:17:02,614 | INFO | fetch_order_book: mid=0.074275 spread=4.04bps bids=20 asks=20
2026-05-08 21:17:03,510 | INFO | SPREAD | pair=CHIP/USDC | cex=0.07426/0.07429 | dex_sell=0.0742686 dex_buy=0.0742878 | spread_a=-2.9bps spread_b=-3.7bps | min=30.0bps
2026-05-08 21:17:04,512 | INFO | fetch_order_book: symbol=CHIP/USDC limit=20
2026-05-08 21:17:04,769 | INFO | fetch_order_book: mid=0.07441 spread=5.38bps bids=20 asks=20
2026-05-08 21:17:05,604 | INFO | SPREAD | pair=CHIP/USDC | cex=0.07439/0.07443 | dex_sell=0.0743332 dex_buy=0.0743525 | spread_a=-13.0bps spread_b=5.0bps | min=30.0bps
2026-05-08 21:17:06,607 | INFO | fetch_order_book: symbol=CHIP/USDC limit=20
2026-05-08 21:17:06,867 | INFO | fetch_order_book: mid=0.07437 spread=5.38bps bids=20 asks=20
2026-05-08 21:17:07,755 | INFO | SPREAD | pair=CHIP/USDC | cex=0.07435/0.07439 | dex_sell=0.0743785 dex_buy=0.074368 | spread_a=-1.5bps spread_b=-2.4bps | min=30.0bps
2026-05-08 21:17:08,757 | INFO | fetch_order_book: symbol=CHIP/USDC limit=20
2026-05-08 21:17:09,018 | INFO | fetch_order_book: mid=0.07436 spread=5.38bps bids=20 asks=20
2026-05-08 21:17:09,987 | INFO | SPREAD | pair=CHIP/USDC | cex=0.07434/0.07438 | dex_sell=0.0743487 dex_buy=0.074368 | spread_a=-4.2bps spread_b=-3.8bps | min=30.0bps
2026-05-08 21:17:10,989 | INFO | fetch_order_book: symbol=CHIP/USDC limit=20
2026-05-08 21:17:11,310 | INFO | fetch_order_book: mid=0.074345 spread=1.35bps bids=20 asks=20
2026-05-08 21:17:12,220 | INFO | SPREAD | pair=CHIP/USDC | cex=0.07434/0.07435 | dex_sell=0.0743487 dex_buy=0.074368 | spread_a=-0.2bps spread_b=-3.8bps | min=30.0bps
2026-05-08 21:17:13,223 | INFO | fetch_order_book: symbol=CHIP/USDC limit=20
2026-05-08 21:17:13,486 | INFO | fetch_order_book: mid=0.07437 spread=5.38bps bids=20 asks=20
2026-05-08 21:17:14,383 | INFO | SPREAD | pair=CHIP/USDC | cex=0.07435/0.07439 | dex_sell=0.0743487 dex_buy=0.074368 | spread_a=-5.6bps spread_b=-2.4bps | min=30.0bps
2026-05-08 21:17:15,386 | INFO | fetch_order_book: symbol=CHIP/USDC limit=20
2026-05-08 21:17:15,651 | INFO | fetch_order_book: mid=0.07439 spread=8.07bps bids=20 asks=20
2026-05-08 21:17:16,488 | INFO | SPREAD | pair=CHIP/USDC | cex=0.07436/0.07442 | dex_sell=0.0743487 dex_buy=0.074368 | spread_a=-9.6bps spread_b=-1.1bps | min=30.0bps
2026-05-08 21:17:17,491 | INFO | fetch_order_book: symbol=CHIP/USDC limit=20
2026-05-08 21:17:17,750 | INFO | fetch_order_book: mid=0.074465 spread=4.03bps bids=20 asks=20
2026-05-08 21:17:18,643 | INFO | SPREAD | pair=CHIP/USDC | cex=0.07445/0.07448 | dex_sell=0.0743728 dex_buy=0.0744323 | spread_a=-14.4bps spread_b=2.4bps | min=30.0bps
2026-05-08 21:17:19,647 | INFO | fetch_order_book: symbol=CHIP/USDC limit=20
2026-05-08 21:17:19,904 | INFO | fetch_order_book: mid=0.07446 spread=2.69bps bids=20 asks=20
2026-05-08 21:17:20,810 | INFO | SPREAD | pair=CHIP/USDC | cex=0.07445/0.07447 | dex_sell=0.0744129 dex_buy=0.0744323 | spread_a=-7.7bps spread_b=2.4bps | min=30.0bps
2026-05-08 21:17:21,814 | INFO | fetch_order_book: symbol=CHIP/USDC limit=20
2026-05-08 21:17:22,074 | INFO | fetch_order_book: mid=0.07446 spread=5.37bps bids=20 asks=20
2026-05-08 21:17:22,967 | INFO | SPREAD | pair=CHIP/USDC | cex=0.07444/0.07448 | dex_sell=0.0744129 dex_buy=0.0744623 | spread_a=-9.0bps spread_b=-3.0bps | min=30.0bps
2026-05-08 21:17:23,970 | INFO | fetch_order_book: symbol=CHIP/USDC limit=20
2026-05-08 21:17:24,358 | INFO | fetch_order_book: mid=0.074405 spread=6.72bps bids=20 asks=20
2026-05-08 21:17:25,200 | INFO | SPREAD | pair=CHIP/USDC | cex=0.07438/0.07443 | dex_sell=0.074443 dex_buy=0.0744378 | spread_a=1.7bps spread_b=-7.8bps | min=30.0bps
2026-05-08 21:17:26,201 | INFO | fetch_order_book: symbol=CHIP/USDC limit=20
2026-05-08 21:17:26,602 | INFO | fetch_order_book: mid=0.074375 spread=6.72bps bids=20 asks=20
2026-05-08 21:17:27,461 | INFO | SPREAD | pair=CHIP/USDC | cex=0.07435/0.0744 | dex_sell=0.0743883 dex_buy=0.0743778 | spread_a=-1.6bps spread_b=-3.7bps | min=30.0bps
2026-05-08 21:17:28,464 | INFO | fetch_order_book: symbol=CHIP/USDC limit=20
2026-05-08 21:17:28,719 | INFO | fetch_order_book: mid=0.07441 spread=8.06bps bids=20 asks=20
2026-05-08 21:17:29,575 | INFO | SPREAD | pair=CHIP/USDC | cex=0.07438/0.07444 | dex_sell=0.0743585 dex_buy=0.0743778 | spread_a=-11.0bps spread_b=0.3bps | min=30.0bps
2026-05-08 21:17:30,579 | INFO | fetch_order_book: symbol=CHIP/USDC limit=20
2026-05-08 21:17:30,865 | INFO | fetch_order_book: mid=0.074415 spread=6.72bps bids=20 asks=20
2026-05-08 21:17:31,716 | INFO | SPREAD | pair=CHIP/USDC | cex=0.07439/0.07444 | dex_sell=0.0743829 dex_buy=0.0744022 | spread_a=-7.7bps spread_b=-1.6bps | min=30.0bps
2026-05-08 21:17:32,719 | INFO | fetch_order_book: symbol=CHIP/USDC limit=20
2026-05-08 21:17:32,979 | INFO | fetch_order_book: mid=0.07439 spread=8.07bps bids=20 asks=20
2026-05-08 21:17:33,914 | INFO | SPREAD | pair=CHIP/USDC | cex=0.07436/0.07442 | dex_sell=0.0743829 dex_buy=0.0744022 | spread_a=-5.0bps spread_b=-5.7bps | min=30.0bps
2026-05-08 21:17:34,917 | INFO | fetch_order_book: symbol=CHIP/USDC limit=20
2026-05-08 21:17:35,194 | INFO | fetch_order_book: mid=0.07439 spread=5.38bps bids=20 asks=20
2026-05-08 21:17:36,178 | INFO | SPREAD | pair=CHIP/USDC | cex=0.07437/0.07441 | dex_sell=0.0743829 dex_buy=0.0744022 | spread_a=-3.6bps spread_b=-4.3bps | min=30.0bps
2026-05-08 21:17:37,182 | INFO | fetch_order_book: symbol=CHIP/USDC limit=20
2026-05-08 21:17:37,440 | INFO | fetch_order_book: mid=0.07440 spread=5.38bps bids=20 asks=20
2026-05-08 21:17:38,300 | INFO | SPREAD | pair=CHIP/USDC | cex=0.07438/0.07442 | dex_sell=0.0743829 dex_buy=0.0744322 | spread_a=-5.0bps spread_b=-7.0bps | min=30.0bps
2026-05-08 21:17:39,303 | INFO | fetch_order_book: symbol=CHIP/USDC limit=20
2026-05-08 21:17:39,582 | INFO | fetch_order_book: mid=0.074375 spread=4.03bps bids=20 asks=20
2026-05-08 21:17:40,419 | INFO | SPREAD | pair=CHIP/USDC | cex=0.07436/0.07439 | dex_sell=0.0743487 dex_buy=0.074368 | spread_a=-5.5bps spread_b=-1.1bps | min=30.0bps
2026-05-08 21:17:41,422 | INFO | fetch_order_book: symbol=CHIP/USDC limit=20
2026-05-08 21:17:41,677 | INFO | fetch_order_book: mid=0.07438 spread=5.38bps bids=20 asks=20
2026-05-08 21:17:42,661 | INFO | SPREAD | pair=CHIP/USDC | cex=0.07436/0.0744 | dex_sell=0.0743729 dex_buy=0.0743922 | spread_a=-3.6bps spread_b=-4.3bps | min=30.0bps
2026-05-08 21:17:43,664 | INFO | fetch_order_book: symbol=CHIP/USDC limit=20
2026-05-08 21:17:43,918 | INFO | fetch_order_book: mid=0.074425 spread=4.03bps bids=20 asks=20
2026-05-08 21:17:44,728 | INFO | SPREAD | pair=CHIP/USDC | cex=0.07441/0.07444 | dex_sell=0.0743729 dex_buy=0.0743922 | spread_a=-9.0bps spread_b=2.4bps | min=30.0bps
2026-05-08 21:17:45,731 | INFO | fetch_order_book: symbol=CHIP/USDC limit=20
2026-05-08 21:17:46,126 | INFO | fetch_order_book: mid=0.07446 spread=5.37bps bids=20 asks=20
2026-05-08 21:17:47,003 | INFO | SPREAD | pair=CHIP/USDC | cex=0.07444/0.07448 | dex_sell=0.074443 dex_buy=0.0744624 | spread_a=-5.0bps spread_b=-3.0bps | min=30.0bps
2026-05-08 21:17:48,006 | INFO | fetch_order_book: symbol=CHIP/USDC limit=20
2026-05-08 21:17:48,380 | INFO | fetch_order_book: mid=0.07445 spread=5.37bps bids=20 asks=20
2026-05-08 21:17:49,246 | INFO | SPREAD | pair=CHIP/USDC | cex=0.07443/0.07447 | dex_sell=0.074443 dex_buy=0.0744624 | spread_a=-3.6bps spread_b=-4.3bps | min=30.0bps
2026-05-08 21:17:50,249 | INFO | fetch_order_book: symbol=CHIP/USDC limit=20
2026-05-08 21:17:50,507 | INFO | fetch_order_book: mid=0.074455 spread=6.72bps bids=20 asks=20
2026-05-08 21:17:51,330 | INFO | SPREAD | pair=CHIP/USDC | cex=0.07443/0.07448 | dex_sell=0.074443 dex_buy=0.0744624 | spread_a=-5.0bps spread_b=-4.3bps | min=30.0bps
2026-05-08 21:17:52,333 | INFO | fetch_order_book: symbol=CHIP/USDC limit=20
2026-05-08 21:17:52,589 | INFO | fetch_order_book: mid=0.07445 spread=5.37bps bids=20 asks=20
2026-05-08 21:17:53,430 | INFO | SPREAD | pair=CHIP/USDC | cex=0.07443/0.07447 | dex_sell=0.074443 dex_buy=0.0744624 | spread_a=-3.6bps spread_b=-4.3bps | min=30.0bps
2026-05-08 21:17:54,434 | INFO | fetch_order_book: symbol=CHIP/USDC limit=20
2026-05-08 21:17:54,697 | INFO | fetch_order_book: mid=0.07447 spread=2.69bps bids=20 asks=20
2026-05-08 21:17:55,537 | INFO | SPREAD | pair=CHIP/USDC | cex=0.07446/0.07448 | dex_sell=0.074443 dex_buy=0.0744624 | spread_a=-5.0bps spread_b=-0.3bps | min=30.0bps
2026-05-08 21:17:56,540 | INFO | fetch_order_book: symbol=CHIP/USDC limit=20
2026-05-08 21:17:56,800 | INFO | fetch_order_book: mid=0.074485 spread=4.03bps bids=20 asks=20
2026-05-08 21:17:57,684 | INFO | SPREAD | pair=CHIP/USDC | cex=0.07447/0.0745 | dex_sell=0.0744786 dex_buy=0.0744979 | spread_a=-2.9bps spread_b=-3.7bps | min=30.0bps
2026-05-08 21:17:58,688 | INFO | fetch_order_book: symbol=CHIP/USDC limit=20
2026-05-08 21:17:58,946 | INFO | fetch_order_book: mid=0.074445 spread=6.72bps bids=20 asks=20
2026-05-08 21:17:59,804 | INFO | SPREAD | pair=CHIP/USDC | cex=0.07442/0.07447 | dex_sell=0.0744786 dex_buy=0.074468 | spread_a=1.1bps spread_b=-6.4bps | min=30.0bps
2026-05-08 21:18:00,806 | INFO | fetch_order_book: symbol=CHIP/USDC limit=20
2026-05-08 21:18:01,061 | INFO | fetch_order_book: mid=0.07440 spread=5.38bps bids=20 asks=20
2026-05-08 21:18:01,925 | INFO | SPREAD | pair=CHIP/USDC | cex=0.07438/0.07442 | dex_sell=0.0744486 dex_buy=0.0744378 | spread_a=3.8bps spread_b=-7.8bps | min=30.0bps
2026-05-08 21:18:02,928 | INFO | fetch_order_book: symbol=CHIP/USDC limit=20
2026-05-08 21:18:03,204 | INFO | fetch_order_book: mid=0.07442 spread=2.69bps bids=20 asks=20
2026-05-08 21:18:04,080 | INFO | SPREAD | pair=CHIP/USDC | cex=0.07441/0.07443 | dex_sell=0.0743886 dex_buy=0.0744079 | spread_a=-5.6bps spread_b=0.3bps | min=30.0bps
2026-05-08 21:18:05,083 | INFO | fetch_order_book: symbol=CHIP/USDC limit=20
2026-05-08 21:18:05,340 | INFO | fetch_order_book: mid=0.07441 spread=2.69bps bids=20 asks=20
2026-05-08 21:18:06,184 | INFO | SPREAD | pair=CHIP/USDC | cex=0.0744/0.07442 | dex_sell=0.074413 dex_buy=0.0744323 | spread_a=-0.9bps spread_b=-4.3bps | min=30.0bps
2026-05-08 21:18:07,187 | INFO | fetch_order_book: symbol=CHIP/USDC limit=20
2026-05-08 21:18:07,452 | INFO | fetch_order_book: mid=0.074385 spread=1.34bps bids=20 asks=20
2026-05-08 21:18:08,368 | INFO | SPREAD | pair=CHIP/USDC | cex=0.07438/0.07439 | dex_sell=0.0743786 dex_buy=0.0743979 | spread_a=-1.5bps spread_b=-2.4bps | min=30.0bps
2026-05-08 21:18:09,372 | INFO | fetch_order_book: symbol=CHIP/USDC limit=20
2026-05-08 21:18:09,629 | INFO | fetch_order_book: mid=0.07438 spread=5.38bps bids=20 asks=20
2026-05-08 21:18:10,540 | INFO | SPREAD | pair=CHIP/USDC | cex=0.07436/0.0744 | dex_sell=0.0743786 dex_buy=0.0743979 | spread_a=-2.9bps spread_b=-5.1bps | min=30.0bps
2026-05-08 21:18:11,544 | INFO | fetch_order_book: symbol=CHIP/USDC limit=20
2026-05-08 21:18:11,802 | INFO | fetch_order_book: mid=0.07431 spread=2.69bps bids=20 asks=20
2026-05-08 21:18:12,655 | INFO | SPREAD | pair=CHIP/USDC | cex=0.0743/0.07432 | dex_sell=0.0743485 dex_buy=0.0743678 | spread_a=3.8bps spread_b=-9.1bps | min=30.0bps
2026-05-08 21:18:13,658 | INFO | fetch_order_book: symbol=CHIP/USDC limit=20
2026-05-08 21:18:13,919 | INFO | fetch_order_book: mid=0.074335 spread=6.73bps bids=20 asks=20
2026-05-08 21:18:14,797 | INFO | SPREAD | pair=CHIP/USDC | cex=0.07431/0.07436 | dex_sell=0.0742886 dex_buy=0.0743079 | spread_a=-9.6bps spread_b=0.3bps | min=30.0bps
2026-05-08 21:18:15,798 | INFO | fetch_order_book: symbol=CHIP/USDC limit=20
2026-05-08 21:18:16,054 | INFO | fetch_order_book: mid=0.07429 spread=2.69bps bids=20 asks=20
2026-05-08 21:18:16,896 | INFO | SPREAD | pair=CHIP/USDC | cex=0.07428/0.0743 | dex_sell=0.0742886 dex_buy=0.0743079 | spread_a=-1.5bps spread_b=-3.8bps | min=30.0bps
2026-05-08 21:18:17,899 | INFO | fetch_order_book: symbol=CHIP/USDC limit=20
2026-05-08 21:18:18,159 | INFO | fetch_order_book: mid=0.074225 spread=6.74bps bids=20 asks=20
2026-05-08 21:18:19,043 | INFO | SPREAD | pair=CHIP/USDC | cex=0.0742/0.07425 | dex_sell=0.0741887 dex_buy=0.0742079 | spread_a=-8.3bps spread_b=-1.1bps | min=30.0bps
2026-05-08 21:18:20,046 | INFO | fetch_order_book: symbol=CHIP/USDC limit=20
2026-05-08 21:18:20,314 | INFO | fetch_order_book: mid=0.074185 spread=6.74bps bids=20 asks=20
2026-05-08 21:18:21,169 | INFO | SPREAD | pair=CHIP/USDC | cex=0.07416/0.07421 | dex_sell=0.0741887 dex_buy=0.0742079 | spread_a=-2.9bps spread_b=-6.5bps | min=30.0bps
2026-05-08 21:18:22,172 | INFO | fetch_order_book: symbol=CHIP/USDC limit=20
2026-05-08 21:18:22,461 | INFO | fetch_order_book: mid=0.07423 spread=8.08bps bids=20 asks=20
2026-05-08 21:18:23,317 | INFO | SPREAD | pair=CHIP/USDC | cex=0.0742/0.07426 | dex_sell=0.0741829 dex_buy=0.0742022 | spread_a=-10.4bps spread_b=-0.3bps | min=30.0bps
2026-05-08 21:18:24,321 | INFO | fetch_order_book: symbol=CHIP/USDC limit=20
2026-05-08 21:18:24,578 | INFO | fetch_order_book: mid=0.07425 spread=5.39bps bids=20 asks=20
2026-05-08 21:18:25,428 | INFO | SPREAD | pair=CHIP/USDC | cex=0.07423/0.07427 | dex_sell=0.074243 dex_buy=0.0742622 | spread_a=-3.6bps spread_b=-4.3bps | min=30.0bps
2026-05-08 21:18:26,432 | INFO | fetch_order_book: symbol=CHIP/USDC limit=20
2026-05-08 21:18:26,688 | INFO | fetch_order_book: mid=0.074205 spread=6.74bps bids=20 asks=20
2026-05-08 21:18:27,515 | INFO | SPREAD | pair=CHIP/USDC | cex=0.07418/0.07423 | dex_sell=0.0741885 dex_buy=0.0742078 | spread_a=-5.6bps spread_b=-3.7bps | min=30.0bps
2026-05-08 21:18:28,518 | INFO | fetch_order_book: symbol=CHIP/USDC limit=20
2026-05-08 21:18:28,775 | INFO | fetch_order_book: mid=0.07422 spread=8.08bps bids=20 asks=20
2026-05-08 21:18:29,590 | INFO | SPREAD | pair=CHIP/USDC | cex=0.07419/0.07425 | dex_sell=0.0741885 dex_buy=0.0742078 | spread_a=-8.3bps spread_b=-2.4bps | min=30.0bps
2026-05-08 21:18:30,593 | INFO | fetch_order_book: symbol=CHIP/USDC limit=20
2026-05-08 21:18:30,853 | INFO | fetch_order_book: mid=0.074255 spread=6.73bps bids=20 asks=20
2026-05-08 21:18:31,676 | INFO | SPREAD | pair=CHIP/USDC | cex=0.07423/0.07428 | dex_sell=0.0742129 dex_buy=0.0742321 | spread_a=-9.0bps spread_b=-0.3bps | min=30.0bps
2026-05-08 21:18:32,680 | INFO | fetch_order_book: symbol=CHIP/USDC limit=20
2026-05-08 21:18:32,935 | INFO | fetch_order_book: mid=0.074215 spread=6.74bps bids=20 asks=20
2026-05-08 21:18:33,812 | INFO | SPREAD | pair=CHIP/USDC | cex=0.07419/0.07424 | dex_sell=0.0741887 dex_buy=0.074208 | spread_a=-6.9bps spread_b=-2.4bps | min=30.0bps
2026-05-08 21:18:34,816 | INFO | fetch_order_book: symbol=CHIP/USDC limit=20
2026-05-08 21:18:35,176 | INFO | fetch_order_book: mid=0.07424 spread=5.39bps bids=20 asks=20
2026-05-08 21:18:36,007 | INFO | SPREAD | pair=CHIP/USDC | cex=0.07422/0.07426 | dex_sell=0.0741887 dex_buy=0.074208 | spread_a=-9.6bps spread_b=1.6bps | min=30.0bps
2026-05-08 21:18:37,010 | INFO | fetch_order_book: symbol=CHIP/USDC limit=20
2026-05-08 21:18:37,273 | INFO | fetch_order_book: mid=0.07424 spread=5.39bps bids=20 asks=20
2026-05-08 21:18:38,106 | INFO | SPREAD | pair=CHIP/USDC | cex=0.07422/0.07426 | dex_sell=0.0741887 dex_buy=0.074208 | spread_a=-9.6bps spread_b=1.6bps | min=30.0bps
2026-05-08 21:18:39,109 | INFO | fetch_order_book: symbol=CHIP/USDC limit=20
2026-05-08 21:18:39,369 | INFO | fetch_order_book: mid=0.07423 spread=5.39bps bids=20 asks=20
2026-05-08 21:18:40,256 | INFO | SPREAD | pair=CHIP/USDC | cex=0.07421/0.07425 | dex_sell=0.0741887 dex_buy=0.074208 | spread_a=-8.3bps spread_b=0.3bps | min=30.0bps
2026-05-08 21:18:41,260 | INFO | fetch_order_book: symbol=CHIP/USDC limit=20
2026-05-08 21:18:41,518 | INFO | fetch_order_book: mid=0.074275 spread=1.35bps bids=20 asks=20
2026-05-08 21:18:42,426 | INFO | SPREAD | pair=CHIP/USDC | cex=0.07427/0.07428 | dex_sell=0.0741887 dex_buy=0.0742321 | spread_a=-12.3bps spread_b=5.1bps | min=30.0bps
2026-05-08 21:18:43,429 | INFO | fetch_order_book: symbol=CHIP/USDC limit=20
2026-05-08 21:18:43,688 | INFO | fetch_order_book: mid=0.07427 spread=5.39bps bids=20 asks=20
2026-05-08 21:18:44,557 | INFO | SPREAD | pair=CHIP/USDC | cex=0.07425/0.07429 | dex_sell=0.074293 dex_buy=0.0742879 | spread_a=0.4bps spread_b=-5.1bps | min=30.0bps
2026-05-08 21:18:45,561 | INFO | fetch_order_book: symbol=CHIP/USDC limit=20
2026-05-08 21:18:45,823 | INFO | fetch_order_book: mid=0.074265 spread=6.73bps bids=20 asks=20
2026-05-08 21:18:46,709 | INFO | SPREAD | pair=CHIP/USDC | cex=0.07424/0.07429 | dex_sell=0.0742686 dex_buy=0.0742879 | spread_a=-2.9bps spread_b=-6.4bps | min=30.0bps
2026-05-08 21:18:47,713 | INFO | fetch_order_book: symbol=CHIP/USDC limit=20
2026-05-08 21:18:47,970 | INFO | fetch_order_book: mid=0.07426 spread=5.39bps bids=20 asks=20
2026-05-08 21:18:48,846 | INFO | SPREAD | pair=CHIP/USDC | cex=0.07424/0.07428 | dex_sell=0.0742686 dex_buy=0.0742879 | spread_a=-1.5bps spread_b=-6.4bps | min=30.0bps
2026-05-08 21:18:49,849 | INFO | fetch_order_book: symbol=CHIP/USDC limit=20
2026-05-08 21:18:50,107 | INFO | fetch_order_book: mid=0.07424 spread=5.39bps bids=20 asks=20
2026-05-08 21:18:50,997 | INFO | SPREAD | pair=CHIP/USDC | cex=0.07422/0.07426 | dex_sell=0.0742284 dex_buy=0.0742477 | spread_a=-4.3bps spread_b=-3.7bps | min=30.0bps
2026-05-08 21:18:52,000 | INFO | fetch_order_book: symbol=CHIP/USDC limit=20
2026-05-08 21:18:52,258 | INFO | fetch_order_book: mid=0.074255 spread=6.73bps bids=20 asks=20
2026-05-08 21:18:53,135 | INFO | SPREAD | pair=CHIP/USDC | cex=0.07423/0.07428 | dex_sell=0.0742284 dex_buy=0.0742477 | spread_a=-6.9bps spread_b=-2.4bps | min=30.0bps
2026-05-08 21:18:54,137 | INFO | fetch_order_book: symbol=CHIP/USDC limit=20
2026-05-08 21:18:54,407 | INFO | fetch_order_book: mid=0.074265 spread=4.04bps bids=20 asks=20
2026-05-08 21:18:55,289 | INFO | SPREAD | pair=CHIP/USDC | cex=0.07425/0.07428 | dex_sell=0.0742284 dex_buy=0.0742723 | spread_a=-6.9bps spread_b=-3.0bps | min=30.0bps
2026-05-08 21:18:56,292 | INFO | fetch_order_book: symbol=CHIP/USDC limit=20
2026-05-08 21:18:56,600 | INFO | fetch_order_book: mid=0.074265 spread=6.73bps bids=20 asks=20
2026-05-08 21:18:57,720 | INFO | SPREAD | pair=CHIP/USDC | cex=0.07424/0.07429 | dex_sell=0.074253 dex_buy=0.0742723 | spread_a=-5.0bps spread_b=-4.4bps | min=30.0bps
2026-05-08 21:18:58,723 | INFO | fetch_order_book: symbol=CHIP/USDC limit=20
2026-05-08 21:18:58,982 | INFO | fetch_order_book: mid=0.07423 spread=2.69bps bids=20 asks=20
2026-05-08 21:18:59,890 | INFO | SPREAD | pair=CHIP/USDC | cex=0.07422/0.07424 | dex_sell=0.0742284 dex_buy=0.0742477 | spread_a=-1.6bps spread_b=-3.7bps | min=30.0bps
2026-05-08 21:19:00,893 | INFO | fetch_order_book: symbol=CHIP/USDC limit=20
2026-05-08 21:19:01,155 | INFO | fetch_order_book: mid=0.074185 spread=6.74bps bids=20 asks=20
2026-05-08 21:19:01,974 | INFO | SPREAD | pair=CHIP/USDC | cex=0.07416/0.07421 | dex_sell=0.0741986 dex_buy=0.0742179 | spread_a=-1.5bps spread_b=-7.8bps | min=30.0bps
2026-05-08 21:19:02,977 | INFO | fetch_order_book: symbol=CHIP/USDC limit=20
2026-05-08 21:19:03,297 | INFO | fetch_order_book: mid=0.074185 spread=6.74bps bids=20 asks=20
2026-05-08 21:19:04,173 | INFO | SPREAD | pair=CHIP/USDC | cex=0.07416/0.07421 | dex_sell=0.0741686 dex_buy=0.0741878 | spread_a=-5.6bps spread_b=-3.8bps | min=30.0bps
2026-05-08 21:19:05,177 | INFO | fetch_order_book: symbol=CHIP/USDC limit=20
2026-05-08 21:19:05,487 | INFO | fetch_order_book: mid=0.074175 spread=4.04bps bids=20 asks=20
2026-05-08 21:19:06,320 | INFO | SPREAD | pair=CHIP/USDC | cex=0.07416/0.07419 | dex_sell=0.0741686 dex_buy=0.0741878 | spread_a=-2.9bps spread_b=-3.8bps | min=30.0bps
2026-05-08 21:19:07,324 | INFO | fetch_order_book: symbol=CHIP/USDC limit=20
2026-05-08 21:19:07,582 | INFO | fetch_order_book: mid=0.07425 spread=5.39bps bids=20 asks=20
2026-05-08 21:19:08,522 | INFO | SPREAD | pair=CHIP/USDC | cex=0.07423/0.07427 | dex_sell=0.0741686 dex_buy=0.0742224 | spread_a=-13.7bps spread_b=1.0bps | min=30.0bps
2026-05-08 21:19:09,525 | INFO | fetch_order_book: symbol=CHIP/USDC limit=20
2026-05-08 21:19:09,783 | INFO | fetch_order_book: mid=0.074155 spread=9.44bps bids=20 asks=20
2026-05-08 21:19:10,621 | INFO | SPREAD | pair=CHIP/USDC | cex=0.07412/0.07419 | dex_sell=0.0741842 dex_buy=0.0742034 | spread_a=-0.8bps spread_b=-11.2bps | min=30.0bps
2026-05-08 21:19:11,625 | INFO | fetch_order_book: symbol=CHIP/USDC limit=20
2026-05-08 21:19:11,882 | INFO | fetch_order_book: mid=0.07392 spread=5.41bps bids=20 asks=20
2026-05-08 21:19:12,806 | INFO | SPREAD | pair=CHIP/USDC | cex=0.0739/0.07394 | dex_sell=0.0739435 dex_buy=0.0739627 | spread_a=0.5bps spread_b=-8.5bps | min=30.0bps
2026-05-08 21:19:13,809 | INFO | fetch_order_book: symbol=CHIP/USDC limit=20
2026-05-08 21:19:14,069 | INFO | fetch_order_book: mid=0.073765 spread=6.78bps bids=20 asks=20
2026-05-08 21:19:14,944 | INFO | SPREAD | pair=CHIP/USDC | cex=0.07374/0.07379 | dex_sell=0.0738513 dex_buy=0.0737621 | spread_a=8.3bps spread_b=-3.0bps | min=30.0bps
2026-05-08 21:19:15,947 | INFO | fetch_order_book: symbol=CHIP/USDC limit=20
2026-05-08 21:19:16,207 | INFO | fetch_order_book: mid=0.073855 spread=6.77bps bids=20 asks=20
2026-05-08 21:19:17,073 | INFO | SPREAD | pair=CHIP/USDC | cex=0.07383/0.07388 | dex_sell=0.0738031 dex_buy=0.0738522 | spread_a=-10.4bps spread_b=-3.0bps | min=30.0bps
2026-05-08 21:19:18,076 | INFO | fetch_order_book: symbol=CHIP/USDC limit=20
2026-05-08 21:19:18,352 | INFO | fetch_order_book: mid=0.073865 spread=6.77bps bids=20 asks=20
2026-05-08 21:19:19,275 | INFO | SPREAD | pair=CHIP/USDC | cex=0.07384/0.07389 | dex_sell=0.0738534 dex_buy=0.0738726 | spread_a=-5.0bps spread_b=-4.4bps | min=30.0bps
2026-05-08 21:19:20,279 | INFO | fetch_order_book: symbol=CHIP/USDC limit=20
2026-05-08 21:19:20,638 | INFO | fetch_order_book: mid=0.073905 spread=9.47bps bids=20 asks=20
2026-05-08 21:19:21,496 | INFO | SPREAD | pair=CHIP/USDC | cex=0.07387/0.07394 | dex_sell=0.073883 dex_buy=0.0739322 | spread_a=-7.7bps spread_b=-8.4bps | min=30.0bps
2026-05-08 21:19:22,499 | INFO | fetch_order_book: symbol=CHIP/USDC limit=20
2026-05-08 21:19:22,754 | INFO | fetch_order_book: mid=0.073825 spread=6.77bps bids=20 asks=20
2026-05-08 21:19:23,638 | INFO | SPREAD | pair=CHIP/USDC | cex=0.0738/0.07385 | dex_sell=0.0738485 dex_buy=0.0738677 | spread_a=-0.2bps spread_b=-9.2bps | min=30.0bps
2026-05-08 21:19:24,641 | INFO | fetch_order_book: symbol=CHIP/USDC limit=20
2026-05-08 21:19:24,900 | INFO | fetch_order_book: mid=0.07375 spread=8.14bps bids=20 asks=20
2026-05-08 21:19:25,732 | INFO | SPREAD | pair=CHIP/USDC | cex=0.07372/0.07378 | dex_sell=0.0737769 dex_buy=0.073796 | spread_a=-0.4bps spread_b=-10.3bps | min=30.0bps
2026-05-08 21:19:26,735 | INFO | fetch_order_book: symbol=CHIP/USDC limit=20
2026-05-08 21:19:26,994 | INFO | fetch_order_book: mid=0.073755 spread=6.78bps bids=20 asks=20
2026-05-08 21:19:27,810 | INFO | SPREAD | pair=CHIP/USDC | cex=0.07373/0.07378 | dex_sell=0.0737474 dex_buy=0.0737665 | spread_a=-4.4bps spread_b=-5.0bps | min=30.0bps
2026-05-08 21:19:28,814 | INFO | fetch_order_book: symbol=CHIP/USDC limit=20
2026-05-08 21:19:29,083 | INFO | fetch_order_book: mid=0.073725 spread=9.49bps bids=20 asks=20
2026-05-08 21:19:29,961 | INFO | SPREAD | pair=CHIP/USDC | cex=0.07369/0.07376 | dex_sell=0.0737474 dex_buy=0.0737665 | spread_a=-1.7bps spread_b=-10.4bps | min=30.0bps
2026-05-08 21:19:30,964 | INFO | fetch_order_book: symbol=CHIP/USDC limit=20
2026-05-08 21:19:31,291 | INFO | fetch_order_book: mid=0.073655 spread=6.79bps bids=20 asks=20
2026-05-08 21:19:32,118 | INFO | SPREAD | pair=CHIP/USDC | cex=0.07363/0.07368 | dex_sell=0.0736942 dex_buy=0.0737133 | spread_a=1.9bps spread_b=-11.3bps | min=30.0bps
2026-05-08 21:19:33,122 | INFO | fetch_order_book: symbol=CHIP/USDC limit=20
2026-05-08 21:19:33,431 | INFO | fetch_order_book: mid=0.073655 spread=4.07bps bids=20 asks=20
2026-05-08 21:19:34,295 | INFO | SPREAD | pair=CHIP/USDC | cex=0.07364/0.07367 | dex_sell=0.0736942 dex_buy=0.0737133 | spread_a=3.3bps spread_b=-9.9bps | min=30.0bps
2026-05-08 21:19:35,297 | INFO | fetch_order_book: symbol=CHIP/USDC limit=20
2026-05-08 21:19:35,555 | INFO | fetch_order_book: mid=0.07368 spread=2.71bps bids=20 asks=20
2026-05-08 21:19:36,411 | INFO | SPREAD | pair=CHIP/USDC | cex=0.07367/0.07369 | dex_sell=0.0736558 dex_buy=0.0736749 | spread_a=-4.6bps spread_b=-0.7bps | min=30.0bps
2026-05-08 21:19:37,414 | INFO | fetch_order_book: symbol=CHIP/USDC limit=20
2026-05-08 21:19:37,689 | INFO | fetch_order_book: mid=0.07364 spread=8.15bps bids=20 asks=20
2026-05-08 21:19:38,551 | INFO | SPREAD | pair=CHIP/USDC | cex=0.07361/0.07367 | dex_sell=0.0736937 dex_buy=0.0737129 | spread_a=3.2bps spread_b=-14.0bps | min=30.0bps
2026-05-08 21:19:39,555 | INFO | fetch_order_book: symbol=CHIP/USDC limit=20
2026-05-08 21:19:39,811 | INFO | fetch_order_book: mid=0.073675 spread=6.79bps bids=20 asks=20
2026-05-08 21:19:40,666 | INFO | SPREAD | pair=CHIP/USDC | cex=0.07365/0.0737 | dex_sell=0.0736553 dex_buy=0.0737231 | spread_a=-6.1bps spread_b=-9.9bps | min=30.0bps
2026-05-08 21:19:41,670 | INFO | fetch_order_book: symbol=CHIP/USDC limit=20
2026-05-08 21:19:41,928 | INFO | fetch_order_book: mid=0.073685 spread=6.79bps bids=20 asks=20
2026-05-08 21:19:42,777 | INFO | SPREAD | pair=CHIP/USDC | cex=0.07366/0.07371 | dex_sell=0.0736691 dex_buy=0.0736882 | spread_a=-5.5bps spread_b=-3.8bps | min=30.0bps
2026-05-08 21:19:43,780 | INFO | fetch_order_book: symbol=CHIP/USDC limit=20
2026-05-08 21:19:44,036 | INFO | fetch_order_book: mid=0.07368 spread=5.43bps bids=20 asks=20
2026-05-08 21:19:44,933 | INFO | SPREAD | pair=CHIP/USDC | cex=0.07366/0.0737 | dex_sell=0.0736692 dex_buy=0.0736883 | spread_a=-4.2bps spread_b=-3.8bps | min=30.0bps
2026-05-08 21:19:45,936 | INFO | fetch_order_book: symbol=CHIP/USDC limit=20
2026-05-08 21:19:46,195 | INFO | fetch_order_book: mid=0.07369 spread=5.43bps bids=20 asks=20
2026-05-08 21:19:47,103 | INFO | SPREAD | pair=CHIP/USDC | cex=0.07367/0.07371 | dex_sell=0.0736938 dex_buy=0.0737129 | spread_a=-2.2bps spread_b=-5.8bps | min=30.0bps
2026-05-08 21:19:48,107 | INFO | fetch_order_book: symbol=CHIP/USDC limit=20
2026-05-08 21:19:48,362 | INFO | fetch_order_book: mid=0.07370 spread=5.43bps bids=20 asks=20
2026-05-08 21:19:49,269 | INFO | SPREAD | pair=CHIP/USDC | cex=0.07368/0.07372 | dex_sell=0.0736938 dex_buy=0.0737129 | spread_a=-3.6bps spread_b=-4.5bps | min=30.0bps
2026-05-08 21:19:50,272 | INFO | fetch_order_book: symbol=CHIP/USDC limit=20
2026-05-08 21:19:50,793 | INFO | fetch_order_book: mid=0.073685 spread=6.79bps bids=20 asks=20
2026-05-08 21:19:51,703 | INFO | SPREAD | pair=CHIP/USDC | cex=0.07366/0.07371 | dex_sell=0.0736938 dex_buy=0.0737129 | spread_a=-2.2bps spread_b=-7.2bps | min=30.0bps
2026-05-08 21:19:52,706 | INFO | fetch_order_book: symbol=CHIP/USDC limit=20
2026-05-08 21:19:52,966 | INFO | fetch_order_book: mid=0.07368 spread=5.43bps bids=20 asks=20
2026-05-08 21:19:53,864 | INFO | SPREAD | pair=CHIP/USDC | cex=0.07366/0.0737 | dex_sell=0.0736694 dex_buy=0.0736885 | spread_a=-4.2bps spread_b=-3.9bps | min=30.0bps
2026-05-08 21:19:54,866 | INFO | fetch_order_book: symbol=CHIP/USDC limit=20
2026-05-08 21:19:55,255 | INFO | fetch_order_book: mid=0.073765 spread=4.07bps bids=20 asks=20
2026-05-08 21:19:56,201 | INFO | SPREAD | pair=CHIP/USDC | cex=0.07375/0.07378 | dex_sell=0.0737238 dex_buy=0.0737429 | spread_a=-7.6bps spread_b=1.0bps | min=30.0bps
2026-05-08 21:19:57,204 | INFO | fetch_order_book: symbol=CHIP/USDC limit=20
2026-05-08 21:19:57,470 | INFO | fetch_order_book: mid=0.07370 spread=5.43bps bids=20 asks=20
2026-05-08 21:19:58,321 | INFO | SPREAD | pair=CHIP/USDC | cex=0.07368/0.07372 | dex_sell=0.0737015 dex_buy=0.0737206 | spread_a=-2.5bps spread_b=-5.5bps | min=30.0bps
2026-05-08 21:19:59,324 | INFO | fetch_order_book: symbol=CHIP/USDC limit=20
2026-05-08 21:19:59,581 | INFO | fetch_order_book: mid=0.073705 spread=6.78bps bids=20 asks=20
2026-05-08 21:20:00,419 | INFO | SPREAD | pair=CHIP/USDC | cex=0.07368/0.07373 | dex_sell=0.0737015 dex_buy=0.0737206 | spread_a=-3.9bps spread_b=-5.5bps | min=30.0bps
2026-05-08 21:20:01,422 | INFO | fetch_order_book: symbol=CHIP/USDC limit=20
2026-05-08 21:20:01,691 | INFO | fetch_order_book: mid=0.073725 spread=6.78bps bids=20 asks=20
2026-05-08 21:20:02,524 | INFO | SPREAD | pair=CHIP/USDC | cex=0.0737/0.07375 | dex_sell=0.0736792 dex_buy=0.0736983 | spread_a=-9.6bps spread_b=0.2bps | min=30.0bps
2026-05-08 21:20:03,528 | INFO | fetch_order_book: symbol=CHIP/USDC limit=20
2026-05-08 21:20:03,790 | INFO | fetch_order_book: mid=0.073725 spread=6.78bps bids=20 asks=20
2026-05-08 21:20:04,684 | INFO | SPREAD | pair=CHIP/USDC | cex=0.0737/0.07375 | dex_sell=0.0737038 dex_buy=0.0737229 | spread_a=-6.3bps spread_b=-3.1bps | min=30.0bps
2026-05-08 21:20:05,687 | INFO | fetch_order_book: symbol=CHIP/USDC limit=20
2026-05-08 21:20:06,072 | INFO | fetch_order_book: mid=0.07371 spread=5.43bps bids=20 asks=20
2026-05-08 21:20:06,925 | INFO | SPREAD | pair=CHIP/USDC | cex=0.07369/0.07373 | dex_sell=0.0737038 dex_buy=0.0737229 | spread_a=-3.6bps spread_b=-4.5bps | min=30.0bps
2026-05-08 21:20:07,929 | INFO | fetch_order_book: symbol=CHIP/USDC limit=20
2026-05-08 21:20:08,184 | INFO | fetch_order_book: mid=0.073665 spread=4.07bps bids=20 asks=20
2026-05-08 21:20:09,095 | INFO | SPREAD | pair=CHIP/USDC | cex=0.07365/0.07368 | dex_sell=0.0737038 dex_buy=0.0737229 | spread_a=3.2bps spread_b=-9.9bps | min=30.0bps
2026-05-08 21:20:10,099 | INFO | fetch_order_book: symbol=CHIP/USDC limit=20
2026-05-08 21:20:10,356 | INFO | fetch_order_book: mid=0.073675 spread=4.07bps bids=20 asks=20
2026-05-08 21:20:11,292 | INFO | SPREAD | pair=CHIP/USDC | cex=0.07366/0.07369 | dex_sell=0.0736794 dex_buy=0.0736985 | spread_a=-1.4bps spread_b=-5.2bps | min=30.0bps
2026-05-08 21:20:12,296 | INFO | fetch_order_book: symbol=CHIP/USDC limit=20
2026-05-08 21:20:12,558 | INFO | fetch_order_book: mid=0.07362 spread=5.43bps bids=20 asks=20
2026-05-08 21:20:13,438 | INFO | SPREAD | pair=CHIP/USDC | cex=0.0736/0.07364 | dex_sell=0.0736794 dex_buy=0.0736985 | spread_a=5.3bps spread_b=-13.4bps | min=30.0bps
2026-05-08 21:20:14,442 | INFO | fetch_order_book: symbol=CHIP/USDC limit=20
2026-05-08 21:20:14,698 | INFO | fetch_order_book: mid=0.073605 spread=4.08bps bids=20 asks=20
2026-05-08 21:20:15,582 | INFO | SPREAD | pair=CHIP/USDC | cex=0.07359/0.07362 | dex_sell=0.0736285 dex_buy=0.0736476 | spread_a=1.2bps spread_b=-7.8bps | min=30.0bps
2026-05-08 21:20:16,585 | INFO | fetch_order_book: symbol=CHIP/USDC limit=20
2026-05-08 21:20:16,841 | INFO | fetch_order_book: mid=0.073595 spread=4.08bps bids=20 asks=20
2026-05-08 21:20:17,736 | INFO | SPREAD | pair=CHIP/USDC | cex=0.07358/0.07361 | dex_sell=0.0735994 dex_buy=0.0736185 | spread_a=-1.4bps spread_b=-5.2bps | min=30.0bps
2026-05-08 21:20:18,740 | INFO | fetch_order_book: symbol=CHIP/USDC limit=20
2026-05-08 21:20:18,999 | INFO | fetch_order_book: mid=0.07351 spread=2.72bps bids=20 asks=20
2026-05-08 21:20:19,839 | INFO | SPREAD | pair=CHIP/USDC | cex=0.0735/0.07352 | dex_sell=0.073512 dex_buy=0.0735445 | spread_a=-1.1bps spread_b=-6.0bps | min=30.0bps
2026-05-08 21:20:20,842 | INFO | fetch_order_book: symbol=CHIP/USDC limit=20
2026-05-08 21:20:21,103 | INFO | fetch_order_book: mid=0.07351 spread=2.72bps bids=20 asks=20
2026-05-08 21:20:21,954 | INFO | SPREAD | pair=CHIP/USDC | cex=0.0735/0.07352 | dex_sell=0.0735254 dex_buy=0.0735445 | spread_a=0.7bps spread_b=-6.0bps | min=30.0bps
2026-05-08 21:20:22,958 | INFO | fetch_order_book: symbol=CHIP/USDC limit=20
2026-05-08 21:20:23,215 | INFO | fetch_order_book: mid=0.07347 spread=5.44bps bids=20 asks=20
2026-05-08 21:20:24,038 | INFO | SPREAD | pair=CHIP/USDC | cex=0.07345/0.07349 | dex_sell=0.0735254 dex_buy=0.0734985 | spread_a=4.8bps spread_b=-6.6bps | min=30.0bps
2026-05-08 21:20:25,041 | INFO | fetch_order_book: symbol=CHIP/USDC limit=20
2026-05-08 21:20:25,300 | INFO | fetch_order_book: mid=0.073455 spread=1.36bps bids=20 asks=20
2026-05-08 21:20:26,231 | INFO | SPREAD | pair=CHIP/USDC | cex=0.07345/0.07346 | dex_sell=0.0734794 dex_buy=0.0734985 | spread_a=2.6bps spread_b=-6.6bps | min=30.0bps
2026-05-08 21:20:27,233 | INFO | fetch_order_book: symbol=CHIP/USDC limit=20
2026-05-08 21:20:27,490 | INFO | fetch_order_book: mid=0.073465 spread=6.81bps bids=20 asks=20
2026-05-08 21:20:28,326 | INFO | SPREAD | pair=CHIP/USDC | cex=0.07344/0.07349 | dex_sell=0.0734794 dex_buy=0.0734985 | spread_a=-1.4bps spread_b=-8.0bps | min=30.0bps
2026-05-08 21:20:29,327 | INFO | fetch_order_book: symbol=CHIP/USDC limit=20
2026-05-08 21:20:29,599 | INFO | fetch_order_book: mid=0.07350 spread=5.44bps bids=20 asks=20
2026-05-08 21:20:30,477 | INFO | SPREAD | pair=CHIP/USDC | cex=0.07348/0.07352 | dex_sell=0.0734794 dex_buy=0.0734985 | spread_a=-5.5bps spread_b=-2.5bps | min=30.0bps
2026-05-08 21:20:31,480 | INFO | fetch_order_book: symbol=CHIP/USDC limit=20
2026-05-08 21:20:31,738 | INFO | fetch_order_book: mid=0.073585 spread=4.08bps bids=20 asks=20
2026-05-08 21:20:32,664 | INFO | SPREAD | pair=CHIP/USDC | cex=0.07357/0.0736 | dex_sell=0.0735138 dex_buy=0.0735727 | spread_a=-11.7bps spread_b=-0.4bps | min=30.0bps
2026-05-08 21:20:33,667 | INFO | fetch_order_book: symbol=CHIP/USDC limit=20
2026-05-08 21:20:33,923 | INFO | fetch_order_book: mid=0.07365 spread=2.72bps bids=20 asks=20
2026-05-08 21:20:34,814 | INFO | SPREAD | pair=CHIP/USDC | cex=0.07364/0.07366 | dex_sell=0.0736137 dex_buy=0.0736328 | spread_a=-6.3bps spread_b=1.0bps | min=30.0bps
2026-05-08 21:20:35,818 | INFO | fetch_order_book: symbol=CHIP/USDC limit=20
2026-05-08 21:20:36,078 | INFO | fetch_order_book: mid=0.073695 spread=6.78bps bids=20 asks=20
2026-05-08 21:20:36,915 | INFO | SPREAD | pair=CHIP/USDC | cex=0.07367/0.07372 | dex_sell=0.0736739 dex_buy=0.073693 | spread_a=-6.3bps spread_b=-3.1bps | min=30.0bps
2026-05-08 21:20:37,919 | INFO | fetch_order_book: symbol=CHIP/USDC limit=20
2026-05-08 21:20:38,174 | INFO | fetch_order_book: mid=0.07369 spread=5.43bps bids=20 asks=20
2026-05-08 21:20:39,100 | INFO | SPREAD | pair=CHIP/USDC | cex=0.07367/0.07371 | dex_sell=0.0736739 dex_buy=0.073693 | spread_a=-4.9bps spread_b=-3.1bps | min=30.0bps
2026-05-08 21:20:40,103 | INFO | fetch_order_book: symbol=CHIP/USDC limit=20
2026-05-08 21:20:40,361 | INFO | fetch_order_book: mid=0.07369 spread=5.43bps bids=20 asks=20
2026-05-08 21:20:41,212 | INFO | SPREAD | pair=CHIP/USDC | cex=0.07367/0.07371 | dex_sell=0.0737111 dex_buy=0.0737302 | spread_a=0.1bps spread_b=-8.2bps | min=30.0bps
2026-05-08 21:20:42,215 | INFO | fetch_order_book: symbol=CHIP/USDC limit=20
2026-05-08 21:20:42,509 | INFO | fetch_order_book: mid=0.073705 spread=6.78bps bids=20 asks=20
2026-05-08 21:20:43,393 | INFO | SPREAD | pair=CHIP/USDC | cex=0.07368/0.07373 | dex_sell=0.0736892 dex_buy=0.0737084 | spread_a=-5.5bps spread_b=-3.8bps | min=30.0bps
2026-05-08 21:20:44,397 | INFO | fetch_order_book: symbol=CHIP/USDC limit=20
2026-05-08 21:20:44,653 | INFO | fetch_order_book: mid=0.07374 spread=5.42bps bids=20 asks=20
2026-05-08 21:20:45,569 | INFO | SPREAD | pair=CHIP/USDC | cex=0.07372/0.07376 | dex_sell=0.0737138 dex_buy=0.0737329 | spread_a=-6.3bps spread_b=-1.7bps | min=30.0bps
2026-05-08 21:20:46,571 | INFO | fetch_order_book: symbol=CHIP/USDC limit=20
2026-05-08 21:20:46,828 | INFO | fetch_order_book: mid=0.07373 spread=5.43bps bids=20 asks=20
2026-05-08 21:20:47,708 | INFO | SPREAD | pair=CHIP/USDC | cex=0.07371/0.07375 | dex_sell=0.0737138 dex_buy=0.0737329 | spread_a=-4.9bps spread_b=-3.1bps | min=30.0bps
2026-05-08 21:20:48,711 | INFO | fetch_order_book: symbol=CHIP/USDC limit=20
2026-05-08 21:20:48,968 | INFO | fetch_order_book: mid=0.073825 spread=9.48bps bids=20 asks=20
2026-05-08 21:20:49,827 | INFO | SPREAD | pair=CHIP/USDC | cex=0.07379/0.07386 | dex_sell=0.0737936 dex_buy=0.0738128 | spread_a=-9.0bps spread_b=-3.1bps | min=30.0bps
2026-05-08 21:20:50,830 | INFO | fetch_order_book: symbol=CHIP/USDC limit=20
2026-05-08 21:20:51,103 | INFO | fetch_order_book: mid=0.07389 spread=5.41bps bids=20 asks=20
2026-05-08 21:20:51,997 | INFO | SPREAD | pair=CHIP/USDC | cex=0.07387/0.07391 | dex_sell=0.0738938 dex_buy=0.073913 | spread_a=-2.2bps spread_b=-5.8bps | min=30.0bps
2026-05-08 21:20:53,000 | INFO | fetch_order_book: symbol=CHIP/USDC limit=20
2026-05-08 21:20:53,273 | INFO | fetch_order_book: mid=0.07389 spread=5.41bps bids=20 asks=20
2026-05-08 21:20:54,141 | INFO | SPREAD | pair=CHIP/USDC | cex=0.07387/0.07391 | dex_sell=0.0738938 dex_buy=0.073913 | spread_a=-2.2bps spread_b=-5.8bps | min=30.0bps
2026-05-08 21:20:55,144 | INFO | fetch_order_book: symbol=CHIP/USDC limit=20
2026-05-08 21:20:55,416 | INFO | fetch_order_book: mid=0.073985 spread=4.05bps bids=20 asks=20
2026-05-08 21:20:56,274 | INFO | SPREAD | pair=CHIP/USDC | cex=0.07397/0.074 | dex_sell=0.0739537 dex_buy=0.0739729 | spread_a=-6.3bps spread_b=-0.4bps | min=30.0bps
2026-05-08 21:20:57,276 | INFO | fetch_order_book: symbol=CHIP/USDC limit=20
2026-05-08 21:20:57,542 | INFO | fetch_order_book: mid=0.074015 spread=4.05bps bids=20 asks=20
2026-05-08 21:20:58,473 | INFO | SPREAD | pair=CHIP/USDC | cex=0.074/0.07403 | dex_sell=0.0740335 dex_buy=0.0740527 | spread_a=0.5bps spread_b=-7.1bps | min=30.0bps
2026-05-08 21:20:59,477 | INFO | fetch_order_book: symbol=CHIP/USDC limit=20
2026-05-08 21:20:59,735 | INFO | fetch_order_book: mid=0.07399 spread=5.41bps bids=20 asks=20
2026-05-08 21:21:00,585 | INFO | SPREAD | pair=CHIP/USDC | cex=0.07397/0.07401 | dex_sell=0.0740094 dex_buy=0.0740286 | spread_a=-0.1bps spread_b=-7.9bps | min=30.0bps
2026-05-08 21:21:01,588 | INFO | fetch_order_book: symbol=CHIP/USDC limit=20
2026-05-08 21:21:01,855 | INFO | fetch_order_book: mid=0.073865 spread=6.77bps bids=20 asks=20
2026-05-08 21:21:02,744 | INFO | SPREAD | pair=CHIP/USDC | cex=0.07384/0.07389 | dex_sell=0.0738893 dex_buy=0.0739084 | spread_a=-0.1bps spread_b=-9.3bps | min=30.0bps
2026-05-08 21:21:03,748 | INFO | fetch_order_book: symbol=CHIP/USDC limit=20
2026-05-08 21:21:04,010 | INFO | fetch_order_book: mid=0.07390 spread=8.12bps bids=20 asks=20
2026-05-08 21:21:04,846 | INFO | SPREAD | pair=CHIP/USDC | cex=0.07387/0.07393 | dex_sell=0.0738494 dex_buy=0.0738929 | spread_a=-10.9bps spread_b=-3.1bps | min=30.0bps
2026-05-08 21:21:05,847 | INFO | fetch_order_book: symbol=CHIP/USDC limit=20
2026-05-08 21:21:06,112 | INFO | fetch_order_book: mid=0.073945 spread=6.76bps bids=20 asks=20
2026-05-08 21:21:07,007 | INFO | SPREAD | pair=CHIP/USDC | cex=0.07392/0.07397 | dex_sell=0.0739037 dex_buy=0.0739229 | spread_a=-9.0bps spread_b=-0.4bps | min=30.0bps
2026-05-08 21:21:08,011 | INFO | fetch_order_book: symbol=CHIP/USDC limit=20
2026-05-08 21:21:08,306 | INFO | fetch_order_book: mid=0.07400 spread=8.11bps bids=20 asks=20
2026-05-08 21:21:09,161 | INFO | SPREAD | pair=CHIP/USDC | cex=0.07397/0.07403 | dex_sell=0.0739737 dex_buy=0.0739928 | spread_a=-7.6bps spread_b=-3.1bps | min=30.0bps
2026-05-08 21:21:10,165 | INFO | fetch_order_book: symbol=CHIP/USDC limit=20
2026-05-08 21:21:10,419 | INFO | fetch_order_book: mid=0.073985 spread=6.76bps bids=20 asks=20
2026-05-08 21:21:11,340 | INFO | SPREAD | pair=CHIP/USDC | cex=0.07396/0.07401 | dex_sell=0.0739737 dex_buy=0.0739928 | spread_a=-4.9bps spread_b=-4.4bps | min=30.0bps
2026-05-08 21:21:12,343 | INFO | fetch_order_book: symbol=CHIP/USDC limit=20
2026-05-08 21:21:12,602 | INFO | fetch_order_book: mid=0.07398 spread=8.11bps bids=20 asks=20
2026-05-08 21:21:13,462 | INFO | SPREAD | pair=CHIP/USDC | cex=0.07395/0.07401 | dex_sell=0.0739737 dex_buy=0.0739928 | spread_a=-4.9bps spread_b=-5.8bps | min=30.0bps
2026-05-08 21:21:14,466 | INFO | fetch_order_book: symbol=CHIP/USDC limit=20
2026-05-08 21:21:14,780 | INFO | fetch_order_book: mid=0.07396 spread=5.41bps bids=20 asks=20
2026-05-08 21:21:15,631 | INFO | SPREAD | pair=CHIP/USDC | cex=0.07394/0.07398 | dex_sell=0.0739737 dex_buy=0.0739928 | spread_a=-0.9bps spread_b=-7.1bps | min=30.0bps
2026-05-08 21:21:16,635 | INFO | fetch_order_book: symbol=CHIP/USDC limit=20
2026-05-08 21:21:16,900 | INFO | fetch_order_book: mid=0.07400 spread=5.41bps bids=20 asks=20
2026-05-08 21:21:17,787 | INFO | SPREAD | pair=CHIP/USDC | cex=0.07398/0.07402 | dex_sell=0.0739737 dex_buy=0.0739928 | spread_a=-6.3bps spread_b=-1.7bps | min=30.0bps
2026-05-08 21:21:18,790 | INFO | fetch_order_book: symbol=CHIP/USDC limit=20
2026-05-08 21:21:19,076 | INFO | fetch_order_book: mid=0.07391 spread=2.71bps bids=20 asks=20
2026-05-08 21:21:19,912 | INFO | SPREAD | pair=CHIP/USDC | cex=0.0739/0.07392 | dex_sell=0.0739292 dex_buy=0.0739484 | spread_a=1.2bps spread_b=-6.5bps | min=30.0bps
2026-05-08 21:21:20,915 | INFO | fetch_order_book: symbol=CHIP/USDC limit=20
2026-05-08 21:21:21,272 | INFO | fetch_order_book: mid=0.07392 spread=5.41bps bids=20 asks=20
2026-05-08 21:21:22,110 | INFO | SPREAD | pair=CHIP/USDC | cex=0.0739/0.07394 | dex_sell=0.0739292 dex_buy=0.0739484 | spread_a=-1.5bps spread_b=-6.5bps | min=30.0bps
2026-05-08 21:21:23,113 | INFO | fetch_order_book: symbol=CHIP/USDC limit=20
2026-05-08 21:21:23,421 | INFO | fetch_order_book: mid=0.073935 spread=6.76bps bids=20 asks=20
2026-05-08 21:21:24,257 | INFO | SPREAD | pair=CHIP/USDC | cex=0.07391/0.07396 | dex_sell=0.0739292 dex_buy=0.0739484 | spread_a=-4.2bps spread_b=-5.2bps | min=30.0bps
2026-05-08 21:21:25,260 | INFO | fetch_order_book: symbol=CHIP/USDC limit=20
2026-05-08 21:21:25,652 | INFO | fetch_order_book: mid=0.073945 spread=4.06bps bids=20 asks=20
2026-05-08 21:21:26,594 | INFO | SPREAD | pair=CHIP/USDC | cex=0.07393/0.07396 | dex_sell=0.0739292 dex_buy=0.0739484 | spread_a=-4.2bps spread_b=-2.5bps | min=30.0bps
2026-05-08 21:21:27,597 | INFO | fetch_order_book: symbol=CHIP/USDC limit=20
2026-05-08 21:21:27,857 | INFO | fetch_order_book: mid=0.074035 spread=1.35bps bids=20 asks=20
2026-05-08 21:21:28,749 | INFO | SPREAD | pair=CHIP/USDC | cex=0.07403/0.07404 | dex_sell=0.0740236 dex_buy=0.0740429 | spread_a=-2.2bps spread_b=-1.7bps | min=30.0bps
2026-05-08 21:21:29,752 | INFO | fetch_order_book: symbol=CHIP/USDC limit=20
2026-05-08 21:21:30,010 | INFO | fetch_order_book: mid=0.07400 spread=5.41bps bids=20 asks=20
2026-05-08 21:21:30,917 | INFO | SPREAD | pair=CHIP/USDC | cex=0.07398/0.07402 | dex_sell=0.0740193 dex_buy=0.0740385 | spread_a=-0.1bps spread_b=-7.9bps | min=30.0bps
2026-05-08 21:21:31,919 | INFO | fetch_order_book: symbol=CHIP/USDC limit=20
2026-05-08 21:21:32,180 | INFO | fetch_order_book: mid=0.074055 spread=6.75bps bids=20 asks=20
2026-05-08 21:21:33,081 | INFO | SPREAD | pair=CHIP/USDC | cex=0.07403/0.07408 | dex_sell=0.0740193 dex_buy=0.0740651 | spread_a=-8.2bps spread_b=-4.7bps | min=30.0bps
2026-05-08 21:21:34,084 | INFO | fetch_order_book: symbol=CHIP/USDC limit=20
2026-05-08 21:21:34,508 | INFO | fetch_order_book: mid=0.07406 spread=5.40bps bids=20 asks=20
2026-05-08 21:21:35,326 | INFO | SPREAD | pair=CHIP/USDC | cex=0.07404/0.07408 | dex_sell=0.0740459 dex_buy=0.0740651 | spread_a=-4.6bps spread_b=-3.4bps | min=30.0bps
2026-05-08 21:21:36,329 | INFO | fetch_order_book: symbol=CHIP/USDC limit=20
2026-05-08 21:21:36,583 | INFO | fetch_order_book: mid=0.074125 spread=6.75bps bids=20 asks=20
2026-05-08 21:21:37,500 | INFO | SPREAD | pair=CHIP/USDC | cex=0.0741/0.07415 | dex_sell=0.0740459 dex_buy=0.07412 | spread_a=-14.0bps spread_b=-2.7bps | min=30.0bps
2026-05-08 21:21:38,502 | INFO | fetch_order_book: symbol=CHIP/USDC limit=20
2026-05-08 21:21:38,760 | INFO | fetch_order_book: mid=0.07412 spread=5.40bps bids=20 asks=20
2026-05-08 21:21:39,731 | INFO | SPREAD | pair=CHIP/USDC | cex=0.0741/0.07414 | dex_sell=0.0741008 dex_buy=0.07412 | spread_a=-5.3bps spread_b=-2.7bps | min=30.0bps
2026-05-08 21:21:40,734 | INFO | fetch_order_book: symbol=CHIP/USDC limit=20
2026-05-08 21:21:40,992 | INFO | fetch_order_book: mid=0.07417 spread=2.70bps bids=20 asks=20
2026-05-08 21:21:41,850 | INFO | SPREAD | pair=CHIP/USDC | cex=0.07416/0.07418 | dex_sell=0.0741008 dex_buy=0.07412 | spread_a=-10.7bps spread_b=5.4bps | min=30.0bps
2026-05-08 21:21:42,852 | INFO | fetch_order_book: symbol=CHIP/USDC limit=20
2026-05-08 21:21:43,151 | INFO | fetch_order_book: mid=0.07404 spread=5.40bps bids=20 asks=20
2026-05-08 21:21:44,003 | INFO | SPREAD | pair=CHIP/USDC | cex=0.07402/0.07406 | dex_sell=0.0740426 dex_buy=0.0740618 | spread_a=-2.3bps spread_b=-5.6bps | min=30.0bps
2026-05-08 21:21:45,005 | INFO | fetch_order_book: symbol=CHIP/USDC limit=20
2026-05-08 21:21:45,267 | INFO | fetch_order_book: mid=0.074055 spread=4.05bps bids=20 asks=20
2026-05-08 21:21:46,104 | INFO | SPREAD | pair=CHIP/USDC | cex=0.07404/0.07407 | dex_sell=0.0740426 dex_buy=0.0740618 | spread_a=-3.7bps spread_b=-2.9bps | min=30.0bps
2026-05-08 21:21:47,106 | INFO | fetch_order_book: symbol=CHIP/USDC limit=20
2026-05-08 21:21:47,370 | INFO | fetch_order_book: mid=0.074035 spread=6.75bps bids=20 asks=20
2026-05-08 21:21:48,310 | INFO | SPREAD | pair=CHIP/USDC | cex=0.07401/0.07406 | dex_sell=0.0740426 dex_buy=0.0740618 | spread_a=-2.3bps spread_b=-7.0bps | min=30.0bps
2026-05-08 21:21:49,312 | INFO | fetch_order_book: symbol=CHIP/USDC limit=20
2026-05-08 21:21:49,581 | INFO | fetch_order_book: mid=0.07399 spread=5.41bps bids=20 asks=20
2026-05-08 21:21:50,484 | INFO | SPREAD | pair=CHIP/USDC | cex=0.07397/0.07401 | dex_sell=0.0739993 dex_buy=0.0740185 | spread_a=-1.4bps spread_b=-6.6bps | min=30.0bps
2026-05-08 21:21:51,486 | INFO | fetch_order_book: symbol=CHIP/USDC limit=20
2026-05-08 21:21:51,771 | INFO | fetch_order_book: mid=0.07398 spread=5.41bps bids=20 asks=20
2026-05-08 21:21:52,651 | INFO | SPREAD | pair=CHIP/USDC | cex=0.07396/0.074 | dex_sell=0.0739993 dex_buy=0.0740185 | spread_a=-0.1bps spread_b=-7.9bps | min=30.0bps
2026-05-08 21:21:53,654 | INFO | fetch_order_book: symbol=CHIP/USDC limit=20
2026-05-08 21:21:53,911 | INFO | fetch_order_book: mid=0.07399 spread=5.41bps bids=20 asks=20
2026-05-08 21:21:54,802 | INFO | SPREAD | pair=CHIP/USDC | cex=0.07397/0.07401 | dex_sell=0.0739993 dex_buy=0.0740185 | spread_a=-1.4bps spread_b=-6.6bps | min=30.0bps
2026-05-08 21:21:55,804 | INFO | fetch_order_book: symbol=CHIP/USDC limit=20
2026-05-08 21:21:56,062 | INFO | fetch_order_book: mid=0.073995 spread=4.05bps bids=20 asks=20
2026-05-08 21:21:56,955 | INFO | SPREAD | pair=CHIP/USDC | cex=0.07398/0.07401 | dex_sell=0.0739993 dex_buy=0.0739886 | spread_a=-1.4bps spread_b=-1.2bps | min=30.0bps
2026-05-08 21:21:57,957 | INFO | fetch_order_book: symbol=CHIP/USDC limit=20
2026-05-08 21:21:58,216 | INFO | fetch_order_book: mid=0.07399 spread=5.41bps bids=20 asks=20
2026-05-08 21:21:59,121 | INFO | SPREAD | pair=CHIP/USDC | cex=0.07397/0.07401 | dex_sell=0.0739937 dex_buy=0.0740129 | spread_a=-2.2bps spread_b=-5.8bps | min=30.0bps
2026-05-08 21:22:00,123 | INFO | fetch_order_book: symbol=CHIP/USDC limit=20
2026-05-08 21:22:00,878 | INFO | fetch_order_book: mid=0.073995 spread=4.05bps bids=20 asks=20
2026-05-08 21:22:01,786 | INFO | SPREAD | pair=CHIP/USDC | cex=0.07398/0.07401 | dex_sell=0.0739937 dex_buy=0.0740129 | spread_a=-2.2bps spread_b=-4.4bps | min=30.0bps
2026-05-08 21:22:02,788 | INFO | fetch_order_book: symbol=CHIP/USDC limit=20
2026-05-08 21:22:03,045 | INFO | fetch_order_book: mid=0.07403 spread=8.10bps bids=20 asks=20
2026-05-08 21:22:03,909 | INFO | SPREAD | pair=CHIP/USDC | cex=0.074/0.07406 | dex_sell=0.0739937 dex_buy=0.0740129 | spread_a=-8.9bps spread_b=-1.7bps | min=30.0bps
2026-05-08 21:22:04,911 | INFO | fetch_order_book: symbol=CHIP/USDC limit=20
2026-05-08 21:22:05,167 | INFO | fetch_order_book: mid=0.07404 spread=5.40bps bids=20 asks=20
2026-05-08 21:22:06,027 | INFO | SPREAD | pair=CHIP/USDC | cex=0.07402/0.07406 | dex_sell=0.0740237 dex_buy=0.0740429 | spread_a=-4.9bps spread_b=-3.1bps | min=30.0bps
2026-05-08 21:22:07,029 | INFO | fetch_order_book: symbol=CHIP/USDC limit=20
2026-05-08 21:22:07,441 | INFO | fetch_order_book: mid=0.07404 spread=5.40bps bids=20 asks=20
2026-05-08 21:22:08,333 | INFO | SPREAD | pair=CHIP/USDC | cex=0.07402/0.07406 | dex_sell=0.0740237 dex_buy=0.0740429 | spread_a=-4.9bps spread_b=-3.1bps | min=30.0bps
2026-05-08 21:22:09,335 | INFO | fetch_order_book: symbol=CHIP/USDC limit=20
2026-05-08 21:22:09,601 | INFO | fetch_order_book: mid=0.07404 spread=5.40bps bids=20 asks=20
2026-05-08 21:22:10,481 | INFO | SPREAD | pair=CHIP/USDC | cex=0.07402/0.07406 | dex_sell=0.0740237 dex_buy=0.0740429 | spread_a=-4.9bps spread_b=-3.1bps | min=30.0bps
2026-05-08 21:22:11,483 | INFO | fetch_order_book: symbol=CHIP/USDC limit=20
2026-05-08 21:22:11,740 | INFO | fetch_order_book: mid=0.07404 spread=5.40bps bids=20 asks=20
2026-05-08 21:22:12,585 | INFO | SPREAD | pair=CHIP/USDC | cex=0.07402/0.07406 | dex_sell=0.0740237 dex_buy=0.0740429 | spread_a=-4.9bps spread_b=-3.1bps | min=30.0bps
2026-05-08 21:22:13,588 | INFO | fetch_order_book: symbol=CHIP/USDC limit=20
2026-05-08 21:22:13,846 | INFO | fetch_order_book: mid=0.07404 spread=5.40bps bids=20 asks=20
2026-05-08 21:22:14,695 | INFO | SPREAD | pair=CHIP/USDC | cex=0.07402/0.07406 | dex_sell=0.0740237 dex_buy=0.0740429 | spread_a=-4.9bps spread_b=-3.1bps | min=30.0bps
2026-05-08 21:22:15,698 | INFO | fetch_order_book: symbol=CHIP/USDC limit=20
2026-05-08 21:22:15,955 | INFO | fetch_order_book: mid=0.07404 spread=5.40bps bids=20 asks=20
2026-05-08 21:22:16,845 | INFO | SPREAD | pair=CHIP/USDC | cex=0.07402/0.07406 | dex_sell=0.0740237 dex_buy=0.0740429 | spread_a=-4.9bps spread_b=-3.1bps | min=30.0bps
2026-05-08 21:22:17,847 | INFO | fetch_order_book: symbol=CHIP/USDC limit=20
2026-05-08 21:22:18,204 | INFO | fetch_order_book: mid=0.07414 spread=5.40bps bids=20 asks=20
2026-05-08 21:22:19,097 | INFO | SPREAD | pair=CHIP/USDC | cex=0.07412/0.07416 | dex_sell=0.0740237 dex_buy=0.0740871 | spread_a=-18.4bps spread_b=4.4bps | min=30.0bps
2026-05-08 21:22:20,099 | INFO | fetch_order_book: symbol=CHIP/USDC limit=20
2026-05-08 21:22:20,357 | INFO | fetch_order_book: mid=0.07406 spread=5.40bps bids=20 asks=20
2026-05-08 21:22:21,196 | INFO | SPREAD | pair=CHIP/USDC | cex=0.07404/0.07408 | dex_sell=0.0740741 dex_buy=0.0740934 | spread_a=-0.8bps spread_b=-7.2bps | min=30.0bps
2026-05-08 21:22:22,199 | INFO | fetch_order_book: symbol=CHIP/USDC limit=20
2026-05-08 21:22:22,461 | INFO | fetch_order_book: mid=0.07397 spread=2.70bps bids=20 asks=20
2026-05-08 21:22:23,362 | INFO | SPREAD | pair=CHIP/USDC | cex=0.07396/0.07398 | dex_sell=0.0740194 dex_buy=0.0739884 | spread_a=5.3bps spread_b=-3.8bps | min=30.0bps
2026-05-08 21:22:24,364 | INFO | fetch_order_book: symbol=CHIP/USDC limit=20
2026-05-08 21:22:24,759 | INFO | fetch_order_book: mid=0.07395 spread=2.70bps bids=20 asks=20
2026-05-08 21:22:25,663 | INFO | SPREAD | pair=CHIP/USDC | cex=0.07394/0.07396 | dex_sell=0.0739493 dex_buy=0.0739685 | spread_a=-1.4bps spread_b=-3.8bps | min=30.0bps
2026-05-08 21:22:26,665 | INFO | fetch_order_book: symbol=CHIP/USDC limit=20
2026-05-08 21:22:26,922 | INFO | fetch_order_book: mid=0.07386 spread=5.42bps bids=20 asks=20
2026-05-08 21:22:27,787 | INFO | SPREAD | pair=CHIP/USDC | cex=0.07384/0.07388 | dex_sell=0.0738892 dex_buy=0.0739084 | spread_a=1.2bps spread_b=-9.3bps | min=30.0bps
2026-05-08 21:22:28,789 | INFO | fetch_order_book: symbol=CHIP/USDC limit=20
2026-05-08 21:22:29,162 | INFO | fetch_order_book: mid=0.073865 spread=4.06bps bids=20 asks=20
2026-05-08 21:22:30,023 | INFO | SPREAD | pair=CHIP/USDC | cex=0.07385/0.07388 | dex_sell=0.0738737 dex_buy=0.0738929 | spread_a=-0.9bps spread_b=-5.8bps | min=30.0bps
2026-05-08 21:22:31,025 | INFO | fetch_order_book: symbol=CHIP/USDC limit=20
2026-05-08 21:22:31,281 | INFO | fetch_order_book: mid=0.073865 spread=4.06bps bids=20 asks=20
2026-05-08 21:22:32,131 | INFO | SPREAD | pair=CHIP/USDC | cex=0.07385/0.07388 | dex_sell=0.0738737 dex_buy=0.0738684 | spread_a=-0.9bps spread_b=-2.5bps | min=30.0bps
2026-05-08 21:22:33,133 | INFO | fetch_order_book: symbol=CHIP/USDC limit=20
2026-05-08 21:22:33,478 | INFO | fetch_order_book: mid=0.073865 spread=4.06bps bids=20 asks=20
2026-05-08 21:22:34,392 | INFO | SPREAD | pair=CHIP/USDC | cex=0.07385/0.07388 | dex_sell=0.0738738 dex_buy=0.0738929 | spread_a=-0.8bps spread_b=-5.8bps | min=30.0bps
2026-05-08 21:22:35,394 | INFO | fetch_order_book: symbol=CHIP/USDC limit=20
2026-05-08 21:22:35,653 | INFO | fetch_order_book: mid=0.07386 spread=5.42bps bids=20 asks=20
2026-05-08 21:22:36,563 | INFO | SPREAD | pair=CHIP/USDC | cex=0.07384/0.07388 | dex_sell=0.0738738 dex_buy=0.0738929 | spread_a=-0.8bps spread_b=-7.2bps | min=30.0bps
2026-05-08 21:22:37,565 | INFO | fetch_order_book: symbol=CHIP/USDC limit=20
2026-05-08 21:22:37,849 | INFO | fetch_order_book: mid=0.073835 spread=4.06bps bids=20 asks=20
2026-05-08 21:22:38,726 | INFO | SPREAD | pair=CHIP/USDC | cex=0.07382/0.07385 | dex_sell=0.0738493 dex_buy=0.0738383 | spread_a=-0.1bps spread_b=-2.5bps | min=30.0bps
2026-05-08 21:22:39,728 | INFO | fetch_order_book: symbol=CHIP/USDC limit=20
2026-05-08 21:22:39,985 | INFO | fetch_order_book: mid=0.073845 spread=6.77bps bids=20 asks=20
2026-05-08 21:22:40,909 | INFO | SPREAD | pair=CHIP/USDC | cex=0.07382/0.07387 | dex_sell=0.0738192 dex_buy=0.0738383 | spread_a=-6.9bps spread_b=-2.5bps | min=30.0bps
2026-05-08 21:22:41,911 | INFO | fetch_order_book: symbol=CHIP/USDC limit=20
2026-05-08 21:22:42,167 | INFO | fetch_order_book: mid=0.073845 spread=6.77bps bids=20 asks=20
2026-05-08 21:22:43,040 | INFO | SPREAD | pair=CHIP/USDC | cex=0.07382/0.07387 | dex_sell=0.0738192 dex_buy=0.0738383 | spread_a=-6.9bps spread_b=-2.5bps | min=30.0bps
2026-05-08 21:22:44,042 | INFO | fetch_order_book: symbol=CHIP/USDC limit=20
2026-05-08 21:22:44,312 | INFO | fetch_order_book: mid=0.073815 spread=4.06bps bids=20 asks=20
2026-05-08 21:22:45,222 | INFO | SPREAD | pair=CHIP/USDC | cex=0.0738/0.07383 | dex_sell=0.0738192 dex_buy=0.0738383 | spread_a=-1.5bps spread_b=-5.2bps | min=30.0bps
2026-05-08 21:22:46,224 | INFO | fetch_order_book: symbol=CHIP/USDC limit=20
2026-05-08 21:22:46,481 | INFO | fetch_order_book: mid=0.073795 spread=4.07bps bids=20 asks=20
2026-05-08 21:22:47,380 | INFO | SPREAD | pair=CHIP/USDC | cex=0.07378/0.07381 | dex_sell=0.0738192 dex_buy=0.0738383 | spread_a=1.2bps spread_b=-7.9bps | min=30.0bps
2026-05-08 21:22:48,382 | INFO | fetch_order_book: symbol=CHIP/USDC limit=20
2026-05-08 21:22:48,643 | INFO | fetch_order_book: mid=0.07383 spread=5.42bps bids=20 asks=20
2026-05-08 21:22:49,508 | INFO | SPREAD | pair=CHIP/USDC | cex=0.07381/0.07385 | dex_sell=0.0738138 dex_buy=0.073833 | spread_a=-4.9bps spread_b=-3.1bps | min=30.0bps
2026-05-08 21:22:50,511 | INFO | fetch_order_book: symbol=CHIP/USDC limit=20
2026-05-08 21:22:50,781 | INFO | fetch_order_book: mid=0.07387 spread=2.71bps bids=20 asks=20
2026-05-08 21:22:51,586 | INFO | SPREAD | pair=CHIP/USDC | cex=0.07386/0.07388 | dex_sell=0.0738538 dex_buy=0.0738729 | spread_a=-3.5bps spread_b=-1.8bps | min=30.0bps
2026-05-08 21:22:52,589 | INFO | fetch_order_book: symbol=CHIP/USDC limit=20
2026-05-08 21:22:52,850 | INFO | fetch_order_book: mid=0.07391 spread=2.71bps bids=20 asks=20
2026-05-08 21:22:53,727 | INFO | SPREAD | pair=CHIP/USDC | cex=0.0739/0.07392 | dex_sell=0.0738538 dex_buy=0.0738729 | spread_a=-9.0bps spread_b=3.7bps | min=30.0bps
2026-05-08 21:22:54,730 | INFO | fetch_order_book: symbol=CHIP/USDC limit=20
2026-05-08 21:22:54,985 | INFO | fetch_order_book: mid=0.07397 spread=5.41bps bids=20 asks=20
2026-05-08 21:22:55,845 | INFO | SPREAD | pair=CHIP/USDC | cex=0.07395/0.07399 | dex_sell=0.0739237 dex_buy=0.0739729 | spread_a=-9.0bps spread_b=-3.1bps | min=30.0bps
2026-05-08 21:22:56,848 | INFO | fetch_order_book: symbol=CHIP/USDC limit=20
2026-05-08 21:22:57,103 | INFO | fetch_order_book: mid=0.07393 spread=5.41bps bids=20 asks=20
2026-05-08 21:22:57,964 | INFO | SPREAD | pair=CHIP/USDC | cex=0.07391/0.07395 | dex_sell=0.0739537 dex_buy=0.0739729 | spread_a=0.5bps spread_b=-8.5bps | min=30.0bps
2026-05-08 21:22:58,966 | INFO | fetch_order_book: symbol=CHIP/USDC limit=20
2026-05-08 21:22:59,223 | INFO | fetch_order_book: mid=0.07396 spread=8.11bps bids=20 asks=20
2026-05-08 21:23:00,064 | INFO | SPREAD | pair=CHIP/USDC | cex=0.07393/0.07399 | dex_sell=0.0739294 dex_buy=0.0739486 | spread_a=-8.2bps spread_b=-2.5bps | min=30.0bps
2026-05-08 21:23:01,066 | INFO | fetch_order_book: symbol=CHIP/USDC limit=20
2026-05-08 21:23:01,354 | INFO | fetch_order_book: mid=0.07399 spread=8.11bps bids=20 asks=20
2026-05-08 21:23:02,241 | INFO | SPREAD | pair=CHIP/USDC | cex=0.07396/0.07402 | dex_sell=0.0739294 dex_buy=0.0739729 | spread_a=-12.2bps spread_b=-1.7bps | min=30.0bps
2026-05-08 21:23:03,243 | INFO | fetch_order_book: symbol=CHIP/USDC limit=20
2026-05-08 21:23:03,567 | INFO | fetch_order_book: mid=0.07396 spread=8.11bps bids=20 asks=20
2026-05-08 21:23:04,479 | INFO | SPREAD | pair=CHIP/USDC | cex=0.07393/0.07399 | dex_sell=0.0739594 dex_buy=0.0739786 | spread_a=-4.1bps spread_b=-6.6bps | min=30.0bps
2026-05-08 21:23:05,481 | INFO | fetch_order_book: symbol=CHIP/USDC limit=20
2026-05-08 21:23:05,739 | INFO | fetch_order_book: mid=0.07395 spread=5.41bps bids=20 asks=20
2026-05-08 21:23:06,587 | INFO | SPREAD | pair=CHIP/USDC | cex=0.07393/0.07397 | dex_sell=0.0739292 dex_buy=0.0739484 | spread_a=-5.5bps spread_b=-2.5bps | min=30.0bps
2026-05-08 21:23:07,590 | INFO | fetch_order_book: symbol=CHIP/USDC limit=20
2026-05-08 21:23:07,847 | INFO | fetch_order_book: mid=0.07395 spread=5.41bps bids=20 asks=20
2026-05-08 21:23:08,715 | INFO | SPREAD | pair=CHIP/USDC | cex=0.07393/0.07397 | dex_sell=0.0738994 dex_buy=0.0739428 | spread_a=-9.6bps spread_b=-1.7bps | min=30.0bps
2026-05-08 21:23:09,717 | INFO | fetch_order_book: symbol=CHIP/USDC limit=20
2026-05-08 21:23:09,976 | INFO | fetch_order_book: mid=0.073955 spread=6.76bps bids=20 asks=20
2026-05-08 21:23:10,841 | INFO | SPREAD | pair=CHIP/USDC | cex=0.07393/0.07398 | dex_sell=0.0739237 dex_buy=0.0739428 | spread_a=-7.6bps spread_b=-1.7bps | min=30.0bps
2026-05-08 21:23:11,843 | INFO | fetch_order_book: symbol=CHIP/USDC limit=20
2026-05-08 21:23:12,101 | INFO | fetch_order_book: mid=0.073985 spread=6.76bps bids=20 asks=20
2026-05-08 21:23:12,987 | INFO | SPREAD | pair=CHIP/USDC | cex=0.07396/0.07401 | dex_sell=0.0739739 dex_buy=0.0739931 | spread_a=-4.9bps spread_b=-4.5bps | min=30.0bps
2026-05-08 21:23:13,989 | INFO | fetch_order_book: symbol=CHIP/USDC limit=20
2026-05-08 21:23:14,248 | INFO | fetch_order_book: mid=0.074015 spread=4.05bps bids=20 asks=20
2026-05-08 21:23:15,094 | INFO | SPREAD | pair=CHIP/USDC | cex=0.074/0.07403 | dex_sell=0.0740136 dex_buy=0.0740328 | spread_a=-2.2bps spread_b=-4.4bps | min=30.0bps
2026-05-08 21:23:16,096 | INFO | fetch_order_book: symbol=CHIP/USDC limit=20
2026-05-08 21:23:16,353 | INFO | fetch_order_book: mid=0.074085 spread=4.05bps bids=20 asks=20
2026-05-08 21:23:17,218 | INFO | SPREAD | pair=CHIP/USDC | cex=0.07407/0.0741 | dex_sell=0.0740136 dex_buy=0.0740912 | spread_a=-11.7bps spread_b=-2.9bps | min=30.0bps
2026-05-08 21:23:18,220 | INFO | fetch_order_book: symbol=CHIP/USDC limit=20
2026-05-08 21:23:18,477 | INFO | fetch_order_book: mid=0.07415 spread=5.39bps bids=20 asks=20
2026-05-08 21:23:19,318 | INFO | SPREAD | pair=CHIP/USDC | cex=0.07413/0.07417 | dex_sell=0.074183 dex_buy=0.0742393 | spread_a=1.7bps spread_b=-14.7bps | min=30.0bps
2026-05-08 21:23:20,321 | INFO | fetch_order_book: symbol=CHIP/USDC limit=20
2026-05-08 21:23:20,638 | INFO | fetch_order_book: mid=0.074105 spread=6.75bps bids=20 asks=20
2026-05-08 21:23:21,547 | INFO | SPREAD | pair=CHIP/USDC | cex=0.07408/0.07413 | dex_sell=0.0741293 dex_buy=0.0741486 | spread_a=-0.1bps spread_b=-9.2bps | min=30.0bps
2026-05-08 21:23:22,549 | INFO | fetch_order_book: symbol=CHIP/USDC limit=20
2026-05-08 21:23:22,808 | INFO | fetch_order_book: mid=0.074195 spread=6.74bps bids=20 asks=20
2026-05-08 21:23:23,719 | INFO | SPREAD | pair=CHIP/USDC | cex=0.07417/0.07422 | dex_sell=0.0741338 dex_buy=0.0741531 | spread_a=-11.6bps spread_b=2.3bps | min=30.0bps
2026-05-08 21:23:24,722 | INFO | fetch_order_book: symbol=CHIP/USDC limit=20
2026-05-08 21:23:24,979 | INFO | fetch_order_book: mid=0.074205 spread=4.04bps bids=20 asks=20
2026-05-08 21:23:25,944 | INFO | SPREAD | pair=CHIP/USDC | cex=0.07419/0.07422 | dex_sell=0.0741935 dex_buy=0.0742127 | spread_a=-3.6bps spread_b=-3.1bps | min=30.0bps
2026-05-08 21:23:26,947 | INFO | fetch_order_book: symbol=CHIP/USDC limit=20
2026-05-08 21:23:27,204 | INFO | fetch_order_book: mid=0.074205 spread=4.04bps bids=20 asks=20
2026-05-08 21:23:28,114 | INFO | SPREAD | pair=CHIP/USDC | cex=0.07419/0.07422 | dex_sell=0.0741935 dex_buy=0.0742127 | spread_a=-3.6bps spread_b=-3.1bps | min=30.0bps
2026-05-08 21:23:29,117 | INFO | fetch_order_book: symbol=CHIP/USDC limit=20
2026-05-08 21:23:29,380 | INFO | fetch_order_book: mid=0.074205 spread=4.04bps bids=20 asks=20
2026-05-08 21:23:30,317 | INFO | SPREAD | pair=CHIP/USDC | cex=0.07419/0.07422 | dex_sell=0.0741935 dex_buy=0.0742127 | spread_a=-3.6bps spread_b=-3.1bps | min=30.0bps
2026-05-08 21:23:31,319 | INFO | fetch_order_book: symbol=CHIP/USDC limit=20
2026-05-08 21:23:31,578 | INFO | fetch_order_book: mid=0.07424 spread=5.39bps bids=20 asks=20
2026-05-08 21:23:32,441 | INFO | SPREAD | pair=CHIP/USDC | cex=0.07422/0.07426 | dex_sell=0.0741935 dex_buy=0.0742391 | spread_a=-9.0bps spread_b=-2.6bps | min=30.0bps
2026-05-08 21:23:33,444 | INFO | fetch_order_book: symbol=CHIP/USDC limit=20
2026-05-08 21:23:33,699 | INFO | fetch_order_book: mid=0.07420 spread=5.39bps bids=20 asks=20
2026-05-08 21:23:34,607 | INFO | SPREAD | pair=CHIP/USDC | cex=0.07418/0.07422 | dex_sell=0.0742198 dex_buy=0.0742391 | spread_a=-0.0bps spread_b=-8.0bps | min=30.0bps
2026-05-08 21:23:35,609 | INFO | fetch_order_book: symbol=CHIP/USDC limit=20
2026-05-08 21:23:35,873 | INFO | fetch_order_book: mid=0.07430 spread=5.38bps bids=20 asks=20
2026-05-08 21:23:36,771 | INFO | SPREAD | pair=CHIP/USDC | cex=0.07428/0.07432 | dex_sell=0.0742462 dex_buy=0.0743041 | spread_a=-9.9bps spread_b=-3.2bps | min=30.0bps
2026-05-08 21:23:37,773 | INFO | fetch_order_book: symbol=CHIP/USDC limit=20
2026-05-08 21:23:38,091 | INFO | fetch_order_book: mid=0.074265 spread=6.73bps bids=20 asks=20
2026-05-08 21:23:38,980 | INFO | SPREAD | pair=CHIP/USDC | cex=0.07424/0.07429 | dex_sell=0.0742848 dex_buy=0.0743041 | spread_a=-0.7bps spread_b=-8.6bps | min=30.0bps
2026-05-08 21:23:39,982 | INFO | fetch_order_book: symbol=CHIP/USDC limit=20
2026-05-08 21:23:40,282 | INFO | fetch_order_book: mid=0.074295 spread=6.73bps bids=20 asks=20
2026-05-08 21:23:41,106 | INFO | SPREAD | pair=CHIP/USDC | cex=0.07427/0.07432 | dex_sell=0.0742848 dex_buy=0.0743041 | spread_a=-4.7bps spread_b=-4.6bps | min=30.0bps
2026-05-08 21:23:42,109 | INFO | fetch_order_book: symbol=CHIP/USDC limit=20
2026-05-08 21:23:42,386 | INFO | fetch_order_book: mid=0.074375 spread=4.03bps bids=20 asks=20
2026-05-08 21:23:43,244 | INFO | SPREAD | pair=CHIP/USDC | cex=0.07436/0.07439 | dex_sell=0.0742848 dex_buy=0.0743041 | spread_a=-14.1bps spread_b=7.5bps | min=30.0bps
2026-05-08 21:23:44,246 | INFO | fetch_order_book: symbol=CHIP/USDC limit=20
2026-05-08 21:23:44,503 | INFO | fetch_order_book: mid=0.07440 spread=5.38bps bids=20 asks=20
2026-05-08 21:23:45,415 | INFO | SPREAD | pair=CHIP/USDC | cex=0.07438/0.07442 | dex_sell=0.0743708 dex_buy=0.0743901 | spread_a=-6.6bps spread_b=-1.4bps | min=30.0bps
2026-05-08 21:23:46,418 | INFO | fetch_order_book: symbol=CHIP/USDC limit=20
2026-05-08 21:23:46,675 | INFO | fetch_order_book: mid=0.07442 spread=5.37bps bids=20 asks=20
2026-05-08 21:23:47,498 | INFO | SPREAD | pair=CHIP/USDC | cex=0.0744/0.07444 | dex_sell=0.0743708 dex_buy=0.0743901 | spread_a=-9.3bps spread_b=1.3bps | min=30.0bps
2026-05-08 21:23:48,501 | INFO | fetch_order_book: symbol=CHIP/USDC limit=20
2026-05-08 21:23:48,770 | INFO | fetch_order_book: mid=0.07440 spread=8.06bps bids=20 asks=20
2026-05-08 21:23:49,586 | INFO | SPREAD | pair=CHIP/USDC | cex=0.07437/0.07443 | dex_sell=0.0743708 dex_buy=0.0743901 | spread_a=-8.0bps spread_b=-2.7bps | min=30.0bps
2026-05-08 21:23:50,588 | INFO | fetch_order_book: symbol=CHIP/USDC limit=20
2026-05-08 21:23:50,847 | INFO | fetch_order_book: mid=0.07442 spread=5.37bps bids=20 asks=20
2026-05-08 21:23:51,749 | INFO | SPREAD | pair=CHIP/USDC | cex=0.0744/0.07444 | dex_sell=0.0743708 dex_buy=0.0743901 | spread_a=-9.3bps spread_b=1.3bps | min=30.0bps
2026-05-08 21:23:52,752 | INFO | fetch_order_book: symbol=CHIP/USDC limit=20
2026-05-08 21:23:53,052 | INFO | fetch_order_book: mid=0.074435 spread=1.34bps bids=20 asks=20
2026-05-08 21:23:53,882 | INFO | SPREAD | pair=CHIP/USDC | cex=0.07443/0.07444 | dex_sell=0.0743708 dex_buy=0.0743901 | spread_a=-9.3bps spread_b=5.4bps | min=30.0bps
2026-05-08 21:23:54,885 | INFO | fetch_order_book: symbol=CHIP/USDC limit=20
2026-05-08 21:23:55,152 | INFO | fetch_order_book: mid=0.074435 spread=4.03bps bids=20 asks=20
2026-05-08 21:23:56,061 | INFO | SPREAD | pair=CHIP/USDC | cex=0.07442/0.07445 | dex_sell=0.0743708 dex_buy=0.0743901 | spread_a=-10.6bps spread_b=4.0bps | min=30.0bps
2026-05-08 21:23:57,064 | INFO | fetch_order_book: symbol=CHIP/USDC limit=20
2026-05-08 21:23:57,326 | INFO | fetch_order_book: mid=0.074355 spread=6.72bps bids=20 asks=20
2026-05-08 21:23:58,138 | INFO | SPREAD | pair=CHIP/USDC | cex=0.07433/0.07438 | dex_sell=0.0743708 dex_buy=0.0743901 | spread_a=-1.2bps spread_b=-8.1bps | min=30.0bps
2026-05-08 21:23:59,140 | INFO | fetch_order_book: symbol=CHIP/USDC limit=20
2026-05-08 21:23:59,397 | INFO | fetch_order_book: mid=0.074355 spread=6.72bps bids=20 asks=20
2026-05-08 21:24:00,254 | INFO | SPREAD | pair=CHIP/USDC | cex=0.07433/0.07438 | dex_sell=0.0743708 dex_buy=0.0743901 | spread_a=-1.2bps spread_b=-8.1bps | min=30.0bps
2026-05-08 21:24:01,257 | INFO | fetch_order_book: symbol=CHIP/USDC limit=20
2026-05-08 21:24:01,525 | INFO | fetch_order_book: mid=0.07434 spread=5.38bps bids=20 asks=20
2026-05-08 21:24:02,382 | INFO | SPREAD | pair=CHIP/USDC | cex=0.07432/0.07436 | dex_sell=0.0743708 dex_buy=0.0743901 | spread_a=1.5bps spread_b=-9.4bps | min=30.0bps
2026-05-08 21:24:03,383 | INFO | fetch_order_book: symbol=CHIP/USDC limit=20
2026-05-08 21:24:03,679 | INFO | fetch_order_book: mid=0.074355 spread=6.72bps bids=20 asks=20
2026-05-08 21:24:04,552 | INFO | SPREAD | pair=CHIP/USDC | cex=0.07433/0.07438 | dex_sell=0.0743708 dex_buy=0.0743901 | spread_a=-1.2bps spread_b=-8.1bps | min=30.0bps
2026-05-08 21:24:05,555 | INFO | fetch_order_book: symbol=CHIP/USDC limit=20
2026-05-08 21:24:06,301 | INFO | fetch_order_book: mid=0.07425 spread=2.69bps bids=20 asks=20
2026-05-08 21:24:07,160 | INFO | SPREAD | pair=CHIP/USDC | cex=0.07424/0.07426 | dex_sell=0.0743708 dex_buy=0.0743249 | spread_a=14.9bps spread_b=-11.4bps | min=30.0bps
2026-05-08 21:24:08,163 | INFO | fetch_order_book: symbol=CHIP/USDC limit=20
2026-05-08 21:24:08,422 | INFO | fetch_order_book: mid=0.07423 spread=8.08bps bids=20 asks=20
2026-05-08 21:24:09,283 | INFO | SPREAD | pair=CHIP/USDC | cex=0.0742/0.07426 | dex_sell=0.0742792 dex_buy=0.0742985 | spread_a=2.6bps spread_b=-13.3bps | min=30.0bps
2026-05-08 21:24:10,285 | INFO | fetch_order_book: symbol=CHIP/USDC limit=20
2026-05-08 21:24:10,567 | INFO | fetch_order_book: mid=0.074215 spread=4.04bps bids=20 asks=20
2026-05-08 21:24:11,409 | INFO | SPREAD | pair=CHIP/USDC | cex=0.0742/0.07423 | dex_sell=0.0742294 dex_buy=0.0742486 | spread_a=-0.1bps spread_b=-6.6bps | min=30.0bps
2026-05-08 21:24:12,412 | INFO | fetch_order_book: symbol=CHIP/USDC limit=20
2026-05-08 21:24:12,694 | INFO | fetch_order_book: mid=0.07419 spread=2.70bps bids=20 asks=20
2026-05-08 21:24:13,553 | INFO | SPREAD | pair=CHIP/USDC | cex=0.07418/0.0742 | dex_sell=0.0742294 dex_buy=0.0742486 | spread_a=4.0bps spread_b=-9.2bps | min=30.0bps
2026-05-08 21:24:14,555 | INFO | fetch_order_book: symbol=CHIP/USDC limit=20
2026-05-08 21:24:14,815 | INFO | fetch_order_book: mid=0.07418 spread=5.39bps bids=20 asks=20
2026-05-08 21:24:15,702 | INFO | SPREAD | pair=CHIP/USDC | cex=0.07416/0.0742 | dex_sell=0.0741993 dex_buy=0.0742186 | spread_a=-0.1bps spread_b=-7.9bps | min=30.0bps
2026-05-08 21:24:16,704 | INFO | fetch_order_book: symbol=CHIP/USDC limit=20
2026-05-08 21:24:16,966 | INFO | fetch_order_book: mid=0.074175 spread=6.74bps bids=20 asks=20
2026-05-08 21:24:17,834 | INFO | SPREAD | pair=CHIP/USDC | cex=0.07415/0.0742 | dex_sell=0.0741693 dex_buy=0.0741885 | spread_a=-4.1bps spread_b=-5.2bps | min=30.0bps
2026-05-08 21:24:18,836 | INFO | fetch_order_book: symbol=CHIP/USDC limit=20
2026-05-08 21:24:19,098 | INFO | fetch_order_book: mid=0.074345 spread=6.73bps bids=20 asks=20
2026-05-08 21:24:19,955 | INFO | SPREAD | pair=CHIP/USDC | cex=0.07432/0.07437 | dex_sell=0.0743208 dex_buy=0.0743401 | spread_a=-6.6bps spread_b=-2.7bps | min=30.0bps
2026-05-08 21:24:20,957 | INFO | fetch_order_book: symbol=CHIP/USDC limit=20
2026-05-08 21:24:21,288 | INFO | fetch_order_book: mid=0.07436 spread=5.38bps bids=20 asks=20
2026-05-08 21:24:22,121 | INFO | SPREAD | pair=CHIP/USDC | cex=0.07434/0.07438 | dex_sell=0.0743436 dex_buy=0.0743629 | spread_a=-4.9bps spread_b=-3.1bps | min=30.0bps
2026-05-08 21:24:23,123 | INFO | fetch_order_book: symbol=CHIP/USDC limit=20
2026-05-08 21:24:23,383 | INFO | fetch_order_book: mid=0.074365 spread=6.72bps bids=20 asks=20
2026-05-08 21:24:24,259 | INFO | SPREAD | pair=CHIP/USDC | cex=0.07434/0.07439 | dex_sell=0.0743436 dex_buy=0.0743629 | spread_a=-6.2bps spread_b=-3.1bps | min=30.0bps
2026-05-08 21:24:25,262 | INFO | fetch_order_book: symbol=CHIP/USDC limit=20
2026-05-08 21:24:25,528 | INFO | fetch_order_book: mid=0.07445 spread=5.37bps bids=20 asks=20
2026-05-08 21:24:26,355 | INFO | SPREAD | pair=CHIP/USDC | cex=0.07443/0.07447 | dex_sell=0.0744078 dex_buy=0.0744272 | spread_a=-8.3bps spread_b=0.4bps | min=30.0bps
2026-05-08 21:24:27,358 | INFO | fetch_order_book: symbol=CHIP/USDC limit=20
2026-05-08 21:24:27,741 | INFO | fetch_order_book: mid=0.07447 spread=2.69bps bids=20 asks=20
2026-05-08 21:24:28,567 | INFO | SPREAD | pair=CHIP/USDC | cex=0.07446/0.07448 | dex_sell=0.0744078 dex_buy=0.0744272 | spread_a=-9.7bps spread_b=4.4bps | min=30.0bps
2026-05-08 21:24:29,569 | INFO | fetch_order_book: symbol=CHIP/USDC limit=20
2026-05-08 21:24:29,831 | INFO | fetch_order_book: mid=0.07446 spread=5.37bps bids=20 asks=20
2026-05-08 21:24:30,713 | INFO | SPREAD | pair=CHIP/USDC | cex=0.07444/0.07448 | dex_sell=0.0744471 dex_buy=0.0744664 | spread_a=-4.4bps spread_b=-3.5bps | min=30.0bps
2026-05-08 21:24:31,716 | INFO | fetch_order_book: symbol=CHIP/USDC limit=20
2026-05-08 21:24:31,974 | INFO | fetch_order_book: mid=0.07443 spread=5.37bps bids=20 asks=20
2026-05-08 21:24:32,803 | INFO | SPREAD | pair=CHIP/USDC | cex=0.07441/0.07445 | dex_sell=0.0744471 dex_buy=0.0744664 | spread_a=-0.4bps spread_b=-7.6bps | min=30.0bps
2026-05-08 21:24:33,806 | INFO | fetch_order_book: symbol=CHIP/USDC limit=20
2026-05-08 21:24:34,069 | INFO | fetch_order_book: mid=0.074375 spread=4.03bps bids=20 asks=20
2026-05-08 21:24:34,999 | INFO | SPREAD | pair=CHIP/USDC | cex=0.07436/0.07439 | dex_sell=0.0744192 dex_buy=0.0743884 | spread_a=3.9bps spread_b=-3.8bps | min=30.0bps
2026-05-08 21:24:36,001 | INFO | fetch_order_book: symbol=CHIP/USDC limit=20
2026-05-08 21:24:36,264 | INFO | fetch_order_book: mid=0.07441 spread=8.06bps bids=20 asks=20
2026-05-08 21:24:37,156 | INFO | SPREAD | pair=CHIP/USDC | cex=0.07438/0.07444 | dex_sell=0.0743691 dex_buy=0.0743884 | spread_a=-9.5bps spread_b=-1.1bps | min=30.0bps
2026-05-08 21:24:38,159 | INFO | fetch_order_book: symbol=CHIP/USDC limit=20
2026-05-08 21:24:38,415 | INFO | fetch_order_book: mid=0.074425 spread=6.72bps bids=20 asks=20
2026-05-08 21:24:39,462 | INFO | SPREAD | pair=CHIP/USDC | cex=0.0744/0.07445 | dex_sell=0.0744137 dex_buy=0.074433 | spread_a=-4.9bps spread_b=-4.4bps | min=30.0bps
2026-05-08 21:24:40,464 | INFO | fetch_order_book: symbol=CHIP/USDC limit=20
2026-05-08 21:24:40,744 | INFO | fetch_order_book: mid=0.07441 spread=5.38bps bids=20 asks=20
2026-05-08 21:24:41,643 | INFO | SPREAD | pair=CHIP/USDC | cex=0.07439/0.07443 | dex_sell=0.0744137 dex_buy=0.074433 | spread_a=-2.2bps spread_b=-5.8bps | min=30.0bps
2026-05-08 21:24:42,645 | INFO | fetch_order_book: symbol=CHIP/USDC limit=20
2026-05-08 21:24:42,902 | INFO | fetch_order_book: mid=0.074395 spread=6.72bps bids=20 asks=20
2026-05-08 21:24:43,783 | INFO | SPREAD | pair=CHIP/USDC | cex=0.07437/0.07442 | dex_sell=0.0743892 dex_buy=0.0744085 | spread_a=-4.1bps spread_b=-5.2bps | min=30.0bps
2026-05-08 21:24:44,785 | INFO | fetch_order_book: symbol=CHIP/USDC limit=20
2026-05-08 21:24:45,045 | INFO | fetch_order_book: mid=0.07440 spread=5.38bps bids=20 asks=20
2026-05-08 21:24:45,888 | INFO | SPREAD | pair=CHIP/USDC | cex=0.07438/0.07442 | dex_sell=0.0743892 dex_buy=0.0744085 | spread_a=-4.1bps spread_b=-3.8bps | min=30.0bps
2026-05-08 21:24:46,890 | INFO | fetch_order_book: symbol=CHIP/USDC limit=20
2026-05-08 21:24:47,155 | INFO | fetch_order_book: mid=0.07443 spread=5.37bps bids=20 asks=20
2026-05-08 21:24:48,137 | INFO | SPREAD | pair=CHIP/USDC | cex=0.07441/0.07445 | dex_sell=0.0743892 dex_buy=0.0744366 | spread_a=-8.2bps spread_b=-3.6bps | min=30.0bps
2026-05-08 21:24:49,139 | INFO | fetch_order_book: symbol=CHIP/USDC limit=20
2026-05-08 21:24:49,393 | INFO | fetch_order_book: mid=0.07446 spread=5.37bps bids=20 asks=20
2026-05-08 21:24:50,323 | INFO | SPREAD | pair=CHIP/USDC | cex=0.07444/0.07448 | dex_sell=0.0744173 dex_buy=0.0744366 | spread_a=-8.4bps spread_b=0.5bps | min=30.0bps
2026-05-08 21:24:51,325 | INFO | fetch_order_book: symbol=CHIP/USDC limit=20
2026-05-08 21:24:51,582 | INFO | fetch_order_book: mid=0.07445 spread=5.37bps bids=20 asks=20
2026-05-08 21:24:52,466 | INFO | SPREAD | pair=CHIP/USDC | cex=0.07443/0.07447 | dex_sell=0.0744173 dex_buy=0.0744366 | spread_a=-7.1bps spread_b=-0.9bps | min=30.0bps
2026-05-08 21:24:53,469 | INFO | fetch_order_book: symbol=CHIP/USDC limit=20
2026-05-08 21:24:53,724 | INFO | fetch_order_book: mid=0.07439 spread=5.38bps bids=20 asks=20
2026-05-08 21:24:54,601 | INFO | SPREAD | pair=CHIP/USDC | cex=0.07437/0.07441 | dex_sell=0.0743891 dex_buy=0.0744084 | spread_a=-2.8bps spread_b=-5.2bps | min=30.0bps
2026-05-08 21:24:55,602 | INFO | fetch_order_book: symbol=CHIP/USDC limit=20
2026-05-08 21:24:55,861 | INFO | fetch_order_book: mid=0.074385 spread=6.72bps bids=20 asks=20
2026-05-08 21:24:56,838 | INFO | SPREAD | pair=CHIP/USDC | cex=0.07436/0.07441 | dex_sell=0.0744138 dex_buy=0.0744086 | spread_a=0.5bps spread_b=-6.5bps | min=30.0bps
2026-05-08 21:24:57,840 | INFO | fetch_order_book: symbol=CHIP/USDC limit=20
2026-05-08 21:24:58,098 | INFO | fetch_order_book: mid=0.07439 spread=5.38bps bids=20 asks=20
2026-05-08 21:24:58,999 | INFO | SPREAD | pair=CHIP/USDC | cex=0.07437/0.07441 | dex_sell=0.0743893 dex_buy=0.0744086 | spread_a=-2.8bps spread_b=-5.2bps | min=30.0bps
2026-05-08 21:25:00,002 | INFO | fetch_order_book: symbol=CHIP/USDC limit=20
2026-05-08 21:25:00,268 | INFO | fetch_order_book: mid=0.07436 spread=5.38bps bids=20 asks=20
2026-05-08 21:25:01,160 | INFO | SPREAD | pair=CHIP/USDC | cex=0.07434/0.07438 | dex_sell=0.0743893 dex_buy=0.0743787 | spread_a=1.2bps spread_b=-5.2bps | min=30.0bps
2026-05-08 21:25:02,163 | INFO | fetch_order_book: symbol=CHIP/USDC limit=20
2026-05-08 21:25:02,901 | INFO | fetch_order_book: mid=0.074385 spread=6.72bps bids=20 asks=20
2026-05-08 21:25:03,760 | INFO | SPREAD | pair=CHIP/USDC | cex=0.07436/0.07441 | dex_sell=0.0743537 dex_buy=0.074373 | spread_a=-7.6bps spread_b=-1.7bps | min=30.0bps
2026-05-08 21:25:04,762 | INFO | fetch_order_book: symbol=CHIP/USDC limit=20
2026-05-08 21:25:05,051 | INFO | fetch_order_book: mid=0.07440 spread=5.38bps bids=20 asks=20
2026-05-08 21:25:05,942 | INFO | SPREAD | pair=CHIP/USDC | cex=0.07438/0.07442 | dex_sell=0.0743537 dex_buy=0.074403 | spread_a=-8.9bps spread_b=-3.1bps | min=30.0bps
2026-05-08 21:25:06,944 | INFO | fetch_order_book: symbol=CHIP/USDC limit=20
2026-05-08 21:25:07,271 | INFO | fetch_order_book: mid=0.074425 spread=4.03bps bids=20 asks=20
2026-05-08 21:25:08,112 | INFO | SPREAD | pair=CHIP/USDC | cex=0.07441/0.07444 | dex_sell=0.0744138 dex_buy=0.0744331 | spread_a=-3.5bps spread_b=-3.1bps | min=30.0bps
2026-05-08 21:25:09,114 | INFO | fetch_order_book: symbol=CHIP/USDC limit=20
2026-05-08 21:25:09,369 | INFO | fetch_order_book: mid=0.07442 spread=5.37bps bids=20 asks=20
2026-05-08 21:25:10,234 | INFO | SPREAD | pair=CHIP/USDC | cex=0.0744/0.07444 | dex_sell=0.0744138 dex_buy=0.0744331 | spread_a=-3.5bps spread_b=-4.4bps | min=30.0bps
2026-05-08 21:25:11,236 | INFO | fetch_order_book: symbol=CHIP/USDC limit=20
2026-05-08 21:25:11,494 | INFO | fetch_order_book: mid=0.07440 spread=5.38bps bids=20 asks=20
2026-05-08 21:25:12,354 | INFO | SPREAD | pair=CHIP/USDC | cex=0.07438/0.07442 | dex_sell=0.0744138 dex_buy=0.0744086 | spread_a=-0.8bps spread_b=-3.8bps | min=30.0bps
2026-05-08 21:25:13,356 | INFO | fetch_order_book: symbol=CHIP/USDC limit=20
2026-05-08 21:25:13,612 | INFO | fetch_order_book: mid=0.074385 spread=6.72bps bids=20 asks=20
2026-05-08 21:25:14,479 | INFO | SPREAD | pair=CHIP/USDC | cex=0.07436/0.07441 | dex_sell=0.0743893 dex_buy=0.0744086 | spread_a=-2.8bps spread_b=-6.5bps | min=30.0bps
2026-05-08 21:25:15,482 | INFO | fetch_order_book: symbol=CHIP/USDC limit=20
2026-05-08 21:25:15,738 | INFO | fetch_order_book: mid=0.07438 spread=5.38bps bids=20 asks=20
2026-05-08 21:25:16,563 | INFO | SPREAD | pair=CHIP/USDC | cex=0.07436/0.0744 | dex_sell=0.0743893 dex_buy=0.0744086 | spread_a=-1.4bps spread_b=-6.5bps | min=30.0bps
2026-05-08 21:25:17,565 | INFO | fetch_order_book: symbol=CHIP/USDC limit=20
2026-05-08 21:25:17,821 | INFO | fetch_order_book: mid=0.074335 spread=4.04bps bids=20 asks=20
2026-05-08 21:25:18,686 | INFO | SPREAD | pair=CHIP/USDC | cex=0.07432/0.07435 | dex_sell=0.0743591 dex_buy=0.0743784 | spread_a=1.2bps spread_b=-7.9bps | min=30.0bps
2026-05-08 21:25:19,689 | INFO | fetch_order_book: symbol=CHIP/USDC limit=20
2026-05-08 21:25:19,946 | INFO | fetch_order_book: mid=0.07431 spread=2.69bps bids=20 asks=20
2026-05-08 21:25:20,772 | INFO | SPREAD | pair=CHIP/USDC | cex=0.0743/0.07432 | dex_sell=0.0742992 dex_buy=0.0743185 | spread_a=-2.8bps spread_b=-2.5bps | min=30.0bps
2026-05-08 21:25:21,774 | INFO | fetch_order_book: symbol=CHIP/USDC limit=20
2026-05-08 21:25:22,038 | INFO | fetch_order_book: mid=0.074265 spread=1.35bps bids=20 asks=20
2026-05-08 21:25:22,924 | INFO | SPREAD | pair=CHIP/USDC | cex=0.07426/0.07427 | dex_sell=0.0742694 dex_buy=0.0742886 | spread_a=-0.1bps spread_b=-3.9bps | min=30.0bps
2026-05-08 21:25:23,927 | INFO | fetch_order_book: symbol=CHIP/USDC limit=20
2026-05-08 21:25:24,265 | INFO | fetch_order_book: mid=0.07426 spread=2.69bps bids=20 asks=20
2026-05-08 21:25:25,106 | INFO | SPREAD | pair=CHIP/USDC | cex=0.07425/0.07427 | dex_sell=0.0742393 dex_buy=0.0742585 | spread_a=-4.1bps spread_b=-1.1bps | min=30.0bps
2026-05-08 21:25:26,108 | INFO | fetch_order_book: symbol=CHIP/USDC limit=20
2026-05-08 21:25:26,366 | INFO | fetch_order_book: mid=0.074325 spread=9.42bps bids=20 asks=20
2026-05-08 21:25:27,286 | INFO | SPREAD | pair=CHIP/USDC | cex=0.07429/0.07436 | dex_sell=0.0742393 dex_buy=0.0743131 | spread_a=-16.2bps spread_b=-3.1bps | min=30.0bps
2026-05-08 21:25:28,289 | INFO | fetch_order_book: symbol=CHIP/USDC limit=20
2026-05-08 21:25:28,560 | INFO | fetch_order_book: mid=0.07433 spread=5.38bps bids=20 asks=20
2026-05-08 21:25:29,501 | INFO | SPREAD | pair=CHIP/USDC | cex=0.07431/0.07435 | dex_sell=0.0743236 dex_buy=0.0743429 | spread_a=-3.6bps spread_b=-4.4bps | min=30.0bps
2026-05-08 21:25:30,504 | INFO | fetch_order_book: symbol=CHIP/USDC limit=20
2026-05-08 21:25:30,760 | INFO | fetch_order_book: mid=0.074325 spread=6.73bps bids=20 asks=20
2026-05-08 21:25:31,649 | INFO | SPREAD | pair=CHIP/USDC | cex=0.0743/0.07435 | dex_sell=0.0743236 dex_buy=0.0743429 | spread_a=-3.6bps spread_b=-5.8bps | min=30.0bps
2026-05-08 21:25:32,651 | INFO | fetch_order_book: symbol=CHIP/USDC limit=20
2026-05-08 21:25:32,911 | INFO | fetch_order_book: mid=0.07431 spread=5.38bps bids=20 asks=20
2026-05-08 21:25:33,768 | INFO | SPREAD | pair=CHIP/USDC | cex=0.07429/0.07433 | dex_sell=0.0742892 dex_buy=0.0743085 | spread_a=-5.5bps spread_b=-2.5bps | min=30.0bps
2026-05-08 21:25:34,770 | INFO | fetch_order_book: symbol=CHIP/USDC limit=20
2026-05-08 21:25:35,026 | INFO | fetch_order_book: mid=0.074205 spread=1.35bps bids=20 asks=20
2026-05-08 21:25:35,901 | INFO | SPREAD | pair=CHIP/USDC | cex=0.0742/0.07421 | dex_sell=0.0742892 dex_buy=0.0742614 | spread_a=10.7bps spread_b=-8.3bps | min=30.0bps
2026-05-08 21:25:36,904 | INFO | fetch_order_book: symbol=CHIP/USDC limit=20
2026-05-08 21:25:37,193 | INFO | fetch_order_book: mid=0.074205 spread=4.04bps bids=20 asks=20
2026-05-08 21:25:38,057 | INFO | SPREAD | pair=CHIP/USDC | cex=0.07419/0.07422 | dex_sell=0.0741894 dex_buy=0.0742086 | spread_a=-4.1bps spread_b=-2.5bps | min=30.0bps
2026-05-08 21:25:39,059 | INFO | fetch_order_book: symbol=CHIP/USDC limit=20
2026-05-08 21:25:39,326 | INFO | fetch_order_book: mid=0.07424 spread=5.39bps bids=20 asks=20
2026-05-08 21:25:40,158 | INFO | SPREAD | pair=CHIP/USDC | cex=0.07422/0.07426 | dex_sell=0.0742137 dex_buy=0.074233 | spread_a=-6.2bps spread_b=-1.7bps | min=30.0bps
2026-05-08 21:25:41,161 | INFO | fetch_order_book: symbol=CHIP/USDC limit=20
2026-05-08 21:25:41,572 | INFO | fetch_order_book: mid=0.07426 spread=5.39bps bids=20 asks=20
2026-05-08 21:25:42,463 | INFO | SPREAD | pair=CHIP/USDC | cex=0.07424/0.07428 | dex_sell=0.0742437 dex_buy=0.074263 | spread_a=-4.9bps spread_b=-3.1bps | min=30.0bps
2026-05-08 21:25:43,466 | INFO | fetch_order_book: symbol=CHIP/USDC limit=20
2026-05-08 21:25:43,752 | INFO | fetch_order_book: mid=0.074265 spread=4.04bps bids=20 asks=20
2026-05-08 21:25:44,618 | INFO | SPREAD | pair=CHIP/USDC | cex=0.07425/0.07428 | dex_sell=0.0742437 dex_buy=0.074263 | spread_a=-4.9bps spread_b=-1.8bps | min=30.0bps
2026-05-08 21:25:45,621 | INFO | fetch_order_book: symbol=CHIP/USDC limit=20
2026-05-08 21:25:45,880 | INFO | fetch_order_book: mid=0.074265 spread=4.04bps bids=20 asks=20
2026-05-08 21:25:46,763 | INFO | SPREAD | pair=CHIP/USDC | cex=0.07425/0.07428 | dex_sell=0.0742437 dex_buy=0.074263 | spread_a=-4.9bps spread_b=-1.8bps | min=30.0bps
2026-05-08 21:25:47,766 | INFO | fetch_order_book: symbol=CHIP/USDC limit=20
2026-05-08 21:25:48,024 | INFO | fetch_order_book: mid=0.07426 spread=5.39bps bids=20 asks=20
2026-05-08 21:25:48,959 | INFO | SPREAD | pair=CHIP/USDC | cex=0.07424/0.07428 | dex_sell=0.0742437 dex_buy=0.074263 | spread_a=-4.9bps spread_b=-3.1bps | min=30.0bps
2026-05-08 21:25:49,962 | INFO | fetch_order_book: symbol=CHIP/USDC limit=20
2026-05-08 21:25:50,221 | INFO | fetch_order_book: mid=0.074245 spread=6.73bps bids=20 asks=20
2026-05-08 21:25:51,135 | INFO | SPREAD | pair=CHIP/USDC | cex=0.07422/0.07427 | dex_sell=0.0742437 dex_buy=0.074263 | spread_a=-3.5bps spread_b=-5.8bps | min=30.0bps
2026-05-08 21:25:52,138 | INFO | fetch_order_book: symbol=CHIP/USDC limit=20
2026-05-08 21:25:52,392 | INFO | fetch_order_book: mid=0.07424 spread=8.08bps bids=20 asks=20
2026-05-08 21:25:53,277 | INFO | SPREAD | pair=CHIP/USDC | cex=0.07421/0.07427 | dex_sell=0.0742437 dex_buy=0.074263 | spread_a=-3.5bps spread_b=-7.1bps | min=30.0bps
2026-05-08 21:25:54,279 | INFO | fetch_order_book: symbol=CHIP/USDC limit=20
2026-05-08 21:25:54,584 | INFO | fetch_order_book: mid=0.074225 spread=4.04bps bids=20 asks=20
2026-05-08 21:25:55,458 | INFO | SPREAD | pair=CHIP/USDC | cex=0.07421/0.07424 | dex_sell=0.0742193 dex_buy=0.0742386 | spread_a=-2.8bps spread_b=-3.9bps | min=30.0bps
2026-05-08 21:25:56,461 | INFO | fetch_order_book: symbol=CHIP/USDC limit=20
2026-05-08 21:25:56,728 | INFO | fetch_order_book: mid=0.07419 spread=5.39bps bids=20 asks=20
2026-05-08 21:25:57,598 | INFO | SPREAD | pair=CHIP/USDC | cex=0.07417/0.07421 | dex_sell=0.0741495 dex_buy=0.0741687 | spread_a=-8.2bps spread_b=0.2bps | min=30.0bps
2026-05-08 21:25:58,600 | INFO | fetch_order_book: symbol=CHIP/USDC limit=20
2026-05-08 21:25:58,858 | INFO | fetch_order_book: mid=0.07419 spread=5.39bps bids=20 asks=20
2026-05-08 21:25:59,685 | INFO | SPREAD | pair=CHIP/USDC | cex=0.07417/0.07421 | dex_sell=0.0741495 dex_buy=0.0741687 | spread_a=-8.2bps spread_b=0.2bps | min=30.0bps
2026-05-08 21:26:00,688 | INFO | fetch_order_book: symbol=CHIP/USDC limit=20
2026-05-08 21:26:00,945 | INFO | fetch_order_book: mid=0.07419 spread=5.39bps bids=20 asks=20
2026-05-08 21:26:01,873 | INFO | SPREAD | pair=CHIP/USDC | cex=0.07417/0.07421 | dex_sell=0.0741937 dex_buy=0.074213 | spread_a=-2.2bps spread_b=-5.8bps | min=30.0bps
2026-05-08 21:26:02,875 | INFO | fetch_order_book: symbol=CHIP/USDC limit=20
2026-05-08 21:26:03,140 | INFO | fetch_order_book: mid=0.074195 spread=6.74bps bids=20 asks=20
2026-05-08 21:26:04,004 | INFO | SPREAD | pair=CHIP/USDC | cex=0.07417/0.07422 | dex_sell=0.0741691 dex_buy=0.0741884 | spread_a=-6.9bps spread_b=-2.5bps | min=30.0bps
2026-05-08 21:26:05,007 | INFO | fetch_order_book: symbol=CHIP/USDC limit=20
2026-05-08 21:26:05,270 | INFO | fetch_order_book: mid=0.074215 spread=6.74bps bids=20 asks=20
2026-05-08 21:26:06,207 | INFO | SPREAD | pair=CHIP/USDC | cex=0.07419/0.07424 | dex_sell=0.0741937 dex_buy=0.074213 | spread_a=-6.2bps spread_b=-3.1bps | min=30.0bps
2026-05-08 21:26:07,209 | INFO | fetch_order_book: symbol=CHIP/USDC limit=20
2026-05-08 21:26:07,473 | INFO | fetch_order_book: mid=0.07423 spread=5.39bps bids=20 asks=20
2026-05-08 21:26:08,327 | INFO | SPREAD | pair=CHIP/USDC | cex=0.07421/0.07425 | dex_sell=0.0742237 dex_buy=0.074243 | spread_a=-3.5bps spread_b=-4.4bps | min=30.0bps
2026-05-08 21:26:09,329 | INFO | fetch_order_book: symbol=CHIP/USDC limit=20
2026-05-08 21:26:09,631 | INFO | fetch_order_book: mid=0.074225 spread=6.74bps bids=20 asks=20
2026-05-08 21:26:10,580 | INFO | SPREAD | pair=CHIP/USDC | cex=0.0742/0.07425 | dex_sell=0.0742237 dex_buy=0.074243 | spread_a=-3.5bps spread_b=-5.8bps | min=30.0bps
2026-05-08 21:26:11,583 | INFO | fetch_order_book: symbol=CHIP/USDC limit=20
2026-05-08 21:26:11,842 | INFO | fetch_order_book: mid=0.074225 spread=6.74bps bids=20 asks=20
2026-05-08 21:26:12,702 | INFO | SPREAD | pair=CHIP/USDC | cex=0.0742/0.07425 | dex_sell=0.0742237 dex_buy=0.074243 | spread_a=-3.5bps spread_b=-5.8bps | min=30.0bps
2026-05-08 21:26:13,704 | INFO | fetch_order_book: symbol=CHIP/USDC limit=20
2026-05-08 21:26:13,963 | INFO | fetch_order_book: mid=0.07423 spread=5.39bps bids=20 asks=20
2026-05-08 21:26:14,890 | INFO | SPREAD | pair=CHIP/USDC | cex=0.07421/0.07425 | dex_sell=0.0742237 dex_buy=0.074243 | spread_a=-3.5bps spread_b=-4.4bps | min=30.0bps
2026-05-08 21:26:15,892 | INFO | fetch_order_book: symbol=CHIP/USDC limit=20
2026-05-08 21:26:16,148 | INFO | fetch_order_book: mid=0.07423 spread=5.39bps bids=20 asks=20
2026-05-08 21:26:17,008 | INFO | SPREAD | pair=CHIP/USDC | cex=0.07421/0.07425 | dex_sell=0.0742237 dex_buy=0.074243 | spread_a=-3.5bps spread_b=-4.4bps | min=30.0bps
2026-05-08 21:26:18,010 | INFO | fetch_order_book: symbol=CHIP/USDC limit=20
2026-05-08 21:26:18,359 | INFO | fetch_order_book: mid=0.074245 spread=4.04bps bids=20 asks=20
2026-05-08 21:26:19,235 | INFO | SPREAD | pair=CHIP/USDC | cex=0.07423/0.07426 | dex_sell=0.0742237 dex_buy=0.074243 | spread_a=-4.9bps spread_b=-1.8bps | min=30.0bps
2026-05-08 21:26:20,237 | INFO | fetch_order_book: symbol=CHIP/USDC limit=20
2026-05-08 21:26:20,504 | INFO | fetch_order_book: mid=0.07424 spread=5.39bps bids=20 asks=20
2026-05-08 21:26:21,424 | INFO | SPREAD | pair=CHIP/USDC | cex=0.07422/0.07426 | dex_sell=0.0742237 dex_buy=0.074243 | spread_a=-4.9bps spread_b=-3.1bps | min=30.0bps
2026-05-08 21:26:22,426 | INFO | fetch_order_book: symbol=CHIP/USDC limit=20
2026-05-08 21:26:22,682 | INFO | fetch_order_book: mid=0.07419 spread=2.70bps bids=20 asks=20
2026-05-08 21:26:23,561 | INFO | SPREAD | pair=CHIP/USDC | cex=0.07418/0.0742 | dex_sell=0.0742237 dex_buy=0.074243 | spread_a=3.2bps spread_b=-8.5bps | min=30.0bps
2026-05-08 21:26:24,563 | INFO | fetch_order_book: symbol=CHIP/USDC limit=20
2026-05-08 21:26:24,821 | INFO | fetch_order_book: mid=0.07417 spread=2.70bps bids=20 asks=20
2026-05-08 21:26:25,701 | INFO | SPREAD | pair=CHIP/USDC | cex=0.07416/0.07418 | dex_sell=0.0741892 dex_buy=0.0741784 | spread_a=1.2bps spread_b=-2.5bps | min=30.0bps
2026-05-08 21:26:26,704 | INFO | fetch_order_book: symbol=CHIP/USDC limit=20
2026-05-08 21:26:26,960 | INFO | fetch_order_book: mid=0.07427 spread=2.69bps bids=20 asks=20
2026-05-08 21:26:27,813 | INFO | SPREAD | pair=CHIP/USDC | cex=0.07426/0.07428 | dex_sell=0.0742539 dex_buy=0.0742732 | spread_a=-3.5bps spread_b=-1.8bps | min=30.0bps
2026-05-08 21:26:28,816 | INFO | fetch_order_book: symbol=CHIP/USDC limit=20
2026-05-08 21:26:29,071 | INFO | fetch_order_book: mid=0.074255 spread=6.73bps bids=20 asks=20
2026-05-08 21:26:30,124 | INFO | SPREAD | pair=CHIP/USDC | cex=0.07423/0.07428 | dex_sell=0.0742539 dex_buy=0.0742732 | spread_a=-3.5bps spread_b=-5.8bps | min=30.0bps
2026-05-08 21:26:31,127 | INFO | fetch_order_book: symbol=CHIP/USDC limit=20
2026-05-08 21:26:31,391 | INFO | fetch_order_book: mid=0.074265 spread=4.04bps bids=20 asks=20
2026-05-08 21:26:32,255 | INFO | SPREAD | pair=CHIP/USDC | cex=0.07425/0.07428 | dex_sell=0.0742539 dex_buy=0.0742732 | spread_a=-3.5bps spread_b=-3.1bps | min=30.0bps
2026-05-08 21:26:33,257 | INFO | fetch_order_book: symbol=CHIP/USDC limit=20
2026-05-08 21:26:33,513 | INFO | fetch_order_book: mid=0.074255 spread=6.73bps bids=20 asks=20
2026-05-08 21:26:34,348 | INFO | SPREAD | pair=CHIP/USDC | cex=0.07423/0.07428 | dex_sell=0.0742539 dex_buy=0.0742732 | spread_a=-3.5bps spread_b=-5.8bps | min=30.0bps
2026-05-08 21:26:35,351 | INFO | fetch_order_book: symbol=CHIP/USDC limit=20
2026-05-08 21:26:35,644 | INFO | fetch_order_book: mid=0.07427 spread=2.69bps bids=20 asks=20
2026-05-08 21:26:36,479 | INFO | SPREAD | pair=CHIP/USDC | cex=0.07426/0.07428 | dex_sell=0.0742539 dex_buy=0.0742732 | spread_a=-3.5bps spread_b=-1.8bps | min=30.0bps
2026-05-08 21:26:37,481 | INFO | fetch_order_book: symbol=CHIP/USDC limit=20
2026-05-08 21:26:37,737 | INFO | fetch_order_book: mid=0.074265 spread=4.04bps bids=20 asks=20
2026-05-08 21:26:38,839 | INFO | SPREAD | pair=CHIP/USDC | cex=0.07425/0.07428 | dex_sell=0.0742539 dex_buy=0.0742732 | spread_a=-3.5bps spread_b=-3.1bps | min=30.0bps
2026-05-08 21:26:39,842 | INFO | fetch_order_book: symbol=CHIP/USDC limit=20
2026-05-08 21:26:40,247 | INFO | fetch_order_book: mid=0.07428 spread=5.39bps bids=20 asks=20
2026-05-08 21:26:41,096 | INFO | SPREAD | pair=CHIP/USDC | cex=0.07426/0.0743 | dex_sell=0.0742539 dex_buy=0.0742732 | spread_a=-6.2bps spread_b=-1.8bps | min=30.0bps
2026-05-08 21:26:42,098 | INFO | fetch_order_book: symbol=CHIP/USDC limit=20
2026-05-08 21:26:42,355 | INFO | fetch_order_book: mid=0.07428 spread=5.39bps bids=20 asks=20
2026-05-08 21:26:43,245 | INFO | SPREAD | pair=CHIP/USDC | cex=0.07426/0.0743 | dex_sell=0.0742539 dex_buy=0.0742732 | spread_a=-6.2bps spread_b=-1.8bps | min=30.0bps
2026-05-08 21:26:44,248 | INFO | fetch_order_book: symbol=CHIP/USDC limit=20
2026-05-08 21:26:44,504 | INFO | fetch_order_book: mid=0.074265 spread=6.73bps bids=20 asks=20
2026-05-08 21:26:45,359 | INFO | SPREAD | pair=CHIP/USDC | cex=0.07424/0.07429 | dex_sell=0.0742539 dex_buy=0.0742732 | spread_a=-4.9bps spread_b=-4.5bps | min=30.0bps
2026-05-08 21:26:46,361 | INFO | fetch_order_book: symbol=CHIP/USDC limit=20
2026-05-08 21:26:46,616 | INFO | fetch_order_book: mid=0.074255 spread=4.04bps bids=20 asks=20
2026-05-08 21:26:47,523 | INFO | SPREAD | pair=CHIP/USDC | cex=0.07424/0.07427 | dex_sell=0.0742539 dex_buy=0.0742732 | spread_a=-2.2bps spread_b=-4.5bps | min=30.0bps
2026-05-08 21:26:48,525 | INFO | fetch_order_book: symbol=CHIP/USDC limit=20
2026-05-08 21:26:48,782 | INFO | fetch_order_book: mid=0.07421 spread=2.70bps bids=20 asks=20
2026-05-08 21:26:49,665 | INFO | SPREAD | pair=CHIP/USDC | cex=0.0742/0.07422 | dex_sell=0.0742293 dex_buy=0.0742485 | spread_a=1.2bps spread_b=-6.5bps | min=30.0bps
2026-05-08 21:26:50,667 | INFO | fetch_order_book: symbol=CHIP/USDC limit=20
2026-05-08 21:26:50,926 | INFO | fetch_order_book: mid=0.07419 spread=2.70bps bids=20 asks=20
2026-05-08 21:26:51,757 | INFO | SPREAD | pair=CHIP/USDC | cex=0.07418/0.0742 | dex_sell=0.0741992 dex_buy=0.0742185 | spread_a=-0.1bps spread_b=-5.2bps | min=30.0bps
2026-05-08 21:26:52,759 | INFO | fetch_order_book: symbol=CHIP/USDC limit=20
2026-05-08 21:26:53,025 | INFO | fetch_order_book: mid=0.07415 spread=2.70bps bids=20 asks=20
2026-05-08 21:26:53,886 | INFO | SPREAD | pair=CHIP/USDC | cex=0.07414/0.07416 | dex_sell=0.0741695 dex_buy=0.0741887 | spread_a=1.3bps spread_b=-6.6bps | min=30.0bps
2026-05-08 21:26:54,888 | INFO | fetch_order_book: symbol=CHIP/USDC limit=20
2026-05-08 21:26:55,146 | INFO | fetch_order_book: mid=0.07411 spread=2.70bps bids=20 asks=20
2026-05-08 21:26:55,998 | INFO | SPREAD | pair=CHIP/USDC | cex=0.0741/0.07412 | dex_sell=0.0741394 dex_buy=0.0741284 | spread_a=2.6bps spread_b=-3.8bps | min=30.0bps
2026-05-08 21:26:57,000 | INFO | fetch_order_book: symbol=CHIP/USDC limit=20
2026-05-08 21:26:57,262 | INFO | fetch_order_book: mid=0.07411 spread=2.70bps bids=20 asks=20
2026-05-08 21:26:58,116 | INFO | SPREAD | pair=CHIP/USDC | cex=0.0741/0.07412 | dex_sell=0.0741091 dex_buy=0.0741284 | spread_a=-1.5bps spread_b=-3.8bps | min=30.0bps
2026-05-08 21:26:59,118 | INFO | fetch_order_book: symbol=CHIP/USDC limit=20
2026-05-08 21:26:59,456 | INFO | fetch_order_book: mid=0.07410 spread=5.40bps bids=20 asks=20
2026-05-08 21:27:00,320 | INFO | SPREAD | pair=CHIP/USDC | cex=0.07408/0.07412 | dex_sell=0.0741091 dex_buy=0.0741284 | spread_a=-1.5bps spread_b=-6.5bps | min=30.0bps
2026-05-08 21:27:01,322 | INFO | fetch_order_book: symbol=CHIP/USDC limit=20
2026-05-08 21:27:01,687 | INFO | fetch_order_book: mid=0.07413 spread=8.09bps bids=20 asks=20
2026-05-08 21:27:02,537 | INFO | SPREAD | pair=CHIP/USDC | cex=0.0741/0.07416 | dex_sell=0.0741337 dex_buy=0.0741529 | spread_a=-3.5bps spread_b=-7.1bps | min=30.0bps
2026-05-08 21:27:03,539 | INFO | fetch_order_book: symbol=CHIP/USDC limit=20
2026-05-08 21:27:03,798 | INFO | fetch_order_book: mid=0.07409 spread=2.70bps bids=20 asks=20
2026-05-08 21:27:04,653 | INFO | SPREAD | pair=CHIP/USDC | cex=0.07408/0.0741 | dex_sell=0.0741337 dex_buy=0.0741286 | spread_a=4.5bps spread_b=-6.6bps | min=30.0bps
2026-05-08 21:27:05,655 | INFO | fetch_order_book: symbol=CHIP/USDC limit=20
2026-05-08 21:27:05,936 | INFO | fetch_order_book: mid=0.07408 spread=5.40bps bids=20 asks=20
2026-05-08 21:27:06,799 | INFO | SPREAD | pair=CHIP/USDC | cex=0.07406/0.0741 | dex_sell=0.0741094 dex_buy=0.0741286 | spread_a=1.3bps spread_b=-9.3bps | min=30.0bps
2026-05-08 21:27:07,801 | INFO | fetch_order_book: symbol=CHIP/USDC limit=20
2026-05-08 21:27:08,099 | INFO | fetch_order_book: mid=0.07411 spread=5.40bps bids=20 asks=20
2026-05-08 21:27:08,953 | INFO | SPREAD | pair=CHIP/USDC | cex=0.07409/0.07413 | dex_sell=0.0741094 dex_buy=0.0741286 | spread_a=-2.8bps spread_b=-5.2bps | min=30.0bps
2026-05-08 21:27:09,955 | INFO | fetch_order_book: symbol=CHIP/USDC limit=20
2026-05-08 21:27:10,250 | INFO | fetch_order_book: mid=0.074175 spread=6.74bps bids=20 asks=20
2026-05-08 21:27:11,181 | INFO | SPREAD | pair=CHIP/USDC | cex=0.07415/0.0742 | dex_sell=0.0741337 dex_buy=0.074193 | spread_a=-8.9bps spread_b=-5.8bps | min=30.0bps
2026-05-08 21:27:12,183 | INFO | fetch_order_book: symbol=CHIP/USDC limit=20
2026-05-08 21:27:12,442 | INFO | fetch_order_book: mid=0.074205 spread=4.04bps bids=20 asks=20
2026-05-08 21:27:13,351 | INFO | SPREAD | pair=CHIP/USDC | cex=0.07419/0.07422 | dex_sell=0.0742038 dex_buy=0.074223 | spread_a=-2.2bps spread_b=-4.5bps | min=30.0bps
2026-05-08 21:27:14,353 | INFO | fetch_order_book: symbol=CHIP/USDC limit=20
2026-05-08 21:27:14,618 | INFO | fetch_order_book: mid=0.074155 spread=6.74bps bids=20 asks=20
2026-05-08 21:27:15,486 | INFO | SPREAD | pair=CHIP/USDC | cex=0.07413/0.07418 | dex_sell=0.0741794 dex_buy=0.0741986 | spread_a=-0.1bps spread_b=-9.3bps | min=30.0bps
2026-05-08 21:27:16,488 | INFO | fetch_order_book: symbol=CHIP/USDC limit=20
2026-05-08 21:27:16,747 | INFO | fetch_order_book: mid=0.07414 spread=5.40bps bids=20 asks=20
2026-05-08 21:27:17,588 | INFO | SPREAD | pair=CHIP/USDC | cex=0.07412/0.07416 | dex_sell=0.0741494 dex_buy=0.0741686 | spread_a=-1.4bps spread_b=-6.6bps | min=30.0bps
2026-05-08 21:27:18,591 | INFO | fetch_order_book: symbol=CHIP/USDC limit=20
2026-05-08 21:27:18,861 | INFO | fetch_order_book: mid=0.074135 spread=4.05bps bids=20 asks=20
2026-05-08 21:27:19,770 | INFO | SPREAD | pair=CHIP/USDC | cex=0.07412/0.07415 | dex_sell=0.0741494 dex_buy=0.0741686 | spread_a=-0.1bps spread_b=-6.6bps | min=30.0bps
2026-05-08 21:27:20,772 | INFO | fetch_order_book: symbol=CHIP/USDC limit=20
2026-05-08 21:27:21,028 | INFO | fetch_order_book: mid=0.074165 spread=6.74bps bids=20 asks=20
2026-05-08 21:27:21,872 | INFO | SPREAD | pair=CHIP/USDC | cex=0.07414/0.07419 | dex_sell=0.0741494 dex_buy=0.0741686 | spread_a=-5.5bps spread_b=-3.9bps | min=30.0bps
2026-05-08 21:27:22,874 | INFO | fetch_order_book: symbol=CHIP/USDC limit=20
2026-05-08 21:27:23,255 | INFO | fetch_order_book: mid=0.07415 spread=5.39bps bids=20 asks=20
2026-05-08 21:27:24,095 | INFO | SPREAD | pair=CHIP/USDC | cex=0.07413/0.07417 | dex_sell=0.0741494 dex_buy=0.0741686 | spread_a=-2.8bps spread_b=-5.2bps | min=30.0bps
2026-05-08 21:27:25,097 | INFO | fetch_order_book: symbol=CHIP/USDC limit=20
2026-05-08 21:27:25,354 | INFO | fetch_order_book: mid=0.07418 spread=5.39bps bids=20 asks=20
2026-05-08 21:27:26,221 | INFO | SPREAD | pair=CHIP/USDC | cex=0.07416/0.0742 | dex_sell=0.0741494 dex_buy=0.0741686 | spread_a=-6.8bps spread_b=-1.2bps | min=30.0bps
2026-05-08 21:27:27,223 | INFO | fetch_order_book: symbol=CHIP/USDC limit=20
2026-05-08 21:27:27,494 | INFO | fetch_order_book: mid=0.07418 spread=5.39bps bids=20 asks=20
2026-05-08 21:27:28,451 | INFO | SPREAD | pair=CHIP/USDC | cex=0.07416/0.0742 | dex_sell=0.0741494 dex_buy=0.0741686 | spread_a=-6.8bps spread_b=-1.2bps | min=30.0bps
2026-05-08 21:27:29,453 | INFO | fetch_order_book: symbol=CHIP/USDC limit=20
2026-05-08 21:27:29,721 | INFO | fetch_order_book: mid=0.07418 spread=5.39bps bids=20 asks=20
2026-05-08 21:27:30,614 | INFO | SPREAD | pair=CHIP/USDC | cex=0.07416/0.0742 | dex_sell=0.0741737 dex_buy=0.074193 | spread_a=-3.5bps spread_b=-4.4bps | min=30.0bps
2026-05-08 21:27:31,617 | INFO | fetch_order_book: symbol=CHIP/USDC limit=20
2026-05-08 21:27:31,875 | INFO | fetch_order_book: mid=0.074165 spread=6.74bps bids=20 asks=20
2026-05-08 21:27:32,831 | INFO | SPREAD | pair=CHIP/USDC | cex=0.07414/0.07419 | dex_sell=0.0741737 dex_buy=0.074193 | spread_a=-2.2bps spread_b=-7.1bps | min=30.0bps
2026-05-08 21:27:33,834 | INFO | fetch_order_book: symbol=CHIP/USDC limit=20
2026-05-08 21:27:34,094 | INFO | fetch_order_book: mid=0.074155 spread=6.74bps bids=20 asks=20
2026-05-08 21:27:34,999 | INFO | SPREAD | pair=CHIP/USDC | cex=0.07413/0.07418 | dex_sell=0.0741737 dex_buy=0.074193 | spread_a=-0.8bps spread_b=-8.5bps | min=30.0bps
2026-05-08 21:27:36,002 | INFO | fetch_order_book: symbol=CHIP/USDC limit=20
2026-05-08 21:27:36,334 | INFO | fetch_order_book: mid=0.07414 spread=5.40bps bids=20 asks=20
2026-05-08 21:27:37,252 | INFO | SPREAD | pair=CHIP/USDC | cex=0.07412/0.07416 | dex_sell=0.0741493 dex_buy=0.0741686 | spread_a=-1.4bps spread_b=-6.6bps | min=30.0bps
2026-05-08 21:27:38,254 | INFO | fetch_order_book: symbol=CHIP/USDC limit=20
2026-05-08 21:27:38,550 | INFO | fetch_order_book: mid=0.07413 spread=2.70bps bids=20 asks=20
2026-05-08 21:27:39,508 | INFO | SPREAD | pair=CHIP/USDC | cex=0.07412/0.07414 | dex_sell=0.0741193 dex_buy=0.0741386 | spread_a=-2.8bps spread_b=-2.5bps | min=30.0bps
2026-05-08 21:27:40,511 | INFO | fetch_order_book: symbol=CHIP/USDC limit=20
2026-05-08 21:27:40,773 | INFO | fetch_order_book: mid=0.07413 spread=2.70bps bids=20 asks=20
2026-05-08 21:27:41,654 | INFO | SPREAD | pair=CHIP/USDC | cex=0.07412/0.07414 | dex_sell=0.0741193 dex_buy=0.0741386 | spread_a=-2.8bps spread_b=-2.5bps | min=30.0bps
2026-05-08 21:27:42,657 | INFO | fetch_order_book: symbol=CHIP/USDC limit=20
2026-05-08 21:27:42,912 | INFO | fetch_order_book: mid=0.07410 spread=2.70bps bids=20 asks=20
2026-05-08 21:27:43,827 | INFO | SPREAD | pair=CHIP/USDC | cex=0.07409/0.07411 | dex_sell=0.0740893 dex_buy=0.0741086 | spread_a=-2.8bps spread_b=-2.5bps | min=30.0bps
2026-05-08 21:27:44,831 | INFO | fetch_order_book: symbol=CHIP/USDC limit=20
2026-05-08 21:27:45,091 | INFO | fetch_order_book: mid=0.07412 spread=8.09bps bids=20 asks=20
2026-05-08 21:27:45,974 | INFO | SPREAD | pair=CHIP/USDC | cex=0.07409/0.07415 | dex_sell=0.0740893 dex_buy=0.0741086 | spread_a=-8.2bps spread_b=-2.5bps | min=30.0bps
2026-05-08 21:27:46,978 | INFO | fetch_order_book: symbol=CHIP/USDC limit=20
2026-05-08 21:27:47,236 | INFO | fetch_order_book: mid=0.07412 spread=5.40bps bids=20 asks=20
2026-05-08 21:27:48,094 | INFO | SPREAD | pair=CHIP/USDC | cex=0.0741/0.07414 | dex_sell=0.0741137 dex_buy=0.0741329 | spread_a=-3.5bps spread_b=-4.4bps | min=30.0bps
2026-05-08 21:27:49,097 | INFO | fetch_order_book: symbol=CHIP/USDC limit=20
2026-05-08 21:27:49,352 | INFO | fetch_order_book: mid=0.07414 spread=5.40bps bids=20 asks=20
2026-05-08 21:27:50,279 | INFO | SPREAD | pair=CHIP/USDC | cex=0.07412/0.07416 | dex_sell=0.0741137 dex_buy=0.0741329 | spread_a=-6.2bps spread_b=-1.7bps | min=30.0bps
2026-05-08 21:27:51,282 | INFO | fetch_order_book: symbol=CHIP/USDC limit=20
2026-05-08 21:27:51,539 | INFO | fetch_order_book: mid=0.074125 spread=6.75bps bids=20 asks=20
2026-05-08 21:27:52,439 | INFO | SPREAD | pair=CHIP/USDC | cex=0.0741/0.07415 | dex_sell=0.0741137 dex_buy=0.0741329 | spread_a=-4.9bps spread_b=-4.4bps | min=30.0bps
2026-05-08 21:27:53,442 | INFO | fetch_order_book: symbol=CHIP/USDC limit=20
2026-05-08 21:27:53,701 | INFO | fetch_order_book: mid=0.074125 spread=6.75bps bids=20 asks=20
2026-05-08 21:27:54,606 | INFO | SPREAD | pair=CHIP/USDC | cex=0.0741/0.07415 | dex_sell=0.0741137 dex_buy=0.0741329 | spread_a=-4.9bps spread_b=-4.4bps | min=30.0bps
2026-05-08 21:27:55,609 | INFO | fetch_order_book: symbol=CHIP/USDC limit=20
2026-05-08 21:27:55,867 | INFO | fetch_order_book: mid=0.074115 spread=6.75bps bids=20 asks=20
2026-05-08 21:27:56,786 | INFO | SPREAD | pair=CHIP/USDC | cex=0.07409/0.07414 | dex_sell=0.0741137 dex_buy=0.0741329 | spread_a=-3.5bps spread_b=-5.8bps | min=30.0bps
2026-05-08 21:27:57,789 | INFO | fetch_order_book: symbol=CHIP/USDC limit=20
2026-05-08 21:27:58,047 | INFO | fetch_order_book: mid=0.074125 spread=4.05bps bids=20 asks=20
2026-05-08 21:27:58,951 | INFO | SPREAD | pair=CHIP/USDC | cex=0.07411/0.07414 | dex_sell=0.0741137 dex_buy=0.0741329 | spread_a=-3.5bps spread_b=-3.1bps | min=30.0bps
2026-05-08 21:27:59,955 | INFO | fetch_order_book: symbol=CHIP/USDC limit=20
2026-05-08 21:28:00,326 | INFO | fetch_order_book: mid=0.074105 spread=6.75bps bids=20 asks=20
2026-05-08 21:28:01,224 | INFO | SPREAD | pair=CHIP/USDC | cex=0.07408/0.07413 | dex_sell=0.0741137 dex_buy=0.0741329 | spread_a=-2.2bps spread_b=-7.1bps | min=30.0bps
2026-05-08 21:28:02,228 | INFO | fetch_order_book: symbol=CHIP/USDC limit=20
2026-05-08 21:28:02,565 | INFO | fetch_order_book: mid=0.07413 spread=2.70bps bids=20 asks=20
2026-05-08 21:28:03,469 | INFO | SPREAD | pair=CHIP/USDC | cex=0.07412/0.07414 | dex_sell=0.0741137 dex_buy=0.0741629 | spread_a=-3.5bps spread_b=-5.8bps | min=30.0bps
2026-05-08 21:28:04,473 | INFO | fetch_order_book: symbol=CHIP/USDC limit=20
2026-05-08 21:28:04,801 | INFO | fetch_order_book: mid=0.07414 spread=5.40bps bids=20 asks=20
2026-05-08 21:28:05,714 | INFO | SPREAD | pair=CHIP/USDC | cex=0.07412/0.07416 | dex_sell=0.0741437 dex_buy=0.0741629 | spread_a=-2.2bps spread_b=-5.8bps | min=30.0bps
2026-05-08 21:28:06,718 | INFO | fetch_order_book: symbol=CHIP/USDC limit=20
2026-05-08 21:28:06,979 | INFO | fetch_order_book: mid=0.074235 spread=4.04bps bids=20 asks=20
2026-05-08 21:28:07,858 | INFO | SPREAD | pair=CHIP/USDC | cex=0.07422/0.07425 | dex_sell=0.0741437 dex_buy=0.074203 | spread_a=-14.3bps spread_b=2.3bps | min=30.0bps
2026-05-08 21:28:08,860 | INFO | fetch_order_book: symbol=CHIP/USDC limit=20
2026-05-08 21:28:09,132 | INFO | fetch_order_book: mid=0.074195 spread=6.74bps bids=20 asks=20
2026-05-08 21:28:10,041 | INFO | SPREAD | pair=CHIP/USDC | cex=0.07417/0.07422 | dex_sell=0.0742238 dex_buy=0.0742085 | spread_a=0.5bps spread_b=-5.2bps | min=30.0bps
2026-05-08 21:28:11,044 | INFO | fetch_order_book: symbol=CHIP/USDC limit=20
2026-05-08 21:28:11,382 | INFO | fetch_order_book: mid=0.074215 spread=6.74bps bids=20 asks=20
2026-05-08 21:28:12,284 | INFO | SPREAD | pair=CHIP/USDC | cex=0.07419/0.07424 | dex_sell=0.0741892 dex_buy=0.0742085 | spread_a=-6.8bps spread_b=-2.5bps | min=30.0bps
2026-05-08 21:28:13,287 | INFO | fetch_order_book: symbol=CHIP/USDC limit=20
2026-05-08 21:28:13,571 | INFO | fetch_order_book: mid=0.07423 spread=5.39bps bids=20 asks=20
2026-05-08 21:28:14,513 | INFO | SPREAD | pair=CHIP/USDC | cex=0.07421/0.07425 | dex_sell=0.0742136 dex_buy=0.0742329 | spread_a=-4.9bps spread_b=-3.1bps | min=30.0bps
2026-05-08 21:28:15,516 | INFO | fetch_order_book: symbol=CHIP/USDC limit=20
2026-05-08 21:28:15,774 | INFO | fetch_order_book: mid=0.07423 spread=5.39bps bids=20 asks=20
2026-05-08 21:28:16,698 | INFO | SPREAD | pair=CHIP/USDC | cex=0.07421/0.07425 | dex_sell=0.0742136 dex_buy=0.0742329 | spread_a=-4.9bps spread_b=-3.1bps | min=30.0bps
2026-05-08 21:28:17,702 | INFO | fetch_order_book: symbol=CHIP/USDC limit=20
2026-05-08 21:28:17,966 | INFO | fetch_order_book: mid=0.07405 spread=2.70bps bids=20 asks=20
2026-05-08 21:28:18,841 | INFO | SPREAD | pair=CHIP/USDC | cex=0.07404/0.07406 | dex_sell=0.0741424 dex_buy=0.0740789 | spread_a=11.1bps spread_b=-5.3bps | min=30.0bps
2026-05-08 21:28:19,844 | INFO | fetch_order_book: symbol=CHIP/USDC limit=20
2026-05-08 21:28:20,103 | INFO | fetch_order_book: mid=0.07406 spread=5.40bps bids=20 asks=20
2026-05-08 21:28:20,993 | INFO | SPREAD | pair=CHIP/USDC | cex=0.07404/0.07408 | dex_sell=0.0740537 dex_buy=0.0740729 | spread_a=-3.6bps spread_b=-4.4bps | min=30.0bps
2026-05-08 21:28:21,996 | INFO | fetch_order_book: symbol=CHIP/USDC limit=20
2026-05-08 21:28:22,307 | INFO | fetch_order_book: mid=0.07410 spread=5.40bps bids=20 asks=20
2026-05-08 21:28:23,259 | INFO | SPREAD | pair=CHIP/USDC | cex=0.07408/0.07412 | dex_sell=0.0740537 dex_buy=0.0740729 | spread_a=-8.9bps spread_b=1.0bps | min=30.0bps
2026-05-08 21:28:24,262 | INFO | fetch_order_book: symbol=CHIP/USDC limit=20
2026-05-08 21:28:24,624 | INFO | fetch_order_book: mid=0.07410 spread=5.40bps bids=20 asks=20
2026-05-08 21:28:25,488 | INFO | SPREAD | pair=CHIP/USDC | cex=0.07408/0.07412 | dex_sell=0.0740837 dex_buy=0.0741029 | spread_a=-4.9bps spread_b=-3.1bps | min=30.0bps
2026-05-08 21:28:26,491 | INFO | fetch_order_book: symbol=CHIP/USDC limit=20
2026-05-08 21:28:26,745 | INFO | fetch_order_book: mid=0.07405 spread=2.70bps bids=20 asks=20
2026-05-08 21:28:27,632 | INFO | SPREAD | pair=CHIP/USDC | cex=0.07404/0.07406 | dex_sell=0.0740291 dex_buy=0.0740483 | spread_a=-4.2bps spread_b=-1.1bps | min=30.0bps
2026-05-08 21:28:28,635 | INFO | fetch_order_book: symbol=CHIP/USDC limit=20
2026-05-08 21:28:28,903 | INFO | fetch_order_book: mid=0.074005 spread=1.35bps bids=20 asks=20
2026-05-08 21:28:29,878 | INFO | SPREAD | pair=CHIP/USDC | cex=0.074/0.07401 | dex_sell=0.0739995 dex_buy=0.0740187 | spread_a=-1.4bps spread_b=-2.5bps | min=30.0bps
2026-05-08 21:28:30,882 | INFO | fetch_order_book: symbol=CHIP/USDC limit=20
2026-05-08 21:28:31,142 | INFO | fetch_order_book: mid=0.07401 spread=2.70bps bids=20 asks=20
2026-05-08 21:28:32,167 | INFO | SPREAD | pair=CHIP/USDC | cex=0.074/0.07402 | dex_sell=0.0739995 dex_buy=0.0740187 | spread_a=-2.8bps spread_b=-2.5bps | min=30.0bps
2026-05-08 21:28:33,170 | INFO | fetch_order_book: symbol=CHIP/USDC limit=20
2026-05-08 21:28:33,428 | INFO | fetch_order_book: mid=0.07414 spread=5.40bps bids=20 asks=20
2026-05-08 21:28:34,297 | INFO | SPREAD | pair=CHIP/USDC | cex=0.07412/0.07416 | dex_sell=0.0741136 dex_buy=0.0741329 | spread_a=-6.3bps spread_b=-1.7bps | min=30.0bps
2026-05-08 21:28:35,299 | INFO | fetch_order_book: symbol=CHIP/USDC limit=20
2026-05-08 21:28:35,651 | INFO | fetch_order_book: mid=0.074285 spread=6.73bps bids=20 asks=20
2026-05-08 21:28:36,591 | INFO | SPREAD | pair=CHIP/USDC | cex=0.07426/0.07431 | dex_sell=0.0742636 dex_buy=0.0742829 | spread_a=-6.2bps spread_b=-3.1bps | min=30.0bps
2026-05-08 21:28:37,595 | INFO | fetch_order_book: symbol=CHIP/USDC limit=20
2026-05-08 21:28:37,855 | INFO | fetch_order_book: mid=0.07428 spread=5.39bps bids=20 asks=20
2026-05-08 21:28:38,750 | INFO | SPREAD | pair=CHIP/USDC | cex=0.07426/0.0743 | dex_sell=0.0742636 dex_buy=0.0742829 | spread_a=-4.9bps spread_b=-3.1bps | min=30.0bps
2026-05-08 21:28:39,753 | INFO | fetch_order_book: symbol=CHIP/USDC limit=20
2026-05-08 21:28:40,012 | INFO | fetch_order_book: mid=0.07422 spread=2.69bps bids=20 asks=20
2026-05-08 21:28:40,908 | INFO | SPREAD | pair=CHIP/USDC | cex=0.07421/0.07423 | dex_sell=0.0742293 dex_buy=0.0742486 | spread_a=-0.1bps spread_b=-5.2bps | min=30.0bps
2026-05-08 21:28:41,912 | INFO | fetch_order_book: symbol=CHIP/USDC limit=20
2026-05-08 21:28:42,171 | INFO | fetch_order_book: mid=0.07419 spread=5.39bps bids=20 asks=20
2026-05-08 21:28:43,065 | INFO | SPREAD | pair=CHIP/USDC | cex=0.07417/0.07421 | dex_sell=0.0742293 dex_buy=0.0742486 | spread_a=2.6bps spread_b=-10.6bps | min=30.0bps
2026-05-08 21:28:44,069 | INFO | fetch_order_book: symbol=CHIP/USDC limit=20
2026-05-08 21:28:44,356 | INFO | fetch_order_book: mid=0.07415 spread=5.39bps bids=20 asks=20
2026-05-08 21:28:45,265 | INFO | SPREAD | pair=CHIP/USDC | cex=0.07413/0.07417 | dex_sell=0.0741392 dex_buy=0.0741585 | spread_a=-4.2bps spread_b=-3.8bps | min=30.0bps
2026-05-08 21:28:46,269 | INFO | fetch_order_book: symbol=CHIP/USDC limit=20
2026-05-08 21:28:46,528 | INFO | fetch_order_book: mid=0.07414 spread=5.40bps bids=20 asks=20
2026-05-08 21:28:47,436 | INFO | SPREAD | pair=CHIP/USDC | cex=0.07412/0.07416 | dex_sell=0.0741392 dex_buy=0.0741585 | spread_a=-2.8bps spread_b=-5.2bps | min=30.0bps
2026-05-08 21:28:48,439 | INFO | fetch_order_book: symbol=CHIP/USDC limit=20
2026-05-08 21:28:48,708 | INFO | fetch_order_book: mid=0.07398 spread=2.70bps bids=20 asks=20
2026-05-08 21:28:49,629 | INFO | SPREAD | pair=CHIP/USDC | cex=0.07397/0.07399 | dex_sell=0.0739691 dex_buy=0.0739883 | spread_a=-2.8bps spread_b=-2.5bps | min=30.0bps
2026-05-08 21:28:50,633 | INFO | fetch_order_book: symbol=CHIP/USDC limit=20
2026-05-08 21:28:50,890 | INFO | fetch_order_book: mid=0.074085 spread=4.05bps bids=20 asks=20
2026-05-08 21:28:51,780 | INFO | SPREAD | pair=CHIP/USDC | cex=0.07407/0.0741 | dex_sell=0.0740636 dex_buy=0.0740828 | spread_a=-4.9bps spread_b=-1.7bps | min=30.0bps
2026-05-08 21:28:52,783 | INFO | fetch_order_book: symbol=CHIP/USDC limit=20
2026-05-08 21:28:53,044 | INFO | fetch_order_book: mid=0.074105 spread=1.35bps bids=20 asks=20
2026-05-08 21:28:53,940 | INFO | SPREAD | pair=CHIP/USDC | cex=0.0741/0.07411 | dex_sell=0.0740938 dex_buy=0.0741131 | spread_a=-2.2bps spread_b=-1.8bps | min=30.0bps
2026-05-08 21:28:54,943 | INFO | fetch_order_book: symbol=CHIP/USDC limit=20
2026-05-08 21:28:55,204 | INFO | fetch_order_book: mid=0.07433 spread=5.38bps bids=20 asks=20
2026-05-08 21:28:56,144 | INFO | SPREAD | pair=CHIP/USDC | cex=0.07431/0.07435 | dex_sell=0.0743335 dex_buy=0.0743528 | spread_a=-2.2bps spread_b=-5.8bps | min=30.0bps
2026-05-08 21:28:57,148 | INFO | fetch_order_book: symbol=CHIP/USDC limit=20
2026-05-08 21:28:57,423 | INFO | fetch_order_book: mid=0.074255 spread=6.73bps bids=20 asks=20
2026-05-08 21:28:58,364 | INFO | SPREAD | pair=CHIP/USDC | cex=0.07423/0.07428 | dex_sell=0.0742793 dex_buy=0.0742588 | spread_a=-0.1bps spread_b=-3.9bps | min=30.0bps
2026-05-08 21:28:59,367 | INFO | fetch_order_book: symbol=CHIP/USDC limit=20
2026-05-08 21:28:59,625 | INFO | fetch_order_book: mid=0.07424 spread=5.39bps bids=20 asks=20
2026-05-08 21:29:00,524 | INFO | SPREAD | pair=CHIP/USDC | cex=0.07422/0.07426 | dex_sell=0.0742091 dex_buy=0.0742284 | spread_a=-6.8bps spread_b=-1.1bps | min=30.0bps
2026-05-08 21:29:01,527 | INFO | fetch_order_book: symbol=CHIP/USDC limit=20
2026-05-08 21:29:01,805 | INFO | fetch_order_book: mid=0.074165 spread=1.35bps bids=20 asks=20
2026-05-08 21:29:02,759 | INFO | SPREAD | pair=CHIP/USDC | cex=0.07416/0.07417 | dex_sell=0.0741845 dex_buy=0.0742038 | spread_a=2.0bps spread_b=-5.9bps | min=30.0bps
2026-05-08 21:29:03,762 | INFO | fetch_order_book: symbol=CHIP/USDC limit=20
2026-05-08 21:29:04,023 | INFO | fetch_order_book: mid=0.07414 spread=5.40bps bids=20 asks=20
2026-05-08 21:29:04,936 | INFO | SPREAD | pair=CHIP/USDC | cex=0.07412/0.07416 | dex_sell=0.0741594 dex_buy=0.0741786 | spread_a=-0.1bps spread_b=-7.9bps | min=30.0bps
2026-05-08 21:29:05,939 | INFO | fetch_order_book: symbol=CHIP/USDC limit=20
2026-05-08 21:29:06,239 | INFO | fetch_order_book: mid=0.07413 spread=8.09bps bids=20 asks=20
2026-05-08 21:29:07,136 | INFO | SPREAD | pair=CHIP/USDC | cex=0.0741/0.07416 | dex_sell=0.0741294 dex_buy=0.0741183 | spread_a=-4.1bps spread_b=-2.5bps | min=30.0bps
2026-05-08 21:29:08,139 | INFO | fetch_order_book: symbol=CHIP/USDC limit=20
2026-05-08 21:29:08,400 | INFO | fetch_order_book: mid=0.07413 spread=5.40bps bids=20 asks=20
2026-05-08 21:29:09,280 | INFO | SPREAD | pair=CHIP/USDC | cex=0.07411/0.07415 | dex_sell=0.0741237 dex_buy=0.0741429 | spread_a=-3.6bps spread_b=-4.4bps | min=30.0bps
2026-05-08 21:29:10,283 | INFO | fetch_order_book: symbol=CHIP/USDC limit=20
2026-05-08 21:29:10,545 | INFO | fetch_order_book: mid=0.07413 spread=5.40bps bids=20 asks=20
2026-05-08 21:29:11,451 | INFO | SPREAD | pair=CHIP/USDC | cex=0.07411/0.07415 | dex_sell=0.0741237 dex_buy=0.0741429 | spread_a=-3.6bps spread_b=-4.4bps | min=30.0bps
2026-05-08 21:29:12,454 | INFO | fetch_order_book: symbol=CHIP/USDC limit=20
2026-05-08 21:29:12,709 | INFO | fetch_order_book: mid=0.07416 spread=5.39bps bids=20 asks=20
2026-05-08 21:29:13,605 | INFO | SPREAD | pair=CHIP/USDC | cex=0.07414/0.07418 | dex_sell=0.0741637 dex_buy=0.074183 | spread_a=-2.2bps spread_b=-5.8bps | min=30.0bps
2026-05-08 21:29:14,609 | INFO | fetch_order_book: symbol=CHIP/USDC limit=20
2026-05-08 21:29:14,862 | INFO | fetch_order_book: mid=0.074185 spread=6.74bps bids=20 asks=20
2026-05-08 21:29:15,828 | INFO | SPREAD | pair=CHIP/USDC | cex=0.07416/0.07421 | dex_sell=0.0741637 dex_buy=0.074183 | spread_a=-6.2bps spread_b=-3.1bps | min=30.0bps
2026-05-08 21:29:16,832 | INFO | fetch_order_book: symbol=CHIP/USDC limit=20
2026-05-08 21:29:17,099 | INFO | fetch_order_book: mid=0.07417 spread=5.39bps bids=20 asks=20
2026-05-08 21:29:17,978 | INFO | SPREAD | pair=CHIP/USDC | cex=0.07415/0.07419 | dex_sell=0.0741637 dex_buy=0.074183 | spread_a=-3.5bps spread_b=-4.4bps | min=30.0bps
2026-05-08 21:29:18,981 | INFO | fetch_order_book: symbol=CHIP/USDC limit=20
2026-05-08 21:29:19,240 | INFO | fetch_order_book: mid=0.074215 spread=6.74bps bids=20 asks=20
2026-05-08 21:29:20,167 | INFO | SPREAD | pair=CHIP/USDC | cex=0.07419/0.07424 | dex_sell=0.0741937 dex_buy=0.074213 | spread_a=-6.2bps spread_b=-3.1bps | min=30.0bps
2026-05-08 21:29:21,171 | INFO | fetch_order_book: symbol=CHIP/USDC limit=20
2026-05-08 21:29:21,630 | INFO | fetch_order_book: mid=0.07419 spread=5.39bps bids=20 asks=20
2026-05-08 21:29:22,541 | INFO | SPREAD | pair=CHIP/USDC | cex=0.07417/0.07421 | dex_sell=0.0741937 dex_buy=0.074213 | spread_a=-2.2bps spread_b=-5.8bps | min=30.0bps
2026-05-08 21:29:23,544 | INFO | fetch_order_book: symbol=CHIP/USDC limit=20
2026-05-08 21:29:23,906 | INFO | fetch_order_book: mid=0.07420 spread=5.39bps bids=20 asks=20
2026-05-08 21:29:24,795 | INFO | SPREAD | pair=CHIP/USDC | cex=0.07418/0.07422 | dex_sell=0.0741937 dex_buy=0.074213 | spread_a=-3.5bps spread_b=-4.4bps | min=30.0bps
2026-05-08 21:29:25,798 | INFO | fetch_order_book: symbol=CHIP/USDC limit=20
2026-05-08 21:29:26,060 | INFO | fetch_order_book: mid=0.07429 spread=2.69bps bids=20 asks=20
2026-05-08 21:29:26,952 | INFO | SPREAD | pair=CHIP/USDC | cex=0.07428/0.0743 | dex_sell=0.0741937 dex_buy=0.074213 | spread_a=-14.3bps spread_b=9.0bps | min=30.0bps
2026-05-08 21:29:27,955 | INFO | fetch_order_book: symbol=CHIP/USDC limit=20
2026-05-08 21:29:28,213 | INFO | fetch_order_book: mid=0.07413 spread=2.70bps bids=20 asks=20
2026-05-08 21:29:29,106 | INFO | SPREAD | pair=CHIP/USDC | cex=0.07412/0.07414 | dex_sell=0.0741691 dex_buy=0.0741586 | spread_a=3.9bps spread_b=-5.2bps | min=30.0bps
2026-05-08 21:29:30,109 | INFO | fetch_order_book: symbol=CHIP/USDC limit=20
2026-05-08 21:29:30,490 | INFO | fetch_order_book: mid=0.074135 spread=4.05bps bids=20 asks=20
2026-05-08 21:29:31,427 | INFO | SPREAD | pair=CHIP/USDC | cex=0.07412/0.07415 | dex_sell=0.0741093 dex_buy=0.0741286 | spread_a=-5.5bps spread_b=-1.2bps | min=30.0bps
2026-05-08 21:29:32,429 | INFO | fetch_order_book: symbol=CHIP/USDC limit=20
2026-05-08 21:29:32,685 | INFO | fetch_order_book: mid=0.074135 spread=6.74bps bids=20 asks=20
2026-05-08 21:29:33,593 | INFO | SPREAD | pair=CHIP/USDC | cex=0.07411/0.07416 | dex_sell=0.0741093 dex_buy=0.0741286 | spread_a=-6.8bps spread_b=-2.5bps | min=30.0bps
2026-05-08 21:29:34,595 | INFO | fetch_order_book: symbol=CHIP/USDC limit=20
2026-05-08 21:29:34,854 | INFO | fetch_order_book: mid=0.074145 spread=6.74bps bids=20 asks=20
2026-05-08 21:29:35,741 | INFO | SPREAD | pair=CHIP/USDC | cex=0.07412/0.07417 | dex_sell=0.0741339 dex_buy=0.0741531 | spread_a=-4.9bps spread_b=-4.5bps | min=30.0bps
2026-05-08 21:29:36,744 | INFO | fetch_order_book: symbol=CHIP/USDC limit=20
2026-05-08 21:29:37,001 | INFO | fetch_order_book: mid=0.074145 spread=6.74bps bids=20 asks=20
2026-05-08 21:29:37,908 | INFO | SPREAD | pair=CHIP/USDC | cex=0.07412/0.07417 | dex_sell=0.0741339 dex_buy=0.0741531 | spread_a=-4.9bps spread_b=-4.5bps | min=30.0bps
2026-05-08 21:29:38,911 | INFO | fetch_order_book: symbol=CHIP/USDC limit=20
2026-05-08 21:29:39,273 | INFO | fetch_order_book: mid=0.074175 spread=6.74bps bids=20 asks=20
2026-05-08 21:29:40,175 | INFO | SPREAD | pair=CHIP/USDC | cex=0.07415/0.0742 | dex_sell=0.0741636 dex_buy=0.0741828 | spread_a=-4.9bps spread_b=-4.4bps | min=30.0bps
2026-05-08 21:29:41,178 | INFO | fetch_order_book: symbol=CHIP/USDC limit=20
2026-05-08 21:29:41,442 | INFO | fetch_order_book: mid=0.074245 spread=6.73bps bids=20 asks=20
2026-05-08 21:29:42,385 | INFO | SPREAD | pair=CHIP/USDC | cex=0.07422/0.07427 | dex_sell=0.0742509 dex_buy=0.0742701 | spread_a=-2.6bps spread_b=-6.8bps | min=30.0bps
2026-05-08 21:29:43,389 | INFO | fetch_order_book: symbol=CHIP/USDC limit=20
2026-05-08 21:29:43,654 | INFO | fetch_order_book: mid=0.07424 spread=5.39bps bids=20 asks=20
2026-05-08 21:29:44,569 | INFO | SPREAD | pair=CHIP/USDC | cex=0.07422/0.07426 | dex_sell=0.0742509 dex_buy=0.0742701 | spread_a=-1.2bps spread_b=-6.8bps | min=30.0bps
2026-05-08 21:29:45,572 | INFO | fetch_order_book: symbol=CHIP/USDC limit=20
2026-05-08 21:29:45,834 | INFO | fetch_order_book: mid=0.07412 spread=5.40bps bids=20 asks=20
2026-05-08 21:29:46,744 | INFO | SPREAD | pair=CHIP/USDC | cex=0.0741/0.07414 | dex_sell=0.0741294 dex_buy=0.0741486 | spread_a=-1.4bps spread_b=-6.6bps | min=30.0bps
2026-05-08 21:29:47,746 | INFO | fetch_order_book: symbol=CHIP/USDC limit=20
2026-05-08 21:29:48,014 | INFO | fetch_order_book: mid=0.07410 spread=5.40bps bids=20 asks=20
2026-05-08 21:29:48,943 | INFO | SPREAD | pair=CHIP/USDC | cex=0.07408/0.07412 | dex_sell=0.0740994 dex_buy=0.0741186 | spread_a=-2.8bps spread_b=-5.2bps | min=30.0bps
2026-05-08 21:29:49,947 | INFO | fetch_order_book: symbol=CHIP/USDC limit=20
2026-05-08 21:29:50,212 | INFO | fetch_order_book: mid=0.074115 spread=9.44bps bids=20 asks=20
2026-05-08 21:29:51,128 | INFO | SPREAD | pair=CHIP/USDC | cex=0.07408/0.07415 | dex_sell=0.0741237 dex_buy=0.074143 | spread_a=-3.5bps spread_b=-8.5bps | min=30.0bps
2026-05-08 21:29:52,131 | INFO | fetch_order_book: symbol=CHIP/USDC limit=20
2026-05-08 21:29:52,394 | INFO | fetch_order_book: mid=0.07417 spread=5.39bps bids=20 asks=20
2026-05-08 21:29:53,274 | INFO | SPREAD | pair=CHIP/USDC | cex=0.07415/0.07419 | dex_sell=0.0741537 dex_buy=0.074173 | spread_a=-4.9bps spread_b=-3.1bps | min=30.0bps
2026-05-08 21:29:54,278 | INFO | fetch_order_book: symbol=CHIP/USDC limit=20
2026-05-08 21:29:54,603 | INFO | fetch_order_book: mid=0.07414 spread=5.40bps bids=20 asks=20
2026-05-08 21:29:55,484 | INFO | SPREAD | pair=CHIP/USDC | cex=0.07412/0.07416 | dex_sell=0.0741537 dex_buy=0.074173 | spread_a=-0.8bps spread_b=-7.1bps | min=30.0bps
2026-05-08 21:29:56,487 | INFO | fetch_order_book: symbol=CHIP/USDC limit=20
2026-05-08 21:29:56,742 | INFO | fetch_order_book: mid=0.07415 spread=5.39bps bids=20 asks=20
2026-05-08 21:29:57,633 | INFO | SPREAD | pair=CHIP/USDC | cex=0.07413/0.07417 | dex_sell=0.0741537 dex_buy=0.074173 | spread_a=-2.2bps spread_b=-5.8bps | min=30.0bps
2026-05-08 21:29:58,637 | INFO | fetch_order_book: symbol=CHIP/USDC limit=20
2026-05-08 21:29:58,898 | INFO | fetch_order_book: mid=0.07425 spread=2.69bps bids=20 asks=20
2026-05-08 21:29:59,806 | INFO | SPREAD | pair=CHIP/USDC | cex=0.07424/0.07426 | dex_sell=0.0741537 dex_buy=0.074213 | spread_a=-14.3bps spread_b=3.6bps | min=30.0bps
2026-05-08 21:30:00,809 | INFO | fetch_order_book: symbol=CHIP/USDC limit=20
2026-05-08 21:30:01,079 | INFO | fetch_order_book: mid=0.074255 spread=6.73bps bids=20 asks=20
2026-05-08 21:30:01,980 | INFO | SPREAD | pair=CHIP/USDC | cex=0.07423/0.07428 | dex_sell=0.0742734 dex_buy=0.0742927 | spread_a=-0.9bps spread_b=-8.4bps | min=30.0bps
2026-05-08 21:30:02,983 | INFO | fetch_order_book: symbol=CHIP/USDC limit=20
2026-05-08 21:30:03,442 | INFO | fetch_order_book: mid=0.07421 spread=5.39bps bids=20 asks=20
2026-05-08 21:30:04,379 | INFO | SPREAD | pair=CHIP/USDC | cex=0.07419/0.07423 | dex_sell=0.0742492 dex_buy=0.0742387 | spread_a=2.6bps spread_b=-6.6bps | min=30.0bps
2026-05-08 21:30:05,382 | INFO | fetch_order_book: symbol=CHIP/USDC limit=20
2026-05-08 21:30:05,649 | INFO | fetch_order_book: mid=0.074195 spread=6.74bps bids=20 asks=20
2026-05-08 21:30:06,535 | INFO | SPREAD | pair=CHIP/USDC | cex=0.07417/0.07422 | dex_sell=0.0741894 dex_buy=0.0742087 | spread_a=-4.1bps spread_b=-5.2bps | min=30.0bps
2026-05-08 21:30:07,539 | INFO | fetch_order_book: symbol=CHIP/USDC limit=20
2026-05-08 21:30:07,798 | INFO | fetch_order_book: mid=0.074225 spread=6.74bps bids=20 asks=20
2026-05-08 21:30:08,682 | INFO | SPREAD | pair=CHIP/USDC | cex=0.0742/0.07425 | dex_sell=0.0741894 dex_buy=0.0741786 | spread_a=-8.2bps spread_b=2.9bps | min=30.0bps
2026-05-08 21:30:09,685 | INFO | fetch_order_book: symbol=CHIP/USDC limit=20
2026-05-08 21:30:09,945 | INFO | fetch_order_book: mid=0.07424 spread=5.39bps bids=20 asks=20
2026-05-08 21:30:10,883 | INFO | SPREAD | pair=CHIP/USDC | cex=0.07422/0.07426 | dex_sell=0.0742137 dex_buy=0.074233 | spread_a=-6.2bps spread_b=-1.8bps | min=30.0bps
2026-05-08 21:30:11,887 | INFO | fetch_order_book: symbol=CHIP/USDC limit=20
2026-05-08 21:30:12,159 | INFO | fetch_order_book: mid=0.074195 spread=9.43bps bids=20 asks=20
2026-05-08 21:30:13,100 | INFO | SPREAD | pair=CHIP/USDC | cex=0.07416/0.07423 | dex_sell=0.0742137 dex_buy=0.074233 | spread_a=-2.2bps spread_b=-9.8bps | min=30.0bps
2026-05-08 21:30:14,104 | INFO | fetch_order_book: symbol=CHIP/USDC limit=20
2026-05-08 21:30:14,362 | INFO | fetch_order_book: mid=0.074165 spread=6.74bps bids=20 asks=20
2026-05-08 21:30:15,279 | INFO | SPREAD | pair=CHIP/USDC | cex=0.07414/0.07419 | dex_sell=0.0741395 dex_buy=0.0741587 | spread_a=-6.8bps spread_b=-2.5bps | min=30.0bps
2026-05-08 21:30:16,282 | INFO | fetch_order_book: symbol=CHIP/USDC limit=20
2026-05-08 21:30:16,542 | INFO | fetch_order_book: mid=0.07412 spread=5.40bps bids=20 asks=20
2026-05-08 21:30:17,440 | INFO | SPREAD | pair=CHIP/USDC | cex=0.0741/0.07414 | dex_sell=0.0740994 dex_buy=0.0741186 | spread_a=-5.5bps spread_b=-2.5bps | min=30.0bps
2026-05-08 21:30:18,444 | INFO | fetch_order_book: symbol=CHIP/USDC limit=20
2026-05-08 21:30:18,749 | INFO | fetch_order_book: mid=0.074115 spread=4.05bps bids=20 asks=20
2026-05-08 21:30:19,660 | INFO | SPREAD | pair=CHIP/USDC | cex=0.0741/0.07413 | dex_sell=0.0740792 dex_buy=0.0740985 | spread_a=-6.8bps spread_b=0.2bps | min=30.0bps
2026-05-08 21:30:20,664 | INFO | fetch_order_book: symbol=CHIP/USDC limit=20
2026-05-08 21:30:20,920 | INFO | fetch_order_book: mid=0.07413 spread=5.40bps bids=20 asks=20
2026-05-08 21:30:21,830 | INFO | SPREAD | pair=CHIP/USDC | cex=0.07411/0.07415 | dex_sell=0.0741038 dex_buy=0.074123 | spread_a=-6.2bps spread_b=-1.8bps | min=30.0bps
2026-05-08 21:30:22,833 | INFO | fetch_order_book: symbol=CHIP/USDC limit=20
2026-05-08 21:30:23,090 | INFO | fetch_order_book: mid=0.07414 spread=5.40bps bids=20 asks=20
2026-05-08 21:30:23,989 | INFO | SPREAD | pair=CHIP/USDC | cex=0.07412/0.07416 | dex_sell=0.0741038 dex_buy=0.074123 | spread_a=-7.6bps spread_b=-0.4bps | min=30.0bps
2026-05-08 21:30:24,993 | INFO | fetch_order_book: symbol=CHIP/USDC limit=20
2026-05-08 21:30:25,404 | INFO | fetch_order_book: mid=0.074135 spread=4.05bps bids=20 asks=20
2026-05-08 21:30:26,308 | INFO | SPREAD | pair=CHIP/USDC | cex=0.07412/0.07415 | dex_sell=0.0741038 dex_buy=0.074123 | spread_a=-6.2bps spread_b=-0.4bps | min=30.0bps
2026-05-08 21:30:27,312 | INFO | fetch_order_book: symbol=CHIP/USDC limit=20
2026-05-08 21:30:27,587 | INFO | fetch_order_book: mid=0.074055 spread=6.75bps bids=20 asks=20
2026-05-08 21:30:28,468 | INFO | SPREAD | pair=CHIP/USDC | cex=0.07403/0.07408 | dex_sell=0.0740392 dex_buy=0.0740585 | spread_a=-5.5bps spread_b=-3.8bps | min=30.0bps
2026-05-08 21:30:29,472 | INFO | fetch_order_book: symbol=CHIP/USDC limit=20
2026-05-08 21:30:29,745 | INFO | fetch_order_book: mid=0.074105 spread=4.05bps bids=20 asks=20
2026-05-08 21:30:30,680 | INFO | SPREAD | pair=CHIP/USDC | cex=0.07409/0.07412 | dex_sell=0.0740638 dex_buy=0.074083 | spread_a=-7.6bps spread_b=0.9bps | min=30.0bps
2026-05-08 21:30:31,682 | INFO | fetch_order_book: symbol=CHIP/USDC limit=20
2026-05-08 21:30:31,939 | INFO | fetch_order_book: mid=0.07411 spread=5.40bps bids=20 asks=20
2026-05-08 21:30:32,858 | INFO | SPREAD | pair=CHIP/USDC | cex=0.07409/0.07413 | dex_sell=0.0740638 dex_buy=0.074113 | spread_a=-8.9bps spread_b=-3.1bps | min=30.0bps
2026-05-08 21:30:33,861 | INFO | fetch_order_book: symbol=CHIP/USDC limit=20
2026-05-08 21:30:34,232 | INFO | fetch_order_book: mid=0.07412 spread=2.70bps bids=20 asks=20
2026-05-08 21:30:35,151 | INFO | SPREAD | pair=CHIP/USDC | cex=0.07411/0.07413 | dex_sell=0.0740938 dex_buy=0.074113 | spread_a=-4.9bps spread_b=-0.4bps | min=30.0bps
2026-05-08 21:30:36,155 | INFO | fetch_order_book: symbol=CHIP/USDC limit=20
2026-05-08 21:30:36,414 | INFO | fetch_order_book: mid=0.074115 spread=4.05bps bids=20 asks=20
2026-05-08 21:30:37,303 | INFO | SPREAD | pair=CHIP/USDC | cex=0.0741/0.07413 | dex_sell=0.0740938 dex_buy=0.074113 | spread_a=-4.9bps spread_b=-1.8bps | min=30.0bps
2026-05-08 21:30:38,306 | INFO | fetch_order_book: symbol=CHIP/USDC limit=20
2026-05-08 21:30:38,571 | INFO | fetch_order_book: mid=0.07414 spread=2.70bps bids=20 asks=20
2026-05-08 21:30:39,437 | INFO | SPREAD | pair=CHIP/USDC | cex=0.07413/0.07415 | dex_sell=0.0741238 dex_buy=0.0741431 | spread_a=-3.5bps spread_b=-1.8bps | min=30.0bps
2026-05-08 21:30:40,440 | INFO | fetch_order_book: symbol=CHIP/USDC limit=20
2026-05-08 21:30:40,696 | INFO | fetch_order_book: mid=0.07411 spread=5.40bps bids=20 asks=20
2026-05-08 21:30:41,613 | INFO | SPREAD | pair=CHIP/USDC | cex=0.07409/0.07413 | dex_sell=0.0741238 dex_buy=0.0741431 | spread_a=-0.8bps spread_b=-7.2bps | min=30.0bps
2026-05-08 21:30:42,616 | INFO | fetch_order_book: symbol=CHIP/USDC limit=20
2026-05-08 21:30:42,875 | INFO | fetch_order_book: mid=0.074115 spread=6.75bps bids=20 asks=20
2026-05-08 21:30:43,798 | INFO | SPREAD | pair=CHIP/USDC | cex=0.07409/0.07414 | dex_sell=0.0741238 dex_buy=0.0741431 | spread_a=-2.2bps spread_b=-7.2bps | min=30.0bps
2026-05-08 21:30:44,799 | INFO | fetch_order_book: symbol=CHIP/USDC limit=20
2026-05-08 21:30:45,053 | INFO | fetch_order_book: mid=0.074095 spread=4.05bps bids=20 asks=20
2026-05-08 21:30:45,945 | INFO | SPREAD | pair=CHIP/USDC | cex=0.07408/0.07411 | dex_sell=0.0740893 dex_buy=0.0741086 | spread_a=-2.8bps spread_b=-3.9bps | min=30.0bps
2026-05-08 21:30:46,949 | INFO | fetch_order_book: symbol=CHIP/USDC limit=20
2026-05-08 21:30:47,204 | INFO | fetch_order_book: mid=0.07418 spread=5.39bps bids=20 asks=20
2026-05-08 21:30:48,119 | INFO | SPREAD | pair=CHIP/USDC | cex=0.07416/0.0742 | dex_sell=0.0740893 dex_buy=0.0741329 | spread_a=-14.9bps spread_b=3.7bps | min=30.0bps
2026-05-08 21:30:49,123 | INFO | fetch_order_book: symbol=CHIP/USDC limit=20
2026-05-08 21:30:49,395 | INFO | fetch_order_book: mid=0.07424 spread=2.69bps bids=20 asks=20
2026-05-08 21:30:50,276 | INFO | SPREAD | pair=CHIP/USDC | cex=0.07423/0.07425 | dex_sell=0.0742409 dex_buy=0.0742602 | spread_a=-1.2bps spread_b=-4.1bps | min=30.0bps
2026-05-08 21:30:51,280 | INFO | fetch_order_book: symbol=CHIP/USDC limit=20
2026-05-08 21:30:51,540 | INFO | fetch_order_book: mid=0.074185 spread=4.04bps bids=20 asks=20
2026-05-08 21:30:52,473 | INFO | SPREAD | pair=CHIP/USDC | cex=0.07417/0.0742 | dex_sell=0.0741792 dex_buy=0.0741985 | spread_a=-2.8bps spread_b=-3.8bps | min=30.0bps
2026-05-08 21:30:53,476 | INFO | fetch_order_book: symbol=CHIP/USDC limit=20
2026-05-08 21:30:53,737 | INFO | fetch_order_book: mid=0.07416 spread=2.70bps bids=20 asks=20
2026-05-08 21:30:54,637 | INFO | SPREAD | pair=CHIP/USDC | cex=0.07415/0.07417 | dex_sell=0.0741792 dex_buy=0.0741985 | spread_a=1.2bps spread_b=-6.5bps | min=30.0bps
2026-05-08 21:30:55,640 | INFO | fetch_order_book: symbol=CHIP/USDC limit=20
2026-05-08 21:30:55,990 | INFO | fetch_order_book: mid=0.074185 spread=4.04bps bids=20 asks=20
2026-05-08 21:30:56,905 | INFO | SPREAD | pair=CHIP/USDC | cex=0.07417/0.0742 | dex_sell=0.0741495 dex_buy=0.0741929 | spread_a=-6.8bps spread_b=-3.1bps | min=30.0bps
2026-05-08 21:30:57,908 | INFO | fetch_order_book: symbol=CHIP/USDC limit=20
2026-05-08 21:30:58,210 | INFO | fetch_order_book: mid=0.07423 spread=2.69bps bids=20 asks=20
2026-05-08 21:30:59,156 | INFO | SPREAD | pair=CHIP/USDC | cex=0.07422/0.07424 | dex_sell=0.0741736 dex_buy=0.0741929 | spread_a=-8.9bps spread_b=3.7bps | min=30.0bps
2026-05-08 21:31:00,159 | INFO | fetch_order_book: symbol=CHIP/USDC limit=20
2026-05-08 21:31:00,419 | INFO | fetch_order_book: mid=0.074225 spread=4.04bps bids=20 asks=20
2026-05-08 21:31:01,331 | INFO | SPREAD | pair=CHIP/USDC | cex=0.07421/0.07424 | dex_sell=0.0742336 dex_buy=0.0742529 | spread_a=-0.9bps spread_b=-5.8bps | min=30.0bps
2026-05-08 21:31:02,334 | INFO | fetch_order_book: symbol=CHIP/USDC limit=20
2026-05-08 21:31:02,616 | INFO | fetch_order_book: mid=0.074225 spread=4.04bps bids=20 asks=20
2026-05-08 21:31:03,517 | INFO | SPREAD | pair=CHIP/USDC | cex=0.07421/0.07424 | dex_sell=0.0742336 dex_buy=0.0742529 | spread_a=-0.9bps spread_b=-5.8bps | min=30.0bps
2026-05-08 21:31:04,521 | INFO | fetch_order_book: symbol=CHIP/USDC limit=20
2026-05-08 21:31:04,790 | INFO | fetch_order_book: mid=0.07421 spread=5.39bps bids=20 asks=20
2026-05-08 21:31:05,703 | INFO | SPREAD | pair=CHIP/USDC | cex=0.07419/0.07423 | dex_sell=0.0742336 dex_buy=0.0742529 | spread_a=0.5bps spread_b=-8.5bps | min=30.0bps
2026-05-08 21:31:06,707 | INFO | fetch_order_book: symbol=CHIP/USDC limit=20
2026-05-08 21:31:06,991 | INFO | fetch_order_book: mid=0.07420 spread=2.70bps bids=20 asks=20
2026-05-08 21:31:07,898 | INFO | SPREAD | pair=CHIP/USDC | cex=0.07419/0.07421 | dex_sell=0.0742092 dex_buy=0.0742285 | spread_a=-0.1bps spread_b=-5.2bps | min=30.0bps
2026-05-08 21:31:08,900 | INFO | fetch_order_book: symbol=CHIP/USDC limit=20
2026-05-08 21:31:09,183 | INFO | fetch_order_book: mid=0.07419 spread=5.39bps bids=20 asks=20
2026-05-08 21:31:10,100 | INFO | SPREAD | pair=CHIP/USDC | cex=0.07417/0.07421 | dex_sell=0.0742092 dex_buy=0.0742285 | spread_a=-0.1bps spread_b=-7.9bps | min=30.0bps
2026-05-08 21:31:11,103 | INFO | fetch_order_book: symbol=CHIP/USDC limit=20
2026-05-08 21:31:11,360 | INFO | fetch_order_book: mid=0.07419 spread=5.39bps bids=20 asks=20
2026-05-08 21:31:12,300 | INFO | SPREAD | pair=CHIP/USDC | cex=0.07417/0.07421 | dex_sell=0.0742092 dex_buy=0.0742285 | spread_a=-0.1bps spread_b=-7.9bps | min=30.0bps
2026-05-08 21:31:13,304 | INFO | fetch_order_book: symbol=CHIP/USDC limit=20
2026-05-08 21:31:13,604 | INFO | fetch_order_book: mid=0.07415 spread=2.70bps bids=20 asks=20
2026-05-08 21:31:14,532 | INFO | SPREAD | pair=CHIP/USDC | cex=0.07414/0.07416 | dex_sell=0.0741792 dex_buy=0.0741984 | spread_a=2.6bps spread_b=-7.9bps | min=30.0bps
2026-05-08 21:31:15,535 | INFO | fetch_order_book: symbol=CHIP/USDC limit=20
2026-05-08 21:31:15,795 | INFO | fetch_order_book: mid=0.07415 spread=2.70bps bids=20 asks=20
2026-05-08 21:31:16,712 | INFO | SPREAD | pair=CHIP/USDC | cex=0.07414/0.07416 | dex_sell=0.0741594 dex_buy=0.0741787 | spread_a=-0.1bps spread_b=-5.2bps | min=30.0bps
2026-05-08 21:31:17,715 | INFO | fetch_order_book: symbol=CHIP/USDC limit=20
2026-05-08 21:31:18,031 | INFO | fetch_order_book: mid=0.07415 spread=2.70bps bids=20 asks=20
2026-05-08 21:31:18,933 | INFO | SPREAD | pair=CHIP/USDC | cex=0.07414/0.07416 | dex_sell=0.0741594 dex_buy=0.0741787 | spread_a=-0.1bps spread_b=-5.2bps | min=30.0bps
2026-05-08 21:31:19,936 | INFO | fetch_order_book: symbol=CHIP/USDC limit=20
2026-05-08 21:31:20,216 | INFO | fetch_order_book: mid=0.07415 spread=2.70bps bids=20 asks=20
2026-05-08 21:31:21,118 | INFO | SPREAD | pair=CHIP/USDC | cex=0.07414/0.07416 | dex_sell=0.0741594 dex_buy=0.0741787 | spread_a=-0.1bps spread_b=-5.2bps | min=30.0bps
2026-05-08 21:31:22,121 | INFO | fetch_order_book: symbol=CHIP/USDC limit=20
2026-05-08 21:31:22,387 | INFO | fetch_order_book: mid=0.07415 spread=2.70bps bids=20 asks=20
2026-05-08 21:31:23,277 | INFO | SPREAD | pair=CHIP/USDC | cex=0.07414/0.07416 | dex_sell=0.0741594 dex_buy=0.0741787 | spread_a=-0.1bps spread_b=-5.2bps | min=30.0bps
2026-05-08 21:31:24,280 | INFO | fetch_order_book: symbol=CHIP/USDC limit=20
2026-05-08 21:31:24,540 | INFO | fetch_order_book: mid=0.074145 spread=1.35bps bids=20 asks=20
2026-05-08 21:31:25,440 | INFO | SPREAD | pair=CHIP/USDC | cex=0.07414/0.07415 | dex_sell=0.0741594 dex_buy=0.0741787 | spread_a=1.3bps spread_b=-5.2bps | min=30.0bps
2026-05-08 21:31:26,443 | INFO | fetch_order_book: symbol=CHIP/USDC limit=20
2026-05-08 21:31:26,705 | INFO | fetch_order_book: mid=0.07409 spread=2.70bps bids=20 asks=20
2026-05-08 21:31:27,597 | INFO | SPREAD | pair=CHIP/USDC | cex=0.07408/0.0741 | dex_sell=0.0740791 dex_buy=0.0740983 | spread_a=-2.8bps spread_b=-2.5bps | min=30.0bps
2026-05-08 21:31:28,601 | INFO | fetch_order_book: symbol=CHIP/USDC limit=20
2026-05-08 21:31:28,856 | INFO | fetch_order_book: mid=0.07414 spread=2.70bps bids=20 asks=20
2026-05-08 21:31:29,765 | INFO | SPREAD | pair=CHIP/USDC | cex=0.07413/0.07415 | dex_sell=0.0740024 dex_buy=0.0740528 | spread_a=-19.9bps spread_b=10.4bps | min=30.0bps
2026-05-08 21:31:30,768 | INFO | fetch_order_book: symbol=CHIP/USDC limit=20
2026-05-08 21:31:31,025 | INFO | fetch_order_book: mid=0.07412 spread=5.40bps bids=20 asks=20
2026-05-08 21:31:31,934 | INFO | SPREAD | pair=CHIP/USDC | cex=0.0741/0.07414 | dex_sell=0.0741035 dex_buy=0.0741227 | spread_a=-4.9bps spread_b=-3.1bps | min=30.0bps
2026-05-08 21:31:32,937 | INFO | fetch_order_book: symbol=CHIP/USDC limit=20
2026-05-08 21:31:33,196 | INFO | fetch_order_book: mid=0.07414 spread=2.70bps bids=20 asks=20
2026-05-08 21:31:34,095 | INFO | SPREAD | pair=CHIP/USDC | cex=0.07413/0.07415 | dex_sell=0.0741035 dex_buy=0.0741227 | spread_a=-6.3bps spread_b=1.0bps | min=30.0bps
2026-05-08 21:31:35,098 | INFO | fetch_order_book: symbol=CHIP/USDC limit=20
2026-05-08 21:31:35,487 | INFO | fetch_order_book: mid=0.07419 spread=5.39bps bids=20 asks=20
2026-05-08 21:31:36,377 | INFO | SPREAD | pair=CHIP/USDC | cex=0.07417/0.07421 | dex_sell=0.0741794 dex_buy=0.0741987 | spread_a=-4.1bps spread_b=-3.9bps | min=30.0bps
2026-05-08 21:31:37,380 | INFO | fetch_order_book: symbol=CHIP/USDC limit=20
2026-05-08 21:31:37,644 | INFO | fetch_order_book: mid=0.07429 spread=5.38bps bids=20 asks=20
2026-05-08 21:31:38,571 | INFO | SPREAD | pair=CHIP/USDC | cex=0.07427/0.07431 | dex_sell=0.0742835 dex_buy=0.0743028 | spread_a=-3.6bps spread_b=-4.4bps | min=30.0bps
2026-05-08 21:31:39,575 | INFO | fetch_order_book: symbol=CHIP/USDC limit=20
2026-05-08 21:31:39,830 | INFO | fetch_order_book: mid=0.07430 spread=5.38bps bids=20 asks=20
2026-05-08 21:31:40,705 | INFO | SPREAD | pair=CHIP/USDC | cex=0.07428/0.07432 | dex_sell=0.0742835 dex_buy=0.0743028 | spread_a=-4.9bps spread_b=-3.1bps | min=30.0bps
2026-05-08 21:31:41,708 | INFO | fetch_order_book: symbol=CHIP/USDC limit=20
2026-05-08 21:31:41,973 | INFO | fetch_order_book: mid=0.07430 spread=5.38bps bids=20 asks=20
2026-05-08 21:31:42,875 | INFO | SPREAD | pair=CHIP/USDC | cex=0.07428/0.07432 | dex_sell=0.0742835 dex_buy=0.0743028 | spread_a=-4.9bps spread_b=-3.1bps | min=30.0bps
2026-05-08 21:31:43,879 | INFO | fetch_order_book: symbol=CHIP/USDC limit=20
2026-05-08 21:31:44,148 | INFO | fetch_order_book: mid=0.074285 spread=4.04bps bids=20 asks=20
2026-05-08 21:31:45,064 | INFO | SPREAD | pair=CHIP/USDC | cex=0.07427/0.0743 | dex_sell=0.0742835 dex_buy=0.0743028 | spread_a=-2.2bps spread_b=-4.4bps | min=30.0bps
2026-05-08 21:31:46,067 | INFO | fetch_order_book: symbol=CHIP/USDC limit=20
2026-05-08 21:31:46,326 | INFO | fetch_order_book: mid=0.07429 spread=2.69bps bids=20 asks=20
2026-05-08 21:31:47,217 | INFO | SPREAD | pair=CHIP/USDC | cex=0.07428/0.0743 | dex_sell=0.0742835 dex_buy=0.0743028 | spread_a=-2.2bps spread_b=-3.1bps | min=30.0bps
2026-05-08 21:31:48,221 | INFO | fetch_order_book: symbol=CHIP/USDC limit=20
2026-05-08 21:31:48,513 | INFO | fetch_order_book: mid=0.074235 spread=4.04bps bids=20 asks=20
2026-05-08 21:31:49,439 | INFO | SPREAD | pair=CHIP/USDC | cex=0.07422/0.07425 | dex_sell=0.0742835 dex_buy=0.0743028 | spread_a=4.5bps spread_b=-11.1bps | min=30.0bps
2026-05-08 21:31:50,442 | INFO | fetch_order_book: symbol=CHIP/USDC limit=20
2026-05-08 21:31:50,721 | INFO | fetch_order_book: mid=0.074285 spread=6.73bps bids=20 asks=20
2026-05-08 21:31:51,619 | INFO | SPREAD | pair=CHIP/USDC | cex=0.07426/0.07431 | dex_sell=0.0742591 dex_buy=0.0743129 | spread_a=-6.8bps spread_b=-7.1bps | min=30.0bps
2026-05-08 21:31:52,623 | INFO | fetch_order_book: symbol=CHIP/USDC limit=20
2026-05-08 21:31:52,879 | INFO | fetch_order_book: mid=0.07427 spread=5.39bps bids=20 asks=20
2026-05-08 21:31:53,774 | INFO | SPREAD | pair=CHIP/USDC | cex=0.07425/0.07429 | dex_sell=0.0742692 dex_buy=0.0742885 | spread_a=-2.8bps spread_b=-5.2bps | min=30.0bps
2026-05-08 21:31:54,778 | INFO | fetch_order_book: symbol=CHIP/USDC limit=20
2026-05-08 21:31:55,129 | INFO | fetch_order_book: mid=0.074255 spread=6.73bps bids=20 asks=20
2026-05-08 21:31:56,040 | INFO | SPREAD | pair=CHIP/USDC | cex=0.07423/0.07428 | dex_sell=0.0742692 dex_buy=0.0742587 | spread_a=-1.5bps spread_b=-3.9bps | min=30.0bps
2026-05-08 21:31:57,043 | INFO | fetch_order_book: symbol=CHIP/USDC limit=20
2026-05-08 21:31:57,304 | INFO | fetch_order_book: mid=0.07425 spread=5.39bps bids=20 asks=20
2026-05-08 21:31:58,206 | INFO | SPREAD | pair=CHIP/USDC | cex=0.07423/0.07427 | dex_sell=0.0742394 dex_buy=0.0742587 | spread_a=-4.1bps spread_b=-3.9bps | min=30.0bps
2026-05-08 21:31:59,210 | INFO | fetch_order_book: symbol=CHIP/USDC limit=20
2026-05-08 21:31:59,469 | INFO | fetch_order_book: mid=0.07426 spread=5.39bps bids=20 asks=20
2026-05-08 21:32:00,399 | INFO | SPREAD | pair=CHIP/USDC | cex=0.07424/0.07428 | dex_sell=0.0742394 dex_buy=0.0742587 | spread_a=-5.5bps spread_b=-2.5bps | min=30.0bps
2026-05-08 21:32:01,402 | INFO | fetch_order_book: symbol=CHIP/USDC limit=20
2026-05-08 21:32:01,820 | INFO | fetch_order_book: mid=0.07437 spread=2.69bps bids=20 asks=20
2026-05-08 21:32:02,736 | INFO | SPREAD | pair=CHIP/USDC | cex=0.07436/0.07438 | dex_sell=0.0743336 dex_buy=0.074383 | spread_a=-6.2bps spread_b=-3.1bps | min=30.0bps
2026-05-08 21:32:03,739 | INFO | fetch_order_book: symbol=CHIP/USDC limit=20
2026-05-08 21:32:04,472 | INFO | fetch_order_book: mid=0.074325 spread=6.73bps bids=20 asks=20
2026-05-08 21:32:05,373 | INFO | SPREAD | pair=CHIP/USDC | cex=0.0743/0.07435 | dex_sell=0.0743392 dex_buy=0.0743585 | spread_a=-1.5bps spread_b=-7.9bps | min=30.0bps
2026-05-08 21:32:06,376 | INFO | fetch_order_book: symbol=CHIP/USDC limit=20
2026-05-08 21:32:06,639 | INFO | fetch_order_book: mid=0.074315 spread=6.73bps bids=20 asks=20
2026-05-08 21:32:07,579 | INFO | SPREAD | pair=CHIP/USDC | cex=0.07429/0.07434 | dex_sell=0.0743392 dex_buy=0.0743585 | spread_a=-0.1bps spread_b=-9.2bps | min=30.0bps
2026-05-08 21:32:08,582 | INFO | fetch_order_book: symbol=CHIP/USDC limit=20
2026-05-08 21:32:08,900 | INFO | fetch_order_book: mid=0.07433 spread=5.38bps bids=20 asks=20
2026-05-08 21:32:09,799 | INFO | SPREAD | pair=CHIP/USDC | cex=0.07431/0.07435 | dex_sell=0.0743392 dex_buy=0.0743585 | spread_a=-1.5bps spread_b=-6.5bps | min=30.0bps
2026-05-08 21:32:10,802 | INFO | fetch_order_book: symbol=CHIP/USDC limit=20
2026-05-08 21:32:11,063 | INFO | fetch_order_book: mid=0.074295 spread=6.73bps bids=20 asks=20
2026-05-08 21:32:11,967 | INFO | SPREAD | pair=CHIP/USDC | cex=0.07427/0.07432 | dex_sell=0.0742994 dex_buy=0.0743187 | spread_a=-2.8bps spread_b=-6.6bps | min=30.0bps
2026-05-08 21:32:12,970 | INFO | fetch_order_book: symbol=CHIP/USDC limit=20
2026-05-08 21:32:13,227 | INFO | fetch_order_book: mid=0.07428 spread=5.39bps bids=20 asks=20
2026-05-08 21:32:14,137 | INFO | SPREAD | pair=CHIP/USDC | cex=0.07426/0.0743 | dex_sell=0.0742693 dex_buy=0.0742886 | spread_a=-4.1bps spread_b=-3.8bps | min=30.0bps
2026-05-08 21:32:15,140 | INFO | fetch_order_book: symbol=CHIP/USDC limit=20
2026-05-08 21:32:15,459 | INFO | fetch_order_book: mid=0.07429 spread=5.38bps bids=20 asks=20
2026-05-08 21:32:16,366 | INFO | SPREAD | pair=CHIP/USDC | cex=0.07427/0.07431 | dex_sell=0.0742693 dex_buy=0.0742886 | spread_a=-5.5bps spread_b=-2.5bps | min=30.0bps
2026-05-08 21:32:17,369 | INFO | fetch_order_book: symbol=CHIP/USDC limit=20
2026-05-08 21:32:17,959 | INFO | fetch_order_book: mid=0.074275 spread=4.04bps bids=20 asks=20
2026-05-08 21:32:18,845 | INFO | SPREAD | pair=CHIP/USDC | cex=0.07426/0.07429 | dex_sell=0.0742693 dex_buy=0.0742886 | spread_a=-2.8bps spread_b=-3.8bps | min=30.0bps
2026-05-08 21:32:19,848 | INFO | fetch_order_book: symbol=CHIP/USDC limit=20
2026-05-08 21:32:20,112 | INFO | fetch_order_book: mid=0.074285 spread=6.73bps bids=20 asks=20
2026-05-08 21:32:21,033 | INFO | SPREAD | pair=CHIP/USDC | cex=0.07426/0.07431 | dex_sell=0.0742693 dex_buy=0.0742886 | spread_a=-5.5bps spread_b=-3.8bps | min=30.0bps
2026-05-08 21:32:22,036 | INFO | fetch_order_book: symbol=CHIP/USDC limit=20
2026-05-08 21:32:22,292 | INFO | fetch_order_book: mid=0.07431 spread=8.07bps bids=20 asks=20
2026-05-08 21:32:23,227 | INFO | SPREAD | pair=CHIP/USDC | cex=0.07428/0.07434 | dex_sell=0.0742937 dex_buy=0.074313 | spread_a=-6.2bps spread_b=-4.4bps | min=30.0bps
2026-05-08 21:32:24,231 | INFO | fetch_order_book: symbol=CHIP/USDC limit=20
2026-05-08 21:32:24,493 | INFO | fetch_order_book: mid=0.07428 spread=5.39bps bids=20 asks=20
2026-05-08 21:32:25,425 | INFO | SPREAD | pair=CHIP/USDC | cex=0.07426/0.0743 | dex_sell=0.0742937 dex_buy=0.074313 | spread_a=-0.9bps spread_b=-7.1bps | min=30.0bps
2026-05-08 21:32:26,428 | INFO | fetch_order_book: symbol=CHIP/USDC limit=20
2026-05-08 21:32:26,771 | INFO | fetch_order_book: mid=0.07428 spread=5.39bps bids=20 asks=20
2026-05-08 21:32:28,146 | INFO | SPREAD | pair=CHIP/USDC | cex=0.07426/0.0743 | dex_sell=0.0742692 dex_buy=0.0742885 | spread_a=-4.1bps spread_b=-3.8bps | min=30.0bps
2026-05-08 21:32:29,150 | INFO | fetch_order_book: symbol=CHIP/USDC limit=20
2026-05-08 21:32:29,408 | INFO | fetch_order_book: mid=0.07429 spread=5.38bps bids=20 asks=20
2026-05-08 21:32:30,313 | INFO | SPREAD | pair=CHIP/USDC | cex=0.07427/0.07431 | dex_sell=0.0742692 dex_buy=0.0742885 | spread_a=-5.5bps spread_b=-2.5bps | min=30.0bps
2026-05-08 21:32:31,317 | INFO | fetch_order_book: symbol=CHIP/USDC limit=20
2026-05-08 21:32:31,577 | INFO | fetch_order_book: mid=0.07429 spread=5.38bps bids=20 asks=20
2026-05-08 21:32:32,482 | INFO | SPREAD | pair=CHIP/USDC | cex=0.07427/0.07431 | dex_sell=0.0742692 dex_buy=0.0742885 | spread_a=-5.5bps spread_b=-2.5bps | min=30.0bps
2026-05-08 21:32:33,486 | INFO | fetch_order_book: symbol=CHIP/USDC limit=20
2026-05-08 21:32:33,746 | INFO | fetch_order_book: mid=0.074305 spread=4.04bps bids=20 asks=20
2026-05-08 21:32:34,651 | INFO | SPREAD | pair=CHIP/USDC | cex=0.07429/0.07432 | dex_sell=0.0742692 dex_buy=0.0742885 | spread_a=-6.8bps spread_b=0.2bps | min=30.0bps
2026-05-08 21:32:35,658 | INFO | fetch_order_book: symbol=CHIP/USDC limit=20
2026-05-08 21:32:35,916 | INFO | fetch_order_book: mid=0.074165 spread=1.35bps bids=20 asks=20
2026-05-08 21:32:36,797 | INFO | SPREAD | pair=CHIP/USDC | cex=0.07416/0.07417 | dex_sell=0.0742293 dex_buy=0.0742185 | spread_a=8.0bps spread_b=-7.9bps | min=30.0bps
2026-05-08 21:32:37,800 | INFO | fetch_order_book: symbol=CHIP/USDC limit=20
2026-05-08 21:32:38,059 | INFO | fetch_order_book: mid=0.074145 spread=4.05bps bids=20 asks=20
2026-05-08 21:32:38,951 | INFO | SPREAD | pair=CHIP/USDC | cex=0.07413/0.07416 | dex_sell=0.0741291 dex_buy=0.0741483 | spread_a=-4.2bps spread_b=-2.5bps | min=30.0bps
2026-05-08 21:32:39,954 | INFO | fetch_order_book: symbol=CHIP/USDC limit=20
2026-05-08 21:32:40,213 | INFO | fetch_order_book: mid=0.074095 spread=4.05bps bids=20 asks=20
2026-05-08 21:32:41,152 | INFO | SPREAD | pair=CHIP/USDC | cex=0.07408/0.07411 | dex_sell=0.0741537 dex_buy=0.0741225 | spread_a=5.9bps spread_b=-5.7bps | min=30.0bps
2026-05-08 21:32:42,153 | INFO | fetch_order_book: symbol=CHIP/USDC limit=20
2026-05-08 21:32:42,411 | INFO | fetch_order_book: mid=0.07408 spread=5.40bps bids=20 asks=20
2026-05-08 21:32:43,336 | INFO | SPREAD | pair=CHIP/USDC | cex=0.07406/0.0741 | dex_sell=0.0742134 dex_buy=0.0742086 | spread_a=15.3bps spread_b=-20.0bps | min=30.0bps
2026-05-08 21:32:44,339 | INFO | fetch_order_book: symbol=CHIP/USDC limit=20
2026-05-08 21:32:44,594 | INFO | fetch_order_book: mid=0.07424 spread=5.39bps bids=20 asks=20
2026-05-08 21:32:45,469 | INFO | SPREAD | pair=CHIP/USDC | cex=0.07422/0.07426 | dex_sell=0.0741428 dex_buy=0.074162 | spread_a=-15.8bps spread_b=7.8bps | min=30.0bps
2026-05-08 21:32:46,473 | INFO | fetch_order_book: symbol=CHIP/USDC limit=20
2026-05-08 21:32:46,732 | INFO | fetch_order_book: mid=0.07421 spread=5.39bps bids=20 asks=20
2026-05-08 21:32:47,615 | INFO | SPREAD | pair=CHIP/USDC | cex=0.07419/0.07423 | dex_sell=0.0741791 dex_buy=0.0741984 | spread_a=-6.9bps spread_b=-1.1bps | min=30.0bps
2026-05-08 21:32:48,618 | INFO | fetch_order_book: symbol=CHIP/USDC limit=20
2026-05-08 21:32:48,883 | INFO | fetch_order_book: mid=0.074255 spread=1.35bps bids=20 asks=20
2026-05-08 21:32:49,785 | INFO | SPREAD | pair=CHIP/USDC | cex=0.07425/0.07426 | dex_sell=0.0742037 dex_buy=0.074223 | spread_a=-7.6bps spread_b=3.6bps | min=30.0bps
2026-05-08 21:32:50,788 | INFO | fetch_order_book: symbol=CHIP/USDC limit=20
2026-05-08 21:32:51,047 | INFO | fetch_order_book: mid=0.07425 spread=2.69bps bids=20 asks=20
2026-05-08 21:32:51,967 | INFO | SPREAD | pair=CHIP/USDC | cex=0.07424/0.07426 | dex_sell=0.0742438 dex_buy=0.0742631 | spread_a=-2.2bps spread_b=-3.1bps | min=30.0bps
2026-05-08 21:32:52,970 | INFO | fetch_order_book: symbol=CHIP/USDC limit=20
2026-05-08 21:32:53,287 | INFO | fetch_order_book: mid=0.074255 spread=1.35bps bids=20 asks=20
2026-05-08 21:32:54,200 | INFO | SPREAD | pair=CHIP/USDC | cex=0.07425/0.07426 | dex_sell=0.0742438 dex_buy=0.0742631 | spread_a=-2.2bps spread_b=-1.8bps | min=30.0bps
2026-05-08 21:32:55,201 | INFO | fetch_order_book: symbol=CHIP/USDC limit=20
2026-05-08 21:32:55,460 | INFO | fetch_order_book: mid=0.074255 spread=1.35bps bids=20 asks=20
2026-05-08 21:32:56,390 | INFO | SPREAD | pair=CHIP/USDC | cex=0.07425/0.07426 | dex_sell=0.0742438 dex_buy=0.0742631 | spread_a=-2.2bps spread_b=-1.8bps | min=30.0bps
2026-05-08 21:32:57,393 | INFO | fetch_order_book: symbol=CHIP/USDC limit=20
2026-05-08 21:32:57,648 | INFO | fetch_order_book: mid=0.07431 spread=2.69bps bids=20 asks=20
2026-05-08 21:32:58,520 | INFO | SPREAD | pair=CHIP/USDC | cex=0.0743/0.07432 | dex_sell=0.0742738 dex_buy=0.0742931 | spread_a=-6.2bps spread_b=0.9bps | min=30.0bps
2026-05-08 21:32:59,522 | INFO | fetch_order_book: symbol=CHIP/USDC limit=20
2026-05-08 21:32:59,783 | INFO | fetch_order_book: mid=0.07433 spread=2.69bps bids=20 asks=20
2026-05-08 21:33:00,666 | INFO | SPREAD | pair=CHIP/USDC | cex=0.07432/0.07434 | dex_sell=0.0743036 dex_buy=0.0743228 | spread_a=-4.9bps spread_b=-0.4bps | min=30.0bps
2026-05-08 21:33:01,670 | INFO | fetch_order_book: symbol=CHIP/USDC limit=20
2026-05-08 21:33:01,929 | INFO | fetch_order_book: mid=0.07437 spread=2.69bps bids=20 asks=20
2026-05-08 21:33:02,847 | INFO | SPREAD | pair=CHIP/USDC | cex=0.07436/0.07438 | dex_sell=0.0743336 dex_buy=0.0743529 | spread_a=-6.2bps spread_b=1.0bps | min=30.0bps
2026-05-08 21:33:03,850 | INFO | fetch_order_book: symbol=CHIP/USDC limit=20
2026-05-08 21:33:04,341 | INFO | fetch_order_book: mid=0.074385 spread=4.03bps bids=20 asks=20
2026-05-08 21:33:05,256 | INFO | SPREAD | pair=CHIP/USDC | cex=0.07437/0.0744 | dex_sell=0.0743636 dex_buy=0.074383 | spread_a=-4.9bps spread_b=-1.7bps | min=30.0bps
2026-05-08 21:33:06,259 | INFO | fetch_order_book: symbol=CHIP/USDC limit=20
2026-05-08 21:33:06,515 | INFO | fetch_order_book: mid=0.07441 spread=2.69bps bids=20 asks=20
2026-05-08 21:33:07,411 | INFO | SPREAD | pair=CHIP/USDC | cex=0.0744/0.07442 | dex_sell=0.0743636 dex_buy=0.074413 | spread_a=-7.6bps spread_b=-1.7bps | min=30.0bps
2026-05-08 21:33:08,415 | INFO | fetch_order_book: symbol=CHIP/USDC limit=20
2026-05-08 21:33:08,910 | INFO | fetch_order_book: mid=0.07453 spread=2.68bps bids=20 asks=20
2026-05-08 21:33:09,824 | INFO | SPREAD | pair=CHIP/USDC | cex=0.07452/0.07454 | dex_sell=0.0745037 dex_buy=0.0746058 | spread_a=-4.9bps spread_b=-11.5bps | min=30.0bps
2026-05-08 21:33:10,828 | INFO | fetch_order_book: symbol=CHIP/USDC limit=20
2026-05-08 21:33:11,090 | INFO | fetch_order_book: mid=0.074585 spread=4.02bps bids=20 asks=20
2026-05-08 21:33:12,009 | INFO | SPREAD | pair=CHIP/USDC | cex=0.07457/0.0746 | dex_sell=0.0745867 dex_buy=0.0746043 | spread_a=-1.8bps spread_b=-4.6bps | min=30.0bps
2026-05-08 21:33:13,012 | INFO | fetch_order_book: symbol=CHIP/USDC limit=20
2026-05-08 21:33:13,271 | INFO | fetch_order_book: mid=0.07461 spread=8.04bps bids=20 asks=20
2026-05-08 21:33:14,163 | INFO | SPREAD | pair=CHIP/USDC | cex=0.07458/0.07464 | dex_sell=0.0745619 dex_buy=0.0745813 | spread_a=-10.5bps spread_b=-0.2bps | min=30.0bps
2026-05-08 21:33:15,167 | INFO | fetch_order_book: symbol=CHIP/USDC limit=20
2026-05-08 21:33:15,440 | INFO | fetch_order_book: mid=0.07455 spread=5.37bps bids=20 asks=20
2026-05-08 21:33:16,392 | INFO | SPREAD | pair=CHIP/USDC | cex=0.07453/0.07457 | dex_sell=0.0745393 dex_buy=0.0745586 | spread_a=-4.1bps spread_b=-3.8bps | min=30.0bps
2026-05-08 21:33:17,396 | INFO | fetch_order_book: symbol=CHIP/USDC limit=20
2026-05-08 21:33:17,653 | INFO | fetch_order_book: mid=0.07465 spread=5.36bps bids=20 asks=20
2026-05-08 21:33:18,542 | INFO | SPREAD | pair=CHIP/USDC | cex=0.07463/0.07467 | dex_sell=0.0745934 dex_buy=0.0746533 | spread_a=-10.3bps spread_b=-3.1bps | min=30.0bps
2026-05-08 21:33:19,545 | INFO | fetch_order_book: symbol=CHIP/USDC limit=20
2026-05-08 21:33:19,808 | INFO | fetch_order_book: mid=0.074765 spread=6.69bps bids=20 asks=20
2026-05-08 21:33:20,619 | INFO | SPREAD | pair=CHIP/USDC | cex=0.07474/0.07479 | dex_sell=0.0747158 dex_buy=0.0747072 | spread_a=-9.9bps spread_b=4.4bps | min=30.0bps
2026-05-08 21:33:21,623 | INFO | fetch_order_book: symbol=CHIP/USDC limit=20
2026-05-08 21:33:21,903 | INFO | fetch_order_book: mid=0.07472 spread=13.38bps bids=20 asks=20
2026-05-08 21:33:22,824 | INFO | SPREAD | pair=CHIP/USDC | cex=0.07467/0.07477 | dex_sell=0.0747899 dex_buy=0.0747872 | spread_a=2.7bps spread_b=-15.7bps | min=30.0bps
2026-05-08 21:33:23,828 | INFO | fetch_order_book: symbol=CHIP/USDC limit=20
2026-05-08 21:33:24,085 | INFO | fetch_order_book: mid=0.07471 spread=5.35bps bids=20 asks=20
2026-05-08 21:33:24,940 | INFO | SPREAD | pair=CHIP/USDC | cex=0.07469/0.07473 | dex_sell=0.0747106 dex_buy=0.0747269 | spread_a=-2.6bps spread_b=-4.9bps | min=30.0bps
2026-05-08 21:33:25,943 | INFO | fetch_order_book: symbol=CHIP/USDC limit=20
2026-05-08 21:33:26,230 | INFO | fetch_order_book: mid=0.07482 spread=2.67bps bids=20 asks=20
2026-05-08 21:33:27,153 | INFO | SPREAD | pair=CHIP/USDC | cex=0.07481/0.07483 | dex_sell=0.0747851 dex_buy=0.0748215 | spread_a=-6.0bps spread_b=-1.5bps | min=30.0bps
2026-05-08 21:33:28,156 | INFO | fetch_order_book: symbol=CHIP/USDC limit=20
2026-05-08 21:33:28,436 | INFO | fetch_order_book: mid=0.07475 spread=5.35bps bids=20 asks=20
2026-05-08 21:33:29,462 | INFO | SPREAD | pair=CHIP/USDC | cex=0.07473/0.07477 | dex_sell=0.0747537 dex_buy=0.07477 | spread_a=-2.2bps spread_b=-5.4bps | min=30.0bps
2026-05-08 21:33:30,465 | INFO | fetch_order_book: symbol=CHIP/USDC limit=20
2026-05-08 21:33:30,731 | INFO | fetch_order_book: mid=0.07478 spread=8.02bps bids=20 asks=20
2026-05-08 21:33:31,730 | INFO | SPREAD | pair=CHIP/USDC | cex=0.07475/0.07481 | dex_sell=0.0747643 dex_buy=0.0747672 | spread_a=-6.1bps spread_b=-2.3bps | min=30.0bps
2026-05-08 21:33:32,733 | INFO | fetch_order_book: symbol=CHIP/USDC limit=20
2026-05-08 21:33:32,990 | INFO | fetch_order_book: mid=0.074765 spread=6.69bps bids=20 asks=20
2026-05-08 21:33:35,562 | INFO | SPREAD | pair=CHIP/USDC | cex=0.07474/0.07479 | dex_sell=0.0747509 dex_buy=0.0747145 | spread_a=-5.2bps spread_b=3.4bps | min=30.0bps
2026-05-08 21:33:36,565 | INFO | fetch_order_book: symbol=CHIP/USDC limit=20
2026-05-08 21:33:36,853 | INFO | fetch_order_book: mid=0.07456 spread=5.36bps bids=20 asks=20
2026-05-08 21:33:39,668 | INFO | SPREAD | pair=CHIP/USDC | cex=0.07454/0.07458 | dex_sell=0.0745691 dex_buy=0.0745884 | spread_a=-1.5bps spread_b=-6.5bps | min=30.0bps
2026-05-08 21:33:40,671 | INFO | fetch_order_book: symbol=CHIP/USDC limit=20
2026-05-08 21:33:40,954 | INFO | fetch_order_book: mid=0.07459 spread=8.04bps bids=20 asks=20
2026-05-08 21:33:42,063 | INFO | SPREAD | pair=CHIP/USDC | cex=0.07456/0.07462 | dex_sell=0.0746351 dex_buy=0.0746015 | spread_a=2.0bps spread_b=-5.6bps | min=30.0bps
2026-05-08 21:33:43,066 | INFO | fetch_order_book: symbol=CHIP/USDC limit=20
2026-05-08 21:33:43,793 | INFO | fetch_order_book: mid=0.074565 spread=6.71bps bids=20 asks=20
2026-05-08 21:33:45,688 | INFO | SPREAD | pair=CHIP/USDC | cex=0.07454/0.07459 | dex_sell=0.0745592 dex_buy=0.0745786 | spread_a=-4.1bps spread_b=-5.2bps | min=30.0bps
2026-05-08 21:33:46,689 | INFO | fetch_order_book: symbol=CHIP/USDC limit=20
2026-05-08 21:33:46,945 | INFO | fetch_order_book: mid=0.074545 spread=6.71bps bids=20 asks=20
2026-05-08 21:33:47,824 | INFO | SPREAD | pair=CHIP/USDC | cex=0.07452/0.07457 | dex_sell=0.0745837 dex_buy=0.0745787 | spread_a=1.8bps spread_b=-7.9bps | min=30.0bps
2026-05-08 21:33:48,827 | INFO | fetch_order_book: symbol=CHIP/USDC limit=20
2026-05-08 21:33:49,317 | INFO | fetch_order_book: mid=0.074545 spread=9.39bps bids=20 asks=20
2026-05-08 21:33:50,239 | INFO | SPREAD | pair=CHIP/USDC | cex=0.07451/0.07458 | dex_sell=0.0744692 dex_buy=0.0745801 | spread_a=-14.9bps spread_b=-9.4bps | min=30.0bps
2026-05-08 21:33:51,244 | INFO | fetch_order_book: symbol=CHIP/USDC limit=20
2026-05-08 21:33:51,503 | INFO | fetch_order_book: mid=0.074495 spread=6.71bps bids=20 asks=20
2026-05-08 21:33:52,325 | INFO | SPREAD | pair=CHIP/USDC | cex=0.07447/0.07452 | dex_sell=0.0745394 dex_buy=0.0745288 | spread_a=2.6bps spread_b=-7.9bps | min=30.0bps
2026-05-08 21:33:53,329 | INFO | fetch_order_book: symbol=CHIP/USDC limit=20
2026-05-08 21:33:53,589 | INFO | fetch_order_book: mid=0.07450 spread=5.37bps bids=20 asks=20
2026-05-08 21:33:54,531 | INFO | SPREAD | pair=CHIP/USDC | cex=0.07448/0.07452 | dex_sell=0.0744792 dex_buy=0.0744985 | spread_a=-5.5bps spread_b=-2.5bps | min=30.0bps
2026-05-08 21:33:55,535 | INFO | fetch_order_book: symbol=CHIP/USDC limit=20
2026-05-08 21:33:55,801 | INFO | fetch_order_book: mid=0.074495 spread=4.03bps bids=20 asks=20
2026-05-08 21:33:56,674 | INFO | SPREAD | pair=CHIP/USDC | cex=0.07448/0.07451 | dex_sell=0.0744792 dex_buy=0.0744985 | spread_a=-4.1bps spread_b=-2.5bps | min=30.0bps
2026-05-08 21:33:57,676 | INFO | fetch_order_book: symbol=CHIP/USDC limit=20
2026-05-08 21:33:57,932 | INFO | fetch_order_book: mid=0.074575 spread=6.70bps bids=20 asks=20
2026-05-08 21:33:58,830 | INFO | SPREAD | pair=CHIP/USDC | cex=0.07455/0.0746 | dex_sell=0.0745036 dex_buy=0.0745229 | spread_a=-12.9bps spread_b=3.6bps | min=30.0bps
2026-05-08 21:33:59,833 | INFO | fetch_order_book: symbol=CHIP/USDC limit=20
2026-05-08 21:34:00,091 | INFO | fetch_order_book: mid=0.074585 spread=4.02bps bids=20 asks=20
2026-05-08 21:34:00,930 | INFO | SPREAD | pair=CHIP/USDC | cex=0.07457/0.0746 | dex_sell=0.0745437 dex_buy=0.0745631 | spread_a=-7.5bps spread_b=0.9bps | min=30.0bps
2026-05-08 21:34:01,933 | INFO | fetch_order_book: symbol=CHIP/USDC limit=20
2026-05-08 21:34:02,191 | INFO | fetch_order_book: mid=0.07463 spread=2.68bps bids=20 asks=20
2026-05-08 21:34:03,173 | INFO | SPREAD | pair=CHIP/USDC | cex=0.07462/0.07464 | dex_sell=0.0745735 dex_buy=0.0746315 | spread_a=-8.9bps spread_b=-1.5bps | min=30.0bps
2026-05-08 21:34:04,177 | INFO | fetch_order_book: symbol=CHIP/USDC limit=20
2026-05-08 21:34:04,434 | INFO | fetch_order_book: mid=0.074615 spread=4.02bps bids=20 asks=20
2026-05-08 21:34:05,309 | INFO | SPREAD | pair=CHIP/USDC | cex=0.0746/0.07463 | dex_sell=0.0746152 dex_buy=0.0746315 | spread_a=-2.0bps spread_b=-4.2bps | min=30.0bps
2026-05-08 21:34:06,312 | INFO | fetch_order_book: symbol=CHIP/USDC limit=20
2026-05-08 21:34:06,569 | INFO | fetch_order_book: mid=0.074675 spread=1.34bps bids=20 asks=20
2026-05-08 21:34:07,506 | INFO | SPREAD | pair=CHIP/USDC | cex=0.07467/0.07468 | dex_sell=0.0746152 dex_buy=0.0746571 | spread_a=-8.7bps spread_b=1.7bps | min=30.0bps
2026-05-08 21:34:08,509 | INFO | fetch_order_book: symbol=CHIP/USDC limit=20
2026-05-08 21:34:08,785 | INFO | fetch_order_book: mid=0.074695 spread=4.02bps bids=20 asks=20
2026-05-08 21:34:09,668 | INFO | SPREAD | pair=CHIP/USDC | cex=0.07468/0.07471 | dex_sell=0.0746751 dex_buy=0.0746914 | spread_a=-4.7bps spread_b=-1.5bps | min=30.0bps
2026-05-08 21:34:10,670 | INFO | fetch_order_book: symbol=CHIP/USDC limit=20
2026-05-08 21:34:10,929 | INFO | fetch_order_book: mid=0.07495 spread=13.34bps bids=20 asks=20
2026-05-08 21:34:11,855 | INFO | SPREAD | pair=CHIP/USDC | cex=0.0749/0.075 | dex_sell=0.0747752 dex_buy=0.0749188 | spread_a=-30.0bps spread_b=-2.5bps | min=30.0bps
2026-05-08 21:34:12,860 | INFO | fetch_order_book: symbol=CHIP/USDC limit=20
2026-05-08 21:34:13,114 | INFO | fetch_order_book: mid=0.07495 spread=2.67bps bids=20 asks=20
2026-05-08 21:34:14,009 | INFO | SPREAD | pair=CHIP/USDC | cex=0.07494/0.07496 | dex_sell=0.0750146 dex_buy=0.0750171 | spread_a=7.3bps spread_b=-10.3bps | min=30.0bps
2026-05-08 21:34:15,013 | INFO | fetch_order_book: symbol=CHIP/USDC limit=20
2026-05-08 21:34:15,286 | INFO | fetch_order_book: mid=0.07503 spread=5.33bps bids=20 asks=20
2026-05-08 21:34:16,197 | INFO | SPREAD | pair=CHIP/USDC | cex=0.07501/0.07505 | dex_sell=0.0750287 dex_buy=0.0750451 | spread_a=-2.8bps spread_b=-4.7bps | min=30.0bps
2026-05-08 21:34:17,200 | INFO | fetch_order_book: symbol=CHIP/USDC limit=20
2026-05-08 21:34:17,455 | INFO | fetch_order_book: mid=0.074995 spread=6.67bps bids=20 asks=20
2026-05-08 21:34:18,428 | INFO | SPREAD | pair=CHIP/USDC | cex=0.07497/0.07502 | dex_sell=0.0749809 dex_buy=0.0749973 | spread_a=-5.2bps spread_b=-3.6bps | min=30.0bps
2026-05-08 21:34:19,432 | INFO | fetch_order_book: symbol=CHIP/USDC limit=20
2026-05-08 21:34:19,687 | INFO | fetch_order_book: mid=0.074235 spread=4.04bps bids=20 asks=20
2026-05-08 21:34:20,635 | INFO | SPREAD | pair=CHIP/USDC | cex=0.07422/0.07425 | dex_sell=0.0742493 dex_buy=0.0742088 | spread_a=-0.1bps spread_b=1.5bps | min=30.0bps
2026-05-08 21:34:21,639 | INFO | fetch_order_book: symbol=CHIP/USDC limit=20
2026-05-08 21:34:21,915 | INFO | fetch_order_book: mid=0.074225 spread=4.04bps bids=20 asks=20
2026-05-08 21:34:22,792 | INFO | SPREAD | pair=CHIP/USDC | cex=0.07421/0.07424 | dex_sell=0.0742237 dex_buy=0.074243 | spread_a=-2.2bps spread_b=-4.4bps | min=30.0bps
2026-05-08 21:34:23,796 | INFO | fetch_order_book: symbol=CHIP/USDC limit=20
2026-05-08 21:34:24,298 | INFO | fetch_order_book: mid=0.074245 spread=1.35bps bids=20 asks=20
2026-05-08 21:34:25,236 | INFO | SPREAD | pair=CHIP/USDC | cex=0.07424/0.07425 | dex_sell=0.0742436 dex_buy=0.0742628 | spread_a=-0.9bps spread_b=-3.1bps | min=30.0bps
2026-05-08 21:34:26,240 | INFO | fetch_order_book: symbol=CHIP/USDC limit=20
2026-05-08 21:34:26,495 | INFO | fetch_order_book: mid=0.07431 spread=2.69bps bids=20 asks=20
2026-05-08 21:34:27,465 | INFO | SPREAD | pair=CHIP/USDC | cex=0.0743/0.07432 | dex_sell=0.0742438 dex_buy=0.0742931 | spread_a=-10.3bps spread_b=0.9bps | min=30.0bps
2026-05-08 21:34:28,468 | INFO | fetch_order_book: symbol=CHIP/USDC limit=20
2026-05-08 21:34:29,043 | INFO | fetch_order_book: mid=0.07439 spread=5.38bps bids=20 asks=20
2026-05-08 21:34:29,979 | INFO | SPREAD | pair=CHIP/USDC | cex=0.07437/0.07441 | dex_sell=0.0744194 dex_buy=0.0743886 | spread_a=1.3bps spread_b=-2.5bps | min=30.0bps
2026-05-08 21:34:30,982 | INFO | fetch_order_book: symbol=CHIP/USDC limit=20
2026-05-08 21:34:31,238 | INFO | fetch_order_book: mid=0.07435 spread=2.69bps bids=20 asks=20
2026-05-08 21:34:32,083 | INFO | SPREAD | pair=CHIP/USDC | cex=0.07434/0.07436 | dex_sell=0.0743693 dex_buy=0.0743886 | spread_a=1.2bps spread_b=-6.5bps | min=30.0bps
2026-05-08 21:34:33,086 | INFO | fetch_order_book: symbol=CHIP/USDC limit=20
2026-05-08 21:34:33,367 | INFO | fetch_order_book: mid=0.07432 spread=5.38bps bids=20 asks=20
2026-05-08 21:34:34,302 | INFO | SPREAD | pair=CHIP/USDC | cex=0.0743/0.07434 | dex_sell=0.0742792 dex_buy=0.0742985 | spread_a=-8.2bps spread_b=0.2bps | min=30.0bps
2026-05-08 21:34:35,305 | INFO | fetch_order_book: symbol=CHIP/USDC limit=20
2026-05-08 21:34:35,572 | INFO | fetch_order_book: mid=0.07431 spread=5.38bps bids=20 asks=20
2026-05-08 21:34:36,483 | INFO | SPREAD | pair=CHIP/USDC | cex=0.07429/0.07433 | dex_sell=0.0742893 dex_buy=0.0743086 | spread_a=-5.5bps spread_b=-2.5bps | min=30.0bps
2026-05-08 21:34:37,487 | INFO | fetch_order_book: symbol=CHIP/USDC limit=20
2026-05-08 21:34:37,761 | INFO | fetch_order_book: mid=0.07433 spread=5.38bps bids=20 asks=20
2026-05-08 21:34:38,668 | INFO | SPREAD | pair=CHIP/USDC | cex=0.07431/0.07435 | dex_sell=0.0742893 dex_buy=0.0743086 | spread_a=-8.2bps spread_b=0.2bps | min=30.0bps
2026-05-08 21:34:39,670 | INFO | fetch_order_book: symbol=CHIP/USDC limit=20
2026-05-08 21:34:39,934 | INFO | fetch_order_book: mid=0.07434 spread=5.38bps bids=20 asks=20
2026-05-08 21:34:40,847 | INFO | SPREAD | pair=CHIP/USDC | cex=0.07432/0.07436 | dex_sell=0.0742893 dex_buy=0.0743086 | spread_a=-9.5bps spread_b=1.5bps | min=30.0bps
2026-05-08 21:34:41,851 | INFO | fetch_order_book: symbol=CHIP/USDC limit=20
2026-05-08 21:34:42,108 | INFO | fetch_order_book: mid=0.07427 spread=2.69bps bids=20 asks=20
2026-05-08 21:34:43,042 | INFO | SPREAD | pair=CHIP/USDC | cex=0.07426/0.07428 | dex_sell=0.0742595 dex_buy=0.0742787 | spread_a=-2.8bps spread_b=-2.5bps | min=30.0bps
2026-05-08 21:34:44,045 | INFO | fetch_order_book: symbol=CHIP/USDC limit=20
2026-05-08 21:34:44,302 | INFO | fetch_order_book: mid=0.07424 spread=5.39bps bids=20 asks=20
2026-05-08 21:34:45,216 | INFO | SPREAD | pair=CHIP/USDC | cex=0.07422/0.07426 | dex_sell=0.0742294 dex_buy=0.0742487 | spread_a=-4.1bps spread_b=-3.9bps | min=30.0bps
2026-05-08 21:34:46,220 | INFO | fetch_order_book: symbol=CHIP/USDC limit=20
2026-05-08 21:34:46,488 | INFO | fetch_order_book: mid=0.07424 spread=5.39bps bids=20 asks=20
2026-05-08 21:34:47,387 | INFO | SPREAD | pair=CHIP/USDC | cex=0.07422/0.07426 | dex_sell=0.0741993 dex_buy=0.0742186 | spread_a=-8.2bps spread_b=0.2bps | min=30.0bps
2026-05-08 21:34:48,390 | INFO | fetch_order_book: symbol=CHIP/USDC limit=20
2026-05-08 21:34:48,674 | INFO | fetch_order_book: mid=0.07409 spread=5.40bps bids=20 asks=20
2026-05-08 21:34:49,544 | INFO | SPREAD | pair=CHIP/USDC | cex=0.07407/0.07411 | dex_sell=0.0740629 dex_buy=0.0740821 | spread_a=-6.4bps spread_b=-1.6bps | min=30.0bps
2026-05-08 21:34:50,548 | INFO | fetch_order_book: symbol=CHIP/USDC limit=20
2026-05-08 21:34:50,807 | INFO | fetch_order_book: mid=0.074025 spread=6.75bps bids=20 asks=20
2026-05-08 21:34:51,727 | INFO | SPREAD | pair=CHIP/USDC | cex=0.074/0.07405 | dex_sell=0.0740137 dex_buy=0.0740329 | spread_a=-4.9bps spread_b=-4.4bps | min=30.0bps
2026-05-08 21:34:52,730 | INFO | fetch_order_book: symbol=CHIP/USDC limit=20
2026-05-08 21:34:52,989 | INFO | fetch_order_book: mid=0.074085 spread=4.05bps bids=20 asks=20
2026-05-08 21:34:53,860 | INFO | SPREAD | pair=CHIP/USDC | cex=0.07407/0.0741 | dex_sell=0.0740137 dex_buy=0.0740329 | spread_a=-11.6bps spread_b=5.0bps | min=30.0bps
2026-05-08 21:34:54,864 | INFO | fetch_order_book: symbol=CHIP/USDC limit=20
2026-05-08 21:34:55,127 | INFO | fetch_order_book: mid=0.07407 spread=5.40bps bids=20 asks=20
2026-05-08 21:34:56,010 | INFO | SPREAD | pair=CHIP/USDC | cex=0.07405/0.07409 | dex_sell=0.0740194 dex_buy=0.0740386 | spread_a=-9.5bps spread_b=1.5bps | min=30.0bps
2026-05-08 21:34:57,013 | INFO | fetch_order_book: symbol=CHIP/USDC limit=20
2026-05-08 21:34:57,271 | INFO | fetch_order_book: mid=0.074045 spread=6.75bps bids=20 asks=20
2026-05-08 21:34:58,139 | INFO | SPREAD | pair=CHIP/USDC | cex=0.07402/0.07407 | dex_sell=0.0739399 dex_buy=0.0739829 | spread_a=-17.6bps spread_b=5.0bps | min=30.0bps
2026-05-08 21:34:59,142 | INFO | fetch_order_book: symbol=CHIP/USDC limit=20
2026-05-08 21:34:59,398 | INFO | fetch_order_book: mid=0.074045 spread=4.05bps bids=20 asks=20
2026-05-08 21:35:00,311 | INFO | SPREAD | pair=CHIP/USDC | cex=0.07403/0.07406 | dex_sell=0.0739892 dex_buy=0.0740084 | spread_a=-9.6bps spread_b=2.9bps | min=30.0bps
2026-05-08 21:35:01,315 | INFO | fetch_order_book: symbol=CHIP/USDC limit=20
2026-05-08 21:35:01,584 | INFO | fetch_order_book: mid=0.074085 spread=4.05bps bids=20 asks=20
2026-05-08 21:35:02,493 | INFO | SPREAD | pair=CHIP/USDC | cex=0.07407/0.0741 | dex_sell=0.0740138 dex_buy=0.074033 | spread_a=-11.6bps spread_b=5.0bps | min=30.0bps
2026-05-08 21:35:03,496 | INFO | fetch_order_book: symbol=CHIP/USDC limit=20
2026-05-08 21:35:03,760 | INFO | fetch_order_book: mid=0.07405 spread=5.40bps bids=20 asks=20
2026-05-08 21:35:04,682 | INFO | SPREAD | pair=CHIP/USDC | cex=0.07403/0.07407 | dex_sell=0.0740438 dex_buy=0.074063 | spread_a=-3.5bps spread_b=-4.5bps | min=30.0bps
2026-05-08 21:35:05,685 | INFO | fetch_order_book: symbol=CHIP/USDC limit=20
2026-05-08 21:35:06,021 | INFO | fetch_order_book: mid=0.073965 spread=6.76bps bids=20 asks=20
2026-05-08 21:35:06,875 | INFO | SPREAD | pair=CHIP/USDC | cex=0.07394/0.07399 | dex_sell=0.0740193 dex_buy=0.0739835 | spread_a=4.0bps spread_b=-5.9bps | min=30.0bps
2026-05-08 21:35:07,879 | INFO | fetch_order_book: symbol=CHIP/USDC limit=20
2026-05-08 21:35:08,263 | INFO | fetch_order_book: mid=0.073875 spread=6.77bps bids=20 asks=20
2026-05-08 21:35:09,142 | INFO | SPREAD | pair=CHIP/USDC | cex=0.07385/0.0739 | dex_sell=0.0738959 dex_buy=0.0739151 | spread_a=-0.6bps spread_b=-8.8bps | min=30.0bps
2026-05-08 21:35:10,144 | INFO | fetch_order_book: symbol=CHIP/USDC limit=20
2026-05-08 21:35:10,408 | INFO | fetch_order_book: mid=0.073925 spread=4.06bps bids=20 asks=20
2026-05-08 21:35:11,269 | INFO | SPREAD | pair=CHIP/USDC | cex=0.07391/0.07394 | dex_sell=0.0738959 dex_buy=0.0739151 | spread_a=-6.0bps spread_b=-0.7bps | min=30.0bps
2026-05-08 21:35:12,272 | INFO | fetch_order_book: symbol=CHIP/USDC limit=20
2026-05-08 21:35:12,567 | INFO | fetch_order_book: mid=0.07391 spread=5.41bps bids=20 asks=20
2026-05-08 21:35:13,450 | INFO | SPREAD | pair=CHIP/USDC | cex=0.07389/0.07393 | dex_sell=0.0738959 dex_buy=0.0739151 | spread_a=-4.6bps spread_b=-3.4bps | min=30.0bps
2026-05-08 21:35:14,453 | INFO | fetch_order_book: symbol=CHIP/USDC limit=20
2026-05-08 21:35:14,710 | INFO | fetch_order_book: mid=0.07391 spread=5.41bps bids=20 asks=20
2026-05-08 21:35:15,598 | INFO | SPREAD | pair=CHIP/USDC | cex=0.07389/0.07393 | dex_sell=0.0738959 dex_buy=0.0739151 | spread_a=-4.6bps spread_b=-3.4bps | min=30.0bps
2026-05-08 21:35:16,601 | INFO | fetch_order_book: symbol=CHIP/USDC limit=20
2026-05-08 21:35:16,864 | INFO | fetch_order_book: mid=0.07391 spread=5.41bps bids=20 asks=20
2026-05-08 21:35:17,758 | INFO | SPREAD | pair=CHIP/USDC | cex=0.07389/0.07393 | dex_sell=0.0738959 dex_buy=0.0739151 | spread_a=-4.6bps spread_b=-3.4bps | min=30.0bps
2026-05-08 21:35:18,761 | INFO | fetch_order_book: symbol=CHIP/USDC limit=20
2026-05-08 21:35:19,019 | INFO | fetch_order_book: mid=0.07390 spread=8.12bps bids=20 asks=20
2026-05-08 21:35:19,872 | INFO | SPREAD | pair=CHIP/USDC | cex=0.07387/0.07393 | dex_sell=0.0738959 dex_buy=0.0739151 | spread_a=-4.6bps spread_b=-6.1bps | min=30.0bps
2026-05-08 21:35:20,874 | INFO | fetch_order_book: symbol=CHIP/USDC limit=20
2026-05-08 21:35:21,140 | INFO | fetch_order_book: mid=0.07390 spread=8.12bps bids=20 asks=20
2026-05-08 21:35:22,040 | INFO | SPREAD | pair=CHIP/USDC | cex=0.07387/0.07393 | dex_sell=0.0738959 dex_buy=0.0739151 | spread_a=-4.6bps spread_b=-6.1bps | min=30.0bps
2026-05-08 21:35:23,044 | INFO | fetch_order_book: symbol=CHIP/USDC limit=20
2026-05-08 21:35:23,302 | INFO | fetch_order_book: mid=0.07395 spread=2.70bps bids=20 asks=20
2026-05-08 21:35:24,172 | INFO | SPREAD | pair=CHIP/USDC | cex=0.07394/0.07396 | dex_sell=0.0738959 dex_buy=0.0739151 | spread_a=-8.7bps spread_b=3.4bps | min=30.0bps
2026-05-08 21:35:25,175 | INFO | fetch_order_book: symbol=CHIP/USDC limit=20
2026-05-08 21:35:25,432 | INFO | fetch_order_book: mid=0.073965 spread=4.06bps bids=20 asks=20
2026-05-08 21:35:26,319 | INFO | SPREAD | pair=CHIP/USDC | cex=0.07395/0.07398 | dex_sell=0.0739336 dex_buy=0.0739528 | spread_a=-6.3bps spread_b=-0.4bps | min=30.0bps
2026-05-08 21:35:27,323 | INFO | fetch_order_book: symbol=CHIP/USDC limit=20
2026-05-08 21:35:27,592 | INFO | fetch_order_book: mid=0.07394 spread=5.41bps bids=20 asks=20
2026-05-08 21:35:28,457 | INFO | SPREAD | pair=CHIP/USDC | cex=0.07392/0.07396 | dex_sell=0.0739336 dex_buy=0.0739528 | spread_a=-3.6bps spread_b=-4.4bps | min=30.0bps
2026-05-08 21:35:29,461 | INFO | fetch_order_book: symbol=CHIP/USDC limit=20
2026-05-08 21:35:29,721 | INFO | fetch_order_book: mid=0.07395 spread=8.11bps bids=20 asks=20
2026-05-08 21:35:30,607 | INFO | SPREAD | pair=CHIP/USDC | cex=0.07392/0.07398 | dex_sell=0.0739336 dex_buy=0.0739528 | spread_a=-6.3bps spread_b=-4.4bps | min=30.0bps
2026-05-08 21:35:31,611 | INFO | fetch_order_book: symbol=CHIP/USDC limit=20
2026-05-08 21:35:31,868 | INFO | fetch_order_book: mid=0.073935 spread=4.06bps bids=20 asks=20
2026-05-08 21:35:32,739 | INFO | SPREAD | pair=CHIP/USDC | cex=0.07392/0.07395 | dex_sell=0.0739336 dex_buy=0.0739528 | spread_a=-2.2bps spread_b=-4.4bps | min=30.0bps
2026-05-08 21:35:33,742 | INFO | fetch_order_book: symbol=CHIP/USDC limit=20
2026-05-08 21:35:34,069 | INFO | fetch_order_book: mid=0.074025 spread=4.05bps bids=20 asks=20
2026-05-08 21:35:34,972 | INFO | SPREAD | pair=CHIP/USDC | cex=0.07401/0.07404 | dex_sell=0.0739938 dex_buy=0.074013 | spread_a=-6.2bps spread_b=-0.4bps | min=30.0bps
2026-05-08 21:35:35,975 | INFO | fetch_order_book: symbol=CHIP/USDC limit=20
2026-05-08 21:35:36,233 | INFO | fetch_order_book: mid=0.07405 spread=5.40bps bids=20 asks=20
2026-05-08 21:35:37,081 | INFO | SPREAD | pair=CHIP/USDC | cex=0.07403/0.07407 | dex_sell=0.0740238 dex_buy=0.074043 | spread_a=-6.2bps spread_b=-1.8bps | min=30.0bps
2026-05-08 21:35:38,085 | INFO | fetch_order_book: symbol=CHIP/USDC limit=20
2026-05-08 21:35:38,397 | INFO | fetch_order_book: mid=0.07403 spread=8.10bps bids=20 asks=20
2026-05-08 21:35:39,271 | INFO | SPREAD | pair=CHIP/USDC | cex=0.074/0.07406 | dex_sell=0.0740238 dex_buy=0.074043 | spread_a=-4.9bps spread_b=-5.8bps | min=30.0bps
2026-05-08 21:35:40,274 | INFO | fetch_order_book: symbol=CHIP/USDC limit=20
2026-05-08 21:35:40,534 | INFO | fetch_order_book: mid=0.074055 spread=6.75bps bids=20 asks=20
2026-05-08 21:35:41,437 | INFO | SPREAD | pair=CHIP/USDC | cex=0.07403/0.07408 | dex_sell=0.0740337 dex_buy=0.0740529 | spread_a=-6.2bps spread_b=-3.1bps | min=30.0bps
2026-05-08 21:35:42,440 | INFO | fetch_order_book: symbol=CHIP/USDC limit=20
2026-05-08 21:35:42,702 | INFO | fetch_order_book: mid=0.07400 spread=5.41bps bids=20 asks=20
2026-05-08 21:35:43,577 | INFO | SPREAD | pair=CHIP/USDC | cex=0.07398/0.07402 | dex_sell=0.0740337 dex_buy=0.0740284 | spread_a=1.9bps spread_b=-6.5bps | min=30.0bps
2026-05-08 21:35:44,581 | INFO | fetch_order_book: symbol=CHIP/USDC limit=20
2026-05-08 21:35:44,839 | INFO | fetch_order_book: mid=0.073965 spread=1.35bps bids=20 asks=20
2026-05-08 21:35:45,727 | INFO | SPREAD | pair=CHIP/USDC | cex=0.07396/0.07397 | dex_sell=0.0739693 dex_buy=0.0739885 | spread_a=-0.1bps spread_b=-3.8bps | min=30.0bps
2026-05-08 21:35:46,729 | INFO | fetch_order_book: symbol=CHIP/USDC limit=20
2026-05-08 21:35:46,988 | INFO | fetch_order_book: mid=0.07389 spread=2.71bps bids=20 asks=20
2026-05-08 21:35:47,873 | INFO | SPREAD | pair=CHIP/USDC | cex=0.07388/0.0739 | dex_sell=0.0739394 dex_buy=0.0739283 | spread_a=5.3bps spread_b=-6.5bps | min=30.0bps
2026-05-08 21:35:48,876 | INFO | fetch_order_book: symbol=CHIP/USDC limit=20
2026-05-08 21:35:49,132 | INFO | fetch_order_book: mid=0.07387 spread=2.71bps bids=20 asks=20
2026-05-08 21:35:49,999 | INFO | SPREAD | pair=CHIP/USDC | cex=0.07386/0.07388 | dex_sell=0.0738958 dex_buy=0.073915 | spread_a=2.1bps spread_b=-7.4bps | min=30.0bps
2026-05-08 21:35:51,002 | INFO | fetch_order_book: symbol=CHIP/USDC limit=20
2026-05-08 21:35:51,259 | INFO | fetch_order_book: mid=0.07387 spread=5.41bps bids=20 asks=20
2026-05-08 21:35:52,182 | INFO | SPREAD | pair=CHIP/USDC | cex=0.07385/0.07389 | dex_sell=0.0738958 dex_buy=0.073915 | spread_a=0.8bps spread_b=-8.8bps | min=30.0bps
2026-05-08 21:35:53,184 | INFO | fetch_order_book: symbol=CHIP/USDC limit=20
2026-05-08 21:35:53,440 | INFO | fetch_order_book: mid=0.07384 spread=5.42bps bids=20 asks=20
2026-05-08 21:35:54,308 | INFO | SPREAD | pair=CHIP/USDC | cex=0.07382/0.07386 | dex_sell=0.0738958 dex_buy=0.073915 | spread_a=4.9bps spread_b=-12.9bps | min=30.0bps
2026-05-08 21:35:55,311 | INFO | fetch_order_book: symbol=CHIP/USDC limit=20
2026-05-08 21:35:55,572 | INFO | fetch_order_book: mid=0.07380 spread=2.71bps bids=20 asks=20
2026-05-08 21:35:56,522 | INFO | SPREAD | pair=CHIP/USDC | cex=0.07379/0.07381 | dex_sell=0.0737593 dex_buy=0.0738029 | spread_a=-6.9bps spread_b=-1.8bps | min=30.0bps
2026-05-08 21:35:57,525 | INFO | fetch_order_book: symbol=CHIP/USDC limit=20
2026-05-08 21:35:57,788 | INFO | fetch_order_book: mid=0.073845 spread=4.06bps bids=20 asks=20
2026-05-08 21:35:58,668 | INFO | SPREAD | pair=CHIP/USDC | cex=0.07383/0.07386 | dex_sell=0.0738137 dex_buy=0.0738628 | spread_a=-6.3bps spread_b=-4.4bps | min=30.0bps
2026-05-08 21:35:59,671 | INFO | fetch_order_book: symbol=CHIP/USDC limit=20
2026-05-08 21:35:59,967 | INFO | fetch_order_book: mid=0.073835 spread=6.77bps bids=20 asks=20
2026-05-08 21:36:00,890 | INFO | SPREAD | pair=CHIP/USDC | cex=0.07381/0.07386 | dex_sell=0.0738094 dex_buy=0.0738285 | spread_a=-6.9bps spread_b=-2.5bps | min=30.0bps
2026-05-08 21:36:01,894 | INFO | fetch_order_book: symbol=CHIP/USDC limit=20
2026-05-08 21:36:02,355 | INFO | fetch_order_book: mid=0.073805 spread=6.77bps bids=20 asks=20
2026-05-08 21:36:03,238 | INFO | SPREAD | pair=CHIP/USDC | cex=0.07378/0.07383 | dex_sell=0.0737891 dex_buy=0.0738083 | spread_a=-5.5bps spread_b=-3.8bps | min=30.0bps
2026-05-08 21:36:04,241 | INFO | fetch_order_book: symbol=CHIP/USDC limit=20
2026-05-08 21:36:04,523 | INFO | fetch_order_book: mid=0.073825 spread=6.77bps bids=20 asks=20
2026-05-08 21:36:05,460 | INFO | SPREAD | pair=CHIP/USDC | cex=0.0738/0.07385 | dex_sell=0.0737891 dex_buy=0.0738082 | spread_a=-8.2bps spread_b=-1.1bps | min=30.0bps
2026-05-08 21:36:06,462 | INFO | fetch_order_book: symbol=CHIP/USDC limit=20
2026-05-08 21:36:06,721 | INFO | fetch_order_book: mid=0.073875 spread=9.48bps bids=20 asks=20
2026-05-08 21:36:07,623 | INFO | SPREAD | pair=CHIP/USDC | cex=0.07384/0.07391 | dex_sell=0.0738636 dex_buy=0.0738828 | spread_a=-6.3bps spread_b=-5.8bps | min=30.0bps
2026-05-08 21:36:08,626 | INFO | fetch_order_book: symbol=CHIP/USDC limit=20
2026-05-08 21:36:08,884 | INFO | fetch_order_book: mid=0.073845 spread=6.77bps bids=20 asks=20
2026-05-08 21:36:09,778 | INFO | SPREAD | pair=CHIP/USDC | cex=0.07382/0.07387 | dex_sell=0.0738636 dex_buy=0.0738586 | spread_a=-0.9bps spread_b=-5.2bps | min=30.0bps
2026-05-08 21:36:10,781 | INFO | fetch_order_book: symbol=CHIP/USDC limit=20
2026-05-08 21:36:11,039 | INFO | fetch_order_book: mid=0.07382 spread=5.42bps bids=20 asks=20
2026-05-08 21:36:11,897 | INFO | SPREAD | pair=CHIP/USDC | cex=0.0738/0.07384 | dex_sell=0.0738394 dex_buy=0.0738586 | spread_a=-0.1bps spread_b=-7.9bps | min=30.0bps
2026-05-08 21:36:12,900 | INFO | fetch_order_book: symbol=CHIP/USDC limit=20
2026-05-08 21:36:13,158 | INFO | fetch_order_book: mid=0.07398 spread=5.41bps bids=20 asks=20
2026-05-08 21:36:14,055 | INFO | SPREAD | pair=CHIP/USDC | cex=0.07396/0.074 | dex_sell=0.0739335 dex_buy=0.073983 | spread_a=-9.0bps spread_b=-3.1bps | min=30.0bps
2026-05-08 21:36:15,057 | INFO | fetch_order_book: symbol=CHIP/USDC limit=20
2026-05-08 21:36:15,320 | INFO | fetch_order_book: mid=0.07398 spread=8.11bps bids=20 asks=20
2026-05-08 21:36:16,155 | INFO | SPREAD | pair=CHIP/USDC | cex=0.07395/0.07401 | dex_sell=0.0739793 dex_buy=0.0739985 | spread_a=-4.2bps spread_b=-6.5bps | min=30.0bps
2026-05-08 21:36:17,158 | INFO | fetch_order_book: symbol=CHIP/USDC limit=20
2026-05-08 21:36:17,963 | INFO | fetch_order_book: mid=0.073975 spread=6.76bps bids=20 asks=20
2026-05-08 21:36:18,899 | INFO | SPREAD | pair=CHIP/USDC | cex=0.07395/0.074 | dex_sell=0.0739793 dex_buy=0.0739985 | spread_a=-2.8bps spread_b=-6.5bps | min=30.0bps
2026-05-08 21:36:19,902 | INFO | fetch_order_book: symbol=CHIP/USDC limit=20
2026-05-08 21:36:20,164 | INFO | fetch_order_book: mid=0.073975 spread=6.76bps bids=20 asks=20
2026-05-08 21:36:21,012 | INFO | SPREAD | pair=CHIP/USDC | cex=0.07395/0.074 | dex_sell=0.0739793 dex_buy=0.0739985 | spread_a=-2.8bps spread_b=-6.5bps | min=30.0bps
2026-05-08 21:36:22,015 | INFO | fetch_order_book: symbol=CHIP/USDC limit=20
2026-05-08 21:36:22,346 | INFO | fetch_order_book: mid=0.073985 spread=6.76bps bids=20 asks=20
2026-05-08 21:36:23,245 | INFO | SPREAD | pair=CHIP/USDC | cex=0.07396/0.07401 | dex_sell=0.0739793 dex_buy=0.0739985 | spread_a=-4.2bps spread_b=-5.2bps | min=30.0bps
2026-05-08 21:36:24,248 | INFO | fetch_order_book: symbol=CHIP/USDC limit=20
2026-05-08 21:36:24,505 | INFO | fetch_order_book: mid=0.07404 spread=5.40bps bids=20 asks=20
2026-05-08 21:36:25,386 | INFO | SPREAD | pair=CHIP/USDC | cex=0.07402/0.07406 | dex_sell=0.0739494 dex_buy=0.0740331 | spread_a=-14.9bps spread_b=-1.8bps | min=30.0bps
2026-05-08 21:36:26,390 | INFO | fetch_order_book: symbol=CHIP/USDC limit=20
2026-05-08 21:36:26,652 | INFO | fetch_order_book: mid=0.07400 spread=5.41bps bids=20 asks=20
2026-05-08 21:36:27,568 | INFO | SPREAD | pair=CHIP/USDC | cex=0.07398/0.07402 | dex_sell=0.0740138 dex_buy=0.074033 | spread_a=-0.8bps spread_b=-7.2bps | min=30.0bps
2026-05-08 21:36:28,571 | INFO | fetch_order_book: symbol=CHIP/USDC limit=20
2026-05-08 21:36:28,828 | INFO | fetch_order_book: mid=0.07396 spread=5.41bps bids=20 asks=20
2026-05-08 21:36:29,700 | INFO | SPREAD | pair=CHIP/USDC | cex=0.07394/0.07398 | dex_sell=0.0739893 dex_buy=0.0740085 | spread_a=1.3bps spread_b=-9.3bps | min=30.0bps
2026-05-08 21:36:30,702 | INFO | fetch_order_book: symbol=CHIP/USDC limit=20
2026-05-08 21:36:30,959 | INFO | fetch_order_book: mid=0.07392 spread=5.41bps bids=20 asks=20
2026-05-08 21:36:31,865 | INFO | SPREAD | pair=CHIP/USDC | cex=0.0739/0.07394 | dex_sell=0.0739292 dex_buy=0.0739484 | spread_a=-1.5bps spread_b=-6.5bps | min=30.0bps
2026-05-08 21:36:32,868 | INFO | fetch_order_book: symbol=CHIP/USDC limit=20
2026-05-08 21:36:33,147 | INFO | fetch_order_book: mid=0.073915 spread=4.06bps bids=20 asks=20
2026-05-08 21:36:34,060 | INFO | SPREAD | pair=CHIP/USDC | cex=0.0739/0.07393 | dex_sell=0.0739292 dex_buy=0.0739484 | spread_a=-0.1bps spread_b=-6.5bps | min=30.0bps
2026-05-08 21:36:35,064 | INFO | fetch_order_book: symbol=CHIP/USDC limit=20
2026-05-08 21:36:35,331 | INFO | fetch_order_book: mid=0.073915 spread=4.06bps bids=20 asks=20
2026-05-08 21:36:36,186 | INFO | SPREAD | pair=CHIP/USDC | cex=0.0739/0.07393 | dex_sell=0.0739292 dex_buy=0.0739484 | spread_a=-0.1bps spread_b=-6.5bps | min=30.0bps
2026-05-08 21:36:37,189 | INFO | fetch_order_book: symbol=CHIP/USDC limit=20
2026-05-08 21:36:37,450 | INFO | fetch_order_book: mid=0.07389 spread=2.71bps bids=20 asks=20
2026-05-08 21:36:38,307 | INFO | SPREAD | pair=CHIP/USDC | cex=0.07388/0.0739 | dex_sell=0.0739292 dex_buy=0.0739185 | spread_a=4.0bps spread_b=-5.2bps | min=30.0bps
2026-05-08 21:36:39,310 | INFO | fetch_order_book: symbol=CHIP/USDC limit=20
2026-05-08 21:36:39,610 | INFO | fetch_order_book: mid=0.07400 spread=8.11bps bids=20 asks=20
2026-05-08 21:36:40,542 | INFO | SPREAD | pair=CHIP/USDC | cex=0.07397/0.07403 | dex_sell=0.0739505 dex_buy=0.073993 | spread_a=-10.7bps spread_b=-3.1bps | min=30.0bps
2026-05-08 21:36:41,545 | INFO | fetch_order_book: symbol=CHIP/USDC limit=20
2026-05-08 21:36:41,809 | INFO | fetch_order_book: mid=0.073995 spread=4.05bps bids=20 asks=20
2026-05-08 21:36:42,698 | INFO | SPREAD | pair=CHIP/USDC | cex=0.07398/0.07401 | dex_sell=0.0740038 dex_buy=0.074023 | spread_a=-0.8bps spread_b=-5.8bps | min=30.0bps
2026-05-08 21:36:43,701 | INFO | fetch_order_book: symbol=CHIP/USDC limit=20
2026-05-08 21:36:43,991 | INFO | fetch_order_book: mid=0.074005 spread=6.76bps bids=20 asks=20
2026-05-08 21:36:44,875 | INFO | SPREAD | pair=CHIP/USDC | cex=0.07398/0.07403 | dex_sell=0.0740038 dex_buy=0.074023 | spread_a=-3.5bps spread_b=-5.8bps | min=30.0bps
2026-05-08 21:36:45,879 | INFO | fetch_order_book: symbol=CHIP/USDC limit=20
2026-05-08 21:36:46,253 | INFO | fetch_order_book: mid=0.073965 spread=6.76bps bids=20 asks=20
2026-05-08 21:36:47,148 | INFO | SPREAD | pair=CHIP/USDC | cex=0.07394/0.07399 | dex_sell=0.0739994 dex_buy=0.0740186 | spread_a=1.3bps spread_b=-10.6bps | min=30.0bps
2026-05-08 21:36:48,152 | INFO | fetch_order_book: symbol=CHIP/USDC limit=20
2026-05-08 21:36:48,409 | INFO | fetch_order_book: mid=0.07399 spread=5.41bps bids=20 asks=20
2026-05-08 21:36:49,296 | INFO | SPREAD | pair=CHIP/USDC | cex=0.07397/0.07401 | dex_sell=0.0739695 dex_buy=0.074013 | spread_a=-5.5bps spread_b=-5.8bps | min=30.0bps
2026-05-08 21:36:50,299 | INFO | fetch_order_book: symbol=CHIP/USDC limit=20
2026-05-08 21:36:50,557 | INFO | fetch_order_book: mid=0.073995 spread=4.05bps bids=20 asks=20
2026-05-08 21:36:51,409 | INFO | SPREAD | pair=CHIP/USDC | cex=0.07398/0.07401 | dex_sell=0.0739938 dex_buy=0.074013 | spread_a=-2.2bps spread_b=-4.5bps | min=30.0bps
2026-05-08 21:36:52,412 | INFO | fetch_order_book: symbol=CHIP/USDC limit=20
2026-05-08 21:36:52,787 | INFO | fetch_order_book: mid=0.073975 spread=4.06bps bids=20 asks=20
2026-05-08 21:36:53,667 | INFO | SPREAD | pair=CHIP/USDC | cex=0.07396/0.07399 | dex_sell=0.0739693 dex_buy=0.0739884 | spread_a=-2.8bps spread_b=-3.8bps | min=30.0bps
2026-05-08 21:36:54,669 | INFO | fetch_order_book: symbol=CHIP/USDC limit=20
2026-05-08 21:36:54,941 | INFO | fetch_order_book: mid=0.073975 spread=4.06bps bids=20 asks=20
2026-05-08 21:36:55,834 | INFO | SPREAD | pair=CHIP/USDC | cex=0.07396/0.07399 | dex_sell=0.0739693 dex_buy=0.0739884 | spread_a=-2.8bps spread_b=-3.8bps | min=30.0bps
2026-05-08 21:36:56,838 | INFO | fetch_order_book: symbol=CHIP/USDC limit=20
2026-05-08 21:36:57,100 | INFO | fetch_order_book: mid=0.073975 spread=4.06bps bids=20 asks=20
2026-05-08 21:36:57,974 | INFO | SPREAD | pair=CHIP/USDC | cex=0.07396/0.07399 | dex_sell=0.0739693 dex_buy=0.0739884 | spread_a=-2.8bps spread_b=-3.8bps | min=30.0bps
2026-05-08 21:36:58,977 | INFO | fetch_order_book: symbol=CHIP/USDC limit=20
2026-05-08 21:36:59,234 | INFO | fetch_order_book: mid=0.07407 spread=2.70bps bids=20 asks=20
2026-05-08 21:37:00,104 | INFO | SPREAD | pair=CHIP/USDC | cex=0.07406/0.07408 | dex_sell=0.0740037 dex_buy=0.0740529 | spread_a=-10.3bps spread_b=1.0bps | min=30.0bps
2026-05-08 21:37:01,107 | INFO | fetch_order_book: symbol=CHIP/USDC limit=20
2026-05-08 21:37:01,425 | INFO | fetch_order_book: mid=0.07404 spread=5.40bps bids=20 asks=20
2026-05-08 21:37:02,354 | INFO | SPREAD | pair=CHIP/USDC | cex=0.07402/0.07406 | dex_sell=0.0740637 dex_buy=0.0740586 | spread_a=0.5bps spread_b=-5.2bps | min=30.0bps
2026-05-08 21:37:03,357 | INFO | fetch_order_book: symbol=CHIP/USDC limit=20
2026-05-08 21:37:03,634 | INFO | fetch_order_book: mid=0.074045 spread=6.75bps bids=20 asks=20
2026-05-08 21:37:04,481 | INFO | SPREAD | pair=CHIP/USDC | cex=0.07402/0.07407 | dex_sell=0.0740394 dex_buy=0.0740586 | spread_a=-4.1bps spread_b=-5.2bps | min=30.0bps
2026-05-08 21:37:05,484 | INFO | fetch_order_book: symbol=CHIP/USDC limit=20
2026-05-08 21:37:05,869 | INFO | fetch_order_book: mid=0.074065 spread=4.05bps bids=20 asks=20
2026-05-08 21:37:06,788 | INFO | SPREAD | pair=CHIP/USDC | cex=0.07405/0.07408 | dex_sell=0.0740394 dex_buy=0.0740586 | spread_a=-5.5bps spread_b=-1.2bps | min=30.0bps
2026-05-08 21:37:07,791 | INFO | fetch_order_book: symbol=CHIP/USDC limit=20
2026-05-08 21:37:08,049 | INFO | fetch_order_book: mid=0.07406 spread=5.40bps bids=20 asks=20
2026-05-08 21:37:08,912 | INFO | SPREAD | pair=CHIP/USDC | cex=0.07404/0.07408 | dex_sell=0.0740394 dex_buy=0.0740586 | spread_a=-5.5bps spread_b=-2.5bps | min=30.0bps
2026-05-08 21:37:09,916 | INFO | fetch_order_book: symbol=CHIP/USDC limit=20
2026-05-08 21:37:10,230 | INFO | fetch_order_book: mid=0.074045 spread=6.75bps bids=20 asks=20
2026-05-08 21:37:11,089 | INFO | SPREAD | pair=CHIP/USDC | cex=0.07402/0.07407 | dex_sell=0.0740394 dex_buy=0.0740586 | spread_a=-4.1bps spread_b=-5.2bps | min=30.0bps
2026-05-08 21:37:12,094 | INFO | fetch_order_book: symbol=CHIP/USDC limit=20
2026-05-08 21:37:12,351 | INFO | fetch_order_book: mid=0.07402 spread=5.40bps bids=20 asks=20
2026-05-08 21:37:13,222 | INFO | SPREAD | pair=CHIP/USDC | cex=0.074/0.07404 | dex_sell=0.0740394 dex_buy=0.0740586 | spread_a=-0.1bps spread_b=-7.9bps | min=30.0bps
2026-05-08 21:37:14,225 | INFO | fetch_order_book: symbol=CHIP/USDC limit=20
2026-05-08 21:37:14,483 | INFO | fetch_order_book: mid=0.074065 spread=4.05bps bids=20 asks=20
2026-05-08 21:37:15,339 | INFO | SPREAD | pair=CHIP/USDC | cex=0.07405/0.07408 | dex_sell=0.0740394 dex_buy=0.0740586 | spread_a=-5.5bps spread_b=-1.2bps | min=30.0bps
2026-05-08 21:37:16,343 | INFO | fetch_order_book: symbol=CHIP/USDC limit=20
2026-05-08 21:37:16,603 | INFO | fetch_order_book: mid=0.074035 spread=4.05bps bids=20 asks=20
2026-05-08 21:37:17,437 | INFO | SPREAD | pair=CHIP/USDC | cex=0.07402/0.07405 | dex_sell=0.0740394 dex_buy=0.0740286 | spread_a=-1.4bps spread_b=-1.2bps | min=30.0bps
2026-05-08 21:37:18,440 | INFO | fetch_order_book: symbol=CHIP/USDC limit=20
2026-05-08 21:37:18,700 | INFO | fetch_order_book: mid=0.07401 spread=2.70bps bids=20 asks=20
2026-05-08 21:37:19,596 | INFO | SPREAD | pair=CHIP/USDC | cex=0.074/0.07402 | dex_sell=0.0740338 dex_buy=0.0740284 | spread_a=1.9bps spread_b=-3.8bps | min=30.0bps
2026-05-08 21:37:20,598 | INFO | fetch_order_book: symbol=CHIP/USDC limit=20
2026-05-08 21:37:20,856 | INFO | fetch_order_book: mid=0.07407 spread=2.70bps bids=20 asks=20
2026-05-08 21:37:21,772 | INFO | SPREAD | pair=CHIP/USDC | cex=0.07406/0.07408 | dex_sell=0.0740539 dex_buy=0.0740731 | spread_a=-3.5bps spread_b=-1.8bps | min=30.0bps
2026-05-08 21:37:22,775 | INFO | fetch_order_book: symbol=CHIP/USDC limit=20
2026-05-08 21:37:23,036 | INFO | fetch_order_book: mid=0.074085 spread=4.05bps bids=20 asks=20
2026-05-08 21:37:23,909 | INFO | SPREAD | pair=CHIP/USDC | cex=0.07407/0.0741 | dex_sell=0.0740935 dex_buy=0.0741128 | spread_a=-0.9bps spread_b=-5.8bps | min=30.0bps
2026-05-08 21:37:24,912 | INFO | fetch_order_book: symbol=CHIP/USDC limit=20
2026-05-08 21:37:25,175 | INFO | fetch_order_book: mid=0.074105 spread=6.75bps bids=20 asks=20
2026-05-08 21:37:26,080 | INFO | SPREAD | pair=CHIP/USDC | cex=0.07408/0.07413 | dex_sell=0.0741238 dex_buy=0.0741431 | spread_a=-0.8bps spread_b=-8.5bps | min=30.0bps
2026-05-08 21:37:27,083 | INFO | fetch_order_book: symbol=CHIP/USDC limit=20
2026-05-08 21:37:27,455 | INFO | fetch_order_book: mid=0.07410 spread=8.10bps bids=20 asks=20
2026-05-08 21:37:28,372 | INFO | SPREAD | pair=CHIP/USDC | cex=0.07407/0.07413 | dex_sell=0.0740992 dex_buy=0.0741185 | spread_a=-4.2bps spread_b=-6.5bps | min=30.0bps
2026-05-08 21:37:29,374 | INFO | fetch_order_book: symbol=CHIP/USDC limit=20
2026-05-08 21:37:29,634 | INFO | fetch_order_book: mid=0.07403 spread=5.40bps bids=20 asks=20
2026-05-08 21:37:30,470 | INFO | SPREAD | pair=CHIP/USDC | cex=0.07401/0.07405 | dex_sell=0.0740992 dex_buy=0.0740704 | spread_a=6.6bps spread_b=-8.2bps | min=30.0bps
2026-05-08 21:37:31,473 | INFO | fetch_order_book: symbol=CHIP/USDC limit=20
2026-05-08 21:37:31,967 | INFO | fetch_order_book: mid=0.074075 spread=4.05bps bids=20 asks=20
2026-05-08 21:37:32,915 | INFO | SPREAD | pair=CHIP/USDC | cex=0.07406/0.07409 | dex_sell=0.0740512 dex_buy=0.0740704 | spread_a=-5.2bps spread_b=-1.4bps | min=30.0bps
2026-05-08 21:37:33,917 | INFO | fetch_order_book: symbol=CHIP/USDC limit=20
2026-05-08 21:37:34,283 | INFO | fetch_order_book: mid=0.074105 spread=4.05bps bids=20 asks=20
2026-05-08 21:37:35,092 | INFO | SPREAD | pair=CHIP/USDC | cex=0.07409/0.07412 | dex_sell=0.0740737 dex_buy=0.0740929 | spread_a=-6.3bps spread_b=-0.4bps | min=30.0bps
2026-05-08 21:37:36,093 | INFO | fetch_order_book: symbol=CHIP/USDC limit=20
2026-05-08 21:37:36,429 | INFO | fetch_order_book: mid=0.074115 spread=6.75bps bids=20 asks=20
2026-05-08 21:37:37,349 | INFO | SPREAD | pair=CHIP/USDC | cex=0.07409/0.07414 | dex_sell=0.0740938 dex_buy=0.074113 | spread_a=-6.2bps spread_b=-3.1bps | min=30.0bps
2026-05-08 21:37:38,352 | INFO | fetch_order_book: symbol=CHIP/USDC limit=20
2026-05-08 21:37:38,623 | INFO | fetch_order_book: mid=0.07417 spread=2.70bps bids=20 asks=20
2026-05-08 21:37:39,546 | INFO | SPREAD | pair=CHIP/USDC | cex=0.07416/0.07418 | dex_sell=0.0741838 dex_buy=0.0742031 | spread_a=0.5bps spread_b=-5.8bps | min=30.0bps
2026-05-08 21:37:40,550 | INFO | fetch_order_book: symbol=CHIP/USDC limit=20
2026-05-08 21:37:40,806 | INFO | fetch_order_book: mid=0.07410 spread=5.40bps bids=20 asks=20
2026-05-08 21:37:41,750 | INFO | SPREAD | pair=CHIP/USDC | cex=0.07408/0.07412 | dex_sell=0.0740696 dex_buy=0.0740888 | spread_a=-6.8bps spread_b=-1.2bps | min=30.0bps
2026-05-08 21:37:42,754 | INFO | fetch_order_book: symbol=CHIP/USDC limit=20
2026-05-08 21:37:43,090 | INFO | fetch_order_book: mid=0.07413 spread=5.40bps bids=20 asks=20
2026-05-08 21:37:43,965 | INFO | SPREAD | pair=CHIP/USDC | cex=0.07411/0.07415 | dex_sell=0.0741037 dex_buy=0.0741229 | spread_a=-6.2bps spread_b=-1.7bps | min=30.0bps
2026-05-08 21:37:44,968 | INFO | fetch_order_book: symbol=CHIP/USDC limit=20
2026-05-08 21:37:45,233 | INFO | fetch_order_book: mid=0.07407 spread=2.70bps bids=20 asks=20
2026-05-08 21:37:46,152 | INFO | SPREAD | pair=CHIP/USDC | cex=0.07406/0.07408 | dex_sell=0.0741037 dex_buy=0.0740885 | spread_a=3.2bps spread_b=-3.8bps | min=30.0bps
2026-05-08 21:37:47,155 | INFO | fetch_order_book: symbol=CHIP/USDC limit=20
2026-05-08 21:37:47,487 | INFO | fetch_order_book: mid=0.074025 spread=1.35bps bids=20 asks=20
2026-05-08 21:37:48,362 | INFO | SPREAD | pair=CHIP/USDC | cex=0.07402/0.07403 | dex_sell=0.0739837 dex_buy=0.0740029 | spread_a=-6.3bps spread_b=2.3bps | min=30.0bps
2026-05-08 21:37:49,366 | INFO | fetch_order_book: symbol=CHIP/USDC limit=20
2026-05-08 21:37:49,646 | INFO | fetch_order_book: mid=0.074045 spread=4.05bps bids=20 asks=20
2026-05-08 21:37:50,501 | INFO | SPREAD | pair=CHIP/USDC | cex=0.07403/0.07406 | dex_sell=0.0740137 dex_buy=0.0740329 | spread_a=-6.3bps spread_b=-0.4bps | min=30.0bps
2026-05-08 21:37:51,504 | INFO | fetch_order_book: symbol=CHIP/USDC limit=20
2026-05-08 21:37:51,762 | INFO | fetch_order_book: mid=0.074045 spread=4.05bps bids=20 asks=20
2026-05-08 21:37:52,575 | INFO | SPREAD | pair=CHIP/USDC | cex=0.07403/0.07406 | dex_sell=0.0740137 dex_buy=0.0740329 | spread_a=-6.3bps spread_b=-0.4bps | min=30.0bps
2026-05-08 21:37:53,579 | INFO | fetch_order_book: symbol=CHIP/USDC limit=20
2026-05-08 21:37:53,836 | INFO | fetch_order_book: mid=0.07407 spread=2.70bps bids=20 asks=20
2026-05-08 21:37:54,730 | INFO | SPREAD | pair=CHIP/USDC | cex=0.07406/0.07408 | dex_sell=0.0740137 dex_buy=0.0740629 | spread_a=-9.0bps spread_b=-0.4bps | min=30.0bps
2026-05-08 21:37:55,734 | INFO | fetch_order_book: symbol=CHIP/USDC limit=20
2026-05-08 21:37:56,043 | INFO | fetch_order_book: mid=0.07409 spread=5.40bps bids=20 asks=20
2026-05-08 21:37:56,923 | INFO | SPREAD | pair=CHIP/USDC | cex=0.07407/0.07411 | dex_sell=0.0740437 dex_buy=0.0740629 | spread_a=-8.9bps spread_b=1.0bps | min=30.0bps
2026-05-08 21:37:57,927 | INFO | fetch_order_book: symbol=CHIP/USDC limit=20
2026-05-08 21:37:58,184 | INFO | fetch_order_book: mid=0.07409 spread=5.40bps bids=20 asks=20
2026-05-08 21:37:59,121 | INFO | SPREAD | pair=CHIP/USDC | cex=0.07407/0.07411 | dex_sell=0.0740437 dex_buy=0.0740629 | spread_a=-8.9bps spread_b=1.0bps | min=30.0bps
2026-05-08 21:38:00,124 | INFO | fetch_order_book: symbol=CHIP/USDC limit=20
2026-05-08 21:38:00,388 | INFO | fetch_order_book: mid=0.07411 spread=2.70bps bids=20 asks=20
2026-05-08 21:38:01,284 | INFO | SPREAD | pair=CHIP/USDC | cex=0.0741/0.07412 | dex_sell=0.0740737 dex_buy=0.0740929 | spread_a=-6.3bps spread_b=1.0bps | min=30.0bps
2026-05-08 21:38:02,287 | INFO | fetch_order_book: symbol=CHIP/USDC limit=20
2026-05-08 21:38:02,546 | INFO | fetch_order_book: mid=0.074095 spread=6.75bps bids=20 asks=20
2026-05-08 21:38:03,471 | INFO | SPREAD | pair=CHIP/USDC | cex=0.07407/0.07412 | dex_sell=0.0740737 dex_buy=0.0740929 | spread_a=-6.3bps spread_b=-3.1bps | min=30.0bps
2026-05-08 21:38:04,475 | INFO | fetch_order_book: symbol=CHIP/USDC limit=20
2026-05-08 21:38:04,732 | INFO | fetch_order_book: mid=0.074085 spread=6.75bps bids=20 asks=20
2026-05-08 21:38:05,597 | INFO | SPREAD | pair=CHIP/USDC | cex=0.07406/0.07411 | dex_sell=0.0740737 dex_buy=0.0740929 | spread_a=-4.9bps spread_b=-4.4bps | min=30.0bps
2026-05-08 21:38:06,600 | INFO | fetch_order_book: symbol=CHIP/USDC limit=20
2026-05-08 21:38:06,856 | INFO | fetch_order_book: mid=0.074095 spread=6.75bps bids=20 asks=20
2026-05-08 21:38:07,757 | INFO | SPREAD | pair=CHIP/USDC | cex=0.07407/0.07412 | dex_sell=0.0740737 dex_buy=0.0740929 | spread_a=-6.3bps spread_b=-3.1bps | min=30.0bps
2026-05-08 21:38:08,760 | INFO | fetch_order_book: symbol=CHIP/USDC limit=20
2026-05-08 21:38:09,299 | INFO | fetch_order_book: mid=0.074105 spread=4.05bps bids=20 asks=20
2026-05-08 21:38:10,120 | INFO | SPREAD | pair=CHIP/USDC | cex=0.07409/0.07412 | dex_sell=0.0740737 dex_buy=0.0740929 | spread_a=-6.3bps spread_b=-0.4bps | min=30.0bps
2026-05-08 21:38:11,123 | INFO | fetch_order_book: symbol=CHIP/USDC limit=20
2026-05-08 21:38:11,390 | INFO | fetch_order_book: mid=0.07413 spread=2.70bps bids=20 asks=20
2026-05-08 21:38:12,292 | INFO | SPREAD | pair=CHIP/USDC | cex=0.07412/0.07414 | dex_sell=0.0741037 dex_buy=0.0741229 | spread_a=-4.9bps spread_b=-0.4bps | min=30.0bps
2026-05-08 21:38:13,293 | INFO | fetch_order_book: symbol=CHIP/USDC limit=20
2026-05-08 21:38:13,558 | INFO | fetch_order_book: mid=0.07419 spread=2.70bps bids=20 asks=20
2026-05-08 21:38:14,405 | INFO | SPREAD | pair=CHIP/USDC | cex=0.07418/0.0742 | dex_sell=0.0741637 dex_buy=0.0741829 | spread_a=-4.9bps spread_b=-0.4bps | min=30.0bps
2026-05-08 21:38:15,408 | INFO | fetch_order_book: symbol=CHIP/USDC limit=20
2026-05-08 21:38:15,671 | INFO | fetch_order_book: mid=0.074215 spread=1.35bps bids=20 asks=20
2026-05-08 21:38:16,566 | INFO | SPREAD | pair=CHIP/USDC | cex=0.07421/0.07422 | dex_sell=0.0741637 dex_buy=0.0741829 | spread_a=-7.6bps spread_b=3.6bps | min=30.0bps
2026-05-08 21:38:17,569 | INFO | fetch_order_book: symbol=CHIP/USDC limit=20
2026-05-08 21:38:17,825 | INFO | fetch_order_book: mid=0.074215 spread=1.35bps bids=20 asks=20
2026-05-08 21:38:18,704 | INFO | SPREAD | pair=CHIP/USDC | cex=0.07421/0.07422 | dex_sell=0.0741937 dex_buy=0.0742129 | spread_a=-3.5bps spread_b=-0.4bps | min=30.0bps
2026-05-08 21:38:19,709 | INFO | fetch_order_book: symbol=CHIP/USDC limit=20
2026-05-08 21:38:19,973 | INFO | fetch_order_book: mid=0.074215 spread=1.35bps bids=20 asks=20
2026-05-08 21:38:20,991 | INFO | SPREAD | pair=CHIP/USDC | cex=0.07421/0.07422 | dex_sell=0.0741937 dex_buy=0.0742129 | spread_a=-3.5bps spread_b=-0.4bps | min=30.0bps
2026-05-08 21:38:21,994 | INFO | fetch_order_book: symbol=CHIP/USDC limit=20
2026-05-08 21:38:22,250 | INFO | fetch_order_book: mid=0.074215 spread=1.35bps bids=20 asks=20
2026-05-08 21:38:23,147 | INFO | SPREAD | pair=CHIP/USDC | cex=0.07421/0.07422 | dex_sell=0.0741937 dex_buy=0.0742129 | spread_a=-3.5bps spread_b=-0.4bps | min=30.0bps
2026-05-08 21:38:24,150 | INFO | fetch_order_book: symbol=CHIP/USDC limit=20
2026-05-08 21:38:24,439 | INFO | fetch_order_book: mid=0.074285 spread=4.04bps bids=20 asks=20
2026-05-08 21:38:25,371 | INFO | SPREAD | pair=CHIP/USDC | cex=0.07427/0.0743 | dex_sell=0.0741937 dex_buy=0.0742628 | spread_a=-14.3bps spread_b=1.0bps | min=30.0bps
2026-05-08 21:38:26,375 | INFO | fetch_order_book: symbol=CHIP/USDC limit=20
2026-05-08 21:38:26,929 | INFO | fetch_order_book: mid=0.07428 spread=2.69bps bids=20 asks=20
2026-05-08 21:38:27,768 | INFO | SPREAD | pair=CHIP/USDC | cex=0.07427/0.07429 | dex_sell=0.0742736 dex_buy=0.0742929 | spread_a=-2.2bps spread_b=-3.1bps | min=30.0bps
2026-05-08 21:38:28,771 | INFO | fetch_order_book: symbol=CHIP/USDC limit=20
2026-05-08 21:38:29,028 | INFO | fetch_order_book: mid=0.074275 spread=4.04bps bids=20 asks=20
2026-05-08 21:38:29,925 | INFO | SPREAD | pair=CHIP/USDC | cex=0.07426/0.07429 | dex_sell=0.0742736 dex_buy=0.0742929 | spread_a=-2.2bps spread_b=-4.4bps | min=30.0bps
2026-05-08 21:38:30,929 | INFO | fetch_order_book: symbol=CHIP/USDC limit=20
2026-05-08 21:38:31,185 | INFO | fetch_order_book: mid=0.07433 spread=2.69bps bids=20 asks=20
2026-05-08 21:38:32,081 | INFO | SPREAD | pair=CHIP/USDC | cex=0.07432/0.07434 | dex_sell=0.0742836 dex_buy=0.074333 | spread_a=-7.6bps spread_b=-1.7bps | min=30.0bps
2026-05-08 21:38:33,085 | INFO | fetch_order_book: symbol=CHIP/USDC limit=20
2026-05-08 21:38:33,356 | INFO | fetch_order_book: mid=0.07422 spread=8.08bps bids=20 asks=20
2026-05-08 21:38:34,279 | INFO | SPREAD | pair=CHIP/USDC | cex=0.07419/0.07425 | dex_sell=0.0742021 dex_buy=0.0742213 | spread_a=-6.5bps spread_b=-4.2bps | min=30.0bps
2026-05-08 21:38:35,281 | INFO | fetch_order_book: symbol=CHIP/USDC limit=20
2026-05-08 21:38:35,615 | INFO | fetch_order_book: mid=0.07425 spread=8.08bps bids=20 asks=20
2026-05-08 21:38:36,472 | INFO | SPREAD | pair=CHIP/USDC | cex=0.07422/0.07428 | dex_sell=0.0742021 dex_buy=0.0742529 | spread_a=-10.5bps spread_b=-4.4bps | min=30.0bps
2026-05-08 21:38:37,475 | INFO | fetch_order_book: symbol=CHIP/USDC limit=20
2026-05-08 21:38:37,732 | INFO | fetch_order_book: mid=0.07427 spread=5.39bps bids=20 asks=20
2026-05-08 21:38:38,587 | INFO | SPREAD | pair=CHIP/USDC | cex=0.07425/0.07429 | dex_sell=0.0742336 dex_buy=0.0742529 | spread_a=-7.6bps spread_b=-0.4bps | min=30.0bps
2026-05-08 21:38:39,591 | INFO | fetch_order_book: symbol=CHIP/USDC limit=20
2026-05-08 21:38:39,850 | INFO | fetch_order_book: mid=0.074245 spread=6.73bps bids=20 asks=20
2026-05-08 21:38:40,799 | INFO | SPREAD | pair=CHIP/USDC | cex=0.07422/0.07427 | dex_sell=0.0742336 dex_buy=0.0742529 | spread_a=-4.9bps spread_b=-4.4bps | min=30.0bps
2026-05-08 21:38:41,802 | INFO | fetch_order_book: symbol=CHIP/USDC limit=20
2026-05-08 21:38:42,133 | INFO | fetch_order_book: mid=0.074255 spread=6.73bps bids=20 asks=20
2026-05-08 21:38:43,032 | INFO | SPREAD | pair=CHIP/USDC | cex=0.07423/0.07428 | dex_sell=0.0742336 dex_buy=0.0742529 | spread_a=-6.2bps spread_b=-3.1bps | min=30.0bps
2026-05-08 21:38:44,035 | INFO | fetch_order_book: symbol=CHIP/USDC limit=20
2026-05-08 21:38:44,309 | INFO | fetch_order_book: mid=0.074255 spread=6.73bps bids=20 asks=20
2026-05-08 21:38:45,174 | INFO | SPREAD | pair=CHIP/USDC | cex=0.07423/0.07428 | dex_sell=0.0742336 dex_buy=0.0742529 | spread_a=-6.2bps spread_b=-3.1bps | min=30.0bps
2026-05-08 21:38:46,177 | INFO | fetch_order_book: symbol=CHIP/USDC limit=20
2026-05-08 21:38:46,525 | INFO | fetch_order_book: mid=0.07426 spread=2.69bps bids=20 asks=20
2026-05-08 21:38:47,435 | INFO | SPREAD | pair=CHIP/USDC | cex=0.07425/0.07427 | dex_sell=0.0742336 dex_buy=0.0742529 | spread_a=-4.9bps spread_b=-0.4bps | min=30.0bps
2026-05-08 21:38:48,438 | INFO | fetch_order_book: symbol=CHIP/USDC limit=20
2026-05-08 21:38:48,856 | INFO | fetch_order_book: mid=0.074255 spread=4.04bps bids=20 asks=20
2026-05-08 21:38:49,741 | INFO | SPREAD | pair=CHIP/USDC | cex=0.07424/0.07427 | dex_sell=0.0742336 dex_buy=0.0742529 | spread_a=-4.9bps spread_b=-1.7bps | min=30.0bps
2026-05-08 21:38:50,743 | INFO | fetch_order_book: symbol=CHIP/USDC limit=20
2026-05-08 21:38:51,097 | INFO | fetch_order_book: mid=0.07425 spread=2.69bps bids=20 asks=20
2026-05-08 21:38:51,994 | INFO | SPREAD | pair=CHIP/USDC | cex=0.07424/0.07426 | dex_sell=0.0742336 dex_buy=0.0742529 | spread_a=-3.6bps spread_b=-1.7bps | min=30.0bps
2026-05-08 21:38:52,997 | INFO | fetch_order_book: symbol=CHIP/USDC limit=20
2026-05-08 21:38:53,261 | INFO | fetch_order_book: mid=0.074205 spread=6.74bps bids=20 asks=20
2026-05-08 21:38:54,115 | INFO | SPREAD | pair=CHIP/USDC | cex=0.07418/0.07423 | dex_sell=0.0742092 dex_buy=0.0742285 | spread_a=-2.8bps spread_b=-6.5bps | min=30.0bps
2026-05-08 21:38:55,119 | INFO | fetch_order_book: symbol=CHIP/USDC limit=20
2026-05-08 21:38:55,458 | INFO | fetch_order_book: mid=0.074195 spread=4.04bps bids=20 asks=20
2026-05-08 21:38:56,314 | INFO | SPREAD | pair=CHIP/USDC | cex=0.07418/0.07421 | dex_sell=0.0742092 dex_buy=0.0742285 | spread_a=-0.1bps spread_b=-6.5bps | min=30.0bps
2026-05-08 21:38:57,317 | INFO | fetch_order_book: symbol=CHIP/USDC limit=20
2026-05-08 21:38:57,583 | INFO | fetch_order_book: mid=0.074175 spread=4.04bps bids=20 asks=20
2026-05-08 21:38:58,416 | INFO | SPREAD | pair=CHIP/USDC | cex=0.07416/0.07419 | dex_sell=0.0741691 dex_buy=0.0741884 | spread_a=-2.8bps spread_b=-3.8bps | min=30.0bps
2026-05-08 21:38:59,419 | INFO | fetch_order_book: symbol=CHIP/USDC limit=20
2026-05-08 21:38:59,787 | INFO | fetch_order_book: mid=0.074135 spread=4.05bps bids=20 asks=20
2026-05-08 21:39:00,681 | INFO | SPREAD | pair=CHIP/USDC | cex=0.07412/0.07415 | dex_sell=0.0741394 dex_buy=0.0741283 | spread_a=-1.4bps spread_b=-1.1bps | min=30.0bps
2026-05-08 21:39:01,684 | INFO | fetch_order_book: symbol=CHIP/USDC limit=20
2026-05-08 21:39:01,941 | INFO | fetch_order_book: mid=0.074075 spread=4.05bps bids=20 asks=20
2026-05-08 21:39:02,839 | INFO | SPREAD | pair=CHIP/USDC | cex=0.07406/0.07409 | dex_sell=0.0740695 dex_buy=0.0740887 | spread_a=-2.8bps spread_b=-3.9bps | min=30.0bps
2026-05-08 21:39:03,843 | INFO | fetch_order_book: symbol=CHIP/USDC limit=20
2026-05-08 21:39:04,320 | INFO | fetch_order_book: mid=0.07405 spread=2.70bps bids=20 asks=20
2026-05-08 21:39:05,191 | INFO | SPREAD | pair=CHIP/USDC | cex=0.07404/0.07406 | dex_sell=0.0740695 dex_buy=0.0740887 | spread_a=1.3bps spread_b=-6.6bps | min=30.0bps
2026-05-08 21:39:06,194 | INFO | fetch_order_book: symbol=CHIP/USDC limit=20
2026-05-08 21:39:06,454 | INFO | fetch_order_book: mid=0.07405 spread=2.70bps bids=20 asks=20
2026-05-08 21:39:07,302 | INFO | SPREAD | pair=CHIP/USDC | cex=0.07404/0.07406 | dex_sell=0.0740695 dex_buy=0.0740887 | spread_a=1.3bps spread_b=-6.6bps | min=30.0bps
2026-05-08 21:39:08,305 | INFO | fetch_order_book: symbol=CHIP/USDC limit=20
2026-05-08 21:39:08,570 | INFO | fetch_order_book: mid=0.074065 spread=9.45bps bids=20 asks=20
2026-05-08 21:39:09,443 | INFO | SPREAD | pair=CHIP/USDC | cex=0.07403/0.0741 | dex_sell=0.0740093 dex_buy=0.074053 | spread_a=-12.2bps spread_b=-3.1bps | min=30.0bps
2026-05-08 21:39:10,445 | INFO | fetch_order_book: symbol=CHIP/USDC limit=20
2026-05-08 21:39:10,700 | INFO | fetch_order_book: mid=0.07410 spread=5.40bps bids=20 asks=20
2026-05-08 21:39:11,608 | INFO | SPREAD | pair=CHIP/USDC | cex=0.07408/0.07412 | dex_sell=0.0740938 dex_buy=0.0741131 | spread_a=-3.5bps spread_b=-4.5bps | min=30.0bps
2026-05-08 21:39:12,611 | INFO | fetch_order_book: symbol=CHIP/USDC limit=20
2026-05-08 21:39:13,092 | INFO | fetch_order_book: mid=0.07411 spread=5.40bps bids=20 asks=20
2026-05-08 21:39:14,012 | INFO | SPREAD | pair=CHIP/USDC | cex=0.07409/0.07413 | dex_sell=0.0740938 dex_buy=0.0741131 | spread_a=-4.9bps spread_b=-3.1bps | min=30.0bps
2026-05-08 21:39:15,015 | INFO | fetch_order_book: symbol=CHIP/USDC limit=20
2026-05-08 21:39:15,272 | INFO | fetch_order_book: mid=0.074125 spread=6.75bps bids=20 asks=20
2026-05-08 21:39:16,193 | INFO | SPREAD | pair=CHIP/USDC | cex=0.0741/0.07415 | dex_sell=0.0740938 dex_buy=0.0741131 | spread_a=-7.6bps spread_b=-1.8bps | min=30.0bps
2026-05-08 21:39:17,196 | INFO | fetch_order_book: symbol=CHIP/USDC limit=20
2026-05-08 21:39:17,522 | INFO | fetch_order_book: mid=0.074145 spread=4.05bps bids=20 asks=20
2026-05-08 21:39:18,409 | INFO | SPREAD | pair=CHIP/USDC | cex=0.07413/0.07416 | dex_sell=0.0741238 dex_buy=0.0741431 | spread_a=-4.9bps spread_b=-1.8bps | min=30.0bps
2026-05-08 21:39:19,412 | INFO | fetch_order_book: symbol=CHIP/USDC limit=20
2026-05-08 21:39:19,676 | INFO | fetch_order_book: mid=0.07414 spread=5.40bps bids=20 asks=20
2026-05-08 21:39:20,505 | INFO | SPREAD | pair=CHIP/USDC | cex=0.07412/0.07416 | dex_sell=0.0741238 dex_buy=0.0741431 | spread_a=-4.9bps spread_b=-3.1bps | min=30.0bps
2026-05-08 21:39:21,508 | INFO | fetch_order_book: symbol=CHIP/USDC limit=20
2026-05-08 21:39:21,779 | INFO | fetch_order_book: mid=0.07416 spread=5.39bps bids=20 asks=20
2026-05-08 21:39:22,764 | INFO | SPREAD | pair=CHIP/USDC | cex=0.07414/0.07418 | dex_sell=0.0741238 dex_buy=0.0741431 | spread_a=-7.6bps spread_b=-0.4bps | min=30.0bps
2026-05-08 21:39:23,767 | INFO | fetch_order_book: symbol=CHIP/USDC limit=20
2026-05-08 21:39:24,153 | INFO | fetch_order_book: mid=0.07416 spread=5.39bps bids=20 asks=20
2026-05-08 21:39:25,024 | INFO | SPREAD | pair=CHIP/USDC | cex=0.07414/0.07418 | dex_sell=0.0741238 dex_buy=0.0741431 | spread_a=-7.6bps spread_b=-0.4bps | min=30.0bps
2026-05-08 21:39:26,027 | INFO | fetch_order_book: symbol=CHIP/USDC limit=20
2026-05-08 21:39:26,297 | INFO | fetch_order_book: mid=0.074245 spread=4.04bps bids=20 asks=20
2026-05-08 21:39:27,167 | INFO | SPREAD | pair=CHIP/USDC | cex=0.07423/0.07426 | dex_sell=0.0741538 dex_buy=0.074223 | spread_a=-14.3bps spread_b=0.9bps | min=30.0bps
2026-05-08 21:39:28,171 | INFO | fetch_order_book: symbol=CHIP/USDC limit=20
2026-05-08 21:39:28,472 | INFO | fetch_order_book: mid=0.074235 spread=4.04bps bids=20 asks=20
2026-05-08 21:39:29,412 | INFO | SPREAD | pair=CHIP/USDC | cex=0.07422/0.07425 | dex_sell=0.0742526 dex_buy=0.0742719 | spread_a=0.3bps spread_b=-7.0bps | min=30.0bps
2026-05-08 21:39:30,414 | INFO | fetch_order_book: symbol=CHIP/USDC limit=20
2026-05-08 21:39:30,695 | INFO | fetch_order_book: mid=0.074235 spread=4.04bps bids=20 asks=20
2026-05-08 21:39:31,599 | INFO | SPREAD | pair=CHIP/USDC | cex=0.07422/0.07425 | dex_sell=0.0742526 dex_buy=0.0742719 | spread_a=0.3bps spread_b=-7.0bps | min=30.0bps
2026-05-08 21:39:32,602 | INFO | fetch_order_book: symbol=CHIP/USDC limit=20
2026-05-08 21:39:32,884 | INFO | fetch_order_book: mid=0.074235 spread=4.04bps bids=20 asks=20
2026-05-08 21:39:33,774 | INFO | SPREAD | pair=CHIP/USDC | cex=0.07422/0.07425 | dex_sell=0.0742526 dex_buy=0.0742719 | spread_a=0.3bps spread_b=-7.0bps | min=30.0bps
2026-05-08 21:39:34,777 | INFO | fetch_order_book: symbol=CHIP/USDC limit=20
2026-05-08 21:39:35,193 | INFO | fetch_order_book: mid=0.074235 spread=4.04bps bids=20 asks=20
2026-05-08 21:39:36,076 | INFO | SPREAD | pair=CHIP/USDC | cex=0.07422/0.07425 | dex_sell=0.0742526 dex_buy=0.0742719 | spread_a=0.3bps spread_b=-7.0bps | min=30.0bps
2026-05-08 21:39:37,079 | INFO | fetch_order_book: symbol=CHIP/USDC limit=20
2026-05-08 21:39:37,343 | INFO | fetch_order_book: mid=0.074235 spread=4.04bps bids=20 asks=20
2026-05-08 21:39:38,201 | INFO | SPREAD | pair=CHIP/USDC | cex=0.07422/0.07425 | dex_sell=0.0742526 dex_buy=0.0742719 | spread_a=0.3bps spread_b=-7.0bps | min=30.0bps
2026-05-08 21:39:39,205 | INFO | fetch_order_book: symbol=CHIP/USDC limit=20
2026-05-08 21:39:39,462 | INFO | fetch_order_book: mid=0.074225 spread=6.74bps bids=20 asks=20
2026-05-08 21:39:40,357 | INFO | SPREAD | pair=CHIP/USDC | cex=0.0742/0.07425 | dex_sell=0.0742294 dex_buy=0.0742486 | spread_a=-2.8bps spread_b=-6.5bps | min=30.0bps
2026-05-08 21:39:41,361 | INFO | fetch_order_book: symbol=CHIP/USDC limit=20
2026-05-08 21:39:41,623 | INFO | fetch_order_book: mid=0.074225 spread=6.74bps bids=20 asks=20
2026-05-08 21:39:42,534 | INFO | SPREAD | pair=CHIP/USDC | cex=0.0742/0.07425 | dex_sell=0.0742294 dex_buy=0.0742486 | spread_a=-2.8bps spread_b=-6.5bps | min=30.0bps
2026-05-08 21:39:43,537 | INFO | fetch_order_book: symbol=CHIP/USDC limit=20
2026-05-08 21:39:43,799 | INFO | fetch_order_book: mid=0.074225 spread=6.74bps bids=20 asks=20
2026-05-08 21:39:44,650 | INFO | SPREAD | pair=CHIP/USDC | cex=0.0742/0.07425 | dex_sell=0.0741892 dex_buy=0.0742329 | spread_a=-8.2bps spread_b=-4.4bps | min=30.0bps
2026-05-08 21:39:45,654 | INFO | fetch_order_book: symbol=CHIP/USDC limit=20
2026-05-08 21:39:45,913 | INFO | fetch_order_book: mid=0.07435 spread=2.69bps bids=20 asks=20
2026-05-08 21:39:46,778 | INFO | SPREAD | pair=CHIP/USDC | cex=0.07434/0.07436 | dex_sell=0.0742136 dex_buy=0.0742787 | spread_a=-19.7bps spread_b=8.3bps | min=30.0bps
2026-05-08 21:39:47,781 | INFO | fetch_order_book: symbol=CHIP/USDC limit=20
2026-05-08 21:39:48,044 | INFO | fetch_order_book: mid=0.07437 spread=2.69bps bids=20 asks=20
2026-05-08 21:39:48,928 | INFO | SPREAD | pair=CHIP/USDC | cex=0.07436/0.07438 | dex_sell=0.0743337 dex_buy=0.0743604 | spread_a=-6.2bps spread_b=-0.1bps | min=30.0bps
2026-05-08 21:39:49,931 | INFO | fetch_order_book: symbol=CHIP/USDC limit=20
2026-05-08 21:39:50,185 | INFO | fetch_order_book: mid=0.07435 spread=5.38bps bids=20 asks=20
2026-05-08 21:39:51,079 | INFO | SPREAD | pair=CHIP/USDC | cex=0.07433/0.07437 | dex_sell=0.0743411 dex_buy=0.0743604 | spread_a=-3.9bps spread_b=-4.1bps | min=30.0bps
2026-05-08 21:39:52,083 | INFO | fetch_order_book: symbol=CHIP/USDC limit=20
2026-05-08 21:39:52,343 | INFO | fetch_order_book: mid=0.07432 spread=5.38bps bids=20 asks=20
2026-05-08 21:39:53,217 | INFO | SPREAD | pair=CHIP/USDC | cex=0.0743/0.07434 | dex_sell=0.0743411 dex_buy=0.0743604 | spread_a=0.1bps spread_b=-8.1bps | min=30.0bps
2026-05-08 21:39:54,220 | INFO | fetch_order_book: symbol=CHIP/USDC limit=20
2026-05-08 21:39:54,879 | INFO | fetch_order_book: mid=0.07435 spread=5.38bps bids=20 asks=20
2026-05-08 21:39:55,789 | INFO | SPREAD | pair=CHIP/USDC | cex=0.07433/0.07437 | dex_sell=0.0743411 dex_buy=0.0743604 | spread_a=-3.9bps spread_b=-4.1bps | min=30.0bps
2026-05-08 21:39:56,793 | INFO | fetch_order_book: symbol=CHIP/USDC limit=20
2026-05-08 21:39:57,049 | INFO | fetch_order_book: mid=0.07435 spread=5.38bps bids=20 asks=20
2026-05-08 21:39:57,950 | INFO | SPREAD | pair=CHIP/USDC | cex=0.07433/0.07437 | dex_sell=0.0743411 dex_buy=0.0743604 | spread_a=-3.9bps spread_b=-4.1bps | min=30.0bps
2026-05-08 21:39:58,953 | INFO | fetch_order_book: symbol=CHIP/USDC limit=20
2026-05-08 21:39:59,210 | INFO | fetch_order_book: mid=0.07429 spread=5.38bps bids=20 asks=20
2026-05-08 21:40:00,176 | INFO | SPREAD | pair=CHIP/USDC | cex=0.07427/0.07431 | dex_sell=0.0743094 dex_buy=0.0742885 | spread_a=-0.1bps spread_b=-2.5bps | min=30.0bps
2026-05-08 21:40:01,180 | INFO | fetch_order_book: symbol=CHIP/USDC limit=20
2026-05-08 21:40:01,438 | INFO | fetch_order_book: mid=0.07429 spread=5.38bps bids=20 asks=20
2026-05-08 21:40:02,337 | INFO | SPREAD | pair=CHIP/USDC | cex=0.07427/0.07431 | dex_sell=0.0742692 dex_buy=0.0742885 | spread_a=-5.5bps spread_b=-2.5bps | min=30.0bps
2026-05-08 21:40:03,341 | INFO | fetch_order_book: symbol=CHIP/USDC limit=20
2026-05-08 21:40:03,638 | INFO | fetch_order_book: mid=0.07418 spread=5.39bps bids=20 asks=20
2026-05-08 21:40:04,507 | INFO | SPREAD | pair=CHIP/USDC | cex=0.07416/0.0742 | dex_sell=0.0741694 dex_buy=0.0741886 | spread_a=-4.1bps spread_b=-3.9bps | min=30.0bps
2026-05-08 21:40:05,511 | INFO | fetch_order_book: symbol=CHIP/USDC limit=20
2026-05-08 21:40:06,253 | INFO | fetch_order_book: mid=0.074135 spread=1.35bps bids=20 asks=20
2026-05-08 21:40:07,152 | INFO | SPREAD | pair=CHIP/USDC | cex=0.07413/0.07414 | dex_sell=0.0741694 dex_buy=0.0741586 | spread_a=4.0bps spread_b=-3.9bps | min=30.0bps
2026-05-08 21:40:08,156 | INFO | fetch_order_book: symbol=CHIP/USDC limit=20
2026-05-08 21:40:08,427 | INFO | fetch_order_book: mid=0.07412 spread=5.40bps bids=20 asks=20
2026-05-08 21:40:09,258 | INFO | SPREAD | pair=CHIP/USDC | cex=0.0741/0.07414 | dex_sell=0.0741094 dex_buy=0.0741286 | spread_a=-4.1bps spread_b=-3.9bps | min=30.0bps
2026-05-08 21:40:10,261 | INFO | fetch_order_book: symbol=CHIP/USDC limit=20
2026-05-08 21:40:10,518 | INFO | fetch_order_book: mid=0.074135 spread=6.74bps bids=20 asks=20
2026-05-08 21:40:11,457 | INFO | SPREAD | pair=CHIP/USDC | cex=0.07411/0.07416 | dex_sell=0.0741094 dex_buy=0.0741286 | spread_a=-6.8bps spread_b=-2.5bps | min=30.0bps
2026-05-08 21:40:12,459 | INFO | fetch_order_book: symbol=CHIP/USDC limit=20
2026-05-08 21:40:12,742 | INFO | fetch_order_book: mid=0.074185 spread=4.04bps bids=20 asks=20
2026-05-08 21:40:13,612 | INFO | SPREAD | pair=CHIP/USDC | cex=0.07417/0.0742 | dex_sell=0.0741737 dex_buy=0.074193 | spread_a=-3.5bps spread_b=-3.1bps | min=30.0bps
2026-05-08 21:40:14,616 | INFO | fetch_order_book: symbol=CHIP/USDC limit=20
2026-05-08 21:40:14,884 | INFO | fetch_order_book: mid=0.074185 spread=4.04bps bids=20 asks=20
2026-05-08 21:40:15,776 | INFO | SPREAD | pair=CHIP/USDC | cex=0.07417/0.0742 | dex_sell=0.0741737 dex_buy=0.074193 | spread_a=-3.5bps spread_b=-3.1bps | min=30.0bps
2026-05-08 21:40:16,779 | INFO | fetch_order_book: symbol=CHIP/USDC limit=20
2026-05-08 21:40:17,037 | INFO | fetch_order_book: mid=0.07420 spread=5.39bps bids=20 asks=20
2026-05-08 21:40:17,947 | INFO | SPREAD | pair=CHIP/USDC | cex=0.07418/0.07422 | dex_sell=0.0741737 dex_buy=0.074193 | spread_a=-6.2bps spread_b=-1.8bps | min=30.0bps
2026-05-08 21:40:18,951 | INFO | fetch_order_book: symbol=CHIP/USDC limit=20
2026-05-08 21:40:19,230 | INFO | fetch_order_book: mid=0.074155 spread=4.05bps bids=20 asks=20
2026-05-08 21:40:20,083 | INFO | SPREAD | pair=CHIP/USDC | cex=0.07414/0.07417 | dex_sell=0.0741737 dex_buy=0.074193 | spread_a=0.5bps spread_b=-7.1bps | min=30.0bps
2026-05-08 21:40:21,086 | INFO | fetch_order_book: symbol=CHIP/USDC limit=20
2026-05-08 21:40:21,395 | INFO | fetch_order_book: mid=0.07414 spread=5.40bps bids=20 asks=20
2026-05-08 21:40:22,298 | INFO | SPREAD | pair=CHIP/USDC | cex=0.07412/0.07416 | dex_sell=0.0741494 dex_buy=0.0741686 | spread_a=-1.4bps spread_b=-6.6bps | min=30.0bps
2026-05-08 21:40:23,302 | INFO | fetch_order_book: symbol=CHIP/USDC limit=20
2026-05-08 21:40:23,558 | INFO | fetch_order_book: mid=0.07411 spread=2.70bps bids=20 asks=20
2026-05-08 21:40:24,448 | INFO | SPREAD | pair=CHIP/USDC | cex=0.0741/0.07412 | dex_sell=0.0741494 dex_buy=0.0741386 | spread_a=4.0bps spread_b=-5.2bps | min=30.0bps
2026-05-08 21:40:25,451 | INFO | fetch_order_book: symbol=CHIP/USDC limit=20
2026-05-08 21:40:25,711 | INFO | fetch_order_book: mid=0.07407 spread=2.70bps bids=20 asks=20
2026-05-08 21:40:26,622 | INFO | SPREAD | pair=CHIP/USDC | cex=0.07406/0.07408 | dex_sell=0.0740491 dex_buy=0.0740683 | spread_a=-4.2bps spread_b=-1.1bps | min=30.0bps
2026-05-08 21:40:27,626 | INFO | fetch_order_book: symbol=CHIP/USDC limit=20
2026-05-08 21:40:27,899 | INFO | fetch_order_book: mid=0.07406 spread=5.40bps bids=20 asks=20
2026-05-08 21:40:28,799 | INFO | SPREAD | pair=CHIP/USDC | cex=0.07404/0.07408 | dex_sell=0.0740491 dex_buy=0.0740683 | spread_a=-4.2bps spread_b=-3.8bps | min=30.0bps
2026-05-08 21:40:29,803 | INFO | fetch_order_book: symbol=CHIP/USDC limit=20
2026-05-08 21:40:30,071 | INFO | fetch_order_book: mid=0.07407 spread=5.40bps bids=20 asks=20
2026-05-08 21:40:30,958 | INFO | SPREAD | pair=CHIP/USDC | cex=0.07405/0.07409 | dex_sell=0.0740491 dex_buy=0.0740683 | spread_a=-5.5bps spread_b=-2.5bps | min=30.0bps
2026-05-08 21:40:31,962 | INFO | fetch_order_book: symbol=CHIP/USDC limit=20
2026-05-08 21:40:32,228 | INFO | fetch_order_book: mid=0.07407 spread=5.40bps bids=20 asks=20
2026-05-08 21:40:33,101 | INFO | SPREAD | pair=CHIP/USDC | cex=0.07405/0.07409 | dex_sell=0.0740491 dex_buy=0.0740683 | spread_a=-5.5bps spread_b=-2.5bps | min=30.0bps
2026-05-08 21:40:34,105 | INFO | fetch_order_book: symbol=CHIP/USDC limit=20
2026-05-08 21:40:34,448 | INFO | fetch_order_book: mid=0.07407 spread=5.40bps bids=20 asks=20
2026-05-08 21:40:35,303 | INFO | SPREAD | pair=CHIP/USDC | cex=0.07405/0.07409 | dex_sell=0.0740491 dex_buy=0.0740683 | spread_a=-5.5bps spread_b=-2.5bps | min=30.0bps
2026-05-08 21:40:36,305 | INFO | fetch_order_book: symbol=CHIP/USDC limit=20
2026-05-08 21:40:36,568 | INFO | fetch_order_book: mid=0.074055 spread=4.05bps bids=20 asks=20
2026-05-08 21:40:37,440 | INFO | SPREAD | pair=CHIP/USDC | cex=0.07404/0.07407 | dex_sell=0.0740491 dex_buy=0.0740683 | spread_a=-2.8bps spread_b=-3.8bps | min=30.0bps
2026-05-08 21:40:38,443 | INFO | fetch_order_book: symbol=CHIP/USDC limit=20
2026-05-08 21:40:38,710 | INFO | fetch_order_book: mid=0.07403 spread=2.70bps bids=20 asks=20
2026-05-08 21:40:39,691 | INFO | SPREAD | pair=CHIP/USDC | cex=0.07402/0.07404 | dex_sell=0.0740491 dex_buy=0.0740683 | spread_a=1.2bps spread_b=-6.5bps | min=30.0bps
2026-05-08 21:40:40,695 | INFO | fetch_order_book: symbol=CHIP/USDC limit=20
2026-05-08 21:40:40,951 | INFO | fetch_order_book: mid=0.07401 spread=2.70bps bids=20 asks=20
2026-05-08 21:40:41,870 | INFO | SPREAD | pair=CHIP/USDC | cex=0.074/0.07402 | dex_sell=0.0740194 dex_buy=0.0740386 | spread_a=-0.1bps spread_b=-5.2bps | min=30.0bps
2026-05-08 21:40:42,873 | INFO | fetch_order_book: symbol=CHIP/USDC limit=20
2026-05-08 21:40:43,133 | INFO | fetch_order_book: mid=0.073995 spread=1.35bps bids=20 asks=20
2026-05-08 21:40:44,005 | INFO | SPREAD | pair=CHIP/USDC | cex=0.07399/0.074 | dex_sell=0.0739337 dex_buy=0.0739828 | spread_a=-9.0bps spread_b=1.0bps | min=30.0bps
2026-05-08 21:40:45,008 | INFO | fetch_order_book: symbol=CHIP/USDC limit=20
2026-05-08 21:40:45,269 | INFO | fetch_order_book: mid=0.07399 spread=5.41bps bids=20 asks=20
2026-05-08 21:40:46,160 | INFO | SPREAD | pair=CHIP/USDC | cex=0.07397/0.07401 | dex_sell=0.0739636 dex_buy=0.0739828 | spread_a=-6.3bps spread_b=-1.7bps | min=30.0bps
2026-05-08 21:40:47,163 | INFO | fetch_order_book: symbol=CHIP/USDC limit=20
2026-05-08 21:40:47,507 | INFO | fetch_order_book: mid=0.07400 spread=2.70bps bids=20 asks=20
2026-05-08 21:40:48,399 | INFO | SPREAD | pair=CHIP/USDC | cex=0.07399/0.07401 | dex_sell=0.0739636 dex_buy=0.0739828 | spread_a=-6.3bps spread_b=1.0bps | min=30.0bps
2026-05-08 21:40:49,402 | INFO | fetch_order_book: symbol=CHIP/USDC limit=20
2026-05-08 21:40:49,664 | INFO | fetch_order_book: mid=0.073985 spread=6.76bps bids=20 asks=20
2026-05-08 21:40:50,547 | INFO | SPREAD | pair=CHIP/USDC | cex=0.07396/0.07401 | dex_sell=0.0739636 dex_buy=0.0739828 | spread_a=-6.3bps spread_b=-3.1bps | min=30.0bps
2026-05-08 21:40:51,549 | INFO | fetch_order_book: symbol=CHIP/USDC limit=20
2026-05-08 21:40:51,804 | INFO | fetch_order_book: mid=0.073985 spread=6.76bps bids=20 asks=20
2026-05-08 21:40:52,648 | INFO | SPREAD | pair=CHIP/USDC | cex=0.07396/0.07401 | dex_sell=0.0739636 dex_buy=0.0739828 | spread_a=-6.3bps spread_b=-3.1bps | min=30.0bps
2026-05-08 21:40:53,651 | INFO | fetch_order_book: symbol=CHIP/USDC limit=20
2026-05-08 21:40:53,993 | INFO | fetch_order_book: mid=0.07396 spread=5.41bps bids=20 asks=20
2026-05-08 21:40:54,864 | INFO | SPREAD | pair=CHIP/USDC | cex=0.07394/0.07398 | dex_sell=0.0739394 dex_buy=0.0739586 | spread_a=-5.5bps spread_b=-2.5bps | min=30.0bps
2026-05-08 21:40:55,868 | INFO | fetch_order_book: symbol=CHIP/USDC limit=20
2026-05-08 21:40:56,124 | INFO | fetch_order_book: mid=0.073945 spread=6.76bps bids=20 asks=20
2026-05-08 21:40:57,050 | INFO | SPREAD | pair=CHIP/USDC | cex=0.07392/0.07397 | dex_sell=0.0739394 dex_buy=0.0739586 | spread_a=-4.1bps spread_b=-5.2bps | min=30.0bps
2026-05-08 21:40:58,054 | INFO | fetch_order_book: symbol=CHIP/USDC limit=20
2026-05-08 21:40:58,310 | INFO | fetch_order_book: mid=0.073955 spread=6.76bps bids=20 asks=20
2026-05-08 21:40:59,230 | INFO | SPREAD | pair=CHIP/USDC | cex=0.07393/0.07398 | dex_sell=0.0739394 dex_buy=0.0739586 | spread_a=-5.5bps spread_b=-3.9bps | min=30.0bps
2026-05-08 21:41:00,232 | INFO | fetch_order_book: symbol=CHIP/USDC limit=20
2026-05-08 21:41:00,544 | INFO | fetch_order_book: mid=0.073965 spread=4.06bps bids=20 asks=20
2026-05-08 21:41:01,432 | INFO | SPREAD | pair=CHIP/USDC | cex=0.07395/0.07398 | dex_sell=0.0739394 dex_buy=0.0739586 | spread_a=-5.5bps spread_b=-1.2bps | min=30.0bps
2026-05-08 21:41:02,435 | INFO | fetch_order_book: symbol=CHIP/USDC limit=20
2026-05-08 21:41:03,302 | INFO | fetch_order_book: mid=0.07395 spread=5.41bps bids=20 asks=20
2026-05-08 21:41:04,173 | INFO | SPREAD | pair=CHIP/USDC | cex=0.07393/0.07397 | dex_sell=0.0739394 dex_buy=0.0739586 | spread_a=-4.1bps spread_b=-3.9bps | min=30.0bps
2026-05-08 21:41:05,176 | INFO | fetch_order_book: symbol=CHIP/USDC limit=20
2026-05-08 21:41:05,643 | INFO | fetch_order_book: mid=0.073955 spread=4.06bps bids=20 asks=20
2026-05-08 21:41:06,533 | INFO | SPREAD | pair=CHIP/USDC | cex=0.07394/0.07397 | dex_sell=0.0739394 dex_buy=0.0739586 | spread_a=-4.1bps spread_b=-2.5bps | min=30.0bps
2026-05-08 21:41:07,536 | INFO | fetch_order_book: symbol=CHIP/USDC limit=20
2026-05-08 21:41:08,154 | INFO | fetch_order_book: mid=0.073985 spread=4.05bps bids=20 asks=20
2026-05-08 21:41:09,045 | INFO | SPREAD | pair=CHIP/USDC | cex=0.07397/0.074 | dex_sell=0.0739394 dex_buy=0.0739586 | spread_a=-8.2bps spread_b=1.5bps | min=30.0bps
2026-05-08 21:41:10,046 | INFO | fetch_order_book: symbol=CHIP/USDC limit=20
2026-05-08 21:41:10,303 | INFO | fetch_order_book: mid=0.07400 spread=5.41bps bids=20 asks=20
2026-05-08 21:41:11,152 | INFO | SPREAD | pair=CHIP/USDC | cex=0.07398/0.07402 | dex_sell=0.0739738 dex_buy=0.073993 | spread_a=-6.2bps spread_b=-1.8bps | min=30.0bps
2026-05-08 21:41:12,154 | INFO | fetch_order_book: symbol=CHIP/USDC limit=20
2026-05-08 21:41:12,422 | INFO | fetch_order_book: mid=0.07398 spread=5.41bps bids=20 asks=20
2026-05-08 21:41:13,307 | INFO | SPREAD | pair=CHIP/USDC | cex=0.07396/0.074 | dex_sell=0.0739738 dex_buy=0.073993 | spread_a=-3.5bps spread_b=-4.5bps | min=30.0bps
2026-05-08 21:41:14,309 | INFO | fetch_order_book: symbol=CHIP/USDC limit=20
2026-05-08 21:41:14,638 | INFO | fetch_order_book: mid=0.07397 spread=2.70bps bids=20 asks=20
2026-05-08 21:41:15,478 | INFO | SPREAD | pair=CHIP/USDC | cex=0.07396/0.07398 | dex_sell=0.0739738 dex_buy=0.0739683 | spread_a=-0.8bps spread_b=-1.1bps | min=30.0bps
2026-05-08 21:41:16,481 | INFO | fetch_order_book: symbol=CHIP/USDC limit=20
2026-05-08 21:41:16,740 | INFO | fetch_order_book: mid=0.07393 spread=5.41bps bids=20 asks=20
2026-05-08 21:41:17,711 | INFO | SPREAD | pair=CHIP/USDC | cex=0.07391/0.07395 | dex_sell=0.0739139 dex_buy=0.073933 | spread_a=-4.9bps spread_b=-3.1bps | min=30.0bps
2026-05-08 21:41:18,715 | INFO | fetch_order_book: symbol=CHIP/USDC limit=20
2026-05-08 21:41:18,973 | INFO | fetch_order_book: mid=0.073925 spread=6.76bps bids=20 asks=20
2026-05-08 21:41:19,897 | INFO | SPREAD | pair=CHIP/USDC | cex=0.0739/0.07395 | dex_sell=0.0739139 dex_buy=0.073933 | spread_a=-4.9bps spread_b=-4.5bps | min=30.0bps
2026-05-08 21:41:20,898 | INFO | fetch_order_book: symbol=CHIP/USDC limit=20
2026-05-08 21:41:21,275 | INFO | fetch_order_book: mid=0.073885 spread=4.06bps bids=20 asks=20
2026-05-08 21:41:22,164 | INFO | SPREAD | pair=CHIP/USDC | cex=0.07387/0.0739 | dex_sell=0.0738894 dex_buy=0.0739086 | spread_a=-1.4bps spread_b=-5.2bps | min=30.0bps
2026-05-08 21:41:23,168 | INFO | fetch_order_book: symbol=CHIP/USDC limit=20
2026-05-08 21:41:23,423 | INFO | fetch_order_book: mid=0.073875 spread=4.06bps bids=20 asks=20
2026-05-08 21:41:24,273 | INFO | SPREAD | pair=CHIP/USDC | cex=0.07386/0.07389 | dex_sell=0.0738592 dex_buy=0.0738784 | spread_a=-4.2bps spread_b=-2.5bps | min=30.0bps
2026-05-08 21:41:25,277 | INFO | fetch_order_book: symbol=CHIP/USDC limit=20
2026-05-08 21:41:25,556 | INFO | fetch_order_book: mid=0.07387 spread=2.71bps bids=20 asks=20
2026-05-08 21:41:26,452 | INFO | SPREAD | pair=CHIP/USDC | cex=0.07386/0.07388 | dex_sell=0.0738592 dex_buy=0.0738784 | spread_a=-2.8bps spread_b=-2.5bps | min=30.0bps
2026-05-08 21:41:27,456 | INFO | fetch_order_book: symbol=CHIP/USDC limit=20
2026-05-08 21:41:27,724 | INFO | fetch_order_book: mid=0.073895 spread=6.77bps bids=20 asks=20
2026-05-08 21:41:28,553 | INFO | SPREAD | pair=CHIP/USDC | cex=0.07387/0.07392 | dex_sell=0.0738592 dex_buy=0.0738784 | spread_a=-8.2bps spread_b=-1.1bps | min=30.0bps
2026-05-08 21:41:29,556 | INFO | fetch_order_book: symbol=CHIP/USDC limit=20
2026-05-08 21:41:29,816 | INFO | fetch_order_book: mid=0.07388 spread=5.41bps bids=20 asks=20
2026-05-08 21:41:30,706 | INFO | SPREAD | pair=CHIP/USDC | cex=0.07386/0.0739 | dex_sell=0.0738592 dex_buy=0.0738784 | spread_a=-5.5bps spread_b=-2.5bps | min=30.0bps
2026-05-08 21:41:31,709 | INFO | fetch_order_book: symbol=CHIP/USDC limit=20
2026-05-08 21:41:32,287 | INFO | fetch_order_book: mid=0.07389 spread=5.41bps bids=20 asks=20
2026-05-08 21:41:33,105 | INFO | SPREAD | pair=CHIP/USDC | cex=0.07387/0.07391 | dex_sell=0.0738592 dex_buy=0.0738784 | spread_a=-6.9bps spread_b=-1.1bps | min=30.0bps
2026-05-08 21:41:34,108 | INFO | fetch_order_book: symbol=CHIP/USDC limit=20
2026-05-08 21:41:34,376 | INFO | fetch_order_book: mid=0.073875 spread=4.06bps bids=20 asks=20
2026-05-08 21:41:35,267 | INFO | SPREAD | pair=CHIP/USDC | cex=0.07386/0.07389 | dex_sell=0.0738592 dex_buy=0.0738784 | spread_a=-4.2bps spread_b=-2.5bps | min=30.0bps
2026-05-08 21:41:36,270 | INFO | fetch_order_book: symbol=CHIP/USDC limit=20
2026-05-08 21:41:36,536 | INFO | fetch_order_book: mid=0.073875 spread=4.06bps bids=20 asks=20
2026-05-08 21:41:37,343 | INFO | SPREAD | pair=CHIP/USDC | cex=0.07386/0.07389 | dex_sell=0.0738592 dex_buy=0.0738784 | spread_a=-4.2bps spread_b=-2.5bps | min=30.0bps
2026-05-08 21:41:38,347 | INFO | fetch_order_book: symbol=CHIP/USDC limit=20
2026-05-08 21:41:38,606 | INFO | fetch_order_book: mid=0.073895 spread=6.77bps bids=20 asks=20
2026-05-08 21:41:39,469 | INFO | SPREAD | pair=CHIP/USDC | cex=0.07387/0.07392 | dex_sell=0.0738592 dex_buy=0.0738784 | spread_a=-8.2bps spread_b=-1.1bps | min=30.0bps
2026-05-08 21:41:40,473 | INFO | fetch_order_book: symbol=CHIP/USDC limit=20
2026-05-08 21:41:40,730 | INFO | fetch_order_book: mid=0.073895 spread=6.77bps bids=20 asks=20
2026-05-08 21:41:41,623 | INFO | SPREAD | pair=CHIP/USDC | cex=0.07387/0.07392 | dex_sell=0.0738592 dex_buy=0.0738784 | spread_a=-8.2bps spread_b=-1.1bps | min=30.0bps
2026-05-08 21:41:42,627 | INFO | fetch_order_book: symbol=CHIP/USDC limit=20
2026-05-08 21:41:42,884 | INFO | fetch_order_book: mid=0.07388 spread=5.41bps bids=20 asks=20
2026-05-08 21:41:43,818 | INFO | SPREAD | pair=CHIP/USDC | cex=0.07386/0.0739 | dex_sell=0.0738592 dex_buy=0.0738784 | spread_a=-5.5bps spread_b=-2.5bps | min=30.0bps
2026-05-08 21:41:44,821 | INFO | fetch_order_book: symbol=CHIP/USDC limit=20
2026-05-08 21:41:45,084 | INFO | fetch_order_book: mid=0.073885 spread=4.06bps bids=20 asks=20
2026-05-08 21:41:45,973 | INFO | SPREAD | pair=CHIP/USDC | cex=0.07387/0.0739 | dex_sell=0.0738592 dex_buy=0.0738784 | spread_a=-5.5bps spread_b=-1.1bps | min=30.0bps
2026-05-08 21:41:46,975 | INFO | fetch_order_book: symbol=CHIP/USDC limit=20
2026-05-08 21:41:47,230 | INFO | fetch_order_book: mid=0.073885 spread=4.06bps bids=20 asks=20
2026-05-08 21:41:48,129 | INFO | SPREAD | pair=CHIP/USDC | cex=0.07387/0.0739 | dex_sell=0.0738592 dex_buy=0.0738784 | spread_a=-5.5bps spread_b=-1.1bps | min=30.0bps
2026-05-08 21:41:49,131 | INFO | fetch_order_book: symbol=CHIP/USDC limit=20
2026-05-08 21:41:49,385 | INFO | fetch_order_book: mid=0.07388 spread=5.41bps bids=20 asks=20
2026-05-08 21:41:50,316 | INFO | SPREAD | pair=CHIP/USDC | cex=0.07386/0.0739 | dex_sell=0.0738592 dex_buy=0.0738784 | spread_a=-5.5bps spread_b=-2.5bps | min=30.0bps
2026-05-08 21:41:51,320 | INFO | fetch_order_book: symbol=CHIP/USDC limit=20
2026-05-08 21:41:51,578 | INFO | fetch_order_book: mid=0.073895 spread=6.77bps bids=20 asks=20
2026-05-08 21:41:52,521 | INFO | SPREAD | pair=CHIP/USDC | cex=0.07387/0.07392 | dex_sell=0.0738592 dex_buy=0.0738784 | spread_a=-8.2bps spread_b=-1.1bps | min=30.0bps
2026-05-08 21:41:53,523 | INFO | fetch_order_book: symbol=CHIP/USDC limit=20
2026-05-08 21:41:54,208 | INFO | fetch_order_book: mid=0.073875 spread=4.06bps bids=20 asks=20
2026-05-08 21:41:55,059 | INFO | SPREAD | pair=CHIP/USDC | cex=0.07386/0.07389 | dex_sell=0.0738592 dex_buy=0.0738784 | spread_a=-4.2bps spread_b=-2.5bps | min=30.0bps
2026-05-08 21:41:56,062 | INFO | fetch_order_book: symbol=CHIP/USDC limit=20
2026-05-08 21:41:56,377 | INFO | fetch_order_book: mid=0.07385 spread=2.71bps bids=20 asks=20
2026-05-08 21:41:57,277 | INFO | SPREAD | pair=CHIP/USDC | cex=0.07384/0.07386 | dex_sell=0.0738592 dex_buy=0.0738784 | spread_a=-0.1bps spread_b=-5.2bps | min=30.0bps
2026-05-08 21:41:58,280 | INFO | fetch_order_book: symbol=CHIP/USDC limit=20
2026-05-08 21:41:58,543 | INFO | fetch_order_book: mid=0.07387 spread=5.41bps bids=20 asks=20
2026-05-08 21:41:59,424 | INFO | SPREAD | pair=CHIP/USDC | cex=0.07385/0.07389 | dex_sell=0.0738592 dex_buy=0.0738784 | spread_a=-4.2bps spread_b=-3.8bps | min=30.0bps
2026-05-08 21:42:00,428 | INFO | fetch_order_book: symbol=CHIP/USDC limit=20
2026-05-08 21:42:00,722 | INFO | fetch_order_book: mid=0.073875 spread=6.77bps bids=20 asks=20
2026-05-08 21:42:01,626 | INFO | SPREAD | pair=CHIP/USDC | cex=0.07385/0.0739 | dex_sell=0.0738592 dex_buy=0.0738784 | spread_a=-5.5bps spread_b=-3.8bps | min=30.0bps
2026-05-08 21:42:02,628 | INFO | fetch_order_book: symbol=CHIP/USDC limit=20
2026-05-08 21:42:03,078 | INFO | fetch_order_book: mid=0.073885 spread=4.06bps bids=20 asks=20
2026-05-08 21:42:03,980 | INFO | SPREAD | pair=CHIP/USDC | cex=0.07387/0.0739 | dex_sell=0.0738592 dex_buy=0.0738784 | spread_a=-5.5bps spread_b=-1.1bps | min=30.0bps
2026-05-08 21:42:04,981 | INFO | fetch_order_book: symbol=CHIP/USDC limit=20
2026-05-08 21:42:05,240 | INFO | fetch_order_book: mid=0.07387 spread=5.41bps bids=20 asks=20
2026-05-08 21:42:06,138 | INFO | SPREAD | pair=CHIP/USDC | cex=0.07385/0.07389 | dex_sell=0.0738592 dex_buy=0.0738784 | spread_a=-4.2bps spread_b=-3.8bps | min=30.0bps
2026-05-08 21:42:07,141 | INFO | fetch_order_book: symbol=CHIP/USDC limit=20
2026-05-08 21:42:07,549 | INFO | fetch_order_book: mid=0.07386 spread=5.42bps bids=20 asks=20
2026-05-08 21:42:08,410 | INFO | SPREAD | pair=CHIP/USDC | cex=0.07384/0.07388 | dex_sell=0.0738592 dex_buy=0.0738784 | spread_a=-2.8bps spread_b=-5.2bps | min=30.0bps
2026-05-08 21:42:09,413 | INFO | fetch_order_book: symbol=CHIP/USDC limit=20
2026-05-08 21:42:09,675 | INFO | fetch_order_book: mid=0.07385 spread=2.71bps bids=20 asks=20
2026-05-08 21:42:10,568 | INFO | SPREAD | pair=CHIP/USDC | cex=0.07384/0.07386 | dex_sell=0.0738294 dex_buy=0.0738486 | spread_a=-4.1bps spread_b=-1.2bps | min=30.0bps
2026-05-08 21:42:11,571 | INFO | fetch_order_book: symbol=CHIP/USDC limit=20
2026-05-08 21:42:11,841 | INFO | fetch_order_book: mid=0.074045 spread=4.05bps bids=20 asks=20
2026-05-08 21:42:12,733 | INFO | SPREAD | pair=CHIP/USDC | cex=0.07403/0.07406 | dex_sell=0.0739815 dex_buy=0.0740627 | spread_a=-10.6bps spread_b=-4.4bps | min=30.0bps
2026-05-08 21:42:13,736 | INFO | fetch_order_book: symbol=CHIP/USDC limit=20
2026-05-08 21:42:13,997 | INFO | fetch_order_book: mid=0.074065 spread=4.05bps bids=20 asks=20
2026-05-08 21:42:14,933 | INFO | SPREAD | pair=CHIP/USDC | cex=0.07405/0.07408 | dex_sell=0.0740435 dex_buy=0.0741131 | spread_a=-4.9bps spread_b=-8.5bps | min=30.0bps
2026-05-08 21:42:15,936 | INFO | fetch_order_book: symbol=CHIP/USDC limit=20
2026-05-08 21:42:16,199 | INFO | fetch_order_book: mid=0.07406 spread=5.40bps bids=20 asks=20
2026-05-08 21:42:17,061 | INFO | SPREAD | pair=CHIP/USDC | cex=0.07404/0.07408 | dex_sell=0.0740693 dex_buy=0.0740885 | spread_a=-1.4bps spread_b=-6.5bps | min=30.0bps
2026-05-08 21:42:18,065 | INFO | fetch_order_book: symbol=CHIP/USDC limit=20
2026-05-08 21:42:18,337 | INFO | fetch_order_book: mid=0.07407 spread=5.40bps bids=20 asks=20
2026-05-08 21:42:19,213 | INFO | SPREAD | pair=CHIP/USDC | cex=0.07405/0.07409 | dex_sell=0.0740693 dex_buy=0.0740885 | spread_a=-2.8bps spread_b=-5.2bps | min=30.0bps
2026-05-08 21:42:20,217 | INFO | fetch_order_book: symbol=CHIP/USDC limit=20
2026-05-08 21:42:20,481 | INFO | fetch_order_book: mid=0.074095 spread=4.05bps bids=20 asks=20
2026-05-08 21:42:21,339 | INFO | SPREAD | pair=CHIP/USDC | cex=0.07408/0.07411 | dex_sell=0.0740936 dex_buy=0.0741128 | spread_a=-2.2bps spread_b=-4.4bps | min=30.0bps
2026-05-08 21:42:22,341 | INFO | fetch_order_book: symbol=CHIP/USDC limit=20
2026-05-08 21:42:22,594 | INFO | fetch_order_book: mid=0.074055 spread=6.75bps bids=20 asks=20
2026-05-08 21:42:23,595 | INFO | SPREAD | pair=CHIP/USDC | cex=0.07403/0.07408 | dex_sell=0.0740936 dex_buy=0.0741128 | spread_a=1.8bps spread_b=-11.2bps | min=30.0bps
2026-05-08 21:42:24,599 | INFO | fetch_order_book: symbol=CHIP/USDC limit=20
2026-05-08 21:42:24,899 | INFO | fetch_order_book: mid=0.074045 spread=6.75bps bids=20 asks=20
2026-05-08 21:42:25,837 | INFO | SPREAD | pair=CHIP/USDC | cex=0.07402/0.07407 | dex_sell=0.0740592 dex_buy=0.0740784 | spread_a=-1.5bps spread_b=-7.9bps | min=30.0bps
2026-05-08 21:42:26,841 | INFO | fetch_order_book: symbol=CHIP/USDC limit=20
2026-05-08 21:42:27,141 | INFO | fetch_order_book: mid=0.07403 spread=5.40bps bids=20 asks=20
2026-05-08 21:42:28,039 | INFO | SPREAD | pair=CHIP/USDC | cex=0.07401/0.07405 | dex_sell=0.0740592 dex_buy=0.0740487 | spread_a=1.2bps spread_b=-5.2bps | min=30.0bps
2026-05-08 21:42:29,042 | INFO | fetch_order_book: symbol=CHIP/USDC limit=20
2026-05-08 21:42:29,298 | INFO | fetch_order_book: mid=0.07402 spread=5.40bps bids=20 asks=20
2026-05-08 21:42:30,158 | INFO | SPREAD | pair=CHIP/USDC | cex=0.074/0.07404 | dex_sell=0.0740295 dex_buy=0.0740487 | spread_a=-1.4bps spread_b=-6.6bps | min=30.0bps
2026-05-08 21:42:31,161 | INFO | fetch_order_book: symbol=CHIP/USDC limit=20
2026-05-08 21:42:31,416 | INFO | fetch_order_book: mid=0.073985 spread=4.05bps bids=20 asks=20
2026-05-08 21:42:32,271 | INFO | SPREAD | pair=CHIP/USDC | cex=0.07397/0.074 | dex_sell=0.0739693 dex_buy=0.0739885 | spread_a=-4.1bps spread_b=-2.5bps | min=30.0bps
2026-05-08 21:42:33,275 | INFO | fetch_order_book: symbol=CHIP/USDC limit=20
2026-05-08 21:42:33,546 | INFO | fetch_order_book: mid=0.073995 spread=4.05bps bids=20 asks=20
2026-05-08 21:42:34,398 | INFO | SPREAD | pair=CHIP/USDC | cex=0.07398/0.07401 | dex_sell=0.0739693 dex_buy=0.0739885 | spread_a=-5.5bps spread_b=-1.2bps | min=30.0bps
2026-05-08 21:42:35,400 | INFO | fetch_order_book: symbol=CHIP/USDC limit=20
2026-05-08 21:42:35,744 | INFO | fetch_order_book: mid=0.07398 spread=8.11bps bids=20 asks=20
2026-05-08 21:42:36,643 | INFO | SPREAD | pair=CHIP/USDC | cex=0.07395/0.07401 | dex_sell=0.0739394 dex_buy=0.0739829 | spread_a=-9.5bps spread_b=-4.5bps | min=30.0bps
2026-05-08 21:42:37,647 | INFO | fetch_order_book: symbol=CHIP/USDC limit=20
2026-05-08 21:42:37,909 | INFO | fetch_order_book: mid=0.073985 spread=6.76bps bids=20 asks=20
2026-05-08 21:42:38,781 | INFO | SPREAD | pair=CHIP/USDC | cex=0.07396/0.07401 | dex_sell=0.0739637 dex_buy=0.0739829 | spread_a=-6.2bps spread_b=-3.1bps | min=30.0bps
2026-05-08 21:42:39,784 | INFO | fetch_order_book: symbol=CHIP/USDC limit=20
2026-05-08 21:42:40,047 | INFO | fetch_order_book: mid=0.074045 spread=4.05bps bids=20 asks=20
2026-05-08 21:42:40,962 | INFO | SPREAD | pair=CHIP/USDC | cex=0.07403/0.07406 | dex_sell=0.0739937 dex_buy=0.0740129 | spread_a=-9.0bps spread_b=2.3bps | min=30.0bps
2026-05-08 21:42:41,966 | INFO | fetch_order_book: symbol=CHIP/USDC limit=20
2026-05-08 21:42:42,222 | INFO | fetch_order_book: mid=0.074095 spread=1.35bps bids=20 asks=20
2026-05-08 21:42:43,145 | INFO | SPREAD | pair=CHIP/USDC | cex=0.07409/0.0741 | dex_sell=0.0740735 dex_buy=0.0740927 | spread_a=-3.6bps spread_b=-0.4bps | min=30.0bps
2026-05-08 21:42:44,148 | INFO | fetch_order_book: symbol=CHIP/USDC limit=20
2026-05-08 21:42:44,416 | INFO | fetch_order_book: mid=0.074095 spread=1.35bps bids=20 asks=20
2026-05-08 21:42:45,339 | INFO | SPREAD | pair=CHIP/USDC | cex=0.07409/0.0741 | dex_sell=0.0740735 dex_buy=0.0740927 | spread_a=-3.6bps spread_b=-0.4bps | min=30.0bps
2026-05-08 21:42:46,343 | INFO | fetch_order_book: symbol=CHIP/USDC limit=20
2026-05-08 21:42:46,701 | INFO | fetch_order_book: mid=0.074095 spread=4.05bps bids=20 asks=20
2026-05-08 21:42:47,548 | INFO | SPREAD | pair=CHIP/USDC | cex=0.07408/0.07411 | dex_sell=0.0740735 dex_buy=0.0740927 | spread_a=-4.9bps spread_b=-1.7bps | min=30.0bps
2026-05-08 21:42:48,551 | INFO | fetch_order_book: symbol=CHIP/USDC limit=20
2026-05-08 21:42:48,811 | INFO | fetch_order_book: mid=0.07410 spread=5.40bps bids=20 asks=20
2026-05-08 21:42:49,747 | INFO | SPREAD | pair=CHIP/USDC | cex=0.07408/0.07412 | dex_sell=0.0740735 dex_buy=0.0740927 | spread_a=-6.3bps spread_b=-1.7bps | min=30.0bps
2026-05-08 21:42:50,750 | INFO | fetch_order_book: symbol=CHIP/USDC limit=20
2026-05-08 21:42:51,008 | INFO | fetch_order_book: mid=0.074145 spread=1.35bps bids=20 asks=20
2026-05-08 21:42:51,881 | INFO | SPREAD | pair=CHIP/USDC | cex=0.07414/0.07415 | dex_sell=0.0740735 dex_buy=0.0740927 | spread_a=-10.3bps spread_b=6.4bps | min=30.0bps
2026-05-08 21:42:52,885 | INFO | fetch_order_book: symbol=CHIP/USDC limit=20
2026-05-08 21:42:53,202 | INFO | fetch_order_book: mid=0.07421 spread=2.70bps bids=20 asks=20
2026-05-08 21:42:54,101 | INFO | SPREAD | pair=CHIP/USDC | cex=0.0742/0.07422 | dex_sell=0.0741536 dex_buy=0.0742029 | spread_a=-8.9bps spread_b=-0.4bps | min=30.0bps
2026-05-08 21:42:55,105 | INFO | fetch_order_book: symbol=CHIP/USDC limit=20
2026-05-08 21:42:55,395 | INFO | fetch_order_book: mid=0.074205 spread=4.04bps bids=20 asks=20
2026-05-08 21:42:56,205 | INFO | SPREAD | pair=CHIP/USDC | cex=0.07419/0.07422 | dex_sell=0.0741837 dex_buy=0.0742029 | spread_a=-4.9bps spread_b=-1.7bps | min=30.0bps
2026-05-08 21:42:57,209 | INFO | fetch_order_book: symbol=CHIP/USDC limit=20
2026-05-08 21:42:57,502 | INFO | fetch_order_book: mid=0.074205 spread=4.04bps bids=20 asks=20
2026-05-08 21:42:58,416 | INFO | SPREAD | pair=CHIP/USDC | cex=0.07419/0.07422 | dex_sell=0.0741837 dex_buy=0.0742029 | spread_a=-4.9bps spread_b=-1.7bps | min=30.0bps
2026-05-08 21:42:59,419 | INFO | fetch_order_book: symbol=CHIP/USDC limit=20
2026-05-08 21:42:59,678 | INFO | fetch_order_book: mid=0.07416 spread=5.39bps bids=20 asks=20
2026-05-08 21:43:00,555 | INFO | SPREAD | pair=CHIP/USDC | cex=0.07414/0.07418 | dex_sell=0.0741837 dex_buy=0.0742029 | spread_a=0.5bps spread_b=-8.5bps | min=30.0bps
2026-05-08 21:43:01,558 | INFO | fetch_order_book: symbol=CHIP/USDC limit=20
2026-05-08 21:43:01,830 | INFO | fetch_order_book: mid=0.074225 spread=4.04bps bids=20 asks=20
2026-05-08 21:43:02,705 | INFO | SPREAD | pair=CHIP/USDC | cex=0.07421/0.07424 | dex_sell=0.0741837 dex_buy=0.0742329 | spread_a=-7.6bps spread_b=-3.1bps | min=30.0bps
2026-05-08 21:43:03,708 | INFO | fetch_order_book: symbol=CHIP/USDC limit=20
2026-05-08 21:43:03,971 | INFO | fetch_order_book: mid=0.074265 spread=4.04bps bids=20 asks=20
2026-05-08 21:43:04,839 | INFO | SPREAD | pair=CHIP/USDC | cex=0.07425/0.07428 | dex_sell=0.0742137 dex_buy=0.074263 | spread_a=-8.9bps spread_b=-1.7bps | min=30.0bps
2026-05-08 21:43:05,840 | INFO | fetch_order_book: symbol=CHIP/USDC limit=20
2026-05-08 21:43:06,107 | INFO | fetch_order_book: mid=0.07421 spread=8.09bps bids=20 asks=20
2026-05-08 21:43:07,001 | INFO | SPREAD | pair=CHIP/USDC | cex=0.07418/0.07424 | dex_sell=0.0742737 dex_buy=0.0742283 | spread_a=4.5bps spread_b=-6.5bps | min=30.0bps
2026-05-08 21:43:08,005 | INFO | fetch_order_book: symbol=CHIP/USDC limit=20
2026-05-08 21:43:08,308 | INFO | fetch_order_book: mid=0.074195 spread=6.74bps bids=20 asks=20
2026-05-08 21:43:09,209 | INFO | SPREAD | pair=CHIP/USDC | cex=0.07417/0.07422 | dex_sell=0.074209 dex_buy=0.0742283 | spread_a=-1.5bps spread_b=-7.9bps | min=30.0bps
2026-05-08 21:43:10,212 | INFO | fetch_order_book: symbol=CHIP/USDC limit=20
2026-05-08 21:43:10,481 | INFO | fetch_order_book: mid=0.07428 spread=5.39bps bids=20 asks=20
2026-05-08 21:43:11,397 | INFO | SPREAD | pair=CHIP/USDC | cex=0.07426/0.0743 | dex_sell=0.074209 dex_buy=0.0742529 | spread_a=-12.2bps spread_b=1.0bps | min=30.0bps
2026-05-08 21:43:12,399 | INFO | fetch_order_book: symbol=CHIP/USDC limit=20
2026-05-08 21:43:12,673 | INFO | fetch_order_book: mid=0.074285 spread=4.04bps bids=20 asks=20
2026-05-08 21:43:13,515 | INFO | SPREAD | pair=CHIP/USDC | cex=0.07427/0.0743 | dex_sell=0.0742737 dex_buy=0.074293 | spread_a=-3.5bps spread_b=-3.1bps | min=30.0bps
2026-05-08 21:43:14,519 | INFO | fetch_order_book: symbol=CHIP/USDC limit=20
2026-05-08 21:43:14,860 | INFO | fetch_order_book: mid=0.07430 spread=5.38bps bids=20 asks=20
2026-05-08 21:43:15,752 | INFO | SPREAD | pair=CHIP/USDC | cex=0.07428/0.07432 | dex_sell=0.0742737 dex_buy=0.074293 | spread_a=-6.2bps spread_b=-1.7bps | min=30.0bps
2026-05-08 21:43:16,755 | INFO | fetch_order_book: symbol=CHIP/USDC limit=20
2026-05-08 21:43:17,015 | INFO | fetch_order_book: mid=0.074285 spread=6.73bps bids=20 asks=20
2026-05-08 21:43:17,898 | INFO | SPREAD | pair=CHIP/USDC | cex=0.07426/0.07431 | dex_sell=0.0742737 dex_buy=0.074293 | spread_a=-4.9bps spread_b=-4.4bps | min=30.0bps
2026-05-08 21:43:18,900 | INFO | fetch_order_book: symbol=CHIP/USDC limit=20
2026-05-08 21:43:19,171 | INFO | fetch_order_book: mid=0.074235 spread=6.74bps bids=20 asks=20
2026-05-08 21:43:20,060 | INFO | SPREAD | pair=CHIP/USDC | cex=0.07421/0.07426 | dex_sell=0.0742737 dex_buy=0.074293 | spread_a=1.8bps spread_b=-11.2bps | min=30.0bps
2026-05-08 21:43:21,062 | INFO | fetch_order_book: symbol=CHIP/USDC limit=20
2026-05-08 21:43:21,418 | INFO | fetch_order_book: mid=0.07417 spread=2.70bps bids=20 asks=20
2026-05-08 21:43:22,317 | INFO | SPREAD | pair=CHIP/USDC | cex=0.07416/0.07418 | dex_sell=0.0741492 dex_buy=0.0741685 | spread_a=-4.1bps spread_b=-1.1bps | min=30.0bps
2026-05-08 21:43:23,320 | INFO | fetch_order_book: symbol=CHIP/USDC limit=20
2026-05-08 21:43:23,584 | INFO | fetch_order_book: mid=0.074205 spread=6.74bps bids=20 asks=20
2026-05-08 21:43:24,442 | INFO | SPREAD | pair=CHIP/USDC | cex=0.07418/0.07423 | dex_sell=0.0741738 dex_buy=0.0741931 | spread_a=-7.6bps spread_b=-1.8bps | min=30.0bps
2026-05-08 21:43:25,446 | INFO | fetch_order_book: symbol=CHIP/USDC limit=20
2026-05-08 21:43:25,706 | INFO | fetch_order_book: mid=0.074225 spread=6.74bps bids=20 asks=20
2026-05-08 21:43:26,563 | INFO | SPREAD | pair=CHIP/USDC | cex=0.0742/0.07425 | dex_sell=0.0742038 dex_buy=0.0742231 | spread_a=-6.2bps spread_b=-3.1bps | min=30.0bps
2026-05-08 21:43:27,567 | INFO | fetch_order_book: symbol=CHIP/USDC limit=20
2026-05-08 21:43:27,944 | INFO | fetch_order_book: mid=0.074225 spread=6.74bps bids=20 asks=20
2026-05-08 21:43:28,882 | INFO | SPREAD | pair=CHIP/USDC | cex=0.0742/0.07425 | dex_sell=0.0742038 dex_buy=0.0742231 | spread_a=-6.2bps spread_b=-3.1bps | min=30.0bps
2026-05-08 21:43:29,885 | INFO | fetch_order_book: symbol=CHIP/USDC limit=20
2026-05-08 21:43:30,142 | INFO | fetch_order_book: mid=0.074225 spread=6.74bps bids=20 asks=20
2026-05-08 21:43:31,036 | INFO | SPREAD | pair=CHIP/USDC | cex=0.0742/0.07425 | dex_sell=0.0742038 dex_buy=0.0742231 | spread_a=-6.2bps spread_b=-3.1bps | min=30.0bps
2026-05-08 21:43:32,040 | INFO | fetch_order_book: symbol=CHIP/USDC limit=20
2026-05-08 21:43:32,306 | INFO | fetch_order_book: mid=0.074215 spread=6.74bps bids=20 asks=20
2026-05-08 21:43:33,277 | INFO | SPREAD | pair=CHIP/USDC | cex=0.07419/0.07424 | dex_sell=0.0742038 dex_buy=0.0742231 | spread_a=-4.9bps spread_b=-4.5bps | min=30.0bps
2026-05-08 21:43:34,280 | INFO | fetch_order_book: symbol=CHIP/USDC limit=20
2026-05-08 21:43:34,597 | INFO | fetch_order_book: mid=0.07424 spread=5.39bps bids=20 asks=20
2026-05-08 21:43:35,532 | INFO | SPREAD | pair=CHIP/USDC | cex=0.07422/0.07426 | dex_sell=0.0742038 dex_buy=0.0742231 | spread_a=-7.6bps spread_b=-0.4bps | min=30.0bps
2026-05-08 21:43:36,535 | INFO | fetch_order_book: symbol=CHIP/USDC limit=20
2026-05-08 21:43:36,792 | INFO | fetch_order_book: mid=0.074245 spread=6.73bps bids=20 asks=20
2026-05-08 21:43:37,674 | INFO | SPREAD | pair=CHIP/USDC | cex=0.07422/0.07427 | dex_sell=0.0742038 dex_buy=0.0742231 | spread_a=-8.9bps spread_b=-0.4bps | min=30.0bps
2026-05-08 21:43:38,677 | INFO | fetch_order_book: symbol=CHIP/USDC limit=20
2026-05-08 21:43:38,942 | INFO | fetch_order_book: mid=0.074255 spread=6.73bps bids=20 asks=20
2026-05-08 21:43:39,945 | INFO | SPREAD | pair=CHIP/USDC | cex=0.07423/0.07428 | dex_sell=0.0742336 dex_buy=0.0742528 | spread_a=-6.3bps spread_b=-3.1bps | min=30.0bps
2026-05-08 21:43:40,948 | INFO | fetch_order_book: symbol=CHIP/USDC limit=20
2026-05-08 21:43:41,207 | INFO | fetch_order_book: mid=0.074255 spread=6.73bps bids=20 asks=20
2026-05-08 21:43:42,142 | INFO | SPREAD | pair=CHIP/USDC | cex=0.07423/0.07428 | dex_sell=0.0742336 dex_buy=0.0742528 | spread_a=-6.3bps spread_b=-3.1bps | min=30.0bps
2026-05-08 21:43:43,143 | INFO | fetch_order_book: symbol=CHIP/USDC limit=20
2026-05-08 21:43:43,405 | INFO | fetch_order_book: mid=0.074265 spread=4.04bps bids=20 asks=20
2026-05-08 21:43:44,259 | INFO | SPREAD | pair=CHIP/USDC | cex=0.07425/0.07428 | dex_sell=0.0742336 dex_buy=0.0742528 | spread_a=-6.3bps spread_b=-0.4bps | min=30.0bps
2026-05-08 21:43:45,262 | INFO | fetch_order_book: symbol=CHIP/USDC limit=20
2026-05-08 21:43:45,535 | INFO | fetch_order_book: mid=0.074265 spread=4.04bps bids=20 asks=20
2026-05-08 21:43:46,440 | INFO | SPREAD | pair=CHIP/USDC | cex=0.07425/0.07428 | dex_sell=0.0742336 dex_buy=0.0742528 | spread_a=-6.3bps spread_b=-0.4bps | min=30.0bps
2026-05-08 21:43:47,443 | INFO | fetch_order_book: symbol=CHIP/USDC limit=20
2026-05-08 21:43:47,705 | INFO | fetch_order_book: mid=0.074285 spread=4.04bps bids=20 asks=20
2026-05-08 21:43:48,629 | INFO | SPREAD | pair=CHIP/USDC | cex=0.07427/0.0743 | dex_sell=0.0742636 dex_buy=0.0742829 | spread_a=-4.9bps spread_b=-1.7bps | min=30.0bps
2026-05-08 21:43:49,632 | INFO | fetch_order_book: symbol=CHIP/USDC limit=20
2026-05-08 21:43:49,887 | INFO | fetch_order_book: mid=0.07428 spread=5.39bps bids=20 asks=20
2026-05-08 21:43:50,743 | INFO | SPREAD | pair=CHIP/USDC | cex=0.07426/0.0743 | dex_sell=0.0742636 dex_buy=0.0742829 | spread_a=-4.9bps spread_b=-3.1bps | min=30.0bps
2026-05-08 21:43:51,746 | INFO | fetch_order_book: symbol=CHIP/USDC limit=20
2026-05-08 21:43:52,003 | INFO | fetch_order_book: mid=0.07421 spread=2.70bps bids=20 asks=20
2026-05-08 21:43:52,949 | INFO | SPREAD | pair=CHIP/USDC | cex=0.0742/0.07422 | dex_sell=0.0742294 dex_buy=0.0742486 | spread_a=1.3bps spread_b=-6.5bps | min=30.0bps
2026-05-08 21:43:53,953 | INFO | fetch_order_book: symbol=CHIP/USDC limit=20
2026-05-08 21:43:54,290 | INFO | fetch_order_book: mid=0.074195 spread=4.04bps bids=20 asks=20
2026-05-08 21:43:55,193 | INFO | SPREAD | pair=CHIP/USDC | cex=0.07418/0.07421 | dex_sell=0.0742294 dex_buy=0.0742185 | spread_a=2.6bps spread_b=-5.2bps | min=30.0bps
2026-05-08 21:43:56,197 | INFO | fetch_order_book: symbol=CHIP/USDC limit=20
2026-05-08 21:43:56,464 | INFO | fetch_order_book: mid=0.074205 spread=4.04bps bids=20 asks=20
2026-05-08 21:43:57,336 | INFO | SPREAD | pair=CHIP/USDC | cex=0.07419/0.07422 | dex_sell=0.0741993 dex_buy=0.0742185 | spread_a=-2.8bps spread_b=-3.8bps | min=30.0bps
2026-05-08 21:43:58,340 | INFO | fetch_order_book: symbol=CHIP/USDC limit=20
2026-05-08 21:43:58,613 | INFO | fetch_order_book: mid=0.074205 spread=4.04bps bids=20 asks=20
2026-05-08 21:43:59,465 | INFO | SPREAD | pair=CHIP/USDC | cex=0.07419/0.07422 | dex_sell=0.0741993 dex_buy=0.0742185 | spread_a=-2.8bps spread_b=-3.8bps | min=30.0bps
2026-05-08 21:44:00,467 | INFO | fetch_order_book: symbol=CHIP/USDC limit=20
2026-05-08 21:44:00,771 | INFO | fetch_order_book: mid=0.074205 spread=4.04bps bids=20 asks=20
2026-05-08 21:44:01,675 | INFO | SPREAD | pair=CHIP/USDC | cex=0.07419/0.07422 | dex_sell=0.0741993 dex_buy=0.0742185 | spread_a=-2.8bps spread_b=-3.8bps | min=30.0bps
2026-05-08 21:44:02,679 | INFO | fetch_order_book: symbol=CHIP/USDC limit=20
2026-05-08 21:44:02,975 | INFO | fetch_order_book: mid=0.074205 spread=4.04bps bids=20 asks=20
2026-05-08 21:44:03,872 | INFO | SPREAD | pair=CHIP/USDC | cex=0.07419/0.07422 | dex_sell=0.0741993 dex_buy=0.0742185 | spread_a=-2.8bps spread_b=-3.8bps | min=30.0bps
2026-05-08 21:44:04,875 | INFO | fetch_order_book: symbol=CHIP/USDC limit=20
2026-05-08 21:44:05,808 | INFO | fetch_order_book: mid=0.07423 spread=5.39bps bids=20 asks=20
2026-05-08 21:44:06,705 | INFO | SPREAD | pair=CHIP/USDC | cex=0.07421/0.07425 | dex_sell=0.0741993 dex_buy=0.0742185 | spread_a=-6.8bps spread_b=-1.2bps | min=30.0bps
2026-05-08 21:44:07,708 | INFO | fetch_order_book: symbol=CHIP/USDC limit=20
2026-05-08 21:44:07,974 | INFO | fetch_order_book: mid=0.07422 spread=8.08bps bids=20 asks=20
2026-05-08 21:44:08,874 | INFO | SPREAD | pair=CHIP/USDC | cex=0.07419/0.07425 | dex_sell=0.0741993 dex_buy=0.0742185 | spread_a=-6.8bps spread_b=-3.8bps | min=30.0bps
2026-05-08 21:44:09,878 | INFO | fetch_order_book: symbol=CHIP/USDC limit=20
2026-05-08 21:44:10,189 | INFO | fetch_order_book: mid=0.07421 spread=5.39bps bids=20 asks=20
2026-05-08 21:44:11,015 | INFO | SPREAD | pair=CHIP/USDC | cex=0.07419/0.07423 | dex_sell=0.0741993 dex_buy=0.0742185 | spread_a=-4.1bps spread_b=-3.8bps | min=30.0bps
2026-05-08 21:44:12,018 | INFO | fetch_order_book: symbol=CHIP/USDC limit=20
2026-05-08 21:44:12,283 | INFO | fetch_order_book: mid=0.074165 spread=1.35bps bids=20 asks=20
2026-05-08 21:44:13,160 | INFO | SPREAD | pair=CHIP/USDC | cex=0.07416/0.07417 | dex_sell=0.0741993 dex_buy=0.0742186 | spread_a=3.9bps spread_b=-7.9bps | min=30.0bps
2026-05-08 21:44:14,162 | INFO | fetch_order_book: symbol=CHIP/USDC limit=20
2026-05-08 21:44:14,416 | INFO | fetch_order_book: mid=0.074145 spread=4.05bps bids=20 asks=20
2026-05-08 21:44:15,248 | INFO | SPREAD | pair=CHIP/USDC | cex=0.07413/0.07416 | dex_sell=0.0741692 dex_buy=0.0741885 | spread_a=1.2bps spread_b=-7.9bps | min=30.0bps
2026-05-08 21:44:16,251 | INFO | fetch_order_book: symbol=CHIP/USDC limit=20
2026-05-08 21:44:16,508 | INFO | fetch_order_book: mid=0.07418 spread=8.09bps bids=20 asks=20
2026-05-08 21:44:17,475 | INFO | SPREAD | pair=CHIP/USDC | cex=0.07415/0.07421 | dex_sell=0.0741692 dex_buy=0.0741885 | spread_a=-5.5bps spread_b=-5.2bps | min=30.0bps
2026-05-08 21:44:18,479 | INFO | fetch_order_book: symbol=CHIP/USDC limit=20
2026-05-08 21:44:18,743 | INFO | fetch_order_book: mid=0.074185 spread=6.74bps bids=20 asks=20
2026-05-08 21:44:19,611 | INFO | SPREAD | pair=CHIP/USDC | cex=0.07416/0.07421 | dex_sell=0.0741692 dex_buy=0.0741885 | spread_a=-5.5bps spread_b=-3.8bps | min=30.0bps
2026-05-08 21:44:20,614 | INFO | fetch_order_book: symbol=CHIP/USDC limit=20
2026-05-08 21:44:20,877 | INFO | fetch_order_book: mid=0.074165 spread=6.74bps bids=20 asks=20
2026-05-08 21:44:21,757 | INFO | SPREAD | pair=CHIP/USDC | cex=0.07414/0.07419 | dex_sell=0.0741692 dex_buy=0.0741885 | spread_a=-2.8bps spread_b=-6.5bps | min=30.0bps
2026-05-08 21:44:22,760 | INFO | fetch_order_book: symbol=CHIP/USDC limit=20
2026-05-08 21:44:23,015 | INFO | fetch_order_book: mid=0.07405 spread=2.70bps bids=20 asks=20
2026-05-08 21:44:23,962 | INFO | SPREAD | pair=CHIP/USDC | cex=0.07404/0.07406 | dex_sell=0.0741092 dex_buy=0.0740984 | spread_a=6.6bps spread_b=-7.9bps | min=30.0bps
2026-05-08 21:44:24,965 | INFO | fetch_order_book: symbol=CHIP/USDC limit=20
2026-05-08 21:44:25,317 | INFO | fetch_order_book: mid=0.07422 spread=5.39bps bids=20 asks=20
2026-05-08 21:44:26,239 | INFO | SPREAD | pair=CHIP/USDC | cex=0.0742/0.07424 | dex_sell=0.0740392 dex_buy=0.0742196 | spread_a=-27.0bps spread_b=-2.6bps | min=30.0bps
2026-05-08 21:44:27,242 | INFO | fetch_order_book: symbol=CHIP/USDC limit=20
2026-05-08 21:44:27,576 | INFO | fetch_order_book: mid=0.074215 spread=4.04bps bids=20 asks=20
2026-05-08 21:44:28,445 | INFO | SPREAD | pair=CHIP/USDC | cex=0.0742/0.07423 | dex_sell=0.0742004 dex_buy=0.0742196 | spread_a=-4.0bps spread_b=-2.6bps | min=30.0bps
2026-05-08 21:44:29,448 | INFO | fetch_order_book: symbol=CHIP/USDC limit=20
2026-05-08 21:44:29,710 | INFO | fetch_order_book: mid=0.07422 spread=5.39bps bids=20 asks=20
2026-05-08 21:44:30,623 | INFO | SPREAD | pair=CHIP/USDC | cex=0.0742/0.07424 | dex_sell=0.0742004 dex_buy=0.0742196 | spread_a=-5.3bps spread_b=-2.6bps | min=30.0bps
2026-05-08 21:44:31,626 | INFO | fetch_order_book: symbol=CHIP/USDC limit=20
2026-05-08 21:44:31,884 | INFO | fetch_order_book: mid=0.07422 spread=5.39bps bids=20 asks=20
2026-05-08 21:44:32,738 | INFO | SPREAD | pair=CHIP/USDC | cex=0.0742/0.07424 | dex_sell=0.0741694 dex_buy=0.074213 | spread_a=-9.5bps spread_b=-1.8bps | min=30.0bps
2026-05-08 21:44:33,741 | INFO | fetch_order_book: symbol=CHIP/USDC limit=20
2026-05-08 21:44:34,093 | INFO | fetch_order_book: mid=0.074285 spread=4.04bps bids=20 asks=20
2026-05-08 21:44:34,995 | INFO | SPREAD | pair=CHIP/USDC | cex=0.07427/0.0743 | dex_sell=0.0742137 dex_buy=0.074263 | spread_a=-11.6bps spread_b=0.9bps | min=30.0bps
2026-05-08 21:44:35,999 | INFO | fetch_order_book: symbol=CHIP/USDC limit=20
2026-05-08 21:44:36,264 | INFO | fetch_order_book: mid=0.074285 spread=4.04bps bids=20 asks=20
2026-05-08 21:44:37,067 | INFO | SPREAD | pair=CHIP/USDC | cex=0.07427/0.0743 | dex_sell=0.0742738 dex_buy=0.0742931 | spread_a=-3.5bps spread_b=-3.1bps | min=30.0bps
2026-05-08 21:44:38,069 | INFO | fetch_order_book: symbol=CHIP/USDC limit=20
2026-05-08 21:44:38,325 | INFO | fetch_order_book: mid=0.074265 spread=6.73bps bids=20 asks=20
2026-05-08 21:44:39,198 | INFO | SPREAD | pair=CHIP/USDC | cex=0.07424/0.07429 | dex_sell=0.0742738 dex_buy=0.0742931 | spread_a=-2.2bps spread_b=-7.1bps | min=30.0bps
2026-05-08 21:44:40,202 | INFO | fetch_order_book: symbol=CHIP/USDC limit=20
2026-05-08 21:44:40,473 | INFO | fetch_order_book: mid=0.074265 spread=6.73bps bids=20 asks=20
2026-05-08 21:44:41,390 | INFO | SPREAD | pair=CHIP/USDC | cex=0.07424/0.07429 | dex_sell=0.0742738 dex_buy=0.0742931 | spread_a=-2.2bps spread_b=-7.1bps | min=30.0bps
2026-05-08 21:44:42,394 | INFO | fetch_order_book: symbol=CHIP/USDC limit=20
2026-05-08 21:44:42,650 | INFO | fetch_order_book: mid=0.074245 spread=6.73bps bids=20 asks=20
2026-05-08 21:44:43,560 | INFO | SPREAD | pair=CHIP/USDC | cex=0.07422/0.07427 | dex_sell=0.0742738 dex_buy=0.0742931 | spread_a=0.5bps spread_b=-9.8bps | min=30.0bps
2026-05-08 21:44:44,563 | INFO | fetch_order_book: symbol=CHIP/USDC limit=20
2026-05-08 21:44:44,823 | INFO | fetch_order_book: mid=0.074275 spread=6.73bps bids=20 asks=20
2026-05-08 21:44:45,666 | INFO | SPREAD | pair=CHIP/USDC | cex=0.07425/0.0743 | dex_sell=0.0742393 dex_buy=0.0742586 | spread_a=-8.2bps spread_b=-1.2bps | min=30.0bps
2026-05-08 21:44:46,670 | INFO | fetch_order_book: symbol=CHIP/USDC limit=20
2026-05-08 21:44:46,932 | INFO | fetch_order_book: mid=0.07444 spread=5.37bps bids=20 asks=20
2026-05-08 21:44:47,866 | INFO | SPREAD | pair=CHIP/USDC | cex=0.07442/0.07446 | dex_sell=0.0744335 dex_buy=0.0744528 | spread_a=-3.6bps spread_b=-4.4bps | min=30.0bps
2026-05-08 21:44:48,869 | INFO | fetch_order_book: symbol=CHIP/USDC limit=20
2026-05-08 21:44:49,126 | INFO | fetch_order_book: mid=0.074445 spread=4.03bps bids=20 asks=20
2026-05-08 21:44:50,001 | INFO | SPREAD | pair=CHIP/USDC | cex=0.07443/0.07446 | dex_sell=0.0744335 dex_buy=0.0744528 | spread_a=-3.6bps spread_b=-3.1bps | min=30.0bps
2026-05-08 21:44:51,005 | INFO | fetch_order_book: symbol=CHIP/USDC limit=20
2026-05-08 21:44:51,265 | INFO | fetch_order_book: mid=0.074445 spread=4.03bps bids=20 asks=20
2026-05-08 21:44:52,153 | INFO | SPREAD | pair=CHIP/USDC | cex=0.07443/0.07446 | dex_sell=0.0744335 dex_buy=0.0744528 | spread_a=-3.6bps spread_b=-3.1bps | min=30.0bps
2026-05-08 21:44:53,156 | INFO | fetch_order_book: symbol=CHIP/USDC limit=20
2026-05-08 21:44:53,510 | INFO | fetch_order_book: mid=0.07444 spread=5.37bps bids=20 asks=20
2026-05-08 21:44:54,318 | INFO | SPREAD | pair=CHIP/USDC | cex=0.07442/0.07446 | dex_sell=0.0744335 dex_buy=0.0744528 | spread_a=-3.6bps spread_b=-4.4bps | min=30.0bps
2026-05-08 21:44:55,321 | INFO | fetch_order_book: symbol=CHIP/USDC limit=20
2026-05-08 21:44:55,582 | INFO | fetch_order_book: mid=0.074425 spread=6.72bps bids=20 asks=20
2026-05-08 21:44:56,460 | INFO | SPREAD | pair=CHIP/USDC | cex=0.0744/0.07445 | dex_sell=0.0744335 dex_buy=0.0744528 | spread_a=-2.2bps spread_b=-7.1bps | min=30.0bps
2026-05-08 21:44:57,464 | INFO | fetch_order_book: symbol=CHIP/USDC limit=20
2026-05-08 21:44:57,728 | INFO | fetch_order_book: mid=0.07434 spread=5.38bps bids=20 asks=20
2026-05-08 21:44:58,578 | INFO | SPREAD | pair=CHIP/USDC | cex=0.07432/0.07436 | dex_sell=0.0743591 dex_buy=0.0743784 | spread_a=-0.1bps spread_b=-7.9bps | min=30.0bps
2026-05-08 21:44:59,581 | INFO | fetch_order_book: symbol=CHIP/USDC limit=20
2026-05-08 21:44:59,837 | INFO | fetch_order_book: mid=0.07435 spread=5.38bps bids=20 asks=20
2026-05-08 21:45:00,732 | INFO | SPREAD | pair=CHIP/USDC | cex=0.07433/0.07437 | dex_sell=0.0743293 dex_buy=0.0743486 | spread_a=-5.5bps spread_b=-2.5bps | min=30.0bps
2026-05-08 21:45:01,736 | INFO | fetch_order_book: symbol=CHIP/USDC limit=20
2026-05-08 21:45:02,018 | INFO | fetch_order_book: mid=0.07433 spread=5.38bps bids=20 asks=20
2026-05-08 21:45:02,874 | INFO | SPREAD | pair=CHIP/USDC | cex=0.07431/0.07435 | dex_sell=0.0743245 dex_buy=0.0743438 | spread_a=-3.4bps spread_b=-4.5bps | min=30.0bps
2026-05-08 21:45:03,878 | INFO | fetch_order_book: symbol=CHIP/USDC limit=20
2026-05-08 21:45:04,327 | INFO | fetch_order_book: mid=0.074325 spread=6.73bps bids=20 asks=20
2026-05-08 21:45:05,195 | INFO | SPREAD | pair=CHIP/USDC | cex=0.0743/0.07435 | dex_sell=0.0743245 dex_buy=0.0743438 | spread_a=-3.4bps spread_b=-5.9bps | min=30.0bps
2026-05-08 21:45:06,199 | INFO | fetch_order_book: symbol=CHIP/USDC limit=20
2026-05-08 21:45:06,514 | INFO | fetch_order_book: mid=0.07432 spread=8.07bps bids=20 asks=20
2026-05-08 21:45:07,411 | INFO | SPREAD | pair=CHIP/USDC | cex=0.07429/0.07435 | dex_sell=0.0743245 dex_buy=0.0743438 | spread_a=-3.4bps spread_b=-7.2bps | min=30.0bps
2026-05-08 21:45:08,415 | INFO | fetch_order_book: symbol=CHIP/USDC limit=20
2026-05-08 21:45:08,678 | INFO | fetch_order_book: mid=0.07440 spread=5.38bps bids=20 asks=20
2026-05-08 21:45:09,566 | INFO | SPREAD | pair=CHIP/USDC | cex=0.07438/0.07442 | dex_sell=0.0743456 dex_buy=0.0744038 | spread_a=-10.0bps spread_b=-3.2bps | min=30.0bps
2026-05-08 21:45:10,568 | INFO | fetch_order_book: symbol=CHIP/USDC limit=20
2026-05-08 21:45:10,827 | INFO | fetch_order_book: mid=0.07452 spread=8.05bps bids=20 asks=20
2026-05-08 21:45:11,679 | INFO | SPREAD | pair=CHIP/USDC | cex=0.07449/0.07455 | dex_sell=0.0744742 dex_buy=0.0745337 | spread_a=-10.2bps spread_b=-5.9bps | min=30.0bps
2026-05-08 21:45:12,683 | INFO | fetch_order_book: symbol=CHIP/USDC limit=20
2026-05-08 21:45:12,946 | INFO | fetch_order_book: mid=0.074215 spread=6.74bps bids=20 asks=20
2026-05-08 21:45:13,821 | INFO | SPREAD | pair=CHIP/USDC | cex=0.07419/0.07424 | dex_sell=0.0742 dex_buy=0.074196 | spread_a=-5.4bps spread_b=-0.8bps | min=30.0bps
2026-05-08 21:45:14,824 | INFO | fetch_order_book: symbol=CHIP/USDC limit=20
2026-05-08 21:45:15,080 | INFO | fetch_order_book: mid=0.074095 spread=4.05bps bids=20 asks=20
2026-05-08 21:45:15,965 | INFO | SPREAD | pair=CHIP/USDC | cex=0.07408/0.07411 | dex_sell=0.0741501 dex_buy=0.0741091 | spread_a=5.4bps spread_b=-3.9bps | min=30.0bps
2026-05-08 21:45:16,969 | INFO | fetch_order_book: symbol=CHIP/USDC limit=20
2026-05-08 21:45:17,226 | INFO | fetch_order_book: mid=0.074095 spread=6.75bps bids=20 asks=20
2026-05-08 21:45:18,098 | INFO | SPREAD | pair=CHIP/USDC | cex=0.07407/0.07412 | dex_sell=0.0740899 dex_buy=0.0741091 | spread_a=-4.1bps spread_b=-5.3bps | min=30.0bps
2026-05-08 21:45:19,102 | INFO | fetch_order_book: symbol=CHIP/USDC limit=20
2026-05-08 21:45:19,360 | INFO | fetch_order_book: mid=0.07411 spread=5.40bps bids=20 asks=20
2026-05-08 21:45:20,220 | INFO | SPREAD | pair=CHIP/USDC | cex=0.07409/0.07413 | dex_sell=0.0741145 dex_buy=0.0741337 | spread_a=-2.1bps spread_b=-5.9bps | min=30.0bps
2026-05-08 21:45:21,224 | INFO | fetch_order_book: symbol=CHIP/USDC limit=20
2026-05-08 21:45:21,485 | INFO | fetch_order_book: mid=0.074095 spread=4.05bps bids=20 asks=20
2026-05-08 21:45:22,466 | INFO | SPREAD | pair=CHIP/USDC | cex=0.07408/0.07411 | dex_sell=0.0741145 dex_buy=0.0741337 | spread_a=0.6bps spread_b=-7.2bps | min=30.0bps
2026-05-08 21:45:23,469 | INFO | fetch_order_book: symbol=CHIP/USDC limit=20
2026-05-08 21:45:23,726 | INFO | fetch_order_book: mid=0.074075 spread=6.75bps bids=20 asks=20
2026-05-08 21:45:24,576 | INFO | SPREAD | pair=CHIP/USDC | cex=0.07405/0.0741 | dex_sell=0.07408 dex_buy=0.0741439 | spread_a=-2.7bps spread_b=-12.7bps | min=30.0bps
2026-05-08 21:45:25,579 | INFO | fetch_order_book: symbol=CHIP/USDC limit=20
2026-05-08 21:45:25,838 | INFO | fetch_order_book: mid=0.07396 spread=5.41bps bids=20 asks=20
2026-05-08 21:45:26,759 | INFO | SPREAD | pair=CHIP/USDC | cex=0.07394/0.07398 | dex_sell=0.07405 dex_buy=0.0740293 | spread_a=9.5bps spread_b=-12.1bps | min=30.0bps
2026-05-08 21:45:27,762 | INFO | fetch_order_book: symbol=CHIP/USDC limit=20
2026-05-08 21:45:28,027 | INFO | fetch_order_book: mid=0.074125 spread=1.35bps bids=20 asks=20
2026-05-08 21:45:28,984 | INFO | SPREAD | pair=CHIP/USDC | cex=0.07412/0.07413 | dex_sell=0.0740643 dex_buy=0.0740835 | spread_a=-8.9bps spread_b=4.9bps | min=30.0bps
2026-05-08 21:45:29,988 | INFO | fetch_order_book: symbol=CHIP/USDC limit=20
2026-05-08 21:45:30,347 | INFO | fetch_order_book: mid=0.07410 spread=2.70bps bids=20 asks=20
2026-05-08 21:45:31,265 | INFO | SPREAD | pair=CHIP/USDC | cex=0.07409/0.07411 | dex_sell=0.0740946 dex_buy=0.0741138 | spread_a=-2.1bps spread_b=-3.2bps | min=30.0bps
2026-05-08 21:45:32,269 | INFO | fetch_order_book: symbol=CHIP/USDC limit=20
2026-05-08 21:45:32,573 | INFO | fetch_order_book: mid=0.074225 spread=4.04bps bids=20 asks=20
2026-05-08 21:45:33,457 | INFO | SPREAD | pair=CHIP/USDC | cex=0.07421/0.07424 | dex_sell=0.0741261 dex_buy=0.0741454 | spread_a=-15.3bps spread_b=8.7bps | min=30.0bps
2026-05-08 21:45:34,460 | INFO | fetch_order_book: symbol=CHIP/USDC limit=20
2026-05-08 21:45:34,717 | INFO | fetch_order_book: mid=0.074215 spread=4.04bps bids=20 asks=20
2026-05-08 21:45:35,573 | INFO | SPREAD | pair=CHIP/USDC | cex=0.0742/0.07423 | dex_sell=0.0742042 dex_buy=0.0742234 | spread_a=-3.5bps spread_b=-3.2bps | min=30.0bps
2026-05-08 21:45:36,577 | INFO | fetch_order_book: symbol=CHIP/USDC limit=20
2026-05-08 21:45:36,847 | INFO | fetch_order_book: mid=0.074195 spread=4.04bps bids=20 asks=20
2026-05-08 21:45:37,721 | INFO | SPREAD | pair=CHIP/USDC | cex=0.07418/0.07421 | dex_sell=0.0742042 dex_buy=0.0742234 | spread_a=-0.8bps spread_b=-5.8bps | min=30.0bps
2026-05-08 21:45:38,724 | INFO | fetch_order_book: symbol=CHIP/USDC limit=20
2026-05-08 21:45:38,984 | INFO | fetch_order_book: mid=0.07420 spread=5.39bps bids=20 asks=20
2026-05-08 21:45:39,901 | INFO | SPREAD | pair=CHIP/USDC | cex=0.07418/0.07422 | dex_sell=0.0742042 dex_buy=0.0742234 | spread_a=-2.1bps spread_b=-5.8bps | min=30.0bps
2026-05-08 21:45:40,903 | INFO | fetch_order_book: symbol=CHIP/USDC limit=20
2026-05-08 21:45:41,181 | INFO | fetch_order_book: mid=0.074205 spread=6.74bps bids=20 asks=20
2026-05-08 21:45:42,062 | INFO | SPREAD | pair=CHIP/USDC | cex=0.07418/0.07423 | dex_sell=0.0742042 dex_buy=0.0742234 | spread_a=-3.5bps spread_b=-5.8bps | min=30.0bps
2026-05-08 21:45:43,066 | INFO | fetch_order_book: symbol=CHIP/USDC limit=20
2026-05-08 21:45:43,329 | INFO | fetch_order_book: mid=0.074245 spread=6.73bps bids=20 asks=20
2026-05-08 21:45:44,282 | INFO | SPREAD | pair=CHIP/USDC | cex=0.07422/0.07427 | dex_sell=0.0742535 dex_buy=0.0742728 | spread_a=-2.2bps spread_b=-7.1bps | min=30.0bps
2026-05-08 21:45:45,285 | INFO | fetch_order_book: symbol=CHIP/USDC limit=20
2026-05-08 21:45:45,561 | INFO | fetch_order_book: mid=0.07421 spread=8.09bps bids=20 asks=20
2026-05-08 21:45:46,465 | INFO | SPREAD | pair=CHIP/USDC | cex=0.07418/0.07424 | dex_sell=0.0742301 dex_buy=0.0742493 | spread_a=-1.3bps spread_b=-9.3bps | min=30.0bps
2026-05-08 21:45:47,468 | INFO | fetch_order_book: symbol=CHIP/USDC limit=20
2026-05-08 21:45:47,732 | INFO | fetch_order_book: mid=0.07419 spread=5.39bps bids=20 asks=20
2026-05-08 21:45:48,649 | INFO | SPREAD | pair=CHIP/USDC | cex=0.07417/0.07421 | dex_sell=0.07417 dex_buy=0.0741892 | spread_a=-5.4bps spread_b=-2.6bps | min=30.0bps
2026-05-08 21:45:49,653 | INFO | fetch_order_book: symbol=CHIP/USDC limit=20
2026-05-08 21:45:49,909 | INFO | fetch_order_book: mid=0.07419 spread=5.39bps bids=20 asks=20
2026-05-08 21:45:50,812 | INFO | SPREAD | pair=CHIP/USDC | cex=0.07417/0.07421 | dex_sell=0.07417 dex_buy=0.0741892 | spread_a=-5.4bps spread_b=-2.6bps | min=30.0bps
2026-05-08 21:45:51,815 | INFO | fetch_order_book: symbol=CHIP/USDC limit=20
2026-05-08 21:45:52,110 | INFO | fetch_order_book: mid=0.07419 spread=5.39bps bids=20 asks=20
2026-05-08 21:45:53,044 | INFO | SPREAD | pair=CHIP/USDC | cex=0.07417/0.07421 | dex_sell=0.0741698 dex_buy=0.0741891 | spread_a=-5.4bps spread_b=-2.6bps | min=30.0bps
2026-05-08 21:45:54,047 | INFO | fetch_order_book: symbol=CHIP/USDC limit=20
2026-05-08 21:45:54,303 | INFO | fetch_order_book: mid=0.074175 spread=4.04bps bids=20 asks=20
2026-05-08 21:45:55,215 | INFO | SPREAD | pair=CHIP/USDC | cex=0.07416/0.07419 | dex_sell=0.0741698 dex_buy=0.0741891 | spread_a=-2.7bps spread_b=-3.9bps | min=30.0bps
2026-05-08 21:45:56,218 | INFO | fetch_order_book: symbol=CHIP/USDC limit=20
2026-05-08 21:45:56,491 | INFO | fetch_order_book: mid=0.07415 spread=2.70bps bids=20 asks=20
2026-05-08 21:45:57,391 | INFO | SPREAD | pair=CHIP/USDC | cex=0.07414/0.07416 | dex_sell=0.0741401 dex_buy=0.0741593 | spread_a=-2.7bps spread_b=-2.6bps | min=30.0bps
2026-05-08 21:45:58,394 | INFO | fetch_order_book: symbol=CHIP/USDC limit=20
2026-05-08 21:45:58,653 | INFO | fetch_order_book: mid=0.074095 spread=4.05bps bids=20 asks=20
2026-05-08 21:45:59,562 | INFO | SPREAD | pair=CHIP/USDC | cex=0.07408/0.07411 | dex_sell=0.0741101 dex_buy=0.0741293 | spread_a=0.0bps spread_b=-6.7bps | min=30.0bps
2026-05-08 21:46:00,565 | INFO | fetch_order_book: symbol=CHIP/USDC limit=20
2026-05-08 21:46:00,839 | INFO | fetch_order_book: mid=0.074085 spread=6.75bps bids=20 asks=20
2026-05-08 21:46:01,752 | INFO | SPREAD | pair=CHIP/USDC | cex=0.07406/0.07411 | dex_sell=0.0740801 dex_buy=0.0740993 | spread_a=-4.0bps spread_b=-5.3bps | min=30.0bps
2026-05-08 21:46:02,755 | INFO | fetch_order_book: symbol=CHIP/USDC limit=20
2026-05-08 21:46:03,026 | INFO | fetch_order_book: mid=0.074095 spread=4.05bps bids=20 asks=20
2026-05-08 21:46:03,893 | INFO | SPREAD | pair=CHIP/USDC | cex=0.07408/0.07411 | dex_sell=0.0740801 dex_buy=0.0740993 | spread_a=-4.0bps spread_b=-2.6bps | min=30.0bps
2026-05-08 21:46:04,897 | INFO | fetch_order_book: symbol=CHIP/USDC limit=20
2026-05-08 21:46:05,162 | INFO | fetch_order_book: mid=0.07406 spread=5.40bps bids=20 asks=20
2026-05-08 21:46:06,039 | INFO | SPREAD | pair=CHIP/USDC | cex=0.07404/0.07408 | dex_sell=0.0740801 dex_buy=0.0740694 | spread_a=0.0bps spread_b=-4.0bps | min=30.0bps
2026-05-08 21:46:07,043 | INFO | fetch_order_book: symbol=CHIP/USDC limit=20
2026-05-08 21:46:07,301 | INFO | fetch_order_book: mid=0.07406 spread=5.40bps bids=20 asks=20
2026-05-08 21:46:08,221 | INFO | SPREAD | pair=CHIP/USDC | cex=0.07404/0.07408 | dex_sell=0.0740501 dex_buy=0.0740694 | spread_a=-4.0bps spread_b=-4.0bps | min=30.0bps
2026-05-08 21:46:09,225 | INFO | fetch_order_book: symbol=CHIP/USDC limit=20
2026-05-08 21:46:09,532 | INFO | fetch_order_book: mid=0.07402 spread=5.40bps bids=20 asks=20
2026-05-08 21:46:10,448 | INFO | SPREAD | pair=CHIP/USDC | cex=0.074/0.07404 | dex_sell=0.0740501 dex_buy=0.0740391 | spread_a=1.4bps spread_b=-5.3bps | min=30.0bps
2026-05-08 21:46:11,451 | INFO | fetch_order_book: symbol=CHIP/USDC limit=20
2026-05-08 21:46:11,709 | INFO | fetch_order_book: mid=0.074055 spread=6.75bps bids=20 asks=20
2026-05-08 21:46:12,657 | INFO | SPREAD | pair=CHIP/USDC | cex=0.07403/0.07408 | dex_sell=0.0740199 dex_buy=0.0740391 | spread_a=-8.1bps spread_b=-1.2bps | min=30.0bps
2026-05-08 21:46:13,660 | INFO | fetch_order_book: symbol=CHIP/USDC limit=20
2026-05-08 21:46:13,922 | INFO | fetch_order_book: mid=0.07406 spread=8.10bps bids=20 asks=20
2026-05-08 21:46:14,876 | INFO | SPREAD | pair=CHIP/USDC | cex=0.07403/0.07409 | dex_sell=0.0740445 dex_buy=0.0740637 | spread_a=-6.1bps spread_b=-4.5bps | min=30.0bps
2026-05-08 21:46:15,879 | INFO | fetch_order_book: symbol=CHIP/USDC limit=20
2026-05-08 21:46:16,138 | INFO | fetch_order_book: mid=0.07406 spread=8.10bps bids=20 asks=20
2026-05-08 21:46:17,042 | INFO | SPREAD | pair=CHIP/USDC | cex=0.07403/0.07409 | dex_sell=0.0740445 dex_buy=0.0740637 | spread_a=-6.1bps spread_b=-4.5bps | min=30.0bps
2026-05-08 21:46:18,045 | INFO | fetch_order_book: symbol=CHIP/USDC limit=20
2026-05-08 21:46:18,306 | INFO | fetch_order_book: mid=0.07414 spread=5.40bps bids=20 asks=20
2026-05-08 21:46:19,201 | INFO | SPREAD | pair=CHIP/USDC | cex=0.07412/0.07416 | dex_sell=0.0741145 dex_buy=0.0741337 | spread_a=-6.1bps spread_b=-1.9bps | min=30.0bps
2026-05-08 21:46:20,204 | INFO | fetch_order_book: symbol=CHIP/USDC limit=20
2026-05-08 21:46:20,512 | INFO | fetch_order_book: mid=0.07414 spread=5.40bps bids=20 asks=20
2026-05-08 21:46:21,408 | INFO | SPREAD | pair=CHIP/USDC | cex=0.07412/0.07416 | dex_sell=0.0741145 dex_buy=0.0741337 | spread_a=-6.1bps spread_b=-1.9bps | min=30.0bps
2026-05-08 21:46:22,411 | INFO | fetch_order_book: symbol=CHIP/USDC limit=20
2026-05-08 21:46:22,905 | INFO | fetch_order_book: mid=0.07413 spread=5.40bps bids=20 asks=20
2026-05-08 21:46:23,827 | INFO | SPREAD | pair=CHIP/USDC | cex=0.07411/0.07415 | dex_sell=0.0741145 dex_buy=0.0741337 | spread_a=-4.8bps spread_b=-3.2bps | min=30.0bps
2026-05-08 21:46:24,831 | INFO | fetch_order_book: symbol=CHIP/USDC limit=20
2026-05-08 21:46:25,121 | INFO | fetch_order_book: mid=0.07413 spread=5.40bps bids=20 asks=20
2026-05-08 21:46:26,017 | INFO | SPREAD | pair=CHIP/USDC | cex=0.07411/0.07415 | dex_sell=0.0741145 dex_buy=0.0741337 | spread_a=-4.8bps spread_b=-3.2bps | min=30.0bps
2026-05-08 21:46:27,021 | INFO | fetch_order_book: symbol=CHIP/USDC limit=20
2026-05-08 21:46:27,287 | INFO | fetch_order_book: mid=0.07414 spread=5.40bps bids=20 asks=20
2026-05-08 21:46:28,179 | INFO | SPREAD | pair=CHIP/USDC | cex=0.07412/0.07416 | dex_sell=0.0741145 dex_buy=0.0741337 | spread_a=-6.1bps spread_b=-1.9bps | min=30.0bps
2026-05-08 21:46:29,182 | INFO | fetch_order_book: symbol=CHIP/USDC limit=20
2026-05-08 21:46:29,627 | INFO | fetch_order_book: mid=0.074115 spread=6.75bps bids=20 asks=20
2026-05-08 21:46:30,515 | INFO | SPREAD | pair=CHIP/USDC | cex=0.07409/0.07414 | dex_sell=0.0741445 dex_buy=0.0741637 | spread_a=0.6bps spread_b=-9.9bps | min=30.0bps
2026-05-08 21:46:31,518 | INFO | fetch_order_book: symbol=CHIP/USDC limit=20
2026-05-08 21:46:31,774 | INFO | fetch_order_book: mid=0.07412 spread=8.09bps bids=20 asks=20
2026-05-08 21:46:32,646 | INFO | SPREAD | pair=CHIP/USDC | cex=0.07409/0.07415 | dex_sell=0.0741445 dex_buy=0.0741637 | spread_a=-0.7bps spread_b=-9.9bps | min=30.0bps
2026-05-08 21:46:33,650 | INFO | fetch_order_book: symbol=CHIP/USDC limit=20
2026-05-08 21:46:33,907 | INFO | fetch_order_book: mid=0.07414 spread=5.40bps bids=20 asks=20
2026-05-08 21:46:34,799 | INFO | SPREAD | pair=CHIP/USDC | cex=0.07412/0.07416 | dex_sell=0.0741445 dex_buy=0.0741637 | spread_a=-2.1bps spread_b=-5.9bps | min=30.0bps
2026-05-08 21:46:35,802 | INFO | fetch_order_book: symbol=CHIP/USDC limit=20
2026-05-08 21:46:36,060 | INFO | fetch_order_book: mid=0.07414 spread=5.40bps bids=20 asks=20
2026-05-08 21:46:36,980 | INFO | SPREAD | pair=CHIP/USDC | cex=0.07412/0.07416 | dex_sell=0.0741445 dex_buy=0.0741637 | spread_a=-2.1bps spread_b=-5.9bps | min=30.0bps
2026-05-08 21:46:37,983 | INFO | fetch_order_book: symbol=CHIP/USDC limit=20
2026-05-08 21:46:38,251 | INFO | fetch_order_book: mid=0.07417 spread=5.39bps bids=20 asks=20
2026-05-08 21:46:39,142 | INFO | SPREAD | pair=CHIP/USDC | cex=0.07415/0.07419 | dex_sell=0.0741445 dex_buy=0.0741637 | spread_a=-6.1bps spread_b=-1.9bps | min=30.0bps
2026-05-08 21:46:40,146 | INFO | fetch_order_book: symbol=CHIP/USDC limit=20
2026-05-08 21:46:40,402 | INFO | fetch_order_book: mid=0.07419 spread=2.70bps bids=20 asks=20
2026-05-08 21:46:41,286 | INFO | SPREAD | pair=CHIP/USDC | cex=0.07418/0.0742 | dex_sell=0.0741745 dex_buy=0.0741938 | spread_a=-3.4bps spread_b=-1.9bps | min=30.0bps
2026-05-08 21:46:42,289 | INFO | fetch_order_book: symbol=CHIP/USDC limit=20
2026-05-08 21:46:42,547 | INFO | fetch_order_book: mid=0.07421 spread=2.70bps bids=20 asks=20
2026-05-08 21:46:43,469 | INFO | SPREAD | pair=CHIP/USDC | cex=0.0742/0.07422 | dex_sell=0.0742045 dex_buy=0.0742238 | spread_a=-2.1bps spread_b=-3.2bps | min=30.0bps
2026-05-08 21:46:44,471 | INFO | fetch_order_book: symbol=CHIP/USDC limit=20
2026-05-08 21:46:44,736 | INFO | fetch_order_book: mid=0.074205 spread=4.04bps bids=20 asks=20
2026-05-08 21:46:45,649 | INFO | SPREAD | pair=CHIP/USDC | cex=0.07419/0.07422 | dex_sell=0.0742045 dex_buy=0.0742238 | spread_a=-2.1bps spread_b=-4.6bps | min=30.0bps
2026-05-08 21:46:46,652 | INFO | fetch_order_book: symbol=CHIP/USDC limit=20
2026-05-08 21:46:46,909 | INFO | fetch_order_book: mid=0.074215 spread=1.35bps bids=20 asks=20
2026-05-08 21:46:47,855 | INFO | SPREAD | pair=CHIP/USDC | cex=0.07421/0.07422 | dex_sell=0.0742045 dex_buy=0.0742238 | spread_a=-2.1bps spread_b=-1.9bps | min=30.0bps
2026-05-08 21:46:48,859 | INFO | fetch_order_book: symbol=CHIP/USDC limit=20
2026-05-08 21:46:49,116 | INFO | fetch_order_book: mid=0.07423 spread=2.69bps bids=20 asks=20
2026-05-08 21:46:49,978 | INFO | SPREAD | pair=CHIP/USDC | cex=0.07422/0.07424 | dex_sell=0.0742045 dex_buy=0.0742238 | spread_a=-4.8bps spread_b=-0.5bps | min=30.0bps
2026-05-08 21:46:50,980 | INFO | fetch_order_book: symbol=CHIP/USDC limit=20
2026-05-08 21:46:51,237 | INFO | fetch_order_book: mid=0.07423 spread=2.69bps bids=20 asks=20
2026-05-08 21:46:52,144 | INFO | SPREAD | pair=CHIP/USDC | cex=0.07422/0.07424 | dex_sell=0.0742045 dex_buy=0.0742238 | spread_a=-4.8bps spread_b=-0.5bps | min=30.0bps
2026-05-08 21:46:53,147 | INFO | fetch_order_book: symbol=CHIP/USDC limit=20
2026-05-08 21:46:53,406 | INFO | fetch_order_book: mid=0.07425 spread=2.69bps bids=20 asks=20
2026-05-08 21:46:54,287 | INFO | SPREAD | pair=CHIP/USDC | cex=0.07424/0.07426 | dex_sell=0.0742446 dex_buy=0.0742639 | spread_a=-2.1bps spread_b=-3.2bps | min=30.0bps
2026-05-08 21:46:55,290 | INFO | fetch_order_book: symbol=CHIP/USDC limit=20
2026-05-08 21:46:55,556 | INFO | fetch_order_book: mid=0.07425 spread=2.69bps bids=20 asks=20
2026-05-08 21:46:56,475 | INFO | SPREAD | pair=CHIP/USDC | cex=0.07424/0.07426 | dex_sell=0.0742446 dex_buy=0.0742639 | spread_a=-2.1bps spread_b=-3.2bps | min=30.0bps
2026-05-08 21:46:57,478 | INFO | fetch_order_book: symbol=CHIP/USDC limit=20
2026-05-08 21:46:57,733 | INFO | fetch_order_book: mid=0.07426 spread=5.39bps bids=20 asks=20
2026-05-08 21:46:58,654 | INFO | SPREAD | pair=CHIP/USDC | cex=0.07424/0.07428 | dex_sell=0.0742446 dex_buy=0.0742639 | spread_a=-4.8bps spread_b=-3.2bps | min=30.0bps
2026-05-08 21:46:59,658 | INFO | fetch_order_book: symbol=CHIP/USDC limit=20
2026-05-08 21:46:59,920 | INFO | fetch_order_book: mid=0.074265 spread=4.04bps bids=20 asks=20
2026-05-08 21:47:00,799 | INFO | SPREAD | pair=CHIP/USDC | cex=0.07425/0.07428 | dex_sell=0.0742446 dex_buy=0.0742639 | spread_a=-4.8bps spread_b=-1.9bps | min=30.0bps
2026-05-08 21:47:01,802 | INFO | fetch_order_book: symbol=CHIP/USDC limit=20
2026-05-08 21:47:02,150 | INFO | fetch_order_book: mid=0.07437 spread=2.69bps bids=20 asks=20
2026-05-08 21:47:03,069 | INFO | SPREAD | pair=CHIP/USDC | cex=0.07436/0.07438 | dex_sell=0.0742743 dex_buy=0.0743539 | spread_a=-14.2bps spread_b=0.8bps | min=30.0bps
2026-05-08 21:47:04,072 | INFO | fetch_order_book: symbol=CHIP/USDC limit=20
2026-05-08 21:47:04,335 | INFO | fetch_order_book: mid=0.074385 spread=4.03bps bids=20 asks=20
2026-05-08 21:47:05,236 | INFO | SPREAD | pair=CHIP/USDC | cex=0.07437/0.0744 | dex_sell=0.0743644 dex_buy=0.0743837 | spread_a=-4.8bps spread_b=-1.8bps | min=30.0bps
2026-05-08 21:47:06,239 | INFO | fetch_order_book: symbol=CHIP/USDC limit=20
2026-05-08 21:47:06,506 | INFO | fetch_order_book: mid=0.07439 spread=2.69bps bids=20 asks=20
2026-05-08 21:47:07,408 | INFO | SPREAD | pair=CHIP/USDC | cex=0.07438/0.0744 | dex_sell=0.0743644 dex_buy=0.0743837 | spread_a=-4.8bps spread_b=-0.5bps | min=30.0bps
2026-05-08 21:47:08,412 | INFO | fetch_order_book: symbol=CHIP/USDC limit=20
2026-05-08 21:47:08,744 | INFO | fetch_order_book: mid=0.074385 spread=4.03bps bids=20 asks=20
2026-05-08 21:47:09,654 | INFO | SPREAD | pair=CHIP/USDC | cex=0.07437/0.0744 | dex_sell=0.0743807 dex_buy=0.0744 | spread_a=-2.6bps spread_b=-4.0bps | min=30.0bps
2026-05-08 21:47:10,656 | INFO | fetch_order_book: symbol=CHIP/USDC limit=20
2026-05-08 21:47:10,919 | INFO | fetch_order_book: mid=0.074425 spread=4.03bps bids=20 asks=20
2026-05-08 21:47:11,811 | INFO | SPREAD | pair=CHIP/USDC | cex=0.07441/0.07444 | dex_sell=0.0744044 dex_buy=0.0744538 | spread_a=-4.8bps spread_b=-5.9bps | min=30.0bps
2026-05-08 21:47:12,815 | INFO | fetch_order_book: symbol=CHIP/USDC limit=20
2026-05-08 21:47:13,071 | INFO | fetch_order_book: mid=0.074465 spread=4.03bps bids=20 asks=20
2026-05-08 21:47:13,930 | INFO | SPREAD | pair=CHIP/USDC | cex=0.07445/0.07448 | dex_sell=0.0744645 dex_buy=0.0744838 | spread_a=-2.1bps spread_b=-4.5bps | min=30.0bps
2026-05-08 21:47:14,933 | INFO | fetch_order_book: symbol=CHIP/USDC limit=20
2026-05-08 21:47:15,204 | INFO | fetch_order_book: mid=0.07455 spread=8.05bps bids=20 asks=20
2026-05-08 21:47:16,108 | INFO | SPREAD | pair=CHIP/USDC | cex=0.07452/0.07458 | dex_sell=0.0745007 dex_buy=0.0745288 | spread_a=-10.6bps spread_b=-1.2bps | min=30.0bps
2026-05-08 21:47:17,112 | INFO | fetch_order_book: symbol=CHIP/USDC limit=20
2026-05-08 21:47:17,370 | INFO | fetch_order_book: mid=0.07458 spread=8.05bps bids=20 asks=20
2026-05-08 21:47:18,249 | INFO | SPREAD | pair=CHIP/USDC | cex=0.07455/0.07461 | dex_sell=0.0745094 dex_buy=0.0745288 | spread_a=-13.5bps spread_b=2.8bps | min=30.0bps
2026-05-08 21:47:19,252 | INFO | fetch_order_book: symbol=CHIP/USDC limit=20
2026-05-08 21:47:19,508 | INFO | fetch_order_book: mid=0.074665 spread=6.70bps bids=20 asks=20
2026-05-08 21:47:20,388 | INFO | SPREAD | pair=CHIP/USDC | cex=0.07464/0.07469 | dex_sell=0.0746309 dex_buy=0.0746472 | spread_a=-7.9bps spread_b=-1.0bps | min=30.0bps
2026-05-08 21:47:21,391 | INFO | fetch_order_book: symbol=CHIP/USDC limit=20
2026-05-08 21:47:21,650 | INFO | fetch_order_book: mid=0.07468 spread=8.03bps bids=20 asks=20
2026-05-08 21:47:22,553 | INFO | SPREAD | pair=CHIP/USDC | cex=0.07465/0.07471 | dex_sell=0.0746262 dex_buy=0.0746426 | spread_a=-11.2bps spread_b=1.0bps | min=30.0bps
2026-05-08 21:47:23,555 | INFO | fetch_order_book: symbol=CHIP/USDC limit=20
2026-05-08 21:47:23,819 | INFO | fetch_order_book: mid=0.07468 spread=2.68bps bids=20 asks=20
2026-05-08 21:47:24,700 | INFO | SPREAD | pair=CHIP/USDC | cex=0.07467/0.07469 | dex_sell=0.0746262 dex_buy=0.0746426 | spread_a=-8.5bps spread_b=3.7bps | min=30.0bps
2026-05-08 21:47:25,704 | INFO | fetch_order_book: symbol=CHIP/USDC limit=20
2026-05-08 21:47:25,962 | INFO | fetch_order_book: mid=0.07468 spread=8.03bps bids=20 asks=20
2026-05-08 21:47:26,867 | INFO | SPREAD | pair=CHIP/USDC | cex=0.07465/0.07471 | dex_sell=0.0746262 dex_buy=0.0746426 | spread_a=-11.2bps spread_b=1.0bps | min=30.0bps
2026-05-08 21:47:27,871 | INFO | fetch_order_book: symbol=CHIP/USDC limit=20
2026-05-08 21:47:28,214 | INFO | fetch_order_book: mid=0.07471 spread=2.68bps bids=20 asks=20
2026-05-08 21:47:29,148 | INFO | SPREAD | pair=CHIP/USDC | cex=0.0747/0.07472 | dex_sell=0.074673 dex_buy=0.0746893 | spread_a=-6.3bps spread_b=1.4bps | min=30.0bps
2026-05-08 21:47:30,152 | INFO | fetch_order_book: symbol=CHIP/USDC limit=20
2026-05-08 21:47:30,412 | INFO | fetch_order_book: mid=0.07474 spread=5.35bps bids=20 asks=20
2026-05-08 21:47:31,278 | INFO | SPREAD | pair=CHIP/USDC | cex=0.07472/0.07476 | dex_sell=0.074673 dex_buy=0.0746893 | spread_a=-11.6bps spread_b=4.1bps | min=30.0bps
2026-05-08 21:47:32,281 | INFO | fetch_order_book: symbol=CHIP/USDC limit=20
2026-05-08 21:47:32,544 | INFO | fetch_order_book: mid=0.07476 spread=2.68bps bids=20 asks=20
2026-05-08 21:47:33,426 | INFO | SPREAD | pair=CHIP/USDC | cex=0.07475/0.07477 | dex_sell=0.0747172 dex_buy=0.0747336 | spread_a=-7.1bps spread_b=2.2bps | min=30.0bps
2026-05-08 21:47:34,429 | INFO | fetch_order_book: symbol=CHIP/USDC limit=20
2026-05-08 21:47:34,687 | INFO | fetch_order_book: mid=0.07476 spread=5.35bps bids=20 asks=20
2026-05-08 21:47:35,607 | INFO | SPREAD | pair=CHIP/USDC | cex=0.07474/0.07478 | dex_sell=0.0747172 dex_buy=0.0747336 | spread_a=-8.4bps spread_b=0.9bps | min=30.0bps
2026-05-08 21:47:36,610 | INFO | fetch_order_book: symbol=CHIP/USDC limit=20
2026-05-08 21:47:36,876 | INFO | fetch_order_book: mid=0.07465 spread=8.04bps bids=20 asks=20
2026-05-08 21:47:37,760 | INFO | SPREAD | pair=CHIP/USDC | cex=0.07462/0.07468 | dex_sell=0.0747015 dex_buy=0.0747178 | spread_a=2.9bps spread_b=-13.1bps | min=30.0bps
2026-05-08 21:47:38,762 | INFO | fetch_order_book: symbol=CHIP/USDC limit=20
2026-05-08 21:47:39,022 | INFO | fetch_order_book: mid=0.074725 spread=6.69bps bids=20 asks=20
2026-05-08 21:47:39,902 | INFO | SPREAD | pair=CHIP/USDC | cex=0.0747/0.07475 | dex_sell=0.074653 dex_buy=0.0746757 | spread_a=-13.0bps spread_b=3.3bps | min=30.0bps
2026-05-08 21:47:40,906 | INFO | fetch_order_book: symbol=CHIP/USDC limit=20
2026-05-08 21:47:41,161 | INFO | fetch_order_book: mid=0.074725 spread=6.69bps bids=20 asks=20
2026-05-08 21:47:42,061 | INFO | SPREAD | pair=CHIP/USDC | cex=0.0747/0.07475 | dex_sell=0.074713 dex_buy=0.0747293 | spread_a=-5.0bps spread_b=-3.9bps | min=30.0bps
2026-05-08 21:47:43,064 | INFO | fetch_order_book: symbol=CHIP/USDC limit=20
2026-05-08 21:47:43,324 | INFO | fetch_order_book: mid=0.074735 spread=4.01bps bids=20 asks=20
2026-05-08 21:47:44,232 | INFO | SPREAD | pair=CHIP/USDC | cex=0.07472/0.07475 | dex_sell=0.074713 dex_buy=0.0747293 | spread_a=-5.0bps spread_b=-1.2bps | min=30.0bps
2026-05-08 21:47:45,235 | INFO | fetch_order_book: symbol=CHIP/USDC limit=20
2026-05-08 21:47:45,513 | INFO | fetch_order_book: mid=0.074735 spread=6.69bps bids=20 asks=20
2026-05-08 21:47:46,471 | INFO | SPREAD | pair=CHIP/USDC | cex=0.07471/0.07476 | dex_sell=0.074713 dex_buy=0.0747293 | spread_a=-6.3bps spread_b=-2.6bps | min=30.0bps
2026-05-08 21:47:47,475 | INFO | fetch_order_book: symbol=CHIP/USDC limit=20
2026-05-08 21:47:47,734 | INFO | fetch_order_book: mid=0.07477 spread=2.67bps bids=20 asks=20
2026-05-08 21:47:48,683 | INFO | SPREAD | pair=CHIP/USDC | cex=0.07476/0.07478 | dex_sell=0.074713 dex_buy=0.074775 | spread_a=-9.0bps spread_b=-2.0bps | min=30.0bps
2026-05-08 21:47:49,687 | INFO | fetch_order_book: symbol=CHIP/USDC limit=20
2026-05-08 21:47:49,950 | INFO | fetch_order_book: mid=0.074775 spread=1.34bps bids=20 asks=20
2026-05-08 21:47:50,857 | INFO | SPREAD | pair=CHIP/USDC | cex=0.07477/0.07478 | dex_sell=0.0747586 dex_buy=0.074775 | spread_a=-2.9bps spread_b=-0.7bps | min=30.0bps
2026-05-08 21:47:51,860 | INFO | fetch_order_book: symbol=CHIP/USDC limit=20
2026-05-08 21:47:52,128 | INFO | fetch_order_book: mid=0.07477 spread=2.67bps bids=20 asks=20
2026-05-08 21:47:53,018 | INFO | SPREAD | pair=CHIP/USDC | cex=0.07476/0.07478 | dex_sell=0.0747586 dex_buy=0.074775 | spread_a=-2.9bps spread_b=-2.0bps | min=30.0bps
2026-05-08 21:47:54,021 | INFO | fetch_order_book: symbol=CHIP/USDC limit=20
2026-05-08 21:47:54,523 | INFO | fetch_order_book: mid=0.074715 spread=4.02bps bids=20 asks=20
2026-05-08 21:47:55,398 | INFO | SPREAD | pair=CHIP/USDC | cex=0.0747/0.07473 | dex_sell=0.0747216 dex_buy=0.074738 | spread_a=-1.1bps spread_b=-5.1bps | min=30.0bps
2026-05-08 21:47:56,401 | INFO | fetch_order_book: symbol=CHIP/USDC limit=20
2026-05-08 21:47:56,693 | INFO | fetch_order_book: mid=0.074725 spread=4.01bps bids=20 asks=20
2026-05-08 21:47:57,556 | INFO | SPREAD | pair=CHIP/USDC | cex=0.07471/0.07474 | dex_sell=0.0747216 dex_buy=0.074738 | spread_a=-2.5bps spread_b=-3.7bps | min=30.0bps
2026-05-08 21:47:58,559 | INFO | fetch_order_book: symbol=CHIP/USDC limit=20
2026-05-08 21:47:58,815 | INFO | fetch_order_book: mid=0.074765 spread=4.01bps bids=20 asks=20
2026-05-08 21:47:59,729 | INFO | SPREAD | pair=CHIP/USDC | cex=0.07475/0.07478 | dex_sell=0.0747359 dex_buy=0.0747522 | spread_a=-5.9bps spread_b=-0.3bps | min=30.0bps
2026-05-08 21:48:00,732 | INFO | fetch_order_book: symbol=CHIP/USDC limit=20
2026-05-08 21:48:00,995 | INFO | fetch_order_book: mid=0.074785 spread=6.69bps bids=20 asks=20
2026-05-08 21:48:01,864 | INFO | SPREAD | pair=CHIP/USDC | cex=0.07476/0.07481 | dex_sell=0.0747359 dex_buy=0.0747639 | spread_a=-9.9bps spread_b=-0.5bps | min=30.0bps
2026-05-08 21:48:02,866 | INFO | fetch_order_book: symbol=CHIP/USDC limit=20
2026-05-08 21:48:03,634 | INFO | fetch_order_book: mid=0.074775 spread=6.69bps bids=20 asks=20
2026-05-08 21:48:04,554 | INFO | SPREAD | pair=CHIP/USDC | cex=0.07475/0.0748 | dex_sell=0.0747586 dex_buy=0.0747749 | spread_a=-5.5bps spread_b=-3.3bps | min=30.0bps
2026-05-08 21:48:05,559 | INFO | fetch_order_book: symbol=CHIP/USDC limit=20
2026-05-08 21:48:05,820 | INFO | fetch_order_book: mid=0.074765 spread=9.36bps bids=20 asks=20
2026-05-08 21:48:06,698 | INFO | SPREAD | pair=CHIP/USDC | cex=0.07473/0.0748 | dex_sell=0.0747586 dex_buy=0.0747749 | spread_a=-5.5bps spread_b=-6.0bps | min=30.0bps
2026-05-08 21:48:07,701 | INFO | fetch_order_book: symbol=CHIP/USDC limit=20
2026-05-08 21:48:07,960 | INFO | fetch_order_book: mid=0.074785 spread=4.01bps bids=20 asks=20
2026-05-08 21:48:08,825 | INFO | SPREAD | pair=CHIP/USDC | cex=0.07477/0.0748 | dex_sell=0.0747586 dex_buy=0.0747749 | spread_a=-5.5bps spread_b=-0.7bps | min=30.0bps
2026-05-08 21:48:09,829 | INFO | fetch_order_book: symbol=CHIP/USDC limit=20
2026-05-08 21:48:10,085 | INFO | fetch_order_book: mid=0.07482 spread=2.67bps bids=20 asks=20
2026-05-08 21:48:10,999 | INFO | SPREAD | pair=CHIP/USDC | cex=0.07481/0.07483 | dex_sell=0.0747586 dex_buy=0.0747749 | spread_a=-9.5bps spread_b=4.7bps | min=30.0bps
2026-05-08 21:48:12,002 | INFO | fetch_order_book: symbol=CHIP/USDC limit=20
2026-05-08 21:48:12,266 | INFO | fetch_order_book: mid=0.074795 spread=4.01bps bids=20 asks=20
2026-05-08 21:48:13,170 | INFO | SPREAD | pair=CHIP/USDC | cex=0.07478/0.07481 | dex_sell=0.0747586 dex_buy=0.0747749 | spread_a=-6.9bps spread_b=0.7bps | min=30.0bps
2026-05-08 21:48:14,174 | INFO | fetch_order_book: symbol=CHIP/USDC limit=20
2026-05-08 21:48:14,527 | INFO | fetch_order_book: mid=0.07481 spread=5.35bps bids=20 asks=20
2026-05-08 21:48:15,403 | INFO | SPREAD | pair=CHIP/USDC | cex=0.07479/0.07483 | dex_sell=0.0747586 dex_buy=0.0747749 | spread_a=-9.5bps spread_b=2.0bps | min=30.0bps
2026-05-08 21:48:16,406 | INFO | fetch_order_book: symbol=CHIP/USDC limit=20
2026-05-08 21:48:16,698 | INFO | fetch_order_book: mid=0.074825 spread=6.68bps bids=20 asks=20
2026-05-08 21:48:17,588 | INFO | SPREAD | pair=CHIP/USDC | cex=0.0748/0.07485 | dex_sell=0.0747586 dex_buy=0.0747749 | spread_a=-12.2bps spread_b=3.4bps | min=30.0bps
2026-05-08 21:48:18,590 | INFO | fetch_order_book: symbol=CHIP/USDC limit=20
2026-05-08 21:48:18,845 | INFO | fetch_order_book: mid=0.07485 spread=2.67bps bids=20 asks=20
2026-05-08 21:48:19,756 | INFO | SPREAD | pair=CHIP/USDC | cex=0.07484/0.07486 | dex_sell=0.0747586 dex_buy=0.0748232 | spread_a=-13.5bps spread_b=2.3bps | min=30.0bps
2026-05-08 21:48:20,759 | INFO | fetch_order_book: symbol=CHIP/USDC limit=20
2026-05-08 21:48:21,013 | INFO | fetch_order_book: mid=0.07493 spread=5.34bps bids=20 asks=20
2026-05-08 21:48:21,947 | INFO | SPREAD | pair=CHIP/USDC | cex=0.07491/0.07495 | dex_sell=0.0749129 dex_buy=0.0749293 | spread_a=-5.0bps spread_b=-2.6bps | min=30.0bps
2026-05-08 21:48:22,951 | INFO | fetch_order_book: symbol=CHIP/USDC limit=20
2026-05-08 21:48:23,213 | INFO | fetch_order_book: mid=0.07493 spread=2.67bps bids=20 asks=20
2026-05-08 21:48:24,151 | INFO | SPREAD | pair=CHIP/USDC | cex=0.07492/0.07494 | dex_sell=0.0749129 dex_buy=0.0749293 | spread_a=-3.6bps spread_b=-1.2bps | min=30.0bps
2026-05-08 21:48:25,155 | INFO | fetch_order_book: symbol=CHIP/USDC limit=20
2026-05-08 21:48:25,411 | INFO | fetch_order_book: mid=0.07489 spread=5.34bps bids=20 asks=20
2026-05-08 21:48:26,310 | INFO | SPREAD | pair=CHIP/USDC | cex=0.07487/0.07491 | dex_sell=0.0748926 dex_buy=0.074909 | spread_a=-2.3bps spread_b=-5.2bps | min=30.0bps
2026-05-08 21:48:27,313 | INFO | fetch_order_book: symbol=CHIP/USDC limit=20
2026-05-08 21:48:27,579 | INFO | fetch_order_book: mid=0.07497 spread=5.34bps bids=20 asks=20
2026-05-08 21:48:28,455 | INFO | SPREAD | pair=CHIP/USDC | cex=0.07495/0.07499 | dex_sell=0.0749129 dex_buy=0.0749293 | spread_a=-10.3bps spread_b=2.8bps | min=30.0bps
2026-05-08 21:48:29,459 | INFO | fetch_order_book: symbol=CHIP/USDC limit=20
2026-05-08 21:48:29,742 | INFO | fetch_order_book: mid=0.075045 spread=4.00bps bids=20 asks=20
2026-05-08 21:48:30,638 | INFO | SPREAD | pair=CHIP/USDC | cex=0.07503/0.07506 | dex_sell=0.0749794 dex_buy=0.0749958 | spread_a=-10.7bps spread_b=4.6bps | min=30.0bps
2026-05-08 21:48:31,641 | INFO | fetch_order_book: symbol=CHIP/USDC limit=20
2026-05-08 21:48:31,898 | INFO | fetch_order_book: mid=0.07498 spread=8.00bps bids=20 asks=20
2026-05-08 21:48:32,791 | INFO | SPREAD | pair=CHIP/USDC | cex=0.07495/0.07501 | dex_sell=0.075011 dex_buy=0.0750992 | spread_a=0.1bps spread_b=-19.9bps | min=30.0bps
2026-05-08 21:48:33,794 | INFO | fetch_order_book: symbol=CHIP/USDC limit=20
2026-05-08 21:48:34,103 | INFO | fetch_order_book: mid=0.07499 spread=8.00bps bids=20 asks=20
2026-05-08 21:48:35,000 | INFO | SPREAD | pair=CHIP/USDC | cex=0.07496/0.07502 | dex_sell=0.0750189 dex_buy=0.0750279 | spread_a=-0.2bps spread_b=-9.1bps | min=30.0bps
2026-05-08 21:48:36,003 | INFO | fetch_order_book: symbol=CHIP/USDC limit=20
2026-05-08 21:48:36,263 | INFO | fetch_order_book: mid=0.07502 spread=8.00bps bids=20 asks=20
2026-05-08 21:48:37,167 | INFO | SPREAD | pair=CHIP/USDC | cex=0.07499/0.07505 | dex_sell=0.0750189 dex_buy=0.0750353 | spread_a=-4.1bps spread_b=-6.0bps | min=30.0bps
2026-05-08 21:48:38,170 | INFO | fetch_order_book: symbol=CHIP/USDC limit=20
2026-05-08 21:48:38,435 | INFO | fetch_order_book: mid=0.07506 spread=5.33bps bids=20 asks=20
2026-05-08 21:48:39,327 | INFO | SPREAD | pair=CHIP/USDC | cex=0.07504/0.07508 | dex_sell=0.0749816 dex_buy=0.0749779 | spread_a=-13.1bps spread_b=8.3bps | min=30.0bps
2026-05-08 21:48:40,331 | INFO | fetch_order_book: symbol=CHIP/USDC limit=20
2026-05-08 21:48:40,595 | INFO | fetch_order_book: mid=0.07458 spread=5.36bps bids=20 asks=20
2026-05-08 21:48:41,514 | INFO | SPREAD | pair=CHIP/USDC | cex=0.07456/0.0746 | dex_sell=0.0746317 dex_buy=0.0745896 | spread_a=4.2bps spread_b=-4.0bps | min=30.0bps
2026-05-08 21:48:42,518 | INFO | fetch_order_book: symbol=CHIP/USDC limit=20
2026-05-08 21:48:42,775 | INFO | fetch_order_book: mid=0.07451 spread=8.05bps bids=20 asks=20
2026-05-08 21:48:43,669 | INFO | SPREAD | pair=CHIP/USDC | cex=0.07448/0.07454 | dex_sell=0.0744299 dex_buy=0.0744936 | spread_a=-14.8bps spread_b=-1.8bps | min=30.0bps
2026-05-08 21:48:44,672 | INFO | fetch_order_book: symbol=CHIP/USDC limit=20
2026-05-08 21:48:44,936 | INFO | fetch_order_book: mid=0.074575 spread=6.70bps bids=20 asks=20
2026-05-08 21:48:45,827 | INFO | SPREAD | pair=CHIP/USDC | cex=0.07455/0.0746 | dex_sell=0.0745742 dex_buy=0.0745694 | spread_a=-3.5bps spread_b=-2.6bps | min=30.0bps
2026-05-08 21:48:46,831 | INFO | fetch_order_book: symbol=CHIP/USDC limit=20
2026-05-08 21:48:47,103 | INFO | fetch_order_book: mid=0.07443 spread=5.37bps bids=20 asks=20
2026-05-08 21:48:47,980 | INFO | SPREAD | pair=CHIP/USDC | cex=0.07441/0.07445 | dex_sell=0.0744197 dex_buy=0.074439 | spread_a=-4.1bps spread_b=-3.9bps | min=30.0bps
2026-05-08 21:48:48,983 | INFO | fetch_order_book: symbol=CHIP/USDC limit=20
2026-05-08 21:48:49,253 | INFO | fetch_order_book: mid=0.07449 spread=8.05bps bids=20 asks=20
2026-05-08 21:48:50,210 | INFO | SPREAD | pair=CHIP/USDC | cex=0.07446/0.07452 | dex_sell=0.0744443 dex_buy=0.0744937 | spread_a=-10.2bps spread_b=-4.5bps | min=30.0bps
2026-05-08 21:48:51,214 | INFO | fetch_order_book: symbol=CHIP/USDC limit=20
2026-05-08 21:48:51,493 | INFO | fetch_order_book: mid=0.07454 spread=5.37bps bids=20 asks=20
2026-05-08 21:48:52,400 | INFO | SPREAD | pair=CHIP/USDC | cex=0.07452/0.07456 | dex_sell=0.0745342 dex_buy=0.0745536 | spread_a=-3.5bps spread_b=-4.5bps | min=30.0bps
2026-05-08 21:48:53,403 | INFO | fetch_order_book: symbol=CHIP/USDC limit=20
2026-05-08 21:48:53,659 | INFO | fetch_order_book: mid=0.07454 spread=5.37bps bids=20 asks=20
2026-05-08 21:48:54,549 | INFO | SPREAD | pair=CHIP/USDC | cex=0.07452/0.07456 | dex_sell=0.0745342 dex_buy=0.0745536 | spread_a=-3.5bps spread_b=-4.5bps | min=30.0bps
2026-05-08 21:48:55,552 | INFO | fetch_order_book: symbol=CHIP/USDC limit=20
2026-05-08 21:48:55,817 | INFO | fetch_order_book: mid=0.07447 spread=5.37bps bids=20 asks=20
2026-05-08 21:48:56,692 | INFO | SPREAD | pair=CHIP/USDC | cex=0.07445/0.07449 | dex_sell=0.07447 dex_buy=0.0744893 | spread_a=-2.7bps spread_b=-5.3bps | min=30.0bps
2026-05-08 21:48:57,694 | INFO | fetch_order_book: symbol=CHIP/USDC limit=20
2026-05-08 21:48:58,005 | INFO | fetch_order_book: mid=0.07447 spread=5.37bps bids=20 asks=20
2026-05-08 21:48:58,900 | INFO | SPREAD | pair=CHIP/USDC | cex=0.07445/0.07449 | dex_sell=0.07447 dex_buy=0.0744893 | spread_a=-2.7bps spread_b=-5.3bps | min=30.0bps
2026-05-08 21:48:59,903 | INFO | fetch_order_book: symbol=CHIP/USDC limit=20
2026-05-08 21:49:00,169 | INFO | fetch_order_book: mid=0.07452 spread=5.37bps bids=20 asks=20
2026-05-08 21:49:01,077 | INFO | SPREAD | pair=CHIP/USDC | cex=0.0745/0.07454 | dex_sell=0.07447 dex_buy=0.0745137 | spread_a=-9.4bps spread_b=-1.8bps | min=30.0bps
2026-05-08 21:49:02,081 | INFO | fetch_order_book: symbol=CHIP/USDC limit=20
2026-05-08 21:49:02,340 | INFO | fetch_order_book: mid=0.07452 spread=5.37bps bids=20 asks=20
2026-05-08 21:49:03,251 | INFO | SPREAD | pair=CHIP/USDC | cex=0.0745/0.07454 | dex_sell=0.0744944 dex_buy=0.0745137 | spread_a=-6.1bps spread_b=-1.8bps | min=30.0bps
2026-05-08 21:49:04,255 | INFO | fetch_order_book: symbol=CHIP/USDC limit=20
2026-05-08 21:49:04,564 | INFO | fetch_order_book: mid=0.074525 spread=4.03bps bids=20 asks=20
2026-05-08 21:49:05,470 | INFO | SPREAD | pair=CHIP/USDC | cex=0.07451/0.07454 | dex_sell=0.0744944 dex_buy=0.0745137 | spread_a=-6.1bps spread_b=-0.5bps | min=30.0bps
2026-05-08 21:49:06,473 | INFO | fetch_order_book: symbol=CHIP/USDC limit=20
2026-05-08 21:49:06,788 | INFO | fetch_order_book: mid=0.074525 spread=4.03bps bids=20 asks=20
2026-05-08 21:49:07,665 | INFO | SPREAD | pair=CHIP/USDC | cex=0.07451/0.07454 | dex_sell=0.0744944 dex_buy=0.0745137 | spread_a=-6.1bps spread_b=-0.5bps | min=30.0bps
2026-05-08 21:49:08,668 | INFO | fetch_order_book: symbol=CHIP/USDC limit=20
2026-05-08 21:49:08,925 | INFO | fetch_order_book: mid=0.07448 spread=5.37bps bids=20 asks=20
2026-05-08 21:49:09,830 | INFO | SPREAD | pair=CHIP/USDC | cex=0.07446/0.0745 | dex_sell=0.0744944 dex_buy=0.0744892 | spread_a=-0.8bps spread_b=-3.9bps | min=30.0bps
2026-05-08 21:49:10,833 | INFO | fetch_order_book: symbol=CHIP/USDC limit=20
2026-05-08 21:49:11,090 | INFO | fetch_order_book: mid=0.07449 spread=5.37bps bids=20 asks=20
2026-05-08 21:49:11,987 | INFO | SPREAD | pair=CHIP/USDC | cex=0.07447/0.07451 | dex_sell=0.0744502 dex_buy=0.0744695 | spread_a=-8.0bps spread_b=0.1bps | min=30.0bps
2026-05-08 21:49:12,989 | INFO | fetch_order_book: symbol=CHIP/USDC limit=20
2026-05-08 21:49:13,257 | INFO | fetch_order_book: mid=0.07449 spread=5.37bps bids=20 asks=20
2026-05-08 21:49:14,156 | INFO | SPREAD | pair=CHIP/USDC | cex=0.07447/0.07451 | dex_sell=0.0744502 dex_buy=0.0744695 | spread_a=-8.0bps spread_b=0.1bps | min=30.0bps
2026-05-08 21:49:15,160 | INFO | fetch_order_book: symbol=CHIP/USDC limit=20
2026-05-08 21:49:15,433 | INFO | fetch_order_book: mid=0.074525 spread=6.71bps bids=20 asks=20
2026-05-08 21:49:16,360 | INFO | SPREAD | pair=CHIP/USDC | cex=0.0745/0.07455 | dex_sell=0.0744743 dex_buy=0.0745338 | spread_a=-10.2bps spread_b=-4.5bps | min=30.0bps
2026-05-08 21:49:17,363 | INFO | fetch_order_book: symbol=CHIP/USDC limit=20
2026-05-08 21:49:17,622 | INFO | fetch_order_book: mid=0.074545 spread=6.71bps bids=20 asks=20
2026-05-08 21:49:18,501 | INFO | SPREAD | pair=CHIP/USDC | cex=0.07452/0.07457 | dex_sell=0.0745145 dex_buy=0.0745338 | spread_a=-7.4bps spread_b=-1.9bps | min=30.0bps
2026-05-08 21:49:19,505 | INFO | fetch_order_book: symbol=CHIP/USDC limit=20
2026-05-08 21:49:19,789 | INFO | fetch_order_book: mid=0.07453 spread=5.37bps bids=20 asks=20
2026-05-08 21:49:20,689 | INFO | SPREAD | pair=CHIP/USDC | cex=0.07451/0.07455 | dex_sell=0.0745145 dex_buy=0.0745636 | spread_a=-4.8bps spread_b=-7.2bps | min=30.0bps
2026-05-08 21:49:21,692 | INFO | fetch_order_book: symbol=CHIP/USDC limit=20
2026-05-08 21:49:21,958 | INFO | fetch_order_book: mid=0.07453 spread=8.05bps bids=20 asks=20
2026-05-08 21:49:22,846 | INFO | SPREAD | pair=CHIP/USDC | cex=0.0745/0.07456 | dex_sell=0.0745098 dex_buy=0.0745292 | spread_a=-6.7bps spread_b=-3.9bps | min=30.0bps
2026-05-08 21:49:23,849 | INFO | fetch_order_book: symbol=CHIP/USDC limit=20
2026-05-08 21:49:24,140 | INFO | fetch_order_book: mid=0.07454 spread=5.37bps bids=20 asks=20
2026-05-08 21:49:25,015 | INFO | SPREAD | pair=CHIP/USDC | cex=0.07452/0.07456 | dex_sell=0.0745098 dex_buy=0.0745292 | spread_a=-6.7bps spread_b=-1.2bps | min=30.0bps
2026-05-08 21:49:26,018 | INFO | fetch_order_book: symbol=CHIP/USDC limit=20
2026-05-08 21:49:26,299 | INFO | fetch_order_book: mid=0.074535 spread=6.71bps bids=20 asks=20
2026-05-08 21:49:27,216 | INFO | SPREAD | pair=CHIP/USDC | cex=0.07451/0.07456 | dex_sell=0.0745098 dex_buy=0.0745292 | spread_a=-6.7bps spread_b=-2.6bps | min=30.0bps
2026-05-08 21:49:28,220 | INFO | fetch_order_book: symbol=CHIP/USDC limit=20
2026-05-08 21:49:28,483 | INFO | fetch_order_book: mid=0.07450 spread=5.37bps bids=20 asks=20
2026-05-08 21:49:29,398 | INFO | SPREAD | pair=CHIP/USDC | cex=0.07448/0.07452 | dex_sell=0.0744802 dex_buy=0.0744995 | spread_a=-5.3bps spread_b=-2.6bps | min=30.0bps
2026-05-08 21:49:30,402 | INFO | fetch_order_book: symbol=CHIP/USDC limit=20
2026-05-08 21:49:30,661 | INFO | fetch_order_book: mid=0.07445 spread=5.37bps bids=20 asks=20
2026-05-08 21:49:31,577 | INFO | SPREAD | pair=CHIP/USDC | cex=0.07443/0.07447 | dex_sell=0.0744802 dex_buy=0.0744693 | spread_a=1.4bps spread_b=-5.3bps | min=30.0bps
2026-05-08 21:49:32,581 | INFO | fetch_order_book: symbol=CHIP/USDC limit=20
2026-05-08 21:49:32,838 | INFO | fetch_order_book: mid=0.07446 spread=5.37bps bids=20 asks=20
2026-05-08 21:49:33,738 | INFO | SPREAD | pair=CHIP/USDC | cex=0.07444/0.07448 | dex_sell=0.0744101 dex_buy=0.0744538 | spread_a=-9.4bps spread_b=-1.9bps | min=30.0bps
2026-05-08 21:49:34,741 | INFO | fetch_order_book: symbol=CHIP/USDC limit=20
2026-05-08 21:49:34,998 | INFO | fetch_order_book: mid=0.074475 spread=1.34bps bids=20 asks=20
2026-05-08 21:49:35,877 | INFO | SPREAD | pair=CHIP/USDC | cex=0.07447/0.07448 | dex_sell=0.0744345 dex_buy=0.0744538 | spread_a=-6.1bps spread_b=2.2bps | min=30.0bps
2026-05-08 21:49:36,880 | INFO | fetch_order_book: symbol=CHIP/USDC limit=20
2026-05-08 21:49:37,137 | INFO | fetch_order_book: mid=0.07441 spread=2.69bps bids=20 asks=20
2026-05-08 21:49:38,012 | INFO | SPREAD | pair=CHIP/USDC | cex=0.0744/0.07442 | dex_sell=0.07441 dex_buy=0.0744293 | spread_a=-1.3bps spread_b=-3.9bps | min=30.0bps
2026-05-08 21:49:39,015 | INFO | fetch_order_book: symbol=CHIP/USDC limit=20
2026-05-08 21:49:39,277 | INFO | fetch_order_book: mid=0.07439 spread=2.69bps bids=20 asks=20
2026-05-08 21:49:40,197 | INFO | SPREAD | pair=CHIP/USDC | cex=0.07438/0.0744 | dex_sell=0.074384 dex_buy=0.0744033 | spread_a=-2.2bps spread_b=-3.1bps | min=30.0bps
2026-05-08 21:49:41,201 | INFO | fetch_order_book: symbol=CHIP/USDC limit=20
2026-05-08 21:49:41,458 | INFO | fetch_order_book: mid=0.07443 spread=8.06bps bids=20 asks=20
2026-05-08 21:49:42,341 | INFO | SPREAD | pair=CHIP/USDC | cex=0.0744/0.07446 | dex_sell=0.07436 dex_buy=0.0744139 | spread_a=-13.4bps spread_b=-1.9bps | min=30.0bps
2026-05-08 21:49:43,345 | INFO | fetch_order_book: symbol=CHIP/USDC limit=20
2026-05-08 21:49:43,601 | INFO | fetch_order_book: mid=0.074445 spread=4.03bps bids=20 asks=20
2026-05-08 21:49:44,506 | INFO | SPREAD | pair=CHIP/USDC | cex=0.07443/0.07446 | dex_sell=0.0743946 dex_buy=0.0744436 | spread_a=-8.8bps spread_b=-1.8bps | min=30.0bps
2026-05-08 21:49:45,508 | INFO | fetch_order_book: symbol=CHIP/USDC limit=20
2026-05-08 21:49:45,772 | INFO | fetch_order_book: mid=0.07448 spread=5.37bps bids=20 asks=20
2026-05-08 21:49:46,702 | INFO | SPREAD | pair=CHIP/USDC | cex=0.07446/0.0745 | dex_sell=0.0744544 dex_buy=0.0744737 | spread_a=-6.1bps spread_b=-1.8bps | min=30.0bps
2026-05-08 21:49:47,707 | INFO | fetch_order_book: symbol=CHIP/USDC limit=20
2026-05-08 21:49:47,966 | INFO | fetch_order_book: mid=0.07451 spread=5.37bps bids=20 asks=20
2026-05-08 21:49:48,867 | INFO | SPREAD | pair=CHIP/USDC | cex=0.07449/0.07453 | dex_sell=0.0744845 dex_buy=0.0745038 | spread_a=-6.1bps spread_b=-1.9bps | min=30.0bps
2026-05-08 21:49:49,871 | INFO | fetch_order_book: symbol=CHIP/USDC limit=20
2026-05-08 21:49:50,132 | INFO | fetch_order_book: mid=0.074525 spread=6.71bps bids=20 asks=20
2026-05-08 21:49:51,098 | INFO | SPREAD | pair=CHIP/USDC | cex=0.0745/0.07455 | dex_sell=0.0744845 dex_buy=0.0745038 | spread_a=-8.8bps spread_b=-0.5bps | min=30.0bps
2026-05-08 21:49:52,101 | INFO | fetch_order_book: symbol=CHIP/USDC limit=20
2026-05-08 21:49:52,366 | INFO | fetch_order_book: mid=0.07450 spread=5.37bps bids=20 asks=20
2026-05-08 21:49:53,256 | INFO | SPREAD | pair=CHIP/USDC | cex=0.07448/0.07452 | dex_sell=0.0744845 dex_buy=0.0745038 | spread_a=-4.8bps spread_b=-3.2bps | min=30.0bps
2026-05-08 21:49:54,260 | INFO | fetch_order_book: symbol=CHIP/USDC limit=20
2026-05-08 21:49:54,515 | INFO | fetch_order_book: mid=0.074525 spread=6.71bps bids=20 asks=20
2026-05-08 21:49:55,430 | INFO | SPREAD | pair=CHIP/USDC | cex=0.0745/0.07455 | dex_sell=0.0744845 dex_buy=0.0745038 | spread_a=-8.8bps spread_b=-0.5bps | min=30.0bps
2026-05-08 21:49:56,433 | INFO | fetch_order_book: symbol=CHIP/USDC limit=20
2026-05-08 21:49:56,694 | INFO | fetch_order_book: mid=0.074525 spread=6.71bps bids=20 asks=20
2026-05-08 21:49:57,601 | INFO | SPREAD | pair=CHIP/USDC | cex=0.0745/0.07455 | dex_sell=0.0744845 dex_buy=0.0745038 | spread_a=-8.8bps spread_b=-0.5bps | min=30.0bps
2026-05-08 21:49:58,605 | INFO | fetch_order_book: symbol=CHIP/USDC limit=20
2026-05-08 21:49:58,860 | INFO | fetch_order_book: mid=0.07454 spread=5.37bps bids=20 asks=20
2026-05-08 21:49:59,794 | INFO | SPREAD | pair=CHIP/USDC | cex=0.07452/0.07456 | dex_sell=0.0744845 dex_buy=0.0745038 | spread_a=-10.1bps spread_b=2.2bps | min=30.0bps
2026-05-08 21:50:00,798 | INFO | fetch_order_book: symbol=CHIP/USDC limit=20
2026-05-08 21:50:01,054 | INFO | fetch_order_book: mid=0.074505 spread=6.71bps bids=20 asks=20
2026-05-08 21:50:01,938 | INFO | SPREAD | pair=CHIP/USDC | cex=0.07448/0.07453 | dex_sell=0.0744599 dex_buy=0.0744793 | spread_a=-9.4bps spread_b=0.1bps | min=30.0bps
2026-05-08 21:50:02,941 | INFO | fetch_order_book: symbol=CHIP/USDC limit=20
2026-05-08 21:50:03,356 | INFO | fetch_order_book: mid=0.07453 spread=5.37bps bids=20 asks=20
2026-05-08 21:50:04,254 | INFO | SPREAD | pair=CHIP/USDC | cex=0.07451/0.07455 | dex_sell=0.0744843 dex_buy=0.0745037 | spread_a=-8.8bps spread_b=0.8bps | min=30.0bps
2026-05-08 21:50:05,257 | INFO | fetch_order_book: symbol=CHIP/USDC limit=20
2026-05-08 21:50:05,591 | INFO | fetch_order_book: mid=0.07456 spread=5.36bps bids=20 asks=20
2026-05-08 21:50:06,511 | INFO | SPREAD | pair=CHIP/USDC | cex=0.07454/0.07458 | dex_sell=0.0744843 dex_buy=0.0745537 | spread_a=-12.8bps spread_b=-1.8bps | min=30.0bps
2026-05-08 21:50:07,514 | INFO | fetch_order_book: symbol=CHIP/USDC limit=20
2026-05-08 21:50:07,788 | INFO | fetch_order_book: mid=0.07455 spread=5.37bps bids=20 asks=20
2026-05-08 21:50:08,724 | INFO | SPREAD | pair=CHIP/USDC | cex=0.07453/0.07457 | dex_sell=0.0745343 dex_buy=0.0745537 | spread_a=-4.8bps spread_b=-3.2bps | min=30.0bps
2026-05-08 21:50:09,728 | INFO | fetch_order_book: symbol=CHIP/USDC limit=20
2026-05-08 21:50:10,318 | INFO | fetch_order_book: mid=0.07447 spread=2.69bps bids=20 asks=20
2026-05-08 21:50:11,197 | INFO | SPREAD | pair=CHIP/USDC | cex=0.07446/0.07448 | dex_sell=0.0744801 dex_buy=0.0744994 | spread_a=0.0bps spread_b=-5.3bps | min=30.0bps
2026-05-08 21:50:12,198 | INFO | fetch_order_book: symbol=CHIP/USDC limit=20
2026-05-08 21:50:12,455 | INFO | fetch_order_book: mid=0.07448 spread=5.37bps bids=20 asks=20
2026-05-08 21:50:13,396 | INFO | SPREAD | pair=CHIP/USDC | cex=0.07446/0.0745 | dex_sell=0.0744527 dex_buy=0.0744721 | spread_a=-6.3bps spread_b=-1.6bps | min=30.0bps
2026-05-08 21:50:14,400 | INFO | fetch_order_book: symbol=CHIP/USDC limit=20
2026-05-08 21:50:14,665 | INFO | fetch_order_book: mid=0.074425 spread=6.72bps bids=20 asks=20
2026-05-08 21:50:15,526 | INFO | SPREAD | pair=CHIP/USDC | cex=0.0744/0.07445 | dex_sell=0.0744299 dex_buy=0.0744492 | spread_a=-2.7bps spread_b=-6.6bps | min=30.0bps
2026-05-08 21:50:16,529 | INFO | fetch_order_book: symbol=CHIP/USDC limit=20
2026-05-08 21:50:16,788 | INFO | fetch_order_book: mid=0.074425 spread=6.72bps bids=20 asks=20
2026-05-08 21:50:17,670 | INFO | SPREAD | pair=CHIP/USDC | cex=0.0744/0.07445 | dex_sell=0.0744299 dex_buy=0.0744492 | spread_a=-2.7bps spread_b=-6.6bps | min=30.0bps
2026-05-08 21:50:18,673 | INFO | fetch_order_book: symbol=CHIP/USDC limit=20
2026-05-08 21:50:19,007 | INFO | fetch_order_book: mid=0.07446 spread=5.37bps bids=20 asks=20
2026-05-08 21:50:19,935 | INFO | SPREAD | pair=CHIP/USDC | cex=0.07444/0.07448 | dex_sell=0.0744299 dex_buy=0.0744492 | spread_a=-6.7bps spread_b=-1.2bps | min=30.0bps
2026-05-08 21:50:20,939 | INFO | fetch_order_book: symbol=CHIP/USDC limit=20
2026-05-08 21:50:21,195 | INFO | fetch_order_book: mid=0.07451 spread=5.37bps bids=20 asks=20
2026-05-08 21:50:22,097 | INFO | SPREAD | pair=CHIP/USDC | cex=0.07449/0.07453 | dex_sell=0.074455 dex_buy=0.0744743 | spread_a=-10.1bps spread_b=2.1bps | min=30.0bps
2026-05-08 21:50:23,101 | INFO | fetch_order_book: symbol=CHIP/USDC limit=20
2026-05-08 21:50:23,372 | INFO | fetch_order_book: mid=0.07450 spread=5.37bps bids=20 asks=20
2026-05-08 21:50:24,297 | INFO | SPREAD | pair=CHIP/USDC | cex=0.07448/0.07452 | dex_sell=0.0744845 dex_buy=0.0745038 | spread_a=-4.8bps spread_b=-3.2bps | min=30.0bps
2026-05-08 21:50:25,300 | INFO | fetch_order_book: symbol=CHIP/USDC limit=20
2026-05-08 21:50:25,839 | INFO | fetch_order_book: mid=0.07451 spread=5.37bps bids=20 asks=20
2026-05-08 21:50:26,782 | INFO | SPREAD | pair=CHIP/USDC | cex=0.07449/0.07453 | dex_sell=0.0744845 dex_buy=0.0745038 | spread_a=-6.1bps spread_b=-1.9bps | min=30.0bps
2026-05-08 21:50:27,784 | INFO | fetch_order_book: symbol=CHIP/USDC limit=20
2026-05-08 21:50:28,041 | INFO | fetch_order_book: mid=0.07451 spread=5.37bps bids=20 asks=20
2026-05-08 21:50:28,932 | INFO | SPREAD | pair=CHIP/USDC | cex=0.07449/0.07453 | dex_sell=0.0744845 dex_buy=0.0745038 | spread_a=-6.1bps spread_b=-1.9bps | min=30.0bps
2026-05-08 21:50:29,936 | INFO | fetch_order_book: symbol=CHIP/USDC limit=20
2026-05-08 21:50:30,268 | INFO | fetch_order_book: mid=0.074515 spread=6.71bps bids=20 asks=20
2026-05-08 21:50:31,145 | INFO | SPREAD | pair=CHIP/USDC | cex=0.07449/0.07454 | dex_sell=0.0744845 dex_buy=0.0745038 | spread_a=-7.4bps spread_b=-1.9bps | min=30.0bps
2026-05-08 21:50:32,148 | INFO | fetch_order_book: symbol=CHIP/USDC limit=20
2026-05-08 21:50:32,415 | INFO | fetch_order_book: mid=0.074485 spread=6.71bps bids=20 asks=20
2026-05-08 21:50:33,294 | INFO | SPREAD | pair=CHIP/USDC | cex=0.07446/0.07451 | dex_sell=0.0744845 dex_buy=0.0745038 | spread_a=-3.4bps spread_b=-5.9bps | min=30.0bps
2026-05-08 21:50:34,296 | INFO | fetch_order_book: symbol=CHIP/USDC limit=20
2026-05-08 21:50:34,672 | INFO | fetch_order_book: mid=0.07447 spread=5.37bps bids=20 asks=20
2026-05-08 21:50:35,565 | INFO | SPREAD | pair=CHIP/USDC | cex=0.07445/0.07449 | dex_sell=0.0744845 dex_buy=0.0744793 | spread_a=-0.7bps spread_b=-3.9bps | min=30.0bps
2026-05-08 21:50:36,569 | INFO | fetch_order_book: symbol=CHIP/USDC limit=20
2026-05-08 21:50:36,890 | INFO | fetch_order_book: mid=0.074565 spread=4.02bps bids=20 asks=20
2026-05-08 21:50:37,826 | INFO | SPREAD | pair=CHIP/USDC | cex=0.07455/0.07458 | dex_sell=0.07446 dex_buy=0.074534 | spread_a=-16.1bps spread_b=2.2bps | min=30.0bps
2026-05-08 21:50:38,830 | INFO | fetch_order_book: symbol=CHIP/USDC limit=20
2026-05-08 21:50:39,134 | INFO | fetch_order_book: mid=0.07456 spread=5.36bps bids=20 asks=20
2026-05-08 21:50:40,059 | INFO | SPREAD | pair=CHIP/USDC | cex=0.07454/0.07458 | dex_sell=0.0745444 dex_buy=0.0745638 | spread_a=-4.8bps spread_b=-3.2bps | min=30.0bps
2026-05-08 21:50:41,062 | INFO | fetch_order_book: symbol=CHIP/USDC limit=20
2026-05-08 21:50:41,376 | INFO | fetch_order_book: mid=0.07461 spread=2.68bps bids=20 asks=20
2026-05-08 21:50:42,284 | INFO | SPREAD | pair=CHIP/USDC | cex=0.0746/0.07462 | dex_sell=0.0745444 dex_buy=0.0745939 | spread_a=-10.1bps spread_b=0.8bps | min=30.0bps
2026-05-08 21:50:43,287 | INFO | fetch_order_book: symbol=CHIP/USDC limit=20
2026-05-08 21:50:43,621 | INFO | fetch_order_book: mid=0.074645 spread=4.02bps bids=20 asks=20
2026-05-08 21:50:44,486 | INFO | SPREAD | pair=CHIP/USDC | cex=0.07463/0.07466 | dex_sell=0.0746126 dex_buy=0.0746289 | spread_a=-6.3bps spread_b=0.1bps | min=30.0bps
2026-05-08 21:50:45,489 | INFO | fetch_order_book: symbol=CHIP/USDC limit=20
2026-05-08 21:50:45,761 | INFO | fetch_order_book: mid=0.07464 spread=5.36bps bids=20 asks=20
2026-05-08 21:50:46,637 | INFO | SPREAD | pair=CHIP/USDC | cex=0.07462/0.07466 | dex_sell=0.074623 dex_buy=0.0746393 | spread_a=-5.0bps spread_b=-2.6bps | min=30.0bps
2026-05-08 21:50:47,640 | INFO | fetch_order_book: symbol=CHIP/USDC limit=20
2026-05-08 21:50:48,002 | INFO | fetch_order_book: mid=0.07461 spread=5.36bps bids=20 asks=20
2026-05-08 21:50:48,922 | INFO | SPREAD | pair=CHIP/USDC | cex=0.07459/0.07463 | dex_sell=0.0746016 dex_buy=0.0746179 | spread_a=-3.8bps spread_b=-3.7bps | min=30.0bps
2026-05-08 21:50:49,926 | INFO | fetch_order_book: symbol=CHIP/USDC limit=20
2026-05-08 21:50:50,292 | INFO | fetch_order_book: mid=0.07460 spread=5.36bps bids=20 asks=20
2026-05-08 21:50:51,202 | INFO | SPREAD | pair=CHIP/USDC | cex=0.07458/0.07462 | dex_sell=0.0746016 dex_buy=0.0746179 | spread_a=-2.5bps spread_b=-5.1bps | min=30.0bps
2026-05-08 21:50:52,206 | INFO | fetch_order_book: symbol=CHIP/USDC limit=20
2026-05-08 21:50:52,467 | INFO | fetch_order_book: mid=0.074455 spread=6.72bps bids=20 asks=20
2026-05-08 21:50:53,387 | INFO | SPREAD | pair=CHIP/USDC | cex=0.07443/0.07448 | dex_sell=0.07447 dex_buy=0.0744594 | spread_a=-1.3bps spread_b=-4.0bps | min=30.0bps
2026-05-08 21:50:54,390 | INFO | fetch_order_book: symbol=CHIP/USDC limit=20
2026-05-08 21:50:54,740 | INFO | fetch_order_book: mid=0.074565 spread=6.71bps bids=20 asks=20
2026-05-08 21:50:55,632 | INFO | SPREAD | pair=CHIP/USDC | cex=0.07454/0.07459 | dex_sell=0.0744401 dex_buy=0.0745309 | spread_a=-20.1bps spread_b=1.2bps | min=30.0bps
2026-05-08 21:50:56,636 | INFO | fetch_order_book: symbol=CHIP/USDC limit=20
2026-05-08 21:50:56,952 | INFO | fetch_order_book: mid=0.074535 spread=6.71bps bids=20 asks=20
2026-05-08 21:50:57,870 | INFO | SPREAD | pair=CHIP/USDC | cex=0.07451/0.07456 | dex_sell=0.0745546 dex_buy=0.0745494 | spread_a=-0.7bps spread_b=-5.3bps | min=30.0bps
2026-05-08 21:50:58,874 | INFO | fetch_order_book: symbol=CHIP/USDC limit=20
2026-05-08 21:50:59,131 | INFO | fetch_order_book: mid=0.074505 spread=4.03bps bids=20 asks=20
2026-05-08 21:51:00,003 | INFO | SPREAD | pair=CHIP/USDC | cex=0.07449/0.07452 | dex_sell=0.0745001 dex_buy=0.0745194 | spread_a=-2.7bps spread_b=-3.9bps | min=30.0bps
2026-05-08 21:51:01,007 | INFO | fetch_order_book: symbol=CHIP/USDC limit=20
2026-05-08 21:51:01,503 | INFO | fetch_order_book: mid=0.074445 spread=9.40bps bids=20 asks=20
2026-05-08 21:51:02,404 | INFO | SPREAD | pair=CHIP/USDC | cex=0.07441/0.07448 | dex_sell=0.0744698 dex_buy=0.0744492 | spread_a=-1.4bps spread_b=-5.3bps | min=30.0bps
2026-05-08 21:51:03,408 | INFO | fetch_order_book: symbol=CHIP/USDC limit=20
2026-05-08 21:51:03,688 | INFO | fetch_order_book: mid=0.074415 spread=6.72bps bids=20 asks=20
2026-05-08 21:51:04,584 | INFO | SPREAD | pair=CHIP/USDC | cex=0.07439/0.07444 | dex_sell=0.0744 dex_buy=0.0743895 | spread_a=-5.4bps spread_b=0.1bps | min=30.0bps
2026-05-08 21:51:05,587 | INFO | fetch_order_book: symbol=CHIP/USDC limit=20
2026-05-08 21:51:05,849 | INFO | fetch_order_book: mid=0.074395 spread=6.72bps bids=20 asks=20
2026-05-08 21:51:06,772 | INFO | SPREAD | pair=CHIP/USDC | cex=0.07437/0.07442 | dex_sell=0.0743701 dex_buy=0.0743894 | spread_a=-6.7bps spread_b=-2.6bps | min=30.0bps
2026-05-08 21:51:07,776 | INFO | fetch_order_book: symbol=CHIP/USDC limit=20
2026-05-08 21:51:08,210 | INFO | fetch_order_book: mid=0.074275 spread=6.73bps bids=20 asks=20
2026-05-08 21:51:09,265 | INFO | SPREAD | pair=CHIP/USDC | cex=0.07425/0.0743 | dex_sell=0.0742999 dex_buy=0.0743192 | spread_a=-0.0bps spread_b=-9.3bps | min=30.0bps
2026-05-08 21:51:10,269 | INFO | fetch_order_book: symbol=CHIP/USDC limit=20
2026-05-08 21:51:10,526 | INFO | fetch_order_book: mid=0.074275 spread=6.73bps bids=20 asks=20
2026-05-08 21:51:11,410 | INFO | SPREAD | pair=CHIP/USDC | cex=0.07425/0.0743 | dex_sell=0.0742999 dex_buy=0.0743192 | spread_a=-0.0bps spread_b=-9.3bps | min=30.0bps
2026-05-08 21:51:12,413 | INFO | fetch_order_book: symbol=CHIP/USDC limit=20
2026-05-08 21:51:12,671 | INFO | fetch_order_book: mid=0.074325 spread=4.04bps bids=20 asks=20
2026-05-08 21:51:13,713 | INFO | SPREAD | pair=CHIP/USDC | cex=0.07431/0.07434 | dex_sell=0.0742999 dex_buy=0.0743192 | spread_a=-5.4bps spread_b=-1.2bps | min=30.0bps
2026-05-08 21:51:14,717 | INFO | fetch_order_book: symbol=CHIP/USDC limit=20
2026-05-08 21:51:14,974 | INFO | fetch_order_book: mid=0.07437 spread=2.69bps bids=20 asks=20
2026-05-08 21:51:15,914 | INFO | SPREAD | pair=CHIP/USDC | cex=0.07436/0.07438 | dex_sell=0.0743645 dex_buy=0.0743838 | spread_a=-2.1bps spread_b=-3.2bps | min=30.0bps
2026-05-08 21:51:16,917 | INFO | fetch_order_book: symbol=CHIP/USDC limit=20
2026-05-08 21:51:17,274 | INFO | fetch_order_book: mid=0.07439 spread=5.38bps bids=20 asks=20
2026-05-08 21:51:18,180 | INFO | SPREAD | pair=CHIP/USDC | cex=0.07437/0.07441 | dex_sell=0.0743645 dex_buy=0.0743838 | spread_a=-6.1bps spread_b=-1.9bps | min=30.0bps
2026-05-08 21:51:19,184 | INFO | fetch_order_book: symbol=CHIP/USDC limit=20
2026-05-08 21:51:19,443 | INFO | fetch_order_book: mid=0.07436 spread=5.38bps bids=20 asks=20
2026-05-08 21:51:20,348 | INFO | SPREAD | pair=CHIP/USDC | cex=0.07434/0.07438 | dex_sell=0.0743645 dex_buy=0.0743838 | spread_a=-2.1bps spread_b=-5.9bps | min=30.0bps
2026-05-08 21:51:21,350 | INFO | fetch_order_book: symbol=CHIP/USDC limit=20
2026-05-08 21:51:21,611 | INFO | fetch_order_book: mid=0.07430 spread=5.38bps bids=20 asks=20
2026-05-08 21:51:22,480 | INFO | SPREAD | pair=CHIP/USDC | cex=0.07428/0.07432 | dex_sell=0.07434 dex_buy=0.0743593 | spread_a=2.7bps spread_b=-10.7bps | min=30.0bps
2026-05-08 21:51:23,482 | INFO | fetch_order_book: symbol=CHIP/USDC limit=20
2026-05-08 21:51:23,752 | INFO | fetch_order_book: mid=0.074245 spread=6.73bps bids=20 asks=20
2026-05-08 21:51:24,670 | INFO | SPREAD | pair=CHIP/USDC | cex=0.07422/0.07427 | dex_sell=0.0742701 dex_buy=0.0742593 | spread_a=0.0bps spread_b=-5.3bps | min=30.0bps
2026-05-08 21:51:25,674 | INFO | fetch_order_book: symbol=CHIP/USDC limit=20
2026-05-08 21:51:25,939 | INFO | fetch_order_book: mid=0.074375 spread=9.41bps bids=20 asks=20
2026-05-08 21:51:26,849 | INFO | SPREAD | pair=CHIP/USDC | cex=0.07434/0.07441 | dex_sell=0.07424 dex_buy=0.0743509 | spread_a=-22.8bps spread_b=-1.5bps | min=30.0bps
2026-05-08 21:51:27,853 | INFO | fetch_order_book: symbol=CHIP/USDC limit=20
2026-05-08 21:51:28,727 | INFO | fetch_order_book: mid=0.07433 spread=8.07bps bids=20 asks=20
2026-05-08 21:51:29,695 | INFO | SPREAD | pair=CHIP/USDC | cex=0.0743/0.07436 | dex_sell=0.0743316 dex_buy=0.0743509 | spread_a=-3.8bps spread_b=-6.8bps | min=30.0bps
2026-05-08 21:51:30,698 | INFO | fetch_order_book: symbol=CHIP/USDC limit=20
2026-05-08 21:51:31,298 | INFO | fetch_order_book: mid=0.07434 spread=5.38bps bids=20 asks=20
2026-05-08 21:51:32,200 | INFO | SPREAD | pair=CHIP/USDC | cex=0.07432/0.07436 | dex_sell=0.0743316 dex_buy=0.0743509 | spread_a=-3.8bps spread_b=-4.2bps | min=30.0bps
2026-05-08 21:51:33,204 | INFO | fetch_order_book: symbol=CHIP/USDC limit=20
2026-05-08 21:51:33,498 | INFO | fetch_order_book: mid=0.07433 spread=8.07bps bids=20 asks=20
2026-05-08 21:51:34,359 | INFO | SPREAD | pair=CHIP/USDC | cex=0.0743/0.07436 | dex_sell=0.0743316 dex_buy=0.0743509 | spread_a=-3.8bps spread_b=-6.8bps | min=30.0bps
2026-05-08 21:51:35,363 | INFO | fetch_order_book: symbol=CHIP/USDC limit=20
2026-05-08 21:51:35,703 | INFO | fetch_order_book: mid=0.07431 spread=5.38bps bids=20 asks=20
2026-05-08 21:51:36,575 | INFO | SPREAD | pair=CHIP/USDC | cex=0.07429/0.07433 | dex_sell=0.0743316 dex_buy=0.0743509 | spread_a=0.2bps spread_b=-8.2bps | min=30.0bps
2026-05-08 21:51:37,578 | INFO | fetch_order_book: symbol=CHIP/USDC limit=20
2026-05-08 21:51:37,842 | INFO | fetch_order_book: mid=0.074355 spread=6.72bps bids=20 asks=20
2026-05-08 21:51:38,741 | INFO | SPREAD | pair=CHIP/USDC | cex=0.07433/0.07438 | dex_sell=0.0742999 dex_buy=0.0743436 | spread_a=-10.8bps spread_b=-1.8bps | min=30.0bps
2026-05-08 21:51:39,745 | INFO | fetch_order_book: symbol=CHIP/USDC limit=20
2026-05-08 21:51:40,015 | INFO | fetch_order_book: mid=0.07433 spread=5.38bps bids=20 asks=20
2026-05-08 21:51:40,925 | INFO | SPREAD | pair=CHIP/USDC | cex=0.07431/0.07435 | dex_sell=0.0743243 dex_buy=0.0743436 | spread_a=-3.5bps spread_b=-4.5bps | min=30.0bps
2026-05-08 21:51:41,929 | INFO | fetch_order_book: symbol=CHIP/USDC limit=20
2026-05-08 21:51:42,186 | INFO | fetch_order_book: mid=0.074305 spread=6.73bps bids=20 asks=20
2026-05-08 21:51:43,087 | INFO | SPREAD | pair=CHIP/USDC | cex=0.07428/0.07433 | dex_sell=0.07429 dex_buy=0.0743093 | spread_a=-5.4bps spread_b=-3.9bps | min=30.0bps
2026-05-08 21:51:44,091 | INFO | fetch_order_book: symbol=CHIP/USDC limit=20
2026-05-08 21:51:44,351 | INFO | fetch_order_book: mid=0.07436 spread=5.38bps bids=20 asks=20
2026-05-08 21:51:45,242 | INFO | SPREAD | pair=CHIP/USDC | cex=0.07434/0.07438 | dex_sell=0.0743246 dex_buy=0.0743439 | spread_a=-7.5bps spread_b=-0.5bps | min=30.0bps
2026-05-08 21:51:46,246 | INFO | fetch_order_book: symbol=CHIP/USDC limit=20
2026-05-08 21:51:46,508 | INFO | fetch_order_book: mid=0.07438 spread=5.38bps bids=20 asks=20
2026-05-08 21:51:47,429 | INFO | SPREAD | pair=CHIP/USDC | cex=0.07436/0.0744 | dex_sell=0.0743643 dex_buy=0.0743836 | spread_a=-4.8bps spread_b=-3.2bps | min=30.0bps
2026-05-08 21:51:48,433 | INFO | fetch_order_book: symbol=CHIP/USDC limit=20
2026-05-08 21:51:48,691 | INFO | fetch_order_book: mid=0.074345 spread=6.73bps bids=20 asks=20
2026-05-08 21:51:49,588 | INFO | SPREAD | pair=CHIP/USDC | cex=0.07432/0.07437 | dex_sell=0.0743643 dex_buy=0.0743593 | spread_a=-0.8bps spread_b=-5.3bps | min=30.0bps
2026-05-08 21:51:50,593 | INFO | fetch_order_book: symbol=CHIP/USDC limit=20
2026-05-08 21:51:50,860 | INFO | fetch_order_book: mid=0.07434 spread=5.38bps bids=20 asks=20
2026-05-08 21:51:51,762 | INFO | SPREAD | pair=CHIP/USDC | cex=0.07432/0.07436 | dex_sell=0.07434 dex_buy=0.0743593 | spread_a=-2.7bps spread_b=-5.3bps | min=30.0bps
2026-05-08 21:51:52,766 | INFO | fetch_order_book: symbol=CHIP/USDC limit=20
2026-05-08 21:51:53,033 | INFO | fetch_order_book: mid=0.07434 spread=5.38bps bids=20 asks=20
2026-05-08 21:51:53,957 | INFO | SPREAD | pair=CHIP/USDC | cex=0.07432/0.07436 | dex_sell=0.07434 dex_buy=0.0743593 | spread_a=-2.7bps spread_b=-5.3bps | min=30.0bps
2026-05-08 21:51:54,960 | INFO | fetch_order_book: symbol=CHIP/USDC limit=20
2026-05-08 21:51:55,270 | INFO | fetch_order_book: mid=0.07434 spread=5.38bps bids=20 asks=20
2026-05-08 21:51:56,182 | INFO | SPREAD | pair=CHIP/USDC | cex=0.07432/0.07436 | dex_sell=0.0743099 dex_buy=0.0743292 | spread_a=-6.7bps spread_b=-1.2bps | min=30.0bps
2026-05-08 21:51:57,185 | INFO | fetch_order_book: symbol=CHIP/USDC limit=20
2026-05-08 21:51:58,038 | INFO | fetch_order_book: mid=0.074295 spread=4.04bps bids=20 asks=20
2026-05-08 21:51:58,918 | INFO | SPREAD | pair=CHIP/USDC | cex=0.07428/0.07431 | dex_sell=0.0743099 dex_buy=0.0743292 | spread_a=-0.0bps spread_b=-6.6bps | min=30.0bps
2026-05-08 21:51:59,921 | INFO | fetch_order_book: symbol=CHIP/USDC limit=20
2026-05-08 21:52:00,180 | INFO | fetch_order_book: mid=0.07441 spread=2.69bps bids=20 asks=20
2026-05-08 21:52:01,061 | INFO | SPREAD | pair=CHIP/USDC | cex=0.0744/0.07442 | dex_sell=0.0743646 dex_buy=0.074384 | spread_a=-7.4bps spread_b=2.2bps | min=30.0bps
2026-05-08 21:52:02,063 | INFO | fetch_order_book: symbol=CHIP/USDC limit=20
2026-05-08 21:52:02,613 | INFO | fetch_order_book: mid=0.074485 spread=4.03bps bids=20 asks=20
2026-05-08 21:52:03,511 | INFO | SPREAD | pair=CHIP/USDC | cex=0.07447/0.0745 | dex_sell=0.0744542 dex_buy=0.0744736 | spread_a=-6.1bps spread_b=-0.5bps | min=30.0bps
2026-05-08 21:52:04,515 | INFO | fetch_order_book: symbol=CHIP/USDC limit=20
2026-05-08 21:52:04,843 | INFO | fetch_order_book: mid=0.07448 spread=5.37bps bids=20 asks=20
2026-05-08 21:52:05,731 | INFO | SPREAD | pair=CHIP/USDC | cex=0.07446/0.0745 | dex_sell=0.0744542 dex_buy=0.0744736 | spread_a=-6.1bps spread_b=-1.8bps | min=30.0bps
2026-05-08 21:52:06,734 | INFO | fetch_order_book: symbol=CHIP/USDC limit=20
2026-05-08 21:52:06,993 | INFO | fetch_order_book: mid=0.074475 spread=6.71bps bids=20 asks=20
2026-05-08 21:52:07,889 | INFO | SPREAD | pair=CHIP/USDC | cex=0.07445/0.0745 | dex_sell=0.0744542 dex_buy=0.0744736 | spread_a=-6.1bps spread_b=-3.2bps | min=30.0bps
2026-05-08 21:52:08,892 | INFO | fetch_order_book: symbol=CHIP/USDC limit=20
2026-05-08 21:52:09,156 | INFO | fetch_order_book: mid=0.07434 spread=5.38bps bids=20 asks=20
2026-05-08 21:52:10,065 | INFO | SPREAD | pair=CHIP/USDC | cex=0.07432/0.07436 | dex_sell=0.0743698 dex_buy=0.0743891 | spread_a=1.3bps spread_b=-9.3bps | min=30.0bps
2026-05-08 21:52:11,068 | INFO | fetch_order_book: symbol=CHIP/USDC limit=20
2026-05-08 21:52:11,435 | INFO | fetch_order_book: mid=0.074295 spread=4.04bps bids=20 asks=20
2026-05-08 21:52:12,338 | INFO | SPREAD | pair=CHIP/USDC | cex=0.07428/0.07431 | dex_sell=0.0743101 dex_buy=0.0743294 | spread_a=0.0bps spread_b=-6.6bps | min=30.0bps
2026-05-08 21:52:13,341 | INFO | fetch_order_book: symbol=CHIP/USDC limit=20
2026-05-08 21:52:13,616 | INFO | fetch_order_book: mid=0.07433 spread=5.38bps bids=20 asks=20
2026-05-08 21:52:14,532 | INFO | SPREAD | pair=CHIP/USDC | cex=0.07431/0.07435 | dex_sell=0.0743101 dex_buy=0.0743538 | spread_a=-5.4bps spread_b=-5.9bps | min=30.0bps
2026-05-08 21:52:15,536 | INFO | fetch_order_book: symbol=CHIP/USDC limit=20
2026-05-08 21:52:15,793 | INFO | fetch_order_book: mid=0.074395 spread=4.03bps bids=20 asks=20
2026-05-08 21:52:16,680 | INFO | SPREAD | pair=CHIP/USDC | cex=0.07438/0.07441 | dex_sell=0.0743645 dex_buy=0.0743838 | spread_a=-6.1bps spread_b=-0.5bps | min=30.0bps
2026-05-08 21:52:17,683 | INFO | fetch_order_book: symbol=CHIP/USDC limit=20
2026-05-08 21:52:17,940 | INFO | fetch_order_book: mid=0.07440 spread=8.06bps bids=20 asks=20
2026-05-08 21:52:18,832 | INFO | SPREAD | pair=CHIP/USDC | cex=0.07437/0.07443 | dex_sell=0.0743943 dex_buy=0.0744136 | spread_a=-4.8bps spread_b=-5.9bps | min=30.0bps
2026-05-08 21:52:19,836 | INFO | fetch_order_book: symbol=CHIP/USDC limit=20
2026-05-08 21:52:20,101 | INFO | fetch_order_book: mid=0.074265 spread=4.04bps bids=20 asks=20
2026-05-08 21:52:20,998 | INFO | SPREAD | pair=CHIP/USDC | cex=0.07425/0.07428 | dex_sell=0.0742998 dex_buy=0.0742893 | spread_a=2.7bps spread_b=-5.3bps | min=30.0bps
2026-05-08 21:52:22,002 | INFO | fetch_order_book: symbol=CHIP/USDC limit=20
2026-05-08 21:52:22,261 | INFO | fetch_order_book: mid=0.07428 spread=5.39bps bids=20 asks=20
2026-05-08 21:52:23,177 | INFO | SPREAD | pair=CHIP/USDC | cex=0.07426/0.0743 | dex_sell=0.07427 dex_buy=0.0742893 | spread_a=-4.0bps spread_b=-3.9bps | min=30.0bps
2026-05-08 21:52:24,180 | INFO | fetch_order_book: symbol=CHIP/USDC limit=20
2026-05-08 21:52:24,463 | INFO | fetch_order_book: mid=0.074275 spread=6.73bps bids=20 asks=20
2026-05-08 21:52:25,357 | INFO | SPREAD | pair=CHIP/USDC | cex=0.07425/0.0743 | dex_sell=0.07427 dex_buy=0.0742893 | spread_a=-4.0bps spread_b=-5.3bps | min=30.0bps
2026-05-08 21:52:26,361 | INFO | fetch_order_book: symbol=CHIP/USDC limit=20
2026-05-08 21:52:26,623 | INFO | fetch_order_book: mid=0.074415 spread=9.41bps bids=20 asks=20
2026-05-08 21:52:27,474 | INFO | SPREAD | pair=CHIP/USDC | cex=0.07438/0.07445 | dex_sell=0.07427 dex_buy=0.0743925 | spread_a=-24.2bps spread_b=-1.7bps | min=30.0bps
2026-05-08 21:52:28,478 | INFO | fetch_order_book: symbol=CHIP/USDC limit=20
2026-05-08 21:52:28,739 | INFO | fetch_order_book: mid=0.07446 spread=5.37bps bids=20 asks=20
2026-05-08 21:52:29,624 | INFO | SPREAD | pair=CHIP/USDC | cex=0.07444/0.07448 | dex_sell=0.0744045 dex_buy=0.0744538 | spread_a=-10.1bps spread_b=-1.9bps | min=30.0bps
2026-05-08 21:52:30,628 | INFO | fetch_order_book: symbol=CHIP/USDC limit=20
2026-05-08 21:52:30,890 | INFO | fetch_order_book: mid=0.074455 spread=6.72bps bids=20 asks=20
2026-05-08 21:52:31,784 | INFO | SPREAD | pair=CHIP/USDC | cex=0.07443/0.07448 | dex_sell=0.0744643 dex_buy=0.0744836 | spread_a=-2.1bps spread_b=-7.2bps | min=30.0bps
2026-05-08 21:52:32,787 | INFO | fetch_order_book: symbol=CHIP/USDC limit=20
2026-05-08 21:52:33,043 | INFO | fetch_order_book: mid=0.07440 spread=5.38bps bids=20 asks=20
2026-05-08 21:52:33,935 | INFO | SPREAD | pair=CHIP/USDC | cex=0.07438/0.07442 | dex_sell=0.0744101 dex_buy=0.0744295 | spread_a=-1.3bps spread_b=-6.6bps | min=30.0bps
2026-05-08 21:52:34,937 | INFO | fetch_order_book: symbol=CHIP/USDC limit=20
2026-05-08 21:52:35,200 | INFO | fetch_order_book: mid=0.07439 spread=8.07bps bids=20 asks=20
2026-05-08 21:52:36,125 | INFO | SPREAD | pair=CHIP/USDC | cex=0.07436/0.07442 | dex_sell=0.0744101 dex_buy=0.0744295 | spread_a=-1.3bps spread_b=-9.3bps | min=30.0bps
2026-05-08 21:52:37,128 | INFO | fetch_order_book: symbol=CHIP/USDC limit=20
2026-05-08 21:52:37,388 | INFO | fetch_order_book: mid=0.07433 spread=5.38bps bids=20 asks=20
2026-05-08 21:52:38,282 | INFO | SPREAD | pair=CHIP/USDC | cex=0.07431/0.07435 | dex_sell=0.0743699 dex_buy=0.0743892 | spread_a=2.7bps spread_b=-10.6bps | min=30.0bps
2026-05-08 21:52:39,285 | INFO | fetch_order_book: symbol=CHIP/USDC limit=20
2026-05-08 21:52:39,546 | INFO | fetch_order_book: mid=0.07435 spread=5.38bps bids=20 asks=20
2026-05-08 21:52:40,437 | INFO | SPREAD | pair=CHIP/USDC | cex=0.07433/0.07437 | dex_sell=0.0742999 dex_buy=0.0743436 | spread_a=-9.4bps spread_b=-1.8bps | min=30.0bps
2026-05-08 21:52:41,440 | INFO | fetch_order_book: symbol=CHIP/USDC limit=20
2026-05-08 21:52:41,699 | INFO | fetch_order_book: mid=0.074275 spread=6.73bps bids=20 asks=20
2026-05-08 21:52:42,599 | INFO | SPREAD | pair=CHIP/USDC | cex=0.07425/0.0743 | dex_sell=0.0742498 dex_buy=0.0742937 | spread_a=-6.8bps spread_b=-5.9bps | min=30.0bps
2026-05-08 21:52:43,602 | INFO | fetch_order_book: symbol=CHIP/USDC limit=20
2026-05-08 21:52:43,869 | INFO | fetch_order_book: mid=0.074275 spread=6.73bps bids=20 asks=20
2026-05-08 21:52:44,770 | INFO | SPREAD | pair=CHIP/USDC | cex=0.07425/0.0743 | dex_sell=0.07425 dex_buy=0.0742693 | spread_a=-6.7bps spread_b=-2.6bps | min=30.0bps
2026-05-08 21:52:45,774 | INFO | fetch_order_book: symbol=CHIP/USDC limit=20
2026-05-08 21:52:46,306 | INFO | fetch_order_book: mid=0.074335 spread=4.04bps bids=20 asks=20
2026-05-08 21:52:47,228 | INFO | SPREAD | pair=CHIP/USDC | cex=0.07432/0.07435 | dex_sell=0.0742744 dex_buy=0.0742937 | spread_a=-10.2bps spread_b=3.5bps | min=30.0bps
2026-05-08 21:52:48,231 | INFO | fetch_order_book: symbol=CHIP/USDC limit=20
2026-05-08 21:52:48,489 | INFO | fetch_order_book: mid=0.074395 spread=6.72bps bids=20 asks=20
2026-05-08 21:52:49,381 | INFO | SPREAD | pair=CHIP/USDC | cex=0.07437/0.07442 | dex_sell=0.0743744 dex_buy=0.0743937 | spread_a=-6.1bps spread_b=-3.2bps | min=30.0bps
2026-05-08 21:52:50,385 | INFO | fetch_order_book: symbol=CHIP/USDC limit=20
2026-05-08 21:52:50,640 | INFO | fetch_order_book: mid=0.07440 spread=8.06bps bids=20 asks=20
2026-05-08 21:52:51,545 | INFO | SPREAD | pair=CHIP/USDC | cex=0.07437/0.07443 | dex_sell=0.0743744 dex_buy=0.0743937 | spread_a=-7.5bps spread_b=-3.2bps | min=30.0bps
2026-05-08 21:52:52,549 | INFO | fetch_order_book: symbol=CHIP/USDC limit=20
2026-05-08 21:52:52,806 | INFO | fetch_order_book: mid=0.07438 spread=2.69bps bids=20 asks=20
2026-05-08 21:52:53,679 | INFO | SPREAD | pair=CHIP/USDC | cex=0.07437/0.07439 | dex_sell=0.0743744 dex_buy=0.0743937 | spread_a=-2.1bps spread_b=-3.2bps | min=30.0bps
2026-05-08 21:52:54,682 | INFO | fetch_order_book: symbol=CHIP/USDC limit=20
2026-05-08 21:52:55,000 | INFO | fetch_order_book: mid=0.07435 spread=8.07bps bids=20 asks=20
2026-05-08 21:52:55,893 | INFO | SPREAD | pair=CHIP/USDC | cex=0.07432/0.07438 | dex_sell=0.0743744 dex_buy=0.0743937 | spread_a=-0.8bps spread_b=-9.9bps | min=30.0bps
2026-05-08 21:52:56,896 | INFO | fetch_order_book: symbol=CHIP/USDC limit=20
2026-05-08 21:52:57,153 | INFO | fetch_order_book: mid=0.074345 spread=6.73bps bids=20 asks=20
2026-05-08 21:52:58,042 | INFO | SPREAD | pair=CHIP/USDC | cex=0.07432/0.07437 | dex_sell=0.0743744 dex_buy=0.0743937 | spread_a=0.6bps spread_b=-9.9bps | min=30.0bps
2026-05-08 21:52:59,046 | INFO | fetch_order_book: symbol=CHIP/USDC limit=20
2026-05-08 21:52:59,310 | INFO | fetch_order_book: mid=0.074305 spread=4.04bps bids=20 asks=20
2026-05-08 21:53:00,206 | INFO | SPREAD | pair=CHIP/USDC | cex=0.07429/0.07432 | dex_sell=0.0743499 dex_buy=0.0743391 | spread_a=4.0bps spread_b=-6.6bps | min=30.0bps
2026-05-08 21:53:01,211 | INFO | fetch_order_book: symbol=CHIP/USDC limit=20
2026-05-08 21:53:01,469 | INFO | fetch_order_book: mid=0.074305 spread=4.04bps bids=20 asks=20
2026-05-08 21:53:02,366 | INFO | SPREAD | pair=CHIP/USDC | cex=0.07429/0.07432 | dex_sell=0.0743198 dex_buy=0.0743391 | spread_a=-0.0bps spread_b=-6.6bps | min=30.0bps
2026-05-08 21:53:03,370 | INFO | fetch_order_book: symbol=CHIP/USDC limit=20
2026-05-08 21:53:03,650 | INFO | fetch_order_book: mid=0.07430 spread=5.38bps bids=20 asks=20
2026-05-08 21:53:04,556 | INFO | SPREAD | pair=CHIP/USDC | cex=0.07428/0.07432 | dex_sell=0.07429 dex_buy=0.0743092 | spread_a=-4.0bps spread_b=-3.9bps | min=30.0bps
2026-05-08 21:53:05,559 | INFO | fetch_order_book: symbol=CHIP/USDC limit=20
2026-05-08 21:53:05,838 | INFO | fetch_order_book: mid=0.07426 spread=5.39bps bids=20 asks=20
2026-05-08 21:53:06,726 | INFO | SPREAD | pair=CHIP/USDC | cex=0.07424/0.07428 | dex_sell=0.0742602 dex_buy=0.0742794 | spread_a=-2.7bps spread_b=-5.3bps | min=30.0bps
2026-05-08 21:53:07,730 | INFO | fetch_order_book: symbol=CHIP/USDC limit=20
2026-05-08 21:53:07,990 | INFO | fetch_order_book: mid=0.074255 spread=4.04bps bids=20 asks=20
2026-05-08 21:53:08,867 | INFO | SPREAD | pair=CHIP/USDC | cex=0.07424/0.07427 | dex_sell=0.0742602 dex_buy=0.0742794 | spread_a=-1.3bps spread_b=-5.3bps | min=30.0bps
2026-05-08 21:53:09,869 | INFO | fetch_order_book: symbol=CHIP/USDC limit=20
2026-05-08 21:53:10,128 | INFO | fetch_order_book: mid=0.07425 spread=5.39bps bids=20 asks=20
2026-05-08 21:53:11,062 | INFO | SPREAD | pair=CHIP/USDC | cex=0.07423/0.07427 | dex_sell=0.0742602 dex_buy=0.0742794 | spread_a=-1.3bps spread_b=-6.7bps | min=30.0bps
2026-05-08 21:53:12,066 | INFO | fetch_order_book: symbol=CHIP/USDC limit=20
2026-05-08 21:53:12,494 | INFO | fetch_order_book: mid=0.074265 spread=6.73bps bids=20 asks=20
2026-05-08 21:53:13,367 | INFO | SPREAD | pair=CHIP/USDC | cex=0.07424/0.07429 | dex_sell=0.0742643 dex_buy=0.0742835 | spread_a=-3.5bps spread_b=-5.9bps | min=30.0bps
2026-05-08 21:53:14,370 | INFO | fetch_order_book: symbol=CHIP/USDC limit=20
2026-05-08 21:53:14,630 | INFO | fetch_order_book: mid=0.074245 spread=6.73bps bids=20 asks=20
2026-05-08 21:53:15,502 | INFO | SPREAD | pair=CHIP/USDC | cex=0.07422/0.07427 | dex_sell=0.0742643 dex_buy=0.0742835 | spread_a=-0.8bps spread_b=-8.6bps | min=30.0bps
2026-05-08 21:53:16,505 | INFO | fetch_order_book: symbol=CHIP/USDC limit=20
2026-05-08 21:53:16,790 | INFO | fetch_order_book: mid=0.07424 spread=5.39bps bids=20 asks=20
2026-05-08 21:53:17,673 | INFO | SPREAD | pair=CHIP/USDC | cex=0.07422/0.07426 | dex_sell=0.0742643 dex_buy=0.0742835 | spread_a=0.6bps spread_b=-8.6bps | min=30.0bps
2026-05-08 21:53:18,677 | INFO | fetch_order_book: symbol=CHIP/USDC limit=20
2026-05-08 21:53:18,936 | INFO | fetch_order_book: mid=0.07417 spread=2.70bps bids=20 asks=20
2026-05-08 21:53:19,856 | INFO | SPREAD | pair=CHIP/USDC | cex=0.07416/0.07418 | dex_sell=0.0742643 dex_buy=0.0742294 | spread_a=11.4bps spread_b=-9.4bps | min=30.0bps
2026-05-08 21:53:20,860 | INFO | fetch_order_book: symbol=CHIP/USDC limit=20
2026-05-08 21:53:21,115 | INFO | fetch_order_book: mid=0.07427 spread=5.39bps bids=20 asks=20
2026-05-08 21:53:22,009 | INFO | SPREAD | pair=CHIP/USDC | cex=0.07425/0.07429 | dex_sell=0.0741944 dex_buy=0.0742437 | spread_a=-12.9bps spread_b=0.8bps | min=30.0bps
2026-05-08 21:53:23,013 | INFO | fetch_order_book: symbol=CHIP/USDC limit=20
2026-05-08 21:53:23,274 | INFO | fetch_order_book: mid=0.07430 spread=5.38bps bids=20 asks=20
2026-05-08 21:53:24,189 | INFO | SPREAD | pair=CHIP/USDC | cex=0.07428/0.07432 | dex_sell=0.0742645 dex_buy=0.0742838 | spread_a=-7.5bps spread_b=-0.5bps | min=30.0bps
2026-05-08 21:53:25,192 | INFO | fetch_order_book: symbol=CHIP/USDC limit=20
2026-05-08 21:53:25,454 | INFO | fetch_order_book: mid=0.07428 spread=8.08bps bids=20 asks=20
2026-05-08 21:53:26,365 | INFO | SPREAD | pair=CHIP/USDC | cex=0.07425/0.07431 | dex_sell=0.0743046 dex_buy=0.0743239 | spread_a=-0.7bps spread_b=-9.9bps | min=30.0bps
2026-05-08 21:53:27,368 | INFO | fetch_order_book: symbol=CHIP/USDC limit=20
2026-05-08 21:53:27,638 | INFO | fetch_order_book: mid=0.074265 spread=6.73bps bids=20 asks=20
2026-05-08 21:53:28,559 | INFO | SPREAD | pair=CHIP/USDC | cex=0.07424/0.07429 | dex_sell=0.0743046 dex_buy=0.0742893 | spread_a=2.0bps spread_b=-6.6bps | min=30.0bps
2026-05-08 21:53:29,562 | INFO | fetch_order_book: symbol=CHIP/USDC limit=20
2026-05-08 21:53:30,312 | INFO | fetch_order_book: mid=0.074295 spread=6.73bps bids=20 asks=20
2026-05-08 21:53:31,199 | INFO | SPREAD | pair=CHIP/USDC | cex=0.07427/0.07432 | dex_sell=0.07427 dex_buy=0.0742893 | spread_a=-6.7bps spread_b=-2.6bps | min=30.0bps
2026-05-08 21:53:32,209 | INFO | fetch_order_book: symbol=CHIP/USDC limit=20
2026-05-08 21:53:32,472 | INFO | fetch_order_book: mid=0.07431 spread=2.69bps bids=20 asks=20
2026-05-08 21:53:33,384 | INFO | SPREAD | pair=CHIP/USDC | cex=0.0743/0.07432 | dex_sell=0.0742944 dex_buy=0.0743136 | spread_a=-3.5bps spread_b=-1.8bps | min=30.0bps
2026-05-08 21:53:34,388 | INFO | fetch_order_book: symbol=CHIP/USDC limit=20
2026-05-08 21:53:34,652 | INFO | fetch_order_book: mid=0.07432 spread=5.38bps bids=20 asks=20
2026-05-08 21:53:35,610 | INFO | SPREAD | pair=CHIP/USDC | cex=0.0743/0.07434 | dex_sell=0.0743244 dex_buy=0.0743437 | spread_a=-2.1bps spread_b=-5.9bps | min=30.0bps
2026-05-08 21:53:36,613 | INFO | fetch_order_book: symbol=CHIP/USDC limit=20
2026-05-08 21:53:36,940 | INFO | fetch_order_book: mid=0.074325 spread=4.04bps bids=20 asks=20
2026-05-08 21:53:37,951 | INFO | SPREAD | pair=CHIP/USDC | cex=0.07431/0.07434 | dex_sell=0.0743244 dex_buy=0.0743437 | spread_a=-2.1bps spread_b=-4.5bps | min=30.0bps
2026-05-08 21:53:38,954 | INFO | fetch_order_book: symbol=CHIP/USDC limit=20
2026-05-08 21:53:39,262 | INFO | fetch_order_book: mid=0.07435 spread=2.69bps bids=20 asks=20
2026-05-08 21:53:40,171 | INFO | SPREAD | pair=CHIP/USDC | cex=0.07434/0.07436 | dex_sell=0.0743544 dex_buy=0.0743738 | spread_a=-0.7bps spread_b=-4.5bps | min=30.0bps
2026-05-08 21:53:41,174 | INFO | fetch_order_book: symbol=CHIP/USDC limit=20
2026-05-08 21:53:41,521 | INFO | fetch_order_book: mid=0.07435 spread=2.69bps bids=20 asks=20
2026-05-08 21:53:42,407 | INFO | SPREAD | pair=CHIP/USDC | cex=0.07434/0.07436 | dex_sell=0.0743544 dex_buy=0.0743738 | spread_a=-0.7bps spread_b=-4.5bps | min=30.0bps
2026-05-08 21:53:43,410 | INFO | fetch_order_book: symbol=CHIP/USDC limit=20
2026-05-08 21:53:43,675 | INFO | fetch_order_book: mid=0.07434 spread=2.69bps bids=20 asks=20
2026-05-08 21:53:44,602 | INFO | SPREAD | pair=CHIP/USDC | cex=0.07433/0.07435 | dex_sell=0.0743544 dex_buy=0.0743738 | spread_a=0.6bps spread_b=-5.9bps | min=30.0bps
2026-05-08 21:53:45,606 | INFO | fetch_order_book: symbol=CHIP/USDC limit=20
2026-05-08 21:53:45,895 | INFO | fetch_order_book: mid=0.07433 spread=5.38bps bids=20 asks=20
2026-05-08 21:53:46,825 | INFO | SPREAD | pair=CHIP/USDC | cex=0.07431/0.07435 | dex_sell=0.07433 dex_buy=0.0743493 | spread_a=-2.7bps spread_b=-5.3bps | min=30.0bps
2026-05-08 21:53:47,829 | INFO | fetch_order_book: symbol=CHIP/USDC limit=20
2026-05-08 21:53:48,092 | INFO | fetch_order_book: mid=0.07435 spread=2.69bps bids=20 asks=20
2026-05-08 21:53:49,003 | INFO | SPREAD | pair=CHIP/USDC | cex=0.07434/0.07436 | dex_sell=0.07433 dex_buy=0.0743818 | spread_a=-4.0bps spread_b=-5.6bps | min=30.0bps
2026-05-08 21:53:50,007 | INFO | fetch_order_book: symbol=CHIP/USDC limit=20
2026-05-08 21:53:50,261 | INFO | fetch_order_book: mid=0.07438 spread=5.38bps bids=20 asks=20
2026-05-08 21:53:51,153 | INFO | SPREAD | pair=CHIP/USDC | cex=0.07436/0.0744 | dex_sell=0.0743844 dex_buy=0.0744037 | spread_a=-2.1bps spread_b=-5.9bps | min=30.0bps
2026-05-08 21:53:52,156 | INFO | fetch_order_book: symbol=CHIP/USDC limit=20
2026-05-08 21:53:52,417 | INFO | fetch_order_book: mid=0.07438 spread=5.38bps bids=20 asks=20
2026-05-08 21:53:53,319 | INFO | SPREAD | pair=CHIP/USDC | cex=0.07436/0.0744 | dex_sell=0.0743844 dex_buy=0.0744037 | spread_a=-2.1bps spread_b=-5.9bps | min=30.0bps
2026-05-08 21:53:54,323 | INFO | fetch_order_book: symbol=CHIP/USDC limit=20
2026-05-08 21:53:54,611 | INFO | fetch_order_book: mid=0.07438 spread=5.38bps bids=20 asks=20
2026-05-08 21:53:55,566 | INFO | SPREAD | pair=CHIP/USDC | cex=0.07436/0.0744 | dex_sell=0.0743844 dex_buy=0.0744037 | spread_a=-2.1bps spread_b=-5.9bps | min=30.0bps
2026-05-08 21:53:56,570 | INFO | fetch_order_book: symbol=CHIP/USDC limit=20
2026-05-08 21:53:56,832 | INFO | fetch_order_book: mid=0.07438 spread=5.38bps bids=20 asks=20
2026-05-08 21:53:57,728 | INFO | SPREAD | pair=CHIP/USDC | cex=0.07436/0.0744 | dex_sell=0.0743844 dex_buy=0.0744037 | spread_a=-2.1bps spread_b=-5.9bps | min=30.0bps
2026-05-08 21:53:58,730 | INFO | fetch_order_book: symbol=CHIP/USDC limit=20
2026-05-08 21:53:58,988 | INFO | fetch_order_book: mid=0.074375 spread=4.03bps bids=20 asks=20
2026-05-08 21:53:59,873 | INFO | SPREAD | pair=CHIP/USDC | cex=0.07436/0.07439 | dex_sell=0.0743844 dex_buy=0.0744037 | spread_a=-0.8bps spread_b=-5.9bps | min=30.0bps
2026-05-08 21:54:00,876 | INFO | fetch_order_book: symbol=CHIP/USDC limit=20
2026-05-08 21:54:01,135 | INFO | fetch_order_book: mid=0.07438 spread=5.38bps bids=20 asks=20
2026-05-08 21:54:02,028 | INFO | SPREAD | pair=CHIP/USDC | cex=0.07436/0.0744 | dex_sell=0.0743844 dex_buy=0.0744037 | spread_a=-2.1bps spread_b=-5.9bps | min=30.0bps
2026-05-08 21:54:03,031 | INFO | fetch_order_book: symbol=CHIP/USDC limit=20
2026-05-08 21:54:03,295 | INFO | fetch_order_book: mid=0.07437 spread=5.38bps bids=20 asks=20
2026-05-08 21:54:04,190 | INFO | SPREAD | pair=CHIP/USDC | cex=0.07435/0.07439 | dex_sell=0.0743844 dex_buy=0.0744037 | spread_a=-0.8bps spread_b=-7.2bps | min=30.0bps
2026-05-08 21:54:05,193 | INFO | fetch_order_book: symbol=CHIP/USDC limit=20
2026-05-08 21:54:05,461 | INFO | fetch_order_book: mid=0.074385 spread=4.03bps bids=20 asks=20
2026-05-08 21:54:06,358 | INFO | SPREAD | pair=CHIP/USDC | cex=0.07437/0.0744 | dex_sell=0.0743844 dex_buy=0.0744037 | spread_a=-2.1bps spread_b=-4.5bps | min=30.0bps
2026-05-08 21:54:07,361 | INFO | fetch_order_book: symbol=CHIP/USDC limit=20
2026-05-08 21:54:07,618 | INFO | fetch_order_book: mid=0.07439 spread=5.38bps bids=20 asks=20
2026-05-08 21:54:08,509 | INFO | SPREAD | pair=CHIP/USDC | cex=0.07437/0.07441 | dex_sell=0.0743844 dex_buy=0.0744037 | spread_a=-3.4bps spread_b=-4.5bps | min=30.0bps
2026-05-08 21:54:09,512 | INFO | fetch_order_book: symbol=CHIP/USDC limit=20
2026-05-08 21:54:09,800 | INFO | fetch_order_book: mid=0.074385 spread=4.03bps bids=20 asks=20
2026-05-08 21:54:10,723 | INFO | SPREAD | pair=CHIP/USDC | cex=0.07437/0.0744 | dex_sell=0.0743844 dex_buy=0.0744037 | spread_a=-2.1bps spread_b=-4.5bps | min=30.0bps
2026-05-08 21:54:11,727 | INFO | fetch_order_book: symbol=CHIP/USDC limit=20
2026-05-08 21:54:11,982 | INFO | fetch_order_book: mid=0.074385 spread=4.03bps bids=20 asks=20
2026-05-08 21:54:12,887 | INFO | SPREAD | pair=CHIP/USDC | cex=0.07437/0.0744 | dex_sell=0.0743844 dex_buy=0.0744037 | spread_a=-2.1bps spread_b=-4.5bps | min=30.0bps
2026-05-08 21:54:13,890 | INFO | fetch_order_book: symbol=CHIP/USDC limit=20
2026-05-08 21:54:14,199 | INFO | fetch_order_book: mid=0.07442 spread=5.37bps bids=20 asks=20
2026-05-08 21:54:15,129 | INFO | SPREAD | pair=CHIP/USDC | cex=0.0744/0.07444 | dex_sell=0.0743844 dex_buy=0.0744338 | spread_a=-7.5bps spread_b=-4.5bps | min=30.0bps
2026-05-08 21:54:16,133 | INFO | fetch_order_book: symbol=CHIP/USDC limit=20
2026-05-08 21:54:16,398 | INFO | fetch_order_book: mid=0.074365 spread=6.72bps bids=20 asks=20
2026-05-08 21:54:17,296 | INFO | SPREAD | pair=CHIP/USDC | cex=0.07434/0.07439 | dex_sell=0.0744445 dex_buy=0.0744836 | spread_a=7.3bps spread_b=-19.3bps | min=30.0bps
2026-05-08 21:54:18,299 | INFO | fetch_order_book: symbol=CHIP/USDC limit=20
2026-05-08 21:54:18,561 | INFO | fetch_order_book: mid=0.07431 spread=2.69bps bids=20 asks=20
2026-05-08 21:54:19,457 | INFO | SPREAD | pair=CHIP/USDC | cex=0.0743/0.07432 | dex_sell=0.0743203 dex_buy=0.0743396 | spread_a=0.0bps spread_b=-5.3bps | min=30.0bps
2026-05-08 21:54:20,462 | INFO | fetch_order_book: symbol=CHIP/USDC limit=20
2026-05-08 21:54:20,726 | INFO | fetch_order_book: mid=0.07439 spread=5.38bps bids=20 asks=20
2026-05-08 21:54:21,633 | INFO | SPREAD | pair=CHIP/USDC | cex=0.07437/0.07441 | dex_sell=0.0743843 dex_buy=0.0744036 | spread_a=-3.5bps spread_b=-4.5bps | min=30.0bps
2026-05-08 21:54:22,637 | INFO | fetch_order_book: symbol=CHIP/USDC limit=20
2026-05-08 21:54:22,907 | INFO | fetch_order_book: mid=0.07436 spread=8.07bps bids=20 asks=20
2026-05-08 21:54:23,809 | INFO | SPREAD | pair=CHIP/USDC | cex=0.07433/0.07439 | dex_sell=0.0743843 dex_buy=0.0744036 | spread_a=-0.8bps spread_b=-9.9bps | min=30.0bps
2026-05-08 21:54:24,812 | INFO | fetch_order_book: symbol=CHIP/USDC limit=20
2026-05-08 21:54:25,069 | INFO | fetch_order_book: mid=0.07441 spread=8.06bps bids=20 asks=20
2026-05-08 21:54:25,954 | INFO | SPREAD | pair=CHIP/USDC | cex=0.07438/0.07444 | dex_sell=0.0743926 dex_buy=0.0744435 | spread_a=-6.4bps spread_b=-8.5bps | min=30.0bps
2026-05-08 21:54:26,956 | INFO | fetch_order_book: symbol=CHIP/USDC limit=20
2026-05-08 21:54:27,241 | INFO | fetch_order_book: mid=0.074425 spread=6.72bps bids=20 asks=20
2026-05-08 21:54:28,099 | INFO | SPREAD | pair=CHIP/USDC | cex=0.0744/0.07445 | dex_sell=0.0744242 dex_buy=0.0744435 | spread_a=-3.5bps spread_b=-5.8bps | min=30.0bps
2026-05-08 21:54:29,103 | INFO | fetch_order_book: symbol=CHIP/USDC limit=20
2026-05-08 21:54:29,513 | INFO | fetch_order_book: mid=0.074455 spread=6.72bps bids=20 asks=20
2026-05-08 21:54:30,428 | INFO | SPREAD | pair=CHIP/USDC | cex=0.07443/0.07448 | dex_sell=0.0744242 dex_buy=0.0744435 | spread_a=-7.5bps spread_b=-1.8bps | min=30.0bps
2026-05-08 21:54:31,431 | INFO | fetch_order_book: symbol=CHIP/USDC limit=20
2026-05-08 21:54:31,699 | INFO | fetch_order_book: mid=0.074485 spread=4.03bps bids=20 asks=20
2026-05-08 21:54:32,610 | INFO | SPREAD | pair=CHIP/USDC | cex=0.07447/0.0745 | dex_sell=0.0744743 dex_buy=0.0744936 | spread_a=-3.5bps spread_b=-3.2bps | min=30.0bps
2026-05-08 21:54:33,613 | INFO | fetch_order_book: symbol=CHIP/USDC limit=20
2026-05-08 21:54:33,882 | INFO | fetch_order_book: mid=0.074485 spread=4.03bps bids=20 asks=20
2026-05-08 21:54:34,771 | INFO | SPREAD | pair=CHIP/USDC | cex=0.07447/0.0745 | dex_sell=0.0744943 dex_buy=0.0745136 | spread_a=-0.8bps spread_b=-5.9bps | min=30.0bps
2026-05-08 21:54:35,774 | INFO | fetch_order_book: symbol=CHIP/USDC limit=20
2026-05-08 21:54:36,031 | INFO | fetch_order_book: mid=0.074455 spread=6.72bps bids=20 asks=20
2026-05-08 21:54:36,937 | INFO | SPREAD | pair=CHIP/USDC | cex=0.07443/0.07448 | dex_sell=0.07447 dex_buy=0.0744893 | spread_a=-1.3bps spread_b=-8.0bps | min=30.0bps
2026-05-08 21:54:37,941 | INFO | fetch_order_book: symbol=CHIP/USDC limit=20
2026-05-08 21:54:38,202 | INFO | fetch_order_book: mid=0.074445 spread=6.72bps bids=20 asks=20
2026-05-08 21:54:39,116 | INFO | SPREAD | pair=CHIP/USDC | cex=0.07442/0.07447 | dex_sell=0.07447 dex_buy=0.0744893 | spread_a=-0.0bps spread_b=-9.3bps | min=30.0bps
2026-05-08 21:54:40,119 | INFO | fetch_order_book: symbol=CHIP/USDC limit=20
2026-05-08 21:54:40,376 | INFO | fetch_order_book: mid=0.074465 spread=6.71bps bids=20 asks=20
2026-05-08 21:54:41,284 | INFO | SPREAD | pair=CHIP/USDC | cex=0.07444/0.07449 | dex_sell=0.07447 dex_buy=0.0744893 | spread_a=-2.7bps spread_b=-6.6bps | min=30.0bps
2026-05-08 21:54:42,288 | INFO | fetch_order_book: symbol=CHIP/USDC limit=20
2026-05-08 21:54:42,715 | INFO | fetch_order_book: mid=0.074465 spread=6.71bps bids=20 asks=20
2026-05-08 21:54:43,610 | INFO | SPREAD | pair=CHIP/USDC | cex=0.07444/0.07449 | dex_sell=0.07447 dex_buy=0.0744893 | spread_a=-2.7bps spread_b=-6.6bps | min=30.0bps
2026-05-08 21:54:44,614 | INFO | fetch_order_book: symbol=CHIP/USDC limit=20
2026-05-08 21:54:44,972 | INFO | fetch_order_book: mid=0.074495 spread=1.34bps bids=20 asks=20
2026-05-08 21:54:45,857 | INFO | SPREAD | pair=CHIP/USDC | cex=0.07449/0.0745 | dex_sell=0.07447 dex_buy=0.0745137 | spread_a=-4.0bps spread_b=-3.2bps | min=30.0bps
2026-05-08 21:54:46,860 | INFO | fetch_order_book: symbol=CHIP/USDC limit=20
2026-05-08 21:54:47,191 | INFO | fetch_order_book: mid=0.074505 spread=4.03bps bids=20 asks=20
2026-05-08 21:54:48,108 | INFO | SPREAD | pair=CHIP/USDC | cex=0.07449/0.07452 | dex_sell=0.0744944 dex_buy=0.0745137 | spread_a=-3.4bps spread_b=-3.2bps | min=30.0bps
2026-05-08 21:54:49,112 | INFO | fetch_order_book: symbol=CHIP/USDC limit=20
2026-05-08 21:54:49,375 | INFO | fetch_order_book: mid=0.07451 spread=2.68bps bids=20 asks=20
2026-05-08 21:54:50,298 | INFO | SPREAD | pair=CHIP/USDC | cex=0.0745/0.07452 | dex_sell=0.0744944 dex_buy=0.0745137 | spread_a=-3.4bps spread_b=-1.8bps | min=30.0bps
2026-05-08 21:54:51,303 | INFO | fetch_order_book: symbol=CHIP/USDC limit=20
2026-05-08 21:54:51,696 | INFO | fetch_order_book: mid=0.074515 spread=1.34bps bids=20 asks=20
2026-05-08 21:54:52,670 | INFO | SPREAD | pair=CHIP/USDC | cex=0.07451/0.07452 | dex_sell=0.0745245 dex_buy=0.0745438 | spread_a=0.6bps spread_b=-4.5bps | min=30.0bps
2026-05-08 21:54:53,673 | INFO | fetch_order_book: symbol=CHIP/USDC limit=20
2026-05-08 21:54:53,933 | INFO | fetch_order_book: mid=0.07451 spread=5.37bps bids=20 asks=20
2026-05-08 21:54:54,819 | INFO | SPREAD | pair=CHIP/USDC | cex=0.07449/0.07453 | dex_sell=0.0745245 dex_buy=0.0745438 | spread_a=-0.7bps spread_b=-7.2bps | min=30.0bps
2026-05-08 21:54:55,822 | INFO | fetch_order_book: symbol=CHIP/USDC limit=20
2026-05-08 21:54:56,081 | INFO | fetch_order_book: mid=0.074485 spread=6.71bps bids=20 asks=20
2026-05-08 21:54:56,986 | INFO | SPREAD | pair=CHIP/USDC | cex=0.07446/0.07451 | dex_sell=0.0745245 dex_buy=0.0745438 | spread_a=1.9bps spread_b=-11.2bps | min=30.0bps
2026-05-08 21:54:57,989 | INFO | fetch_order_book: symbol=CHIP/USDC limit=20
2026-05-08 21:54:58,319 | INFO | fetch_order_book: mid=0.074495 spread=4.03bps bids=20 asks=20
2026-05-08 21:54:59,231 | INFO | SPREAD | pair=CHIP/USDC | cex=0.07448/0.07451 | dex_sell=0.0744954 dex_buy=0.0745148 | spread_a=-2.0bps spread_b=-4.7bps | min=30.0bps
2026-05-08 21:55:00,235 | INFO | fetch_order_book: symbol=CHIP/USDC limit=20
2026-05-08 21:55:00,500 | INFO | fetch_order_book: mid=0.074505 spread=6.71bps bids=20 asks=20
2026-05-08 21:55:01,404 | INFO | SPREAD | pair=CHIP/USDC | cex=0.07448/0.07453 | dex_sell=0.0744954 dex_buy=0.0745148 | spread_a=-4.6bps spread_b=-4.7bps | min=30.0bps
2026-05-08 21:55:02,407 | INFO | fetch_order_book: symbol=CHIP/USDC limit=20
2026-05-08 21:55:02,756 | INFO | fetch_order_book: mid=0.07454 spread=2.68bps bids=20 asks=20
2026-05-08 21:55:03,644 | INFO | SPREAD | pair=CHIP/USDC | cex=0.07453/0.07455 | dex_sell=0.0745344 dex_buy=0.0745537 | spread_a=-2.1bps spread_b=-3.2bps | min=30.0bps
2026-05-08 21:55:04,648 | INFO | fetch_order_book: symbol=CHIP/USDC limit=20
2026-05-08 21:55:04,907 | INFO | fetch_order_book: mid=0.07454 spread=2.68bps bids=20 asks=20
2026-05-08 21:55:05,791 | INFO | SPREAD | pair=CHIP/USDC | cex=0.07453/0.07455 | dex_sell=0.0745344 dex_buy=0.0745537 | spread_a=-2.1bps spread_b=-3.2bps | min=30.0bps
2026-05-08 21:55:06,794 | INFO | fetch_order_book: symbol=CHIP/USDC limit=20
2026-05-08 21:55:07,051 | INFO | fetch_order_book: mid=0.07454 spread=2.68bps bids=20 asks=20
2026-05-08 21:55:07,960 | INFO | SPREAD | pair=CHIP/USDC | cex=0.07453/0.07455 | dex_sell=0.0745344 dex_buy=0.0745537 | spread_a=-2.1bps spread_b=-3.2bps | min=30.0bps
2026-05-08 21:55:08,963 | INFO | fetch_order_book: symbol=CHIP/USDC limit=20
2026-05-08 21:55:09,229 | INFO | fetch_order_book: mid=0.07454 spread=2.68bps bids=20 asks=20
2026-05-08 21:55:10,103 | INFO | SPREAD | pair=CHIP/USDC | cex=0.07453/0.07455 | dex_sell=0.0745344 dex_buy=0.0745537 | spread_a=-2.1bps spread_b=-3.2bps | min=30.0bps
2026-05-08 21:55:11,106 | INFO | fetch_order_book: symbol=CHIP/USDC limit=20
2026-05-08 21:55:11,367 | INFO | fetch_order_book: mid=0.07454 spread=2.68bps bids=20 asks=20
2026-05-08 21:55:12,297 | INFO | SPREAD | pair=CHIP/USDC | cex=0.07453/0.07455 | dex_sell=0.0745344 dex_buy=0.0745537 | spread_a=-2.1bps spread_b=-3.2bps | min=30.0bps
2026-05-08 21:55:13,301 | INFO | fetch_order_book: symbol=CHIP/USDC limit=20
2026-05-08 21:55:13,577 | INFO | fetch_order_book: mid=0.074625 spread=6.70bps bids=20 asks=20
2026-05-08 21:55:14,475 | INFO | SPREAD | pair=CHIP/USDC | cex=0.0746/0.07465 | dex_sell=0.0746158 dex_buy=0.0746274 | spread_a=-4.6bps spread_b=-3.7bps | min=30.0bps
2026-05-08 21:55:15,478 | INFO | fetch_order_book: symbol=CHIP/USDC limit=20
2026-05-08 21:55:15,737 | INFO | fetch_order_book: mid=0.07463 spread=5.36bps bids=20 asks=20
2026-05-08 21:55:16,803 | INFO | SPREAD | pair=CHIP/USDC | cex=0.07461/0.07465 | dex_sell=0.0746228 dex_buy=0.0746391 | spread_a=-3.6bps spread_b=-3.9bps | min=30.0bps
2026-05-08 21:55:17,806 | INFO | fetch_order_book: symbol=CHIP/USDC limit=20
2026-05-08 21:55:18,120 | INFO | fetch_order_book: mid=0.07464 spread=5.36bps bids=20 asks=20
2026-05-08 21:55:18,993 | INFO | SPREAD | pair=CHIP/USDC | cex=0.07462/0.07466 | dex_sell=0.0746228 dex_buy=0.0746391 | spread_a=-5.0bps spread_b=-2.6bps | min=30.0bps
2026-05-08 21:55:19,996 | INFO | fetch_order_book: symbol=CHIP/USDC limit=20
2026-05-08 21:55:20,261 | INFO | fetch_order_book: mid=0.07460 spread=5.36bps bids=20 asks=20
2026-05-08 21:55:21,129 | INFO | SPREAD | pair=CHIP/USDC | cex=0.07458/0.07462 | dex_sell=0.0746228 dex_buy=0.0746391 | spread_a=0.4bps spread_b=-7.9bps | min=30.0bps
2026-05-08 21:55:22,132 | INFO | fetch_order_book: symbol=CHIP/USDC limit=20
2026-05-08 21:55:22,392 | INFO | fetch_order_book: mid=0.074625 spread=6.70bps bids=20 asks=20
2026-05-08 21:55:23,294 | INFO | SPREAD | pair=CHIP/USDC | cex=0.0746/0.07465 | dex_sell=0.0746228 dex_buy=0.0746391 | spread_a=-3.6bps spread_b=-5.2bps | min=30.0bps
2026-05-08 21:55:24,298 | INFO | fetch_order_book: symbol=CHIP/USDC limit=20
2026-05-08 21:55:24,564 | INFO | fetch_order_book: mid=0.074625 spread=6.70bps bids=20 asks=20
2026-05-08 21:55:25,459 | INFO | SPREAD | pair=CHIP/USDC | cex=0.0746/0.07465 | dex_sell=0.0746228 dex_buy=0.0746391 | spread_a=-3.6bps spread_b=-5.2bps | min=30.0bps
2026-05-08 21:55:26,462 | INFO | fetch_order_book: symbol=CHIP/USDC limit=20
2026-05-08 21:55:26,719 | INFO | fetch_order_book: mid=0.074625 spread=6.70bps bids=20 asks=20
2026-05-08 21:55:27,634 | INFO | SPREAD | pair=CHIP/USDC | cex=0.0746/0.07465 | dex_sell=0.0746228 dex_buy=0.0746391 | spread_a=-3.6bps spread_b=-5.2bps | min=30.0bps
2026-05-08 21:55:28,638 | INFO | fetch_order_book: symbol=CHIP/USDC limit=20
2026-05-08 21:55:28,893 | INFO | fetch_order_book: mid=0.074665 spread=4.02bps bids=20 asks=20
2026-05-08 21:55:29,775 | INFO | SPREAD | pair=CHIP/USDC | cex=0.07465/0.07468 | dex_sell=0.0746228 dex_buy=0.0746391 | spread_a=-7.7bps spread_b=1.5bps | min=30.0bps
2026-05-08 21:55:30,778 | INFO | fetch_order_book: symbol=CHIP/USDC limit=20
2026-05-08 21:55:31,033 | INFO | fetch_order_book: mid=0.074665 spread=4.02bps bids=20 asks=20
2026-05-08 21:55:31,931 | INFO | SPREAD | pair=CHIP/USDC | cex=0.07465/0.07468 | dex_sell=0.0746228 dex_buy=0.0746391 | spread_a=-7.7bps spread_b=1.5bps | min=30.0bps
2026-05-08 21:55:32,934 | INFO | fetch_order_book: symbol=CHIP/USDC limit=20
2026-05-08 21:55:33,191 | INFO | fetch_order_book: mid=0.07467 spread=2.68bps bids=20 asks=20
2026-05-08 21:55:34,085 | INFO | SPREAD | pair=CHIP/USDC | cex=0.07466/0.07468 | dex_sell=0.0746228 dex_buy=0.0746391 | spread_a=-7.7bps spread_b=2.8bps | min=30.0bps
2026-05-08 21:55:35,089 | INFO | fetch_order_book: symbol=CHIP/USDC limit=20
2026-05-08 21:55:35,344 | INFO | fetch_order_book: mid=0.07479 spread=8.02bps bids=20 asks=20
2026-05-08 21:55:36,267 | INFO | SPREAD | pair=CHIP/USDC | cex=0.07476/0.07482 | dex_sell=0.0747304 dex_buy=0.0747468 | spread_a=-12.0bps spread_b=1.8bps | min=30.0bps
2026-05-08 21:55:37,271 | INFO | fetch_order_book: symbol=CHIP/USDC limit=20
2026-05-08 21:55:37,604 | INFO | fetch_order_book: mid=0.07481 spread=2.67bps bids=20 asks=20
2026-05-08 21:55:38,489 | INFO | SPREAD | pair=CHIP/USDC | cex=0.0748/0.07482 | dex_sell=0.0747511 dex_buy=0.0747675 | spread_a=-9.2bps spread_b=4.3bps | min=30.0bps
2026-05-08 21:55:39,491 | INFO | fetch_order_book: symbol=CHIP/USDC limit=20
2026-05-08 21:55:39,750 | INFO | fetch_order_book: mid=0.074785 spread=6.69bps bids=20 asks=20
2026-05-08 21:55:40,624 | INFO | SPREAD | pair=CHIP/USDC | cex=0.07476/0.07481 | dex_sell=0.0747511 dex_buy=0.0747675 | spread_a=-7.9bps spread_b=-1.0bps | min=30.0bps
2026-05-08 21:55:41,628 | INFO | fetch_order_book: symbol=CHIP/USDC limit=20
2026-05-08 21:55:41,885 | INFO | fetch_order_book: mid=0.074775 spread=4.01bps bids=20 asks=20
2026-05-08 21:55:42,797 | INFO | SPREAD | pair=CHIP/USDC | cex=0.07476/0.07479 | dex_sell=0.0747511 dex_buy=0.0747675 | spread_a=-5.2bps spread_b=-1.0bps | min=30.0bps
2026-05-08 21:55:43,801 | INFO | fetch_order_book: symbol=CHIP/USDC limit=20
2026-05-08 21:55:44,085 | INFO | fetch_order_book: mid=0.07476 spread=8.03bps bids=20 asks=20
2026-05-08 21:55:45,061 | INFO | SPREAD | pair=CHIP/USDC | cex=0.07473/0.07479 | dex_sell=0.0747511 dex_buy=0.0747675 | spread_a=-5.2bps spread_b=-5.0bps | min=30.0bps
2026-05-08 21:55:46,064 | INFO | fetch_order_book: symbol=CHIP/USDC limit=20
2026-05-08 21:55:46,319 | INFO | fetch_order_book: mid=0.074805 spread=4.01bps bids=20 asks=20
2026-05-08 21:55:47,243 | INFO | SPREAD | pair=CHIP/USDC | cex=0.07479/0.07482 | dex_sell=0.0747511 dex_buy=0.0747675 | spread_a=-9.2bps spread_b=3.0bps | min=30.0bps
2026-05-08 21:55:48,247 | INFO | fetch_order_book: symbol=CHIP/USDC limit=20
2026-05-08 21:55:48,734 | INFO | fetch_order_book: mid=0.07463 spread=5.36bps bids=20 asks=20
2026-05-08 21:55:49,604 | INFO | SPREAD | pair=CHIP/USDC | cex=0.07461/0.07465 | dex_sell=0.0746508 dex_buy=0.0746671 | spread_a=0.1bps spread_b=-7.6bps | min=30.0bps
2026-05-08 21:55:50,608 | INFO | fetch_order_book: symbol=CHIP/USDC limit=20
2026-05-08 21:55:50,935 | INFO | fetch_order_book: mid=0.074795 spread=6.68bps bids=20 asks=20
2026-05-08 21:55:51,829 | INFO | SPREAD | pair=CHIP/USDC | cex=0.07477/0.07482 | dex_sell=0.0746251 dex_buy=0.0746914 | spread_a=-26.0bps spread_b=10.5bps | min=30.0bps
2026-05-08 21:55:52,833 | INFO | fetch_order_book: symbol=CHIP/USDC limit=20
2026-05-08 21:55:53,093 | INFO | fetch_order_book: mid=0.074785 spread=6.69bps bids=20 asks=20
2026-05-08 21:55:53,993 | INFO | SPREAD | pair=CHIP/USDC | cex=0.07476/0.07481 | dex_sell=0.0747443 dex_buy=0.0747607 | spread_a=-8.8bps spread_b=-0.1bps | min=30.0bps
2026-05-08 21:55:54,996 | INFO | fetch_order_book: symbol=CHIP/USDC limit=20
2026-05-08 21:55:55,263 | INFO | fetch_order_book: mid=0.07480 spread=5.35bps bids=20 asks=20
2026-05-08 21:55:56,140 | INFO | SPREAD | pair=CHIP/USDC | cex=0.07478/0.07482 | dex_sell=0.0747443 dex_buy=0.0747607 | spread_a=-10.1bps spread_b=2.6bps | min=30.0bps
2026-05-08 21:55:57,143 | INFO | fetch_order_book: symbol=CHIP/USDC limit=20
2026-05-08 21:55:57,404 | INFO | fetch_order_book: mid=0.07481 spread=2.67bps bids=20 asks=20
2026-05-08 21:55:58,309 | INFO | SPREAD | pair=CHIP/USDC | cex=0.0748/0.07482 | dex_sell=0.0747443 dex_buy=0.0747607 | spread_a=-10.1bps spread_b=5.3bps | min=30.0bps
2026-05-08 21:55:59,313 | INFO | fetch_order_book: symbol=CHIP/USDC limit=20
2026-05-08 21:55:59,575 | INFO | fetch_order_book: mid=0.074805 spread=4.01bps bids=20 asks=20
2026-05-08 21:56:00,519 | INFO | SPREAD | pair=CHIP/USDC | cex=0.07479/0.07482 | dex_sell=0.0747443 dex_buy=0.0747607 | spread_a=-10.1bps spread_b=3.9bps | min=30.0bps
2026-05-08 21:56:01,522 | INFO | fetch_order_book: symbol=CHIP/USDC limit=20
2026-05-08 21:56:01,805 | INFO | fetch_order_book: mid=0.074855 spread=6.68bps bids=20 asks=20
2026-05-08 21:56:02,749 | INFO | SPREAD | pair=CHIP/USDC | cex=0.07483/0.07488 | dex_sell=0.0748022 dex_buy=0.0748185 | spread_a=-10.4bps spread_b=1.5bps | min=30.0bps
2026-05-08 21:56:03,752 | INFO | fetch_order_book: symbol=CHIP/USDC limit=20
2026-05-08 21:56:04,018 | INFO | fetch_order_book: mid=0.074815 spread=6.68bps bids=20 asks=20
2026-05-08 21:56:04,974 | INFO | SPREAD | pair=CHIP/USDC | cex=0.07479/0.07484 | dex_sell=0.0748022 dex_buy=0.0748185 | spread_a=-5.1bps spread_b=-3.8bps | min=30.0bps
2026-05-08 21:56:05,978 | INFO | fetch_order_book: symbol=CHIP/USDC limit=20
2026-05-08 21:56:06,245 | INFO | fetch_order_book: mid=0.07479 spread=5.35bps bids=20 asks=20
2026-05-08 21:56:07,136 | INFO | SPREAD | pair=CHIP/USDC | cex=0.07477/0.07481 | dex_sell=0.0747491 dex_buy=0.0747655 | spread_a=-8.1bps spread_b=0.6bps | min=30.0bps
2026-05-08 21:56:08,140 | INFO | fetch_order_book: symbol=CHIP/USDC limit=20
2026-05-08 21:56:08,406 | INFO | fetch_order_book: mid=0.074835 spread=6.68bps bids=20 asks=20
2026-05-08 21:56:09,342 | INFO | SPREAD | pair=CHIP/USDC | cex=0.07481/0.07486 | dex_sell=0.0747491 dex_buy=0.0748199 | spread_a=-14.8bps spread_b=-1.3bps | min=30.0bps
2026-05-08 21:56:10,346 | INFO | fetch_order_book: symbol=CHIP/USDC limit=20
2026-05-08 21:56:10,610 | INFO | fetch_order_book: mid=0.074815 spread=4.01bps bids=20 asks=20
2026-05-08 21:56:11,501 | INFO | SPREAD | pair=CHIP/USDC | cex=0.0748/0.07483 | dex_sell=0.0748036 dex_buy=0.0748199 | spread_a=-3.5bps spread_b=-2.7bps | min=30.0bps
2026-05-08 21:56:12,505 | INFO | fetch_order_book: symbol=CHIP/USDC limit=20
2026-05-08 21:56:12,765 | INFO | fetch_order_book: mid=0.074805 spread=6.68bps bids=20 asks=20
2026-05-08 21:56:13,670 | INFO | SPREAD | pair=CHIP/USDC | cex=0.07478/0.07483 | dex_sell=0.0748036 dex_buy=0.0748199 | spread_a=-3.5bps spread_b=-5.3bps | min=30.0bps
2026-05-08 21:56:14,672 | INFO | fetch_order_book: symbol=CHIP/USDC limit=20
2026-05-08 21:56:14,929 | INFO | fetch_order_book: mid=0.07484 spread=5.34bps bids=20 asks=20
2026-05-08 21:56:15,868 | INFO | SPREAD | pair=CHIP/USDC | cex=0.07482/0.07486 | dex_sell=0.0748036 dex_buy=0.0748199 | spread_a=-7.5bps spread_b=0.0bps | min=30.0bps
2026-05-08 21:56:16,872 | INFO | fetch_order_book: symbol=CHIP/USDC limit=20
2026-05-08 21:56:17,131 | INFO | fetch_order_book: mid=0.075035 spread=6.66bps bids=20 asks=20
2026-05-08 21:56:18,026 | INFO | SPREAD | pair=CHIP/USDC | cex=0.07501/0.07506 | dex_sell=0.0748988 dex_buy=0.0750161 | spread_a=-21.5bps spread_b=-0.8bps | min=30.0bps
2026-05-08 21:56:19,029 | INFO | fetch_order_book: symbol=CHIP/USDC limit=20
2026-05-08 21:56:19,307 | INFO | fetch_order_book: mid=0.075195 spread=9.31bps bids=20 asks=20
2026-05-08 21:56:20,202 | INFO | SPREAD | pair=CHIP/USDC | cex=0.07516/0.07523 | dex_sell=0.0751021 dex_buy=0.0751185 | spread_a=-17.0bps spread_b=5.5bps | min=30.0bps
2026-05-08 21:56:21,206 | INFO | fetch_order_book: symbol=CHIP/USDC limit=20
2026-05-08 21:56:21,465 | INFO | fetch_order_book: mid=0.07516 spread=7.98bps bids=20 asks=20
2026-05-08 21:56:22,372 | INFO | SPREAD | pair=CHIP/USDC | cex=0.07513/0.07519 | dex_sell=0.075152 dex_buy=0.0751685 | spread_a=-5.0bps spread_b=-5.1bps | min=30.0bps
2026-05-08 21:56:23,376 | INFO | fetch_order_book: symbol=CHIP/USDC limit=20
2026-05-08 21:56:23,641 | INFO | fetch_order_book: mid=0.074985 spread=4.00bps bids=20 asks=20
2026-05-08 21:56:24,515 | INFO | SPREAD | pair=CHIP/USDC | cex=0.07497/0.075 | dex_sell=0.0750373 dex_buy=0.0750537 | spread_a=5.0bps spread_b=-11.2bps | min=30.0bps
2026-05-08 21:56:25,518 | INFO | fetch_order_book: symbol=CHIP/USDC limit=20
2026-05-08 21:56:25,802 | INFO | fetch_order_book: mid=0.074955 spread=6.67bps bids=20 asks=20
2026-05-08 21:56:26,707 | INFO | SPREAD | pair=CHIP/USDC | cex=0.07493/0.07498 | dex_sell=0.0749849 dex_buy=0.0749491 | spread_a=0.7bps spread_b=-2.6bps | min=30.0bps
2026-05-08 21:56:27,710 | INFO | fetch_order_book: symbol=CHIP/USDC limit=20
2026-05-08 21:56:27,969 | INFO | fetch_order_book: mid=0.07496 spread=5.34bps bids=20 asks=20
2026-05-08 21:56:28,857 | INFO | SPREAD | pair=CHIP/USDC | cex=0.07494/0.07498 | dex_sell=0.0749367 dex_buy=0.0749531 | spread_a=-5.8bps spread_b=-1.8bps | min=30.0bps
2026-05-08 21:56:29,861 | INFO | fetch_order_book: symbol=CHIP/USDC limit=20
2026-05-08 21:56:30,117 | INFO | fetch_order_book: mid=0.074965 spread=6.67bps bids=20 asks=20
2026-05-08 21:56:31,021 | INFO | SPREAD | pair=CHIP/USDC | cex=0.07494/0.07499 | dex_sell=0.0749367 dex_buy=0.0749531 | spread_a=-7.1bps spread_b=-1.8bps | min=30.0bps
2026-05-08 21:56:32,024 | INFO | fetch_order_book: symbol=CHIP/USDC limit=20
2026-05-08 21:56:32,287 | INFO | fetch_order_book: mid=0.074975 spread=6.67bps bids=20 asks=20
2026-05-08 21:56:33,175 | INFO | SPREAD | pair=CHIP/USDC | cex=0.07495/0.075 | dex_sell=0.0749367 dex_buy=0.0749531 | spread_a=-8.4bps spread_b=-0.4bps | min=30.0bps
2026-05-08 21:56:34,178 | INFO | fetch_order_book: symbol=CHIP/USDC limit=20
2026-05-08 21:56:34,446 | INFO | fetch_order_book: mid=0.075005 spread=6.67bps bids=20 asks=20
2026-05-08 21:56:35,316 | INFO | SPREAD | pair=CHIP/USDC | cex=0.07498/0.07503 | dex_sell=0.0749632 dex_buy=0.0749796 | spread_a=-8.9bps spread_b=0.0bps | min=30.0bps
2026-05-08 21:56:36,321 | INFO | fetch_order_book: symbol=CHIP/USDC limit=20
2026-05-08 21:56:36,579 | INFO | fetch_order_book: mid=0.075005 spread=1.33bps bids=20 asks=20
2026-05-08 21:56:37,488 | INFO | SPREAD | pair=CHIP/USDC | cex=0.075/0.07501 | dex_sell=0.0749632 dex_buy=0.0749796 | spread_a=-6.2bps spread_b=2.7bps | min=30.0bps
2026-05-08 21:56:38,490 | INFO | fetch_order_book: symbol=CHIP/USDC limit=20
2026-05-08 21:56:38,774 | INFO | fetch_order_book: mid=0.074995 spread=6.67bps bids=20 asks=20
2026-05-08 21:56:39,674 | INFO | SPREAD | pair=CHIP/USDC | cex=0.07497/0.07502 | dex_sell=0.0749632 dex_buy=0.0749796 | spread_a=-7.6bps spread_b=-1.3bps | min=30.0bps
2026-05-08 21:56:40,678 | INFO | fetch_order_book: symbol=CHIP/USDC limit=20
2026-05-08 21:56:40,933 | INFO | fetch_order_book: mid=0.07497 spread=5.34bps bids=20 asks=20
2026-05-08 21:56:41,805 | INFO | SPREAD | pair=CHIP/USDC | cex=0.07495/0.07499 | dex_sell=0.0749632 dex_buy=0.0749796 | spread_a=-3.6bps spread_b=-4.0bps | min=30.0bps
2026-05-08 21:56:42,809 | INFO | fetch_order_book: symbol=CHIP/USDC limit=20
2026-05-08 21:56:43,066 | INFO | fetch_order_book: mid=0.074985 spread=4.00bps bids=20 asks=20
2026-05-08 21:56:43,944 | INFO | SPREAD | pair=CHIP/USDC | cex=0.07497/0.075 | dex_sell=0.0749632 dex_buy=0.0749796 | spread_a=-4.9bps spread_b=-1.3bps | min=30.0bps
2026-05-08 21:56:44,948 | INFO | fetch_order_book: symbol=CHIP/USDC limit=20
2026-05-08 21:56:45,209 | INFO | fetch_order_book: mid=0.07498 spread=5.33bps bids=20 asks=20
2026-05-08 21:56:46,132 | INFO | SPREAD | pair=CHIP/USDC | cex=0.07496/0.075 | dex_sell=0.0749632 dex_buy=0.0749796 | spread_a=-4.9bps spread_b=-2.6bps | min=30.0bps
2026-05-08 21:56:47,135 | INFO | fetch_order_book: symbol=CHIP/USDC limit=20
2026-05-08 21:56:47,438 | INFO | fetch_order_book: mid=0.07511 spread=2.66bps bids=20 asks=20
2026-05-08 21:56:48,351 | INFO | SPREAD | pair=CHIP/USDC | cex=0.0751/0.07512 | dex_sell=0.0750127 dex_buy=0.0750291 | spread_a=-14.3bps spread_b=9.4bps | min=30.0bps
2026-05-08 21:56:49,354 | INFO | fetch_order_book: symbol=CHIP/USDC limit=20
2026-05-08 21:56:49,619 | INFO | fetch_order_book: mid=0.075095 spread=6.66bps bids=20 asks=20
2026-05-08 21:56:50,555 | INFO | SPREAD | pair=CHIP/USDC | cex=0.07507/0.07512 | dex_sell=0.0750127 dex_buy=0.0750291 | spread_a=-14.3bps spread_b=5.4bps | min=30.0bps
2026-05-08 21:56:51,559 | INFO | fetch_order_book: symbol=CHIP/USDC limit=20
2026-05-08 21:56:51,826 | INFO | fetch_order_book: mid=0.07503 spread=8.00bps bids=20 asks=20
2026-05-08 21:56:52,700 | INFO | SPREAD | pair=CHIP/USDC | cex=0.075/0.07506 | dex_sell=0.0750127 dex_buy=0.0750291 | spread_a=-6.3bps spread_b=-3.9bps | min=30.0bps
2026-05-08 21:56:53,704 | INFO | fetch_order_book: symbol=CHIP/USDC limit=20
2026-05-08 21:56:54,052 | INFO | fetch_order_book: mid=0.07498 spread=8.00bps bids=20 asks=20
2026-05-08 21:56:54,995 | INFO | SPREAD | pair=CHIP/USDC | cex=0.07495/0.07501 | dex_sell=0.0749211 dex_buy=0.0749375 | spread_a=-11.8bps spread_b=1.7bps | min=30.0bps
2026-05-08 21:56:55,999 | INFO | fetch_order_book: symbol=CHIP/USDC limit=20
2026-05-08 21:56:56,256 | INFO | fetch_order_book: mid=0.075005 spread=6.67bps bids=20 asks=20
2026-05-08 21:56:57,173 | INFO | SPREAD | pair=CHIP/USDC | cex=0.07498/0.07503 | dex_sell=0.0749211 dex_buy=0.0749375 | spread_a=-14.5bps spread_b=5.7bps | min=30.0bps
2026-05-08 21:56:58,176 | INFO | fetch_order_book: symbol=CHIP/USDC limit=20
2026-05-08 21:56:58,437 | INFO | fetch_order_book: mid=0.07500 spread=8.00bps bids=20 asks=20
2026-05-08 21:56:59,349 | INFO | SPREAD | pair=CHIP/USDC | cex=0.07497/0.07503 | dex_sell=0.0749211 dex_buy=0.0749375 | spread_a=-14.5bps spread_b=4.3bps | min=30.0bps
2026-05-08 21:57:00,352 | INFO | fetch_order_book: symbol=CHIP/USDC limit=20
2026-05-08 21:57:00,608 | INFO | fetch_order_book: mid=0.074965 spread=6.67bps bids=20 asks=20
2026-05-08 21:57:01,556 | INFO | SPREAD | pair=CHIP/USDC | cex=0.07494/0.07499 | dex_sell=0.0749211 dex_buy=0.0749375 | spread_a=-9.2bps spread_b=0.3bps | min=30.0bps
2026-05-08 21:57:02,560 | INFO | fetch_order_book: symbol=CHIP/USDC limit=20
2026-05-08 21:57:02,823 | INFO | fetch_order_book: mid=0.074985 spread=6.67bps bids=20 asks=20
2026-05-08 21:57:03,721 | INFO | SPREAD | pair=CHIP/USDC | cex=0.07496/0.07501 | dex_sell=0.0749211 dex_buy=0.0749375 | spread_a=-11.8bps spread_b=3.0bps | min=30.0bps
2026-05-08 21:57:04,724 | INFO | fetch_order_book: symbol=CHIP/USDC limit=20
2026-05-08 21:57:04,982 | INFO | fetch_order_book: mid=0.074955 spread=6.67bps bids=20 asks=20
2026-05-08 21:57:05,880 | INFO | SPREAD | pair=CHIP/USDC | cex=0.07493/0.07498 | dex_sell=0.0749211 dex_buy=0.0749375 | spread_a=-7.8bps spread_b=-1.0bps | min=30.0bps
2026-05-08 21:57:06,885 | INFO | fetch_order_book: symbol=CHIP/USDC limit=20
2026-05-08 21:57:07,201 | INFO | fetch_order_book: mid=0.074995 spread=6.67bps bids=20 asks=20
2026-05-08 21:57:08,110 | INFO | SPREAD | pair=CHIP/USDC | cex=0.07497/0.07502 | dex_sell=0.0749211 dex_buy=0.0749375 | spread_a=-13.2bps spread_b=4.3bps | min=30.0bps
2026-05-08 21:57:09,113 | INFO | fetch_order_book: symbol=CHIP/USDC limit=20
2026-05-08 21:57:09,368 | INFO | fetch_order_book: mid=0.075005 spread=4.00bps bids=20 asks=20
2026-05-08 21:57:10,253 | INFO | SPREAD | pair=CHIP/USDC | cex=0.07499/0.07502 | dex_sell=0.0749211 dex_buy=0.0749375 | spread_a=-13.2bps spread_b=7.0bps | min=30.0bps
2026-05-08 21:57:11,257 | INFO | fetch_order_book: symbol=CHIP/USDC limit=20
2026-05-08 21:57:11,520 | INFO | fetch_order_book: mid=0.075015 spread=6.67bps bids=20 asks=20
2026-05-08 21:57:12,405 | INFO | SPREAD | pair=CHIP/USDC | cex=0.07499/0.07504 | dex_sell=0.0749211 dex_buy=0.0749375 | spread_a=-15.8bps spread_b=7.0bps | min=30.0bps
2026-05-08 21:57:13,408 | INFO | fetch_order_book: symbol=CHIP/USDC limit=20
2026-05-08 21:57:13,666 | INFO | fetch_order_book: mid=0.07499 spread=5.33bps bids=20 asks=20
2026-05-08 21:57:14,542 | INFO | SPREAD | pair=CHIP/USDC | cex=0.07497/0.07501 | dex_sell=0.0749211 dex_buy=0.0749375 | spread_a=-11.8bps spread_b=4.3bps | min=30.0bps
2026-05-08 21:57:15,545 | INFO | fetch_order_book: symbol=CHIP/USDC limit=20
2026-05-08 21:57:15,813 | INFO | fetch_order_book: mid=0.07502 spread=5.33bps bids=20 asks=20
2026-05-08 21:57:16,737 | INFO | SPREAD | pair=CHIP/USDC | cex=0.075/0.07504 | dex_sell=0.0749211 dex_buy=0.0749375 | spread_a=-15.8bps spread_b=8.3bps | min=30.0bps
2026-05-08 21:57:17,740 | INFO | fetch_order_book: symbol=CHIP/USDC limit=20
2026-05-08 21:57:17,996 | INFO | fetch_order_book: mid=0.07502 spread=5.33bps bids=20 asks=20
2026-05-08 21:57:18,876 | INFO | SPREAD | pair=CHIP/USDC | cex=0.075/0.07504 | dex_sell=0.0749211 dex_buy=0.0749375 | spread_a=-15.8bps spread_b=8.3bps | min=30.0bps
2026-05-08 21:57:19,880 | INFO | fetch_order_book: symbol=CHIP/USDC limit=20
2026-05-08 21:57:20,144 | INFO | fetch_order_book: mid=0.07506 spread=5.33bps bids=20 asks=20
2026-05-08 21:57:21,029 | INFO | SPREAD | pair=CHIP/USDC | cex=0.07504/0.07508 | dex_sell=0.0749655 dex_buy=0.0749819 | spread_a=-15.3bps spread_b=7.8bps | min=30.0bps
2026-05-08 21:57:22,033 | INFO | fetch_order_book: symbol=CHIP/USDC limit=20
2026-05-08 21:57:22,292 | INFO | fetch_order_book: mid=0.074985 spread=6.67bps bids=20 asks=20
2026-05-08 21:57:23,183 | INFO | SPREAD | pair=CHIP/USDC | cex=0.07496/0.07501 | dex_sell=0.074992 dex_buy=0.0750084 | spread_a=-2.4bps spread_b=-6.4bps | min=30.0bps
2026-05-08 21:57:24,186 | INFO | fetch_order_book: symbol=CHIP/USDC limit=20
2026-05-08 21:57:24,447 | INFO | fetch_order_book: mid=0.07498 spread=5.33bps bids=20 asks=20
2026-05-08 21:57:25,362 | INFO | SPREAD | pair=CHIP/USDC | cex=0.07496/0.075 | dex_sell=0.0749807 dex_buy=0.0749971 | spread_a=-2.6bps spread_b=-4.9bps | min=30.0bps
2026-05-08 21:57:26,366 | INFO | fetch_order_book: symbol=CHIP/USDC limit=20
2026-05-08 21:57:26,622 | INFO | fetch_order_book: mid=0.07500 spread=2.67bps bids=20 asks=20
2026-05-08 21:57:27,539 | INFO | SPREAD | pair=CHIP/USDC | cex=0.07499/0.07501 | dex_sell=0.0749923 dex_buy=0.0750087 | spread_a=-2.4bps spread_b=-2.5bps | min=30.0bps
2026-05-08 21:57:28,543 | INFO | fetch_order_book: symbol=CHIP/USDC limit=20
2026-05-08 21:57:28,807 | INFO | fetch_order_book: mid=0.07499 spread=5.33bps bids=20 asks=20
2026-05-08 21:57:29,756 | INFO | SPREAD | pair=CHIP/USDC | cex=0.07497/0.07501 | dex_sell=0.0749923 dex_buy=0.0750087 | spread_a=-2.4bps spread_b=-5.2bps | min=30.0bps
2026-05-08 21:57:30,759 | INFO | fetch_order_book: symbol=CHIP/USDC limit=20
2026-05-08 21:57:31,032 | INFO | fetch_order_book: mid=0.07497 spread=5.34bps bids=20 asks=20
2026-05-08 21:57:31,948 | INFO | SPREAD | pair=CHIP/USDC | cex=0.07495/0.07499 | dex_sell=0.0749923 dex_buy=0.0749663 | spread_a=0.3bps spread_b=-2.2bps | min=30.0bps
2026-05-08 21:57:32,951 | INFO | fetch_order_book: symbol=CHIP/USDC limit=20
2026-05-08 21:57:33,206 | INFO | fetch_order_book: mid=0.07497 spread=5.34bps bids=20 asks=20
2026-05-08 21:57:34,117 | INFO | SPREAD | pair=CHIP/USDC | cex=0.07495/0.07499 | dex_sell=0.0749499 dex_buy=0.0749663 | spread_a=-5.4bps spread_b=-2.2bps | min=30.0bps
2026-05-08 21:57:35,121 | INFO | fetch_order_book: symbol=CHIP/USDC limit=20
2026-05-08 21:57:35,422 | INFO | fetch_order_book: mid=0.074905 spread=6.68bps bids=20 asks=20
2026-05-08 21:57:36,328 | INFO | SPREAD | pair=CHIP/USDC | cex=0.07488/0.07493 | dex_sell=0.0748556 dex_buy=0.0748719 | spread_a=-9.9bps spread_b=1.1bps | min=30.0bps
2026-05-08 21:57:37,332 | INFO | fetch_order_book: symbol=CHIP/USDC limit=20
2026-05-08 21:57:37,595 | INFO | fetch_order_book: mid=0.07469 spread=5.36bps bids=20 asks=20
2026-05-08 21:57:38,530 | INFO | SPREAD | pair=CHIP/USDC | cex=0.07467/0.07471 | dex_sell=0.0747424 dex_buy=0.074716 | spread_a=4.3bps spread_b=-6.2bps | min=30.0bps
2026-05-08 21:57:39,534 | INFO | fetch_order_book: symbol=CHIP/USDC limit=20
2026-05-08 21:57:39,790 | INFO | fetch_order_book: mid=0.074685 spread=6.69bps bids=20 asks=20
2026-05-08 21:57:40,675 | INFO | SPREAD | pair=CHIP/USDC | cex=0.07466/0.07471 | dex_sell=0.0746651 dex_buy=0.0746814 | spread_a=-6.0bps spread_b=-2.9bps | min=30.0bps
2026-05-08 21:57:41,677 | INFO | fetch_order_book: symbol=CHIP/USDC limit=20
2026-05-08 21:57:41,937 | INFO | fetch_order_book: mid=0.074595 spread=6.70bps bids=20 asks=20
2026-05-08 21:57:42,828 | INFO | SPREAD | pair=CHIP/USDC | cex=0.07457/0.07462 | dex_sell=0.0746229 dex_buy=0.0746118 | spread_a=0.4bps spread_b=-5.6bps | min=30.0bps
2026-05-08 21:57:43,831 | INFO | fetch_order_book: symbol=CHIP/USDC limit=20
2026-05-08 21:57:44,089 | INFO | fetch_order_book: mid=0.07447 spread=5.37bps bids=20 asks=20
2026-05-08 21:57:44,999 | INFO | SPREAD | pair=CHIP/USDC | cex=0.07445/0.07449 | dex_sell=0.0745391 dex_buy=0.0744297 | spread_a=6.6bps spread_b=2.7bps | min=30.0bps
2026-05-08 21:57:46,003 | INFO | fetch_order_book: symbol=CHIP/USDC limit=20
2026-05-08 21:57:46,258 | INFO | fetch_order_book: mid=0.074625 spread=6.70bps bids=20 asks=20
2026-05-08 21:57:47,174 | INFO | SPREAD | pair=CHIP/USDC | cex=0.0746/0.07465 | dex_sell=0.074481 dex_buy=0.0745632 | spread_a=-22.6bps spread_b=4.9bps | min=30.0bps
2026-05-08 21:57:48,177 | INFO | fetch_order_book: symbol=CHIP/USDC limit=20
2026-05-08 21:57:48,435 | INFO | fetch_order_book: mid=0.07462 spread=5.36bps bids=20 asks=20
2026-05-08 21:57:49,255 | INFO | SPREAD | pair=CHIP/USDC | cex=0.0746/0.07464 | dex_sell=0.0745951 dex_buy=0.0746204 | spread_a=-6.0bps spread_b=-2.7bps | min=30.0bps
2026-05-08 21:57:50,257 | INFO | fetch_order_book: symbol=CHIP/USDC limit=20
2026-05-08 21:57:50,522 | INFO | fetch_order_book: mid=0.074665 spread=4.02bps bids=20 asks=20
2026-05-08 21:57:51,422 | INFO | SPREAD | pair=CHIP/USDC | cex=0.07465/0.07468 | dex_sell=0.0746041 dex_buy=0.0746204 | spread_a=-10.2bps spread_b=4.0bps | min=30.0bps
2026-05-08 21:57:52,425 | INFO | fetch_order_book: symbol=CHIP/USDC limit=20
2026-05-08 21:57:52,685 | INFO | fetch_order_book: mid=0.074665 spread=4.02bps bids=20 asks=20
2026-05-08 21:57:53,579 | INFO | SPREAD | pair=CHIP/USDC | cex=0.07465/0.07468 | dex_sell=0.0746041 dex_buy=0.0746204 | spread_a=-10.2bps spread_b=4.0bps | min=30.0bps
2026-05-08 21:57:54,582 | INFO | fetch_order_book: symbol=CHIP/USDC limit=20
2026-05-08 21:57:54,862 | INFO | fetch_order_book: mid=0.074665 spread=4.02bps bids=20 asks=20
2026-05-08 21:57:55,750 | INFO | SPREAD | pair=CHIP/USDC | cex=0.07465/0.07468 | dex_sell=0.0746041 dex_buy=0.0746204 | spread_a=-10.2bps spread_b=4.0bps | min=30.0bps
2026-05-08 21:57:56,753 | INFO | fetch_order_book: symbol=CHIP/USDC limit=20
2026-05-08 21:57:57,015 | INFO | fetch_order_book: mid=0.074635 spread=1.34bps bids=20 asks=20
2026-05-08 21:57:57,868 | INFO | SPREAD | pair=CHIP/USDC | cex=0.07463/0.07464 | dex_sell=0.074497 dex_buy=0.0745164 | spread_a=-19.2bps spread_b=15.3bps | min=30.0bps
2026-05-08 21:57:58,869 | INFO | fetch_order_book: symbol=CHIP/USDC limit=20
2026-05-08 21:57:59,124 | INFO | fetch_order_book: mid=0.074555 spread=6.71bps bids=20 asks=20
2026-05-08 21:58:00,057 | INFO | SPREAD | pair=CHIP/USDC | cex=0.07453/0.07458 | dex_sell=0.0744993 dex_buy=0.074543 | spread_a=-10.8bps spread_b=-1.7bps | min=30.0bps
2026-05-08 21:58:01,061 | INFO | fetch_order_book: symbol=CHIP/USDC limit=20
2026-05-08 21:58:01,317 | INFO | fetch_order_book: mid=0.074395 spread=6.72bps bids=20 asks=20
2026-05-08 21:58:02,242 | INFO | SPREAD | pair=CHIP/USDC | cex=0.07437/0.07442 | dex_sell=0.0744971 dex_buy=0.0744687 | spread_a=10.4bps spread_b=-13.3bps | min=30.0bps
2026-05-08 21:58:03,246 | INFO | fetch_order_book: symbol=CHIP/USDC limit=20
2026-05-08 21:58:03,522 | INFO | fetch_order_book: mid=0.074465 spread=9.40bps bids=20 asks=20
2026-05-08 21:58:04,413 | INFO | SPREAD | pair=CHIP/USDC | cex=0.07443/0.0745 | dex_sell=0.0744094 dex_buy=0.0744529 | spread_a=-12.2bps spread_b=-3.1bps | min=30.0bps
2026-05-08 21:58:05,416 | INFO | fetch_order_book: symbol=CHIP/USDC limit=20
2026-05-08 21:58:05,911 | INFO | fetch_order_book: mid=0.07449 spread=5.37bps bids=20 asks=20
2026-05-08 21:58:06,774 | INFO | SPREAD | pair=CHIP/USDC | cex=0.07447/0.07451 | dex_sell=0.0744637 dex_buy=0.0745087 | spread_a=-6.2bps spread_b=-5.2bps | min=30.0bps
2026-05-08 21:58:07,776 | INFO | fetch_order_book: symbol=CHIP/USDC limit=20
2026-05-08 21:58:08,035 | INFO | fetch_order_book: mid=0.074475 spread=6.71bps bids=20 asks=20
2026-05-08 21:58:08,937 | INFO | SPREAD | pair=CHIP/USDC | cex=0.07445/0.0745 | dex_sell=0.0744893 dex_buy=0.0745331 | spread_a=-1.4bps spread_b=-11.1bps | min=30.0bps
2026-05-08 21:58:09,940 | INFO | fetch_order_book: symbol=CHIP/USDC limit=20
2026-05-08 21:58:10,196 | INFO | fetch_order_book: mid=0.07451 spread=5.37bps bids=20 asks=20
2026-05-08 21:58:11,080 | INFO | SPREAD | pair=CHIP/USDC | cex=0.07449/0.07453 | dex_sell=0.0744894 dex_buy=0.0745088 | spread_a=-5.4bps spread_b=-2.5bps | min=30.0bps
2026-05-08 21:58:12,084 | INFO | fetch_order_book: symbol=CHIP/USDC limit=20
2026-05-08 21:58:12,351 | INFO | fetch_order_book: mid=0.074465 spread=6.71bps bids=20 asks=20
2026-05-08 21:58:13,268 | INFO | SPREAD | pair=CHIP/USDC | cex=0.07444/0.07449 | dex_sell=0.0745136 dex_buy=0.0745087 | spread_a=3.2bps spread_b=-9.2bps | min=30.0bps
2026-05-08 21:58:14,271 | INFO | fetch_order_book: symbol=CHIP/USDC limit=20
2026-05-08 21:58:14,535 | INFO | fetch_order_book: mid=0.074495 spread=6.71bps bids=20 asks=20
2026-05-08 21:58:15,428 | INFO | SPREAD | pair=CHIP/USDC | cex=0.07447/0.07452 | dex_sell=0.0744893 dex_buy=0.0745087 | spread_a=-4.1bps spread_b=-5.2bps | min=30.0bps
2026-05-08 21:58:16,431 | INFO | fetch_order_book: symbol=CHIP/USDC limit=20
2026-05-08 21:58:16,694 | INFO | fetch_order_book: mid=0.07452 spread=5.37bps bids=20 asks=20
2026-05-08 21:58:17,577 | INFO | SPREAD | pair=CHIP/USDC | cex=0.0745/0.07454 | dex_sell=0.0745137 dex_buy=0.0745331 | spread_a=-3.5bps spread_b=-4.4bps | min=30.0bps
2026-05-08 21:58:18,580 | INFO | fetch_order_book: symbol=CHIP/USDC limit=20
2026-05-08 21:58:18,846 | INFO | fetch_order_book: mid=0.07452 spread=5.37bps bids=20 asks=20
2026-05-08 21:58:19,740 | INFO | SPREAD | pair=CHIP/USDC | cex=0.0745/0.07454 | dex_sell=0.0745137 dex_buy=0.0745331 | spread_a=-3.5bps spread_b=-4.4bps | min=30.0bps
2026-05-08 21:58:20,743 | INFO | fetch_order_book: symbol=CHIP/USDC limit=20
2026-05-08 21:58:20,999 | INFO | fetch_order_book: mid=0.074525 spread=6.71bps bids=20 asks=20
2026-05-08 21:58:21,948 | INFO | SPREAD | pair=CHIP/USDC | cex=0.0745/0.07455 | dex_sell=0.0745137 dex_buy=0.0745331 | spread_a=-4.9bps spread_b=-4.4bps | min=30.0bps
2026-05-08 21:58:22,951 | INFO | fetch_order_book: symbol=CHIP/USDC limit=20
2026-05-08 21:58:23,213 | INFO | fetch_order_book: mid=0.07454 spread=5.37bps bids=20 asks=20
2026-05-08 21:58:24,037 | INFO | SPREAD | pair=CHIP/USDC | cex=0.07452/0.07456 | dex_sell=0.0745137 dex_buy=0.0745331 | spread_a=-6.2bps spread_b=-1.8bps | min=30.0bps
2026-05-08 21:58:25,040 | INFO | fetch_order_book: symbol=CHIP/USDC limit=20
2026-05-08 21:58:25,299 | INFO | fetch_order_book: mid=0.07457 spread=2.68bps bids=20 asks=20
2026-05-08 21:58:26,170 | INFO | SPREAD | pair=CHIP/USDC | cex=0.07456/0.07458 | dex_sell=0.0745435 dex_buy=0.074593 | spread_a=-4.9bps spread_b=-4.4bps | min=30.0bps
2026-05-08 21:58:27,173 | INFO | fetch_order_book: symbol=CHIP/USDC limit=20
2026-05-08 21:58:27,557 | INFO | fetch_order_book: mid=0.074545 spread=6.71bps bids=20 asks=20
2026-05-08 21:58:28,430 | INFO | SPREAD | pair=CHIP/USDC | cex=0.07452/0.07457 | dex_sell=0.0745736 dex_buy=0.074593 | spread_a=0.5bps spread_b=-9.8bps | min=30.0bps
2026-05-08 21:58:29,433 | INFO | fetch_order_book: symbol=CHIP/USDC limit=20
2026-05-08 21:58:29,692 | INFO | fetch_order_book: mid=0.07453 spread=5.37bps bids=20 asks=20
2026-05-08 21:58:30,627 | INFO | SPREAD | pair=CHIP/USDC | cex=0.07451/0.07455 | dex_sell=0.0745736 dex_buy=0.074572 | spread_a=3.2bps spread_b=-8.3bps | min=30.0bps
2026-05-08 21:58:31,630 | INFO | fetch_order_book: symbol=CHIP/USDC limit=20
2026-05-08 21:58:31,890 | INFO | fetch_order_book: mid=0.074595 spread=1.34bps bids=20 asks=20
2026-05-08 21:58:32,706 | INFO | SPREAD | pair=CHIP/USDC | cex=0.07459/0.0746 | dex_sell=0.0745837 dex_buy=0.0746028 | spread_a=-2.2bps spread_b=-1.7bps | min=30.0bps
2026-05-08 21:58:33,710 | INFO | fetch_order_book: symbol=CHIP/USDC limit=20
2026-05-08 21:58:33,979 | INFO | fetch_order_book: mid=0.07458 spread=5.36bps bids=20 asks=20
2026-05-08 21:58:34,901 | INFO | SPREAD | pair=CHIP/USDC | cex=0.07456/0.0746 | dex_sell=0.0745837 dex_buy=0.0746028 | spread_a=-2.2bps spread_b=-5.7bps | min=30.0bps
2026-05-08 21:58:35,905 | INFO | fetch_order_book: symbol=CHIP/USDC limit=20
2026-05-08 21:58:36,184 | INFO | fetch_order_book: mid=0.07458 spread=5.36bps bids=20 asks=20
2026-05-08 21:58:37,092 | INFO | SPREAD | pair=CHIP/USDC | cex=0.07456/0.0746 | dex_sell=0.0745837 dex_buy=0.0746028 | spread_a=-2.2bps spread_b=-5.7bps | min=30.0bps
2026-05-08 21:58:38,096 | INFO | fetch_order_book: symbol=CHIP/USDC limit=20
2026-05-08 21:58:38,529 | INFO | fetch_order_book: mid=0.07457 spread=5.36bps bids=20 asks=20
2026-05-08 21:58:39,401 | INFO | SPREAD | pair=CHIP/USDC | cex=0.07455/0.07459 | dex_sell=0.0745837 dex_buy=0.0746028 | spread_a=-0.9bps spread_b=-7.1bps | min=30.0bps
2026-05-08 21:58:40,405 | INFO | fetch_order_book: symbol=CHIP/USDC limit=20
2026-05-08 21:58:40,660 | INFO | fetch_order_book: mid=0.07462 spread=5.36bps bids=20 asks=20
2026-05-08 21:58:41,523 | INFO | SPREAD | pair=CHIP/USDC | cex=0.0746/0.07464 | dex_sell=0.0745908 dex_buy=0.0746071 | spread_a=-6.6bps spread_b=-1.0bps | min=30.0bps
2026-05-08 21:58:42,526 | INFO | fetch_order_book: symbol=CHIP/USDC limit=20
2026-05-08 21:58:42,828 | INFO | fetch_order_book: mid=0.07463 spread=8.04bps bids=20 asks=20
2026-05-08 21:58:43,750 | INFO | SPREAD | pair=CHIP/USDC | cex=0.0746/0.07466 | dex_sell=0.0745908 dex_buy=0.0746071 | spread_a=-9.3bps spread_b=-1.0bps | min=30.0bps
2026-05-08 21:58:44,754 | INFO | fetch_order_book: symbol=CHIP/USDC limit=20
2026-05-08 21:58:45,012 | INFO | fetch_order_book: mid=0.07460 spread=8.04bps bids=20 asks=20
2026-05-08 21:58:45,871 | INFO | SPREAD | pair=CHIP/USDC | cex=0.07457/0.07463 | dex_sell=0.0745908 dex_buy=0.0746071 | spread_a=-5.3bps spread_b=-5.0bps | min=30.0bps
2026-05-08 21:58:46,875 | INFO | fetch_order_book: symbol=CHIP/USDC limit=20
2026-05-08 21:58:47,130 | INFO | fetch_order_book: mid=0.074625 spread=6.70bps bids=20 asks=20
2026-05-08 21:58:48,073 | INFO | SPREAD | pair=CHIP/USDC | cex=0.0746/0.07465 | dex_sell=0.0745908 dex_buy=0.0746071 | spread_a=-7.9bps spread_b=-1.0bps | min=30.0bps
2026-05-08 21:58:49,077 | INFO | fetch_order_book: symbol=CHIP/USDC limit=20
2026-05-08 21:58:49,345 | INFO | fetch_order_book: mid=0.07461 spread=5.36bps bids=20 asks=20
2026-05-08 21:58:50,241 | INFO | SPREAD | pair=CHIP/USDC | cex=0.07459/0.07463 | dex_sell=0.0745908 dex_buy=0.0746071 | spread_a=-5.3bps spread_b=-2.3bps | min=30.0bps
2026-05-08 21:58:51,244 | INFO | fetch_order_book: symbol=CHIP/USDC limit=20
2026-05-08 21:58:51,502 | INFO | fetch_order_book: mid=0.07462 spread=5.36bps bids=20 asks=20
2026-05-08 21:58:52,436 | INFO | SPREAD | pair=CHIP/USDC | cex=0.0746/0.07464 | dex_sell=0.0745908 dex_buy=0.0746071 | spread_a=-6.6bps spread_b=-1.0bps | min=30.0bps
2026-05-08 21:58:53,440 | INFO | fetch_order_book: symbol=CHIP/USDC limit=20
2026-05-08 21:58:53,700 | INFO | fetch_order_book: mid=0.074565 spread=4.02bps bids=20 asks=20
2026-05-08 21:58:54,531 | INFO | SPREAD | pair=CHIP/USDC | cex=0.07455/0.07458 | dex_sell=0.0745493 dex_buy=0.0745686 | spread_a=-4.1bps spread_b=-2.5bps | min=30.0bps
2026-05-08 21:58:55,535 | INFO | fetch_order_book: symbol=CHIP/USDC limit=20
2026-05-08 21:58:55,794 | INFO | fetch_order_book: mid=0.07459 spread=5.36bps bids=20 asks=20
2026-05-08 21:58:56,669 | INFO | SPREAD | pair=CHIP/USDC | cex=0.07457/0.07461 | dex_sell=0.0745493 dex_buy=0.074593 | spread_a=-8.1bps spread_b=-3.1bps | min=30.0bps
2026-05-08 21:58:57,672 | INFO | fetch_order_book: symbol=CHIP/USDC limit=20
2026-05-08 21:58:57,969 | INFO | fetch_order_book: mid=0.07454 spread=2.68bps bids=20 asks=20
2026-05-08 21:58:58,796 | INFO | SPREAD | pair=CHIP/USDC | cex=0.07453/0.07455 | dex_sell=0.0745536 dex_buy=0.074573 | spread_a=0.5bps spread_b=-5.8bps | min=30.0bps
2026-05-08 21:58:59,800 | INFO | fetch_order_book: symbol=CHIP/USDC limit=20
2026-05-08 21:59:00,071 | INFO | fetch_order_book: mid=0.07441 spread=2.69bps bids=20 asks=20
2026-05-08 21:59:00,952 | INFO | SPREAD | pair=CHIP/USDC | cex=0.0744/0.07442 | dex_sell=0.0743971 dex_buy=0.0744165 | spread_a=-3.1bps spread_b=-2.2bps | min=30.0bps
2026-05-08 21:59:01,955 | INFO | fetch_order_book: symbol=CHIP/USDC limit=20
2026-05-08 21:59:02,216 | INFO | fetch_order_book: mid=0.074415 spread=6.72bps bids=20 asks=20
2026-05-08 21:59:03,030 | INFO | SPREAD | pair=CHIP/USDC | cex=0.07439/0.07444 | dex_sell=0.0743391 dex_buy=0.074393 | spread_a=-13.5bps spread_b=-0.4bps | min=30.0bps
2026-05-08 21:59:04,033 | INFO | fetch_order_book: symbol=CHIP/USDC limit=20
2026-05-08 21:59:04,290 | INFO | fetch_order_book: mid=0.07444 spread=5.37bps bids=20 asks=20
2026-05-08 21:59:05,161 | INFO | SPREAD | pair=CHIP/USDC | cex=0.07442/0.07446 | dex_sell=0.0744335 dex_buy=0.0744528 | spread_a=-3.6bps spread_b=-4.4bps | min=30.0bps
2026-05-08 21:59:06,164 | INFO | fetch_order_book: symbol=CHIP/USDC limit=20
2026-05-08 21:59:06,453 | INFO | fetch_order_book: mid=0.07454 spread=5.37bps bids=20 asks=20
2026-05-08 21:59:07,315 | INFO | SPREAD | pair=CHIP/USDC | cex=0.07452/0.07456 | dex_sell=0.0745208 dex_buy=0.0745401 | spread_a=-5.3bps spread_b=-2.7bps | min=30.0bps
2026-05-08 21:59:08,317 | INFO | fetch_order_book: symbol=CHIP/USDC limit=20
2026-05-08 21:59:08,575 | INFO | fetch_order_book: mid=0.074535 spread=6.71bps bids=20 asks=20
2026-05-08 21:59:09,516 | INFO | SPREAD | pair=CHIP/USDC | cex=0.07451/0.07456 | dex_sell=0.0745208 dex_buy=0.0745401 | spread_a=-5.3bps spread_b=-4.0bps | min=30.0bps
2026-05-08 21:59:10,519 | INFO | fetch_order_book: symbol=CHIP/USDC limit=20
2026-05-08 21:59:10,779 | INFO | fetch_order_book: mid=0.074515 spread=6.71bps bids=20 asks=20
2026-05-08 21:59:11,715 | INFO | SPREAD | pair=CHIP/USDC | cex=0.07449/0.07454 | dex_sell=0.0745208 dex_buy=0.0745401 | spread_a=-2.6bps spread_b=-6.7bps | min=30.0bps
2026-05-08 21:59:12,717 | INFO | fetch_order_book: symbol=CHIP/USDC limit=20
2026-05-08 21:59:12,984 | INFO | fetch_order_book: mid=0.07448 spread=5.37bps bids=20 asks=20
2026-05-08 21:59:13,895 | INFO | SPREAD | pair=CHIP/USDC | cex=0.07446/0.0745 | dex_sell=0.0744917 dex_buy=0.0745111 | spread_a=-1.1bps spread_b=-6.9bps | min=30.0bps
2026-05-08 21:59:14,898 | INFO | fetch_order_book: symbol=CHIP/USDC limit=20
2026-05-08 21:59:15,157 | INFO | fetch_order_book: mid=0.074465 spread=1.34bps bids=20 asks=20
2026-05-08 21:59:16,048 | INFO | SPREAD | pair=CHIP/USDC | cex=0.07446/0.07447 | dex_sell=0.0744693 dex_buy=0.0744886 | spread_a=-0.1bps spread_b=-3.8bps | min=30.0bps
2026-05-08 21:59:17,052 | INFO | fetch_order_book: symbol=CHIP/USDC limit=20
2026-05-08 21:59:17,324 | INFO | fetch_order_book: mid=0.07448 spread=5.37bps bids=20 asks=20
2026-05-08 21:59:18,247 | INFO | SPREAD | pair=CHIP/USDC | cex=0.07446/0.0745 | dex_sell=0.0744693 dex_buy=0.0744886 | spread_a=-4.1bps spread_b=-3.8bps | min=30.0bps
2026-05-08 21:59:19,250 | INFO | fetch_order_book: symbol=CHIP/USDC limit=20
2026-05-08 21:59:19,528 | INFO | fetch_order_book: mid=0.074475 spread=4.03bps bids=20 asks=20
2026-05-08 21:59:20,381 | INFO | SPREAD | pair=CHIP/USDC | cex=0.07446/0.07449 | dex_sell=0.0744693 dex_buy=0.0744886 | spread_a=-2.8bps spread_b=-3.8bps | min=30.0bps
2026-05-08 21:59:21,385 | INFO | fetch_order_book: symbol=CHIP/USDC limit=20
2026-05-08 21:59:21,729 | INFO | fetch_order_book: mid=0.07447 spread=2.69bps bids=20 asks=20
2026-05-08 21:59:22,888 | INFO | SPREAD | pair=CHIP/USDC | cex=0.07446/0.07448 | dex_sell=0.0744693 dex_buy=0.0744886 | spread_a=-1.4bps spread_b=-3.8bps | min=30.0bps
2026-05-08 21:59:23,892 | INFO | fetch_order_book: symbol=CHIP/USDC limit=20
2026-05-08 21:59:24,179 | INFO | fetch_order_book: mid=0.07448 spread=5.37bps bids=20 asks=20
2026-05-08 21:59:25,047 | INFO | SPREAD | pair=CHIP/USDC | cex=0.07446/0.0745 | dex_sell=0.0744693 dex_buy=0.0744886 | spread_a=-4.1bps spread_b=-3.8bps | min=30.0bps
2026-05-08 21:59:26,051 | INFO | fetch_order_book: symbol=CHIP/USDC limit=20
2026-05-08 21:59:26,324 | INFO | fetch_order_book: mid=0.07448 spread=5.37bps bids=20 asks=20
2026-05-08 21:59:27,227 | INFO | SPREAD | pair=CHIP/USDC | cex=0.07446/0.0745 | dex_sell=0.0744693 dex_buy=0.0744886 | spread_a=-4.1bps spread_b=-3.8bps | min=30.0bps
2026-05-08 21:59:28,229 | INFO | fetch_order_book: symbol=CHIP/USDC limit=20
2026-05-08 21:59:28,489 | INFO | fetch_order_book: mid=0.07448 spread=5.37bps bids=20 asks=20
2026-05-08 21:59:29,396 | INFO | SPREAD | pair=CHIP/USDC | cex=0.07446/0.0745 | dex_sell=0.0744693 dex_buy=0.0744886 | spread_a=-4.1bps spread_b=-3.8bps | min=30.0bps
2026-05-08 21:59:30,399 | INFO | fetch_order_book: symbol=CHIP/USDC limit=20
2026-05-08 21:59:30,657 | INFO | fetch_order_book: mid=0.074435 spread=6.72bps bids=20 asks=20
2026-05-08 21:59:31,562 | INFO | SPREAD | pair=CHIP/USDC | cex=0.07441/0.07446 | dex_sell=0.0744394 dex_buy=0.0744587 | spread_a=-2.8bps spread_b=-6.5bps | min=30.0bps
2026-05-08 21:59:32,566 | INFO | fetch_order_book: symbol=CHIP/USDC limit=20
2026-05-08 21:59:32,832 | INFO | fetch_order_book: mid=0.074485 spread=6.71bps bids=20 asks=20
2026-05-08 21:59:33,714 | INFO | SPREAD | pair=CHIP/USDC | cex=0.07446/0.07451 | dex_sell=0.0744635 dex_buy=0.074513 | spread_a=-6.2bps spread_b=-7.1bps | min=30.0bps
2026-05-08 21:59:34,717 | INFO | fetch_order_book: symbol=CHIP/USDC limit=20
2026-05-08 21:59:34,973 | INFO | fetch_order_book: mid=0.074485 spread=4.03bps bids=20 asks=20
2026-05-08 21:59:35,884 | INFO | SPREAD | pair=CHIP/USDC | cex=0.07447/0.0745 | dex_sell=0.0744936 dex_buy=0.074513 | spread_a=-0.9bps spread_b=-5.8bps | min=30.0bps
2026-05-08 21:59:36,887 | INFO | fetch_order_book: symbol=CHIP/USDC limit=20
2026-05-08 21:59:37,147 | INFO | fetch_order_book: mid=0.07443 spread=5.37bps bids=20 asks=20
2026-05-08 21:59:37,993 | INFO | SPREAD | pair=CHIP/USDC | cex=0.07441/0.07445 | dex_sell=0.0744936 dex_buy=0.0744884 | spread_a=5.9bps spread_b=-10.5bps | min=30.0bps
2026-05-08 21:59:38,997 | INFO | fetch_order_book: symbol=CHIP/USDC limit=20
2026-05-08 21:59:39,290 | INFO | fetch_order_book: mid=0.074465 spread=6.71bps bids=20 asks=20
2026-05-08 21:59:40,161 | INFO | SPREAD | pair=CHIP/USDC | cex=0.07444/0.07449 | dex_sell=0.0744691 dex_buy=0.0744884 | spread_a=-2.8bps spread_b=-6.5bps | min=30.0bps
2026-05-08 21:59:41,164 | INFO | fetch_order_book: symbol=CHIP/USDC limit=20
2026-05-08 21:59:41,423 | INFO | fetch_order_book: mid=0.07443 spread=5.37bps bids=20 asks=20
2026-05-08 21:59:42,262 | INFO | SPREAD | pair=CHIP/USDC | cex=0.07441/0.07445 | dex_sell=0.0744691 dex_buy=0.0744884 | spread_a=2.6bps spread_b=-10.5bps | min=30.0bps
2026-05-08 21:59:43,266 | INFO | fetch_order_book: symbol=CHIP/USDC limit=20
2026-05-08 21:59:43,525 | INFO | fetch_order_book: mid=0.07438 spread=5.38bps bids=20 asks=20
2026-05-08 21:59:44,457 | INFO | SPREAD | pair=CHIP/USDC | cex=0.07436/0.0744 | dex_sell=0.0744093 dex_buy=0.0743987 | spread_a=1.2bps spread_b=-5.2bps | min=30.0bps
2026-05-08 21:59:45,459 | INFO | fetch_order_book: symbol=CHIP/USDC limit=20
2026-05-08 21:59:45,715 | INFO | fetch_order_book: mid=0.07443 spread=8.06bps bids=20 asks=20
2026-05-08 21:59:46,567 | INFO | SPREAD | pair=CHIP/USDC | cex=0.0744/0.07446 | dex_sell=0.0743794 dex_buy=0.0744229 | spread_a=-10.8bps spread_b=-3.1bps | min=30.0bps
2026-05-08 21:59:47,571 | INFO | fetch_order_book: symbol=CHIP/USDC limit=20
2026-05-08 21:59:47,829 | INFO | fetch_order_book: mid=0.07441 spread=5.38bps bids=20 asks=20
2026-05-08 21:59:48,696 | INFO | SPREAD | pair=CHIP/USDC | cex=0.07439/0.07443 | dex_sell=0.0744287 dex_buy=0.074448 | spread_a=-0.2bps spread_b=-7.8bps | min=30.0bps
2026-05-08 21:59:49,699 | INFO | fetch_order_book: symbol=CHIP/USDC limit=20
2026-05-08 21:59:49,957 | INFO | fetch_order_book: mid=0.074405 spread=6.72bps bids=20 asks=20
2026-05-08 21:59:50,831 | INFO | SPREAD | pair=CHIP/USDC | cex=0.07438/0.07443 | dex_sell=0.0743991 dex_buy=0.0744184 | spread_a=-4.2bps spread_b=-5.2bps | min=30.0bps
2026-05-08 21:59:51,835 | INFO | fetch_order_book: symbol=CHIP/USDC limit=20
2026-05-08 21:59:52,139 | INFO | fetch_order_book: mid=0.074395 spread=4.03bps bids=20 asks=20
2026-05-08 21:59:53,037 | INFO | SPREAD | pair=CHIP/USDC | cex=0.07438/0.07441 | dex_sell=0.0743991 dex_buy=0.0744184 | spread_a=-1.5bps spread_b=-5.2bps | min=30.0bps
2026-05-08 21:59:54,040 | INFO | fetch_order_book: symbol=CHIP/USDC limit=20
2026-05-08 21:59:54,298 | INFO | fetch_order_book: mid=0.074395 spread=4.03bps bids=20 asks=20
2026-05-08 21:59:55,174 | INFO | SPREAD | pair=CHIP/USDC | cex=0.07438/0.07441 | dex_sell=0.0743991 dex_buy=0.0744184 | spread_a=-1.5bps spread_b=-5.2bps | min=30.0bps
2026-05-08 21:59:56,178 | INFO | fetch_order_book: symbol=CHIP/USDC limit=20
2026-05-08 21:59:56,435 | INFO | fetch_order_book: mid=0.07439 spread=5.38bps bids=20 asks=20
2026-05-08 21:59:57,301 | INFO | SPREAD | pair=CHIP/USDC | cex=0.07437/0.07441 | dex_sell=0.0743991 dex_buy=0.0744184 | spread_a=-1.5bps spread_b=-6.5bps | min=30.0bps
2026-05-08 21:59:58,304 | INFO | fetch_order_book: symbol=CHIP/USDC limit=20
2026-05-08 21:59:58,791 | INFO | fetch_order_book: mid=0.07439 spread=5.38bps bids=20 asks=20
2026-05-08 21:59:59,665 | INFO | SPREAD | pair=CHIP/USDC | cex=0.07437/0.07441 | dex_sell=0.0743991 dex_buy=0.0744184 | spread_a=-1.5bps spread_b=-6.5bps | min=30.0bps
2026-05-08 22:00:00,669 | INFO | fetch_order_book: symbol=CHIP/USDC limit=20
2026-05-08 22:00:00,944 | INFO | fetch_order_book: mid=0.07438 spread=5.38bps bids=20 asks=20
2026-05-08 22:00:01,855 | INFO | SPREAD | pair=CHIP/USDC | cex=0.07436/0.0744 | dex_sell=0.0743991 dex_buy=0.0744184 | spread_a=-0.1bps spread_b=-7.9bps | min=30.0bps
2026-05-08 22:00:02,859 | INFO | fetch_order_book: symbol=CHIP/USDC limit=20
2026-05-08 22:00:03,475 | INFO | fetch_order_book: mid=0.074355 spread=6.72bps bids=20 asks=20
2026-05-08 22:00:04,293 | INFO | SPREAD | pair=CHIP/USDC | cex=0.07433/0.07438 | dex_sell=0.0743692 dex_buy=0.0743885 | spread_a=-1.4bps spread_b=-7.9bps | min=30.0bps
2026-05-08 22:00:05,296 | INFO | fetch_order_book: symbol=CHIP/USDC limit=20
2026-05-08 22:00:05,884 | INFO | fetch_order_book: mid=0.074375 spread=6.72bps bids=20 asks=20
2026-05-08 22:00:06,806 | INFO | SPREAD | pair=CHIP/USDC | cex=0.07435/0.0744 | dex_sell=0.0743394 dex_buy=0.0743587 | spread_a=-8.1bps spread_b=-1.2bps | min=30.0bps
2026-05-08 22:00:07,809 | INFO | fetch_order_book: symbol=CHIP/USDC limit=20
2026-05-08 22:00:08,599 | INFO | fetch_order_book: mid=0.074505 spread=4.03bps bids=20 asks=20
2026-05-08 22:00:09,441 | INFO | SPREAD | pair=CHIP/USDC | cex=0.07449/0.07452 | dex_sell=0.0744135 dex_buy=0.0744328 | spread_a=-14.3bps spread_b=7.7bps | min=30.0bps
2026-05-08 22:00:10,444 | INFO | fetch_order_book: symbol=CHIP/USDC limit=20
2026-05-08 22:00:10,741 | INFO | fetch_order_book: mid=0.074515 spread=6.71bps bids=20 asks=20
2026-05-08 22:00:11,662 | INFO | SPREAD | pair=CHIP/USDC | cex=0.07449/0.07454 | dex_sell=0.0744937 dex_buy=0.074513 | spread_a=-6.2bps spread_b=-3.1bps | min=30.0bps
2026-05-08 22:00:12,666 | INFO | fetch_order_book: symbol=CHIP/USDC limit=20
2026-05-08 22:00:13,006 | INFO | fetch_order_book: mid=0.074525 spread=4.03bps bids=20 asks=20
2026-05-08 22:00:13,862 | INFO | SPREAD | pair=CHIP/USDC | cex=0.07451/0.07454 | dex_sell=0.0744937 dex_buy=0.074513 | spread_a=-6.2bps spread_b=-0.4bps | min=30.0bps
2026-05-08 22:00:14,863 | INFO | fetch_order_book: symbol=CHIP/USDC limit=20
2026-05-08 22:00:15,206 | INFO | fetch_order_book: mid=0.07456 spread=5.36bps bids=20 asks=20
2026-05-08 22:00:16,093 | INFO | SPREAD | pair=CHIP/USDC | cex=0.07454/0.07458 | dex_sell=0.0745263 dex_buy=0.0745456 | spread_a=-7.2bps spread_b=-0.8bps | min=30.0bps
2026-05-08 22:00:17,096 | INFO | fetch_order_book: symbol=CHIP/USDC limit=20
2026-05-08 22:00:17,368 | INFO | fetch_order_book: mid=0.07460 spread=5.36bps bids=20 asks=20
2026-05-08 22:00:18,294 | INFO | SPREAD | pair=CHIP/USDC | cex=0.07458/0.07462 | dex_sell=0.0745263 dex_buy=0.0745456 | spread_a=-12.6bps spread_b=4.6bps | min=30.0bps
2026-05-08 22:00:19,296 | INFO | fetch_order_book: symbol=CHIP/USDC limit=20
2026-05-08 22:00:19,560 | INFO | fetch_order_book: mid=0.074615 spread=6.70bps bids=20 asks=20
2026-05-08 22:00:20,457 | INFO | SPREAD | pair=CHIP/USDC | cex=0.07459/0.07464 | dex_sell=0.0745263 dex_buy=0.0745456 | spread_a=-15.2bps spread_b=6.0bps | min=30.0bps
2026-05-08 22:00:21,460 | INFO | fetch_order_book: symbol=CHIP/USDC limit=20
2026-05-08 22:00:21,729 | INFO | fetch_order_book: mid=0.07477 spread=5.35bps bids=20 asks=20
2026-05-08 22:00:22,580 | INFO | SPREAD | pair=CHIP/USDC | cex=0.07475/0.07479 | dex_sell=0.0746055 dex_buy=0.0746372 | spread_a=-24.7bps spread_b=15.1bps | min=30.0bps
2026-05-08 22:00:23,583 | INFO | fetch_order_book: symbol=CHIP/USDC limit=20
2026-05-08 22:00:23,875 | INFO | fetch_order_book: mid=0.074755 spread=6.69bps bids=20 asks=20
2026-05-08 22:00:24,768 | INFO | SPREAD | pair=CHIP/USDC | cex=0.07473/0.07478 | dex_sell=0.0747465 dex_buy=0.0747628 | spread_a=-4.5bps spread_b=-4.4bps | min=30.0bps
2026-05-08 22:00:25,771 | INFO | fetch_order_book: symbol=CHIP/USDC limit=20
2026-05-08 22:00:26,190 | INFO | fetch_order_book: mid=0.074975 spread=4.00bps bids=20 asks=20
2026-05-08 22:00:27,126 | INFO | SPREAD | pair=CHIP/USDC | cex=0.07496/0.07499 | dex_sell=0.0748022 dex_buy=0.0748908 | spread_a=-25.0bps spread_b=9.2bps | min=30.0bps
2026-05-08 22:00:28,130 | INFO | fetch_order_book: symbol=CHIP/USDC limit=20
2026-05-08 22:00:28,387 | INFO | fetch_order_book: mid=0.07491 spread=5.34bps bids=20 asks=20
2026-05-08 22:00:29,263 | INFO | SPREAD | pair=CHIP/USDC | cex=0.07489/0.07493 | dex_sell=0.0748998 dex_buy=0.0749305 | spread_a=-4.0bps spread_b=-5.4bps | min=30.0bps
2026-05-08 22:00:30,266 | INFO | fetch_order_book: symbol=CHIP/USDC limit=20
2026-05-08 22:00:30,525 | INFO | fetch_order_book: mid=0.074765 spread=6.69bps bids=20 asks=20
2026-05-08 22:00:31,459 | INFO | SPREAD | pair=CHIP/USDC | cex=0.07474/0.07479 | dex_sell=0.0748594 dex_buy=0.0748173 | spread_a=9.3bps spread_b=-10.3bps | min=30.0bps
2026-05-08 22:00:32,462 | INFO | fetch_order_book: symbol=CHIP/USDC limit=20
2026-05-08 22:00:32,748 | INFO | fetch_order_book: mid=0.07483 spread=8.02bps bids=20 asks=20
2026-05-08 22:00:33,625 | INFO | SPREAD | pair=CHIP/USDC | cex=0.0748/0.07486 | dex_sell=0.0748122 dex_buy=0.0748285 | spread_a=-6.4bps spread_b=-3.8bps | min=30.0bps
2026-05-08 22:00:34,628 | INFO | fetch_order_book: symbol=CHIP/USDC limit=20
2026-05-08 22:00:34,965 | INFO | fetch_order_book: mid=0.074765 spread=6.69bps bids=20 asks=20
2026-05-08 22:00:35,830 | INFO | SPREAD | pair=CHIP/USDC | cex=0.07474/0.07479 | dex_sell=0.0747716 dex_buy=0.0747879 | spread_a=-2.5bps spread_b=-6.4bps | min=30.0bps
2026-05-08 22:00:36,833 | INFO | fetch_order_book: symbol=CHIP/USDC limit=20
2026-05-08 22:00:37,091 | INFO | fetch_order_book: mid=0.07470 spread=5.35bps bids=20 asks=20
2026-05-08 22:00:38,031 | INFO | SPREAD | pair=CHIP/USDC | cex=0.07468/0.07472 | dex_sell=0.0747308 dex_buy=0.0746935 | spread_a=1.4bps spread_b=-1.8bps | min=30.0bps
2026-05-08 22:00:39,034 | INFO | fetch_order_book: symbol=CHIP/USDC limit=20
2026-05-08 22:00:39,291 | INFO | fetch_order_book: mid=0.074725 spread=4.01bps bids=20 asks=20
2026-05-08 22:00:40,161 | INFO | SPREAD | pair=CHIP/USDC | cex=0.07471/0.07474 | dex_sell=0.0747151 dex_buy=0.0747315 | spread_a=-3.3bps spread_b=-2.9bps | min=30.0bps
2026-05-08 22:00:41,165 | INFO | fetch_order_book: symbol=CHIP/USDC limit=20
2026-05-08 22:00:41,424 | INFO | fetch_order_book: mid=0.07463 spread=5.36bps bids=20 asks=20
2026-05-08 22:00:42,390 | INFO | SPREAD | pair=CHIP/USDC | cex=0.07461/0.07465 | dex_sell=0.0746113 dex_buy=0.0746144 | spread_a=-5.2bps spread_b=-0.6bps | min=30.0bps
2026-05-08 22:00:43,395 | INFO | fetch_order_book: symbol=CHIP/USDC limit=20
2026-05-08 22:00:43,652 | INFO | fetch_order_book: mid=0.07464 spread=5.36bps bids=20 asks=20
2026-05-08 22:00:44,540 | INFO | SPREAD | pair=CHIP/USDC | cex=0.07462/0.07466 | dex_sell=0.0745983 dex_buy=0.0746146 | spread_a=-8.3bps spread_b=0.7bps | min=30.0bps
2026-05-08 22:00:45,543 | INFO | fetch_order_book: symbol=CHIP/USDC limit=20
2026-05-08 22:00:45,805 | INFO | fetch_order_book: mid=0.07463 spread=5.36bps bids=20 asks=20
2026-05-08 22:00:46,682 | INFO | SPREAD | pair=CHIP/USDC | cex=0.07461/0.07465 | dex_sell=0.0745983 dex_buy=0.0746146 | spread_a=-6.9bps spread_b=-0.6bps | min=30.0bps
2026-05-08 22:00:47,684 | INFO | fetch_order_book: symbol=CHIP/USDC limit=20
2026-05-08 22:00:47,944 | INFO | fetch_order_book: mid=0.07467 spread=5.36bps bids=20 asks=20
2026-05-08 22:00:48,767 | INFO | SPREAD | pair=CHIP/USDC | cex=0.07465/0.07469 | dex_sell=0.0746522 dex_buy=0.0746686 | spread_a=-5.1bps spread_b=-2.5bps | min=30.0bps
2026-05-08 22:00:49,770 | INFO | fetch_order_book: symbol=CHIP/USDC limit=20
2026-05-08 22:00:50,029 | INFO | fetch_order_book: mid=0.074755 spread=6.69bps bids=20 asks=20
2026-05-08 22:00:50,913 | INFO | SPREAD | pair=CHIP/USDC | cex=0.07473/0.07478 | dex_sell=0.0746522 dex_buy=0.0747197 | spread_a=-17.1bps spread_b=1.4bps | min=30.0bps
2026-05-08 22:00:51,916 | INFO | fetch_order_book: symbol=CHIP/USDC limit=20
2026-05-08 22:00:52,222 | INFO | fetch_order_book: mid=0.07476 spread=5.35bps bids=20 asks=20
2026-05-08 22:00:53,107 | INFO | SPREAD | pair=CHIP/USDC | cex=0.07474/0.07478 | dex_sell=0.0747033 dex_buy=0.0747197 | spread_a=-10.3bps spread_b=2.7bps | min=30.0bps
2026-05-08 22:00:54,111 | INFO | fetch_order_book: symbol=CHIP/USDC limit=20
2026-05-08 22:00:54,367 | INFO | fetch_order_book: mid=0.074775 spread=4.01bps bids=20 asks=20
2026-05-08 22:00:55,233 | INFO | SPREAD | pair=CHIP/USDC | cex=0.07476/0.07479 | dex_sell=0.0747622 dex_buy=0.0747785 | spread_a=-3.7bps spread_b=-2.5bps | min=30.0bps
2026-05-08 22:00:56,236 | INFO | fetch_order_book: symbol=CHIP/USDC limit=20
2026-05-08 22:00:56,494 | INFO | fetch_order_book: mid=0.07470 spread=8.03bps bids=20 asks=20
2026-05-08 22:00:57,396 | INFO | SPREAD | pair=CHIP/USDC | cex=0.07467/0.07473 | dex_sell=0.0747622 dex_buy=0.0747571 | spread_a=4.3bps spread_b=-11.7bps | min=30.0bps
2026-05-08 22:00:58,399 | INFO | fetch_order_book: symbol=CHIP/USDC limit=20
2026-05-08 22:00:58,656 | INFO | fetch_order_book: mid=0.07465 spread=2.68bps bids=20 asks=20
2026-05-08 22:00:59,575 | INFO | SPREAD | pair=CHIP/USDC | cex=0.07464/0.07466 | dex_sell=0.0746774 dex_buy=0.0746937 | spread_a=2.3bps spread_b=-7.2bps | min=30.0bps
2026-05-08 22:01:00,578 | INFO | fetch_order_book: symbol=CHIP/USDC limit=20
2026-05-08 22:01:00,848 | INFO | fetch_order_book: mid=0.07460 spread=5.36bps bids=20 asks=20
2026-05-08 22:01:01,733 | INFO | SPREAD | pair=CHIP/USDC | cex=0.07458/0.07462 | dex_sell=0.074606 dex_buy=0.0746224 | spread_a=-1.9bps spread_b=-5.7bps | min=30.0bps
2026-05-08 22:01:02,737 | INFO | fetch_order_book: symbol=CHIP/USDC limit=20
2026-05-08 22:01:03,311 | INFO | fetch_order_book: mid=0.07462 spread=5.36bps bids=20 asks=20
2026-05-08 22:01:04,170 | INFO | SPREAD | pair=CHIP/USDC | cex=0.0746/0.07464 | dex_sell=0.0746051 dex_buy=0.0746214 | spread_a=-4.7bps spread_b=-2.9bps | min=30.0bps
2026-05-08 22:01:05,172 | INFO | fetch_order_book: symbol=CHIP/USDC limit=20
2026-05-08 22:01:05,608 | INFO | fetch_order_book: mid=0.07465 spread=5.36bps bids=20 asks=20
2026-05-08 22:01:06,468 | INFO | SPREAD | pair=CHIP/USDC | cex=0.07463/0.07467 | dex_sell=0.074628 dex_buy=0.0746614 | spread_a=-5.6bps spread_b=-4.2bps | min=30.0bps
2026-05-08 22:01:07,472 | INFO | fetch_order_book: symbol=CHIP/USDC limit=20
2026-05-08 22:01:07,769 | INFO | fetch_order_book: mid=0.074705 spread=4.02bps bids=20 asks=20
2026-05-08 22:01:08,665 | INFO | SPREAD | pair=CHIP/USDC | cex=0.07469/0.07472 | dex_sell=0.0746651 dex_buy=0.0746912 | spread_a=-7.3bps spread_b=-0.2bps | min=30.0bps
2026-05-08 22:01:09,668 | INFO | fetch_order_book: symbol=CHIP/USDC limit=20
2026-05-08 22:01:10,325 | INFO | fetch_order_book: mid=0.074715 spread=4.02bps bids=20 asks=20
2026-05-08 22:01:11,192 | INFO | SPREAD | pair=CHIP/USDC | cex=0.0747/0.07473 | dex_sell=0.0746749 dex_buy=0.0746912 | spread_a=-7.4bps spread_b=1.2bps | min=30.0bps
2026-05-08 22:01:12,196 | INFO | fetch_order_book: symbol=CHIP/USDC limit=20
2026-05-08 22:01:12,457 | INFO | fetch_order_book: mid=0.07485 spread=2.67bps bids=20 asks=20
2026-05-08 22:01:13,357 | INFO | SPREAD | pair=CHIP/USDC | cex=0.07484/0.07486 | dex_sell=0.074717 dex_buy=0.0748487 | spread_a=-19.1bps spread_b=-1.2bps | min=30.0bps
2026-05-08 22:01:14,361 | INFO | fetch_order_book: symbol=CHIP/USDC limit=20
2026-05-08 22:01:14,617 | INFO | fetch_order_book: mid=0.074855 spread=6.68bps bids=20 asks=20
2026-05-08 22:01:15,458 | INFO | SPREAD | pair=CHIP/USDC | cex=0.07483/0.07488 | dex_sell=0.0748323 dex_buy=0.0748487 | spread_a=-6.4bps spread_b=-2.5bps | min=30.0bps
2026-05-08 22:01:16,462 | INFO | fetch_order_book: symbol=CHIP/USDC limit=20
2026-05-08 22:01:16,723 | INFO | fetch_order_book: mid=0.074855 spread=6.68bps bids=20 asks=20
2026-05-08 22:01:17,592 | INFO | SPREAD | pair=CHIP/USDC | cex=0.07483/0.07488 | dex_sell=0.0748323 dex_buy=0.0748487 | spread_a=-6.4bps spread_b=-2.5bps | min=30.0bps
2026-05-08 22:01:18,595 | INFO | fetch_order_book: symbol=CHIP/USDC limit=20
2026-05-08 22:01:18,856 | INFO | fetch_order_book: mid=0.07469 spread=8.03bps bids=20 asks=20
2026-05-08 22:01:19,757 | INFO | SPREAD | pair=CHIP/USDC | cex=0.07466/0.07472 | dex_sell=0.0747849 dex_buy=0.0747527 | spread_a=8.7bps spread_b=-12.4bps | min=30.0bps
2026-05-08 22:01:20,760 | INFO | fetch_order_book: symbol=CHIP/USDC limit=20
2026-05-08 22:01:21,126 | INFO | fetch_order_book: mid=0.074765 spread=6.69bps bids=20 asks=20
2026-05-08 22:01:22,000 | INFO | SPREAD | pair=CHIP/USDC | cex=0.07474/0.07479 | dex_sell=0.0747254 dex_buy=0.0747418 | spread_a=-8.6bps spread_b=-0.2bps | min=30.0bps
2026-05-08 22:01:23,004 | INFO | fetch_order_book: symbol=CHIP/USDC limit=20
2026-05-08 22:01:23,273 | INFO | fetch_order_book: mid=0.07477 spread=5.35bps bids=20 asks=20
2026-05-08 22:01:24,107 | INFO | SPREAD | pair=CHIP/USDC | cex=0.07475/0.07479 | dex_sell=0.0747254 dex_buy=0.0747418 | spread_a=-8.6bps spread_b=1.1bps | min=30.0bps
2026-05-08 22:01:25,110 | INFO | fetch_order_book: symbol=CHIP/USDC limit=20
2026-05-08 22:01:25,403 | INFO | fetch_order_book: mid=0.07477 spread=5.35bps bids=20 asks=20
2026-05-08 22:01:26,305 | INFO | SPREAD | pair=CHIP/USDC | cex=0.07475/0.07479 | dex_sell=0.0747254 dex_buy=0.0747418 | spread_a=-8.6bps spread_b=1.1bps | min=30.0bps
2026-05-08 22:01:27,309 | INFO | fetch_order_book: symbol=CHIP/USDC limit=20
2026-05-08 22:01:27,566 | INFO | fetch_order_book: mid=0.07477 spread=5.35bps bids=20 asks=20
2026-05-08 22:01:28,406 | INFO | SPREAD | pair=CHIP/USDC | cex=0.07475/0.07479 | dex_sell=0.0747254 dex_buy=0.0747418 | spread_a=-8.6bps spread_b=1.1bps | min=30.0bps
2026-05-08 22:01:29,409 | INFO | fetch_order_book: symbol=CHIP/USDC limit=20
2026-05-08 22:01:29,792 | INFO | fetch_order_book: mid=0.074895 spread=6.68bps bids=20 asks=20
2026-05-08 22:01:30,690 | INFO | SPREAD | pair=CHIP/USDC | cex=0.07487/0.07492 | dex_sell=0.0748176 dex_buy=0.0748885 | spread_a=-13.7bps spread_b=-2.5bps | min=30.0bps
2026-05-08 22:01:31,694 | INFO | fetch_order_book: symbol=CHIP/USDC limit=20
2026-05-08 22:01:32,091 | INFO | fetch_order_book: mid=0.074935 spread=4.00bps bids=20 asks=20
2026-05-08 22:01:32,977 | INFO | SPREAD | pair=CHIP/USDC | cex=0.07492/0.07495 | dex_sell=0.0748721 dex_buy=0.0748885 | spread_a=-10.4bps spread_b=4.2bps | min=30.0bps
2026-05-08 22:01:33,980 | INFO | fetch_order_book: symbol=CHIP/USDC limit=20
2026-05-08 22:01:34,244 | INFO | fetch_order_book: mid=0.074965 spread=4.00bps bids=20 asks=20
2026-05-08 22:01:35,151 | INFO | SPREAD | pair=CHIP/USDC | cex=0.07495/0.07498 | dex_sell=0.0749221 dex_buy=0.0749385 | spread_a=-7.7bps spread_b=1.5bps | min=30.0bps
2026-05-08 22:01:36,154 | INFO | fetch_order_book: symbol=CHIP/USDC limit=20
2026-05-08 22:01:36,415 | INFO | fetch_order_book: mid=0.07536 spread=10.62bps bids=20 asks=20
2026-05-08 22:01:37,303 | INFO | SPREAD | pair=CHIP/USDC | cex=0.07532/0.0754 | dex_sell=0.0750826 dex_buy=0.075277 | spread_a=-42.1bps spread_b=5.7bps | min=30.0bps
2026-05-08 22:01:38,306 | INFO | fetch_order_book: symbol=CHIP/USDC limit=20
2026-05-08 22:01:38,875 | INFO | fetch_order_book: mid=0.075335 spread=9.29bps bids=20 asks=20
2026-05-08 22:01:39,739 | INFO | SPREAD | pair=CHIP/USDC | cex=0.0753/0.07537 | dex_sell=0.0753308 dex_buy=0.0753388 | spread_a=-5.2bps spread_b=-5.1bps | min=30.0bps
2026-05-08 22:01:40,740 | INFO | fetch_order_book: symbol=CHIP/USDC limit=20
2026-05-08 22:01:41,069 | INFO | fetch_order_book: mid=0.07527 spread=7.97bps bids=20 asks=20
2026-05-08 22:01:41,885 | INFO | SPREAD | pair=CHIP/USDC | cex=0.07524/0.0753 | dex_sell=0.0752141 dex_buy=0.075239 | spread_a=-11.4bps spread_b=0.1bps | min=30.0bps
2026-05-08 22:01:42,888 | INFO | fetch_order_book: symbol=CHIP/USDC limit=20
2026-05-08 22:01:43,245 | INFO | fetch_order_book: mid=0.07524 spread=7.97bps bids=20 asks=20
2026-05-08 22:01:44,113 | INFO | SPREAD | pair=CHIP/USDC | cex=0.07521/0.07527 | dex_sell=0.07527 dex_buy=0.0752716 | spread_a=-0.0bps spread_b=-8.2bps | min=30.0bps
2026-05-08 22:01:45,117 | INFO | fetch_order_book: symbol=CHIP/USDC limit=20
2026-05-08 22:01:45,661 | INFO | fetch_order_book: mid=0.075415 spread=6.63bps bids=20 asks=20
2026-05-08 22:01:46,575 | INFO | SPREAD | pair=CHIP/USDC | cex=0.07539/0.07544 | dex_sell=0.0753816 dex_buy=0.0753981 | spread_a=-7.7bps spread_b=-1.1bps | min=30.0bps
2026-05-08 22:01:47,579 | INFO | fetch_order_book: symbol=CHIP/USDC limit=20
2026-05-08 22:01:47,848 | INFO | fetch_order_book: mid=0.075385 spread=6.63bps bids=20 asks=20
2026-05-08 22:01:48,728 | INFO | SPREAD | pair=CHIP/USDC | cex=0.07536/0.07541 | dex_sell=0.075374 dex_buy=0.0753773 | spread_a=-4.8bps spread_b=-2.3bps | min=30.0bps
2026-05-08 22:01:49,732 | INFO | fetch_order_book: symbol=CHIP/USDC limit=20
2026-05-08 22:01:49,991 | INFO | fetch_order_book: mid=0.07542 spread=7.96bps bids=20 asks=20
2026-05-08 22:01:50,886 | INFO | SPREAD | pair=CHIP/USDC | cex=0.07539/0.07545 | dex_sell=0.0753846 dex_buy=0.0754011 | spread_a=-8.7bps spread_b=-1.5bps | min=30.0bps
2026-05-08 22:01:51,890 | INFO | fetch_order_book: symbol=CHIP/USDC limit=20
2026-05-08 22:01:52,148 | INFO | fetch_order_book: mid=0.07541 spread=7.96bps bids=20 asks=20
2026-05-08 22:01:53,058 | INFO | SPREAD | pair=CHIP/USDC | cex=0.07538/0.07544 | dex_sell=0.0753767 dex_buy=0.0754012 | spread_a=-8.4bps spread_b=-2.8bps | min=30.0bps
2026-05-08 22:01:54,060 | INFO | fetch_order_book: symbol=CHIP/USDC limit=20
2026-05-08 22:01:54,326 | INFO | fetch_order_book: mid=0.07541 spread=7.96bps bids=20 asks=20
2026-05-08 22:01:55,192 | INFO | SPREAD | pair=CHIP/USDC | cex=0.07538/0.07544 | dex_sell=0.0753709 dex_buy=0.0754011 | spread_a=-9.2bps spread_b=-2.8bps | min=30.0bps
2026-05-08 22:01:56,195 | INFO | fetch_order_book: symbol=CHIP/USDC limit=20
2026-05-08 22:01:56,450 | INFO | fetch_order_book: mid=0.07541 spread=7.96bps bids=20 asks=20
2026-05-08 22:01:57,372 | INFO | SPREAD | pair=CHIP/USDC | cex=0.07538/0.07544 | dex_sell=0.075372 dex_buy=0.0753885 | spread_a=-9.0bps spread_b=-1.1bps | min=30.0bps
2026-05-08 22:01:58,376 | INFO | fetch_order_book: symbol=CHIP/USDC limit=20
2026-05-08 22:01:58,648 | INFO | fetch_order_book: mid=0.075315 spread=6.64bps bids=20 asks=20
2026-05-08 22:01:59,537 | INFO | SPREAD | pair=CHIP/USDC | cex=0.07529/0.07534 | dex_sell=0.0752835 dex_buy=0.0753 | spread_a=-7.5bps spread_b=-1.3bps | min=30.0bps
2026-05-08 22:02:00,539 | INFO | fetch_order_book: symbol=CHIP/USDC limit=20
2026-05-08 22:02:00,800 | INFO | fetch_order_book: mid=0.07528 spread=7.97bps bids=20 asks=20
2026-05-08 22:02:01,711 | INFO | SPREAD | pair=CHIP/USDC | cex=0.07525/0.07531 | dex_sell=0.0752388 dex_buy=0.0752553 | spread_a=-9.5bps spread_b=-0.7bps | min=30.0bps
2026-05-08 22:02:02,714 | INFO | fetch_order_book: symbol=CHIP/USDC limit=20
2026-05-08 22:02:02,969 | INFO | fetch_order_book: mid=0.075365 spread=6.63bps bids=20 asks=20
2026-05-08 22:02:03,872 | INFO | SPREAD | pair=CHIP/USDC | cex=0.07534/0.07539 | dex_sell=0.075292 dex_buy=0.0753585 | spread_a=-13.0bps spread_b=-2.4bps | min=30.0bps
2026-05-08 22:02:04,873 | INFO | fetch_order_book: symbol=CHIP/USDC limit=20
2026-05-08 22:02:05,137 | INFO | fetch_order_book: mid=0.07534 spread=5.31bps bids=20 asks=20
2026-05-08 22:02:06,022 | INFO | SPREAD | pair=CHIP/USDC | cex=0.07532/0.07536 | dex_sell=0.075342 dex_buy=0.0753585 | spread_a=-2.4bps spread_b=-5.1bps | min=30.0bps
2026-05-08 22:02:07,025 | INFO | fetch_order_book: symbol=CHIP/USDC limit=20
2026-05-08 22:02:07,281 | INFO | fetch_order_book: mid=0.075345 spread=6.64bps bids=20 asks=20
2026-05-08 22:02:08,117 | INFO | SPREAD | pair=CHIP/USDC | cex=0.07532/0.07537 | dex_sell=0.0753274 dex_buy=0.0753554 | spread_a=-5.6bps spread_b=-4.7bps | min=30.0bps
2026-05-08 22:02:09,121 | INFO | fetch_order_book: symbol=CHIP/USDC limit=20
2026-05-08 22:02:09,382 | INFO | fetch_order_book: mid=0.075345 spread=6.64bps bids=20 asks=20
2026-05-08 22:02:10,262 | INFO | SPREAD | pair=CHIP/USDC | cex=0.07532/0.07537 | dex_sell=0.0753389 dex_buy=0.0753554 | spread_a=-4.1bps spread_b=-4.7bps | min=30.0bps
2026-05-08 22:02:11,265 | INFO | fetch_order_book: symbol=CHIP/USDC limit=20
2026-05-08 22:02:11,664 | INFO | fetch_order_book: mid=0.07537 spread=2.65bps bids=20 asks=20
2026-05-08 22:02:12,575 | INFO | SPREAD | pair=CHIP/USDC | cex=0.07536/0.07538 | dex_sell=0.0753535 dex_buy=0.07537 | spread_a=-3.5bps spread_b=-1.3bps | min=30.0bps
2026-05-08 22:02:13,578 | INFO | fetch_order_book: symbol=CHIP/USDC limit=20
2026-05-08 22:02:13,850 | INFO | fetch_order_book: mid=0.07542 spread=5.30bps bids=20 asks=20
2026-05-08 22:02:14,749 | INFO | SPREAD | pair=CHIP/USDC | cex=0.0754/0.07544 | dex_sell=0.0753535 dex_buy=0.07537 | spread_a=-11.5bps spread_b=4.0bps | min=30.0bps
2026-05-08 22:02:15,752 | INFO | fetch_order_book: symbol=CHIP/USDC limit=20
2026-05-08 22:02:16,016 | INFO | fetch_order_book: mid=0.075375 spread=6.63bps bids=20 asks=20
2026-05-08 22:02:16,842 | INFO | SPREAD | pair=CHIP/USDC | cex=0.07535/0.0754 | dex_sell=0.0754063 dex_buy=0.0754228 | spread_a=0.8bps spread_b=-9.7bps | min=30.0bps
2026-05-08 22:02:17,845 | INFO | fetch_order_book: symbol=CHIP/USDC limit=20
2026-05-08 22:02:18,122 | INFO | fetch_order_book: mid=0.075395 spread=6.63bps bids=20 asks=20
2026-05-08 22:02:19,019 | INFO | SPREAD | pair=CHIP/USDC | cex=0.07537/0.07542 | dex_sell=0.0753972 dex_buy=0.0754137 | spread_a=-3.0bps spread_b=-5.8bps | min=30.0bps
2026-05-08 22:02:20,023 | INFO | fetch_order_book: symbol=CHIP/USDC limit=20
2026-05-08 22:02:20,289 | INFO | fetch_order_book: mid=0.075435 spread=6.63bps bids=20 asks=20
2026-05-08 22:02:21,176 | INFO | SPREAD | pair=CHIP/USDC | cex=0.07541/0.07546 | dex_sell=0.0754471 dex_buy=0.0754637 | spread_a=-1.7bps spread_b=-7.1bps | min=30.0bps
2026-05-08 22:02:22,179 | INFO | fetch_order_book: symbol=CHIP/USDC limit=20
2026-05-08 22:02:22,440 | INFO | fetch_order_book: mid=0.075515 spread=6.62bps bids=20 asks=20
2026-05-08 22:02:23,349 | INFO | SPREAD | pair=CHIP/USDC | cex=0.07549/0.07554 | dex_sell=0.0755019 dex_buy=0.0755184 | spread_a=-5.0bps spread_b=-3.8bps | min=30.0bps
2026-05-08 22:02:24,353 | INFO | fetch_order_book: symbol=CHIP/USDC limit=20
2026-05-08 22:02:24,663 | INFO | fetch_order_book: mid=0.07551 spread=5.30bps bids=20 asks=20
2026-05-08 22:02:25,550 | INFO | SPREAD | pair=CHIP/USDC | cex=0.07549/0.07553 | dex_sell=0.0754936 dex_buy=0.0755101 | spread_a=-4.8bps spread_b=-2.7bps | min=30.0bps
2026-05-08 22:02:26,553 | INFO | fetch_order_book: symbol=CHIP/USDC limit=20
2026-05-08 22:02:26,865 | INFO | fetch_order_book: mid=0.07551 spread=5.30bps bids=20 asks=20
2026-05-08 22:02:27,763 | INFO | SPREAD | pair=CHIP/USDC | cex=0.07549/0.07553 | dex_sell=0.0754882 dex_buy=0.0755155 | spread_a=-5.5bps spread_b=-3.4bps | min=30.0bps
2026-05-08 22:02:28,766 | INFO | fetch_order_book: symbol=CHIP/USDC limit=20
2026-05-08 22:02:29,021 | INFO | fetch_order_book: mid=0.075495 spread=6.62bps bids=20 asks=20
2026-05-08 22:02:29,859 | INFO | SPREAD | pair=CHIP/USDC | cex=0.07547/0.07552 | dex_sell=0.0754882 dex_buy=0.0755155 | spread_a=-4.2bps spread_b=-6.0bps | min=30.0bps
2026-05-08 22:02:30,862 | INFO | fetch_order_book: symbol=CHIP/USDC limit=20
2026-05-08 22:02:31,134 | INFO | fetch_order_book: mid=0.075435 spread=6.63bps bids=20 asks=20
2026-05-08 22:02:32,010 | INFO | SPREAD | pair=CHIP/USDC | cex=0.07541/0.07546 | dex_sell=0.0754053 dex_buy=0.0754324 | spread_a=-7.3bps spread_b=-3.0bps | min=30.0bps
2026-05-08 22:02:33,013 | INFO | fetch_order_book: symbol=CHIP/USDC limit=20
2026-05-08 22:02:33,272 | INFO | fetch_order_book: mid=0.07550 spread=5.30bps bids=20 asks=20
2026-05-08 22:02:34,222 | INFO | SPREAD | pair=CHIP/USDC | cex=0.07548/0.07552 | dex_sell=0.0754498 dex_buy=0.075517 | spread_a=-9.3bps spread_b=-4.9bps | min=30.0bps
2026-05-08 22:02:35,225 | INFO | fetch_order_book: symbol=CHIP/USDC limit=20
2026-05-08 22:02:35,487 | INFO | fetch_order_book: mid=0.075415 spread=3.98bps bids=20 asks=20
2026-05-08 22:02:36,366 | INFO | SPREAD | pair=CHIP/USDC | cex=0.0754/0.07543 | dex_sell=0.0754453 dex_buy=0.0754725 | spread_a=2.0bps spread_b=-9.6bps | min=30.0bps
2026-05-08 22:02:37,369 | INFO | fetch_order_book: symbol=CHIP/USDC limit=20
2026-05-08 22:02:37,644 | INFO | fetch_order_book: mid=0.07539 spread=2.65bps bids=20 asks=20
2026-05-08 22:02:38,505 | INFO | SPREAD | pair=CHIP/USDC | cex=0.07538/0.0754 | dex_sell=0.0754055 dex_buy=0.0754326 | spread_a=0.7bps spread_b=-7.0bps | min=30.0bps
2026-05-08 22:02:39,507 | INFO | fetch_order_book: symbol=CHIP/USDC limit=20
2026-05-08 22:02:39,767 | INFO | fetch_order_book: mid=0.07540 spread=5.31bps bids=20 asks=20
2026-05-08 22:02:40,641 | INFO | SPREAD | pair=CHIP/USDC | cex=0.07538/0.07542 | dex_sell=0.0753664 dex_buy=0.0753921 | spread_a=-7.1bps spread_b=-1.6bps | min=30.0bps
2026-05-08 22:02:41,644 | INFO | fetch_order_book: symbol=CHIP/USDC limit=20
2026-05-08 22:02:41,980 | INFO | fetch_order_book: mid=0.075325 spread=6.64bps bids=20 asks=20
2026-05-08 22:02:42,843 | INFO | SPREAD | pair=CHIP/USDC | cex=0.0753/0.07535 | dex_sell=0.0753661 dex_buy=0.0753919 | spread_a=2.1bps spread_b=-12.2bps | min=30.0bps
2026-05-08 22:02:43,847 | INFO | fetch_order_book: symbol=CHIP/USDC limit=20
2026-05-08 22:02:44,375 | INFO | fetch_order_book: mid=0.075115 spread=6.66bps bids=20 asks=20
2026-05-08 22:02:45,275 | INFO | SPREAD | pair=CHIP/USDC | cex=0.07509/0.07514 | dex_sell=0.0752062 dex_buy=0.0751817 | spread_a=8.8bps spread_b=-12.2bps | min=30.0bps
2026-05-08 22:02:46,279 | INFO | fetch_order_book: symbol=CHIP/USDC limit=20
2026-05-08 22:02:46,540 | INFO | fetch_order_book: mid=0.075355 spread=6.64bps bids=20 asks=20
2026-05-08 22:02:47,425 | INFO | SPREAD | pair=CHIP/USDC | cex=0.07533/0.07538 | dex_sell=0.0752605 dex_buy=0.0753362 | spread_a=-15.8bps spread_b=-0.8bps | min=30.0bps
2026-05-08 22:02:48,429 | INFO | fetch_order_book: symbol=CHIP/USDC limit=20
2026-05-08 22:02:48,684 | INFO | fetch_order_book: mid=0.07535 spread=7.96bps bids=20 asks=20
2026-05-08 22:02:49,581 | INFO | SPREAD | pair=CHIP/USDC | cex=0.07532/0.07538 | dex_sell=0.0753105 dex_buy=0.0753362 | spread_a=-9.2bps spread_b=-2.2bps | min=30.0bps
2026-05-08 22:02:50,586 | INFO | fetch_order_book: symbol=CHIP/USDC limit=20
2026-05-08 22:02:50,870 | INFO | fetch_order_book: mid=0.075385 spread=3.98bps bids=20 asks=20
2026-05-08 22:02:51,759 | INFO | SPREAD | pair=CHIP/USDC | cex=0.07537/0.0754 | dex_sell=0.0753503 dex_buy=0.0754162 | spread_a=-6.6bps spread_b=-6.1bps | min=30.0bps
2026-05-08 22:02:52,763 | INFO | fetch_order_book: symbol=CHIP/USDC limit=20
2026-05-08 22:02:53,075 | INFO | fetch_order_book: mid=0.07547 spread=2.65bps bids=20 asks=20
2026-05-08 22:02:53,979 | INFO | SPREAD | pair=CHIP/USDC | cex=0.07546/0.07548 | dex_sell=0.0754298 dex_buy=0.0754556 | spread_a=-6.6bps spread_b=0.6bps | min=30.0bps
2026-05-08 22:02:54,983 | INFO | fetch_order_book: symbol=CHIP/USDC limit=20
2026-05-08 22:02:55,245 | INFO | fetch_order_book: mid=0.07547 spread=7.95bps bids=20 asks=20
2026-05-08 22:02:56,123 | INFO | SPREAD | pair=CHIP/USDC | cex=0.07544/0.0755 | dex_sell=0.0754298 dex_buy=0.0754556 | spread_a=-9.3bps spread_b=-2.1bps | min=30.0bps
2026-05-08 22:02:57,126 | INFO | fetch_order_book: symbol=CHIP/USDC limit=20
2026-05-08 22:02:57,383 | INFO | fetch_order_book: mid=0.07546 spread=7.95bps bids=20 asks=20
2026-05-08 22:02:58,269 | INFO | SPREAD | pair=CHIP/USDC | cex=0.07543/0.07549 | dex_sell=0.0754298 dex_buy=0.0754556 | spread_a=-8.0bps spread_b=-3.4bps | min=30.0bps
2026-05-08 22:02:59,273 | INFO | fetch_order_book: symbol=CHIP/USDC limit=20
2026-05-08 22:02:59,529 | INFO | fetch_order_book: mid=0.075345 spread=6.64bps bids=20 asks=20
2026-05-08 22:03:00,408 | INFO | SPREAD | pair=CHIP/USDC | cex=0.07532/0.07537 | dex_sell=0.0753758 dex_buy=0.0754016 | spread_a=0.8bps spread_b=-10.8bps | min=30.0bps
2026-05-08 22:03:01,411 | INFO | fetch_order_book: symbol=CHIP/USDC limit=20
2026-05-08 22:03:01,670 | INFO | fetch_order_book: mid=0.07546 spread=5.30bps bids=20 asks=20
2026-05-08 22:03:02,566 | INFO | SPREAD | pair=CHIP/USDC | cex=0.07544/0.07548 | dex_sell=0.0753904 dex_buy=0.0754162 | spread_a=-11.9bps spread_b=3.2bps | min=30.0bps
2026-05-08 22:03:03,569 | INFO | fetch_order_book: symbol=CHIP/USDC limit=20
2026-05-08 22:03:03,828 | INFO | fetch_order_book: mid=0.07560 spread=5.29bps bids=20 asks=20
2026-05-08 22:03:04,708 | INFO | SPREAD | pair=CHIP/USDC | cex=0.07558/0.07562 | dex_sell=0.0755672 dex_buy=0.0755931 | spread_a=-7.0bps spread_b=-1.7bps | min=30.0bps
2026-05-08 22:03:05,711 | INFO | fetch_order_book: symbol=CHIP/USDC limit=20
2026-05-08 22:03:06,087 | INFO | fetch_order_book: mid=0.07548 spread=7.95bps bids=20 asks=20
2026-05-08 22:03:06,964 | INFO | SPREAD | pair=CHIP/USDC | cex=0.07545/0.07551 | dex_sell=0.0754763 dex_buy=0.0755021 | spread_a=-4.5bps spread_b=-6.9bps | min=30.0bps
2026-05-08 22:03:07,967 | INFO | fetch_order_book: symbol=CHIP/USDC limit=20
2026-05-08 22:03:08,225 | INFO | fetch_order_book: mid=0.07535 spread=5.31bps bids=20 asks=20
2026-05-08 22:03:09,084 | INFO | SPREAD | pair=CHIP/USDC | cex=0.07533/0.07537 | dex_sell=0.0754763 dex_buy=0.0753903 | spread_a=14.1bps spread_b=-8.0bps | min=30.0bps
2026-05-08 22:03:10,087 | INFO | fetch_order_book: symbol=CHIP/USDC limit=20
2026-05-08 22:03:10,481 | INFO | fetch_order_book: mid=0.07531 spread=5.31bps bids=20 asks=20
2026-05-08 22:03:11,388 | INFO | SPREAD | pair=CHIP/USDC | cex=0.07529/0.07533 | dex_sell=0.0752763 dex_buy=0.075302 | spread_a=-7.1bps spread_b=-1.6bps | min=30.0bps
2026-05-08 22:03:12,392 | INFO | fetch_order_book: symbol=CHIP/USDC limit=20
2026-05-08 22:03:12,680 | INFO | HOURLY_SUMMARY | signals=0 | passed_score=0 | passed_validator=0 | passed_risk=0 | trades=0 | success=0 | failed=0 | execution_rate=0.0% | errors={}
2026-05-08 22:03:12,746 | INFO | fetch_order_book: mid=0.075245 spread=3.99bps bids=20 asks=20
2026-05-08 22:03:13,593 | INFO | SPREAD | pair=CHIP/USDC | cex=0.07523/0.07526 | dex_sell=0.075266 dex_buy=0.0752518 | spread_a=0.8bps spread_b=-2.9bps | min=30.0bps
2026-05-08 22:03:14,597 | INFO | fetch_order_book: symbol=CHIP/USDC limit=20
2026-05-08 22:03:14,853 | INFO | fetch_order_book: mid=0.07538 spread=7.96bps bids=20 asks=20
2026-05-08 22:03:15,803 | INFO | SPREAD | pair=CHIP/USDC | cex=0.07535/0.07541 | dex_sell=0.0753705 dex_buy=0.0753963 | spread_a=-5.2bps spread_b=-6.1bps | min=30.0bps
2026-05-08 22:03:16,805 | INFO | fetch_order_book: symbol=CHIP/USDC limit=20
2026-05-08 22:03:17,061 | INFO | fetch_order_book: mid=0.07530 spread=5.31bps bids=20 asks=20
2026-05-08 22:03:17,944 | INFO | SPREAD | pair=CHIP/USDC | cex=0.07528/0.07532 | dex_sell=0.0753361 dex_buy=0.075312 | spread_a=2.1bps spread_b=-4.3bps | min=30.0bps
2026-05-08 22:03:18,947 | INFO | fetch_order_book: symbol=CHIP/USDC limit=20
2026-05-08 22:03:19,208 | INFO | fetch_order_book: mid=0.075295 spread=6.64bps bids=20 asks=20
2026-05-08 22:03:20,123 | INFO | SPREAD | pair=CHIP/USDC | cex=0.07527/0.07532 | dex_sell=0.0752863 dex_buy=0.075312 | spread_a=-4.5bps spread_b=-5.6bps | min=30.0bps
2026-05-08 22:03:21,125 | INFO | fetch_order_book: symbol=CHIP/USDC limit=20
2026-05-08 22:03:21,447 | INFO | fetch_order_book: mid=0.075305 spread=6.64bps bids=20 asks=20
2026-05-08 22:03:22,321 | INFO | SPREAD | pair=CHIP/USDC | cex=0.07528/0.07533 | dex_sell=0.0752863 dex_buy=0.075312 | spread_a=-5.8bps spread_b=-4.3bps | min=30.0bps
2026-05-08 22:03:23,324 | INFO | fetch_order_book: symbol=CHIP/USDC limit=20
2026-05-08 22:03:23,592 | INFO | fetch_order_book: mid=0.07531 spread=5.31bps bids=20 asks=20
2026-05-08 22:03:24,509 | INFO | SPREAD | pair=CHIP/USDC | cex=0.07529/0.07533 | dex_sell=0.0752863 dex_buy=0.075312 | spread_a=-5.8bps spread_b=-2.9bps | min=30.0bps
2026-05-08 22:03:25,512 | INFO | fetch_order_book: symbol=CHIP/USDC limit=20
2026-05-08 22:03:25,777 | INFO | fetch_order_book: mid=0.075155 spread=6.65bps bids=20 asks=20
2026-05-08 22:03:26,664 | INFO | SPREAD | pair=CHIP/USDC | cex=0.07513/0.07518 | dex_sell=0.0751658 dex_buy=0.0751915 | spread_a=-1.9bps spread_b=-8.2bps | min=30.0bps
2026-05-08 22:03:27,667 | INFO | fetch_order_book: symbol=CHIP/USDC limit=20
2026-05-08 22:03:27,927 | INFO | fetch_order_book: mid=0.075275 spread=6.64bps bids=20 asks=20
2026-05-08 22:03:28,787 | INFO | SPREAD | pair=CHIP/USDC | cex=0.07525/0.0753 | dex_sell=0.0752305 dex_buy=0.0753023 | spread_a=-9.2bps spread_b=-6.9bps | min=30.0bps
2026-05-08 22:03:29,790 | INFO | fetch_order_book: symbol=CHIP/USDC limit=20
2026-05-08 22:03:30,048 | INFO | fetch_order_book: mid=0.075275 spread=6.64bps bids=20 asks=20
2026-05-08 22:03:30,922 | INFO | SPREAD | pair=CHIP/USDC | cex=0.07525/0.0753 | dex_sell=0.0752766 dex_buy=0.0753023 | spread_a=-3.1bps spread_b=-6.9bps | min=30.0bps
2026-05-08 22:03:31,926 | INFO | fetch_order_book: symbol=CHIP/USDC limit=20
2026-05-08 22:03:32,185 | INFO | fetch_order_book: mid=0.07542 spread=5.30bps bids=20 asks=20
2026-05-08 22:03:33,108 | INFO | SPREAD | pair=CHIP/USDC | cex=0.0754/0.07544 | dex_sell=0.0754003 dex_buy=0.0754261 | spread_a=-5.3bps spread_b=-3.5bps | min=30.0bps
2026-05-08 22:03:34,112 | INFO | fetch_order_book: symbol=CHIP/USDC limit=20
2026-05-08 22:03:34,371 | INFO | fetch_order_book: mid=0.075375 spread=9.29bps bids=20 asks=20
2026-05-08 22:03:35,238 | INFO | SPREAD | pair=CHIP/USDC | cex=0.07534/0.07541 | dex_sell=0.0754003 dex_buy=0.0753919 | spread_a=-1.3bps spread_b=-6.9bps | min=30.0bps
2026-05-08 22:03:36,242 | INFO | fetch_order_book: symbol=CHIP/USDC limit=20
2026-05-08 22:03:36,567 | INFO | fetch_order_book: mid=0.07533 spread=5.31bps bids=20 asks=20
2026-05-08 22:03:37,459 | INFO | SPREAD | pair=CHIP/USDC | cex=0.07531/0.07535 | dex_sell=0.0753261 dex_buy=0.0753519 | spread_a=-3.2bps spread_b=-5.6bps | min=30.0bps
2026-05-08 22:03:38,462 | INFO | fetch_order_book: symbol=CHIP/USDC limit=20
2026-05-08 22:03:38,724 | INFO | fetch_order_book: mid=0.07535 spread=7.96bps bids=20 asks=20
2026-05-08 22:03:39,781 | INFO | SPREAD | pair=CHIP/USDC | cex=0.07532/0.07538 | dex_sell=0.0752861 dex_buy=0.0753118 | spread_a=-12.5bps spread_b=1.1bps | min=30.0bps
2026-05-08 22:03:40,785 | INFO | fetch_order_book: symbol=CHIP/USDC limit=20
2026-05-08 22:03:41,055 | INFO | fetch_order_book: mid=0.075345 spread=6.64bps bids=20 asks=20
2026-05-08 22:03:41,961 | INFO | SPREAD | pair=CHIP/USDC | cex=0.07532/0.07537 | dex_sell=0.0753204 dex_buy=0.0753461 | spread_a=-6.6bps spread_b=-3.5bps | min=30.0bps
2026-05-08 22:03:42,965 | INFO | fetch_order_book: symbol=CHIP/USDC limit=20
2026-05-08 22:03:43,229 | INFO | fetch_order_book: mid=0.07536 spread=5.31bps bids=20 asks=20
2026-05-08 22:03:44,158 | INFO | SPREAD | pair=CHIP/USDC | cex=0.07534/0.07538 | dex_sell=0.0753104 dex_buy=0.0753362 | spread_a=-9.2bps spread_b=0.5bps | min=30.0bps
2026-05-08 22:03:45,160 | INFO | fetch_order_book: symbol=CHIP/USDC limit=20
2026-05-08 22:03:45,421 | INFO | fetch_order_book: mid=0.07542 spread=5.30bps bids=20 asks=20
2026-05-08 22:03:46,369 | INFO | SPREAD | pair=CHIP/USDC | cex=0.0754/0.07544 | dex_sell=0.0753903 dex_buy=0.0754161 | spread_a=-6.6bps spread_b=-2.1bps | min=30.0bps
2026-05-08 22:03:47,372 | INFO | fetch_order_book: symbol=CHIP/USDC limit=20
2026-05-08 22:03:47,772 | INFO | fetch_order_book: mid=0.075425 spread=3.98bps bids=20 asks=20
2026-05-08 22:03:48,669 | INFO | SPREAD | pair=CHIP/USDC | cex=0.07541/0.07544 | dex_sell=0.0753903 dex_buy=0.0754161 | spread_a=-6.6bps spread_b=-0.8bps | min=30.0bps
2026-05-08 22:03:49,673 | INFO | fetch_order_book: symbol=CHIP/USDC limit=20
2026-05-08 22:03:50,386 | INFO | fetch_order_book: mid=0.07541 spread=5.30bps bids=20 asks=20
2026-05-08 22:03:51,296 | INFO | SPREAD | pair=CHIP/USDC | cex=0.07539/0.07543 | dex_sell=0.0753903 dex_buy=0.0754161 | spread_a=-5.3bps spread_b=-3.5bps | min=30.0bps
2026-05-08 22:03:52,299 | INFO | fetch_order_book: symbol=CHIP/USDC limit=20
2026-05-08 22:03:52,574 | INFO | fetch_order_book: mid=0.075545 spread=3.97bps bids=20 asks=20
2026-05-08 22:03:53,481 | INFO | SPREAD | pair=CHIP/USDC | cex=0.07553/0.07556 | dex_sell=0.0754404 dex_buy=0.0755214 | spread_a=-15.8bps spread_b=1.1bps | min=30.0bps
2026-05-08 22:03:54,484 | INFO | fetch_order_book: symbol=CHIP/USDC limit=20
2026-05-08 22:03:55,013 | INFO | fetch_order_book: mid=0.075545 spread=3.97bps bids=20 asks=20
2026-05-08 22:03:55,993 | INFO | SPREAD | pair=CHIP/USDC | cex=0.07553/0.07556 | dex_sell=0.0754957 dex_buy=0.0755215 | spread_a=-8.5bps spread_b=1.1bps | min=30.0bps
2026-05-08 22:03:56,997 | INFO | fetch_order_book: symbol=CHIP/USDC limit=20
2026-05-08 22:03:57,258 | INFO | fetch_order_book: mid=0.07554 spread=5.30bps bids=20 asks=20
2026-05-08 22:03:58,182 | INFO | SPREAD | pair=CHIP/USDC | cex=0.07552/0.07556 | dex_sell=0.0754957 dex_buy=0.0755215 | spread_a=-8.5bps spread_b=-0.2bps | min=30.0bps
2026-05-08 22:03:59,186 | INFO | fetch_order_book: symbol=CHIP/USDC limit=20
2026-05-08 22:03:59,470 | INFO | fetch_order_book: mid=0.075555 spread=3.97bps bids=20 asks=20
2026-05-08 22:04:00,505 | INFO | SPREAD | pair=CHIP/USDC | cex=0.07554/0.07557 | dex_sell=0.0754957 dex_buy=0.0755215 | spread_a=-9.8bps spread_b=2.4bps | min=30.0bps
2026-05-08 22:04:01,508 | INFO | fetch_order_book: symbol=CHIP/USDC limit=20
2026-05-08 22:04:01,768 | INFO | fetch_order_book: mid=0.07551 spread=5.30bps bids=20 asks=20
2026-05-08 22:04:02,804 | INFO | SPREAD | pair=CHIP/USDC | cex=0.07549/0.07553 | dex_sell=0.0754957 dex_buy=0.0755215 | spread_a=-4.5bps spread_b=-4.2bps | min=30.0bps
2026-05-08 22:04:03,808 | INFO | fetch_order_book: symbol=CHIP/USDC limit=20
2026-05-08 22:04:04,089 | INFO | fetch_order_book: mid=0.075575 spread=6.62bps bids=20 asks=20
2026-05-08 22:04:05,093 | INFO | SPREAD | pair=CHIP/USDC | cex=0.07555/0.0756 | dex_sell=0.0754957 dex_buy=0.0755215 | spread_a=-13.8bps spread_b=3.8bps | min=30.0bps
2026-05-08 22:04:06,096 | INFO | fetch_order_book: symbol=CHIP/USDC limit=20
2026-05-08 22:04:06,480 | INFO | fetch_order_book: mid=0.075585 spread=6.62bps bids=20 asks=20
2026-05-08 22:04:07,280 | INFO | SPREAD | pair=CHIP/USDC | cex=0.07556/0.07561 | dex_sell=0.0754957 dex_buy=0.0755215 | spread_a=-15.1bps spread_b=5.1bps | min=30.0bps
2026-05-08 22:04:08,283 | INFO | fetch_order_book: symbol=CHIP/USDC limit=20
2026-05-08 22:04:08,567 | INFO | fetch_order_book: mid=0.07562 spread=5.29bps bids=20 asks=20
2026-05-08 22:04:09,454 | INFO | SPREAD | pair=CHIP/USDC | cex=0.0756/0.07564 | dex_sell=0.0754957 dex_buy=0.0755215 | spread_a=-19.1bps spread_b=10.4bps | min=30.0bps
2026-05-08 22:04:10,458 | INFO | fetch_order_book: symbol=CHIP/USDC limit=20
2026-05-08 22:04:10,714 | INFO | fetch_order_book: mid=0.075615 spread=6.61bps bids=20 asks=20
2026-05-08 22:04:11,551 | INFO | SPREAD | pair=CHIP/USDC | cex=0.07559/0.07564 | dex_sell=0.0754957 dex_buy=0.0755215 | spread_a=-19.1bps spread_b=9.1bps | min=30.0bps
2026-05-08 22:04:12,554 | INFO | fetch_order_book: symbol=CHIP/USDC limit=20
2026-05-08 22:04:12,813 | INFO | fetch_order_book: mid=0.075625 spread=3.97bps bids=20 asks=20
2026-05-08 22:04:13,672 | INFO | SPREAD | pair=CHIP/USDC | cex=0.07561/0.07564 | dex_sell=0.0754957 dex_buy=0.0755215 | spread_a=-19.1bps spread_b=11.7bps | min=30.0bps
2026-05-08 22:04:14,676 | INFO | fetch_order_book: symbol=CHIP/USDC limit=20
2026-05-08 22:04:14,955 | INFO | fetch_order_book: mid=0.07558 spread=5.29bps bids=20 asks=20
2026-05-08 22:04:15,867 | INFO | SPREAD | pair=CHIP/USDC | cex=0.07556/0.0756 | dex_sell=0.0754957 dex_buy=0.0755215 | spread_a=-13.8bps spread_b=5.1bps | min=30.0bps
2026-05-08 22:04:16,871 | INFO | fetch_order_book: symbol=CHIP/USDC limit=20
2026-05-08 22:04:17,256 | INFO | fetch_order_book: mid=0.075575 spread=3.97bps bids=20 asks=20
2026-05-08 22:04:18,157 | INFO | SPREAD | pair=CHIP/USDC | cex=0.07556/0.07559 | dex_sell=0.0754957 dex_buy=0.0755215 | spread_a=-12.5bps spread_b=5.1bps | min=30.0bps
2026-05-08 22:04:19,161 | INFO | fetch_order_book: symbol=CHIP/USDC limit=20
2026-05-08 22:04:19,498 | INFO | fetch_order_book: mid=0.07555 spread=5.29bps bids=20 asks=20
2026-05-08 22:04:20,322 | INFO | SPREAD | pair=CHIP/USDC | cex=0.07553/0.07557 | dex_sell=0.0754957 dex_buy=0.0755215 | spread_a=-9.8bps spread_b=1.1bps | min=30.0bps
2026-05-08 22:04:21,326 | INFO | fetch_order_book: symbol=CHIP/USDC limit=20
2026-05-08 22:04:21,584 | INFO | fetch_order_book: mid=0.07559 spread=7.94bps bids=20 asks=20
2026-05-08 22:04:22,475 | INFO | SPREAD | pair=CHIP/USDC | cex=0.07556/0.07562 | dex_sell=0.0754957 dex_buy=0.0757511 | spread_a=-16.4bps spread_b=-25.2bps | min=30.0bps
2026-05-08 22:04:23,479 | INFO | fetch_order_book: symbol=CHIP/USDC limit=20
2026-05-08 22:04:23,742 | INFO | fetch_order_book: mid=0.07556 spread=7.94bps bids=20 asks=20
2026-05-08 22:04:24,624 | INFO | SPREAD | pair=CHIP/USDC | cex=0.07553/0.07559 | dex_sell=0.0755855 dex_buy=0.0756113 | spread_a=-0.6bps spread_b=-10.8bps | min=30.0bps
2026-05-08 22:04:25,628 | INFO | fetch_order_book: symbol=CHIP/USDC limit=20
2026-05-08 22:04:25,988 | INFO | fetch_order_book: mid=0.075575 spread=6.62bps bids=20 asks=20
2026-05-08 22:04:26,909 | INFO | SPREAD | pair=CHIP/USDC | cex=0.07555/0.0756 | dex_sell=0.0755461 dex_buy=0.0755719 | spread_a=-7.1bps spread_b=-2.9bps | min=30.0bps
2026-05-08 22:04:27,913 | INFO | fetch_order_book: symbol=CHIP/USDC limit=20
2026-05-08 22:04:28,170 | INFO | fetch_order_book: mid=0.075665 spread=3.96bps bids=20 asks=20
2026-05-08 22:04:29,078 | INFO | SPREAD | pair=CHIP/USDC | cex=0.07565/0.07568 | dex_sell=0.0756003 dex_buy=0.0756262 | spread_a=-10.5bps spread_b=3.2bps | min=30.0bps
2026-05-08 22:04:30,081 | INFO | fetch_order_book: symbol=CHIP/USDC limit=20
2026-05-08 22:04:30,344 | INFO | fetch_order_book: mid=0.075655 spread=6.61bps bids=20 asks=20
2026-05-08 22:04:31,218 | INFO | SPREAD | pair=CHIP/USDC | cex=0.07563/0.07568 | dex_sell=0.0756003 dex_buy=0.0756262 | spread_a=-10.5bps spread_b=0.5bps | min=30.0bps
2026-05-08 22:04:32,222 | INFO | fetch_order_book: symbol=CHIP/USDC limit=20
2026-05-08 22:04:32,519 | INFO | fetch_order_book: mid=0.07559 spread=5.29bps bids=20 asks=20
2026-05-08 22:04:33,413 | INFO | SPREAD | pair=CHIP/USDC | cex=0.07557/0.07561 | dex_sell=0.0756003 dex_buy=0.0756262 | spread_a=-1.3bps spread_b=-7.4bps | min=30.0bps
2026-05-08 22:04:34,417 | INFO | fetch_order_book: symbol=CHIP/USDC limit=20
2026-05-08 22:04:34,673 | INFO | fetch_order_book: mid=0.075655 spread=6.61bps bids=20 asks=20
2026-05-08 22:04:35,561 | INFO | SPREAD | pair=CHIP/USDC | cex=0.07563/0.07568 | dex_sell=0.0756003 dex_buy=0.0756262 | spread_a=-10.5bps spread_b=0.5bps | min=30.0bps
2026-05-08 22:04:36,564 | INFO | fetch_order_book: symbol=CHIP/USDC limit=20
2026-05-08 22:04:36,827 | INFO | fetch_order_book: mid=0.075655 spread=6.61bps bids=20 asks=20
2026-05-08 22:04:37,697 | INFO | SPREAD | pair=CHIP/USDC | cex=0.07563/0.07568 | dex_sell=0.0756003 dex_buy=0.0756262 | spread_a=-10.5bps spread_b=0.5bps | min=30.0bps
2026-05-08 22:04:38,699 | INFO | fetch_order_book: symbol=CHIP/USDC limit=20
2026-05-08 22:04:39,036 | INFO | fetch_order_book: mid=0.075675 spread=3.96bps bids=20 asks=20
2026-05-08 22:04:39,915 | INFO | SPREAD | pair=CHIP/USDC | cex=0.07566/0.07569 | dex_sell=0.0756003 dex_buy=0.0756262 | spread_a=-11.9bps spread_b=4.5bps | min=30.0bps
2026-05-08 22:04:40,918 | INFO | fetch_order_book: symbol=CHIP/USDC limit=20
2026-05-08 22:04:41,173 | INFO | fetch_order_book: mid=0.075685 spread=6.61bps bids=20 asks=20
2026-05-08 22:04:41,989 | INFO | SPREAD | pair=CHIP/USDC | cex=0.07566/0.07571 | dex_sell=0.0756003 dex_buy=0.0756262 | spread_a=-14.5bps spread_b=4.5bps | min=30.0bps
2026-05-08 22:04:42,992 | INFO | fetch_order_book: symbol=CHIP/USDC limit=20
2026-05-08 22:04:43,275 | INFO | fetch_order_book: mid=0.075535 spread=9.27bps bids=20 asks=20
2026-05-08 22:04:44,175 | INFO | SPREAD | pair=CHIP/USDC | cex=0.0755/0.07557 | dex_sell=0.0756003 dex_buy=0.0755822 | spread_a=4.0bps spread_b=-10.9bps | min=30.0bps
2026-05-08 22:04:45,178 | INFO | fetch_order_book: symbol=CHIP/USDC limit=20
2026-05-08 22:04:45,470 | INFO | fetch_order_book: mid=0.075465 spread=6.63bps bids=20 asks=20
2026-05-08 22:04:46,349 | INFO | SPREAD | pair=CHIP/USDC | cex=0.07544/0.07549 | dex_sell=0.0755162 dex_buy=0.0755763 | spread_a=3.5bps spread_b=-18.0bps | min=30.0bps
2026-05-08 22:04:47,352 | INFO | fetch_order_book: symbol=CHIP/USDC limit=20
2026-05-08 22:04:47,610 | INFO | fetch_order_book: mid=0.07545 spread=2.65bps bids=20 asks=20
2026-05-08 22:04:48,538 | INFO | SPREAD | pair=CHIP/USDC | cex=0.07544/0.07546 | dex_sell=0.0754804 dex_buy=0.0754216 | spread_a=2.7bps spread_b=2.4bps | min=30.0bps
2026-05-08 22:04:49,540 | INFO | fetch_order_book: symbol=CHIP/USDC limit=20
2026-05-08 22:04:49,795 | INFO | fetch_order_book: mid=0.07554 spread=7.94bps bids=20 asks=20
2026-05-08 22:04:50,690 | INFO | SPREAD | pair=CHIP/USDC | cex=0.07551/0.07557 | dex_sell=0.0754304 dex_buy=0.0754562 | spread_a=-18.5bps spread_b=7.1bps | min=30.0bps
2026-05-08 22:04:51,694 | INFO | fetch_order_book: symbol=CHIP/USDC limit=20
2026-05-08 22:04:51,958 | INFO | fetch_order_book: mid=0.075445 spread=6.63bps bids=20 asks=20
2026-05-08 22:04:52,853 | INFO | SPREAD | pair=CHIP/USDC | cex=0.07542/0.07547 | dex_sell=0.0754258 dex_buy=0.0754516 | spread_a=-5.9bps spread_b=-4.2bps | min=30.0bps
2026-05-08 22:04:53,856 | INFO | fetch_order_book: symbol=CHIP/USDC limit=20
2026-05-08 22:04:54,222 | INFO | fetch_order_book: mid=0.07539 spread=7.96bps bids=20 asks=20
2026-05-08 22:04:55,129 | INFO | SPREAD | pair=CHIP/USDC | cex=0.07536/0.07542 | dex_sell=0.0754258 dex_buy=0.0754119 | spread_a=0.8bps spread_b=-6.9bps | min=30.0bps
2026-05-08 22:04:56,132 | INFO | fetch_order_book: symbol=CHIP/USDC limit=20
2026-05-08 22:04:56,400 | INFO | fetch_order_book: mid=0.07541 spread=7.96bps bids=20 asks=20
2026-05-08 22:04:57,295 | INFO | SPREAD | pair=CHIP/USDC | cex=0.07538/0.07544 | dex_sell=0.0753861 dex_buy=0.0754119 | spread_a=-7.1bps spread_b=-4.2bps | min=30.0bps
2026-05-08 22:04:58,297 | INFO | fetch_order_book: symbol=CHIP/USDC limit=20
2026-05-08 22:04:58,562 | INFO | fetch_order_book: mid=0.075395 spread=6.63bps bids=20 asks=20
2026-05-08 22:04:59,530 | INFO | SPREAD | pair=CHIP/USDC | cex=0.07537/0.07542 | dex_sell=0.0753861 dex_buy=0.0754119 | spread_a=-4.5bps spread_b=-5.6bps | min=30.0bps
2026-05-08 22:05:00,533 | INFO | fetch_order_book: symbol=CHIP/USDC limit=20
2026-05-08 22:05:00,794 | INFO | fetch_order_book: mid=0.07526 spread=5.31bps bids=20 asks=20
2026-05-08 22:05:01,698 | INFO | SPREAD | pair=CHIP/USDC | cex=0.07524/0.07528 | dex_sell=0.0753799 dex_buy=0.0753619 | spread_a=13.3bps spread_b=-16.2bps | min=30.0bps
2026-05-08 22:05:02,701 | INFO | fetch_order_book: symbol=CHIP/USDC limit=20
2026-05-08 22:05:03,019 | INFO | fetch_order_book: mid=0.07512 spread=7.99bps bids=20 asks=20
2026-05-08 22:05:03,899 | INFO | SPREAD | pair=CHIP/USDC | cex=0.07509/0.07515 | dex_sell=0.0751961 dex_buy=0.0751716 | spread_a=6.1bps spread_b=-10.9bps | min=30.0bps
2026-05-08 22:05:04,902 | INFO | fetch_order_book: symbol=CHIP/USDC limit=20
2026-05-08 22:05:05,639 | INFO | fetch_order_book: mid=0.07491 spread=8.01bps bids=20 asks=20
2026-05-08 22:05:06,545 | INFO | SPREAD | pair=CHIP/USDC | cex=0.07488/0.07494 | dex_sell=0.075056 dex_buy=0.0750817 | spread_a=15.5bps spread_b=-26.9bps | min=30.0bps
2026-05-08 22:05:07,547 | INFO | fetch_order_book: symbol=CHIP/USDC limit=20
2026-05-08 22:05:08,047 | INFO | fetch_order_book: mid=0.074705 spread=4.02bps bids=20 asks=20
2026-05-08 22:05:08,936 | INFO | SPREAD | pair=CHIP/USDC | cex=0.07469/0.07472 | dex_sell=0.0746429 dex_buy=0.0746959 | spread_a=-10.3bps spread_b=-0.8bps | min=30.0bps
2026-05-08 22:05:09,938 | INFO | fetch_order_book: symbol=CHIP/USDC limit=20
2026-05-08 22:05:10,298 | INFO | fetch_order_book: mid=0.07472 spread=8.03bps bids=20 asks=20
2026-05-08 22:05:11,217 | INFO | SPREAD | pair=CHIP/USDC | cex=0.07469/0.07475 | dex_sell=0.0747207 dex_buy=0.0747462 | spread_a=-3.9bps spread_b=-7.5bps | min=30.0bps
2026-05-08 22:05:12,219 | INFO | fetch_order_book: symbol=CHIP/USDC limit=20
2026-05-08 22:05:12,728 | INFO | fetch_order_book: mid=0.07459 spread=8.04bps bids=20 asks=20
2026-05-08 22:05:13,619 | INFO | SPREAD | pair=CHIP/USDC | cex=0.07456/0.07462 | dex_sell=0.0745491 dex_buy=0.0745684 | spread_a=-9.5bps spread_b=-1.1bps | min=30.0bps
2026-05-08 22:05:14,621 | INFO | fetch_order_book: symbol=CHIP/USDC limit=20
2026-05-08 22:05:14,879 | INFO | fetch_order_book: mid=0.07457 spread=8.05bps bids=20 asks=20
2026-05-08 22:05:15,768 | INFO | SPREAD | pair=CHIP/USDC | cex=0.07454/0.0746 | dex_sell=0.0745737 dex_buy=0.0745688 | spread_a=-3.5bps spread_b=-3.9bps | min=30.0bps
2026-05-08 22:05:16,770 | INFO | fetch_order_book: symbol=CHIP/USDC limit=20
2026-05-08 22:05:17,028 | INFO | fetch_order_book: mid=0.074505 spread=6.71bps bids=20 asks=20
2026-05-08 22:05:17,899 | INFO | SPREAD | pair=CHIP/USDC | cex=0.07448/0.07453 | dex_sell=0.0745436 dex_buy=0.0745387 | spread_a=1.8bps spread_b=-7.9bps | min=30.0bps
2026-05-08 22:05:18,901 | INFO | fetch_order_book: symbol=CHIP/USDC limit=20
2026-05-08 22:05:19,161 | INFO | fetch_order_book: mid=0.074365 spread=6.72bps bids=20 asks=20
2026-05-08 22:05:20,065 | INFO | SPREAD | pair=CHIP/USDC | cex=0.07434/0.07439 | dex_sell=0.0743297 dex_buy=0.0743633 | spread_a=-8.1bps spread_b=-3.1bps | min=30.0bps
2026-05-08 22:05:21,067 | INFO | fetch_order_book: symbol=CHIP/USDC limit=20
2026-05-08 22:05:21,342 | INFO | fetch_order_book: mid=0.07444 spread=2.69bps bids=20 asks=20
2026-05-08 22:05:22,164 | INFO | SPREAD | pair=CHIP/USDC | cex=0.07443/0.07445 | dex_sell=0.0744238 dex_buy=0.0744431 | spread_a=-3.5bps spread_b=-1.8bps | min=30.0bps
2026-05-08 22:05:23,167 | INFO | fetch_order_book: symbol=CHIP/USDC limit=20
2026-05-08 22:05:23,544 | INFO | fetch_order_book: mid=0.07431 spread=2.69bps bids=20 asks=20
2026-05-08 22:05:24,529 | INFO | SPREAD | pair=CHIP/USDC | cex=0.0743/0.07432 | dex_sell=0.0743291 dex_buy=0.0743484 | spread_a=1.2bps spread_b=-6.5bps | min=30.0bps
2026-05-08 22:05:25,531 | INFO | fetch_order_book: symbol=CHIP/USDC limit=20
2026-05-08 22:05:25,792 | INFO | fetch_order_book: mid=0.07432 spread=5.38bps bids=20 asks=20
2026-05-08 22:05:26,879 | INFO | SPREAD | pair=CHIP/USDC | cex=0.0743/0.07434 | dex_sell=0.0743336 dex_buy=0.0743285 | spread_a=-0.9bps spread_b=-3.8bps | min=30.0bps
2026-05-08 22:05:27,884 | INFO | fetch_order_book: symbol=CHIP/USDC limit=20
2026-05-08 22:05:28,185 | INFO | fetch_order_book: mid=0.074465 spread=4.03bps bids=20 asks=20
2026-05-08 22:05:29,139 | INFO | SPREAD | pair=CHIP/USDC | cex=0.07445/0.07448 | dex_sell=0.0743934 dex_buy=0.0744531 | spread_a=-11.6bps spread_b=-0.4bps | min=30.0bps
2026-05-08 22:05:30,142 | INFO | fetch_order_book: symbol=CHIP/USDC limit=20
2026-05-08 22:05:30,400 | INFO | fetch_order_book: mid=0.074495 spread=6.71bps bids=20 asks=20
2026-05-08 22:05:31,513 | INFO | SPREAD | pair=CHIP/USDC | cex=0.07447/0.07452 | dex_sell=0.0744836 dex_buy=0.0744785 | spread_a=-4.9bps spread_b=-1.1bps | min=30.0bps
2026-05-08 22:05:32,515 | INFO | fetch_order_book: symbol=CHIP/USDC limit=20
2026-05-08 22:05:33,095 | INFO | fetch_order_book: mid=0.07450 spread=5.37bps bids=20 asks=20
2026-05-08 22:05:34,056 | INFO | SPREAD | pair=CHIP/USDC | cex=0.07448/0.07452 | dex_sell=0.0745137 dex_buy=0.0745085 | spread_a=-0.8bps spread_b=-3.8bps | min=30.0bps
2026-05-08 22:05:35,058 | INFO | fetch_order_book: symbol=CHIP/USDC limit=20
2026-05-08 22:05:35,332 | INFO | fetch_order_book: mid=0.07452 spread=8.05bps bids=20 asks=20
2026-05-08 22:05:36,267 | INFO | SPREAD | pair=CHIP/USDC | cex=0.07449/0.07455 | dex_sell=0.0744893 dex_buy=0.0745087 | spread_a=-8.1bps spread_b=-2.5bps | min=30.0bps
2026-05-08 22:05:37,269 | INFO | fetch_order_book: symbol=CHIP/USDC limit=20
2026-05-08 22:05:37,647 | INFO | fetch_order_book: mid=0.07454 spread=8.05bps bids=20 asks=20
2026-05-08 22:05:38,553 | INFO | SPREAD | pair=CHIP/USDC | cex=0.07451/0.07457 | dex_sell=0.0745034 dex_buy=0.0745731 | spread_a=-8.9bps spread_b=-8.5bps | min=30.0bps
2026-05-08 22:05:39,555 | INFO | fetch_order_book: symbol=CHIP/USDC limit=20
2026-05-08 22:05:39,919 | INFO | fetch_order_book: mid=0.074475 spread=6.71bps bids=20 asks=20
2026-05-08 22:05:41,222 | INFO | SPREAD | pair=CHIP/USDC | cex=0.07445/0.0745 | dex_sell=0.0744892 dex_buy=0.0745086 | spread_a=-1.4bps spread_b=-7.9bps | min=30.0bps
2026-05-08 22:05:42,225 | INFO | fetch_order_book: symbol=CHIP/USDC limit=20
2026-05-08 22:05:43,043 | INFO | fetch_order_book: mid=0.07442 spread=8.06bps bids=20 asks=20
2026-05-08 22:05:44,025 | INFO | SPREAD | pair=CHIP/USDC | cex=0.07439/0.07445 | dex_sell=0.074389 dex_buy=0.0744329 | spread_a=-8.2bps spread_b=-5.8bps | min=30.0bps
2026-05-08 22:05:45,028 | INFO | fetch_order_book: symbol=CHIP/USDC limit=20
2026-05-08 22:05:45,285 | INFO | fetch_order_book: mid=0.074305 spread=6.73bps bids=20 asks=20
2026-05-08 22:05:46,155 | INFO | SPREAD | pair=CHIP/USDC | cex=0.07428/0.07433 | dex_sell=0.0743692 dex_buy=0.0743885 | spread_a=5.3bps spread_b=-14.6bps | min=30.0bps
2026-05-08 22:05:47,158 | INFO | fetch_order_book: symbol=CHIP/USDC limit=20
2026-05-08 22:05:47,427 | INFO | fetch_order_book: mid=0.074155 spread=6.74bps bids=20 asks=20
2026-05-08 22:05:48,450 | INFO | SPREAD | pair=CHIP/USDC | cex=0.07413/0.07418 | dex_sell=0.0741887 dex_buy=0.0741786 | spread_a=1.2bps spread_b=-6.6bps | min=30.0bps
2026-05-08 22:05:49,453 | INFO | fetch_order_book: symbol=CHIP/USDC limit=20
2026-05-08 22:05:49,724 | INFO | fetch_order_book: mid=0.074125 spread=6.75bps bids=20 asks=20
2026-05-08 22:05:50,676 | INFO | SPREAD | pair=CHIP/USDC | cex=0.0741/0.07415 | dex_sell=0.0741134 dex_buy=0.0741326 | spread_a=-4.9bps spread_b=-4.4bps | min=30.0bps
2026-05-08 22:05:51,679 | INFO | fetch_order_book: symbol=CHIP/USDC limit=20
2026-05-08 22:05:51,940 | INFO | fetch_order_book: mid=0.07396 spread=8.11bps bids=20 asks=20
2026-05-08 22:05:53,081 | INFO | SPREAD | pair=CHIP/USDC | cex=0.07393/0.07399 | dex_sell=0.0739429 dex_buy=0.0739621 | spread_a=-6.4bps spread_b=-4.3bps | min=30.0bps
2026-05-08 22:05:54,084 | INFO | fetch_order_book: symbol=CHIP/USDC limit=20
2026-05-08 22:05:54,386 | INFO | fetch_order_book: mid=0.073855 spread=9.48bps bids=20 asks=20
2026-05-08 22:05:55,436 | INFO | SPREAD | pair=CHIP/USDC | cex=0.07382/0.07389 | dex_sell=0.0738317 dex_buy=0.0738509 | spread_a=-7.9bps spread_b=-4.2bps | min=30.0bps
2026-05-08 22:05:56,438 | INFO | fetch_order_book: symbol=CHIP/USDC limit=20
2026-05-08 22:05:56,793 | INFO | fetch_order_book: mid=0.073835 spread=6.77bps bids=20 asks=20
2026-05-08 22:05:57,841 | INFO | SPREAD | pair=CHIP/USDC | cex=0.07381/0.07386 | dex_sell=0.0738615 dex_buy=0.0738484 | spread_a=0.2bps spread_b=-5.2bps | min=30.0bps
2026-05-08 22:05:58,844 | INFO | fetch_order_book: symbol=CHIP/USDC limit=20
2026-05-08 22:05:59,141 | INFO | fetch_order_book: mid=0.07384 spread=2.71bps bids=20 asks=20
2026-05-08 22:06:00,344 | INFO | SPREAD | pair=CHIP/USDC | cex=0.07383/0.07385 | dex_sell=0.0738294 dex_buy=0.0738485 | spread_a=-2.8bps spread_b=-2.5bps | min=30.0bps
2026-05-08 22:06:01,347 | INFO | fetch_order_book: symbol=CHIP/USDC limit=20
2026-05-08 22:06:01,676 | INFO | fetch_order_book: mid=0.073965 spread=6.76bps bids=20 asks=20
2026-05-08 22:06:02,911 | INFO | SPREAD | pair=CHIP/USDC | cex=0.07394/0.07399 | dex_sell=0.0738838 dex_buy=0.0739428 | spread_a=-14.4bps spread_b=-0.4bps | min=30.0bps
2026-05-08 22:06:03,913 | INFO | fetch_order_book: symbol=CHIP/USDC limit=20
2026-05-08 22:06:04,557 | INFO | fetch_order_book: mid=0.073905 spread=6.77bps bids=20 asks=20
2026-05-08 22:06:05,481 | INFO | SPREAD | pair=CHIP/USDC | cex=0.07388/0.07393 | dex_sell=0.0739237 dex_buy=0.0739185 | spread_a=-0.8bps spread_b=-5.2bps | min=30.0bps
2026-05-08 22:06:06,483 | INFO | fetch_order_book: symbol=CHIP/USDC limit=20
2026-05-08 22:06:06,840 | INFO | fetch_order_book: mid=0.07383 spread=5.42bps bids=20 asks=20
2026-05-08 22:06:07,909 | INFO | SPREAD | pair=CHIP/USDC | cex=0.07381/0.07385 | dex_sell=0.0738394 dex_buy=0.0738081 | spread_a=-1.4bps spread_b=0.3bps | min=30.0bps
2026-05-08 22:06:08,911 | INFO | fetch_order_book: symbol=CHIP/USDC limit=20
2026-05-08 22:06:09,195 | INFO | fetch_order_book: mid=0.073815 spread=4.06bps bids=20 asks=20
2026-05-08 22:06:10,350 | INFO | SPREAD | pair=CHIP/USDC | cex=0.0738/0.07383 | dex_sell=0.0738592 dex_buy=0.0738448 | spread_a=4.0bps spread_b=-6.1bps | min=30.0bps
2026-05-08 22:06:11,353 | INFO | fetch_order_book: symbol=CHIP/USDC limit=20
2026-05-08 22:06:11,647 | INFO | fetch_order_book: mid=0.073645 spread=9.51bps bids=20 asks=20
2026-05-08 22:06:12,687 | INFO | SPREAD | pair=CHIP/USDC | cex=0.07361/0.07368 | dex_sell=0.0736092 dex_buy=0.0737728 | spread_a=-9.6bps spread_b=-22.1bps | min=30.0bps
2026-05-08 22:06:13,689 | INFO | fetch_order_book: symbol=CHIP/USDC limit=20
2026-05-08 22:06:13,945 | INFO | fetch_order_book: mid=0.07365 spread=5.43bps bids=20 asks=20
2026-05-08 22:06:14,846 | INFO | SPREAD | pair=CHIP/USDC | cex=0.07363/0.07367 | dex_sell=0.0736693 dex_buy=0.0736884 | spread_a=-0.1bps spread_b=-7.9bps | min=30.0bps
2026-05-08 22:06:15,847 | INFO | fetch_order_book: symbol=CHIP/USDC limit=20
2026-05-08 22:06:16,111 | INFO | fetch_order_book: mid=0.073675 spread=6.79bps bids=20 asks=20
2026-05-08 22:06:17,079 | INFO | SPREAD | pair=CHIP/USDC | cex=0.07365/0.0737 | dex_sell=0.0736693 dex_buy=0.0736884 | spread_a=-4.2bps spread_b=-5.2bps | min=30.0bps
2026-05-08 22:06:18,082 | INFO | fetch_order_book: symbol=CHIP/USDC limit=20
2026-05-08 22:06:18,344 | INFO | fetch_order_book: mid=0.073695 spread=6.78bps bids=20 asks=20
2026-05-08 22:06:19,250 | INFO | SPREAD | pair=CHIP/USDC | cex=0.07367/0.07372 | dex_sell=0.0736693 dex_buy=0.0736884 | spread_a=-6.9bps spread_b=-2.5bps | min=30.0bps
2026-05-08 22:06:20,253 | INFO | fetch_order_book: symbol=CHIP/USDC limit=20
2026-05-08 22:06:20,540 | INFO | fetch_order_book: mid=0.073865 spread=6.77bps bids=20 asks=20
2026-05-08 22:06:21,584 | INFO | SPREAD | pair=CHIP/USDC | cex=0.07384/0.07389 | dex_sell=0.0737811 dex_buy=0.0738329 | spread_a=-14.7bps spread_b=1.0bps | min=30.0bps
2026-05-08 22:06:22,587 | INFO | fetch_order_book: symbol=CHIP/USDC limit=20
2026-05-08 22:06:22,853 | INFO | fetch_order_book: mid=0.073745 spread=6.78bps bids=20 asks=20
2026-05-08 22:06:23,795 | INFO | SPREAD | pair=CHIP/USDC | cex=0.07372/0.07377 | dex_sell=0.0737493 dex_buy=0.0737684 | spread_a=-2.8bps spread_b=-6.6bps | min=30.0bps
2026-05-08 22:06:24,797 | INFO | fetch_order_book: symbol=CHIP/USDC limit=20
2026-05-08 22:06:26,257 | INFO | fetch_order_book: mid=0.07390 spread=5.41bps bids=20 asks=20
2026-05-08 22:06:27,182 | INFO | SPREAD | pair=CHIP/USDC | cex=0.07388/0.07392 | dex_sell=0.0738136 dex_buy=0.0738731 | spread_a=-14.4bps spread_b=0.9bps | min=30.0bps
2026-05-08 22:06:28,184 | INFO | fetch_order_book: symbol=CHIP/USDC limit=20
2026-05-08 22:06:28,441 | INFO | fetch_order_book: mid=0.074015 spread=6.76bps bids=20 asks=20
2026-05-08 22:06:29,289 | INFO | SPREAD | pair=CHIP/USDC | cex=0.07399/0.07404 | dex_sell=0.0739639 dex_buy=0.0739831 | spread_a=-10.3bps spread_b=0.9bps | min=30.0bps
2026-05-08 22:06:30,292 | INFO | fetch_order_book: symbol=CHIP/USDC limit=20
2026-05-08 22:06:30,569 | INFO | fetch_order_book: mid=0.074115 spread=6.75bps bids=20 asks=20
2026-05-08 22:06:31,584 | INFO | SPREAD | pair=CHIP/USDC | cex=0.07409/0.07414 | dex_sell=0.0741115 dex_buy=0.0741083 | spread_a=-3.8bps spread_b=-2.5bps | min=30.0bps
2026-05-08 22:06:32,587 | INFO | fetch_order_book: symbol=CHIP/USDC limit=20
2026-05-08 22:06:32,846 | INFO | fetch_order_book: mid=0.07416 spread=2.70bps bids=20 asks=20
2026-05-08 22:06:33,709 | INFO | SPREAD | pair=CHIP/USDC | cex=0.07415/0.07417 | dex_sell=0.074219 dex_buy=0.0742383 | spread_a=6.6bps spread_b=-11.9bps | min=30.0bps
2026-05-08 22:06:34,711 | INFO | fetch_order_book: symbol=CHIP/USDC limit=20
2026-05-08 22:06:34,967 | INFO | fetch_order_book: mid=0.074175 spread=6.74bps bids=20 asks=20
2026-05-08 22:06:35,839 | INFO | SPREAD | pair=CHIP/USDC | cex=0.07415/0.0742 | dex_sell=0.0741592 dex_buy=0.0741785 | spread_a=-5.5bps spread_b=-3.8bps | min=30.0bps
2026-05-08 22:06:36,842 | INFO | fetch_order_book: symbol=CHIP/USDC limit=20
2026-05-08 22:06:37,102 | INFO | fetch_order_book: mid=0.07417 spread=8.09bps bids=20 asks=20
2026-05-08 22:06:37,987 | INFO | SPREAD | pair=CHIP/USDC | cex=0.07414/0.0742 | dex_sell=0.0741538 dex_buy=0.074173 | spread_a=-6.2bps spread_b=-4.5bps | min=30.0bps
2026-05-08 22:06:38,990 | INFO | fetch_order_book: symbol=CHIP/USDC limit=20
2026-05-08 22:06:39,260 | INFO | fetch_order_book: mid=0.07411 spread=5.40bps bids=20 asks=20
2026-05-08 22:06:40,182 | INFO | SPREAD | pair=CHIP/USDC | cex=0.07409/0.07413 | dex_sell=0.0741008 dex_buy=0.07412 | spread_a=-3.9bps spread_b=-4.0bps | min=30.0bps
2026-05-08 22:06:41,186 | INFO | fetch_order_book: symbol=CHIP/USDC limit=20
2026-05-08 22:06:41,450 | INFO | fetch_order_book: mid=0.07394 spread=5.41bps bids=20 asks=20
2026-05-08 22:06:42,292 | INFO | SPREAD | pair=CHIP/USDC | cex=0.07392/0.07396 | dex_sell=0.0740293 dex_buy=0.0740485 | spread_a=9.4bps spread_b=-17.4bps | min=30.0bps
2026-05-08 22:06:43,295 | INFO | fetch_order_book: symbol=CHIP/USDC limit=20
2026-05-08 22:06:43,557 | INFO | fetch_order_book: mid=0.07395 spread=5.41bps bids=20 asks=20
2026-05-08 22:06:44,453 | INFO | SPREAD | pair=CHIP/USDC | cex=0.07393/0.07397 | dex_sell=0.0739324 dex_buy=0.0739516 | spread_a=-5.1bps spread_b=-2.9bps | min=30.0bps
2026-05-08 22:06:45,456 | INFO | fetch_order_book: symbol=CHIP/USDC limit=20
2026-05-08 22:06:45,711 | INFO | fetch_order_book: mid=0.074045 spread=6.75bps bids=20 asks=20
2026-05-08 22:06:46,522 | INFO | SPREAD | pair=CHIP/USDC | cex=0.07402/0.07407 | dex_sell=0.0739739 dex_buy=0.0739931 | spread_a=-13.0bps spread_b=3.6bps | min=30.0bps
2026-05-08 22:06:47,524 | INFO | fetch_order_book: symbol=CHIP/USDC limit=20
2026-05-08 22:06:47,791 | INFO | fetch_order_book: mid=0.074005 spread=6.76bps bids=20 asks=20
2026-05-08 22:06:48,681 | INFO | SPREAD | pair=CHIP/USDC | cex=0.07398/0.07403 | dex_sell=0.0740038 dex_buy=0.074023 | spread_a=-3.5bps spread_b=-5.8bps | min=30.0bps
2026-05-08 22:06:49,683 | INFO | fetch_order_book: symbol=CHIP/USDC limit=20
2026-05-08 22:06:49,951 | INFO | fetch_order_book: mid=0.07409 spread=2.70bps bids=20 asks=20
2026-05-08 22:06:50,812 | INFO | SPREAD | pair=CHIP/USDC | cex=0.07408/0.0741 | dex_sell=0.0740438 dex_buy=0.074063 | spread_a=-7.6bps spread_b=2.3bps | min=30.0bps
2026-05-08 22:06:51,815 | INFO | fetch_order_book: symbol=CHIP/USDC limit=20
2026-05-08 22:06:52,073 | INFO | fetch_order_book: mid=0.07409 spread=5.40bps bids=20 asks=20
2026-05-08 22:06:52,989 | INFO | SPREAD | pair=CHIP/USDC | cex=0.07407/0.07411 | dex_sell=0.0740737 dex_buy=0.0740929 | spread_a=-4.9bps spread_b=-3.1bps | min=30.0bps
2026-05-08 22:06:53,992 | INFO | fetch_order_book: symbol=CHIP/USDC limit=20
2026-05-08 22:06:54,348 | INFO | fetch_order_book: mid=0.07406 spread=5.40bps bids=20 asks=20
2026-05-08 22:06:55,194 | INFO | SPREAD | pair=CHIP/USDC | cex=0.07404/0.07408 | dex_sell=0.0740429 dex_buy=0.0740385 | spread_a=-5.0bps spread_b=0.2bps | min=30.0bps
2026-05-08 22:06:56,195 | INFO | fetch_order_book: symbol=CHIP/USDC limit=20
2026-05-08 22:06:56,451 | INFO | fetch_order_book: mid=0.07406 spread=5.40bps bids=20 asks=20
2026-05-08 22:06:57,349 | INFO | SPREAD | pair=CHIP/USDC | cex=0.07404/0.07408 | dex_sell=0.0740193 dex_buy=0.0740385 | spread_a=-8.2bps spread_b=0.2bps | min=30.0bps
2026-05-08 22:06:58,352 | INFO | fetch_order_book: symbol=CHIP/USDC limit=20
2026-05-08 22:06:58,742 | INFO | fetch_order_book: mid=0.074045 spread=6.75bps bids=20 asks=20
2026-05-08 22:06:59,644 | INFO | SPREAD | pair=CHIP/USDC | cex=0.07402/0.07407 | dex_sell=0.0740193 dex_buy=0.0740385 | spread_a=-6.8bps spread_b=-2.5bps | min=30.0bps
2026-05-08 22:07:00,646 | INFO | fetch_order_book: symbol=CHIP/USDC limit=20
2026-05-08 22:07:00,912 | INFO | fetch_order_book: mid=0.07389 spread=2.71bps bids=20 asks=20
2026-05-08 22:07:01,813 | INFO | SPREAD | pair=CHIP/USDC | cex=0.07388/0.0739 | dex_sell=0.0739492 dex_buy=0.0739516 | spread_a=6.7bps spread_b=-9.7bps | min=30.0bps
2026-05-08 22:07:02,816 | INFO | fetch_order_book: symbol=CHIP/USDC limit=20
2026-05-08 22:07:03,080 | INFO | fetch_order_book: mid=0.073935 spread=6.76bps bids=20 asks=20
2026-05-08 22:07:03,954 | INFO | SPREAD | pair=CHIP/USDC | cex=0.07391/0.07396 | dex_sell=0.0738197 dex_buy=0.0738389 | spread_a=-19.0bps spread_b=9.6bps | min=30.0bps
2026-05-08 22:07:04,956 | INFO | fetch_order_book: symbol=CHIP/USDC limit=20
2026-05-08 22:07:05,294 | INFO | fetch_order_book: mid=0.073825 spread=6.77bps bids=20 asks=20
2026-05-08 22:07:06,172 | INFO | SPREAD | pair=CHIP/USDC | cex=0.0738/0.07385 | dex_sell=0.0738587 dex_buy=0.0738779 | spread_a=1.2bps spread_b=-10.5bps | min=30.0bps
2026-05-08 22:07:07,174 | INFO | fetch_order_book: symbol=CHIP/USDC limit=20
2026-05-08 22:07:07,430 | INFO | fetch_order_book: mid=0.07387 spread=8.12bps bids=20 asks=20
2026-05-08 22:07:08,379 | INFO | SPREAD | pair=CHIP/USDC | cex=0.07384/0.0739 | dex_sell=0.073817 dex_buy=0.073863 | spread_a=-11.2bps spread_b=-3.1bps | min=30.0bps
2026-05-08 22:07:09,382 | INFO | fetch_order_book: symbol=CHIP/USDC limit=20
2026-05-08 22:07:09,639 | INFO | fetch_order_book: mid=0.074015 spread=6.76bps bids=20 asks=20
2026-05-08 22:07:10,539 | INFO | SPREAD | pair=CHIP/USDC | cex=0.07399/0.07404 | dex_sell=0.0739675 dex_buy=0.0739787 | spread_a=-9.8bps spread_b=1.5bps | min=30.0bps
2026-05-08 22:07:11,541 | INFO | fetch_order_book: symbol=CHIP/USDC limit=20
2026-05-08 22:07:11,801 | INFO | fetch_order_book: mid=0.07399 spread=5.41bps bids=20 asks=20
2026-05-08 22:07:12,758 | INFO | SPREAD | pair=CHIP/USDC | cex=0.07397/0.07401 | dex_sell=0.0739596 dex_buy=0.0739787 | spread_a=-6.8bps spread_b=-1.2bps | min=30.0bps
2026-05-08 22:07:13,760 | INFO | fetch_order_book: symbol=CHIP/USDC limit=20
2026-05-08 22:07:14,019 | INFO | fetch_order_book: mid=0.073945 spread=6.76bps bids=20 asks=20
2026-05-08 22:07:14,928 | INFO | SPREAD | pair=CHIP/USDC | cex=0.07392/0.07397 | dex_sell=0.0738908 dex_buy=0.0739328 | spread_a=-10.7bps spread_b=-1.7bps | min=30.0bps
2026-05-08 22:07:15,930 | INFO | fetch_order_book: symbol=CHIP/USDC limit=20
2026-05-08 22:07:16,280 | INFO | fetch_order_book: mid=0.07400 spread=5.41bps bids=20 asks=20
2026-05-08 22:07:17,264 | INFO | SPREAD | pair=CHIP/USDC | cex=0.07398/0.07402 | dex_sell=0.0739536 dex_buy=0.0739727 | spread_a=-9.0bps spread_b=1.0bps | min=30.0bps
2026-05-08 22:07:18,266 | INFO | fetch_order_book: symbol=CHIP/USDC limit=20
2026-05-08 22:07:18,525 | INFO | fetch_order_book: mid=0.073975 spread=6.76bps bids=20 asks=20
2026-05-08 22:07:19,449 | INFO | SPREAD | pair=CHIP/USDC | cex=0.07395/0.074 | dex_sell=0.0739838 dex_buy=0.0739686 | spread_a=-2.2bps spread_b=-2.5bps | min=30.0bps
2026-05-08 22:07:20,451 | INFO | fetch_order_book: symbol=CHIP/USDC limit=20
2026-05-08 22:07:20,718 | INFO | fetch_order_book: mid=0.073955 spread=4.06bps bids=20 asks=20
2026-05-08 22:07:21,606 | INFO | SPREAD | pair=CHIP/USDC | cex=0.07394/0.07397 | dex_sell=0.0739193 dex_buy=0.0739385 | spread_a=-6.8bps spread_b=0.2bps | min=30.0bps
2026-05-08 22:07:22,609 | INFO | fetch_order_book: symbol=CHIP/USDC limit=20
2026-05-08 22:07:22,867 | INFO | fetch_order_book: mid=0.074005 spread=6.76bps bids=20 asks=20
2026-05-08 22:07:23,742 | INFO | SPREAD | pair=CHIP/USDC | cex=0.07398/0.07403 | dex_sell=0.0739936 dex_buy=0.0740128 | spread_a=-4.9bps spread_b=-4.4bps | min=30.0bps
2026-05-08 22:07:24,744 | INFO | fetch_order_book: symbol=CHIP/USDC limit=20
2026-05-08 22:07:25,003 | INFO | fetch_order_book: mid=0.074025 spread=6.75bps bids=20 asks=20
2026-05-08 22:07:25,911 | INFO | SPREAD | pair=CHIP/USDC | cex=0.074/0.07405 | dex_sell=0.0740238 dex_buy=0.074043 | spread_a=-3.5bps spread_b=-5.8bps | min=30.0bps
2026-05-08 22:07:26,914 | INFO | fetch_order_book: symbol=CHIP/USDC limit=20
2026-05-08 22:07:27,174 | INFO | fetch_order_book: mid=0.07401 spread=5.40bps bids=20 asks=20
2026-05-08 22:07:28,161 | INFO | SPREAD | pair=CHIP/USDC | cex=0.07399/0.07403 | dex_sell=0.0740238 dex_buy=0.074043 | spread_a=-0.8bps spread_b=-7.2bps | min=30.0bps
2026-05-08 22:07:29,162 | INFO | fetch_order_book: symbol=CHIP/USDC limit=20
2026-05-08 22:07:29,549 | INFO | fetch_order_book: mid=0.074085 spread=4.05bps bids=20 asks=20
2026-05-08 22:07:30,420 | INFO | SPREAD | pair=CHIP/USDC | cex=0.07407/0.0741 | dex_sell=0.0740537 dex_buy=0.074073 | spread_a=-6.2bps spread_b=-0.4bps | min=30.0bps
2026-05-08 22:07:31,423 | INFO | fetch_order_book: symbol=CHIP/USDC limit=20
2026-05-08 22:07:31,682 | INFO | fetch_order_book: mid=0.074085 spread=4.05bps bids=20 asks=20
2026-05-08 22:07:32,642 | INFO | SPREAD | pair=CHIP/USDC | cex=0.07407/0.0741 | dex_sell=0.0740537 dex_buy=0.0741029 | spread_a=-6.2bps spread_b=-4.4bps | min=30.0bps
2026-05-08 22:07:33,644 | INFO | fetch_order_book: symbol=CHIP/USDC limit=20
2026-05-08 22:07:33,899 | INFO | fetch_order_book: mid=0.074145 spread=4.05bps bids=20 asks=20
2026-05-08 22:07:34,753 | INFO | SPREAD | pair=CHIP/USDC | cex=0.07413/0.07416 | dex_sell=0.0740837 dex_buy=0.0741029 | spread_a=-10.3bps spread_b=3.7bps | min=30.0bps
2026-05-08 22:07:35,755 | INFO | fetch_order_book: symbol=CHIP/USDC limit=20
2026-05-08 22:07:36,025 | INFO | fetch_order_book: mid=0.074155 spread=1.35bps bids=20 asks=20
2026-05-08 22:07:36,896 | INFO | SPREAD | pair=CHIP/USDC | cex=0.07415/0.07416 | dex_sell=0.0741536 dex_buy=0.0741485 | spread_a=-0.9bps spread_b=0.2bps | min=30.0bps
2026-05-08 22:07:37,898 | INFO | fetch_order_book: symbol=CHIP/USDC limit=20
2026-05-08 22:07:38,164 | INFO | fetch_order_book: mid=0.074165 spread=6.74bps bids=20 asks=20
2026-05-08 22:07:39,152 | INFO | SPREAD | pair=CHIP/USDC | cex=0.07414/0.07419 | dex_sell=0.0741538 dex_buy=0.074173 | spread_a=-4.9bps spread_b=-4.5bps | min=30.0bps
2026-05-08 22:07:40,154 | INFO | fetch_order_book: symbol=CHIP/USDC limit=20
2026-05-08 22:07:40,414 | INFO | fetch_order_book: mid=0.074165 spread=6.74bps bids=20 asks=20
2026-05-08 22:07:41,293 | INFO | SPREAD | pair=CHIP/USDC | cex=0.07414/0.07419 | dex_sell=0.0741291 dex_buy=0.0741729 | spread_a=-8.2bps spread_b=-4.4bps | min=30.0bps
2026-05-08 22:07:42,296 | INFO | fetch_order_book: symbol=CHIP/USDC limit=20
2026-05-08 22:07:42,565 | INFO | fetch_order_book: mid=0.07408 spread=8.10bps bids=20 asks=20
2026-05-08 22:07:43,475 | INFO | SPREAD | pair=CHIP/USDC | cex=0.07405/0.07411 | dex_sell=0.0741537 dex_buy=0.0741085 | spread_a=5.9bps spread_b=-7.9bps | min=30.0bps
2026-05-08 22:07:44,477 | INFO | fetch_order_book: symbol=CHIP/USDC limit=20
2026-05-08 22:07:44,732 | INFO | fetch_order_book: mid=0.074125 spread=6.75bps bids=20 asks=20
2026-05-08 22:07:45,688 | INFO | SPREAD | pair=CHIP/USDC | cex=0.0741/0.07415 | dex_sell=0.0740893 dex_buy=0.0741085 | spread_a=-8.2bps spread_b=-1.1bps | min=30.0bps
2026-05-08 22:07:46,691 | INFO | fetch_order_book: symbol=CHIP/USDC limit=20
2026-05-08 22:07:46,951 | INFO | fetch_order_book: mid=0.074065 spread=4.05bps bids=20 asks=20
2026-05-08 22:07:47,801 | INFO | SPREAD | pair=CHIP/USDC | cex=0.07405/0.07408 | dex_sell=0.0740794 dex_buy=0.0740484 | spread_a=-0.1bps spread_b=0.2bps | min=30.0bps
2026-05-08 22:07:48,803 | INFO | fetch_order_book: symbol=CHIP/USDC limit=20
2026-05-08 22:07:49,063 | INFO | fetch_order_book: mid=0.074115 spread=6.75bps bids=20 asks=20
2026-05-08 22:07:49,949 | INFO | SPREAD | pair=CHIP/USDC | cex=0.07409/0.07414 | dex_sell=0.0740538 dex_buy=0.074073 | spread_a=-11.6bps spread_b=2.3bps | min=30.0bps
2026-05-08 22:07:50,951 | INFO | fetch_order_book: symbol=CHIP/USDC limit=20
2026-05-08 22:07:51,213 | INFO | fetch_order_book: mid=0.07405 spread=5.40bps bids=20 asks=20
2026-05-08 22:07:52,087 | INFO | SPREAD | pair=CHIP/USDC | cex=0.07403/0.07407 | dex_sell=0.0740937 dex_buy=0.0740884 | spread_a=3.2bps spread_b=-7.9bps | min=30.0bps
2026-05-08 22:07:53,089 | INFO | fetch_order_book: symbol=CHIP/USDC limit=20
2026-05-08 22:07:53,424 | INFO | fetch_order_book: mid=0.07397 spread=2.70bps bids=20 asks=20
2026-05-08 22:07:54,314 | INFO | SPREAD | pair=CHIP/USDC | cex=0.07396/0.07398 | dex_sell=0.0740393 dex_buy=0.0740186 | spread_a=8.0bps spread_b=-7.9bps | min=30.0bps
2026-05-08 22:07:55,316 | INFO | fetch_order_book: symbol=CHIP/USDC limit=20
2026-05-08 22:07:55,581 | INFO | fetch_order_book: mid=0.073985 spread=6.76bps bids=20 asks=20
2026-05-08 22:07:56,453 | INFO | SPREAD | pair=CHIP/USDC | cex=0.07396/0.07401 | dex_sell=0.0739938 dex_buy=0.074013 | spread_a=-2.2bps spread_b=-7.2bps | min=30.0bps
2026-05-08 22:07:57,456 | INFO | fetch_order_book: symbol=CHIP/USDC limit=20
2026-05-08 22:07:57,719 | INFO | fetch_order_book: mid=0.073975 spread=4.06bps bids=20 asks=20
2026-05-08 22:07:58,634 | INFO | SPREAD | pair=CHIP/USDC | cex=0.07396/0.07399 | dex_sell=0.0739693 dex_buy=0.0739885 | spread_a=-2.8bps spread_b=-3.9bps | min=30.0bps
2026-05-08 22:07:59,636 | INFO | fetch_order_book: symbol=CHIP/USDC limit=20
2026-05-08 22:07:59,914 | INFO | fetch_order_book: mid=0.07406 spread=5.40bps bids=20 asks=20
2026-05-08 22:08:00,807 | INFO | SPREAD | pair=CHIP/USDC | cex=0.07404/0.07408 | dex_sell=0.0739938 dex_buy=0.074013 | spread_a=-11.6bps spread_b=3.6bps | min=30.0bps
2026-05-08 22:08:01,810 | INFO | fetch_order_book: symbol=CHIP/USDC limit=20
2026-05-08 22:08:02,088 | INFO | fetch_order_book: mid=0.073935 spread=6.76bps bids=20 asks=20
2026-05-08 22:08:03,007 | INFO | SPREAD | pair=CHIP/USDC | cex=0.07391/0.07396 | dex_sell=0.0738779 dex_buy=0.073923 | spread_a=-11.1bps spread_b=-1.8bps | min=30.0bps
2026-05-08 22:08:04,010 | INFO | fetch_order_book: symbol=CHIP/USDC limit=20
2026-05-08 22:08:04,463 | INFO | fetch_order_book: mid=0.073875 spread=6.77bps bids=20 asks=20
2026-05-08 22:08:05,353 | INFO | SPREAD | pair=CHIP/USDC | cex=0.07385/0.0739 | dex_sell=0.0738795 dex_buy=0.0738987 | spread_a=-2.8bps spread_b=-6.6bps | min=30.0bps
2026-05-08 22:08:06,356 | INFO | fetch_order_book: symbol=CHIP/USDC limit=20
2026-05-08 22:08:06,610 | INFO | fetch_order_book: mid=0.073935 spread=6.76bps bids=20 asks=20
2026-05-08 22:08:07,499 | INFO | SPREAD | pair=CHIP/USDC | cex=0.07391/0.07396 | dex_sell=0.0739337 dex_buy=0.0739528 | spread_a=-3.6bps spread_b=-5.8bps | min=30.0bps
2026-05-08 22:08:08,501 | INFO | fetch_order_book: symbol=CHIP/USDC limit=20
2026-05-08 22:08:08,769 | INFO | fetch_order_book: mid=0.07395 spread=5.41bps bids=20 asks=20
2026-05-08 22:08:09,708 | INFO | SPREAD | pair=CHIP/USDC | cex=0.07393/0.07397 | dex_sell=0.0739337 dex_buy=0.0739528 | spread_a=-4.9bps spread_b=-3.1bps | min=30.0bps
2026-05-08 22:08:10,711 | INFO | fetch_order_book: symbol=CHIP/USDC limit=20
2026-05-08 22:08:10,969 | INFO | fetch_order_book: mid=0.07388 spread=5.41bps bids=20 asks=20
2026-05-08 22:08:11,898 | INFO | SPREAD | pair=CHIP/USDC | cex=0.07386/0.0739 | dex_sell=0.0738994 dex_buy=0.0741081 | spread_a=-0.1bps spread_b=-33.5bps | min=30.0bps
2026-05-08 22:08:12,900 | INFO | fetch_order_book: symbol=CHIP/USDC limit=20
2026-05-08 22:08:13,164 | INFO | fetch_order_book: mid=0.073875 spread=6.77bps bids=20 asks=20
2026-05-08 22:08:14,010 | INFO | SPREAD | pair=CHIP/USDC | cex=0.07385/0.0739 | dex_sell=0.0738837 dex_buy=0.0739028 | spread_a=-2.2bps spread_b=-7.1bps | min=30.0bps
2026-05-08 22:08:15,011 | INFO | fetch_order_book: symbol=CHIP/USDC limit=20
2026-05-08 22:08:15,273 | INFO | fetch_order_book: mid=0.07389 spread=5.41bps bids=20 asks=20
2026-05-08 22:08:16,231 | INFO | SPREAD | pair=CHIP/USDC | cex=0.07387/0.07391 | dex_sell=0.0738837 dex_buy=0.0739028 | spread_a=-3.6bps spread_b=-4.4bps | min=30.0bps
2026-05-08 22:08:17,233 | INFO | fetch_order_book: symbol=CHIP/USDC limit=20
2026-05-08 22:08:17,496 | INFO | fetch_order_book: mid=0.07394 spread=5.41bps bids=20 asks=20
2026-05-08 22:08:18,375 | INFO | SPREAD | pair=CHIP/USDC | cex=0.07392/0.07396 | dex_sell=0.0739239 dex_buy=0.0739431 | spread_a=-4.9bps spread_b=-3.1bps | min=30.0bps
2026-05-08 22:08:19,378 | INFO | fetch_order_book: symbol=CHIP/USDC limit=20
2026-05-08 22:08:19,637 | INFO | fetch_order_book: mid=0.07395 spread=2.70bps bids=20 asks=20
2026-05-08 22:08:20,509 | INFO | SPREAD | pair=CHIP/USDC | cex=0.07394/0.07396 | dex_sell=0.0739438 dex_buy=0.073963 | spread_a=-2.2bps spread_b=-3.1bps | min=30.0bps
2026-05-08 22:08:21,512 | INFO | fetch_order_book: symbol=CHIP/USDC limit=20
2026-05-08 22:08:21,768 | INFO | fetch_order_book: mid=0.073935 spread=4.06bps bids=20 asks=20
2026-05-08 22:08:22,586 | INFO | SPREAD | pair=CHIP/USDC | cex=0.07392/0.07395 | dex_sell=0.0739438 dex_buy=0.073963 | spread_a=-0.8bps spread_b=-5.8bps | min=30.0bps
2026-05-08 22:08:23,589 | INFO | fetch_order_book: symbol=CHIP/USDC limit=20
2026-05-08 22:08:23,844 | INFO | fetch_order_book: mid=0.07387 spread=8.12bps bids=20 asks=20
2026-05-08 22:08:24,764 | INFO | SPREAD | pair=CHIP/USDC | cex=0.07384/0.0739 | dex_sell=0.0739438 dex_buy=0.0739383 | spread_a=5.9bps spread_b=-13.3bps | min=30.0bps
2026-05-08 22:08:25,766 | INFO | fetch_order_book: symbol=CHIP/USDC limit=20
2026-05-08 22:08:26,024 | INFO | fetch_order_book: mid=0.07388 spread=5.41bps bids=20 asks=20
2026-05-08 22:08:26,838 | INFO | SPREAD | pair=CHIP/USDC | cex=0.07386/0.0739 | dex_sell=0.0738893 dex_buy=0.0739085 | spread_a=-1.4bps spread_b=-6.6bps | min=30.0bps
2026-05-08 22:08:27,841 | INFO | fetch_order_book: symbol=CHIP/USDC limit=20
2026-05-08 22:08:28,111 | INFO | fetch_order_book: mid=0.073895 spread=1.35bps bids=20 asks=20
2026-05-08 22:08:29,144 | INFO | SPREAD | pair=CHIP/USDC | cex=0.07389/0.0739 | dex_sell=0.0738893 dex_buy=0.0739085 | spread_a=-1.4bps spread_b=-2.5bps | min=30.0bps
2026-05-08 22:08:30,147 | INFO | fetch_order_book: symbol=CHIP/USDC limit=20
2026-05-08 22:08:30,402 | INFO | fetch_order_book: mid=0.073885 spread=6.77bps bids=20 asks=20
2026-05-08 22:08:31,246 | INFO | SPREAD | pair=CHIP/USDC | cex=0.07386/0.07391 | dex_sell=0.0739138 dex_buy=0.073933 | spread_a=0.5bps spread_b=-9.9bps | min=30.0bps
2026-05-08 22:08:32,249 | INFO | fetch_order_book: symbol=CHIP/USDC limit=20
2026-05-08 22:08:32,505 | INFO | fetch_order_book: mid=0.07379 spread=5.42bps bids=20 asks=20
2026-05-08 22:08:33,393 | INFO | SPREAD | pair=CHIP/USDC | cex=0.07377/0.07381 | dex_sell=0.073829 dex_buy=0.0738184 | spread_a=2.6bps spread_b=-6.6bps | min=30.0bps
2026-05-08 22:08:34,395 | INFO | fetch_order_book: symbol=CHIP/USDC limit=20
2026-05-08 22:08:34,656 | INFO | fetch_order_book: mid=0.07375 spread=2.71bps bids=20 asks=20
2026-05-08 22:08:35,531 | INFO | SPREAD | pair=CHIP/USDC | cex=0.07374/0.07376 | dex_sell=0.0737993 dex_buy=0.0737884 | spread_a=5.3bps spread_b=-6.6bps | min=30.0bps
2026-05-08 22:08:36,533 | INFO | fetch_order_book: symbol=CHIP/USDC limit=20
2026-05-08 22:08:36,793 | INFO | fetch_order_book: mid=0.07379 spread=2.71bps bids=20 asks=20
2026-05-08 22:08:37,728 | INFO | SPREAD | pair=CHIP/USDC | cex=0.07378/0.0738 | dex_sell=0.0737693 dex_buy=0.0737703 | spread_a=-4.2bps spread_b=1.3bps | min=30.0bps
2026-05-08 22:08:38,730 | INFO | fetch_order_book: symbol=CHIP/USDC limit=20
2026-05-08 22:08:38,987 | INFO | fetch_order_book: mid=0.073625 spread=6.79bps bids=20 asks=20
2026-05-08 22:08:39,875 | INFO | SPREAD | pair=CHIP/USDC | cex=0.0736/0.07365 | dex_sell=0.0736393 dex_buy=0.0736584 | spread_a=-1.5bps spread_b=-7.9bps | min=30.0bps
2026-05-08 22:08:40,878 | INFO | fetch_order_book: symbol=CHIP/USDC limit=20
2026-05-08 22:08:41,136 | INFO | fetch_order_book: mid=0.07362 spread=5.43bps bids=20 asks=20
2026-05-08 22:08:42,018 | INFO | SPREAD | pair=CHIP/USDC | cex=0.0736/0.07364 | dex_sell=0.0736393 dex_buy=0.0736584 | spread_a=-0.1bps spread_b=-7.9bps | min=30.0bps
2026-05-08 22:08:43,021 | INFO | fetch_order_book: symbol=CHIP/USDC limit=20
2026-05-08 22:08:43,500 | INFO | fetch_order_book: mid=0.07370 spread=5.43bps bids=20 asks=20
2026-05-08 22:08:44,409 | INFO | SPREAD | pair=CHIP/USDC | cex=0.07368/0.07372 | dex_sell=0.0736914 dex_buy=0.0737329 | spread_a=-3.9bps spread_b=-7.2bps | min=30.0bps
2026-05-08 22:08:45,411 | INFO | fetch_order_book: symbol=CHIP/USDC limit=20
2026-05-08 22:08:45,667 | INFO | fetch_order_book: mid=0.07381 spread=5.42bps bids=20 asks=20
2026-05-08 22:08:46,566 | INFO | SPREAD | pair=CHIP/USDC | cex=0.07379/0.07383 | dex_sell=0.0737439 dex_buy=0.0738029 | spread_a=-11.7bps spread_b=-1.8bps | min=30.0bps
2026-05-08 22:08:47,568 | INFO | fetch_order_book: symbol=CHIP/USDC limit=20
2026-05-08 22:08:47,830 | INFO | fetch_order_book: mid=0.07394 spread=5.41bps bids=20 asks=20
2026-05-08 22:08:48,709 | INFO | SPREAD | pair=CHIP/USDC | cex=0.07392/0.07396 | dex_sell=0.0738539 dex_buy=0.0738731 | spread_a=-14.3bps spread_b=6.4bps | min=30.0bps
2026-05-08 22:08:49,713 | INFO | fetch_order_book: symbol=CHIP/USDC limit=20
2026-05-08 22:08:49,972 | INFO | fetch_order_book: mid=0.07388 spread=5.41bps bids=20 asks=20
2026-05-08 22:08:50,910 | INFO | SPREAD | pair=CHIP/USDC | cex=0.07386/0.0739 | dex_sell=0.0738592 dex_buy=0.0738784 | spread_a=-5.5bps spread_b=-2.5bps | min=30.0bps
2026-05-08 22:08:51,913 | INFO | fetch_order_book: symbol=CHIP/USDC limit=20
2026-05-08 22:08:52,171 | INFO | fetch_order_book: mid=0.073945 spread=4.06bps bids=20 asks=20
2026-05-08 22:08:53,042 | INFO | SPREAD | pair=CHIP/USDC | cex=0.07393/0.07396 | dex_sell=0.0739336 dex_buy=0.0739528 | spread_a=-3.6bps spread_b=-3.1bps | min=30.0bps
2026-05-08 22:08:54,044 | INFO | fetch_order_book: symbol=CHIP/USDC limit=20
2026-05-08 22:08:54,300 | INFO | fetch_order_book: mid=0.07402 spread=5.40bps bids=20 asks=20
2026-05-08 22:08:55,207 | INFO | SPREAD | pair=CHIP/USDC | cex=0.074/0.07404 | dex_sell=0.0739638 dex_buy=0.0740129 | spread_a=-10.3bps spread_b=-1.7bps | min=30.0bps
2026-05-08 22:08:56,209 | INFO | fetch_order_book: symbol=CHIP/USDC limit=20
2026-05-08 22:08:56,464 | INFO | fetch_order_book: mid=0.073965 spread=9.46bps bids=20 asks=20
2026-05-08 22:08:57,305 | INFO | SPREAD | pair=CHIP/USDC | cex=0.07393/0.074 | dex_sell=0.0739694 dex_buy=0.0739886 | spread_a=-4.1bps spread_b=-7.9bps | min=30.0bps
2026-05-08 22:08:58,307 | INFO | fetch_order_book: symbol=CHIP/USDC limit=20
2026-05-08 22:08:58,571 | INFO | fetch_order_book: mid=0.07395 spread=5.41bps bids=20 asks=20
2026-05-08 22:08:59,466 | INFO | SPREAD | pair=CHIP/USDC | cex=0.07393/0.07397 | dex_sell=0.0739694 dex_buy=0.0739886 | spread_a=-0.1bps spread_b=-7.9bps | min=30.0bps
2026-05-08 22:09:00,469 | INFO | fetch_order_book: symbol=CHIP/USDC limit=20
2026-05-08 22:09:00,724 | INFO | fetch_order_book: mid=0.07391 spread=8.12bps bids=20 asks=20
2026-05-08 22:09:01,603 | INFO | SPREAD | pair=CHIP/USDC | cex=0.07388/0.07394 | dex_sell=0.0739694 dex_buy=0.0739886 | spread_a=4.0bps spread_b=-14.7bps | min=30.0bps
2026-05-08 22:09:02,606 | INFO | fetch_order_book: symbol=CHIP/USDC limit=20
2026-05-08 22:09:02,867 | INFO | fetch_order_book: mid=0.07387 spread=2.71bps bids=20 asks=20
2026-05-08 22:09:03,769 | INFO | SPREAD | pair=CHIP/USDC | cex=0.07386/0.07388 | dex_sell=0.0738994 dex_buy=0.0738884 | spread_a=2.6bps spread_b=-3.8bps | min=30.0bps
2026-05-08 22:09:04,771 | INFO | fetch_order_book: symbol=CHIP/USDC limit=20
2026-05-08 22:09:05,103 | INFO | fetch_order_book: mid=0.07387 spread=2.71bps bids=20 asks=20
2026-05-08 22:09:05,983 | INFO | SPREAD | pair=CHIP/USDC | cex=0.07386/0.07388 | dex_sell=0.0738693 dex_buy=0.0738884 | spread_a=-1.5bps spread_b=-3.8bps | min=30.0bps
2026-05-08 22:09:06,985 | INFO | fetch_order_book: symbol=CHIP/USDC limit=20
2026-05-08 22:09:07,258 | INFO | fetch_order_book: mid=0.07390 spread=5.41bps bids=20 asks=20
2026-05-08 22:09:08,163 | INFO | SPREAD | pair=CHIP/USDC | cex=0.07388/0.07392 | dex_sell=0.0738938 dex_buy=0.0739129 | spread_a=-3.5bps spread_b=-4.5bps | min=30.0bps
2026-05-08 22:09:09,165 | INFO | fetch_order_book: symbol=CHIP/USDC limit=20
2026-05-08 22:09:09,432 | INFO | fetch_order_book: mid=0.073885 spread=6.77bps bids=20 asks=20
2026-05-08 22:09:10,291 | INFO | SPREAD | pair=CHIP/USDC | cex=0.07386/0.07391 | dex_sell=0.0738938 dex_buy=0.0739129 | spread_a=-2.2bps spread_b=-7.2bps | min=30.0bps
2026-05-08 22:09:11,293 | INFO | fetch_order_book: symbol=CHIP/USDC limit=20
2026-05-08 22:09:11,658 | INFO | fetch_order_book: mid=0.073875 spread=4.06bps bids=20 asks=20
2026-05-08 22:09:12,600 | INFO | SPREAD | pair=CHIP/USDC | cex=0.07386/0.07389 | dex_sell=0.0738938 dex_buy=0.0739129 | spread_a=0.5bps spread_b=-7.2bps | min=30.0bps
2026-05-08 22:09:13,602 | INFO | fetch_order_book: symbol=CHIP/USDC limit=20
2026-05-08 22:09:13,863 | INFO | fetch_order_book: mid=0.07383 spread=2.71bps bids=20 asks=20
2026-05-08 22:09:14,738 | INFO | SPREAD | pair=CHIP/USDC | cex=0.07382/0.07384 | dex_sell=0.0738292 dex_buy=0.0738484 | spread_a=-1.5bps spread_b=-3.8bps | min=30.0bps
2026-05-08 22:09:15,741 | INFO | fetch_order_book: symbol=CHIP/USDC limit=20
2026-05-08 22:09:15,996 | INFO | fetch_order_book: mid=0.07379 spread=8.13bps bids=20 asks=20
2026-05-08 22:09:17,011 | INFO | SPREAD | pair=CHIP/USDC | cex=0.07376/0.07382 | dex_sell=0.0738292 dex_buy=0.0738484 | spread_a=1.3bps spread_b=-12.0bps | min=30.0bps
2026-05-08 22:09:18,013 | INFO | fetch_order_book: symbol=CHIP/USDC limit=20
2026-05-08 22:09:18,269 | INFO | fetch_order_book: mid=0.07382 spread=8.13bps bids=20 asks=20
2026-05-08 22:09:19,206 | INFO | SPREAD | pair=CHIP/USDC | cex=0.07379/0.07385 | dex_sell=0.0738139 dex_buy=0.073833 | spread_a=-4.9bps spread_b=-5.8bps | min=30.0bps
2026-05-08 22:09:20,209 | INFO | fetch_order_book: symbol=CHIP/USDC limit=20
2026-05-08 22:09:20,467 | INFO | fetch_order_book: mid=0.07378 spread=5.42bps bids=20 asks=20
2026-05-08 22:09:21,505 | INFO | SPREAD | pair=CHIP/USDC | cex=0.07376/0.0738 | dex_sell=0.0737892 dex_buy=0.0738084 | spread_a=-1.5bps spread_b=-6.6bps | min=30.0bps
2026-05-08 22:09:22,507 | INFO | fetch_order_book: symbol=CHIP/USDC limit=20
2026-05-08 22:09:22,765 | INFO | fetch_order_book: mid=0.073815 spread=6.77bps bids=20 asks=20
2026-05-08 22:09:23,627 | INFO | SPREAD | pair=CHIP/USDC | cex=0.07379/0.07384 | dex_sell=0.0738137 dex_buy=0.0738329 | spread_a=-3.6bps spread_b=-5.8bps | min=30.0bps
2026-05-08 22:09:24,630 | INFO | fetch_order_book: symbol=CHIP/USDC limit=20
2026-05-08 22:09:25,052 | INFO | fetch_order_book: mid=0.07391 spread=2.71bps bids=20 asks=20
2026-05-08 22:09:25,993 | INFO | SPREAD | pair=CHIP/USDC | cex=0.0739/0.07392 | dex_sell=0.0738536 dex_buy=0.0739229 | spread_a=-9.0bps spread_b=-3.1bps | min=30.0bps
2026-05-08 22:09:26,996 | INFO | fetch_order_book: symbol=CHIP/USDC limit=20
2026-05-08 22:09:27,310 | INFO | fetch_order_book: mid=0.073985 spread=4.05bps bids=20 asks=20
2026-05-08 22:09:28,131 | INFO | SPREAD | pair=CHIP/USDC | cex=0.07397/0.074 | dex_sell=0.0739394 dex_buy=0.0739586 | spread_a=-8.2bps spread_b=1.5bps | min=30.0bps
2026-05-08 22:09:29,134 | INFO | fetch_order_book: symbol=CHIP/USDC limit=20
2026-05-08 22:09:29,474 | INFO | fetch_order_book: mid=0.07402 spread=5.40bps bids=20 asks=20
2026-05-08 22:09:30,396 | INFO | SPREAD | pair=CHIP/USDC | cex=0.074/0.07404 | dex_sell=0.0740036 dex_buy=0.0740228 | spread_a=-4.9bps spread_b=-3.1bps | min=30.0bps
2026-05-08 22:09:31,399 | INFO | fetch_order_book: symbol=CHIP/USDC limit=20
2026-05-08 22:09:31,654 | INFO | fetch_order_book: mid=0.074155 spread=6.74bps bids=20 asks=20
2026-05-08 22:09:32,549 | INFO | SPREAD | pair=CHIP/USDC | cex=0.07413/0.07418 | dex_sell=0.0741209 dex_buy=0.074183 | spread_a=-8.0bps spread_b=-7.1bps | min=30.0bps
2026-05-08 22:09:33,551 | INFO | fetch_order_book: symbol=CHIP/USDC limit=20
2026-05-08 22:09:33,812 | INFO | fetch_order_book: mid=0.074195 spread=6.74bps bids=20 asks=20
2026-05-08 22:09:34,723 | INFO | SPREAD | pair=CHIP/USDC | cex=0.07417/0.07422 | dex_sell=0.0741536 dex_buy=0.0741728 | spread_a=-8.9bps spread_b=-0.4bps | min=30.0bps
2026-05-08 22:09:35,725 | INFO | fetch_order_book: symbol=CHIP/USDC limit=20
2026-05-08 22:09:35,983 | INFO | fetch_order_book: mid=0.074175 spread=4.04bps bids=20 asks=20
2026-05-08 22:09:36,846 | INFO | SPREAD | pair=CHIP/USDC | cex=0.07416/0.07419 | dex_sell=0.0741536 dex_buy=0.0741728 | spread_a=-4.9bps spread_b=-1.7bps | min=30.0bps
2026-05-08 22:09:37,848 | INFO | fetch_order_book: symbol=CHIP/USDC limit=20
2026-05-08 22:09:38,117 | INFO | fetch_order_book: mid=0.07436 spread=5.38bps bids=20 asks=20
2026-05-08 22:09:39,000 | INFO | SPREAD | pair=CHIP/USDC | cex=0.07434/0.07438 | dex_sell=0.0741293 dex_buy=0.0742997 | spread_a=-33.7bps spread_b=5.4bps | min=30.0bps
2026-05-08 22:09:40,003 | INFO | fetch_order_book: symbol=CHIP/USDC limit=20
2026-05-08 22:09:40,267 | INFO | fetch_order_book: mid=0.074255 spread=6.73bps bids=20 asks=20
2026-05-08 22:09:41,161 | INFO | SPREAD | pair=CHIP/USDC | cex=0.07423/0.07428 | dex_sell=0.0742891 dex_buy=0.0742786 | spread_a=1.2bps spread_b=-6.5bps | min=30.0bps
2026-05-08 22:09:42,164 | INFO | fetch_order_book: symbol=CHIP/USDC limit=20
2026-05-08 22:09:42,437 | INFO | fetch_order_book: mid=0.074195 spread=6.74bps bids=20 asks=20
2026-05-08 22:09:43,291 | INFO | SPREAD | pair=CHIP/USDC | cex=0.07417/0.07422 | dex_sell=0.0742593 dex_buy=0.0742786 | spread_a=5.3bps spread_b=-14.6bps | min=30.0bps
2026-05-08 22:09:44,294 | INFO | fetch_order_book: symbol=CHIP/USDC limit=20
2026-05-08 22:09:44,557 | INFO | fetch_order_book: mid=0.074075 spread=4.05bps bids=20 asks=20
2026-05-08 22:09:45,432 | INFO | SPREAD | pair=CHIP/USDC | cex=0.07406/0.07409 | dex_sell=0.0741493 dex_buy=0.0741177 | spread_a=8.0bps spread_b=-7.8bps | min=30.0bps
2026-05-08 22:09:46,435 | INFO | fetch_order_book: symbol=CHIP/USDC limit=20
2026-05-08 22:09:46,850 | INFO | fetch_order_book: mid=0.07412 spread=5.40bps bids=20 asks=20
2026-05-08 22:09:47,755 | INFO | SPREAD | pair=CHIP/USDC | cex=0.0741/0.07414 | dex_sell=0.0740892 dex_buy=0.074133 | spread_a=-6.8bps spread_b=-4.5bps | min=30.0bps
2026-05-08 22:09:48,758 | INFO | fetch_order_book: symbol=CHIP/USDC limit=20
2026-05-08 22:09:49,013 | INFO | fetch_order_book: mid=0.074125 spread=6.75bps bids=20 asks=20
2026-05-08 22:09:49,883 | INFO | SPREAD | pair=CHIP/USDC | cex=0.0741/0.07415 | dex_sell=0.074109 dex_buy=0.0741282 | spread_a=-5.5bps spread_b=-3.8bps | min=30.0bps
2026-05-08 22:09:50,886 | INFO | fetch_order_book: symbol=CHIP/USDC limit=20
2026-05-08 22:09:51,143 | INFO | fetch_order_book: mid=0.07414 spread=2.70bps bids=20 asks=20
2026-05-08 22:09:52,011 | INFO | SPREAD | pair=CHIP/USDC | cex=0.07413/0.07415 | dex_sell=0.074109 dex_buy=0.0741282 | spread_a=-5.5bps spread_b=0.2bps | min=30.0bps
2026-05-08 22:09:53,013 | INFO | fetch_order_book: symbol=CHIP/USDC limit=20
2026-05-08 22:09:53,277 | INFO | fetch_order_book: mid=0.07419 spread=5.39bps bids=20 asks=20
2026-05-08 22:09:54,165 | INFO | SPREAD | pair=CHIP/USDC | cex=0.07417/0.07421 | dex_sell=0.0741535 dex_buy=0.0741728 | spread_a=-7.6bps spread_b=-0.4bps | min=30.0bps
2026-05-08 22:09:55,168 | INFO | fetch_order_book: symbol=CHIP/USDC limit=20
2026-05-08 22:09:55,427 | INFO | fetch_order_book: mid=0.074415 spread=6.72bps bids=20 asks=20
2026-05-08 22:09:56,309 | INFO | SPREAD | pair=CHIP/USDC | cex=0.07439/0.07444 | dex_sell=0.074303 dex_buy=0.0743223 | spread_a=-18.4bps spread_b=9.1bps | min=30.0bps
2026-05-08 22:09:57,311 | INFO | fetch_order_book: symbol=CHIP/USDC limit=20
2026-05-08 22:09:57,594 | INFO | fetch_order_book: mid=0.074375 spread=12.10bps bids=20 asks=20
2026-05-08 22:09:58,532 | INFO | SPREAD | pair=CHIP/USDC | cex=0.07433/0.07442 | dex_sell=0.0743736 dex_buy=0.0743685 | spread_a=-6.2bps spread_b=-5.2bps | min=30.0bps
2026-05-08 22:09:59,536 | INFO | fetch_order_book: symbol=CHIP/USDC limit=20
2026-05-08 22:09:59,792 | INFO | fetch_order_book: mid=0.07439 spread=5.38bps bids=20 asks=20
2026-05-08 22:10:00,685 | INFO | SPREAD | pair=CHIP/USDC | cex=0.07437/0.07441 | dex_sell=0.0743492 dex_buy=0.0743685 | spread_a=-8.2bps spread_b=0.2bps | min=30.0bps
2026-05-08 22:10:01,689 | INFO | fetch_order_book: symbol=CHIP/USDC limit=20
2026-05-08 22:10:01,999 | INFO | fetch_order_book: mid=0.07439 spread=5.38bps bids=20 asks=20
2026-05-08 22:10:02,971 | INFO | SPREAD | pair=CHIP/USDC | cex=0.07437/0.07441 | dex_sell=0.0743492 dex_buy=0.0743685 | spread_a=-8.2bps spread_b=0.2bps | min=30.0bps
2026-05-08 22:10:03,974 | INFO | fetch_order_book: symbol=CHIP/USDC limit=20
2026-05-08 22:10:04,295 | INFO | fetch_order_book: mid=0.07447 spread=2.69bps bids=20 asks=20
2026-05-08 22:10:05,207 | INFO | SPREAD | pair=CHIP/USDC | cex=0.07446/0.07448 | dex_sell=0.0744197 dex_buy=0.0744728 | spread_a=-8.1bps spread_b=-1.7bps | min=30.0bps
2026-05-08 22:10:06,209 | INFO | fetch_order_book: symbol=CHIP/USDC limit=20
2026-05-08 22:10:06,561 | INFO | fetch_order_book: mid=0.07469 spread=2.68bps bids=20 asks=20
2026-05-08 22:10:07,455 | INFO | SPREAD | pair=CHIP/USDC | cex=0.07468/0.0747 | dex_sell=0.0748376 dex_buy=0.0748631 | spread_a=18.4bps spread_b=-24.5bps | min=30.0bps
2026-05-08 22:10:08,459 | INFO | fetch_order_book: symbol=CHIP/USDC limit=20
2026-05-08 22:10:08,747 | INFO | fetch_order_book: mid=0.07471 spread=8.03bps bids=20 asks=20
2026-05-08 22:10:09,641 | INFO | SPREAD | pair=CHIP/USDC | cex=0.07468/0.07474 | dex_sell=0.0747104 dex_buy=0.0747359 | spread_a=-4.0bps spread_b=-7.5bps | min=30.0bps
2026-05-08 22:10:10,644 | INFO | fetch_order_book: symbol=CHIP/USDC limit=20
2026-05-08 22:10:11,393 | INFO | fetch_order_book: mid=0.074625 spread=6.70bps bids=20 asks=20
2026-05-08 22:10:12,342 | INFO | SPREAD | pair=CHIP/USDC | cex=0.0746/0.07465 | dex_sell=0.0746293 dex_buy=0.0746487 | spread_a=-2.8bps spread_b=-6.5bps | min=30.0bps
2026-05-08 22:10:13,346 | INFO | fetch_order_book: symbol=CHIP/USDC limit=20
2026-05-08 22:10:13,617 | INFO | fetch_order_book: mid=0.07460 spread=8.04bps bids=20 asks=20
2026-05-08 22:10:14,514 | INFO | SPREAD | pair=CHIP/USDC | cex=0.07457/0.07463 | dex_sell=0.0745592 dex_buy=0.0745785 | spread_a=-9.5bps spread_b=-1.1bps | min=30.0bps
2026-05-08 22:10:15,516 | INFO | fetch_order_book: symbol=CHIP/USDC limit=20
2026-05-08 22:10:15,875 | INFO | fetch_order_book: mid=0.074645 spread=4.02bps bids=20 asks=20
2026-05-08 22:10:16,720 | INFO | SPREAD | pair=CHIP/USDC | cex=0.07463/0.07466 | dex_sell=0.0745937 dex_buy=0.074613 | spread_a=-8.9bps spread_b=2.3bps | min=30.0bps
2026-05-08 22:10:17,723 | INFO | fetch_order_book: symbol=CHIP/USDC limit=20
2026-05-08 22:10:17,984 | INFO | fetch_order_book: mid=0.07469 spread=8.03bps bids=20 asks=20
2026-05-08 22:10:18,884 | INFO | SPREAD | pair=CHIP/USDC | cex=0.07466/0.07472 | dex_sell=0.0746237 dex_buy=0.0746758 | spread_a=-12.9bps spread_b=-2.1bps | min=30.0bps
2026-05-08 22:10:19,888 | INFO | fetch_order_book: symbol=CHIP/USDC limit=20
2026-05-08 22:10:20,147 | INFO | fetch_order_book: mid=0.07481 spread=5.35bps bids=20 asks=20
2026-05-08 22:10:20,986 | INFO | SPREAD | pair=CHIP/USDC | cex=0.07479/0.07483 | dex_sell=0.0746534 dex_buy=0.0747162 | spread_a=-23.6bps spread_b=9.9bps | min=30.0bps
2026-05-08 22:10:21,990 | INFO | fetch_order_book: symbol=CHIP/USDC limit=20
2026-05-08 22:10:22,251 | INFO | fetch_order_book: mid=0.074745 spread=4.01bps bids=20 asks=20
2026-05-08 22:10:23,160 | INFO | SPREAD | pair=CHIP/USDC | cex=0.07473/0.07476 | dex_sell=0.0747261 dex_buy=0.0747516 | spread_a=-4.5bps spread_b=-2.9bps | min=30.0bps
2026-05-08 22:10:24,163 | INFO | fetch_order_book: symbol=CHIP/USDC limit=20
2026-05-08 22:10:24,427 | INFO | fetch_order_book: mid=0.074775 spread=6.69bps bids=20 asks=20
2026-05-08 22:10:25,329 | INFO | SPREAD | pair=CHIP/USDC | cex=0.07475/0.0748 | dex_sell=0.0747261 dex_buy=0.0747516 | spread_a=-9.9bps spread_b=-0.2bps | min=30.0bps
2026-05-08 22:10:26,332 | INFO | fetch_order_book: symbol=CHIP/USDC limit=20
2026-05-08 22:10:26,593 | INFO | fetch_order_book: mid=0.07479 spread=5.35bps bids=20 asks=20
2026-05-08 22:10:27,529 | INFO | SPREAD | pair=CHIP/USDC | cex=0.07477/0.07481 | dex_sell=0.0747261 dex_buy=0.0747516 | spread_a=-11.2bps spread_b=2.5bps | min=30.0bps
2026-05-08 22:10:28,533 | INFO | fetch_order_book: symbol=CHIP/USDC limit=20
2026-05-08 22:10:28,790 | INFO | fetch_order_book: mid=0.07474 spread=8.03bps bids=20 asks=20
2026-05-08 22:10:29,633 | INFO | SPREAD | pair=CHIP/USDC | cex=0.07471/0.07477 | dex_sell=0.0747605 dex_buy=0.074786 | spread_a=-1.3bps spread_b=-10.2bps | min=30.0bps
2026-05-08 22:10:30,636 | INFO | fetch_order_book: symbol=CHIP/USDC limit=20
2026-05-08 22:10:31,024 | INFO | fetch_order_book: mid=0.07473 spread=5.35bps bids=20 asks=20
2026-05-08 22:10:31,928 | INFO | SPREAD | pair=CHIP/USDC | cex=0.07471/0.07475 | dex_sell=0.0747261 dex_buy=0.0747516 | spread_a=-3.2bps spread_b=-5.6bps | min=30.0bps
2026-05-08 22:10:32,931 | INFO | fetch_order_book: symbol=CHIP/USDC limit=20
2026-05-08 22:10:33,187 | INFO | fetch_order_book: mid=0.074705 spread=6.69bps bids=20 asks=20
2026-05-08 22:10:34,085 | INFO | SPREAD | pair=CHIP/USDC | cex=0.07468/0.07473 | dex_sell=0.0746293 dex_buy=0.0746487 | spread_a=-13.5bps spread_b=4.2bps | min=30.0bps
2026-05-08 22:10:35,089 | INFO | fetch_order_book: symbol=CHIP/USDC limit=20
2026-05-08 22:10:35,354 | INFO | fetch_order_book: mid=0.07479 spread=2.67bps bids=20 asks=20
2026-05-08 22:10:36,224 | INFO | SPREAD | pair=CHIP/USDC | cex=0.07478/0.0748 | dex_sell=0.0747306 dex_buy=0.0747961 | spread_a=-9.3bps spread_b=-2.1bps | min=30.0bps
2026-05-08 22:10:37,226 | INFO | fetch_order_book: symbol=CHIP/USDC limit=20
2026-05-08 22:10:37,482 | INFO | fetch_order_book: mid=0.074835 spread=9.35bps bids=20 asks=20
2026-05-08 22:10:38,405 | INFO | SPREAD | pair=CHIP/USDC | cex=0.0748/0.07487 | dex_sell=0.0748204 dex_buy=0.0748459 | spread_a=-6.6bps spread_b=-6.1bps | min=30.0bps
2026-05-08 22:10:39,408 | INFO | fetch_order_book: symbol=CHIP/USDC limit=20
2026-05-08 22:10:39,665 | INFO | fetch_order_book: mid=0.07472 spread=5.35bps bids=20 asks=20
2026-05-08 22:10:40,610 | INFO | SPREAD | pair=CHIP/USDC | cex=0.0747/0.07474 | dex_sell=0.0747863 dex_buy=0.0747718 | spread_a=6.2bps spread_b=-9.6bps | min=30.0bps
2026-05-08 22:10:41,614 | INFO | fetch_order_book: symbol=CHIP/USDC limit=20
2026-05-08 22:10:41,872 | INFO | fetch_order_book: mid=0.07477 spread=8.02bps bids=20 asks=20
2026-05-08 22:10:42,717 | INFO | SPREAD | pair=CHIP/USDC | cex=0.07474/0.0748 | dex_sell=0.0746759 dex_buy=0.0747014 | spread_a=-16.6bps spread_b=5.2bps | min=30.0bps
2026-05-08 22:10:43,720 | INFO | fetch_order_book: symbol=CHIP/USDC limit=20
2026-05-08 22:10:43,976 | INFO | fetch_order_book: mid=0.07482 spread=8.02bps bids=20 asks=20
2026-05-08 22:10:44,893 | INFO | SPREAD | pair=CHIP/USDC | cex=0.07479/0.07485 | dex_sell=0.0747504 dex_buy=0.0747759 | spread_a=-13.3bps spread_b=1.9bps | min=30.0bps
2026-05-08 22:10:45,896 | INFO | fetch_order_book: symbol=CHIP/USDC limit=20
2026-05-08 22:10:46,155 | INFO | fetch_order_book: mid=0.07486 spread=5.34bps bids=20 asks=20
2026-05-08 22:10:47,003 | INFO | SPREAD | pair=CHIP/USDC | cex=0.07484/0.07488 | dex_sell=0.0747904 dex_buy=0.0748159 | spread_a=-12.0bps spread_b=3.2bps | min=30.0bps
2026-05-08 22:10:48,006 | INFO | fetch_order_book: symbol=CHIP/USDC limit=20
2026-05-08 22:10:48,266 | INFO | fetch_order_book: mid=0.07485 spread=8.02bps bids=20 asks=20
2026-05-08 22:10:49,184 | INFO | SPREAD | pair=CHIP/USDC | cex=0.07482/0.07488 | dex_sell=0.0748704 dex_buy=0.074896 | spread_a=-1.3bps spread_b=-10.1bps | min=30.0bps
2026-05-08 22:10:50,188 | INFO | fetch_order_book: symbol=CHIP/USDC limit=20
2026-05-08 22:10:50,453 | INFO | fetch_order_book: mid=0.07485 spread=5.34bps bids=20 asks=20
2026-05-08 22:10:51,295 | INFO | SPREAD | pair=CHIP/USDC | cex=0.07483/0.07487 | dex_sell=0.0748359 dex_buy=0.0748615 | spread_a=-4.5bps spread_b=-4.2bps | min=30.0bps
2026-05-08 22:10:52,298 | INFO | fetch_order_book: symbol=CHIP/USDC limit=20
2026-05-08 22:10:52,557 | INFO | fetch_order_book: mid=0.074845 spread=6.68bps bids=20 asks=20
2026-05-08 22:10:53,443 | INFO | SPREAD | pair=CHIP/USDC | cex=0.07482/0.07487 | dex_sell=0.0748359 dex_buy=0.0748615 | spread_a=-4.5bps spread_b=-5.5bps | min=30.0bps
2026-05-08 22:10:54,447 | INFO | fetch_order_book: symbol=CHIP/USDC limit=20
2026-05-08 22:10:54,705 | INFO | fetch_order_book: mid=0.074865 spread=6.68bps bids=20 asks=20
2026-05-08 22:10:55,623 | INFO | SPREAD | pair=CHIP/USDC | cex=0.07484/0.07489 | dex_sell=0.0748359 dex_buy=0.0748615 | spread_a=-7.2bps spread_b=-2.9bps | min=30.0bps
2026-05-08 22:10:56,627 | INFO | fetch_order_book: symbol=CHIP/USDC limit=20
2026-05-08 22:10:56,884 | INFO | fetch_order_book: mid=0.075085 spread=4.00bps bids=20 asks=20
2026-05-08 22:10:57,760 | INFO | SPREAD | pair=CHIP/USDC | cex=0.07507/0.0751 | dex_sell=0.0748704 dex_buy=0.0749883 | spread_a=-30.6bps spread_b=10.9bps | min=30.0bps
2026-05-08 22:10:58,763 | INFO | fetch_order_book: symbol=CHIP/USDC limit=20
2026-05-08 22:10:59,080 | INFO | fetch_order_book: mid=0.07511 spread=2.66bps bids=20 asks=20
2026-05-08 22:10:59,927 | INFO | SPREAD | pair=CHIP/USDC | cex=0.0751/0.07512 | dex_sell=0.0750341 dex_buy=0.0750597 | spread_a=-11.4bps spread_b=5.4bps | min=30.0bps
2026-05-08 22:11:00,930 | INFO | fetch_order_book: symbol=CHIP/USDC limit=20
2026-05-08 22:11:01,199 | INFO | fetch_order_book: mid=0.075025 spread=4.00bps bids=20 asks=20
2026-05-08 22:11:02,124 | INFO | SPREAD | pair=CHIP/USDC | cex=0.07501/0.07504 | dex_sell=0.0749962 dex_buy=0.0749817 | spread_a=-5.8bps spread_b=3.8bps | min=30.0bps
2026-05-08 22:11:03,127 | INFO | fetch_order_book: symbol=CHIP/USDC limit=20
2026-05-08 22:11:03,483 | INFO | fetch_order_book: mid=0.075095 spread=6.66bps bids=20 asks=20
2026-05-08 22:11:04,395 | INFO | SPREAD | pair=CHIP/USDC | cex=0.07507/0.07512 | dex_sell=0.0750343 dex_buy=0.0750599 | spread_a=-11.4bps spread_b=1.3bps | min=30.0bps
2026-05-08 22:11:05,397 | INFO | fetch_order_book: symbol=CHIP/USDC limit=20
2026-05-08 22:11:05,654 | INFO | fetch_order_book: mid=0.07546 spread=5.30bps bids=20 asks=20
2026-05-08 22:11:06,567 | INFO | SPREAD | pair=CHIP/USDC | cex=0.07544/0.07548 | dex_sell=0.0753687 dex_buy=0.0753944 | spread_a=-14.8bps spread_b=6.0bps | min=30.0bps
2026-05-08 22:11:07,571 | INFO | fetch_order_book: symbol=CHIP/USDC limit=20
2026-05-08 22:11:07,826 | INFO | fetch_order_book: mid=0.075395 spread=3.98bps bids=20 asks=20
2026-05-08 22:11:08,700 | INFO | SPREAD | pair=CHIP/USDC | cex=0.07538/0.07541 | dex_sell=0.0753687 dex_buy=0.0753944 | spread_a=-5.5bps spread_b=-1.9bps | min=30.0bps
2026-05-08 22:11:09,707 | INFO | fetch_order_book: symbol=CHIP/USDC limit=20
2026-05-08 22:11:09,966 | INFO | fetch_order_book: mid=0.075415 spread=6.63bps bids=20 asks=20
2026-05-08 22:11:10,855 | INFO | SPREAD | pair=CHIP/USDC | cex=0.07539/0.07544 | dex_sell=0.0753262 dex_buy=0.0753941 | spread_a=-15.1bps spread_b=-0.5bps | min=30.0bps
2026-05-08 22:11:11,859 | INFO | fetch_order_book: symbol=CHIP/USDC limit=20
2026-05-08 22:11:12,115 | INFO | fetch_order_book: mid=0.075385 spread=6.63bps bids=20 asks=20
2026-05-08 22:11:13,006 | INFO | SPREAD | pair=CHIP/USDC | cex=0.07536/0.07541 | dex_sell=0.0753684 dex_buy=0.0753941 | spread_a=-5.5bps spread_b=-4.5bps | min=30.0bps
2026-05-08 22:11:14,010 | INFO | fetch_order_book: symbol=CHIP/USDC limit=20
2026-05-08 22:11:14,613 | INFO | fetch_order_book: mid=0.075355 spread=6.64bps bids=20 asks=20
2026-05-08 22:11:15,503 | INFO | SPREAD | pair=CHIP/USDC | cex=0.07533/0.07538 | dex_sell=0.0753259 dex_buy=0.0753516 | spread_a=-7.2bps spread_b=-2.9bps | min=30.0bps
2026-05-08 22:11:16,506 | INFO | fetch_order_book: symbol=CHIP/USDC limit=20
2026-05-08 22:11:16,804 | INFO | fetch_order_book: mid=0.075235 spread=9.30bps bids=20 asks=20
2026-05-08 22:11:17,654 | INFO | SPREAD | pair=CHIP/USDC | cex=0.0752/0.07527 | dex_sell=0.0753259 dex_buy=0.0753516 | spread_a=7.4bps spread_b=-20.1bps | min=30.0bps
2026-05-08 22:11:18,658 | INFO | fetch_order_book: symbol=CHIP/USDC limit=20
2026-05-08 22:11:18,960 | INFO | fetch_order_book: mid=0.075135 spread=6.65bps bids=20 asks=20
2026-05-08 22:11:20,013 | INFO | SPREAD | pair=CHIP/USDC | cex=0.07511/0.07516 | dex_sell=0.0752099 dex_buy=0.0752356 | spread_a=6.6bps spread_b=-16.7bps | min=30.0bps
2026-05-08 22:11:21,016 | INFO | fetch_order_book: symbol=CHIP/USDC limit=20
2026-05-08 22:11:21,272 | INFO | fetch_order_book: mid=0.075025 spread=4.00bps bids=20 asks=20
2026-05-08 22:11:22,199 | INFO | SPREAD | pair=CHIP/USDC | cex=0.07501/0.07504 | dex_sell=0.0750963 dex_buy=0.0750718 | spread_a=7.5bps spread_b=-8.2bps | min=30.0bps
2026-05-08 22:11:23,203 | INFO | fetch_order_book: symbol=CHIP/USDC limit=20
2026-05-08 22:11:23,471 | INFO | fetch_order_book: mid=0.075015 spread=6.67bps bids=20 asks=20
2026-05-08 22:11:24,388 | INFO | SPREAD | pair=CHIP/USDC | cex=0.07499/0.07504 | dex_sell=0.0750462 dex_buy=0.0750718 | spread_a=0.8bps spread_b=-10.9bps | min=30.0bps
2026-05-08 22:11:25,392 | INFO | fetch_order_book: symbol=CHIP/USDC limit=20
2026-05-08 22:11:25,652 | INFO | fetch_order_book: mid=0.074935 spread=9.34bps bids=20 asks=20
2026-05-08 22:11:26,480 | INFO | SPREAD | pair=CHIP/USDC | cex=0.0749/0.07497 | dex_sell=0.0749262 dex_buy=0.0749518 | spread_a=-5.8bps spread_b=-6.9bps | min=30.0bps
2026-05-08 22:11:27,484 | INFO | fetch_order_book: symbol=CHIP/USDC limit=20
2026-05-08 22:11:27,741 | INFO | fetch_order_book: mid=0.07514 spread=5.32bps bids=20 asks=20
2026-05-08 22:11:28,638 | INFO | SPREAD | pair=CHIP/USDC | cex=0.07512/0.07516 | dex_sell=0.0750371 dex_buy=0.0751061 | spread_a=-16.4bps spread_b=1.8bps | min=30.0bps
2026-05-08 22:11:29,641 | INFO | fetch_order_book: symbol=CHIP/USDC limit=20
2026-05-08 22:11:29,901 | INFO | fetch_order_book: mid=0.075345 spread=9.29bps bids=20 asks=20
2026-05-08 22:11:30,852 | INFO | SPREAD | pair=CHIP/USDC | cex=0.07531/0.07538 | dex_sell=0.0752562 dex_buy=0.0753161 | spread_a=-16.4bps spread_b=-0.8bps | min=30.0bps
2026-05-08 22:11:31,855 | INFO | fetch_order_book: symbol=CHIP/USDC limit=20
2026-05-08 22:11:32,117 | INFO | fetch_order_book: mid=0.07530 spread=7.97bps bids=20 asks=20
2026-05-08 22:11:33,023 | INFO | SPREAD | pair=CHIP/USDC | cex=0.07527/0.07533 | dex_sell=0.0753703 dex_buy=0.0753619 | spread_a=5.4bps spread_b=-12.2bps | min=30.0bps
2026-05-08 22:11:34,026 | INFO | fetch_order_book: symbol=CHIP/USDC limit=20
2026-05-08 22:11:34,287 | INFO | fetch_order_book: mid=0.07536 spread=10.62bps bids=20 asks=20
2026-05-08 22:11:35,199 | INFO | SPREAD | pair=CHIP/USDC | cex=0.07532/0.0754 | dex_sell=0.0753702 dex_buy=0.0753959 | spread_a=-4.0bps spread_b=-10.1bps | min=30.0bps
2026-05-08 22:11:36,202 | INFO | fetch_order_book: symbol=CHIP/USDC limit=20
2026-05-08 22:11:36,482 | INFO | fetch_order_book: mid=0.075405 spread=6.63bps bids=20 asks=20
2026-05-08 22:11:37,367 | INFO | SPREAD | pair=CHIP/USDC | cex=0.07538/0.07543 | dex_sell=0.0753702 dex_buy=0.0753959 | spread_a=-7.9bps spread_b=-2.1bps | min=30.0bps
2026-05-08 22:11:38,370 | INFO | fetch_order_book: symbol=CHIP/USDC limit=20
2026-05-08 22:11:38,630 | INFO | fetch_order_book: mid=0.07549 spread=5.30bps bids=20 asks=20
2026-05-08 22:11:39,601 | INFO | SPREAD | pair=CHIP/USDC | cex=0.07547/0.07551 | dex_sell=0.0755029 dex_buy=0.0755287 | spread_a=-0.9bps spread_b=-7.8bps | min=30.0bps
2026-05-08 22:11:40,605 | INFO | fetch_order_book: symbol=CHIP/USDC limit=20
2026-05-08 22:11:40,868 | INFO | fetch_order_book: mid=0.075525 spread=3.97bps bids=20 asks=20
2026-05-08 22:11:41,771 | INFO | SPREAD | pair=CHIP/USDC | cex=0.07551/0.07554 | dex_sell=0.0754559 dex_buy=0.075516 | spread_a=-11.1bps spread_b=-0.8bps | min=30.0bps
2026-05-08 22:11:42,774 | INFO | fetch_order_book: symbol=CHIP/USDC limit=20
2026-05-08 22:11:43,121 | INFO | fetch_order_book: mid=0.075445 spread=3.98bps bids=20 asks=20
2026-05-08 22:11:44,079 | INFO | SPREAD | pair=CHIP/USDC | cex=0.07543/0.07546 | dex_sell=0.0754463 dex_buy=0.075432 | spread_a=-1.8bps spread_b=-0.3bps | min=30.0bps
2026-05-08 22:11:45,083 | INFO | fetch_order_book: symbol=CHIP/USDC limit=20
2026-05-08 22:11:45,339 | INFO | fetch_order_book: mid=0.07543 spread=2.65bps bids=20 asks=20
2026-05-08 22:11:46,245 | INFO | SPREAD | pair=CHIP/USDC | cex=0.07542/0.07544 | dex_sell=0.0754405 dex_buy=0.0754662 | spread_a=0.1bps spread_b=-6.1bps | min=30.0bps
2026-05-08 22:11:47,248 | INFO | fetch_order_book: symbol=CHIP/USDC limit=20
2026-05-08 22:11:47,509 | INFO | fetch_order_book: mid=0.07538 spread=7.96bps bids=20 asks=20
2026-05-08 22:11:48,405 | INFO | SPREAD | pair=CHIP/USDC | cex=0.07535/0.07541 | dex_sell=0.0753959 dex_buy=0.075382 | spread_a=-1.9bps spread_b=-4.2bps | min=30.0bps
2026-05-08 22:11:49,409 | INFO | fetch_order_book: symbol=CHIP/USDC limit=20
2026-05-08 22:11:49,669 | INFO | fetch_order_book: mid=0.07533 spread=2.65bps bids=20 asks=20
2026-05-08 22:11:50,573 | INFO | SPREAD | pair=CHIP/USDC | cex=0.07532/0.07534 | dex_sell=0.0753362 dex_buy=0.075362 | spread_a=-0.5bps spread_b=-5.6bps | min=30.0bps
2026-05-08 22:11:51,576 | INFO | fetch_order_book: symbol=CHIP/USDC limit=20
2026-05-08 22:11:51,833 | INFO | fetch_order_book: mid=0.07529 spread=7.97bps bids=20 asks=20
2026-05-08 22:11:52,738 | INFO | SPREAD | pair=CHIP/USDC | cex=0.07526/0.07532 | dex_sell=0.0752664 dex_buy=0.0752921 | spread_a=-7.1bps spread_b=-4.3bps | min=30.0bps
2026-05-08 22:11:53,741 | INFO | fetch_order_book: symbol=CHIP/USDC limit=20
2026-05-08 22:11:54,000 | INFO | fetch_order_book: mid=0.07535 spread=5.31bps bids=20 asks=20
2026-05-08 22:11:54,892 | INFO | SPREAD | pair=CHIP/USDC | cex=0.07533/0.07537 | dex_sell=0.0753003 dex_buy=0.0753662 | spread_a=-9.2bps spread_b=-4.8bps | min=30.0bps
2026-05-08 22:11:55,895 | INFO | fetch_order_book: symbol=CHIP/USDC limit=20
2026-05-08 22:11:56,153 | INFO | fetch_order_book: mid=0.07532 spread=7.97bps bids=20 asks=20
2026-05-08 22:11:56,996 | INFO | SPREAD | pair=CHIP/USDC | cex=0.07529/0.07535 | dex_sell=0.0753405 dex_buy=0.0753662 | spread_a=-1.3bps spread_b=-10.1bps | min=30.0bps
2026-05-08 22:11:58,000 | INFO | fetch_order_book: symbol=CHIP/USDC limit=20
2026-05-08 22:11:58,261 | INFO | fetch_order_book: mid=0.07535 spread=5.31bps bids=20 asks=20
2026-05-08 22:11:59,162 | INFO | SPREAD | pair=CHIP/USDC | cex=0.07533/0.07537 | dex_sell=0.0753405 dex_buy=0.0753662 | spread_a=-3.9bps spread_b=-4.8bps | min=30.0bps
2026-05-08 22:12:00,165 | INFO | fetch_order_book: symbol=CHIP/USDC limit=20
2026-05-08 22:12:00,902 | INFO | fetch_order_book: mid=0.07532 spread=10.62bps bids=20 asks=20
2026-05-08 22:12:01,764 | INFO | SPREAD | pair=CHIP/USDC | cex=0.07528/0.07536 | dex_sell=0.0753405 dex_buy=0.0753662 | spread_a=-2.6bps spread_b=-11.4bps | min=30.0bps
2026-05-08 22:12:02,768 | INFO | fetch_order_book: symbol=CHIP/USDC limit=20
2026-05-08 22:12:03,025 | INFO | fetch_order_book: mid=0.07527 spread=5.31bps bids=20 asks=20
2026-05-08 22:12:03,903 | INFO | SPREAD | pair=CHIP/USDC | cex=0.07525/0.07529 | dex_sell=0.0753163 dex_buy=0.0752819 | spread_a=3.5bps spread_b=-4.2bps | min=30.0bps
2026-05-08 22:12:04,906 | INFO | fetch_order_book: symbol=CHIP/USDC limit=20
2026-05-08 22:12:05,172 | INFO | fetch_order_book: mid=0.075285 spread=9.30bps bids=20 asks=20
2026-05-08 22:12:06,104 | INFO | SPREAD | pair=CHIP/USDC | cex=0.07525/0.07532 | dex_sell=0.0752562 dex_buy=0.075242 | spread_a=-8.5bps spread_b=1.1bps | min=30.0bps
2026-05-08 22:12:07,107 | INFO | fetch_order_book: symbol=CHIP/USDC limit=20
2026-05-08 22:12:07,365 | INFO | fetch_order_book: mid=0.07523 spread=2.66bps bids=20 asks=20
2026-05-08 22:12:08,260 | INFO | SPREAD | pair=CHIP/USDC | cex=0.07522/0.07524 | dex_sell=0.0752602 dex_buy=0.0752859 | spread_a=2.7bps spread_b=-8.8bps | min=30.0bps
2026-05-08 22:12:09,263 | INFO | fetch_order_book: symbol=CHIP/USDC limit=20
2026-05-08 22:12:09,618 | INFO | fetch_order_book: mid=0.075225 spread=3.99bps bids=20 asks=20
2026-05-08 22:12:10,492 | INFO | SPREAD | pair=CHIP/USDC | cex=0.07521/0.07524 | dex_sell=0.0752265 dex_buy=0.0752522 | spread_a=-1.8bps spread_b=-5.6bps | min=30.0bps
2026-05-08 22:12:11,494 | INFO | fetch_order_book: symbol=CHIP/USDC limit=20
2026-05-08 22:12:11,758 | INFO | fetch_order_book: mid=0.07518 spread=5.32bps bids=20 asks=20
2026-05-08 22:12:12,737 | INFO | SPREAD | pair=CHIP/USDC | cex=0.07516/0.0752 | dex_sell=0.0752265 dex_buy=0.0752118 | spread_a=3.5bps spread_b=-6.9bps | min=30.0bps
2026-05-08 22:12:13,738 | INFO | fetch_order_book: symbol=CHIP/USDC limit=20
2026-05-08 22:12:13,996 | INFO | fetch_order_book: mid=0.07518 spread=5.32bps bids=20 asks=20
2026-05-08 22:12:14,862 | INFO | SPREAD | pair=CHIP/USDC | cex=0.07516/0.0752 | dex_sell=0.0754282 dex_buy=0.0752212 | spread_a=30.4bps spread_b=-8.1bps | min=30.0bps
2026-05-08 22:12:14,864 | INFO | SIGNAL | GENERATED | pair=CHIP/USDC | direction=buy_cex_sell_dex | size=130.0000 | spread=30.4bps | expected_pnl=$-0.11
2026-05-08 22:12:14,864 | INFO | Signal: CHIP/USDC spread=30.4bps score=30.2
2026-05-08 22:12:14,864 | INFO | SIGNAL | EXECUTED | pair=CHIP/USDC | direction=buy_cex_sell_dex | size=130.0000 | spread=30.4bps | expected_pnl=$-0.11
2026-05-08 22:12:14,865 | WARNING | FAILED: Signal invalid
2026-05-08 22:12:18,503 | INFO | fetch_order_book: symbol=CHIP/USDC limit=20
2026-05-08 22:12:18,836 | INFO | fetch_order_book: mid=0.07519 spread=7.98bps bids=20 asks=20
2026-05-08 22:12:19,752 | INFO | SPREAD | pair=CHIP/USDC | cex=0.07516/0.07522 | dex_sell=0.0752304 dex_buy=0.0752221 | spread_a=1.4bps spread_b=-8.2bps | min=30.0bps
2026-05-08 22:12:20,755 | INFO | fetch_order_book: symbol=CHIP/USDC limit=20
2026-05-08 22:12:21,014 | INFO | fetch_order_book: mid=0.075225 spread=6.65bps bids=20 asks=20
2026-05-08 22:12:21,875 | INFO | SPREAD | pair=CHIP/USDC | cex=0.0752/0.07525 | dex_sell=0.0752302 dex_buy=0.0752559 | spread_a=-2.6bps spread_b=-7.4bps | min=30.0bps
2026-05-08 22:12:22,879 | INFO | fetch_order_book: symbol=CHIP/USDC limit=20
2026-05-08 22:12:23,141 | INFO | fetch_order_book: mid=0.07523 spread=5.32bps bids=20 asks=20
2026-05-08 22:12:24,040 | INFO | SPREAD | pair=CHIP/USDC | cex=0.07521/0.07525 | dex_sell=0.0751902 dex_buy=0.0752159 | spread_a=-7.9bps spread_b=-0.8bps | min=30.0bps
2026-05-08 22:12:25,044 | INFO | fetch_order_book: symbol=CHIP/USDC limit=20
2026-05-08 22:12:25,304 | INFO | fetch_order_book: mid=0.075315 spread=3.98bps bids=20 asks=20
2026-05-08 22:12:26,170 | INFO | SPREAD | pair=CHIP/USDC | cex=0.0753/0.07533 | dex_sell=0.0752903 dex_buy=0.075316 | spread_a=-5.3bps spread_b=-2.1bps | min=30.0bps
2026-05-08 22:12:27,174 | INFO | fetch_order_book: symbol=CHIP/USDC limit=20
2026-05-08 22:12:27,479 | INFO | fetch_order_book: mid=0.07521 spread=7.98bps bids=20 asks=20
2026-05-08 22:12:28,400 | INFO | SPREAD | pair=CHIP/USDC | cex=0.07518/0.07524 | dex_sell=0.075266 dex_buy=0.0752917 | spread_a=3.5bps spread_b=-14.8bps | min=30.0bps
2026-05-08 22:12:29,403 | INFO | fetch_order_book: symbol=CHIP/USDC limit=20
2026-05-08 22:12:29,664 | INFO | fetch_order_book: mid=0.07520 spread=7.98bps bids=20 asks=20
2026-05-08 22:12:30,513 | INFO | SPREAD | pair=CHIP/USDC | cex=0.07517/0.07523 | dex_sell=0.0751861 dex_buy=0.0752118 | spread_a=-5.8bps spread_b=-5.6bps | min=30.0bps
2026-05-08 22:12:31,516 | INFO | fetch_order_book: symbol=CHIP/USDC limit=20
2026-05-08 22:12:31,781 | INFO | fetch_order_book: mid=0.07520 spread=7.98bps bids=20 asks=20
2026-05-08 22:12:32,704 | INFO | SPREAD | pair=CHIP/USDC | cex=0.07517/0.07523 | dex_sell=0.0751861 dex_buy=0.0752118 | spread_a=-5.8bps spread_b=-5.6bps | min=30.0bps
2026-05-08 22:12:33,705 | INFO | fetch_order_book: symbol=CHIP/USDC limit=20
2026-05-08 22:12:33,968 | INFO | fetch_order_book: mid=0.075165 spread=6.65bps bids=20 asks=20
2026-05-08 22:12:34,849 | INFO | SPREAD | pair=CHIP/USDC | cex=0.07514/0.07519 | dex_sell=0.0751861 dex_buy=0.0752118 | spread_a=-0.5bps spread_b=-9.6bps | min=30.0bps
2026-05-08 22:12:35,852 | INFO | fetch_order_book: symbol=CHIP/USDC limit=20
2026-05-08 22:12:35,962 | INFO | Update id=722885985 is handled. Duration 67 ms by bot id=8642945117
2026-05-08 22:12:35,962 | WARNING | Received SIGTERM — shutting down.
2026-05-08 22:12:35,962 | INFO | Polling stopped
2026-05-08 22:12:35,962 | ERROR | Failed to fetch updates - TelegramNetworkError: HTTP Client says - ServerDisconnectedError: Server disconnected
2026-05-08 22:12:35,962 | WARNING | Sleep for 1.000000 seconds and try again... (tryings = 0, bot id = 8642945117)
2026-05-08 22:12:36,112 | INFO | fetch_order_book: mid=0.07515 spread=5.32bps bids=20 asks=20
2026-05-08 22:12:36,386 | INFO | Bot stopped.
2026-05-08 22:12:36,387 | INFO | Polling stopped for bot @arb_bot_peanutbot id=8642945117 - 'arb_bot_peanut'
2026-05-08 22:12:37,018 | INFO | SPREAD | pair=CHIP/USDC | cex=0.07513/0.07517 | dex_sell=0.0751463 dex_buy=0.0751719 | spread_a=-3.2bps spread_b=-5.6bps | min=30.0bps
