2026-05-09 18:55:49,966 | INFO | Logging to file: logs/bot_20260509_185549.log
2026-05-09 18:55:49,966 | INFO | Loading config: configs/chip_observe.yaml
2026-05-09 18:55:50,744 | INFO | Rate limits loaded from exchangeInfo: 6000 weight / 60s
2026-05-09 18:55:50,753 | INFO | Checking exchange connection...
2026-05-09 18:55:51,011 | INFO | Connected to exchange. Server time: 1778345750932
2026-05-09 18:55:51,030 | INFO | DEX engine: Uniswap V3 (fee_tier=100)
2026-05-09 18:55:51,035 | INFO | TxBuilder wired: address=0x84b7346c733Daa8c189e1f31d574087971e5cD7a dex=v3 fee_tier=100
2026-05-09 18:55:51,044 | WARNING | ⚠️  PRODUCTION MODE — REAL MONEY ⚠️
2026-05-09 18:55:51,044 | INFO | Bot starting | pairs=['CHIP/USDC'] | risk={'capital': '100', 'peak': '100', 'daily_pnl': '0', 'drawdown': '0.0%', 'consec_loss': 0, 'tph': 0}
2026-05-09 18:55:55,135 | INFO | API key is IP-whitelisted — no expiration.
2026-05-09 18:55:56,583 | INFO | Wallet balances: {'ETH': 0.000983022193632, 'USDC': 29.9, 'CHIP': 369.52753870437886}
2026-05-09 18:55:56,759 | INFO | fetch_order_book: symbol=CHIP/USDC limit=20
2026-05-09 18:55:56,761 | INFO | Start polling
2026-05-09 18:55:56,797 | INFO | Run polling for bot @arb_bot_peanutbot id=8642945117 - 'arb_bot_peanut'
2026-05-09 18:55:57,031 | INFO | fetch_order_book: mid=0.065825 spread=7.60bps bids=20 asks=20
2026-05-09 18:55:58,011 | INFO | SPREAD | pair=CHIP/USDC | cex=0.0658/0.06585 | dex_sell=0.0658181 dex_buy=0.065835 | spread_a=-4.8bps spread_b=-5.3bps | min=30.0bps
2026-05-09 18:55:59,013 | INFO | fetch_order_book: symbol=CHIP/USDC limit=20
2026-05-09 18:55:59,335 | INFO | fetch_order_book: mid=0.06583 spread=6.08bps bids=20 asks=20
2026-05-09 18:56:00,265 | INFO | SPREAD | pair=CHIP/USDC | cex=0.06581/0.06585 | dex_sell=0.0658181 dex_buy=0.065835 | spread_a=-4.8bps spread_b=-3.8bps | min=30.0bps
2026-05-09 18:56:01,267 | INFO | fetch_order_book: symbol=CHIP/USDC limit=20
2026-05-09 18:56:01,582 | INFO | fetch_order_book: mid=0.065845 spread=7.59bps bids=20 asks=20
2026-05-09 18:56:02,544 | INFO | SPREAD | pair=CHIP/USDC | cex=0.06582/0.06587 | dex_sell=0.0658181 dex_buy=0.065835 | spread_a=-7.9bps spread_b=-2.3bps | min=30.0bps
2026-05-09 18:56:03,546 | INFO | fetch_order_book: symbol=CHIP/USDC limit=20
2026-05-09 18:56:04,008 | INFO | fetch_order_book: mid=0.06582 spread=6.08bps bids=20 asks=20
2026-05-09 18:56:04,960 | INFO | SPREAD | pair=CHIP/USDC | cex=0.0658/0.06584 | dex_sell=0.0658181 dex_buy=0.065835 | spread_a=-3.3bps spread_b=-5.3bps | min=30.0bps
2026-05-09 18:56:05,962 | INFO | fetch_order_book: symbol=CHIP/USDC limit=20
2026-05-09 18:56:06,294 | INFO | fetch_order_book: mid=0.06586 spread=6.07bps bids=20 asks=20
2026-05-09 18:56:07,199 | INFO | SPREAD | pair=CHIP/USDC | cex=0.06584/0.06588 | dex_sell=0.0658181 dex_buy=0.065835 | spread_a=-9.4bps spread_b=0.8bps | min=30.0bps
2026-05-09 18:56:08,202 | INFO | fetch_order_book: symbol=CHIP/USDC limit=20
2026-05-09 18:56:08,465 | INFO | fetch_order_book: mid=0.06584 spread=9.11bps bids=20 asks=20
2026-05-09 18:56:09,405 | INFO | SPREAD | pair=CHIP/USDC | cex=0.06581/0.06587 | dex_sell=0.0658181 dex_buy=0.065835 | spread_a=-7.9bps spread_b=-3.8bps | min=30.0bps
2026-05-09 18:56:10,407 | INFO | fetch_order_book: symbol=CHIP/USDC limit=20
2026-05-09 18:56:10,683 | INFO | fetch_order_book: mid=0.06584 spread=9.11bps bids=20 asks=20
2026-05-09 18:56:11,567 | INFO | SPREAD | pair=CHIP/USDC | cex=0.06581/0.06587 | dex_sell=0.0658181 dex_buy=0.065835 | spread_a=-7.9bps spread_b=-3.8bps | min=30.0bps
2026-05-09 18:56:12,569 | INFO | fetch_order_book: symbol=CHIP/USDC limit=20
2026-05-09 18:56:12,841 | INFO | fetch_order_book: mid=0.06583 spread=6.08bps bids=20 asks=20
2026-05-09 18:56:13,742 | INFO | SPREAD | pair=CHIP/USDC | cex=0.06581/0.06585 | dex_sell=0.0658181 dex_buy=0.065835 | spread_a=-4.8bps spread_b=-3.8bps | min=30.0bps
2026-05-09 18:56:14,745 | INFO | fetch_order_book: symbol=CHIP/USDC limit=20
2026-05-09 18:56:15,128 | INFO | fetch_order_book: mid=0.06582 spread=6.08bps bids=20 asks=20
2026-05-09 18:56:16,081 | INFO | SPREAD | pair=CHIP/USDC | cex=0.0658/0.06584 | dex_sell=0.0658181 dex_buy=0.065835 | spread_a=-3.3bps spread_b=-5.3bps | min=30.0bps
2026-05-09 18:56:17,084 | INFO | fetch_order_book: symbol=CHIP/USDC limit=20
2026-05-09 18:56:17,466 | INFO | fetch_order_book: mid=0.06583 spread=6.08bps bids=20 asks=20
2026-05-09 18:56:18,384 | INFO | SPREAD | pair=CHIP/USDC | cex=0.06581/0.06585 | dex_sell=0.0658181 dex_buy=0.065835 | spread_a=-4.8bps spread_b=-3.8bps | min=30.0bps
2026-05-09 18:56:19,386 | INFO | fetch_order_book: symbol=CHIP/USDC limit=20
2026-05-09 18:56:19,721 | INFO | fetch_order_book: mid=0.065815 spread=4.56bps bids=20 asks=20
2026-05-09 18:56:20,701 | INFO | SPREAD | pair=CHIP/USDC | cex=0.0658/0.06583 | dex_sell=0.0658181 dex_buy=0.065835 | spread_a=-1.8bps spread_b=-5.3bps | min=30.0bps
2026-05-09 18:56:21,703 | INFO | fetch_order_book: symbol=CHIP/USDC limit=20
2026-05-09 18:56:21,973 | INFO | fetch_order_book: mid=0.06581 spread=3.04bps bids=20 asks=20
2026-05-09 18:56:23,057 | INFO | SPREAD | pair=CHIP/USDC | cex=0.0658/0.06582 | dex_sell=0.0658181 dex_buy=0.065835 | spread_a=-0.3bps spread_b=-5.3bps | min=30.0bps
2026-05-09 18:56:24,059 | INFO | fetch_order_book: symbol=CHIP/USDC limit=20
2026-05-09 18:56:24,421 | INFO | fetch_order_book: mid=0.065845 spread=4.56bps bids=20 asks=20
2026-05-09 18:56:25,329 | INFO | SPREAD | pair=CHIP/USDC | cex=0.06583/0.06586 | dex_sell=0.0658181 dex_buy=0.065835 | spread_a=-6.4bps spread_b=-0.8bps | min=30.0bps
2026-05-09 18:56:26,331 | INFO | fetch_order_book: symbol=CHIP/USDC limit=20
2026-05-09 18:56:26,701 | INFO | fetch_order_book: mid=0.065845 spread=4.56bps bids=20 asks=20
2026-05-09 18:56:27,614 | INFO | SPREAD | pair=CHIP/USDC | cex=0.06583/0.06586 | dex_sell=0.0658181 dex_buy=0.065835 | spread_a=-6.4bps spread_b=-0.8bps | min=30.0bps
2026-05-09 18:56:28,617 | INFO | fetch_order_book: symbol=CHIP/USDC limit=20
2026-05-09 18:56:28,878 | INFO | fetch_order_book: mid=0.065845 spread=4.56bps bids=20 asks=20
2026-05-09 18:56:29,807 | INFO | SPREAD | pair=CHIP/USDC | cex=0.06583/0.06586 | dex_sell=0.0658181 dex_buy=0.065835 | spread_a=-6.4bps spread_b=-0.8bps | min=30.0bps
2026-05-09 18:56:30,810 | INFO | fetch_order_book: symbol=CHIP/USDC limit=20
2026-05-09 18:56:31,120 | INFO | fetch_order_book: mid=0.065845 spread=4.56bps bids=20 asks=20
2026-05-09 18:56:32,059 | INFO | SPREAD | pair=CHIP/USDC | cex=0.06583/0.06586 | dex_sell=0.0658181 dex_buy=0.065835 | spread_a=-6.4bps spread_b=-0.8bps | min=30.0bps
2026-05-09 18:56:33,061 | INFO | fetch_order_book: symbol=CHIP/USDC limit=20
2026-05-09 18:56:33,439 | INFO | fetch_order_book: mid=0.06584 spread=6.08bps bids=20 asks=20
2026-05-09 18:56:34,382 | INFO | SPREAD | pair=CHIP/USDC | cex=0.06582/0.06586 | dex_sell=0.0658181 dex_buy=0.065835 | spread_a=-6.4bps spread_b=-2.3bps | min=30.0bps
2026-05-09 18:56:35,385 | INFO | fetch_order_book: symbol=CHIP/USDC limit=20
2026-05-09 18:56:35,643 | INFO | fetch_order_book: mid=0.06584 spread=6.08bps bids=20 asks=20
2026-05-09 18:56:36,531 | INFO | SPREAD | pair=CHIP/USDC | cex=0.06582/0.06586 | dex_sell=0.0658181 dex_buy=0.065835 | spread_a=-6.4bps spread_b=-2.3bps | min=30.0bps
2026-05-09 18:56:37,533 | INFO | fetch_order_book: symbol=CHIP/USDC limit=20
2026-05-09 18:56:37,794 | INFO | fetch_order_book: mid=0.06584 spread=6.08bps bids=20 asks=20
2026-05-09 18:56:38,717 | INFO | SPREAD | pair=CHIP/USDC | cex=0.06582/0.06586 | dex_sell=0.0658181 dex_buy=0.065835 | spread_a=-6.4bps spread_b=-2.3bps | min=30.0bps
2026-05-09 18:56:39,719 | INFO | fetch_order_book: symbol=CHIP/USDC limit=20
2026-05-09 18:56:39,976 | INFO | fetch_order_book: mid=0.06584 spread=6.08bps bids=20 asks=20
2026-05-09 18:56:40,868 | INFO | SPREAD | pair=CHIP/USDC | cex=0.06582/0.06586 | dex_sell=0.0658181 dex_buy=0.065835 | spread_a=-6.4bps spread_b=-2.3bps | min=30.0bps
2026-05-09 18:56:41,871 | INFO | fetch_order_book: symbol=CHIP/USDC limit=20
2026-05-09 18:56:42,246 | INFO | fetch_order_book: mid=0.06584 spread=6.08bps bids=20 asks=20
2026-05-09 18:56:43,169 | INFO | SPREAD | pair=CHIP/USDC | cex=0.06582/0.06586 | dex_sell=0.0658181 dex_buy=0.065835 | spread_a=-6.4bps spread_b=-2.3bps | min=30.0bps
2026-05-09 18:56:44,171 | INFO | fetch_order_book: symbol=CHIP/USDC limit=20
2026-05-09 18:56:44,489 | INFO | fetch_order_book: mid=0.06585 spread=3.04bps bids=20 asks=20
2026-05-09 18:56:45,414 | INFO | SPREAD | pair=CHIP/USDC | cex=0.06584/0.06586 | dex_sell=0.0658181 dex_buy=0.065835 | spread_a=-6.4bps spread_b=0.8bps | min=30.0bps
2026-05-09 18:56:46,416 | INFO | fetch_order_book: symbol=CHIP/USDC limit=20
2026-05-09 18:56:46,742 | INFO | fetch_order_book: mid=0.06585 spread=3.04bps bids=20 asks=20
2026-05-09 18:56:47,635 | INFO | SPREAD | pair=CHIP/USDC | cex=0.06584/0.06586 | dex_sell=0.0658181 dex_buy=0.065835 | spread_a=-6.4bps spread_b=0.8bps | min=30.0bps
2026-05-09 18:56:48,637 | INFO | fetch_order_book: symbol=CHIP/USDC limit=20
2026-05-09 18:56:48,895 | INFO | fetch_order_book: mid=0.06585 spread=3.04bps bids=20 asks=20
2026-05-09 18:56:49,819 | INFO | SPREAD | pair=CHIP/USDC | cex=0.06584/0.06586 | dex_sell=0.0658476 dex_buy=0.0658645 | spread_a=-1.9bps spread_b=-3.7bps | min=30.0bps
2026-05-09 18:56:50,821 | INFO | fetch_order_book: symbol=CHIP/USDC limit=20
2026-05-09 18:56:51,159 | INFO | fetch_order_book: mid=0.065855 spread=1.52bps bids=20 asks=20
2026-05-09 18:56:52,076 | INFO | SPREAD | pair=CHIP/USDC | cex=0.06585/0.06586 | dex_sell=0.0658476 dex_buy=0.0658645 | spread_a=-1.9bps spread_b=-2.2bps | min=30.0bps
2026-05-09 18:56:53,078 | INFO | fetch_order_book: symbol=CHIP/USDC limit=20
2026-05-09 18:56:53,395 | INFO | fetch_order_book: mid=0.06584 spread=6.08bps bids=20 asks=20
2026-05-09 18:56:54,294 | INFO | SPREAD | pair=CHIP/USDC | cex=0.06582/0.06586 | dex_sell=0.0658476 dex_buy=0.0658645 | spread_a=-1.9bps spread_b=-6.8bps | min=30.0bps
2026-05-09 18:56:55,297 | INFO | fetch_order_book: symbol=CHIP/USDC limit=20
2026-05-09 18:56:55,566 | INFO | fetch_order_book: mid=0.06585 spread=3.04bps bids=20 asks=20
2026-05-09 18:56:56,528 | INFO | SPREAD | pair=CHIP/USDC | cex=0.06584/0.06586 | dex_sell=0.0658476 dex_buy=0.0658645 | spread_a=-1.9bps spread_b=-3.7bps | min=30.0bps
2026-05-09 18:56:57,531 | INFO | fetch_order_book: symbol=CHIP/USDC limit=20
2026-05-09 18:56:57,803 | INFO | fetch_order_book: mid=0.06585 spread=3.04bps bids=20 asks=20
2026-05-09 18:56:58,792 | INFO | SPREAD | pair=CHIP/USDC | cex=0.06584/0.06586 | dex_sell=0.0658476 dex_buy=0.0658645 | spread_a=-1.9bps spread_b=-3.7bps | min=30.0bps
2026-05-09 18:56:59,795 | INFO | fetch_order_book: symbol=CHIP/USDC limit=20
2026-05-09 18:57:00,157 | INFO | fetch_order_book: mid=0.06587 spread=3.04bps bids=20 asks=20
2026-05-09 18:57:01,100 | INFO | SPREAD | pair=CHIP/USDC | cex=0.06586/0.06588 | dex_sell=0.0658476 dex_buy=0.0658645 | spread_a=-4.9bps spread_b=-0.7bps | min=30.0bps
2026-05-09 18:57:02,102 | INFO | fetch_order_book: symbol=CHIP/USDC limit=20
2026-05-09 18:57:02,512 | INFO | fetch_order_book: mid=0.06589 spread=3.04bps bids=20 asks=20
2026-05-09 18:57:03,399 | INFO | SPREAD | pair=CHIP/USDC | cex=0.06588/0.0659 | dex_sell=0.0658776 dex_buy=0.0658945 | spread_a=-3.4bps spread_b=-2.2bps | min=30.0bps
2026-05-09 18:57:04,402 | INFO | fetch_order_book: symbol=CHIP/USDC limit=20
2026-05-09 18:57:04,762 | INFO | fetch_order_book: mid=0.06589 spread=3.04bps bids=20 asks=20
2026-05-09 18:57:05,651 | INFO | SPREAD | pair=CHIP/USDC | cex=0.06588/0.0659 | dex_sell=0.0658776 dex_buy=0.0658945 | spread_a=-3.4bps spread_b=-2.2bps | min=30.0bps
2026-05-09 18:57:06,653 | INFO | fetch_order_book: symbol=CHIP/USDC limit=20
2026-05-09 18:57:06,917 | INFO | fetch_order_book: mid=0.065865 spread=7.59bps bids=20 asks=20
2026-05-09 18:57:07,833 | INFO | SPREAD | pair=CHIP/USDC | cex=0.06584/0.06589 | dex_sell=0.0658776 dex_buy=0.0658945 | spread_a=-1.9bps spread_b=-8.3bps | min=30.0bps
2026-05-09 18:57:08,836 | INFO | fetch_order_book: symbol=CHIP/USDC limit=20
2026-05-09 18:57:09,167 | INFO | fetch_order_book: mid=0.06587 spread=6.07bps bids=20 asks=20
2026-05-09 18:57:10,059 | INFO | SPREAD | pair=CHIP/USDC | cex=0.06585/0.06589 | dex_sell=0.0658776 dex_buy=0.0658945 | spread_a=-1.9bps spread_b=-6.8bps | min=30.0bps
2026-05-09 18:57:11,062 | INFO | fetch_order_book: symbol=CHIP/USDC limit=20
2026-05-09 18:57:11,321 | INFO | fetch_order_book: mid=0.06589 spread=3.04bps bids=20 asks=20
2026-05-09 18:57:12,244 | INFO | SPREAD | pair=CHIP/USDC | cex=0.06588/0.0659 | dex_sell=0.0658776 dex_buy=0.0658945 | spread_a=-3.4bps spread_b=-2.2bps | min=30.0bps
2026-05-09 18:57:13,247 | INFO | fetch_order_book: symbol=CHIP/USDC limit=20
2026-05-09 18:57:13,571 | INFO | fetch_order_book: mid=0.06589 spread=3.04bps bids=20 asks=20
2026-05-09 18:57:14,472 | INFO | SPREAD | pair=CHIP/USDC | cex=0.06588/0.0659 | dex_sell=0.0658776 dex_buy=0.0658945 | spread_a=-3.4bps spread_b=-2.2bps | min=30.0bps
2026-05-09 18:57:15,474 | INFO | fetch_order_book: symbol=CHIP/USDC limit=20
2026-05-09 18:57:15,824 | INFO | fetch_order_book: mid=0.06587 spread=6.07bps bids=20 asks=20
2026-05-09 18:57:16,723 | INFO | SPREAD | pair=CHIP/USDC | cex=0.06585/0.06589 | dex_sell=0.0658776 dex_buy=0.0658945 | spread_a=-1.9bps spread_b=-6.8bps | min=30.0bps
2026-05-09 18:57:17,726 | INFO | fetch_order_book: symbol=CHIP/USDC limit=20
2026-05-09 18:57:18,076 | INFO | fetch_order_book: mid=0.065875 spread=4.55bps bids=20 asks=20
2026-05-09 18:57:19,003 | INFO | SPREAD | pair=CHIP/USDC | cex=0.06586/0.06589 | dex_sell=0.0658776 dex_buy=0.0658945 | spread_a=-1.9bps spread_b=-5.2bps | min=30.0bps
2026-05-09 18:57:20,005 | INFO | fetch_order_book: symbol=CHIP/USDC limit=20
2026-05-09 18:57:20,330 | INFO | fetch_order_book: mid=0.06587 spread=6.07bps bids=20 asks=20
2026-05-09 18:57:21,246 | INFO | SPREAD | pair=CHIP/USDC | cex=0.06585/0.06589 | dex_sell=0.0658776 dex_buy=0.0658945 | spread_a=-1.9bps spread_b=-6.8bps | min=30.0bps
2026-05-09 18:57:22,249 | INFO | fetch_order_book: symbol=CHIP/USDC limit=20
2026-05-09 18:57:22,590 | INFO | fetch_order_book: mid=0.065865 spread=7.59bps bids=20 asks=20
2026-05-09 18:57:23,497 | INFO | SPREAD | pair=CHIP/USDC | cex=0.06584/0.06589 | dex_sell=0.0658776 dex_buy=0.0658945 | spread_a=-1.9bps spread_b=-8.3bps | min=30.0bps
2026-05-09 18:57:24,500 | INFO | fetch_order_book: symbol=CHIP/USDC limit=20
2026-05-09 18:57:24,769 | INFO | fetch_order_book: mid=0.065865 spread=7.59bps bids=20 asks=20
2026-05-09 18:57:25,694 | INFO | SPREAD | pair=CHIP/USDC | cex=0.06584/0.06589 | dex_sell=0.0658776 dex_buy=0.0658945 | spread_a=-1.9bps spread_b=-8.3bps | min=30.0bps
2026-05-09 18:57:26,696 | INFO | fetch_order_book: symbol=CHIP/USDC limit=20
2026-05-09 18:57:26,953 | INFO | fetch_order_book: mid=0.065795 spread=4.56bps bids=20 asks=20
2026-05-09 18:57:27,852 | INFO | SPREAD | pair=CHIP/USDC | cex=0.06578/0.06581 | dex_sell=0.0658111 dex_buy=0.0658281 | spread_a=0.2bps spread_b=-7.3bps | min=30.0bps
2026-05-09 18:57:28,855 | INFO | fetch_order_book: symbol=CHIP/USDC limit=20
2026-05-09 18:57:29,110 | INFO | fetch_order_book: mid=0.065795 spread=4.56bps bids=20 asks=20
2026-05-09 18:57:30,042 | INFO | SPREAD | pair=CHIP/USDC | cex=0.06578/0.06581 | dex_sell=0.065791 dex_buy=0.0658079 | spread_a=-2.9bps spread_b=-4.2bps | min=30.0bps
2026-05-09 18:57:31,044 | INFO | fetch_order_book: symbol=CHIP/USDC limit=20
2026-05-09 18:57:31,391 | INFO | fetch_order_book: mid=0.06586 spread=6.07bps bids=20 asks=20
2026-05-09 18:57:32,296 | INFO | SPREAD | pair=CHIP/USDC | cex=0.06584/0.06588 | dex_sell=0.0658177 dex_buy=0.0658346 | spread_a=-9.5bps spread_b=0.8bps | min=30.0bps
2026-05-09 18:57:33,298 | INFO | fetch_order_book: symbol=CHIP/USDC limit=20
2026-05-09 18:57:33,641 | INFO | fetch_order_book: mid=0.06587 spread=3.04bps bids=20 asks=20
2026-05-09 18:57:34,547 | INFO | SPREAD | pair=CHIP/USDC | cex=0.06586/0.06588 | dex_sell=0.0658477 dex_buy=0.0658646 | spread_a=-4.9bps spread_b=-0.7bps | min=30.0bps
2026-05-09 18:57:35,549 | INFO | fetch_order_book: symbol=CHIP/USDC limit=20
2026-05-09 18:57:35,807 | INFO | fetch_order_book: mid=0.06587 spread=3.04bps bids=20 asks=20
2026-05-09 18:57:36,752 | INFO | SPREAD | pair=CHIP/USDC | cex=0.06586/0.06588 | dex_sell=0.0658477 dex_buy=0.0658646 | spread_a=-4.9bps spread_b=-0.7bps | min=30.0bps
2026-05-09 18:57:37,755 | INFO | fetch_order_book: symbol=CHIP/USDC limit=20
2026-05-09 18:57:38,012 | INFO | fetch_order_book: mid=0.06589 spread=3.04bps bids=20 asks=20
2026-05-09 18:57:38,950 | INFO | SPREAD | pair=CHIP/USDC | cex=0.06588/0.0659 | dex_sell=0.0658774 dex_buy=0.0658944 | spread_a=-3.4bps spread_b=-2.2bps | min=30.0bps
2026-05-09 18:57:39,953 | INFO | fetch_order_book: symbol=CHIP/USDC limit=20
2026-05-09 18:57:40,298 | INFO | fetch_order_book: mid=0.06589 spread=3.04bps bids=20 asks=20
2026-05-09 18:57:41,213 | INFO | SPREAD | pair=CHIP/USDC | cex=0.06588/0.0659 | dex_sell=0.0658774 dex_buy=0.0658944 | spread_a=-3.4bps spread_b=-2.2bps | min=30.0bps
2026-05-09 18:57:42,216 | INFO | fetch_order_book: symbol=CHIP/USDC limit=20
2026-05-09 18:57:42,549 | INFO | fetch_order_book: mid=0.06589 spread=3.04bps bids=20 asks=20
2026-05-09 18:57:43,440 | INFO | SPREAD | pair=CHIP/USDC | cex=0.06588/0.0659 | dex_sell=0.0658774 dex_buy=0.0658944 | spread_a=-3.4bps spread_b=-2.2bps | min=30.0bps
2026-05-09 18:57:44,442 | INFO | fetch_order_book: symbol=CHIP/USDC limit=20
2026-05-09 18:57:44,805 | INFO | fetch_order_book: mid=0.06589 spread=3.04bps bids=20 asks=20
2026-05-09 18:57:45,723 | INFO | SPREAD | pair=CHIP/USDC | cex=0.06588/0.0659 | dex_sell=0.0658774 dex_buy=0.0658944 | spread_a=-3.4bps spread_b=-2.2bps | min=30.0bps
2026-05-09 18:57:46,725 | INFO | fetch_order_book: symbol=CHIP/USDC limit=20
2026-05-09 18:57:46,988 | INFO | fetch_order_book: mid=0.06589 spread=3.04bps bids=20 asks=20
2026-05-09 18:57:47,875 | INFO | SPREAD | pair=CHIP/USDC | cex=0.06588/0.0659 | dex_sell=0.0658774 dex_buy=0.0658944 | spread_a=-3.4bps spread_b=-2.2bps | min=30.0bps
2026-05-09 18:57:48,878 | INFO | fetch_order_book: symbol=CHIP/USDC limit=20
2026-05-09 18:57:49,134 | INFO | fetch_order_book: mid=0.06589 spread=3.04bps bids=20 asks=20
2026-05-09 18:57:50,035 | INFO | SPREAD | pair=CHIP/USDC | cex=0.06588/0.0659 | dex_sell=0.0658774 dex_buy=0.0658944 | spread_a=-3.4bps spread_b=-2.2bps | min=30.0bps
2026-05-09 18:57:51,038 | INFO | fetch_order_book: symbol=CHIP/USDC limit=20
2026-05-09 18:57:51,354 | INFO | fetch_order_book: mid=0.06589 spread=3.04bps bids=20 asks=20
2026-05-09 18:57:52,243 | INFO | SPREAD | pair=CHIP/USDC | cex=0.06588/0.0659 | dex_sell=0.0658774 dex_buy=0.0658944 | spread_a=-3.4bps spread_b=-2.2bps | min=30.0bps
2026-05-09 18:57:53,246 | INFO | fetch_order_book: symbol=CHIP/USDC limit=20
2026-05-09 18:57:53,609 | INFO | fetch_order_book: mid=0.06589 spread=3.04bps bids=20 asks=20
2026-05-09 18:57:54,530 | INFO | SPREAD | pair=CHIP/USDC | cex=0.06588/0.0659 | dex_sell=0.0658774 dex_buy=0.0658944 | spread_a=-3.4bps spread_b=-2.2bps | min=30.0bps
2026-05-09 18:57:55,532 | INFO | fetch_order_book: symbol=CHIP/USDC limit=20
2026-05-09 18:57:55,794 | INFO | fetch_order_book: mid=0.06589 spread=3.04bps bids=20 asks=20
2026-05-09 18:57:56,727 | INFO | SPREAD | pair=CHIP/USDC | cex=0.06588/0.0659 | dex_sell=0.0658774 dex_buy=0.0658944 | spread_a=-3.4bps spread_b=-2.2bps | min=30.0bps
2026-05-09 18:57:57,729 | INFO | fetch_order_book: symbol=CHIP/USDC limit=20
2026-05-09 18:57:57,997 | INFO | fetch_order_book: mid=0.065855 spread=4.56bps bids=20 asks=20
2026-05-09 18:57:58,922 | INFO | SPREAD | pair=CHIP/USDC | cex=0.06584/0.06587 | dex_sell=0.0658513 dex_buy=0.0658683 | spread_a=-2.8bps spread_b=-4.3bps | min=30.0bps
2026-05-09 18:57:59,924 | INFO | fetch_order_book: symbol=CHIP/USDC limit=20
2026-05-09 18:58:00,274 | INFO | fetch_order_book: mid=0.06585 spread=6.07bps bids=20 asks=20
2026-05-09 18:58:01,238 | INFO | SPREAD | pair=CHIP/USDC | cex=0.06583/0.06587 | dex_sell=0.0658214 dex_buy=0.0658383 | spread_a=-7.4bps spread_b=-1.3bps | min=30.0bps
2026-05-09 18:58:02,241 | INFO | fetch_order_book: symbol=CHIP/USDC limit=20
2026-05-09 18:58:02,524 | INFO | fetch_order_book: mid=0.065865 spread=4.55bps bids=20 asks=20
2026-05-09 18:58:03,479 | INFO | SPREAD | pair=CHIP/USDC | cex=0.06585/0.06588 | dex_sell=0.0658214 dex_buy=0.0658383 | spread_a=-8.9bps spread_b=1.8bps | min=30.0bps
2026-05-09 18:58:04,481 | INFO | fetch_order_book: symbol=CHIP/USDC limit=20
2026-05-09 18:58:04,815 | INFO | fetch_order_book: mid=0.06586 spread=6.07bps bids=20 asks=20
2026-05-09 18:58:05,758 | INFO | SPREAD | pair=CHIP/USDC | cex=0.06584/0.06588 | dex_sell=0.0658214 dex_buy=0.0658383 | spread_a=-8.9bps spread_b=0.3bps | min=30.0bps
2026-05-09 18:58:06,760 | INFO | fetch_order_book: symbol=CHIP/USDC limit=20
2026-05-09 18:58:07,133 | INFO | fetch_order_book: mid=0.065845 spread=7.59bps bids=20 asks=20
2026-05-09 18:58:08,080 | INFO | SPREAD | pair=CHIP/USDC | cex=0.06582/0.06587 | dex_sell=0.0658214 dex_buy=0.0658383 | spread_a=-7.4bps spread_b=-2.8bps | min=30.0bps
2026-05-09 18:58:09,082 | INFO | fetch_order_book: symbol=CHIP/USDC limit=20
2026-05-09 18:58:09,339 | INFO | fetch_order_book: mid=0.065845 spread=7.59bps bids=20 asks=20
2026-05-09 18:58:10,287 | INFO | SPREAD | pair=CHIP/USDC | cex=0.06582/0.06587 | dex_sell=0.0658214 dex_buy=0.0658383 | spread_a=-7.4bps spread_b=-2.8bps | min=30.0bps
2026-05-09 18:58:11,289 | INFO | fetch_order_book: symbol=CHIP/USDC limit=20
2026-05-09 18:58:11,552 | INFO | fetch_order_book: mid=0.06585 spread=6.07bps bids=20 asks=20
2026-05-09 18:58:12,452 | INFO | SPREAD | pair=CHIP/USDC | cex=0.06583/0.06587 | dex_sell=0.0658214 dex_buy=0.0658383 | spread_a=-7.4bps spread_b=-1.3bps | min=30.0bps
2026-05-09 18:58:13,455 | INFO | fetch_order_book: symbol=CHIP/USDC limit=20
2026-05-09 18:58:13,785 | INFO | fetch_order_book: mid=0.06585 spread=6.07bps bids=20 asks=20
2026-05-09 18:58:14,722 | INFO | SPREAD | pair=CHIP/USDC | cex=0.06583/0.06587 | dex_sell=0.0658214 dex_buy=0.0658383 | spread_a=-7.4bps spread_b=-1.3bps | min=30.0bps
2026-05-09 18:58:15,724 | INFO | fetch_order_book: symbol=CHIP/USDC limit=20
2026-05-09 18:58:16,138 | INFO | fetch_order_book: mid=0.065865 spread=4.55bps bids=20 asks=20
2026-05-09 18:58:17,026 | INFO | SPREAD | pair=CHIP/USDC | cex=0.06585/0.06588 | dex_sell=0.0658214 dex_buy=0.0658644 | spread_a=-8.9bps spread_b=-2.2bps | min=30.0bps
2026-05-09 18:58:18,028 | INFO | fetch_order_book: symbol=CHIP/USDC limit=20
2026-05-09 18:58:18,394 | INFO | fetch_order_book: mid=0.065865 spread=4.55bps bids=20 asks=20
2026-05-09 18:58:19,317 | INFO | SPREAD | pair=CHIP/USDC | cex=0.06585/0.06588 | dex_sell=0.0658475 dex_buy=0.0658644 | spread_a=-4.9bps spread_b=-2.2bps | min=30.0bps
2026-05-09 18:58:20,319 | INFO | fetch_order_book: symbol=CHIP/USDC limit=20
2026-05-09 18:58:20,641 | INFO | fetch_order_book: mid=0.065865 spread=4.55bps bids=20 asks=20
2026-05-09 18:58:21,615 | INFO | SPREAD | pair=CHIP/USDC | cex=0.06585/0.06588 | dex_sell=0.0658475 dex_buy=0.0658644 | spread_a=-4.9bps spread_b=-2.2bps | min=30.0bps
2026-05-09 18:58:22,618 | INFO | fetch_order_book: symbol=CHIP/USDC limit=20
2026-05-09 18:58:22,919 | INFO | fetch_order_book: mid=0.065865 spread=4.55bps bids=20 asks=20
2026-05-09 18:58:23,859 | INFO | SPREAD | pair=CHIP/USDC | cex=0.06585/0.06588 | dex_sell=0.0658475 dex_buy=0.0658644 | spread_a=-4.9bps spread_b=-2.2bps | min=30.0bps
2026-05-09 18:58:24,861 | INFO | fetch_order_book: symbol=CHIP/USDC limit=20
2026-05-09 18:58:25,132 | INFO | fetch_order_book: mid=0.065865 spread=4.55bps bids=20 asks=20
2026-05-09 18:58:26,016 | INFO | SPREAD | pair=CHIP/USDC | cex=0.06585/0.06588 | dex_sell=0.0658475 dex_buy=0.0658644 | spread_a=-4.9bps spread_b=-2.2bps | min=30.0bps
2026-05-09 18:58:27,018 | INFO | fetch_order_book: symbol=CHIP/USDC limit=20
2026-05-09 18:58:27,293 | INFO | fetch_order_book: mid=0.06589 spread=3.04bps bids=20 asks=20
2026-05-09 18:58:28,247 | INFO | SPREAD | pair=CHIP/USDC | cex=0.06588/0.0659 | dex_sell=0.0658775 dex_buy=0.0658945 | spread_a=-3.4bps spread_b=-2.2bps | min=30.0bps
2026-05-09 18:58:29,250 | INFO | fetch_order_book: symbol=CHIP/USDC limit=20
2026-05-09 18:58:29,519 | INFO | fetch_order_book: mid=0.065865 spread=7.59bps bids=20 asks=20
2026-05-09 18:58:30,458 | INFO | SPREAD | pair=CHIP/USDC | cex=0.06584/0.06589 | dex_sell=0.0658775 dex_buy=0.0658945 | spread_a=-1.9bps spread_b=-8.3bps | min=30.0bps
2026-05-09 18:58:31,461 | INFO | fetch_order_book: symbol=CHIP/USDC limit=20
2026-05-09 18:58:31,807 | INFO | fetch_order_book: mid=0.065885 spread=4.55bps bids=20 asks=20
2026-05-09 18:58:32,804 | INFO | SPREAD | pair=CHIP/USDC | cex=0.06587/0.0659 | dex_sell=0.0658775 dex_buy=0.0658945 | spread_a=-3.4bps spread_b=-3.7bps | min=30.0bps
2026-05-09 18:58:33,806 | INFO | fetch_order_book: symbol=CHIP/USDC limit=20
2026-05-09 18:58:34,168 | INFO | fetch_order_book: mid=0.065885 spread=4.55bps bids=20 asks=20
2026-05-09 18:58:35,152 | INFO | SPREAD | pair=CHIP/USDC | cex=0.06587/0.0659 | dex_sell=0.0658775 dex_buy=0.0658945 | spread_a=-3.4bps spread_b=-3.7bps | min=30.0bps
2026-05-09 18:58:36,154 | INFO | fetch_order_book: symbol=CHIP/USDC limit=20
2026-05-09 18:58:36,455 | INFO | fetch_order_book: mid=0.065885 spread=4.55bps bids=20 asks=20
2026-05-09 18:58:37,378 | INFO | SPREAD | pair=CHIP/USDC | cex=0.06587/0.0659 | dex_sell=0.0658775 dex_buy=0.0658945 | spread_a=-3.4bps spread_b=-3.7bps | min=30.0bps
2026-05-09 18:58:38,380 | INFO | fetch_order_book: symbol=CHIP/USDC limit=20
2026-05-09 18:58:38,769 | INFO | fetch_order_book: mid=0.065885 spread=4.55bps bids=20 asks=20
2026-05-09 18:58:39,757 | INFO | SPREAD | pair=CHIP/USDC | cex=0.06587/0.0659 | dex_sell=0.0658775 dex_buy=0.0658945 | spread_a=-3.4bps spread_b=-3.7bps | min=30.0bps
2026-05-09 18:58:40,759 | INFO | fetch_order_book: symbol=CHIP/USDC limit=20
2026-05-09 18:58:41,030 | INFO | fetch_order_book: mid=0.065885 spread=4.55bps bids=20 asks=20
2026-05-09 18:58:41,965 | INFO | SPREAD | pair=CHIP/USDC | cex=0.06587/0.0659 | dex_sell=0.0658775 dex_buy=0.0658945 | spread_a=-3.4bps spread_b=-3.7bps | min=30.0bps
2026-05-09 18:58:42,967 | INFO | fetch_order_book: symbol=CHIP/USDC limit=20
2026-05-09 18:58:43,229 | INFO | fetch_order_book: mid=0.065885 spread=4.55bps bids=20 asks=20
2026-05-09 18:58:44,111 | INFO | SPREAD | pair=CHIP/USDC | cex=0.06587/0.0659 | dex_sell=0.0658775 dex_buy=0.0658945 | spread_a=-3.4bps spread_b=-3.7bps | min=30.0bps
2026-05-09 18:58:45,114 | INFO | fetch_order_book: symbol=CHIP/USDC limit=20
2026-05-09 18:58:45,429 | INFO | fetch_order_book: mid=0.06589 spread=3.04bps bids=20 asks=20
2026-05-09 18:58:46,374 | INFO | SPREAD | pair=CHIP/USDC | cex=0.06588/0.0659 | dex_sell=0.0658775 dex_buy=0.0658945 | spread_a=-3.4bps spread_b=-2.2bps | min=30.0bps
2026-05-09 18:58:47,376 | INFO | fetch_order_book: symbol=CHIP/USDC limit=20
2026-05-09 18:58:47,725 | INFO | fetch_order_book: mid=0.065895 spread=1.52bps bids=20 asks=20
2026-05-09 18:58:48,654 | INFO | SPREAD | pair=CHIP/USDC | cex=0.06589/0.0659 | dex_sell=0.0658775 dex_buy=0.0658945 | spread_a=-3.4bps spread_b=-0.7bps | min=30.0bps
2026-05-09 18:58:49,656 | INFO | fetch_order_book: symbol=CHIP/USDC limit=20
2026-05-09 18:58:49,913 | INFO | fetch_order_book: mid=0.06591 spread=3.03bps bids=20 asks=20
2026-05-09 18:58:50,812 | INFO | SPREAD | pair=CHIP/USDC | cex=0.0659/0.06592 | dex_sell=0.0658775 dex_buy=0.0658945 | spread_a=-6.4bps spread_b=0.8bps | min=30.0bps
2026-05-09 18:58:51,815 | INFO | fetch_order_book: symbol=CHIP/USDC limit=20
2026-05-09 18:58:52,079 | INFO | fetch_order_book: mid=0.06591 spread=3.03bps bids=20 asks=20
2026-05-09 18:58:53,029 | INFO | SPREAD | pair=CHIP/USDC | cex=0.0659/0.06592 | dex_sell=0.0658775 dex_buy=0.0658945 | spread_a=-6.4bps spread_b=0.8bps | min=30.0bps
2026-05-09 18:58:54,031 | INFO | fetch_order_book: symbol=CHIP/USDC limit=20
2026-05-09 18:58:54,317 | INFO | fetch_order_book: mid=0.06591 spread=3.03bps bids=20 asks=20
2026-05-09 18:58:55,198 | INFO | SPREAD | pair=CHIP/USDC | cex=0.0659/0.06592 | dex_sell=0.0658775 dex_buy=0.0658945 | spread_a=-6.4bps spread_b=0.8bps | min=30.0bps
2026-05-09 18:58:56,200 | INFO | fetch_order_book: symbol=CHIP/USDC limit=20
2026-05-09 18:58:56,468 | INFO | fetch_order_book: mid=0.06590 spread=6.07bps bids=20 asks=20
2026-05-09 18:58:57,412 | INFO | SPREAD | pair=CHIP/USDC | cex=0.06588/0.06592 | dex_sell=0.0658775 dex_buy=0.0658945 | spread_a=-6.4bps spread_b=-2.2bps | min=30.0bps
2026-05-09 18:58:58,414 | INFO | fetch_order_book: symbol=CHIP/USDC limit=20
2026-05-09 18:58:58,672 | INFO | fetch_order_book: mid=0.06590 spread=6.07bps bids=20 asks=20
2026-05-09 18:58:59,578 | INFO | SPREAD | pair=CHIP/USDC | cex=0.06588/0.06592 | dex_sell=0.0658775 dex_buy=0.0658945 | spread_a=-6.4bps spread_b=-2.2bps | min=30.0bps
2026-05-09 18:59:00,580 | INFO | fetch_order_book: symbol=CHIP/USDC limit=20
2026-05-09 18:59:00,845 | INFO | fetch_order_book: mid=0.06589 spread=6.07bps bids=20 asks=20
2026-05-09 18:59:01,766 | INFO | SPREAD | pair=CHIP/USDC | cex=0.06587/0.06591 | dex_sell=0.0658775 dex_buy=0.0658945 | spread_a=-4.9bps spread_b=-3.7bps | min=30.0bps
2026-05-09 18:59:02,769 | INFO | fetch_order_book: symbol=CHIP/USDC limit=20
2026-05-09 18:59:03,034 | INFO | fetch_order_book: mid=0.065875 spread=4.55bps bids=20 asks=20
2026-05-09 18:59:03,965 | INFO | SPREAD | pair=CHIP/USDC | cex=0.06586/0.06589 | dex_sell=0.0658775 dex_buy=0.0658945 | spread_a=-1.9bps spread_b=-5.2bps | min=30.0bps
2026-05-09 18:59:04,968 | INFO | fetch_order_book: symbol=CHIP/USDC limit=20
2026-05-09 18:59:05,305 | INFO | fetch_order_book: mid=0.065905 spread=4.55bps bids=20 asks=20
2026-05-09 18:59:06,287 | INFO | SPREAD | pair=CHIP/USDC | cex=0.06589/0.06592 | dex_sell=0.0658775 dex_buy=0.0658945 | spread_a=-6.4bps spread_b=-0.7bps | min=30.0bps
2026-05-09 18:59:07,289 | INFO | fetch_order_book: symbol=CHIP/USDC limit=20
2026-05-09 18:59:07,586 | INFO | fetch_order_book: mid=0.06588 spread=3.04bps bids=20 asks=20
2026-05-09 18:59:08,514 | INFO | SPREAD | pair=CHIP/USDC | cex=0.06587/0.06589 | dex_sell=0.0658775 dex_buy=0.0658945 | spread_a=-1.9bps spread_b=-3.7bps | min=30.0bps
2026-05-09 18:59:09,517 | INFO | fetch_order_book: symbol=CHIP/USDC limit=20
2026-05-09 18:59:09,783 | INFO | fetch_order_book: mid=0.065875 spread=4.55bps bids=20 asks=20
2026-05-09 18:59:10,673 | INFO | SPREAD | pair=CHIP/USDC | cex=0.06586/0.06589 | dex_sell=0.0658775 dex_buy=0.0658945 | spread_a=-1.9bps spread_b=-5.2bps | min=30.0bps
2026-05-09 18:59:11,676 | INFO | fetch_order_book: symbol=CHIP/USDC limit=20
2026-05-09 18:59:11,939 | INFO | fetch_order_book: mid=0.065875 spread=4.55bps bids=20 asks=20
2026-05-09 18:59:12,845 | INFO | SPREAD | pair=CHIP/USDC | cex=0.06586/0.06589 | dex_sell=0.0658775 dex_buy=0.0658945 | spread_a=-1.9bps spread_b=-5.2bps | min=30.0bps
2026-05-09 18:59:13,848 | INFO | fetch_order_book: symbol=CHIP/USDC limit=20
2026-05-09 18:59:14,106 | INFO | fetch_order_book: mid=0.065875 spread=4.55bps bids=20 asks=20
2026-05-09 18:59:15,003 | INFO | SPREAD | pair=CHIP/USDC | cex=0.06586/0.06589 | dex_sell=0.0658775 dex_buy=0.0658945 | spread_a=-1.9bps spread_b=-5.2bps | min=30.0bps
2026-05-09 18:59:16,005 | INFO | fetch_order_book: symbol=CHIP/USDC limit=20
2026-05-09 18:59:16,268 | INFO | fetch_order_book: mid=0.06587 spread=3.04bps bids=20 asks=20
2026-05-09 18:59:17,241 | INFO | SPREAD | pair=CHIP/USDC | cex=0.06586/0.06588 | dex_sell=0.0658514 dex_buy=0.0658684 | spread_a=-4.3bps spread_b=-1.3bps | min=30.0bps
2026-05-09 18:59:18,243 | INFO | fetch_order_book: symbol=CHIP/USDC limit=20
2026-05-09 18:59:18,504 | INFO | fetch_order_book: mid=0.065875 spread=4.55bps bids=20 asks=20
2026-05-09 18:59:19,400 | INFO | SPREAD | pair=CHIP/USDC | cex=0.06586/0.06589 | dex_sell=0.0658514 dex_buy=0.0658684 | spread_a=-5.9bps spread_b=-1.3bps | min=30.0bps
2026-05-09 18:59:20,403 | INFO | fetch_order_book: symbol=CHIP/USDC limit=20
2026-05-09 18:59:20,747 | INFO | fetch_order_book: mid=0.06587 spread=3.04bps bids=20 asks=20
2026-05-09 18:59:21,658 | INFO | SPREAD | pair=CHIP/USDC | cex=0.06586/0.06588 | dex_sell=0.0658514 dex_buy=0.0658684 | spread_a=-4.3bps spread_b=-1.3bps | min=30.0bps
2026-05-09 18:59:22,660 | INFO | fetch_order_book: symbol=CHIP/USDC limit=20
2026-05-09 18:59:22,952 | INFO | fetch_order_book: mid=0.06587 spread=3.04bps bids=20 asks=20
2026-05-09 18:59:23,858 | INFO | SPREAD | pair=CHIP/USDC | cex=0.06586/0.06588 | dex_sell=0.0658514 dex_buy=0.0658684 | spread_a=-4.3bps spread_b=-1.3bps | min=30.0bps
2026-05-09 18:59:24,861 | INFO | fetch_order_book: symbol=CHIP/USDC limit=20
2026-05-09 18:59:25,163 | INFO | fetch_order_book: mid=0.06587 spread=3.04bps bids=20 asks=20
2026-05-09 18:59:26,078 | INFO | SPREAD | pair=CHIP/USDC | cex=0.06586/0.06588 | dex_sell=0.0658514 dex_buy=0.0658684 | spread_a=-4.3bps spread_b=-1.3bps | min=30.0bps
2026-05-09 18:59:27,080 | INFO | fetch_order_book: symbol=CHIP/USDC limit=20
2026-05-09 18:59:27,453 | INFO | fetch_order_book: mid=0.06585 spread=3.04bps bids=20 asks=20
2026-05-09 18:59:28,403 | INFO | SPREAD | pair=CHIP/USDC | cex=0.06584/0.06586 | dex_sell=0.0658514 dex_buy=0.0658684 | spread_a=-1.3bps spread_b=-4.3bps | min=30.0bps
2026-05-09 18:59:29,405 | INFO | fetch_order_book: symbol=CHIP/USDC limit=20
2026-05-09 18:59:29,671 | INFO | fetch_order_book: mid=0.06585 spread=3.04bps bids=20 asks=20
2026-05-09 18:59:30,643 | INFO | SPREAD | pair=CHIP/USDC | cex=0.06584/0.06586 | dex_sell=0.0658514 dex_buy=0.0658684 | spread_a=-1.3bps spread_b=-4.3bps | min=30.0bps
2026-05-09 18:59:31,645 | INFO | fetch_order_book: symbol=CHIP/USDC limit=20
2026-05-09 18:59:31,909 | INFO | fetch_order_book: mid=0.06581 spread=3.04bps bids=20 asks=20
2026-05-09 18:59:32,850 | INFO | SPREAD | pair=CHIP/USDC | cex=0.0658/0.06582 | dex_sell=0.0658215 dex_buy=0.0658384 | spread_a=0.2bps spread_b=-5.8bps | min=30.0bps
2026-05-09 18:59:33,852 | INFO | fetch_order_book: symbol=CHIP/USDC limit=20
2026-05-09 18:59:34,168 | INFO | fetch_order_book: mid=0.06581 spread=3.04bps bids=20 asks=20
2026-05-09 18:59:35,067 | INFO | SPREAD | pair=CHIP/USDC | cex=0.0658/0.06582 | dex_sell=0.0658215 dex_buy=0.0658384 | spread_a=0.2bps spread_b=-5.8bps | min=30.0bps
2026-05-09 18:59:36,069 | INFO | fetch_order_book: symbol=CHIP/USDC limit=20
2026-05-09 18:59:36,331 | INFO | fetch_order_book: mid=0.06584 spread=6.08bps bids=20 asks=20
2026-05-09 18:59:37,248 | INFO | SPREAD | pair=CHIP/USDC | cex=0.06582/0.06586 | dex_sell=0.0658215 dex_buy=0.0658384 | spread_a=-5.9bps spread_b=-2.8bps | min=30.0bps
2026-05-09 18:59:38,251 | INFO | fetch_order_book: symbol=CHIP/USDC limit=20
2026-05-09 18:59:38,511 | INFO | fetch_order_book: mid=0.06583 spread=6.08bps bids=20 asks=20
2026-05-09 18:59:39,423 | INFO | SPREAD | pair=CHIP/USDC | cex=0.06581/0.06585 | dex_sell=0.0658215 dex_buy=0.0658384 | spread_a=-4.3bps spread_b=-4.3bps | min=30.0bps
2026-05-09 18:59:40,425 | INFO | fetch_order_book: symbol=CHIP/USDC limit=20
2026-05-09 18:59:40,722 | INFO | fetch_order_book: mid=0.06583 spread=6.08bps bids=20 asks=20
2026-05-09 18:59:41,629 | INFO | SPREAD | pair=CHIP/USDC | cex=0.06581/0.06585 | dex_sell=0.0658215 dex_buy=0.0658384 | spread_a=-4.3bps spread_b=-4.3bps | min=30.0bps
2026-05-09 18:59:42,632 | INFO | fetch_order_book: symbol=CHIP/USDC limit=20
2026-05-09 18:59:42,889 | INFO | fetch_order_book: mid=0.065825 spread=7.60bps bids=20 asks=20
2026-05-09 18:59:43,854 | INFO | SPREAD | pair=CHIP/USDC | cex=0.0658/0.06585 | dex_sell=0.0658215 dex_buy=0.0658384 | spread_a=-4.3bps spread_b=-5.8bps | min=30.0bps
2026-05-09 18:59:44,856 | INFO | fetch_order_book: symbol=CHIP/USDC limit=20
2026-05-09 18:59:45,190 | INFO | fetch_order_book: mid=0.06579 spread=3.04bps bids=20 asks=20
2026-05-09 18:59:46,127 | INFO | SPREAD | pair=CHIP/USDC | cex=0.06578/0.0658 | dex_sell=0.0657915 dex_buy=0.0658084 | spread_a=-1.3bps spread_b=-4.3bps | min=30.0bps
2026-05-09 18:59:47,130 | INFO | fetch_order_book: symbol=CHIP/USDC limit=20
2026-05-09 18:59:47,479 | INFO | fetch_order_book: mid=0.06579 spread=3.04bps bids=20 asks=20
2026-05-09 18:59:48,368 | INFO | SPREAD | pair=CHIP/USDC | cex=0.06578/0.0658 | dex_sell=0.0657915 dex_buy=0.0658084 | spread_a=-1.3bps spread_b=-4.3bps | min=30.0bps
2026-05-09 18:59:49,370 | INFO | fetch_order_book: symbol=CHIP/USDC limit=20
2026-05-09 18:59:49,738 | INFO | fetch_order_book: mid=0.06581 spread=6.08bps bids=20 asks=20
2026-05-09 18:59:50,650 | INFO | SPREAD | pair=CHIP/USDC | cex=0.06579/0.06583 | dex_sell=0.0657915 dex_buy=0.0658084 | spread_a=-5.8bps spread_b=-2.8bps | min=30.0bps
2026-05-09 18:59:51,653 | INFO | fetch_order_book: symbol=CHIP/USDC limit=20
2026-05-09 18:59:51,915 | INFO | fetch_order_book: mid=0.06581 spread=6.08bps bids=20 asks=20
2026-05-09 18:59:52,850 | INFO | SPREAD | pair=CHIP/USDC | cex=0.06579/0.06583 | dex_sell=0.0657915 dex_buy=0.0658084 | spread_a=-5.8bps spread_b=-2.8bps | min=30.0bps
2026-05-09 18:59:53,852 | INFO | fetch_order_book: symbol=CHIP/USDC limit=20
2026-05-09 18:59:54,239 | INFO | fetch_order_book: mid=0.06581 spread=6.08bps bids=20 asks=20
2026-05-09 18:59:55,165 | INFO | SPREAD | pair=CHIP/USDC | cex=0.06579/0.06583 | dex_sell=0.0657915 dex_buy=0.0658084 | spread_a=-5.8bps spread_b=-2.8bps | min=30.0bps
2026-05-09 18:59:56,168 | INFO | fetch_order_book: symbol=CHIP/USDC limit=20
2026-05-09 18:59:56,494 | INFO | fetch_order_book: mid=0.06581 spread=6.08bps bids=20 asks=20
2026-05-09 18:59:57,409 | INFO | SPREAD | pair=CHIP/USDC | cex=0.06579/0.06583 | dex_sell=0.0657915 dex_buy=0.0658084 | spread_a=-5.8bps spread_b=-2.8bps | min=30.0bps
2026-05-09 18:59:58,411 | INFO | fetch_order_book: symbol=CHIP/USDC limit=20
2026-05-09 18:59:58,681 | INFO | fetch_order_book: mid=0.065795 spread=4.56bps bids=20 asks=20
2026-05-09 18:59:59,571 | INFO | SPREAD | pair=CHIP/USDC | cex=0.06578/0.06581 | dex_sell=0.0657915 dex_buy=0.0658084 | spread_a=-2.8bps spread_b=-4.3bps | min=30.0bps
2026-05-09 19:00:00,573 | INFO | fetch_order_book: symbol=CHIP/USDC limit=20
2026-05-09 19:00:00,845 | INFO | fetch_order_book: mid=0.065795 spread=4.56bps bids=20 asks=20
2026-05-09 19:00:01,754 | INFO | SPREAD | pair=CHIP/USDC | cex=0.06578/0.06581 | dex_sell=0.0657915 dex_buy=0.0658084 | spread_a=-2.8bps spread_b=-4.3bps | min=30.0bps
2026-05-09 19:00:02,755 | INFO | fetch_order_book: symbol=CHIP/USDC limit=20
2026-05-09 19:00:03,053 | INFO | fetch_order_book: mid=0.065795 spread=4.56bps bids=20 asks=20
2026-05-09 19:00:03,989 | INFO | SPREAD | pair=CHIP/USDC | cex=0.06578/0.06581 | dex_sell=0.0657915 dex_buy=0.0658084 | spread_a=-2.8bps spread_b=-4.3bps | min=30.0bps
2026-05-09 19:00:04,991 | INFO | fetch_order_book: symbol=CHIP/USDC limit=20
2026-05-09 19:00:05,295 | INFO | fetch_order_book: mid=0.06577 spread=3.04bps bids=20 asks=20
2026-05-09 19:00:06,220 | INFO | SPREAD | pair=CHIP/USDC | cex=0.06576/0.06578 | dex_sell=0.0657915 dex_buy=0.0657785 | spread_a=1.7bps spread_b=-2.8bps | min=30.0bps
2026-05-09 19:00:07,222 | INFO | fetch_order_book: symbol=CHIP/USDC limit=20
2026-05-09 19:00:07,756 | INFO | fetch_order_book: mid=0.06577 spread=3.04bps bids=20 asks=20
2026-05-09 19:00:08,714 | INFO | SPREAD | pair=CHIP/USDC | cex=0.06576/0.06578 | dex_sell=0.0657616 dex_buy=0.0657785 | spread_a=-2.8bps spread_b=-2.8bps | min=30.0bps
2026-05-09 19:00:09,716 | INFO | fetch_order_book: symbol=CHIP/USDC limit=20
2026-05-09 19:00:09,984 | INFO | fetch_order_book: mid=0.06579 spread=6.08bps bids=20 asks=20
2026-05-09 19:00:10,890 | INFO | SPREAD | pair=CHIP/USDC | cex=0.06577/0.06581 | dex_sell=0.0657877 dex_buy=0.0658046 | spread_a=-3.4bps spread_b=-5.3bps | min=30.0bps
2026-05-09 19:00:11,892 | INFO | fetch_order_book: symbol=CHIP/USDC limit=20
2026-05-09 19:00:12,154 | INFO | fetch_order_book: mid=0.06579 spread=6.08bps bids=20 asks=20
2026-05-09 19:00:13,088 | INFO | SPREAD | pair=CHIP/USDC | cex=0.06577/0.06581 | dex_sell=0.0657877 dex_buy=0.0658046 | spread_a=-3.4bps spread_b=-5.3bps | min=30.0bps
2026-05-09 19:00:14,091 | INFO | fetch_order_book: symbol=CHIP/USDC limit=20
2026-05-09 19:00:14,348 | INFO | fetch_order_book: mid=0.065785 spread=7.60bps bids=20 asks=20
2026-05-09 19:00:15,251 | INFO | SPREAD | pair=CHIP/USDC | cex=0.06576/0.06581 | dex_sell=0.0657877 dex_buy=0.0658046 | spread_a=-3.4bps spread_b=-6.8bps | min=30.0bps
2026-05-09 19:00:16,254 | INFO | fetch_order_book: symbol=CHIP/USDC limit=20
2026-05-09 19:00:16,517 | INFO | fetch_order_book: mid=0.065775 spread=4.56bps bids=20 asks=20
2026-05-09 19:00:17,420 | INFO | SPREAD | pair=CHIP/USDC | cex=0.06576/0.06579 | dex_sell=0.0657614 dex_buy=0.0657783 | spread_a=-4.4bps spread_b=-2.8bps | min=30.0bps
2026-05-09 19:00:18,422 | INFO | fetch_order_book: symbol=CHIP/USDC limit=20
2026-05-09 19:00:18,721 | INFO | fetch_order_book: mid=0.06577 spread=3.04bps bids=20 asks=20
2026-05-09 19:00:19,909 | INFO | SPREAD | pair=CHIP/USDC | cex=0.06576/0.06578 | dex_sell=0.0657614 dex_buy=0.0657783 | spread_a=-2.8bps spread_b=-2.8bps | min=30.0bps
2026-05-09 19:00:20,911 | INFO | fetch_order_book: symbol=CHIP/USDC limit=20
2026-05-09 19:00:21,188 | INFO | fetch_order_book: mid=0.06577 spread=3.04bps bids=20 asks=20
2026-05-09 19:00:22,123 | INFO | SPREAD | pair=CHIP/USDC | cex=0.06576/0.06578 | dex_sell=0.0657614 dex_buy=0.0657783 | spread_a=-2.8bps spread_b=-2.8bps | min=30.0bps
2026-05-09 19:00:23,125 | INFO | fetch_order_book: symbol=CHIP/USDC limit=20
2026-05-09 19:00:23,487 | INFO | fetch_order_book: mid=0.06578 spread=6.08bps bids=20 asks=20
2026-05-09 19:00:24,471 | INFO | SPREAD | pair=CHIP/USDC | cex=0.06576/0.0658 | dex_sell=0.0657614 dex_buy=0.0657783 | spread_a=-5.9bps spread_b=-2.8bps | min=30.0bps
2026-05-09 19:00:25,473 | INFO | fetch_order_book: symbol=CHIP/USDC limit=20
2026-05-09 19:00:25,737 | INFO | fetch_order_book: mid=0.06578 spread=6.08bps bids=20 asks=20
2026-05-09 19:00:26,630 | INFO | SPREAD | pair=CHIP/USDC | cex=0.06576/0.0658 | dex_sell=0.0657614 dex_buy=0.0657783 | spread_a=-5.9bps spread_b=-2.8bps | min=30.0bps
2026-05-09 19:00:27,633 | INFO | fetch_order_book: symbol=CHIP/USDC limit=20
2026-05-09 19:00:27,902 | INFO | fetch_order_book: mid=0.06579 spread=6.08bps bids=20 asks=20
2026-05-09 19:00:28,847 | INFO | SPREAD | pair=CHIP/USDC | cex=0.06577/0.06581 | dex_sell=0.0657614 dex_buy=0.0657783 | spread_a=-7.4bps spread_b=-1.3bps | min=30.0bps
2026-05-09 19:00:29,850 | INFO | fetch_order_book: symbol=CHIP/USDC limit=20
2026-05-09 19:00:30,115 | INFO | fetch_order_book: mid=0.065775 spread=4.56bps bids=20 asks=20
2026-05-09 19:00:31,026 | INFO | SPREAD | pair=CHIP/USDC | cex=0.06576/0.06579 | dex_sell=0.0657614 dex_buy=0.0657783 | spread_a=-4.4bps spread_b=-2.8bps | min=30.0bps
2026-05-09 19:00:32,029 | INFO | fetch_order_book: symbol=CHIP/USDC limit=20
2026-05-09 19:00:32,344 | INFO | fetch_order_book: mid=0.065775 spread=4.56bps bids=20 asks=20
2026-05-09 19:00:33,231 | INFO | SPREAD | pair=CHIP/USDC | cex=0.06576/0.06579 | dex_sell=0.0657614 dex_buy=0.0657783 | spread_a=-4.4bps spread_b=-2.8bps | min=30.0bps
2026-05-09 19:00:34,233 | INFO | fetch_order_book: symbol=CHIP/USDC limit=20
2026-05-09 19:00:34,993 | INFO | fetch_order_book: mid=0.065775 spread=4.56bps bids=20 asks=20
2026-05-09 19:00:35,944 | INFO | SPREAD | pair=CHIP/USDC | cex=0.06576/0.06579 | dex_sell=0.0657614 dex_buy=0.0657783 | spread_a=-4.4bps spread_b=-2.8bps | min=30.0bps
2026-05-09 19:00:36,947 | INFO | fetch_order_book: symbol=CHIP/USDC limit=20
2026-05-09 19:00:37,278 | INFO | fetch_order_book: mid=0.065775 spread=4.56bps bids=20 asks=20
2026-05-09 19:00:38,177 | INFO | SPREAD | pair=CHIP/USDC | cex=0.06576/0.06579 | dex_sell=0.0657614 dex_buy=0.0657783 | spread_a=-4.4bps spread_b=-2.8bps | min=30.0bps
2026-05-09 19:00:39,179 | INFO | fetch_order_book: symbol=CHIP/USDC limit=20
2026-05-09 19:00:39,437 | INFO | fetch_order_book: mid=0.06575 spread=3.04bps bids=20 asks=20
2026-05-09 19:00:40,343 | INFO | SPREAD | pair=CHIP/USDC | cex=0.06574/0.06576 | dex_sell=0.0657614 dex_buy=0.0657783 | spread_a=0.2bps spread_b=-5.8bps | min=30.0bps
2026-05-09 19:00:41,345 | INFO | fetch_order_book: symbol=CHIP/USDC limit=20
2026-05-09 19:00:41,618 | INFO | fetch_order_book: mid=0.06576 spread=6.08bps bids=20 asks=20
2026-05-09 19:00:42,566 | INFO | SPREAD | pair=CHIP/USDC | cex=0.06574/0.06578 | dex_sell=0.0657614 dex_buy=0.0657783 | spread_a=-2.8bps spread_b=-5.8bps | min=30.0bps
2026-05-09 19:00:43,568 | INFO | fetch_order_book: symbol=CHIP/USDC limit=20
2026-05-09 19:00:43,824 | INFO | fetch_order_book: mid=0.06576 spread=6.08bps bids=20 asks=20
2026-05-09 19:00:44,728 | INFO | SPREAD | pair=CHIP/USDC | cex=0.06574/0.06578 | dex_sell=0.0657614 dex_buy=0.0657783 | spread_a=-2.8bps spread_b=-5.8bps | min=30.0bps
2026-05-09 19:00:45,730 | INFO | fetch_order_book: symbol=CHIP/USDC limit=20
2026-05-09 19:00:45,994 | INFO | fetch_order_book: mid=0.065755 spread=4.56bps bids=20 asks=20
2026-05-09 19:00:46,932 | INFO | SPREAD | pair=CHIP/USDC | cex=0.06574/0.06577 | dex_sell=0.0657614 dex_buy=0.0657783 | spread_a=-1.3bps spread_b=-5.8bps | min=30.0bps
2026-05-09 19:00:47,935 | INFO | fetch_order_book: symbol=CHIP/USDC limit=20
2026-05-09 19:00:48,202 | INFO | fetch_order_book: mid=0.06575 spread=3.04bps bids=20 asks=20
2026-05-09 19:00:49,110 | INFO | SPREAD | pair=CHIP/USDC | cex=0.06574/0.06576 | dex_sell=0.0657614 dex_buy=0.0657783 | spread_a=0.2bps spread_b=-5.8bps | min=30.0bps
2026-05-09 19:00:50,112 | INFO | fetch_order_book: symbol=CHIP/USDC limit=20
2026-05-09 19:00:50,486 | INFO | fetch_order_book: mid=0.06575 spread=3.04bps bids=20 asks=20
2026-05-09 19:00:51,439 | INFO | SPREAD | pair=CHIP/USDC | cex=0.06574/0.06576 | dex_sell=0.0657614 dex_buy=0.0657783 | spread_a=0.2bps spread_b=-5.8bps | min=30.0bps
2026-05-09 19:00:52,441 | INFO | fetch_order_book: symbol=CHIP/USDC limit=20
2026-05-09 19:00:52,827 | INFO | fetch_order_book: mid=0.065735 spread=4.56bps bids=20 asks=20
2026-05-09 19:00:53,798 | INFO | SPREAD | pair=CHIP/USDC | cex=0.06572/0.06575 | dex_sell=0.0657614 dex_buy=0.0657483 | spread_a=1.7bps spread_b=-4.3bps | min=30.0bps
2026-05-09 19:00:54,801 | INFO | fetch_order_book: symbol=CHIP/USDC limit=20
2026-05-09 19:00:55,095 | INFO | fetch_order_book: mid=0.06574 spread=9.13bps bids=20 asks=20
2026-05-09 19:00:56,020 | INFO | SPREAD | pair=CHIP/USDC | cex=0.06571/0.06577 | dex_sell=0.0657315 dex_buy=0.0657483 | spread_a=-5.9bps spread_b=-5.8bps | min=30.0bps
2026-05-09 19:00:57,022 | INFO | fetch_order_book: symbol=CHIP/USDC limit=20
2026-05-09 19:00:57,284 | INFO | fetch_order_book: mid=0.06574 spread=9.13bps bids=20 asks=20
2026-05-09 19:00:58,242 | INFO | SPREAD | pair=CHIP/USDC | cex=0.06571/0.06577 | dex_sell=0.0657315 dex_buy=0.0657483 | spread_a=-5.9bps spread_b=-5.8bps | min=30.0bps
2026-05-09 19:00:59,244 | INFO | fetch_order_book: symbol=CHIP/USDC limit=20
2026-05-09 19:00:59,573 | INFO | fetch_order_book: mid=0.06573 spread=6.09bps bids=20 asks=20
2026-05-09 19:01:00,521 | INFO | SPREAD | pair=CHIP/USDC | cex=0.06571/0.06575 | dex_sell=0.0657315 dex_buy=0.0657483 | spread_a=-2.8bps spread_b=-5.8bps | min=30.0bps
2026-05-09 19:01:01,524 | INFO | fetch_order_book: symbol=CHIP/USDC limit=20
2026-05-09 19:01:01,839 | INFO | fetch_order_book: mid=0.065725 spread=7.61bps bids=20 asks=20
2026-05-09 19:01:02,803 | INFO | SPREAD | pair=CHIP/USDC | cex=0.0657/0.06575 | dex_sell=0.0657315 dex_buy=0.0657483 | spread_a=-2.8bps spread_b=-7.4bps | min=30.0bps
2026-05-09 19:01:03,805 | INFO | fetch_order_book: symbol=CHIP/USDC limit=20
2026-05-09 19:01:04,201 | INFO | fetch_order_book: mid=0.065735 spread=7.61bps bids=20 asks=20
2026-05-09 19:01:05,159 | INFO | SPREAD | pair=CHIP/USDC | cex=0.06571/0.06576 | dex_sell=0.0657315 dex_buy=0.0657483 | spread_a=-4.3bps spread_b=-5.8bps | min=30.0bps
2026-05-09 19:01:06,162 | INFO | fetch_order_book: symbol=CHIP/USDC limit=20
2026-05-09 19:01:06,428 | INFO | fetch_order_book: mid=0.06573 spread=6.09bps bids=20 asks=20
2026-05-09 19:01:07,326 | INFO | SPREAD | pair=CHIP/USDC | cex=0.06571/0.06575 | dex_sell=0.0657315 dex_buy=0.0657483 | spread_a=-2.8bps spread_b=-5.8bps | min=30.0bps
2026-05-09 19:01:08,328 | INFO | fetch_order_book: symbol=CHIP/USDC limit=20
2026-05-09 19:01:08,596 | INFO | fetch_order_book: mid=0.06573 spread=6.09bps bids=20 asks=20
2026-05-09 19:01:09,503 | INFO | SPREAD | pair=CHIP/USDC | cex=0.06571/0.06575 | dex_sell=0.0657315 dex_buy=0.0657483 | spread_a=-2.8bps spread_b=-5.8bps | min=30.0bps
2026-05-09 19:01:10,505 | INFO | fetch_order_book: symbol=CHIP/USDC limit=20
2026-05-09 19:01:10,766 | INFO | fetch_order_book: mid=0.065735 spread=7.61bps bids=20 asks=20
2026-05-09 19:01:11,712 | INFO | SPREAD | pair=CHIP/USDC | cex=0.06571/0.06576 | dex_sell=0.0657315 dex_buy=0.0657483 | spread_a=-4.3bps spread_b=-5.8bps | min=30.0bps
2026-05-09 19:01:12,714 | INFO | fetch_order_book: symbol=CHIP/USDC limit=20
2026-05-09 19:01:12,977 | INFO | fetch_order_book: mid=0.065735 spread=4.56bps bids=20 asks=20
2026-05-09 19:01:13,881 | INFO | SPREAD | pair=CHIP/USDC | cex=0.06572/0.06575 | dex_sell=0.0657315 dex_buy=0.0657483 | spread_a=-2.8bps spread_b=-4.3bps | min=30.0bps
2026-05-09 19:01:14,884 | INFO | fetch_order_book: symbol=CHIP/USDC limit=20
2026-05-09 19:01:15,142 | INFO | fetch_order_book: mid=0.06578 spread=6.08bps bids=20 asks=20
2026-05-09 19:01:16,080 | INFO | SPREAD | pair=CHIP/USDC | cex=0.06576/0.0658 | dex_sell=0.0657576 dex_buy=0.0658045 | spread_a=-6.4bps spread_b=-6.8bps | min=30.0bps
2026-05-09 19:01:17,085 | INFO | fetch_order_book: symbol=CHIP/USDC limit=20
2026-05-09 19:01:17,451 | INFO | fetch_order_book: mid=0.065785 spread=4.56bps bids=20 asks=20
2026-05-09 19:01:18,385 | INFO | SPREAD | pair=CHIP/USDC | cex=0.06577/0.0658 | dex_sell=0.0657876 dex_buy=0.0658045 | spread_a=-1.9bps spread_b=-5.2bps | min=30.0bps
2026-05-09 19:01:19,388 | INFO | fetch_order_book: symbol=CHIP/USDC limit=20
2026-05-09 19:01:19,680 | INFO | fetch_order_book: mid=0.06583 spread=3.04bps bids=20 asks=20
2026-05-09 19:01:20,586 | INFO | SPREAD | pair=CHIP/USDC | cex=0.06582/0.06584 | dex_sell=0.0657876 dex_buy=0.0658045 | spread_a=-8.0bps spread_b=2.4bps | min=30.0bps
2026-05-09 19:01:21,589 | INFO | fetch_order_book: symbol=CHIP/USDC limit=20
2026-05-09 19:01:21,911 | INFO | fetch_order_book: mid=0.065875 spread=1.52bps bids=20 asks=20
2026-05-09 19:01:22,863 | INFO | SPREAD | pair=CHIP/USDC | cex=0.06587/0.06588 | dex_sell=0.0658176 dex_buy=0.0658646 | spread_a=-9.5bps spread_b=0.8bps | min=30.0bps
2026-05-09 19:01:23,865 | INFO | fetch_order_book: symbol=CHIP/USDC limit=20
2026-05-09 19:01:24,163 | INFO | fetch_order_book: mid=0.06589 spread=6.07bps bids=20 asks=20
2026-05-09 19:01:25,090 | INFO | SPREAD | pair=CHIP/USDC | cex=0.06587/0.06591 | dex_sell=0.0658777 dex_buy=0.0658946 | spread_a=-4.9bps spread_b=-3.7bps | min=30.0bps
2026-05-09 19:01:26,094 | INFO | fetch_order_book: symbol=CHIP/USDC limit=20
2026-05-09 19:01:26,368 | INFO | fetch_order_book: mid=0.06589 spread=6.07bps bids=20 asks=20
2026-05-09 19:01:27,275 | INFO | SPREAD | pair=CHIP/USDC | cex=0.06587/0.06591 | dex_sell=0.0658777 dex_buy=0.0658946 | spread_a=-4.9bps spread_b=-3.7bps | min=30.0bps
2026-05-09 19:01:28,279 | INFO | fetch_order_book: symbol=CHIP/USDC limit=20
2026-05-09 19:01:28,590 | INFO | fetch_order_book: mid=0.06589 spread=6.07bps bids=20 asks=20
2026-05-09 19:01:29,510 | INFO | SPREAD | pair=CHIP/USDC | cex=0.06587/0.06591 | dex_sell=0.0658777 dex_buy=0.0658946 | spread_a=-4.9bps spread_b=-3.7bps | min=30.0bps
2026-05-09 19:01:30,513 | INFO | fetch_order_book: symbol=CHIP/USDC limit=20
2026-05-09 19:01:30,770 | INFO | fetch_order_book: mid=0.06589 spread=6.07bps bids=20 asks=20
2026-05-09 19:01:31,653 | INFO | SPREAD | pair=CHIP/USDC | cex=0.06587/0.06591 | dex_sell=0.0658777 dex_buy=0.0658946 | spread_a=-4.9bps spread_b=-3.7bps | min=30.0bps
2026-05-09 19:01:32,656 | INFO | fetch_order_book: symbol=CHIP/USDC limit=20
2026-05-09 19:01:32,957 | INFO | fetch_order_book: mid=0.06589 spread=6.07bps bids=20 asks=20
2026-05-09 19:01:33,898 | INFO | SPREAD | pair=CHIP/USDC | cex=0.06587/0.06591 | dex_sell=0.0658777 dex_buy=0.0658946 | spread_a=-4.9bps spread_b=-3.7bps | min=30.0bps
2026-05-09 19:01:34,901 | INFO | fetch_order_book: symbol=CHIP/USDC limit=20
2026-05-09 19:01:35,161 | INFO | fetch_order_book: mid=0.06589 spread=6.07bps bids=20 asks=20
2026-05-09 19:01:36,069 | INFO | SPREAD | pair=CHIP/USDC | cex=0.06587/0.06591 | dex_sell=0.0658777 dex_buy=0.0658946 | spread_a=-4.9bps spread_b=-3.7bps | min=30.0bps
2026-05-09 19:01:37,072 | INFO | fetch_order_book: symbol=CHIP/USDC limit=20
2026-05-09 19:01:37,460 | INFO | fetch_order_book: mid=0.065915 spread=1.52bps bids=20 asks=20
2026-05-09 19:01:38,361 | INFO | SPREAD | pair=CHIP/USDC | cex=0.06591/0.06592 | dex_sell=0.0659077 dex_buy=0.0659246 | spread_a=-1.9bps spread_b=-2.2bps | min=30.0bps
2026-05-09 19:01:39,364 | INFO | fetch_order_book: symbol=CHIP/USDC limit=20
2026-05-09 19:01:39,620 | INFO | fetch_order_book: mid=0.065915 spread=1.52bps bids=20 asks=20
2026-05-09 19:01:40,629 | INFO | SPREAD | pair=CHIP/USDC | cex=0.06591/0.06592 | dex_sell=0.0659077 dex_buy=0.0659246 | spread_a=-1.9bps spread_b=-2.2bps | min=30.0bps
2026-05-09 19:01:41,633 | INFO | fetch_order_book: symbol=CHIP/USDC limit=20
2026-05-09 19:01:41,907 | INFO | fetch_order_book: mid=0.06590 spread=6.07bps bids=20 asks=20
2026-05-09 19:01:42,840 | INFO | SPREAD | pair=CHIP/USDC | cex=0.06588/0.06592 | dex_sell=0.0659077 dex_buy=0.0659246 | spread_a=-1.9bps spread_b=-6.8bps | min=30.0bps
2026-05-09 19:01:43,843 | INFO | fetch_order_book: symbol=CHIP/USDC limit=20
2026-05-09 19:01:44,098 | INFO | fetch_order_book: mid=0.065905 spread=4.55bps bids=20 asks=20
2026-05-09 19:01:45,015 | INFO | SPREAD | pair=CHIP/USDC | cex=0.06589/0.06592 | dex_sell=0.0659077 dex_buy=0.0659246 | spread_a=-1.9bps spread_b=-5.3bps | min=30.0bps
2026-05-09 19:01:46,017 | INFO | fetch_order_book: symbol=CHIP/USDC limit=20
2026-05-09 19:01:46,367 | INFO | fetch_order_book: mid=0.065875 spread=7.59bps bids=20 asks=20
2026-05-09 19:01:47,310 | INFO | SPREAD | pair=CHIP/USDC | cex=0.06585/0.0659 | dex_sell=0.0659077 dex_buy=0.0659246 | spread_a=1.2bps spread_b=-11.3bps | min=30.0bps
2026-05-09 19:01:48,313 | INFO | fetch_order_book: symbol=CHIP/USDC limit=20
2026-05-09 19:01:48,578 | INFO | fetch_order_book: mid=0.06586 spread=6.07bps bids=20 asks=20
2026-05-09 19:01:49,470 | INFO | SPREAD | pair=CHIP/USDC | cex=0.06584/0.06588 | dex_sell=0.0658813 dex_buy=0.0658983 | spread_a=0.2bps spread_b=-8.8bps | min=30.0bps
2026-05-09 19:01:50,473 | INFO | fetch_order_book: symbol=CHIP/USDC limit=20
2026-05-09 19:01:50,778 | INFO | fetch_order_book: mid=0.06586 spread=6.07bps bids=20 asks=20
2026-05-09 19:01:51,664 | INFO | SPREAD | pair=CHIP/USDC | cex=0.06584/0.06588 | dex_sell=0.0658813 dex_buy=0.0658983 | spread_a=0.2bps spread_b=-8.8bps | min=30.0bps
2026-05-09 19:01:52,668 | INFO | fetch_order_book: symbol=CHIP/USDC limit=20
2026-05-09 19:01:52,938 | INFO | fetch_order_book: mid=0.06587 spread=6.07bps bids=20 asks=20
2026-05-09 19:01:53,859 | INFO | SPREAD | pair=CHIP/USDC | cex=0.06585/0.06589 | dex_sell=0.0658813 dex_buy=0.0658983 | spread_a=-1.3bps spread_b=-7.3bps | min=30.0bps
2026-05-09 19:01:54,862 | INFO | fetch_order_book: symbol=CHIP/USDC limit=20
2026-05-09 19:01:55,119 | INFO | fetch_order_book: mid=0.065865 spread=7.59bps bids=20 asks=20
2026-05-09 19:01:56,020 | INFO | SPREAD | pair=CHIP/USDC | cex=0.06584/0.06589 | dex_sell=0.0658813 dex_buy=0.0658983 | spread_a=-1.3bps spread_b=-8.8bps | min=30.0bps
2026-05-09 19:01:57,025 | INFO | fetch_order_book: symbol=CHIP/USDC limit=20
2026-05-09 19:01:57,330 | INFO | fetch_order_book: mid=0.06586 spread=6.07bps bids=20 asks=20
2026-05-09 19:01:58,240 | INFO | SPREAD | pair=CHIP/USDC | cex=0.06584/0.06588 | dex_sell=0.0658813 dex_buy=0.0658983 | spread_a=0.2bps spread_b=-8.8bps | min=30.0bps
2026-05-09 19:01:59,243 | INFO | fetch_order_book: symbol=CHIP/USDC limit=20
2026-05-09 19:01:59,579 | INFO | fetch_order_book: mid=0.06583 spread=3.04bps bids=20 asks=20
2026-05-09 19:02:00,505 | INFO | SPREAD | pair=CHIP/USDC | cex=0.06582/0.06584 | dex_sell=0.0658813 dex_buy=0.0658582 | spread_a=6.3bps spread_b=-5.8bps | min=30.0bps
2026-05-09 19:02:01,508 | INFO | fetch_order_book: symbol=CHIP/USDC limit=20
2026-05-09 19:02:01,772 | INFO | fetch_order_book: mid=0.065835 spread=4.56bps bids=20 asks=20
2026-05-09 19:02:02,672 | INFO | SPREAD | pair=CHIP/USDC | cex=0.06582/0.06585 | dex_sell=0.0658413 dex_buy=0.0658582 | spread_a=-1.3bps spread_b=-5.8bps | min=30.0bps
2026-05-09 19:02:03,675 | INFO | fetch_order_book: symbol=CHIP/USDC limit=20
2026-05-09 19:02:03,980 | INFO | fetch_order_book: mid=0.06585 spread=6.07bps bids=20 asks=20
2026-05-09 19:02:04,914 | INFO | SPREAD | pair=CHIP/USDC | cex=0.06583/0.06587 | dex_sell=0.0658413 dex_buy=0.0658582 | spread_a=-4.4bps spread_b=-4.3bps | min=30.0bps
2026-05-09 19:02:05,918 | INFO | fetch_order_book: symbol=CHIP/USDC limit=20
2026-05-09 19:02:06,187 | INFO | fetch_order_book: mid=0.065845 spread=7.59bps bids=20 asks=20
2026-05-09 19:02:07,193 | INFO | SPREAD | pair=CHIP/USDC | cex=0.06582/0.06587 | dex_sell=0.0658413 dex_buy=0.0658582 | spread_a=-4.4bps spread_b=-5.8bps | min=30.0bps
2026-05-09 19:02:08,196 | INFO | fetch_order_book: symbol=CHIP/USDC limit=20
2026-05-09 19:02:08,511 | INFO | fetch_order_book: mid=0.065845 spread=7.59bps bids=20 asks=20
2026-05-09 19:02:09,520 | INFO | SPREAD | pair=CHIP/USDC | cex=0.06582/0.06587 | dex_sell=0.0658413 dex_buy=0.0658582 | spread_a=-4.4bps spread_b=-5.8bps | min=30.0bps
2026-05-09 19:02:10,523 | INFO | fetch_order_book: symbol=CHIP/USDC limit=20
2026-05-09 19:02:10,842 | INFO | fetch_order_book: mid=0.065845 spread=7.59bps bids=20 asks=20
2026-05-09 19:02:11,750 | INFO | SPREAD | pair=CHIP/USDC | cex=0.06582/0.06587 | dex_sell=0.0658413 dex_buy=0.0658582 | spread_a=-4.4bps spread_b=-5.8bps | min=30.0bps
2026-05-09 19:02:12,752 | INFO | fetch_order_book: symbol=CHIP/USDC limit=20
2026-05-09 19:02:13,010 | INFO | fetch_order_book: mid=0.065845 spread=7.59bps bids=20 asks=20
2026-05-09 19:02:13,931 | INFO | SPREAD | pair=CHIP/USDC | cex=0.06582/0.06587 | dex_sell=0.0658413 dex_buy=0.0658582 | spread_a=-4.4bps spread_b=-5.8bps | min=30.0bps
2026-05-09 19:02:14,934 | INFO | fetch_order_book: symbol=CHIP/USDC limit=20
2026-05-09 19:02:15,206 | INFO | fetch_order_book: mid=0.065835 spread=4.56bps bids=20 asks=20
2026-05-09 19:02:16,134 | INFO | SPREAD | pair=CHIP/USDC | cex=0.06582/0.06585 | dex_sell=0.0658413 dex_buy=0.0658582 | spread_a=-1.3bps spread_b=-5.8bps | min=30.0bps
2026-05-09 19:02:17,137 | INFO | fetch_order_book: symbol=CHIP/USDC limit=20
2026-05-09 19:02:17,396 | INFO | fetch_order_book: mid=0.065835 spread=4.56bps bids=20 asks=20
2026-05-09 19:02:18,346 | INFO | SPREAD | pair=CHIP/USDC | cex=0.06582/0.06585 | dex_sell=0.0658413 dex_buy=0.0658582 | spread_a=-1.3bps spread_b=-5.8bps | min=30.0bps
2026-05-09 19:02:19,349 | INFO | fetch_order_book: symbol=CHIP/USDC limit=20
2026-05-09 19:02:19,632 | INFO | fetch_order_book: mid=0.065885 spread=1.52bps bids=20 asks=20
2026-05-09 19:02:20,553 | INFO | SPREAD | pair=CHIP/USDC | cex=0.06588/0.06589 | dex_sell=0.0658413 dex_buy=0.0658582 | spread_a=-7.4bps spread_b=3.3bps | min=30.0bps
2026-05-09 19:02:21,557 | INFO | fetch_order_book: symbol=CHIP/USDC limit=20
2026-05-09 19:02:21,865 | INFO | fetch_order_book: mid=0.065895 spread=1.52bps bids=20 asks=20
2026-05-09 19:02:22,816 | INFO | SPREAD | pair=CHIP/USDC | cex=0.06589/0.0659 | dex_sell=0.0658677 dex_buy=0.0658846 | spread_a=-4.9bps spread_b=0.8bps | min=30.0bps
2026-05-09 19:02:23,819 | INFO | fetch_order_book: symbol=CHIP/USDC limit=20
2026-05-09 19:02:24,079 | INFO | fetch_order_book: mid=0.06588 spread=6.07bps bids=20 asks=20
2026-05-09 19:02:25,022 | INFO | SPREAD | pair=CHIP/USDC | cex=0.06586/0.0659 | dex_sell=0.0658677 dex_buy=0.0658846 | spread_a=-4.9bps spread_b=-3.7bps | min=30.0bps
2026-05-09 19:02:26,026 | INFO | fetch_order_book: symbol=CHIP/USDC limit=20
2026-05-09 19:02:26,367 | INFO | fetch_order_book: mid=0.06588 spread=6.07bps bids=20 asks=20
2026-05-09 19:02:27,324 | INFO | SPREAD | pair=CHIP/USDC | cex=0.06586/0.0659 | dex_sell=0.0658677 dex_buy=0.0658846 | spread_a=-4.9bps spread_b=-3.7bps | min=30.0bps
2026-05-09 19:02:28,328 | INFO | fetch_order_book: symbol=CHIP/USDC limit=20
2026-05-09 19:02:28,589 | INFO | fetch_order_book: mid=0.065885 spread=4.55bps bids=20 asks=20
2026-05-09 19:02:29,524 | INFO | SPREAD | pair=CHIP/USDC | cex=0.06587/0.0659 | dex_sell=0.0658677 dex_buy=0.0658846 | spread_a=-4.9bps spread_b=-2.2bps | min=30.0bps
2026-05-09 19:02:30,528 | INFO | fetch_order_book: symbol=CHIP/USDC limit=20
2026-05-09 19:02:30,794 | INFO | fetch_order_book: mid=0.065875 spread=4.55bps bids=20 asks=20
2026-05-09 19:02:31,750 | INFO | SPREAD | pair=CHIP/USDC | cex=0.06586/0.06589 | dex_sell=0.0658677 dex_buy=0.0658846 | spread_a=-3.4bps spread_b=-3.7bps | min=30.0bps
2026-05-09 19:02:32,753 | INFO | fetch_order_book: symbol=CHIP/USDC limit=20
2026-05-09 19:02:33,016 | INFO | fetch_order_book: mid=0.06585 spread=3.04bps bids=20 asks=20
2026-05-09 19:02:33,926 | INFO | SPREAD | pair=CHIP/USDC | cex=0.06584/0.06586 | dex_sell=0.0658677 dex_buy=0.0658846 | spread_a=1.2bps spread_b=-6.8bps | min=30.0bps
2026-05-09 19:02:34,929 | INFO | fetch_order_book: symbol=CHIP/USDC limit=20
2026-05-09 19:02:35,184 | INFO | fetch_order_book: mid=0.06585 spread=3.04bps bids=20 asks=20
2026-05-09 19:02:36,120 | INFO | SPREAD | pair=CHIP/USDC | cex=0.06584/0.06586 | dex_sell=0.0658677 dex_buy=0.0658846 | spread_a=1.2bps spread_b=-6.8bps | min=30.0bps
2026-05-09 19:02:37,124 | INFO | fetch_order_book: symbol=CHIP/USDC limit=20
2026-05-09 19:02:37,390 | INFO | fetch_order_book: mid=0.06585 spread=3.04bps bids=20 asks=20
2026-05-09 19:02:38,334 | INFO | SPREAD | pair=CHIP/USDC | cex=0.06584/0.06586 | dex_sell=0.0658677 dex_buy=0.0658846 | spread_a=1.2bps spread_b=-6.8bps | min=30.0bps
2026-05-09 19:02:39,337 | INFO | fetch_order_book: symbol=CHIP/USDC limit=20
2026-05-09 19:02:39,601 | INFO | fetch_order_book: mid=0.065845 spread=1.52bps bids=20 asks=20
2026-05-09 19:02:40,524 | INFO | SPREAD | pair=CHIP/USDC | cex=0.06584/0.06585 | dex_sell=0.0658677 dex_buy=0.0658846 | spread_a=2.7bps spread_b=-6.8bps | min=30.0bps
2026-05-09 19:02:41,528 | INFO | fetch_order_book: symbol=CHIP/USDC limit=20
2026-05-09 19:02:41,829 | INFO | fetch_order_book: mid=0.065865 spread=4.55bps bids=20 asks=20
2026-05-09 19:02:42,791 | INFO | SPREAD | pair=CHIP/USDC | cex=0.06585/0.06588 | dex_sell=0.0658414 dex_buy=0.0658583 | spread_a=-5.9bps spread_b=-1.3bps | min=30.0bps
2026-05-09 19:02:43,794 | INFO | fetch_order_book: symbol=CHIP/USDC limit=20
2026-05-09 19:02:44,050 | INFO | fetch_order_book: mid=0.065835 spread=4.56bps bids=20 asks=20
2026-05-09 19:02:44,972 | INFO | SPREAD | pair=CHIP/USDC | cex=0.06582/0.06585 | dex_sell=0.0658414 dex_buy=0.0658583 | spread_a=-1.3bps spread_b=-5.8bps | min=30.0bps
2026-05-09 19:02:45,974 | INFO | fetch_order_book: symbol=CHIP/USDC limit=20
2026-05-09 19:02:46,307 | INFO | fetch_order_book: mid=0.065845 spread=7.59bps bids=20 asks=20
2026-05-09 19:02:47,326 | INFO | SPREAD | pair=CHIP/USDC | cex=0.06582/0.06587 | dex_sell=0.0658414 dex_buy=0.0658583 | spread_a=-4.3bps spread_b=-5.8bps | min=30.0bps
2026-05-09 19:02:48,330 | INFO | fetch_order_book: symbol=CHIP/USDC limit=20
2026-05-09 19:02:48,588 | INFO | fetch_order_book: mid=0.065835 spread=4.56bps bids=20 asks=20
2026-05-09 19:02:49,568 | INFO | SPREAD | pair=CHIP/USDC | cex=0.06582/0.06585 | dex_sell=0.0658414 dex_buy=0.0658583 | spread_a=-1.3bps spread_b=-5.8bps | min=30.0bps
2026-05-09 19:02:50,570 | INFO | fetch_order_book: symbol=CHIP/USDC limit=20
2026-05-09 19:02:50,846 | INFO | fetch_order_book: mid=0.065835 spread=4.56bps bids=20 asks=20
2026-05-09 19:02:51,762 | INFO | SPREAD | pair=CHIP/USDC | cex=0.06582/0.06585 | dex_sell=0.0658414 dex_buy=0.0658583 | spread_a=-1.3bps spread_b=-5.8bps | min=30.0bps
2026-05-09 19:02:52,765 | INFO | fetch_order_book: symbol=CHIP/USDC limit=20
2026-05-09 19:02:53,028 | INFO | fetch_order_book: mid=0.065835 spread=4.56bps bids=20 asks=20
2026-05-09 19:02:53,923 | INFO | SPREAD | pair=CHIP/USDC | cex=0.06582/0.06585 | dex_sell=0.0658414 dex_buy=0.0658583 | spread_a=-1.3bps spread_b=-5.8bps | min=30.0bps
2026-05-09 19:02:54,926 | INFO | fetch_order_book: symbol=CHIP/USDC limit=20
2026-05-09 19:02:55,183 | INFO | fetch_order_book: mid=0.06581 spread=3.04bps bids=20 asks=20
2026-05-09 19:02:56,122 | INFO | SPREAD | pair=CHIP/USDC | cex=0.0658/0.06582 | dex_sell=0.0658414 dex_buy=0.0658283 | spread_a=3.2bps spread_b=-4.3bps | min=30.0bps
2026-05-09 19:02:57,124 | INFO | fetch_order_book: symbol=CHIP/USDC limit=20
2026-05-09 19:02:57,432 | INFO | fetch_order_book: mid=0.065825 spread=7.60bps bids=20 asks=20
2026-05-09 19:02:58,382 | INFO | SPREAD | pair=CHIP/USDC | cex=0.0658/0.06585 | dex_sell=0.0658114 dex_buy=0.0658283 | spread_a=-5.9bps spread_b=-4.3bps | min=30.0bps
2026-05-09 19:02:59,386 | INFO | fetch_order_book: symbol=CHIP/USDC limit=20
2026-05-09 19:02:59,693 | INFO | fetch_order_book: mid=0.065835 spread=7.59bps bids=20 asks=20
2026-05-09 19:03:00,627 | INFO | SPREAD | pair=CHIP/USDC | cex=0.06581/0.06586 | dex_sell=0.0658114 dex_buy=0.0658283 | spread_a=-7.4bps spread_b=-2.8bps | min=30.0bps
2026-05-09 19:03:01,630 | INFO | fetch_order_book: symbol=CHIP/USDC limit=20
2026-05-09 19:03:01,936 | INFO | fetch_order_book: mid=0.06589 spread=3.04bps bids=20 asks=20
2026-05-09 19:03:02,829 | INFO | SPREAD | pair=CHIP/USDC | cex=0.06588/0.0659 | dex_sell=0.0658375 dex_buy=0.0658845 | spread_a=-9.5bps spread_b=-0.7bps | min=30.0bps
2026-05-09 19:03:03,832 | INFO | fetch_order_book: symbol=CHIP/USDC limit=20
2026-05-09 19:03:04,486 | INFO | fetch_order_book: mid=0.06588 spread=6.07bps bids=20 asks=20
2026-05-09 19:03:05,415 | INFO | SPREAD | pair=CHIP/USDC | cex=0.06586/0.0659 | dex_sell=0.0658675 dex_buy=0.0658845 | spread_a=-4.9bps spread_b=-3.7bps | min=30.0bps
2026-05-09 19:03:06,418 | INFO | fetch_order_book: symbol=CHIP/USDC limit=20
2026-05-09 19:03:06,752 | INFO | fetch_order_book: mid=0.06589 spread=3.04bps bids=20 asks=20
2026-05-09 19:03:07,704 | INFO | SPREAD | pair=CHIP/USDC | cex=0.06588/0.0659 | dex_sell=0.0658675 dex_buy=0.0658845 | spread_a=-4.9bps spread_b=-0.7bps | min=30.0bps
2026-05-09 19:03:08,706 | INFO | fetch_order_book: symbol=CHIP/USDC limit=20
2026-05-09 19:03:09,005 | INFO | fetch_order_book: mid=0.06589 spread=3.04bps bids=20 asks=20
2026-05-09 19:03:09,927 | INFO | SPREAD | pair=CHIP/USDC | cex=0.06588/0.0659 | dex_sell=0.0658675 dex_buy=0.0658845 | spread_a=-4.9bps spread_b=-0.7bps | min=30.0bps
2026-05-09 19:03:10,930 | INFO | fetch_order_book: symbol=CHIP/USDC limit=20
2026-05-09 19:03:11,220 | INFO | fetch_order_book: mid=0.06589 spread=3.04bps bids=20 asks=20
2026-05-09 19:03:12,111 | INFO | SPREAD | pair=CHIP/USDC | cex=0.06588/0.0659 | dex_sell=0.0658675 dex_buy=0.0658845 | spread_a=-4.9bps spread_b=-0.7bps | min=30.0bps
2026-05-09 19:03:13,115 | INFO | fetch_order_book: symbol=CHIP/USDC limit=20
2026-05-09 19:03:13,375 | INFO | fetch_order_book: mid=0.06589 spread=3.04bps bids=20 asks=20
2026-05-09 19:03:14,290 | INFO | SPREAD | pair=CHIP/USDC | cex=0.06588/0.0659 | dex_sell=0.0658675 dex_buy=0.0658845 | spread_a=-4.9bps spread_b=-0.7bps | min=30.0bps
2026-05-09 19:03:15,293 | INFO | fetch_order_book: symbol=CHIP/USDC limit=20
2026-05-09 19:03:15,561 | INFO | fetch_order_book: mid=0.06589 spread=3.04bps bids=20 asks=20
2026-05-09 19:03:16,494 | INFO | SPREAD | pair=CHIP/USDC | cex=0.06588/0.0659 | dex_sell=0.0658675 dex_buy=0.0658845 | spread_a=-4.9bps spread_b=-0.7bps | min=30.0bps
2026-05-09 19:03:17,497 | INFO | fetch_order_book: symbol=CHIP/USDC limit=20
2026-05-09 19:03:17,755 | INFO | fetch_order_book: mid=0.065915 spread=1.52bps bids=20 asks=20
2026-05-09 19:03:18,683 | INFO | SPREAD | pair=CHIP/USDC | cex=0.06591/0.06592 | dex_sell=0.0658675 dex_buy=0.0659145 | spread_a=-8.0bps spread_b=-0.7bps | min=30.0bps
2026-05-09 19:03:19,686 | INFO | fetch_order_book: symbol=CHIP/USDC limit=20
2026-05-09 19:03:19,945 | INFO | fetch_order_book: mid=0.06590 spread=6.07bps bids=20 asks=20
2026-05-09 19:03:20,886 | INFO | SPREAD | pair=CHIP/USDC | cex=0.06588/0.06592 | dex_sell=0.0658976 dex_buy=0.0659145 | spread_a=-3.4bps spread_b=-5.2bps | min=30.0bps
2026-05-09 19:03:21,889 | INFO | fetch_order_book: symbol=CHIP/USDC limit=20
2026-05-09 19:03:22,158 | INFO | fetch_order_book: mid=0.065905 spread=4.55bps bids=20 asks=20
2026-05-09 19:03:23,086 | INFO | SPREAD | pair=CHIP/USDC | cex=0.06589/0.06592 | dex_sell=0.0658976 dex_buy=0.0659145 | spread_a=-3.4bps spread_b=-3.7bps | min=30.0bps
2026-05-09 19:03:24,089 | INFO | fetch_order_book: symbol=CHIP/USDC limit=20
2026-05-09 19:03:24,350 | INFO | fetch_order_book: mid=0.065905 spread=4.55bps bids=20 asks=20
2026-05-09 19:03:25,333 | INFO | SPREAD | pair=CHIP/USDC | cex=0.06589/0.06592 | dex_sell=0.0658976 dex_buy=0.0659145 | spread_a=-3.4bps spread_b=-3.7bps | min=30.0bps
2026-05-09 19:03:26,336 | INFO | fetch_order_book: symbol=CHIP/USDC limit=20
2026-05-09 19:03:26,602 | INFO | fetch_order_book: mid=0.06593 spread=3.03bps bids=20 asks=20
2026-05-09 19:03:27,499 | INFO | SPREAD | pair=CHIP/USDC | cex=0.06592/0.06594 | dex_sell=0.0658976 dex_buy=0.0659145 | spread_a=-6.4bps spread_b=0.8bps | min=30.0bps
2026-05-09 19:03:28,503 | INFO | fetch_order_book: symbol=CHIP/USDC limit=20
2026-05-09 19:03:28,764 | INFO | fetch_order_book: mid=0.065965 spread=4.55bps bids=20 asks=20
2026-05-09 19:03:29,691 | INFO | SPREAD | pair=CHIP/USDC | cex=0.06595/0.06598 | dex_sell=0.0659276 dex_buy=0.0659446 | spread_a=-7.9bps spread_b=0.8bps | min=30.0bps
2026-05-09 19:03:30,695 | INFO | fetch_order_book: symbol=CHIP/USDC limit=20
2026-05-09 19:03:30,951 | INFO | fetch_order_book: mid=0.065965 spread=4.55bps bids=20 asks=20
2026-05-09 19:03:31,883 | INFO | SPREAD | pair=CHIP/USDC | cex=0.06595/0.06598 | dex_sell=0.0659577 dex_buy=0.0659746 | spread_a=-3.4bps spread_b=-3.7bps | min=30.0bps
2026-05-09 19:03:32,887 | INFO | fetch_order_book: symbol=CHIP/USDC limit=20
2026-05-09 19:03:33,145 | INFO | fetch_order_book: mid=0.065945 spread=7.58bps bids=20 asks=20
2026-05-09 19:03:34,079 | INFO | SPREAD | pair=CHIP/USDC | cex=0.06592/0.06597 | dex_sell=0.0659315 dex_buy=0.0659485 | spread_a=-5.8bps spread_b=-4.3bps | min=30.0bps
2026-05-09 19:03:35,083 | INFO | fetch_order_book: symbol=CHIP/USDC limit=20
2026-05-09 19:03:35,382 | INFO | fetch_order_book: mid=0.065955 spread=4.55bps bids=20 asks=20
2026-05-09 19:03:36,346 | INFO | SPREAD | pair=CHIP/USDC | cex=0.06594/0.06597 | dex_sell=0.0659315 dex_buy=0.0659485 | spread_a=-5.8bps spread_b=-1.3bps | min=30.0bps
2026-05-09 19:03:37,349 | INFO | fetch_order_book: symbol=CHIP/USDC limit=20
2026-05-09 19:03:37,617 | INFO | fetch_order_book: mid=0.065955 spread=4.55bps bids=20 asks=20
2026-05-09 19:03:38,601 | INFO | SPREAD | pair=CHIP/USDC | cex=0.06594/0.06597 | dex_sell=0.0659315 dex_buy=0.0659485 | spread_a=-5.8bps spread_b=-1.3bps | min=30.0bps
2026-05-09 19:03:39,605 | INFO | fetch_order_book: symbol=CHIP/USDC limit=20
2026-05-09 19:03:39,878 | INFO | fetch_order_book: mid=0.065985 spread=7.58bps bids=20 asks=20
2026-05-09 19:03:40,830 | INFO | SPREAD | pair=CHIP/USDC | cex=0.06596/0.06601 | dex_sell=0.0659577 dex_buy=0.0659746 | spread_a=-7.9bps spread_b=-2.2bps | min=30.0bps
2026-05-09 19:03:41,834 | INFO | fetch_order_book: symbol=CHIP/USDC limit=20
2026-05-09 19:03:42,092 | INFO | fetch_order_book: mid=0.06599 spread=6.06bps bids=20 asks=20
2026-05-09 19:03:42,996 | INFO | SPREAD | pair=CHIP/USDC | cex=0.06597/0.06601 | dex_sell=0.0659577 dex_buy=0.0659746 | spread_a=-7.9bps spread_b=-0.7bps | min=30.0bps
2026-05-09 19:03:43,999 | INFO | fetch_order_book: symbol=CHIP/USDC limit=20
2026-05-09 19:03:44,421 | INFO | fetch_order_book: mid=0.065985 spread=7.58bps bids=20 asks=20
2026-05-09 19:03:45,394 | INFO | SPREAD | pair=CHIP/USDC | cex=0.06596/0.06601 | dex_sell=0.0659577 dex_buy=0.0659746 | spread_a=-7.9bps spread_b=-2.2bps | min=30.0bps
2026-05-09 19:03:46,398 | INFO | fetch_order_book: symbol=CHIP/USDC limit=20
2026-05-09 19:03:46,654 | INFO | fetch_order_book: mid=0.06599 spread=6.06bps bids=20 asks=20
2026-05-09 19:03:47,561 | INFO | SPREAD | pair=CHIP/USDC | cex=0.06597/0.06601 | dex_sell=0.0659875 dex_buy=0.0660044 | spread_a=-3.4bps spread_b=-5.2bps | min=30.0bps
2026-05-09 19:03:48,562 | INFO | fetch_order_book: symbol=CHIP/USDC limit=20
2026-05-09 19:03:48,832 | INFO | fetch_order_book: mid=0.06598 spread=9.09bps bids=20 asks=20
2026-05-09 19:03:49,768 | INFO | SPREAD | pair=CHIP/USDC | cex=0.06595/0.06601 | dex_sell=0.0659875 dex_buy=0.0660044 | spread_a=-3.4bps spread_b=-8.2bps | min=30.0bps
2026-05-09 19:03:50,772 | INFO | fetch_order_book: symbol=CHIP/USDC limit=20
2026-05-09 19:03:51,094 | INFO | fetch_order_book: mid=0.065985 spread=4.55bps bids=20 asks=20
2026-05-09 19:03:52,018 | INFO | SPREAD | pair=CHIP/USDC | cex=0.06597/0.066 | dex_sell=0.0659875 dex_buy=0.0660044 | spread_a=-1.9bps spread_b=-5.2bps | min=30.0bps
2026-05-09 19:03:53,021 | INFO | fetch_order_book: symbol=CHIP/USDC limit=20
2026-05-09 19:03:53,347 | INFO | fetch_order_book: mid=0.065985 spread=4.55bps bids=20 asks=20
2026-05-09 19:03:54,305 | INFO | SPREAD | pair=CHIP/USDC | cex=0.06597/0.066 | dex_sell=0.0659875 dex_buy=0.0660044 | spread_a=-1.9bps spread_b=-5.2bps | min=30.0bps
2026-05-09 19:03:55,308 | INFO | fetch_order_book: symbol=CHIP/USDC limit=20
2026-05-09 19:03:55,571 | INFO | fetch_order_book: mid=0.06600 spread=6.06bps bids=20 asks=20
2026-05-09 19:03:56,617 | INFO | SPREAD | pair=CHIP/USDC | cex=0.06598/0.06602 | dex_sell=0.0659875 dex_buy=0.0660044 | spread_a=-4.9bps spread_b=-3.7bps | min=30.0bps
2026-05-09 19:03:57,620 | INFO | fetch_order_book: symbol=CHIP/USDC limit=20
2026-05-09 19:03:57,877 | INFO | fetch_order_book: mid=0.06600 spread=6.06bps bids=20 asks=20
2026-05-09 19:03:58,780 | INFO | SPREAD | pair=CHIP/USDC | cex=0.06598/0.06602 | dex_sell=0.0659875 dex_buy=0.0660044 | spread_a=-4.9bps spread_b=-3.7bps | min=30.0bps
2026-05-09 19:03:59,783 | INFO | fetch_order_book: symbol=CHIP/USDC limit=20
2026-05-09 19:04:00,075 | INFO | fetch_order_book: mid=0.06601 spread=3.03bps bids=20 asks=20
2026-05-09 19:04:01,027 | INFO | SPREAD | pair=CHIP/USDC | cex=0.066/0.06602 | dex_sell=0.0659875 dex_buy=0.0660044 | spread_a=-4.9bps spread_b=-0.7bps | min=30.0bps
2026-05-09 19:04:02,030 | INFO | fetch_order_book: symbol=CHIP/USDC limit=20
2026-05-09 19:04:02,288 | INFO | fetch_order_book: mid=0.065975 spread=4.55bps bids=20 asks=20
2026-05-09 19:04:03,213 | INFO | SPREAD | pair=CHIP/USDC | cex=0.06596/0.06599 | dex_sell=0.0659875 dex_buy=0.0660044 | spread_a=-0.4bps spread_b=-6.7bps | min=30.0bps
2026-05-09 19:04:04,216 | INFO | fetch_order_book: symbol=CHIP/USDC limit=20
2026-05-09 19:04:04,609 | INFO | fetch_order_book: mid=0.065995 spread=7.58bps bids=20 asks=20
2026-05-09 19:04:05,554 | INFO | SPREAD | pair=CHIP/USDC | cex=0.06597/0.06602 | dex_sell=0.0659613 dex_buy=0.0659782 | spread_a=-8.9bps spread_b=-1.2bps | min=30.0bps
2026-05-09 19:04:06,557 | INFO | fetch_order_book: symbol=CHIP/USDC limit=20
2026-05-09 19:04:06,822 | INFO | fetch_order_book: mid=0.066005 spread=4.55bps bids=20 asks=20
2026-05-09 19:04:07,776 | INFO | SPREAD | pair=CHIP/USDC | cex=0.06599/0.06602 | dex_sell=0.0659874 dex_buy=0.0660044 | spread_a=-4.9bps spread_b=-2.2bps | min=30.0bps
2026-05-09 19:04:08,780 | INFO | fetch_order_book: symbol=CHIP/USDC limit=20
2026-05-09 19:04:09,040 | INFO | fetch_order_book: mid=0.065995 spread=4.55bps bids=20 asks=20
2026-05-09 19:04:10,080 | INFO | SPREAD | pair=CHIP/USDC | cex=0.06598/0.06601 | dex_sell=0.0659874 dex_buy=0.0660044 | spread_a=-3.4bps spread_b=-3.7bps | min=30.0bps
2026-05-09 19:04:11,082 | INFO | fetch_order_book: symbol=CHIP/USDC limit=20
2026-05-09 19:04:11,340 | INFO | fetch_order_book: mid=0.06599 spread=6.06bps bids=20 asks=20
2026-05-09 19:04:12,254 | INFO | SPREAD | pair=CHIP/USDC | cex=0.06597/0.06601 | dex_sell=0.0659874 dex_buy=0.0660044 | spread_a=-3.4bps spread_b=-5.2bps | min=30.0bps
2026-05-09 19:04:13,258 | INFO | fetch_order_book: symbol=CHIP/USDC limit=20
2026-05-09 19:04:13,517 | INFO | fetch_order_book: mid=0.06601 spread=3.03bps bids=20 asks=20
2026-05-09 19:04:14,429 | INFO | SPREAD | pair=CHIP/USDC | cex=0.066/0.06602 | dex_sell=0.0659874 dex_buy=0.0660044 | spread_a=-4.9bps spread_b=-0.7bps | min=30.0bps
2026-05-09 19:04:15,432 | INFO | fetch_order_book: symbol=CHIP/USDC limit=20
2026-05-09 19:04:15,695 | INFO | fetch_order_book: mid=0.065995 spread=4.55bps bids=20 asks=20
2026-05-09 19:04:16,615 | INFO | SPREAD | pair=CHIP/USDC | cex=0.06598/0.06601 | dex_sell=0.0659874 dex_buy=0.0660044 | spread_a=-3.4bps spread_b=-3.7bps | min=30.0bps
2026-05-09 19:04:17,619 | INFO | fetch_order_book: symbol=CHIP/USDC limit=20
2026-05-09 19:04:17,886 | INFO | fetch_order_book: mid=0.065985 spread=7.58bps bids=20 asks=20
2026-05-09 19:04:18,857 | INFO | SPREAD | pair=CHIP/USDC | cex=0.06596/0.06601 | dex_sell=0.0659874 dex_buy=0.0660044 | spread_a=-3.4bps spread_b=-6.7bps | min=30.0bps
2026-05-09 19:04:19,861 | INFO | fetch_order_book: symbol=CHIP/USDC limit=20
2026-05-09 19:04:20,116 | INFO | fetch_order_book: mid=0.06600 spread=6.06bps bids=20 asks=20
2026-05-09 19:04:21,081 | INFO | SPREAD | pair=CHIP/USDC | cex=0.06598/0.06602 | dex_sell=0.0659874 dex_buy=0.0660044 | spread_a=-4.9bps spread_b=-3.7bps | min=30.0bps
2026-05-09 19:04:22,084 | INFO | fetch_order_book: symbol=CHIP/USDC limit=20
2026-05-09 19:04:22,339 | INFO | fetch_order_book: mid=0.06601 spread=3.03bps bids=20 asks=20
2026-05-09 19:04:23,259 | INFO | SPREAD | pair=CHIP/USDC | cex=0.066/0.06602 | dex_sell=0.0659874 dex_buy=0.0660044 | spread_a=-4.9bps spread_b=-0.7bps | min=30.0bps
2026-05-09 19:04:24,261 | INFO | fetch_order_book: symbol=CHIP/USDC limit=20
2026-05-09 19:04:24,521 | INFO | fetch_order_book: mid=0.06601 spread=3.03bps bids=20 asks=20
2026-05-09 19:04:25,470 | INFO | SPREAD | pair=CHIP/USDC | cex=0.066/0.06602 | dex_sell=0.0659874 dex_buy=0.0660044 | spread_a=-4.9bps spread_b=-0.7bps | min=30.0bps
2026-05-09 19:04:26,474 | INFO | fetch_order_book: symbol=CHIP/USDC limit=20
2026-05-09 19:04:26,729 | INFO | fetch_order_book: mid=0.06601 spread=3.03bps bids=20 asks=20
2026-05-09 19:04:27,661 | INFO | SPREAD | pair=CHIP/USDC | cex=0.066/0.06602 | dex_sell=0.0659874 dex_buy=0.0660044 | spread_a=-4.9bps spread_b=-0.7bps | min=30.0bps
2026-05-09 19:04:28,664 | INFO | fetch_order_book: symbol=CHIP/USDC limit=20
2026-05-09 19:04:28,924 | INFO | fetch_order_book: mid=0.06601 spread=3.03bps bids=20 asks=20
2026-05-09 19:04:29,862 | INFO | SPREAD | pair=CHIP/USDC | cex=0.066/0.06602 | dex_sell=0.0659874 dex_buy=0.0660044 | spread_a=-4.9bps spread_b=-0.7bps | min=30.0bps
2026-05-09 19:04:30,866 | INFO | fetch_order_book: symbol=CHIP/USDC limit=20
2026-05-09 19:04:31,126 | INFO | fetch_order_book: mid=0.066015 spread=4.54bps bids=20 asks=20
2026-05-09 19:04:32,059 | INFO | SPREAD | pair=CHIP/USDC | cex=0.066/0.06603 | dex_sell=0.0659874 dex_buy=0.0660044 | spread_a=-6.4bps spread_b=-0.7bps | min=30.0bps
2026-05-09 19:04:33,063 | INFO | fetch_order_book: symbol=CHIP/USDC limit=20
2026-05-09 19:04:33,323 | INFO | fetch_order_book: mid=0.066005 spread=1.52bps bids=20 asks=20
2026-05-09 19:04:34,248 | INFO | SPREAD | pair=CHIP/USDC | cex=0.066/0.06601 | dex_sell=0.0659874 dex_buy=0.0660044 | spread_a=-3.4bps spread_b=-0.7bps | min=30.0bps
2026-05-09 19:04:35,252 | INFO | fetch_order_book: symbol=CHIP/USDC limit=20
2026-05-09 19:04:35,519 | INFO | fetch_order_book: mid=0.065975 spread=4.55bps bids=20 asks=20
2026-05-09 19:04:36,407 | INFO | SPREAD | pair=CHIP/USDC | cex=0.06596/0.06599 | dex_sell=0.0659874 dex_buy=0.0660044 | spread_a=-0.4bps spread_b=-6.7bps | min=30.0bps
2026-05-09 19:04:37,410 | INFO | fetch_order_book: symbol=CHIP/USDC limit=20
2026-05-09 19:04:37,669 | INFO | fetch_order_book: mid=0.066015 spread=7.57bps bids=20 asks=20
2026-05-09 19:04:38,615 | INFO | SPREAD | pair=CHIP/USDC | cex=0.06599/0.06604 | dex_sell=0.0660152 dex_buy=0.0660373 | spread_a=-3.8bps spread_b=-7.2bps | min=30.0bps
2026-05-09 19:04:39,619 | INFO | fetch_order_book: symbol=CHIP/USDC limit=20
2026-05-09 19:04:39,890 | INFO | fetch_order_book: mid=0.06603 spread=3.03bps bids=20 asks=20
2026-05-09 19:04:40,845 | INFO | SPREAD | pair=CHIP/USDC | cex=0.06602/0.06604 | dex_sell=0.0660152 dex_buy=0.0660373 | spread_a=-3.8bps spread_b=-2.6bps | min=30.0bps
2026-05-09 19:04:41,848 | INFO | fetch_order_book: symbol=CHIP/USDC limit=20
2026-05-09 19:04:42,109 | INFO | fetch_order_book: mid=0.06603 spread=3.03bps bids=20 asks=20
2026-05-09 19:04:43,050 | INFO | SPREAD | pair=CHIP/USDC | cex=0.06602/0.06604 | dex_sell=0.0660152 dex_buy=0.0660373 | spread_a=-3.8bps spread_b=-2.6bps | min=30.0bps
2026-05-09 19:04:44,053 | INFO | fetch_order_book: symbol=CHIP/USDC limit=20
2026-05-09 19:04:44,345 | INFO | fetch_order_book: mid=0.066045 spread=1.51bps bids=20 asks=20
2026-05-09 19:04:45,262 | INFO | SPREAD | pair=CHIP/USDC | cex=0.06604/0.06605 | dex_sell=0.0660152 dex_buy=0.0660373 | spread_a=-5.3bps spread_b=0.4bps | min=30.0bps
2026-05-09 19:04:46,265 | INFO | fetch_order_book: symbol=CHIP/USDC limit=20
2026-05-09 19:04:46,541 | INFO | fetch_order_book: mid=0.06604 spread=6.06bps bids=20 asks=20
2026-05-09 19:04:47,460 | INFO | SPREAD | pair=CHIP/USDC | cex=0.06602/0.06606 | dex_sell=0.0660152 dex_buy=0.0660373 | spread_a=-6.8bps spread_b=-2.6bps | min=30.0bps
2026-05-09 19:04:48,463 | INFO | fetch_order_book: symbol=CHIP/USDC limit=20
2026-05-09 19:04:48,728 | INFO | fetch_order_book: mid=0.066055 spread=7.57bps bids=20 asks=20
2026-05-09 19:04:49,745 | INFO | SPREAD | pair=CHIP/USDC | cex=0.06603/0.06608 | dex_sell=0.0660152 dex_buy=0.0660373 | spread_a=-9.8bps spread_b=-1.1bps | min=30.0bps
2026-05-09 19:04:50,748 | INFO | fetch_order_book: symbol=CHIP/USDC limit=20
2026-05-09 19:04:51,006 | INFO | fetch_order_book: mid=0.066065 spread=4.54bps bids=20 asks=20
2026-05-09 19:04:51,962 | INFO | SPREAD | pair=CHIP/USDC | cex=0.06605/0.06608 | dex_sell=0.0660152 dex_buy=0.0660373 | spread_a=-9.8bps spread_b=1.9bps | min=30.0bps
2026-05-09 19:04:52,966 | INFO | fetch_order_book: symbol=CHIP/USDC limit=20
2026-05-09 19:04:53,227 | INFO | fetch_order_book: mid=0.06605 spread=6.06bps bids=20 asks=20
2026-05-09 19:04:54,147 | INFO | SPREAD | pair=CHIP/USDC | cex=0.06603/0.06607 | dex_sell=0.0660152 dex_buy=0.0660373 | spread_a=-8.3bps spread_b=-1.1bps | min=30.0bps
2026-05-09 19:04:55,150 | INFO | fetch_order_book: symbol=CHIP/USDC limit=20
2026-05-09 19:04:55,406 | INFO | fetch_order_book: mid=0.066015 spread=1.51bps bids=20 asks=20
2026-05-09 19:04:56,343 | INFO | SPREAD | pair=CHIP/USDC | cex=0.06601/0.06602 | dex_sell=0.0660152 dex_buy=0.0660373 | spread_a=-0.7bps spread_b=-4.1bps | min=30.0bps
2026-05-09 19:04:57,347 | INFO | fetch_order_book: symbol=CHIP/USDC limit=20
2026-05-09 19:04:57,604 | INFO | fetch_order_book: mid=0.06602 spread=3.03bps bids=20 asks=20
2026-05-09 19:04:58,528 | INFO | SPREAD | pair=CHIP/USDC | cex=0.06601/0.06603 | dex_sell=0.0660152 dex_buy=0.0660373 | spread_a=-2.2bps spread_b=-4.1bps | min=30.0bps
2026-05-09 19:04:59,532 | INFO | fetch_order_book: symbol=CHIP/USDC limit=20
2026-05-09 19:04:59,797 | INFO | fetch_order_book: mid=0.066005 spread=1.52bps bids=20 asks=20
2026-05-09 19:05:00,724 | INFO | SPREAD | pair=CHIP/USDC | cex=0.066/0.06601 | dex_sell=0.0660152 dex_buy=0.0660373 | spread_a=0.8bps spread_b=-5.7bps | min=30.0bps
2026-05-09 19:05:01,727 | INFO | fetch_order_book: symbol=CHIP/USDC limit=20
2026-05-09 19:05:01,989 | INFO | fetch_order_book: mid=0.06599 spread=3.03bps bids=20 asks=20
2026-05-09 19:05:02,913 | INFO | SPREAD | pair=CHIP/USDC | cex=0.06598/0.066 | dex_sell=0.0659814 dex_buy=0.0659984 | spread_a=-2.8bps spread_b=-2.8bps | min=30.0bps
2026-05-09 19:05:03,916 | INFO | fetch_order_book: symbol=CHIP/USDC limit=20
2026-05-09 19:05:04,191 | INFO | fetch_order_book: mid=0.065985 spread=1.52bps bids=20 asks=20
2026-05-09 19:05:05,146 | INFO | SPREAD | pair=CHIP/USDC | cex=0.06598/0.06599 | dex_sell=0.0659518 dex_buy=0.0659688 | spread_a=-5.8bps spread_b=1.7bps | min=30.0bps
2026-05-09 19:05:06,148 | INFO | fetch_order_book: symbol=CHIP/USDC limit=20
2026-05-09 19:05:06,565 | INFO | fetch_order_book: mid=0.066005 spread=4.55bps bids=20 asks=20
2026-05-09 19:05:07,478 | INFO | SPREAD | pair=CHIP/USDC | cex=0.06599/0.06602 | dex_sell=0.0659774 dex_buy=0.0659944 | spread_a=-6.4bps spread_b=-0.7bps | min=30.0bps
2026-05-09 19:05:08,481 | INFO | fetch_order_book: symbol=CHIP/USDC limit=20
2026-05-09 19:05:08,766 | INFO | fetch_order_book: mid=0.06603 spread=3.03bps bids=20 asks=20
2026-05-09 19:05:09,695 | INFO | SPREAD | pair=CHIP/USDC | cex=0.06602/0.06604 | dex_sell=0.0660007 dex_buy=0.0660202 | spread_a=-6.0bps spread_b=-0.0bps | min=30.0bps
2026-05-09 19:05:10,698 | INFO | fetch_order_book: symbol=CHIP/USDC limit=20
2026-05-09 19:05:11,108 | INFO | fetch_order_book: mid=0.06605 spread=3.03bps bids=20 asks=20
2026-05-09 19:05:12,053 | INFO | SPREAD | pair=CHIP/USDC | cex=0.06604/0.06606 | dex_sell=0.0660007 dex_buy=0.0660202 | spread_a=-9.0bps spread_b=3.0bps | min=30.0bps
2026-05-09 19:05:13,056 | INFO | fetch_order_book: symbol=CHIP/USDC limit=20
2026-05-09 19:05:13,422 | INFO | fetch_order_book: mid=0.06602 spread=6.06bps bids=20 asks=20
2026-05-09 19:05:14,401 | INFO | SPREAD | pair=CHIP/USDC | cex=0.066/0.06604 | dex_sell=0.0660007 dex_buy=0.0660202 | spread_a=-6.0bps spread_b=-3.1bps | min=30.0bps
2026-05-09 19:05:15,404 | INFO | fetch_order_book: symbol=CHIP/USDC limit=20
2026-05-09 19:05:15,661 | INFO | fetch_order_book: mid=0.066025 spread=4.54bps bids=20 asks=20
2026-05-09 19:05:16,533 | INFO | SPREAD | pair=CHIP/USDC | cex=0.06601/0.06604 | dex_sell=0.0660007 dex_buy=0.0660202 | spread_a=-6.0bps spread_b=-1.5bps | min=30.0bps
2026-05-09 19:05:17,536 | INFO | fetch_order_book: symbol=CHIP/USDC limit=20
2026-05-09 19:05:17,824 | INFO | fetch_order_book: mid=0.06602 spread=6.06bps bids=20 asks=20
2026-05-09 19:05:18,792 | INFO | SPREAD | pair=CHIP/USDC | cex=0.066/0.06604 | dex_sell=0.0660007 dex_buy=0.0660202 | spread_a=-6.0bps spread_b=-3.1bps | min=30.0bps
2026-05-09 19:05:19,796 | INFO | fetch_order_book: symbol=CHIP/USDC limit=20
2026-05-09 19:05:20,055 | INFO | fetch_order_book: mid=0.066015 spread=4.54bps bids=20 asks=20
2026-05-09 19:05:21,000 | INFO | SPREAD | pair=CHIP/USDC | cex=0.066/0.06603 | dex_sell=0.0660007 dex_buy=0.0660202 | spread_a=-4.4bps spread_b=-3.1bps | min=30.0bps
2026-05-09 19:05:22,004 | INFO | fetch_order_book: symbol=CHIP/USDC limit=20
2026-05-09 19:05:22,262 | INFO | fetch_order_book: mid=0.066005 spread=1.52bps bids=20 asks=20
2026-05-09 19:05:23,174 | INFO | SPREAD | pair=CHIP/USDC | cex=0.066/0.06601 | dex_sell=0.0660007 dex_buy=0.0660202 | spread_a=-1.4bps spread_b=-3.1bps | min=30.0bps
2026-05-09 19:05:24,177 | INFO | fetch_order_book: symbol=CHIP/USDC limit=20
2026-05-09 19:05:24,435 | INFO | fetch_order_book: mid=0.06602 spread=6.06bps bids=20 asks=20
2026-05-09 19:05:25,339 | INFO | SPREAD | pair=CHIP/USDC | cex=0.066/0.06604 | dex_sell=0.0660007 dex_buy=0.0660202 | spread_a=-6.0bps spread_b=-3.1bps | min=30.0bps
2026-05-09 19:05:26,343 | INFO | fetch_order_book: symbol=CHIP/USDC limit=20
2026-05-09 19:05:26,632 | INFO | fetch_order_book: mid=0.066035 spread=7.57bps bids=20 asks=20
2026-05-09 19:05:27,550 | INFO | SPREAD | pair=CHIP/USDC | cex=0.06601/0.06606 | dex_sell=0.0660007 dex_buy=0.0660202 | spread_a=-9.0bps spread_b=-1.5bps | min=30.0bps
2026-05-09 19:05:28,553 | INFO | fetch_order_book: symbol=CHIP/USDC limit=20
2026-05-09 19:05:28,817 | INFO | fetch_order_book: mid=0.066025 spread=7.57bps bids=20 asks=20
2026-05-09 19:05:29,769 | INFO | SPREAD | pair=CHIP/USDC | cex=0.066/0.06605 | dex_sell=0.0660007 dex_buy=0.0660202 | spread_a=-7.5bps spread_b=-3.1bps | min=30.0bps
2026-05-09 19:05:30,771 | INFO | fetch_order_book: symbol=CHIP/USDC limit=20
2026-05-09 19:05:31,028 | INFO | fetch_order_book: mid=0.06603 spread=6.06bps bids=20 asks=20
2026-05-09 19:05:31,919 | INFO | SPREAD | pair=CHIP/USDC | cex=0.06601/0.06605 | dex_sell=0.0660007 dex_buy=0.0660202 | spread_a=-7.5bps spread_b=-1.5bps | min=30.0bps
2026-05-09 19:05:32,922 | INFO | fetch_order_book: symbol=CHIP/USDC limit=20
2026-05-09 19:05:33,189 | INFO | fetch_order_book: mid=0.066015 spread=4.54bps bids=20 asks=20
2026-05-09 19:05:34,073 | INFO | SPREAD | pair=CHIP/USDC | cex=0.066/0.06603 | dex_sell=0.0660007 dex_buy=0.0660202 | spread_a=-4.4bps spread_b=-3.1bps | min=30.0bps
2026-05-09 19:05:35,076 | INFO | fetch_order_book: symbol=CHIP/USDC limit=20
2026-05-09 19:05:35,332 | INFO | fetch_order_book: mid=0.06599 spread=3.03bps bids=20 asks=20
2026-05-09 19:05:36,339 | INFO | SPREAD | pair=CHIP/USDC | cex=0.06598/0.066 | dex_sell=0.0660007 dex_buy=0.0659884 | spread_a=0.1bps spread_b=-1.3bps | min=30.0bps
2026-05-09 19:05:37,343 | INFO | fetch_order_book: symbol=CHIP/USDC limit=20
2026-05-09 19:05:37,602 | INFO | fetch_order_book: mid=0.06601 spread=6.06bps bids=20 asks=20
2026-05-09 19:05:38,509 | INFO | SPREAD | pair=CHIP/USDC | cex=0.06599/0.06603 | dex_sell=0.0659715 dex_buy=0.0659884 | spread_a=-8.9bps spread_b=0.2bps | min=30.0bps
2026-05-09 19:05:39,512 | INFO | fetch_order_book: symbol=CHIP/USDC limit=20
2026-05-09 19:05:39,771 | INFO | fetch_order_book: mid=0.066025 spread=4.54bps bids=20 asks=20
2026-05-09 19:05:40,694 | INFO | SPREAD | pair=CHIP/USDC | cex=0.06601/0.06604 | dex_sell=0.0659976 dex_buy=0.0660147 | spread_a=-6.4bps spread_b=-0.7bps | min=30.0bps
2026-05-09 19:05:41,697 | INFO | fetch_order_book: symbol=CHIP/USDC limit=20
2026-05-09 19:05:41,987 | INFO | fetch_order_book: mid=0.066025 spread=4.54bps bids=20 asks=20
2026-05-09 19:05:42,914 | INFO | SPREAD | pair=CHIP/USDC | cex=0.06601/0.06604 | dex_sell=0.0659976 dex_buy=0.0660147 | spread_a=-6.4bps spread_b=-0.7bps | min=30.0bps
2026-05-09 19:05:43,917 | INFO | fetch_order_book: symbol=CHIP/USDC limit=20
2026-05-09 19:05:44,176 | INFO | fetch_order_book: mid=0.066025 spread=4.54bps bids=20 asks=20
2026-05-09 19:05:45,162 | INFO | SPREAD | pair=CHIP/USDC | cex=0.06601/0.06604 | dex_sell=0.0659976 dex_buy=0.0660147 | spread_a=-6.4bps spread_b=-0.7bps | min=30.0bps
2026-05-09 19:05:46,165 | INFO | fetch_order_book: symbol=CHIP/USDC limit=20
2026-05-09 19:05:46,924 | INFO | fetch_order_book: mid=0.066025 spread=7.57bps bids=20 asks=20
2026-05-09 19:05:47,872 | INFO | SPREAD | pair=CHIP/USDC | cex=0.066/0.06605 | dex_sell=0.0659976 dex_buy=0.0660147 | spread_a=-7.9bps spread_b=-2.2bps | min=30.0bps
2026-05-09 19:05:48,876 | INFO | fetch_order_book: symbol=CHIP/USDC limit=20
2026-05-09 19:05:49,139 | INFO | fetch_order_book: mid=0.066025 spread=4.54bps bids=20 asks=20
2026-05-09 19:05:50,029 | INFO | SPREAD | pair=CHIP/USDC | cex=0.06601/0.06604 | dex_sell=0.0659976 dex_buy=0.0660147 | spread_a=-6.4bps spread_b=-0.7bps | min=30.0bps
2026-05-09 19:05:51,032 | INFO | fetch_order_book: symbol=CHIP/USDC limit=20
2026-05-09 19:05:51,305 | INFO | fetch_order_book: mid=0.066035 spread=7.57bps bids=20 asks=20
2026-05-09 19:05:52,214 | INFO | SPREAD | pair=CHIP/USDC | cex=0.06601/0.06606 | dex_sell=0.0659976 dex_buy=0.0660147 | spread_a=-9.4bps spread_b=-0.7bps | min=30.0bps
2026-05-09 19:05:53,218 | INFO | fetch_order_book: symbol=CHIP/USDC limit=20
2026-05-09 19:05:53,477 | INFO | fetch_order_book: mid=0.066015 spread=4.54bps bids=20 asks=20
2026-05-09 19:05:54,394 | INFO | SPREAD | pair=CHIP/USDC | cex=0.066/0.06603 | dex_sell=0.0659976 dex_buy=0.0660147 | spread_a=-4.9bps spread_b=-2.2bps | min=30.0bps
2026-05-09 19:05:55,397 | INFO | fetch_order_book: symbol=CHIP/USDC limit=20
2026-05-09 19:05:55,657 | INFO | fetch_order_book: mid=0.066015 spread=4.54bps bids=20 asks=20
2026-05-09 19:05:56,577 | INFO | SPREAD | pair=CHIP/USDC | cex=0.066/0.06603 | dex_sell=0.0659976 dex_buy=0.0660147 | spread_a=-4.9bps spread_b=-2.2bps | min=30.0bps
2026-05-09 19:05:57,580 | INFO | fetch_order_book: symbol=CHIP/USDC limit=20
2026-05-09 19:05:57,969 | INFO | fetch_order_book: mid=0.066015 spread=4.54bps bids=20 asks=20
2026-05-09 19:05:58,929 | INFO | SPREAD | pair=CHIP/USDC | cex=0.066/0.06603 | dex_sell=0.0659976 dex_buy=0.0660147 | spread_a=-4.9bps spread_b=-2.2bps | min=30.0bps
2026-05-09 19:05:59,933 | INFO | fetch_order_book: symbol=CHIP/USDC limit=20
2026-05-09 19:06:00,205 | INFO | fetch_order_book: mid=0.066015 spread=7.57bps bids=20 asks=20
2026-05-09 19:06:01,165 | INFO | SPREAD | pair=CHIP/USDC | cex=0.06599/0.06604 | dex_sell=0.0659976 dex_buy=0.0660147 | spread_a=-6.4bps spread_b=-3.7bps | min=30.0bps
2026-05-09 19:06:02,168 | INFO | fetch_order_book: symbol=CHIP/USDC limit=20
2026-05-09 19:06:03,087 | INFO | fetch_order_book: mid=0.06605 spread=3.03bps bids=20 asks=20
2026-05-09 19:06:04,032 | INFO | SPREAD | pair=CHIP/USDC | cex=0.06604/0.06606 | dex_sell=0.0659976 dex_buy=0.0660147 | spread_a=-9.4bps spread_b=3.8bps | min=30.0bps
2026-05-09 19:06:05,035 | INFO | fetch_order_book: symbol=CHIP/USDC limit=20
2026-05-09 19:06:05,315 | INFO | fetch_order_book: mid=0.06605 spread=3.03bps bids=20 asks=20
2026-05-09 19:06:06,223 | INFO | SPREAD | pair=CHIP/USDC | cex=0.06604/0.06606 | dex_sell=0.0659976 dex_buy=0.0660147 | spread_a=-9.4bps spread_b=3.8bps | min=30.0bps
2026-05-09 19:06:07,227 | INFO | fetch_order_book: symbol=CHIP/USDC limit=20
2026-05-09 19:06:07,486 | INFO | fetch_order_book: mid=0.06606 spread=6.06bps bids=20 asks=20
2026-05-09 19:06:08,413 | INFO | SPREAD | pair=CHIP/USDC | cex=0.06604/0.06608 | dex_sell=0.0660451 dex_buy=0.0660673 | spread_a=-5.3bps spread_b=-4.1bps | min=30.0bps
2026-05-09 19:06:09,416 | INFO | fetch_order_book: symbol=CHIP/USDC limit=20
2026-05-09 19:06:09,673 | INFO | fetch_order_book: mid=0.06606 spread=6.06bps bids=20 asks=20
2026-05-09 19:06:10,596 | INFO | SPREAD | pair=CHIP/USDC | cex=0.06604/0.06608 | dex_sell=0.0660451 dex_buy=0.0660673 | spread_a=-5.3bps spread_b=-4.1bps | min=30.0bps
2026-05-09 19:06:11,598 | INFO | fetch_order_book: symbol=CHIP/USDC limit=20
2026-05-09 19:06:11,856 | INFO | fetch_order_book: mid=0.06605 spread=6.06bps bids=20 asks=20
2026-05-09 19:06:12,785 | INFO | SPREAD | pair=CHIP/USDC | cex=0.06603/0.06607 | dex_sell=0.0660451 dex_buy=0.0660673 | spread_a=-3.8bps spread_b=-5.6bps | min=30.0bps
2026-05-09 19:06:13,787 | INFO | fetch_order_book: symbol=CHIP/USDC limit=20
2026-05-09 19:06:14,043 | INFO | fetch_order_book: mid=0.06604 spread=6.06bps bids=20 asks=20
2026-05-09 19:06:14,938 | INFO | SPREAD | pair=CHIP/USDC | cex=0.06602/0.06606 | dex_sell=0.0660451 dex_buy=0.0660673 | spread_a=-2.3bps spread_b=-7.2bps | min=30.0bps
2026-05-09 19:06:15,941 | INFO | fetch_order_book: symbol=CHIP/USDC limit=20
2026-05-09 19:06:16,363 | INFO | fetch_order_book: mid=0.06601 spread=3.03bps bids=20 asks=20
2026-05-09 19:06:17,292 | INFO | SPREAD | pair=CHIP/USDC | cex=0.066/0.06602 | dex_sell=0.0660089 dex_buy=0.0660311 | spread_a=-1.7bps spread_b=-4.7bps | min=30.0bps
2026-05-09 19:06:18,295 | INFO | fetch_order_book: symbol=CHIP/USDC limit=20
2026-05-09 19:06:18,552 | INFO | fetch_order_book: mid=0.066015 spread=4.54bps bids=20 asks=20
2026-05-09 19:06:19,534 | INFO | SPREAD | pair=CHIP/USDC | cex=0.066/0.06603 | dex_sell=0.0660089 dex_buy=0.0660311 | spread_a=-3.2bps spread_b=-4.7bps | min=30.0bps
2026-05-09 19:06:20,538 | INFO | fetch_order_book: symbol=CHIP/USDC limit=20
2026-05-09 19:06:20,807 | INFO | fetch_order_book: mid=0.066005 spread=1.52bps bids=20 asks=20
2026-05-09 19:06:21,706 | INFO | SPREAD | pair=CHIP/USDC | cex=0.066/0.06601 | dex_sell=0.0660089 dex_buy=0.0659985 | spread_a=-0.2bps spread_b=0.2bps | min=30.0bps
2026-05-09 19:06:22,710 | INFO | fetch_order_book: symbol=CHIP/USDC limit=20
2026-05-09 19:06:22,970 | INFO | fetch_order_book: mid=0.065985 spread=1.52bps bids=20 asks=20
2026-05-09 19:06:23,890 | INFO | SPREAD | pair=CHIP/USDC | cex=0.06598/0.06599 | dex_sell=0.0659815 dex_buy=0.0659985 | spread_a=-1.3bps spread_b=-2.8bps | min=30.0bps
2026-05-09 19:06:24,894 | INFO | fetch_order_book: symbol=CHIP/USDC limit=20
2026-05-09 19:06:25,162 | INFO | fetch_order_book: mid=0.065985 spread=1.52bps bids=20 asks=20
2026-05-09 19:06:26,165 | INFO | SPREAD | pair=CHIP/USDC | cex=0.06598/0.06599 | dex_sell=0.0659815 dex_buy=0.0659985 | spread_a=-1.3bps spread_b=-2.8bps | min=30.0bps
2026-05-09 19:06:27,168 | INFO | fetch_order_book: symbol=CHIP/USDC limit=20
2026-05-09 19:06:27,441 | INFO | fetch_order_book: mid=0.06597 spread=3.03bps bids=20 asks=20
2026-05-09 19:06:28,323 | INFO | SPREAD | pair=CHIP/USDC | cex=0.06596/0.06598 | dex_sell=0.0659815 dex_buy=0.0659985 | spread_a=0.2bps spread_b=-5.8bps | min=30.0bps
2026-05-09 19:06:29,326 | INFO | fetch_order_book: symbol=CHIP/USDC limit=20
2026-05-09 19:06:29,619 | INFO | fetch_order_book: mid=0.065975 spread=4.55bps bids=20 asks=20
2026-05-09 19:06:30,731 | INFO | SPREAD | pair=CHIP/USDC | cex=0.06596/0.06599 | dex_sell=0.0659815 dex_buy=0.0659985 | spread_a=-1.3bps spread_b=-5.8bps | min=30.0bps
2026-05-09 19:06:31,734 | INFO | fetch_order_book: symbol=CHIP/USDC limit=20
2026-05-09 19:06:31,990 | INFO | fetch_order_book: mid=0.06596 spread=6.06bps bids=20 asks=20
2026-05-09 19:06:32,901 | INFO | SPREAD | pair=CHIP/USDC | cex=0.06594/0.06598 | dex_sell=0.0659515 dex_buy=0.0659684 | spread_a=-4.3bps spread_b=-4.3bps | min=30.0bps
2026-05-09 19:06:33,905 | INFO | fetch_order_book: symbol=CHIP/USDC limit=20
2026-05-09 19:06:34,166 | INFO | fetch_order_book: mid=0.06597 spread=6.06bps bids=20 asks=20
2026-05-09 19:06:35,078 | INFO | SPREAD | pair=CHIP/USDC | cex=0.06595/0.06599 | dex_sell=0.0659515 dex_buy=0.0659684 | spread_a=-5.8bps spread_b=-2.8bps | min=30.0bps
2026-05-09 19:06:36,082 | INFO | fetch_order_book: symbol=CHIP/USDC limit=20
2026-05-09 19:06:36,388 | INFO | fetch_order_book: mid=0.065975 spread=7.58bps bids=20 asks=20
2026-05-09 19:06:37,299 | INFO | SPREAD | pair=CHIP/USDC | cex=0.06595/0.066 | dex_sell=0.0659515 dex_buy=0.0659684 | spread_a=-7.4bps spread_b=-2.8bps | min=30.0bps
2026-05-09 19:06:38,303 | INFO | fetch_order_book: symbol=CHIP/USDC limit=20
2026-05-09 19:06:38,567 | INFO | fetch_order_book: mid=0.06596 spread=6.06bps bids=20 asks=20
2026-05-09 19:06:39,496 | INFO | SPREAD | pair=CHIP/USDC | cex=0.06594/0.06598 | dex_sell=0.0659515 dex_buy=0.0659684 | spread_a=-4.3bps spread_b=-4.3bps | min=30.0bps
2026-05-09 19:06:40,499 | INFO | fetch_order_book: symbol=CHIP/USDC limit=20
2026-05-09 19:06:40,761 | INFO | fetch_order_book: mid=0.065935 spread=4.55bps bids=20 asks=20
2026-05-09 19:06:41,673 | INFO | SPREAD | pair=CHIP/USDC | cex=0.06592/0.06595 | dex_sell=0.0659515 dex_buy=0.0659684 | spread_a=0.2bps spread_b=-7.3bps | min=30.0bps
2026-05-09 19:06:42,677 | INFO | fetch_order_book: symbol=CHIP/USDC limit=20
2026-05-09 19:06:42,932 | INFO | fetch_order_book: mid=0.065935 spread=4.55bps bids=20 asks=20
2026-05-09 19:06:43,873 | INFO | SPREAD | pair=CHIP/USDC | cex=0.06592/0.06595 | dex_sell=0.0659515 dex_buy=0.0659684 | spread_a=0.2bps spread_b=-7.3bps | min=30.0bps
2026-05-09 19:06:44,877 | INFO | fetch_order_book: symbol=CHIP/USDC limit=20
2026-05-09 19:06:45,139 | INFO | fetch_order_book: mid=0.06595 spread=6.07bps bids=20 asks=20
2026-05-09 19:06:46,222 | INFO | SPREAD | pair=CHIP/USDC | cex=0.06593/0.06597 | dex_sell=0.0659214 dex_buy=0.0659384 | spread_a=-7.4bps spread_b=-1.3bps | min=30.0bps
2026-05-09 19:06:47,226 | INFO | fetch_order_book: symbol=CHIP/USDC limit=20
2026-05-09 19:06:47,485 | INFO | fetch_order_book: mid=0.06595 spread=6.07bps bids=20 asks=20
2026-05-09 19:06:48,396 | INFO | SPREAD | pair=CHIP/USDC | cex=0.06593/0.06597 | dex_sell=0.0659214 dex_buy=0.0659384 | spread_a=-7.4bps spread_b=-1.3bps | min=30.0bps
2026-05-09 19:06:49,399 | INFO | fetch_order_book: symbol=CHIP/USDC limit=20
2026-05-09 19:06:49,660 | INFO | fetch_order_book: mid=0.065955 spread=4.55bps bids=20 asks=20
2026-05-09 19:06:50,553 | INFO | SPREAD | pair=CHIP/USDC | cex=0.06594/0.06597 | dex_sell=0.0659214 dex_buy=0.0659384 | spread_a=-7.4bps spread_b=0.2bps | min=30.0bps
2026-05-09 19:06:51,556 | INFO | fetch_order_book: symbol=CHIP/USDC limit=20
2026-05-09 19:06:51,824 | INFO | fetch_order_book: mid=0.06596 spread=6.06bps bids=20 asks=20
2026-05-09 19:06:52,775 | INFO | SPREAD | pair=CHIP/USDC | cex=0.06594/0.06598 | dex_sell=0.0659476 dex_buy=0.0659645 | spread_a=-4.9bps spread_b=-3.7bps | min=30.0bps
2026-05-09 19:06:53,778 | INFO | fetch_order_book: symbol=CHIP/USDC limit=20
2026-05-09 19:06:54,094 | INFO | fetch_order_book: mid=0.06595 spread=3.03bps bids=20 asks=20
2026-05-09 19:06:55,047 | INFO | SPREAD | pair=CHIP/USDC | cex=0.06594/0.06596 | dex_sell=0.0659476 dex_buy=0.0659645 | spread_a=-1.9bps spread_b=-3.7bps | min=30.0bps
2026-05-09 19:06:56,051 | INFO | fetch_order_book: symbol=CHIP/USDC limit=20
2026-05-09 19:06:56,311 | INFO | fetch_order_book: mid=0.06597 spread=6.06bps bids=20 asks=20
2026-05-09 19:06:57,261 | INFO | SPREAD | pair=CHIP/USDC | cex=0.06595/0.06599 | dex_sell=0.0659476 dex_buy=0.0659645 | spread_a=-6.4bps spread_b=-2.2bps | min=30.0bps
2026-05-09 19:06:58,264 | INFO | fetch_order_book: symbol=CHIP/USDC limit=20
2026-05-09 19:06:58,554 | INFO | fetch_order_book: mid=0.06598 spread=6.06bps bids=20 asks=20
2026-05-09 19:06:59,449 | INFO | SPREAD | pair=CHIP/USDC | cex=0.06596/0.066 | dex_sell=0.0659476 dex_buy=0.0659645 | spread_a=-7.9bps spread_b=-0.7bps | min=30.0bps
2026-05-09 19:07:00,452 | INFO | fetch_order_book: symbol=CHIP/USDC limit=20
2026-05-09 19:07:00,725 | INFO | fetch_order_book: mid=0.065985 spread=4.55bps bids=20 asks=20
2026-05-09 19:07:01,724 | INFO | SPREAD | pair=CHIP/USDC | cex=0.06597/0.066 | dex_sell=0.0659476 dex_buy=0.0659645 | spread_a=-7.9bps spread_b=0.8bps | min=30.0bps
2026-05-09 19:07:02,728 | INFO | fetch_order_book: symbol=CHIP/USDC limit=20
2026-05-09 19:07:03,094 | INFO | fetch_order_book: mid=0.066025 spread=4.54bps bids=20 asks=20
2026-05-09 19:07:04,052 | INFO | SPREAD | pair=CHIP/USDC | cex=0.06601/0.06604 | dex_sell=0.0660006 dex_buy=0.06602 | spread_a=-6.0bps spread_b=-1.5bps | min=30.0bps
2026-05-09 19:07:05,055 | INFO | fetch_order_book: symbol=CHIP/USDC limit=20
2026-05-09 19:07:05,341 | INFO | fetch_order_book: mid=0.066025 spread=4.54bps bids=20 asks=20
2026-05-09 19:07:06,292 | INFO | SPREAD | pair=CHIP/USDC | cex=0.06601/0.06604 | dex_sell=0.0660006 dex_buy=0.06602 | spread_a=-6.0bps spread_b=-1.5bps | min=30.0bps
2026-05-09 19:07:07,295 | INFO | fetch_order_book: symbol=CHIP/USDC limit=20
2026-05-09 19:07:07,551 | INFO | fetch_order_book: mid=0.066045 spread=4.54bps bids=20 asks=20
2026-05-09 19:07:08,484 | INFO | SPREAD | pair=CHIP/USDC | cex=0.06603/0.06606 | dex_sell=0.0660351 dex_buy=0.0660573 | spread_a=-3.8bps spread_b=-4.1bps | min=30.0bps
2026-05-09 19:07:09,487 | INFO | fetch_order_book: symbol=CHIP/USDC limit=20
2026-05-09 19:07:09,745 | INFO | fetch_order_book: mid=0.06606 spread=6.06bps bids=20 asks=20
2026-05-09 19:07:10,705 | INFO | SPREAD | pair=CHIP/USDC | cex=0.06604/0.06608 | dex_sell=0.0660351 dex_buy=0.0660573 | spread_a=-6.8bps spread_b=-2.6bps | min=30.0bps
2026-05-09 19:07:11,709 | INFO | fetch_order_book: symbol=CHIP/USDC limit=20
2026-05-09 19:07:12,053 | INFO | fetch_order_book: mid=0.066055 spread=4.54bps bids=20 asks=20
2026-05-09 19:07:13,067 | INFO | SPREAD | pair=CHIP/USDC | cex=0.06604/0.06607 | dex_sell=0.0660351 dex_buy=0.0660573 | spread_a=-5.3bps spread_b=-2.6bps | min=30.0bps
2026-05-09 19:07:14,071 | INFO | fetch_order_book: symbol=CHIP/USDC limit=20
2026-05-09 19:07:14,333 | INFO | fetch_order_book: mid=0.06603 spread=6.06bps bids=20 asks=20
2026-05-09 19:07:15,317 | INFO | SPREAD | pair=CHIP/USDC | cex=0.06601/0.06605 | dex_sell=0.0660351 dex_buy=0.0660573 | spread_a=-2.3bps spread_b=-7.2bps | min=30.0bps
2026-05-09 19:07:16,320 | INFO | fetch_order_book: symbol=CHIP/USDC limit=20
2026-05-09 19:07:16,578 | INFO | fetch_order_book: mid=0.06603 spread=6.06bps bids=20 asks=20
2026-05-09 19:07:17,485 | INFO | SPREAD | pair=CHIP/USDC | cex=0.06601/0.06605 | dex_sell=0.0660351 dex_buy=0.0660573 | spread_a=-2.3bps spread_b=-7.2bps | min=30.0bps
2026-05-09 19:07:18,488 | INFO | fetch_order_book: symbol=CHIP/USDC limit=20
2026-05-09 19:07:18,747 | INFO | fetch_order_book: mid=0.066045 spread=7.57bps bids=20 asks=20
2026-05-09 19:07:19,745 | INFO | SPREAD | pair=CHIP/USDC | cex=0.06602/0.06607 | dex_sell=0.0660351 dex_buy=0.0660573 | spread_a=-5.3bps spread_b=-5.6bps | min=30.0bps
2026-05-09 19:07:20,748 | INFO | fetch_order_book: symbol=CHIP/USDC limit=20
2026-05-09 19:07:21,008 | INFO | fetch_order_book: mid=0.06603 spread=6.06bps bids=20 asks=20
2026-05-09 19:07:21,930 | INFO | SPREAD | pair=CHIP/USDC | cex=0.06601/0.06605 | dex_sell=0.0660351 dex_buy=0.0660573 | spread_a=-2.3bps spread_b=-7.2bps | min=30.0bps
2026-05-09 19:07:22,931 | INFO | fetch_order_book: symbol=CHIP/USDC limit=20
2026-05-09 19:07:23,187 | INFO | fetch_order_book: mid=0.066035 spread=1.51bps bids=20 asks=20
2026-05-09 19:07:24,100 | INFO | SPREAD | pair=CHIP/USDC | cex=0.06603/0.06604 | dex_sell=0.0660351 dex_buy=0.0660573 | spread_a=-0.7bps spread_b=-4.1bps | min=30.0bps
2026-05-09 19:07:25,103 | INFO | fetch_order_book: symbol=CHIP/USDC limit=20
2026-05-09 19:07:25,359 | INFO | fetch_order_book: mid=0.06605 spread=6.06bps bids=20 asks=20
2026-05-09 19:07:26,286 | INFO | SPREAD | pair=CHIP/USDC | cex=0.06603/0.06607 | dex_sell=0.0660351 dex_buy=0.0660573 | spread_a=-5.3bps spread_b=-4.1bps | min=30.0bps
2026-05-09 19:07:27,289 | INFO | fetch_order_book: symbol=CHIP/USDC limit=20
2026-05-09 19:07:27,549 | INFO | fetch_order_book: mid=0.066015 spread=4.54bps bids=20 asks=20
2026-05-09 19:07:28,450 | INFO | SPREAD | pair=CHIP/USDC | cex=0.066/0.06603 | dex_sell=0.0660351 dex_buy=0.0660204 | spread_a=0.8bps spread_b=-3.1bps | min=30.0bps
2026-05-09 19:07:29,453 | INFO | fetch_order_book: symbol=CHIP/USDC limit=20
2026-05-09 19:07:29,714 | INFO | fetch_order_book: mid=0.066035 spread=7.57bps bids=20 asks=20
2026-05-09 19:07:30,689 | INFO | SPREAD | pair=CHIP/USDC | cex=0.06601/0.06606 | dex_sell=0.0660007 dex_buy=0.0660204 | spread_a=-9.0bps spread_b=-1.6bps | min=30.0bps
2026-05-09 19:07:31,692 | INFO | fetch_order_book: symbol=CHIP/USDC limit=20
2026-05-09 19:07:31,951 | INFO | fetch_order_book: mid=0.066035 spread=7.57bps bids=20 asks=20
2026-05-09 19:07:32,898 | INFO | SPREAD | pair=CHIP/USDC | cex=0.06601/0.06606 | dex_sell=0.0660007 dex_buy=0.0660204 | spread_a=-9.0bps spread_b=-1.6bps | min=30.0bps
2026-05-09 19:07:33,902 | INFO | fetch_order_book: symbol=CHIP/USDC limit=20
2026-05-09 19:07:34,163 | INFO | fetch_order_book: mid=0.066055 spread=7.57bps bids=20 asks=20
2026-05-09 19:07:35,064 | INFO | SPREAD | pair=CHIP/USDC | cex=0.06603/0.06608 | dex_sell=0.0660344 dex_buy=0.0660565 | spread_a=-6.9bps spread_b=-4.0bps | min=30.0bps
2026-05-09 19:07:36,068 | INFO | fetch_order_book: symbol=CHIP/USDC limit=20
2026-05-09 19:07:36,326 | INFO | fetch_order_book: mid=0.066055 spread=7.57bps bids=20 asks=20
2026-05-09 19:07:37,234 | INFO | SPREAD | pair=CHIP/USDC | cex=0.06603/0.06608 | dex_sell=0.0660344 dex_buy=0.0660565 | spread_a=-6.9bps spread_b=-4.0bps | min=30.0bps
2026-05-09 19:07:38,238 | INFO | fetch_order_book: symbol=CHIP/USDC limit=20
2026-05-09 19:07:38,500 | INFO | fetch_order_book: mid=0.06606 spread=6.06bps bids=20 asks=20
2026-05-09 19:07:39,433 | INFO | SPREAD | pair=CHIP/USDC | cex=0.06604/0.06608 | dex_sell=0.0660344 dex_buy=0.0660565 | spread_a=-6.9bps spread_b=-2.5bps | min=30.0bps
2026-05-09 19:07:40,437 | INFO | fetch_order_book: symbol=CHIP/USDC limit=20
2026-05-09 19:07:40,694 | INFO | fetch_order_book: mid=0.06605 spread=3.03bps bids=20 asks=20
2026-05-09 19:07:41,590 | INFO | SPREAD | pair=CHIP/USDC | cex=0.06604/0.06606 | dex_sell=0.0660344 dex_buy=0.0660565 | spread_a=-3.9bps spread_b=-2.5bps | min=30.0bps
2026-05-09 19:07:42,594 | INFO | fetch_order_book: symbol=CHIP/USDC limit=20
2026-05-09 19:07:42,851 | INFO | fetch_order_book: mid=0.06605 spread=3.03bps bids=20 asks=20
2026-05-09 19:07:43,752 | INFO | SPREAD | pair=CHIP/USDC | cex=0.06604/0.06606 | dex_sell=0.0660344 dex_buy=0.0660565 | spread_a=-3.9bps spread_b=-2.5bps | min=30.0bps
2026-05-09 19:07:44,755 | INFO | fetch_order_book: symbol=CHIP/USDC limit=20
2026-05-09 19:07:45,014 | INFO | fetch_order_book: mid=0.06605 spread=3.03bps bids=20 asks=20
2026-05-09 19:07:45,933 | INFO | SPREAD | pair=CHIP/USDC | cex=0.06604/0.06606 | dex_sell=0.0660344 dex_buy=0.0660565 | spread_a=-3.9bps spread_b=-2.5bps | min=30.0bps
2026-05-09 19:07:46,936 | INFO | fetch_order_book: symbol=CHIP/USDC limit=20
2026-05-09 19:07:47,204 | INFO | fetch_order_book: mid=0.066065 spread=4.54bps bids=20 asks=20
2026-05-09 19:07:48,143 | INFO | SPREAD | pair=CHIP/USDC | cex=0.06605/0.06608 | dex_sell=0.0660344 dex_buy=0.0660565 | spread_a=-6.9bps spread_b=-1.0bps | min=30.0bps
2026-05-09 19:07:49,147 | INFO | fetch_order_book: symbol=CHIP/USDC limit=20
2026-05-09 19:07:49,417 | INFO | fetch_order_book: mid=0.066045 spread=7.57bps bids=20 asks=20
2026-05-09 19:07:50,319 | INFO | SPREAD | pair=CHIP/USDC | cex=0.06602/0.06607 | dex_sell=0.0660344 dex_buy=0.0660565 | spread_a=-5.4bps spread_b=-5.5bps | min=30.0bps
2026-05-09 19:07:51,323 | INFO | fetch_order_book: symbol=CHIP/USDC limit=20
2026-05-09 19:07:51,584 | INFO | fetch_order_book: mid=0.066055 spread=7.57bps bids=20 asks=20
2026-05-09 19:07:52,537 | INFO | SPREAD | pair=CHIP/USDC | cex=0.06603/0.06608 | dex_sell=0.0660344 dex_buy=0.0660565 | spread_a=-6.9bps spread_b=-4.0bps | min=30.0bps
2026-05-09 19:07:53,540 | INFO | fetch_order_book: symbol=CHIP/USDC limit=20
2026-05-09 19:07:53,799 | INFO | fetch_order_book: mid=0.06606 spread=6.06bps bids=20 asks=20
2026-05-09 19:07:54,705 | INFO | SPREAD | pair=CHIP/USDC | cex=0.06604/0.06608 | dex_sell=0.0660344 dex_buy=0.0660565 | spread_a=-6.9bps spread_b=-2.5bps | min=30.0bps
2026-05-09 19:07:55,709 | INFO | fetch_order_book: symbol=CHIP/USDC limit=20
2026-05-09 19:07:55,966 | INFO | fetch_order_book: mid=0.06607 spread=3.03bps bids=20 asks=20
2026-05-09 19:07:56,877 | INFO | SPREAD | pair=CHIP/USDC | cex=0.06606/0.06608 | dex_sell=0.0660344 dex_buy=0.0660565 | spread_a=-6.9bps spread_b=0.5bps | min=30.0bps
2026-05-09 19:07:57,880 | INFO | fetch_order_book: symbol=CHIP/USDC limit=20
2026-05-09 19:07:58,138 | INFO | fetch_order_book: mid=0.066055 spread=7.57bps bids=20 asks=20
2026-05-09 19:07:59,050 | INFO | SPREAD | pair=CHIP/USDC | cex=0.06603/0.06608 | dex_sell=0.0660344 dex_buy=0.0660565 | spread_a=-6.9bps spread_b=-4.0bps | min=30.0bps
2026-05-09 19:08:00,054 | INFO | fetch_order_book: symbol=CHIP/USDC limit=20
2026-05-09 19:08:00,333 | INFO | fetch_order_book: mid=0.066065 spread=4.54bps bids=20 asks=20
2026-05-09 19:08:01,337 | INFO | SPREAD | pair=CHIP/USDC | cex=0.06605/0.06608 | dex_sell=0.0660344 dex_buy=0.0660565 | spread_a=-6.9bps spread_b=-1.0bps | min=30.0bps
2026-05-09 19:08:02,341 | INFO | fetch_order_book: symbol=CHIP/USDC limit=20
2026-05-09 19:08:02,675 | INFO | fetch_order_book: mid=0.066065 spread=4.54bps bids=20 asks=20
2026-05-09 19:08:03,577 | INFO | SPREAD | pair=CHIP/USDC | cex=0.06605/0.06608 | dex_sell=0.0660344 dex_buy=0.0660565 | spread_a=-6.9bps spread_b=-1.0bps | min=30.0bps
2026-05-09 19:08:04,581 | INFO | fetch_order_book: symbol=CHIP/USDC limit=20
2026-05-09 19:08:04,851 | INFO | fetch_order_book: mid=0.066055 spread=7.57bps bids=20 asks=20
2026-05-09 19:08:05,744 | INFO | SPREAD | pair=CHIP/USDC | cex=0.06603/0.06608 | dex_sell=0.0660344 dex_buy=0.0660565 | spread_a=-6.9bps spread_b=-4.0bps | min=30.0bps
2026-05-09 19:08:06,748 | INFO | fetch_order_book: symbol=CHIP/USDC limit=20
2026-05-09 19:08:07,130 | INFO | fetch_order_book: mid=0.06605 spread=6.06bps bids=20 asks=20
2026-05-09 19:08:08,042 | INFO | SPREAD | pair=CHIP/USDC | cex=0.06603/0.06607 | dex_sell=0.0660344 dex_buy=0.0660565 | spread_a=-5.4bps spread_b=-4.0bps | min=30.0bps
2026-05-09 19:08:09,046 | INFO | fetch_order_book: symbol=CHIP/USDC limit=20
2026-05-09 19:08:09,316 | INFO | fetch_order_book: mid=0.06606 spread=6.06bps bids=20 asks=20
2026-05-09 19:08:10,263 | INFO | SPREAD | pair=CHIP/USDC | cex=0.06604/0.06608 | dex_sell=0.0660344 dex_buy=0.0660565 | spread_a=-6.9bps spread_b=-2.5bps | min=30.0bps
2026-05-09 19:08:11,266 | INFO | fetch_order_book: symbol=CHIP/USDC limit=20
2026-05-09 19:08:11,528 | INFO | fetch_order_book: mid=0.066065 spread=4.54bps bids=20 asks=20
2026-05-09 19:08:12,453 | INFO | SPREAD | pair=CHIP/USDC | cex=0.06605/0.06608 | dex_sell=0.0660344 dex_buy=0.0660565 | spread_a=-6.9bps spread_b=-1.0bps | min=30.0bps
2026-05-09 19:08:13,456 | INFO | fetch_order_book: symbol=CHIP/USDC limit=20
2026-05-09 19:08:13,711 | INFO | fetch_order_book: mid=0.066085 spread=4.54bps bids=20 asks=20
2026-05-09 19:08:14,619 | INFO | SPREAD | pair=CHIP/USDC | cex=0.06607/0.0661 | dex_sell=0.0660344 dex_buy=0.0660565 | spread_a=-9.9bps spread_b=2.0bps | min=30.0bps
2026-05-09 19:08:15,623 | INFO | fetch_order_book: symbol=CHIP/USDC limit=20
2026-05-09 19:08:15,879 | INFO | fetch_order_book: mid=0.066085 spread=4.54bps bids=20 asks=20
2026-05-09 19:08:16,810 | INFO | SPREAD | pair=CHIP/USDC | cex=0.06607/0.0661 | dex_sell=0.0660344 dex_buy=0.0660565 | spread_a=-9.9bps spread_b=2.0bps | min=30.0bps
2026-05-09 19:08:17,813 | INFO | fetch_order_book: symbol=CHIP/USDC limit=20
2026-05-09 19:08:18,085 | INFO | fetch_order_book: mid=0.066085 spread=4.54bps bids=20 asks=20
2026-05-09 19:08:18,988 | INFO | SPREAD | pair=CHIP/USDC | cex=0.06607/0.0661 | dex_sell=0.0660344 dex_buy=0.0660565 | spread_a=-9.9bps spread_b=2.0bps | min=30.0bps
2026-05-09 19:08:19,991 | INFO | fetch_order_book: symbol=CHIP/USDC limit=20
2026-05-09 19:08:20,252 | INFO | fetch_order_book: mid=0.066105 spread=4.54bps bids=20 asks=20
2026-05-09 19:08:21,188 | INFO | SPREAD | pair=CHIP/USDC | cex=0.06609/0.06612 | dex_sell=0.0660743 dex_buy=0.0660965 | spread_a=-6.9bps spread_b=-1.0bps | min=30.0bps
2026-05-09 19:08:22,190 | INFO | fetch_order_book: symbol=CHIP/USDC limit=20
2026-05-09 19:08:22,450 | INFO | fetch_order_book: mid=0.06612 spread=6.05bps bids=20 asks=20
2026-05-09 19:08:23,332 | INFO | SPREAD | pair=CHIP/USDC | cex=0.0661/0.06614 | dex_sell=0.0660743 dex_buy=0.0661364 | spread_a=-9.9bps spread_b=-5.5bps | min=30.0bps
2026-05-09 19:08:24,336 | INFO | fetch_order_book: symbol=CHIP/USDC limit=20
2026-05-09 19:08:24,598 | INFO | fetch_order_book: mid=0.066125 spread=4.54bps bids=20 asks=20
2026-05-09 19:08:25,488 | INFO | SPREAD | pair=CHIP/USDC | cex=0.06611/0.06614 | dex_sell=0.0661142 dex_buy=0.0661364 | spread_a=-3.9bps spread_b=-4.0bps | min=30.0bps
2026-05-09 19:08:26,492 | INFO | fetch_order_book: symbol=CHIP/USDC limit=20
2026-05-09 19:08:26,750 | INFO | fetch_order_book: mid=0.066105 spread=7.56bps bids=20 asks=20
2026-05-09 19:08:27,644 | INFO | SPREAD | pair=CHIP/USDC | cex=0.06608/0.06613 | dex_sell=0.0661142 dex_buy=0.0661364 | spread_a=-2.4bps spread_b=-8.5bps | min=30.0bps
2026-05-09 19:08:28,648 | INFO | fetch_order_book: symbol=CHIP/USDC limit=20
2026-05-09 19:08:28,905 | INFO | fetch_order_book: mid=0.06607 spread=3.03bps bids=20 asks=20
2026-05-09 19:08:29,824 | INFO | SPREAD | pair=CHIP/USDC | cex=0.06606/0.06608 | dex_sell=0.0661142 dex_buy=0.0661005 | spread_a=5.2bps spread_b=-6.1bps | min=30.0bps
2026-05-09 19:08:30,829 | INFO | fetch_order_book: symbol=CHIP/USDC limit=20
2026-05-09 19:08:31,101 | INFO | fetch_order_book: mid=0.06603 spread=3.03bps bids=20 asks=20
2026-05-09 19:08:32,007 | INFO | SPREAD | pair=CHIP/USDC | cex=0.06602/0.06604 | dex_sell=0.0660783 dex_buy=0.0660601 | spread_a=5.8bps spread_b=-6.1bps | min=30.0bps
2026-05-09 19:08:33,011 | INFO | fetch_order_book: symbol=CHIP/USDC limit=20
2026-05-09 19:08:33,266 | INFO | fetch_order_book: mid=0.06601 spread=3.03bps bids=20 asks=20
2026-05-09 19:08:34,156 | INFO | SPREAD | pair=CHIP/USDC | cex=0.066/0.06602 | dex_sell=0.0660008 dex_buy=0.0660205 | spread_a=-2.9bps spread_b=-3.1bps | min=30.0bps
2026-05-09 19:08:35,159 | INFO | fetch_order_book: symbol=CHIP/USDC limit=20
2026-05-09 19:08:35,427 | INFO | fetch_order_book: mid=0.06601 spread=9.09bps bids=20 asks=20
2026-05-09 19:08:36,304 | INFO | SPREAD | pair=CHIP/USDC | cex=0.06598/0.06604 | dex_sell=0.0659707 dex_buy=0.0659877 | spread_a=-10.5bps spread_b=-1.2bps | min=30.0bps
2026-05-09 19:08:37,308 | INFO | fetch_order_book: symbol=CHIP/USDC limit=20
2026-05-09 19:08:37,572 | INFO | fetch_order_book: mid=0.066015 spread=7.57bps bids=20 asks=20
2026-05-09 19:08:38,471 | INFO | SPREAD | pair=CHIP/USDC | cex=0.06599/0.06604 | dex_sell=0.0659707 dex_buy=0.0659877 | spread_a=-10.5bps spread_b=0.4bps | min=30.0bps
2026-05-09 19:08:39,475 | INFO | fetch_order_book: symbol=CHIP/USDC limit=20
2026-05-09 19:08:39,731 | INFO | fetch_order_book: mid=0.065995 spread=7.58bps bids=20 asks=20
2026-05-09 19:08:40,625 | INFO | SPREAD | pair=CHIP/USDC | cex=0.06597/0.06602 | dex_sell=0.0659707 dex_buy=0.0659877 | spread_a=-7.5bps spread_b=-2.7bps | min=30.0bps
2026-05-09 19:08:41,629 | INFO | fetch_order_book: symbol=CHIP/USDC limit=20
2026-05-09 19:08:41,886 | INFO | fetch_order_book: mid=0.065995 spread=7.58bps bids=20 asks=20
2026-05-09 19:08:42,800 | INFO | SPREAD | pair=CHIP/USDC | cex=0.06597/0.06602 | dex_sell=0.0659707 dex_buy=0.0659877 | spread_a=-7.5bps spread_b=-2.7bps | min=30.0bps
2026-05-09 19:08:43,804 | INFO | fetch_order_book: symbol=CHIP/USDC limit=20
2026-05-09 19:08:44,063 | INFO | fetch_order_book: mid=0.066015 spread=7.57bps bids=20 asks=20
2026-05-09 19:08:44,981 | INFO | SPREAD | pair=CHIP/USDC | cex=0.06599/0.06604 | dex_sell=0.0659707 dex_buy=0.0659877 | spread_a=-10.5bps spread_b=0.4bps | min=30.0bps
2026-05-09 19:08:45,985 | INFO | fetch_order_book: symbol=CHIP/USDC limit=20
2026-05-09 19:08:46,241 | INFO | fetch_order_book: mid=0.066005 spread=4.55bps bids=20 asks=20
2026-05-09 19:08:47,145 | INFO | SPREAD | pair=CHIP/USDC | cex=0.06599/0.06602 | dex_sell=0.0659707 dex_buy=0.0659877 | spread_a=-7.5bps spread_b=0.3bps | min=30.0bps
2026-05-09 19:08:48,149 | INFO | fetch_order_book: symbol=CHIP/USDC limit=20
2026-05-09 19:08:48,464 | INFO | fetch_order_book: mid=0.06598 spread=6.06bps bids=20 asks=20
2026-05-09 19:08:49,380 | INFO | SPREAD | pair=CHIP/USDC | cex=0.06596/0.066 | dex_sell=0.0659707 dex_buy=0.0659877 | spread_a=-4.4bps spread_b=-4.2bps | min=30.0bps
2026-05-09 19:08:50,384 | INFO | fetch_order_book: symbol=CHIP/USDC limit=20
2026-05-09 19:08:50,643 | INFO | fetch_order_book: mid=0.066015 spread=7.57bps bids=20 asks=20
2026-05-09 19:08:51,560 | INFO | SPREAD | pair=CHIP/USDC | cex=0.06599/0.06604 | dex_sell=0.0659707 dex_buy=0.0659877 | spread_a=-10.5bps spread_b=0.4bps | min=30.0bps
2026-05-09 19:08:52,564 | INFO | fetch_order_book: symbol=CHIP/USDC limit=20
2026-05-09 19:08:52,821 | INFO | fetch_order_book: mid=0.066015 spread=7.57bps bids=20 asks=20
2026-05-09 19:08:53,734 | INFO | SPREAD | pair=CHIP/USDC | cex=0.06599/0.06604 | dex_sell=0.0659969 dex_buy=0.0660139 | spread_a=-6.5bps spread_b=-3.6bps | min=30.0bps
2026-05-09 19:08:54,738 | INFO | fetch_order_book: symbol=CHIP/USDC limit=20
2026-05-09 19:08:54,995 | INFO | fetch_order_book: mid=0.066025 spread=4.54bps bids=20 asks=20
2026-05-09 19:08:55,889 | INFO | SPREAD | pair=CHIP/USDC | cex=0.06601/0.06604 | dex_sell=0.0659969 dex_buy=0.0660139 | spread_a=-6.5bps spread_b=-0.6bps | min=30.0bps
2026-05-09 19:08:56,894 | INFO | fetch_order_book: symbol=CHIP/USDC limit=20
2026-05-09 19:08:57,162 | INFO | fetch_order_book: mid=0.06605 spread=3.03bps bids=20 asks=20
2026-05-09 19:08:58,078 | INFO | SPREAD | pair=CHIP/USDC | cex=0.06604/0.06606 | dex_sell=0.0660244 dex_buy=0.0660466 | spread_a=-5.4bps spread_b=-1.0bps | min=30.0bps
2026-05-09 19:08:59,081 | INFO | fetch_order_book: symbol=CHIP/USDC limit=20
2026-05-09 19:08:59,339 | INFO | fetch_order_book: mid=0.066065 spread=4.54bps bids=20 asks=20
2026-05-09 19:09:00,220 | INFO | SPREAD | pair=CHIP/USDC | cex=0.06605/0.06608 | dex_sell=0.0660244 dex_buy=0.0660466 | spread_a=-8.4bps spread_b=0.5bps | min=30.0bps
2026-05-09 19:09:01,223 | INFO | fetch_order_book: symbol=CHIP/USDC limit=20
2026-05-09 19:09:01,488 | INFO | fetch_order_book: mid=0.066055 spread=4.54bps bids=20 asks=20
2026-05-09 19:09:02,428 | INFO | SPREAD | pair=CHIP/USDC | cex=0.06604/0.06607 | dex_sell=0.0660244 dex_buy=0.0660466 | spread_a=-6.9bps spread_b=-1.0bps | min=30.0bps
2026-05-09 19:09:03,431 | INFO | fetch_order_book: symbol=CHIP/USDC limit=20
2026-05-09 19:09:03,716 | INFO | fetch_order_book: mid=0.066035 spread=4.54bps bids=20 asks=20
2026-05-09 19:09:04,660 | INFO | SPREAD | pair=CHIP/USDC | cex=0.06602/0.06605 | dex_sell=0.0660244 dex_buy=0.0660466 | spread_a=-3.9bps spread_b=-4.0bps | min=30.0bps
2026-05-09 19:09:05,663 | INFO | fetch_order_book: symbol=CHIP/USDC limit=20
2026-05-09 19:09:05,924 | INFO | fetch_order_book: mid=0.06603 spread=3.03bps bids=20 asks=20
2026-05-09 19:09:06,914 | INFO | SPREAD | pair=CHIP/USDC | cex=0.06602/0.06604 | dex_sell=0.0660244 dex_buy=0.0660466 | spread_a=-2.4bps spread_b=-4.0bps | min=30.0bps
2026-05-09 19:09:07,918 | INFO | fetch_order_book: symbol=CHIP/USDC limit=20
2026-05-09 19:09:08,181 | INFO | fetch_order_book: mid=0.06600 spread=6.06bps bids=20 asks=20
2026-05-09 19:09:09,083 | INFO | SPREAD | pair=CHIP/USDC | cex=0.06598/0.06602 | dex_sell=0.0659913 dex_buy=0.0660083 | spread_a=-4.3bps spread_b=-4.3bps | min=30.0bps
2026-05-09 19:09:10,087 | INFO | fetch_order_book: symbol=CHIP/USDC limit=20
2026-05-09 19:09:10,347 | INFO | fetch_order_book: mid=0.06599 spread=3.03bps bids=20 asks=20
2026-05-09 19:09:11,288 | INFO | SPREAD | pair=CHIP/USDC | cex=0.06598/0.066 | dex_sell=0.0659913 dex_buy=0.0660083 | spread_a=-1.3bps spread_b=-4.3bps | min=30.0bps
2026-05-09 19:09:12,291 | INFO | fetch_order_book: symbol=CHIP/USDC limit=20
2026-05-09 19:09:12,613 | INFO | fetch_order_book: mid=0.06602 spread=6.06bps bids=20 asks=20
2026-05-09 19:09:13,529 | INFO | SPREAD | pair=CHIP/USDC | cex=0.066/0.06604 | dex_sell=0.0659913 dex_buy=0.0660083 | spread_a=-7.4bps spread_b=-1.3bps | min=30.0bps
2026-05-09 19:09:14,532 | INFO | fetch_order_book: symbol=CHIP/USDC limit=20
2026-05-09 19:09:14,788 | INFO | fetch_order_book: mid=0.06603 spread=3.03bps bids=20 asks=20
2026-05-09 19:09:15,718 | INFO | SPREAD | pair=CHIP/USDC | cex=0.06602/0.06604 | dex_sell=0.0660148 dex_buy=0.066037 | spread_a=-3.8bps spread_b=-2.6bps | min=30.0bps
2026-05-09 19:09:16,721 | INFO | fetch_order_book: symbol=CHIP/USDC limit=20
2026-05-09 19:09:16,978 | INFO | fetch_order_book: mid=0.066015 spread=4.54bps bids=20 asks=20
2026-05-09 19:09:17,877 | INFO | SPREAD | pair=CHIP/USDC | cex=0.066/0.06603 | dex_sell=0.0660148 dex_buy=0.066037 | spread_a=-2.3bps spread_b=-5.6bps | min=30.0bps
2026-05-09 19:09:18,880 | INFO | fetch_order_book: symbol=CHIP/USDC limit=20
2026-05-09 19:09:19,161 | INFO | fetch_order_book: mid=0.066005 spread=4.55bps bids=20 asks=20
2026-05-09 19:09:20,069 | INFO | SPREAD | pair=CHIP/USDC | cex=0.06599/0.06602 | dex_sell=0.0660148 dex_buy=0.066037 | spread_a=-0.8bps spread_b=-7.1bps | min=30.0bps
2026-05-09 19:09:21,072 | INFO | fetch_order_book: symbol=CHIP/USDC limit=20
2026-05-09 19:09:21,338 | INFO | fetch_order_book: mid=0.065995 spread=4.55bps bids=20 asks=20
2026-05-09 19:09:22,499 | INFO | SPREAD | pair=CHIP/USDC | cex=0.06598/0.06601 | dex_sell=0.0659815 dex_buy=0.0659985 | spread_a=-4.3bps spread_b=-2.8bps | min=30.0bps
2026-05-09 19:09:23,504 | INFO | fetch_order_book: symbol=CHIP/USDC limit=20
2026-05-09 19:09:23,764 | INFO | fetch_order_book: mid=0.066005 spread=4.55bps bids=20 asks=20
2026-05-09 19:09:24,643 | INFO | SPREAD | pair=CHIP/USDC | cex=0.06599/0.06602 | dex_sell=0.0659815 dex_buy=0.0659985 | spread_a=-5.8bps spread_b=-1.3bps | min=30.0bps
2026-05-09 19:09:25,647 | INFO | fetch_order_book: symbol=CHIP/USDC limit=20
2026-05-09 19:09:25,937 | INFO | fetch_order_book: mid=0.06599 spread=3.03bps bids=20 asks=20
2026-05-09 19:09:26,865 | INFO | SPREAD | pair=CHIP/USDC | cex=0.06598/0.066 | dex_sell=0.0659815 dex_buy=0.0659985 | spread_a=-2.8bps spread_b=-2.8bps | min=30.0bps
2026-05-09 19:09:27,869 | INFO | fetch_order_book: symbol=CHIP/USDC limit=20
2026-05-09 19:09:28,207 | INFO | fetch_order_book: mid=0.06599 spread=3.03bps bids=20 asks=20
2026-05-09 19:09:29,120 | INFO | SPREAD | pair=CHIP/USDC | cex=0.06598/0.066 | dex_sell=0.0659815 dex_buy=0.0659985 | spread_a=-2.8bps spread_b=-2.8bps | min=30.0bps
2026-05-09 19:09:30,121 | INFO | fetch_order_book: symbol=CHIP/USDC limit=20
2026-05-09 19:09:30,389 | INFO | fetch_order_book: mid=0.06599 spread=3.03bps bids=20 asks=20
2026-05-09 19:09:31,297 | INFO | SPREAD | pair=CHIP/USDC | cex=0.06598/0.066 | dex_sell=0.0659815 dex_buy=0.0659985 | spread_a=-2.8bps spread_b=-2.8bps | min=30.0bps
2026-05-09 19:09:32,301 | INFO | fetch_order_book: symbol=CHIP/USDC limit=20
2026-05-09 19:09:32,610 | INFO | fetch_order_book: mid=0.065975 spread=1.52bps bids=20 asks=20
2026-05-09 19:09:33,551 | INFO | SPREAD | pair=CHIP/USDC | cex=0.06597/0.06598 | dex_sell=0.0659521 dex_buy=0.065969 | spread_a=-4.2bps spread_b=0.2bps | min=30.0bps
2026-05-09 19:09:34,553 | INFO | fetch_order_book: symbol=CHIP/USDC limit=20
2026-05-09 19:09:34,809 | INFO | fetch_order_book: mid=0.066005 spread=4.55bps bids=20 asks=20
2026-05-09 19:09:35,712 | INFO | SPREAD | pair=CHIP/USDC | cex=0.06599/0.06602 | dex_sell=0.0659521 dex_buy=0.0659946 | spread_a=-10.3bps spread_b=-0.7bps | min=30.0bps
2026-05-09 19:09:36,715 | INFO | fetch_order_book: symbol=CHIP/USDC limit=20
2026-05-09 19:09:36,990 | INFO | fetch_order_book: mid=0.06600 spread=6.06bps bids=20 asks=20
2026-05-09 19:10:05,033 | INFO | SPREAD | pair=CHIP/USDC | cex=0.06598/0.06602 | dex_sell=0.0660007 dex_buy=0.0660202 | spread_a=-2.9bps spread_b=-6.1bps | min=30.0bps
2026-05-09 19:10:06,038 | INFO | fetch_order_book: symbol=CHIP/USDC limit=20
2026-05-09 19:10:06,392 | INFO | fetch_order_book: mid=0.06601 spread=6.06bps bids=20 asks=20
2026-05-09 19:10:07,311 | INFO | SPREAD | pair=CHIP/USDC | cex=0.06599/0.06603 | dex_sell=0.0660007 dex_buy=0.0660202 | spread_a=-4.4bps spread_b=-4.6bps | min=30.0bps
2026-05-09 19:10:08,314 | INFO | fetch_order_book: symbol=CHIP/USDC limit=20
2026-05-09 19:10:08,645 | INFO | fetch_order_book: mid=0.066005 spread=7.58bps bids=20 asks=20
2026-05-09 19:10:09,547 | INFO | SPREAD | pair=CHIP/USDC | cex=0.06598/0.06603 | dex_sell=0.0660007 dex_buy=0.0660202 | spread_a=-4.4bps spread_b=-6.1bps | min=30.0bps
2026-05-09 19:10:10,551 | INFO | fetch_order_book: symbol=CHIP/USDC limit=20
2026-05-09 19:10:10,846 | INFO | fetch_order_book: mid=0.06600 spread=6.06bps bids=20 asks=20
2026-05-09 19:10:11,790 | INFO | SPREAD | pair=CHIP/USDC | cex=0.06598/0.06602 | dex_sell=0.0660007 dex_buy=0.0660202 | spread_a=-2.9bps spread_b=-6.1bps | min=30.0bps
2026-05-09 19:10:12,793 | INFO | fetch_order_book: symbol=CHIP/USDC limit=20
2026-05-09 19:10:13,110 | INFO | fetch_order_book: mid=0.066015 spread=7.57bps bids=20 asks=20
2026-05-09 19:10:14,009 | INFO | SPREAD | pair=CHIP/USDC | cex=0.06599/0.06604 | dex_sell=0.0660007 dex_buy=0.0660202 | spread_a=-6.0bps spread_b=-4.6bps | min=30.0bps
2026-05-09 19:10:15,012 | INFO | fetch_order_book: symbol=CHIP/USDC limit=20
2026-05-09 19:10:15,270 | INFO | fetch_order_book: mid=0.06602 spread=6.06bps bids=20 asks=20
2026-05-09 19:10:16,190 | INFO | SPREAD | pair=CHIP/USDC | cex=0.066/0.06604 | dex_sell=0.0660007 dex_buy=0.0660202 | spread_a=-6.0bps spread_b=-3.1bps | min=30.0bps
2026-05-09 19:10:17,193 | INFO | fetch_order_book: symbol=CHIP/USDC limit=20
2026-05-09 19:10:17,488 | INFO | fetch_order_book: mid=0.06605 spread=3.03bps bids=20 asks=20
2026-05-09 19:10:18,412 | INFO | SPREAD | pair=CHIP/USDC | cex=0.06604/0.06606 | dex_sell=0.0660349 dex_buy=0.0660571 | spread_a=-3.8bps spread_b=-2.6bps | min=30.0bps
2026-05-09 19:10:19,416 | INFO | fetch_order_book: symbol=CHIP/USDC limit=20
2026-05-09 19:10:19,741 | INFO | fetch_order_book: mid=0.06603 spread=6.06bps bids=20 asks=20
2026-05-09 19:10:20,668 | INFO | SPREAD | pair=CHIP/USDC | cex=0.06601/0.06605 | dex_sell=0.0660349 dex_buy=0.0660571 | spread_a=-2.3bps spread_b=-7.1bps | min=30.0bps
2026-05-09 19:10:21,672 | INFO | fetch_order_book: symbol=CHIP/USDC limit=20
2026-05-09 19:10:21,933 | INFO | fetch_order_book: mid=0.06603 spread=6.06bps bids=20 asks=20
2026-05-09 19:10:22,941 | INFO | SPREAD | pair=CHIP/USDC | cex=0.06601/0.06605 | dex_sell=0.0660349 dex_buy=0.0660571 | spread_a=-2.3bps spread_b=-7.1bps | min=30.0bps
2026-05-09 19:10:23,944 | INFO | fetch_order_book: symbol=CHIP/USDC limit=20
2026-05-09 19:10:24,203 | INFO | fetch_order_book: mid=0.066025 spread=7.57bps bids=20 asks=20
2026-05-09 19:10:25,126 | INFO | SPREAD | pair=CHIP/USDC | cex=0.066/0.06605 | dex_sell=0.0660349 dex_buy=0.0660571 | spread_a=-2.3bps spread_b=-8.6bps | min=30.0bps
2026-05-09 19:10:26,129 | INFO | fetch_order_book: symbol=CHIP/USDC limit=20
2026-05-09 19:10:26,397 | INFO | fetch_order_book: mid=0.066045 spread=4.54bps bids=20 asks=20
2026-05-09 19:10:27,316 | INFO | SPREAD | pair=CHIP/USDC | cex=0.06603/0.06606 | dex_sell=0.0660349 dex_buy=0.0660571 | spread_a=-3.8bps spread_b=-4.1bps | min=30.0bps
2026-05-09 19:10:28,320 | INFO | fetch_order_book: symbol=CHIP/USDC limit=20
2026-05-09 19:10:28,651 | INFO | fetch_order_book: mid=0.066055 spread=4.54bps bids=20 asks=20
2026-05-09 19:10:29,534 | INFO | SPREAD | pair=CHIP/USDC | cex=0.06604/0.06607 | dex_sell=0.0660349 dex_buy=0.0660571 | spread_a=-5.3bps spread_b=-2.6bps | min=30.0bps
2026-05-09 19:10:30,537 | INFO | fetch_order_book: symbol=CHIP/USDC limit=20
2026-05-09 19:10:30,807 | INFO | fetch_order_book: mid=0.06606 spread=6.06bps bids=20 asks=20
2026-05-09 19:10:31,724 | INFO | SPREAD | pair=CHIP/USDC | cex=0.06604/0.06608 | dex_sell=0.0660349 dex_buy=0.0660571 | spread_a=-6.8bps spread_b=-2.6bps | min=30.0bps
2026-05-09 19:10:32,727 | INFO | fetch_order_book: symbol=CHIP/USDC limit=20
2026-05-09 19:10:32,988 | INFO | fetch_order_book: mid=0.06606 spread=6.06bps bids=20 asks=20
2026-05-09 19:10:33,882 | INFO | SPREAD | pair=CHIP/USDC | cex=0.06604/0.06608 | dex_sell=0.0660349 dex_buy=0.0660571 | spread_a=-6.8bps spread_b=-2.6bps | min=30.0bps
2026-05-09 19:10:34,886 | INFO | fetch_order_book: symbol=CHIP/USDC limit=20
2026-05-09 19:10:35,147 | INFO | fetch_order_book: mid=0.066035 spread=4.54bps bids=20 asks=20
2026-05-09 19:10:36,064 | INFO | SPREAD | pair=CHIP/USDC | cex=0.06602/0.06605 | dex_sell=0.0660349 dex_buy=0.0660571 | spread_a=-2.3bps spread_b=-5.6bps | min=30.0bps
2026-05-09 19:10:37,068 | INFO | fetch_order_book: symbol=CHIP/USDC limit=20
2026-05-09 19:10:37,360 | INFO | fetch_order_book: mid=0.066035 spread=4.54bps bids=20 asks=20
2026-05-09 19:10:38,300 | INFO | SPREAD | pair=CHIP/USDC | cex=0.06602/0.06605 | dex_sell=0.0660349 dex_buy=0.0660571 | spread_a=-2.3bps spread_b=-5.6bps | min=30.0bps
2026-05-09 19:10:39,304 | INFO | fetch_order_book: symbol=CHIP/USDC limit=20
2026-05-09 19:10:39,565 | INFO | fetch_order_book: mid=0.06601 spread=3.03bps bids=20 asks=20
2026-05-09 19:10:40,490 | INFO | SPREAD | pair=CHIP/USDC | cex=0.066/0.06602 | dex_sell=0.0660349 dex_buy=0.0660209 | spread_a=2.3bps spread_b=-3.2bps | min=30.0bps
2026-05-09 19:10:41,494 | INFO | fetch_order_book: symbol=CHIP/USDC limit=20
2026-05-09 19:10:41,748 | INFO | fetch_order_book: mid=0.066015 spread=4.54bps bids=20 asks=20
2026-05-09 19:10:42,662 | INFO | SPREAD | pair=CHIP/USDC | cex=0.066/0.06603 | dex_sell=0.066001 dex_buy=0.0660209 | spread_a=-4.4bps spread_b=-3.2bps | min=30.0bps
2026-05-09 19:10:43,665 | INFO | fetch_order_book: symbol=CHIP/USDC limit=20
2026-05-09 19:10:43,922 | INFO | fetch_order_book: mid=0.066015 spread=4.54bps bids=20 asks=20
2026-05-09 19:10:44,878 | INFO | SPREAD | pair=CHIP/USDC | cex=0.066/0.06603 | dex_sell=0.066001 dex_buy=0.0660209 | spread_a=-4.4bps spread_b=-3.2bps | min=30.0bps
2026-05-09 19:10:45,881 | INFO | fetch_order_book: symbol=CHIP/USDC limit=20
2026-05-09 19:10:46,138 | INFO | fetch_order_book: mid=0.06601 spread=3.03bps bids=20 asks=20
2026-05-09 19:10:47,030 | INFO | SPREAD | pair=CHIP/USDC | cex=0.066/0.06602 | dex_sell=0.066001 dex_buy=0.0660209 | spread_a=-2.9bps spread_b=-3.2bps | min=30.0bps
2026-05-09 19:10:48,033 | INFO | fetch_order_book: symbol=CHIP/USDC limit=20
2026-05-09 19:10:48,291 | INFO | fetch_order_book: mid=0.06601 spread=3.03bps bids=20 asks=20
2026-05-09 19:10:49,189 | INFO | SPREAD | pair=CHIP/USDC | cex=0.066/0.06602 | dex_sell=0.066001 dex_buy=0.0660209 | spread_a=-2.9bps spread_b=-3.2bps | min=30.0bps
2026-05-09 19:10:50,193 | INFO | fetch_order_book: symbol=CHIP/USDC limit=20
2026-05-09 19:10:50,449 | INFO | fetch_order_book: mid=0.06603 spread=6.06bps bids=20 asks=20
2026-05-09 19:10:51,360 | INFO | SPREAD | pair=CHIP/USDC | cex=0.06601/0.06605 | dex_sell=0.066001 dex_buy=0.0660209 | spread_a=-7.4bps spread_b=-1.6bps | min=30.0bps
2026-05-09 19:10:52,363 | INFO | fetch_order_book: symbol=CHIP/USDC limit=20
2026-05-09 19:10:52,619 | INFO | fetch_order_book: mid=0.06601 spread=3.03bps bids=20 asks=20
2026-05-09 19:10:53,506 | INFO | SPREAD | pair=CHIP/USDC | cex=0.066/0.06602 | dex_sell=0.066001 dex_buy=0.0660209 | spread_a=-2.9bps spread_b=-3.2bps | min=30.0bps
2026-05-09 19:10:54,510 | INFO | fetch_order_book: symbol=CHIP/USDC limit=20
2026-05-09 19:10:54,766 | INFO | fetch_order_book: mid=0.06599 spread=3.03bps bids=20 asks=20
2026-05-09 19:10:55,657 | INFO | SPREAD | pair=CHIP/USDC | cex=0.06598/0.066 | dex_sell=0.066001 dex_buy=0.0660209 | spread_a=0.1bps spread_b=-6.2bps | min=30.0bps
2026-05-09 19:10:56,661 | INFO | fetch_order_book: symbol=CHIP/USDC limit=20
2026-05-09 19:10:56,922 | INFO | fetch_order_book: mid=0.066015 spread=4.54bps bids=20 asks=20
2026-05-09 19:10:57,832 | INFO | SPREAD | pair=CHIP/USDC | cex=0.066/0.06603 | dex_sell=0.066001 dex_buy=0.0660209 | spread_a=-4.4bps spread_b=-3.2bps | min=30.0bps
2026-05-09 19:10:58,835 | INFO | fetch_order_book: symbol=CHIP/USDC limit=20
2026-05-09 19:10:59,100 | INFO | fetch_order_book: mid=0.06600 spread=6.06bps bids=20 asks=20
2026-05-09 19:10:59,999 | INFO | SPREAD | pair=CHIP/USDC | cex=0.06598/0.06602 | dex_sell=0.066001 dex_buy=0.0660209 | spread_a=-2.9bps spread_b=-6.2bps | min=30.0bps
2026-05-09 19:11:01,003 | INFO | fetch_order_book: symbol=CHIP/USDC limit=20
2026-05-09 19:11:01,259 | INFO | fetch_order_book: mid=0.06601 spread=6.06bps bids=20 asks=20
2026-05-09 19:11:02,204 | INFO | SPREAD | pair=CHIP/USDC | cex=0.06599/0.06603 | dex_sell=0.066001 dex_buy=0.0660209 | spread_a=-4.4bps spread_b=-4.7bps | min=30.0bps
2026-05-09 19:11:03,207 | INFO | fetch_order_book: symbol=CHIP/USDC limit=20
2026-05-09 19:11:03,525 | INFO | fetch_order_book: mid=0.065995 spread=4.55bps bids=20 asks=20
2026-05-09 19:11:04,427 | INFO | SPREAD | pair=CHIP/USDC | cex=0.06598/0.06601 | dex_sell=0.066001 dex_buy=0.0660209 | spread_a=-1.4bps spread_b=-6.2bps | min=30.0bps
2026-05-09 19:11:05,430 | INFO | fetch_order_book: symbol=CHIP/USDC limit=20
2026-05-09 19:11:06,076 | INFO | fetch_order_book: mid=0.065995 spread=4.55bps bids=20 asks=20
2026-05-09 19:11:06,989 | INFO | SPREAD | pair=CHIP/USDC | cex=0.06598/0.06601 | dex_sell=0.066001 dex_buy=0.0660209 | spread_a=-1.4bps spread_b=-6.2bps | min=30.0bps
2026-05-09 19:11:07,992 | INFO | fetch_order_book: symbol=CHIP/USDC limit=20
2026-05-09 19:11:08,374 | INFO | fetch_order_book: mid=0.066005 spread=4.55bps bids=20 asks=20
2026-05-09 19:11:09,261 | INFO | SPREAD | pair=CHIP/USDC | cex=0.06599/0.06602 | dex_sell=0.066001 dex_buy=0.0660209 | spread_a=-2.9bps spread_b=-4.7bps | min=30.0bps
2026-05-09 19:11:10,264 | INFO | fetch_order_book: symbol=CHIP/USDC limit=20
2026-05-09 19:11:10,523 | INFO | fetch_order_book: mid=0.06600 spread=6.06bps bids=20 asks=20
2026-05-09 19:11:11,456 | INFO | SPREAD | pair=CHIP/USDC | cex=0.06598/0.06602 | dex_sell=0.066001 dex_buy=0.0660209 | spread_a=-2.9bps spread_b=-6.2bps | min=30.0bps
2026-05-09 19:11:12,459 | INFO | fetch_order_book: symbol=CHIP/USDC limit=20
2026-05-09 19:11:12,719 | INFO | fetch_order_book: mid=0.06601 spread=6.06bps bids=20 asks=20
2026-05-09 19:11:13,619 | INFO | SPREAD | pair=CHIP/USDC | cex=0.06599/0.06603 | dex_sell=0.066001 dex_buy=0.0660209 | spread_a=-4.4bps spread_b=-4.7bps | min=30.0bps
2026-05-09 19:11:14,623 | INFO | fetch_order_book: symbol=CHIP/USDC limit=20
2026-05-09 19:11:14,880 | INFO | fetch_order_book: mid=0.06601 spread=6.06bps bids=20 asks=20
2026-05-09 19:11:15,767 | INFO | SPREAD | pair=CHIP/USDC | cex=0.06599/0.06603 | dex_sell=0.066001 dex_buy=0.0660209 | spread_a=-4.4bps spread_b=-4.7bps | min=30.0bps
2026-05-09 19:11:16,771 | INFO | fetch_order_book: symbol=CHIP/USDC limit=20
2026-05-09 19:11:17,042 | INFO | fetch_order_book: mid=0.06600 spread=6.06bps bids=20 asks=20
2026-05-09 19:11:17,975 | INFO | SPREAD | pair=CHIP/USDC | cex=0.06598/0.06602 | dex_sell=0.066001 dex_buy=0.0660209 | spread_a=-2.9bps spread_b=-6.2bps | min=30.0bps
2026-05-09 19:11:18,978 | INFO | fetch_order_book: symbol=CHIP/USDC limit=20
2026-05-09 19:11:19,253 | INFO | fetch_order_book: mid=0.066015 spread=7.57bps bids=20 asks=20
2026-05-09 19:11:20,166 | INFO | SPREAD | pair=CHIP/USDC | cex=0.06599/0.06604 | dex_sell=0.066001 dex_buy=0.0660209 | spread_a=-5.9bps spread_b=-4.7bps | min=30.0bps
2026-05-09 19:11:21,170 | INFO | fetch_order_book: symbol=CHIP/USDC limit=20
2026-05-09 19:11:21,452 | INFO | fetch_order_book: mid=0.066015 spread=7.57bps bids=20 asks=20
2026-05-09 19:11:22,367 | INFO | SPREAD | pair=CHIP/USDC | cex=0.06599/0.06604 | dex_sell=0.066001 dex_buy=0.0660209 | spread_a=-5.9bps spread_b=-4.7bps | min=30.0bps
2026-05-09 19:11:23,371 | INFO | fetch_order_book: symbol=CHIP/USDC limit=20
2026-05-09 19:11:23,643 | INFO | fetch_order_book: mid=0.066015 spread=7.57bps bids=20 asks=20
2026-05-09 19:11:24,611 | INFO | SPREAD | pair=CHIP/USDC | cex=0.06599/0.06604 | dex_sell=0.066001 dex_buy=0.0660209 | spread_a=-5.9bps spread_b=-4.7bps | min=30.0bps
2026-05-09 19:11:25,615 | INFO | fetch_order_book: symbol=CHIP/USDC limit=20
2026-05-09 19:11:25,872 | INFO | fetch_order_book: mid=0.066015 spread=7.57bps bids=20 asks=20
2026-05-09 19:11:26,760 | INFO | SPREAD | pair=CHIP/USDC | cex=0.06599/0.06604 | dex_sell=0.066001 dex_buy=0.0660209 | spread_a=-5.9bps spread_b=-4.7bps | min=30.0bps
2026-05-09 19:11:27,763 | INFO | fetch_order_book: symbol=CHIP/USDC limit=20
2026-05-09 19:11:28,019 | INFO | fetch_order_book: mid=0.06601 spread=6.06bps bids=20 asks=20
2026-05-09 19:11:28,963 | INFO | SPREAD | pair=CHIP/USDC | cex=0.06599/0.06603 | dex_sell=0.066001 dex_buy=0.0660209 | spread_a=-4.4bps spread_b=-4.7bps | min=30.0bps
2026-05-09 19:11:29,966 | INFO | fetch_order_book: symbol=CHIP/USDC limit=20
2026-05-09 19:11:30,252 | INFO | fetch_order_book: mid=0.06601 spread=6.06bps bids=20 asks=20
2026-05-09 19:11:31,154 | INFO | SPREAD | pair=CHIP/USDC | cex=0.06599/0.06603 | dex_sell=0.066001 dex_buy=0.0660209 | spread_a=-4.4bps spread_b=-4.7bps | min=30.0bps
2026-05-09 19:11:32,157 | INFO | fetch_order_book: symbol=CHIP/USDC limit=20
2026-05-09 19:11:32,426 | INFO | fetch_order_book: mid=0.066015 spread=7.57bps bids=20 asks=20
2026-05-09 19:11:33,351 | INFO | SPREAD | pair=CHIP/USDC | cex=0.06599/0.06604 | dex_sell=0.066001 dex_buy=0.0660209 | spread_a=-5.9bps spread_b=-4.7bps | min=30.0bps
2026-05-09 19:11:34,354 | INFO | fetch_order_book: symbol=CHIP/USDC limit=20
2026-05-09 19:11:34,763 | INFO | fetch_order_book: mid=0.06601 spread=6.06bps bids=20 asks=20
2026-05-09 19:11:35,668 | INFO | SPREAD | pair=CHIP/USDC | cex=0.06599/0.06603 | dex_sell=0.066001 dex_buy=0.0660209 | spread_a=-4.4bps spread_b=-4.7bps | min=30.0bps
2026-05-09 19:11:36,670 | INFO | fetch_order_book: symbol=CHIP/USDC limit=20
2026-05-09 19:11:36,932 | INFO | fetch_order_book: mid=0.06601 spread=6.06bps bids=20 asks=20
2026-05-09 19:11:37,814 | INFO | SPREAD | pair=CHIP/USDC | cex=0.06599/0.06603 | dex_sell=0.066001 dex_buy=0.0660209 | spread_a=-4.4bps spread_b=-4.7bps | min=30.0bps
2026-05-09 19:11:38,817 | INFO | fetch_order_book: symbol=CHIP/USDC limit=20
2026-05-09 19:11:39,074 | INFO | fetch_order_book: mid=0.06601 spread=6.06bps bids=20 asks=20
2026-05-09 19:11:40,007 | INFO | SPREAD | pair=CHIP/USDC | cex=0.06599/0.06603 | dex_sell=0.066001 dex_buy=0.0660209 | spread_a=-4.4bps spread_b=-4.7bps | min=30.0bps
2026-05-09 19:11:41,010 | INFO | fetch_order_book: symbol=CHIP/USDC limit=20
2026-05-09 19:11:41,267 | INFO | fetch_order_book: mid=0.066005 spread=7.58bps bids=20 asks=20
2026-05-09 19:11:42,147 | INFO | SPREAD | pair=CHIP/USDC | cex=0.06598/0.06603 | dex_sell=0.066001 dex_buy=0.0660209 | spread_a=-4.4bps spread_b=-6.2bps | min=30.0bps
2026-05-09 19:11:43,150 | INFO | fetch_order_book: symbol=CHIP/USDC limit=20
2026-05-09 19:11:43,413 | INFO | fetch_order_book: mid=0.06600 spread=6.06bps bids=20 asks=20
2026-05-09 19:11:44,305 | INFO | SPREAD | pair=CHIP/USDC | cex=0.06598/0.06602 | dex_sell=0.066001 dex_buy=0.0660209 | spread_a=-2.9bps spread_b=-6.2bps | min=30.0bps
2026-05-09 19:11:45,308 | INFO | fetch_order_book: symbol=CHIP/USDC limit=20
2026-05-09 19:11:45,565 | INFO | fetch_order_book: mid=0.066005 spread=4.55bps bids=20 asks=20
2026-05-09 19:11:46,548 | INFO | SPREAD | pair=CHIP/USDC | cex=0.06599/0.06602 | dex_sell=0.066001 dex_buy=0.0660209 | spread_a=-2.9bps spread_b=-4.7bps | min=30.0bps
2026-05-09 19:11:47,552 | INFO | fetch_order_book: symbol=CHIP/USDC limit=20
2026-05-09 19:11:47,811 | INFO | fetch_order_book: mid=0.065995 spread=4.55bps bids=20 asks=20
2026-05-09 19:11:48,693 | INFO | SPREAD | pair=CHIP/USDC | cex=0.06598/0.06601 | dex_sell=0.066001 dex_buy=0.0660209 | spread_a=-1.4bps spread_b=-6.2bps | min=30.0bps
2026-05-09 19:11:49,697 | INFO | fetch_order_book: symbol=CHIP/USDC limit=20
2026-05-09 19:11:50,118 | INFO | fetch_order_book: mid=0.06595 spread=3.03bps bids=20 asks=20
2026-05-09 19:11:51,116 | INFO | SPREAD | pair=CHIP/USDC | cex=0.06594/0.06596 | dex_sell=0.0659715 dex_buy=0.0659884 | spread_a=1.7bps spread_b=-7.3bps | min=30.0bps
2026-05-09 19:11:52,120 | INFO | fetch_order_book: symbol=CHIP/USDC limit=20
2026-05-09 19:11:52,558 | INFO | fetch_order_book: mid=0.065935 spread=4.55bps bids=20 asks=20
2026-05-09 19:11:53,475 | INFO | SPREAD | pair=CHIP/USDC | cex=0.06592/0.06595 | dex_sell=0.0659414 dex_buy=0.0659283 | spread_a=-1.3bps spread_b=-1.3bps | min=30.0bps
2026-05-09 19:11:54,478 | INFO | fetch_order_book: symbol=CHIP/USDC limit=20
2026-05-09 19:11:54,745 | INFO | fetch_order_book: mid=0.065885 spread=1.52bps bids=20 asks=20
2026-05-09 19:11:55,637 | INFO | SPREAD | pair=CHIP/USDC | cex=0.06588/0.06589 | dex_sell=0.0658814 dex_buy=0.0658782 | spread_a=-1.3bps spread_b=0.3bps | min=30.0bps
2026-05-09 19:11:56,641 | INFO | fetch_order_book: symbol=CHIP/USDC limit=20
2026-05-09 19:11:57,187 | INFO | fetch_order_book: mid=0.065845 spread=1.52bps bids=20 asks=20
2026-05-09 19:11:58,089 | INFO | SPREAD | pair=CHIP/USDC | cex=0.06584/0.06585 | dex_sell=0.0658316 dex_buy=0.0658485 | spread_a=-2.8bps spread_b=-1.3bps | min=30.0bps
2026-05-09 19:11:59,093 | INFO | fetch_order_book: symbol=CHIP/USDC limit=20
2026-05-09 19:11:59,443 | INFO | fetch_order_book: mid=0.06585 spread=3.04bps bids=20 asks=20
2026-05-09 19:12:00,498 | INFO | SPREAD | pair=CHIP/USDC | cex=0.06584/0.06586 | dex_sell=0.0658316 dex_buy=0.0658485 | spread_a=-4.3bps spread_b=-1.3bps | min=30.0bps
2026-05-09 19:12:01,501 | INFO | fetch_order_book: symbol=CHIP/USDC limit=20
2026-05-09 19:12:01,780 | INFO | fetch_order_book: mid=0.065855 spread=4.56bps bids=20 asks=20
2026-05-09 19:12:02,713 | INFO | SPREAD | pair=CHIP/USDC | cex=0.06584/0.06587 | dex_sell=0.0658316 dex_buy=0.0658485 | spread_a=-5.8bps spread_b=-1.3bps | min=30.0bps
2026-05-09 19:12:03,717 | INFO | fetch_order_book: symbol=CHIP/USDC limit=20
2026-05-09 19:12:03,981 | INFO | fetch_order_book: mid=0.065865 spread=4.55bps bids=20 asks=20
2026-05-09 19:12:04,867 | INFO | SPREAD | pair=CHIP/USDC | cex=0.06585/0.06588 | dex_sell=0.0658316 dex_buy=0.0658485 | spread_a=-7.3bps spread_b=0.2bps | min=30.0bps
2026-05-09 19:12:05,871 | INFO | fetch_order_book: symbol=CHIP/USDC limit=20
2026-05-09 19:12:06,304 | INFO | fetch_order_book: mid=0.065865 spread=4.55bps bids=20 asks=20
2026-05-09 19:12:07,224 | INFO | SPREAD | pair=CHIP/USDC | cex=0.06585/0.06588 | dex_sell=0.0658316 dex_buy=0.0658485 | spread_a=-7.3bps spread_b=0.2bps | min=30.0bps
2026-05-09 19:12:08,228 | INFO | fetch_order_book: symbol=CHIP/USDC limit=20
2026-05-09 19:12:08,495 | INFO | fetch_order_book: mid=0.065875 spread=7.59bps bids=20 asks=20
2026-05-09 19:12:09,421 | INFO | SPREAD | pair=CHIP/USDC | cex=0.06585/0.0659 | dex_sell=0.0658575 dex_buy=0.0658744 | spread_a=-6.5bps spread_b=-3.7bps | min=30.0bps
2026-05-09 19:12:10,424 | INFO | fetch_order_book: symbol=CHIP/USDC limit=20
2026-05-09 19:12:10,680 | INFO | fetch_order_book: mid=0.065855 spread=4.56bps bids=20 asks=20
2026-05-09 19:12:11,563 | INFO | SPREAD | pair=CHIP/USDC | cex=0.06584/0.06587 | dex_sell=0.0658575 dex_buy=0.0658744 | spread_a=-1.9bps spread_b=-5.2bps | min=30.0bps
2026-05-09 19:12:12,566 | INFO | fetch_order_book: symbol=CHIP/USDC limit=20
2026-05-09 19:12:12,822 | INFO | fetch_order_book: mid=0.065865 spread=4.55bps bids=20 asks=20
2026-05-09 19:12:13,743 | INFO | SPREAD | pair=CHIP/USDC | cex=0.06585/0.06588 | dex_sell=0.0658575 dex_buy=0.0658744 | spread_a=-3.4bps spread_b=-3.7bps | min=30.0bps
2026-05-09 19:12:14,747 | INFO | fetch_order_book: symbol=CHIP/USDC limit=20
2026-05-09 19:12:15,009 | INFO | fetch_order_book: mid=0.06585 spread=3.04bps bids=20 asks=20
2026-05-09 19:12:15,913 | INFO | SPREAD | pair=CHIP/USDC | cex=0.06584/0.06586 | dex_sell=0.0658575 dex_buy=0.0658744 | spread_a=-0.4bps spread_b=-5.2bps | min=30.0bps
2026-05-09 19:12:16,917 | INFO | fetch_order_book: symbol=CHIP/USDC limit=20
2026-05-09 19:12:17,267 | INFO | fetch_order_book: mid=0.06583 spread=3.04bps bids=20 asks=20
2026-05-09 19:12:18,223 | INFO | SPREAD | pair=CHIP/USDC | cex=0.06582/0.06584 | dex_sell=0.0658314 dex_buy=0.0658483 | spread_a=-1.3bps spread_b=-4.3bps | min=30.0bps
2026-05-09 19:12:19,226 | INFO | fetch_order_book: symbol=CHIP/USDC limit=20
2026-05-09 19:12:19,483 | INFO | fetch_order_book: mid=0.06584 spread=6.08bps bids=20 asks=20
2026-05-09 19:12:20,397 | INFO | SPREAD | pair=CHIP/USDC | cex=0.06582/0.06586 | dex_sell=0.0658314 dex_buy=0.0658483 | spread_a=-4.3bps spread_b=-4.3bps | min=30.0bps
2026-05-09 19:12:21,401 | INFO | fetch_order_book: symbol=CHIP/USDC limit=20
2026-05-09 19:12:21,657 | INFO | fetch_order_book: mid=0.06585 spread=6.07bps bids=20 asks=20
2026-05-09 19:12:22,590 | INFO | SPREAD | pair=CHIP/USDC | cex=0.06583/0.06587 | dex_sell=0.0658314 dex_buy=0.0658483 | spread_a=-5.9bps spread_b=-2.8bps | min=30.0bps
2026-05-09 19:12:23,592 | INFO | fetch_order_book: symbol=CHIP/USDC limit=20
2026-05-09 19:12:23,856 | INFO | fetch_order_book: mid=0.065845 spread=4.56bps bids=20 asks=20
2026-05-09 19:12:24,769 | INFO | SPREAD | pair=CHIP/USDC | cex=0.06583/0.06586 | dex_sell=0.0658314 dex_buy=0.0658483 | spread_a=-4.3bps spread_b=-2.8bps | min=30.0bps
2026-05-09 19:12:25,773 | INFO | fetch_order_book: symbol=CHIP/USDC limit=20
2026-05-09 19:12:26,034 | INFO | fetch_order_book: mid=0.06584 spread=6.08bps bids=20 asks=20
2026-05-09 19:12:26,925 | INFO | SPREAD | pair=CHIP/USDC | cex=0.06582/0.06586 | dex_sell=0.0658314 dex_buy=0.0658483 | spread_a=-4.3bps spread_b=-4.3bps | min=30.0bps
2026-05-09 19:12:27,928 | INFO | fetch_order_book: symbol=CHIP/USDC limit=20
2026-05-09 19:12:28,187 | INFO | fetch_order_book: mid=0.06584 spread=6.08bps bids=20 asks=20
2026-05-09 19:12:29,069 | INFO | SPREAD | pair=CHIP/USDC | cex=0.06582/0.06586 | dex_sell=0.0658314 dex_buy=0.0658483 | spread_a=-4.3bps spread_b=-4.3bps | min=30.0bps
2026-05-09 19:12:30,073 | INFO | fetch_order_book: symbol=CHIP/USDC limit=20
2026-05-09 19:12:30,337 | INFO | fetch_order_book: mid=0.065835 spread=4.56bps bids=20 asks=20
2026-05-09 19:12:31,267 | INFO | SPREAD | pair=CHIP/USDC | cex=0.06582/0.06585 | dex_sell=0.0658314 dex_buy=0.0658483 | spread_a=-2.8bps spread_b=-4.3bps | min=30.0bps
2026-05-09 19:12:32,270 | INFO | fetch_order_book: symbol=CHIP/USDC limit=20
2026-05-09 19:12:32,625 | INFO | fetch_order_book: mid=0.06584 spread=3.04bps bids=20 asks=20
2026-05-09 19:12:33,542 | INFO | SPREAD | pair=CHIP/USDC | cex=0.06583/0.06585 | dex_sell=0.0658314 dex_buy=0.0658483 | spread_a=-2.8bps spread_b=-2.8bps | min=30.0bps
2026-05-09 19:12:34,543 | INFO | fetch_order_book: symbol=CHIP/USDC limit=20
2026-05-09 19:12:34,826 | INFO | fetch_order_book: mid=0.06585 spread=6.07bps bids=20 asks=20
2026-05-09 19:12:35,742 | INFO | SPREAD | pair=CHIP/USDC | cex=0.06583/0.06587 | dex_sell=0.0658314 dex_buy=0.0658483 | spread_a=-5.9bps spread_b=-2.8bps | min=30.0bps
2026-05-09 19:12:36,746 | INFO | fetch_order_book: symbol=CHIP/USDC limit=20
2026-05-09 19:12:37,139 | INFO | fetch_order_book: mid=0.065855 spread=7.59bps bids=20 asks=20
2026-05-09 19:12:38,096 | INFO | SPREAD | pair=CHIP/USDC | cex=0.06583/0.06588 | dex_sell=0.0658314 dex_buy=0.0658483 | spread_a=-7.4bps spread_b=-2.8bps | min=30.0bps
2026-05-09 19:12:39,100 | INFO | fetch_order_book: symbol=CHIP/USDC limit=20
2026-05-09 19:12:39,359 | INFO | fetch_order_book: mid=0.065855 spread=7.59bps bids=20 asks=20
2026-05-09 19:12:40,367 | INFO | SPREAD | pair=CHIP/USDC | cex=0.06583/0.06588 | dex_sell=0.0658314 dex_buy=0.0658483 | spread_a=-7.4bps spread_b=-2.8bps | min=30.0bps
2026-05-09 19:12:41,370 | INFO | fetch_order_book: symbol=CHIP/USDC limit=20
2026-05-09 19:12:41,737 | INFO | fetch_order_book: mid=0.065855 spread=7.59bps bids=20 asks=20
2026-05-09 19:12:42,631 | INFO | SPREAD | pair=CHIP/USDC | cex=0.06583/0.06588 | dex_sell=0.0658314 dex_buy=0.0658483 | spread_a=-7.4bps spread_b=-2.8bps | min=30.0bps
2026-05-09 19:12:43,634 | INFO | fetch_order_book: symbol=CHIP/USDC limit=20
2026-05-09 19:12:43,896 | INFO | fetch_order_book: mid=0.065855 spread=7.59bps bids=20 asks=20
2026-05-09 19:12:44,801 | INFO | SPREAD | pair=CHIP/USDC | cex=0.06583/0.06588 | dex_sell=0.0658314 dex_buy=0.0658483 | spread_a=-7.4bps spread_b=-2.8bps | min=30.0bps
2026-05-09 19:12:45,805 | INFO | fetch_order_book: symbol=CHIP/USDC limit=20
2026-05-09 19:12:46,070 | INFO | fetch_order_book: mid=0.06585 spread=6.07bps bids=20 asks=20
2026-05-09 19:12:46,989 | INFO | SPREAD | pair=CHIP/USDC | cex=0.06583/0.06587 | dex_sell=0.0658314 dex_buy=0.0658483 | spread_a=-5.9bps spread_b=-2.8bps | min=30.0bps
2026-05-09 19:12:47,993 | INFO | fetch_order_book: symbol=CHIP/USDC limit=20
2026-05-09 19:12:48,304 | INFO | fetch_order_book: mid=0.065855 spread=7.59bps bids=20 asks=20
2026-05-09 19:12:49,316 | INFO | SPREAD | pair=CHIP/USDC | cex=0.06583/0.06588 | dex_sell=0.0658314 dex_buy=0.0658483 | spread_a=-7.4bps spread_b=-2.8bps | min=30.0bps
2026-05-09 19:12:50,319 | INFO | fetch_order_book: symbol=CHIP/USDC limit=20
2026-05-09 19:12:50,583 | INFO | fetch_order_book: mid=0.065855 spread=7.59bps bids=20 asks=20
2026-05-09 19:12:51,521 | INFO | SPREAD | pair=CHIP/USDC | cex=0.06583/0.06588 | dex_sell=0.0658314 dex_buy=0.0658483 | spread_a=-7.4bps spread_b=-2.8bps | min=30.0bps
2026-05-09 19:12:52,525 | INFO | fetch_order_book: symbol=CHIP/USDC limit=20
2026-05-09 19:12:52,782 | INFO | fetch_order_book: mid=0.065845 spread=7.59bps bids=20 asks=20
2026-05-09 19:12:53,670 | INFO | SPREAD | pair=CHIP/USDC | cex=0.06582/0.06587 | dex_sell=0.0658314 dex_buy=0.0658483 | spread_a=-5.9bps spread_b=-4.3bps | min=30.0bps
2026-05-09 19:12:54,673 | INFO | fetch_order_book: symbol=CHIP/USDC limit=20
2026-05-09 19:12:55,046 | INFO | fetch_order_book: mid=0.06585 spread=6.07bps bids=20 asks=20
2026-05-09 19:12:56,007 | INFO | SPREAD | pair=CHIP/USDC | cex=0.06583/0.06587 | dex_sell=0.0658314 dex_buy=0.0658483 | spread_a=-5.9bps spread_b=-2.8bps | min=30.0bps
2026-05-09 19:12:57,010 | INFO | fetch_order_book: symbol=CHIP/USDC limit=20
2026-05-09 19:12:57,270 | INFO | fetch_order_book: mid=0.065855 spread=7.59bps bids=20 asks=20
2026-05-09 19:12:58,187 | INFO | SPREAD | pair=CHIP/USDC | cex=0.06583/0.06588 | dex_sell=0.0658314 dex_buy=0.0658483 | spread_a=-7.4bps spread_b=-2.8bps | min=30.0bps
2026-05-09 19:12:59,192 | INFO | fetch_order_book: symbol=CHIP/USDC limit=20
2026-05-09 19:12:59,450 | INFO | fetch_order_book: mid=0.06588 spread=6.07bps bids=20 asks=20
2026-05-09 19:13:00,354 | INFO | SPREAD | pair=CHIP/USDC | cex=0.06586/0.0659 | dex_sell=0.0658575 dex_buy=0.0658744 | spread_a=-6.4bps spread_b=-2.2bps | min=30.0bps
2026-05-09 19:13:01,357 | INFO | fetch_order_book: symbol=CHIP/USDC limit=20
2026-05-09 19:13:01,621 | INFO | fetch_order_book: mid=0.06588 spread=6.07bps bids=20 asks=20
2026-05-09 19:13:02,604 | INFO | SPREAD | pair=CHIP/USDC | cex=0.06586/0.0659 | dex_sell=0.0658575 dex_buy=0.0658744 | spread_a=-6.4bps spread_b=-2.2bps | min=30.0bps
2026-05-09 19:13:03,608 | INFO | fetch_order_book: symbol=CHIP/USDC limit=20
2026-05-09 19:13:03,872 | INFO | fetch_order_book: mid=0.06588 spread=6.07bps bids=20 asks=20
2026-05-09 19:13:04,774 | INFO | SPREAD | pair=CHIP/USDC | cex=0.06586/0.0659 | dex_sell=0.0658575 dex_buy=0.0658744 | spread_a=-6.4bps spread_b=-2.2bps | min=30.0bps
2026-05-09 19:13:05,778 | INFO | fetch_order_book: symbol=CHIP/USDC limit=20
2026-05-09 19:13:06,208 | INFO | fetch_order_book: mid=0.06588 spread=6.07bps bids=20 asks=20
2026-05-09 19:13:07,113 | INFO | SPREAD | pair=CHIP/USDC | cex=0.06586/0.0659 | dex_sell=0.0658575 dex_buy=0.0658744 | spread_a=-6.4bps spread_b=-2.2bps | min=30.0bps
2026-05-09 19:13:08,116 | INFO | fetch_order_book: symbol=CHIP/USDC limit=20
2026-05-09 19:13:08,379 | INFO | fetch_order_book: mid=0.065925 spread=1.52bps bids=20 asks=20
2026-05-09 19:13:09,348 | INFO | SPREAD | pair=CHIP/USDC | cex=0.06592/0.06593 | dex_sell=0.0658575 dex_buy=0.0658744 | spread_a=-11.0bps spread_b=6.9bps | min=30.0bps
2026-05-09 19:13:10,352 | INFO | fetch_order_book: symbol=CHIP/USDC limit=20
2026-05-09 19:13:10,716 | INFO | fetch_order_book: mid=0.06592 spread=6.07bps bids=20 asks=20
2026-05-09 19:13:11,601 | INFO | SPREAD | pair=CHIP/USDC | cex=0.0659/0.06594 | dex_sell=0.0658876 dex_buy=0.0659045 | spread_a=-8.0bps spread_b=-0.7bps | min=30.0bps
2026-05-09 19:13:12,604 | INFO | fetch_order_book: symbol=CHIP/USDC limit=20
2026-05-09 19:13:12,872 | INFO | fetch_order_book: mid=0.065905 spread=7.59bps bids=20 asks=20
2026-05-09 19:13:13,792 | INFO | SPREAD | pair=CHIP/USDC | cex=0.06588/0.06593 | dex_sell=0.0658876 dex_buy=0.0659045 | spread_a=-6.4bps spread_b=-3.7bps | min=30.0bps
2026-05-09 19:13:14,795 | INFO | fetch_order_book: symbol=CHIP/USDC limit=20
2026-05-09 19:13:15,132 | INFO | fetch_order_book: mid=0.065905 spread=7.59bps bids=20 asks=20
2026-05-09 19:13:16,106 | INFO | SPREAD | pair=CHIP/USDC | cex=0.06588/0.06593 | dex_sell=0.0658876 dex_buy=0.0659045 | spread_a=-6.4bps spread_b=-3.7bps | min=30.0bps
2026-05-09 19:13:17,110 | INFO | fetch_order_book: symbol=CHIP/USDC limit=20
2026-05-09 19:13:17,367 | INFO | fetch_order_book: mid=0.065915 spread=7.59bps bids=20 asks=20
2026-05-09 19:13:18,305 | INFO | SPREAD | pair=CHIP/USDC | cex=0.06589/0.06594 | dex_sell=0.0658876 dex_buy=0.0659045 | spread_a=-8.0bps spread_b=-2.2bps | min=30.0bps
2026-05-09 19:13:19,308 | INFO | fetch_order_book: symbol=CHIP/USDC limit=20
2026-05-09 19:13:19,563 | INFO | fetch_order_book: mid=0.065915 spread=7.59bps bids=20 asks=20
2026-05-09 19:13:20,478 | INFO | SPREAD | pair=CHIP/USDC | cex=0.06589/0.06594 | dex_sell=0.0658876 dex_buy=0.0659045 | spread_a=-8.0bps spread_b=-2.2bps | min=30.0bps
2026-05-09 19:13:21,480 | INFO | fetch_order_book: symbol=CHIP/USDC limit=20
2026-05-09 19:13:21,740 | INFO | fetch_order_book: mid=0.065915 spread=7.59bps bids=20 asks=20
2026-05-09 19:13:22,654 | INFO | SPREAD | pair=CHIP/USDC | cex=0.06589/0.06594 | dex_sell=0.0658876 dex_buy=0.0659045 | spread_a=-8.0bps spread_b=-2.2bps | min=30.0bps
2026-05-09 19:13:23,657 | INFO | fetch_order_book: symbol=CHIP/USDC limit=20
2026-05-09 19:13:23,921 | INFO | fetch_order_book: mid=0.065915 spread=7.59bps bids=20 asks=20
2026-05-09 19:13:24,869 | INFO | SPREAD | pair=CHIP/USDC | cex=0.06589/0.06594 | dex_sell=0.0658876 dex_buy=0.0659045 | spread_a=-8.0bps spread_b=-2.2bps | min=30.0bps
2026-05-09 19:13:25,873 | INFO | fetch_order_book: symbol=CHIP/USDC limit=20
2026-05-09 19:13:26,225 | INFO | fetch_order_book: mid=0.065915 spread=7.59bps bids=20 asks=20
2026-05-09 19:13:27,168 | INFO | SPREAD | pair=CHIP/USDC | cex=0.06589/0.06594 | dex_sell=0.0658876 dex_buy=0.0659045 | spread_a=-8.0bps spread_b=-2.2bps | min=30.0bps
2026-05-09 19:13:28,171 | INFO | fetch_order_book: symbol=CHIP/USDC limit=20
2026-05-09 19:13:28,676 | INFO | fetch_order_book: mid=0.065915 spread=7.59bps bids=20 asks=20
2026-05-09 19:13:29,569 | INFO | SPREAD | pair=CHIP/USDC | cex=0.06589/0.06594 | dex_sell=0.0658876 dex_buy=0.0659045 | spread_a=-8.0bps spread_b=-2.2bps | min=30.0bps
2026-05-09 19:13:30,572 | INFO | fetch_order_book: symbol=CHIP/USDC limit=20
2026-05-09 19:13:30,833 | INFO | fetch_order_book: mid=0.065915 spread=7.59bps bids=20 asks=20
2026-05-09 19:13:31,728 | INFO | SPREAD | pair=CHIP/USDC | cex=0.06589/0.06594 | dex_sell=0.0658876 dex_buy=0.0659045 | spread_a=-8.0bps spread_b=-2.2bps | min=30.0bps
2026-05-09 19:13:32,732 | INFO | fetch_order_book: symbol=CHIP/USDC limit=20
2026-05-09 19:13:32,992 | INFO | fetch_order_book: mid=0.065915 spread=7.59bps bids=20 asks=20
2026-05-09 19:13:33,933 | INFO | SPREAD | pair=CHIP/USDC | cex=0.06589/0.06594 | dex_sell=0.0658876 dex_buy=0.0659045 | spread_a=-8.0bps spread_b=-2.2bps | min=30.0bps
2026-05-09 19:13:34,934 | INFO | fetch_order_book: symbol=CHIP/USDC limit=20
2026-05-09 19:13:35,200 | INFO | fetch_order_book: mid=0.065915 spread=7.59bps bids=20 asks=20
2026-05-09 19:13:36,107 | INFO | SPREAD | pair=CHIP/USDC | cex=0.06589/0.06594 | dex_sell=0.0658876 dex_buy=0.0659045 | spread_a=-8.0bps spread_b=-2.2bps | min=30.0bps
2026-05-09 19:13:37,111 | INFO | fetch_order_book: symbol=CHIP/USDC limit=20
2026-05-09 19:13:37,375 | INFO | fetch_order_book: mid=0.06593 spread=6.07bps bids=20 asks=20
2026-05-09 19:13:38,284 | INFO | SPREAD | pair=CHIP/USDC | cex=0.06591/0.06595 | dex_sell=0.0658876 dex_buy=0.0659045 | spread_a=-9.5bps spread_b=0.8bps | min=30.0bps
2026-05-09 19:13:39,286 | INFO | fetch_order_book: symbol=CHIP/USDC limit=20
2026-05-09 19:13:40,024 | INFO | fetch_order_book: mid=0.06593 spread=6.07bps bids=20 asks=20
2026-05-09 19:13:40,917 | INFO | SPREAD | pair=CHIP/USDC | cex=0.06591/0.06595 | dex_sell=0.0658876 dex_buy=0.0659045 | spread_a=-9.5bps spread_b=0.8bps | min=30.0bps
2026-05-09 19:13:41,921 | INFO | fetch_order_book: symbol=CHIP/USDC limit=20
2026-05-09 19:13:42,188 | INFO | fetch_order_book: mid=0.06593 spread=6.07bps bids=20 asks=20
2026-05-09 19:13:43,073 | INFO | SPREAD | pair=CHIP/USDC | cex=0.06591/0.06595 | dex_sell=0.0658876 dex_buy=0.0659045 | spread_a=-9.5bps spread_b=0.8bps | min=30.0bps
2026-05-09 19:13:44,077 | INFO | fetch_order_book: symbol=CHIP/USDC limit=20
2026-05-09 19:13:44,346 | INFO | fetch_order_book: mid=0.06593 spread=6.07bps bids=20 asks=20
2026-05-09 19:13:45,274 | INFO | SPREAD | pair=CHIP/USDC | cex=0.06591/0.06595 | dex_sell=0.0658876 dex_buy=0.0659045 | spread_a=-9.5bps spread_b=0.8bps | min=30.0bps
2026-05-09 19:13:46,277 | INFO | fetch_order_book: symbol=CHIP/USDC limit=20
2026-05-09 19:13:46,535 | INFO | fetch_order_book: mid=0.06593 spread=6.07bps bids=20 asks=20
2026-05-09 19:13:47,437 | INFO | SPREAD | pair=CHIP/USDC | cex=0.06591/0.06595 | dex_sell=0.0658876 dex_buy=0.0659045 | spread_a=-9.5bps spread_b=0.8bps | min=30.0bps
2026-05-09 19:13:48,441 | INFO | fetch_order_book: symbol=CHIP/USDC limit=20
2026-05-09 19:13:48,705 | INFO | fetch_order_book: mid=0.06593 spread=6.07bps bids=20 asks=20
2026-05-09 19:13:49,601 | INFO | SPREAD | pair=CHIP/USDC | cex=0.06591/0.06595 | dex_sell=0.0658876 dex_buy=0.0659045 | spread_a=-9.5bps spread_b=0.8bps | min=30.0bps
2026-05-09 19:13:50,603 | INFO | fetch_order_book: symbol=CHIP/USDC limit=20
2026-05-09 19:13:51,067 | INFO | fetch_order_book: mid=0.06593 spread=6.07bps bids=20 asks=20
2026-05-09 19:13:51,976 | INFO | SPREAD | pair=CHIP/USDC | cex=0.06591/0.06595 | dex_sell=0.0658876 dex_buy=0.0659045 | spread_a=-9.5bps spread_b=0.8bps | min=30.0bps
2026-05-09 19:13:52,980 | INFO | fetch_order_book: symbol=CHIP/USDC limit=20
2026-05-09 19:13:53,241 | INFO | fetch_order_book: mid=0.06593 spread=6.07bps bids=20 asks=20
2026-05-09 19:13:54,128 | INFO | SPREAD | pair=CHIP/USDC | cex=0.06591/0.06595 | dex_sell=0.0658876 dex_buy=0.0659045 | spread_a=-9.5bps spread_b=0.8bps | min=30.0bps
2026-05-09 19:13:55,131 | INFO | fetch_order_book: symbol=CHIP/USDC limit=20
2026-05-09 19:13:55,393 | INFO | fetch_order_book: mid=0.06593 spread=6.07bps bids=20 asks=20
2026-05-09 19:13:56,345 | INFO | SPREAD | pair=CHIP/USDC | cex=0.06591/0.06595 | dex_sell=0.0658876 dex_buy=0.0659045 | spread_a=-9.5bps spread_b=0.8bps | min=30.0bps
2026-05-09 19:13:57,349 | INFO | fetch_order_book: symbol=CHIP/USDC limit=20
2026-05-09 19:13:57,721 | INFO | fetch_order_book: mid=0.06593 spread=6.07bps bids=20 asks=20
2026-05-09 19:13:58,655 | INFO | SPREAD | pair=CHIP/USDC | cex=0.06591/0.06595 | dex_sell=0.0658876 dex_buy=0.0659045 | spread_a=-9.5bps spread_b=0.8bps | min=30.0bps
2026-05-09 19:13:59,658 | INFO | fetch_order_book: symbol=CHIP/USDC limit=20
2026-05-09 19:13:59,916 | INFO | fetch_order_book: mid=0.06593 spread=6.07bps bids=20 asks=20
2026-05-09 19:14:00,849 | INFO | SPREAD | pair=CHIP/USDC | cex=0.06591/0.06595 | dex_sell=0.0658876 dex_buy=0.0659045 | spread_a=-9.5bps spread_b=0.8bps | min=30.0bps
2026-05-09 19:14:01,852 | INFO | fetch_order_book: symbol=CHIP/USDC limit=20
2026-05-09 19:14:02,147 | INFO | fetch_order_book: mid=0.06597 spread=3.03bps bids=20 asks=20
2026-05-09 19:14:03,061 | INFO | SPREAD | pair=CHIP/USDC | cex=0.06596/0.06598 | dex_sell=0.0659374 dex_buy=0.0659544 | spread_a=-6.5bps spread_b=0.9bps | min=30.0bps
2026-05-09 19:14:04,064 | INFO | fetch_order_book: symbol=CHIP/USDC limit=20
2026-05-09 19:14:04,347 | INFO | fetch_order_book: mid=0.065965 spread=4.55bps bids=20 asks=20
2026-05-09 19:14:05,259 | INFO | SPREAD | pair=CHIP/USDC | cex=0.06595/0.06598 | dex_sell=0.0659374 dex_buy=0.0659544 | spread_a=-6.5bps spread_b=-0.7bps | min=30.0bps
2026-05-09 19:14:06,263 | INFO | fetch_order_book: symbol=CHIP/USDC limit=20
2026-05-09 19:14:06,538 | INFO | fetch_order_book: mid=0.065965 spread=4.55bps bids=20 asks=20
2026-05-09 19:14:07,437 | INFO | SPREAD | pair=CHIP/USDC | cex=0.06595/0.06598 | dex_sell=0.0659374 dex_buy=0.0659544 | spread_a=-6.5bps spread_b=-0.7bps | min=30.0bps
2026-05-09 19:14:08,440 | INFO | fetch_order_book: symbol=CHIP/USDC limit=20
2026-05-09 19:14:08,781 | INFO | fetch_order_book: mid=0.065965 spread=4.55bps bids=20 asks=20
2026-05-09 19:14:09,768 | INFO | SPREAD | pair=CHIP/USDC | cex=0.06595/0.06598 | dex_sell=0.0659374 dex_buy=0.0659544 | spread_a=-6.5bps spread_b=-0.7bps | min=30.0bps
2026-05-09 19:14:10,771 | INFO | fetch_order_book: symbol=CHIP/USDC limit=20
2026-05-09 19:14:11,258 | INFO | fetch_order_book: mid=0.06597 spread=3.03bps bids=20 asks=20
2026-05-09 19:14:12,231 | INFO | SPREAD | pair=CHIP/USDC | cex=0.06596/0.06598 | dex_sell=0.0659374 dex_buy=0.0659544 | spread_a=-6.5bps spread_b=0.9bps | min=30.0bps
2026-05-09 19:14:13,234 | INFO | fetch_order_book: symbol=CHIP/USDC limit=20
2026-05-09 19:14:13,619 | INFO | fetch_order_book: mid=0.06597 spread=3.03bps bids=20 asks=20
2026-05-09 19:14:14,521 | INFO | SPREAD | pair=CHIP/USDC | cex=0.06596/0.06598 | dex_sell=0.0659374 dex_buy=0.0659544 | spread_a=-6.5bps spread_b=0.9bps | min=30.0bps
2026-05-09 19:14:15,524 | INFO | fetch_order_book: symbol=CHIP/USDC limit=20
2026-05-09 19:14:15,859 | INFO | fetch_order_book: mid=0.065965 spread=4.55bps bids=20 asks=20
2026-05-09 19:14:16,776 | INFO | SPREAD | pair=CHIP/USDC | cex=0.06595/0.06598 | dex_sell=0.0659374 dex_buy=0.0659544 | spread_a=-6.5bps spread_b=-0.7bps | min=30.0bps
2026-05-09 19:14:17,779 | INFO | fetch_order_book: symbol=CHIP/USDC limit=20
2026-05-09 19:14:18,303 | INFO | fetch_order_book: mid=0.06596 spread=6.06bps bids=20 asks=20
2026-05-09 19:14:19,190 | INFO | SPREAD | pair=CHIP/USDC | cex=0.06594/0.06598 | dex_sell=0.0659374 dex_buy=0.0659544 | spread_a=-6.5bps spread_b=-2.2bps | min=30.0bps
2026-05-09 19:14:20,193 | INFO | fetch_order_book: symbol=CHIP/USDC limit=20
2026-05-09 19:14:20,458 | INFO | fetch_order_book: mid=0.06594 spread=6.07bps bids=20 asks=20
2026-05-09 19:14:21,554 | INFO | SPREAD | pair=CHIP/USDC | cex=0.06592/0.06596 | dex_sell=0.0659374 dex_buy=0.0659544 | spread_a=-3.4bps spread_b=-5.2bps | min=30.0bps
2026-05-09 19:14:22,557 | INFO | fetch_order_book: symbol=CHIP/USDC limit=20
2026-05-09 19:14:22,820 | INFO | fetch_order_book: mid=0.06594 spread=6.07bps bids=20 asks=20
2026-05-09 19:14:23,756 | INFO | SPREAD | pair=CHIP/USDC | cex=0.06592/0.06596 | dex_sell=0.0659374 dex_buy=0.0659544 | spread_a=-3.4bps spread_b=-5.2bps | min=30.0bps
2026-05-09 19:14:24,760 | INFO | fetch_order_book: symbol=CHIP/USDC limit=20
2026-05-09 19:14:25,084 | INFO | fetch_order_book: mid=0.06594 spread=6.07bps bids=20 asks=20
2026-05-09 19:14:26,063 | INFO | SPREAD | pair=CHIP/USDC | cex=0.06592/0.06596 | dex_sell=0.0659374 dex_buy=0.0659544 | spread_a=-3.4bps spread_b=-5.2bps | min=30.0bps
2026-05-09 19:14:27,066 | INFO | fetch_order_book: symbol=CHIP/USDC limit=20
2026-05-09 19:14:27,808 | INFO | fetch_order_book: mid=0.06594 spread=6.07bps bids=20 asks=20
2026-05-09 19:14:28,757 | INFO | SPREAD | pair=CHIP/USDC | cex=0.06592/0.06596 | dex_sell=0.0659374 dex_buy=0.0659544 | spread_a=-3.4bps spread_b=-5.2bps | min=30.0bps
2026-05-09 19:14:29,760 | INFO | fetch_order_book: symbol=CHIP/USDC limit=20
2026-05-09 19:14:30,244 | INFO | fetch_order_book: mid=0.06593 spread=3.03bps bids=20 asks=20
2026-05-09 19:14:31,199 | INFO | SPREAD | pair=CHIP/USDC | cex=0.06592/0.06594 | dex_sell=0.0659374 dex_buy=0.0659544 | spread_a=-0.4bps spread_b=-5.2bps | min=30.0bps
2026-05-09 19:14:32,200 | INFO | fetch_order_book: symbol=CHIP/USDC limit=20
2026-05-09 19:14:32,636 | INFO | fetch_order_book: mid=0.06593 spread=3.03bps bids=20 asks=20
2026-05-09 19:14:33,551 | INFO | SPREAD | pair=CHIP/USDC | cex=0.06592/0.06594 | dex_sell=0.0659215 dex_buy=0.0659385 | spread_a=-2.8bps spread_b=-2.8bps | min=30.0bps
2026-05-09 19:14:34,554 | INFO | fetch_order_book: symbol=CHIP/USDC limit=20
2026-05-09 19:14:34,810 | INFO | fetch_order_book: mid=0.065925 spread=1.52bps bids=20 asks=20
2026-05-09 19:14:35,702 | INFO | SPREAD | pair=CHIP/USDC | cex=0.06592/0.06593 | dex_sell=0.0659215 dex_buy=0.0659385 | spread_a=-1.3bps spread_b=-2.8bps | min=30.0bps
2026-05-09 19:14:36,705 | INFO | fetch_order_book: symbol=CHIP/USDC limit=20
2026-05-09 19:14:36,962 | INFO | fetch_order_book: mid=0.065895 spread=4.55bps bids=20 asks=20
2026-05-09 19:14:37,866 | INFO | SPREAD | pair=CHIP/USDC | cex=0.06588/0.06591 | dex_sell=0.0658808 dex_buy=0.0658977 | spread_a=-4.4bps spread_b=-2.7bps | min=30.0bps
2026-05-09 19:14:38,869 | INFO | fetch_order_book: symbol=CHIP/USDC limit=20
2026-05-09 19:14:39,127 | INFO | fetch_order_book: mid=0.065875 spread=4.55bps bids=20 asks=20
2026-05-09 19:14:40,059 | INFO | SPREAD | pair=CHIP/USDC | cex=0.06586/0.06589 | dex_sell=0.0658808 dex_buy=0.0658977 | spread_a=-1.4bps spread_b=-5.7bps | min=30.0bps
2026-05-09 19:14:41,063 | INFO | fetch_order_book: symbol=CHIP/USDC limit=20
2026-05-09 19:14:41,445 | INFO | fetch_order_book: mid=0.065875 spread=4.55bps bids=20 asks=20
2026-05-09 19:14:42,358 | INFO | SPREAD | pair=CHIP/USDC | cex=0.06586/0.06589 | dex_sell=0.0658808 dex_buy=0.0658977 | spread_a=-1.4bps spread_b=-5.7bps | min=30.0bps
2026-05-09 19:14:43,362 | INFO | fetch_order_book: symbol=CHIP/USDC limit=20
2026-05-09 19:14:43,623 | INFO | fetch_order_book: mid=0.065875 spread=4.55bps bids=20 asks=20
2026-05-09 19:14:44,555 | INFO | SPREAD | pair=CHIP/USDC | cex=0.06586/0.06589 | dex_sell=0.0658808 dex_buy=0.0658977 | spread_a=-1.4bps spread_b=-5.7bps | min=30.0bps
2026-05-09 19:14:45,558 | INFO | fetch_order_book: symbol=CHIP/USDC limit=20
2026-05-09 19:14:45,866 | INFO | fetch_order_book: mid=0.065905 spread=4.55bps bids=20 asks=20
2026-05-09 19:14:46,829 | INFO | SPREAD | pair=CHIP/USDC | cex=0.06589/0.06592 | dex_sell=0.0658808 dex_buy=0.0658977 | spread_a=-5.9bps spread_b=-1.2bps | min=30.0bps
2026-05-09 19:14:47,833 | INFO | fetch_order_book: symbol=CHIP/USDC limit=20
2026-05-09 19:14:48,207 | INFO | fetch_order_book: mid=0.06591 spread=6.07bps bids=20 asks=20
2026-05-09 19:14:49,117 | INFO | SPREAD | pair=CHIP/USDC | cex=0.06589/0.06593 | dex_sell=0.0658808 dex_buy=0.0658977 | spread_a=-7.5bps spread_b=-1.2bps | min=30.0bps
2026-05-09 19:14:50,120 | INFO | fetch_order_book: symbol=CHIP/USDC limit=20
2026-05-09 19:14:50,455 | INFO | fetch_order_book: mid=0.065905 spread=4.55bps bids=20 asks=20
2026-05-09 19:14:51,374 | INFO | SPREAD | pair=CHIP/USDC | cex=0.06589/0.06592 | dex_sell=0.0658808 dex_buy=0.0658977 | spread_a=-5.9bps spread_b=-1.2bps | min=30.0bps
2026-05-09 19:14:52,377 | INFO | fetch_order_book: symbol=CHIP/USDC limit=20
2026-05-09 19:14:52,705 | INFO | fetch_order_book: mid=0.065905 spread=4.55bps bids=20 asks=20
2026-05-09 19:14:53,637 | INFO | SPREAD | pair=CHIP/USDC | cex=0.06589/0.06592 | dex_sell=0.0658808 dex_buy=0.0658977 | spread_a=-5.9bps spread_b=-1.2bps | min=30.0bps
2026-05-09 19:14:54,640 | INFO | fetch_order_book: symbol=CHIP/USDC limit=20
2026-05-09 19:14:54,900 | INFO | fetch_order_book: mid=0.065905 spread=4.55bps bids=20 asks=20
2026-05-09 19:14:55,827 | INFO | SPREAD | pair=CHIP/USDC | cex=0.06589/0.06592 | dex_sell=0.0658808 dex_buy=0.0658977 | spread_a=-5.9bps spread_b=-1.2bps | min=30.0bps
2026-05-09 19:14:56,830 | INFO | fetch_order_book: symbol=CHIP/USDC limit=20
2026-05-09 19:14:57,134 | INFO | fetch_order_book: mid=0.06590 spread=6.07bps bids=20 asks=20
2026-05-09 19:14:58,081 | INFO | SPREAD | pair=CHIP/USDC | cex=0.06588/0.06592 | dex_sell=0.0658808 dex_buy=0.0658977 | spread_a=-5.9bps spread_b=-2.7bps | min=30.0bps
2026-05-09 19:14:59,085 | INFO | fetch_order_book: symbol=CHIP/USDC limit=20
2026-05-09 19:14:59,344 | INFO | fetch_order_book: mid=0.06590 spread=6.07bps bids=20 asks=20
2026-05-09 19:15:00,231 | INFO | SPREAD | pair=CHIP/USDC | cex=0.06588/0.06592 | dex_sell=0.0658808 dex_buy=0.0658977 | spread_a=-5.9bps spread_b=-2.7bps | min=30.0bps
2026-05-09 19:15:01,235 | INFO | fetch_order_book: symbol=CHIP/USDC limit=20
2026-05-09 19:15:01,615 | INFO | fetch_order_book: mid=0.06589 spread=3.04bps bids=20 asks=20
2026-05-09 19:15:02,559 | INFO | SPREAD | pair=CHIP/USDC | cex=0.06588/0.0659 | dex_sell=0.0658808 dex_buy=0.0658977 | spread_a=-2.9bps spread_b=-2.7bps | min=30.0bps
2026-05-09 19:15:03,561 | INFO | fetch_order_book: symbol=CHIP/USDC limit=20
2026-05-09 19:15:03,871 | INFO | fetch_order_book: mid=0.065885 spread=1.52bps bids=20 asks=20
2026-05-09 19:15:04,833 | INFO | SPREAD | pair=CHIP/USDC | cex=0.06588/0.06589 | dex_sell=0.0658808 dex_buy=0.0658977 | spread_a=-1.4bps spread_b=-2.7bps | min=30.0bps
2026-05-09 19:15:05,837 | INFO | fetch_order_book: symbol=CHIP/USDC limit=20
2026-05-09 19:15:06,115 | INFO | fetch_order_book: mid=0.065885 spread=1.52bps bids=20 asks=20
2026-05-09 19:15:07,023 | INFO | SPREAD | pair=CHIP/USDC | cex=0.06588/0.06589 | dex_sell=0.0658808 dex_buy=0.0658977 | spread_a=-1.4bps spread_b=-2.7bps | min=30.0bps
2026-05-09 19:15:08,026 | INFO | fetch_order_book: symbol=CHIP/USDC limit=20
2026-05-09 19:15:08,428 | INFO | fetch_order_book: mid=0.065885 spread=1.52bps bids=20 asks=20
2026-05-09 19:15:09,367 | INFO | SPREAD | pair=CHIP/USDC | cex=0.06588/0.06589 | dex_sell=0.0658808 dex_buy=0.0658977 | spread_a=-1.4bps spread_b=-2.7bps | min=30.0bps
2026-05-09 19:15:10,371 | INFO | fetch_order_book: symbol=CHIP/USDC limit=20
2026-05-09 19:15:10,732 | INFO | fetch_order_book: mid=0.065885 spread=1.52bps bids=20 asks=20
2026-05-09 19:15:11,674 | INFO | SPREAD | pair=CHIP/USDC | cex=0.06588/0.06589 | dex_sell=0.0658808 dex_buy=0.0658977 | spread_a=-1.4bps spread_b=-2.7bps | min=30.0bps
2026-05-09 19:15:12,678 | INFO | fetch_order_book: symbol=CHIP/USDC limit=20
2026-05-09 19:15:12,956 | INFO | fetch_order_book: mid=0.06589 spread=3.04bps bids=20 asks=20
2026-05-09 19:15:13,877 | INFO | SPREAD | pair=CHIP/USDC | cex=0.06588/0.0659 | dex_sell=0.0658808 dex_buy=0.0658977 | spread_a=-2.9bps spread_b=-2.7bps | min=30.0bps
2026-05-09 19:15:14,880 | INFO | fetch_order_book: symbol=CHIP/USDC limit=20
2026-05-09 19:15:15,140 | INFO | fetch_order_book: mid=0.065865 spread=1.52bps bids=20 asks=20
2026-05-09 19:15:16,055 | INFO | SPREAD | pair=CHIP/USDC | cex=0.06586/0.06587 | dex_sell=0.0658508 dex_buy=0.0658677 | spread_a=-2.9bps spread_b=-1.2bps | min=30.0bps
2026-05-09 19:15:17,059 | INFO | fetch_order_book: symbol=CHIP/USDC limit=20
2026-05-09 19:15:17,329 | INFO | fetch_order_book: mid=0.06589 spread=6.07bps bids=20 asks=20
2026-05-09 19:15:18,240 | INFO | SPREAD | pair=CHIP/USDC | cex=0.06587/0.06591 | dex_sell=0.0658508 dex_buy=0.0658677 | spread_a=-9.0bps spread_b=0.3bps | min=30.0bps
2026-05-09 19:15:19,244 | INFO | fetch_order_book: symbol=CHIP/USDC limit=20
2026-05-09 19:15:19,507 | INFO | fetch_order_book: mid=0.065895 spread=7.59bps bids=20 asks=20
2026-05-09 19:15:20,415 | INFO | SPREAD | pair=CHIP/USDC | cex=0.06587/0.06592 | dex_sell=0.0658508 dex_buy=0.0658677 | spread_a=-10.5bps spread_b=0.3bps | min=30.0bps
2026-05-09 19:15:21,418 | INFO | fetch_order_book: symbol=CHIP/USDC limit=20
2026-05-09 19:15:21,687 | INFO | fetch_order_book: mid=0.065895 spread=7.59bps bids=20 asks=20
2026-05-09 19:15:22,766 | INFO | SPREAD | pair=CHIP/USDC | cex=0.06587/0.06592 | dex_sell=0.0658508 dex_buy=0.0658677 | spread_a=-10.5bps spread_b=0.3bps | min=30.0bps
2026-05-09 19:15:23,770 | INFO | fetch_order_book: symbol=CHIP/USDC limit=20
2026-05-09 19:15:24,036 | INFO | fetch_order_book: mid=0.065895 spread=7.59bps bids=20 asks=20
2026-05-09 19:15:24,941 | INFO | SPREAD | pair=CHIP/USDC | cex=0.06587/0.06592 | dex_sell=0.0658508 dex_buy=0.0658677 | spread_a=-10.5bps spread_b=0.3bps | min=30.0bps
2026-05-09 19:15:25,945 | INFO | fetch_order_book: symbol=CHIP/USDC limit=20
2026-05-09 19:15:26,201 | INFO | fetch_order_book: mid=0.065895 spread=7.59bps bids=20 asks=20
2026-05-09 19:15:27,115 | INFO | SPREAD | pair=CHIP/USDC | cex=0.06587/0.06592 | dex_sell=0.0658508 dex_buy=0.0658677 | spread_a=-10.5bps spread_b=0.3bps | min=30.0bps
2026-05-09 19:15:28,118 | INFO | fetch_order_book: symbol=CHIP/USDC limit=20
2026-05-09 19:15:28,382 | INFO | fetch_order_book: mid=0.065905 spread=4.55bps bids=20 asks=20
2026-05-09 19:15:29,280 | INFO | SPREAD | pair=CHIP/USDC | cex=0.06589/0.06592 | dex_sell=0.0658769 dex_buy=0.0658939 | spread_a=-6.5bps spread_b=-0.6bps | min=30.0bps
2026-05-09 19:15:30,283 | INFO | fetch_order_book: symbol=CHIP/USDC limit=20
2026-05-09 19:15:30,545 | INFO | fetch_order_book: mid=0.065905 spread=4.55bps bids=20 asks=20
2026-05-09 19:15:31,472 | INFO | SPREAD | pair=CHIP/USDC | cex=0.06589/0.06592 | dex_sell=0.0658769 dex_buy=0.0658939 | spread_a=-6.5bps spread_b=-0.6bps | min=30.0bps
2026-05-09 19:15:32,474 | INFO | fetch_order_book: symbol=CHIP/USDC limit=20
2026-05-09 19:15:32,740 | INFO | fetch_order_book: mid=0.065905 spread=4.55bps bids=20 asks=20
2026-05-09 19:15:33,647 | INFO | SPREAD | pair=CHIP/USDC | cex=0.06589/0.06592 | dex_sell=0.0658769 dex_buy=0.0658939 | spread_a=-6.5bps spread_b=-0.6bps | min=30.0bps
2026-05-09 19:15:34,651 | INFO | fetch_order_book: symbol=CHIP/USDC limit=20
2026-05-09 19:15:35,000 | INFO | fetch_order_book: mid=0.06591 spread=3.03bps bids=20 asks=20
2026-05-09 19:15:35,939 | INFO | SPREAD | pair=CHIP/USDC | cex=0.0659/0.06592 | dex_sell=0.0658769 dex_buy=0.0658939 | spread_a=-6.5bps spread_b=0.9bps | min=30.0bps
2026-05-09 19:15:36,943 | INFO | fetch_order_book: symbol=CHIP/USDC limit=20
2026-05-09 19:15:37,201 | INFO | fetch_order_book: mid=0.06591 spread=3.03bps bids=20 asks=20
2026-05-09 19:15:38,093 | INFO | SPREAD | pair=CHIP/USDC | cex=0.0659/0.06592 | dex_sell=0.0658769 dex_buy=0.0658939 | spread_a=-6.5bps spread_b=0.9bps | min=30.0bps
2026-05-09 19:15:39,097 | INFO | fetch_order_book: symbol=CHIP/USDC limit=20
2026-05-09 19:15:39,356 | INFO | fetch_order_book: mid=0.06593 spread=3.03bps bids=20 asks=20
2026-05-09 19:15:40,254 | INFO | SPREAD | pair=CHIP/USDC | cex=0.06592/0.06594 | dex_sell=0.065907 dex_buy=0.0659239 | spread_a=-5.0bps spread_b=-0.6bps | min=30.0bps
2026-05-09 19:15:41,257 | INFO | fetch_order_book: symbol=CHIP/USDC limit=20
2026-05-09 19:15:41,521 | INFO | fetch_order_book: mid=0.06595 spread=3.03bps bids=20 asks=20
2026-05-09 19:15:42,453 | INFO | SPREAD | pair=CHIP/USDC | cex=0.06594/0.06596 | dex_sell=0.065937 dex_buy=0.065954 | spread_a=-3.5bps spread_b=-2.1bps | min=30.0bps
2026-05-09 19:15:43,457 | INFO | fetch_order_book: symbol=CHIP/USDC limit=20
2026-05-09 19:15:43,714 | INFO | fetch_order_book: mid=0.06594 spread=6.07bps bids=20 asks=20
2026-05-09 19:15:44,616 | INFO | SPREAD | pair=CHIP/USDC | cex=0.06592/0.06596 | dex_sell=0.065937 dex_buy=0.065954 | spread_a=-3.5bps spread_b=-5.2bps | min=30.0bps
2026-05-09 19:15:45,619 | INFO | fetch_order_book: symbol=CHIP/USDC limit=20
2026-05-09 19:15:45,884 | INFO | fetch_order_book: mid=0.065935 spread=7.58bps bids=20 asks=20
2026-05-09 19:15:46,815 | INFO | SPREAD | pair=CHIP/USDC | cex=0.06591/0.06596 | dex_sell=0.065937 dex_buy=0.065954 | spread_a=-3.5bps spread_b=-6.7bps | min=30.0bps
2026-05-09 19:15:47,818 | INFO | fetch_order_book: symbol=CHIP/USDC limit=20
2026-05-09 19:15:48,081 | INFO | fetch_order_book: mid=0.06593 spread=6.07bps bids=20 asks=20
2026-05-09 19:15:49,039 | INFO | SPREAD | pair=CHIP/USDC | cex=0.06591/0.06595 | dex_sell=0.065937 dex_buy=0.065954 | spread_a=-2.0bps spread_b=-6.7bps | min=30.0bps
2026-05-09 19:15:50,042 | INFO | fetch_order_book: symbol=CHIP/USDC limit=20
2026-05-09 19:15:50,300 | INFO | fetch_order_book: mid=0.065945 spread=4.55bps bids=20 asks=20
2026-05-09 19:15:51,189 | INFO | SPREAD | pair=CHIP/USDC | cex=0.06593/0.06596 | dex_sell=0.065937 dex_buy=0.065954 | spread_a=-3.5bps spread_b=-3.6bps | min=30.0bps
2026-05-09 19:15:52,192 | INFO | fetch_order_book: symbol=CHIP/USDC limit=20
2026-05-09 19:15:52,449 | INFO | fetch_order_book: mid=0.06597 spread=3.03bps bids=20 asks=20
2026-05-09 19:15:53,347 | INFO | SPREAD | pair=CHIP/USDC | cex=0.06596/0.06598 | dex_sell=0.065937 dex_buy=0.065954 | spread_a=-6.5bps spread_b=0.9bps | min=30.0bps
2026-05-09 19:15:54,349 | INFO | fetch_order_book: symbol=CHIP/USDC limit=20
2026-05-09 19:15:54,666 | INFO | fetch_order_book: mid=0.06595 spread=6.07bps bids=20 asks=20
2026-05-09 19:15:55,620 | INFO | SPREAD | pair=CHIP/USDC | cex=0.06593/0.06597 | dex_sell=0.065937 dex_buy=0.065954 | spread_a=-5.0bps spread_b=-3.6bps | min=30.0bps
2026-05-09 19:15:56,623 | INFO | fetch_order_book: symbol=CHIP/USDC limit=20
2026-05-09 19:15:57,022 | INFO | fetch_order_book: mid=0.06595 spread=6.07bps bids=20 asks=20
2026-05-09 19:15:57,929 | INFO | SPREAD | pair=CHIP/USDC | cex=0.06593/0.06597 | dex_sell=0.065937 dex_buy=0.065954 | spread_a=-5.0bps spread_b=-3.6bps | min=30.0bps
2026-05-09 19:15:58,933 | INFO | fetch_order_book: symbol=CHIP/USDC limit=20
2026-05-09 19:15:59,483 | INFO | fetch_order_book: mid=0.06595 spread=6.07bps bids=20 asks=20
2026-05-09 19:16:00,406 | INFO | SPREAD | pair=CHIP/USDC | cex=0.06593/0.06597 | dex_sell=0.065937 dex_buy=0.065954 | spread_a=-5.0bps spread_b=-3.6bps | min=30.0bps
2026-05-09 19:16:01,408 | INFO | fetch_order_book: symbol=CHIP/USDC limit=20
2026-05-09 19:16:01,705 | INFO | fetch_order_book: mid=0.06595 spread=6.07bps bids=20 asks=20
2026-05-09 19:16:02,605 | INFO | SPREAD | pair=CHIP/USDC | cex=0.06593/0.06597 | dex_sell=0.065937 dex_buy=0.065954 | spread_a=-5.0bps spread_b=-3.6bps | min=30.0bps
2026-05-09 19:16:03,608 | INFO | fetch_order_book: symbol=CHIP/USDC limit=20
2026-05-09 19:16:03,874 | INFO | fetch_order_book: mid=0.065955 spread=7.58bps bids=20 asks=20
2026-05-09 19:16:04,802 | INFO | SPREAD | pair=CHIP/USDC | cex=0.06593/0.06598 | dex_sell=0.065937 dex_buy=0.065954 | spread_a=-6.5bps spread_b=-3.6bps | min=30.0bps
2026-05-09 19:16:05,805 | INFO | fetch_order_book: symbol=CHIP/USDC limit=20
2026-05-09 19:16:06,231 | INFO | fetch_order_book: mid=0.065955 spread=7.58bps bids=20 asks=20
2026-05-09 19:16:07,135 | INFO | SPREAD | pair=CHIP/USDC | cex=0.06593/0.06598 | dex_sell=0.065937 dex_buy=0.065954 | spread_a=-6.5bps spread_b=-3.6bps | min=30.0bps
2026-05-09 19:16:08,137 | INFO | fetch_order_book: symbol=CHIP/USDC limit=20
2026-05-09 19:16:08,400 | INFO | fetch_order_book: mid=0.06592 spread=6.07bps bids=20 asks=20
2026-05-09 19:16:09,356 | INFO | SPREAD | pair=CHIP/USDC | cex=0.0659/0.06594 | dex_sell=0.0659106 dex_buy=0.0659276 | spread_a=-4.5bps spread_b=-4.2bps | min=30.0bps
2026-05-09 19:16:10,359 | INFO | fetch_order_book: symbol=CHIP/USDC limit=20
2026-05-09 19:16:10,734 | INFO | fetch_order_book: mid=0.065925 spread=4.55bps bids=20 asks=20
2026-05-09 19:16:11,666 | INFO | SPREAD | pair=CHIP/USDC | cex=0.06591/0.06594 | dex_sell=0.0659106 dex_buy=0.0659276 | spread_a=-4.5bps spread_b=-2.7bps | min=30.0bps
2026-05-09 19:16:12,669 | INFO | fetch_order_book: symbol=CHIP/USDC limit=20
2026-05-09 19:16:12,969 | INFO | fetch_order_book: mid=0.065925 spread=4.55bps bids=20 asks=20
2026-05-09 19:16:13,904 | INFO | SPREAD | pair=CHIP/USDC | cex=0.06591/0.06594 | dex_sell=0.0659106 dex_buy=0.0659276 | spread_a=-4.5bps spread_b=-2.7bps | min=30.0bps
2026-05-09 19:16:14,908 | INFO | fetch_order_book: symbol=CHIP/USDC limit=20
2026-05-09 19:16:15,239 | INFO | fetch_order_book: mid=0.065905 spread=1.52bps bids=20 asks=20
2026-05-09 19:16:16,172 | INFO | SPREAD | pair=CHIP/USDC | cex=0.0659/0.06591 | dex_sell=0.0658806 dex_buy=0.0658975 | spread_a=-4.5bps spread_b=0.4bps | min=30.0bps
2026-05-09 19:16:17,175 | INFO | fetch_order_book: symbol=CHIP/USDC limit=20
2026-05-09 19:16:17,439 | INFO | fetch_order_book: mid=0.065855 spread=4.56bps bids=20 asks=20
2026-05-09 19:16:18,353 | INFO | SPREAD | pair=CHIP/USDC | cex=0.06584/0.06587 | dex_sell=0.0658806 dex_buy=0.0658678 | spread_a=1.6bps spread_b=-4.2bps | min=30.0bps
2026-05-09 19:16:19,357 | INFO | fetch_order_book: symbol=CHIP/USDC limit=20
2026-05-09 19:16:19,621 | INFO | fetch_order_book: mid=0.06585 spread=3.04bps bids=20 asks=20
2026-05-09 19:16:20,627 | INFO | SPREAD | pair=CHIP/USDC | cex=0.06584/0.06586 | dex_sell=0.0658209 dex_buy=0.0658379 | spread_a=-5.9bps spread_b=0.3bps | min=30.0bps
2026-05-09 19:16:21,631 | INFO | fetch_order_book: symbol=CHIP/USDC limit=20
2026-05-09 19:16:21,899 | INFO | fetch_order_book: mid=0.06585 spread=3.04bps bids=20 asks=20
2026-05-09 19:16:22,813 | INFO | SPREAD | pair=CHIP/USDC | cex=0.06584/0.06586 | dex_sell=0.0658209 dex_buy=0.0658379 | spread_a=-5.9bps spread_b=0.3bps | min=30.0bps
2026-05-09 19:16:23,817 | INFO | fetch_order_book: symbol=CHIP/USDC limit=20
2026-05-09 19:16:24,080 | INFO | fetch_order_book: mid=0.06585 spread=3.04bps bids=20 asks=20
2026-05-09 19:16:24,979 | INFO | SPREAD | pair=CHIP/USDC | cex=0.06584/0.06586 | dex_sell=0.0658209 dex_buy=0.0658379 | spread_a=-5.9bps spread_b=0.3bps | min=30.0bps
2026-05-09 19:16:25,982 | INFO | fetch_order_book: symbol=CHIP/USDC limit=20
2026-05-09 19:16:26,304 | INFO | fetch_order_book: mid=0.065845 spread=1.52bps bids=20 asks=20
2026-05-09 19:16:27,226 | INFO | SPREAD | pair=CHIP/USDC | cex=0.06584/0.06585 | dex_sell=0.0658209 dex_buy=0.0658379 | spread_a=-4.4bps spread_b=0.3bps | min=30.0bps
2026-05-09 19:16:28,231 | INFO | fetch_order_book: symbol=CHIP/USDC limit=20
2026-05-09 19:16:28,564 | INFO | fetch_order_book: mid=0.065845 spread=1.52bps bids=20 asks=20
2026-05-09 19:16:29,475 | INFO | SPREAD | pair=CHIP/USDC | cex=0.06584/0.06585 | dex_sell=0.0658209 dex_buy=0.0658379 | spread_a=-4.4bps spread_b=0.3bps | min=30.0bps
2026-05-09 19:16:30,478 | INFO | fetch_order_book: symbol=CHIP/USDC limit=20
2026-05-09 19:16:30,859 | INFO | fetch_order_book: mid=0.06585 spread=3.04bps bids=20 asks=20
2026-05-09 19:16:31,788 | INFO | SPREAD | pair=CHIP/USDC | cex=0.06584/0.06586 | dex_sell=0.0658209 dex_buy=0.0658379 | spread_a=-5.9bps spread_b=0.3bps | min=30.0bps
2026-05-09 19:16:32,791 | INFO | fetch_order_book: symbol=CHIP/USDC limit=20
2026-05-09 19:16:33,126 | INFO | fetch_order_book: mid=0.06587 spread=6.07bps bids=20 asks=20
2026-05-09 19:16:34,036 | INFO | SPREAD | pair=CHIP/USDC | cex=0.06585/0.06589 | dex_sell=0.0658209 dex_buy=0.0658379 | spread_a=-10.5bps spread_b=1.8bps | min=30.0bps
2026-05-09 19:16:35,039 | INFO | fetch_order_book: symbol=CHIP/USDC limit=20
2026-05-09 19:16:35,308 | INFO | fetch_order_book: mid=0.06587 spread=6.07bps bids=20 asks=20
2026-05-09 19:16:36,199 | INFO | SPREAD | pair=CHIP/USDC | cex=0.06585/0.06589 | dex_sell=0.0658209 dex_buy=0.0658379 | spread_a=-10.5bps spread_b=1.8bps | min=30.0bps
2026-05-09 19:16:37,203 | INFO | fetch_order_book: symbol=CHIP/USDC limit=20
2026-05-09 19:16:37,463 | INFO | fetch_order_book: mid=0.06587 spread=6.07bps bids=20 asks=20
2026-05-09 19:16:38,366 | INFO | SPREAD | pair=CHIP/USDC | cex=0.06585/0.06589 | dex_sell=0.0658209 dex_buy=0.0658379 | spread_a=-10.5bps spread_b=1.8bps | min=30.0bps
2026-05-09 19:16:39,370 | INFO | fetch_order_book: symbol=CHIP/USDC limit=20
2026-05-09 19:16:39,636 | INFO | fetch_order_book: mid=0.06587 spread=6.07bps bids=20 asks=20
2026-05-09 19:16:40,517 | INFO | SPREAD | pair=CHIP/USDC | cex=0.06585/0.06589 | dex_sell=0.0658209 dex_buy=0.0658379 | spread_a=-10.5bps spread_b=1.8bps | min=30.0bps
2026-05-09 19:16:41,520 | INFO | fetch_order_book: symbol=CHIP/USDC limit=20
2026-05-09 19:16:41,866 | INFO | fetch_order_book: mid=0.06587 spread=6.07bps bids=20 asks=20
2026-05-09 19:16:42,772 | INFO | SPREAD | pair=CHIP/USDC | cex=0.06585/0.06589 | dex_sell=0.0658209 dex_buy=0.0658379 | spread_a=-10.5bps spread_b=1.8bps | min=30.0bps
2026-05-09 19:16:43,775 | INFO | fetch_order_book: symbol=CHIP/USDC limit=20
2026-05-09 19:16:44,037 | INFO | fetch_order_book: mid=0.06587 spread=6.07bps bids=20 asks=20
2026-05-09 19:16:44,960 | INFO | SPREAD | pair=CHIP/USDC | cex=0.06585/0.06589 | dex_sell=0.0658209 dex_buy=0.0658379 | spread_a=-10.5bps spread_b=1.8bps | min=30.0bps
2026-05-09 19:16:45,964 | INFO | fetch_order_book: symbol=CHIP/USDC limit=20
2026-05-09 19:16:46,282 | INFO | fetch_order_book: mid=0.06587 spread=6.07bps bids=20 asks=20
2026-05-09 19:16:47,183 | INFO | SPREAD | pair=CHIP/USDC | cex=0.06585/0.06589 | dex_sell=0.0658209 dex_buy=0.0658379 | spread_a=-10.5bps spread_b=1.8bps | min=30.0bps
2026-05-09 19:16:48,187 | INFO | fetch_order_book: symbol=CHIP/USDC limit=20
2026-05-09 19:16:48,448 | INFO | fetch_order_book: mid=0.06587 spread=6.07bps bids=20 asks=20
2026-05-09 19:16:49,401 | INFO | SPREAD | pair=CHIP/USDC | cex=0.06585/0.06589 | dex_sell=0.0658209 dex_buy=0.0658379 | spread_a=-10.5bps spread_b=1.8bps | min=30.0bps
2026-05-09 19:16:50,405 | INFO | fetch_order_book: symbol=CHIP/USDC limit=20
2026-05-09 19:16:50,676 | INFO | fetch_order_book: mid=0.06587 spread=6.07bps bids=20 asks=20
2026-05-09 19:16:51,664 | INFO | SPREAD | pair=CHIP/USDC | cex=0.06585/0.06589 | dex_sell=0.0658209 dex_buy=0.0658379 | spread_a=-10.5bps spread_b=1.8bps | min=30.0bps
2026-05-09 19:16:52,667 | INFO | fetch_order_book: symbol=CHIP/USDC limit=20
2026-05-09 19:16:52,926 | INFO | fetch_order_book: mid=0.06586 spread=6.07bps bids=20 asks=20
2026-05-09 19:16:53,819 | INFO | SPREAD | pair=CHIP/USDC | cex=0.06584/0.06588 | dex_sell=0.0658209 dex_buy=0.0658379 | spread_a=-9.0bps spread_b=0.3bps | min=30.0bps
2026-05-09 19:16:54,823 | INFO | fetch_order_book: symbol=CHIP/USDC limit=20
2026-05-09 19:16:55,078 | INFO | fetch_order_book: mid=0.06586 spread=6.07bps bids=20 asks=20
2026-05-09 19:16:55,944 | INFO | SPREAD | pair=CHIP/USDC | cex=0.06584/0.06588 | dex_sell=0.0658209 dex_buy=0.0658379 | spread_a=-9.0bps spread_b=0.3bps | min=30.0bps
2026-05-09 19:16:56,948 | INFO | fetch_order_book: symbol=CHIP/USDC limit=20
2026-05-09 19:16:57,209 | INFO | fetch_order_book: mid=0.06584 spread=6.08bps bids=20 asks=20
2026-05-09 19:16:58,100 | INFO | SPREAD | pair=CHIP/USDC | cex=0.06582/0.06586 | dex_sell=0.0658209 dex_buy=0.0658379 | spread_a=-5.9bps spread_b=-2.7bps | min=30.0bps
2026-05-09 19:16:59,103 | INFO | fetch_order_book: symbol=CHIP/USDC limit=20
2026-05-09 19:16:59,360 | INFO | fetch_order_book: mid=0.06584 spread=6.08bps bids=20 asks=20
2026-05-09 19:17:00,341 | INFO | SPREAD | pair=CHIP/USDC | cex=0.06582/0.06586 | dex_sell=0.0658209 dex_buy=0.0658379 | spread_a=-5.9bps spread_b=-2.7bps | min=30.0bps
2026-05-09 19:17:01,345 | INFO | fetch_order_book: symbol=CHIP/USDC limit=20
2026-05-09 19:17:01,713 | INFO | fetch_order_book: mid=0.06583 spread=3.04bps bids=20 asks=20
2026-05-09 19:17:02,629 | INFO | SPREAD | pair=CHIP/USDC | cex=0.06582/0.06584 | dex_sell=0.0658209 dex_buy=0.0658379 | spread_a=-2.9bps spread_b=-2.7bps | min=30.0bps
2026-05-09 19:17:03,633 | INFO | fetch_order_book: symbol=CHIP/USDC limit=20
2026-05-09 19:17:04,272 | INFO | fetch_order_book: mid=0.06584 spread=6.08bps bids=20 asks=20
2026-05-09 19:17:05,212 | INFO | SPREAD | pair=CHIP/USDC | cex=0.06582/0.06586 | dex_sell=0.0658209 dex_buy=0.0658379 | spread_a=-5.9bps spread_b=-2.7bps | min=30.0bps
2026-05-09 19:17:06,217 | INFO | fetch_order_book: symbol=CHIP/USDC limit=20
2026-05-09 19:17:06,664 | INFO | fetch_order_book: mid=0.06584 spread=6.08bps bids=20 asks=20
2026-05-09 19:17:07,581 | INFO | SPREAD | pair=CHIP/USDC | cex=0.06582/0.06586 | dex_sell=0.0658209 dex_buy=0.0658379 | spread_a=-5.9bps spread_b=-2.7bps | min=30.0bps
2026-05-09 19:17:08,584 | INFO | fetch_order_book: symbol=CHIP/USDC limit=20
2026-05-09 19:17:08,883 | INFO | fetch_order_book: mid=0.06584 spread=6.08bps bids=20 asks=20
2026-05-09 19:17:09,786 | INFO | SPREAD | pair=CHIP/USDC | cex=0.06582/0.06586 | dex_sell=0.0658209 dex_buy=0.0658379 | spread_a=-5.9bps spread_b=-2.7bps | min=30.0bps
2026-05-09 19:17:10,789 | INFO | fetch_order_book: symbol=CHIP/USDC limit=20
2026-05-09 19:17:11,051 | INFO | fetch_order_book: mid=0.06584 spread=6.08bps bids=20 asks=20
2026-05-09 19:17:11,998 | INFO | SPREAD | pair=CHIP/USDC | cex=0.06582/0.06586 | dex_sell=0.0658209 dex_buy=0.0658379 | spread_a=-5.9bps spread_b=-2.7bps | min=30.0bps
2026-05-09 19:17:13,002 | INFO | fetch_order_book: symbol=CHIP/USDC limit=20
2026-05-09 19:17:13,334 | INFO | fetch_order_book: mid=0.065815 spread=4.56bps bids=20 asks=20
2026-05-09 19:17:14,224 | INFO | SPREAD | pair=CHIP/USDC | cex=0.0658/0.06583 | dex_sell=0.0658008 dex_buy=0.0658177 | spread_a=-4.4bps spread_b=-2.7bps | min=30.0bps
2026-05-09 19:17:15,227 | INFO | fetch_order_book: symbol=CHIP/USDC limit=20
2026-05-09 19:17:15,617 | INFO | fetch_order_book: mid=0.065815 spread=4.56bps bids=20 asks=20
2026-05-09 19:17:16,519 | INFO | SPREAD | pair=CHIP/USDC | cex=0.0658/0.06583 | dex_sell=0.0658008 dex_buy=0.0658177 | spread_a=-4.4bps spread_b=-2.7bps | min=30.0bps
2026-05-09 19:17:17,522 | INFO | fetch_order_book: symbol=CHIP/USDC limit=20
2026-05-09 19:17:17,816 | INFO | fetch_order_book: mid=0.065835 spread=7.59bps bids=20 asks=20
2026-05-09 19:17:18,747 | INFO | SPREAD | pair=CHIP/USDC | cex=0.06581/0.06586 | dex_sell=0.0658008 dex_buy=0.0658177 | spread_a=-9.0bps spread_b=-1.2bps | min=30.0bps
2026-05-09 19:17:19,750 | INFO | fetch_order_book: symbol=CHIP/USDC limit=20
2026-05-09 19:17:20,012 | INFO | fetch_order_book: mid=0.06583 spread=6.08bps bids=20 asks=20
2026-05-09 19:17:20,978 | INFO | SPREAD | pair=CHIP/USDC | cex=0.06581/0.06585 | dex_sell=0.0658008 dex_buy=0.0658177 | spread_a=-7.5bps spread_b=-1.2bps | min=30.0bps
2026-05-09 19:17:21,982 | INFO | fetch_order_book: symbol=CHIP/USDC limit=20
2026-05-09 19:17:22,320 | INFO | fetch_order_book: mid=0.065835 spread=7.59bps bids=20 asks=20
2026-05-09 19:17:23,214 | INFO | SPREAD | pair=CHIP/USDC | cex=0.06581/0.06586 | dex_sell=0.0658008 dex_buy=0.0658177 | spread_a=-9.0bps spread_b=-1.2bps | min=30.0bps
2026-05-09 19:17:24,217 | INFO | fetch_order_book: symbol=CHIP/USDC limit=20
2026-05-09 19:17:24,486 | INFO | fetch_order_book: mid=0.065835 spread=7.59bps bids=20 asks=20
2026-05-09 19:17:25,397 | INFO | SPREAD | pair=CHIP/USDC | cex=0.06581/0.06586 | dex_sell=0.0658008 dex_buy=0.0658177 | spread_a=-9.0bps spread_b=-1.2bps | min=30.0bps
2026-05-09 19:17:26,401 | INFO | fetch_order_book: symbol=CHIP/USDC limit=20
2026-05-09 19:17:26,672 | INFO | fetch_order_book: mid=0.065835 spread=7.59bps bids=20 asks=20
2026-05-09 19:17:27,560 | INFO | SPREAD | pair=CHIP/USDC | cex=0.06581/0.06586 | dex_sell=0.0658008 dex_buy=0.0658177 | spread_a=-9.0bps spread_b=-1.2bps | min=30.0bps
2026-05-09 19:17:28,563 | INFO | fetch_order_book: symbol=CHIP/USDC limit=20
2026-05-09 19:17:28,835 | INFO | fetch_order_book: mid=0.065835 spread=7.59bps bids=20 asks=20
2026-05-09 19:17:29,748 | INFO | SPREAD | pair=CHIP/USDC | cex=0.06581/0.06586 | dex_sell=0.0658008 dex_buy=0.0658177 | spread_a=-9.0bps spread_b=-1.2bps | min=30.0bps
2026-05-09 19:17:30,750 | INFO | fetch_order_book: symbol=CHIP/USDC limit=20
2026-05-09 19:17:31,081 | INFO | fetch_order_book: mid=0.065845 spread=4.56bps bids=20 asks=20
2026-05-09 19:17:31,990 | INFO | SPREAD | pair=CHIP/USDC | cex=0.06583/0.06586 | dex_sell=0.0658269 dex_buy=0.0658439 | spread_a=-5.0bps spread_b=-2.1bps | min=30.0bps
2026-05-09 19:17:32,993 | INFO | fetch_order_book: symbol=CHIP/USDC limit=20
2026-05-09 19:17:33,286 | INFO | fetch_order_book: mid=0.065845 spread=4.56bps bids=20 asks=20
2026-05-09 19:17:34,186 | INFO | SPREAD | pair=CHIP/USDC | cex=0.06583/0.06586 | dex_sell=0.0658269 dex_buy=0.0658439 | spread_a=-5.0bps spread_b=-2.1bps | min=30.0bps
2026-05-09 19:17:35,189 | INFO | fetch_order_book: symbol=CHIP/USDC limit=20
2026-05-09 19:17:35,548 | INFO | fetch_order_book: mid=0.065845 spread=4.56bps bids=20 asks=20
2026-05-09 19:17:36,464 | INFO | SPREAD | pair=CHIP/USDC | cex=0.06583/0.06586 | dex_sell=0.0658269 dex_buy=0.0658439 | spread_a=-5.0bps spread_b=-2.1bps | min=30.0bps
2026-05-09 19:17:37,467 | INFO | fetch_order_book: symbol=CHIP/USDC limit=20
2026-05-09 19:17:38,186 | INFO | fetch_order_book: mid=0.065845 spread=4.56bps bids=20 asks=20
2026-05-09 19:17:39,152 | INFO | SPREAD | pair=CHIP/USDC | cex=0.06583/0.06586 | dex_sell=0.0658269 dex_buy=0.0658439 | spread_a=-5.0bps spread_b=-2.1bps | min=30.0bps
2026-05-09 19:17:40,153 | INFO | fetch_order_book: symbol=CHIP/USDC limit=20
2026-05-09 19:17:40,536 | INFO | fetch_order_book: mid=0.065845 spread=4.56bps bids=20 asks=20
2026-05-09 19:17:41,458 | INFO | SPREAD | pair=CHIP/USDC | cex=0.06583/0.06586 | dex_sell=0.0658269 dex_buy=0.0658439 | spread_a=-5.0bps spread_b=-2.1bps | min=30.0bps
2026-05-09 19:17:42,462 | INFO | fetch_order_book: symbol=CHIP/USDC limit=20
2026-05-09 19:17:42,787 | INFO | fetch_order_book: mid=0.065835 spread=7.59bps bids=20 asks=20
2026-05-09 19:17:43,675 | INFO | SPREAD | pair=CHIP/USDC | cex=0.06581/0.06586 | dex_sell=0.0658269 dex_buy=0.0658439 | spread_a=-5.0bps spread_b=-5.1bps | min=30.0bps
2026-05-09 19:17:44,679 | INFO | fetch_order_book: symbol=CHIP/USDC limit=20
2026-05-09 19:17:44,963 | INFO | fetch_order_book: mid=0.065835 spread=7.59bps bids=20 asks=20
2026-05-09 19:17:45,926 | INFO | SPREAD | pair=CHIP/USDC | cex=0.06581/0.06586 | dex_sell=0.0658269 dex_buy=0.0658439 | spread_a=-5.0bps spread_b=-5.1bps | min=30.0bps
2026-05-09 19:17:46,929 | INFO | fetch_order_book: symbol=CHIP/USDC limit=20
2026-05-09 19:17:47,197 | INFO | fetch_order_book: mid=0.06583 spread=6.08bps bids=20 asks=20
2026-05-09 19:17:48,094 | INFO | SPREAD | pair=CHIP/USDC | cex=0.06581/0.06585 | dex_sell=0.0658269 dex_buy=0.0658439 | spread_a=-3.5bps spread_b=-5.1bps | min=30.0bps
2026-05-09 19:17:49,098 | INFO | fetch_order_book: symbol=CHIP/USDC limit=20
2026-05-09 19:17:49,411 | INFO | fetch_order_book: mid=0.065835 spread=7.59bps bids=20 asks=20
2026-05-09 19:17:50,321 | INFO | SPREAD | pair=CHIP/USDC | cex=0.06581/0.06586 | dex_sell=0.0658269 dex_buy=0.0658439 | spread_a=-5.0bps spread_b=-5.1bps | min=30.0bps
2026-05-09 19:17:51,324 | INFO | fetch_order_book: symbol=CHIP/USDC limit=20
2026-05-09 19:17:51,604 | INFO | fetch_order_book: mid=0.06583 spread=6.08bps bids=20 asks=20
2026-05-09 19:17:52,516 | INFO | SPREAD | pair=CHIP/USDC | cex=0.06581/0.06585 | dex_sell=0.0658269 dex_buy=0.0658439 | spread_a=-3.5bps spread_b=-5.1bps | min=30.0bps
2026-05-09 19:17:53,519 | INFO | fetch_order_book: symbol=CHIP/USDC limit=20
2026-05-09 19:17:53,785 | INFO | fetch_order_book: mid=0.06583 spread=6.08bps bids=20 asks=20
2026-05-09 19:17:54,672 | INFO | SPREAD | pair=CHIP/USDC | cex=0.06581/0.06585 | dex_sell=0.0658269 dex_buy=0.0658439 | spread_a=-3.5bps spread_b=-5.1bps | min=30.0bps
2026-05-09 19:17:55,675 | INFO | fetch_order_book: symbol=CHIP/USDC limit=20
2026-05-09 19:17:55,955 | INFO | fetch_order_book: mid=0.06583 spread=6.08bps bids=20 asks=20
2026-05-09 19:17:56,846 | INFO | SPREAD | pair=CHIP/USDC | cex=0.06581/0.06585 | dex_sell=0.0658269 dex_buy=0.0658439 | spread_a=-3.5bps spread_b=-5.1bps | min=30.0bps
2026-05-09 19:17:57,849 | INFO | fetch_order_book: symbol=CHIP/USDC limit=20
2026-05-09 19:17:58,257 | INFO | fetch_order_book: mid=0.06583 spread=6.08bps bids=20 asks=20
2026-05-09 19:17:59,164 | INFO | SPREAD | pair=CHIP/USDC | cex=0.06581/0.06585 | dex_sell=0.0658269 dex_buy=0.0658439 | spread_a=-3.5bps spread_b=-5.1bps | min=30.0bps
2026-05-09 19:18:00,168 | INFO | fetch_order_book: symbol=CHIP/USDC limit=20
2026-05-09 19:18:00,527 | INFO | fetch_order_book: mid=0.065825 spread=4.56bps bids=20 asks=20
2026-05-09 19:18:01,444 | INFO | SPREAD | pair=CHIP/USDC | cex=0.06581/0.06584 | dex_sell=0.0658269 dex_buy=0.0658439 | spread_a=-2.0bps spread_b=-5.1bps | min=30.0bps
2026-05-09 19:18:02,448 | INFO | fetch_order_book: symbol=CHIP/USDC limit=20
2026-05-09 19:18:02,838 | INFO | fetch_order_book: mid=0.065825 spread=4.56bps bids=20 asks=20
2026-05-09 19:18:03,791 | INFO | SPREAD | pair=CHIP/USDC | cex=0.06581/0.06584 | dex_sell=0.0658269 dex_buy=0.0658439 | spread_a=-2.0bps spread_b=-5.1bps | min=30.0bps
2026-05-09 19:18:04,795 | INFO | fetch_order_book: symbol=CHIP/USDC limit=20
2026-05-09 19:18:05,120 | INFO | fetch_order_book: mid=0.065825 spread=4.56bps bids=20 asks=20
2026-05-09 19:18:06,017 | INFO | SPREAD | pair=CHIP/USDC | cex=0.06581/0.06584 | dex_sell=0.0658269 dex_buy=0.0658439 | spread_a=-2.0bps spread_b=-5.1bps | min=30.0bps
2026-05-09 19:18:07,021 | INFO | fetch_order_book: symbol=CHIP/USDC limit=20
2026-05-09 19:18:07,277 | INFO | fetch_order_book: mid=0.06578 spread=6.08bps bids=20 asks=20
2026-05-09 19:18:08,164 | INFO | SPREAD | pair=CHIP/USDC | cex=0.06576/0.0658 | dex_sell=0.0657609 dex_buy=0.0657778 | spread_a=-5.9bps spread_b=-2.7bps | min=30.0bps
2026-05-09 19:18:09,167 | INFO | fetch_order_book: symbol=CHIP/USDC limit=20
2026-05-09 19:18:09,437 | INFO | fetch_order_book: mid=0.065775 spread=4.56bps bids=20 asks=20
2026-05-09 19:18:10,322 | INFO | SPREAD | pair=CHIP/USDC | cex=0.06576/0.06579 | dex_sell=0.0657609 dex_buy=0.0657778 | spread_a=-4.4bps spread_b=-2.7bps | min=30.0bps
2026-05-09 19:18:11,326 | INFO | fetch_order_book: symbol=CHIP/USDC limit=20
2026-05-09 19:18:11,778 | INFO | fetch_order_book: mid=0.065785 spread=7.60bps bids=20 asks=20
2026-05-09 19:18:12,679 | INFO | SPREAD | pair=CHIP/USDC | cex=0.06576/0.06581 | dex_sell=0.0657408 dex_buy=0.0657577 | spread_a=-10.5bps spread_b=0.3bps | min=30.0bps
2026-05-09 19:18:13,683 | INFO | fetch_order_book: symbol=CHIP/USDC limit=20
2026-05-09 19:18:14,255 | INFO | fetch_order_book: mid=0.065795 spread=7.60bps bids=20 asks=20
2026-05-09 19:18:15,161 | INFO | SPREAD | pair=CHIP/USDC | cex=0.06577/0.06582 | dex_sell=0.0657669 dex_buy=0.0657838 | spread_a=-8.1bps spread_b=-2.1bps | min=30.0bps
2026-05-09 19:18:16,164 | INFO | fetch_order_book: symbol=CHIP/USDC limit=20
2026-05-09 19:18:16,420 | INFO | fetch_order_book: mid=0.065795 spread=7.60bps bids=20 asks=20
2026-05-09 19:18:17,357 | INFO | SPREAD | pair=CHIP/USDC | cex=0.06577/0.06582 | dex_sell=0.0657669 dex_buy=0.0657838 | spread_a=-8.1bps spread_b=-2.1bps | min=30.0bps
2026-05-09 19:18:18,361 | INFO | fetch_order_book: symbol=CHIP/USDC limit=20
2026-05-09 19:18:18,637 | INFO | fetch_order_book: mid=0.06583 spread=3.04bps bids=20 asks=20
2026-05-09 19:18:19,567 | INFO | SPREAD | pair=CHIP/USDC | cex=0.06582/0.06584 | dex_sell=0.065797 dex_buy=0.0658139 | spread_a=-6.5bps spread_b=0.9bps | min=30.0bps
2026-05-09 19:18:20,570 | INFO | fetch_order_book: symbol=CHIP/USDC limit=20
2026-05-09 19:18:20,833 | INFO | fetch_order_book: mid=0.06583 spread=3.04bps bids=20 asks=20
2026-05-09 19:18:21,795 | INFO | SPREAD | pair=CHIP/USDC | cex=0.06582/0.06584 | dex_sell=0.065797 dex_buy=0.0658139 | spread_a=-6.5bps spread_b=0.9bps | min=30.0bps
2026-05-09 19:18:22,796 | INFO | fetch_order_book: symbol=CHIP/USDC limit=20
2026-05-09 19:18:23,052 | INFO | fetch_order_book: mid=0.06583 spread=3.04bps bids=20 asks=20
2026-05-09 19:18:23,958 | INFO | SPREAD | pair=CHIP/USDC | cex=0.06582/0.06584 | dex_sell=0.065797 dex_buy=0.0658139 | spread_a=-6.5bps spread_b=0.9bps | min=30.0bps
2026-05-09 19:18:24,961 | INFO | fetch_order_book: symbol=CHIP/USDC limit=20
2026-05-09 19:18:25,563 | INFO | fetch_order_book: mid=0.06583 spread=3.04bps bids=20 asks=20
2026-05-09 19:18:26,558 | INFO | SPREAD | pair=CHIP/USDC | cex=0.06582/0.06584 | dex_sell=0.065797 dex_buy=0.0658139 | spread_a=-6.5bps spread_b=0.9bps | min=30.0bps
2026-05-09 19:18:27,562 | INFO | fetch_order_book: symbol=CHIP/USDC limit=20
2026-05-09 19:18:27,819 | INFO | fetch_order_book: mid=0.06585 spread=3.04bps bids=20 asks=20
2026-05-09 19:18:28,722 | INFO | SPREAD | pair=CHIP/USDC | cex=0.06584/0.06586 | dex_sell=0.065797 dex_buy=0.0658139 | spread_a=-9.6bps spread_b=4.0bps | min=30.0bps
2026-05-09 19:18:29,726 | INFO | fetch_order_book: symbol=CHIP/USDC limit=20
2026-05-09 19:18:29,984 | INFO | fetch_order_book: mid=0.06587 spread=3.04bps bids=20 asks=20
2026-05-09 19:18:30,979 | INFO | SPREAD | pair=CHIP/USDC | cex=0.06586/0.06588 | dex_sell=0.065827 dex_buy=0.0658439 | spread_a=-8.0bps spread_b=2.4bps | min=30.0bps
2026-05-09 19:18:31,982 | INFO | fetch_order_book: symbol=CHIP/USDC limit=20
2026-05-09 19:18:32,272 | INFO | fetch_order_book: mid=0.065885 spread=4.55bps bids=20 asks=20
2026-05-09 19:18:33,187 | INFO | SPREAD | pair=CHIP/USDC | cex=0.06587/0.0659 | dex_sell=0.065857 dex_buy=0.0658739 | spread_a=-6.5bps spread_b=-0.6bps | min=30.0bps
2026-05-09 19:18:34,190 | INFO | fetch_order_book: symbol=CHIP/USDC limit=20
2026-05-09 19:18:34,450 | INFO | fetch_order_book: mid=0.065835 spread=4.56bps bids=20 asks=20
2026-05-09 19:18:35,355 | INFO | SPREAD | pair=CHIP/USDC | cex=0.06582/0.06585 | dex_sell=0.0658307 dex_buy=0.0658476 | spread_a=-2.9bps spread_b=-4.2bps | min=30.0bps
2026-05-09 19:18:36,358 | INFO | fetch_order_book: symbol=CHIP/USDC limit=20
2026-05-09 19:18:36,672 | INFO | fetch_order_book: mid=0.065835 spread=4.56bps bids=20 asks=20
2026-05-09 19:18:37,573 | INFO | SPREAD | pair=CHIP/USDC | cex=0.06582/0.06585 | dex_sell=0.0658307 dex_buy=0.0658476 | spread_a=-2.9bps spread_b=-4.2bps | min=30.0bps
2026-05-09 19:18:38,576 | INFO | fetch_order_book: symbol=CHIP/USDC limit=20
2026-05-09 19:18:38,885 | INFO | fetch_order_book: mid=0.06586 spread=9.11bps bids=20 asks=20
2026-05-09 19:18:39,798 | INFO | SPREAD | pair=CHIP/USDC | cex=0.06583/0.06589 | dex_sell=0.0658307 dex_buy=0.0658476 | spread_a=-9.0bps spread_b=-2.7bps | min=30.0bps
2026-05-09 19:18:40,801 | INFO | fetch_order_book: symbol=CHIP/USDC limit=20
2026-05-09 19:18:41,064 | INFO | fetch_order_book: mid=0.06587 spread=6.07bps bids=20 asks=20
2026-05-09 19:18:41,941 | INFO | SPREAD | pair=CHIP/USDC | cex=0.06585/0.06589 | dex_sell=0.0658307 dex_buy=0.0658476 | spread_a=-9.0bps spread_b=0.4bps | min=30.0bps
2026-05-09 19:18:42,944 | INFO | fetch_order_book: symbol=CHIP/USDC limit=20
2026-05-09 19:18:43,312 | INFO | fetch_order_book: mid=0.06587 spread=6.07bps bids=20 asks=20
2026-05-09 19:18:44,185 | INFO | SPREAD | pair=CHIP/USDC | cex=0.06585/0.06589 | dex_sell=0.0658307 dex_buy=0.0658476 | spread_a=-9.0bps spread_b=0.4bps | min=30.0bps
2026-05-09 19:18:45,189 | INFO | fetch_order_book: symbol=CHIP/USDC limit=20
2026-05-09 19:18:45,448 | INFO | fetch_order_book: mid=0.06588 spread=6.07bps bids=20 asks=20
2026-05-09 19:18:46,469 | INFO | SPREAD | pair=CHIP/USDC | cex=0.06586/0.0659 | dex_sell=0.0658307 dex_buy=0.0658476 | spread_a=-10.5bps spread_b=1.9bps | min=30.0bps
2026-05-09 19:18:47,473 | INFO | fetch_order_book: symbol=CHIP/USDC limit=20
2026-05-09 19:18:48,100 | INFO | fetch_order_book: mid=0.06590 spread=6.07bps bids=20 asks=20
2026-05-09 19:18:48,991 | INFO | SPREAD | pair=CHIP/USDC | cex=0.06588/0.06592 | dex_sell=0.0658571 dex_buy=0.065874 | spread_a=-9.5bps spread_b=0.9bps | min=30.0bps
2026-05-09 19:18:49,995 | INFO | fetch_order_book: symbol=CHIP/USDC limit=20
2026-05-09 19:18:50,382 | INFO | fetch_order_book: mid=0.06590 spread=6.07bps bids=20 asks=20
2026-05-09 19:18:51,281 | INFO | SPREAD | pair=CHIP/USDC | cex=0.06588/0.06592 | dex_sell=0.0658571 dex_buy=0.065874 | spread_a=-9.5bps spread_b=0.9bps | min=30.0bps
2026-05-09 19:18:52,285 | INFO | fetch_order_book: symbol=CHIP/USDC limit=20
2026-05-09 19:18:52,701 | INFO | fetch_order_book: mid=0.06590 spread=6.07bps bids=20 asks=20
2026-05-09 19:18:53,613 | INFO | SPREAD | pair=CHIP/USDC | cex=0.06588/0.06592 | dex_sell=0.0658571 dex_buy=0.065874 | spread_a=-9.5bps spread_b=0.9bps | min=30.0bps
2026-05-09 19:18:54,616 | INFO | fetch_order_book: symbol=CHIP/USDC limit=20
2026-05-09 19:18:55,069 | INFO | fetch_order_book: mid=0.06590 spread=6.07bps bids=20 asks=20
2026-05-09 19:18:56,022 | INFO | SPREAD | pair=CHIP/USDC | cex=0.06588/0.06592 | dex_sell=0.0658571 dex_buy=0.065874 | spread_a=-9.5bps spread_b=0.9bps | min=30.0bps
2026-05-09 19:18:57,025 | INFO | fetch_order_book: symbol=CHIP/USDC limit=20
2026-05-09 19:18:57,287 | INFO | fetch_order_book: mid=0.065915 spread=1.52bps bids=20 asks=20
2026-05-09 19:18:58,249 | INFO | SPREAD | pair=CHIP/USDC | cex=0.06591/0.06592 | dex_sell=0.0658868 dex_buy=0.0659037 | spread_a=-5.0bps spread_b=1.0bps | min=30.0bps
2026-05-09 19:18:59,252 | INFO | fetch_order_book: symbol=CHIP/USDC limit=20
2026-05-09 19:18:59,512 | INFO | fetch_order_book: mid=0.065915 spread=1.52bps bids=20 asks=20
2026-05-09 19:19:00,452 | INFO | SPREAD | pair=CHIP/USDC | cex=0.06591/0.06592 | dex_sell=0.0658868 dex_buy=0.0659037 | spread_a=-5.0bps spread_b=1.0bps | min=30.0bps
2026-05-09 19:19:01,456 | INFO | fetch_order_book: symbol=CHIP/USDC limit=20
2026-05-09 19:19:01,729 | INFO | fetch_order_book: mid=0.06588 spread=6.07bps bids=20 asks=20
2026-05-09 19:19:02,666 | INFO | SPREAD | pair=CHIP/USDC | cex=0.06586/0.0659 | dex_sell=0.0658868 dex_buy=0.0658776 | spread_a=-2.0bps spread_b=-2.7bps | min=30.0bps
2026-05-09 19:19:03,669 | INFO | fetch_order_book: symbol=CHIP/USDC limit=20
2026-05-09 19:19:04,180 | INFO | fetch_order_book: mid=0.06587 spread=3.04bps bids=20 asks=20
2026-05-09 19:19:05,119 | INFO | SPREAD | pair=CHIP/USDC | cex=0.06586/0.06588 | dex_sell=0.0658607 dex_buy=0.0658776 | spread_a=-2.9bps spread_b=-2.7bps | min=30.0bps
2026-05-09 19:19:06,123 | INFO | fetch_order_book: symbol=CHIP/USDC limit=20
2026-05-09 19:19:06,481 | INFO | fetch_order_book: mid=0.06587 spread=3.04bps bids=20 asks=20
2026-05-09 19:19:07,399 | INFO | SPREAD | pair=CHIP/USDC | cex=0.06586/0.06588 | dex_sell=0.0658607 dex_buy=0.0658776 | spread_a=-2.9bps spread_b=-2.7bps | min=30.0bps
2026-05-09 19:19:08,403 | INFO | fetch_order_book: symbol=CHIP/USDC limit=20
2026-05-09 19:19:08,666 | INFO | fetch_order_book: mid=0.06587 spread=3.04bps bids=20 asks=20
2026-05-09 19:19:09,573 | INFO | SPREAD | pair=CHIP/USDC | cex=0.06586/0.06588 | dex_sell=0.0658607 dex_buy=0.0658776 | spread_a=-2.9bps spread_b=-2.7bps | min=30.0bps
2026-05-09 19:19:10,576 | INFO | fetch_order_book: symbol=CHIP/USDC limit=20
2026-05-09 19:19:10,841 | INFO | fetch_order_book: mid=0.065895 spread=7.59bps bids=20 asks=20
2026-05-09 19:19:11,746 | INFO | SPREAD | pair=CHIP/USDC | cex=0.06587/0.06592 | dex_sell=0.0658607 dex_buy=0.0658776 | spread_a=-9.0bps spread_b=-1.2bps | min=30.0bps
2026-05-09 19:19:12,749 | INFO | fetch_order_book: symbol=CHIP/USDC limit=20
2026-05-09 19:19:13,007 | INFO | fetch_order_book: mid=0.065885 spread=7.59bps bids=20 asks=20
2026-05-09 19:19:13,904 | INFO | SPREAD | pair=CHIP/USDC | cex=0.06586/0.06591 | dex_sell=0.0658607 dex_buy=0.0658776 | spread_a=-7.5bps spread_b=-2.7bps | min=30.0bps
2026-05-09 19:19:14,907 | INFO | fetch_order_book: symbol=CHIP/USDC limit=20
2026-05-09 19:19:15,167 | INFO | fetch_order_book: mid=0.065905 spread=4.55bps bids=20 asks=20
2026-05-09 19:19:16,059 | INFO | SPREAD | pair=CHIP/USDC | cex=0.06589/0.06592 | dex_sell=0.0658607 dex_buy=0.0658776 | spread_a=-9.0bps spread_b=1.9bps | min=30.0bps
2026-05-09 19:19:17,064 | INFO | fetch_order_book: symbol=CHIP/USDC limit=20
2026-05-09 19:19:17,414 | INFO | fetch_order_book: mid=0.06591 spread=3.03bps bids=20 asks=20
2026-05-09 19:19:18,348 | INFO | SPREAD | pair=CHIP/USDC | cex=0.0659/0.06592 | dex_sell=0.0658868 dex_buy=0.0659038 | spread_a=-5.0bps spread_b=-0.6bps | min=30.0bps
2026-05-09 19:19:19,353 | INFO | fetch_order_book: symbol=CHIP/USDC limit=20
2026-05-09 19:19:19,625 | INFO | fetch_order_book: mid=0.06591 spread=3.03bps bids=20 asks=20
2026-05-09 19:19:20,515 | INFO | SPREAD | pair=CHIP/USDC | cex=0.0659/0.06592 | dex_sell=0.0658868 dex_buy=0.0659038 | spread_a=-5.0bps spread_b=-0.6bps | min=30.0bps
2026-05-09 19:19:21,519 | INFO | fetch_order_book: symbol=CHIP/USDC limit=20
2026-05-09 19:19:21,827 | INFO | fetch_order_book: mid=0.06591 spread=3.03bps bids=20 asks=20
2026-05-09 19:19:22,743 | INFO | SPREAD | pair=CHIP/USDC | cex=0.0659/0.06592 | dex_sell=0.0658868 dex_buy=0.0659038 | spread_a=-5.0bps spread_b=-0.6bps | min=30.0bps
2026-05-09 19:19:23,748 | INFO | fetch_order_book: symbol=CHIP/USDC limit=20
2026-05-09 19:19:24,078 | INFO | fetch_order_book: mid=0.065945 spread=4.55bps bids=20 asks=20
2026-05-09 19:19:24,982 | INFO | SPREAD | pair=CHIP/USDC | cex=0.06593/0.06596 | dex_sell=0.0659169 dex_buy=0.0659338 | spread_a=-6.5bps spread_b=-0.6bps | min=30.0bps
2026-05-09 19:19:25,986 | INFO | fetch_order_book: symbol=CHIP/USDC limit=20
2026-05-09 19:19:26,247 | INFO | fetch_order_book: mid=0.065935 spread=4.55bps bids=20 asks=20
2026-05-09 19:19:27,198 | INFO | SPREAD | pair=CHIP/USDC | cex=0.06592/0.06595 | dex_sell=0.0659169 dex_buy=0.0659338 | spread_a=-5.0bps spread_b=-2.1bps | min=30.0bps
2026-05-09 19:19:28,202 | INFO | fetch_order_book: symbol=CHIP/USDC limit=20
2026-05-09 19:19:28,457 | INFO | fetch_order_book: mid=0.065935 spread=4.55bps bids=20 asks=20
2026-05-09 19:19:29,404 | INFO | SPREAD | pair=CHIP/USDC | cex=0.06592/0.06595 | dex_sell=0.0659169 dex_buy=0.0659338 | spread_a=-5.0bps spread_b=-2.1bps | min=30.0bps
2026-05-09 19:19:30,408 | INFO | fetch_order_book: symbol=CHIP/USDC limit=20
2026-05-09 19:19:30,664 | INFO | fetch_order_book: mid=0.065945 spread=4.55bps bids=20 asks=20
2026-05-09 19:19:31,586 | INFO | SPREAD | pair=CHIP/USDC | cex=0.06593/0.06596 | dex_sell=0.0659169 dex_buy=0.0659338 | spread_a=-6.5bps spread_b=-0.6bps | min=30.0bps
2026-05-09 19:19:32,590 | INFO | fetch_order_book: symbol=CHIP/USDC limit=20
2026-05-09 19:19:32,993 | INFO | fetch_order_book: mid=0.06589 spread=3.04bps bids=20 asks=20
2026-05-09 19:19:33,919 | INFO | SPREAD | pair=CHIP/USDC | cex=0.06588/0.0659 | dex_sell=0.0658908 dex_buy=0.0659077 | spread_a=-1.4bps spread_b=-4.2bps | min=30.0bps
2026-05-09 19:19:34,923 | INFO | fetch_order_book: symbol=CHIP/USDC limit=20
2026-05-09 19:19:35,188 | INFO | fetch_order_book: mid=0.06589 spread=3.04bps bids=20 asks=20
2026-05-09 19:19:36,100 | INFO | SPREAD | pair=CHIP/USDC | cex=0.06588/0.0659 | dex_sell=0.0658908 dex_buy=0.0659077 | spread_a=-1.4bps spread_b=-4.2bps | min=30.0bps
2026-05-09 19:19:37,103 | INFO | fetch_order_book: symbol=CHIP/USDC limit=20
2026-05-09 19:19:37,363 | INFO | fetch_order_book: mid=0.065895 spread=4.55bps bids=20 asks=20
2026-05-09 19:19:38,268 | INFO | SPREAD | pair=CHIP/USDC | cex=0.06588/0.06591 | dex_sell=0.0658908 dex_buy=0.0659077 | spread_a=-2.9bps spread_b=-4.2bps | min=30.0bps
2026-05-09 19:19:39,272 | INFO | fetch_order_book: symbol=CHIP/USDC limit=20
2026-05-09 19:19:39,534 | INFO | fetch_order_book: mid=0.065875 spread=4.55bps bids=20 asks=20
2026-05-09 19:19:40,532 | INFO | SPREAD | pair=CHIP/USDC | cex=0.06586/0.06589 | dex_sell=0.0658608 dex_buy=0.0658777 | spread_a=-4.4bps spread_b=-2.7bps | min=30.0bps
2026-05-09 19:19:41,536 | INFO | fetch_order_book: symbol=CHIP/USDC limit=20
2026-05-09 19:19:41,828 | INFO | fetch_order_book: mid=0.065875 spread=4.55bps bids=20 asks=20
2026-05-09 19:19:42,735 | INFO | SPREAD | pair=CHIP/USDC | cex=0.06586/0.06589 | dex_sell=0.0658608 dex_buy=0.0658777 | spread_a=-4.4bps spread_b=-2.7bps | min=30.0bps
2026-05-09 19:19:43,739 | INFO | fetch_order_book: symbol=CHIP/USDC limit=20
2026-05-09 19:19:44,092 | INFO | fetch_order_book: mid=0.06590 spread=6.07bps bids=20 asks=20
2026-05-09 19:19:44,983 | INFO | SPREAD | pair=CHIP/USDC | cex=0.06588/0.06592 | dex_sell=0.0658869 dex_buy=0.0659038 | spread_a=-5.0bps spread_b=-3.6bps | min=30.0bps
2026-05-09 19:19:45,987 | INFO | fetch_order_book: symbol=CHIP/USDC limit=20
2026-05-09 19:19:46,257 | INFO | fetch_order_book: mid=0.06589 spread=6.07bps bids=20 asks=20
2026-05-09 19:19:47,186 | INFO | SPREAD | pair=CHIP/USDC | cex=0.06587/0.06591 | dex_sell=0.0658869 dex_buy=0.0659038 | spread_a=-3.5bps spread_b=-5.1bps | min=30.0bps
2026-05-09 19:19:48,189 | INFO | fetch_order_book: symbol=CHIP/USDC limit=20
2026-05-09 19:19:48,455 | INFO | fetch_order_book: mid=0.06589 spread=6.07bps bids=20 asks=20
2026-05-09 19:19:49,385 | INFO | SPREAD | pair=CHIP/USDC | cex=0.06587/0.06591 | dex_sell=0.0658869 dex_buy=0.0659038 | spread_a=-3.5bps spread_b=-5.1bps | min=30.0bps
2026-05-09 19:19:50,388 | INFO | fetch_order_book: symbol=CHIP/USDC limit=20
2026-05-09 19:19:50,658 | INFO | fetch_order_book: mid=0.06589 spread=6.07bps bids=20 asks=20
2026-05-09 19:19:51,578 | INFO | SPREAD | pair=CHIP/USDC | cex=0.06587/0.06591 | dex_sell=0.0658869 dex_buy=0.0659038 | spread_a=-3.5bps spread_b=-5.1bps | min=30.0bps
2026-05-09 19:19:52,582 | INFO | fetch_order_book: symbol=CHIP/USDC limit=20
2026-05-09 19:19:52,876 | INFO | fetch_order_book: mid=0.06589 spread=6.07bps bids=20 asks=20
2026-05-09 19:19:53,866 | INFO | SPREAD | pair=CHIP/USDC | cex=0.06587/0.06591 | dex_sell=0.0658869 dex_buy=0.0659038 | spread_a=-3.5bps spread_b=-5.1bps | min=30.0bps
2026-05-09 19:19:54,870 | INFO | fetch_order_book: symbol=CHIP/USDC limit=20
2026-05-09 19:19:55,128 | INFO | fetch_order_book: mid=0.06589 spread=6.07bps bids=20 asks=20
2026-05-09 19:19:56,039 | INFO | SPREAD | pair=CHIP/USDC | cex=0.06587/0.06591 | dex_sell=0.0658869 dex_buy=0.0659038 | spread_a=-3.5bps spread_b=-5.1bps | min=30.0bps
2026-05-09 19:19:57,043 | INFO | fetch_order_book: symbol=CHIP/USDC limit=20
2026-05-09 19:19:57,373 | INFO | fetch_order_book: mid=0.065885 spread=7.59bps bids=20 asks=20
2026-05-09 19:19:58,425 | INFO | SPREAD | pair=CHIP/USDC | cex=0.06586/0.06591 | dex_sell=0.0658869 dex_buy=0.0659038 | spread_a=-3.5bps spread_b=-6.6bps | min=30.0bps
2026-05-09 19:19:59,427 | INFO | fetch_order_book: symbol=CHIP/USDC limit=20
2026-05-09 19:19:59,685 | INFO | fetch_order_book: mid=0.06588 spread=6.07bps bids=20 asks=20
2026-05-09 19:20:00,616 | INFO | SPREAD | pair=CHIP/USDC | cex=0.06586/0.0659 | dex_sell=0.0658869 dex_buy=0.0659038 | spread_a=-2.0bps spread_b=-6.6bps | min=30.0bps
2026-05-09 19:20:01,619 | INFO | fetch_order_book: symbol=CHIP/USDC limit=20
2026-05-09 19:20:01,998 | INFO | fetch_order_book: mid=0.06587 spread=3.04bps bids=20 asks=20
2026-05-09 19:20:02,925 | INFO | SPREAD | pair=CHIP/USDC | cex=0.06586/0.06588 | dex_sell=0.0658608 dex_buy=0.0658777 | spread_a=-2.9bps spread_b=-2.7bps | min=30.0bps
2026-05-09 19:20:03,928 | INFO | fetch_order_book: symbol=CHIP/USDC limit=20
2026-05-09 19:20:04,334 | INFO | fetch_order_book: mid=0.065875 spread=4.55bps bids=20 asks=20
2026-05-09 19:20:05,223 | INFO | SPREAD | pair=CHIP/USDC | cex=0.06586/0.06589 | dex_sell=0.0658608 dex_buy=0.0658777 | spread_a=-4.4bps spread_b=-2.7bps | min=30.0bps
2026-05-09 19:20:06,225 | INFO | fetch_order_book: symbol=CHIP/USDC limit=20
2026-05-09 19:20:06,663 | INFO | fetch_order_book: mid=0.06587 spread=3.04bps bids=20 asks=20
2026-05-09 19:20:07,607 | INFO | SPREAD | pair=CHIP/USDC | cex=0.06586/0.06588 | dex_sell=0.0658608 dex_buy=0.0658777 | spread_a=-2.9bps spread_b=-2.7bps | min=30.0bps
2026-05-09 19:20:08,610 | INFO | fetch_order_book: symbol=CHIP/USDC limit=20
2026-05-09 19:20:08,874 | INFO | fetch_order_book: mid=0.06587 spread=3.04bps bids=20 asks=20
2026-05-09 19:20:09,770 | INFO | SPREAD | pair=CHIP/USDC | cex=0.06586/0.06588 | dex_sell=0.0658608 dex_buy=0.0658777 | spread_a=-2.9bps spread_b=-2.7bps | min=30.0bps
2026-05-09 19:20:10,773 | INFO | fetch_order_book: symbol=CHIP/USDC limit=20
2026-05-09 19:20:11,033 | INFO | fetch_order_book: mid=0.06587 spread=3.04bps bids=20 asks=20
2026-05-09 19:20:11,943 | INFO | SPREAD | pair=CHIP/USDC | cex=0.06586/0.06588 | dex_sell=0.0658608 dex_buy=0.0658777 | spread_a=-2.9bps spread_b=-2.7bps | min=30.0bps
2026-05-09 19:20:12,947 | INFO | fetch_order_book: symbol=CHIP/USDC limit=20
2026-05-09 19:20:13,285 | INFO | fetch_order_book: mid=0.06587 spread=3.04bps bids=20 asks=20
2026-05-09 19:20:14,194 | INFO | SPREAD | pair=CHIP/USDC | cex=0.06586/0.06588 | dex_sell=0.0658608 dex_buy=0.0658777 | spread_a=-2.9bps spread_b=-2.7bps | min=30.0bps
2026-05-09 19:20:15,197 | INFO | fetch_order_book: symbol=CHIP/USDC limit=20
2026-05-09 19:20:15,459 | INFO | fetch_order_book: mid=0.06587 spread=3.04bps bids=20 asks=20
2026-05-09 19:20:16,381 | INFO | SPREAD | pair=CHIP/USDC | cex=0.06586/0.06588 | dex_sell=0.0658608 dex_buy=0.0658777 | spread_a=-2.9bps spread_b=-2.7bps | min=30.0bps
2026-05-09 19:20:17,385 | INFO | fetch_order_book: symbol=CHIP/USDC limit=20
2026-05-09 19:20:17,655 | INFO | fetch_order_book: mid=0.065825 spread=1.52bps bids=20 asks=20
2026-05-09 19:20:18,554 | INFO | SPREAD | pair=CHIP/USDC | cex=0.06582/0.06583 | dex_sell=0.0658308 dex_buy=0.0658477 | spread_a=0.1bps spread_b=-4.2bps | min=30.0bps
2026-05-09 19:20:19,558 | INFO | fetch_order_book: symbol=CHIP/USDC limit=20
2026-05-09 19:20:19,900 | INFO | fetch_order_book: mid=0.065795 spread=4.56bps bids=20 asks=20
2026-05-09 19:20:20,827 | INFO | SPREAD | pair=CHIP/USDC | cex=0.06578/0.06581 | dex_sell=0.0658008 dex_buy=0.0658177 | spread_a=-1.4bps spread_b=-5.7bps | min=30.0bps
2026-05-09 19:20:21,830 | INFO | fetch_order_book: symbol=CHIP/USDC limit=20
2026-05-09 19:20:22,094 | INFO | fetch_order_book: mid=0.06582 spread=6.08bps bids=20 asks=20
2026-05-09 19:20:23,190 | INFO | SPREAD | pair=CHIP/USDC | cex=0.0658/0.06584 | dex_sell=0.0658008 dex_buy=0.0658177 | spread_a=-5.9bps spread_b=-2.7bps | min=30.0bps
2026-05-09 19:20:24,193 | INFO | fetch_order_book: symbol=CHIP/USDC limit=20
2026-05-09 19:20:24,452 | INFO | fetch_order_book: mid=0.065835 spread=7.59bps bids=20 asks=20
2026-05-09 19:20:25,322 | INFO | SPREAD | pair=CHIP/USDC | cex=0.06581/0.06586 | dex_sell=0.0658008 dex_buy=0.0658177 | spread_a=-9.0bps spread_b=-1.2bps | min=30.0bps
2026-05-09 19:20:26,325 | INFO | fetch_order_book: symbol=CHIP/USDC limit=20
2026-05-09 19:20:27,227 | INFO | fetch_order_book: mid=0.065815 spread=7.60bps bids=20 asks=20
2026-05-09 19:20:28,147 | INFO | SPREAD | pair=CHIP/USDC | cex=0.06579/0.06584 | dex_sell=0.0658008 dex_buy=0.0658177 | spread_a=-5.9bps spread_b=-4.2bps | min=30.0bps
2026-05-09 19:20:29,150 | INFO | fetch_order_book: symbol=CHIP/USDC limit=20
2026-05-09 19:20:29,642 | INFO | fetch_order_book: mid=0.06582 spread=6.08bps bids=20 asks=20
2026-05-09 19:20:30,598 | INFO | SPREAD | pair=CHIP/USDC | cex=0.0658/0.06584 | dex_sell=0.0658008 dex_buy=0.0658177 | spread_a=-5.9bps spread_b=-2.7bps | min=30.0bps
2026-05-09 19:20:31,602 | INFO | fetch_order_book: symbol=CHIP/USDC limit=20
2026-05-09 19:20:31,923 | INFO | fetch_order_book: mid=0.065815 spread=7.60bps bids=20 asks=20
2026-05-09 19:20:32,822 | INFO | SPREAD | pair=CHIP/USDC | cex=0.06579/0.06584 | dex_sell=0.0658008 dex_buy=0.0658177 | spread_a=-5.9bps spread_b=-4.2bps | min=30.0bps
2026-05-09 19:20:33,825 | INFO | fetch_order_book: symbol=CHIP/USDC limit=20
2026-05-09 19:20:34,136 | INFO | fetch_order_book: mid=0.06577 spread=3.04bps bids=20 asks=20
2026-05-09 19:20:35,015 | INFO | SPREAD | pair=CHIP/USDC | cex=0.06576/0.06578 | dex_sell=0.0657709 dex_buy=0.0657677 | spread_a=-1.4bps spread_b=-1.2bps | min=30.0bps
2026-05-09 19:20:36,018 | INFO | fetch_order_book: symbol=CHIP/USDC limit=20
2026-05-09 19:20:36,390 | INFO | fetch_order_book: mid=0.06575 spread=3.04bps bids=20 asks=20
2026-05-09 19:20:37,342 | INFO | SPREAD | pair=CHIP/USDC | cex=0.06574/0.06576 | dex_sell=0.0657508 dex_buy=0.0657677 | spread_a=-1.4bps spread_b=-4.2bps | min=30.0bps
2026-05-09 19:20:38,345 | INFO | fetch_order_book: symbol=CHIP/USDC limit=20
2026-05-09 19:20:38,641 | INFO | fetch_order_book: mid=0.065735 spread=4.56bps bids=20 asks=20
2026-05-09 19:20:39,583 | INFO | SPREAD | pair=CHIP/USDC | cex=0.06572/0.06575 | dex_sell=0.0657206 dex_buy=0.0657375 | spread_a=-4.5bps spread_b=-2.7bps | min=30.0bps
2026-05-09 19:20:40,586 | INFO | fetch_order_book: symbol=CHIP/USDC limit=20
2026-05-09 19:20:40,904 | INFO | fetch_order_book: mid=0.06574 spread=6.08bps bids=20 asks=20
2026-05-09 19:20:41,791 | INFO | SPREAD | pair=CHIP/USDC | cex=0.06572/0.06576 | dex_sell=0.0657206 dex_buy=0.0657375 | spread_a=-6.0bps spread_b=-2.7bps | min=30.0bps
2026-05-09 19:20:42,794 | INFO | fetch_order_book: symbol=CHIP/USDC limit=20
2026-05-09 19:20:43,150 | INFO | fetch_order_book: mid=0.06573 spread=3.04bps bids=20 asks=20
2026-05-09 19:20:44,094 | INFO | SPREAD | pair=CHIP/USDC | cex=0.06572/0.06574 | dex_sell=0.0657206 dex_buy=0.0657375 | spread_a=-3.0bps spread_b=-2.7bps | min=30.0bps
2026-05-09 19:20:45,098 | INFO | fetch_order_book: symbol=CHIP/USDC limit=20
2026-05-09 19:20:45,413 | INFO | fetch_order_book: mid=0.06573 spread=3.04bps bids=20 asks=20
2026-05-09 19:20:46,355 | INFO | SPREAD | pair=CHIP/USDC | cex=0.06572/0.06574 | dex_sell=0.0657206 dex_buy=0.0657375 | spread_a=-3.0bps spread_b=-2.7bps | min=30.0bps
2026-05-09 19:20:47,359 | INFO | fetch_order_book: symbol=CHIP/USDC limit=20
2026-05-09 19:20:47,687 | INFO | fetch_order_book: mid=0.06574 spread=6.08bps bids=20 asks=20
2026-05-09 19:20:48,626 | INFO | SPREAD | pair=CHIP/USDC | cex=0.06572/0.06576 | dex_sell=0.0657206 dex_buy=0.0657375 | spread_a=-6.0bps spread_b=-2.7bps | min=30.0bps
2026-05-09 19:20:49,630 | INFO | fetch_order_book: symbol=CHIP/USDC limit=20
2026-05-09 19:20:50,109 | INFO | fetch_order_book: mid=0.06573 spread=3.04bps bids=20 asks=20
2026-05-09 19:20:51,031 | INFO | SPREAD | pair=CHIP/USDC | cex=0.06572/0.06574 | dex_sell=0.0657206 dex_buy=0.0657375 | spread_a=-3.0bps spread_b=-2.7bps | min=30.0bps
2026-05-09 19:20:52,034 | INFO | fetch_order_book: symbol=CHIP/USDC limit=20
2026-05-09 19:20:52,366 | INFO | fetch_order_book: mid=0.065725 spread=1.52bps bids=20 asks=20
2026-05-09 19:20:53,280 | INFO | SPREAD | pair=CHIP/USDC | cex=0.06572/0.06573 | dex_sell=0.0657206 dex_buy=0.0657375 | spread_a=-1.4bps spread_b=-2.7bps | min=30.0bps
2026-05-09 19:20:54,283 | INFO | fetch_order_book: symbol=CHIP/USDC limit=20
2026-05-09 19:20:54,553 | INFO | fetch_order_book: mid=0.065725 spread=1.52bps bids=20 asks=20
2026-05-09 19:20:55,450 | INFO | SPREAD | pair=CHIP/USDC | cex=0.06572/0.06573 | dex_sell=0.0657206 dex_buy=0.0657375 | spread_a=-1.4bps spread_b=-2.7bps | min=30.0bps
2026-05-09 19:20:56,453 | INFO | fetch_order_book: symbol=CHIP/USDC limit=20
2026-05-09 19:20:56,709 | INFO | fetch_order_book: mid=0.065725 spread=1.52bps bids=20 asks=20
2026-05-09 19:20:57,631 | INFO | SPREAD | pair=CHIP/USDC | cex=0.06572/0.06573 | dex_sell=0.0657206 dex_buy=0.0657375 | spread_a=-1.4bps spread_b=-2.7bps | min=30.0bps
2026-05-09 19:20:58,634 | INFO | fetch_order_book: symbol=CHIP/USDC limit=20
2026-05-09 19:20:58,898 | INFO | fetch_order_book: mid=0.06571 spread=3.04bps bids=20 asks=20
2026-05-09 19:20:59,806 | INFO | SPREAD | pair=CHIP/USDC | cex=0.0657/0.06572 | dex_sell=0.0656907 dex_buy=0.0657076 | spread_a=-4.5bps spread_b=-1.2bps | min=30.0bps
2026-05-09 19:21:00,808 | INFO | fetch_order_book: symbol=CHIP/USDC limit=20
2026-05-09 19:21:01,066 | INFO | fetch_order_book: mid=0.06572 spread=6.09bps bids=20 asks=20
2026-05-09 19:21:01,985 | INFO | SPREAD | pair=CHIP/USDC | cex=0.0657/0.06574 | dex_sell=0.0656907 dex_buy=0.0657076 | spread_a=-7.5bps spread_b=-1.2bps | min=30.0bps
2026-05-09 19:21:02,988 | INFO | fetch_order_book: symbol=CHIP/USDC limit=20
2026-05-09 19:21:03,268 | INFO | fetch_order_book: mid=0.06573 spread=6.09bps bids=20 asks=20
2026-05-09 19:21:04,340 | INFO | SPREAD | pair=CHIP/USDC | cex=0.06571/0.06575 | dex_sell=0.0657171 dex_buy=0.0657339 | spread_a=-5.0bps spread_b=-3.6bps | min=30.0bps
2026-05-09 19:21:05,344 | INFO | fetch_order_book: symbol=CHIP/USDC limit=20
2026-05-09 19:21:05,609 | INFO | fetch_order_book: mid=0.065745 spread=4.56bps bids=20 asks=20
2026-05-09 19:21:06,492 | INFO | SPREAD | pair=CHIP/USDC | cex=0.06573/0.06576 | dex_sell=0.0657171 dex_buy=0.0657339 | spread_a=-6.5bps spread_b=-0.6bps | min=30.0bps
2026-05-09 19:21:07,496 | INFO | fetch_order_book: symbol=CHIP/USDC limit=20
2026-05-09 19:21:07,753 | INFO | fetch_order_book: mid=0.065745 spread=4.56bps bids=20 asks=20
2026-05-09 19:21:08,639 | INFO | SPREAD | pair=CHIP/USDC | cex=0.06573/0.06576 | dex_sell=0.0657171 dex_buy=0.0657339 | spread_a=-6.5bps spread_b=-0.6bps | min=30.0bps
2026-05-09 19:21:09,643 | INFO | fetch_order_book: symbol=CHIP/USDC limit=20
2026-05-09 19:21:09,909 | INFO | fetch_order_book: mid=0.065745 spread=4.56bps bids=20 asks=20
2026-05-09 19:21:10,810 | INFO | SPREAD | pair=CHIP/USDC | cex=0.06573/0.06576 | dex_sell=0.0657171 dex_buy=0.0657339 | spread_a=-6.5bps spread_b=-0.6bps | min=30.0bps
2026-05-09 19:21:11,812 | INFO | fetch_order_book: symbol=CHIP/USDC limit=20
2026-05-09 19:21:12,131 | INFO | fetch_order_book: mid=0.06574 spread=6.08bps bids=20 asks=20
2026-05-09 19:21:13,091 | INFO | SPREAD | pair=CHIP/USDC | cex=0.06572/0.06576 | dex_sell=0.0657171 dex_buy=0.0657339 | spread_a=-6.5bps spread_b=-2.1bps | min=30.0bps
2026-05-09 19:21:14,094 | INFO | fetch_order_book: symbol=CHIP/USDC limit=20
2026-05-09 19:21:14,358 | INFO | fetch_order_book: mid=0.065785 spread=4.56bps bids=20 asks=20
2026-05-09 19:21:15,267 | INFO | SPREAD | pair=CHIP/USDC | cex=0.06577/0.0658 | dex_sell=0.0657471 dex_buy=0.065794 | spread_a=-8.0bps spread_b=-3.6bps | min=30.0bps
2026-05-09 19:21:16,270 | INFO | fetch_order_book: symbol=CHIP/USDC limit=20
2026-05-09 19:21:16,534 | INFO | fetch_order_book: mid=0.06579 spread=3.04bps bids=20 asks=20
2026-05-09 19:21:17,506 | INFO | SPREAD | pair=CHIP/USDC | cex=0.06578/0.0658 | dex_sell=0.0657771 dex_buy=0.065794 | spread_a=-3.5bps spread_b=-2.1bps | min=30.0bps
2026-05-09 19:21:18,510 | INFO | fetch_order_book: symbol=CHIP/USDC limit=20
2026-05-09 19:21:18,784 | INFO | fetch_order_book: mid=0.065785 spread=4.56bps bids=20 asks=20
2026-05-09 19:21:19,663 | INFO | SPREAD | pair=CHIP/USDC | cex=0.06577/0.0658 | dex_sell=0.0657771 dex_buy=0.065794 | spread_a=-3.5bps spread_b=-3.6bps | min=30.0bps
2026-05-09 19:21:20,667 | INFO | fetch_order_book: symbol=CHIP/USDC limit=20
2026-05-09 19:21:20,931 | INFO | fetch_order_book: mid=0.065765 spread=7.60bps bids=20 asks=20
2026-05-09 19:21:21,861 | INFO | SPREAD | pair=CHIP/USDC | cex=0.06574/0.06579 | dex_sell=0.0657771 dex_buy=0.065794 | spread_a=-2.0bps spread_b=-8.2bps | min=30.0bps
2026-05-09 19:21:22,864 | INFO | fetch_order_book: symbol=CHIP/USDC limit=20
2026-05-09 19:21:23,128 | INFO | fetch_order_book: mid=0.065765 spread=7.60bps bids=20 asks=20
2026-05-09 19:21:24,072 | INFO | SPREAD | pair=CHIP/USDC | cex=0.06574/0.06579 | dex_sell=0.0657508 dex_buy=0.0657677 | spread_a=-6.0bps spread_b=-4.2bps | min=30.0bps
2026-05-09 19:21:25,075 | INFO | fetch_order_book: symbol=CHIP/USDC limit=20
2026-05-09 19:21:25,338 | INFO | fetch_order_book: mid=0.06575 spread=6.08bps bids=20 asks=20
2026-05-09 19:21:26,275 | INFO | SPREAD | pair=CHIP/USDC | cex=0.06573/0.06577 | dex_sell=0.0657508 dex_buy=0.0657677 | spread_a=-2.9bps spread_b=-5.7bps | min=30.0bps
2026-05-09 19:21:27,279 | INFO | fetch_order_book: symbol=CHIP/USDC limit=20
2026-05-09 19:21:27,542 | INFO | fetch_order_book: mid=0.06575 spread=6.08bps bids=20 asks=20
2026-05-09 19:21:28,491 | INFO | SPREAD | pair=CHIP/USDC | cex=0.06573/0.06577 | dex_sell=0.0657508 dex_buy=0.0657677 | spread_a=-2.9bps spread_b=-5.7bps | min=30.0bps
2026-05-09 19:21:29,495 | INFO | fetch_order_book: symbol=CHIP/USDC limit=20
2026-05-09 19:21:29,764 | INFO | fetch_order_book: mid=0.065735 spread=4.56bps bids=20 asks=20
2026-05-09 19:21:30,649 | INFO | SPREAD | pair=CHIP/USDC | cex=0.06572/0.06575 | dex_sell=0.0657508 dex_buy=0.0657378 | spread_a=0.1bps spread_b=-2.7bps | min=30.0bps
2026-05-09 19:21:31,652 | INFO | fetch_order_book: symbol=CHIP/USDC limit=20
2026-05-09 19:21:31,991 | INFO | fetch_order_book: mid=0.06573 spread=3.04bps bids=20 asks=20
2026-05-09 19:21:32,888 | INFO | SPREAD | pair=CHIP/USDC | cex=0.06572/0.06574 | dex_sell=0.0657209 dex_buy=0.0657378 | spread_a=-2.9bps spread_b=-2.7bps | min=30.0bps
2026-05-09 19:21:33,891 | INFO | fetch_order_book: symbol=CHIP/USDC limit=20
2026-05-09 19:21:34,256 | INFO | fetch_order_book: mid=0.06573 spread=3.04bps bids=20 asks=20
2026-05-09 19:21:35,165 | INFO | SPREAD | pair=CHIP/USDC | cex=0.06572/0.06574 | dex_sell=0.0657209 dex_buy=0.0657378 | spread_a=-2.9bps spread_b=-2.7bps | min=30.0bps
2026-05-09 19:21:36,168 | INFO | fetch_order_book: symbol=CHIP/USDC limit=20
2026-05-09 19:21:36,509 | INFO | fetch_order_book: mid=0.06573 spread=3.04bps bids=20 asks=20
2026-05-09 19:21:37,425 | INFO | SPREAD | pair=CHIP/USDC | cex=0.06572/0.06574 | dex_sell=0.0657209 dex_buy=0.0657378 | spread_a=-2.9bps spread_b=-2.7bps | min=30.0bps
2026-05-09 19:21:38,429 | INFO | fetch_order_book: symbol=CHIP/USDC limit=20
2026-05-09 19:21:38,696 | INFO | fetch_order_book: mid=0.06573 spread=3.04bps bids=20 asks=20
2026-05-09 19:21:39,850 | INFO | SPREAD | pair=CHIP/USDC | cex=0.06572/0.06574 | dex_sell=0.0657209 dex_buy=0.0657378 | spread_a=-2.9bps spread_b=-2.7bps | min=30.0bps
2026-05-09 19:21:40,853 | INFO | fetch_order_book: symbol=CHIP/USDC limit=20
2026-05-09 19:21:41,137 | INFO | fetch_order_book: mid=0.06573 spread=3.04bps bids=20 asks=20
2026-05-09 19:21:42,077 | INFO | SPREAD | pair=CHIP/USDC | cex=0.06572/0.06574 | dex_sell=0.0657209 dex_buy=0.0657378 | spread_a=-2.9bps spread_b=-2.7bps | min=30.0bps
2026-05-09 19:21:43,080 | INFO | fetch_order_book: symbol=CHIP/USDC limit=20
2026-05-09 19:21:43,339 | INFO | fetch_order_book: mid=0.06573 spread=3.04bps bids=20 asks=20
2026-05-09 19:21:44,301 | INFO | SPREAD | pair=CHIP/USDC | cex=0.06572/0.06574 | dex_sell=0.0657209 dex_buy=0.0657378 | spread_a=-2.9bps spread_b=-2.7bps | min=30.0bps
2026-05-09 19:21:45,305 | INFO | fetch_order_book: symbol=CHIP/USDC limit=20
2026-05-09 19:21:45,621 | INFO | fetch_order_book: mid=0.065725 spread=4.56bps bids=20 asks=20
2026-05-09 19:21:46,550 | INFO | SPREAD | pair=CHIP/USDC | cex=0.06571/0.06574 | dex_sell=0.0657209 dex_buy=0.0657378 | spread_a=-2.9bps spread_b=-4.2bps | min=30.0bps
2026-05-09 19:21:47,553 | INFO | fetch_order_book: symbol=CHIP/USDC limit=20
2026-05-09 19:21:47,809 | INFO | fetch_order_book: mid=0.065725 spread=4.56bps bids=20 asks=20
2026-05-09 19:21:48,769 | INFO | SPREAD | pair=CHIP/USDC | cex=0.06571/0.06574 | dex_sell=0.0657209 dex_buy=0.0657378 | spread_a=-2.9bps spread_b=-4.2bps | min=30.0bps
2026-05-09 19:21:49,773 | INFO | fetch_order_book: symbol=CHIP/USDC limit=20
2026-05-09 19:21:50,120 | INFO | fetch_order_book: mid=0.065755 spread=1.52bps bids=20 asks=20
2026-05-09 19:21:51,042 | INFO | SPREAD | pair=CHIP/USDC | cex=0.06575/0.06576 | dex_sell=0.065747 dex_buy=0.0657639 | spread_a=-2.0bps spread_b=-2.1bps | min=30.0bps
2026-05-09 19:21:52,044 | INFO | fetch_order_book: symbol=CHIP/USDC limit=20
2026-05-09 19:21:52,313 | INFO | fetch_order_book: mid=0.06577 spread=3.04bps bids=20 asks=20
2026-05-09 19:21:53,265 | INFO | SPREAD | pair=CHIP/USDC | cex=0.06576/0.06578 | dex_sell=0.065747 dex_buy=0.0657639 | spread_a=-5.0bps spread_b=-0.6bps | min=30.0bps
2026-05-09 19:21:54,268 | INFO | fetch_order_book: symbol=CHIP/USDC limit=20
2026-05-09 19:21:54,565 | INFO | fetch_order_book: mid=0.06579 spread=3.04bps bids=20 asks=20
2026-05-09 19:21:55,504 | INFO | SPREAD | pair=CHIP/USDC | cex=0.06578/0.0658 | dex_sell=0.065777 dex_buy=0.0657939 | spread_a=-3.5bps spread_b=-2.1bps | min=30.0bps
2026-05-09 19:21:56,507 | INFO | fetch_order_book: symbol=CHIP/USDC limit=20
2026-05-09 19:21:56,775 | INFO | fetch_order_book: mid=0.06577 spread=6.08bps bids=20 asks=20
2026-05-09 19:21:57,676 | INFO | SPREAD | pair=CHIP/USDC | cex=0.06575/0.06579 | dex_sell=0.065777 dex_buy=0.0657939 | spread_a=-2.0bps spread_b=-6.7bps | min=30.0bps
2026-05-09 19:21:58,680 | INFO | fetch_order_book: symbol=CHIP/USDC limit=20
2026-05-09 19:21:59,076 | INFO | fetch_order_book: mid=0.06577 spread=6.08bps bids=20 asks=20
2026-05-09 19:22:00,006 | INFO | SPREAD | pair=CHIP/USDC | cex=0.06575/0.06579 | dex_sell=0.065777 dex_buy=0.0657939 | spread_a=-2.0bps spread_b=-6.7bps | min=30.0bps
2026-05-09 19:22:01,009 | INFO | fetch_order_book: symbol=CHIP/USDC limit=20
2026-05-09 19:22:01,273 | INFO | fetch_order_book: mid=0.06577 spread=6.08bps bids=20 asks=20
2026-05-09 19:22:02,152 | INFO | SPREAD | pair=CHIP/USDC | cex=0.06575/0.06579 | dex_sell=0.065777 dex_buy=0.0657939 | spread_a=-2.0bps spread_b=-6.7bps | min=30.0bps
2026-05-09 19:22:03,154 | INFO | fetch_order_book: symbol=CHIP/USDC limit=20
2026-05-09 19:22:03,520 | INFO | fetch_order_book: mid=0.06576 spread=6.08bps bids=20 asks=20
2026-05-09 19:22:04,466 | INFO | SPREAD | pair=CHIP/USDC | cex=0.06574/0.06578 | dex_sell=0.0657507 dex_buy=0.0657676 | spread_a=-4.5bps spread_b=-4.2bps | min=30.0bps
2026-05-09 19:22:05,469 | INFO | fetch_order_book: symbol=CHIP/USDC limit=20
2026-05-09 19:22:05,762 | INFO | fetch_order_book: mid=0.06577 spread=6.08bps bids=20 asks=20
2026-05-09 19:22:06,680 | INFO | SPREAD | pair=CHIP/USDC | cex=0.06575/0.06579 | dex_sell=0.0657507 dex_buy=0.0657676 | spread_a=-6.0bps spread_b=-2.7bps | min=30.0bps
2026-05-09 19:22:07,683 | INFO | fetch_order_book: symbol=CHIP/USDC limit=20
2026-05-09 19:22:07,941 | INFO | fetch_order_book: mid=0.06576 spread=6.08bps bids=20 asks=20
2026-05-09 19:22:08,859 | INFO | SPREAD | pair=CHIP/USDC | cex=0.06574/0.06578 | dex_sell=0.0657507 dex_buy=0.0657676 | spread_a=-4.5bps spread_b=-4.2bps | min=30.0bps
2026-05-09 19:22:09,862 | INFO | fetch_order_book: symbol=CHIP/USDC limit=20
2026-05-09 19:22:10,122 | INFO | fetch_order_book: mid=0.06576 spread=6.08bps bids=20 asks=20
2026-05-09 19:22:11,026 | INFO | SPREAD | pair=CHIP/USDC | cex=0.06574/0.06578 | dex_sell=0.0657507 dex_buy=0.0657676 | spread_a=-4.5bps spread_b=-4.2bps | min=30.0bps
2026-05-09 19:22:12,030 | INFO | fetch_order_book: symbol=CHIP/USDC limit=20
2026-05-09 19:22:12,337 | INFO | fetch_order_book: mid=0.06577 spread=6.08bps bids=20 asks=20
2026-05-09 19:22:13,358 | INFO | SPREAD | pair=CHIP/USDC | cex=0.06575/0.06579 | dex_sell=0.0657507 dex_buy=0.0657676 | spread_a=-6.0bps spread_b=-2.7bps | min=30.0bps
2026-05-09 19:22:14,360 | INFO | fetch_order_book: symbol=CHIP/USDC limit=20
2026-05-09 19:22:14,699 | INFO | fetch_order_book: mid=0.06577 spread=6.08bps bids=20 asks=20
2026-05-09 19:22:15,610 | INFO | SPREAD | pair=CHIP/USDC | cex=0.06575/0.06579 | dex_sell=0.0657507 dex_buy=0.0657676 | spread_a=-6.0bps spread_b=-2.7bps | min=30.0bps
2026-05-09 19:22:16,613 | INFO | fetch_order_book: symbol=CHIP/USDC limit=20
2026-05-09 19:22:16,874 | INFO | fetch_order_book: mid=0.065785 spread=4.56bps bids=20 asks=20
2026-05-09 19:22:17,754 | INFO | SPREAD | pair=CHIP/USDC | cex=0.06577/0.0658 | dex_sell=0.0657507 dex_buy=0.0657676 | spread_a=-7.5bps spread_b=0.4bps | min=30.0bps
2026-05-09 19:22:18,757 | INFO | fetch_order_book: symbol=CHIP/USDC limit=20
2026-05-09 19:22:19,098 | INFO | fetch_order_book: mid=0.065785 spread=4.56bps bids=20 asks=20
2026-05-09 19:22:20,016 | INFO | SPREAD | pair=CHIP/USDC | cex=0.06577/0.0658 | dex_sell=0.0657771 dex_buy=0.065794 | spread_a=-3.5bps spread_b=-3.6bps | min=30.0bps
2026-05-09 19:22:21,019 | INFO | fetch_order_book: symbol=CHIP/USDC limit=20
2026-05-09 19:22:21,351 | INFO | fetch_order_book: mid=0.065785 spread=4.56bps bids=20 asks=20
2026-05-09 19:22:22,248 | INFO | SPREAD | pair=CHIP/USDC | cex=0.06577/0.0658 | dex_sell=0.0657771 dex_buy=0.065794 | spread_a=-3.5bps spread_b=-3.6bps | min=30.0bps
2026-05-09 19:22:23,251 | INFO | fetch_order_book: symbol=CHIP/USDC limit=20
2026-05-09 19:22:23,508 | INFO | fetch_order_book: mid=0.065795 spread=1.52bps bids=20 asks=20
2026-05-09 19:22:24,431 | INFO | SPREAD | pair=CHIP/USDC | cex=0.06579/0.0658 | dex_sell=0.0657771 dex_buy=0.065794 | spread_a=-3.5bps spread_b=-0.6bps | min=30.0bps
2026-05-09 19:22:25,434 | INFO | fetch_order_book: symbol=CHIP/USDC limit=20
2026-05-09 19:22:25,704 | INFO | fetch_order_book: mid=0.065805 spread=1.52bps bids=20 asks=20
2026-05-09 19:22:26,627 | INFO | SPREAD | pair=CHIP/USDC | cex=0.0658/0.06581 | dex_sell=0.0657771 dex_buy=0.065794 | spread_a=-5.0bps spread_b=0.9bps | min=30.0bps
2026-05-09 19:22:27,630 | INFO | fetch_order_book: symbol=CHIP/USDC limit=20
2026-05-09 19:22:27,885 | INFO | fetch_order_book: mid=0.06581 spread=3.04bps bids=20 asks=20
2026-05-09 19:22:28,803 | INFO | SPREAD | pair=CHIP/USDC | cex=0.0658/0.06582 | dex_sell=0.0657771 dex_buy=0.065794 | spread_a=-6.5bps spread_b=0.9bps | min=30.0bps
2026-05-09 19:22:29,806 | INFO | fetch_order_book: symbol=CHIP/USDC limit=20
2026-05-09 19:22:30,155 | INFO | fetch_order_book: mid=0.06581 spread=3.04bps bids=20 asks=20
2026-05-09 19:22:31,061 | INFO | SPREAD | pair=CHIP/USDC | cex=0.0658/0.06582 | dex_sell=0.0657771 dex_buy=0.065794 | spread_a=-6.5bps spread_b=0.9bps | min=30.0bps
2026-05-09 19:22:32,064 | INFO | fetch_order_book: symbol=CHIP/USDC limit=20
2026-05-09 19:22:32,330 | INFO | fetch_order_book: mid=0.06583 spread=3.04bps bids=20 asks=20
2026-05-09 19:22:33,289 | INFO | SPREAD | pair=CHIP/USDC | cex=0.06582/0.06584 | dex_sell=0.0658171 dex_buy=0.065834 | spread_a=-3.5bps spread_b=-2.1bps | min=30.0bps
2026-05-09 19:22:34,292 | INFO | fetch_order_book: symbol=CHIP/USDC limit=20
2026-05-09 19:22:34,555 | INFO | fetch_order_book: mid=0.065835 spread=1.52bps bids=20 asks=20
2026-05-09 19:22:35,451 | INFO | SPREAD | pair=CHIP/USDC | cex=0.06583/0.06584 | dex_sell=0.0658171 dex_buy=0.065834 | spread_a=-3.5bps spread_b=-0.6bps | min=30.0bps
2026-05-09 19:22:36,455 | INFO | fetch_order_book: symbol=CHIP/USDC limit=20
2026-05-09 19:22:36,811 | INFO | fetch_order_book: mid=0.065835 spread=1.52bps bids=20 asks=20
2026-05-09 19:22:37,740 | INFO | SPREAD | pair=CHIP/USDC | cex=0.06583/0.06584 | dex_sell=0.0658171 dex_buy=0.065834 | spread_a=-3.5bps spread_b=-0.6bps | min=30.0bps
2026-05-09 19:22:38,743 | INFO | fetch_order_book: symbol=CHIP/USDC limit=20
2026-05-09 19:22:39,005 | INFO | fetch_order_book: mid=0.06583 spread=3.04bps bids=20 asks=20
2026-05-09 19:22:39,915 | INFO | SPREAD | pair=CHIP/USDC | cex=0.06582/0.06584 | dex_sell=0.0658171 dex_buy=0.065834 | spread_a=-3.5bps spread_b=-2.1bps | min=30.0bps
2026-05-09 19:22:40,919 | INFO | fetch_order_book: symbol=CHIP/USDC limit=20
2026-05-09 19:22:41,181 | INFO | fetch_order_book: mid=0.065815 spread=4.56bps bids=20 asks=20
2026-05-09 19:22:42,076 | INFO | SPREAD | pair=CHIP/USDC | cex=0.0658/0.06583 | dex_sell=0.0658171 dex_buy=0.065834 | spread_a=-2.0bps spread_b=-5.2bps | min=30.0bps
2026-05-09 19:22:43,079 | INFO | fetch_order_book: symbol=CHIP/USDC limit=20
2026-05-09 19:22:43,343 | INFO | fetch_order_book: mid=0.06582 spread=6.08bps bids=20 asks=20
2026-05-09 19:22:44,252 | INFO | SPREAD | pair=CHIP/USDC | cex=0.0658/0.06584 | dex_sell=0.0658171 dex_buy=0.065834 | spread_a=-3.5bps spread_b=-5.2bps | min=30.0bps
2026-05-09 19:22:45,256 | INFO | fetch_order_book: symbol=CHIP/USDC limit=20
2026-05-09 19:22:45,516 | INFO | fetch_order_book: mid=0.065795 spread=1.52bps bids=20 asks=20
2026-05-09 19:22:46,499 | INFO | SPREAD | pair=CHIP/USDC | cex=0.06579/0.0658 | dex_sell=0.0658171 dex_buy=0.065834 | spread_a=2.6bps spread_b=-6.7bps | min=30.0bps
2026-05-09 19:22:47,503 | INFO | fetch_order_book: symbol=CHIP/USDC limit=20
2026-05-09 19:22:47,765 | INFO | fetch_order_book: mid=0.06579 spread=3.04bps bids=20 asks=20
2026-05-09 19:22:48,643 | INFO | SPREAD | pair=CHIP/USDC | cex=0.06578/0.0658 | dex_sell=0.0658171 dex_buy=0.065834 | spread_a=2.6bps spread_b=-8.2bps | min=30.0bps
2026-05-09 19:22:49,646 | INFO | fetch_order_book: symbol=CHIP/USDC limit=20
2026-05-09 19:22:49,906 | INFO | fetch_order_book: mid=0.065785 spread=1.52bps bids=20 asks=20
2026-05-09 19:22:50,807 | INFO | SPREAD | pair=CHIP/USDC | cex=0.06578/0.06579 | dex_sell=0.0657908 dex_buy=0.0658077 | spread_a=0.1bps spread_b=-4.2bps | min=30.0bps
2026-05-09 19:22:51,810 | INFO | fetch_order_book: symbol=CHIP/USDC limit=20
2026-05-09 19:22:52,176 | INFO | fetch_order_book: mid=0.065785 spread=1.52bps bids=20 asks=20
2026-05-09 19:22:53,059 | INFO | SPREAD | pair=CHIP/USDC | cex=0.06578/0.06579 | dex_sell=0.0657908 dex_buy=0.0658077 | spread_a=0.1bps spread_b=-4.2bps | min=30.0bps
2026-05-09 19:22:54,061 | INFO | fetch_order_book: symbol=CHIP/USDC limit=20
2026-05-09 19:22:54,426 | INFO | fetch_order_book: mid=0.065765 spread=1.52bps bids=20 asks=20
2026-05-09 19:22:55,374 | INFO | SPREAD | pair=CHIP/USDC | cex=0.06576/0.06577 | dex_sell=0.0657609 dex_buy=0.0657778 | spread_a=-1.4bps spread_b=-2.7bps | min=30.0bps
2026-05-09 19:22:56,378 | INFO | fetch_order_book: symbol=CHIP/USDC limit=20
2026-05-09 19:22:56,677 | INFO | fetch_order_book: mid=0.06578 spread=6.08bps bids=20 asks=20
2026-05-09 19:22:57,589 | INFO | SPREAD | pair=CHIP/USDC | cex=0.06576/0.0658 | dex_sell=0.0657609 dex_buy=0.0657778 | spread_a=-5.9bps spread_b=-2.7bps | min=30.0bps
2026-05-09 19:22:58,593 | INFO | fetch_order_book: symbol=CHIP/USDC limit=20
2026-05-09 19:22:58,854 | INFO | fetch_order_book: mid=0.065785 spread=4.56bps bids=20 asks=20
2026-05-09 19:22:59,737 | INFO | SPREAD | pair=CHIP/USDC | cex=0.06577/0.0658 | dex_sell=0.0657609 dex_buy=0.0657778 | spread_a=-5.9bps spread_b=-1.2bps | min=30.0bps
2026-05-09 19:23:00,740 | INFO | fetch_order_book: symbol=CHIP/USDC limit=20
2026-05-09 19:23:01,081 | INFO | fetch_order_book: mid=0.065785 spread=4.56bps bids=20 asks=20
2026-05-09 19:23:02,038 | INFO | SPREAD | pair=CHIP/USDC | cex=0.06577/0.0658 | dex_sell=0.0657609 dex_buy=0.0657778 | spread_a=-5.9bps spread_b=-1.2bps | min=30.0bps
2026-05-09 19:23:03,041 | INFO | fetch_order_book: symbol=CHIP/USDC limit=20
2026-05-09 19:23:03,323 | INFO | fetch_order_book: mid=0.06579 spread=6.08bps bids=20 asks=20
2026-05-09 19:23:04,265 | INFO | SPREAD | pair=CHIP/USDC | cex=0.06577/0.06581 | dex_sell=0.065787 dex_buy=0.0658039 | spread_a=-3.5bps spread_b=-5.2bps | min=30.0bps
2026-05-09 19:23:05,269 | INFO | fetch_order_book: symbol=CHIP/USDC limit=20
2026-05-09 19:23:05,561 | INFO | fetch_order_book: mid=0.06579 spread=6.08bps bids=20 asks=20
2026-05-09 19:23:06,475 | INFO | SPREAD | pair=CHIP/USDC | cex=0.06577/0.06581 | dex_sell=0.065787 dex_buy=0.0658039 | spread_a=-3.5bps spread_b=-5.2bps | min=30.0bps
2026-05-09 19:23:07,478 | INFO | fetch_order_book: symbol=CHIP/USDC limit=20
2026-05-09 19:23:07,742 | INFO | fetch_order_book: mid=0.06579 spread=6.08bps bids=20 asks=20
2026-05-09 19:23:08,647 | INFO | SPREAD | pair=CHIP/USDC | cex=0.06577/0.06581 | dex_sell=0.065787 dex_buy=0.0658039 | spread_a=-3.5bps spread_b=-5.2bps | min=30.0bps
2026-05-09 19:23:09,651 | INFO | fetch_order_book: symbol=CHIP/USDC limit=20
2026-05-09 19:23:09,996 | INFO | fetch_order_book: mid=0.065765 spread=1.52bps bids=20 asks=20
2026-05-09 19:23:10,892 | INFO | SPREAD | pair=CHIP/USDC | cex=0.06576/0.06577 | dex_sell=0.0657607 dex_buy=0.0657776 | spread_a=-1.4bps spread_b=-2.7bps | min=30.0bps
2026-05-09 19:23:11,896 | INFO | fetch_order_book: symbol=CHIP/USDC limit=20
2026-05-09 19:23:12,242 | INFO | fetch_order_book: mid=0.06579 spread=6.08bps bids=20 asks=20
2026-05-09 19:23:13,164 | INFO | SPREAD | pair=CHIP/USDC | cex=0.06577/0.06581 | dex_sell=0.0657607 dex_buy=0.0657776 | spread_a=-7.5bps spread_b=-1.2bps | min=30.0bps
2026-05-09 19:23:14,168 | INFO | fetch_order_book: symbol=CHIP/USDC limit=20
2026-05-09 19:23:14,506 | INFO | fetch_order_book: mid=0.065795 spread=7.60bps bids=20 asks=20
2026-05-09 19:23:15,450 | INFO | SPREAD | pair=CHIP/USDC | cex=0.06577/0.06582 | dex_sell=0.0657607 dex_buy=0.0657776 | spread_a=-9.0bps spread_b=-1.2bps | min=30.0bps
2026-05-09 19:23:16,454 | INFO | fetch_order_book: symbol=CHIP/USDC limit=20
2026-05-09 19:23:16,713 | INFO | fetch_order_book: mid=0.065785 spread=7.60bps bids=20 asks=20
2026-05-09 19:23:17,593 | INFO | SPREAD | pair=CHIP/USDC | cex=0.06576/0.06581 | dex_sell=0.0657607 dex_buy=0.0657776 | spread_a=-7.5bps spread_b=-2.7bps | min=30.0bps
2026-05-09 19:23:18,597 | INFO | fetch_order_book: symbol=CHIP/USDC limit=20
2026-05-09 19:23:18,866 | INFO | fetch_order_book: mid=0.065785 spread=7.60bps bids=20 asks=20
2026-05-09 19:23:19,781 | INFO | SPREAD | pair=CHIP/USDC | cex=0.06576/0.06581 | dex_sell=0.0657607 dex_buy=0.0657776 | spread_a=-7.5bps spread_b=-2.7bps | min=30.0bps
2026-05-09 19:23:20,784 | INFO | fetch_order_book: symbol=CHIP/USDC limit=20
2026-05-09 19:23:21,049 | INFO | fetch_order_book: mid=0.065785 spread=7.60bps bids=20 asks=20
2026-05-09 19:23:22,002 | INFO | SPREAD | pair=CHIP/USDC | cex=0.06576/0.06581 | dex_sell=0.0657607 dex_buy=0.0657776 | spread_a=-7.5bps spread_b=-2.7bps | min=30.0bps
2026-05-09 19:23:23,006 | INFO | fetch_order_book: symbol=CHIP/USDC limit=20
2026-05-09 19:23:23,327 | INFO | fetch_order_book: mid=0.065785 spread=7.60bps bids=20 asks=20
2026-05-09 19:23:24,201 | INFO | SPREAD | pair=CHIP/USDC | cex=0.06576/0.06581 | dex_sell=0.0657607 dex_buy=0.0657776 | spread_a=-7.5bps spread_b=-2.7bps | min=30.0bps
2026-05-09 19:23:25,205 | INFO | fetch_order_book: symbol=CHIP/USDC limit=20
2026-05-09 19:23:25,473 | INFO | fetch_order_book: mid=0.06579 spread=6.08bps bids=20 asks=20
2026-05-09 19:23:26,428 | INFO | SPREAD | pair=CHIP/USDC | cex=0.06577/0.06581 | dex_sell=0.0657607 dex_buy=0.0657776 | spread_a=-7.5bps spread_b=-1.2bps | min=30.0bps
2026-05-09 19:23:27,431 | INFO | fetch_order_book: symbol=CHIP/USDC limit=20
2026-05-09 19:23:27,692 | INFO | fetch_order_book: mid=0.06579 spread=6.08bps bids=20 asks=20
2026-05-09 19:23:28,604 | INFO | SPREAD | pair=CHIP/USDC | cex=0.06577/0.06581 | dex_sell=0.0657607 dex_buy=0.0657776 | spread_a=-7.5bps spread_b=-1.2bps | min=30.0bps
2026-05-09 19:23:29,607 | INFO | fetch_order_book: symbol=CHIP/USDC limit=20
2026-05-09 19:23:29,870 | INFO | fetch_order_book: mid=0.065785 spread=7.60bps bids=20 asks=20
2026-05-09 19:23:30,806 | INFO | SPREAD | pair=CHIP/USDC | cex=0.06576/0.06581 | dex_sell=0.0657607 dex_buy=0.0657776 | spread_a=-7.5bps spread_b=-2.7bps | min=30.0bps
2026-05-09 19:23:31,810 | INFO | fetch_order_book: symbol=CHIP/USDC limit=20
2026-05-09 19:23:32,132 | INFO | fetch_order_book: mid=0.065785 spread=7.60bps bids=20 asks=20
2026-05-09 19:23:33,041 | INFO | SPREAD | pair=CHIP/USDC | cex=0.06576/0.06581 | dex_sell=0.0657607 dex_buy=0.0657776 | spread_a=-7.5bps spread_b=-2.7bps | min=30.0bps
2026-05-09 19:23:34,044 | INFO | fetch_order_book: symbol=CHIP/USDC limit=20
2026-05-09 19:23:34,313 | INFO | fetch_order_book: mid=0.065785 spread=7.60bps bids=20 asks=20
2026-05-09 19:23:35,227 | INFO | SPREAD | pair=CHIP/USDC | cex=0.06576/0.06581 | dex_sell=0.0657607 dex_buy=0.0657776 | spread_a=-7.5bps spread_b=-2.7bps | min=30.0bps
2026-05-09 19:23:36,231 | INFO | fetch_order_book: symbol=CHIP/USDC limit=20
2026-05-09 19:23:36,632 | INFO | fetch_order_book: mid=0.065785 spread=7.60bps bids=20 asks=20
2026-05-09 19:23:37,573 | INFO | SPREAD | pair=CHIP/USDC | cex=0.06576/0.06581 | dex_sell=0.0657607 dex_buy=0.0657776 | spread_a=-7.5bps spread_b=-2.7bps | min=30.0bps
2026-05-09 19:23:38,577 | INFO | fetch_order_book: symbol=CHIP/USDC limit=20
2026-05-09 19:23:38,849 | INFO | fetch_order_book: mid=0.065785 spread=7.60bps bids=20 asks=20
2026-05-09 19:23:39,778 | INFO | SPREAD | pair=CHIP/USDC | cex=0.06576/0.06581 | dex_sell=0.0657607 dex_buy=0.0657776 | spread_a=-7.5bps spread_b=-2.7bps | min=30.0bps
2026-05-09 19:23:40,781 | INFO | fetch_order_book: symbol=CHIP/USDC limit=20
2026-05-09 19:23:41,120 | INFO | fetch_order_book: mid=0.06579 spread=6.08bps bids=20 asks=20
2026-05-09 19:23:42,019 | INFO | SPREAD | pair=CHIP/USDC | cex=0.06577/0.06581 | dex_sell=0.0657607 dex_buy=0.0657776 | spread_a=-7.5bps spread_b=-1.2bps | min=30.0bps
2026-05-09 19:23:43,023 | INFO | fetch_order_book: symbol=CHIP/USDC limit=20
2026-05-09 19:23:43,279 | INFO | fetch_order_book: mid=0.06579 spread=6.08bps bids=20 asks=20
2026-05-09 19:23:44,165 | INFO | SPREAD | pair=CHIP/USDC | cex=0.06577/0.06581 | dex_sell=0.0657607 dex_buy=0.0657776 | spread_a=-7.5bps spread_b=-1.2bps | min=30.0bps
2026-05-09 19:23:45,168 | INFO | fetch_order_book: symbol=CHIP/USDC limit=20
2026-05-09 19:23:45,437 | INFO | fetch_order_book: mid=0.065785 spread=7.60bps bids=20 asks=20
2026-05-09 19:23:46,367 | INFO | SPREAD | pair=CHIP/USDC | cex=0.06576/0.06581 | dex_sell=0.0657607 dex_buy=0.0657776 | spread_a=-7.5bps spread_b=-2.7bps | min=30.0bps
2026-05-09 19:23:47,370 | INFO | fetch_order_book: symbol=CHIP/USDC limit=20
2026-05-09 19:23:47,642 | INFO | fetch_order_book: mid=0.065785 spread=7.60bps bids=20 asks=20
2026-05-09 19:23:48,537 | INFO | SPREAD | pair=CHIP/USDC | cex=0.06576/0.06581 | dex_sell=0.0657607 dex_buy=0.0657776 | spread_a=-7.5bps spread_b=-2.7bps | min=30.0bps
2026-05-09 19:23:49,540 | INFO | fetch_order_book: symbol=CHIP/USDC limit=20
2026-05-09 19:23:49,799 | INFO | fetch_order_book: mid=0.065785 spread=7.60bps bids=20 asks=20
2026-05-09 19:23:50,710 | INFO | SPREAD | pair=CHIP/USDC | cex=0.06576/0.06581 | dex_sell=0.0657607 dex_buy=0.0657776 | spread_a=-7.5bps spread_b=-2.7bps | min=30.0bps
2026-05-09 19:23:51,712 | INFO | fetch_order_book: symbol=CHIP/USDC limit=20
2026-05-09 19:23:52,090 | INFO | fetch_order_book: mid=0.06579 spread=6.08bps bids=20 asks=20
2026-05-09 19:23:53,018 | INFO | SPREAD | pair=CHIP/USDC | cex=0.06577/0.06581 | dex_sell=0.0657607 dex_buy=0.0657776 | spread_a=-7.5bps spread_b=-1.2bps | min=30.0bps
2026-05-09 19:23:54,021 | INFO | fetch_order_book: symbol=CHIP/USDC limit=20
2026-05-09 19:23:54,434 | INFO | fetch_order_book: mid=0.065795 spread=7.60bps bids=20 asks=20
2026-05-09 19:23:55,353 | INFO | SPREAD | pair=CHIP/USDC | cex=0.06577/0.06582 | dex_sell=0.0657607 dex_buy=0.0657776 | spread_a=-9.0bps spread_b=-1.2bps | min=30.0bps
2026-05-09 19:23:56,356 | INFO | fetch_order_book: symbol=CHIP/USDC limit=20
2026-05-09 19:23:56,624 | INFO | fetch_order_book: mid=0.065795 spread=7.60bps bids=20 asks=20
2026-05-09 19:23:57,536 | INFO | SPREAD | pair=CHIP/USDC | cex=0.06577/0.06582 | dex_sell=0.0657607 dex_buy=0.0657776 | spread_a=-9.0bps spread_b=-1.2bps | min=30.0bps
2026-05-09 19:23:58,540 | INFO | fetch_order_book: symbol=CHIP/USDC limit=20
2026-05-09 19:23:58,840 | INFO | fetch_order_book: mid=0.06579 spread=6.08bps bids=20 asks=20
2026-05-09 19:23:59,761 | INFO | SPREAD | pair=CHIP/USDC | cex=0.06577/0.06581 | dex_sell=0.0657607 dex_buy=0.0657776 | spread_a=-7.5bps spread_b=-1.2bps | min=30.0bps
2026-05-09 19:24:00,764 | INFO | fetch_order_book: symbol=CHIP/USDC limit=20
2026-05-09 19:24:01,024 | INFO | fetch_order_book: mid=0.06579 spread=6.08bps bids=20 asks=20
2026-05-09 19:24:01,950 | INFO | SPREAD | pair=CHIP/USDC | cex=0.06577/0.06581 | dex_sell=0.0657607 dex_buy=0.0657776 | spread_a=-7.5bps spread_b=-1.2bps | min=30.0bps
2026-05-09 19:24:02,952 | INFO | fetch_order_book: symbol=CHIP/USDC limit=20
2026-05-09 19:24:03,238 | INFO | fetch_order_book: mid=0.065785 spread=7.60bps bids=20 asks=20
2026-05-09 19:24:04,137 | INFO | SPREAD | pair=CHIP/USDC | cex=0.06576/0.06581 | dex_sell=0.0657607 dex_buy=0.0657776 | spread_a=-7.5bps spread_b=-2.7bps | min=30.0bps
2026-05-09 19:24:05,141 | INFO | fetch_order_book: symbol=CHIP/USDC limit=20
2026-05-09 19:24:05,400 | INFO | fetch_order_book: mid=0.065785 spread=7.60bps bids=20 asks=20
2026-05-09 19:24:06,287 | INFO | SPREAD | pair=CHIP/USDC | cex=0.06576/0.06581 | dex_sell=0.0657607 dex_buy=0.0657776 | spread_a=-7.5bps spread_b=-2.7bps | min=30.0bps
2026-05-09 19:24:07,290 | INFO | fetch_order_book: symbol=CHIP/USDC limit=20
2026-05-09 19:24:07,551 | INFO | fetch_order_book: mid=0.065785 spread=7.60bps bids=20 asks=20
2026-05-09 19:24:08,471 | INFO | SPREAD | pair=CHIP/USDC | cex=0.06576/0.06581 | dex_sell=0.0657607 dex_buy=0.0657776 | spread_a=-7.5bps spread_b=-2.7bps | min=30.0bps
2026-05-09 19:24:09,475 | INFO | fetch_order_book: symbol=CHIP/USDC limit=20
2026-05-09 19:24:09,795 | INFO | fetch_order_book: mid=0.06579 spread=6.08bps bids=20 asks=20
2026-05-09 19:24:10,680 | INFO | SPREAD | pair=CHIP/USDC | cex=0.06577/0.06581 | dex_sell=0.0657607 dex_buy=0.0657776 | spread_a=-7.5bps spread_b=-1.2bps | min=30.0bps
2026-05-09 19:24:11,684 | INFO | fetch_order_book: symbol=CHIP/USDC limit=20
2026-05-09 19:24:12,356 | INFO | fetch_order_book: mid=0.065785 spread=7.60bps bids=20 asks=20
2026-05-09 19:24:13,254 | INFO | SPREAD | pair=CHIP/USDC | cex=0.06576/0.06581 | dex_sell=0.0657607 dex_buy=0.0657776 | spread_a=-7.5bps spread_b=-2.7bps | min=30.0bps
2026-05-09 19:24:14,258 | INFO | fetch_order_book: symbol=CHIP/USDC limit=20
2026-05-09 19:24:14,520 | INFO | fetch_order_book: mid=0.065785 spread=7.60bps bids=20 asks=20
2026-05-09 19:24:15,415 | INFO | SPREAD | pair=CHIP/USDC | cex=0.06576/0.06581 | dex_sell=0.0657607 dex_buy=0.0657776 | spread_a=-7.5bps spread_b=-2.7bps | min=30.0bps
2026-05-09 19:24:16,418 | INFO | fetch_order_book: symbol=CHIP/USDC limit=20
2026-05-09 19:24:16,760 | INFO | fetch_order_book: mid=0.06577 spread=3.04bps bids=20 asks=20
2026-05-09 19:24:17,663 | INFO | SPREAD | pair=CHIP/USDC | cex=0.06576/0.06578 | dex_sell=0.0657607 dex_buy=0.0657776 | spread_a=-2.9bps spread_b=-2.7bps | min=30.0bps
2026-05-09 19:24:18,666 | INFO | fetch_order_book: symbol=CHIP/USDC limit=20
2026-05-09 19:24:18,923 | INFO | fetch_order_book: mid=0.06577 spread=3.04bps bids=20 asks=20
2026-05-09 19:24:19,843 | INFO | SPREAD | pair=CHIP/USDC | cex=0.06576/0.06578 | dex_sell=0.0657607 dex_buy=0.0657776 | spread_a=-2.9bps spread_b=-2.7bps | min=30.0bps
2026-05-09 19:24:20,846 | INFO | fetch_order_book: symbol=CHIP/USDC limit=20
2026-05-09 19:24:21,162 | INFO | fetch_order_book: mid=0.06575 spread=3.04bps bids=20 asks=20
2026-05-09 19:24:22,042 | INFO | SPREAD | pair=CHIP/USDC | cex=0.06574/0.06576 | dex_sell=0.0657607 dex_buy=0.0657776 | spread_a=0.1bps spread_b=-5.7bps | min=30.0bps
2026-05-09 19:24:23,046 | INFO | fetch_order_book: symbol=CHIP/USDC limit=20
2026-05-09 19:24:23,420 | INFO | fetch_order_book: mid=0.06575 spread=3.04bps bids=20 asks=20
2026-05-09 19:24:24,317 | INFO | SPREAD | pair=CHIP/USDC | cex=0.06574/0.06576 | dex_sell=0.0657308 dex_buy=0.0657477 | spread_a=-4.4bps spread_b=-1.2bps | min=30.0bps
2026-05-09 19:24:25,321 | INFO | fetch_order_book: symbol=CHIP/USDC limit=20
2026-05-09 19:24:25,599 | INFO | fetch_order_book: mid=0.06581 spread=3.04bps bids=20 asks=20
2026-05-09 19:24:26,561 | INFO | SPREAD | pair=CHIP/USDC | cex=0.0658/0.06582 | dex_sell=0.0657569 dex_buy=0.0658138 | spread_a=-9.6bps spread_b=-2.1bps | min=30.0bps
2026-05-09 19:24:27,565 | INFO | fetch_order_book: symbol=CHIP/USDC limit=20
2026-05-09 19:24:27,928 | INFO | fetch_order_book: mid=0.06583 spread=3.04bps bids=20 asks=20
2026-05-09 19:24:28,861 | INFO | SPREAD | pair=CHIP/USDC | cex=0.06582/0.06584 | dex_sell=0.0657969 dex_buy=0.0658138 | spread_a=-6.5bps spread_b=0.9bps | min=30.0bps
2026-05-09 19:24:29,864 | INFO | fetch_order_book: symbol=CHIP/USDC limit=20
2026-05-09 19:24:30,120 | INFO | fetch_order_book: mid=0.065855 spread=1.52bps bids=20 asks=20
2026-05-09 19:24:31,015 | INFO | SPREAD | pair=CHIP/USDC | cex=0.06585/0.06586 | dex_sell=0.065827 dex_buy=0.0658439 | spread_a=-5.0bps spread_b=0.9bps | min=30.0bps
2026-05-09 19:24:32,019 | INFO | fetch_order_book: symbol=CHIP/USDC limit=20
2026-05-09 19:24:32,324 | INFO | fetch_order_book: mid=0.06589 spread=3.04bps bids=20 asks=20
2026-05-09 19:24:33,265 | INFO | SPREAD | pair=CHIP/USDC | cex=0.06588/0.0659 | dex_sell=0.065857 dex_buy=0.0658739 | spread_a=-6.5bps spread_b=0.9bps | min=30.0bps
2026-05-09 19:24:34,269 | INFO | fetch_order_book: symbol=CHIP/USDC limit=20
2026-05-09 19:24:34,534 | INFO | fetch_order_book: mid=0.065925 spread=4.55bps bids=20 asks=20
2026-05-09 19:24:35,442 | INFO | SPREAD | pair=CHIP/USDC | cex=0.06591/0.06594 | dex_sell=0.065857 dex_buy=0.0658739 | spread_a=-12.6bps spread_b=5.5bps | min=30.0bps
2026-05-09 19:24:36,446 | INFO | fetch_order_book: symbol=CHIP/USDC limit=20
2026-05-09 19:24:36,722 | INFO | fetch_order_book: mid=0.06595 spread=3.03bps bids=20 asks=20
2026-05-09 19:24:37,667 | INFO | SPREAD | pair=CHIP/USDC | cex=0.06594/0.06596 | dex_sell=0.0659168 dex_buy=0.0659337 | spread_a=-6.6bps spread_b=1.0bps | min=30.0bps
2026-05-09 19:24:38,668 | INFO | fetch_order_book: symbol=CHIP/USDC limit=20
2026-05-09 19:24:38,935 | INFO | fetch_order_book: mid=0.065945 spread=4.55bps bids=20 asks=20
2026-05-09 19:24:39,842 | INFO | SPREAD | pair=CHIP/USDC | cex=0.06593/0.06596 | dex_sell=0.0659168 dex_buy=0.0659337 | spread_a=-6.6bps spread_b=-0.6bps | min=30.0bps
2026-05-09 19:24:40,846 | INFO | fetch_order_book: symbol=CHIP/USDC limit=20
2026-05-09 19:24:41,110 | INFO | fetch_order_book: mid=0.065945 spread=4.55bps bids=20 asks=20
2026-05-09 19:24:42,011 | INFO | SPREAD | pair=CHIP/USDC | cex=0.06593/0.06596 | dex_sell=0.0659168 dex_buy=0.0659337 | spread_a=-6.6bps spread_b=-0.6bps | min=30.0bps
2026-05-09 19:24:43,014 | INFO | fetch_order_book: symbol=CHIP/USDC limit=20
2026-05-09 19:24:43,380 | INFO | fetch_order_book: mid=0.06601 spread=3.03bps bids=20 asks=20
2026-05-09 19:24:44,297 | INFO | SPREAD | pair=CHIP/USDC | cex=0.066/0.06602 | dex_sell=0.0659468 dex_buy=0.0659939 | spread_a=-11.1bps spread_b=0.9bps | min=30.0bps
2026-05-09 19:24:45,300 | INFO | fetch_order_book: symbol=CHIP/USDC limit=20
2026-05-09 19:24:45,633 | INFO | fetch_order_book: mid=0.06604 spread=6.06bps bids=20 asks=20
2026-05-09 19:24:46,551 | INFO | SPREAD | pair=CHIP/USDC | cex=0.06602/0.06606 | dex_sell=0.0660006 dex_buy=0.06602 | spread_a=-9.0bps spread_b=0.0bps | min=30.0bps
2026-05-09 19:24:47,555 | INFO | fetch_order_book: symbol=CHIP/USDC limit=20
2026-05-09 19:24:47,814 | INFO | fetch_order_book: mid=0.066035 spread=4.54bps bids=20 asks=20
2026-05-09 19:24:48,745 | INFO | SPREAD | pair=CHIP/USDC | cex=0.06602/0.06605 | dex_sell=0.0660006 dex_buy=0.06602 | spread_a=-7.5bps spread_b=0.0bps | min=30.0bps
2026-05-09 19:24:49,748 | INFO | fetch_order_book: symbol=CHIP/USDC limit=20
2026-05-09 19:24:50,006 | INFO | fetch_order_book: mid=0.06605 spread=3.03bps bids=20 asks=20
2026-05-09 19:24:50,895 | INFO | SPREAD | pair=CHIP/USDC | cex=0.06604/0.06606 | dex_sell=0.0660343 dex_buy=0.0660565 | spread_a=-3.9bps spread_b=-2.5bps | min=30.0bps
2026-05-09 19:24:51,898 | INFO | fetch_order_book: symbol=CHIP/USDC limit=20
2026-05-09 19:24:52,156 | INFO | fetch_order_book: mid=0.06606 spread=6.06bps bids=20 asks=20
2026-05-09 19:24:53,057 | INFO | SPREAD | pair=CHIP/USDC | cex=0.06604/0.06608 | dex_sell=0.0660343 dex_buy=0.0660565 | spread_a=-6.9bps spread_b=-2.5bps | min=30.0bps
2026-05-09 19:24:54,060 | INFO | fetch_order_book: symbol=CHIP/USDC limit=20
2026-05-09 19:24:54,441 | INFO | fetch_order_book: mid=0.06609 spread=3.03bps bids=20 asks=20
2026-05-09 19:24:55,339 | INFO | SPREAD | pair=CHIP/USDC | cex=0.06608/0.0661 | dex_sell=0.0660742 dex_buy=0.0660964 | spread_a=-3.9bps spread_b=-2.5bps | min=30.0bps
2026-05-09 19:24:56,342 | INFO | fetch_order_book: symbol=CHIP/USDC limit=20
2026-05-09 19:24:56,618 | INFO | fetch_order_book: mid=0.066115 spread=1.51bps bids=20 asks=20
2026-05-09 19:24:57,521 | INFO | SPREAD | pair=CHIP/USDC | cex=0.06611/0.06612 | dex_sell=0.0660742 dex_buy=0.0660964 | spread_a=-6.9bps spread_b=2.1bps | min=30.0bps
2026-05-09 19:24:58,524 | INFO | fetch_order_book: symbol=CHIP/USDC limit=20
2026-05-09 19:24:58,782 | INFO | fetch_order_book: mid=0.066145 spread=4.54bps bids=20 asks=20
2026-05-09 19:24:59,697 | INFO | SPREAD | pair=CHIP/USDC | cex=0.06613/0.06616 | dex_sell=0.0661142 dex_buy=0.0661364 | spread_a=-6.9bps spread_b=-1.0bps | min=30.0bps
2026-05-09 19:25:00,698 | INFO | fetch_order_book: symbol=CHIP/USDC limit=20
2026-05-09 19:25:00,974 | INFO | fetch_order_book: mid=0.06617 spread=6.05bps bids=20 asks=20
2026-05-09 19:25:01,923 | INFO | SPREAD | pair=CHIP/USDC | cex=0.06615/0.06619 | dex_sell=0.0661142 dex_buy=0.0661666 | spread_a=-11.5bps spread_b=-2.5bps | min=30.0bps
2026-05-09 19:25:02,927 | INFO | fetch_order_book: symbol=CHIP/USDC limit=20
2026-05-09 19:25:03,322 | INFO | fetch_order_book: mid=0.06610 spread=6.05bps bids=20 asks=20
2026-05-09 19:25:04,268 | INFO | SPREAD | pair=CHIP/USDC | cex=0.06608/0.06612 | dex_sell=0.0661444 dex_buy=0.0661304 | spread_a=3.7bps spread_b=-7.6bps | min=30.0bps
2026-05-09 19:25:05,271 | INFO | fetch_order_book: symbol=CHIP/USDC limit=20
2026-05-09 19:25:05,575 | INFO | fetch_order_book: mid=0.066085 spread=1.51bps bids=20 asks=20
2026-05-09 19:25:06,459 | INFO | SPREAD | pair=CHIP/USDC | cex=0.06608/0.06609 | dex_sell=0.0660681 dex_buy=0.0660903 | spread_a=-3.3bps spread_b=-1.6bps | min=30.0bps
2026-05-09 19:25:07,462 | INFO | fetch_order_book: symbol=CHIP/USDC limit=20
2026-05-09 19:25:07,776 | INFO | fetch_order_book: mid=0.066025 spread=4.54bps bids=20 asks=20
2026-05-09 19:25:08,669 | INFO | SPREAD | pair=CHIP/USDC | cex=0.06601/0.06604 | dex_sell=0.0660281 dex_buy=0.0660503 | spread_a=-1.8bps spread_b=-6.1bps | min=30.0bps
2026-05-09 19:25:09,672 | INFO | fetch_order_book: symbol=CHIP/USDC limit=20
2026-05-09 19:25:09,976 | INFO | fetch_order_book: mid=0.06598 spread=6.06bps bids=20 asks=20
2026-05-09 19:25:10,909 | INFO | SPREAD | pair=CHIP/USDC | cex=0.06596/0.066 | dex_sell=0.0660281 dex_buy=0.0660503 | spread_a=4.3bps spread_b=-13.7bps | min=30.0bps
2026-05-09 19:25:11,912 | INFO | fetch_order_book: symbol=CHIP/USDC limit=20
2026-05-09 19:25:12,277 | INFO | fetch_order_book: mid=0.06599 spread=6.06bps bids=20 asks=20
2026-05-09 19:25:13,149 | INFO | SPREAD | pair=CHIP/USDC | cex=0.06597/0.06601 | dex_sell=0.0659907 dex_buy=0.0660077 | spread_a=-2.9bps spread_b=-5.7bps | min=30.0bps
2026-05-09 19:25:14,152 | INFO | fetch_order_book: symbol=CHIP/USDC limit=20
2026-05-09 19:25:14,724 | INFO | fetch_order_book: mid=0.06598 spread=6.06bps bids=20 asks=20
2026-05-09 19:25:15,638 | INFO | SPREAD | pair=CHIP/USDC | cex=0.06596/0.066 | dex_sell=0.0659907 dex_buy=0.0660077 | spread_a=-1.4bps spread_b=-7.2bps | min=30.0bps
2026-05-09 19:25:16,641 | INFO | fetch_order_book: symbol=CHIP/USDC limit=20
2026-05-09 19:25:17,383 | INFO | fetch_order_book: mid=0.065985 spread=4.55bps bids=20 asks=20
2026-05-09 19:25:18,294 | INFO | SPREAD | pair=CHIP/USDC | cex=0.06597/0.066 | dex_sell=0.0659607 dex_buy=0.0659776 | spread_a=-6.0bps spread_b=-1.2bps | min=30.0bps
2026-05-09 19:25:19,297 | INFO | fetch_order_book: symbol=CHIP/USDC limit=20
2026-05-09 19:25:19,560 | INFO | fetch_order_book: mid=0.06597 spread=6.06bps bids=20 asks=20
2026-05-09 19:25:20,438 | INFO | SPREAD | pair=CHIP/USDC | cex=0.06595/0.06599 | dex_sell=0.0659607 dex_buy=0.0659776 | spread_a=-4.4bps spread_b=-4.2bps | min=30.0bps
2026-05-09 19:25:21,440 | INFO | fetch_order_book: symbol=CHIP/USDC limit=20
2026-05-09 19:25:21,783 | INFO | fetch_order_book: mid=0.065985 spread=4.55bps bids=20 asks=20
2026-05-09 19:25:22,734 | INFO | SPREAD | pair=CHIP/USDC | cex=0.06597/0.066 | dex_sell=0.0659607 dex_buy=0.0660038 | spread_a=-6.0bps spread_b=-5.1bps | min=30.0bps
2026-05-09 19:25:23,737 | INFO | fetch_order_book: symbol=CHIP/USDC limit=20
2026-05-09 19:25:23,992 | INFO | fetch_order_book: mid=0.065995 spread=7.58bps bids=20 asks=20
2026-05-09 19:25:24,906 | INFO | SPREAD | pair=CHIP/USDC | cex=0.06597/0.06602 | dex_sell=0.0660141 dex_buy=0.0660363 | spread_a=-0.9bps spread_b=-10.0bps | min=30.0bps
2026-05-09 19:25:25,909 | INFO | fetch_order_book: symbol=CHIP/USDC limit=20
2026-05-09 19:25:26,287 | INFO | fetch_order_book: mid=0.065975 spread=7.58bps bids=20 asks=20
2026-05-09 19:25:27,206 | INFO | SPREAD | pair=CHIP/USDC | cex=0.06595/0.066 | dex_sell=0.0659807 dex_buy=0.0659977 | spread_a=-2.9bps spread_b=-7.2bps | min=30.0bps
2026-05-09 19:25:28,210 | INFO | fetch_order_book: symbol=CHIP/USDC limit=20
2026-05-09 19:25:28,474 | INFO | fetch_order_book: mid=0.06600 spread=9.09bps bids=20 asks=20
2026-05-09 19:25:29,396 | INFO | SPREAD | pair=CHIP/USDC | cex=0.06597/0.06603 | dex_sell=0.0659807 dex_buy=0.0659977 | spread_a=-7.5bps spread_b=-4.2bps | min=30.0bps
2026-05-09 19:25:30,399 | INFO | fetch_order_book: symbol=CHIP/USDC limit=20
2026-05-09 19:25:30,800 | INFO | fetch_order_book: mid=0.06601 spread=6.06bps bids=20 asks=20
2026-05-09 19:25:31,702 | INFO | SPREAD | pair=CHIP/USDC | cex=0.06599/0.06603 | dex_sell=0.0659807 dex_buy=0.0659977 | spread_a=-7.5bps spread_b=-1.2bps | min=30.0bps
2026-05-09 19:25:32,705 | INFO | fetch_order_book: symbol=CHIP/USDC limit=20
2026-05-09 19:25:33,051 | INFO | fetch_order_book: mid=0.06602 spread=6.06bps bids=20 asks=20
2026-05-09 19:25:33,983 | INFO | SPREAD | pair=CHIP/USDC | cex=0.066/0.06604 | dex_sell=0.0659807 dex_buy=0.0659977 | spread_a=-9.0bps spread_b=0.4bps | min=30.0bps
2026-05-09 19:25:34,986 | INFO | fetch_order_book: symbol=CHIP/USDC limit=20
2026-05-09 19:25:35,246 | INFO | fetch_order_book: mid=0.06603 spread=3.03bps bids=20 asks=20
2026-05-09 19:25:36,166 | INFO | SPREAD | pair=CHIP/USDC | cex=0.06602/0.06604 | dex_sell=0.0660005 dex_buy=0.0660198 | spread_a=-6.0bps spread_b=0.0bps | min=30.0bps
2026-05-09 19:25:37,169 | INFO | fetch_order_book: symbol=CHIP/USDC limit=20
2026-05-09 19:25:37,489 | INFO | fetch_order_book: mid=0.06603 spread=3.03bps bids=20 asks=20
2026-05-09 19:25:38,395 | INFO | SPREAD | pair=CHIP/USDC | cex=0.06602/0.06604 | dex_sell=0.0660005 dex_buy=0.0660198 | spread_a=-6.0bps spread_b=0.0bps | min=30.0bps
2026-05-09 19:25:39,398 | INFO | fetch_order_book: symbol=CHIP/USDC limit=20
2026-05-09 19:25:39,662 | INFO | fetch_order_book: mid=0.06603 spread=3.03bps bids=20 asks=20
2026-05-09 19:25:40,568 | INFO | SPREAD | pair=CHIP/USDC | cex=0.06602/0.06604 | dex_sell=0.0660005 dex_buy=0.0660198 | spread_a=-6.0bps spread_b=0.0bps | min=30.0bps
2026-05-09 19:25:41,571 | INFO | fetch_order_book: symbol=CHIP/USDC limit=20
2026-05-09 19:25:41,964 | INFO | fetch_order_book: mid=0.06603 spread=6.06bps bids=20 asks=20
2026-05-09 19:25:42,888 | INFO | SPREAD | pair=CHIP/USDC | cex=0.06601/0.06605 | dex_sell=0.0660341 dex_buy=0.0660563 | spread_a=-2.4bps spread_b=-7.0bps | min=30.0bps
2026-05-09 19:25:43,891 | INFO | fetch_order_book: symbol=CHIP/USDC limit=20
2026-05-09 19:25:44,149 | INFO | fetch_order_book: mid=0.066015 spread=7.57bps bids=20 asks=20
2026-05-09 19:25:45,071 | INFO | SPREAD | pair=CHIP/USDC | cex=0.06599/0.06604 | dex_sell=0.0660008 dex_buy=0.0660205 | spread_a=-5.9bps spread_b=-4.6bps | min=30.0bps
2026-05-09 19:25:46,073 | INFO | fetch_order_book: symbol=CHIP/USDC limit=20
2026-05-09 19:25:46,330 | INFO | fetch_order_book: mid=0.066025 spread=7.57bps bids=20 asks=20
2026-05-09 19:25:47,248 | INFO | SPREAD | pair=CHIP/USDC | cex=0.066/0.06605 | dex_sell=0.0660008 dex_buy=0.0660205 | spread_a=-7.5bps spread_b=-3.1bps | min=30.0bps
2026-05-09 19:25:48,251 | INFO | fetch_order_book: symbol=CHIP/USDC limit=20
2026-05-09 19:25:48,523 | INFO | fetch_order_book: mid=0.06604 spread=6.06bps bids=20 asks=20
2026-05-09 19:25:49,453 | INFO | SPREAD | pair=CHIP/USDC | cex=0.06602/0.06606 | dex_sell=0.0660008 dex_buy=0.0660205 | spread_a=-9.0bps spread_b=-0.1bps | min=30.0bps
2026-05-09 19:25:50,457 | INFO | fetch_order_book: symbol=CHIP/USDC limit=20
2026-05-09 19:25:50,764 | INFO | fetch_order_book: mid=0.066035 spread=7.57bps bids=20 asks=20
2026-05-09 19:25:51,707 | INFO | SPREAD | pair=CHIP/USDC | cex=0.06601/0.06606 | dex_sell=0.0660008 dex_buy=0.0660205 | spread_a=-9.0bps spread_b=-1.6bps | min=30.0bps
2026-05-09 19:25:52,711 | INFO | fetch_order_book: symbol=CHIP/USDC limit=20
2026-05-09 19:25:53,154 | INFO | fetch_order_book: mid=0.06605 spread=9.08bps bids=20 asks=20
2026-05-09 19:25:54,107 | INFO | SPREAD | pair=CHIP/USDC | cex=0.06602/0.06608 | dex_sell=0.0660008 dex_buy=0.0660205 | spread_a=-12.0bps spread_b=-0.1bps | min=30.0bps
2026-05-09 19:25:55,110 | INFO | fetch_order_book: symbol=CHIP/USDC limit=20
2026-05-09 19:25:55,479 | INFO | fetch_order_book: mid=0.06605 spread=6.06bps bids=20 asks=20
2026-05-09 19:25:56,412 | INFO | SPREAD | pair=CHIP/USDC | cex=0.06603/0.06607 | dex_sell=0.0660008 dex_buy=0.0660205 | spread_a=-10.5bps spread_b=1.4bps | min=30.0bps
2026-05-09 19:25:57,416 | INFO | fetch_order_book: symbol=CHIP/USDC limit=20
2026-05-09 19:25:57,739 | INFO | fetch_order_book: mid=0.06602 spread=6.06bps bids=20 asks=20
2026-05-09 19:25:58,725 | INFO | SPREAD | pair=CHIP/USDC | cex=0.066/0.06604 | dex_sell=0.0660008 dex_buy=0.0660205 | spread_a=-5.9bps spread_b=-3.1bps | min=30.0bps
2026-05-09 19:25:59,727 | INFO | fetch_order_book: symbol=CHIP/USDC limit=20
2026-05-09 19:26:00,132 | INFO | fetch_order_book: mid=0.06601 spread=6.06bps bids=20 asks=20
2026-05-09 19:26:01,049 | INFO | SPREAD | pair=CHIP/USDC | cex=0.06599/0.06603 | dex_sell=0.0660008 dex_buy=0.0660205 | spread_a=-4.4bps spread_b=-4.6bps | min=30.0bps
2026-05-09 19:26:02,052 | INFO | fetch_order_book: symbol=CHIP/USDC limit=20
2026-05-09 19:26:02,744 | INFO | fetch_order_book: mid=0.06601 spread=6.06bps bids=20 asks=20
2026-05-09 19:26:03,689 | INFO | SPREAD | pair=CHIP/USDC | cex=0.06599/0.06603 | dex_sell=0.0660008 dex_buy=0.0660205 | spread_a=-4.4bps spread_b=-4.6bps | min=30.0bps
2026-05-09 19:26:04,692 | INFO | fetch_order_book: symbol=CHIP/USDC limit=20
2026-05-09 19:26:05,232 | INFO | fetch_order_book: mid=0.066025 spread=4.54bps bids=20 asks=20
2026-05-09 19:26:06,111 | INFO | SPREAD | pair=CHIP/USDC | cex=0.06601/0.06604 | dex_sell=0.0660008 dex_buy=0.0660205 | spread_a=-5.9bps spread_b=-1.6bps | min=30.0bps
2026-05-09 19:26:07,115 | INFO | fetch_order_book: symbol=CHIP/USDC limit=20
2026-05-09 19:26:07,376 | INFO | fetch_order_book: mid=0.06603 spread=3.03bps bids=20 asks=20
2026-05-09 19:26:08,289 | INFO | SPREAD | pair=CHIP/USDC | cex=0.06602/0.06604 | dex_sell=0.0660008 dex_buy=0.0660205 | spread_a=-5.9bps spread_b=-0.1bps | min=30.0bps
2026-05-09 19:26:09,291 | INFO | fetch_order_book: symbol=CHIP/USDC limit=20
2026-05-09 19:26:09,616 | INFO | fetch_order_book: mid=0.066045 spread=7.57bps bids=20 asks=20
2026-05-09 19:26:10,520 | INFO | SPREAD | pair=CHIP/USDC | cex=0.06602/0.06607 | dex_sell=0.0660008 dex_buy=0.0660205 | spread_a=-10.5bps spread_b=-0.1bps | min=30.0bps
2026-05-09 19:26:11,524 | INFO | fetch_order_book: symbol=CHIP/USDC limit=20
2026-05-09 19:26:11,800 | INFO | fetch_order_book: mid=0.066045 spread=7.57bps bids=20 asks=20
2026-05-09 19:26:12,680 | INFO | SPREAD | pair=CHIP/USDC | cex=0.06602/0.06607 | dex_sell=0.0660008 dex_buy=0.0660205 | spread_a=-10.5bps spread_b=-0.1bps | min=30.0bps
2026-05-09 19:26:13,684 | INFO | fetch_order_book: symbol=CHIP/USDC limit=20
2026-05-09 19:26:13,946 | INFO | fetch_order_book: mid=0.06603 spread=6.06bps bids=20 asks=20
2026-05-09 19:26:14,831 | INFO | SPREAD | pair=CHIP/USDC | cex=0.06601/0.06605 | dex_sell=0.0660008 dex_buy=0.0660205 | spread_a=-7.5bps spread_b=-1.6bps | min=30.0bps
2026-05-09 19:26:15,835 | INFO | fetch_order_book: symbol=CHIP/USDC limit=20
2026-05-09 19:26:16,110 | INFO | fetch_order_book: mid=0.06604 spread=6.06bps bids=20 asks=20
2026-05-09 19:26:17,013 | INFO | SPREAD | pair=CHIP/USDC | cex=0.06602/0.06606 | dex_sell=0.0660008 dex_buy=0.0660205 | spread_a=-9.0bps spread_b=-0.1bps | min=30.0bps
2026-05-09 19:26:18,016 | INFO | fetch_order_book: symbol=CHIP/USDC limit=20
2026-05-09 19:26:18,280 | INFO | fetch_order_book: mid=0.06604 spread=6.06bps bids=20 asks=20
2026-05-09 19:26:19,180 | INFO | SPREAD | pair=CHIP/USDC | cex=0.06602/0.06606 | dex_sell=0.0660008 dex_buy=0.0660205 | spread_a=-9.0bps spread_b=-0.1bps | min=30.0bps
2026-05-09 19:26:20,183 | INFO | fetch_order_book: symbol=CHIP/USDC limit=20
2026-05-09 19:26:20,566 | INFO | fetch_order_book: mid=0.06600 spread=6.06bps bids=20 asks=20
2026-05-09 19:26:21,524 | INFO | SPREAD | pair=CHIP/USDC | cex=0.06598/0.06602 | dex_sell=0.0660008 dex_buy=0.0660205 | spread_a=-2.9bps spread_b=-6.1bps | min=30.0bps
2026-05-09 19:26:22,527 | INFO | fetch_order_book: symbol=CHIP/USDC limit=20
2026-05-09 19:26:22,823 | INFO | fetch_order_book: mid=0.066025 spread=7.57bps bids=20 asks=20
2026-05-09 19:26:23,797 | INFO | SPREAD | pair=CHIP/USDC | cex=0.066/0.06605 | dex_sell=0.0660008 dex_buy=0.0660205 | spread_a=-7.5bps spread_b=-3.1bps | min=30.0bps
2026-05-09 19:26:24,800 | INFO | fetch_order_book: symbol=CHIP/USDC limit=20
2026-05-09 19:26:25,060 | INFO | fetch_order_book: mid=0.066045 spread=4.54bps bids=20 asks=20
2026-05-09 19:26:26,013 | INFO | SPREAD | pair=CHIP/USDC | cex=0.06603/0.06606 | dex_sell=0.0660008 dex_buy=0.0660205 | spread_a=-9.0bps spread_b=1.4bps | min=30.0bps
2026-05-09 19:26:27,016 | INFO | fetch_order_book: symbol=CHIP/USDC limit=20
2026-05-09 19:26:27,323 | INFO | fetch_order_book: mid=0.066065 spread=4.54bps bids=20 asks=20
2026-05-09 19:26:28,294 | INFO | SPREAD | pair=CHIP/USDC | cex=0.06605/0.06608 | dex_sell=0.0660008 dex_buy=0.0660566 | spread_a=-12.0bps spread_b=-1.0bps | min=30.0bps
2026-05-09 19:26:29,297 | INFO | fetch_order_book: symbol=CHIP/USDC limit=20
2026-05-09 19:26:29,589 | INFO | fetch_order_book: mid=0.066065 spread=4.54bps bids=20 asks=20
2026-05-09 19:26:30,653 | INFO | SPREAD | pair=CHIP/USDC | cex=0.06605/0.06608 | dex_sell=0.0660345 dex_buy=0.0660566 | spread_a=-6.9bps spread_b=-1.0bps | min=30.0bps
2026-05-09 19:26:31,657 | INFO | fetch_order_book: symbol=CHIP/USDC limit=20
2026-05-09 19:26:32,135 | INFO | fetch_order_book: mid=0.06605 spread=6.06bps bids=20 asks=20
2026-05-09 19:26:33,194 | INFO | SPREAD | pair=CHIP/USDC | cex=0.06603/0.06607 | dex_sell=0.0660345 dex_buy=0.0660566 | spread_a=-5.4bps spread_b=-4.0bps | min=30.0bps
2026-05-09 19:26:34,197 | INFO | fetch_order_book: symbol=CHIP/USDC limit=20
2026-05-09 19:26:34,470 | INFO | fetch_order_book: mid=0.066025 spread=7.57bps bids=20 asks=20
2026-05-09 19:26:35,471 | INFO | SPREAD | pair=CHIP/USDC | cex=0.066/0.06605 | dex_sell=0.0660345 dex_buy=0.0660566 | spread_a=-2.4bps spread_b=-8.6bps | min=30.0bps
2026-05-09 19:26:36,474 | INFO | fetch_order_book: symbol=CHIP/USDC limit=20
2026-05-09 19:26:36,735 | INFO | fetch_order_book: mid=0.06603 spread=6.06bps bids=20 asks=20
2026-05-09 19:26:37,793 | INFO | SPREAD | pair=CHIP/USDC | cex=0.06601/0.06605 | dex_sell=0.0660345 dex_buy=0.0660566 | spread_a=-2.4bps spread_b=-7.1bps | min=30.0bps
2026-05-09 19:26:38,797 | INFO | fetch_order_book: symbol=CHIP/USDC limit=20
2026-05-09 19:26:39,053 | INFO | fetch_order_book: mid=0.06605 spread=6.06bps bids=20 asks=20
2026-05-09 19:26:40,035 | INFO | SPREAD | pair=CHIP/USDC | cex=0.06603/0.06607 | dex_sell=0.0660345 dex_buy=0.0660566 | spread_a=-5.4bps spread_b=-4.0bps | min=30.0bps
2026-05-09 19:26:41,038 | INFO | fetch_order_book: symbol=CHIP/USDC limit=20
2026-05-09 19:26:41,397 | INFO | fetch_order_book: mid=0.06605 spread=6.06bps bids=20 asks=20
2026-05-09 19:26:42,355 | INFO | SPREAD | pair=CHIP/USDC | cex=0.06603/0.06607 | dex_sell=0.0660657 dex_buy=0.0660879 | spread_a=-0.6bps spread_b=-8.8bps | min=30.0bps
2026-05-09 19:26:43,359 | INFO | fetch_order_book: symbol=CHIP/USDC limit=20
2026-05-09 19:26:43,633 | INFO | fetch_order_book: mid=0.06605 spread=6.06bps bids=20 asks=20
2026-05-09 19:26:44,517 | INFO | SPREAD | pair=CHIP/USDC | cex=0.06603/0.06607 | dex_sell=0.0660657 dex_buy=0.0660879 | spread_a=-0.6bps spread_b=-8.8bps | min=30.0bps
2026-05-09 19:26:45,521 | INFO | fetch_order_book: symbol=CHIP/USDC limit=20
2026-05-09 19:26:45,958 | INFO | fetch_order_book: mid=0.066085 spread=4.54bps bids=20 asks=20
2026-05-09 19:26:46,908 | INFO | SPREAD | pair=CHIP/USDC | cex=0.06607/0.0661 | dex_sell=0.0660657 dex_buy=0.0660879 | spread_a=-5.2bps spread_b=-2.7bps | min=30.0bps
2026-05-09 19:26:47,911 | INFO | fetch_order_book: symbol=CHIP/USDC limit=20
2026-05-09 19:26:48,167 | INFO | fetch_order_book: mid=0.06604 spread=6.06bps bids=20 asks=20
2026-05-09 19:26:49,077 | INFO | SPREAD | pair=CHIP/USDC | cex=0.06602/0.06606 | dex_sell=0.0660284 dex_buy=0.0660506 | spread_a=-4.8bps spread_b=-4.6bps | min=30.0bps
2026-05-09 19:26:50,080 | INFO | fetch_order_book: symbol=CHIP/USDC limit=20
2026-05-09 19:26:50,441 | INFO | fetch_order_book: mid=0.066045 spread=4.54bps bids=20 asks=20
2026-05-09 19:26:51,457 | INFO | SPREAD | pair=CHIP/USDC | cex=0.06603/0.06606 | dex_sell=0.0660284 dex_buy=0.0660506 | spread_a=-4.8bps spread_b=-3.1bps | min=30.0bps
2026-05-09 19:26:52,460 | INFO | fetch_order_book: symbol=CHIP/USDC limit=20
2026-05-09 19:26:52,818 | INFO | fetch_order_book: mid=0.066045 spread=4.54bps bids=20 asks=20
2026-05-09 19:26:53,817 | INFO | SPREAD | pair=CHIP/USDC | cex=0.06603/0.06606 | dex_sell=0.0660284 dex_buy=0.0660506 | spread_a=-4.8bps spread_b=-3.1bps | min=30.0bps
2026-05-09 19:26:54,820 | INFO | fetch_order_book: symbol=CHIP/USDC limit=20
2026-05-09 19:26:55,080 | INFO | fetch_order_book: mid=0.066045 spread=4.54bps bids=20 asks=20
2026-05-09 19:26:56,157 | INFO | SPREAD | pair=CHIP/USDC | cex=0.06603/0.06606 | dex_sell=0.0660284 dex_buy=0.0660506 | spread_a=-4.8bps spread_b=-3.1bps | min=30.0bps
2026-05-09 19:26:57,160 | INFO | fetch_order_book: symbol=CHIP/USDC limit=20
2026-05-09 19:26:57,536 | INFO | fetch_order_book: mid=0.06605 spread=3.03bps bids=20 asks=20
2026-05-09 19:26:58,501 | INFO | SPREAD | pair=CHIP/USDC | cex=0.06604/0.06606 | dex_sell=0.0660284 dex_buy=0.0660506 | spread_a=-4.8bps spread_b=-1.6bps | min=30.0bps
2026-05-09 19:26:59,505 | INFO | fetch_order_book: symbol=CHIP/USDC limit=20
2026-05-09 19:26:59,886 | INFO | fetch_order_book: mid=0.06607 spread=3.03bps bids=20 asks=20
2026-05-09 19:27:00,915 | INFO | SPREAD | pair=CHIP/USDC | cex=0.06606/0.06608 | dex_sell=0.0660284 dex_buy=0.0660506 | spread_a=-7.8bps spread_b=1.4bps | min=30.0bps
2026-05-09 19:27:01,918 | INFO | fetch_order_book: symbol=CHIP/USDC limit=20
2026-05-09 19:27:02,255 | INFO | fetch_order_book: mid=0.066045 spread=7.57bps bids=20 asks=20
2026-05-09 19:27:03,277 | INFO | SPREAD | pair=CHIP/USDC | cex=0.06602/0.06607 | dex_sell=0.0660284 dex_buy=0.0660506 | spread_a=-6.3bps spread_b=-4.6bps | min=30.0bps
2026-05-09 19:27:04,280 | INFO | fetch_order_book: symbol=CHIP/USDC limit=20
2026-05-09 19:27:04,539 | INFO | fetch_order_book: mid=0.066045 spread=7.57bps bids=20 asks=20
2026-05-09 19:27:05,550 | INFO | SPREAD | pair=CHIP/USDC | cex=0.06602/0.06607 | dex_sell=0.0660284 dex_buy=0.0660506 | spread_a=-6.3bps spread_b=-4.6bps | min=30.0bps
2026-05-09 19:27:06,553 | INFO | fetch_order_book: symbol=CHIP/USDC limit=20
2026-05-09 19:27:06,880 | INFO | fetch_order_book: mid=0.066045 spread=7.57bps bids=20 asks=20
2026-05-09 19:27:07,968 | INFO | SPREAD | pair=CHIP/USDC | cex=0.06602/0.06607 | dex_sell=0.0660284 dex_buy=0.0660506 | spread_a=-6.3bps spread_b=-4.6bps | min=30.0bps
2026-05-09 19:27:08,971 | INFO | fetch_order_book: symbol=CHIP/USDC limit=20
2026-05-09 19:27:09,238 | INFO | fetch_order_book: mid=0.06601 spread=9.09bps bids=20 asks=20
2026-05-09 19:27:10,293 | INFO | SPREAD | pair=CHIP/USDC | cex=0.06598/0.06604 | dex_sell=0.0660284 dex_buy=0.0660506 | spread_a=-1.8bps spread_b=-10.7bps | min=30.0bps
2026-05-09 19:27:11,296 | INFO | fetch_order_book: symbol=CHIP/USDC limit=20
2026-05-09 19:27:11,562 | INFO | fetch_order_book: mid=0.066045 spread=7.57bps bids=20 asks=20
2026-05-09 19:27:12,514 | INFO | SPREAD | pair=CHIP/USDC | cex=0.06602/0.06607 | dex_sell=0.0660284 dex_buy=0.0660506 | spread_a=-6.3bps spread_b=-4.6bps | min=30.0bps
2026-05-09 19:27:13,518 | INFO | fetch_order_book: symbol=CHIP/USDC limit=20
2026-05-09 19:27:13,831 | INFO | fetch_order_book: mid=0.066045 spread=7.57bps bids=20 asks=20
2026-05-09 19:27:14,776 | INFO | SPREAD | pair=CHIP/USDC | cex=0.06602/0.06607 | dex_sell=0.0660284 dex_buy=0.0660506 | spread_a=-6.3bps spread_b=-4.6bps | min=30.0bps
2026-05-09 19:27:15,779 | INFO | fetch_order_book: symbol=CHIP/USDC limit=20
2026-05-09 19:27:16,164 | INFO | fetch_order_book: mid=0.066055 spread=7.57bps bids=20 asks=20
2026-05-09 19:27:17,083 | INFO | SPREAD | pair=CHIP/USDC | cex=0.06603/0.06608 | dex_sell=0.0660284 dex_buy=0.0660506 | spread_a=-7.8bps spread_b=-3.1bps | min=30.0bps
2026-05-09 19:27:18,086 | INFO | fetch_order_book: symbol=CHIP/USDC limit=20
2026-05-09 19:27:18,348 | INFO | fetch_order_book: mid=0.066075 spread=1.51bps bids=20 asks=20
2026-05-09 19:27:19,273 | INFO | SPREAD | pair=CHIP/USDC | cex=0.06607/0.06608 | dex_sell=0.0660284 dex_buy=0.0660864 | spread_a=-7.8bps spread_b=-2.5bps | min=30.0bps
2026-05-09 19:27:20,276 | INFO | fetch_order_book: symbol=CHIP/USDC limit=20
2026-05-09 19:27:20,582 | INFO | fetch_order_book: mid=0.066075 spread=1.51bps bids=20 asks=20
2026-05-09 19:27:21,590 | INFO | SPREAD | pair=CHIP/USDC | cex=0.06607/0.06608 | dex_sell=0.0660642 dex_buy=0.0660864 | spread_a=-2.4bps spread_b=-2.5bps | min=30.0bps
2026-05-09 19:27:22,593 | INFO | fetch_order_book: symbol=CHIP/USDC limit=20
2026-05-09 19:27:22,923 | INFO | fetch_order_book: mid=0.066095 spread=1.51bps bids=20 asks=20
2026-05-09 19:27:23,914 | INFO | SPREAD | pair=CHIP/USDC | cex=0.06609/0.0661 | dex_sell=0.0660642 dex_buy=0.0660864 | spread_a=-5.4bps spread_b=0.5bps | min=30.0bps
2026-05-09 19:27:24,917 | INFO | fetch_order_book: symbol=CHIP/USDC limit=20
2026-05-09 19:27:25,354 | INFO | fetch_order_book: mid=0.066125 spread=4.54bps bids=20 asks=20
2026-05-09 19:27:26,287 | INFO | SPREAD | pair=CHIP/USDC | cex=0.06611/0.06614 | dex_sell=0.0660642 dex_buy=0.0660864 | spread_a=-11.5bps spread_b=3.6bps | min=30.0bps
2026-05-09 19:27:27,291 | INFO | fetch_order_book: symbol=CHIP/USDC limit=20
2026-05-09 19:27:27,652 | INFO | fetch_order_book: mid=0.06611 spread=6.05bps bids=20 asks=20
2026-05-09 19:27:28,601 | INFO | SPREAD | pair=CHIP/USDC | cex=0.06609/0.06613 | dex_sell=0.0660642 dex_buy=0.0660864 | spread_a=-9.9bps spread_b=0.5bps | min=30.0bps
2026-05-09 19:27:29,605 | INFO | fetch_order_book: symbol=CHIP/USDC limit=20
2026-05-09 19:27:29,991 | INFO | fetch_order_book: mid=0.066125 spread=4.54bps bids=20 asks=20
2026-05-09 19:27:30,904 | INFO | SPREAD | pair=CHIP/USDC | cex=0.06611/0.06614 | dex_sell=0.0660642 dex_buy=0.0660864 | spread_a=-11.5bps spread_b=3.6bps | min=30.0bps
2026-05-09 19:27:31,908 | INFO | fetch_order_book: symbol=CHIP/USDC limit=20
2026-05-09 19:27:32,248 | INFO | fetch_order_book: mid=0.06611 spread=6.05bps bids=20 asks=20
2026-05-09 19:27:33,231 | INFO | SPREAD | pair=CHIP/USDC | cex=0.06609/0.06613 | dex_sell=0.0661042 dex_buy=0.0661264 | spread_a=-3.9bps spread_b=-5.5bps | min=30.0bps
2026-05-09 19:27:34,235 | INFO | fetch_order_book: symbol=CHIP/USDC limit=20
2026-05-09 19:27:34,525 | INFO | fetch_order_book: mid=0.06611 spread=6.05bps bids=20 asks=20
2026-05-09 19:27:35,434 | INFO | SPREAD | pair=CHIP/USDC | cex=0.06609/0.06613 | dex_sell=0.0661042 dex_buy=0.0661264 | spread_a=-3.9bps spread_b=-5.5bps | min=30.0bps
2026-05-09 19:27:36,438 | INFO | fetch_order_book: symbol=CHIP/USDC limit=20
2026-05-09 19:27:36,772 | INFO | fetch_order_book: mid=0.06611 spread=6.05bps bids=20 asks=20
2026-05-09 19:27:37,721 | INFO | SPREAD | pair=CHIP/USDC | cex=0.06609/0.06613 | dex_sell=0.0661042 dex_buy=0.0661264 | spread_a=-3.9bps spread_b=-5.5bps | min=30.0bps
2026-05-09 19:27:38,725 | INFO | fetch_order_book: symbol=CHIP/USDC limit=20
2026-05-09 19:27:38,983 | INFO | fetch_order_book: mid=0.06611 spread=6.05bps bids=20 asks=20
2026-05-09 19:27:39,886 | INFO | SPREAD | pair=CHIP/USDC | cex=0.06609/0.06613 | dex_sell=0.0661042 dex_buy=0.0661264 | spread_a=-3.9bps spread_b=-5.5bps | min=30.0bps
2026-05-09 19:27:40,890 | INFO | fetch_order_book: symbol=CHIP/USDC limit=20
2026-05-09 19:27:41,254 | INFO | fetch_order_book: mid=0.06609 spread=6.05bps bids=20 asks=20
2026-05-09 19:27:42,215 | INFO | SPREAD | pair=CHIP/USDC | cex=0.06607/0.06611 | dex_sell=0.0660679 dex_buy=0.0660901 | spread_a=-6.4bps spread_b=-3.0bps | min=30.0bps
2026-05-09 19:27:43,219 | INFO | fetch_order_book: symbol=CHIP/USDC limit=20
2026-05-09 19:27:43,553 | INFO | fetch_order_book: mid=0.06608 spread=6.05bps bids=20 asks=20
2026-05-09 19:27:44,495 | INFO | SPREAD | pair=CHIP/USDC | cex=0.06606/0.0661 | dex_sell=0.0660679 dex_buy=0.0660901 | spread_a=-4.9bps spread_b=-4.6bps | min=30.0bps
2026-05-09 19:27:45,496 | INFO | fetch_order_book: symbol=CHIP/USDC limit=20
2026-05-09 19:27:45,770 | INFO | fetch_order_book: mid=0.06606 spread=6.06bps bids=20 asks=20
2026-05-09 19:27:46,651 | INFO | SPREAD | pair=CHIP/USDC | cex=0.06604/0.06608 | dex_sell=0.0660679 dex_buy=0.0660901 | spread_a=-1.8bps spread_b=-7.6bps | min=30.0bps
2026-05-09 19:27:47,654 | INFO | fetch_order_book: symbol=CHIP/USDC limit=20
2026-05-09 19:27:47,913 | INFO | fetch_order_book: mid=0.066085 spread=4.54bps bids=20 asks=20
2026-05-09 19:27:48,862 | INFO | SPREAD | pair=CHIP/USDC | cex=0.06607/0.0661 | dex_sell=0.0660679 dex_buy=0.0660901 | spread_a=-4.9bps spread_b=-3.0bps | min=30.0bps
2026-05-09 19:27:49,865 | INFO | fetch_order_book: symbol=CHIP/USDC limit=20
2026-05-09 19:27:50,271 | INFO | fetch_order_book: mid=0.066075 spread=7.57bps bids=20 asks=20
2026-05-09 19:27:51,196 | INFO | SPREAD | pair=CHIP/USDC | cex=0.06605/0.0661 | dex_sell=0.0660679 dex_buy=0.0660901 | spread_a=-4.9bps spread_b=-6.1bps | min=30.0bps
2026-05-09 19:27:52,200 | INFO | fetch_order_book: symbol=CHIP/USDC limit=20
2026-05-09 19:27:52,461 | INFO | fetch_order_book: mid=0.06608 spread=6.05bps bids=20 asks=20
2026-05-09 19:27:53,333 | INFO | SPREAD | pair=CHIP/USDC | cex=0.06606/0.0661 | dex_sell=0.0660679 dex_buy=0.0660901 | spread_a=-4.9bps spread_b=-4.6bps | min=30.0bps
2026-05-09 19:27:54,337 | INFO | fetch_order_book: symbol=CHIP/USDC limit=20
2026-05-09 19:27:54,683 | INFO | fetch_order_book: mid=0.06607 spread=9.08bps bids=20 asks=20
2026-05-09 19:27:55,609 | INFO | SPREAD | pair=CHIP/USDC | cex=0.06604/0.0661 | dex_sell=0.0660679 dex_buy=0.0660901 | spread_a=-4.9bps spread_b=-7.6bps | min=30.0bps
2026-05-09 19:27:56,613 | INFO | fetch_order_book: symbol=CHIP/USDC limit=20
2026-05-09 19:27:57,037 | INFO | fetch_order_book: mid=0.06607 spread=9.08bps bids=20 asks=20
2026-05-09 19:27:57,957 | INFO | SPREAD | pair=CHIP/USDC | cex=0.06604/0.0661 | dex_sell=0.0660679 dex_buy=0.0660901 | spread_a=-4.9bps spread_b=-7.6bps | min=30.0bps
2026-05-09 19:27:58,960 | INFO | fetch_order_book: symbol=CHIP/USDC limit=20
2026-05-09 19:27:59,295 | INFO | fetch_order_book: mid=0.066085 spread=7.57bps bids=20 asks=20
2026-05-09 19:28:00,235 | INFO | SPREAD | pair=CHIP/USDC | cex=0.06606/0.06611 | dex_sell=0.0660679 dex_buy=0.0660901 | spread_a=-6.4bps spread_b=-4.6bps | min=30.0bps
2026-05-09 19:28:01,238 | INFO | fetch_order_book: symbol=CHIP/USDC limit=20
2026-05-09 19:28:01,512 | INFO | fetch_order_book: mid=0.06608 spread=9.08bps bids=20 asks=20
2026-05-09 19:28:02,460 | INFO | SPREAD | pair=CHIP/USDC | cex=0.06605/0.06611 | dex_sell=0.0660679 dex_buy=0.0660901 | spread_a=-6.4bps spread_b=-6.1bps | min=30.0bps
2026-05-09 19:28:03,463 | INFO | fetch_order_book: symbol=CHIP/USDC limit=20
2026-05-09 19:28:03,792 | INFO | fetch_order_book: mid=0.066035 spread=4.54bps bids=20 asks=20
2026-05-09 19:28:04,750 | INFO | SPREAD | pair=CHIP/USDC | cex=0.06602/0.06605 | dex_sell=0.066028 dex_buy=0.0660501 | spread_a=-3.3bps spread_b=-4.6bps | min=30.0bps
2026-05-09 19:28:05,753 | INFO | fetch_order_book: symbol=CHIP/USDC limit=20
2026-05-09 19:28:06,009 | INFO | fetch_order_book: mid=0.066035 spread=4.54bps bids=20 asks=20
2026-05-09 19:28:06,914 | INFO | SPREAD | pair=CHIP/USDC | cex=0.06602/0.06605 | dex_sell=0.066028 dex_buy=0.0660501 | spread_a=-3.3bps spread_b=-4.6bps | min=30.0bps
2026-05-09 19:28:07,917 | INFO | fetch_order_book: symbol=CHIP/USDC limit=20
2026-05-09 19:28:08,235 | INFO | fetch_order_book: mid=0.06603 spread=3.03bps bids=20 asks=20
2026-05-09 19:28:09,129 | INFO | SPREAD | pair=CHIP/USDC | cex=0.06602/0.06604 | dex_sell=0.066028 dex_buy=0.0660501 | spread_a=-1.8bps spread_b=-4.6bps | min=30.0bps
2026-05-09 19:28:10,132 | INFO | fetch_order_book: symbol=CHIP/USDC limit=20
2026-05-09 19:28:10,394 | INFO | fetch_order_book: mid=0.066035 spread=4.54bps bids=20 asks=20
2026-05-09 19:28:11,317 | INFO | SPREAD | pair=CHIP/USDC | cex=0.06602/0.06605 | dex_sell=0.066028 dex_buy=0.0660501 | spread_a=-3.3bps spread_b=-4.6bps | min=30.0bps
2026-05-09 19:28:12,320 | INFO | fetch_order_book: symbol=CHIP/USDC limit=20
2026-05-09 19:28:12,800 | INFO | fetch_order_book: mid=0.06603 spread=3.03bps bids=20 asks=20
2026-05-09 19:28:13,744 | INFO | SPREAD | pair=CHIP/USDC | cex=0.06602/0.06604 | dex_sell=0.066028 dex_buy=0.0660501 | spread_a=-1.8bps spread_b=-4.6bps | min=30.0bps
2026-05-09 19:28:14,747 | INFO | fetch_order_book: symbol=CHIP/USDC limit=20
2026-05-09 19:28:15,050 | INFO | fetch_order_book: mid=0.06601 spread=3.03bps bids=20 asks=20
2026-05-09 19:28:16,018 | INFO | SPREAD | pair=CHIP/USDC | cex=0.066/0.06602 | dex_sell=0.066028 dex_buy=0.0660501 | spread_a=1.2bps spread_b=-7.6bps | min=30.0bps
2026-05-09 19:28:17,022 | INFO | fetch_order_book: symbol=CHIP/USDC limit=20
2026-05-09 19:28:17,407 | INFO | fetch_order_book: mid=0.06602 spread=6.06bps bids=20 asks=20
2026-05-09 19:28:18,295 | INFO | SPREAD | pair=CHIP/USDC | cex=0.066/0.06604 | dex_sell=0.066028 dex_buy=0.0660501 | spread_a=-1.8bps spread_b=-7.6bps | min=30.0bps
2026-05-09 19:28:19,299 | INFO | fetch_order_book: symbol=CHIP/USDC limit=20
2026-05-09 19:28:19,562 | INFO | fetch_order_book: mid=0.06602 spread=6.06bps bids=20 asks=20
2026-05-09 19:28:20,491 | INFO | SPREAD | pair=CHIP/USDC | cex=0.066/0.06604 | dex_sell=0.066028 dex_buy=0.0660501 | spread_a=-1.8bps spread_b=-7.6bps | min=30.0bps
2026-05-09 19:28:21,495 | INFO | fetch_order_book: symbol=CHIP/USDC limit=20
2026-05-09 19:28:21,758 | INFO | fetch_order_book: mid=0.065995 spread=4.55bps bids=20 asks=20
2026-05-09 19:28:22,661 | INFO | SPREAD | pair=CHIP/USDC | cex=0.06598/0.06601 | dex_sell=0.0659809 dex_buy=0.0659979 | spread_a=-4.4bps spread_b=-2.7bps | min=30.0bps
2026-05-09 19:28:23,666 | INFO | fetch_order_book: symbol=CHIP/USDC limit=20
2026-05-09 19:28:23,922 | INFO | fetch_order_book: mid=0.065985 spread=1.52bps bids=20 asks=20
2026-05-09 19:28:24,851 | INFO | SPREAD | pair=CHIP/USDC | cex=0.06598/0.06599 | dex_sell=0.0659809 dex_buy=0.0659979 | spread_a=-1.4bps spread_b=-2.7bps | min=30.0bps
2026-05-09 19:28:25,854 | INFO | fetch_order_book: symbol=CHIP/USDC limit=20
2026-05-09 19:28:26,210 | INFO | fetch_order_book: mid=0.06601 spread=6.06bps bids=20 asks=20
2026-05-09 19:28:27,123 | INFO | SPREAD | pair=CHIP/USDC | cex=0.06599/0.06603 | dex_sell=0.0660005 dex_buy=0.0660199 | spread_a=-4.5bps spread_b=-4.5bps | min=30.0bps
2026-05-09 19:28:28,127 | INFO | fetch_order_book: symbol=CHIP/USDC limit=20
2026-05-09 19:28:28,756 | INFO | fetch_order_book: mid=0.066025 spread=4.54bps bids=20 asks=20
2026-05-09 19:28:29,684 | INFO | SPREAD | pair=CHIP/USDC | cex=0.06601/0.06604 | dex_sell=0.0660005 dex_buy=0.0660199 | spread_a=-6.0bps spread_b=-1.5bps | min=30.0bps
2026-05-09 19:28:30,687 | INFO | fetch_order_book: symbol=CHIP/USDC limit=20
2026-05-09 19:28:30,981 | INFO | fetch_order_book: mid=0.066005 spread=7.58bps bids=20 asks=20
2026-05-09 19:28:31,917 | INFO | SPREAD | pair=CHIP/USDC | cex=0.06598/0.06603 | dex_sell=0.0660005 dex_buy=0.0660199 | spread_a=-4.5bps spread_b=-6.0bps | min=30.0bps
2026-05-09 19:28:32,920 | INFO | fetch_order_book: symbol=CHIP/USDC limit=20
2026-05-09 19:28:33,293 | INFO | fetch_order_book: mid=0.06601 spread=6.06bps bids=20 asks=20
2026-05-09 19:28:34,220 | INFO | SPREAD | pair=CHIP/USDC | cex=0.06599/0.06603 | dex_sell=0.0660005 dex_buy=0.0660199 | spread_a=-4.5bps spread_b=-4.5bps | min=30.0bps
2026-05-09 19:28:35,223 | INFO | fetch_order_book: symbol=CHIP/USDC limit=20
2026-05-09 19:28:35,484 | INFO | fetch_order_book: mid=0.06600 spread=6.06bps bids=20 asks=20
2026-05-09 19:28:36,447 | INFO | SPREAD | pair=CHIP/USDC | cex=0.06598/0.06602 | dex_sell=0.0660005 dex_buy=0.0660199 | spread_a=-2.9bps spread_b=-6.0bps | min=30.0bps
2026-05-09 19:28:37,451 | INFO | fetch_order_book: symbol=CHIP/USDC limit=20
2026-05-09 19:28:37,716 | INFO | fetch_order_book: mid=0.06600 spread=6.06bps bids=20 asks=20
2026-05-09 19:28:38,627 | INFO | SPREAD | pair=CHIP/USDC | cex=0.06598/0.06602 | dex_sell=0.0660005 dex_buy=0.0660199 | spread_a=-2.9bps spread_b=-6.0bps | min=30.0bps
2026-05-09 19:28:39,631 | INFO | fetch_order_book: symbol=CHIP/USDC limit=20
2026-05-09 19:28:39,907 | INFO | fetch_order_book: mid=0.06601 spread=6.06bps bids=20 asks=20
2026-05-09 19:28:40,834 | INFO | SPREAD | pair=CHIP/USDC | cex=0.06599/0.06603 | dex_sell=0.0660005 dex_buy=0.0660199 | spread_a=-4.5bps spread_b=-4.5bps | min=30.0bps
2026-05-09 19:28:41,837 | INFO | fetch_order_book: symbol=CHIP/USDC limit=20
2026-05-09 19:28:42,098 | INFO | fetch_order_book: mid=0.066005 spread=7.58bps bids=20 asks=20
2026-05-09 19:28:43,036 | INFO | SPREAD | pair=CHIP/USDC | cex=0.06598/0.06603 | dex_sell=0.0660005 dex_buy=0.0660199 | spread_a=-4.5bps spread_b=-6.0bps | min=30.0bps
2026-05-09 19:28:44,038 | INFO | fetch_order_book: symbol=CHIP/USDC limit=20
2026-05-09 19:28:44,302 | INFO | fetch_order_book: mid=0.06601 spread=6.06bps bids=20 asks=20
2026-05-09 19:28:45,198 | INFO | SPREAD | pair=CHIP/USDC | cex=0.06599/0.06603 | dex_sell=0.0660005 dex_buy=0.0660199 | spread_a=-4.5bps spread_b=-4.5bps | min=30.0bps
2026-05-09 19:28:46,202 | INFO | fetch_order_book: symbol=CHIP/USDC limit=20
2026-05-09 19:28:46,547 | INFO | fetch_order_book: mid=0.06603 spread=3.03bps bids=20 asks=20
2026-05-09 19:28:47,433 | INFO | SPREAD | pair=CHIP/USDC | cex=0.06602/0.06604 | dex_sell=0.0660006 dex_buy=0.0660196 | spread_a=-6.0bps spread_b=0.1bps | min=30.0bps
2026-05-09 19:28:48,436 | INFO | fetch_order_book: symbol=CHIP/USDC limit=20
2026-05-09 19:28:48,705 | INFO | fetch_order_book: mid=0.066005 spread=7.58bps bids=20 asks=20
2026-05-09 19:28:49,633 | INFO | SPREAD | pair=CHIP/USDC | cex=0.06598/0.06603 | dex_sell=0.0660006 dex_buy=0.0660196 | spread_a=-4.5bps spread_b=-6.0bps | min=30.0bps
2026-05-09 19:28:50,636 | INFO | fetch_order_book: symbol=CHIP/USDC limit=20
2026-05-09 19:28:50,937 | INFO | fetch_order_book: mid=0.066015 spread=4.54bps bids=20 asks=20
2026-05-09 19:28:51,849 | INFO | SPREAD | pair=CHIP/USDC | cex=0.066/0.06603 | dex_sell=0.0660006 dex_buy=0.0660196 | spread_a=-4.5bps spread_b=-3.0bps | min=30.0bps
2026-05-09 19:28:52,852 | INFO | fetch_order_book: symbol=CHIP/USDC limit=20
2026-05-09 19:28:53,117 | INFO | fetch_order_book: mid=0.06605 spread=3.03bps bids=20 asks=20
2026-05-09 19:28:53,998 | INFO | SPREAD | pair=CHIP/USDC | cex=0.06604/0.06606 | dex_sell=0.0660345 dex_buy=0.0660561 | spread_a=-3.9bps spread_b=-2.4bps | min=30.0bps
2026-05-09 19:28:55,001 | INFO | fetch_order_book: symbol=CHIP/USDC limit=20
2026-05-09 19:28:55,267 | INFO | fetch_order_book: mid=0.06604 spread=6.06bps bids=20 asks=20
2026-05-09 19:28:56,215 | INFO | SPREAD | pair=CHIP/USDC | cex=0.06602/0.06606 | dex_sell=0.0660345 dex_buy=0.0660561 | spread_a=-3.9bps spread_b=-5.5bps | min=30.0bps
2026-05-09 19:28:57,218 | INFO | fetch_order_book: symbol=CHIP/USDC limit=20
2026-05-09 19:28:57,487 | INFO | fetch_order_book: mid=0.066065 spread=7.57bps bids=20 asks=20
2026-05-09 19:28:58,381 | INFO | SPREAD | pair=CHIP/USDC | cex=0.06604/0.06609 | dex_sell=0.0660345 dex_buy=0.0660561 | spread_a=-8.4bps spread_b=-2.4bps | min=30.0bps
2026-05-09 19:28:59,384 | INFO | fetch_order_book: symbol=CHIP/USDC limit=20
2026-05-09 19:28:59,712 | INFO | fetch_order_book: mid=0.06604 spread=6.06bps bids=20 asks=20
2026-05-09 19:29:00,630 | INFO | SPREAD | pair=CHIP/USDC | cex=0.06602/0.06606 | dex_sell=0.0660345 dex_buy=0.0660561 | spread_a=-3.9bps spread_b=-5.5bps | min=30.0bps
2026-05-09 19:29:01,634 | INFO | fetch_order_book: symbol=CHIP/USDC limit=20
2026-05-09 19:29:01,892 | INFO | fetch_order_book: mid=0.06603 spread=3.03bps bids=20 asks=20
2026-05-09 19:29:02,824 | INFO | SPREAD | pair=CHIP/USDC | cex=0.06602/0.06604 | dex_sell=0.0660345 dex_buy=0.0660561 | spread_a=-0.8bps spread_b=-5.5bps | min=30.0bps
2026-05-09 19:29:03,828 | INFO | fetch_order_book: symbol=CHIP/USDC limit=20
2026-05-09 19:29:04,084 | INFO | fetch_order_book: mid=0.06603 spread=3.03bps bids=20 asks=20
2026-05-09 19:29:04,994 | INFO | SPREAD | pair=CHIP/USDC | cex=0.06602/0.06604 | dex_sell=0.0660345 dex_buy=0.0660561 | spread_a=-0.8bps spread_b=-5.5bps | min=30.0bps
2026-05-09 19:29:05,998 | INFO | fetch_order_book: symbol=CHIP/USDC limit=20
2026-05-09 19:29:06,453 | INFO | fetch_order_book: mid=0.066005 spread=4.55bps bids=20 asks=20
2026-05-09 19:29:07,356 | INFO | SPREAD | pair=CHIP/USDC | cex=0.06599/0.06602 | dex_sell=0.0660009 dex_buy=0.0660203 | spread_a=-2.9bps spread_b=-4.6bps | min=30.0bps
2026-05-09 19:29:08,359 | INFO | fetch_order_book: symbol=CHIP/USDC limit=20
2026-05-09 19:29:08,621 | INFO | fetch_order_book: mid=0.066035 spread=7.57bps bids=20 asks=20
2026-05-09 19:29:09,531 | INFO | SPREAD | pair=CHIP/USDC | cex=0.06601/0.06606 | dex_sell=0.0660009 dex_buy=0.0660203 | spread_a=-8.9bps spread_b=-1.6bps | min=30.0bps
2026-05-09 19:29:10,534 | INFO | fetch_order_book: symbol=CHIP/USDC limit=20
2026-05-09 19:29:10,794 | INFO | fetch_order_book: mid=0.066015 spread=7.57bps bids=20 asks=20
2026-05-09 19:29:11,682 | INFO | SPREAD | pair=CHIP/USDC | cex=0.06599/0.06604 | dex_sell=0.0660009 dex_buy=0.0660203 | spread_a=-5.9bps spread_b=-4.6bps | min=30.0bps
2026-05-09 19:29:12,685 | INFO | fetch_order_book: symbol=CHIP/USDC limit=20
2026-05-09 19:29:13,007 | INFO | fetch_order_book: mid=0.06604 spread=6.06bps bids=20 asks=20
2026-05-09 19:29:13,956 | INFO | SPREAD | pair=CHIP/USDC | cex=0.06602/0.06606 | dex_sell=0.0660009 dex_buy=0.0660203 | spread_a=-8.9bps spread_b=-0.0bps | min=30.0bps
2026-05-09 19:29:14,959 | INFO | fetch_order_book: symbol=CHIP/USDC limit=20
2026-05-09 19:29:15,481 | INFO | fetch_order_book: mid=0.06604 spread=6.06bps bids=20 asks=20
2026-05-09 19:29:16,376 | INFO | SPREAD | pair=CHIP/USDC | cex=0.06602/0.06606 | dex_sell=0.0660009 dex_buy=0.0660203 | spread_a=-8.9bps spread_b=-0.0bps | min=30.0bps
2026-05-09 19:29:17,379 | INFO | fetch_order_book: symbol=CHIP/USDC limit=20
2026-05-09 19:29:17,768 | INFO | fetch_order_book: mid=0.066035 spread=7.57bps bids=20 asks=20
2026-05-09 19:29:18,699 | INFO | SPREAD | pair=CHIP/USDC | cex=0.06601/0.06606 | dex_sell=0.0660009 dex_buy=0.0660203 | spread_a=-8.9bps spread_b=-1.6bps | min=30.0bps
2026-05-09 19:29:19,703 | INFO | fetch_order_book: symbol=CHIP/USDC limit=20
2026-05-09 19:29:20,074 | INFO | fetch_order_book: mid=0.06602 spread=9.09bps bids=20 asks=20
2026-05-09 19:29:20,976 | INFO | SPREAD | pair=CHIP/USDC | cex=0.06599/0.06605 | dex_sell=0.0660009 dex_buy=0.0660203 | spread_a=-7.4bps spread_b=-4.6bps | min=30.0bps
2026-05-09 19:29:21,979 | INFO | fetch_order_book: symbol=CHIP/USDC limit=20
2026-05-09 19:29:22,327 | INFO | fetch_order_book: mid=0.06602 spread=9.09bps bids=20 asks=20
2026-05-09 19:29:23,249 | INFO | SPREAD | pair=CHIP/USDC | cex=0.06599/0.06605 | dex_sell=0.0660009 dex_buy=0.0660203 | spread_a=-7.4bps spread_b=-4.6bps | min=30.0bps
2026-05-09 19:29:24,253 | INFO | fetch_order_book: symbol=CHIP/USDC limit=20
2026-05-09 19:29:24,591 | INFO | fetch_order_book: mid=0.06602 spread=9.09bps bids=20 asks=20
2026-05-09 19:29:25,517 | INFO | SPREAD | pair=CHIP/USDC | cex=0.06599/0.06605 | dex_sell=0.0660009 dex_buy=0.0660203 | spread_a=-7.4bps spread_b=-4.6bps | min=30.0bps
2026-05-09 19:29:26,521 | INFO | fetch_order_book: symbol=CHIP/USDC limit=20
2026-05-09 19:29:26,782 | INFO | fetch_order_book: mid=0.06602 spread=9.09bps bids=20 asks=20
2026-05-09 19:29:27,924 | INFO | SPREAD | pair=CHIP/USDC | cex=0.06599/0.06605 | dex_sell=0.0660009 dex_buy=0.0660203 | spread_a=-7.4bps spread_b=-4.6bps | min=30.0bps
2026-05-09 19:29:28,928 | INFO | fetch_order_book: symbol=CHIP/USDC limit=20
2026-05-09 19:29:29,192 | INFO | fetch_order_book: mid=0.06602 spread=9.09bps bids=20 asks=20
2026-05-09 19:29:30,095 | INFO | SPREAD | pair=CHIP/USDC | cex=0.06599/0.06605 | dex_sell=0.0660009 dex_buy=0.0660203 | spread_a=-7.4bps spread_b=-4.6bps | min=30.0bps
2026-05-09 19:29:31,098 | INFO | fetch_order_book: symbol=CHIP/USDC limit=20
2026-05-09 19:29:31,363 | INFO | fetch_order_book: mid=0.06603 spread=6.06bps bids=20 asks=20
2026-05-09 19:29:32,292 | INFO | SPREAD | pair=CHIP/USDC | cex=0.06601/0.06605 | dex_sell=0.0660009 dex_buy=0.0660203 | spread_a=-7.4bps spread_b=-1.6bps | min=30.0bps
2026-05-09 19:29:33,295 | INFO | fetch_order_book: symbol=CHIP/USDC limit=20
2026-05-09 19:29:33,559 | INFO | fetch_order_book: mid=0.066015 spread=7.57bps bids=20 asks=20
2026-05-09 19:29:34,478 | INFO | SPREAD | pair=CHIP/USDC | cex=0.06599/0.06604 | dex_sell=0.0660009 dex_buy=0.0660203 | spread_a=-5.9bps spread_b=-4.6bps | min=30.0bps
2026-05-09 19:29:35,481 | INFO | fetch_order_book: symbol=CHIP/USDC limit=20
2026-05-09 19:29:35,750 | INFO | fetch_order_book: mid=0.066015 spread=7.57bps bids=20 asks=20
2026-05-09 19:29:36,661 | INFO | SPREAD | pair=CHIP/USDC | cex=0.06599/0.06604 | dex_sell=0.0660009 dex_buy=0.0660203 | spread_a=-5.9bps spread_b=-4.6bps | min=30.0bps
2026-05-09 19:29:37,664 | INFO | fetch_order_book: symbol=CHIP/USDC limit=20
2026-05-09 19:29:37,997 | INFO | fetch_order_book: mid=0.066025 spread=7.57bps bids=20 asks=20
2026-05-09 19:29:38,944 | INFO | SPREAD | pair=CHIP/USDC | cex=0.066/0.06605 | dex_sell=0.0660009 dex_buy=0.0660203 | spread_a=-7.4bps spread_b=-3.1bps | min=30.0bps
2026-05-09 19:29:39,945 | INFO | fetch_order_book: symbol=CHIP/USDC limit=20
2026-05-09 19:29:40,260 | INFO | fetch_order_book: mid=0.06602 spread=6.06bps bids=20 asks=20
2026-05-09 19:29:41,197 | INFO | SPREAD | pair=CHIP/USDC | cex=0.066/0.06604 | dex_sell=0.0660009 dex_buy=0.0660203 | spread_a=-5.9bps spread_b=-3.1bps | min=30.0bps
2026-05-09 19:29:42,200 | INFO | fetch_order_book: symbol=CHIP/USDC limit=20
2026-05-09 19:29:42,532 | INFO | fetch_order_book: mid=0.06603 spread=6.06bps bids=20 asks=20
2026-05-09 19:29:43,508 | INFO | SPREAD | pair=CHIP/USDC | cex=0.06601/0.06605 | dex_sell=0.0660009 dex_buy=0.0660203 | spread_a=-7.4bps spread_b=-1.6bps | min=30.0bps
2026-05-09 19:29:44,511 | INFO | fetch_order_book: symbol=CHIP/USDC limit=20
2026-05-09 19:29:44,931 | INFO | fetch_order_book: mid=0.06601 spread=9.09bps bids=20 asks=20
2026-05-09 19:29:45,818 | INFO | SPREAD | pair=CHIP/USDC | cex=0.06598/0.06604 | dex_sell=0.0660009 dex_buy=0.0660203 | spread_a=-5.9bps spread_b=-6.1bps | min=30.0bps
2026-05-09 19:29:46,821 | INFO | fetch_order_book: symbol=CHIP/USDC limit=20
2026-05-09 19:29:47,213 | INFO | fetch_order_book: mid=0.06600 spread=6.06bps bids=20 asks=20
2026-05-09 19:29:48,087 | INFO | SPREAD | pair=CHIP/USDC | cex=0.06598/0.06602 | dex_sell=0.0660009 dex_buy=0.0660203 | spread_a=-2.9bps spread_b=-6.1bps | min=30.0bps
2026-05-09 19:29:49,091 | INFO | fetch_order_book: symbol=CHIP/USDC limit=20
2026-05-09 19:29:49,462 | INFO | fetch_order_book: mid=0.06600 spread=6.06bps bids=20 asks=20
2026-05-09 19:29:50,381 | INFO | SPREAD | pair=CHIP/USDC | cex=0.06598/0.06602 | dex_sell=0.0660009 dex_buy=0.0660203 | spread_a=-2.9bps spread_b=-6.1bps | min=30.0bps
2026-05-09 19:29:51,385 | INFO | fetch_order_book: symbol=CHIP/USDC limit=20
2026-05-09 19:29:51,643 | INFO | fetch_order_book: mid=0.06600 spread=6.06bps bids=20 asks=20
2026-05-09 19:29:52,527 | INFO | SPREAD | pair=CHIP/USDC | cex=0.06598/0.06602 | dex_sell=0.0660009 dex_buy=0.0660203 | spread_a=-2.9bps spread_b=-6.1bps | min=30.0bps
2026-05-09 19:29:53,530 | INFO | fetch_order_book: symbol=CHIP/USDC limit=20
2026-05-09 19:29:54,071 | INFO | fetch_order_book: mid=0.06602 spread=6.06bps bids=20 asks=20
2026-05-09 19:29:54,986 | INFO | SPREAD | pair=CHIP/USDC | cex=0.066/0.06604 | dex_sell=0.0660009 dex_buy=0.0660203 | spread_a=-5.9bps spread_b=-3.1bps | min=30.0bps
2026-05-09 19:29:55,989 | INFO | fetch_order_book: symbol=CHIP/USDC limit=20
2026-05-09 19:29:56,329 | INFO | fetch_order_book: mid=0.06602 spread=6.06bps bids=20 asks=20
2026-05-09 19:29:57,249 | INFO | SPREAD | pair=CHIP/USDC | cex=0.066/0.06604 | dex_sell=0.0660009 dex_buy=0.0660203 | spread_a=-5.9bps spread_b=-3.1bps | min=30.0bps
2026-05-09 19:29:58,252 | INFO | fetch_order_book: symbol=CHIP/USDC limit=20
2026-05-09 19:29:58,740 | INFO | fetch_order_book: mid=0.06602 spread=6.06bps bids=20 asks=20
2026-05-09 19:29:59,660 | INFO | SPREAD | pair=CHIP/USDC | cex=0.066/0.06604 | dex_sell=0.0660009 dex_buy=0.0660203 | spread_a=-5.9bps spread_b=-3.1bps | min=30.0bps
2026-05-09 19:30:00,664 | INFO | fetch_order_book: symbol=CHIP/USDC limit=20
2026-05-09 19:30:01,133 | INFO | fetch_order_book: mid=0.06603 spread=6.06bps bids=20 asks=20
2026-05-09 19:30:02,030 | INFO | SPREAD | pair=CHIP/USDC | cex=0.06601/0.06605 | dex_sell=0.0660009 dex_buy=0.0660203 | spread_a=-7.4bps spread_b=-1.6bps | min=30.0bps
2026-05-09 19:30:03,034 | INFO | fetch_order_book: symbol=CHIP/USDC limit=20
2026-05-09 19:30:03,489 | INFO | fetch_order_book: mid=0.066025 spread=7.57bps bids=20 asks=20
2026-05-09 19:30:04,402 | INFO | SPREAD | pair=CHIP/USDC | cex=0.066/0.06605 | dex_sell=0.0660009 dex_buy=0.0660203 | spread_a=-7.4bps spread_b=-3.1bps | min=30.0bps
2026-05-09 19:30:05,405 | INFO | fetch_order_book: symbol=CHIP/USDC limit=20
2026-05-09 19:30:05,952 | INFO | fetch_order_book: mid=0.06603 spread=6.06bps bids=20 asks=20
2026-05-09 19:30:06,891 | INFO | SPREAD | pair=CHIP/USDC | cex=0.06601/0.06605 | dex_sell=0.0660009 dex_buy=0.0660203 | spread_a=-7.4bps spread_b=-1.6bps | min=30.0bps
2026-05-09 19:30:07,894 | INFO | fetch_order_book: symbol=CHIP/USDC limit=20
2026-05-09 19:30:08,303 | INFO | fetch_order_book: mid=0.066035 spread=4.54bps bids=20 asks=20
2026-05-09 19:30:09,210 | INFO | SPREAD | pair=CHIP/USDC | cex=0.06602/0.06605 | dex_sell=0.0660009 dex_buy=0.0660203 | spread_a=-7.4bps spread_b=-0.0bps | min=30.0bps
2026-05-09 19:30:10,212 | INFO | fetch_order_book: symbol=CHIP/USDC limit=20
2026-05-09 19:30:10,472 | INFO | fetch_order_book: mid=0.066045 spread=4.54bps bids=20 asks=20
2026-05-09 19:30:11,327 | INFO | SPREAD | pair=CHIP/USDC | cex=0.06603/0.06606 | dex_sell=0.0660009 dex_buy=0.0660203 | spread_a=-8.9bps spread_b=1.5bps | min=30.0bps
2026-05-09 19:30:12,331 | INFO | fetch_order_book: symbol=CHIP/USDC limit=20
2026-05-09 19:30:12,674 | INFO | fetch_order_book: mid=0.06604 spread=3.03bps bids=20 asks=20
2026-05-09 19:30:13,594 | INFO | SPREAD | pair=CHIP/USDC | cex=0.06603/0.06605 | dex_sell=0.0660009 dex_buy=0.0660203 | spread_a=-7.4bps spread_b=1.5bps | min=30.0bps
2026-05-09 19:30:14,597 | INFO | fetch_order_book: symbol=CHIP/USDC limit=20
2026-05-09 19:30:14,959 | INFO | fetch_order_book: mid=0.06600 spread=6.06bps bids=20 asks=20
2026-05-09 19:30:15,863 | INFO | SPREAD | pair=CHIP/USDC | cex=0.06598/0.06602 | dex_sell=0.0660009 dex_buy=0.0660203 | spread_a=-2.9bps spread_b=-6.1bps | min=30.0bps
2026-05-09 19:30:16,867 | INFO | fetch_order_book: symbol=CHIP/USDC limit=20
2026-05-09 19:30:18,160 | INFO | fetch_order_book: mid=0.066005 spread=4.55bps bids=20 asks=20
2026-05-09 19:30:19,073 | INFO | SPREAD | pair=CHIP/USDC | cex=0.06599/0.06602 | dex_sell=0.0660009 dex_buy=0.0660203 | spread_a=-2.9bps spread_b=-4.6bps | min=30.0bps
2026-05-09 19:30:20,077 | INFO | fetch_order_book: symbol=CHIP/USDC limit=20
2026-05-09 19:30:20,488 | INFO | fetch_order_book: mid=0.065955 spread=4.55bps bids=20 asks=20
2026-05-09 19:30:21,401 | INFO | SPREAD | pair=CHIP/USDC | cex=0.06594/0.06597 | dex_sell=0.0660009 dex_buy=0.0659875 | spread_a=4.7bps spread_b=-7.2bps | min=30.0bps
2026-05-09 19:30:22,403 | INFO | fetch_order_book: symbol=CHIP/USDC limit=20
2026-05-09 19:30:22,661 | INFO | fetch_order_book: mid=0.065995 spread=7.58bps bids=20 asks=20
2026-05-09 19:30:23,537 | INFO | SPREAD | pair=CHIP/USDC | cex=0.06597/0.06602 | dex_sell=0.0659707 dex_buy=0.0659875 | spread_a=-7.5bps spread_b=-2.7bps | min=30.0bps
2026-05-09 19:30:24,540 | INFO | fetch_order_book: symbol=CHIP/USDC limit=20
2026-05-09 19:30:25,102 | INFO | fetch_order_book: mid=0.06600 spread=6.06bps bids=20 asks=20
2026-05-09 19:30:26,002 | INFO | SPREAD | pair=CHIP/USDC | cex=0.06598/0.06602 | dex_sell=0.0659707 dex_buy=0.0659875 | spread_a=-7.5bps spread_b=-1.1bps | min=30.0bps
2026-05-09 19:30:27,005 | INFO | fetch_order_book: symbol=CHIP/USDC limit=20
2026-05-09 19:30:27,273 | INFO | fetch_order_book: mid=0.06601 spread=6.06bps bids=20 asks=20
2026-05-09 19:30:28,175 | INFO | SPREAD | pair=CHIP/USDC | cex=0.06599/0.06603 | dex_sell=0.0659707 dex_buy=0.0659875 | spread_a=-9.0bps spread_b=0.4bps | min=30.0bps
2026-05-09 19:30:29,179 | INFO | fetch_order_book: symbol=CHIP/USDC limit=20
2026-05-09 19:30:29,599 | INFO | fetch_order_book: mid=0.06601 spread=6.06bps bids=20 asks=20
2026-05-09 19:30:30,519 | INFO | SPREAD | pair=CHIP/USDC | cex=0.06599/0.06603 | dex_sell=0.0659707 dex_buy=0.0659875 | spread_a=-9.0bps spread_b=0.4bps | min=30.0bps
2026-05-09 19:30:31,521 | INFO | fetch_order_book: symbol=CHIP/USDC limit=20
2026-05-09 19:30:31,797 | INFO | fetch_order_book: mid=0.06602 spread=6.06bps bids=20 asks=20
2026-05-09 19:30:32,741 | INFO | SPREAD | pair=CHIP/USDC | cex=0.066/0.06604 | dex_sell=0.0659707 dex_buy=0.0659875 | spread_a=-10.5bps spread_b=1.9bps | min=30.0bps
2026-05-09 19:30:33,745 | INFO | fetch_order_book: symbol=CHIP/USDC limit=20
2026-05-09 19:30:34,108 | INFO | fetch_order_book: mid=0.066015 spread=4.54bps bids=20 asks=20
2026-05-09 19:30:35,046 | INFO | SPREAD | pair=CHIP/USDC | cex=0.066/0.06603 | dex_sell=0.0659707 dex_buy=0.0659875 | spread_a=-9.0bps spread_b=1.9bps | min=30.0bps
2026-05-09 19:30:36,050 | INFO | fetch_order_book: symbol=CHIP/USDC limit=20
2026-05-09 19:30:36,474 | INFO | fetch_order_book: mid=0.066015 spread=4.54bps bids=20 asks=20
2026-05-09 19:30:37,389 | INFO | SPREAD | pair=CHIP/USDC | cex=0.066/0.06603 | dex_sell=0.0659707 dex_buy=0.0659875 | spread_a=-9.0bps spread_b=1.9bps | min=30.0bps
2026-05-09 19:30:38,392 | INFO | fetch_order_book: symbol=CHIP/USDC limit=20
2026-05-09 19:30:38,669 | INFO | fetch_order_book: mid=0.066015 spread=4.54bps bids=20 asks=20
2026-05-09 19:30:39,596 | INFO | SPREAD | pair=CHIP/USDC | cex=0.066/0.06603 | dex_sell=0.0659969 dex_buy=0.0660138 | spread_a=-5.0bps spread_b=-2.1bps | min=30.0bps
2026-05-09 19:30:40,599 | INFO | fetch_order_book: symbol=CHIP/USDC limit=20
2026-05-09 19:30:40,972 | INFO | fetch_order_book: mid=0.066015 spread=4.54bps bids=20 asks=20
2026-05-09 19:30:41,906 | INFO | SPREAD | pair=CHIP/USDC | cex=0.066/0.06603 | dex_sell=0.0659969 dex_buy=0.0660138 | spread_a=-5.0bps spread_b=-2.1bps | min=30.0bps
2026-05-09 19:30:42,910 | INFO | fetch_order_book: symbol=CHIP/USDC limit=20
2026-05-09 19:30:43,170 | INFO | fetch_order_book: mid=0.065995 spread=4.55bps bids=20 asks=20
2026-05-09 19:30:44,068 | INFO | SPREAD | pair=CHIP/USDC | cex=0.06598/0.06601 | dex_sell=0.0659969 dex_buy=0.0660138 | spread_a=-2.0bps spread_b=-5.1bps | min=30.0bps
2026-05-09 19:30:45,071 | INFO | fetch_order_book: symbol=CHIP/USDC limit=20
2026-05-09 19:30:45,327 | INFO | fetch_order_book: mid=0.06602 spread=6.06bps bids=20 asks=20
2026-05-09 19:30:46,244 | INFO | SPREAD | pair=CHIP/USDC | cex=0.066/0.06604 | dex_sell=0.0659969 dex_buy=0.0660138 | spread_a=-6.5bps spread_b=-2.1bps | min=30.0bps
2026-05-09 19:30:47,248 | INFO | fetch_order_book: symbol=CHIP/USDC limit=20
2026-05-09 19:30:47,503 | INFO | fetch_order_book: mid=0.06602 spread=6.06bps bids=20 asks=20
2026-05-09 19:30:48,406 | INFO | SPREAD | pair=CHIP/USDC | cex=0.066/0.06604 | dex_sell=0.0659969 dex_buy=0.0660138 | spread_a=-6.5bps spread_b=-2.1bps | min=30.0bps
2026-05-09 19:30:49,409 | INFO | fetch_order_book: symbol=CHIP/USDC limit=20
2026-05-09 19:30:49,892 | INFO | fetch_order_book: mid=0.066025 spread=4.54bps bids=20 asks=20
2026-05-09 19:30:50,795 | INFO | SPREAD | pair=CHIP/USDC | cex=0.06601/0.06604 | dex_sell=0.0659969 dex_buy=0.0660138 | spread_a=-6.5bps spread_b=-0.6bps | min=30.0bps
2026-05-09 19:30:51,798 | INFO | fetch_order_book: symbol=CHIP/USDC limit=20
2026-05-09 19:30:52,299 | INFO | fetch_order_book: mid=0.066025 spread=4.54bps bids=20 asks=20
2026-05-09 19:30:53,205 | INFO | SPREAD | pair=CHIP/USDC | cex=0.06601/0.06604 | dex_sell=0.0659969 dex_buy=0.0660138 | spread_a=-6.5bps spread_b=-0.6bps | min=30.0bps
2026-05-09 19:30:54,208 | INFO | fetch_order_book: symbol=CHIP/USDC limit=20
2026-05-09 19:30:54,591 | INFO | fetch_order_book: mid=0.066025 spread=4.54bps bids=20 asks=20
2026-05-09 19:30:55,538 | INFO | SPREAD | pair=CHIP/USDC | cex=0.06601/0.06604 | dex_sell=0.0659969 dex_buy=0.0660138 | spread_a=-6.5bps spread_b=-0.6bps | min=30.0bps
2026-05-09 19:30:56,541 | INFO | fetch_order_book: symbol=CHIP/USDC limit=20
2026-05-09 19:30:56,807 | INFO | fetch_order_book: mid=0.066015 spread=7.57bps bids=20 asks=20
2026-05-09 19:30:57,720 | INFO | SPREAD | pair=CHIP/USDC | cex=0.06599/0.06604 | dex_sell=0.0660246 dex_buy=0.0660463 | spread_a=-2.3bps spread_b=-8.5bps | min=30.0bps
2026-05-09 19:30:58,723 | INFO | fetch_order_book: symbol=CHIP/USDC limit=20
2026-05-09 19:30:58,990 | INFO | fetch_order_book: mid=0.066015 spread=7.57bps bids=20 asks=20
2026-05-09 19:30:59,913 | INFO | SPREAD | pair=CHIP/USDC | cex=0.06599/0.06604 | dex_sell=0.0660246 dex_buy=0.0660463 | spread_a=-2.3bps spread_b=-8.5bps | min=30.0bps
2026-05-09 19:31:00,917 | INFO | fetch_order_book: symbol=CHIP/USDC limit=20
2026-05-09 19:31:01,250 | INFO | fetch_order_book: mid=0.066045 spread=7.57bps bids=20 asks=20
2026-05-09 19:31:02,228 | INFO | SPREAD | pair=CHIP/USDC | cex=0.06602/0.06607 | dex_sell=0.0660246 dex_buy=0.0660463 | spread_a=-6.9bps spread_b=-4.0bps | min=30.0bps
2026-05-09 19:31:03,232 | INFO | fetch_order_book: symbol=CHIP/USDC limit=20
2026-05-09 19:31:04,665 | INFO | fetch_order_book: mid=0.066045 spread=7.57bps bids=20 asks=20
2026-05-09 19:31:05,561 | INFO | SPREAD | pair=CHIP/USDC | cex=0.06602/0.06607 | dex_sell=0.0660246 dex_buy=0.0660463 | spread_a=-6.9bps spread_b=-4.0bps | min=30.0bps
2026-05-09 19:31:06,564 | INFO | fetch_order_book: symbol=CHIP/USDC limit=20
2026-05-09 19:31:07,016 | INFO | fetch_order_book: mid=0.066045 spread=7.57bps bids=20 asks=20
2026-05-09 19:31:07,963 | INFO | SPREAD | pair=CHIP/USDC | cex=0.06602/0.06607 | dex_sell=0.0660246 dex_buy=0.0660463 | spread_a=-6.9bps spread_b=-4.0bps | min=30.0bps
2026-05-09 19:31:08,966 | INFO | fetch_order_book: symbol=CHIP/USDC limit=20
2026-05-09 19:31:09,549 | INFO | fetch_order_book: mid=0.06603 spread=3.03bps bids=20 asks=20
2026-05-09 19:31:10,458 | INFO | SPREAD | pair=CHIP/USDC | cex=0.06602/0.06604 | dex_sell=0.0660246 dex_buy=0.0660463 | spread_a=-2.3bps spread_b=-4.0bps | min=30.0bps
2026-05-09 19:31:11,462 | INFO | fetch_order_book: symbol=CHIP/USDC limit=20
2026-05-09 19:31:11,742 | INFO | fetch_order_book: mid=0.066015 spread=7.57bps bids=20 asks=20
2026-05-09 19:31:12,657 | INFO | SPREAD | pair=CHIP/USDC | cex=0.06599/0.06604 | dex_sell=0.0660246 dex_buy=0.0660463 | spread_a=-2.3bps spread_b=-8.5bps | min=30.0bps
2026-05-09 19:31:13,661 | INFO | fetch_order_book: symbol=CHIP/USDC limit=20
2026-05-09 19:31:13,922 | INFO | fetch_order_book: mid=0.065995 spread=4.55bps bids=20 asks=20
2026-05-09 19:31:14,803 | INFO | SPREAD | pair=CHIP/USDC | cex=0.06598/0.06601 | dex_sell=0.0660246 dex_buy=0.0660463 | spread_a=2.2bps spread_b=-10.0bps | min=30.0bps
2026-05-09 19:31:15,807 | INFO | fetch_order_book: symbol=CHIP/USDC limit=20
2026-05-09 19:31:16,097 | INFO | fetch_order_book: mid=0.06603 spread=6.06bps bids=20 asks=20
2026-05-09 19:31:17,115 | INFO | SPREAD | pair=CHIP/USDC | cex=0.06601/0.06605 | dex_sell=0.0660246 dex_buy=0.0660463 | spread_a=-3.8bps spread_b=-5.5bps | min=30.0bps
2026-05-09 19:31:18,118 | INFO | fetch_order_book: symbol=CHIP/USDC limit=20
2026-05-09 19:31:18,556 | INFO | fetch_order_book: mid=0.066025 spread=7.57bps bids=20 asks=20
2026-05-09 19:31:19,500 | INFO | SPREAD | pair=CHIP/USDC | cex=0.066/0.06605 | dex_sell=0.0660246 dex_buy=0.0660463 | spread_a=-3.8bps spread_b=-7.0bps | min=30.0bps
2026-05-09 19:31:20,501 | INFO | fetch_order_book: symbol=CHIP/USDC limit=20
2026-05-09 19:31:20,775 | INFO | fetch_order_book: mid=0.066045 spread=4.54bps bids=20 asks=20
2026-05-09 19:31:21,707 | INFO | SPREAD | pair=CHIP/USDC | cex=0.06603/0.06606 | dex_sell=0.0660246 dex_buy=0.0660463 | spread_a=-5.4bps spread_b=-2.5bps | min=30.0bps
2026-05-09 19:31:22,710 | INFO | fetch_order_book: symbol=CHIP/USDC limit=20
2026-05-09 19:31:22,987 | INFO | fetch_order_book: mid=0.06605 spread=3.03bps bids=20 asks=20
2026-05-09 19:31:23,946 | INFO | SPREAD | pair=CHIP/USDC | cex=0.06604/0.06606 | dex_sell=0.0660246 dex_buy=0.0660463 | spread_a=-5.4bps spread_b=-1.0bps | min=30.0bps
2026-05-09 19:31:24,949 | INFO | fetch_order_book: symbol=CHIP/USDC limit=20
2026-05-09 19:31:25,217 | INFO | fetch_order_book: mid=0.06607 spread=3.03bps bids=20 asks=20
2026-05-09 19:31:26,126 | INFO | SPREAD | pair=CHIP/USDC | cex=0.06606/0.06608 | dex_sell=0.0660246 dex_buy=0.0660463 | spread_a=-8.4bps spread_b=2.1bps | min=30.0bps
2026-05-09 19:31:27,129 | INFO | fetch_order_book: symbol=CHIP/USDC limit=20
2026-05-09 19:31:27,539 | INFO | fetch_order_book: mid=0.06606 spread=6.06bps bids=20 asks=20
2026-05-09 19:31:28,466 | INFO | SPREAD | pair=CHIP/USDC | cex=0.06604/0.06608 | dex_sell=0.0660246 dex_buy=0.0660463 | spread_a=-8.4bps spread_b=-1.0bps | min=30.0bps
2026-05-09 19:31:29,469 | INFO | fetch_order_book: symbol=CHIP/USDC limit=20
2026-05-09 19:31:29,783 | INFO | fetch_order_book: mid=0.06607 spread=3.03bps bids=20 asks=20
2026-05-09 19:31:30,695 | INFO | SPREAD | pair=CHIP/USDC | cex=0.06606/0.06608 | dex_sell=0.0660246 dex_buy=0.0660463 | spread_a=-8.4bps spread_b=2.1bps | min=30.0bps
2026-05-09 19:31:31,699 | INFO | fetch_order_book: symbol=CHIP/USDC limit=20
2026-05-09 19:31:32,475 | INFO | fetch_order_book: mid=0.066065 spread=1.51bps bids=20 asks=20
2026-05-09 19:31:33,434 | INFO | SPREAD | pair=CHIP/USDC | cex=0.06606/0.06607 | dex_sell=0.0660246 dex_buy=0.0660463 | spread_a=-6.9bps spread_b=2.1bps | min=30.0bps
2026-05-09 19:31:34,438 | INFO | fetch_order_book: symbol=CHIP/USDC limit=20
2026-05-09 19:31:34,711 | INFO | fetch_order_book: mid=0.06607 spread=3.03bps bids=20 asks=20
2026-05-09 19:31:35,586 | INFO | SPREAD | pair=CHIP/USDC | cex=0.06606/0.06608 | dex_sell=0.0660246 dex_buy=0.0660463 | spread_a=-8.4bps spread_b=2.1bps | min=30.0bps
2026-05-09 19:31:36,588 | INFO | fetch_order_book: symbol=CHIP/USDC limit=20
2026-05-09 19:31:36,860 | INFO | fetch_order_book: mid=0.066065 spread=1.51bps bids=20 asks=20
2026-05-09 19:31:37,762 | INFO | SPREAD | pair=CHIP/USDC | cex=0.06606/0.06607 | dex_sell=0.0660246 dex_buy=0.0660463 | spread_a=-6.9bps spread_b=2.1bps | min=30.0bps
2026-05-09 19:31:38,765 | INFO | fetch_order_book: symbol=CHIP/USDC limit=20
2026-05-09 19:31:39,139 | INFO | fetch_order_book: mid=0.066065 spread=1.51bps bids=20 asks=20
2026-05-09 19:31:40,046 | INFO | SPREAD | pair=CHIP/USDC | cex=0.06606/0.06607 | dex_sell=0.0660246 dex_buy=0.0660463 | spread_a=-6.9bps spread_b=2.1bps | min=30.0bps
2026-05-09 19:31:41,048 | INFO | fetch_order_book: symbol=CHIP/USDC limit=20
2026-05-09 19:31:41,500 | INFO | fetch_order_book: mid=0.066065 spread=1.51bps bids=20 asks=20
2026-05-09 19:31:42,368 | INFO | SPREAD | pair=CHIP/USDC | cex=0.06606/0.06607 | dex_sell=0.0660246 dex_buy=0.0660463 | spread_a=-6.9bps spread_b=2.1bps | min=30.0bps
2026-05-09 19:31:43,371 | INFO | fetch_order_book: symbol=CHIP/USDC limit=20
2026-05-09 19:31:43,750 | INFO | fetch_order_book: mid=0.066075 spread=1.51bps bids=20 asks=20
2026-05-09 19:31:44,632 | INFO | SPREAD | pair=CHIP/USDC | cex=0.06607/0.06608 | dex_sell=0.0660246 dex_buy=0.0660463 | spread_a=-8.4bps spread_b=3.6bps | min=30.0bps
2026-05-09 19:31:45,636 | INFO | fetch_order_book: symbol=CHIP/USDC limit=20
2026-05-09 19:31:45,903 | INFO | fetch_order_book: mid=0.066085 spread=4.54bps bids=20 asks=20
2026-05-09 19:31:46,781 | INFO | SPREAD | pair=CHIP/USDC | cex=0.06607/0.0661 | dex_sell=0.0660246 dex_buy=0.0660463 | spread_a=-11.4bps spread_b=3.6bps | min=30.0bps
2026-05-09 19:31:47,784 | INFO | fetch_order_book: symbol=CHIP/USDC limit=20
2026-05-09 19:31:48,146 | INFO | fetch_order_book: mid=0.066085 spread=4.54bps bids=20 asks=20
2026-05-09 19:31:49,054 | INFO | SPREAD | pair=CHIP/USDC | cex=0.06607/0.0661 | dex_sell=0.0660246 dex_buy=0.0660463 | spread_a=-11.4bps spread_b=3.6bps | min=30.0bps
2026-05-09 19:31:50,058 | INFO | fetch_order_book: symbol=CHIP/USDC limit=20
2026-05-09 19:31:50,331 | INFO | fetch_order_book: mid=0.066085 spread=4.54bps bids=20 asks=20
2026-05-09 19:31:51,271 | INFO | SPREAD | pair=CHIP/USDC | cex=0.06607/0.0661 | dex_sell=0.0660246 dex_buy=0.0660463 | spread_a=-11.4bps spread_b=3.6bps | min=30.0bps
2026-05-09 19:31:52,274 | INFO | fetch_order_book: symbol=CHIP/USDC limit=20
2026-05-09 19:31:52,729 | INFO | fetch_order_book: mid=0.066105 spread=4.54bps bids=20 asks=20
2026-05-09 19:31:53,936 | INFO | SPREAD | pair=CHIP/USDC | cex=0.06609/0.06612 | dex_sell=0.0660645 dex_buy=0.0660862 | spread_a=-8.4bps spread_b=0.6bps | min=30.0bps
2026-05-09 19:31:54,939 | INFO | fetch_order_book: symbol=CHIP/USDC limit=20
2026-05-09 19:31:55,318 | INFO | fetch_order_book: mid=0.066095 spread=4.54bps bids=20 asks=20
2026-05-09 19:31:56,197 | INFO | SPREAD | pair=CHIP/USDC | cex=0.06608/0.06611 | dex_sell=0.0660643 dex_buy=0.0660865 | spread_a=-6.9bps spread_b=-1.0bps | min=30.0bps
2026-05-09 19:31:57,200 | INFO | fetch_order_book: symbol=CHIP/USDC limit=20
2026-05-09 19:31:57,840 | INFO | fetch_order_book: mid=0.06610 spread=6.05bps bids=20 asks=20
2026-05-09 19:31:58,716 | INFO | SPREAD | pair=CHIP/USDC | cex=0.06608/0.06612 | dex_sell=0.0660643 dex_buy=0.0660865 | spread_a=-8.4bps spread_b=-1.0bps | min=30.0bps
2026-05-09 19:31:59,720 | INFO | fetch_order_book: symbol=CHIP/USDC limit=20
2026-05-09 19:32:00,021 | INFO | fetch_order_book: mid=0.066095 spread=4.54bps bids=20 asks=20
2026-05-09 19:32:00,923 | INFO | SPREAD | pair=CHIP/USDC | cex=0.06608/0.06611 | dex_sell=0.0660643 dex_buy=0.0660865 | spread_a=-6.9bps spread_b=-1.0bps | min=30.0bps
2026-05-09 19:32:01,926 | INFO | fetch_order_book: symbol=CHIP/USDC limit=20
2026-05-09 19:32:02,376 | INFO | fetch_order_book: mid=0.06605 spread=3.03bps bids=20 asks=20
2026-05-09 19:32:03,297 | INFO | SPREAD | pair=CHIP/USDC | cex=0.06604/0.06606 | dex_sell=0.0660281 dex_buy=0.0660502 | spread_a=-4.8bps spread_b=-1.6bps | min=30.0bps
2026-05-09 19:32:04,301 | INFO | fetch_order_book: symbol=CHIP/USDC limit=20
2026-05-09 19:32:04,643 | INFO | fetch_order_book: mid=0.06603 spread=3.03bps bids=20 asks=20
2026-05-09 19:32:05,648 | INFO | SPREAD | pair=CHIP/USDC | cex=0.06602/0.06604 | dex_sell=0.0660281 dex_buy=0.0660502 | spread_a=-1.8bps spread_b=-4.6bps | min=30.0bps
2026-05-09 19:32:06,651 | INFO | fetch_order_book: symbol=CHIP/USDC limit=20
2026-05-09 19:32:06,989 | INFO | fetch_order_book: mid=0.06603 spread=3.03bps bids=20 asks=20
2026-05-09 19:32:07,906 | INFO | SPREAD | pair=CHIP/USDC | cex=0.06602/0.06604 | dex_sell=0.0660281 dex_buy=0.0660502 | spread_a=-1.8bps spread_b=-4.6bps | min=30.0bps
2026-05-09 19:32:08,910 | INFO | fetch_order_book: symbol=CHIP/USDC limit=20
2026-05-09 19:32:09,251 | INFO | fetch_order_book: mid=0.066035 spread=4.54bps bids=20 asks=20
2026-05-09 19:32:10,157 | INFO | SPREAD | pair=CHIP/USDC | cex=0.06602/0.06605 | dex_sell=0.0660281 dex_buy=0.0660502 | spread_a=-3.3bps spread_b=-4.6bps | min=30.0bps
2026-05-09 19:32:11,161 | INFO | fetch_order_book: symbol=CHIP/USDC limit=20
2026-05-09 19:32:11,495 | INFO | fetch_order_book: mid=0.066025 spread=1.51bps bids=20 asks=20
2026-05-09 19:32:12,411 | INFO | SPREAD | pair=CHIP/USDC | cex=0.06602/0.06603 | dex_sell=0.0660281 dex_buy=0.0660502 | spread_a=-0.3bps spread_b=-4.6bps | min=30.0bps
2026-05-09 19:32:13,414 | INFO | fetch_order_book: symbol=CHIP/USDC limit=20
2026-05-09 19:32:14,050 | INFO | fetch_order_book: mid=0.066065 spread=4.54bps bids=20 asks=20
2026-05-09 19:32:14,949 | INFO | SPREAD | pair=CHIP/USDC | cex=0.06605/0.06608 | dex_sell=0.0660281 dex_buy=0.0660502 | spread_a=-7.9bps spread_b=-0.0bps | min=30.0bps
2026-05-09 19:32:15,952 | INFO | fetch_order_book: symbol=CHIP/USDC limit=20
2026-05-09 19:32:16,303 | INFO | fetch_order_book: mid=0.066065 spread=4.54bps bids=20 asks=20
2026-05-09 19:32:17,192 | INFO | SPREAD | pair=CHIP/USDC | cex=0.06605/0.06608 | dex_sell=0.0660442 dex_buy=0.0660664 | spread_a=-5.4bps spread_b=-2.5bps | min=30.0bps
2026-05-09 19:32:18,195 | INFO | fetch_order_book: symbol=CHIP/USDC limit=20
2026-05-09 19:32:18,560 | INFO | fetch_order_book: mid=0.06609 spread=3.03bps bids=20 asks=20
2026-05-09 19:32:19,476 | INFO | SPREAD | pair=CHIP/USDC | cex=0.06608/0.0661 | dex_sell=0.0660442 dex_buy=0.0660664 | spread_a=-8.4bps spread_b=2.1bps | min=30.0bps
2026-05-09 19:32:20,479 | INFO | fetch_order_book: symbol=CHIP/USDC limit=20
2026-05-09 19:32:20,819 | INFO | fetch_order_book: mid=0.06611 spread=3.03bps bids=20 asks=20
2026-05-09 19:32:21,732 | INFO | SPREAD | pair=CHIP/USDC | cex=0.0661/0.06612 | dex_sell=0.0660841 dex_buy=0.0661063 | spread_a=-5.4bps spread_b=-1.0bps | min=30.0bps
2026-05-09 19:32:22,736 | INFO | fetch_order_book: symbol=CHIP/USDC limit=20
2026-05-09 19:32:23,064 | INFO | fetch_order_book: mid=0.06613 spread=3.02bps bids=20 asks=20
2026-05-09 19:32:23,982 | INFO | SPREAD | pair=CHIP/USDC | cex=0.06612/0.06614 | dex_sell=0.0660841 dex_buy=0.0661063 | spread_a=-8.4bps spread_b=2.1bps | min=30.0bps
2026-05-09 19:32:24,985 | INFO | fetch_order_book: symbol=CHIP/USDC limit=20
2026-05-09 19:32:25,243 | INFO | fetch_order_book: mid=0.066135 spread=1.51bps bids=20 asks=20
2026-05-09 19:32:26,114 | INFO | SPREAD | pair=CHIP/USDC | cex=0.06613/0.06614 | dex_sell=0.0660841 dex_buy=0.0661063 | spread_a=-8.4bps spread_b=3.6bps | min=30.0bps
2026-05-09 19:32:27,118 | INFO | fetch_order_book: symbol=CHIP/USDC limit=20
2026-05-09 19:32:27,470 | INFO | fetch_order_book: mid=0.066135 spread=1.51bps bids=20 asks=20
2026-05-09 19:32:28,380 | INFO | SPREAD | pair=CHIP/USDC | cex=0.06613/0.06614 | dex_sell=0.0660841 dex_buy=0.0661063 | spread_a=-8.4bps spread_b=3.6bps | min=30.0bps
2026-05-09 19:32:29,383 | INFO | fetch_order_book: symbol=CHIP/USDC limit=20
2026-05-09 19:32:29,717 | INFO | fetch_order_book: mid=0.06615 spread=3.02bps bids=20 asks=20
2026-05-09 19:32:30,624 | INFO | SPREAD | pair=CHIP/USDC | cex=0.06614/0.06616 | dex_sell=0.0661241 dex_buy=0.0661463 | spread_a=-5.4bps spread_b=-0.9bps | min=30.0bps
2026-05-09 19:32:31,626 | INFO | fetch_order_book: symbol=CHIP/USDC limit=20
2026-05-09 19:32:31,898 | INFO | fetch_order_book: mid=0.066225 spread=7.55bps bids=20 asks=20
2026-05-09 19:32:32,861 | INFO | SPREAD | pair=CHIP/USDC | cex=0.0662/0.06625 | dex_sell=0.0661446 dex_buy=0.0661668 | spread_a=-15.9bps spread_b=5.0bps | min=30.0bps
2026-05-09 19:32:33,864 | INFO | fetch_order_book: symbol=CHIP/USDC limit=20
2026-05-09 19:32:34,129 | INFO | fetch_order_book: mid=0.066225 spread=7.55bps bids=20 asks=20
2026-05-09 19:32:34,995 | INFO | SPREAD | pair=CHIP/USDC | cex=0.0662/0.06625 | dex_sell=0.0661446 dex_buy=0.0661668 | spread_a=-15.9bps spread_b=5.0bps | min=30.0bps
2026-05-09 19:32:35,998 | INFO | fetch_order_book: symbol=CHIP/USDC limit=20
2026-05-09 19:32:36,375 | INFO | fetch_order_book: mid=0.06618 spread=6.04bps bids=20 asks=20
2026-05-09 19:32:37,243 | INFO | SPREAD | pair=CHIP/USDC | cex=0.06616/0.0662 | dex_sell=0.0661446 dex_buy=0.0661668 | spread_a=-8.4bps spread_b=-1.0bps | min=30.0bps
2026-05-09 19:32:38,246 | INFO | fetch_order_book: symbol=CHIP/USDC limit=20
2026-05-09 19:32:38,629 | INFO | fetch_order_book: mid=0.06614 spread=6.05bps bids=20 asks=20
2026-05-09 19:32:39,537 | INFO | SPREAD | pair=CHIP/USDC | cex=0.06612/0.06616 | dex_sell=0.0661446 dex_buy=0.0661668 | spread_a=-2.3bps spread_b=-7.1bps | min=30.0bps
2026-05-09 19:32:40,540 | INFO | fetch_order_book: symbol=CHIP/USDC limit=20
2026-05-09 19:32:40,805 | INFO | fetch_order_book: mid=0.06614 spread=6.05bps bids=20 asks=20
2026-05-09 19:32:41,930 | INFO | SPREAD | pair=CHIP/USDC | cex=0.06612/0.06616 | dex_sell=0.0661446 dex_buy=0.0661668 | spread_a=-2.3bps spread_b=-7.1bps | min=30.0bps
2026-05-09 19:32:42,934 | INFO | fetch_order_book: symbol=CHIP/USDC limit=20
2026-05-09 19:32:43,193 | INFO | fetch_order_book: mid=0.066125 spread=1.51bps bids=20 asks=20
2026-05-09 19:32:44,134 | INFO | SPREAD | pair=CHIP/USDC | cex=0.06612/0.06613 | dex_sell=0.066108 dex_buy=0.0661302 | spread_a=-3.3bps spread_b=-1.5bps | min=30.0bps
2026-05-09 19:32:45,137 | INFO | fetch_order_book: symbol=CHIP/USDC limit=20
2026-05-09 19:32:45,572 | INFO | fetch_order_book: mid=0.066135 spread=4.54bps bids=20 asks=20
2026-05-09 19:32:46,455 | INFO | SPREAD | pair=CHIP/USDC | cex=0.06612/0.06615 | dex_sell=0.066108 dex_buy=0.0661302 | spread_a=-6.4bps spread_b=-1.5bps | min=30.0bps
2026-05-09 19:32:47,459 | INFO | fetch_order_book: symbol=CHIP/USDC limit=20
2026-05-09 19:32:47,747 | INFO | fetch_order_book: mid=0.066135 spread=4.54bps bids=20 asks=20
2026-05-09 19:32:48,631 | INFO | SPREAD | pair=CHIP/USDC | cex=0.06612/0.06615 | dex_sell=0.066108 dex_buy=0.0661302 | spread_a=-6.4bps spread_b=-1.5bps | min=30.0bps
2026-05-09 19:32:49,634 | INFO | fetch_order_book: symbol=CHIP/USDC limit=20
2026-05-09 19:32:49,900 | INFO | fetch_order_book: mid=0.066135 spread=4.54bps bids=20 asks=20
2026-05-09 19:32:50,818 | INFO | SPREAD | pair=CHIP/USDC | cex=0.06612/0.06615 | dex_sell=0.066108 dex_buy=0.0661302 | spread_a=-6.4bps spread_b=-1.5bps | min=30.0bps
2026-05-09 19:32:51,821 | INFO | fetch_order_book: symbol=CHIP/USDC limit=20
2026-05-09 19:32:52,091 | INFO | fetch_order_book: mid=0.066155 spread=7.56bps bids=20 asks=20
2026-05-09 19:32:53,036 | INFO | SPREAD | pair=CHIP/USDC | cex=0.06613/0.06618 | dex_sell=0.066108 dex_buy=0.0661302 | spread_a=-10.9bps spread_b=-0.0bps | min=30.0bps
2026-05-09 19:32:54,040 | INFO | fetch_order_book: symbol=CHIP/USDC limit=20
2026-05-09 19:32:54,448 | INFO | fetch_order_book: mid=0.066155 spread=7.56bps bids=20 asks=20
2026-05-09 19:32:55,371 | INFO | SPREAD | pair=CHIP/USDC | cex=0.06613/0.06618 | dex_sell=0.066108 dex_buy=0.0661302 | spread_a=-10.9bps spread_b=-0.0bps | min=30.0bps
2026-05-09 19:32:56,375 | INFO | fetch_order_book: symbol=CHIP/USDC limit=20
2026-05-09 19:32:56,633 | INFO | fetch_order_book: mid=0.06615 spread=6.05bps bids=20 asks=20
2026-05-09 19:32:57,536 | INFO | SPREAD | pair=CHIP/USDC | cex=0.06613/0.06617 | dex_sell=0.066108 dex_buy=0.0661302 | spread_a=-9.4bps spread_b=-0.0bps | min=30.0bps
2026-05-09 19:32:58,539 | INFO | fetch_order_book: symbol=CHIP/USDC limit=20
2026-05-09 19:32:58,843 | INFO | fetch_order_book: mid=0.06614 spread=6.05bps bids=20 asks=20
2026-05-09 19:32:59,752 | INFO | SPREAD | pair=CHIP/USDC | cex=0.06612/0.06616 | dex_sell=0.066108 dex_buy=0.0661302 | spread_a=-7.9bps spread_b=-1.5bps | min=30.0bps
2026-05-09 19:33:00,756 | INFO | fetch_order_book: symbol=CHIP/USDC limit=20
2026-05-09 19:33:01,019 | INFO | fetch_order_book: mid=0.06614 spread=6.05bps bids=20 asks=20
2026-05-09 19:33:01,906 | INFO | SPREAD | pair=CHIP/USDC | cex=0.06612/0.06616 | dex_sell=0.066108 dex_buy=0.0661302 | spread_a=-7.9bps spread_b=-1.5bps | min=30.0bps
2026-05-09 19:33:02,909 | INFO | fetch_order_book: symbol=CHIP/USDC limit=20
2026-05-09 19:33:03,270 | INFO | fetch_order_book: mid=0.06613 spread=6.05bps bids=20 asks=20
2026-05-09 19:33:04,182 | INFO | SPREAD | pair=CHIP/USDC | cex=0.06611/0.06615 | dex_sell=0.066108 dex_buy=0.0661302 | spread_a=-6.4bps spread_b=-3.0bps | min=30.0bps
2026-05-09 19:33:05,185 | INFO | fetch_order_book: symbol=CHIP/USDC limit=20
2026-05-09 19:33:05,924 | INFO | fetch_order_book: mid=0.06617 spread=9.07bps bids=20 asks=20
2026-05-09 19:33:06,861 | INFO | SPREAD | pair=CHIP/USDC | cex=0.06614/0.0662 | dex_sell=0.0661441 dex_buy=0.0661663 | spread_a=-8.4bps spread_b=-4.0bps | min=30.0bps
2026-05-09 19:33:07,301 | ERROR | Failed to fetch updates - TelegramNetworkError: HTTP Client says - ServerDisconnectedError: Server disconnected
2026-05-09 19:33:07,301 | WARNING | Sleep for 1.000000 seconds and try again... (tryings = 0, bot id = 8642945117)
2026-05-09 19:33:07,864 | INFO | fetch_order_book: symbol=CHIP/USDC limit=20
2026-05-09 19:33:08,227 | INFO | fetch_order_book: mid=0.06617 spread=9.07bps bids=20 asks=20
2026-05-09 19:33:09,141 | INFO | SPREAD | pair=CHIP/USDC | cex=0.06614/0.0662 | dex_sell=0.0661441 dex_buy=0.0661663 | spread_a=-8.4bps spread_b=-4.0bps | min=30.0bps
2026-05-09 19:33:10,146 | INFO | fetch_order_book: symbol=CHIP/USDC limit=20
2026-05-09 19:33:10,405 | INFO | fetch_order_book: mid=0.06618 spread=6.04bps bids=20 asks=20
2026-05-09 19:33:11,307 | INFO | SPREAD | pair=CHIP/USDC | cex=0.06616/0.0662 | dex_sell=0.0661441 dex_buy=0.0661663 | spread_a=-8.4bps spread_b=-1.0bps | min=30.0bps
2026-05-09 19:33:12,310 | INFO | fetch_order_book: symbol=CHIP/USDC limit=20
2026-05-09 19:33:12,633 | INFO | fetch_order_book: mid=0.06618 spread=6.04bps bids=20 asks=20
2026-05-09 19:33:13,539 | INFO | SPREAD | pair=CHIP/USDC | cex=0.06616/0.0662 | dex_sell=0.0661441 dex_buy=0.0661663 | spread_a=-8.4bps spread_b=-1.0bps | min=30.0bps
2026-05-09 19:33:14,542 | INFO | fetch_order_book: symbol=CHIP/USDC limit=20
2026-05-09 19:33:14,802 | INFO | fetch_order_book: mid=0.06622 spread=6.04bps bids=20 asks=20
2026-05-09 19:33:15,708 | INFO | SPREAD | pair=CHIP/USDC | cex=0.0662/0.06624 | dex_sell=0.0661441 dex_buy=0.0661663 | spread_a=-14.5bps spread_b=5.1bps | min=30.0bps
2026-05-09 19:33:16,711 | INFO | fetch_order_book: symbol=CHIP/USDC limit=20
2026-05-09 19:33:17,034 | INFO | fetch_order_book: mid=0.06622 spread=6.04bps bids=20 asks=20
2026-05-09 19:33:17,931 | INFO | SPREAD | pair=CHIP/USDC | cex=0.0662/0.06624 | dex_sell=0.0661441 dex_buy=0.0661663 | spread_a=-14.5bps spread_b=5.1bps | min=30.0bps
2026-05-09 19:33:18,386 | INFO | Connection established (tryings = 1, bot id = 8642945117)
2026-05-09 19:33:18,935 | INFO | fetch_order_book: symbol=CHIP/USDC limit=20
2026-05-09 19:33:19,290 | INFO | fetch_order_book: mid=0.06622 spread=6.04bps bids=20 asks=20
2026-05-09 19:33:20,224 | INFO | SPREAD | pair=CHIP/USDC | cex=0.0662/0.06624 | dex_sell=0.0661441 dex_buy=0.0661663 | spread_a=-14.5bps spread_b=5.1bps | min=30.0bps
2026-05-09 19:33:21,227 | INFO | fetch_order_book: symbol=CHIP/USDC limit=20
2026-05-09 19:33:21,554 | INFO | fetch_order_book: mid=0.06622 spread=6.04bps bids=20 asks=20
2026-05-09 19:33:22,455 | INFO | SPREAD | pair=CHIP/USDC | cex=0.0662/0.06624 | dex_sell=0.0661441 dex_buy=0.0661663 | spread_a=-14.5bps spread_b=5.1bps | min=30.0bps
2026-05-09 19:33:23,458 | INFO | fetch_order_book: symbol=CHIP/USDC limit=20
2026-05-09 19:33:23,791 | INFO | fetch_order_book: mid=0.06622 spread=6.04bps bids=20 asks=20
2026-05-09 19:33:24,711 | INFO | SPREAD | pair=CHIP/USDC | cex=0.0662/0.06624 | dex_sell=0.0661441 dex_buy=0.0661663 | spread_a=-14.5bps spread_b=5.1bps | min=30.0bps
2026-05-09 19:33:25,715 | INFO | fetch_order_book: symbol=CHIP/USDC limit=20
2026-05-09 19:33:25,986 | INFO | fetch_order_book: mid=0.06622 spread=6.04bps bids=20 asks=20
2026-05-09 19:33:26,919 | INFO | SPREAD | pair=CHIP/USDC | cex=0.0662/0.06624 | dex_sell=0.0661441 dex_buy=0.0661663 | spread_a=-14.5bps spread_b=5.1bps | min=30.0bps
2026-05-09 19:33:27,922 | INFO | fetch_order_book: symbol=CHIP/USDC limit=20
2026-05-09 19:33:28,211 | INFO | fetch_order_book: mid=0.06622 spread=6.04bps bids=20 asks=20
2026-05-09 19:33:29,086 | INFO | SPREAD | pair=CHIP/USDC | cex=0.0662/0.06624 | dex_sell=0.0661441 dex_buy=0.0661663 | spread_a=-14.5bps spread_b=5.1bps | min=30.0bps
2026-05-09 19:33:30,089 | INFO | fetch_order_book: symbol=CHIP/USDC limit=20
2026-05-09 19:33:30,395 | INFO | fetch_order_book: mid=0.066245 spread=4.53bps bids=20 asks=20
2026-05-09 19:33:31,325 | INFO | SPREAD | pair=CHIP/USDC | cex=0.06623/0.06626 | dex_sell=0.0661441 dex_buy=0.0661664 | spread_a=-17.5bps spread_b=9.6bps | min=30.0bps
2026-05-09 19:33:32,329 | INFO | fetch_order_book: symbol=CHIP/USDC limit=20
2026-05-09 19:33:32,700 | INFO | fetch_order_book: mid=0.066245 spread=4.53bps bids=20 asks=20
2026-05-09 19:33:33,611 | INFO | SPREAD | pair=CHIP/USDC | cex=0.06623/0.06626 | dex_sell=0.0661441 dex_buy=0.0661664 | spread_a=-17.5bps spread_b=9.6bps | min=30.0bps
2026-05-09 19:33:34,615 | INFO | fetch_order_book: symbol=CHIP/USDC limit=20
2026-05-09 19:33:34,872 | INFO | fetch_order_book: mid=0.066245 spread=4.53bps bids=20 asks=20
2026-05-09 19:33:35,751 | INFO | SPREAD | pair=CHIP/USDC | cex=0.06623/0.06626 | dex_sell=0.0662015 dex_buy=0.0662238 | spread_a=-8.8bps spread_b=0.9bps | min=30.0bps
2026-05-09 19:33:36,754 | INFO | fetch_order_book: symbol=CHIP/USDC limit=20
2026-05-09 19:33:37,012 | INFO | fetch_order_book: mid=0.066255 spread=7.55bps bids=20 asks=20
2026-05-09 19:33:37,958 | INFO | SPREAD | pair=CHIP/USDC | cex=0.06623/0.06628 | dex_sell=0.0662015 dex_buy=0.0662238 | spread_a=-11.8bps spread_b=0.9bps | min=30.0bps
2026-05-09 19:33:38,962 | INFO | fetch_order_book: symbol=CHIP/USDC limit=20
2026-05-09 19:33:39,252 | INFO | fetch_order_book: mid=0.066215 spread=4.53bps bids=20 asks=20
2026-05-09 19:33:40,138 | INFO | SPREAD | pair=CHIP/USDC | cex=0.0662/0.06623 | dex_sell=0.0662015 dex_buy=0.0662238 | spread_a=-4.3bps spread_b=-3.6bps | min=30.0bps
2026-05-09 19:33:41,142 | INFO | fetch_order_book: symbol=CHIP/USDC limit=20
2026-05-09 19:33:41,406 | INFO | fetch_order_book: mid=0.066215 spread=4.53bps bids=20 asks=20
2026-05-09 19:33:42,331 | INFO | SPREAD | pair=CHIP/USDC | cex=0.0662/0.06623 | dex_sell=0.0662015 dex_buy=0.0662238 | spread_a=-4.3bps spread_b=-3.6bps | min=30.0bps
2026-05-09 19:33:43,335 | INFO | fetch_order_book: symbol=CHIP/USDC limit=20
2026-05-09 19:33:43,631 | INFO | fetch_order_book: mid=0.066215 spread=4.53bps bids=20 asks=20
2026-05-09 19:33:44,539 | INFO | SPREAD | pair=CHIP/USDC | cex=0.0662/0.06623 | dex_sell=0.0662015 dex_buy=0.0662238 | spread_a=-4.3bps spread_b=-3.6bps | min=30.0bps
2026-05-09 19:33:45,543 | INFO | fetch_order_book: symbol=CHIP/USDC limit=20
2026-05-09 19:33:45,805 | INFO | fetch_order_book: mid=0.06625 spread=6.04bps bids=20 asks=20
2026-05-09 19:33:46,747 | INFO | SPREAD | pair=CHIP/USDC | cex=0.06623/0.06627 | dex_sell=0.0662015 dex_buy=0.0662238 | spread_a=-10.3bps spread_b=0.9bps | min=30.0bps
2026-05-09 19:33:47,751 | INFO | fetch_order_book: symbol=CHIP/USDC limit=20
2026-05-09 19:33:48,016 | INFO | fetch_order_book: mid=0.06625 spread=6.04bps bids=20 asks=20
2026-05-09 19:33:48,952 | INFO | SPREAD | pair=CHIP/USDC | cex=0.06623/0.06627 | dex_sell=0.0662015 dex_buy=0.0662238 | spread_a=-10.3bps spread_b=0.9bps | min=30.0bps
2026-05-09 19:33:49,956 | INFO | fetch_order_book: symbol=CHIP/USDC limit=20
2026-05-09 19:33:50,318 | INFO | fetch_order_book: mid=0.06629 spread=3.02bps bids=20 asks=20
2026-05-09 19:33:51,223 | INFO | SPREAD | pair=CHIP/USDC | cex=0.06628/0.0663 | dex_sell=0.0662015 dex_buy=0.0662238 | spread_a=-14.8bps spread_b=8.5bps | min=30.0bps
2026-05-09 19:33:52,226 | INFO | fetch_order_book: symbol=CHIP/USDC limit=20
2026-05-09 19:33:52,565 | INFO | fetch_order_book: mid=0.066275 spread=7.54bps bids=20 asks=20
2026-05-09 19:33:53,457 | INFO | SPREAD | pair=CHIP/USDC | cex=0.06625/0.0663 | dex_sell=0.0662015 dex_buy=0.0662238 | spread_a=-14.8bps spread_b=4.0bps | min=30.0bps
2026-05-09 19:33:54,461 | INFO | fetch_order_book: symbol=CHIP/USDC limit=20
2026-05-09 19:33:55,072 | INFO | fetch_order_book: mid=0.06630 spread=6.03bps bids=20 asks=20
2026-05-09 19:33:55,978 | INFO | SPREAD | pair=CHIP/USDC | cex=0.06628/0.06632 | dex_sell=0.0662015 dex_buy=0.0662238 | spread_a=-17.9bps spread_b=8.5bps | min=30.0bps
2026-05-09 19:33:56,982 | INFO | fetch_order_book: symbol=CHIP/USDC limit=20
2026-05-09 19:33:57,374 | INFO | fetch_order_book: mid=0.06634 spread=6.03bps bids=20 asks=20
2026-05-09 19:33:58,305 | INFO | SPREAD | pair=CHIP/USDC | cex=0.06632/0.06636 | dex_sell=0.0663073 dex_buy=0.0663296 | spread_a=-7.9bps spread_b=-1.4bps | min=30.0bps
2026-05-09 19:33:59,308 | INFO | fetch_order_book: symbol=CHIP/USDC limit=20
2026-05-09 19:34:00,151 | INFO | fetch_order_book: mid=0.066285 spread=4.53bps bids=20 asks=20
2026-05-09 19:34:01,118 | INFO | SPREAD | pair=CHIP/USDC | cex=0.06627/0.0663 | dex_sell=0.0663073 dex_buy=0.0662905 | spread_a=1.1bps spread_b=-3.1bps | min=30.0bps
2026-05-09 19:34:02,121 | INFO | fetch_order_book: symbol=CHIP/USDC limit=20
2026-05-09 19:34:03,224 | INFO | fetch_order_book: mid=0.066315 spread=7.54bps bids=20 asks=20
2026-05-09 19:34:04,285 | INFO | SPREAD | pair=CHIP/USDC | cex=0.06629/0.06634 | dex_sell=0.0662683 dex_buy=0.0662906 | spread_a=-10.8bps spread_b=-0.1bps | min=30.0bps
2026-05-09 19:34:05,289 | INFO | fetch_order_book: symbol=CHIP/USDC limit=20
2026-05-09 19:34:05,670 | INFO | fetch_order_book: mid=0.066315 spread=7.54bps bids=20 asks=20
2026-05-09 19:34:06,571 | INFO | SPREAD | pair=CHIP/USDC | cex=0.06629/0.06634 | dex_sell=0.0662683 dex_buy=0.0662906 | spread_a=-10.8bps spread_b=-0.1bps | min=30.0bps
2026-05-09 19:34:07,574 | INFO | fetch_order_book: symbol=CHIP/USDC limit=20
2026-05-09 19:34:07,878 | INFO | fetch_order_book: mid=0.066315 spread=7.54bps bids=20 asks=20
2026-05-09 19:34:08,788 | INFO | SPREAD | pair=CHIP/USDC | cex=0.06629/0.06634 | dex_sell=0.0662683 dex_buy=0.0662906 | spread_a=-10.8bps spread_b=-0.1bps | min=30.0bps
2026-05-09 19:34:09,792 | INFO | fetch_order_book: symbol=CHIP/USDC limit=20
2026-05-09 19:34:10,113 | INFO | fetch_order_book: mid=0.06635 spread=3.01bps bids=20 asks=20
2026-05-09 19:34:11,017 | INFO | SPREAD | pair=CHIP/USDC | cex=0.06634/0.06636 | dex_sell=0.0662683 dex_buy=0.0663264 | spread_a=-13.8bps spread_b=2.0bps | min=30.0bps
2026-05-09 19:34:12,020 | INFO | fetch_order_book: symbol=CHIP/USDC limit=20
2026-05-09 19:34:12,460 | INFO | fetch_order_book: mid=0.06633 spread=9.05bps bids=20 asks=20
2026-05-09 19:34:13,406 | INFO | SPREAD | pair=CHIP/USDC | cex=0.0663/0.06636 | dex_sell=0.0663041 dex_buy=0.0663264 | spread_a=-8.4bps spread_b=-4.0bps | min=30.0bps
2026-05-09 19:34:14,410 | INFO | fetch_order_book: symbol=CHIP/USDC limit=20
2026-05-09 19:34:14,671 | INFO | fetch_order_book: mid=0.06635 spread=6.03bps bids=20 asks=20
2026-05-09 19:34:15,580 | INFO | SPREAD | pair=CHIP/USDC | cex=0.06633/0.06637 | dex_sell=0.0663041 dex_buy=0.0663264 | spread_a=-9.9bps spread_b=0.5bps | min=30.0bps
2026-05-09 19:34:16,584 | INFO | fetch_order_book: symbol=CHIP/USDC limit=20
2026-05-09 19:34:16,849 | INFO | fetch_order_book: mid=0.066355 spread=4.52bps bids=20 asks=20
2026-05-09 19:34:17,756 | INFO | SPREAD | pair=CHIP/USDC | cex=0.06634/0.06637 | dex_sell=0.0663041 dex_buy=0.0663264 | spread_a=-9.9bps spread_b=2.0bps | min=30.0bps
2026-05-09 19:34:18,759 | INFO | fetch_order_book: symbol=CHIP/USDC limit=20
2026-05-09 19:34:19,027 | INFO | fetch_order_book: mid=0.066325 spread=4.52bps bids=20 asks=20
2026-05-09 19:34:19,999 | INFO | SPREAD | pair=CHIP/USDC | cex=0.06631/0.06634 | dex_sell=0.0663041 dex_buy=0.0663264 | spread_a=-5.4bps spread_b=-2.5bps | min=30.0bps
2026-05-09 19:34:21,003 | INFO | fetch_order_book: symbol=CHIP/USDC limit=20
2026-05-09 19:34:21,337 | INFO | fetch_order_book: mid=0.066325 spread=4.52bps bids=20 asks=20
2026-05-09 19:34:22,227 | INFO | SPREAD | pair=CHIP/USDC | cex=0.06631/0.06634 | dex_sell=0.0663041 dex_buy=0.0663264 | spread_a=-5.4bps spread_b=-2.5bps | min=30.0bps
2026-05-09 19:34:23,231 | INFO | fetch_order_book: symbol=CHIP/USDC limit=20
2026-05-09 19:34:23,601 | INFO | fetch_order_book: mid=0.06636 spread=6.03bps bids=20 asks=20
2026-05-09 19:34:24,534 | INFO | SPREAD | pair=CHIP/USDC | cex=0.06634/0.06638 | dex_sell=0.0663041 dex_buy=0.0663264 | spread_a=-11.4bps spread_b=2.0bps | min=30.0bps
2026-05-09 19:34:25,537 | INFO | fetch_order_book: symbol=CHIP/USDC limit=20
2026-05-09 19:34:25,800 | INFO | fetch_order_book: mid=0.066345 spread=7.54bps bids=20 asks=20
2026-05-09 19:34:26,695 | INFO | SPREAD | pair=CHIP/USDC | cex=0.06632/0.06637 | dex_sell=0.0663041 dex_buy=0.0663264 | spread_a=-9.9bps spread_b=-1.0bps | min=30.0bps
2026-05-09 19:34:27,697 | INFO | fetch_order_book: symbol=CHIP/USDC limit=20
2026-05-09 19:34:27,954 | INFO | fetch_order_book: mid=0.06636 spread=6.03bps bids=20 asks=20
2026-05-09 19:34:28,871 | INFO | SPREAD | pair=CHIP/USDC | cex=0.06634/0.06638 | dex_sell=0.0663041 dex_buy=0.0663264 | spread_a=-11.4bps spread_b=2.0bps | min=30.0bps
2026-05-09 19:34:29,875 | INFO | fetch_order_book: symbol=CHIP/USDC limit=20
2026-05-09 19:34:30,340 | INFO | fetch_order_book: mid=0.06636 spread=6.03bps bids=20 asks=20
2026-05-09 19:34:31,262 | INFO | SPREAD | pair=CHIP/USDC | cex=0.06634/0.06638 | dex_sell=0.0663041 dex_buy=0.0663264 | spread_a=-11.4bps spread_b=2.0bps | min=30.0bps
2026-05-09 19:34:32,265 | INFO | fetch_order_book: symbol=CHIP/USDC limit=20
2026-05-09 19:34:32,601 | INFO | fetch_order_book: mid=0.06634 spread=9.04bps bids=20 asks=20
2026-05-09 19:34:33,491 | INFO | SPREAD | pair=CHIP/USDC | cex=0.06631/0.06637 | dex_sell=0.0663041 dex_buy=0.0663264 | spread_a=-9.9bps spread_b=-2.5bps | min=30.0bps
2026-05-09 19:34:34,494 | INFO | fetch_order_book: symbol=CHIP/USDC limit=20
2026-05-09 19:34:34,754 | INFO | fetch_order_book: mid=0.066335 spread=7.54bps bids=20 asks=20
2026-05-09 19:34:35,639 | INFO | SPREAD | pair=CHIP/USDC | cex=0.06631/0.06636 | dex_sell=0.0663041 dex_buy=0.0663264 | spread_a=-8.4bps spread_b=-2.5bps | min=30.0bps
2026-05-09 19:34:36,642 | INFO | fetch_order_book: symbol=CHIP/USDC limit=20
2026-05-09 19:34:36,914 | INFO | fetch_order_book: mid=0.06633 spread=6.03bps bids=20 asks=20
2026-05-09 19:34:37,774 | INFO | SPREAD | pair=CHIP/USDC | cex=0.06631/0.06635 | dex_sell=0.0663041 dex_buy=0.0663264 | spread_a=-6.9bps spread_b=-2.5bps | min=30.0bps
2026-05-09 19:34:38,778 | INFO | fetch_order_book: symbol=CHIP/USDC limit=20
2026-05-09 19:34:39,039 | INFO | fetch_order_book: mid=0.06633 spread=6.03bps bids=20 asks=20
2026-05-09 19:34:39,936 | INFO | SPREAD | pair=CHIP/USDC | cex=0.06631/0.06635 | dex_sell=0.0663041 dex_buy=0.0663264 | spread_a=-6.9bps spread_b=-2.5bps | min=30.0bps
2026-05-09 19:34:40,939 | INFO | fetch_order_book: symbol=CHIP/USDC limit=20
2026-05-09 19:34:41,327 | INFO | fetch_order_book: mid=0.06633 spread=6.03bps bids=20 asks=20
2026-05-09 19:34:42,340 | INFO | SPREAD | pair=CHIP/USDC | cex=0.06631/0.06635 | dex_sell=0.0663041 dex_buy=0.0663264 | spread_a=-6.9bps spread_b=-2.5bps | min=30.0bps
2026-05-09 19:34:43,343 | INFO | fetch_order_book: symbol=CHIP/USDC limit=20
2026-05-09 19:34:43,662 | INFO | fetch_order_book: mid=0.066325 spread=4.52bps bids=20 asks=20
2026-05-09 19:34:44,576 | INFO | SPREAD | pair=CHIP/USDC | cex=0.06631/0.06634 | dex_sell=0.0663041 dex_buy=0.0663264 | spread_a=-5.4bps spread_b=-2.5bps | min=30.0bps
2026-05-09 19:34:45,579 | INFO | fetch_order_book: symbol=CHIP/USDC limit=20
2026-05-09 19:34:45,841 | INFO | fetch_order_book: mid=0.06634 spread=6.03bps bids=20 asks=20
2026-05-09 19:34:46,763 | INFO | SPREAD | pair=CHIP/USDC | cex=0.06632/0.06636 | dex_sell=0.0663041 dex_buy=0.0663264 | spread_a=-8.4bps spread_b=-1.0bps | min=30.0bps
2026-05-09 19:34:47,767 | INFO | fetch_order_book: symbol=CHIP/USDC limit=20
2026-05-09 19:34:48,030 | INFO | fetch_order_book: mid=0.06633 spread=6.03bps bids=20 asks=20
2026-05-09 19:34:48,925 | INFO | SPREAD | pair=CHIP/USDC | cex=0.06631/0.06635 | dex_sell=0.0663041 dex_buy=0.0663264 | spread_a=-6.9bps spread_b=-2.5bps | min=30.0bps
2026-05-09 19:34:49,929 | INFO | fetch_order_book: symbol=CHIP/USDC limit=20
2026-05-09 19:34:50,187 | INFO | fetch_order_book: mid=0.066345 spread=4.52bps bids=20 asks=20
2026-05-09 19:34:51,053 | INFO | SPREAD | pair=CHIP/USDC | cex=0.06633/0.06636 | dex_sell=0.0663041 dex_buy=0.0663264 | spread_a=-8.4bps spread_b=0.5bps | min=30.0bps
2026-05-09 19:34:52,055 | INFO | fetch_order_book: symbol=CHIP/USDC limit=20
2026-05-09 19:34:52,380 | INFO | fetch_order_book: mid=0.066345 spread=4.52bps bids=20 asks=20
2026-05-09 19:34:53,294 | INFO | SPREAD | pair=CHIP/USDC | cex=0.06633/0.06636 | dex_sell=0.0663041 dex_buy=0.0663264 | spread_a=-8.4bps spread_b=0.5bps | min=30.0bps
2026-05-09 19:34:54,297 | INFO | fetch_order_book: symbol=CHIP/USDC limit=20
2026-05-09 19:34:54,720 | INFO | fetch_order_book: mid=0.066345 spread=4.52bps bids=20 asks=20
2026-05-09 19:34:55,592 | INFO | SPREAD | pair=CHIP/USDC | cex=0.06633/0.06636 | dex_sell=0.0663041 dex_buy=0.0663264 | spread_a=-8.4bps spread_b=0.5bps | min=30.0bps
2026-05-09 19:34:56,596 | INFO | fetch_order_book: symbol=CHIP/USDC limit=20
2026-05-09 19:34:57,215 | INFO | fetch_order_book: mid=0.066335 spread=7.54bps bids=20 asks=20
2026-05-09 19:34:58,097 | INFO | SPREAD | pair=CHIP/USDC | cex=0.06631/0.06636 | dex_sell=0.0663041 dex_buy=0.0663264 | spread_a=-8.4bps spread_b=-2.5bps | min=30.0bps
2026-05-09 19:34:59,101 | INFO | fetch_order_book: symbol=CHIP/USDC limit=20
2026-05-09 19:34:59,532 | INFO | fetch_order_book: mid=0.066345 spread=4.52bps bids=20 asks=20
2026-05-09 19:35:00,462 | INFO | SPREAD | pair=CHIP/USDC | cex=0.06633/0.06636 | dex_sell=0.0663041 dex_buy=0.0663264 | spread_a=-8.4bps spread_b=0.5bps | min=30.0bps
2026-05-09 19:35:01,465 | INFO | fetch_order_book: symbol=CHIP/USDC limit=20
2026-05-09 19:35:01,746 | INFO | fetch_order_book: mid=0.066335 spread=4.52bps bids=20 asks=20
2026-05-09 19:35:02,663 | INFO | SPREAD | pair=CHIP/USDC | cex=0.06632/0.06635 | dex_sell=0.0663041 dex_buy=0.0663264 | spread_a=-6.9bps spread_b=-1.0bps | min=30.0bps
2026-05-09 19:35:03,666 | INFO | fetch_order_book: symbol=CHIP/USDC limit=20
2026-05-09 19:35:03,928 | INFO | fetch_order_book: mid=0.066335 spread=7.54bps bids=20 asks=20
2026-05-09 19:35:04,844 | INFO | SPREAD | pair=CHIP/USDC | cex=0.06631/0.06636 | dex_sell=0.0663041 dex_buy=0.0663264 | spread_a=-8.4bps spread_b=-2.5bps | min=30.0bps
2026-05-09 19:35:05,847 | INFO | fetch_order_book: symbol=CHIP/USDC limit=20
2026-05-09 19:35:06,113 | INFO | fetch_order_book: mid=0.06637 spread=3.01bps bids=20 asks=20
2026-05-09 19:35:07,019 | INFO | SPREAD | pair=CHIP/USDC | cex=0.06636/0.06638 | dex_sell=0.0663041 dex_buy=0.0663264 | spread_a=-11.4bps spread_b=5.1bps | min=30.0bps
2026-05-09 19:35:08,022 | INFO | fetch_order_book: symbol=CHIP/USDC limit=20
2026-05-09 19:35:08,448 | INFO | fetch_order_book: mid=0.066375 spread=1.51bps bids=20 asks=20
2026-05-09 19:35:09,331 | INFO | SPREAD | pair=CHIP/USDC | cex=0.06637/0.06638 | dex_sell=0.0663041 dex_buy=0.0663264 | spread_a=-11.4bps spread_b=6.6bps | min=30.0bps
2026-05-09 19:35:10,335 | INFO | fetch_order_book: symbol=CHIP/USDC limit=20
2026-05-09 19:35:10,602 | INFO | fetch_order_book: mid=0.066385 spread=4.52bps bids=20 asks=20
2026-05-09 19:35:11,517 | INFO | SPREAD | pair=CHIP/USDC | cex=0.06637/0.0664 | dex_sell=0.0663041 dex_buy=0.0663264 | spread_a=-14.4bps spread_b=6.6bps | min=30.0bps
2026-05-09 19:35:12,520 | INFO | fetch_order_book: symbol=CHIP/USDC limit=20
2026-05-09 19:35:12,799 | INFO | fetch_order_book: mid=0.06639 spread=3.01bps bids=20 asks=20
2026-05-09 19:35:13,676 | INFO | SPREAD | pair=CHIP/USDC | cex=0.06638/0.0664 | dex_sell=0.0663041 dex_buy=0.0663264 | spread_a=-14.4bps spread_b=8.1bps | min=30.0bps
2026-05-09 19:35:14,679 | INFO | fetch_order_book: symbol=CHIP/USDC limit=20
2026-05-09 19:35:14,936 | INFO | fetch_order_book: mid=0.06641 spread=3.01bps bids=20 asks=20
2026-05-09 19:35:15,849 | INFO | SPREAD | pair=CHIP/USDC | cex=0.0664/0.06642 | dex_sell=0.0663041 dex_buy=0.0663264 | spread_a=-17.4bps spread_b=11.1bps | min=30.0bps
2026-05-09 19:35:16,852 | INFO | fetch_order_book: symbol=CHIP/USDC limit=20
2026-05-09 19:35:17,111 | INFO | fetch_order_book: mid=0.06644 spread=3.01bps bids=20 asks=20
2026-05-09 19:35:18,000 | INFO | SPREAD | pair=CHIP/USDC | cex=0.06643/0.06645 | dex_sell=0.0663611 dex_buy=0.0663834 | spread_a=-13.4bps spread_b=7.0bps | min=30.0bps
2026-05-09 19:35:19,003 | INFO | fetch_order_book: symbol=CHIP/USDC limit=20
2026-05-09 19:35:19,402 | INFO | fetch_order_book: mid=0.06644 spread=3.01bps bids=20 asks=20
2026-05-09 19:35:20,348 | INFO | SPREAD | pair=CHIP/USDC | cex=0.06643/0.06645 | dex_sell=0.0663611 dex_buy=0.0663834 | spread_a=-13.4bps spread_b=7.0bps | min=30.0bps
2026-05-09 19:35:21,351 | INFO | fetch_order_book: symbol=CHIP/USDC limit=20
2026-05-09 19:35:21,617 | INFO | fetch_order_book: mid=0.06647 spread=6.02bps bids=20 asks=20
2026-05-09 19:35:22,530 | INFO | SPREAD | pair=CHIP/USDC | cex=0.06645/0.06649 | dex_sell=0.066421 dex_buy=0.0664434 | spread_a=-10.4bps spread_b=1.0bps | min=30.0bps
2026-05-09 19:35:23,533 | INFO | fetch_order_book: symbol=CHIP/USDC limit=20
2026-05-09 19:35:23,907 | INFO | fetch_order_book: mid=0.06647 spread=6.02bps bids=20 asks=20
2026-05-09 19:35:24,858 | INFO | SPREAD | pair=CHIP/USDC | cex=0.06645/0.06649 | dex_sell=0.066421 dex_buy=0.0664434 | spread_a=-10.4bps spread_b=1.0bps | min=30.0bps
2026-05-09 19:35:25,862 | INFO | fetch_order_book: symbol=CHIP/USDC limit=20
2026-05-09 19:35:26,381 | INFO | fetch_order_book: mid=0.06647 spread=6.02bps bids=20 asks=20
2026-05-09 19:35:27,300 | INFO | SPREAD | pair=CHIP/USDC | cex=0.06645/0.06649 | dex_sell=0.066421 dex_buy=0.0664434 | spread_a=-10.4bps spread_b=1.0bps | min=30.0bps
2026-05-09 19:35:28,303 | INFO | fetch_order_book: symbol=CHIP/USDC limit=20
2026-05-09 19:35:28,727 | INFO | fetch_order_book: mid=0.06646 spread=6.02bps bids=20 asks=20
2026-05-09 19:35:29,632 | INFO | SPREAD | pair=CHIP/USDC | cex=0.06644/0.06648 | dex_sell=0.066421 dex_buy=0.0664434 | spread_a=-8.9bps spread_b=-0.5bps | min=30.0bps
2026-05-09 19:35:30,636 | INFO | fetch_order_book: symbol=CHIP/USDC limit=20
2026-05-09 19:35:30,920 | INFO | fetch_order_book: mid=0.06647 spread=6.02bps bids=20 asks=20
2026-05-09 19:35:31,852 | INFO | SPREAD | pair=CHIP/USDC | cex=0.06645/0.06649 | dex_sell=0.066421 dex_buy=0.0664434 | spread_a=-10.4bps spread_b=1.0bps | min=30.0bps
2026-05-09 19:35:32,856 | INFO | fetch_order_book: symbol=CHIP/USDC limit=20
2026-05-09 19:35:33,228 | INFO | fetch_order_book: mid=0.066445 spread=10.54bps bids=20 asks=20
2026-05-09 19:35:34,144 | INFO | SPREAD | pair=CHIP/USDC | cex=0.06641/0.06648 | dex_sell=0.066421 dex_buy=0.0664434 | spread_a=-8.9bps spread_b=-5.0bps | min=30.0bps
2026-05-09 19:35:35,148 | INFO | fetch_order_book: symbol=CHIP/USDC limit=20
2026-05-09 19:35:35,412 | INFO | fetch_order_book: mid=0.066445 spread=7.53bps bids=20 asks=20
2026-05-09 19:35:36,331 | INFO | SPREAD | pair=CHIP/USDC | cex=0.06642/0.06647 | dex_sell=0.066421 dex_buy=0.0664434 | spread_a=-7.4bps spread_b=-3.5bps | min=30.0bps
2026-05-09 19:35:37,334 | INFO | fetch_order_book: symbol=CHIP/USDC limit=20
2026-05-09 19:35:37,738 | INFO | fetch_order_book: mid=0.06647 spread=6.02bps bids=20 asks=20
2026-05-09 19:35:38,644 | INFO | SPREAD | pair=CHIP/USDC | cex=0.06645/0.06649 | dex_sell=0.066421 dex_buy=0.0664434 | spread_a=-10.4bps spread_b=1.0bps | min=30.0bps
2026-05-09 19:35:39,647 | INFO | fetch_order_book: symbol=CHIP/USDC limit=20
2026-05-09 19:35:39,989 | INFO | fetch_order_book: mid=0.06646 spread=6.02bps bids=20 asks=20
2026-05-09 19:35:40,878 | INFO | SPREAD | pair=CHIP/USDC | cex=0.06644/0.06648 | dex_sell=0.066421 dex_buy=0.0664434 | spread_a=-8.9bps spread_b=-0.5bps | min=30.0bps
2026-05-09 19:35:41,879 | INFO | fetch_order_book: symbol=CHIP/USDC limit=20
2026-05-09 19:35:42,571 | INFO | fetch_order_book: mid=0.066545 spread=4.51bps bids=20 asks=20
2026-05-09 19:35:43,473 | INFO | SPREAD | pair=CHIP/USDC | cex=0.06653/0.06656 | dex_sell=0.066421 dex_buy=0.0664434 | spread_a=-20.9bps spread_b=13.0bps | min=30.0bps
2026-05-09 19:35:44,475 | INFO | fetch_order_book: symbol=CHIP/USDC limit=20
2026-05-09 19:35:44,746 | INFO | fetch_order_book: mid=0.06657 spread=6.01bps bids=20 asks=20
2026-05-09 19:35:45,655 | INFO | SPREAD | pair=CHIP/USDC | cex=0.06655/0.06659 | dex_sell=0.066421 dex_buy=0.0664434 | spread_a=-25.4bps spread_b=16.0bps | min=30.0bps
2026-05-09 19:35:46,657 | INFO | fetch_order_book: symbol=CHIP/USDC limit=20
2026-05-09 19:35:46,955 | INFO | fetch_order_book: mid=0.066545 spread=7.51bps bids=20 asks=20
2026-05-09 19:35:47,884 | INFO | SPREAD | pair=CHIP/USDC | cex=0.06652/0.06657 | dex_sell=0.066421 dex_buy=0.0664434 | spread_a=-22.4bps spread_b=11.5bps | min=30.0bps
2026-05-09 19:35:48,888 | INFO | fetch_order_book: symbol=CHIP/USDC limit=20
2026-05-09 19:35:49,177 | INFO | fetch_order_book: mid=0.06655 spread=9.02bps bids=20 asks=20
2026-05-09 19:35:50,129 | INFO | SPREAD | pair=CHIP/USDC | cex=0.06652/0.06658 | dex_sell=0.066421 dex_buy=0.0664434 | spread_a=-23.9bps spread_b=11.5bps | min=30.0bps
2026-05-09 19:35:51,132 | INFO | fetch_order_book: symbol=CHIP/USDC limit=20
2026-05-09 19:35:51,400 | INFO | fetch_order_book: mid=0.06655 spread=9.02bps bids=20 asks=20
2026-05-09 19:35:52,340 | INFO | SPREAD | pair=CHIP/USDC | cex=0.06652/0.06658 | dex_sell=0.066421 dex_buy=0.0664434 | spread_a=-23.9bps spread_b=11.5bps | min=30.0bps
2026-05-09 19:35:53,343 | INFO | fetch_order_book: symbol=CHIP/USDC limit=20
2026-05-09 19:35:53,709 | INFO | fetch_order_book: mid=0.06655 spread=9.02bps bids=20 asks=20
2026-05-09 19:35:54,626 | INFO | SPREAD | pair=CHIP/USDC | cex=0.06652/0.06658 | dex_sell=0.066421 dex_buy=0.0664434 | spread_a=-23.9bps spread_b=11.5bps | min=30.0bps
2026-05-09 19:35:55,630 | INFO | fetch_order_book: symbol=CHIP/USDC limit=20
2026-05-09 19:35:55,915 | INFO | fetch_order_book: mid=0.066555 spread=7.51bps bids=20 asks=20
2026-05-09 19:35:56,886 | INFO | SPREAD | pair=CHIP/USDC | cex=0.06653/0.06658 | dex_sell=0.066421 dex_buy=0.0664434 | spread_a=-23.9bps spread_b=13.0bps | min=30.0bps
2026-05-09 19:35:57,889 | INFO | fetch_order_book: symbol=CHIP/USDC limit=20
2026-05-09 19:35:58,231 | INFO | fetch_order_book: mid=0.06655 spread=6.01bps bids=20 asks=20
2026-05-09 19:35:59,149 | INFO | SPREAD | pair=CHIP/USDC | cex=0.06653/0.06657 | dex_sell=0.066421 dex_buy=0.0664434 | spread_a=-22.4bps spread_b=13.0bps | min=30.0bps
2026-05-09 19:36:00,152 | INFO | fetch_order_book: symbol=CHIP/USDC limit=20
2026-05-09 19:36:00,486 | INFO | fetch_order_book: mid=0.06655 spread=6.01bps bids=20 asks=20
2026-05-09 19:36:01,390 | INFO | SPREAD | pair=CHIP/USDC | cex=0.06653/0.06657 | dex_sell=0.066421 dex_buy=0.0664434 | spread_a=-22.4bps spread_b=13.0bps | min=30.0bps
2026-05-09 19:36:02,393 | INFO | fetch_order_book: symbol=CHIP/USDC limit=20
2026-05-09 19:36:02,887 | INFO | fetch_order_book: mid=0.066605 spread=4.50bps bids=20 asks=20
2026-05-09 19:36:03,930 | INFO | SPREAD | pair=CHIP/USDC | cex=0.06659/0.06662 | dex_sell=0.066421 dex_buy=0.0665825 | spread_a=-29.9bps spread_b=1.1bps | min=30.0bps
2026-05-09 19:36:04,933 | INFO | fetch_order_book: symbol=CHIP/USDC limit=20
2026-05-09 19:36:05,224 | INFO | fetch_order_book: mid=0.06661 spread=3.00bps bids=20 asks=20
2026-05-09 19:36:06,114 | INFO | SPREAD | pair=CHIP/USDC | cex=0.0666/0.06662 | dex_sell=0.0665601 dex_buy=0.0665825 | spread_a=-9.0bps spread_b=2.6bps | min=30.0bps
2026-05-09 19:36:07,117 | INFO | fetch_order_book: symbol=CHIP/USDC limit=20
2026-05-09 19:36:07,427 | INFO | fetch_order_book: mid=0.06661 spread=3.00bps bids=20 asks=20
2026-05-09 19:36:08,345 | INFO | SPREAD | pair=CHIP/USDC | cex=0.0666/0.06662 | dex_sell=0.0665601 dex_buy=0.0665825 | spread_a=-9.0bps spread_b=2.6bps | min=30.0bps
2026-05-09 19:36:09,348 | INFO | fetch_order_book: symbol=CHIP/USDC limit=20
2026-05-09 19:36:09,780 | INFO | fetch_order_book: mid=0.06661 spread=3.00bps bids=20 asks=20
2026-05-09 19:36:10,711 | INFO | SPREAD | pair=CHIP/USDC | cex=0.0666/0.06662 | dex_sell=0.0665601 dex_buy=0.0665825 | spread_a=-9.0bps spread_b=2.6bps | min=30.0bps
2026-05-09 19:36:11,715 | INFO | fetch_order_book: symbol=CHIP/USDC limit=20
2026-05-09 19:36:11,977 | INFO | fetch_order_book: mid=0.06661 spread=3.00bps bids=20 asks=20
2026-05-09 19:36:12,881 | INFO | SPREAD | pair=CHIP/USDC | cex=0.0666/0.06662 | dex_sell=0.0665601 dex_buy=0.0665825 | spread_a=-9.0bps spread_b=2.6bps | min=30.0bps
2026-05-09 19:36:13,884 | INFO | fetch_order_book: symbol=CHIP/USDC limit=20
2026-05-09 19:36:14,185 | INFO | fetch_order_book: mid=0.06661 spread=3.00bps bids=20 asks=20
2026-05-09 19:36:15,082 | INFO | SPREAD | pair=CHIP/USDC | cex=0.0666/0.06662 | dex_sell=0.0665601 dex_buy=0.0665825 | spread_a=-9.0bps spread_b=2.6bps | min=30.0bps
2026-05-09 19:36:16,085 | INFO | fetch_order_book: symbol=CHIP/USDC limit=20
2026-05-09 19:36:16,428 | INFO | fetch_order_book: mid=0.066625 spread=4.50bps bids=20 asks=20
2026-05-09 19:36:17,346 | INFO | SPREAD | pair=CHIP/USDC | cex=0.06661/0.06664 | dex_sell=0.0665601 dex_buy=0.0665825 | spread_a=-12.0bps spread_b=4.1bps | min=30.0bps
2026-05-09 19:36:18,349 | INFO | fetch_order_book: symbol=CHIP/USDC limit=20
2026-05-09 19:36:18,690 | INFO | fetch_order_book: mid=0.066635 spread=1.50bps bids=20 asks=20
2026-05-09 19:36:19,599 | INFO | SPREAD | pair=CHIP/USDC | cex=0.06663/0.06664 | dex_sell=0.0665601 dex_buy=0.0665825 | spread_a=-12.0bps spread_b=7.1bps | min=30.0bps
2026-05-09 19:36:20,603 | INFO | fetch_order_book: symbol=CHIP/USDC limit=20
2026-05-09 19:36:20,862 | INFO | fetch_order_book: mid=0.066635 spread=1.50bps bids=20 asks=20
2026-05-09 19:36:21,787 | INFO | SPREAD | pair=CHIP/USDC | cex=0.06663/0.06664 | dex_sell=0.0665601 dex_buy=0.0665825 | spread_a=-12.0bps spread_b=7.1bps | min=30.0bps
2026-05-09 19:36:22,790 | INFO | fetch_order_book: symbol=CHIP/USDC limit=20
2026-05-09 19:36:23,047 | INFO | fetch_order_book: mid=0.066615 spread=4.50bps bids=20 asks=20
2026-05-09 19:36:23,978 | INFO | SPREAD | pair=CHIP/USDC | cex=0.0666/0.06663 | dex_sell=0.0665601 dex_buy=0.0665825 | spread_a=-10.5bps spread_b=2.6bps | min=30.0bps
2026-05-09 19:36:24,981 | INFO | fetch_order_book: symbol=CHIP/USDC limit=20
2026-05-09 19:36:25,354 | INFO | fetch_order_book: mid=0.066605 spread=4.50bps bids=20 asks=20
2026-05-09 19:36:26,278 | INFO | SPREAD | pair=CHIP/USDC | cex=0.06659/0.06662 | dex_sell=0.0665601 dex_buy=0.0665825 | spread_a=-9.0bps spread_b=1.1bps | min=30.0bps
2026-05-09 19:36:27,281 | INFO | fetch_order_book: symbol=CHIP/USDC limit=20
2026-05-09 19:36:27,609 | INFO | fetch_order_book: mid=0.06662 spread=6.00bps bids=20 asks=20
2026-05-09 19:36:28,534 | INFO | SPREAD | pair=CHIP/USDC | cex=0.0666/0.06664 | dex_sell=0.0665601 dex_buy=0.0665825 | spread_a=-12.0bps spread_b=2.6bps | min=30.0bps
2026-05-09 19:36:29,538 | INFO | fetch_order_book: symbol=CHIP/USDC limit=20
2026-05-09 19:36:29,927 | INFO | fetch_order_book: mid=0.066625 spread=4.50bps bids=20 asks=20
2026-05-09 19:36:30,850 | INFO | SPREAD | pair=CHIP/USDC | cex=0.06661/0.06664 | dex_sell=0.0665601 dex_buy=0.0665825 | spread_a=-12.0bps spread_b=4.1bps | min=30.0bps
2026-05-09 19:36:31,854 | INFO | fetch_order_book: symbol=CHIP/USDC limit=20
2026-05-09 19:36:32,113 | INFO | fetch_order_book: mid=0.06662 spread=6.00bps bids=20 asks=20
2026-05-09 19:36:33,286 | INFO | SPREAD | pair=CHIP/USDC | cex=0.0666/0.06664 | dex_sell=0.0665601 dex_buy=0.0665825 | spread_a=-12.0bps spread_b=2.6bps | min=30.0bps
2026-05-09 19:36:34,290 | INFO | fetch_order_book: symbol=CHIP/USDC limit=20
2026-05-09 19:36:34,663 | INFO | fetch_order_book: mid=0.066595 spread=7.51bps bids=20 asks=20
2026-05-09 19:36:35,560 | INFO | SPREAD | pair=CHIP/USDC | cex=0.06657/0.06662 | dex_sell=0.0665601 dex_buy=0.0665825 | spread_a=-9.0bps spread_b=-1.9bps | min=30.0bps
2026-05-09 19:36:36,563 | INFO | fetch_order_book: symbol=CHIP/USDC limit=20
2026-05-09 19:36:36,829 | INFO | fetch_order_book: mid=0.066645 spread=10.50bps bids=20 asks=20
2026-05-09 19:36:37,724 | INFO | SPREAD | pair=CHIP/USDC | cex=0.06661/0.06668 | dex_sell=0.0665601 dex_buy=0.0665825 | spread_a=-18.0bps spread_b=4.1bps | min=30.0bps
2026-05-09 19:36:38,728 | INFO | fetch_order_book: symbol=CHIP/USDC limit=20
2026-05-09 19:36:39,022 | INFO | fetch_order_book: mid=0.066655 spread=7.50bps bids=20 asks=20
2026-05-09 19:36:39,930 | INFO | SPREAD | pair=CHIP/USDC | cex=0.06663/0.06668 | dex_sell=0.0665601 dex_buy=0.0665825 | spread_a=-18.0bps spread_b=7.1bps | min=30.0bps
2026-05-09 19:36:40,933 | INFO | fetch_order_book: symbol=CHIP/USDC limit=20
2026-05-09 19:36:41,629 | INFO | fetch_order_book: mid=0.06664 spread=9.00bps bids=20 asks=20
2026-05-09 19:36:42,552 | INFO | SPREAD | pair=CHIP/USDC | cex=0.06661/0.06667 | dex_sell=0.0665601 dex_buy=0.0665825 | spread_a=-16.5bps spread_b=4.1bps | min=30.0bps
2026-05-09 19:36:43,554 | INFO | fetch_order_book: symbol=CHIP/USDC limit=20
2026-05-09 19:36:43,836 | INFO | fetch_order_book: mid=0.066645 spread=7.50bps bids=20 asks=20
2026-05-09 19:36:44,736 | INFO | SPREAD | pair=CHIP/USDC | cex=0.06662/0.06667 | dex_sell=0.0665601 dex_buy=0.0665825 | spread_a=-16.5bps spread_b=5.6bps | min=30.0bps
2026-05-09 19:36:45,740 | INFO | fetch_order_book: symbol=CHIP/USDC limit=20
2026-05-09 19:36:46,031 | INFO | fetch_order_book: mid=0.066695 spread=7.50bps bids=20 asks=20
2026-05-09 19:36:46,960 | INFO | SPREAD | pair=CHIP/USDC | cex=0.06667/0.06672 | dex_sell=0.0666381 dex_buy=0.0666606 | spread_a=-12.3bps spread_b=1.4bps | min=30.0bps
2026-05-09 19:36:47,964 | INFO | fetch_order_book: symbol=CHIP/USDC limit=20
2026-05-09 19:36:48,448 | INFO | fetch_order_book: mid=0.066675 spread=1.50bps bids=20 asks=20
2026-05-09 19:36:49,364 | INFO | SPREAD | pair=CHIP/USDC | cex=0.06667/0.06668 | dex_sell=0.0666381 dex_buy=0.0666606 | spread_a=-6.3bps spread_b=1.4bps | min=30.0bps
2026-05-09 19:36:50,368 | INFO | fetch_order_book: symbol=CHIP/USDC limit=20
2026-05-09 19:36:50,636 | INFO | fetch_order_book: mid=0.06665 spread=6.00bps bids=20 asks=20
2026-05-09 19:36:51,523 | INFO | SPREAD | pair=CHIP/USDC | cex=0.06663/0.06667 | dex_sell=0.0666381 dex_buy=0.0666606 | spread_a=-4.8bps spread_b=-4.6bps | min=30.0bps
2026-05-09 19:36:52,526 | INFO | fetch_order_book: symbol=CHIP/USDC limit=20
2026-05-09 19:36:52,790 | INFO | fetch_order_book: mid=0.06665 spread=6.00bps bids=20 asks=20
2026-05-09 19:36:53,700 | INFO | SPREAD | pair=CHIP/USDC | cex=0.06663/0.06667 | dex_sell=0.0666381 dex_buy=0.0666606 | spread_a=-4.8bps spread_b=-4.6bps | min=30.0bps
2026-05-09 19:36:54,703 | INFO | fetch_order_book: symbol=CHIP/USDC limit=20
2026-05-09 19:36:55,044 | INFO | fetch_order_book: mid=0.06663 spread=6.00bps bids=20 asks=20
2026-05-09 19:36:55,944 | INFO | SPREAD | pair=CHIP/USDC | cex=0.06661/0.06665 | dex_sell=0.0666381 dex_buy=0.0666606 | spread_a=-1.8bps spread_b=-7.6bps | min=30.0bps
2026-05-09 19:36:56,947 | INFO | fetch_order_book: symbol=CHIP/USDC limit=20
2026-05-09 19:36:57,388 | INFO | fetch_order_book: mid=0.066615 spread=4.50bps bids=20 asks=20
2026-05-09 19:36:58,297 | INFO | SPREAD | pair=CHIP/USDC | cex=0.0666/0.06663 | dex_sell=0.0665976 dex_buy=0.06662 | spread_a=-4.9bps spread_b=-3.0bps | min=30.0bps
2026-05-09 19:36:59,301 | INFO | fetch_order_book: symbol=CHIP/USDC limit=20
2026-05-09 19:36:59,686 | INFO | fetch_order_book: mid=0.066585 spread=1.50bps bids=20 asks=20
2026-05-09 19:37:00,583 | INFO | SPREAD | pair=CHIP/USDC | cex=0.06658/0.06659 | dex_sell=0.0665576 dex_buy=0.0665799 | spread_a=-4.9bps spread_b=0.0bps | min=30.0bps
2026-05-09 19:37:01,586 | INFO | fetch_order_book: symbol=CHIP/USDC limit=20
2026-05-09 19:37:01,877 | INFO | fetch_order_book: mid=0.066565 spread=4.51bps bids=20 asks=20
2026-05-09 19:37:02,779 | INFO | SPREAD | pair=CHIP/USDC | cex=0.06655/0.06658 | dex_sell=0.0665576 dex_buy=0.0665799 | spread_a=-3.4bps spread_b=-4.5bps | min=30.0bps
2026-05-09 19:37:03,782 | INFO | fetch_order_book: symbol=CHIP/USDC limit=20
2026-05-09 19:37:04,158 | INFO | fetch_order_book: mid=0.06657 spread=3.00bps bids=20 asks=20
2026-05-09 19:37:05,041 | INFO | SPREAD | pair=CHIP/USDC | cex=0.06656/0.06658 | dex_sell=0.0665576 dex_buy=0.0665799 | spread_a=-3.4bps spread_b=-3.0bps | min=30.0bps
2026-05-09 19:37:06,044 | INFO | fetch_order_book: symbol=CHIP/USDC limit=20
2026-05-09 19:37:06,410 | INFO | fetch_order_book: mid=0.06658 spread=6.01bps bids=20 asks=20
2026-05-09 19:37:07,313 | INFO | SPREAD | pair=CHIP/USDC | cex=0.06656/0.0666 | dex_sell=0.0665935 dex_buy=0.0665698 | spread_a=-1.0bps spread_b=-1.5bps | min=30.0bps
2026-05-09 19:37:08,317 | INFO | fetch_order_book: symbol=CHIP/USDC limit=20
2026-05-09 19:37:08,664 | INFO | fetch_order_book: mid=0.06658 spread=6.01bps bids=20 asks=20
2026-05-09 19:37:09,619 | INFO | SPREAD | pair=CHIP/USDC | cex=0.06656/0.0666 | dex_sell=0.0665474 dex_buy=0.0665698 | spread_a=-7.9bps spread_b=-1.5bps | min=30.0bps
2026-05-09 19:37:10,622 | INFO | fetch_order_book: symbol=CHIP/USDC limit=20
2026-05-09 19:37:10,884 | INFO | fetch_order_book: mid=0.06658 spread=6.01bps bids=20 asks=20
2026-05-09 19:37:11,778 | INFO | SPREAD | pair=CHIP/USDC | cex=0.06656/0.0666 | dex_sell=0.0665474 dex_buy=0.0665698 | spread_a=-7.9bps spread_b=-1.5bps | min=30.0bps
2026-05-09 19:37:12,781 | INFO | fetch_order_book: symbol=CHIP/USDC limit=20
2026-05-09 19:37:13,178 | INFO | fetch_order_book: mid=0.06658 spread=6.01bps bids=20 asks=20
2026-05-09 19:37:14,093 | INFO | SPREAD | pair=CHIP/USDC | cex=0.06656/0.0666 | dex_sell=0.0665474 dex_buy=0.0665698 | spread_a=-7.9bps spread_b=-1.5bps | min=30.0bps
2026-05-09 19:37:15,096 | INFO | fetch_order_book: symbol=CHIP/USDC limit=20
2026-05-09 19:37:15,429 | INFO | fetch_order_book: mid=0.06659 spread=9.01bps bids=20 asks=20
2026-05-09 19:37:16,395 | INFO | SPREAD | pair=CHIP/USDC | cex=0.06656/0.06662 | dex_sell=0.0665474 dex_buy=0.0665698 | spread_a=-10.9bps spread_b=-1.5bps | min=30.0bps
2026-05-09 19:37:17,398 | INFO | fetch_order_book: symbol=CHIP/USDC limit=20
2026-05-09 19:37:17,659 | INFO | fetch_order_book: mid=0.066605 spread=7.51bps bids=20 asks=20
2026-05-09 19:37:18,577 | INFO | SPREAD | pair=CHIP/USDC | cex=0.06658/0.06663 | dex_sell=0.0665474 dex_buy=0.0665698 | spread_a=-12.4bps spread_b=1.5bps | min=30.0bps
2026-05-09 19:37:19,580 | INFO | fetch_order_book: symbol=CHIP/USDC limit=20
2026-05-09 19:37:19,852 | INFO | fetch_order_book: mid=0.06661 spread=6.01bps bids=20 asks=20
2026-05-09 19:37:20,835 | INFO | SPREAD | pair=CHIP/USDC | cex=0.06659/0.06663 | dex_sell=0.0665474 dex_buy=0.0665698 | spread_a=-12.4bps spread_b=3.0bps | min=30.0bps
2026-05-09 19:37:21,838 | INFO | fetch_order_book: symbol=CHIP/USDC limit=20
2026-05-09 19:37:22,193 | INFO | fetch_order_book: mid=0.066635 spread=7.50bps bids=20 asks=20
2026-05-09 19:37:23,222 | INFO | SPREAD | pair=CHIP/USDC | cex=0.06661/0.06666 | dex_sell=0.0665474 dex_buy=0.0666058 | spread_a=-16.9bps spread_b=0.6bps | min=30.0bps
2026-05-09 19:37:24,225 | INFO | fetch_order_book: symbol=CHIP/USDC limit=20
2026-05-09 19:37:24,544 | INFO | fetch_order_book: mid=0.066605 spread=7.51bps bids=20 asks=20
2026-05-09 19:37:25,454 | INFO | SPREAD | pair=CHIP/USDC | cex=0.06658/0.06663 | dex_sell=0.0665834 dex_buy=0.0666058 | spread_a=-7.0bps spread_b=-3.9bps | min=30.0bps
2026-05-09 19:37:26,457 | INFO | fetch_order_book: symbol=CHIP/USDC limit=20
2026-05-09 19:37:26,789 | INFO | fetch_order_book: mid=0.06664 spread=6.00bps bids=20 asks=20
2026-05-09 19:37:27,711 | INFO | SPREAD | pair=CHIP/USDC | cex=0.06662/0.06666 | dex_sell=0.0665834 dex_buy=0.0666058 | spread_a=-11.5bps spread_b=2.1bps | min=30.0bps
2026-05-09 19:37:28,714 | INFO | fetch_order_book: symbol=CHIP/USDC limit=20
2026-05-09 19:37:29,045 | INFO | fetch_order_book: mid=0.066655 spread=4.50bps bids=20 asks=20
2026-05-09 19:37:29,981 | INFO | SPREAD | pair=CHIP/USDC | cex=0.06664/0.06667 | dex_sell=0.0666235 dex_buy=0.0666459 | spread_a=-7.0bps spread_b=-0.9bps | min=30.0bps
2026-05-09 19:37:30,984 | INFO | fetch_order_book: symbol=CHIP/USDC limit=20
2026-05-09 19:37:31,253 | INFO | fetch_order_book: mid=0.066655 spread=4.50bps bids=20 asks=20
2026-05-09 19:37:32,162 | INFO | SPREAD | pair=CHIP/USDC | cex=0.06664/0.06667 | dex_sell=0.0666235 dex_buy=0.0666459 | spread_a=-7.0bps spread_b=-0.9bps | min=30.0bps
2026-05-09 19:37:33,165 | INFO | fetch_order_book: symbol=CHIP/USDC limit=20
2026-05-09 19:37:33,544 | INFO | fetch_order_book: mid=0.066645 spread=4.50bps bids=20 asks=20
2026-05-09 19:37:34,458 | INFO | SPREAD | pair=CHIP/USDC | cex=0.06663/0.06666 | dex_sell=0.0666235 dex_buy=0.0666459 | spread_a=-5.5bps spread_b=-2.4bps | min=30.0bps
2026-05-09 19:37:35,462 | INFO | fetch_order_book: symbol=CHIP/USDC limit=20
2026-05-09 19:37:35,801 | INFO | fetch_order_book: mid=0.06665 spread=6.00bps bids=20 asks=20
2026-05-09 19:37:36,754 | INFO | SPREAD | pair=CHIP/USDC | cex=0.06663/0.06667 | dex_sell=0.0666235 dex_buy=0.0666459 | spread_a=-7.0bps spread_b=-2.4bps | min=30.0bps
2026-05-09 19:37:37,756 | INFO | fetch_order_book: symbol=CHIP/USDC limit=20
2026-05-09 19:37:38,091 | INFO | fetch_order_book: mid=0.066635 spread=4.50bps bids=20 asks=20
2026-05-09 19:37:39,061 | INFO | SPREAD | pair=CHIP/USDC | cex=0.06662/0.06665 | dex_sell=0.0666235 dex_buy=0.0666459 | spread_a=-4.0bps spread_b=-3.9bps | min=30.0bps
2026-05-09 19:37:40,065 | INFO | fetch_order_book: symbol=CHIP/USDC limit=20
2026-05-09 19:37:40,335 | INFO | fetch_order_book: mid=0.066635 spread=4.50bps bids=20 asks=20
2026-05-09 19:37:41,259 | INFO | SPREAD | pair=CHIP/USDC | cex=0.06662/0.06665 | dex_sell=0.0666235 dex_buy=0.0666459 | spread_a=-4.0bps spread_b=-3.9bps | min=30.0bps
2026-05-09 19:37:42,262 | INFO | fetch_order_book: symbol=CHIP/USDC limit=20
2026-05-09 19:37:42,577 | INFO | fetch_order_book: mid=0.066635 spread=4.50bps bids=20 asks=20
2026-05-09 19:37:43,572 | INFO | SPREAD | pair=CHIP/USDC | cex=0.06662/0.06665 | dex_sell=0.0666235 dex_buy=0.0666459 | spread_a=-4.0bps spread_b=-3.9bps | min=30.0bps
2026-05-09 19:37:44,575 | INFO | fetch_order_book: symbol=CHIP/USDC limit=20
2026-05-09 19:37:44,917 | INFO | fetch_order_book: mid=0.066615 spread=4.50bps bids=20 asks=20
2026-05-09 19:37:45,845 | INFO | SPREAD | pair=CHIP/USDC | cex=0.0666/0.06663 | dex_sell=0.0666235 dex_buy=0.0666459 | spread_a=-1.0bps spread_b=-6.9bps | min=30.0bps
2026-05-09 19:37:46,847 | INFO | fetch_order_book: symbol=CHIP/USDC limit=20
2026-05-09 19:37:47,161 | INFO | fetch_order_book: mid=0.06665 spread=6.00bps bids=20 asks=20
2026-05-09 19:37:48,073 | INFO | SPREAD | pair=CHIP/USDC | cex=0.06663/0.06667 | dex_sell=0.0666235 dex_buy=0.0666459 | spread_a=-7.0bps spread_b=-2.4bps | min=30.0bps
2026-05-09 19:37:49,077 | INFO | fetch_order_book: symbol=CHIP/USDC limit=20
2026-05-09 19:37:49,332 | INFO | fetch_order_book: mid=0.06665 spread=6.00bps bids=20 asks=20
2026-05-09 19:37:50,238 | INFO | SPREAD | pair=CHIP/USDC | cex=0.06663/0.06667 | dex_sell=0.0666235 dex_buy=0.0666459 | spread_a=-7.0bps spread_b=-2.4bps | min=30.0bps
2026-05-09 19:37:51,241 | INFO | fetch_order_book: symbol=CHIP/USDC limit=20
2026-05-09 19:37:51,570 | INFO | fetch_order_book: mid=0.06667 spread=6.00bps bids=20 asks=20
2026-05-09 19:37:52,491 | INFO | SPREAD | pair=CHIP/USDC | cex=0.06665/0.06669 | dex_sell=0.0666235 dex_buy=0.0666459 | spread_a=-10.0bps spread_b=0.6bps | min=30.0bps
2026-05-09 19:37:53,495 | INFO | fetch_order_book: symbol=CHIP/USDC limit=20
2026-05-09 19:37:54,250 | INFO | fetch_order_book: mid=0.06665 spread=6.00bps bids=20 asks=20
2026-05-09 19:37:55,192 | INFO | SPREAD | pair=CHIP/USDC | cex=0.06663/0.06667 | dex_sell=0.0666235 dex_buy=0.0666459 | spread_a=-7.0bps spread_b=-2.4bps | min=30.0bps
2026-05-09 19:37:56,195 | INFO | fetch_order_book: symbol=CHIP/USDC limit=20
2026-05-09 19:37:56,482 | INFO | fetch_order_book: mid=0.06665 spread=6.00bps bids=20 asks=20
2026-05-09 19:37:57,422 | INFO | SPREAD | pair=CHIP/USDC | cex=0.06663/0.06667 | dex_sell=0.0666235 dex_buy=0.0666459 | spread_a=-7.0bps spread_b=-2.4bps | min=30.0bps
2026-05-09 19:37:58,425 | INFO | fetch_order_book: symbol=CHIP/USDC limit=20
2026-05-09 19:37:58,791 | INFO | fetch_order_book: mid=0.06665 spread=6.00bps bids=20 asks=20
2026-05-09 19:37:59,717 | INFO | SPREAD | pair=CHIP/USDC | cex=0.06663/0.06667 | dex_sell=0.0666235 dex_buy=0.0666459 | spread_a=-7.0bps spread_b=-2.4bps | min=30.0bps
2026-05-09 19:38:00,720 | INFO | fetch_order_book: symbol=CHIP/USDC limit=20
2026-05-09 19:38:00,981 | INFO | fetch_order_book: mid=0.066645 spread=7.50bps bids=20 asks=20
2026-05-09 19:38:01,897 | INFO | SPREAD | pair=CHIP/USDC | cex=0.06662/0.06667 | dex_sell=0.0666235 dex_buy=0.0666459 | spread_a=-7.0bps spread_b=-3.9bps | min=30.0bps
2026-05-09 19:38:02,899 | INFO | fetch_order_book: symbol=CHIP/USDC limit=20
2026-05-09 19:38:03,409 | INFO | fetch_order_book: mid=0.06665 spread=6.00bps bids=20 asks=20
2026-05-09 19:38:04,345 | INFO | SPREAD | pair=CHIP/USDC | cex=0.06663/0.06667 | dex_sell=0.0666235 dex_buy=0.0666459 | spread_a=-7.0bps spread_b=-2.4bps | min=30.0bps
2026-05-09 19:38:05,349 | INFO | fetch_order_book: symbol=CHIP/USDC limit=20
2026-05-09 19:38:05,700 | INFO | fetch_order_book: mid=0.06665 spread=6.00bps bids=20 asks=20
2026-05-09 19:38:06,640 | INFO | SPREAD | pair=CHIP/USDC | cex=0.06663/0.06667 | dex_sell=0.0666235 dex_buy=0.0666459 | spread_a=-7.0bps spread_b=-2.4bps | min=30.0bps
2026-05-09 19:38:07,643 | INFO | fetch_order_book: symbol=CHIP/USDC limit=20
2026-05-09 19:38:08,259 | INFO | fetch_order_book: mid=0.066635 spread=4.50bps bids=20 asks=20
2026-05-09 19:38:09,131 | INFO | SPREAD | pair=CHIP/USDC | cex=0.06662/0.06665 | dex_sell=0.0666235 dex_buy=0.0666459 | spread_a=-4.0bps spread_b=-3.9bps | min=30.0bps
2026-05-09 19:38:10,133 | INFO | fetch_order_book: symbol=CHIP/USDC limit=20
2026-05-09 19:38:10,514 | INFO | fetch_order_book: mid=0.06663 spread=6.00bps bids=20 asks=20
2026-05-09 19:38:11,463 | INFO | SPREAD | pair=CHIP/USDC | cex=0.06661/0.06665 | dex_sell=0.0666235 dex_buy=0.0666459 | spread_a=-4.0bps spread_b=-5.4bps | min=30.0bps
2026-05-09 19:38:12,467 | INFO | fetch_order_book: symbol=CHIP/USDC limit=20
2026-05-09 19:38:12,730 | INFO | fetch_order_book: mid=0.06663 spread=6.00bps bids=20 asks=20
2026-05-09 19:38:13,632 | INFO | SPREAD | pair=CHIP/USDC | cex=0.06661/0.06665 | dex_sell=0.0666235 dex_buy=0.0666459 | spread_a=-4.0bps spread_b=-5.4bps | min=30.0bps
2026-05-09 19:38:14,635 | INFO | fetch_order_book: symbol=CHIP/USDC limit=20
2026-05-09 19:38:15,017 | INFO | fetch_order_book: mid=0.066635 spread=7.50bps bids=20 asks=20
2026-05-09 19:38:15,925 | INFO | SPREAD | pair=CHIP/USDC | cex=0.06661/0.06666 | dex_sell=0.0666235 dex_buy=0.0666459 | spread_a=-5.5bps spread_b=-5.4bps | min=30.0bps
2026-05-09 19:38:16,928 | INFO | fetch_order_book: symbol=CHIP/USDC limit=20
2026-05-09 19:38:17,279 | INFO | fetch_order_book: mid=0.066605 spread=1.50bps bids=20 asks=20
2026-05-09 19:38:18,234 | INFO | SPREAD | pair=CHIP/USDC | cex=0.0666/0.06661 | dex_sell=0.0665875 dex_buy=0.0666099 | spread_a=-3.4bps spread_b=-1.5bps | min=30.0bps
2026-05-09 19:38:19,237 | INFO | fetch_order_book: symbol=CHIP/USDC limit=20
2026-05-09 19:38:19,495 | INFO | fetch_order_book: mid=0.066605 spread=1.50bps bids=20 asks=20
2026-05-09 19:38:20,409 | INFO | SPREAD | pair=CHIP/USDC | cex=0.0666/0.06661 | dex_sell=0.0665875 dex_buy=0.0666099 | spread_a=-3.4bps spread_b=-1.5bps | min=30.0bps
2026-05-09 19:38:21,412 | INFO | fetch_order_book: symbol=CHIP/USDC limit=20
2026-05-09 19:38:21,762 | INFO | fetch_order_book: mid=0.066605 spread=7.51bps bids=20 asks=20
2026-05-09 19:38:22,691 | INFO | SPREAD | pair=CHIP/USDC | cex=0.06658/0.06663 | dex_sell=0.0665875 dex_buy=0.0666099 | spread_a=-6.4bps spread_b=-4.5bps | min=30.0bps
2026-05-09 19:38:23,695 | INFO | fetch_order_book: symbol=CHIP/USDC limit=20
2026-05-09 19:38:24,038 | INFO | fetch_order_book: mid=0.06658 spread=6.01bps bids=20 asks=20
2026-05-09 19:38:24,931 | INFO | SPREAD | pair=CHIP/USDC | cex=0.06656/0.0666 | dex_sell=0.0665875 dex_buy=0.0666099 | spread_a=-1.9bps spread_b=-7.5bps | min=30.0bps
2026-05-09 19:38:25,934 | INFO | fetch_order_book: symbol=CHIP/USDC limit=20
2026-05-09 19:38:26,199 | INFO | fetch_order_book: mid=0.066575 spread=7.51bps bids=20 asks=20
2026-05-09 19:38:27,134 | INFO | SPREAD | pair=CHIP/USDC | cex=0.06655/0.0666 | dex_sell=0.0665875 dex_buy=0.0666099 | spread_a=-1.9bps spread_b=-9.0bps | min=30.0bps
2026-05-09 19:38:28,137 | INFO | fetch_order_book: symbol=CHIP/USDC limit=20
2026-05-09 19:38:28,439 | INFO | fetch_order_book: mid=0.06657 spread=6.01bps bids=20 asks=20
2026-05-09 19:38:29,341 | INFO | SPREAD | pair=CHIP/USDC | cex=0.06655/0.06659 | dex_sell=0.0665875 dex_buy=0.0666099 | spread_a=-0.4bps spread_b=-9.0bps | min=30.0bps
2026-05-09 19:38:30,344 | INFO | fetch_order_book: symbol=CHIP/USDC limit=20
2026-05-09 19:38:30,686 | INFO | fetch_order_book: mid=0.06657 spread=9.01bps bids=20 asks=20
2026-05-09 19:38:31,607 | INFO | SPREAD | pair=CHIP/USDC | cex=0.06654/0.0666 | dex_sell=0.0665475 dex_buy=0.0665699 | spread_a=-7.9bps spread_b=-4.5bps | min=30.0bps
2026-05-09 19:38:32,611 | INFO | fetch_order_book: symbol=CHIP/USDC limit=20
2026-05-09 19:38:32,896 | INFO | fetch_order_book: mid=0.066545 spread=7.51bps bids=20 asks=20
2026-05-09 19:38:33,805 | INFO | SPREAD | pair=CHIP/USDC | cex=0.06652/0.06657 | dex_sell=0.0665475 dex_buy=0.0665699 | spread_a=-3.4bps spread_b=-7.5bps | min=30.0bps
2026-05-09 19:38:34,808 | INFO | fetch_order_book: symbol=CHIP/USDC limit=20
2026-05-09 19:38:35,109 | INFO | fetch_order_book: mid=0.066545 spread=7.51bps bids=20 asks=20
2026-05-09 19:38:36,130 | INFO | SPREAD | pair=CHIP/USDC | cex=0.06652/0.06657 | dex_sell=0.0665475 dex_buy=0.0665699 | spread_a=-3.4bps spread_b=-7.5bps | min=30.0bps
2026-05-09 19:38:37,134 | INFO | fetch_order_book: symbol=CHIP/USDC limit=20
2026-05-09 19:38:37,550 | INFO | fetch_order_book: mid=0.06655 spread=6.01bps bids=20 asks=20
2026-05-09 19:38:38,470 | INFO | SPREAD | pair=CHIP/USDC | cex=0.06653/0.06657 | dex_sell=0.0665475 dex_buy=0.0665699 | spread_a=-3.4bps spread_b=-6.0bps | min=30.0bps
2026-05-09 19:38:39,473 | INFO | fetch_order_book: symbol=CHIP/USDC limit=20
2026-05-09 19:38:39,804 | INFO | fetch_order_book: mid=0.066535 spread=4.51bps bids=20 asks=20
2026-05-09 19:38:40,684 | INFO | SPREAD | pair=CHIP/USDC | cex=0.06652/0.06655 | dex_sell=0.0665475 dex_buy=0.0665698 | spread_a=-0.4bps spread_b=-7.5bps | min=30.0bps
2026-05-09 19:38:41,688 | INFO | fetch_order_book: symbol=CHIP/USDC limit=20
2026-05-09 19:38:42,050 | INFO | fetch_order_book: mid=0.06651 spread=3.01bps bids=20 asks=20
2026-05-09 19:38:42,983 | INFO | SPREAD | pair=CHIP/USDC | cex=0.0665/0.06652 | dex_sell=0.0665074 dex_buy=0.0665298 | spread_a=-1.9bps spread_b=-4.5bps | min=30.0bps
2026-05-09 19:38:43,987 | INFO | fetch_order_book: symbol=CHIP/USDC limit=20
2026-05-09 19:38:44,308 | INFO | fetch_order_book: mid=0.06651 spread=3.01bps bids=20 asks=20
2026-05-09 19:38:45,236 | INFO | SPREAD | pair=CHIP/USDC | cex=0.0665/0.06652 | dex_sell=0.0665074 dex_buy=0.0665298 | spread_a=-1.9bps spread_b=-4.5bps | min=30.0bps
2026-05-09 19:38:46,240 | INFO | fetch_order_book: symbol=CHIP/USDC limit=20
2026-05-09 19:38:46,667 | INFO | fetch_order_book: mid=0.06653 spread=6.01bps bids=20 asks=20
2026-05-09 19:38:47,608 | INFO | SPREAD | pair=CHIP/USDC | cex=0.06651/0.06655 | dex_sell=0.0665074 dex_buy=0.0665298 | spread_a=-6.4bps spread_b=-3.0bps | min=30.0bps
2026-05-09 19:38:48,612 | INFO | fetch_order_book: symbol=CHIP/USDC limit=20
2026-05-09 19:38:48,951 | INFO | fetch_order_book: mid=0.06653 spread=6.01bps bids=20 asks=20
2026-05-09 19:38:49,873 | INFO | SPREAD | pair=CHIP/USDC | cex=0.06651/0.06655 | dex_sell=0.0665074 dex_buy=0.0665298 | spread_a=-6.4bps spread_b=-3.0bps | min=30.0bps
2026-05-09 19:38:50,877 | INFO | fetch_order_book: symbol=CHIP/USDC limit=20
2026-05-09 19:38:51,208 | INFO | fetch_order_book: mid=0.066535 spread=4.51bps bids=20 asks=20
2026-05-09 19:38:52,092 | INFO | SPREAD | pair=CHIP/USDC | cex=0.06652/0.06655 | dex_sell=0.0665074 dex_buy=0.0665298 | spread_a=-6.4bps spread_b=-1.5bps | min=30.0bps
2026-05-09 19:38:53,096 | INFO | fetch_order_book: symbol=CHIP/USDC limit=20
2026-05-09 19:38:53,358 | INFO | fetch_order_book: mid=0.06654 spread=6.01bps bids=20 asks=20
2026-05-09 19:38:54,274 | INFO | SPREAD | pair=CHIP/USDC | cex=0.06652/0.06656 | dex_sell=0.0665074 dex_buy=0.0665298 | spread_a=-7.9bps spread_b=-1.5bps | min=30.0bps
2026-05-09 19:38:55,277 | INFO | fetch_order_book: symbol=CHIP/USDC limit=20
2026-05-09 19:38:55,756 | INFO | fetch_order_book: mid=0.066545 spread=4.51bps bids=20 asks=20
2026-05-09 19:38:56,699 | INFO | SPREAD | pair=CHIP/USDC | cex=0.06653/0.06656 | dex_sell=0.0665074 dex_buy=0.0665298 | spread_a=-7.9bps spread_b=0.0bps | min=30.0bps
2026-05-09 19:38:57,700 | INFO | fetch_order_book: symbol=CHIP/USDC limit=20
2026-05-09 19:38:58,044 | INFO | fetch_order_book: mid=0.06654 spread=6.01bps bids=20 asks=20
2026-05-09 19:38:58,931 | INFO | SPREAD | pair=CHIP/USDC | cex=0.06652/0.06656 | dex_sell=0.0665074 dex_buy=0.0665298 | spread_a=-7.9bps spread_b=-1.5bps | min=30.0bps
2026-05-09 19:38:59,934 | INFO | fetch_order_book: symbol=CHIP/USDC limit=20
2026-05-09 19:39:00,349 | INFO | fetch_order_book: mid=0.06654 spread=6.01bps bids=20 asks=20
2026-05-09 19:39:01,278 | INFO | SPREAD | pair=CHIP/USDC | cex=0.06652/0.06656 | dex_sell=0.0665074 dex_buy=0.0665298 | spread_a=-7.9bps spread_b=-1.5bps | min=30.0bps
2026-05-09 19:39:02,282 | INFO | fetch_order_book: symbol=CHIP/USDC limit=20
2026-05-09 19:39:02,831 | INFO | fetch_order_book: mid=0.06654 spread=6.01bps bids=20 asks=20
2026-05-09 19:39:03,747 | INFO | SPREAD | pair=CHIP/USDC | cex=0.06652/0.06656 | dex_sell=0.0665074 dex_buy=0.0665298 | spread_a=-7.9bps spread_b=-1.5bps | min=30.0bps
2026-05-09 19:39:04,751 | INFO | fetch_order_book: symbol=CHIP/USDC limit=20
2026-05-09 19:39:05,016 | INFO | fetch_order_book: mid=0.06657 spread=9.01bps bids=20 asks=20
2026-05-09 19:39:05,919 | INFO | SPREAD | pair=CHIP/USDC | cex=0.06654/0.0666 | dex_sell=0.0665074 dex_buy=0.0665298 | spread_a=-13.9bps spread_b=1.5bps | min=30.0bps
2026-05-09 19:39:06,923 | INFO | fetch_order_book: symbol=CHIP/USDC limit=20
2026-05-09 19:39:07,242 | INFO | fetch_order_book: mid=0.06657 spread=6.01bps bids=20 asks=20
2026-05-09 19:39:08,171 | INFO | SPREAD | pair=CHIP/USDC | cex=0.06655/0.06659 | dex_sell=0.0665074 dex_buy=0.0665298 | spread_a=-12.4bps spread_b=3.0bps | min=30.0bps
2026-05-09 19:39:09,174 | INFO | fetch_order_book: symbol=CHIP/USDC limit=20
2026-05-09 19:39:09,565 | INFO | fetch_order_book: mid=0.066585 spread=4.51bps bids=20 asks=20
2026-05-09 19:39:10,456 | INFO | SPREAD | pair=CHIP/USDC | cex=0.06657/0.0666 | dex_sell=0.0665434 dex_buy=0.0665657 | spread_a=-8.5bps spread_b=0.6bps | min=30.0bps
2026-05-09 19:39:11,459 | INFO | fetch_order_book: symbol=CHIP/USDC limit=20
2026-05-09 19:39:11,930 | INFO | fetch_order_book: mid=0.066585 spread=4.51bps bids=20 asks=20
2026-05-09 19:39:12,868 | INFO | SPREAD | pair=CHIP/USDC | cex=0.06657/0.0666 | dex_sell=0.0665434 dex_buy=0.0665657 | spread_a=-8.5bps spread_b=0.6bps | min=30.0bps
2026-05-09 19:39:13,872 | INFO | fetch_order_book: symbol=CHIP/USDC limit=20
2026-05-09 19:39:14,160 | INFO | fetch_order_book: mid=0.06658 spread=6.01bps bids=20 asks=20
2026-05-09 19:39:15,063 | INFO | SPREAD | pair=CHIP/USDC | cex=0.06656/0.0666 | dex_sell=0.0665434 dex_buy=0.0665657 | spread_a=-8.5bps spread_b=-0.9bps | min=30.0bps
2026-05-09 19:39:16,066 | INFO | fetch_order_book: symbol=CHIP/USDC limit=20
2026-05-09 19:39:16,328 | INFO | fetch_order_book: mid=0.066595 spread=1.50bps bids=20 asks=20
2026-05-09 19:39:17,213 | INFO | SPREAD | pair=CHIP/USDC | cex=0.06659/0.0666 | dex_sell=0.0665434 dex_buy=0.0665657 | spread_a=-8.5bps spread_b=3.6bps | min=30.0bps
2026-05-09 19:39:18,217 | INFO | fetch_order_book: symbol=CHIP/USDC limit=20
2026-05-09 19:39:18,508 | INFO | fetch_order_book: mid=0.066615 spread=1.50bps bids=20 asks=20
2026-05-09 19:39:19,422 | INFO | SPREAD | pair=CHIP/USDC | cex=0.06661/0.06662 | dex_sell=0.0665835 dex_buy=0.0666058 | spread_a=-5.5bps spread_b=0.6bps | min=30.0bps
2026-05-09 19:39:20,425 | INFO | fetch_order_book: symbol=CHIP/USDC limit=20
2026-05-09 19:39:20,688 | INFO | fetch_order_book: mid=0.06660 spread=6.01bps bids=20 asks=20
2026-05-09 19:39:21,633 | INFO | SPREAD | pair=CHIP/USDC | cex=0.06658/0.06662 | dex_sell=0.0665835 dex_buy=0.0666058 | spread_a=-5.5bps spread_b=-3.9bps | min=30.0bps
2026-05-09 19:39:22,637 | INFO | fetch_order_book: symbol=CHIP/USDC limit=20
2026-05-09 19:39:22,932 | INFO | fetch_order_book: mid=0.06660 spread=6.01bps bids=20 asks=20
2026-05-09 19:39:23,852 | INFO | SPREAD | pair=CHIP/USDC | cex=0.06658/0.06662 | dex_sell=0.0665835 dex_buy=0.0666058 | spread_a=-5.5bps spread_b=-3.9bps | min=30.0bps
2026-05-09 19:39:24,855 | INFO | fetch_order_book: symbol=CHIP/USDC limit=20
2026-05-09 19:39:25,118 | INFO | fetch_order_book: mid=0.06662 spread=6.00bps bids=20 asks=20
2026-05-09 19:39:26,003 | INFO | SPREAD | pair=CHIP/USDC | cex=0.0666/0.06664 | dex_sell=0.0665835 dex_buy=0.0666058 | spread_a=-8.5bps spread_b=-0.9bps | min=30.0bps
2026-05-09 19:39:27,006 | INFO | fetch_order_book: symbol=CHIP/USDC limit=20
2026-05-09 19:39:27,314 | INFO | fetch_order_book: mid=0.06662 spread=6.00bps bids=20 asks=20
2026-05-09 19:39:28,261 | INFO | SPREAD | pair=CHIP/USDC | cex=0.0666/0.06664 | dex_sell=0.0665835 dex_buy=0.0666058 | spread_a=-8.5bps spread_b=-0.9bps | min=30.0bps
2026-05-09 19:39:29,265 | INFO | fetch_order_book: symbol=CHIP/USDC limit=20
2026-05-09 19:39:29,521 | INFO | fetch_order_book: mid=0.06656 spread=6.01bps bids=20 asks=20
2026-05-09 19:39:30,440 | INFO | SPREAD | pair=CHIP/USDC | cex=0.06654/0.06658 | dex_sell=0.0665475 dex_buy=0.0665699 | spread_a=-4.9bps spread_b=-4.5bps | min=30.0bps
2026-05-09 19:39:31,443 | INFO | fetch_order_book: symbol=CHIP/USDC limit=20
2026-05-09 19:39:31,829 | INFO | fetch_order_book: mid=0.06656 spread=6.01bps bids=20 asks=20
2026-05-09 19:39:32,721 | INFO | SPREAD | pair=CHIP/USDC | cex=0.06654/0.06658 | dex_sell=0.0665475 dex_buy=0.0665699 | spread_a=-4.9bps spread_b=-4.5bps | min=30.0bps
2026-05-09 19:39:33,725 | INFO | fetch_order_book: symbol=CHIP/USDC limit=20
2026-05-09 19:39:33,991 | INFO | fetch_order_book: mid=0.06651 spread=6.01bps bids=20 asks=20
2026-05-09 19:39:34,909 | INFO | SPREAD | pair=CHIP/USDC | cex=0.06649/0.06653 | dex_sell=0.0665475 dex_buy=0.0665299 | spread_a=2.6bps spread_b=-6.0bps | min=30.0bps
2026-05-09 19:39:35,913 | INFO | fetch_order_book: symbol=CHIP/USDC limit=20
2026-05-09 19:39:36,175 | INFO | fetch_order_book: mid=0.066485 spread=7.52bps bids=20 asks=20
2026-05-09 19:39:37,075 | INFO | SPREAD | pair=CHIP/USDC | cex=0.06646/0.06651 | dex_sell=0.0665075 dex_buy=0.0664899 | spread_a=-0.4bps spread_b=-4.5bps | min=30.0bps
2026-05-09 19:39:38,079 | INFO | fetch_order_book: symbol=CHIP/USDC limit=20
2026-05-09 19:39:38,390 | INFO | fetch_order_book: mid=0.06645 spread=3.01bps bids=20 asks=20
2026-05-09 19:39:39,281 | INFO | SPREAD | pair=CHIP/USDC | cex=0.06644/0.06646 | dex_sell=0.0664675 dex_buy=0.0664499 | spread_a=1.1bps spread_b=-1.5bps | min=30.0bps
2026-05-09 19:39:40,284 | INFO | fetch_order_book: symbol=CHIP/USDC limit=20
2026-05-09 19:39:40,671 | INFO | fetch_order_book: mid=0.06643 spread=3.01bps bids=20 asks=20
2026-05-09 19:39:41,614 | INFO | SPREAD | pair=CHIP/USDC | cex=0.06642/0.06644 | dex_sell=0.0664276 dex_buy=0.0664499 | spread_a=-1.9bps spread_b=-4.5bps | min=30.0bps
2026-05-09 19:39:42,618 | INFO | fetch_order_book: symbol=CHIP/USDC limit=20
2026-05-09 19:39:42,878 | INFO | fetch_order_book: mid=0.066305 spread=7.54bps bids=20 asks=20
2026-05-09 19:39:43,788 | INFO | SPREAD | pair=CHIP/USDC | cex=0.06628/0.06633 | dex_sell=0.0663375 dex_buy=0.0663196 | spread_a=1.1bps spread_b=-6.0bps | min=30.0bps
2026-05-09 19:39:44,792 | INFO | fetch_order_book: symbol=CHIP/USDC limit=20
2026-05-09 19:39:45,056 | INFO | fetch_order_book: mid=0.06629 spread=6.03bps bids=20 asks=20
2026-05-09 19:39:45,945 | INFO | SPREAD | pair=CHIP/USDC | cex=0.06627/0.06631 | dex_sell=0.0662973 dex_buy=0.0663196 | spread_a=-1.9bps spread_b=-7.5bps | min=30.0bps
2026-05-09 19:39:46,948 | INFO | fetch_order_book: symbol=CHIP/USDC limit=20
2026-05-09 19:39:47,209 | INFO | fetch_order_book: mid=0.06642 spread=9.03bps bids=20 asks=20
2026-05-09 19:39:48,069 | INFO | SPREAD | pair=CHIP/USDC | cex=0.06639/0.06645 | dex_sell=0.0662937 dex_buy=0.066316 | spread_a=-23.5bps spread_b=11.2bps | min=30.0bps
2026-05-09 19:39:49,072 | INFO | fetch_order_book: symbol=CHIP/USDC limit=20
2026-05-09 19:39:49,349 | INFO | fetch_order_book: mid=0.066395 spread=7.53bps bids=20 asks=20
2026-05-09 19:39:50,339 | INFO | SPREAD | pair=CHIP/USDC | cex=0.06637/0.06642 | dex_sell=0.0663636 dex_buy=0.0663859 | spread_a=-8.5bps spread_b=-2.4bps | min=30.0bps
2026-05-09 19:39:51,342 | INFO | fetch_order_book: symbol=CHIP/USDC limit=20
2026-05-09 19:39:51,714 | INFO | fetch_order_book: mid=0.066435 spread=4.52bps bids=20 asks=20
2026-05-09 19:39:52,665 | INFO | SPREAD | pair=CHIP/USDC | cex=0.06642/0.06645 | dex_sell=0.0664036 dex_buy=0.0664259 | spread_a=-7.0bps spread_b=-0.9bps | min=30.0bps
2026-05-09 19:39:53,669 | INFO | fetch_order_book: symbol=CHIP/USDC limit=20
2026-05-09 19:39:53,938 | INFO | fetch_order_book: mid=0.066435 spread=4.52bps bids=20 asks=20
2026-05-09 19:39:54,926 | INFO | SPREAD | pair=CHIP/USDC | cex=0.06642/0.06645 | dex_sell=0.0664036 dex_buy=0.0664259 | spread_a=-7.0bps spread_b=-0.9bps | min=30.0bps
2026-05-09 19:39:55,929 | INFO | fetch_order_book: symbol=CHIP/USDC limit=20
2026-05-09 19:39:56,189 | INFO | fetch_order_book: mid=0.06636 spread=6.03bps bids=20 asks=20
2026-05-09 19:39:57,099 | INFO | SPREAD | pair=CHIP/USDC | cex=0.06634/0.06638 | dex_sell=0.0663675 dex_buy=0.0663898 | spread_a=-1.9bps spread_b=-7.5bps | min=30.0bps
2026-05-09 19:39:58,103 | INFO | fetch_order_book: symbol=CHIP/USDC limit=20
2026-05-09 19:39:58,362 | INFO | fetch_order_book: mid=0.06639 spread=6.03bps bids=20 asks=20
2026-05-09 19:39:59,320 | INFO | SPREAD | pair=CHIP/USDC | cex=0.06637/0.06641 | dex_sell=0.0663675 dex_buy=0.0663898 | spread_a=-6.4bps spread_b=-3.0bps | min=30.0bps
2026-05-09 19:40:00,324 | INFO | fetch_order_book: symbol=CHIP/USDC limit=20
2026-05-09 19:40:00,843 | INFO | fetch_order_book: mid=0.066365 spread=7.53bps bids=20 asks=20
2026-05-09 19:40:01,757 | INFO | SPREAD | pair=CHIP/USDC | cex=0.06634/0.06639 | dex_sell=0.0663675 dex_buy=0.0663898 | spread_a=-3.4bps spread_b=-7.5bps | min=30.0bps
2026-05-09 19:40:02,761 | INFO | fetch_order_book: symbol=CHIP/USDC limit=20
2026-05-09 19:40:03,053 | INFO | fetch_order_book: mid=0.06639 spread=9.04bps bids=20 asks=20
2026-05-09 19:40:03,950 | INFO | SPREAD | pair=CHIP/USDC | cex=0.06636/0.06642 | dex_sell=0.0663675 dex_buy=0.0663898 | spread_a=-7.9bps spread_b=-4.5bps | min=30.0bps
2026-05-09 19:40:04,953 | INFO | fetch_order_book: symbol=CHIP/USDC limit=20
2026-05-09 19:40:05,306 | INFO | fetch_order_book: mid=0.06642 spread=6.02bps bids=20 asks=20
2026-05-09 19:40:06,213 | INFO | SPREAD | pair=CHIP/USDC | cex=0.0664/0.06644 | dex_sell=0.0663675 dex_buy=0.0663898 | spread_a=-10.9bps spread_b=1.5bps | min=30.0bps
2026-05-09 19:40:07,216 | INFO | fetch_order_book: symbol=CHIP/USDC limit=20
2026-05-09 19:40:07,603 | INFO | fetch_order_book: mid=0.06644 spread=6.02bps bids=20 asks=20
2026-05-09 19:40:08,524 | INFO | SPREAD | pair=CHIP/USDC | cex=0.06642/0.06646 | dex_sell=0.0664034 dex_buy=0.0664257 | spread_a=-8.5bps spread_b=-0.9bps | min=30.0bps
2026-05-09 19:40:09,528 | INFO | fetch_order_book: symbol=CHIP/USDC limit=20
2026-05-09 19:40:09,836 | INFO | fetch_order_book: mid=0.06644 spread=6.02bps bids=20 asks=20
2026-05-09 19:40:10,734 | INFO | SPREAD | pair=CHIP/USDC | cex=0.06642/0.06646 | dex_sell=0.0664034 dex_buy=0.0664257 | spread_a=-8.5bps spread_b=-0.9bps | min=30.0bps
2026-05-09 19:40:11,738 | INFO | fetch_order_book: symbol=CHIP/USDC limit=20
2026-05-09 19:40:12,018 | INFO | fetch_order_book: mid=0.06643 spread=6.02bps bids=20 asks=20
2026-05-09 19:40:12,925 | INFO | SPREAD | pair=CHIP/USDC | cex=0.06641/0.06645 | dex_sell=0.0664034 dex_buy=0.0664257 | spread_a=-7.0bps spread_b=-2.4bps | min=30.0bps
2026-05-09 19:40:13,928 | INFO | fetch_order_book: symbol=CHIP/USDC limit=20
2026-05-09 19:40:14,204 | INFO | fetch_order_book: mid=0.06641 spread=6.02bps bids=20 asks=20
2026-05-09 19:40:15,067 | INFO | SPREAD | pair=CHIP/USDC | cex=0.06639/0.06643 | dex_sell=0.0664034 dex_buy=0.0664257 | spread_a=-4.0bps spread_b=-5.4bps | min=30.0bps
2026-05-09 19:40:16,070 | INFO | fetch_order_book: symbol=CHIP/USDC limit=20
2026-05-09 19:40:16,452 | INFO | fetch_order_book: mid=0.06641 spread=6.02bps bids=20 asks=20
2026-05-09 19:40:17,391 | INFO | SPREAD | pair=CHIP/USDC | cex=0.06639/0.06643 | dex_sell=0.0664034 dex_buy=0.0664257 | spread_a=-4.0bps spread_b=-5.4bps | min=30.0bps
2026-05-09 19:40:18,393 | INFO | fetch_order_book: symbol=CHIP/USDC limit=20
2026-05-09 19:40:18,969 | INFO | fetch_order_book: mid=0.06643 spread=6.02bps bids=20 asks=20
2026-05-09 19:40:20,671 | INFO | SPREAD | pair=CHIP/USDC | cex=0.06641/0.06645 | dex_sell=0.0664034 dex_buy=0.0664257 | spread_a=-7.0bps spread_b=-2.4bps | min=30.0bps
2026-05-09 19:40:21,675 | INFO | fetch_order_book: symbol=CHIP/USDC limit=20
2026-05-09 19:40:22,041 | INFO | fetch_order_book: mid=0.066465 spread=4.51bps bids=20 asks=20
2026-05-09 19:40:22,979 | INFO | SPREAD | pair=CHIP/USDC | cex=0.06645/0.06648 | dex_sell=0.0664034 dex_buy=0.0664257 | spread_a=-11.5bps spread_b=3.7bps | min=30.0bps
2026-05-09 19:40:23,983 | INFO | fetch_order_book: symbol=CHIP/USDC limit=20
2026-05-09 19:40:24,259 | INFO | fetch_order_book: mid=0.06649 spread=6.02bps bids=20 asks=20
2026-05-09 19:40:25,142 | INFO | SPREAD | pair=CHIP/USDC | cex=0.06647/0.06651 | dex_sell=0.0664835 dex_buy=0.0664696 | spread_a=-4.0bps spread_b=0.1bps | min=30.0bps
2026-05-09 19:40:26,145 | INFO | fetch_order_book: symbol=CHIP/USDC limit=20
2026-05-09 19:40:26,404 | INFO | fetch_order_book: mid=0.06648 spread=6.02bps bids=20 asks=20
2026-05-09 19:40:27,327 | INFO | SPREAD | pair=CHIP/USDC | cex=0.06646/0.0665 | dex_sell=0.0664473 dex_buy=0.0664696 | spread_a=-7.9bps spread_b=-1.4bps | min=30.0bps
2026-05-09 19:40:28,330 | INFO | fetch_order_book: symbol=CHIP/USDC limit=20
2026-05-09 19:40:28,601 | INFO | fetch_order_book: mid=0.066475 spread=7.52bps bids=20 asks=20
2026-05-09 19:40:29,526 | INFO | SPREAD | pair=CHIP/USDC | cex=0.06645/0.0665 | dex_sell=0.0664473 dex_buy=0.0664696 | spread_a=-7.9bps spread_b=-3.0bps | min=30.0bps
2026-05-09 19:40:30,530 | INFO | fetch_order_book: symbol=CHIP/USDC limit=20
2026-05-09 19:40:30,787 | INFO | fetch_order_book: mid=0.066475 spread=7.52bps bids=20 asks=20
2026-05-09 19:40:31,724 | INFO | SPREAD | pair=CHIP/USDC | cex=0.06645/0.0665 | dex_sell=0.0664473 dex_buy=0.0664696 | spread_a=-7.9bps spread_b=-3.0bps | min=30.0bps
2026-05-09 19:40:32,728 | INFO | fetch_order_book: symbol=CHIP/USDC limit=20
2026-05-09 19:40:33,078 | INFO | fetch_order_book: mid=0.066445 spread=7.53bps bids=20 asks=20
2026-05-09 19:40:34,085 | INFO | SPREAD | pair=CHIP/USDC | cex=0.06642/0.06647 | dex_sell=0.0664473 dex_buy=0.0664696 | spread_a=-3.4bps spread_b=-7.5bps | min=30.0bps
2026-05-09 19:40:35,088 | INFO | fetch_order_book: symbol=CHIP/USDC limit=20
2026-05-09 19:40:35,346 | INFO | fetch_order_book: mid=0.066445 spread=7.53bps bids=20 asks=20
2026-05-09 19:40:36,252 | INFO | SPREAD | pair=CHIP/USDC | cex=0.06642/0.06647 | dex_sell=0.0664473 dex_buy=0.0664696 | spread_a=-3.4bps spread_b=-7.5bps | min=30.0bps
2026-05-09 19:40:37,255 | INFO | fetch_order_book: symbol=CHIP/USDC limit=20
2026-05-09 19:40:37,521 | INFO | fetch_order_book: mid=0.06644 spread=6.02bps bids=20 asks=20
2026-05-09 19:40:38,437 | INFO | SPREAD | pair=CHIP/USDC | cex=0.06642/0.06646 | dex_sell=0.0664473 dex_buy=0.0664696 | spread_a=-1.9bps spread_b=-7.5bps | min=30.0bps
2026-05-09 19:40:39,441 | INFO | fetch_order_book: symbol=CHIP/USDC limit=20
2026-05-09 19:40:39,699 | INFO | fetch_order_book: mid=0.06644 spread=6.02bps bids=20 asks=20
2026-05-09 19:40:40,628 | INFO | SPREAD | pair=CHIP/USDC | cex=0.06642/0.06646 | dex_sell=0.0664473 dex_buy=0.0664696 | spread_a=-1.9bps spread_b=-7.5bps | min=30.0bps
2026-05-09 19:40:41,632 | INFO | fetch_order_book: symbol=CHIP/USDC limit=20
2026-05-09 19:40:41,888 | INFO | fetch_order_book: mid=0.06644 spread=6.02bps bids=20 asks=20
2026-05-09 19:40:42,821 | INFO | SPREAD | pair=CHIP/USDC | cex=0.06642/0.06646 | dex_sell=0.0664473 dex_buy=0.0664696 | spread_a=-1.9bps spread_b=-7.5bps | min=30.0bps
2026-05-09 19:40:43,824 | INFO | fetch_order_book: symbol=CHIP/USDC limit=20
2026-05-09 19:40:44,087 | INFO | fetch_order_book: mid=0.06645 spread=6.02bps bids=20 asks=20
2026-05-09 19:40:44,977 | INFO | SPREAD | pair=CHIP/USDC | cex=0.06643/0.06647 | dex_sell=0.0664473 dex_buy=0.0664696 | spread_a=-3.4bps spread_b=-6.0bps | min=30.0bps
2026-05-09 19:40:45,981 | INFO | fetch_order_book: symbol=CHIP/USDC limit=20
2026-05-09 19:40:46,240 | INFO | fetch_order_book: mid=0.066435 spread=4.52bps bids=20 asks=20
2026-05-09 19:40:47,148 | INFO | SPREAD | pair=CHIP/USDC | cex=0.06642/0.06645 | dex_sell=0.0664473 dex_buy=0.0664696 | spread_a=-0.4bps spread_b=-7.5bps | min=30.0bps
2026-05-09 19:40:48,152 | INFO | fetch_order_book: symbol=CHIP/USDC limit=20
2026-05-09 19:40:48,559 | INFO | fetch_order_book: mid=0.06646 spread=6.02bps bids=20 asks=20
2026-05-09 19:40:49,475 | INFO | SPREAD | pair=CHIP/USDC | cex=0.06644/0.06648 | dex_sell=0.0664473 dex_buy=0.0664696 | spread_a=-4.9bps spread_b=-4.5bps | min=30.0bps
2026-05-09 19:40:50,479 | INFO | fetch_order_book: symbol=CHIP/USDC limit=20
2026-05-09 19:40:50,742 | INFO | fetch_order_book: mid=0.066485 spread=4.51bps bids=20 asks=20
2026-05-09 19:40:51,666 | INFO | SPREAD | pair=CHIP/USDC | cex=0.06647/0.0665 | dex_sell=0.0664473 dex_buy=0.0664696 | spread_a=-7.9bps spread_b=0.1bps | min=30.0bps
2026-05-09 19:40:52,670 | INFO | fetch_order_book: symbol=CHIP/USDC limit=20
2026-05-09 19:40:52,933 | INFO | fetch_order_book: mid=0.066485 spread=4.51bps bids=20 asks=20
2026-05-09 19:40:53,830 | INFO | SPREAD | pair=CHIP/USDC | cex=0.06647/0.0665 | dex_sell=0.0664473 dex_buy=0.0664696 | spread_a=-7.9bps spread_b=0.1bps | min=30.0bps
2026-05-09 19:40:54,834 | INFO | fetch_order_book: symbol=CHIP/USDC limit=20
2026-05-09 19:40:55,094 | INFO | fetch_order_book: mid=0.06649 spread=3.01bps bids=20 asks=20
2026-05-09 19:40:56,027 | INFO | SPREAD | pair=CHIP/USDC | cex=0.06648/0.0665 | dex_sell=0.0664473 dex_buy=0.0664696 | spread_a=-7.9bps spread_b=1.6bps | min=30.0bps
2026-05-09 19:40:57,030 | INFO | fetch_order_book: symbol=CHIP/USDC limit=20
2026-05-09 19:40:57,441 | INFO | fetch_order_book: mid=0.066525 spread=1.50bps bids=20 asks=20
2026-05-09 19:40:58,707 | INFO | SPREAD | pair=CHIP/USDC | cex=0.06652/0.06653 | dex_sell=0.0664473 dex_buy=0.0664696 | spread_a=-12.4bps spread_b=7.6bps | min=30.0bps
2026-05-09 19:40:59,710 | INFO | fetch_order_book: symbol=CHIP/USDC limit=20
2026-05-09 19:41:00,108 | INFO | fetch_order_book: mid=0.06649 spread=3.01bps bids=20 asks=20
2026-05-09 19:41:01,045 | INFO | SPREAD | pair=CHIP/USDC | cex=0.06648/0.0665 | dex_sell=0.0664835 dex_buy=0.0665059 | spread_a=-2.5bps spread_b=-3.9bps | min=30.0bps
2026-05-09 19:41:02,047 | INFO | fetch_order_book: symbol=CHIP/USDC limit=20
2026-05-09 19:41:02,314 | INFO | fetch_order_book: mid=0.06647 spread=6.02bps bids=20 asks=20
2026-05-09 19:41:03,175 | INFO | SPREAD | pair=CHIP/USDC | cex=0.06645/0.06649 | dex_sell=0.0664474 dex_buy=0.0664697 | spread_a=-6.4bps spread_b=-3.0bps | min=30.0bps
2026-05-09 19:41:04,178 | INFO | fetch_order_book: symbol=CHIP/USDC limit=20
2026-05-09 19:41:04,452 | INFO | fetch_order_book: mid=0.06647 spread=6.02bps bids=20 asks=20
2026-05-09 19:41:05,339 | INFO | SPREAD | pair=CHIP/USDC | cex=0.06645/0.06649 | dex_sell=0.0664474 dex_buy=0.0664697 | spread_a=-6.4bps spread_b=-3.0bps | min=30.0bps
2026-05-09 19:41:06,343 | INFO | fetch_order_book: symbol=CHIP/USDC limit=20
2026-05-09 19:41:06,601 | INFO | fetch_order_book: mid=0.066465 spread=7.52bps bids=20 asks=20
2026-05-09 19:41:07,541 | INFO | SPREAD | pair=CHIP/USDC | cex=0.06644/0.06649 | dex_sell=0.0664474 dex_buy=0.0664697 | spread_a=-6.4bps spread_b=-4.5bps | min=30.0bps
2026-05-09 19:41:08,544 | INFO | fetch_order_book: symbol=CHIP/USDC limit=20
2026-05-09 19:41:08,802 | INFO | fetch_order_book: mid=0.06645 spread=3.01bps bids=20 asks=20
2026-05-09 19:41:09,742 | INFO | SPREAD | pair=CHIP/USDC | cex=0.06644/0.06646 | dex_sell=0.0664474 dex_buy=0.0664697 | spread_a=-1.9bps spread_b=-4.5bps | min=30.0bps
2026-05-09 19:41:10,745 | INFO | fetch_order_book: symbol=CHIP/USDC limit=20
2026-05-09 19:41:11,005 | INFO | fetch_order_book: mid=0.06644 spread=6.02bps bids=20 asks=20
2026-05-09 19:41:11,904 | INFO | SPREAD | pair=CHIP/USDC | cex=0.06642/0.06646 | dex_sell=0.0664074 dex_buy=0.0664297 | spread_a=-7.9bps spread_b=-1.5bps | min=30.0bps
2026-05-09 19:41:12,907 | INFO | fetch_order_book: symbol=CHIP/USDC limit=20
2026-05-09 19:41:13,244 | INFO | fetch_order_book: mid=0.066425 spread=1.51bps bids=20 asks=20
2026-05-09 19:41:14,195 | INFO | SPREAD | pair=CHIP/USDC | cex=0.06642/0.06643 | dex_sell=0.0664074 dex_buy=0.0664297 | spread_a=-3.4bps spread_b=-1.5bps | min=30.0bps
2026-05-09 19:41:15,198 | INFO | fetch_order_book: symbol=CHIP/USDC limit=20
2026-05-09 19:41:15,455 | INFO | fetch_order_book: mid=0.066435 spread=4.52bps bids=20 asks=20
2026-05-09 19:41:16,372 | INFO | SPREAD | pair=CHIP/USDC | cex=0.06642/0.06645 | dex_sell=0.0664074 dex_buy=0.0664297 | spread_a=-6.4bps spread_b=-1.5bps | min=30.0bps
2026-05-09 19:41:17,375 | INFO | fetch_order_book: symbol=CHIP/USDC limit=20
2026-05-09 19:41:17,633 | INFO | fetch_order_book: mid=0.06644 spread=6.02bps bids=20 asks=20
2026-05-09 19:41:18,530 | INFO | SPREAD | pair=CHIP/USDC | cex=0.06642/0.06646 | dex_sell=0.0664074 dex_buy=0.0664297 | spread_a=-7.9bps spread_b=-1.5bps | min=30.0bps
2026-05-09 19:41:19,533 | INFO | fetch_order_book: symbol=CHIP/USDC limit=20
2026-05-09 19:41:19,793 | INFO | fetch_order_book: mid=0.06645 spread=6.02bps bids=20 asks=20
2026-05-09 19:41:20,695 | INFO | SPREAD | pair=CHIP/USDC | cex=0.06643/0.06647 | dex_sell=0.0664074 dex_buy=0.0664297 | spread_a=-9.4bps spread_b=0.0bps | min=30.0bps
2026-05-09 19:41:21,697 | INFO | fetch_order_book: symbol=CHIP/USDC limit=20
2026-05-09 19:41:21,956 | INFO | fetch_order_book: mid=0.066475 spread=4.51bps bids=20 asks=20
2026-05-09 19:41:53,342 | INFO | SPREAD | pair=CHIP/USDC | cex=0.06646/0.06649 | dex_sell=0.0664074 dex_buy=0.0664297 | spread_a=-12.4bps spread_b=4.6bps | min=30.0bps
2026-05-09 19:41:54,346 | INFO | fetch_order_book: symbol=CHIP/USDC limit=20
2026-05-09 19:41:54,607 | INFO | fetch_order_book: mid=0.066455 spread=7.52bps bids=20 asks=20
2026-05-09 19:41:55,527 | INFO | SPREAD | pair=CHIP/USDC | cex=0.06643/0.06648 | dex_sell=0.0664135 dex_buy=0.0664358 | spread_a=-10.0bps spread_b=-0.9bps | min=30.0bps
2026-05-09 19:41:56,531 | INFO | fetch_order_book: symbol=CHIP/USDC limit=20
2026-05-09 19:41:56,785 | INFO | fetch_order_book: mid=0.06645 spread=9.03bps bids=20 asks=20
2026-05-09 19:41:57,678 | INFO | SPREAD | pair=CHIP/USDC | cex=0.06642/0.06648 | dex_sell=0.0664135 dex_buy=0.0664358 | spread_a=-10.0bps spread_b=-2.4bps | min=30.0bps
2026-05-09 19:41:58,682 | INFO | fetch_order_book: symbol=CHIP/USDC limit=20
2026-05-09 19:41:58,941 | INFO | fetch_order_book: mid=0.06645 spread=9.03bps bids=20 asks=20
2026-05-09 19:41:59,817 | INFO | SPREAD | pair=CHIP/USDC | cex=0.06642/0.06648 | dex_sell=0.0664135 dex_buy=0.0664358 | spread_a=-10.0bps spread_b=-2.4bps | min=30.0bps
2026-05-09 19:42:00,821 | INFO | fetch_order_book: symbol=CHIP/USDC limit=20
2026-05-09 19:42:01,076 | INFO | fetch_order_book: mid=0.06644 spread=6.02bps bids=20 asks=20
2026-05-09 19:42:02,072 | INFO | SPREAD | pair=CHIP/USDC | cex=0.06642/0.06646 | dex_sell=0.0664135 dex_buy=0.0664358 | spread_a=-7.0bps spread_b=-2.4bps | min=30.0bps
2026-05-09 19:42:03,074 | INFO | fetch_order_book: symbol=CHIP/USDC limit=20
2026-05-09 19:42:03,345 | INFO | fetch_order_book: mid=0.06644 spread=6.02bps bids=20 asks=20
2026-05-09 19:42:04,262 | INFO | SPREAD | pair=CHIP/USDC | cex=0.06642/0.06646 | dex_sell=0.0664135 dex_buy=0.0664358 | spread_a=-7.0bps spread_b=-2.4bps | min=30.0bps
2026-05-09 19:42:05,265 | INFO | fetch_order_book: symbol=CHIP/USDC limit=20
2026-05-09 19:42:05,547 | INFO | fetch_order_book: mid=0.066455 spread=7.52bps bids=20 asks=20
2026-05-09 19:42:06,510 | INFO | SPREAD | pair=CHIP/USDC | cex=0.06643/0.06648 | dex_sell=0.0664135 dex_buy=0.0664358 | spread_a=-10.0bps spread_b=-0.9bps | min=30.0bps
2026-05-09 19:42:07,514 | INFO | fetch_order_book: symbol=CHIP/USDC limit=20
2026-05-09 19:42:07,771 | INFO | fetch_order_book: mid=0.06644 spread=6.02bps bids=20 asks=20
2026-05-09 19:42:08,707 | INFO | SPREAD | pair=CHIP/USDC | cex=0.06642/0.06646 | dex_sell=0.0664135 dex_buy=0.0664358 | spread_a=-7.0bps spread_b=-2.4bps | min=30.0bps
2026-05-09 19:42:09,711 | INFO | fetch_order_book: symbol=CHIP/USDC limit=20
2026-05-09 19:42:10,050 | INFO | fetch_order_book: mid=0.066455 spread=7.52bps bids=20 asks=20
2026-05-09 19:42:10,998 | INFO | SPREAD | pair=CHIP/USDC | cex=0.06643/0.06648 | dex_sell=0.0664135 dex_buy=0.0664358 | spread_a=-10.0bps spread_b=-0.9bps | min=30.0bps
2026-05-09 19:42:12,002 | INFO | fetch_order_book: symbol=CHIP/USDC limit=20
2026-05-09 19:42:12,265 | INFO | fetch_order_book: mid=0.066515 spread=1.50bps bids=20 asks=20
2026-05-09 19:42:13,151 | INFO | SPREAD | pair=CHIP/USDC | cex=0.06651/0.06652 | dex_sell=0.0664535 dex_buy=0.0664759 | spread_a=-10.0bps spread_b=5.1bps | min=30.0bps
2026-05-09 19:42:14,155 | INFO | fetch_order_book: symbol=CHIP/USDC limit=20
2026-05-09 19:42:14,427 | INFO | fetch_order_book: mid=0.06648 spread=9.03bps bids=20 asks=20
2026-05-09 19:42:15,437 | INFO | SPREAD | pair=CHIP/USDC | cex=0.06645/0.06651 | dex_sell=0.0664936 dex_buy=0.0665159 | spread_a=-2.5bps spread_b=-9.9bps | min=30.0bps
2026-05-09 19:42:16,440 | INFO | fetch_order_book: symbol=CHIP/USDC limit=20
2026-05-09 19:42:16,704 | INFO | fetch_order_book: mid=0.06648 spread=9.03bps bids=20 asks=20
2026-05-09 19:42:17,600 | INFO | SPREAD | pair=CHIP/USDC | cex=0.06645/0.06651 | dex_sell=0.0664936 dex_buy=0.0665159 | spread_a=-2.5bps spread_b=-9.9bps | min=30.0bps
2026-05-09 19:42:18,603 | INFO | fetch_order_book: symbol=CHIP/USDC limit=20
2026-05-09 19:42:18,895 | INFO | fetch_order_book: mid=0.06650 spread=6.02bps bids=20 asks=20
2026-05-09 19:42:19,826 | INFO | SPREAD | pair=CHIP/USDC | cex=0.06648/0.06652 | dex_sell=0.0664574 dex_buy=0.0664797 | spread_a=-9.4bps spread_b=0.0bps | min=30.0bps
2026-05-09 19:42:20,830 | INFO | fetch_order_book: symbol=CHIP/USDC limit=20
2026-05-09 19:42:21,091 | INFO | fetch_order_book: mid=0.06650 spread=6.02bps bids=20 asks=20
2026-05-09 19:42:22,003 | INFO | SPREAD | pair=CHIP/USDC | cex=0.06648/0.06652 | dex_sell=0.0664574 dex_buy=0.0664797 | spread_a=-9.4bps spread_b=0.0bps | min=30.0bps
2026-05-09 19:42:23,007 | INFO | fetch_order_book: symbol=CHIP/USDC limit=20
2026-05-09 19:42:23,263 | INFO | fetch_order_book: mid=0.066495 spread=4.51bps bids=20 asks=20
2026-05-09 19:42:24,197 | INFO | SPREAD | pair=CHIP/USDC | cex=0.06648/0.06651 | dex_sell=0.0664574 dex_buy=0.0664797 | spread_a=-7.9bps spread_b=0.0bps | min=30.0bps
2026-05-09 19:42:25,200 | INFO | fetch_order_book: symbol=CHIP/USDC limit=20
2026-05-09 19:42:25,456 | INFO | fetch_order_book: mid=0.06653 spread=6.01bps bids=20 asks=20
2026-05-09 19:42:26,370 | INFO | SPREAD | pair=CHIP/USDC | cex=0.06651/0.06655 | dex_sell=0.0664937 dex_buy=0.066516 | spread_a=-8.5bps spread_b=-0.9bps | min=30.0bps
2026-05-09 19:42:27,373 | INFO | fetch_order_book: symbol=CHIP/USDC limit=20
2026-05-09 19:42:27,694 | INFO | fetch_order_book: mid=0.06653 spread=6.01bps bids=20 asks=20
2026-05-09 19:42:28,627 | INFO | SPREAD | pair=CHIP/USDC | cex=0.06651/0.06655 | dex_sell=0.0664937 dex_buy=0.066516 | spread_a=-8.5bps spread_b=-0.9bps | min=30.0bps
2026-05-09 19:42:29,631 | INFO | fetch_order_book: symbol=CHIP/USDC limit=20
2026-05-09 19:42:29,888 | INFO | fetch_order_book: mid=0.066555 spread=1.50bps bids=20 asks=20
2026-05-09 19:42:30,782 | INFO | SPREAD | pair=CHIP/USDC | cex=0.06655/0.06656 | dex_sell=0.0664937 dex_buy=0.066516 | spread_a=-10.0bps spread_b=5.1bps | min=30.0bps
2026-05-09 19:42:31,785 | INFO | fetch_order_book: symbol=CHIP/USDC limit=20
2026-05-09 19:42:32,051 | INFO | fetch_order_book: mid=0.066525 spread=7.52bps bids=20 asks=20
2026-05-09 19:42:32,993 | INFO | SPREAD | pair=CHIP/USDC | cex=0.0665/0.06655 | dex_sell=0.0664975 dex_buy=0.0665198 | spread_a=-7.9bps spread_b=-3.0bps | min=30.0bps
2026-05-09 19:42:33,996 | INFO | fetch_order_book: symbol=CHIP/USDC limit=20
2026-05-09 19:42:34,255 | INFO | fetch_order_book: mid=0.066515 spread=4.51bps bids=20 asks=20
2026-05-09 19:42:35,148 | INFO | SPREAD | pair=CHIP/USDC | cex=0.0665/0.06653 | dex_sell=0.0664975 dex_buy=0.0665198 | spread_a=-4.9bps spread_b=-3.0bps | min=30.0bps
2026-05-09 19:42:36,151 | INFO | fetch_order_book: symbol=CHIP/USDC limit=20
2026-05-09 19:42:36,411 | INFO | fetch_order_book: mid=0.066515 spread=4.51bps bids=20 asks=20
2026-05-09 19:42:37,353 | INFO | SPREAD | pair=CHIP/USDC | cex=0.0665/0.06653 | dex_sell=0.0664975 dex_buy=0.0665198 | spread_a=-4.9bps spread_b=-3.0bps | min=30.0bps
2026-05-09 19:42:38,357 | INFO | fetch_order_book: symbol=CHIP/USDC limit=20
2026-05-09 19:42:38,619 | INFO | fetch_order_book: mid=0.066515 spread=4.51bps bids=20 asks=20
2026-05-09 19:42:39,528 | INFO | SPREAD | pair=CHIP/USDC | cex=0.0665/0.06653 | dex_sell=0.0664975 dex_buy=0.0665198 | spread_a=-4.9bps spread_b=-3.0bps | min=30.0bps
2026-05-09 19:42:40,532 | INFO | fetch_order_book: symbol=CHIP/USDC limit=20
2026-05-09 19:42:40,791 | INFO | fetch_order_book: mid=0.066515 spread=4.51bps bids=20 asks=20
2026-05-09 19:42:41,740 | INFO | SPREAD | pair=CHIP/USDC | cex=0.0665/0.06653 | dex_sell=0.0664975 dex_buy=0.0665198 | spread_a=-4.9bps spread_b=-3.0bps | min=30.0bps
2026-05-09 19:42:42,743 | INFO | fetch_order_book: symbol=CHIP/USDC limit=20
2026-05-09 19:42:43,054 | INFO | fetch_order_book: mid=0.066515 spread=4.51bps bids=20 asks=20
2026-05-09 19:42:43,994 | INFO | SPREAD | pair=CHIP/USDC | cex=0.0665/0.06653 | dex_sell=0.0664975 dex_buy=0.0665198 | spread_a=-4.9bps spread_b=-3.0bps | min=30.0bps
2026-05-09 19:42:44,997 | INFO | fetch_order_book: symbol=CHIP/USDC limit=20
2026-05-09 19:42:45,267 | INFO | fetch_order_book: mid=0.066515 spread=4.51bps bids=20 asks=20
2026-05-09 19:42:46,238 | INFO | SPREAD | pair=CHIP/USDC | cex=0.0665/0.06653 | dex_sell=0.0664975 dex_buy=0.0665198 | spread_a=-4.9bps spread_b=-3.0bps | min=30.0bps
2026-05-09 19:42:47,240 | INFO | fetch_order_book: symbol=CHIP/USDC limit=20
2026-05-09 19:42:47,496 | INFO | fetch_order_book: mid=0.066515 spread=4.51bps bids=20 asks=20
2026-05-09 19:42:48,453 | INFO | SPREAD | pair=CHIP/USDC | cex=0.0665/0.06653 | dex_sell=0.0664975 dex_buy=0.0665198 | spread_a=-4.9bps spread_b=-3.0bps | min=30.0bps
2026-05-09 19:42:49,456 | INFO | fetch_order_book: symbol=CHIP/USDC limit=20
2026-05-09 19:42:49,754 | INFO | fetch_order_book: mid=0.06652 spread=6.01bps bids=20 asks=20
2026-05-09 19:42:50,699 | INFO | SPREAD | pair=CHIP/USDC | cex=0.0665/0.06654 | dex_sell=0.0664975 dex_buy=0.0665198 | spread_a=-6.4bps spread_b=-3.0bps | min=30.0bps
2026-05-09 19:42:51,702 | INFO | fetch_order_book: symbol=CHIP/USDC limit=20
2026-05-09 19:42:51,970 | INFO | fetch_order_book: mid=0.06652 spread=6.01bps bids=20 asks=20
2026-05-09 19:42:52,881 | INFO | SPREAD | pair=CHIP/USDC | cex=0.0665/0.06654 | dex_sell=0.0664975 dex_buy=0.0665198 | spread_a=-6.4bps spread_b=-3.0bps | min=30.0bps
2026-05-09 19:42:53,884 | INFO | fetch_order_book: symbol=CHIP/USDC limit=20
2026-05-09 19:42:54,160 | INFO | fetch_order_book: mid=0.066515 spread=4.51bps bids=20 asks=20
2026-05-09 19:42:55,136 | INFO | SPREAD | pair=CHIP/USDC | cex=0.0665/0.06653 | dex_sell=0.0664975 dex_buy=0.0665198 | spread_a=-4.9bps spread_b=-3.0bps | min=30.0bps
2026-05-09 19:42:56,139 | INFO | fetch_order_book: symbol=CHIP/USDC limit=20
2026-05-09 19:42:56,463 | INFO | fetch_order_book: mid=0.066505 spread=7.52bps bids=20 asks=20
2026-05-09 19:42:57,373 | INFO | SPREAD | pair=CHIP/USDC | cex=0.06648/0.06653 | dex_sell=0.0664975 dex_buy=0.0665198 | spread_a=-4.9bps spread_b=-6.0bps | min=30.0bps
2026-05-09 19:42:58,377 | INFO | fetch_order_book: symbol=CHIP/USDC limit=20
2026-05-09 19:42:58,645 | INFO | fetch_order_book: mid=0.066505 spread=7.52bps bids=20 asks=20
2026-05-09 19:42:59,596 | INFO | SPREAD | pair=CHIP/USDC | cex=0.06648/0.06653 | dex_sell=0.0664975 dex_buy=0.0665198 | spread_a=-4.9bps spread_b=-6.0bps | min=30.0bps
2026-05-09 19:43:00,599 | INFO | fetch_order_book: symbol=CHIP/USDC limit=20
2026-05-09 19:43:00,857 | INFO | fetch_order_book: mid=0.066505 spread=7.52bps bids=20 asks=20
2026-05-09 19:43:01,820 | INFO | SPREAD | pair=CHIP/USDC | cex=0.06648/0.06653 | dex_sell=0.0664975 dex_buy=0.0665198 | spread_a=-4.9bps spread_b=-6.0bps | min=30.0bps
2026-05-09 19:43:02,823 | INFO | fetch_order_book: symbol=CHIP/USDC limit=20
2026-05-09 19:43:03,181 | INFO | fetch_order_book: mid=0.066495 spread=4.51bps bids=20 asks=20
2026-05-09 19:43:04,085 | INFO | SPREAD | pair=CHIP/USDC | cex=0.06648/0.06651 | dex_sell=0.0664975 dex_buy=0.0665198 | spread_a=-1.9bps spread_b=-6.0bps | min=30.0bps
2026-05-09 19:43:05,089 | INFO | fetch_order_book: symbol=CHIP/USDC limit=20
2026-05-09 19:43:05,401 | INFO | fetch_order_book: mid=0.066525 spread=7.52bps bids=20 asks=20
2026-05-09 19:43:06,301 | INFO | SPREAD | pair=CHIP/USDC | cex=0.0665/0.06655 | dex_sell=0.0664975 dex_buy=0.0665198 | spread_a=-7.9bps spread_b=-3.0bps | min=30.0bps
2026-05-09 19:43:07,305 | INFO | fetch_order_book: symbol=CHIP/USDC limit=20
2026-05-09 19:43:07,560 | INFO | fetch_order_book: mid=0.06652 spread=9.02bps bids=20 asks=20
2026-05-09 19:43:08,475 | INFO | SPREAD | pair=CHIP/USDC | cex=0.06649/0.06655 | dex_sell=0.0664975 dex_buy=0.0665198 | spread_a=-7.9bps spread_b=-4.5bps | min=30.0bps
2026-05-09 19:43:09,478 | INFO | fetch_order_book: symbol=CHIP/USDC limit=20
2026-05-09 19:43:09,818 | INFO | fetch_order_book: mid=0.06652 spread=9.02bps bids=20 asks=20
2026-05-09 19:43:10,726 | INFO | SPREAD | pair=CHIP/USDC | cex=0.06649/0.06655 | dex_sell=0.0664975 dex_buy=0.0665198 | spread_a=-7.9bps spread_b=-4.5bps | min=30.0bps
2026-05-09 19:43:11,730 | INFO | fetch_order_book: symbol=CHIP/USDC limit=20
2026-05-09 19:43:12,135 | INFO | fetch_order_book: mid=0.06652 spread=9.02bps bids=20 asks=20
2026-05-09 19:43:13,126 | INFO | SPREAD | pair=CHIP/USDC | cex=0.06649/0.06655 | dex_sell=0.0664975 dex_buy=0.0665198 | spread_a=-7.9bps spread_b=-4.5bps | min=30.0bps
2026-05-09 19:43:14,129 | INFO | fetch_order_book: symbol=CHIP/USDC limit=20
2026-05-09 19:43:14,466 | INFO | fetch_order_book: mid=0.06653 spread=6.01bps bids=20 asks=20
2026-05-09 19:43:15,381 | INFO | SPREAD | pair=CHIP/USDC | cex=0.06651/0.06655 | dex_sell=0.0664975 dex_buy=0.0665198 | spread_a=-7.9bps spread_b=-1.5bps | min=30.0bps
2026-05-09 19:43:16,384 | INFO | fetch_order_book: symbol=CHIP/USDC limit=20
2026-05-09 19:43:16,649 | INFO | fetch_order_book: mid=0.066545 spread=4.51bps bids=20 asks=20
2026-05-09 19:43:17,610 | INFO | SPREAD | pair=CHIP/USDC | cex=0.06653/0.06656 | dex_sell=0.0664975 dex_buy=0.0665198 | spread_a=-9.4bps spread_b=1.5bps | min=30.0bps
2026-05-09 19:43:18,613 | INFO | fetch_order_book: symbol=CHIP/USDC limit=20
2026-05-09 19:43:18,881 | INFO | fetch_order_book: mid=0.06658 spread=6.01bps bids=20 asks=20
2026-05-09 19:43:19,785 | INFO | SPREAD | pair=CHIP/USDC | cex=0.06656/0.0666 | dex_sell=0.0665334 dex_buy=0.0665558 | spread_a=-10.0bps spread_b=0.6bps | min=30.0bps
2026-05-09 19:43:20,788 | INFO | fetch_order_book: symbol=CHIP/USDC limit=20
2026-05-09 19:43:21,046 | INFO | fetch_order_book: mid=0.066575 spread=4.51bps bids=20 asks=20
2026-05-09 19:43:22,007 | INFO | SPREAD | pair=CHIP/USDC | cex=0.06656/0.06659 | dex_sell=0.0665334 dex_buy=0.0665558 | spread_a=-8.5bps spread_b=0.6bps | min=30.0bps
2026-05-09 19:43:23,010 | INFO | fetch_order_book: symbol=CHIP/USDC limit=20
2026-05-09 19:43:23,278 | INFO | fetch_order_book: mid=0.06658 spread=6.01bps bids=20 asks=20
2026-05-09 19:43:24,202 | INFO | SPREAD | pair=CHIP/USDC | cex=0.06656/0.0666 | dex_sell=0.0665334 dex_buy=0.0665558 | spread_a=-10.0bps spread_b=0.6bps | min=30.0bps
2026-05-09 19:43:25,206 | INFO | fetch_order_book: symbol=CHIP/USDC limit=20
2026-05-09 19:43:25,538 | INFO | fetch_order_book: mid=0.06657 spread=6.01bps bids=20 asks=20
2026-05-09 19:43:26,525 | INFO | SPREAD | pair=CHIP/USDC | cex=0.06655/0.06659 | dex_sell=0.0665334 dex_buy=0.0665558 | spread_a=-8.5bps spread_b=-0.9bps | min=30.0bps
2026-05-09 19:43:27,528 | INFO | fetch_order_book: symbol=CHIP/USDC limit=20
2026-05-09 19:43:27,829 | INFO | fetch_order_book: mid=0.066585 spread=4.51bps bids=20 asks=20
2026-05-09 19:43:28,710 | INFO | SPREAD | pair=CHIP/USDC | cex=0.06657/0.0666 | dex_sell=0.0665334 dex_buy=0.0665558 | spread_a=-10.0bps spread_b=2.1bps | min=30.0bps
2026-05-09 19:43:29,714 | INFO | fetch_order_book: symbol=CHIP/USDC limit=20
2026-05-09 19:43:29,998 | INFO | fetch_order_book: mid=0.066565 spread=7.51bps bids=20 asks=20
2026-05-09 19:43:30,984 | INFO | SPREAD | pair=CHIP/USDC | cex=0.06654/0.06659 | dex_sell=0.0665334 dex_buy=0.0665558 | spread_a=-8.5bps spread_b=-2.4bps | min=30.0bps
2026-05-09 19:43:31,987 | INFO | fetch_order_book: symbol=CHIP/USDC limit=20
2026-05-09 19:43:32,243 | INFO | fetch_order_book: mid=0.066565 spread=7.51bps bids=20 asks=20
2026-05-09 19:43:33,155 | INFO | SPREAD | pair=CHIP/USDC | cex=0.06654/0.06659 | dex_sell=0.0665334 dex_buy=0.0665558 | spread_a=-8.5bps spread_b=-2.4bps | min=30.0bps
2026-05-09 19:43:34,159 | INFO | fetch_order_book: symbol=CHIP/USDC limit=20
2026-05-09 19:43:34,563 | INFO | fetch_order_book: mid=0.06657 spread=9.01bps bids=20 asks=20
2026-05-09 19:43:35,457 | INFO | SPREAD | pair=CHIP/USDC | cex=0.06654/0.0666 | dex_sell=0.0665334 dex_buy=0.0665558 | spread_a=-10.0bps spread_b=-2.4bps | min=30.0bps
2026-05-09 19:43:36,460 | INFO | fetch_order_book: symbol=CHIP/USDC limit=20
2026-05-09 19:43:36,768 | INFO | fetch_order_book: mid=0.066565 spread=7.51bps bids=20 asks=20
2026-05-09 19:43:37,639 | INFO | SPREAD | pair=CHIP/USDC | cex=0.06654/0.06659 | dex_sell=0.0665334 dex_buy=0.0665558 | spread_a=-8.5bps spread_b=-2.4bps | min=30.0bps
2026-05-09 19:43:38,643 | INFO | fetch_order_book: symbol=CHIP/USDC limit=20
2026-05-09 19:43:38,969 | INFO | fetch_order_book: mid=0.066565 spread=7.51bps bids=20 asks=20
2026-05-09 19:43:39,940 | INFO | SPREAD | pair=CHIP/USDC | cex=0.06654/0.06659 | dex_sell=0.0665334 dex_buy=0.0665558 | spread_a=-8.5bps spread_b=-2.4bps | min=30.0bps
2026-05-09 19:43:40,943 | INFO | fetch_order_book: symbol=CHIP/USDC limit=20
2026-05-09 19:43:41,241 | INFO | fetch_order_book: mid=0.066565 spread=7.51bps bids=20 asks=20
2026-05-09 19:43:42,123 | INFO | SPREAD | pair=CHIP/USDC | cex=0.06654/0.06659 | dex_sell=0.0665334 dex_buy=0.0665558 | spread_a=-8.5bps spread_b=-2.4bps | min=30.0bps
2026-05-09 19:43:43,126 | INFO | fetch_order_book: symbol=CHIP/USDC limit=20
2026-05-09 19:43:43,402 | INFO | fetch_order_book: mid=0.066565 spread=7.51bps bids=20 asks=20
2026-05-09 19:43:44,346 | INFO | SPREAD | pair=CHIP/USDC | cex=0.06654/0.06659 | dex_sell=0.0665334 dex_buy=0.0665558 | spread_a=-8.5bps spread_b=-2.4bps | min=30.0bps
2026-05-09 19:43:45,349 | INFO | fetch_order_book: symbol=CHIP/USDC limit=20
2026-05-09 19:43:45,670 | INFO | fetch_order_book: mid=0.066565 spread=7.51bps bids=20 asks=20
2026-05-09 19:43:46,600 | INFO | SPREAD | pair=CHIP/USDC | cex=0.06654/0.06659 | dex_sell=0.0665334 dex_buy=0.0665558 | spread_a=-8.5bps spread_b=-2.4bps | min=30.0bps
2026-05-09 19:43:47,603 | INFO | fetch_order_book: symbol=CHIP/USDC limit=20
2026-05-09 19:43:47,874 | INFO | fetch_order_book: mid=0.066575 spread=4.51bps bids=20 asks=20
2026-05-09 19:43:48,871 | INFO | SPREAD | pair=CHIP/USDC | cex=0.06656/0.06659 | dex_sell=0.0665334 dex_buy=0.0665558 | spread_a=-8.5bps spread_b=0.6bps | min=30.0bps
2026-05-09 19:43:49,874 | INFO | fetch_order_book: symbol=CHIP/USDC limit=20
2026-05-09 19:43:50,137 | INFO | fetch_order_book: mid=0.066585 spread=4.51bps bids=20 asks=20
2026-05-09 19:43:51,020 | INFO | SPREAD | pair=CHIP/USDC | cex=0.06657/0.0666 | dex_sell=0.0665334 dex_buy=0.0665558 | spread_a=-10.0bps spread_b=2.1bps | min=30.0bps
2026-05-09 19:43:52,024 | INFO | fetch_order_book: symbol=CHIP/USDC limit=20
2026-05-09 19:43:52,281 | INFO | fetch_order_book: mid=0.066585 spread=4.51bps bids=20 asks=20
2026-05-09 19:43:53,212 | INFO | SPREAD | pair=CHIP/USDC | cex=0.06657/0.0666 | dex_sell=0.0665334 dex_buy=0.0665558 | spread_a=-10.0bps spread_b=2.1bps | min=30.0bps
2026-05-09 19:43:54,216 | INFO | fetch_order_book: symbol=CHIP/USDC limit=20
2026-05-09 19:43:54,532 | INFO | fetch_order_book: mid=0.066585 spread=4.51bps bids=20 asks=20
2026-05-09 19:43:55,419 | INFO | SPREAD | pair=CHIP/USDC | cex=0.06657/0.0666 | dex_sell=0.0665334 dex_buy=0.0665558 | spread_a=-10.0bps spread_b=2.1bps | min=30.0bps
2026-05-09 19:43:56,422 | INFO | fetch_order_book: symbol=CHIP/USDC limit=20
2026-05-09 19:43:56,717 | INFO | fetch_order_book: mid=0.066585 spread=4.51bps bids=20 asks=20
2026-05-09 19:43:57,719 | INFO | SPREAD | pair=CHIP/USDC | cex=0.06657/0.0666 | dex_sell=0.0665334 dex_buy=0.0665558 | spread_a=-10.0bps spread_b=2.1bps | min=30.0bps
2026-05-09 19:43:58,722 | INFO | fetch_order_book: symbol=CHIP/USDC limit=20
2026-05-09 19:43:58,982 | INFO | fetch_order_book: mid=0.066585 spread=4.51bps bids=20 asks=20
2026-05-09 19:43:59,893 | INFO | SPREAD | pair=CHIP/USDC | cex=0.06657/0.0666 | dex_sell=0.0665334 dex_buy=0.0665558 | spread_a=-10.0bps spread_b=2.1bps | min=30.0bps
2026-05-09 19:44:00,896 | INFO | fetch_order_book: symbol=CHIP/USDC limit=20
2026-05-09 19:44:01,160 | INFO | fetch_order_book: mid=0.066585 spread=4.51bps bids=20 asks=20
2026-05-09 19:44:02,125 | INFO | SPREAD | pair=CHIP/USDC | cex=0.06657/0.0666 | dex_sell=0.0665334 dex_buy=0.0665558 | spread_a=-10.0bps spread_b=2.1bps | min=30.0bps
2026-05-09 19:44:03,129 | INFO | fetch_order_book: symbol=CHIP/USDC limit=20
2026-05-09 19:44:03,496 | INFO | fetch_order_book: mid=0.06661 spread=3.00bps bids=20 asks=20
2026-05-09 19:44:04,394 | INFO | SPREAD | pair=CHIP/USDC | cex=0.0666/0.06662 | dex_sell=0.0665735 dex_buy=0.0665958 | spread_a=-7.0bps spread_b=0.6bps | min=30.0bps
2026-05-09 19:44:05,397 | INFO | fetch_order_book: symbol=CHIP/USDC limit=20
2026-05-09 19:44:05,740 | INFO | fetch_order_book: mid=0.066635 spread=1.50bps bids=20 asks=20
2026-05-09 19:44:06,676 | INFO | SPREAD | pair=CHIP/USDC | cex=0.06663/0.06664 | dex_sell=0.0665792 dex_buy=0.0666016 | spread_a=-9.1bps spread_b=4.3bps | min=30.0bps
2026-05-09 19:44:07,680 | INFO | fetch_order_book: symbol=CHIP/USDC limit=20
2026-05-09 19:44:07,938 | INFO | fetch_order_book: mid=0.066635 spread=1.50bps bids=20 asks=20
2026-05-09 19:44:08,863 | INFO | SPREAD | pair=CHIP/USDC | cex=0.06663/0.06664 | dex_sell=0.0665792 dex_buy=0.0666016 | spread_a=-9.1bps spread_b=4.3bps | min=30.0bps
2026-05-09 19:44:09,867 | INFO | fetch_order_book: symbol=CHIP/USDC limit=20
2026-05-09 19:44:10,152 | INFO | fetch_order_book: mid=0.066635 spread=1.50bps bids=20 asks=20
2026-05-09 19:44:11,106 | INFO | SPREAD | pair=CHIP/USDC | cex=0.06663/0.06664 | dex_sell=0.0665792 dex_buy=0.0666016 | spread_a=-9.1bps spread_b=4.3bps | min=30.0bps
2026-05-09 19:44:12,109 | INFO | fetch_order_book: symbol=CHIP/USDC limit=20
2026-05-09 19:44:12,368 | INFO | fetch_order_book: mid=0.06667 spread=3.00bps bids=20 asks=20
2026-05-09 19:44:13,272 | INFO | SPREAD | pair=CHIP/USDC | cex=0.06666/0.06668 | dex_sell=0.0665945 dex_buy=0.0666169 | spread_a=-12.8bps spread_b=6.5bps | min=30.0bps
2026-05-09 19:44:14,276 | INFO | fetch_order_book: symbol=CHIP/USDC limit=20
2026-05-09 19:44:14,531 | INFO | fetch_order_book: mid=0.066675 spread=1.50bps bids=20 asks=20
2026-05-09 19:44:15,475 | INFO | SPREAD | pair=CHIP/USDC | cex=0.06667/0.06668 | dex_sell=0.0665945 dex_buy=0.0666169 | spread_a=-12.8bps spread_b=8.0bps | min=30.0bps
2026-05-09 19:44:16,479 | INFO | fetch_order_book: symbol=CHIP/USDC limit=20
2026-05-09 19:44:16,747 | INFO | fetch_order_book: mid=0.066675 spread=1.50bps bids=20 asks=20
2026-05-09 19:44:17,624 | INFO | SPREAD | pair=CHIP/USDC | cex=0.06667/0.06668 | dex_sell=0.0665945 dex_buy=0.0666169 | spread_a=-12.8bps spread_b=8.0bps | min=30.0bps
2026-05-09 19:44:18,627 | INFO | fetch_order_book: symbol=CHIP/USDC limit=20
2026-05-09 19:44:18,892 | INFO | fetch_order_book: mid=0.066675 spread=1.50bps bids=20 asks=20
2026-05-09 19:44:19,842 | INFO | SPREAD | pair=CHIP/USDC | cex=0.06667/0.06668 | dex_sell=0.0665945 dex_buy=0.0666169 | spread_a=-12.8bps spread_b=8.0bps | min=30.0bps
2026-05-09 19:44:20,846 | INFO | fetch_order_book: symbol=CHIP/USDC limit=20
2026-05-09 19:44:21,209 | INFO | fetch_order_book: mid=0.066665 spread=4.50bps bids=20 asks=20
2026-05-09 19:44:22,124 | INFO | SPREAD | pair=CHIP/USDC | cex=0.06665/0.06668 | dex_sell=0.0665945 dex_buy=0.0666169 | spread_a=-12.8bps spread_b=5.0bps | min=30.0bps
2026-05-09 19:44:23,128 | INFO | fetch_order_book: symbol=CHIP/USDC limit=20
2026-05-09 19:44:23,392 | INFO | fetch_order_book: mid=0.06667 spread=3.00bps bids=20 asks=20
2026-05-09 19:44:24,353 | INFO | SPREAD | pair=CHIP/USDC | cex=0.06666/0.06668 | dex_sell=0.0665945 dex_buy=0.0666169 | spread_a=-12.8bps spread_b=6.5bps | min=30.0bps
2026-05-09 19:44:25,356 | INFO | fetch_order_book: symbol=CHIP/USDC limit=20
2026-05-09 19:44:25,645 | INFO | fetch_order_book: mid=0.06668 spread=6.00bps bids=20 asks=20
2026-05-09 19:44:26,592 | INFO | SPREAD | pair=CHIP/USDC | cex=0.06666/0.0667 | dex_sell=0.0665945 dex_buy=0.0666169 | spread_a=-15.8bps spread_b=6.5bps | min=30.0bps
2026-05-09 19:44:27,595 | INFO | fetch_order_book: symbol=CHIP/USDC limit=20
2026-05-09 19:44:27,855 | INFO | fetch_order_book: mid=0.066645 spread=7.50bps bids=20 asks=20
2026-05-09 19:44:28,863 | INFO | SPREAD | pair=CHIP/USDC | cex=0.06662/0.06667 | dex_sell=0.0665945 dex_buy=0.0666169 | spread_a=-11.3bps spread_b=0.5bps | min=30.0bps
2026-05-09 19:44:29,867 | INFO | fetch_order_book: symbol=CHIP/USDC limit=20
2026-05-09 19:44:30,124 | INFO | fetch_order_book: mid=0.066645 spread=7.50bps bids=20 asks=20
2026-05-09 19:44:31,041 | INFO | SPREAD | pair=CHIP/USDC | cex=0.06662/0.06667 | dex_sell=0.0665945 dex_buy=0.0666169 | spread_a=-11.3bps spread_b=0.5bps | min=30.0bps
2026-05-09 19:44:32,045 | INFO | fetch_order_book: symbol=CHIP/USDC limit=20
2026-05-09 19:44:32,342 | INFO | fetch_order_book: mid=0.066645 spread=7.50bps bids=20 asks=20
2026-05-09 19:44:33,324 | INFO | SPREAD | pair=CHIP/USDC | cex=0.06662/0.06667 | dex_sell=0.0665945 dex_buy=0.0666169 | spread_a=-11.3bps spread_b=0.5bps | min=30.0bps
2026-05-09 19:44:34,328 | INFO | fetch_order_book: symbol=CHIP/USDC limit=20
2026-05-09 19:44:34,707 | INFO | fetch_order_book: mid=0.06660 spread=6.01bps bids=20 asks=20
2026-05-09 19:44:35,670 | INFO | SPREAD | pair=CHIP/USDC | cex=0.06658/0.06662 | dex_sell=0.0665945 dex_buy=0.0666169 | spread_a=-3.8bps spread_b=-5.5bps | min=30.0bps
2026-05-09 19:44:36,674 | INFO | fetch_order_book: symbol=CHIP/USDC limit=20
2026-05-09 19:44:36,990 | INFO | fetch_order_book: mid=0.066635 spread=7.50bps bids=20 asks=20
2026-05-09 19:44:37,972 | INFO | SPREAD | pair=CHIP/USDC | cex=0.06661/0.06666 | dex_sell=0.0665945 dex_buy=0.0666169 | spread_a=-9.8bps spread_b=-1.0bps | min=30.0bps
2026-05-09 19:44:38,975 | INFO | fetch_order_book: symbol=CHIP/USDC limit=20
2026-05-09 19:44:39,254 | INFO | fetch_order_book: mid=0.06657 spread=3.00bps bids=20 asks=20
2026-05-09 19:44:40,246 | INFO | SPREAD | pair=CHIP/USDC | cex=0.06656/0.06658 | dex_sell=0.0665945 dex_buy=0.0665799 | spread_a=2.2bps spread_b=-3.0bps | min=30.0bps
2026-05-09 19:44:41,249 | INFO | fetch_order_book: symbol=CHIP/USDC limit=20
2026-05-09 19:44:41,506 | INFO | fetch_order_book: mid=0.06657 spread=3.00bps bids=20 asks=20
2026-05-09 19:44:42,420 | INFO | SPREAD | pair=CHIP/USDC | cex=0.06656/0.06658 | dex_sell=0.0665575 dex_buy=0.0665799 | spread_a=-3.4bps spread_b=-3.0bps | min=30.0bps
2026-05-09 19:44:43,424 | INFO | fetch_order_book: symbol=CHIP/USDC limit=20
2026-05-09 19:44:43,744 | INFO | fetch_order_book: mid=0.06655 spread=3.01bps bids=20 asks=20
2026-05-09 19:44:44,630 | INFO | SPREAD | pair=CHIP/USDC | cex=0.06654/0.06656 | dex_sell=0.0665575 dex_buy=0.0665799 | spread_a=-0.4bps spread_b=-6.0bps | min=30.0bps
2026-05-09 19:44:45,633 | INFO | fetch_order_book: symbol=CHIP/USDC limit=20
2026-05-09 19:44:45,904 | INFO | fetch_order_book: mid=0.06656 spread=6.01bps bids=20 asks=20
2026-05-09 19:44:46,843 | INFO | SPREAD | pair=CHIP/USDC | cex=0.06654/0.06658 | dex_sell=0.0665575 dex_buy=0.0665799 | spread_a=-3.4bps spread_b=-6.0bps | min=30.0bps
2026-05-09 19:44:47,847 | INFO | fetch_order_book: symbol=CHIP/USDC limit=20
2026-05-09 19:44:48,112 | INFO | fetch_order_book: mid=0.06659 spread=6.01bps bids=20 asks=20
2026-05-09 19:44:49,032 | INFO | SPREAD | pair=CHIP/USDC | cex=0.06657/0.06661 | dex_sell=0.0665575 dex_buy=0.0665799 | spread_a=-7.9bps spread_b=-1.5bps | min=30.0bps
2026-05-09 19:44:50,036 | INFO | fetch_order_book: symbol=CHIP/USDC limit=20
2026-05-09 19:44:50,293 | INFO | fetch_order_book: mid=0.06661 spread=3.00bps bids=20 asks=20
2026-05-09 19:44:51,243 | INFO | SPREAD | pair=CHIP/USDC | cex=0.0666/0.06662 | dex_sell=0.0665575 dex_buy=0.0665799 | spread_a=-9.4bps spread_b=3.0bps | min=30.0bps
2026-05-09 19:44:52,246 | INFO | fetch_order_book: symbol=CHIP/USDC limit=20
2026-05-09 19:44:52,518 | INFO | fetch_order_book: mid=0.066615 spread=4.50bps bids=20 asks=20
2026-05-09 19:44:53,454 | INFO | SPREAD | pair=CHIP/USDC | cex=0.0666/0.06663 | dex_sell=0.0665575 dex_buy=0.0665799 | spread_a=-10.9bps spread_b=3.0bps | min=30.0bps
2026-05-09 19:44:54,457 | INFO | fetch_order_book: symbol=CHIP/USDC limit=20
2026-05-09 19:44:54,875 | INFO | fetch_order_book: mid=0.066615 spread=7.51bps bids=20 asks=20
2026-05-09 19:44:55,775 | INFO | SPREAD | pair=CHIP/USDC | cex=0.06659/0.06664 | dex_sell=0.0665575 dex_buy=0.0665799 | spread_a=-12.4bps spread_b=1.5bps | min=30.0bps
2026-05-09 19:44:56,778 | INFO | fetch_order_book: symbol=CHIP/USDC limit=20
2026-05-09 19:44:57,037 | INFO | fetch_order_book: mid=0.06661 spread=9.01bps bids=20 asks=20
2026-05-09 19:44:57,943 | INFO | SPREAD | pair=CHIP/USDC | cex=0.06658/0.06664 | dex_sell=0.0665934 dex_buy=0.0666158 | spread_a=-7.0bps spread_b=-5.4bps | min=30.0bps
2026-05-09 19:44:58,945 | INFO | fetch_order_book: symbol=CHIP/USDC limit=20
2026-05-09 19:44:59,204 | INFO | fetch_order_book: mid=0.066595 spread=4.50bps bids=20 asks=20
2026-05-09 19:45:00,110 | INFO | SPREAD | pair=CHIP/USDC | cex=0.06658/0.06661 | dex_sell=0.0665934 dex_buy=0.0666158 | spread_a=-2.5bps spread_b=-5.4bps | min=30.0bps
2026-05-09 19:45:01,114 | INFO | fetch_order_book: symbol=CHIP/USDC limit=20
2026-05-09 19:45:01,383 | INFO | fetch_order_book: mid=0.06655 spread=3.01bps bids=20 asks=20
2026-05-09 19:45:02,287 | INFO | SPREAD | pair=CHIP/USDC | cex=0.06654/0.06656 | dex_sell=0.0665474 dex_buy=0.0665697 | spread_a=-1.9bps spread_b=-4.5bps | min=30.0bps
2026-05-09 19:45:03,291 | INFO | fetch_order_book: symbol=CHIP/USDC limit=20
2026-05-09 19:45:03,574 | INFO | fetch_order_book: mid=0.06657 spread=9.01bps bids=20 asks=20
2026-05-09 19:45:04,580 | INFO | SPREAD | pair=CHIP/USDC | cex=0.06654/0.0666 | dex_sell=0.0665474 dex_buy=0.0665697 | spread_a=-7.9bps spread_b=-4.5bps | min=30.0bps
2026-05-09 19:45:05,583 | INFO | fetch_order_book: symbol=CHIP/USDC limit=20
2026-05-09 19:45:05,941 | INFO | fetch_order_book: mid=0.066565 spread=7.51bps bids=20 asks=20
2026-05-09 19:45:06,840 | INFO | SPREAD | pair=CHIP/USDC | cex=0.06654/0.06659 | dex_sell=0.0665474 dex_buy=0.0665697 | spread_a=-6.4bps spread_b=-4.5bps | min=30.0bps
2026-05-09 19:45:07,842 | INFO | fetch_order_book: symbol=CHIP/USDC limit=20
2026-05-09 19:45:08,100 | INFO | fetch_order_book: mid=0.06656 spread=6.01bps bids=20 asks=20
2026-05-09 19:45:09,041 | INFO | SPREAD | pair=CHIP/USDC | cex=0.06654/0.06658 | dex_sell=0.0665474 dex_buy=0.0665697 | spread_a=-4.9bps spread_b=-4.5bps | min=30.0bps
2026-05-09 19:45:10,045 | INFO | fetch_order_book: symbol=CHIP/USDC limit=20
2026-05-09 19:45:10,356 | INFO | fetch_order_book: mid=0.066555 spread=7.51bps bids=20 asks=20
2026-05-09 19:45:11,244 | INFO | SPREAD | pair=CHIP/USDC | cex=0.06653/0.06658 | dex_sell=0.0665474 dex_buy=0.0665697 | spread_a=-4.9bps spread_b=-6.0bps | min=30.0bps
2026-05-09 19:45:12,247 | INFO | fetch_order_book: symbol=CHIP/USDC limit=20
2026-05-09 19:45:12,505 | INFO | fetch_order_book: mid=0.06656 spread=6.01bps bids=20 asks=20
2026-05-09 19:45:13,464 | INFO | SPREAD | pair=CHIP/USDC | cex=0.06654/0.06658 | dex_sell=0.0665474 dex_buy=0.0665697 | spread_a=-4.9bps spread_b=-4.5bps | min=30.0bps
2026-05-09 19:45:14,468 | INFO | fetch_order_book: symbol=CHIP/USDC limit=20
2026-05-09 19:45:14,771 | INFO | fetch_order_book: mid=0.06656 spread=6.01bps bids=20 asks=20
2026-05-09 19:45:15,678 | INFO | SPREAD | pair=CHIP/USDC | cex=0.06654/0.06658 | dex_sell=0.0665474 dex_buy=0.0665697 | spread_a=-4.9bps spread_b=-4.5bps | min=30.0bps
2026-05-09 19:45:16,681 | INFO | fetch_order_book: symbol=CHIP/USDC limit=20
2026-05-09 19:45:16,953 | INFO | fetch_order_book: mid=0.06656 spread=6.01bps bids=20 asks=20
2026-05-09 19:45:17,873 | INFO | SPREAD | pair=CHIP/USDC | cex=0.06654/0.06658 | dex_sell=0.0665474 dex_buy=0.0665697 | spread_a=-4.9bps spread_b=-4.5bps | min=30.0bps
2026-05-09 19:45:18,877 | INFO | fetch_order_book: symbol=CHIP/USDC limit=20
2026-05-09 19:45:19,188 | INFO | fetch_order_book: mid=0.06659 spread=6.01bps bids=20 asks=20
2026-05-09 19:45:20,128 | INFO | SPREAD | pair=CHIP/USDC | cex=0.06657/0.06661 | dex_sell=0.0665474 dex_buy=0.0665697 | spread_a=-9.4bps spread_b=0.0bps | min=30.0bps
2026-05-09 19:45:21,131 | INFO | fetch_order_book: symbol=CHIP/USDC limit=20
2026-05-09 19:45:21,409 | INFO | fetch_order_book: mid=0.066595 spread=7.51bps bids=20 asks=20
2026-05-09 19:45:22,359 | INFO | SPREAD | pair=CHIP/USDC | cex=0.06657/0.06662 | dex_sell=0.0665474 dex_buy=0.0665697 | spread_a=-10.9bps spread_b=0.0bps | min=30.0bps
2026-05-09 19:45:23,362 | INFO | fetch_order_book: symbol=CHIP/USDC limit=20
2026-05-09 19:45:23,874 | INFO | fetch_order_book: mid=0.066565 spread=7.51bps bids=20 asks=20
2026-05-09 19:45:24,808 | INFO | SPREAD | pair=CHIP/USDC | cex=0.06654/0.06659 | dex_sell=0.0665474 dex_buy=0.0665697 | spread_a=-6.4bps spread_b=-4.5bps | min=30.0bps
2026-05-09 19:45:25,812 | INFO | fetch_order_book: symbol=CHIP/USDC limit=20
2026-05-09 19:45:26,135 | INFO | fetch_order_book: mid=0.066585 spread=7.51bps bids=20 asks=20
2026-05-09 19:45:27,068 | INFO | SPREAD | pair=CHIP/USDC | cex=0.06656/0.06661 | dex_sell=0.0665474 dex_buy=0.0665697 | spread_a=-9.4bps spread_b=-1.5bps | min=30.0bps
2026-05-09 19:45:28,072 | INFO | fetch_order_book: symbol=CHIP/USDC limit=20
2026-05-09 19:45:28,379 | INFO | fetch_order_book: mid=0.066585 spread=7.51bps bids=20 asks=20
2026-05-09 19:45:29,269 | INFO | SPREAD | pair=CHIP/USDC | cex=0.06656/0.06661 | dex_sell=0.0665474 dex_buy=0.0665697 | spread_a=-9.4bps spread_b=-1.5bps | min=30.0bps
2026-05-09 19:45:30,273 | INFO | fetch_order_book: symbol=CHIP/USDC limit=20
2026-05-09 19:45:30,532 | INFO | fetch_order_book: mid=0.066585 spread=7.51bps bids=20 asks=20
2026-05-09 19:45:31,488 | INFO | SPREAD | pair=CHIP/USDC | cex=0.06656/0.06661 | dex_sell=0.0665474 dex_buy=0.0665697 | spread_a=-9.4bps spread_b=-1.5bps | min=30.0bps
2026-05-09 19:45:32,490 | INFO | fetch_order_book: symbol=CHIP/USDC limit=20
2026-05-09 19:45:32,747 | INFO | fetch_order_book: mid=0.06659 spread=9.01bps bids=20 asks=20
2026-05-09 19:45:33,628 | INFO | SPREAD | pair=CHIP/USDC | cex=0.06656/0.06662 | dex_sell=0.0665474 dex_buy=0.0665697 | spread_a=-10.9bps spread_b=-1.5bps | min=30.0bps
2026-05-09 19:45:34,630 | INFO | fetch_order_book: symbol=CHIP/USDC limit=20
2026-05-09 19:45:35,101 | INFO | fetch_order_book: mid=0.066585 spread=7.51bps bids=20 asks=20
2026-05-09 19:45:36,289 | INFO | SPREAD | pair=CHIP/USDC | cex=0.06656/0.06661 | dex_sell=0.0665474 dex_buy=0.0665697 | spread_a=-9.4bps spread_b=-1.5bps | min=30.0bps
2026-05-09 19:45:37,292 | INFO | fetch_order_book: symbol=CHIP/USDC limit=20
2026-05-09 19:45:37,561 | INFO | fetch_order_book: mid=0.066615 spread=1.50bps bids=20 asks=20
2026-05-09 19:45:38,585 | INFO | SPREAD | pair=CHIP/USDC | cex=0.06661/0.06662 | dex_sell=0.0665837 dex_buy=0.066606 | spread_a=-5.5bps spread_b=0.6bps | min=30.0bps
2026-05-09 19:45:39,588 | INFO | fetch_order_book: symbol=CHIP/USDC limit=20
2026-05-09 19:45:39,845 | INFO | fetch_order_book: mid=0.066605 spread=4.50bps bids=20 asks=20
2026-05-09 19:45:40,826 | INFO | SPREAD | pair=CHIP/USDC | cex=0.06659/0.06662 | dex_sell=0.0665837 dex_buy=0.066606 | spread_a=-5.5bps spread_b=-2.4bps | min=30.0bps
2026-05-09 19:45:41,829 | INFO | fetch_order_book: symbol=CHIP/USDC limit=20
2026-05-09 19:45:42,092 | INFO | fetch_order_book: mid=0.06661 spread=6.01bps bids=20 asks=20
2026-05-09 19:45:43,006 | INFO | SPREAD | pair=CHIP/USDC | cex=0.06659/0.06663 | dex_sell=0.0665837 dex_buy=0.066606 | spread_a=-7.0bps spread_b=-2.4bps | min=30.0bps
2026-05-09 19:45:44,009 | INFO | fetch_order_book: symbol=CHIP/USDC limit=20
2026-05-09 19:45:44,266 | INFO | fetch_order_book: mid=0.066615 spread=7.51bps bids=20 asks=20
2026-05-09 19:45:45,178 | INFO | SPREAD | pair=CHIP/USDC | cex=0.06659/0.06664 | dex_sell=0.0665837 dex_buy=0.066606 | spread_a=-8.5bps spread_b=-2.4bps | min=30.0bps
2026-05-09 19:45:46,181 | INFO | fetch_order_book: symbol=CHIP/USDC limit=20
2026-05-09 19:45:46,442 | INFO | fetch_order_book: mid=0.06660 spread=9.01bps bids=20 asks=20
2026-05-09 19:45:47,324 | INFO | SPREAD | pair=CHIP/USDC | cex=0.06657/0.06663 | dex_sell=0.0665837 dex_buy=0.066606 | spread_a=-7.0bps spread_b=-5.4bps | min=30.0bps
2026-05-09 19:45:48,327 | INFO | fetch_order_book: symbol=CHIP/USDC limit=20
2026-05-09 19:45:48,641 | INFO | fetch_order_book: mid=0.06658 spread=6.01bps bids=20 asks=20
2026-05-09 19:45:49,599 | INFO | SPREAD | pair=CHIP/USDC | cex=0.06656/0.0666 | dex_sell=0.0665837 dex_buy=0.0665698 | spread_a=-2.5bps spread_b=-1.5bps | min=30.0bps
2026-05-09 19:45:50,600 | INFO | fetch_order_book: symbol=CHIP/USDC limit=20
2026-05-09 19:45:50,871 | INFO | fetch_order_book: mid=0.06659 spread=6.01bps bids=20 asks=20
2026-05-09 19:45:51,822 | INFO | SPREAD | pair=CHIP/USDC | cex=0.06657/0.06661 | dex_sell=0.0665474 dex_buy=0.0665698 | spread_a=-9.4bps spread_b=0.0bps | min=30.0bps
2026-05-09 19:45:52,826 | INFO | fetch_order_book: symbol=CHIP/USDC limit=20
2026-05-09 19:45:53,088 | INFO | fetch_order_book: mid=0.06661 spread=6.01bps bids=20 asks=20
2026-05-09 19:45:54,025 | INFO | SPREAD | pair=CHIP/USDC | cex=0.06659/0.06663 | dex_sell=0.0665474 dex_buy=0.0665698 | spread_a=-12.4bps spread_b=3.0bps | min=30.0bps
2026-05-09 19:45:55,028 | INFO | fetch_order_book: symbol=CHIP/USDC limit=20
2026-05-09 19:45:55,404 | INFO | fetch_order_book: mid=0.06660 spread=9.01bps bids=20 asks=20
2026-05-09 19:45:56,313 | INFO | SPREAD | pair=CHIP/USDC | cex=0.06657/0.06663 | dex_sell=0.0665474 dex_buy=0.0665698 | spread_a=-12.4bps spread_b=0.0bps | min=30.0bps
2026-05-09 19:45:57,316 | INFO | fetch_order_book: symbol=CHIP/USDC limit=20
2026-05-09 19:45:57,584 | INFO | fetch_order_book: mid=0.06660 spread=9.01bps bids=20 asks=20
2026-05-09 19:45:58,529 | INFO | SPREAD | pair=CHIP/USDC | cex=0.06657/0.06663 | dex_sell=0.0665474 dex_buy=0.0665698 | spread_a=-12.4bps spread_b=0.0bps | min=30.0bps
2026-05-09 19:45:59,532 | INFO | fetch_order_book: symbol=CHIP/USDC limit=20
2026-05-09 19:45:59,806 | INFO | fetch_order_book: mid=0.06661 spread=6.01bps bids=20 asks=20
2026-05-09 19:46:00,742 | INFO | SPREAD | pair=CHIP/USDC | cex=0.06659/0.06663 | dex_sell=0.0665474 dex_buy=0.0665698 | spread_a=-12.4bps spread_b=3.0bps | min=30.0bps
2026-05-09 19:46:01,745 | INFO | fetch_order_book: symbol=CHIP/USDC limit=20
2026-05-09 19:46:02,151 | INFO | fetch_order_book: mid=0.066615 spread=7.51bps bids=20 asks=20
2026-05-09 19:46:03,120 | INFO | SPREAD | pair=CHIP/USDC | cex=0.06659/0.06664 | dex_sell=0.0665474 dex_buy=0.0665698 | spread_a=-13.9bps spread_b=3.0bps | min=30.0bps
2026-05-09 19:46:04,123 | INFO | fetch_order_book: symbol=CHIP/USDC limit=20
2026-05-09 19:46:04,493 | INFO | fetch_order_book: mid=0.06661 spread=6.01bps bids=20 asks=20
2026-05-09 19:46:05,431 | INFO | SPREAD | pair=CHIP/USDC | cex=0.06659/0.06663 | dex_sell=0.0665474 dex_buy=0.0665698 | spread_a=-12.4bps spread_b=3.0bps | min=30.0bps
2026-05-09 19:46:06,434 | INFO | fetch_order_book: symbol=CHIP/USDC limit=20
2026-05-09 19:46:06,768 | INFO | fetch_order_book: mid=0.06661 spread=6.01bps bids=20 asks=20
2026-05-09 19:46:07,719 | INFO | SPREAD | pair=CHIP/USDC | cex=0.06659/0.06663 | dex_sell=0.0665474 dex_buy=0.0665698 | spread_a=-12.4bps spread_b=3.0bps | min=30.0bps
2026-05-09 19:46:08,721 | INFO | fetch_order_book: symbol=CHIP/USDC limit=20
2026-05-09 19:46:08,988 | INFO | fetch_order_book: mid=0.06662 spread=9.01bps bids=20 asks=20
2026-05-09 19:46:09,914 | INFO | SPREAD | pair=CHIP/USDC | cex=0.06659/0.06665 | dex_sell=0.0665474 dex_buy=0.0665698 | spread_a=-15.4bps spread_b=3.0bps | min=30.0bps
2026-05-09 19:46:10,915 | INFO | fetch_order_book: symbol=CHIP/USDC limit=20
2026-05-09 19:46:11,177 | INFO | fetch_order_book: mid=0.066625 spread=7.50bps bids=20 asks=20
2026-05-09 19:46:12,101 | INFO | SPREAD | pair=CHIP/USDC | cex=0.0666/0.06665 | dex_sell=0.0665474 dex_buy=0.0665698 | spread_a=-15.4bps spread_b=4.5bps | min=30.0bps
2026-05-09 19:46:13,105 | INFO | fetch_order_book: symbol=CHIP/USDC limit=20
2026-05-09 19:46:13,427 | INFO | fetch_order_book: mid=0.06664 spread=6.00bps bids=20 asks=20
2026-05-09 19:46:14,319 | INFO | SPREAD | pair=CHIP/USDC | cex=0.06662/0.06666 | dex_sell=0.0665833 dex_buy=0.0666057 | spread_a=-11.5bps spread_b=2.1bps | min=30.0bps
2026-05-09 19:46:15,322 | INFO | fetch_order_book: symbol=CHIP/USDC limit=20
2026-05-09 19:46:15,580 | INFO | fetch_order_book: mid=0.066635 spread=7.50bps bids=20 asks=20
2026-05-09 19:46:16,525 | INFO | SPREAD | pair=CHIP/USDC | cex=0.06661/0.06666 | dex_sell=0.0665833 dex_buy=0.0666057 | spread_a=-11.5bps spread_b=0.6bps | min=30.0bps
2026-05-09 19:46:17,529 | INFO | fetch_order_book: symbol=CHIP/USDC limit=20
2026-05-09 19:46:17,792 | INFO | fetch_order_book: mid=0.06664 spread=6.00bps bids=20 asks=20
2026-05-09 19:46:18,673 | INFO | SPREAD | pair=CHIP/USDC | cex=0.06662/0.06666 | dex_sell=0.0665833 dex_buy=0.0666057 | spread_a=-11.5bps spread_b=2.1bps | min=30.0bps
2026-05-09 19:46:19,677 | INFO | fetch_order_book: symbol=CHIP/USDC limit=20
2026-05-09 19:46:19,933 | INFO | fetch_order_book: mid=0.06672 spread=6.00bps bids=20 asks=20
2026-05-09 19:46:20,857 | INFO | SPREAD | pair=CHIP/USDC | cex=0.0667/0.06674 | dex_sell=0.0665945 dex_buy=0.0666169 | spread_a=-21.8bps spread_b=12.5bps | min=30.0bps
2026-05-09 19:46:21,860 | INFO | fetch_order_book: symbol=CHIP/USDC limit=20
2026-05-09 19:46:22,131 | INFO | fetch_order_book: mid=0.066725 spread=4.50bps bids=20 asks=20
2026-05-09 19:46:23,019 | INFO | SPREAD | pair=CHIP/USDC | cex=0.06671/0.06674 | dex_sell=0.0665945 dex_buy=0.0666169 | spread_a=-21.8bps spread_b=14.0bps | min=30.0bps
2026-05-09 19:46:24,023 | INFO | fetch_order_book: symbol=CHIP/USDC limit=20
2026-05-09 19:46:24,526 | INFO | fetch_order_book: mid=0.06675 spread=3.00bps bids=20 asks=20
2026-05-09 19:46:25,466 | INFO | SPREAD | pair=CHIP/USDC | cex=0.06674/0.06676 | dex_sell=0.0665945 dex_buy=0.0666169 | spread_a=-24.8bps spread_b=18.5bps | min=30.0bps
2026-05-09 19:46:26,470 | INFO | fetch_order_book: symbol=CHIP/USDC limit=20
2026-05-09 19:46:26,734 | INFO | fetch_order_book: mid=0.06675 spread=3.00bps bids=20 asks=20
2026-05-09 19:46:27,648 | INFO | SPREAD | pair=CHIP/USDC | cex=0.06674/0.06676 | dex_sell=0.0666155 dex_buy=0.0666379 | spread_a=-21.6bps spread_b=15.3bps | min=30.0bps
2026-05-09 19:46:28,652 | INFO | fetch_order_book: symbol=CHIP/USDC limit=20
2026-05-09 19:46:28,958 | INFO | fetch_order_book: mid=0.06676 spread=5.99bps bids=20 asks=20
2026-05-09 19:46:30,201 | INFO | SPREAD | pair=CHIP/USDC | cex=0.06674/0.06678 | dex_sell=0.0666155 dex_buy=0.0666379 | spread_a=-24.6bps spread_b=15.3bps | min=30.0bps
2026-05-09 19:46:31,203 | INFO | fetch_order_book: symbol=CHIP/USDC limit=20
2026-05-09 19:46:31,480 | INFO | fetch_order_book: mid=0.066845 spread=4.49bps bids=20 asks=20
2026-05-09 19:46:32,378 | INFO | SPREAD | pair=CHIP/USDC | cex=0.06683/0.06686 | dex_sell=0.0667537 dex_buy=0.0667762 | spread_a=-15.9bps spread_b=8.1bps | min=30.0bps
2026-05-09 19:46:33,381 | INFO | fetch_order_book: symbol=CHIP/USDC limit=20
2026-05-09 19:46:33,667 | INFO | fetch_order_book: mid=0.06685 spread=2.99bps bids=20 asks=20
2026-05-09 19:46:34,620 | INFO | SPREAD | pair=CHIP/USDC | cex=0.06684/0.06686 | dex_sell=0.0667537 dex_buy=0.0667762 | spread_a=-15.9bps spread_b=9.6bps | min=30.0bps
2026-05-09 19:46:35,624 | INFO | fetch_order_book: symbol=CHIP/USDC limit=20
2026-05-09 19:46:35,889 | INFO | fetch_order_book: mid=0.06683 spread=5.99bps bids=20 asks=20
2026-05-09 19:46:36,769 | INFO | SPREAD | pair=CHIP/USDC | cex=0.06681/0.06685 | dex_sell=0.0667537 dex_buy=0.0667762 | spread_a=-14.4bps spread_b=5.1bps | min=30.0bps
2026-05-09 19:46:37,772 | INFO | fetch_order_book: symbol=CHIP/USDC limit=20
2026-05-09 19:46:38,054 | INFO | fetch_order_book: mid=0.06686 spread=5.98bps bids=20 asks=20
2026-05-09 19:46:38,983 | INFO | SPREAD | pair=CHIP/USDC | cex=0.06684/0.06688 | dex_sell=0.0667537 dex_buy=0.0667762 | spread_a=-18.9bps spread_b=9.6bps | min=30.0bps
2026-05-09 19:46:39,986 | INFO | fetch_order_book: symbol=CHIP/USDC limit=20
2026-05-09 19:46:40,261 | INFO | fetch_order_book: mid=0.06686 spread=5.98bps bids=20 asks=20
2026-05-09 19:46:41,147 | INFO | SPREAD | pair=CHIP/USDC | cex=0.06684/0.06688 | dex_sell=0.0667537 dex_buy=0.0667762 | spread_a=-18.9bps spread_b=9.6bps | min=30.0bps
2026-05-09 19:46:42,151 | INFO | fetch_order_book: symbol=CHIP/USDC limit=20
2026-05-09 19:46:42,500 | INFO | fetch_order_book: mid=0.06686 spread=5.98bps bids=20 asks=20
2026-05-09 19:46:43,500 | INFO | SPREAD | pair=CHIP/USDC | cex=0.06684/0.06688 | dex_sell=0.0667537 dex_buy=0.0667762 | spread_a=-18.9bps spread_b=9.6bps | min=30.0bps
2026-05-09 19:46:44,503 | INFO | fetch_order_book: symbol=CHIP/USDC limit=20
2026-05-09 19:46:44,773 | INFO | fetch_order_book: mid=0.06684 spread=8.98bps bids=20 asks=20
2026-05-09 19:46:45,688 | INFO | SPREAD | pair=CHIP/USDC | cex=0.06681/0.06687 | dex_sell=0.0667537 dex_buy=0.0667762 | spread_a=-17.4bps spread_b=5.1bps | min=30.0bps
2026-05-09 19:46:46,691 | INFO | fetch_order_book: symbol=CHIP/USDC limit=20
2026-05-09 19:46:46,966 | INFO | fetch_order_book: mid=0.066855 spread=7.48bps bids=20 asks=20
2026-05-09 19:46:47,899 | INFO | SPREAD | pair=CHIP/USDC | cex=0.06683/0.06688 | dex_sell=0.0667537 dex_buy=0.0667762 | spread_a=-18.9bps spread_b=8.1bps | min=30.0bps
2026-05-09 19:46:48,903 | INFO | fetch_order_book: symbol=CHIP/USDC limit=20
2026-05-09 19:46:49,163 | INFO | fetch_order_book: mid=0.06689 spread=8.97bps bids=20 asks=20
2026-05-09 19:46:50,081 | INFO | SPREAD | pair=CHIP/USDC | cex=0.06686/0.06692 | dex_sell=0.0667537 dex_buy=0.0667762 | spread_a=-24.8bps spread_b=12.6bps | min=30.0bps
2026-05-09 19:46:51,084 | INFO | fetch_order_book: symbol=CHIP/USDC limit=20
2026-05-09 19:46:51,509 | INFO | fetch_order_book: mid=0.06689 spread=5.98bps bids=20 asks=20
2026-05-09 19:46:52,450 | INFO | SPREAD | pair=CHIP/USDC | cex=0.06687/0.06691 | dex_sell=0.0667537 dex_buy=0.0667762 | spread_a=-23.4bps spread_b=14.1bps | min=30.0bps
2026-05-09 19:46:53,454 | INFO | fetch_order_book: symbol=CHIP/USDC limit=20
2026-05-09 19:46:53,720 | INFO | fetch_order_book: mid=0.06690 spread=8.97bps bids=20 asks=20
2026-05-09 19:46:54,662 | INFO | SPREAD | pair=CHIP/USDC | cex=0.06687/0.06693 | dex_sell=0.0667537 dex_buy=0.0667762 | spread_a=-26.3bps spread_b=14.1bps | min=30.0bps
2026-05-09 19:46:55,665 | INFO | fetch_order_book: symbol=CHIP/USDC limit=20
2026-05-09 19:46:55,925 | INFO | fetch_order_book: mid=0.066885 spread=7.48bps bids=20 asks=20
2026-05-09 19:46:56,916 | INFO | SPREAD | pair=CHIP/USDC | cex=0.06686/0.06691 | dex_sell=0.0667537 dex_buy=0.0667762 | spread_a=-23.4bps spread_b=12.6bps | min=30.0bps
2026-05-09 19:46:57,920 | INFO | fetch_order_book: symbol=CHIP/USDC limit=20
2026-05-09 19:46:58,235 | INFO | fetch_order_book: mid=0.066885 spread=7.48bps bids=20 asks=20
2026-05-09 19:46:59,130 | INFO | SPREAD | pair=CHIP/USDC | cex=0.06686/0.06691 | dex_sell=0.0667537 dex_buy=0.0667762 | spread_a=-23.4bps spread_b=12.6bps | min=30.0bps
2026-05-09 19:47:00,133 | INFO | fetch_order_book: symbol=CHIP/USDC limit=20
2026-05-09 19:47:00,426 | INFO | fetch_order_book: mid=0.06690 spread=5.98bps bids=20 asks=20
2026-05-09 19:47:01,407 | INFO | SPREAD | pair=CHIP/USDC | cex=0.06688/0.06692 | dex_sell=0.0667537 dex_buy=0.0667762 | spread_a=-24.8bps spread_b=15.5bps | min=30.0bps
2026-05-09 19:47:02,410 | INFO | fetch_order_book: symbol=CHIP/USDC limit=20
2026-05-09 19:47:02,859 | INFO | fetch_order_book: mid=0.066855 spread=7.48bps bids=20 asks=20
2026-05-09 19:47:03,774 | INFO | SPREAD | pair=CHIP/USDC | cex=0.06683/0.06688 | dex_sell=0.0667537 dex_buy=0.0667762 | spread_a=-18.9bps spread_b=8.1bps | min=30.0bps
2026-05-09 19:47:04,777 | INFO | fetch_order_book: symbol=CHIP/USDC limit=20
2026-05-09 19:47:05,523 | INFO | fetch_order_book: mid=0.06685 spread=5.98bps bids=20 asks=20
2026-05-09 19:47:06,489 | INFO | SPREAD | pair=CHIP/USDC | cex=0.06683/0.06687 | dex_sell=0.0667537 dex_buy=0.0667762 | spread_a=-17.4bps spread_b=8.1bps | min=30.0bps
2026-05-09 19:47:07,492 | INFO | fetch_order_book: symbol=CHIP/USDC limit=20
2026-05-09 19:47:07,758 | INFO | fetch_order_book: mid=0.066875 spread=7.48bps bids=20 asks=20
2026-05-09 19:47:08,662 | INFO | SPREAD | pair=CHIP/USDC | cex=0.06685/0.0669 | dex_sell=0.0667537 dex_buy=0.0667762 | spread_a=-21.9bps spread_b=11.1bps | min=30.0bps
2026-05-09 19:47:09,666 | INFO | fetch_order_book: symbol=CHIP/USDC limit=20
2026-05-09 19:47:09,924 | INFO | fetch_order_book: mid=0.066835 spread=4.49bps bids=20 asks=20
2026-05-09 19:47:10,917 | INFO | SPREAD | pair=CHIP/USDC | cex=0.06682/0.06685 | dex_sell=0.0667537 dex_buy=0.0667762 | spread_a=-14.4bps spread_b=6.6bps | min=30.0bps
2026-05-09 19:47:11,920 | INFO | fetch_order_book: symbol=CHIP/USDC limit=20
2026-05-09 19:47:12,176 | INFO | fetch_order_book: mid=0.06684 spread=8.98bps bids=20 asks=20
2026-05-09 19:47:13,137 | INFO | SPREAD | pair=CHIP/USDC | cex=0.06681/0.06687 | dex_sell=0.0667537 dex_buy=0.0667762 | spread_a=-17.4bps spread_b=5.1bps | min=30.0bps
2026-05-09 19:47:14,142 | INFO | fetch_order_book: symbol=CHIP/USDC limit=20
2026-05-09 19:47:14,760 | INFO | fetch_order_book: mid=0.066795 spread=4.49bps bids=20 asks=20
2026-05-09 19:47:15,670 | INFO | SPREAD | pair=CHIP/USDC | cex=0.06678/0.06681 | dex_sell=0.0667537 dex_buy=0.0667762 | spread_a=-8.4bps spread_b=0.6bps | min=30.0bps
2026-05-09 19:47:16,674 | INFO | fetch_order_book: symbol=CHIP/USDC limit=20
2026-05-09 19:47:16,936 | INFO | fetch_order_book: mid=0.06679 spread=2.99bps bids=20 asks=20
2026-05-09 19:47:17,924 | INFO | SPREAD | pair=CHIP/USDC | cex=0.06678/0.0668 | dex_sell=0.0667537 dex_buy=0.0667762 | spread_a=-6.9bps spread_b=0.6bps | min=30.0bps
2026-05-09 19:47:18,927 | INFO | fetch_order_book: symbol=CHIP/USDC limit=20
2026-05-09 19:47:19,189 | INFO | fetch_order_book: mid=0.066785 spread=1.50bps bids=20 asks=20
2026-05-09 19:47:20,189 | INFO | SPREAD | pair=CHIP/USDC | cex=0.06678/0.06679 | dex_sell=0.0667537 dex_buy=0.0667762 | spread_a=-5.4bps spread_b=0.6bps | min=30.0bps
2026-05-09 19:47:21,192 | INFO | fetch_order_book: symbol=CHIP/USDC limit=20
2026-05-09 19:47:21,526 | INFO | fetch_order_book: mid=0.066805 spread=4.49bps bids=20 asks=20
2026-05-09 19:47:22,434 | INFO | SPREAD | pair=CHIP/USDC | cex=0.06679/0.06682 | dex_sell=0.0667537 dex_buy=0.0667762 | spread_a=-9.9bps spread_b=2.1bps | min=30.0bps
2026-05-09 19:47:23,437 | INFO | fetch_order_book: symbol=CHIP/USDC limit=20
2026-05-09 19:47:23,702 | INFO | fetch_order_book: mid=0.06681 spread=5.99bps bids=20 asks=20
2026-05-09 19:47:24,688 | INFO | SPREAD | pair=CHIP/USDC | cex=0.06679/0.06683 | dex_sell=0.0667537 dex_buy=0.0667762 | spread_a=-11.4bps spread_b=2.1bps | min=30.0bps
2026-05-09 19:47:25,692 | INFO | fetch_order_book: symbol=CHIP/USDC limit=20
2026-05-09 19:47:25,957 | INFO | fetch_order_book: mid=0.06680 spread=5.99bps bids=20 asks=20
2026-05-09 19:47:26,837 | INFO | SPREAD | pair=CHIP/USDC | cex=0.06678/0.06682 | dex_sell=0.0667537 dex_buy=0.0667762 | spread_a=-9.9bps spread_b=0.6bps | min=30.0bps
2026-05-09 19:47:27,840 | INFO | fetch_order_book: symbol=CHIP/USDC limit=20
2026-05-09 19:47:28,117 | INFO | fetch_order_book: mid=0.06681 spread=5.99bps bids=20 asks=20
2026-05-09 19:47:29,067 | INFO | SPREAD | pair=CHIP/USDC | cex=0.06679/0.06683 | dex_sell=0.0667537 dex_buy=0.0667762 | spread_a=-11.4bps spread_b=2.1bps | min=30.0bps
2026-05-09 19:47:30,071 | INFO | fetch_order_book: symbol=CHIP/USDC limit=20
2026-05-09 19:47:30,644 | INFO | fetch_order_book: mid=0.06684 spread=5.98bps bids=20 asks=20
2026-05-09 19:47:31,547 | INFO | SPREAD | pair=CHIP/USDC | cex=0.06682/0.06686 | dex_sell=0.0667537 dex_buy=0.0667762 | spread_a=-15.9bps spread_b=6.6bps | min=30.0bps
2026-05-09 19:47:32,551 | INFO | fetch_order_book: symbol=CHIP/USDC limit=20
2026-05-09 19:47:32,811 | INFO | fetch_order_book: mid=0.066845 spread=7.48bps bids=20 asks=20
2026-05-09 19:47:33,770 | INFO | SPREAD | pair=CHIP/USDC | cex=0.06682/0.06687 | dex_sell=0.0667537 dex_buy=0.0667762 | spread_a=-17.4bps spread_b=6.6bps | min=30.0bps
2026-05-09 19:47:34,774 | INFO | fetch_order_book: symbol=CHIP/USDC limit=20
2026-05-09 19:47:35,029 | INFO | fetch_order_book: mid=0.066845 spread=7.48bps bids=20 asks=20
2026-05-09 19:47:35,916 | INFO | SPREAD | pair=CHIP/USDC | cex=0.06682/0.06687 | dex_sell=0.0667537 dex_buy=0.0667762 | spread_a=-17.4bps spread_b=6.6bps | min=30.0bps
2026-05-09 19:47:36,919 | INFO | fetch_order_book: symbol=CHIP/USDC limit=20
2026-05-09 19:47:37,293 | INFO | fetch_order_book: mid=0.066845 spread=7.48bps bids=20 asks=20
2026-05-09 19:47:38,257 | INFO | SPREAD | pair=CHIP/USDC | cex=0.06682/0.06687 | dex_sell=0.0667537 dex_buy=0.0667762 | spread_a=-17.4bps spread_b=6.6bps | min=30.0bps
2026-05-09 19:47:39,260 | INFO | fetch_order_book: symbol=CHIP/USDC limit=20
2026-05-09 19:47:39,639 | INFO | fetch_order_book: mid=0.066845 spread=7.48bps bids=20 asks=20
2026-05-09 19:47:40,543 | INFO | SPREAD | pair=CHIP/USDC | cex=0.06682/0.06687 | dex_sell=0.0667537 dex_buy=0.0667762 | spread_a=-17.4bps spread_b=6.6bps | min=30.0bps
2026-05-09 19:47:41,546 | INFO | fetch_order_book: symbol=CHIP/USDC limit=20
2026-05-09 19:47:41,813 | INFO | fetch_order_book: mid=0.066845 spread=7.48bps bids=20 asks=20
2026-05-09 19:47:42,788 | INFO | SPREAD | pair=CHIP/USDC | cex=0.06682/0.06687 | dex_sell=0.0667537 dex_buy=0.0667762 | spread_a=-17.4bps spread_b=6.6bps | min=30.0bps
2026-05-09 19:47:43,791 | INFO | fetch_order_book: symbol=CHIP/USDC limit=20
2026-05-09 19:47:44,211 | INFO | fetch_order_book: mid=0.06685 spread=8.98bps bids=20 asks=20
2026-05-09 19:47:45,199 | INFO | SPREAD | pair=CHIP/USDC | cex=0.06682/0.06688 | dex_sell=0.0667537 dex_buy=0.0667762 | spread_a=-18.9bps spread_b=6.6bps | min=30.0bps
2026-05-09 19:47:46,203 | INFO | fetch_order_book: symbol=CHIP/USDC limit=20
2026-05-09 19:47:46,564 | INFO | fetch_order_book: mid=0.066835 spread=7.48bps bids=20 asks=20
2026-05-09 19:47:47,465 | INFO | SPREAD | pair=CHIP/USDC | cex=0.06681/0.06686 | dex_sell=0.0667537 dex_buy=0.0667762 | spread_a=-15.9bps spread_b=5.1bps | min=30.0bps
2026-05-09 19:47:48,468 | INFO | fetch_order_book: symbol=CHIP/USDC limit=20
2026-05-09 19:47:48,731 | INFO | fetch_order_book: mid=0.066835 spread=7.48bps bids=20 asks=20
2026-05-09 19:47:49,656 | INFO | SPREAD | pair=CHIP/USDC | cex=0.06681/0.06686 | dex_sell=0.0667537 dex_buy=0.0667762 | spread_a=-15.9bps spread_b=5.1bps | min=30.0bps
2026-05-09 19:47:50,660 | INFO | fetch_order_book: symbol=CHIP/USDC limit=20
2026-05-09 19:47:51,109 | INFO | fetch_order_book: mid=0.066845 spread=7.48bps bids=20 asks=20
2026-05-09 19:47:52,054 | INFO | SPREAD | pair=CHIP/USDC | cex=0.06682/0.06687 | dex_sell=0.0667537 dex_buy=0.0667762 | spread_a=-17.4bps spread_b=6.6bps | min=30.0bps
2026-05-09 19:47:53,057 | INFO | fetch_order_book: symbol=CHIP/USDC limit=20
2026-05-09 19:47:53,319 | INFO | fetch_order_book: mid=0.06687 spread=5.98bps bids=20 asks=20
2026-05-09 19:47:54,236 | INFO | SPREAD | pair=CHIP/USDC | cex=0.06685/0.06689 | dex_sell=0.0667537 dex_buy=0.0667762 | spread_a=-20.4bps spread_b=11.1bps | min=30.0bps
2026-05-09 19:47:55,240 | INFO | fetch_order_book: symbol=CHIP/USDC limit=20
2026-05-09 19:47:55,525 | INFO | fetch_order_book: mid=0.06689 spread=2.99bps bids=20 asks=20
2026-05-09 19:47:56,509 | INFO | SPREAD | pair=CHIP/USDC | cex=0.06688/0.0669 | dex_sell=0.0667537 dex_buy=0.0667762 | spread_a=-21.9bps spread_b=15.5bps | min=30.0bps
2026-05-09 19:47:57,513 | INFO | fetch_order_book: symbol=CHIP/USDC limit=20
2026-05-09 19:47:57,809 | INFO | fetch_order_book: mid=0.06689 spread=2.99bps bids=20 asks=20
2026-05-09 19:47:58,759 | INFO | SPREAD | pair=CHIP/USDC | cex=0.06688/0.0669 | dex_sell=0.0667537 dex_buy=0.0667762 | spread_a=-21.9bps spread_b=15.5bps | min=30.0bps
2026-05-09 19:47:59,762 | INFO | fetch_order_book: symbol=CHIP/USDC limit=20
2026-05-09 19:48:00,022 | INFO | fetch_order_book: mid=0.066885 spread=4.49bps bids=20 asks=20
2026-05-09 19:48:00,975 | INFO | SPREAD | pair=CHIP/USDC | cex=0.06687/0.0669 | dex_sell=0.0667537 dex_buy=0.0667762 | spread_a=-21.9bps spread_b=14.1bps | min=30.0bps
2026-05-09 19:48:01,978 | INFO | fetch_order_book: symbol=CHIP/USDC limit=20
2026-05-09 19:48:02,246 | INFO | fetch_order_book: mid=0.06691 spread=2.99bps bids=20 asks=20
2026-05-09 19:48:03,148 | INFO | SPREAD | pair=CHIP/USDC | cex=0.0669/0.06692 | dex_sell=0.0667537 dex_buy=0.0667762 | spread_a=-24.8bps spread_b=18.5bps | min=30.0bps
2026-05-09 19:48:04,151 | INFO | fetch_order_book: symbol=CHIP/USDC limit=20
2026-05-09 19:48:04,428 | INFO | fetch_order_book: mid=0.06691 spread=2.99bps bids=20 asks=20
2026-05-09 19:48:05,383 | INFO | SPREAD | pair=CHIP/USDC | cex=0.0669/0.06692 | dex_sell=0.0667537 dex_buy=0.0667762 | spread_a=-24.8bps spread_b=18.5bps | min=30.0bps
2026-05-09 19:48:06,386 | INFO | fetch_order_book: symbol=CHIP/USDC limit=20
2026-05-09 19:48:06,655 | INFO | fetch_order_book: mid=0.066935 spread=4.48bps bids=20 asks=20
2026-05-09 19:48:07,542 | INFO | SPREAD | pair=CHIP/USDC | cex=0.06692/0.06695 | dex_sell=0.066867 dex_buy=0.0668895 | spread_a=-12.4bps spread_b=4.6bps | min=30.0bps
2026-05-09 19:48:08,544 | INFO | fetch_order_book: symbol=CHIP/USDC limit=20
2026-05-09 19:48:08,811 | INFO | fetch_order_book: mid=0.067005 spread=7.46bps bids=20 asks=20
2026-05-09 19:48:09,728 | INFO | SPREAD | pair=CHIP/USDC | cex=0.06698/0.06703 | dex_sell=0.066867 dex_buy=0.0668895 | spread_a=-24.3bps spread_b=13.5bps | min=30.0bps
2026-05-09 19:48:10,731 | INFO | fetch_order_book: symbol=CHIP/USDC limit=20
2026-05-09 19:48:10,990 | INFO | fetch_order_book: mid=0.06701 spread=8.95bps bids=20 asks=20
2026-05-09 19:48:11,943 | INFO | SPREAD | pair=CHIP/USDC | cex=0.06698/0.06704 | dex_sell=0.066867 dex_buy=0.0668895 | spread_a=-25.8bps spread_b=13.5bps | min=30.0bps
2026-05-09 19:48:12,946 | INFO | fetch_order_book: symbol=CHIP/USDC limit=20
2026-05-09 19:48:13,337 | INFO | fetch_order_book: mid=0.06700 spread=8.96bps bids=20 asks=20
2026-05-09 19:48:14,286 | INFO | SPREAD | pair=CHIP/USDC | cex=0.06697/0.06703 | dex_sell=0.066867 dex_buy=0.0668895 | spread_a=-24.3bps spread_b=12.0bps | min=30.0bps
2026-05-09 19:48:15,288 | INFO | fetch_order_book: symbol=CHIP/USDC limit=20
2026-05-09 19:48:15,558 | INFO | fetch_order_book: mid=0.066955 spread=7.47bps bids=20 asks=20
2026-05-09 19:48:16,484 | INFO | SPREAD | pair=CHIP/USDC | cex=0.06693/0.06698 | dex_sell=0.066867 dex_buy=0.0668895 | spread_a=-16.9bps spread_b=6.1bps | min=30.0bps
2026-05-09 19:48:17,487 | INFO | fetch_order_book: symbol=CHIP/USDC limit=20
2026-05-09 19:48:17,745 | INFO | fetch_order_book: mid=0.066935 spread=4.48bps bids=20 asks=20
2026-05-09 19:48:18,670 | INFO | SPREAD | pair=CHIP/USDC | cex=0.06692/0.06695 | dex_sell=0.066867 dex_buy=0.0668895 | spread_a=-12.4bps spread_b=4.6bps | min=30.0bps
2026-05-09 19:48:19,673 | INFO | fetch_order_book: symbol=CHIP/USDC limit=20
2026-05-09 19:48:19,937 | INFO | fetch_order_book: mid=0.066935 spread=4.48bps bids=20 asks=20
2026-05-09 19:48:20,852 | INFO | SPREAD | pair=CHIP/USDC | cex=0.06692/0.06695 | dex_sell=0.066867 dex_buy=0.0668895 | spread_a=-12.4bps spread_b=4.6bps | min=30.0bps
2026-05-09 19:48:21,856 | INFO | fetch_order_book: symbol=CHIP/USDC limit=20
2026-05-09 19:48:22,112 | INFO | fetch_order_book: mid=0.06695 spread=5.97bps bids=20 asks=20
2026-05-09 19:48:23,053 | INFO | SPREAD | pair=CHIP/USDC | cex=0.06693/0.06697 | dex_sell=0.066867 dex_buy=0.0668895 | spread_a=-15.4bps spread_b=6.1bps | min=30.0bps
2026-05-09 19:48:24,057 | INFO | fetch_order_book: symbol=CHIP/USDC limit=20
2026-05-09 19:48:24,327 | INFO | fetch_order_book: mid=0.066965 spread=7.47bps bids=20 asks=20
2026-05-09 19:48:25,264 | INFO | SPREAD | pair=CHIP/USDC | cex=0.06694/0.06699 | dex_sell=0.066867 dex_buy=0.0668895 | spread_a=-18.4bps spread_b=7.6bps | min=30.0bps
2026-05-09 19:48:26,267 | INFO | fetch_order_book: symbol=CHIP/USDC limit=20
2026-05-09 19:48:26,589 | INFO | fetch_order_book: mid=0.066965 spread=7.47bps bids=20 asks=20
2026-05-09 19:48:27,508 | INFO | SPREAD | pair=CHIP/USDC | cex=0.06694/0.06699 | dex_sell=0.066867 dex_buy=0.0668895 | spread_a=-18.4bps spread_b=7.6bps | min=30.0bps
2026-05-09 19:48:28,512 | INFO | fetch_order_book: symbol=CHIP/USDC limit=20
2026-05-09 19:48:28,771 | INFO | fetch_order_book: mid=0.066965 spread=7.47bps bids=20 asks=20
2026-05-09 19:48:29,708 | INFO | SPREAD | pair=CHIP/USDC | cex=0.06694/0.06699 | dex_sell=0.066867 dex_buy=0.0668895 | spread_a=-18.4bps spread_b=7.6bps | min=30.0bps
2026-05-09 19:48:30,710 | INFO | fetch_order_book: symbol=CHIP/USDC limit=20
2026-05-09 19:48:30,972 | INFO | fetch_order_book: mid=0.06691 spread=2.99bps bids=20 asks=20
2026-05-09 19:48:31,904 | INFO | SPREAD | pair=CHIP/USDC | cex=0.0669/0.06692 | dex_sell=0.066867 dex_buy=0.0668895 | spread_a=-7.9bps spread_b=1.6bps | min=30.0bps
2026-05-09 19:48:32,908 | INFO | fetch_order_book: symbol=CHIP/USDC limit=20
2026-05-09 19:48:33,165 | INFO | fetch_order_book: mid=0.066905 spread=1.49bps bids=20 asks=20
2026-05-09 19:48:34,093 | INFO | SPREAD | pair=CHIP/USDC | cex=0.0669/0.06691 | dex_sell=0.066867 dex_buy=0.0668895 | spread_a=-6.4bps spread_b=1.6bps | min=30.0bps
2026-05-09 19:48:35,097 | INFO | fetch_order_book: symbol=CHIP/USDC limit=20
2026-05-09 19:48:35,364 | INFO | fetch_order_book: mid=0.066875 spread=4.49bps bids=20 asks=20
2026-05-09 19:48:36,301 | INFO | SPREAD | pair=CHIP/USDC | cex=0.06686/0.06689 | dex_sell=0.066867 dex_buy=0.0668895 | spread_a=-3.4bps spread_b=-4.4bps | min=30.0bps
2026-05-09 19:48:37,305 | INFO | fetch_order_book: symbol=CHIP/USDC limit=20
2026-05-09 19:48:37,568 | INFO | fetch_order_book: mid=0.06688 spread=5.98bps bids=20 asks=20
2026-05-09 19:48:38,539 | INFO | SPREAD | pair=CHIP/USDC | cex=0.06686/0.0669 | dex_sell=0.066867 dex_buy=0.0668895 | spread_a=-4.9bps spread_b=-4.4bps | min=30.0bps
2026-05-09 19:48:39,543 | INFO | fetch_order_book: symbol=CHIP/USDC limit=20
2026-05-09 19:48:39,804 | INFO | fetch_order_book: mid=0.066875 spread=4.49bps bids=20 asks=20
2026-05-09 19:48:40,668 | INFO | SPREAD | pair=CHIP/USDC | cex=0.06686/0.06689 | dex_sell=0.066867 dex_buy=0.0668895 | spread_a=-3.4bps spread_b=-4.4bps | min=30.0bps
2026-05-09 19:48:41,671 | INFO | fetch_order_book: symbol=CHIP/USDC limit=20
2026-05-09 19:48:42,031 | INFO | fetch_order_book: mid=0.066875 spread=4.49bps bids=20 asks=20
2026-05-09 19:48:42,921 | INFO | SPREAD | pair=CHIP/USDC | cex=0.06686/0.06689 | dex_sell=0.0668635 dex_buy=0.0668498 | spread_a=-4.0bps spread_b=1.5bps | min=30.0bps
2026-05-09 19:48:43,925 | INFO | fetch_order_book: symbol=CHIP/USDC limit=20
2026-05-09 19:48:44,190 | INFO | fetch_order_book: mid=0.066875 spread=4.49bps bids=20 asks=20
2026-05-09 19:48:45,130 | INFO | SPREAD | pair=CHIP/USDC | cex=0.06686/0.06689 | dex_sell=0.0668273 dex_buy=0.0668498 | spread_a=-9.4bps spread_b=1.5bps | min=30.0bps
2026-05-09 19:48:46,134 | INFO | fetch_order_book: symbol=CHIP/USDC limit=20
2026-05-09 19:48:46,392 | INFO | fetch_order_book: mid=0.06687 spread=2.99bps bids=20 asks=20
2026-05-09 19:48:47,293 | INFO | SPREAD | pair=CHIP/USDC | cex=0.06686/0.06688 | dex_sell=0.0668273 dex_buy=0.0668498 | spread_a=-7.9bps spread_b=1.5bps | min=30.0bps
2026-05-09 19:48:48,296 | INFO | fetch_order_book: symbol=CHIP/USDC limit=20
2026-05-09 19:48:48,555 | INFO | fetch_order_book: mid=0.06685 spread=2.99bps bids=20 asks=20
2026-05-09 19:48:49,487 | INFO | SPREAD | pair=CHIP/USDC | cex=0.06684/0.06686 | dex_sell=0.0668273 dex_buy=0.0668498 | spread_a=-4.9bps spread_b=-1.5bps | min=30.0bps
2026-05-09 19:48:50,490 | INFO | fetch_order_book: symbol=CHIP/USDC limit=20
2026-05-09 19:48:50,749 | INFO | fetch_order_book: mid=0.06683 spread=2.99bps bids=20 asks=20
2026-05-09 19:48:51,669 | INFO | SPREAD | pair=CHIP/USDC | cex=0.06682/0.06684 | dex_sell=0.0668273 dex_buy=0.0668099 | spread_a=-1.9bps spread_b=1.5bps | min=30.0bps
2026-05-09 19:48:52,672 | INFO | fetch_order_book: symbol=CHIP/USDC limit=20
2026-05-09 19:48:52,944 | INFO | fetch_order_book: mid=0.066845 spread=7.48bps bids=20 asks=20
2026-05-09 19:48:53,922 | INFO | SPREAD | pair=CHIP/USDC | cex=0.06682/0.06687 | dex_sell=0.0667874 dex_buy=0.0668099 | spread_a=-12.3bps spread_b=1.5bps | min=30.0bps
2026-05-09 19:48:54,925 | INFO | fetch_order_book: symbol=CHIP/USDC limit=20
2026-05-09 19:48:55,204 | INFO | fetch_order_book: mid=0.06684 spread=8.98bps bids=20 asks=20
2026-05-09 19:48:56,141 | INFO | SPREAD | pair=CHIP/USDC | cex=0.06681/0.06687 | dex_sell=0.0667874 dex_buy=0.0668099 | spread_a=-12.3bps spread_b=0.0bps | min=30.0bps
2026-05-09 19:48:57,145 | INFO | fetch_order_book: symbol=CHIP/USDC limit=20
2026-05-09 19:48:57,401 | INFO | fetch_order_book: mid=0.06687 spread=5.98bps bids=20 asks=20
2026-05-09 19:48:58,324 | INFO | SPREAD | pair=CHIP/USDC | cex=0.06685/0.06689 | dex_sell=0.0667874 dex_buy=0.0668099 | spread_a=-15.3bps spread_b=6.0bps | min=30.0bps
2026-05-09 19:48:59,327 | INFO | fetch_order_book: symbol=CHIP/USDC limit=20
2026-05-09 19:48:59,588 | INFO | fetch_order_book: mid=0.066865 spread=7.48bps bids=20 asks=20
2026-05-09 19:49:00,490 | INFO | SPREAD | pair=CHIP/USDC | cex=0.06684/0.06689 | dex_sell=0.0668234 dex_buy=0.0668459 | spread_a=-9.9bps spread_b=-0.9bps | min=30.0bps
2026-05-09 19:49:01,494 | INFO | fetch_order_book: symbol=CHIP/USDC limit=20
2026-05-09 19:49:01,978 | INFO | fetch_order_book: mid=0.066835 spread=7.48bps bids=20 asks=20
2026-05-09 19:49:02,927 | INFO | SPREAD | pair=CHIP/USDC | cex=0.06681/0.06686 | dex_sell=0.0668234 dex_buy=0.0668459 | spread_a=-5.5bps spread_b=-5.4bps | min=30.0bps
2026-05-09 19:49:03,931 | INFO | fetch_order_book: symbol=CHIP/USDC limit=20
2026-05-09 19:49:04,323 | INFO | fetch_order_book: mid=0.06684 spread=8.98bps bids=20 asks=20
2026-05-09 19:49:05,235 | INFO | SPREAD | pair=CHIP/USDC | cex=0.06681/0.06687 | dex_sell=0.0668234 dex_buy=0.0668459 | spread_a=-7.0bps spread_b=-5.4bps | min=30.0bps
2026-05-09 19:49:06,239 | INFO | fetch_order_book: symbol=CHIP/USDC limit=20
2026-05-09 19:49:06,520 | INFO | fetch_order_book: mid=0.06681 spread=8.98bps bids=20 asks=20
2026-05-09 19:49:07,509 | INFO | SPREAD | pair=CHIP/USDC | cex=0.06678/0.06684 | dex_sell=0.0667873 dex_buy=0.0668098 | spread_a=-7.9bps spread_b=-4.5bps | min=30.0bps
2026-05-09 19:49:08,512 | INFO | fetch_order_book: symbol=CHIP/USDC limit=20
2026-05-09 19:49:08,773 | INFO | fetch_order_book: mid=0.066735 spread=4.50bps bids=20 asks=20
2026-05-09 19:49:09,714 | INFO | SPREAD | pair=CHIP/USDC | cex=0.06672/0.06675 | dex_sell=0.0666975 dex_buy=0.0667199 | spread_a=-7.9bps spread_b=0.0bps | min=30.0bps
2026-05-09 19:49:10,718 | INFO | fetch_order_book: symbol=CHIP/USDC limit=20
2026-05-09 19:49:11,466 | INFO | fetch_order_book: mid=0.066735 spread=4.50bps bids=20 asks=20
2026-05-09 19:49:12,420 | INFO | SPREAD | pair=CHIP/USDC | cex=0.06672/0.06675 | dex_sell=0.0666975 dex_buy=0.0667199 | spread_a=-7.9bps spread_b=0.0bps | min=30.0bps
2026-05-09 19:49:13,424 | INFO | fetch_order_book: symbol=CHIP/USDC limit=20
2026-05-09 19:49:13,759 | INFO | fetch_order_book: mid=0.06682 spread=5.99bps bids=20 asks=20
2026-05-09 19:49:14,688 | INFO | SPREAD | pair=CHIP/USDC | cex=0.0668/0.06684 | dex_sell=0.0667736 dex_buy=0.066796 | spread_a=-9.9bps spread_b=0.6bps | min=30.0bps
2026-05-09 19:49:15,691 | INFO | fetch_order_book: symbol=CHIP/USDC limit=20
2026-05-09 19:49:15,978 | INFO | fetch_order_book: mid=0.06682 spread=5.99bps bids=20 asks=20
2026-05-09 19:49:16,913 | INFO | SPREAD | pair=CHIP/USDC | cex=0.0668/0.06684 | dex_sell=0.0667736 dex_buy=0.066796 | spread_a=-9.9bps spread_b=0.6bps | min=30.0bps
2026-05-09 19:49:17,917 | INFO | fetch_order_book: symbol=CHIP/USDC limit=20
2026-05-09 19:49:18,192 | INFO | fetch_order_book: mid=0.066805 spread=7.48bps bids=20 asks=20
2026-05-09 19:49:19,248 | INFO | SPREAD | pair=CHIP/USDC | cex=0.06678/0.06683 | dex_sell=0.0667736 dex_buy=0.066796 | spread_a=-8.4bps spread_b=-2.4bps | min=30.0bps
2026-05-09 19:49:20,252 | INFO | fetch_order_book: symbol=CHIP/USDC limit=20
2026-05-09 19:49:20,517 | INFO | fetch_order_book: mid=0.06678 spread=8.98bps bids=20 asks=20
2026-05-09 19:49:21,431 | INFO | SPREAD | pair=CHIP/USDC | cex=0.06675/0.06681 | dex_sell=0.0667375 dex_buy=0.06676 | spread_a=-10.8bps spread_b=-1.5bps | min=30.0bps
2026-05-09 19:49:22,434 | INFO | fetch_order_book: symbol=CHIP/USDC limit=20
2026-05-09 19:49:22,711 | INFO | fetch_order_book: mid=0.06677 spread=5.99bps bids=20 asks=20
2026-05-09 19:49:23,617 | INFO | SPREAD | pair=CHIP/USDC | cex=0.06675/0.06679 | dex_sell=0.0667375 dex_buy=0.06676 | spread_a=-7.9bps spread_b=-1.5bps | min=30.0bps
2026-05-09 19:49:24,621 | INFO | fetch_order_book: symbol=CHIP/USDC limit=20
2026-05-09 19:49:24,882 | INFO | fetch_order_book: mid=0.06678 spread=8.98bps bids=20 asks=20
2026-05-09 19:49:25,854 | INFO | SPREAD | pair=CHIP/USDC | cex=0.06675/0.06681 | dex_sell=0.0667375 dex_buy=0.06676 | spread_a=-10.8bps spread_b=-1.5bps | min=30.0bps
2026-05-09 19:49:26,857 | INFO | fetch_order_book: symbol=CHIP/USDC limit=20
2026-05-09 19:49:27,287 | INFO | fetch_order_book: mid=0.06678 spread=8.98bps bids=20 asks=20
2026-05-09 19:49:28,246 | INFO | SPREAD | pair=CHIP/USDC | cex=0.06675/0.06681 | dex_sell=0.0667375 dex_buy=0.06676 | spread_a=-10.8bps spread_b=-1.5bps | min=30.0bps
2026-05-09 19:49:29,250 | INFO | fetch_order_book: symbol=CHIP/USDC limit=20
2026-05-09 19:49:29,509 | INFO | fetch_order_book: mid=0.066775 spread=7.49bps bids=20 asks=20
2026-05-09 19:49:30,426 | INFO | SPREAD | pair=CHIP/USDC | cex=0.06675/0.0668 | dex_sell=0.0667375 dex_buy=0.06676 | spread_a=-9.4bps spread_b=-1.5bps | min=30.0bps
2026-05-09 19:49:31,430 | INFO | fetch_order_book: symbol=CHIP/USDC limit=20
2026-05-09 19:49:31,723 | INFO | fetch_order_book: mid=0.06678 spread=8.98bps bids=20 asks=20
2026-05-09 19:49:32,643 | INFO | SPREAD | pair=CHIP/USDC | cex=0.06675/0.06681 | dex_sell=0.0667375 dex_buy=0.06676 | spread_a=-10.8bps spread_b=-1.5bps | min=30.0bps
2026-05-09 19:49:33,648 | INFO | fetch_order_book: symbol=CHIP/USDC limit=20
2026-05-09 19:49:33,914 | INFO | fetch_order_book: mid=0.06679 spread=5.99bps bids=20 asks=20
2026-05-09 19:49:34,830 | INFO | SPREAD | pair=CHIP/USDC | cex=0.06677/0.06681 | dex_sell=0.0667375 dex_buy=0.06676 | spread_a=-10.8bps spread_b=1.5bps | min=30.0bps
2026-05-09 19:49:35,833 | INFO | fetch_order_book: symbol=CHIP/USDC limit=20
2026-05-09 19:49:36,108 | INFO | fetch_order_book: mid=0.06679 spread=5.99bps bids=20 asks=20
2026-05-09 19:49:36,998 | INFO | SPREAD | pair=CHIP/USDC | cex=0.06677/0.06681 | dex_sell=0.0667375 dex_buy=0.06676 | spread_a=-10.8bps spread_b=1.5bps | min=30.0bps
2026-05-09 19:49:38,002 | INFO | fetch_order_book: symbol=CHIP/USDC limit=20
2026-05-09 19:49:38,324 | INFO | fetch_order_book: mid=0.06677 spread=5.99bps bids=20 asks=20
2026-05-09 19:49:39,253 | INFO | SPREAD | pair=CHIP/USDC | cex=0.06675/0.06679 | dex_sell=0.0667375 dex_buy=0.06676 | spread_a=-7.9bps spread_b=-1.5bps | min=30.0bps
2026-05-09 19:49:40,257 | INFO | fetch_order_book: symbol=CHIP/USDC limit=20
2026-05-09 19:49:40,517 | INFO | fetch_order_book: mid=0.06677 spread=5.99bps bids=20 asks=20
2026-05-09 19:49:41,408 | INFO | SPREAD | pair=CHIP/USDC | cex=0.06675/0.06679 | dex_sell=0.0667375 dex_buy=0.06676 | spread_a=-7.9bps spread_b=-1.5bps | min=30.0bps
2026-05-09 19:49:42,411 | INFO | fetch_order_book: symbol=CHIP/USDC limit=20
2026-05-09 19:49:42,681 | INFO | fetch_order_book: mid=0.06677 spread=5.99bps bids=20 asks=20
2026-05-09 19:49:43,637 | INFO | SPREAD | pair=CHIP/USDC | cex=0.06675/0.06679 | dex_sell=0.0667375 dex_buy=0.06676 | spread_a=-7.9bps spread_b=-1.5bps | min=30.0bps
2026-05-09 19:49:44,640 | INFO | fetch_order_book: symbol=CHIP/USDC limit=20
2026-05-09 19:49:44,903 | INFO | fetch_order_book: mid=0.066765 spread=7.49bps bids=20 asks=20
2026-05-09 19:49:45,791 | INFO | SPREAD | pair=CHIP/USDC | cex=0.06674/0.06679 | dex_sell=0.0667375 dex_buy=0.06676 | spread_a=-7.9bps spread_b=-3.0bps | min=30.0bps
2026-05-09 19:49:46,794 | INFO | fetch_order_book: symbol=CHIP/USDC limit=20
2026-05-09 19:49:47,055 | INFO | fetch_order_book: mid=0.06677 spread=5.99bps bids=20 asks=20
2026-05-09 19:49:47,942 | INFO | SPREAD | pair=CHIP/USDC | cex=0.06675/0.06679 | dex_sell=0.0667375 dex_buy=0.06676 | spread_a=-7.9bps spread_b=-1.5bps | min=30.0bps
2026-05-09 19:49:48,943 | INFO | fetch_order_book: symbol=CHIP/USDC limit=20
2026-05-09 19:49:49,277 | INFO | fetch_order_book: mid=0.066765 spread=7.49bps bids=20 asks=20
2026-05-09 19:49:50,172 | INFO | SPREAD | pair=CHIP/USDC | cex=0.06674/0.06679 | dex_sell=0.0667375 dex_buy=0.06676 | spread_a=-7.9bps spread_b=-3.0bps | min=30.0bps
2026-05-09 19:49:51,175 | INFO | fetch_order_book: symbol=CHIP/USDC limit=20
2026-05-09 19:49:51,434 | INFO | fetch_order_book: mid=0.06677 spread=5.99bps bids=20 asks=20
2026-05-09 19:49:52,402 | INFO | SPREAD | pair=CHIP/USDC | cex=0.06675/0.06679 | dex_sell=0.0667375 dex_buy=0.06676 | spread_a=-7.9bps spread_b=-1.5bps | min=30.0bps
2026-05-09 19:49:53,405 | INFO | fetch_order_book: symbol=CHIP/USDC limit=20
2026-05-09 19:49:53,668 | INFO | fetch_order_book: mid=0.06675 spread=3.00bps bids=20 asks=20
2026-05-09 19:49:54,615 | INFO | SPREAD | pair=CHIP/USDC | cex=0.06674/0.06676 | dex_sell=0.0667375 dex_buy=0.06676 | spread_a=-3.4bps spread_b=-3.0bps | min=30.0bps
2026-05-09 19:49:55,618 | INFO | fetch_order_book: symbol=CHIP/USDC limit=20
2026-05-09 19:49:55,877 | INFO | fetch_order_book: mid=0.066745 spread=1.50bps bids=20 asks=20
2026-05-09 19:49:56,823 | INFO | SPREAD | pair=CHIP/USDC | cex=0.06674/0.06675 | dex_sell=0.0666973 dex_buy=0.0667198 | spread_a=-7.9bps spread_b=3.0bps | min=30.0bps
2026-05-09 19:49:57,826 | INFO | fetch_order_book: symbol=CHIP/USDC limit=20
2026-05-09 19:49:58,292 | INFO | fetch_order_book: mid=0.06674 spread=8.99bps bids=20 asks=20
2026-05-09 19:49:59,190 | INFO | SPREAD | pair=CHIP/USDC | cex=0.06671/0.06677 | dex_sell=0.0666973 dex_buy=0.0667198 | spread_a=-10.9bps spread_b=-1.5bps | min=30.0bps
2026-05-09 19:50:00,193 | INFO | fetch_order_book: symbol=CHIP/USDC limit=20
2026-05-09 19:50:00,544 | INFO | fetch_order_book: mid=0.06674 spread=8.99bps bids=20 asks=20
2026-05-09 19:50:01,471 | INFO | SPREAD | pair=CHIP/USDC | cex=0.06671/0.06677 | dex_sell=0.0666973 dex_buy=0.0667198 | spread_a=-10.9bps spread_b=-1.5bps | min=30.0bps
2026-05-09 19:50:02,475 | INFO | fetch_order_book: symbol=CHIP/USDC limit=20
2026-05-09 19:50:02,767 | INFO | fetch_order_book: mid=0.066765 spread=7.49bps bids=20 asks=20
2026-05-09 19:50:03,685 | INFO | SPREAD | pair=CHIP/USDC | cex=0.06674/0.06679 | dex_sell=0.0666973 dex_buy=0.0667198 | spread_a=-13.9bps spread_b=3.0bps | min=30.0bps
2026-05-09 19:50:04,688 | INFO | fetch_order_book: symbol=CHIP/USDC limit=20
2026-05-09 19:50:04,951 | INFO | fetch_order_book: mid=0.066735 spread=7.49bps bids=20 asks=20
2026-05-09 19:50:05,899 | INFO | SPREAD | pair=CHIP/USDC | cex=0.06671/0.06676 | dex_sell=0.0666973 dex_buy=0.0667198 | spread_a=-9.4bps spread_b=-1.5bps | min=30.0bps
2026-05-09 19:50:06,902 | INFO | fetch_order_book: symbol=CHIP/USDC limit=20
2026-05-09 19:50:07,493 | INFO | fetch_order_book: mid=0.06673 spread=5.99bps bids=20 asks=20
2026-05-09 19:50:08,414 | INFO | SPREAD | pair=CHIP/USDC | cex=0.06671/0.06675 | dex_sell=0.0666973 dex_buy=0.0667198 | spread_a=-7.9bps spread_b=-1.5bps | min=30.0bps
2026-05-09 19:50:09,418 | INFO | fetch_order_book: symbol=CHIP/USDC limit=20
2026-05-09 19:50:09,755 | INFO | fetch_order_book: mid=0.06679 spread=2.99bps bids=20 asks=20
2026-05-09 19:50:10,719 | INFO | SPREAD | pair=CHIP/USDC | cex=0.06678/0.0668 | dex_sell=0.0667333 dex_buy=0.0667557 | spread_a=-10.0bps spread_b=3.6bps | min=30.0bps
2026-05-09 19:50:11,722 | INFO | fetch_order_book: symbol=CHIP/USDC limit=20
2026-05-09 19:50:12,222 | INFO | fetch_order_book: mid=0.066765 spread=7.49bps bids=20 asks=20
2026-05-09 19:50:13,120 | INFO | SPREAD | pair=CHIP/USDC | cex=0.06674/0.06679 | dex_sell=0.0667333 dex_buy=0.0667557 | spread_a=-8.5bps spread_b=-2.4bps | min=30.0bps
2026-05-09 19:50:14,123 | INFO | fetch_order_book: symbol=CHIP/USDC limit=20
2026-05-09 19:50:14,866 | INFO | fetch_order_book: mid=0.066775 spread=7.49bps bids=20 asks=20
2026-05-09 19:50:15,808 | INFO | SPREAD | pair=CHIP/USDC | cex=0.06675/0.0668 | dex_sell=0.0667333 dex_buy=0.0667557 | spread_a=-10.0bps spread_b=-0.9bps | min=30.0bps
2026-05-09 19:50:16,811 | INFO | fetch_order_book: symbol=CHIP/USDC limit=20
2026-05-09 19:50:17,084 | INFO | fetch_order_book: mid=0.06677 spread=5.99bps bids=20 asks=20
2026-05-09 19:50:17,997 | INFO | SPREAD | pair=CHIP/USDC | cex=0.06675/0.06679 | dex_sell=0.0667333 dex_buy=0.0667557 | spread_a=-8.5bps spread_b=-0.9bps | min=30.0bps
2026-05-09 19:50:19,001 | INFO | fetch_order_book: symbol=CHIP/USDC limit=20
2026-05-09 19:50:19,268 | INFO | fetch_order_book: mid=0.06680 spread=5.99bps bids=20 asks=20
2026-05-09 19:50:20,183 | INFO | SPREAD | pair=CHIP/USDC | cex=0.06678/0.06682 | dex_sell=0.0667333 dex_buy=0.0667557 | spread_a=-13.0bps spread_b=3.6bps | min=30.0bps
2026-05-09 19:50:21,186 | INFO | fetch_order_book: symbol=CHIP/USDC limit=20
2026-05-09 19:50:21,534 | INFO | fetch_order_book: mid=0.066825 spread=4.49bps bids=20 asks=20
2026-05-09 19:50:22,583 | INFO | SPREAD | pair=CHIP/USDC | cex=0.06681/0.06684 | dex_sell=0.0667734 dex_buy=0.0667959 | spread_a=-10.0bps spread_b=2.1bps | min=30.0bps
2026-05-09 19:50:23,587 | INFO | fetch_order_book: symbol=CHIP/USDC limit=20
2026-05-09 19:50:23,849 | INFO | fetch_order_book: mid=0.06687 spread=2.99bps bids=20 asks=20
2026-05-09 19:50:24,807 | INFO | SPREAD | pair=CHIP/USDC | cex=0.06686/0.06688 | dex_sell=0.0668234 dex_buy=0.0668459 | spread_a=-8.5bps spread_b=2.1bps | min=30.0bps
2026-05-09 19:50:25,811 | INFO | fetch_order_book: symbol=CHIP/USDC limit=20
2026-05-09 19:50:26,123 | INFO | fetch_order_book: mid=0.06688 spread=5.98bps bids=20 asks=20
2026-05-09 19:50:27,015 | INFO | SPREAD | pair=CHIP/USDC | cex=0.06686/0.0669 | dex_sell=0.0668234 dex_buy=0.0668459 | spread_a=-11.4bps spread_b=2.1bps | min=30.0bps
2026-05-09 19:50:28,019 | INFO | fetch_order_book: symbol=CHIP/USDC limit=20
2026-05-09 19:50:28,292 | INFO | fetch_order_book: mid=0.06688 spread=5.98bps bids=20 asks=20
2026-05-09 19:50:29,268 | INFO | SPREAD | pair=CHIP/USDC | cex=0.06686/0.0669 | dex_sell=0.0668234 dex_buy=0.0668459 | spread_a=-11.4bps spread_b=2.1bps | min=30.0bps
2026-05-09 19:50:30,271 | INFO | fetch_order_book: symbol=CHIP/USDC limit=20
2026-05-09 19:50:30,532 | INFO | fetch_order_book: mid=0.06691 spread=2.99bps bids=20 asks=20
2026-05-09 19:50:31,415 | INFO | SPREAD | pair=CHIP/USDC | cex=0.0669/0.06692 | dex_sell=0.0668234 dex_buy=0.0668459 | spread_a=-14.4bps spread_b=8.1bps | min=30.0bps
2026-05-09 19:50:32,418 | INFO | fetch_order_book: symbol=CHIP/USDC limit=20
2026-05-09 19:50:32,682 | INFO | fetch_order_book: mid=0.066885 spread=7.48bps bids=20 asks=20
2026-05-09 19:50:33,643 | INFO | SPREAD | pair=CHIP/USDC | cex=0.06686/0.06691 | dex_sell=0.0668234 dex_buy=0.0668459 | spread_a=-12.9bps spread_b=2.1bps | min=30.0bps
2026-05-09 19:50:34,644 | INFO | fetch_order_book: symbol=CHIP/USDC limit=20
2026-05-09 19:50:34,931 | INFO | fetch_order_book: mid=0.06689 spread=5.98bps bids=20 asks=20
2026-05-09 19:50:35,828 | INFO | SPREAD | pair=CHIP/USDC | cex=0.06687/0.06691 | dex_sell=0.0668234 dex_buy=0.0668459 | spread_a=-12.9bps spread_b=3.6bps | min=30.0bps
2026-05-09 19:50:36,831 | INFO | fetch_order_book: symbol=CHIP/USDC limit=20
2026-05-09 19:50:37,136 | INFO | fetch_order_book: mid=0.06690 spread=5.98bps bids=20 asks=20
2026-05-09 19:50:38,074 | INFO | SPREAD | pair=CHIP/USDC | cex=0.06688/0.06692 | dex_sell=0.0668234 dex_buy=0.0668459 | spread_a=-14.4bps spread_b=5.1bps | min=30.0bps
2026-05-09 19:50:39,077 | INFO | fetch_order_book: symbol=CHIP/USDC limit=20
2026-05-09 19:50:39,455 | INFO | fetch_order_book: mid=0.06689 spread=5.98bps bids=20 asks=20
2026-05-09 19:50:40,400 | INFO | SPREAD | pair=CHIP/USDC | cex=0.06687/0.06691 | dex_sell=0.0668234 dex_buy=0.0668459 | spread_a=-12.9bps spread_b=3.6bps | min=30.0bps
2026-05-09 19:50:41,403 | INFO | fetch_order_book: symbol=CHIP/USDC limit=20
2026-05-09 19:50:41,785 | INFO | fetch_order_book: mid=0.06688 spread=8.97bps bids=20 asks=20
2026-05-09 19:50:42,709 | INFO | SPREAD | pair=CHIP/USDC | cex=0.06685/0.06691 | dex_sell=0.0668234 dex_buy=0.0668459 | spread_a=-12.9bps spread_b=0.6bps | min=30.0bps
2026-05-09 19:50:43,711 | INFO | fetch_order_book: symbol=CHIP/USDC limit=20
2026-05-09 19:50:44,475 | INFO | fetch_order_book: mid=0.06688 spread=8.97bps bids=20 asks=20
2026-05-09 19:50:45,391 | INFO | SPREAD | pair=CHIP/USDC | cex=0.06685/0.06691 | dex_sell=0.0668234 dex_buy=0.0668459 | spread_a=-12.9bps spread_b=0.6bps | min=30.0bps
2026-05-09 19:50:46,394 | INFO | fetch_order_book: symbol=CHIP/USDC limit=20
2026-05-09 19:50:46,698 | INFO | fetch_order_book: mid=0.06689 spread=5.98bps bids=20 asks=20
2026-05-09 19:50:47,594 | INFO | SPREAD | pair=CHIP/USDC | cex=0.06687/0.06691 | dex_sell=0.0668234 dex_buy=0.0668459 | spread_a=-12.9bps spread_b=3.6bps | min=30.0bps
2026-05-09 19:50:48,597 | INFO | fetch_order_book: symbol=CHIP/USDC limit=20
2026-05-09 19:50:49,006 | INFO | fetch_order_book: mid=0.066875 spread=10.47bps bids=20 asks=20
2026-05-09 19:50:49,895 | INFO | SPREAD | pair=CHIP/USDC | cex=0.06684/0.06691 | dex_sell=0.0668234 dex_buy=0.0668459 | spread_a=-12.9bps spread_b=-0.9bps | min=30.0bps
2026-05-09 19:50:50,899 | INFO | fetch_order_book: symbol=CHIP/USDC limit=20
2026-05-09 19:50:51,175 | INFO | fetch_order_book: mid=0.06682 spread=5.99bps bids=20 asks=20
2026-05-09 19:50:52,173 | INFO | SPREAD | pair=CHIP/USDC | cex=0.0668/0.06684 | dex_sell=0.0667877 dex_buy=0.0668101 | spread_a=-7.8bps spread_b=-1.5bps | min=30.0bps
2026-05-09 19:50:53,176 | INFO | fetch_order_book: symbol=CHIP/USDC limit=20
2026-05-09 19:50:53,458 | INFO | fetch_order_book: mid=0.06682 spread=5.99bps bids=20 asks=20
2026-05-09 19:50:54,350 | INFO | SPREAD | pair=CHIP/USDC | cex=0.0668/0.06684 | dex_sell=0.0668045 dex_buy=0.066827 | spread_a=-5.3bps spread_b=-4.0bps | min=30.0bps
2026-05-09 19:50:55,353 | INFO | fetch_order_book: symbol=CHIP/USDC limit=20
2026-05-09 19:50:55,642 | INFO | fetch_order_book: mid=0.066815 spread=10.48bps bids=20 asks=20
2026-05-09 19:50:56,610 | INFO | SPREAD | pair=CHIP/USDC | cex=0.06678/0.06685 | dex_sell=0.0668045 dex_buy=0.066827 | spread_a=-6.8bps spread_b=-7.0bps | min=30.0bps
2026-05-09 19:50:57,613 | INFO | fetch_order_book: symbol=CHIP/USDC limit=20
2026-05-09 19:50:57,875 | INFO | fetch_order_book: mid=0.06681 spread=8.98bps bids=20 asks=20
2026-05-09 19:50:58,767 | INFO | SPREAD | pair=CHIP/USDC | cex=0.06678/0.06684 | dex_sell=0.0667673 dex_buy=0.0667898 | spread_a=-10.9bps spread_b=-1.5bps | min=30.0bps
2026-05-09 19:50:59,770 | INFO | fetch_order_book: symbol=CHIP/USDC limit=20
2026-05-09 19:51:00,061 | INFO | fetch_order_book: mid=0.06682 spread=5.99bps bids=20 asks=20
2026-05-09 19:51:01,012 | INFO | SPREAD | pair=CHIP/USDC | cex=0.0668/0.06684 | dex_sell=0.0667673 dex_buy=0.0667898 | spread_a=-10.9bps spread_b=1.5bps | min=30.0bps
2026-05-09 19:51:02,015 | INFO | fetch_order_book: symbol=CHIP/USDC limit=20
2026-05-09 19:51:02,488 | INFO | fetch_order_book: mid=0.066815 spread=7.48bps bids=20 asks=20
2026-05-09 19:51:03,362 | INFO | SPREAD | pair=CHIP/USDC | cex=0.06679/0.06684 | dex_sell=0.0667673 dex_buy=0.0667898 | spread_a=-10.9bps spread_b=0.0bps | min=30.0bps
2026-05-09 19:51:04,366 | INFO | fetch_order_book: symbol=CHIP/USDC limit=20
2026-05-09 19:51:04,689 | INFO | fetch_order_book: mid=0.06680 spread=5.99bps bids=20 asks=20
2026-05-09 19:51:05,641 | INFO | SPREAD | pair=CHIP/USDC | cex=0.06678/0.06682 | dex_sell=0.0667673 dex_buy=0.0667898 | spread_a=-7.9bps spread_b=-1.5bps | min=30.0bps
2026-05-09 19:51:06,644 | INFO | fetch_order_book: symbol=CHIP/USDC limit=20
2026-05-09 19:51:07,308 | INFO | fetch_order_book: mid=0.066785 spread=7.49bps bids=20 asks=20
2026-05-09 19:51:08,196 | INFO | SPREAD | pair=CHIP/USDC | cex=0.06676/0.06681 | dex_sell=0.0667673 dex_buy=0.0667898 | spread_a=-6.4bps spread_b=-4.5bps | min=30.0bps
2026-05-09 19:51:09,198 | INFO | fetch_order_book: symbol=CHIP/USDC limit=20
2026-05-09 19:51:09,485 | INFO | fetch_order_book: mid=0.06679 spread=5.99bps bids=20 asks=20
2026-05-09 19:51:10,451 | INFO | SPREAD | pair=CHIP/USDC | cex=0.06677/0.06681 | dex_sell=0.0667673 dex_buy=0.0667898 | spread_a=-6.4bps spread_b=-3.0bps | min=30.0bps
2026-05-09 19:51:11,454 | INFO | fetch_order_book: symbol=CHIP/USDC limit=20
2026-05-09 19:51:11,717 | INFO | fetch_order_book: mid=0.066785 spread=7.49bps bids=20 asks=20
2026-05-09 19:51:12,681 | INFO | SPREAD | pair=CHIP/USDC | cex=0.06676/0.06681 | dex_sell=0.0667673 dex_buy=0.0667898 | spread_a=-6.4bps spread_b=-4.5bps | min=30.0bps
2026-05-09 19:51:13,685 | INFO | fetch_order_book: symbol=CHIP/USDC limit=20
2026-05-09 19:51:14,089 | INFO | fetch_order_book: mid=0.066785 spread=10.48bps bids=20 asks=20
2026-05-09 19:51:15,062 | INFO | SPREAD | pair=CHIP/USDC | cex=0.06675/0.06682 | dex_sell=0.0667673 dex_buy=0.0667898 | spread_a=-7.9bps spread_b=-6.0bps | min=30.0bps
2026-05-09 19:51:16,065 | INFO | fetch_order_book: symbol=CHIP/USDC limit=20
2026-05-09 19:51:16,412 | INFO | fetch_order_book: mid=0.066765 spread=7.49bps bids=20 asks=20
2026-05-09 19:51:17,306 | INFO | SPREAD | pair=CHIP/USDC | cex=0.06674/0.06679 | dex_sell=0.0667673 dex_buy=0.0667898 | spread_a=-3.4bps spread_b=-7.5bps | min=30.0bps
2026-05-09 19:51:18,310 | INFO | fetch_order_book: symbol=CHIP/USDC limit=20
2026-05-09 19:51:18,674 | INFO | fetch_order_book: mid=0.06677 spread=5.99bps bids=20 asks=20
2026-05-09 19:51:19,628 | INFO | SPREAD | pair=CHIP/USDC | cex=0.06675/0.06679 | dex_sell=0.0667275 dex_buy=0.06675 | spread_a=-9.4bps spread_b=0.0bps | min=30.0bps
2026-05-09 19:51:20,631 | INFO | fetch_order_book: symbol=CHIP/USDC limit=20
2026-05-09 19:51:20,889 | INFO | fetch_order_book: mid=0.06675 spread=3.00bps bids=20 asks=20
2026-05-09 19:51:21,806 | INFO | SPREAD | pair=CHIP/USDC | cex=0.06674/0.06676 | dex_sell=0.0667275 dex_buy=0.06675 | spread_a=-4.9bps spread_b=-1.5bps | min=30.0bps
2026-05-09 19:51:22,810 | INFO | fetch_order_book: symbol=CHIP/USDC limit=20
2026-05-09 19:51:23,066 | INFO | fetch_order_book: mid=0.06675 spread=8.99bps bids=20 asks=20
2026-05-09 19:51:24,008 | INFO | SPREAD | pair=CHIP/USDC | cex=0.06672/0.06678 | dex_sell=0.0667275 dex_buy=0.06675 | spread_a=-7.9bps spread_b=-4.5bps | min=30.0bps
2026-05-09 19:51:25,011 | INFO | fetch_order_book: symbol=CHIP/USDC limit=20
2026-05-09 19:51:25,276 | INFO | fetch_order_book: mid=0.06671 spread=3.00bps bids=20 asks=20
2026-05-09 19:51:26,161 | INFO | SPREAD | pair=CHIP/USDC | cex=0.0667/0.06672 | dex_sell=0.0666873 dex_buy=0.0667098 | spread_a=-4.9bps spread_b=-1.5bps | min=30.0bps
2026-05-09 19:51:27,165 | INFO | fetch_order_book: symbol=CHIP/USDC limit=20
2026-05-09 19:51:27,421 | INFO | fetch_order_book: mid=0.066725 spread=7.49bps bids=20 asks=20
2026-05-09 19:51:28,358 | INFO | SPREAD | pair=CHIP/USDC | cex=0.0667/0.06675 | dex_sell=0.0666873 dex_buy=0.0667098 | spread_a=-9.4bps spread_b=-1.5bps | min=30.0bps
2026-05-09 19:51:29,362 | INFO | fetch_order_book: symbol=CHIP/USDC limit=20
2026-05-09 19:51:29,633 | INFO | fetch_order_book: mid=0.06670 spread=6.00bps bids=20 asks=20
2026-05-09 19:51:30,573 | INFO | SPREAD | pair=CHIP/USDC | cex=0.06668/0.06672 | dex_sell=0.0666873 dex_buy=0.0667098 | spread_a=-4.9bps spread_b=-4.5bps | min=30.0bps
2026-05-09 19:51:31,576 | INFO | fetch_order_book: symbol=CHIP/USDC limit=20
2026-05-09 19:51:31,854 | INFO | fetch_order_book: mid=0.066685 spread=1.50bps bids=20 asks=20
2026-05-09 19:51:32,806 | INFO | SPREAD | pair=CHIP/USDC | cex=0.06668/0.06669 | dex_sell=0.0666476 dex_buy=0.06667 | spread_a=-6.4bps spread_b=1.5bps | min=30.0bps
2026-05-09 19:51:33,809 | INFO | fetch_order_book: symbol=CHIP/USDC limit=20
2026-05-09 19:51:34,079 | INFO | fetch_order_book: mid=0.06671 spread=6.00bps bids=20 asks=20
2026-05-09 19:51:34,964 | INFO | SPREAD | pair=CHIP/USDC | cex=0.06669/0.06673 | dex_sell=0.0666476 dex_buy=0.06667 | spread_a=-12.4bps spread_b=3.0bps | min=30.0bps
2026-05-09 19:51:35,967 | INFO | fetch_order_book: symbol=CHIP/USDC limit=20
2026-05-09 19:51:36,231 | INFO | fetch_order_book: mid=0.066755 spread=4.49bps bids=20 asks=20
2026-05-09 19:51:37,170 | INFO | SPREAD | pair=CHIP/USDC | cex=0.06674/0.06677 | dex_sell=0.0666835 dex_buy=0.066706 | spread_a=-12.9bps spread_b=5.1bps | min=30.0bps
2026-05-09 19:51:38,174 | INFO | fetch_order_book: symbol=CHIP/USDC limit=20
2026-05-09 19:51:38,439 | INFO | fetch_order_book: mid=0.066755 spread=4.49bps bids=20 asks=20
2026-05-09 19:51:39,439 | INFO | SPREAD | pair=CHIP/USDC | cex=0.06674/0.06677 | dex_sell=0.0666835 dex_buy=0.066706 | spread_a=-12.9bps spread_b=5.1bps | min=30.0bps
2026-05-09 19:51:40,443 | INFO | fetch_order_book: symbol=CHIP/USDC limit=20
2026-05-09 19:51:40,703 | INFO | fetch_order_book: mid=0.06676 spread=5.99bps bids=20 asks=20
2026-05-09 19:51:41,600 | INFO | SPREAD | pair=CHIP/USDC | cex=0.06674/0.06678 | dex_sell=0.0666835 dex_buy=0.066706 | spread_a=-14.4bps spread_b=5.1bps | min=30.0bps
2026-05-09 19:51:42,604 | INFO | fetch_order_book: symbol=CHIP/USDC limit=20
2026-05-09 19:51:42,870 | INFO | fetch_order_book: mid=0.066775 spread=4.49bps bids=20 asks=20
2026-05-09 19:51:43,779 | INFO | SPREAD | pair=CHIP/USDC | cex=0.06676/0.06679 | dex_sell=0.0666835 dex_buy=0.0667559 | spread_a=-15.9bps spread_b=0.6bps | min=30.0bps
2026-05-09 19:51:44,783 | INFO | fetch_order_book: symbol=CHIP/USDC limit=20
2026-05-09 19:51:45,055 | INFO | fetch_order_book: mid=0.066725 spread=1.50bps bids=20 asks=20
2026-05-09 19:51:46,005 | INFO | SPREAD | pair=CHIP/USDC | cex=0.06672/0.06673 | dex_sell=0.0666975 dex_buy=0.0667199 | spread_a=-4.9bps spread_b=0.0bps | min=30.0bps
2026-05-09 19:51:47,008 | INFO | fetch_order_book: symbol=CHIP/USDC limit=20
2026-05-09 19:51:47,513 | INFO | fetch_order_book: mid=0.066725 spread=1.50bps bids=20 asks=20
2026-05-09 19:51:48,434 | INFO | SPREAD | pair=CHIP/USDC | cex=0.06672/0.06673 | dex_sell=0.0666975 dex_buy=0.0667199 | spread_a=-4.9bps spread_b=0.0bps | min=30.0bps
2026-05-09 19:51:49,437 | INFO | fetch_order_book: symbol=CHIP/USDC limit=20
2026-05-09 19:51:49,705 | INFO | fetch_order_book: mid=0.066725 spread=1.50bps bids=20 asks=20
2026-05-09 19:51:50,663 | INFO | SPREAD | pair=CHIP/USDC | cex=0.06672/0.06673 | dex_sell=0.0666975 dex_buy=0.0667199 | spread_a=-4.9bps spread_b=0.0bps | min=30.0bps
2026-05-09 19:51:51,667 | INFO | fetch_order_book: symbol=CHIP/USDC limit=20
2026-05-09 19:51:51,930 | INFO | fetch_order_book: mid=0.066765 spread=7.49bps bids=20 asks=20
2026-05-09 19:51:52,864 | INFO | SPREAD | pair=CHIP/USDC | cex=0.06674/0.06679 | dex_sell=0.0666975 dex_buy=0.0667559 | spread_a=-13.9bps spread_b=-2.4bps | min=30.0bps
2026-05-09 19:51:53,867 | INFO | fetch_order_book: symbol=CHIP/USDC limit=20
2026-05-09 19:51:54,146 | INFO | fetch_order_book: mid=0.066715 spread=4.50bps bids=20 asks=20
2026-05-09 19:51:55,105 | INFO | SPREAD | pair=CHIP/USDC | cex=0.0667/0.06673 | dex_sell=0.0666974 dex_buy=0.0667198 | spread_a=-4.9bps spread_b=-3.0bps | min=30.0bps
2026-05-09 19:51:56,108 | INFO | fetch_order_book: symbol=CHIP/USDC limit=20
2026-05-09 19:51:56,377 | INFO | fetch_order_book: mid=0.06673 spread=5.99bps bids=20 asks=20
2026-05-09 19:51:57,263 | INFO | SPREAD | pair=CHIP/USDC | cex=0.06671/0.06675 | dex_sell=0.0666974 dex_buy=0.0667198 | spread_a=-7.9bps spread_b=-1.5bps | min=30.0bps
2026-05-09 19:51:58,266 | INFO | fetch_order_book: symbol=CHIP/USDC limit=20
2026-05-09 19:51:58,532 | INFO | fetch_order_book: mid=0.06673 spread=5.99bps bids=20 asks=20
2026-05-09 19:51:59,504 | INFO | SPREAD | pair=CHIP/USDC | cex=0.06671/0.06675 | dex_sell=0.0666974 dex_buy=0.0667198 | spread_a=-7.9bps spread_b=-1.5bps | min=30.0bps
2026-05-09 19:52:00,508 | INFO | fetch_order_book: symbol=CHIP/USDC limit=20
2026-05-09 19:52:00,797 | INFO | fetch_order_book: mid=0.06673 spread=5.99bps bids=20 asks=20
2026-05-09 19:52:01,715 | INFO | SPREAD | pair=CHIP/USDC | cex=0.06671/0.06675 | dex_sell=0.0666974 dex_buy=0.0667198 | spread_a=-7.9bps spread_b=-1.5bps | min=30.0bps
2026-05-09 19:52:02,717 | INFO | fetch_order_book: symbol=CHIP/USDC limit=20
2026-05-09 19:52:03,011 | INFO | fetch_order_book: mid=0.066775 spread=7.49bps bids=20 asks=20
2026-05-09 19:52:03,946 | INFO | SPREAD | pair=CHIP/USDC | cex=0.06675/0.0668 | dex_sell=0.0666974 dex_buy=0.0667198 | spread_a=-15.4bps spread_b=4.5bps | min=30.0bps
2026-05-09 19:52:04,949 | INFO | fetch_order_book: symbol=CHIP/USDC limit=20
2026-05-09 19:52:05,271 | INFO | fetch_order_book: mid=0.066775 spread=7.49bps bids=20 asks=20
2026-05-09 19:52:06,160 | INFO | SPREAD | pair=CHIP/USDC | cex=0.06675/0.0668 | dex_sell=0.0666974 dex_buy=0.0667198 | spread_a=-15.4bps spread_b=4.5bps | min=30.0bps
2026-05-09 19:52:07,163 | INFO | fetch_order_book: symbol=CHIP/USDC limit=20
2026-05-09 19:52:07,518 | INFO | fetch_order_book: mid=0.066805 spread=4.49bps bids=20 asks=20
2026-05-09 19:52:08,506 | INFO | SPREAD | pair=CHIP/USDC | cex=0.06679/0.06682 | dex_sell=0.0666974 dex_buy=0.066766 | spread_a=-18.3bps spread_b=3.6bps | min=30.0bps
2026-05-09 19:52:09,509 | INFO | fetch_order_book: symbol=CHIP/USDC limit=20
2026-05-09 19:52:09,773 | INFO | fetch_order_book: mid=0.06681 spread=5.99bps bids=20 asks=20
2026-05-09 19:52:10,711 | INFO | SPREAD | pair=CHIP/USDC | cex=0.06679/0.06683 | dex_sell=0.0667833 dex_buy=0.0668058 | spread_a=-7.0bps spread_b=-2.4bps | min=30.0bps
2026-05-09 19:52:11,714 | INFO | fetch_order_book: symbol=CHIP/USDC limit=20
2026-05-09 19:52:12,056 | INFO | fetch_order_book: mid=0.066845 spread=4.49bps bids=20 asks=20
2026-05-09 19:52:13,040 | INFO | SPREAD | pair=CHIP/USDC | cex=0.06683/0.06686 | dex_sell=0.0667836 dex_buy=0.066806 | spread_a=-11.4bps spread_b=3.6bps | min=30.0bps
2026-05-09 19:52:14,043 | INFO | fetch_order_book: symbol=CHIP/USDC limit=20
2026-05-09 19:52:14,385 | INFO | fetch_order_book: mid=0.066845 spread=4.49bps bids=20 asks=20
2026-05-09 19:52:15,320 | INFO | SPREAD | pair=CHIP/USDC | cex=0.06683/0.06686 | dex_sell=0.0667836 dex_buy=0.066806 | spread_a=-11.4bps spread_b=3.6bps | min=30.0bps
2026-05-09 19:52:16,324 | INFO | fetch_order_book: symbol=CHIP/USDC limit=20
2026-05-09 19:52:16,832 | INFO | fetch_order_book: mid=0.06684 spread=2.99bps bids=20 asks=20
2026-05-09 19:52:17,762 | INFO | SPREAD | pair=CHIP/USDC | cex=0.06683/0.06685 | dex_sell=0.0667836 dex_buy=0.066806 | spread_a=-9.9bps spread_b=3.6bps | min=30.0bps
2026-05-09 19:52:18,764 | INFO | fetch_order_book: symbol=CHIP/USDC limit=20
2026-05-09 19:52:19,115 | INFO | fetch_order_book: mid=0.066825 spread=7.48bps bids=20 asks=20
2026-05-09 19:52:20,029 | INFO | SPREAD | pair=CHIP/USDC | cex=0.0668/0.06685 | dex_sell=0.0667836 dex_buy=0.066806 | spread_a=-9.9bps spread_b=-0.9bps | min=30.0bps
2026-05-09 19:52:21,032 | INFO | fetch_order_book: symbol=CHIP/USDC limit=20
2026-05-09 19:52:21,446 | INFO | fetch_order_book: mid=0.066825 spread=7.48bps bids=20 asks=20
2026-05-09 19:52:22,377 | INFO | SPREAD | pair=CHIP/USDC | cex=0.0668/0.06685 | dex_sell=0.0667836 dex_buy=0.066806 | spread_a=-9.9bps spread_b=-0.9bps | min=30.0bps
2026-05-09 19:52:23,380 | INFO | fetch_order_book: symbol=CHIP/USDC limit=20
2026-05-09 19:52:23,642 | INFO | fetch_order_book: mid=0.066815 spread=4.49bps bids=20 asks=20
2026-05-09 19:52:24,572 | INFO | SPREAD | pair=CHIP/USDC | cex=0.0668/0.06683 | dex_sell=0.0667836 dex_buy=0.066806 | spread_a=-6.9bps spread_b=-0.9bps | min=30.0bps
2026-05-09 19:52:25,576 | INFO | fetch_order_book: symbol=CHIP/USDC limit=20
2026-05-09 19:52:25,848 | INFO | fetch_order_book: mid=0.066805 spread=7.48bps bids=20 asks=20
2026-05-09 19:52:26,770 | INFO | SPREAD | pair=CHIP/USDC | cex=0.06678/0.06683 | dex_sell=0.0667836 dex_buy=0.066806 | spread_a=-6.9bps spread_b=-3.9bps | min=30.0bps
2026-05-09 19:52:27,771 | INFO | fetch_order_book: symbol=CHIP/USDC limit=20
2026-05-09 19:52:28,032 | INFO | fetch_order_book: mid=0.06681 spread=5.99bps bids=20 asks=20
2026-05-09 19:52:29,143 | INFO | SPREAD | pair=CHIP/USDC | cex=0.06679/0.06683 | dex_sell=0.0667836 dex_buy=0.066806 | spread_a=-6.9bps spread_b=-2.4bps | min=30.0bps
2026-05-09 19:52:30,146 | INFO | fetch_order_book: symbol=CHIP/USDC limit=20
2026-05-09 19:52:30,429 | INFO | fetch_order_book: mid=0.066805 spread=4.49bps bids=20 asks=20
2026-05-09 19:52:31,389 | INFO | SPREAD | pair=CHIP/USDC | cex=0.06679/0.06682 | dex_sell=0.0667836 dex_buy=0.066806 | spread_a=-5.5bps spread_b=-2.4bps | min=30.0bps
2026-05-09 19:52:32,393 | INFO | fetch_order_book: symbol=CHIP/USDC limit=20
2026-05-09 19:52:32,659 | INFO | fetch_order_book: mid=0.06681 spread=5.99bps bids=20 asks=20
2026-05-09 19:52:33,562 | INFO | SPREAD | pair=CHIP/USDC | cex=0.06679/0.06683 | dex_sell=0.0667836 dex_buy=0.066806 | spread_a=-6.9bps spread_b=-2.4bps | min=30.0bps
2026-05-09 19:52:34,565 | INFO | fetch_order_book: symbol=CHIP/USDC limit=20
2026-05-09 19:52:34,831 | INFO | fetch_order_book: mid=0.06683 spread=5.99bps bids=20 asks=20
2026-05-09 19:52:35,791 | INFO | SPREAD | pair=CHIP/USDC | cex=0.06681/0.06685 | dex_sell=0.0667836 dex_buy=0.066806 | spread_a=-9.9bps spread_b=0.6bps | min=30.0bps
2026-05-09 19:52:36,795 | INFO | fetch_order_book: symbol=CHIP/USDC limit=20
2026-05-09 19:52:37,077 | INFO | fetch_order_book: mid=0.06679 spread=5.99bps bids=20 asks=20
2026-05-09 19:52:37,970 | INFO | SPREAD | pair=CHIP/USDC | cex=0.06677/0.06681 | dex_sell=0.0667475 dex_buy=0.0667699 | spread_a=-9.4bps spread_b=0.0bps | min=30.0bps
2026-05-09 19:52:38,974 | INFO | fetch_order_book: symbol=CHIP/USDC limit=20
2026-05-09 19:52:39,367 | INFO | fetch_order_book: mid=0.06679 spread=5.99bps bids=20 asks=20
2026-05-09 19:52:40,298 | INFO | SPREAD | pair=CHIP/USDC | cex=0.06677/0.06681 | dex_sell=0.0667475 dex_buy=0.0667699 | spread_a=-9.4bps spread_b=0.0bps | min=30.0bps
2026-05-09 19:52:41,302 | INFO | fetch_order_book: symbol=CHIP/USDC limit=20
2026-05-09 19:52:41,629 | INFO | fetch_order_book: mid=0.06684 spread=5.98bps bids=20 asks=20
2026-05-09 19:52:42,537 | INFO | SPREAD | pair=CHIP/USDC | cex=0.06682/0.06686 | dex_sell=0.0667475 dex_buy=0.0668059 | spread_a=-16.8bps spread_b=2.1bps | min=30.0bps
2026-05-09 19:52:43,540 | INFO | fetch_order_book: symbol=CHIP/USDC limit=20
2026-05-09 19:52:43,806 | INFO | fetch_order_book: mid=0.066835 spread=4.49bps bids=20 asks=20
2026-05-09 19:52:44,776 | INFO | SPREAD | pair=CHIP/USDC | cex=0.06682/0.06685 | dex_sell=0.0667835 dex_buy=0.0668059 | spread_a=-10.0bps spread_b=2.1bps | min=30.0bps
2026-05-09 19:52:45,779 | INFO | fetch_order_book: symbol=CHIP/USDC limit=20
2026-05-09 19:52:46,329 | INFO | fetch_order_book: mid=0.06684 spread=5.98bps bids=20 asks=20
2026-05-09 19:52:47,215 | INFO | SPREAD | pair=CHIP/USDC | cex=0.06682/0.06686 | dex_sell=0.0667835 dex_buy=0.0668059 | spread_a=-11.4bps spread_b=2.1bps | min=30.0bps
2026-05-09 19:52:48,219 | INFO | fetch_order_book: symbol=CHIP/USDC limit=20
2026-05-09 19:52:48,479 | INFO | fetch_order_book: mid=0.066845 spread=7.48bps bids=20 asks=20
2026-05-09 19:52:49,352 | INFO | SPREAD | pair=CHIP/USDC | cex=0.06682/0.06687 | dex_sell=0.0667835 dex_buy=0.0668059 | spread_a=-12.9bps spread_b=2.1bps | min=30.0bps
2026-05-09 19:52:50,355 | INFO | fetch_order_book: symbol=CHIP/USDC limit=20
2026-05-09 19:52:50,612 | INFO | fetch_order_book: mid=0.066845 spread=7.48bps bids=20 asks=20
2026-05-09 19:52:51,530 | INFO | SPREAD | pair=CHIP/USDC | cex=0.06682/0.06687 | dex_sell=0.0667835 dex_buy=0.0668059 | spread_a=-12.9bps spread_b=2.1bps | min=30.0bps
2026-05-09 19:52:52,533 | INFO | fetch_order_book: symbol=CHIP/USDC limit=20
2026-05-09 19:52:52,803 | INFO | fetch_order_book: mid=0.066825 spread=7.48bps bids=20 asks=20
2026-05-09 19:52:53,754 | INFO | SPREAD | pair=CHIP/USDC | cex=0.0668/0.06685 | dex_sell=0.0667835 dex_buy=0.0668059 | spread_a=-10.0bps spread_b=-0.9bps | min=30.0bps
2026-05-09 19:52:54,758 | INFO | fetch_order_book: symbol=CHIP/USDC limit=20
2026-05-09 19:52:55,055 | INFO | fetch_order_book: mid=0.06682 spread=8.98bps bids=20 asks=20
2026-05-09 19:52:55,956 | INFO | SPREAD | pair=CHIP/USDC | cex=0.06679/0.06685 | dex_sell=0.0667835 dex_buy=0.0668059 | spread_a=-10.0bps spread_b=-2.4bps | min=30.0bps
2026-05-09 19:52:56,958 | INFO | fetch_order_book: symbol=CHIP/USDC limit=20
2026-05-09 19:52:57,287 | INFO | fetch_order_book: mid=0.066825 spread=10.48bps bids=20 asks=20
2026-05-09 19:52:58,241 | INFO | SPREAD | pair=CHIP/USDC | cex=0.06679/0.06686 | dex_sell=0.0667835 dex_buy=0.0668059 | spread_a=-11.4bps spread_b=-2.4bps | min=30.0bps
2026-05-09 19:52:59,244 | INFO | fetch_order_book: symbol=CHIP/USDC limit=20
2026-05-09 19:52:59,529 | INFO | fetch_order_book: mid=0.066825 spread=10.48bps bids=20 asks=20
2026-05-09 19:53:00,513 | INFO | SPREAD | pair=CHIP/USDC | cex=0.06679/0.06686 | dex_sell=0.0667835 dex_buy=0.0668059 | spread_a=-11.4bps spread_b=-2.4bps | min=30.0bps
2026-05-09 19:53:01,517 | INFO | fetch_order_book: symbol=CHIP/USDC limit=20
2026-05-09 19:53:01,799 | INFO | fetch_order_book: mid=0.06683 spread=8.98bps bids=20 asks=20
2026-05-09 19:53:02,754 | INFO | SPREAD | pair=CHIP/USDC | cex=0.0668/0.06686 | dex_sell=0.0667835 dex_buy=0.0668059 | spread_a=-11.4bps spread_b=-0.9bps | min=30.0bps
2026-05-09 19:53:03,758 | INFO | fetch_order_book: symbol=CHIP/USDC limit=20
2026-05-09 19:53:04,119 | INFO | fetch_order_book: mid=0.066825 spread=10.48bps bids=20 asks=20
2026-05-09 19:53:05,040 | INFO | SPREAD | pair=CHIP/USDC | cex=0.06679/0.06686 | dex_sell=0.0667835 dex_buy=0.0668059 | spread_a=-11.4bps spread_b=-2.4bps | min=30.0bps
2026-05-09 19:53:06,044 | INFO | fetch_order_book: symbol=CHIP/USDC limit=20
2026-05-09 19:53:06,328 | INFO | fetch_order_book: mid=0.06679 spread=2.99bps bids=20 asks=20
2026-05-09 19:53:07,271 | INFO | SPREAD | pair=CHIP/USDC | cex=0.06678/0.0668 | dex_sell=0.0667478 dex_buy=0.0667702 | spread_a=-7.8bps spread_b=1.5bps | min=30.0bps
2026-05-09 19:53:08,275 | INFO | fetch_order_book: symbol=CHIP/USDC limit=20
2026-05-09 19:53:08,650 | INFO | fetch_order_book: mid=0.06679 spread=2.99bps bids=20 asks=20
2026-05-09 19:53:09,573 | INFO | SPREAD | pair=CHIP/USDC | cex=0.06678/0.0668 | dex_sell=0.0667478 dex_buy=0.0667702 | spread_a=-7.8bps spread_b=1.5bps | min=30.0bps
2026-05-09 19:53:10,577 | INFO | fetch_order_book: symbol=CHIP/USDC limit=20
2026-05-09 19:53:10,838 | INFO | fetch_order_book: mid=0.06679 spread=2.99bps bids=20 asks=20
2026-05-09 19:53:11,789 | INFO | SPREAD | pair=CHIP/USDC | cex=0.06678/0.0668 | dex_sell=0.0667478 dex_buy=0.0667702 | spread_a=-7.8bps spread_b=1.5bps | min=30.0bps
2026-05-09 19:53:12,792 | INFO | fetch_order_book: symbol=CHIP/USDC limit=20
2026-05-09 19:53:13,104 | INFO | fetch_order_book: mid=0.066765 spread=1.50bps bids=20 asks=20
2026-05-09 19:53:13,997 | INFO | SPREAD | pair=CHIP/USDC | cex=0.06676/0.06677 | dex_sell=0.0667478 dex_buy=0.0667702 | spread_a=-3.3bps spread_b=-1.5bps | min=30.0bps
2026-05-09 19:53:15,001 | INFO | fetch_order_book: symbol=CHIP/USDC limit=20
2026-05-09 19:53:15,295 | INFO | fetch_order_book: mid=0.066765 spread=4.49bps bids=20 asks=20
2026-05-09 19:53:16,254 | INFO | SPREAD | pair=CHIP/USDC | cex=0.06675/0.06678 | dex_sell=0.0667478 dex_buy=0.0667702 | spread_a=-4.8bps spread_b=-3.0bps | min=30.0bps
2026-05-09 19:53:17,257 | INFO | fetch_order_book: symbol=CHIP/USDC limit=20
2026-05-09 19:53:17,520 | INFO | fetch_order_book: mid=0.066765 spread=4.49bps bids=20 asks=20
2026-05-09 19:53:18,466 | INFO | SPREAD | pair=CHIP/USDC | cex=0.06675/0.06678 | dex_sell=0.0667478 dex_buy=0.0667702 | spread_a=-4.8bps spread_b=-3.0bps | min=30.0bps
2026-05-09 19:53:19,469 | INFO | fetch_order_book: symbol=CHIP/USDC limit=20
2026-05-09 19:53:19,814 | INFO | fetch_order_book: mid=0.066785 spread=4.49bps bids=20 asks=20
2026-05-09 19:53:20,745 | INFO | SPREAD | pair=CHIP/USDC | cex=0.06677/0.0668 | dex_sell=0.0667478 dex_buy=0.0667702 | spread_a=-7.8bps spread_b=-0.0bps | min=30.0bps
2026-05-09 19:53:21,749 | INFO | fetch_order_book: symbol=CHIP/USDC limit=20
2026-05-09 19:53:22,117 | INFO | fetch_order_book: mid=0.06681 spread=5.99bps bids=20 asks=20
2026-05-09 19:53:23,109 | INFO | SPREAD | pair=CHIP/USDC | cex=0.06679/0.06683 | dex_sell=0.0667478 dex_buy=0.0667702 | spread_a=-12.3bps spread_b=3.0bps | min=30.0bps
2026-05-09 19:53:24,112 | INFO | fetch_order_book: symbol=CHIP/USDC limit=20
2026-05-09 19:53:24,384 | INFO | fetch_order_book: mid=0.066815 spread=7.48bps bids=20 asks=20
2026-05-09 19:53:25,282 | INFO | SPREAD | pair=CHIP/USDC | cex=0.06679/0.06684 | dex_sell=0.0667834 dex_buy=0.0667698 | spread_a=-8.5bps spread_b=3.0bps | min=30.0bps
2026-05-09 19:53:26,285 | INFO | fetch_order_book: symbol=CHIP/USDC limit=20
2026-05-09 19:53:27,011 | INFO | fetch_order_book: mid=0.066815 spread=7.48bps bids=20 asks=20
2026-05-09 19:53:27,907 | INFO | SPREAD | pair=CHIP/USDC | cex=0.06679/0.06684 | dex_sell=0.0667473 dex_buy=0.0667698 | spread_a=-13.9bps spread_b=3.0bps | min=30.0bps
2026-05-09 19:53:28,910 | INFO | fetch_order_book: symbol=CHIP/USDC limit=20
2026-05-09 19:53:29,338 | INFO | fetch_order_book: mid=0.06683 spread=5.99bps bids=20 asks=20
2026-05-09 19:53:30,322 | INFO | SPREAD | pair=CHIP/USDC | cex=0.06681/0.06685 | dex_sell=0.0667473 dex_buy=0.0667698 | spread_a=-15.4bps spread_b=6.0bps | min=30.0bps
2026-05-09 19:53:31,325 | INFO | fetch_order_book: symbol=CHIP/USDC limit=20
2026-05-09 19:53:31,601 | INFO | fetch_order_book: mid=0.06683 spread=5.99bps bids=20 asks=20
2026-05-09 19:53:32,484 | INFO | SPREAD | pair=CHIP/USDC | cex=0.06681/0.06685 | dex_sell=0.0667473 dex_buy=0.0667698 | spread_a=-15.4bps spread_b=6.0bps | min=30.0bps
2026-05-09 19:53:33,488 | INFO | fetch_order_book: symbol=CHIP/USDC limit=20
2026-05-09 19:53:33,866 | INFO | fetch_order_book: mid=0.06684 spread=5.98bps bids=20 asks=20
2026-05-09 19:53:34,820 | INFO | SPREAD | pair=CHIP/USDC | cex=0.06682/0.06686 | dex_sell=0.0667833 dex_buy=0.0668058 | spread_a=-11.5bps spread_b=2.1bps | min=30.0bps
2026-05-09 19:53:35,824 | INFO | fetch_order_book: symbol=CHIP/USDC limit=20
2026-05-09 19:53:36,140 | INFO | fetch_order_book: mid=0.06685 spread=2.99bps bids=20 asks=20
2026-05-09 19:53:37,088 | INFO | SPREAD | pair=CHIP/USDC | cex=0.06684/0.06686 | dex_sell=0.0667833 dex_buy=0.0668058 | spread_a=-11.5bps spread_b=5.1bps | min=30.0bps
2026-05-09 19:53:38,092 | INFO | fetch_order_book: symbol=CHIP/USDC limit=20
2026-05-09 19:53:38,452 | INFO | fetch_order_book: mid=0.066855 spread=1.50bps bids=20 asks=20
2026-05-09 19:53:39,409 | INFO | SPREAD | pair=CHIP/USDC | cex=0.06685/0.06686 | dex_sell=0.0667833 dex_buy=0.0668058 | spread_a=-11.5bps spread_b=6.6bps | min=30.0bps
2026-05-09 19:53:40,412 | INFO | fetch_order_book: symbol=CHIP/USDC limit=20
2026-05-09 19:53:40,810 | INFO | fetch_order_book: mid=0.06685 spread=2.99bps bids=20 asks=20
2026-05-09 19:53:41,733 | INFO | SPREAD | pair=CHIP/USDC | cex=0.06684/0.06686 | dex_sell=0.0667833 dex_buy=0.0668058 | spread_a=-11.5bps spread_b=5.1bps | min=30.0bps
2026-05-09 19:53:42,737 | INFO | fetch_order_book: symbol=CHIP/USDC limit=20
2026-05-09 19:53:43,109 | INFO | fetch_order_book: mid=0.066865 spread=4.49bps bids=20 asks=20
2026-05-09 19:53:44,051 | INFO | SPREAD | pair=CHIP/USDC | cex=0.06685/0.06688 | dex_sell=0.0668235 dex_buy=0.066846 | spread_a=-8.5bps spread_b=0.6bps | min=30.0bps
2026-05-09 19:53:45,055 | INFO | fetch_order_book: symbol=CHIP/USDC limit=20
2026-05-09 19:53:45,414 | INFO | fetch_order_book: mid=0.066845 spread=7.48bps bids=20 asks=20
2026-05-09 19:53:46,312 | INFO | SPREAD | pair=CHIP/USDC | cex=0.06682/0.06687 | dex_sell=0.0668235 dex_buy=0.0668459 | spread_a=-7.0bps spread_b=-3.9bps | min=30.0bps
2026-05-09 19:53:47,316 | INFO | fetch_order_book: symbol=CHIP/USDC limit=20
2026-05-09 19:53:47,588 | INFO | fetch_order_book: mid=0.066835 spread=4.49bps bids=20 asks=20
2026-05-09 19:53:48,542 | INFO | SPREAD | pair=CHIP/USDC | cex=0.06682/0.06685 | dex_sell=0.0668235 dex_buy=0.0668459 | spread_a=-4.0bps spread_b=-3.9bps | min=30.0bps
2026-05-09 19:53:49,545 | INFO | fetch_order_book: symbol=CHIP/USDC limit=20
2026-05-09 19:53:49,923 | INFO | fetch_order_book: mid=0.066835 spread=4.49bps bids=20 asks=20
2026-05-09 19:53:50,802 | INFO | SPREAD | pair=CHIP/USDC | cex=0.06682/0.06685 | dex_sell=0.0667877 dex_buy=0.0668102 | spread_a=-9.3bps spread_b=1.5bps | min=30.0bps
2026-05-09 19:53:51,805 | INFO | fetch_order_book: symbol=CHIP/USDC limit=20
2026-05-09 19:53:52,101 | INFO | fetch_order_book: mid=0.066805 spread=1.50bps bids=20 asks=20
2026-05-09 19:53:53,108 | INFO | SPREAD | pair=CHIP/USDC | cex=0.0668/0.06681 | dex_sell=0.0667877 dex_buy=0.0668102 | spread_a=-3.3bps spread_b=-1.5bps | min=30.0bps
2026-05-09 19:53:54,112 | INFO | fetch_order_book: symbol=CHIP/USDC limit=20
2026-05-09 19:53:54,495 | INFO | fetch_order_book: mid=0.066815 spread=4.49bps bids=20 asks=20
2026-05-09 19:53:55,469 | INFO | SPREAD | pair=CHIP/USDC | cex=0.0668/0.06683 | dex_sell=0.0667877 dex_buy=0.0668102 | spread_a=-6.3bps spread_b=-1.5bps | min=30.0bps
2026-05-09 19:53:56,473 | INFO | fetch_order_book: symbol=CHIP/USDC limit=20
2026-05-09 19:53:56,809 | INFO | fetch_order_book: mid=0.066815 spread=4.49bps bids=20 asks=20
2026-05-09 19:53:57,775 | INFO | SPREAD | pair=CHIP/USDC | cex=0.0668/0.06683 | dex_sell=0.0667877 dex_buy=0.0668102 | spread_a=-6.3bps spread_b=-1.5bps | min=30.0bps
2026-05-09 19:53:58,778 | INFO | fetch_order_book: symbol=CHIP/USDC limit=20
2026-05-09 19:53:59,037 | INFO | fetch_order_book: mid=0.066815 spread=4.49bps bids=20 asks=20
2026-05-09 19:53:59,937 | INFO | SPREAD | pair=CHIP/USDC | cex=0.0668/0.06683 | dex_sell=0.0667877 dex_buy=0.0668102 | spread_a=-6.3bps spread_b=-1.5bps | min=30.0bps
2026-05-09 19:54:00,941 | INFO | fetch_order_book: symbol=CHIP/USDC limit=20
2026-05-09 19:54:01,286 | INFO | fetch_order_book: mid=0.066745 spread=1.50bps bids=20 asks=20
2026-05-09 19:54:02,222 | INFO | SPREAD | pair=CHIP/USDC | cex=0.06674/0.06675 | dex_sell=0.0667475 dex_buy=0.0667699 | spread_a=-0.4bps spread_b=-4.5bps | min=30.0bps
2026-05-09 19:54:03,225 | INFO | fetch_order_book: symbol=CHIP/USDC limit=20
2026-05-09 19:54:04,030 | INFO | fetch_order_book: mid=0.06676 spread=5.99bps bids=20 asks=20
2026-05-09 19:54:04,916 | INFO | SPREAD | pair=CHIP/USDC | cex=0.06674/0.06678 | dex_sell=0.0667073 dex_buy=0.0667297 | spread_a=-10.9bps spread_b=1.5bps | min=30.0bps
2026-05-09 19:54:05,919 | INFO | fetch_order_book: symbol=CHIP/USDC limit=20
2026-05-09 19:54:06,307 | INFO | fetch_order_book: mid=0.066735 spread=4.50bps bids=20 asks=20
2026-05-09 19:54:07,281 | INFO | SPREAD | pair=CHIP/USDC | cex=0.06672/0.06675 | dex_sell=0.0667073 dex_buy=0.0667297 | spread_a=-6.4bps spread_b=-1.5bps | min=30.0bps
2026-05-09 19:54:08,285 | INFO | fetch_order_book: symbol=CHIP/USDC limit=20
2026-05-09 19:54:08,544 | INFO | fetch_order_book: mid=0.066715 spread=4.50bps bids=20 asks=20
2026-05-09 19:54:09,445 | INFO | SPREAD | pair=CHIP/USDC | cex=0.0667/0.06673 | dex_sell=0.0667073 dex_buy=0.0667297 | spread_a=-3.4bps spread_b=-4.5bps | min=30.0bps
2026-05-09 19:54:10,448 | INFO | fetch_order_book: symbol=CHIP/USDC limit=20
2026-05-09 19:54:10,709 | INFO | fetch_order_book: mid=0.066695 spread=4.50bps bids=20 asks=20
2026-05-09 19:54:11,667 | INFO | SPREAD | pair=CHIP/USDC | cex=0.06668/0.06671 | dex_sell=0.0666675 dex_buy=0.0666899 | spread_a=-6.4bps spread_b=-1.5bps | min=30.0bps
2026-05-09 19:54:12,669 | INFO | fetch_order_book: symbol=CHIP/USDC limit=20
2026-05-09 19:54:12,939 | INFO | fetch_order_book: mid=0.066705 spread=7.50bps bids=20 asks=20
2026-05-09 19:54:13,878 | INFO | SPREAD | pair=CHIP/USDC | cex=0.06668/0.06673 | dex_sell=0.0666675 dex_buy=0.0666899 | spread_a=-9.4bps spread_b=-1.5bps | min=30.0bps
2026-05-09 19:54:14,881 | INFO | fetch_order_book: symbol=CHIP/USDC limit=20
2026-05-09 19:54:15,226 | INFO | fetch_order_book: mid=0.06670 spread=6.00bps bids=20 asks=20
2026-05-09 19:54:16,164 | INFO | SPREAD | pair=CHIP/USDC | cex=0.06668/0.06672 | dex_sell=0.0666675 dex_buy=0.0666899 | spread_a=-7.9bps spread_b=-1.5bps | min=30.0bps
2026-05-09 19:54:17,167 | INFO | fetch_order_book: symbol=CHIP/USDC limit=20
2026-05-09 19:54:17,440 | INFO | fetch_order_book: mid=0.06673 spread=5.99bps bids=20 asks=20
2026-05-09 19:54:18,360 | INFO | SPREAD | pair=CHIP/USDC | cex=0.06671/0.06675 | dex_sell=0.0666675 dex_buy=0.0666899 | spread_a=-12.4bps spread_b=3.0bps | min=30.0bps
2026-05-09 19:54:19,363 | INFO | fetch_order_book: symbol=CHIP/USDC limit=20
2026-05-09 19:54:19,627 | INFO | fetch_order_book: mid=0.06668 spread=6.00bps bids=20 asks=20
2026-05-09 19:54:20,557 | INFO | SPREAD | pair=CHIP/USDC | cex=0.06666/0.0667 | dex_sell=0.0666675 dex_buy=0.0666899 | spread_a=-4.9bps spread_b=-4.5bps | min=30.0bps
2026-05-09 19:54:21,560 | INFO | fetch_order_book: symbol=CHIP/USDC limit=20
2026-05-09 19:54:21,826 | INFO | fetch_order_book: mid=0.066675 spread=4.50bps bids=20 asks=20
2026-05-09 19:54:22,836 | INFO | SPREAD | pair=CHIP/USDC | cex=0.06666/0.06669 | dex_sell=0.0666274 dex_buy=0.0666498 | spread_a=-9.4bps spread_b=1.5bps | min=30.0bps
2026-05-09 19:54:23,840 | INFO | fetch_order_book: symbol=CHIP/USDC limit=20
2026-05-09 19:54:24,115 | INFO | fetch_order_book: mid=0.06668 spread=6.00bps bids=20 asks=20
2026-05-09 19:54:25,024 | INFO | SPREAD | pair=CHIP/USDC | cex=0.06666/0.0667 | dex_sell=0.0666274 dex_buy=0.0666498 | spread_a=-10.9bps spread_b=1.5bps | min=30.0bps
2026-05-09 19:54:26,027 | INFO | fetch_order_book: symbol=CHIP/USDC limit=20
2026-05-09 19:54:26,285 | INFO | fetch_order_book: mid=0.06668 spread=6.00bps bids=20 asks=20
2026-05-09 19:54:27,213 | INFO | SPREAD | pair=CHIP/USDC | cex=0.06666/0.0667 | dex_sell=0.0666274 dex_buy=0.0666498 | spread_a=-10.9bps spread_b=1.5bps | min=30.0bps
2026-05-09 19:54:28,217 | INFO | fetch_order_book: symbol=CHIP/USDC limit=20
2026-05-09 19:54:28,486 | INFO | fetch_order_book: mid=0.06671 spread=6.00bps bids=20 asks=20
2026-05-09 19:54:29,329 | INFO | SPREAD | pair=CHIP/USDC | cex=0.06669/0.06673 | dex_sell=0.0666633 dex_buy=0.0666857 | spread_a=-10.0bps spread_b=0.6bps | min=30.0bps
2026-05-09 19:54:30,331 | INFO | fetch_order_book: symbol=CHIP/USDC limit=20
2026-05-09 19:54:30,984 | INFO | fetch_order_book: mid=0.066705 spread=7.50bps bids=20 asks=20
2026-05-09 19:54:31,903 | INFO | SPREAD | pair=CHIP/USDC | cex=0.06668/0.06673 | dex_sell=0.0666633 dex_buy=0.0666857 | spread_a=-10.0bps spread_b=-0.9bps | min=30.0bps
2026-05-09 19:54:32,907 | INFO | fetch_order_book: symbol=CHIP/USDC limit=20
2026-05-09 19:54:33,164 | INFO | fetch_order_book: mid=0.06668 spread=6.00bps bids=20 asks=20
2026-05-09 19:54:34,027 | INFO | SPREAD | pair=CHIP/USDC | cex=0.06666/0.0667 | dex_sell=0.0666633 dex_buy=0.0666857 | spread_a=-5.5bps spread_b=-3.9bps | min=30.0bps
2026-05-09 19:54:35,030 | INFO | fetch_order_book: symbol=CHIP/USDC limit=20
2026-05-09 19:54:35,458 | INFO | fetch_order_book: mid=0.06668 spread=6.00bps bids=20 asks=20
2026-05-09 19:54:36,360 | INFO | SPREAD | pair=CHIP/USDC | cex=0.06666/0.0667 | dex_sell=0.0666633 dex_buy=0.0666857 | spread_a=-5.5bps spread_b=-3.9bps | min=30.0bps
2026-05-09 19:54:37,364 | INFO | fetch_order_book: symbol=CHIP/USDC limit=20
2026-05-09 19:54:37,762 | INFO | fetch_order_book: mid=0.06667 spread=3.00bps bids=20 asks=20
2026-05-09 19:54:38,650 | INFO | SPREAD | pair=CHIP/USDC | cex=0.06666/0.06668 | dex_sell=0.0666273 dex_buy=0.0666498 | spread_a=-7.9bps spread_b=1.5bps | min=30.0bps
2026-05-09 19:54:39,654 | INFO | fetch_order_book: symbol=CHIP/USDC limit=20
2026-05-09 19:54:39,913 | INFO | fetch_order_book: mid=0.066665 spread=1.50bps bids=20 asks=20
2026-05-09 19:54:40,817 | INFO | SPREAD | pair=CHIP/USDC | cex=0.06666/0.06667 | dex_sell=0.0666273 dex_buy=0.0666498 | spread_a=-6.4bps spread_b=1.5bps | min=30.0bps
2026-05-09 19:54:41,820 | INFO | fetch_order_book: symbol=CHIP/USDC limit=20
2026-05-09 19:54:42,080 | INFO | fetch_order_book: mid=0.066665 spread=1.50bps bids=20 asks=20
2026-05-09 19:54:42,936 | INFO | SPREAD | pair=CHIP/USDC | cex=0.06666/0.06667 | dex_sell=0.0666273 dex_buy=0.0666498 | spread_a=-6.4bps spread_b=1.5bps | min=30.0bps
2026-05-09 19:54:43,939 | INFO | fetch_order_book: symbol=CHIP/USDC limit=20
2026-05-09 19:54:44,214 | INFO | fetch_order_book: mid=0.06668 spread=6.00bps bids=20 asks=20
2026-05-09 19:54:45,136 | INFO | SPREAD | pair=CHIP/USDC | cex=0.06666/0.0667 | dex_sell=0.0666273 dex_buy=0.0666498 | spread_a=-10.9bps spread_b=1.5bps | min=30.0bps
2026-05-09 19:54:46,140 | INFO | fetch_order_book: symbol=CHIP/USDC limit=20
2026-05-09 19:54:46,417 | INFO | fetch_order_book: mid=0.066705 spread=4.50bps bids=20 asks=20
2026-05-09 19:54:47,304 | INFO | SPREAD | pair=CHIP/USDC | cex=0.06669/0.06672 | dex_sell=0.0666273 dex_buy=0.0666498 | spread_a=-13.9bps spread_b=6.0bps | min=30.0bps
2026-05-09 19:54:48,308 | INFO | fetch_order_book: symbol=CHIP/USDC limit=20
2026-05-09 19:54:48,566 | INFO | fetch_order_book: mid=0.066705 spread=4.50bps bids=20 asks=20
2026-05-09 19:54:49,481 | INFO | SPREAD | pair=CHIP/USDC | cex=0.06669/0.06672 | dex_sell=0.0666273 dex_buy=0.0666857 | spread_a=-13.9bps spread_b=0.6bps | min=30.0bps
2026-05-09 19:54:50,483 | INFO | fetch_order_book: symbol=CHIP/USDC limit=20
2026-05-09 19:54:50,768 | INFO | fetch_order_book: mid=0.066755 spread=1.50bps bids=20 asks=20
2026-05-09 19:54:51,619 | INFO | SPREAD | pair=CHIP/USDC | cex=0.06675/0.06676 | dex_sell=0.0667034 dex_buy=0.0667259 | spread_a=-8.5bps spread_b=3.6bps | min=30.0bps
2026-05-09 19:54:52,622 | INFO | fetch_order_book: symbol=CHIP/USDC limit=20
2026-05-09 19:54:52,883 | INFO | fetch_order_book: mid=0.066765 spread=4.49bps bids=20 asks=20
2026-05-09 19:54:53,916 | INFO | SPREAD | pair=CHIP/USDC | cex=0.06675/0.06678 | dex_sell=0.0667034 dex_buy=0.0667259 | spread_a=-11.5bps spread_b=3.6bps | min=30.0bps
2026-05-09 19:54:54,919 | INFO | fetch_order_book: symbol=CHIP/USDC limit=20
2026-05-09 19:54:55,240 | INFO | fetch_order_book: mid=0.066765 spread=4.49bps bids=20 asks=20
2026-05-09 19:54:56,156 | INFO | SPREAD | pair=CHIP/USDC | cex=0.06675/0.06678 | dex_sell=0.0667436 dex_buy=0.066766 | spread_a=-5.5bps spread_b=-2.4bps | min=30.0bps
2026-05-09 19:54:57,159 | INFO | fetch_order_book: symbol=CHIP/USDC limit=20
2026-05-09 19:54:57,423 | INFO | fetch_order_book: mid=0.066765 spread=4.49bps bids=20 asks=20
2026-05-09 19:54:58,337 | INFO | SPREAD | pair=CHIP/USDC | cex=0.06675/0.06678 | dex_sell=0.0667436 dex_buy=0.066766 | spread_a=-5.5bps spread_b=-2.4bps | min=30.0bps
2026-05-09 19:54:59,340 | INFO | fetch_order_book: symbol=CHIP/USDC limit=20
2026-05-09 19:54:59,603 | INFO | fetch_order_book: mid=0.066765 spread=4.49bps bids=20 asks=20
2026-05-09 19:55:00,476 | INFO | SPREAD | pair=CHIP/USDC | cex=0.06675/0.06678 | dex_sell=0.0667436 dex_buy=0.066766 | spread_a=-5.5bps spread_b=-2.4bps | min=30.0bps
2026-05-09 19:55:01,480 | INFO | fetch_order_book: symbol=CHIP/USDC limit=20
2026-05-09 19:55:01,839 | INFO | fetch_order_book: mid=0.066745 spread=7.49bps bids=20 asks=20
2026-05-09 19:55:02,820 | INFO | SPREAD | pair=CHIP/USDC | cex=0.06672/0.06677 | dex_sell=0.0667075 dex_buy=0.06673 | spread_a=-9.4bps spread_b=-1.5bps | min=30.0bps
2026-05-09 19:55:03,824 | INFO | fetch_order_book: symbol=CHIP/USDC limit=20
2026-05-09 19:55:04,161 | INFO | fetch_order_book: mid=0.06674 spread=8.99bps bids=20 asks=20
2026-05-09 19:55:05,061 | INFO | SPREAD | pair=CHIP/USDC | cex=0.06671/0.06677 | dex_sell=0.0667075 dex_buy=0.06673 | spread_a=-9.4bps spread_b=-3.0bps | min=30.0bps
2026-05-09 19:55:06,064 | INFO | fetch_order_book: symbol=CHIP/USDC limit=20
2026-05-09 19:55:06,326 | INFO | fetch_order_book: mid=0.06673 spread=5.99bps bids=20 asks=20
2026-05-09 19:55:07,252 | INFO | SPREAD | pair=CHIP/USDC | cex=0.06671/0.06675 | dex_sell=0.0667075 dex_buy=0.06673 | spread_a=-6.4bps spread_b=-3.0bps | min=30.0bps
2026-05-09 19:55:08,255 | INFO | fetch_order_book: symbol=CHIP/USDC limit=20
2026-05-09 19:55:08,564 | INFO | fetch_order_book: mid=0.06672 spread=6.00bps bids=20 asks=20
2026-05-09 19:55:09,423 | INFO | SPREAD | pair=CHIP/USDC | cex=0.0667/0.06674 | dex_sell=0.0667075 dex_buy=0.06673 | spread_a=-4.9bps spread_b=-4.5bps | min=30.0bps
2026-05-09 19:55:10,425 | INFO | fetch_order_book: symbol=CHIP/USDC limit=20
2026-05-09 19:55:10,714 | INFO | fetch_order_book: mid=0.06672 spread=6.00bps bids=20 asks=20
2026-05-09 19:55:11,607 | INFO | SPREAD | pair=CHIP/USDC | cex=0.0667/0.06674 | dex_sell=0.0667075 dex_buy=0.06673 | spread_a=-4.9bps spread_b=-4.5bps | min=30.0bps
2026-05-09 19:55:12,610 | INFO | fetch_order_book: symbol=CHIP/USDC limit=20
2026-05-09 19:55:12,880 | INFO | fetch_order_book: mid=0.06671 spread=6.00bps bids=20 asks=20
2026-05-09 19:55:13,793 | INFO | SPREAD | pair=CHIP/USDC | cex=0.06669/0.06673 | dex_sell=0.0666673 dex_buy=0.0666898 | spread_a=-9.4bps spread_b=0.0bps | min=30.0bps
2026-05-09 19:55:14,796 | INFO | fetch_order_book: symbol=CHIP/USDC limit=20
2026-05-09 19:55:15,158 | INFO | fetch_order_book: mid=0.06672 spread=6.00bps bids=20 asks=20
2026-05-09 19:55:16,061 | INFO | SPREAD | pair=CHIP/USDC | cex=0.0667/0.06674 | dex_sell=0.0666673 dex_buy=0.0666898 | spread_a=-10.9bps spread_b=1.5bps | min=30.0bps
2026-05-09 19:55:17,065 | INFO | fetch_order_book: symbol=CHIP/USDC limit=20
2026-05-09 19:55:17,374 | INFO | fetch_order_book: mid=0.066715 spread=7.49bps bids=20 asks=20
2026-05-09 19:55:18,199 | INFO | SPREAD | pair=CHIP/USDC | cex=0.06669/0.06674 | dex_sell=0.0666673 dex_buy=0.0666898 | spread_a=-10.9bps spread_b=0.0bps | min=30.0bps
2026-05-09 19:55:19,203 | INFO | fetch_order_book: symbol=CHIP/USDC limit=20
2026-05-09 19:55:19,463 | INFO | fetch_order_book: mid=0.066735 spread=7.49bps bids=20 asks=20
2026-05-09 19:55:20,384 | INFO | SPREAD | pair=CHIP/USDC | cex=0.06671/0.06676 | dex_sell=0.0666673 dex_buy=0.0666898 | spread_a=-13.9bps spread_b=3.0bps | min=30.0bps
2026-05-09 19:55:21,387 | INFO | fetch_order_book: symbol=CHIP/USDC limit=20
2026-05-09 19:55:21,659 | INFO | fetch_order_book: mid=0.06674 spread=5.99bps bids=20 asks=20
2026-05-09 19:55:22,581 | INFO | SPREAD | pair=CHIP/USDC | cex=0.06672/0.06676 | dex_sell=0.0667033 dex_buy=0.0667258 | spread_a=-8.5bps spread_b=-0.9bps | min=30.0bps
2026-05-09 19:55:23,584 | INFO | fetch_order_book: symbol=CHIP/USDC limit=20
2026-05-09 19:55:23,850 | INFO | fetch_order_book: mid=0.06677 spread=5.99bps bids=20 asks=20
2026-05-09 19:55:24,744 | INFO | SPREAD | pair=CHIP/USDC | cex=0.06675/0.06679 | dex_sell=0.0667434 dex_buy=0.0667659 | spread_a=-7.0bps spread_b=-2.4bps | min=30.0bps
2026-05-09 19:55:25,746 | INFO | fetch_order_book: symbol=CHIP/USDC limit=20
2026-05-09 19:55:26,034 | INFO | fetch_order_book: mid=0.066845 spread=4.49bps bids=20 asks=20
2026-05-09 19:55:26,890 | INFO | SPREAD | pair=CHIP/USDC | cex=0.06683/0.06686 | dex_sell=0.0667836 dex_buy=0.0668061 | spread_a=-11.4bps spread_b=3.6bps | min=30.0bps
2026-05-09 19:55:27,893 | INFO | fetch_order_book: symbol=CHIP/USDC limit=20
2026-05-09 19:55:28,155 | INFO | fetch_order_book: mid=0.06681 spread=5.99bps bids=20 asks=20
2026-05-09 19:55:29,042 | INFO | SPREAD | pair=CHIP/USDC | cex=0.06679/0.06683 | dex_sell=0.0667836 dex_buy=0.0668061 | spread_a=-6.9bps spread_b=-2.4bps | min=30.0bps
2026-05-09 19:55:30,045 | INFO | fetch_order_book: symbol=CHIP/USDC limit=20
2026-05-09 19:55:30,615 | INFO | fetch_order_book: mid=0.066775 spread=7.49bps bids=20 asks=20
2026-05-09 19:55:31,473 | INFO | SPREAD | pair=CHIP/USDC | cex=0.06675/0.0668 | dex_sell=0.0667836 dex_buy=0.06677 | spread_a=-2.5bps spread_b=-3.0bps | min=30.0bps
2026-05-09 19:55:32,476 | INFO | fetch_order_book: symbol=CHIP/USDC limit=20
2026-05-09 19:55:32,735 | INFO | fetch_order_book: mid=0.066755 spread=4.49bps bids=20 asks=20
2026-05-09 19:55:33,652 | INFO | SPREAD | pair=CHIP/USDC | cex=0.06674/0.06677 | dex_sell=0.0667475 dex_buy=0.06677 | spread_a=-3.4bps spread_b=-4.5bps | min=30.0bps
2026-05-09 19:55:34,655 | INFO | fetch_order_book: symbol=CHIP/USDC limit=20
2026-05-09 19:55:34,947 | INFO | fetch_order_book: mid=0.06679 spread=5.99bps bids=20 asks=20
2026-05-09 19:55:35,835 | INFO | SPREAD | pair=CHIP/USDC | cex=0.06677/0.06681 | dex_sell=0.0667475 dex_buy=0.06677 | spread_a=-9.4bps spread_b=0.0bps | min=30.0bps
2026-05-09 19:55:36,838 | INFO | fetch_order_book: symbol=CHIP/USDC limit=20
2026-05-09 19:55:37,132 | INFO | fetch_order_book: mid=0.06681 spread=2.99bps bids=20 asks=20
2026-05-09 19:55:38,046 | INFO | SPREAD | pair=CHIP/USDC | cex=0.0668/0.06682 | dex_sell=0.0667475 dex_buy=0.06677 | spread_a=-10.8bps spread_b=4.5bps | min=30.0bps
2026-05-09 19:55:39,049 | INFO | fetch_order_book: symbol=CHIP/USDC limit=20
2026-05-09 19:55:39,321 | INFO | fetch_order_book: mid=0.066845 spread=4.49bps bids=20 asks=20
2026-05-09 19:55:40,201 | INFO | SPREAD | pair=CHIP/USDC | cex=0.06683/0.06686 | dex_sell=0.0667835 dex_buy=0.066806 | spread_a=-11.4bps spread_b=3.6bps | min=30.0bps
2026-05-09 19:55:41,204 | INFO | fetch_order_book: symbol=CHIP/USDC limit=20
2026-05-09 19:55:41,467 | INFO | fetch_order_book: mid=0.06685 spread=2.99bps bids=20 asks=20
2026-05-09 19:55:42,369 | INFO | SPREAD | pair=CHIP/USDC | cex=0.06684/0.06686 | dex_sell=0.0667835 dex_buy=0.066806 | spread_a=-11.4bps spread_b=5.1bps | min=30.0bps
2026-05-09 19:55:43,372 | INFO | fetch_order_book: symbol=CHIP/USDC limit=20
2026-05-09 19:55:43,631 | INFO | fetch_order_book: mid=0.066845 spread=4.49bps bids=20 asks=20
2026-05-09 19:55:44,548 | INFO | SPREAD | pair=CHIP/USDC | cex=0.06683/0.06686 | dex_sell=0.0667835 dex_buy=0.066806 | spread_a=-11.4bps spread_b=3.6bps | min=30.0bps
2026-05-09 19:55:45,551 | INFO | fetch_order_book: symbol=CHIP/USDC limit=20
2026-05-09 19:55:45,847 | INFO | fetch_order_book: mid=0.066845 spread=4.49bps bids=20 asks=20
2026-05-09 19:55:46,760 | INFO | SPREAD | pair=CHIP/USDC | cex=0.06683/0.06686 | dex_sell=0.0667835 dex_buy=0.066806 | spread_a=-11.4bps spread_b=3.6bps | min=30.0bps
2026-05-09 19:55:47,763 | INFO | fetch_order_book: symbol=CHIP/USDC limit=20
2026-05-09 19:55:48,024 | INFO | fetch_order_book: mid=0.066845 spread=4.49bps bids=20 asks=20
2026-05-09 19:55:48,893 | INFO | SPREAD | pair=CHIP/USDC | cex=0.06683/0.06686 | dex_sell=0.0667835 dex_buy=0.066806 | spread_a=-11.4bps spread_b=3.6bps | min=30.0bps
2026-05-09 19:55:49,896 | INFO | fetch_order_book: symbol=CHIP/USDC limit=20
2026-05-09 19:55:50,179 | INFO | fetch_order_book: mid=0.066805 spread=7.48bps bids=20 asks=20
2026-05-09 19:55:51,126 | INFO | SPREAD | pair=CHIP/USDC | cex=0.06678/0.06683 | dex_sell=0.0667835 dex_buy=0.066806 | spread_a=-7.0bps spread_b=-3.9bps | min=30.0bps
2026-05-09 19:55:52,129 | INFO | fetch_order_book: symbol=CHIP/USDC limit=20
2026-05-09 19:55:52,410 | INFO | fetch_order_book: mid=0.06681 spread=5.99bps bids=20 asks=20
2026-05-09 19:55:53,324 | INFO | SPREAD | pair=CHIP/USDC | cex=0.06679/0.06683 | dex_sell=0.0667835 dex_buy=0.066806 | spread_a=-7.0bps spread_b=-2.4bps | min=30.0bps
2026-05-09 19:55:54,327 | INFO | fetch_order_book: symbol=CHIP/USDC limit=20
2026-05-09 19:55:54,602 | INFO | fetch_order_book: mid=0.06682 spread=5.99bps bids=20 asks=20
2026-05-09 19:55:55,501 | INFO | SPREAD | pair=CHIP/USDC | cex=0.0668/0.06684 | dex_sell=0.0667835 dex_buy=0.066806 | spread_a=-8.5bps spread_b=-0.9bps | min=30.0bps
2026-05-09 19:55:56,505 | INFO | fetch_order_book: symbol=CHIP/USDC limit=20
2026-05-09 19:55:56,783 | INFO | fetch_order_book: mid=0.06680 spread=5.99bps bids=20 asks=20
2026-05-09 19:55:56,785 | INFO | HOURLY_SUMMARY | signals=0 | passed_score=0 | passed_validator=0 | passed_risk=0 | trades=0 | success=0 | failed=0 | execution_rate=0.0% | errors={}
2026-05-09 19:55:57,680 | INFO | SPREAD | pair=CHIP/USDC | cex=0.06678/0.06682 | dex_sell=0.0667835 dex_buy=0.066806 | spread_a=-5.5bps spread_b=-3.9bps | min=30.0bps
2026-05-09 19:55:58,683 | INFO | fetch_order_book: symbol=CHIP/USDC limit=20
2026-05-09 19:55:58,949 | INFO | fetch_order_book: mid=0.066815 spread=7.48bps bids=20 asks=20
2026-05-09 19:55:59,827 | INFO | SPREAD | pair=CHIP/USDC | cex=0.06679/0.06684 | dex_sell=0.0667835 dex_buy=0.066806 | spread_a=-8.5bps spread_b=-2.4bps | min=30.0bps
2026-05-09 19:56:00,830 | INFO | fetch_order_book: symbol=CHIP/USDC limit=20
2026-05-09 19:56:01,089 | INFO | fetch_order_book: mid=0.066825 spread=7.48bps bids=20 asks=20
2026-05-09 19:56:02,006 | INFO | SPREAD | pair=CHIP/USDC | cex=0.0668/0.06685 | dex_sell=0.0667835 dex_buy=0.066806 | spread_a=-9.9bps spread_b=-0.9bps | min=30.0bps
2026-05-09 19:56:03,009 | INFO | fetch_order_book: symbol=CHIP/USDC limit=20
2026-05-09 19:56:03,337 | INFO | fetch_order_book: mid=0.066845 spread=4.49bps bids=20 asks=20
2026-05-09 19:56:04,242 | INFO | SPREAD | pair=CHIP/USDC | cex=0.06683/0.06686 | dex_sell=0.0667835 dex_buy=0.066806 | spread_a=-11.4bps spread_b=3.6bps | min=30.0bps
2026-05-09 19:56:05,245 | INFO | fetch_order_book: symbol=CHIP/USDC limit=20
2026-05-09 19:56:05,576 | INFO | fetch_order_book: mid=0.06683 spread=5.99bps bids=20 asks=20
2026-05-09 19:56:06,461 | INFO | SPREAD | pair=CHIP/USDC | cex=0.06681/0.06685 | dex_sell=0.0667835 dex_buy=0.066806 | spread_a=-9.9bps spread_b=0.6bps | min=30.0bps
2026-05-09 19:56:07,464 | INFO | fetch_order_book: symbol=CHIP/USDC limit=20
2026-05-09 19:56:07,976 | INFO | fetch_order_book: mid=0.066845 spread=4.49bps bids=20 asks=20
2026-05-09 19:56:08,913 | INFO | SPREAD | pair=CHIP/USDC | cex=0.06683/0.06686 | dex_sell=0.0667835 dex_buy=0.066806 | spread_a=-11.4bps spread_b=3.6bps | min=30.0bps
2026-05-09 19:56:09,916 | INFO | fetch_order_book: symbol=CHIP/USDC limit=20
2026-05-09 19:56:10,209 | INFO | fetch_order_book: mid=0.066845 spread=4.49bps bids=20 asks=20
2026-05-09 19:56:11,157 | INFO | SPREAD | pair=CHIP/USDC | cex=0.06683/0.06686 | dex_sell=0.0667835 dex_buy=0.066806 | spread_a=-11.4bps spread_b=3.6bps | min=30.0bps
2026-05-09 19:56:12,160 | INFO | fetch_order_book: symbol=CHIP/USDC limit=20
2026-05-09 19:56:12,416 | INFO | fetch_order_book: mid=0.06689 spread=2.99bps bids=20 asks=20
2026-05-09 19:56:13,285 | INFO | SPREAD | pair=CHIP/USDC | cex=0.06688/0.0669 | dex_sell=0.0668233 dex_buy=0.0668458 | spread_a=-11.5bps spread_b=5.1bps | min=30.0bps
2026-05-09 19:56:14,289 | INFO | fetch_order_book: symbol=CHIP/USDC limit=20
2026-05-09 19:56:14,619 | INFO | fetch_order_book: mid=0.06693 spread=2.99bps bids=20 asks=20
2026-05-09 19:56:15,515 | INFO | SPREAD | pair=CHIP/USDC | cex=0.06692/0.06694 | dex_sell=0.0668345 dex_buy=0.066857 | spread_a=-15.8bps spread_b=9.4bps | min=30.0bps
2026-05-09 19:56:16,519 | INFO | fetch_order_book: symbol=CHIP/USDC limit=20
2026-05-09 19:56:16,781 | INFO | fetch_order_book: mid=0.066915 spread=4.48bps bids=20 asks=20
2026-05-09 19:56:17,636 | INFO | SPREAD | pair=CHIP/USDC | cex=0.0669/0.06693 | dex_sell=0.0668345 dex_buy=0.066857 | spread_a=-14.3bps spread_b=6.4bps | min=30.0bps
2026-05-09 19:56:18,640 | INFO | fetch_order_book: symbol=CHIP/USDC limit=20
2026-05-09 19:56:18,925 | INFO | fetch_order_book: mid=0.066915 spread=4.48bps bids=20 asks=20
2026-05-09 19:56:19,803 | INFO | SPREAD | pair=CHIP/USDC | cex=0.0669/0.06693 | dex_sell=0.0668345 dex_buy=0.066857 | spread_a=-14.3bps spread_b=6.4bps | min=30.0bps
2026-05-09 19:56:20,806 | INFO | fetch_order_book: symbol=CHIP/USDC limit=20
2026-05-09 19:56:21,066 | INFO | fetch_order_book: mid=0.066885 spread=7.48bps bids=20 asks=20
2026-05-09 19:56:21,934 | INFO | SPREAD | pair=CHIP/USDC | cex=0.06686/0.06691 | dex_sell=0.0668345 dex_buy=0.066857 | spread_a=-11.3bps spread_b=0.4bps | min=30.0bps
2026-05-09 19:56:22,938 | INFO | fetch_order_book: symbol=CHIP/USDC limit=20
2026-05-09 19:56:23,195 | INFO | fetch_order_book: mid=0.06685 spread=5.98bps bids=20 asks=20
2026-05-09 19:56:24,112 | INFO | SPREAD | pair=CHIP/USDC | cex=0.06683/0.06687 | dex_sell=0.0668345 dex_buy=0.066857 | spread_a=-5.3bps spread_b=-4.0bps | min=30.0bps
2026-05-09 19:56:25,114 | INFO | fetch_order_book: symbol=CHIP/USDC limit=20
2026-05-09 19:56:25,420 | INFO | fetch_order_book: mid=0.06689 spread=5.98bps bids=20 asks=20
2026-05-09 19:56:26,303 | INFO | SPREAD | pair=CHIP/USDC | cex=0.06687/0.06691 | dex_sell=0.0668345 dex_buy=0.066857 | spread_a=-11.3bps spread_b=1.9bps | min=30.0bps
2026-05-09 19:56:27,305 | INFO | fetch_order_book: symbol=CHIP/USDC limit=20
2026-05-09 19:56:27,562 | INFO | fetch_order_book: mid=0.066895 spread=7.47bps bids=20 asks=20
2026-05-09 19:56:28,452 | INFO | SPREAD | pair=CHIP/USDC | cex=0.06687/0.06692 | dex_sell=0.0668345 dex_buy=0.066857 | spread_a=-12.8bps spread_b=1.9bps | min=30.0bps
2026-05-09 19:56:29,455 | INFO | fetch_order_book: symbol=CHIP/USDC limit=20
2026-05-09 19:56:29,715 | INFO | fetch_order_book: mid=0.06690 spread=5.98bps bids=20 asks=20
2026-05-09 19:56:30,563 | INFO | SPREAD | pair=CHIP/USDC | cex=0.06688/0.06692 | dex_sell=0.0668345 dex_buy=0.066857 | spread_a=-12.8bps spread_b=3.4bps | min=30.0bps
2026-05-09 19:56:31,566 | INFO | fetch_order_book: symbol=CHIP/USDC limit=20
2026-05-09 19:56:31,827 | INFO | fetch_order_book: mid=0.066935 spread=1.49bps bids=20 asks=20
2026-05-09 19:56:32,732 | INFO | SPREAD | pair=CHIP/USDC | cex=0.06693/0.06694 | dex_sell=0.0668345 dex_buy=0.066857 | spread_a=-15.8bps spread_b=10.9bps | min=30.0bps
2026-05-09 19:58:44,016 | INFO | fetch_order_book: symbol=CHIP/USDC limit=20
2026-05-09 19:58:44,530 | INFO | fetch_order_book: mid=0.06705 spread=5.97bps bids=20 asks=20
2026-05-09 19:58:45,448 | INFO | SPREAD | pair=CHIP/USDC | cex=0.06703/0.06707 | dex_sell=0.0669418 dex_buy=0.0669643 | spread_a=-19.1bps spread_b=9.8bps | min=30.0bps
2026-05-09 19:58:46,452 | INFO | fetch_order_book: symbol=CHIP/USDC limit=20
2026-05-09 19:58:46,712 | INFO | fetch_order_book: mid=0.06706 spread=5.96bps bids=20 asks=20
2026-05-09 19:58:47,658 | INFO | SPREAD | pair=CHIP/USDC | cex=0.06704/0.06708 | dex_sell=0.0669418 dex_buy=0.0669643 | spread_a=-20.6bps spread_b=11.3bps | min=30.0bps
2026-05-09 19:58:48,661 | INFO | fetch_order_book: symbol=CHIP/USDC limit=20
2026-05-09 19:58:48,948 | INFO | fetch_order_book: mid=0.067055 spread=4.47bps bids=20 asks=20
2026-05-09 19:58:49,852 | INFO | SPREAD | pair=CHIP/USDC | cex=0.06704/0.06707 | dex_sell=0.0669418 dex_buy=0.0669643 | spread_a=-19.1bps spread_b=11.3bps | min=30.0bps
2026-05-09 19:58:50,855 | INFO | fetch_order_book: symbol=CHIP/USDC limit=20
2026-05-09 19:58:51,124 | INFO | fetch_order_book: mid=0.06706 spread=5.96bps bids=20 asks=20
2026-05-09 19:58:52,065 | INFO | SPREAD | pair=CHIP/USDC | cex=0.06704/0.06708 | dex_sell=0.0669418 dex_buy=0.0669643 | spread_a=-20.6bps spread_b=11.3bps | min=30.0bps
2026-05-09 19:59:53,358 | INFO | fetch_order_book: symbol=CHIP/USDC limit=20
2026-05-09 19:59:54,001 | INFO | fetch_order_book: mid=0.06717 spread=5.96bps bids=20 asks=20
2026-05-09 19:59:54,870 | INFO | SPREAD | pair=CHIP/USDC | cex=0.06715/0.06719 | dex_sell=0.0671395 dex_buy=0.0671622 | spread_a=-7.5bps spread_b=-1.8bps | min=30.0bps
2026-05-09 19:59:55,873 | INFO | fetch_order_book: symbol=CHIP/USDC limit=20
2026-05-09 19:59:56,178 | INFO | fetch_order_book: mid=0.067195 spread=4.46bps bids=20 asks=20
2026-05-09 19:59:57,084 | INFO | SPREAD | pair=CHIP/USDC | cex=0.06718/0.06721 | dex_sell=0.0671395 dex_buy=0.0671621 | spread_a=-10.5bps spread_b=2.7bps | min=30.0bps
2026-05-09 19:59:58,087 | INFO | fetch_order_book: symbol=CHIP/USDC limit=20
2026-05-09 19:59:58,359 | INFO | fetch_order_book: mid=0.06719 spread=5.95bps bids=20 asks=20
2026-05-09 19:59:59,269 | INFO | SPREAD | pair=CHIP/USDC | cex=0.06717/0.06721 | dex_sell=0.0671395 dex_buy=0.0671621 | spread_a=-10.5bps spread_b=1.2bps | min=30.0bps
2026-05-09 20:00:00,272 | INFO | fetch_order_book: symbol=CHIP/USDC limit=20
2026-05-09 20:07:17,483 | ERROR | fetch_order_book network error: binance GET https://api.binance.com/api/v3/depth?symbol=CHIPUSDC&limit=20
2026-05-09 20:07:17,483 | WARNING | _fetch_prices failed for CHIP/USDC: binance GET https://api.binance.com/api/v3/depth?symbol=CHIPUSDC&limit=20
Traceback (most recent call last):
  File "/Users/ivantaborskykh/PycharmProjects/Peanut_Internship/.venv/lib/python3.14/site-packages/urllib3/connectionpool.py", line 534, in _make_request
    response = conn.getresponse()
  File "/Users/ivantaborskykh/PycharmProjects/Peanut_Internship/.venv/lib/python3.14/site-packages/urllib3/connection.py", line 571, in getresponse
    httplib_response = super().getresponse()
  File "/opt/homebrew/Cellar/python@3.14/3.14.3_1/Frameworks/Python.framework/Versions/3.14/lib/python3.14/http/client.py", line 1450, in getresponse
    response.begin()
    ~~~~~~~~~~~~~~^^
  File "/opt/homebrew/Cellar/python@3.14/3.14.3_1/Frameworks/Python.framework/Versions/3.14/lib/python3.14/http/client.py", line 336, in begin
    version, status, reason = self._read_status()
                              ~~~~~~~~~~~~~~~~~^^
  File "/opt/homebrew/Cellar/python@3.14/3.14.3_1/Frameworks/Python.framework/Versions/3.14/lib/python3.14/http/client.py", line 297, in _read_status
    line = str(self.fp.readline(_MAXLINE + 1), "iso-8859-1")
               ~~~~~~~~~~~~~~~~^^^^^^^^^^^^^^
  File "/opt/homebrew/Cellar/python@3.14/3.14.3_1/Frameworks/Python.framework/Versions/3.14/lib/python3.14/socket.py", line 725, in readinto
    return self._sock.recv_into(b)
           ~~~~~~~~~~~~~~~~~~~~^^^
  File "/opt/homebrew/Cellar/python@3.14/3.14.3_1/Frameworks/Python.framework/Versions/3.14/lib/python3.14/ssl.py", line 1304, in recv_into
    return self.read(nbytes, buffer)
           ~~~~~~~~~^^^^^^^^^^^^^^^^
  File "/opt/homebrew/Cellar/python@3.14/3.14.3_1/Frameworks/Python.framework/Versions/3.14/lib/python3.14/ssl.py", line 1138, in read
    return self._sslobj.read(len, buffer)
           ~~~~~~~~~~~~~~~~~^^^^^^^^^^^^^
TimeoutError: The read operation timed out

The above exception was the direct cause of the following exception:

Traceback (most recent call last):
  File "/Users/ivantaborskykh/PycharmProjects/Peanut_Internship/.venv/lib/python3.14/site-packages/requests/adapters.py", line 645, in send
    resp = conn.urlopen(
        method=request.method,
    ...<9 lines>...
        chunked=chunked,
    )
  File "/Users/ivantaborskykh/PycharmProjects/Peanut_Internship/.venv/lib/python3.14/site-packages/urllib3/connectionpool.py", line 841, in urlopen
    retries = retries.increment(
        method, url, error=new_e, _pool=self, _stacktrace=sys.exc_info()[2]
    )
  File "/Users/ivantaborskykh/PycharmProjects/Peanut_Internship/.venv/lib/python3.14/site-packages/urllib3/util/retry.py", line 490, in increment
    raise reraise(type(error), error, _stacktrace)
          ~~~~~~~^^^^^^^^^^^^^^^^^^^^^^^^^^^^^^^^^
  File "/Users/ivantaborskykh/PycharmProjects/Peanut_Internship/.venv/lib/python3.14/site-packages/urllib3/util/util.py", line 39, in reraise
    raise value
  File "/Users/ivantaborskykh/PycharmProjects/Peanut_Internship/.venv/lib/python3.14/site-packages/urllib3/connectionpool.py", line 787, in urlopen
    response = self._make_request(
        conn,
    ...<10 lines>...
        **response_kw,
    )
  File "/Users/ivantaborskykh/PycharmProjects/Peanut_Internship/.venv/lib/python3.14/site-packages/urllib3/connectionpool.py", line 536, in _make_request
    self._raise_timeout(err=e, url=url, timeout_value=read_timeout)
    ~~~~~~~~~~~~~~~~~~~^^^^^^^^^^^^^^^^^^^^^^^^^^^^^^^^^^^^^^^^^^^^
  File "/Users/ivantaborskykh/PycharmProjects/Peanut_Internship/.venv/lib/python3.14/site-packages/urllib3/connectionpool.py", line 367, in _raise_timeout
    raise ReadTimeoutError(
        self, url, f"Read timed out. (read timeout={timeout_value})"
    ) from err
urllib3.exceptions.ReadTimeoutError: HTTPSConnectionPool(host='api.binance.com', port=443): Read timed out. (read timeout=10.0)

During handling of the above exception, another exception occurred:

Traceback (most recent call last):
  File "/Users/ivantaborskykh/PycharmProjects/Peanut_Internship/.venv/lib/python3.14/site-packages/ccxt/base/exchange.py", line 662, in fetch
    response = self.session.request(
        method,
    ...<6 lines>...
        files=files
    )
  File "/Users/ivantaborskykh/PycharmProjects/Peanut_Internship/.venv/lib/python3.14/site-packages/requests/sessions.py", line 592, in request
    resp = self.send(prep, **send_kwargs)
  File "/Users/ivantaborskykh/PycharmProjects/Peanut_Internship/.venv/lib/python3.14/site-packages/requests/sessions.py", line 706, in send
    r = adapter.send(request, **kwargs)
  File "/Users/ivantaborskykh/PycharmProjects/Peanut_Internship/.venv/lib/python3.14/site-packages/requests/adapters.py", line 691, in send
    raise ReadTimeout(e, request=request)
requests.exceptions.ReadTimeout: HTTPSConnectionPool(host='api.binance.com', port=443): Read timed out. (read timeout=10.0)

The above exception was the direct cause of the following exception:

Traceback (most recent call last):
  File "/Users/ivantaborskykh/PycharmProjects/Peanut_Internship/src/strategy/generator.py", line 110, in _fetch_prices
    ob = self.exchange.fetch_order_book(pair)
  File "/Users/ivantaborskykh/PycharmProjects/Peanut_Internship/src/exchange/client.py", line 243, in fetch_order_book
    ob = self._exchange.fetch_order_book(symbol, limit)
  File "/Users/ivantaborskykh/PycharmProjects/Peanut_Internship/.venv/lib/python3.14/site-packages/ccxt/binance.py", line 4011, in fetch_order_book
    response = self.publicGetDepth(self.extend(request, params))
  File "/Users/ivantaborskykh/PycharmProjects/Peanut_Internship/.venv/lib/python3.14/site-packages/ccxt/base/types.py", line 35, in unbound_method
    return _self.request(self.path, self.api, self.method, params, config=self.config)
           ~~~~~~~~~~~~~^^^^^^^^^^^^^^^^^^^^^^^^^^^^^^^^^^^^^^^^^^^^^^^^^^^^^^^^^^^^^^
  File "/Users/ivantaborskykh/PycharmProjects/Peanut_Internship/.venv/lib/python3.14/site-packages/ccxt/binance.py", line 11651, in request
    response = self.fetch2(path, api, method, params, headers, body, config)
  File "/Users/ivantaborskykh/PycharmProjects/Peanut_Internship/.venv/lib/python3.14/site-packages/ccxt/base/exchange.py", line 5358, in fetch2
    raise e
  File "/Users/ivantaborskykh/PycharmProjects/Peanut_Internship/.venv/lib/python3.14/site-packages/ccxt/base/exchange.py", line 5348, in fetch2
    return self.fetch(request['url'], request['method'], request['headers'], request['body'])
           ~~~~~~~~~~^^^^^^^^^^^^^^^^^^^^^^^^^^^^^^^^^^^^^^^^^^^^^^^^^^^^^^^^^^^^^^^^^^^^^^^^
  File "/Users/ivantaborskykh/PycharmProjects/Peanut_Internship/.venv/lib/python3.14/site-packages/ccxt/base/exchange.py", line 695, in fetch
    raise RequestTimeout(details) from e
ccxt.base.errors.RequestTimeout: binance GET https://api.binance.com/api/v3/depth?symbol=CHIPUSDC&limit=20
2026-05-09 20:07:18,508 | INFO | fetch_order_book: symbol=CHIP/USDC limit=20
2026-05-09 20:07:18,873 | INFO | fetch_order_book: mid=0.06694 spread=5.98bps bids=20 asks=20
2026-05-09 20:07:18,893 | WARNING | _fetch_prices failed for CHIP/USDC: QuoterV2 call reverted (CHIP->USDC fee=100): ('Connection aborted.', ConnectionResetError(54, 'Connection reset by peer'))
Traceback (most recent call last):
  File "/Users/ivantaborskykh/PycharmProjects/Peanut_Internship/.venv/lib/python3.14/site-packages/urllib3/connectionpool.py", line 787, in urlopen
    response = self._make_request(
        conn,
    ...<10 lines>...
        **response_kw,
    )
  File "/Users/ivantaborskykh/PycharmProjects/Peanut_Internship/.venv/lib/python3.14/site-packages/urllib3/connectionpool.py", line 534, in _make_request
    response = conn.getresponse()
  File "/Users/ivantaborskykh/PycharmProjects/Peanut_Internship/.venv/lib/python3.14/site-packages/urllib3/connection.py", line 571, in getresponse
    httplib_response = super().getresponse()
  File "/opt/homebrew/Cellar/python@3.14/3.14.3_1/Frameworks/Python.framework/Versions/3.14/lib/python3.14/http/client.py", line 1450, in getresponse
    response.begin()
    ~~~~~~~~~~~~~~^^
  File "/opt/homebrew/Cellar/python@3.14/3.14.3_1/Frameworks/Python.framework/Versions/3.14/lib/python3.14/http/client.py", line 336, in begin
    version, status, reason = self._read_status()
                              ~~~~~~~~~~~~~~~~~^^
  File "/opt/homebrew/Cellar/python@3.14/3.14.3_1/Frameworks/Python.framework/Versions/3.14/lib/python3.14/http/client.py", line 297, in _read_status
    line = str(self.fp.readline(_MAXLINE + 1), "iso-8859-1")
               ~~~~~~~~~~~~~~~~^^^^^^^^^^^^^^
  File "/opt/homebrew/Cellar/python@3.14/3.14.3_1/Frameworks/Python.framework/Versions/3.14/lib/python3.14/socket.py", line 725, in readinto
    return self._sock.recv_into(b)
           ~~~~~~~~~~~~~~~~~~~~^^^
  File "/opt/homebrew/Cellar/python@3.14/3.14.3_1/Frameworks/Python.framework/Versions/3.14/lib/python3.14/ssl.py", line 1304, in recv_into
    return self.read(nbytes, buffer)
           ~~~~~~~~~^^^^^^^^^^^^^^^^
  File "/opt/homebrew/Cellar/python@3.14/3.14.3_1/Frameworks/Python.framework/Versions/3.14/lib/python3.14/ssl.py", line 1138, in read
    return self._sslobj.read(len, buffer)
           ~~~~~~~~~~~~~~~~~^^^^^^^^^^^^^
ConnectionResetError: [Errno 54] Connection reset by peer

During handling of the above exception, another exception occurred:

Traceback (most recent call last):
  File "/Users/ivantaborskykh/PycharmProjects/Peanut_Internship/.venv/lib/python3.14/site-packages/requests/adapters.py", line 645, in send
    resp = conn.urlopen(
        method=request.method,
    ...<9 lines>...
        chunked=chunked,
    )
  File "/Users/ivantaborskykh/PycharmProjects/Peanut_Internship/.venv/lib/python3.14/site-packages/urllib3/connectionpool.py", line 841, in urlopen
    retries = retries.increment(
        method, url, error=new_e, _pool=self, _stacktrace=sys.exc_info()[2]
    )
  File "/Users/ivantaborskykh/PycharmProjects/Peanut_Internship/.venv/lib/python3.14/site-packages/urllib3/util/retry.py", line 490, in increment
    raise reraise(type(error), error, _stacktrace)
          ~~~~~~~^^^^^^^^^^^^^^^^^^^^^^^^^^^^^^^^^
  File "/Users/ivantaborskykh/PycharmProjects/Peanut_Internship/.venv/lib/python3.14/site-packages/urllib3/util/util.py", line 38, in reraise
    raise value.with_traceback(tb)
  File "/Users/ivantaborskykh/PycharmProjects/Peanut_Internship/.venv/lib/python3.14/site-packages/urllib3/connectionpool.py", line 787, in urlopen
    response = self._make_request(
        conn,
    ...<10 lines>...
        **response_kw,
    )
  File "/Users/ivantaborskykh/PycharmProjects/Peanut_Internship/.venv/lib/python3.14/site-packages/urllib3/connectionpool.py", line 534, in _make_request
    response = conn.getresponse()
  File "/Users/ivantaborskykh/PycharmProjects/Peanut_Internship/.venv/lib/python3.14/site-packages/urllib3/connection.py", line 571, in getresponse
    httplib_response = super().getresponse()
  File "/opt/homebrew/Cellar/python@3.14/3.14.3_1/Frameworks/Python.framework/Versions/3.14/lib/python3.14/http/client.py", line 1450, in getresponse
    response.begin()
    ~~~~~~~~~~~~~~^^
  File "/opt/homebrew/Cellar/python@3.14/3.14.3_1/Frameworks/Python.framework/Versions/3.14/lib/python3.14/http/client.py", line 336, in begin
    version, status, reason = self._read_status()
                              ~~~~~~~~~~~~~~~~~^^
  File "/opt/homebrew/Cellar/python@3.14/3.14.3_1/Frameworks/Python.framework/Versions/3.14/lib/python3.14/http/client.py", line 297, in _read_status
    line = str(self.fp.readline(_MAXLINE + 1), "iso-8859-1")
               ~~~~~~~~~~~~~~~~^^^^^^^^^^^^^^
  File "/opt/homebrew/Cellar/python@3.14/3.14.3_1/Frameworks/Python.framework/Versions/3.14/lib/python3.14/socket.py", line 725, in readinto
    return self._sock.recv_into(b)
           ~~~~~~~~~~~~~~~~~~~~^^^
  File "/opt/homebrew/Cellar/python@3.14/3.14.3_1/Frameworks/Python.framework/Versions/3.14/lib/python3.14/ssl.py", line 1304, in recv_into
    return self.read(nbytes, buffer)
           ~~~~~~~~~^^^^^^^^^^^^^^^^
  File "/opt/homebrew/Cellar/python@3.14/3.14.3_1/Frameworks/Python.framework/Versions/3.14/lib/python3.14/ssl.py", line 1138, in read
    return self._sslobj.read(len, buffer)
           ~~~~~~~~~~~~~~~~~^^^^^^^^^^^^^
urllib3.exceptions.ProtocolError: ('Connection aborted.', ConnectionResetError(54, 'Connection reset by peer'))

During handling of the above exception, another exception occurred:

Traceback (most recent call last):
  File "/Users/ivantaborskykh/PycharmProjects/Peanut_Internship/src/pricing/uniswap_v3_quoter.py", line 87, in quote_exact_input_single
    raw = self.client._web3.eth.call({
        'to':   self.quoter_address.checksum,
        'data': '0x' + calldata.hex(),
    })
  File "/Users/ivantaborskykh/PycharmProjects/Peanut_Internship/.venv/lib/python3.14/site-packages/web3/eth/eth.py", line 247, in call
    return self._durin_call(transaction, block_identifier, state_override)
           ~~~~~~~~~~~~~~~~^^^^^^^^^^^^^^^^^^^^^^^^^^^^^^^^^^^^^^^^^^^^^^^
  File "/Users/ivantaborskykh/PycharmProjects/Peanut_Internship/.venv/lib/python3.14/site-packages/web3/eth/eth.py", line 266, in _durin_call
    return self._call(transaction, block_identifier, state_override)
           ~~~~~~~~~~^^^^^^^^^^^^^^^^^^^^^^^^^^^^^^^^^^^^^^^^^^^^^^^
  File "/Users/ivantaborskykh/PycharmProjects/Peanut_Internship/.venv/lib/python3.14/site-packages/web3/module.py", line 112, in caller
    result = w3.manager.request_blocking(
        method_str, params, error_formatters, null_result_formatters
    )
  File "/Users/ivantaborskykh/PycharmProjects/Peanut_Internship/.venv/lib/python3.14/site-packages/web3/manager.py", line 232, in request_blocking
    response = self._make_request(method, params)
  File "/Users/ivantaborskykh/PycharmProjects/Peanut_Internship/.venv/lib/python3.14/site-packages/web3/manager.py", line 163, in _make_request
    return request_func(method, params)
  File "/Users/ivantaborskykh/PycharmProjects/Peanut_Internship/.venv/lib/python3.14/site-packages/web3/middleware/base.py", line 56, in middleware
    return self.response_processor(method, make_request(method, params))
                                           ~~~~~~~~~~~~^^^^^^^^^^^^^^^^
  File "/Users/ivantaborskykh/PycharmProjects/Peanut_Internship/.venv/lib/python3.14/site-packages/web3/middleware/base.py", line 56, in middleware
    return self.response_processor(method, make_request(method, params))
                                           ~~~~~~~~~~~~^^^^^^^^^^^^^^^^
  File "/Users/ivantaborskykh/PycharmProjects/Peanut_Internship/.venv/lib/python3.14/site-packages/web3/middleware/base.py", line 56, in middleware
    return self.response_processor(method, make_request(method, params))
                                           ~~~~~~~~~~~~^^^^^^^^^^^^^^^^
  File "/Users/ivantaborskykh/PycharmProjects/Peanut_Internship/.venv/lib/python3.14/site-packages/web3/middleware/base.py", line 55, in middleware
    method, params = self.request_processor(method, params)
                     ~~~~~~~~~~~~~~~~~~~~~~^^^^^^^^^^^^^^^^
  File "/Users/ivantaborskykh/PycharmProjects/Peanut_Internship/.venv/lib/python3.14/site-packages/web3/middleware/formatting.py", line 156, in request_processor
    self.sync_formatters_builder(cast("Web3", self._w3), method),
    ~~~~~~~~~~~~~~~~~~~~~~~~~~~~^^^^^^^^^^^^^^^^^^^^^^^^^^^^^^^^
  File "/Users/ivantaborskykh/PycharmProjects/Peanut_Internship/.venv/lib/python3.14/site-packages/web3/middleware/validation.py", line 141, in build_method_validators
    w3_chain_id = w3.eth.chain_id
                  ^^^^^^^^^^^^^^^
  File "/Users/ivantaborskykh/PycharmProjects/Peanut_Internship/.venv/lib/python3.14/site-packages/web3/eth/eth.py", line 156, in chain_id
    return self._chain_id()
           ~~~~~~~~~~~~~~^^
  File "/Users/ivantaborskykh/PycharmProjects/Peanut_Internship/.venv/lib/python3.14/site-packages/web3/module.py", line 112, in caller
    result = w3.manager.request_blocking(
        method_str, params, error_formatters, null_result_formatters
    )
  File "/Users/ivantaborskykh/PycharmProjects/Peanut_Internship/.venv/lib/python3.14/site-packages/web3/manager.py", line 232, in request_blocking
    response = self._make_request(method, params)
  File "/Users/ivantaborskykh/PycharmProjects/Peanut_Internship/.venv/lib/python3.14/site-packages/web3/manager.py", line 163, in _make_request
    return request_func(method, params)
  File "/Users/ivantaborskykh/PycharmProjects/Peanut_Internship/.venv/lib/python3.14/site-packages/web3/middleware/base.py", line 56, in middleware
    return self.response_processor(method, make_request(method, params))
                                           ~~~~~~~~~~~~^^^^^^^^^^^^^^^^
  File "/Users/ivantaborskykh/PycharmProjects/Peanut_Internship/.venv/lib/python3.14/site-packages/web3/middleware/base.py", line 56, in middleware
    return self.response_processor(method, make_request(method, params))
                                           ~~~~~~~~~~~~^^^^^^^^^^^^^^^^
  File "/Users/ivantaborskykh/PycharmProjects/Peanut_Internship/.venv/lib/python3.14/site-packages/web3/middleware/base.py", line 56, in middleware
    return self.response_processor(method, make_request(method, params))
                                           ~~~~~~~~~~~~^^^^^^^^^^^^^^^^
  [Previous line repeated 2 more times]
  File "/Users/ivantaborskykh/PycharmProjects/Peanut_Internship/.venv/lib/python3.14/site-packages/web3/_utils/caching/caching_utils.py", line 261, in wrapper
    return func(provider, method, params)
  File "/Users/ivantaborskykh/PycharmProjects/Peanut_Internship/.venv/lib/python3.14/site-packages/web3/providers/rpc/rpc.py", line 166, in make_request
    raw_response = self._make_request(method, request_data)
  File "/Users/ivantaborskykh/PycharmProjects/Peanut_Internship/.venv/lib/python3.14/site-packages/web3/providers/rpc/rpc.py", line 143, in _make_request
    return self._request_session_manager.make_post_request(
           ~~~~~~~~~~~~~~~~~~~~~~~~~~~~~~~~~~~~~~~~~~~~~~~^
        self.endpoint_uri, request_data, **self.get_request_kwargs()
        ^^^^^^^^^^^^^^^^^^^^^^^^^^^^^^^^^^^^^^^^^^^^^^^^^^^^^^^^^^^^
    )
    ^
  File "/Users/ivantaborskykh/PycharmProjects/Peanut_Internship/.venv/lib/python3.14/site-packages/web3/_utils/http_session_manager.py", line 152, in make_post_request
    with self.get_response_from_post_request(
         ~~~~~~~~~~~~~~~~~~~~~~~~~~~~~~~~~~~^
        endpoint_uri, data=data, **kwargs
        ^^^^^^^^^^^^^^^^^^^^^^^^^^^^^^^^^
    ) as response:
    ^
  File "/Users/ivantaborskykh/PycharmProjects/Peanut_Internship/.venv/lib/python3.14/site-packages/web3/_utils/http_session_manager.py", line 134, in get_response_from_post_request
    return session.post(endpoint_uri, *args, **kwargs)
           ~~~~~~~~~~~~^^^^^^^^^^^^^^^^^^^^^^^^^^^^^^^
  File "/Users/ivantaborskykh/PycharmProjects/Peanut_Internship/.venv/lib/python3.14/site-packages/requests/sessions.py", line 640, in post
    return self.request("POST", url, data=data, json=json, **kwargs)
           ~~~~~~~~~~~~^^^^^^^^^^^^^^^^^^^^^^^^^^^^^^^^^^^^^^^^^^^^^
  File "/Users/ivantaborskykh/PycharmProjects/Peanut_Internship/.venv/lib/python3.14/site-packages/requests/sessions.py", line 592, in request
    resp = self.send(prep, **send_kwargs)
  File "/Users/ivantaborskykh/PycharmProjects/Peanut_Internship/.venv/lib/python3.14/site-packages/requests/sessions.py", line 706, in send
    r = adapter.send(request, **kwargs)
  File "/Users/ivantaborskykh/PycharmProjects/Peanut_Internship/.venv/lib/python3.14/site-packages/requests/adapters.py", line 660, in send
    raise ConnectionError(err, request=request)
requests.exceptions.ConnectionError: ('Connection aborted.', ConnectionResetError(54, 'Connection reset by peer'))

The above exception was the direct cause of the following exception:

Traceback (most recent call last):
  File "/Users/ivantaborskykh/PycharmProjects/Peanut_Internship/src/pricing/v3_pricing_engine.py", line 71, in get_quote
    amount_out = self.quoter.quote_exact_input_single(
        token_in, token_out, amount_in, fee_tier=self.fee_tier,
    )
  File "/Users/ivantaborskykh/PycharmProjects/Peanut_Internship/src/pricing/uniswap_v3_quoter.py", line 92, in quote_exact_input_single
    raise UniswapV3QuoterError(
    ...<2 lines>...
    ) from e
src.pricing.uniswap_v3_quoter.UniswapV3QuoterError: QuoterV2 call reverted (CHIP->USDC fee=100): ('Connection aborted.', ConnectionResetError(54, 'Connection reset by peer'))

The above exception was the direct cause of the following exception:

Traceback (most recent call last):
  File "/Users/ivantaborskykh/PycharmProjects/Peanut_Internship/src/strategy/generator.py", line 121, in _fetch_prices
    sell_quote = self.pricing.get_quote(token_in, token_out, sell_amt, gas_price)
  File "/Users/ivantaborskykh/PycharmProjects/Peanut_Internship/src/pricing/v3_pricing_engine.py", line 75, in get_quote
    raise QuoteError(str(e)) from e
src.pricing.pricing_engine.QuoteError: QuoterV2 call reverted (CHIP->USDC fee=100): ('Connection aborted.', ConnectionResetError(54, 'Connection reset by peer'))
2026-05-09 20:07:19,912 | INFO | fetch_order_book: symbol=CHIP/USDC limit=20
2026-05-09 20:07:20,174 | INFO | fetch_order_book: mid=0.066945 spread=4.48bps bids=20 asks=20
2026-05-09 20:07:20,196 | WARNING | _fetch_prices failed for CHIP/USDC: QuoterV2 call reverted (CHIP->USDC fee=100): ('Connection aborted.', ConnectionResetError(54, 'Connection reset by peer'))
Traceback (most recent call last):
  File "/Users/ivantaborskykh/PycharmProjects/Peanut_Internship/.venv/lib/python3.14/site-packages/urllib3/connectionpool.py", line 787, in urlopen
    response = self._make_request(
        conn,
    ...<10 lines>...
        **response_kw,
    )
  File "/Users/ivantaborskykh/PycharmProjects/Peanut_Internship/.venv/lib/python3.14/site-packages/urllib3/connectionpool.py", line 534, in _make_request
    response = conn.getresponse()
  File "/Users/ivantaborskykh/PycharmProjects/Peanut_Internship/.venv/lib/python3.14/site-packages/urllib3/connection.py", line 571, in getresponse
    httplib_response = super().getresponse()
  File "/opt/homebrew/Cellar/python@3.14/3.14.3_1/Frameworks/Python.framework/Versions/3.14/lib/python3.14/http/client.py", line 1450, in getresponse
    response.begin()
    ~~~~~~~~~~~~~~^^
  File "/opt/homebrew/Cellar/python@3.14/3.14.3_1/Frameworks/Python.framework/Versions/3.14/lib/python3.14/http/client.py", line 336, in begin
    version, status, reason = self._read_status()
                              ~~~~~~~~~~~~~~~~~^^
  File "/opt/homebrew/Cellar/python@3.14/3.14.3_1/Frameworks/Python.framework/Versions/3.14/lib/python3.14/http/client.py", line 297, in _read_status
    line = str(self.fp.readline(_MAXLINE + 1), "iso-8859-1")
               ~~~~~~~~~~~~~~~~^^^^^^^^^^^^^^
  File "/opt/homebrew/Cellar/python@3.14/3.14.3_1/Frameworks/Python.framework/Versions/3.14/lib/python3.14/socket.py", line 725, in readinto
    return self._sock.recv_into(b)
           ~~~~~~~~~~~~~~~~~~~~^^^
  File "/opt/homebrew/Cellar/python@3.14/3.14.3_1/Frameworks/Python.framework/Versions/3.14/lib/python3.14/ssl.py", line 1304, in recv_into
    return self.read(nbytes, buffer)
           ~~~~~~~~~^^^^^^^^^^^^^^^^
  File "/opt/homebrew/Cellar/python@3.14/3.14.3_1/Frameworks/Python.framework/Versions/3.14/lib/python3.14/ssl.py", line 1138, in read
    return self._sslobj.read(len, buffer)
           ~~~~~~~~~~~~~~~~~^^^^^^^^^^^^^
ConnectionResetError: [Errno 54] Connection reset by peer

During handling of the above exception, another exception occurred:

Traceback (most recent call last):
  File "/Users/ivantaborskykh/PycharmProjects/Peanut_Internship/.venv/lib/python3.14/site-packages/requests/adapters.py", line 645, in send
    resp = conn.urlopen(
        method=request.method,
    ...<9 lines>...
        chunked=chunked,
    )
  File "/Users/ivantaborskykh/PycharmProjects/Peanut_Internship/.venv/lib/python3.14/site-packages/urllib3/connectionpool.py", line 841, in urlopen
    retries = retries.increment(
        method, url, error=new_e, _pool=self, _stacktrace=sys.exc_info()[2]
    )
  File "/Users/ivantaborskykh/PycharmProjects/Peanut_Internship/.venv/lib/python3.14/site-packages/urllib3/util/retry.py", line 490, in increment
    raise reraise(type(error), error, _stacktrace)
          ~~~~~~~^^^^^^^^^^^^^^^^^^^^^^^^^^^^^^^^^
  File "/Users/ivantaborskykh/PycharmProjects/Peanut_Internship/.venv/lib/python3.14/site-packages/urllib3/util/util.py", line 38, in reraise
    raise value.with_traceback(tb)
  File "/Users/ivantaborskykh/PycharmProjects/Peanut_Internship/.venv/lib/python3.14/site-packages/urllib3/connectionpool.py", line 787, in urlopen
    response = self._make_request(
        conn,
    ...<10 lines>...
        **response_kw,
    )
  File "/Users/ivantaborskykh/PycharmProjects/Peanut_Internship/.venv/lib/python3.14/site-packages/urllib3/connectionpool.py", line 534, in _make_request
    response = conn.getresponse()
  File "/Users/ivantaborskykh/PycharmProjects/Peanut_Internship/.venv/lib/python3.14/site-packages/urllib3/connection.py", line 571, in getresponse
    httplib_response = super().getresponse()
  File "/opt/homebrew/Cellar/python@3.14/3.14.3_1/Frameworks/Python.framework/Versions/3.14/lib/python3.14/http/client.py", line 1450, in getresponse
    response.begin()
    ~~~~~~~~~~~~~~^^
  File "/opt/homebrew/Cellar/python@3.14/3.14.3_1/Frameworks/Python.framework/Versions/3.14/lib/python3.14/http/client.py", line 336, in begin
    version, status, reason = self._read_status()
                              ~~~~~~~~~~~~~~~~~^^
  File "/opt/homebrew/Cellar/python@3.14/3.14.3_1/Frameworks/Python.framework/Versions/3.14/lib/python3.14/http/client.py", line 297, in _read_status
    line = str(self.fp.readline(_MAXLINE + 1), "iso-8859-1")
               ~~~~~~~~~~~~~~~~^^^^^^^^^^^^^^
  File "/opt/homebrew/Cellar/python@3.14/3.14.3_1/Frameworks/Python.framework/Versions/3.14/lib/python3.14/socket.py", line 725, in readinto
    return self._sock.recv_into(b)
           ~~~~~~~~~~~~~~~~~~~~^^^
  File "/opt/homebrew/Cellar/python@3.14/3.14.3_1/Frameworks/Python.framework/Versions/3.14/lib/python3.14/ssl.py", line 1304, in recv_into
    return self.read(nbytes, buffer)
           ~~~~~~~~~^^^^^^^^^^^^^^^^
  File "/opt/homebrew/Cellar/python@3.14/3.14.3_1/Frameworks/Python.framework/Versions/3.14/lib/python3.14/ssl.py", line 1138, in read
    return self._sslobj.read(len, buffer)
           ~~~~~~~~~~~~~~~~~^^^^^^^^^^^^^
urllib3.exceptions.ProtocolError: ('Connection aborted.', ConnectionResetError(54, 'Connection reset by peer'))

During handling of the above exception, another exception occurred:

Traceback (most recent call last):
  File "/Users/ivantaborskykh/PycharmProjects/Peanut_Internship/src/pricing/uniswap_v3_quoter.py", line 87, in quote_exact_input_single
    raw = self.client._web3.eth.call({
        'to':   self.quoter_address.checksum,
        'data': '0x' + calldata.hex(),
    })
  File "/Users/ivantaborskykh/PycharmProjects/Peanut_Internship/.venv/lib/python3.14/site-packages/web3/eth/eth.py", line 247, in call
    return self._durin_call(transaction, block_identifier, state_override)
           ~~~~~~~~~~~~~~~~^^^^^^^^^^^^^^^^^^^^^^^^^^^^^^^^^^^^^^^^^^^^^^^
  File "/Users/ivantaborskykh/PycharmProjects/Peanut_Internship/.venv/lib/python3.14/site-packages/web3/eth/eth.py", line 266, in _durin_call
    return self._call(transaction, block_identifier, state_override)
           ~~~~~~~~~~^^^^^^^^^^^^^^^^^^^^^^^^^^^^^^^^^^^^^^^^^^^^^^^
  File "/Users/ivantaborskykh/PycharmProjects/Peanut_Internship/.venv/lib/python3.14/site-packages/web3/module.py", line 112, in caller
    result = w3.manager.request_blocking(
        method_str, params, error_formatters, null_result_formatters
    )
  File "/Users/ivantaborskykh/PycharmProjects/Peanut_Internship/.venv/lib/python3.14/site-packages/web3/manager.py", line 232, in request_blocking
    response = self._make_request(method, params)
  File "/Users/ivantaborskykh/PycharmProjects/Peanut_Internship/.venv/lib/python3.14/site-packages/web3/manager.py", line 163, in _make_request
    return request_func(method, params)
  File "/Users/ivantaborskykh/PycharmProjects/Peanut_Internship/.venv/lib/python3.14/site-packages/web3/middleware/base.py", line 56, in middleware
    return self.response_processor(method, make_request(method, params))
                                           ~~~~~~~~~~~~^^^^^^^^^^^^^^^^
  File "/Users/ivantaborskykh/PycharmProjects/Peanut_Internship/.venv/lib/python3.14/site-packages/web3/middleware/base.py", line 56, in middleware
    return self.response_processor(method, make_request(method, params))
                                           ~~~~~~~~~~~~^^^^^^^^^^^^^^^^
  File "/Users/ivantaborskykh/PycharmProjects/Peanut_Internship/.venv/lib/python3.14/site-packages/web3/middleware/base.py", line 56, in middleware
    return self.response_processor(method, make_request(method, params))
                                           ~~~~~~~~~~~~^^^^^^^^^^^^^^^^
  File "/Users/ivantaborskykh/PycharmProjects/Peanut_Internship/.venv/lib/python3.14/site-packages/web3/middleware/base.py", line 55, in middleware
    method, params = self.request_processor(method, params)
                     ~~~~~~~~~~~~~~~~~~~~~~^^^^^^^^^^^^^^^^
  File "/Users/ivantaborskykh/PycharmProjects/Peanut_Internship/.venv/lib/python3.14/site-packages/web3/middleware/formatting.py", line 156, in request_processor
    self.sync_formatters_builder(cast("Web3", self._w3), method),
    ~~~~~~~~~~~~~~~~~~~~~~~~~~~~^^^^^^^^^^^^^^^^^^^^^^^^^^^^^^^^
  File "/Users/ivantaborskykh/PycharmProjects/Peanut_Internship/.venv/lib/python3.14/site-packages/web3/middleware/validation.py", line 141, in build_method_validators
    w3_chain_id = w3.eth.chain_id
                  ^^^^^^^^^^^^^^^
  File "/Users/ivantaborskykh/PycharmProjects/Peanut_Internship/.venv/lib/python3.14/site-packages/web3/eth/eth.py", line 156, in chain_id
    return self._chain_id()
           ~~~~~~~~~~~~~~^^
  File "/Users/ivantaborskykh/PycharmProjects/Peanut_Internship/.venv/lib/python3.14/site-packages/web3/module.py", line 112, in caller
    result = w3.manager.request_blocking(
        method_str, params, error_formatters, null_result_formatters
    )
  File "/Users/ivantaborskykh/PycharmProjects/Peanut_Internship/.venv/lib/python3.14/site-packages/web3/manager.py", line 232, in request_blocking
    response = self._make_request(method, params)
  File "/Users/ivantaborskykh/PycharmProjects/Peanut_Internship/.venv/lib/python3.14/site-packages/web3/manager.py", line 163, in _make_request
    return request_func(method, params)
  File "/Users/ivantaborskykh/PycharmProjects/Peanut_Internship/.venv/lib/python3.14/site-packages/web3/middleware/base.py", line 56, in middleware
    return self.response_processor(method, make_request(method, params))
                                           ~~~~~~~~~~~~^^^^^^^^^^^^^^^^
  File "/Users/ivantaborskykh/PycharmProjects/Peanut_Internship/.venv/lib/python3.14/site-packages/web3/middleware/base.py", line 56, in middleware
    return self.response_processor(method, make_request(method, params))
                                           ~~~~~~~~~~~~^^^^^^^^^^^^^^^^
  File "/Users/ivantaborskykh/PycharmProjects/Peanut_Internship/.venv/lib/python3.14/site-packages/web3/middleware/base.py", line 56, in middleware
    return self.response_processor(method, make_request(method, params))
                                           ~~~~~~~~~~~~^^^^^^^^^^^^^^^^
  [Previous line repeated 2 more times]
  File "/Users/ivantaborskykh/PycharmProjects/Peanut_Internship/.venv/lib/python3.14/site-packages/web3/_utils/caching/caching_utils.py", line 261, in wrapper
    return func(provider, method, params)
  File "/Users/ivantaborskykh/PycharmProjects/Peanut_Internship/.venv/lib/python3.14/site-packages/web3/providers/rpc/rpc.py", line 166, in make_request
    raw_response = self._make_request(method, request_data)
  File "/Users/ivantaborskykh/PycharmProjects/Peanut_Internship/.venv/lib/python3.14/site-packages/web3/providers/rpc/rpc.py", line 143, in _make_request
    return self._request_session_manager.make_post_request(
           ~~~~~~~~~~~~~~~~~~~~~~~~~~~~~~~~~~~~~~~~~~~~~~~^
        self.endpoint_uri, request_data, **self.get_request_kwargs()
        ^^^^^^^^^^^^^^^^^^^^^^^^^^^^^^^^^^^^^^^^^^^^^^^^^^^^^^^^^^^^
    )
    ^
  File "/Users/ivantaborskykh/PycharmProjects/Peanut_Internship/.venv/lib/python3.14/site-packages/web3/_utils/http_session_manager.py", line 152, in make_post_request
    with self.get_response_from_post_request(
         ~~~~~~~~~~~~~~~~~~~~~~~~~~~~~~~~~~~^
        endpoint_uri, data=data, **kwargs
        ^^^^^^^^^^^^^^^^^^^^^^^^^^^^^^^^^
    ) as response:
    ^
  File "/Users/ivantaborskykh/PycharmProjects/Peanut_Internship/.venv/lib/python3.14/site-packages/web3/_utils/http_session_manager.py", line 134, in get_response_from_post_request
    return session.post(endpoint_uri, *args, **kwargs)
           ~~~~~~~~~~~~^^^^^^^^^^^^^^^^^^^^^^^^^^^^^^^
  File "/Users/ivantaborskykh/PycharmProjects/Peanut_Internship/.venv/lib/python3.14/site-packages/requests/sessions.py", line 640, in post
    return self.request("POST", url, data=data, json=json, **kwargs)
           ~~~~~~~~~~~~^^^^^^^^^^^^^^^^^^^^^^^^^^^^^^^^^^^^^^^^^^^^^
  File "/Users/ivantaborskykh/PycharmProjects/Peanut_Internship/.venv/lib/python3.14/site-packages/requests/sessions.py", line 592, in request
    resp = self.send(prep, **send_kwargs)
  File "/Users/ivantaborskykh/PycharmProjects/Peanut_Internship/.venv/lib/python3.14/site-packages/requests/sessions.py", line 706, in send
    r = adapter.send(request, **kwargs)
  File "/Users/ivantaborskykh/PycharmProjects/Peanut_Internship/.venv/lib/python3.14/site-packages/requests/adapters.py", line 660, in send
    raise ConnectionError(err, request=request)
requests.exceptions.ConnectionError: ('Connection aborted.', ConnectionResetError(54, 'Connection reset by peer'))

The above exception was the direct cause of the following exception:

Traceback (most recent call last):
  File "/Users/ivantaborskykh/PycharmProjects/Peanut_Internship/src/pricing/v3_pricing_engine.py", line 71, in get_quote
    amount_out = self.quoter.quote_exact_input_single(
        token_in, token_out, amount_in, fee_tier=self.fee_tier,
    )
  File "/Users/ivantaborskykh/PycharmProjects/Peanut_Internship/src/pricing/uniswap_v3_quoter.py", line 92, in quote_exact_input_single
    raise UniswapV3QuoterError(
    ...<2 lines>...
    ) from e
src.pricing.uniswap_v3_quoter.UniswapV3QuoterError: QuoterV2 call reverted (CHIP->USDC fee=100): ('Connection aborted.', ConnectionResetError(54, 'Connection reset by peer'))

The above exception was the direct cause of the following exception:

Traceback (most recent call last):
  File "/Users/ivantaborskykh/PycharmProjects/Peanut_Internship/src/strategy/generator.py", line 121, in _fetch_prices
    sell_quote = self.pricing.get_quote(token_in, token_out, sell_amt, gas_price)
  File "/Users/ivantaborskykh/PycharmProjects/Peanut_Internship/src/pricing/v3_pricing_engine.py", line 75, in get_quote
    raise QuoteError(str(e)) from e
src.pricing.pricing_engine.QuoteError: QuoterV2 call reverted (CHIP->USDC fee=100): ('Connection aborted.', ConnectionResetError(54, 'Connection reset by peer'))
2026-05-09 20:07:21,204 | INFO | fetch_order_book: symbol=CHIP/USDC limit=20
2026-05-09 20:07:21,547 | INFO | fetch_order_book: mid=0.066945 spread=4.48bps bids=20 asks=20
2026-05-09 20:07:22,596 | INFO | SPREAD | pair=CHIP/USDC | cex=0.06693/0.06696 | dex_sell=0.0669273 dex_buy=0.0669498 | spread_a=-4.9bps spread_b=-3.0bps | min=30.0bps
2026-05-09 20:07:23,599 | INFO | fetch_order_book: symbol=CHIP/USDC limit=20
2026-05-09 20:07:23,889 | INFO | fetch_order_book: mid=0.06694 spread=5.98bps bids=20 asks=20
2026-05-09 20:07:24,925 | INFO | SPREAD | pair=CHIP/USDC | cex=0.06692/0.06696 | dex_sell=0.0669273 dex_buy=0.0669498 | spread_a=-4.9bps spread_b=-4.5bps | min=30.0bps
2026-05-09 20:07:25,927 | INFO | fetch_order_book: symbol=CHIP/USDC limit=20
2026-05-09 20:07:26,204 | INFO | fetch_order_book: mid=0.066935 spread=4.48bps bids=20 asks=20
2026-05-09 20:07:27,121 | INFO | SPREAD | pair=CHIP/USDC | cex=0.06692/0.06695 | dex_sell=0.0669273 dex_buy=0.0669498 | spread_a=-3.4bps spread_b=-4.5bps | min=30.0bps
2026-05-09 20:07:28,123 | INFO | fetch_order_book: symbol=CHIP/USDC limit=20
2026-05-09 20:07:28,379 | INFO | fetch_order_book: mid=0.066935 spread=4.48bps bids=20 asks=20
2026-05-09 20:07:29,575 | INFO | SPREAD | pair=CHIP/USDC | cex=0.06692/0.06695 | dex_sell=0.0669273 dex_buy=0.0669498 | spread_a=-3.4bps spread_b=-4.5bps | min=30.0bps
2026-05-09 20:07:30,577 | INFO | fetch_order_book: symbol=CHIP/USDC limit=20
2026-05-09 20:07:30,897 | INFO | fetch_order_book: mid=0.06694 spread=5.98bps bids=20 asks=20
2026-05-09 20:07:31,949 | INFO | SPREAD | pair=CHIP/USDC | cex=0.06692/0.06696 | dex_sell=0.0669273 dex_buy=0.0669498 | spread_a=-4.9bps spread_b=-4.5bps | min=30.0bps
2026-05-09 20:07:32,951 | INFO | fetch_order_book: symbol=CHIP/USDC limit=20
2026-05-09 20:07:33,221 | INFO | fetch_order_book: mid=0.06694 spread=5.98bps bids=20 asks=20
2026-05-09 20:07:34,201 | INFO | SPREAD | pair=CHIP/USDC | cex=0.06692/0.06696 | dex_sell=0.0669273 dex_buy=0.0669498 | spread_a=-4.9bps spread_b=-4.5bps | min=30.0bps
2026-05-09 20:07:35,203 | INFO | fetch_order_book: symbol=CHIP/USDC limit=20
2026-05-09 20:07:35,583 | INFO | fetch_order_book: mid=0.066945 spread=4.48bps bids=20 asks=20
2026-05-09 20:07:36,455 | INFO | SPREAD | pair=CHIP/USDC | cex=0.06693/0.06696 | dex_sell=0.0669273 dex_buy=0.0669498 | spread_a=-4.9bps spread_b=-3.0bps | min=30.0bps
2026-05-09 20:07:37,457 | INFO | fetch_order_book: symbol=CHIP/USDC limit=20
2026-05-09 20:07:37,797 | INFO | fetch_order_book: mid=0.066945 spread=4.48bps bids=20 asks=20
2026-05-09 20:07:38,737 | INFO | SPREAD | pair=CHIP/USDC | cex=0.06693/0.06696 | dex_sell=0.0669273 dex_buy=0.0669498 | spread_a=-4.9bps spread_b=-3.0bps | min=30.0bps
2026-05-09 20:07:39,739 | INFO | fetch_order_book: symbol=CHIP/USDC limit=20
2026-05-09 20:07:40,000 | INFO | fetch_order_book: mid=0.066945 spread=4.48bps bids=20 asks=20
2026-05-09 20:07:40,890 | INFO | SPREAD | pair=CHIP/USDC | cex=0.06693/0.06696 | dex_sell=0.0669273 dex_buy=0.0669498 | spread_a=-4.9bps spread_b=-3.0bps | min=30.0bps
2026-05-09 20:07:41,892 | INFO | fetch_order_book: symbol=CHIP/USDC limit=20
2026-05-09 20:07:42,152 | INFO | fetch_order_book: mid=0.066945 spread=4.48bps bids=20 asks=20
2026-05-09 20:07:43,115 | INFO | SPREAD | pair=CHIP/USDC | cex=0.06693/0.06696 | dex_sell=0.0669273 dex_buy=0.0669498 | spread_a=-4.9bps spread_b=-3.0bps | min=30.0bps
2026-05-09 20:07:44,117 | INFO | fetch_order_book: symbol=CHIP/USDC limit=20
2026-05-09 20:07:44,484 | INFO | fetch_order_book: mid=0.06697 spread=5.97bps bids=20 asks=20
2026-05-09 20:07:45,398 | INFO | SPREAD | pair=CHIP/USDC | cex=0.06695/0.06699 | dex_sell=0.0669273 dex_buy=0.0669498 | spread_a=-9.4bps spread_b=0.0bps | min=30.0bps
2026-05-09 20:07:46,400 | INFO | fetch_order_book: symbol=CHIP/USDC limit=20
2026-05-09 20:07:46,754 | INFO | fetch_order_book: mid=0.06698 spread=5.97bps bids=20 asks=20
2026-05-09 20:07:47,722 | INFO | SPREAD | pair=CHIP/USDC | cex=0.06696/0.067 | dex_sell=0.0669273 dex_buy=0.0669498 | spread_a=-10.9bps spread_b=1.5bps | min=30.0bps
2026-05-09 20:07:48,724 | INFO | fetch_order_book: symbol=CHIP/USDC limit=20
2026-05-09 20:07:48,995 | INFO | fetch_order_book: mid=0.06697 spread=5.97bps bids=20 asks=20
2026-05-09 20:07:49,916 | INFO | SPREAD | pair=CHIP/USDC | cex=0.06695/0.06699 | dex_sell=0.0669273 dex_buy=0.0669498 | spread_a=-9.4bps spread_b=0.0bps | min=30.0bps
2026-05-09 20:07:50,919 | INFO | fetch_order_book: symbol=CHIP/USDC limit=20
2026-05-09 20:07:51,196 | INFO | fetch_order_book: mid=0.066935 spread=4.48bps bids=20 asks=20
2026-05-09 20:07:52,134 | INFO | SPREAD | pair=CHIP/USDC | cex=0.06692/0.06695 | dex_sell=0.0669273 dex_buy=0.0669498 | spread_a=-3.4bps spread_b=-4.5bps | min=30.0bps
2026-05-09 20:07:52,440 | ERROR | Failed to fetch updates - TelegramNetworkError: HTTP Client says - Request timeout error
2026-05-09 20:07:52,440 | WARNING | Sleep for 1.000000 seconds and try again... (tryings = 0, bot id = 8642945117)
2026-05-09 20:07:53,136 | INFO | fetch_order_book: symbol=CHIP/USDC limit=20
2026-05-09 20:07:53,465 | INFO | fetch_order_book: mid=0.066935 spread=4.48bps bids=20 asks=20
2026-05-09 20:07:53,573 | INFO | Connection established (tryings = 1, bot id = 8642945117)
2026-05-09 20:07:53,699 | INFO | Update id=722885992 is handled. Duration 125 ms by bot id=8642945117
2026-05-09 20:07:53,699 | WARNING | Received SIGTERM — shutting down.
2026-05-09 20:07:53,699 | INFO | Polling stopped
2026-05-09 20:07:53,700 | ERROR | Failed to fetch updates - TelegramNetworkError: HTTP Client says - ServerDisconnectedError: Server disconnected
2026-05-09 20:07:53,700 | WARNING | Sleep for 1.000000 seconds and try again... (tryings = 0, bot id = 8642945117)
2026-05-09 20:07:53,700 | INFO | Update id=722885993 is not handled. Duration 125 ms by bot id=8642945117
2026-05-09 20:07:53,700 | ERROR | Cause exception while process update id=722885993 by bot id=8642945117
TelegramNetworkError: HTTP Client says - ServerDisconnectedError: Server disconnected
Traceback (most recent call last):
  File "/Users/ivantaborskykh/PycharmProjects/Peanut_Internship/.venv/lib/python3.14/site-packages/aiogram/client/session/aiohttp.py", line 167, in make_request
    async with session.post(
               ~~~~~~~~~~~~^
        url,
        ^^^^
        data=form,
        ^^^^^^^^^^
        timeout=self.timeout if timeout is None else timeout,
        ^^^^^^^^^^^^^^^^^^^^^^^^^^^^^^^^^^^^^^^^^^^^^^^^^^^^^
    ) as resp:
    ^
  File "/Users/ivantaborskykh/PycharmProjects/Peanut_Internship/.venv/lib/python3.14/site-packages/aiohttp/client.py", line 1521, in __aenter__
    self._resp: _RetType = await self._coro
                           ^^^^^^^^^^^^^^^^
  File "/Users/ivantaborskykh/PycharmProjects/Peanut_Internship/.venv/lib/python3.14/site-packages/aiohttp/client.py", line 788, in _request
    resp = await handler(req)
           ^^^^^^^^^^^^^^^^^^
  File "/Users/ivantaborskykh/PycharmProjects/Peanut_Internship/.venv/lib/python3.14/site-packages/aiohttp/client.py", line 766, in _connect_and_send_request
    await resp.start(conn)
  File "/Users/ivantaborskykh/PycharmProjects/Peanut_Internship/.venv/lib/python3.14/site-packages/aiohttp/client_reqrep.py", line 539, in start
    message, payload = await protocol.read()  # type: ignore[union-attr]
                       ^^^^^^^^^^^^^^^^^^^^^
  File "/Users/ivantaborskykh/PycharmProjects/Peanut_Internship/.venv/lib/python3.14/site-packages/aiohttp/streams.py", line 707, in read
    await self._waiter
aiohttp.client_exceptions.ServerDisconnectedError: Server disconnected

The above exception was the direct cause of the following exception:

Traceback (most recent call last):
  File "/Users/ivantaborskykh/PycharmProjects/Peanut_Internship/.venv/lib/python3.14/site-packages/aiogram/dispatcher/dispatcher.py", line 320, in _process_update
    response = await self.feed_update(bot, update, **kwargs)
               ^^^^^^^^^^^^^^^^^^^^^^^^^^^^^^^^^^^^^^^^^^^^^
  File "/Users/ivantaborskykh/PycharmProjects/Peanut_Internship/.venv/lib/python3.14/site-packages/aiogram/dispatcher/dispatcher.py", line 164, in feed_update
    response = await self.update.wrap_outer_middleware(
               ^^^^^^^^^^^^^^^^^^^^^^^^^^^^^^^^^^^^^^^^
    ...<7 lines>...
    )
    ^
  File "/Users/ivantaborskykh/PycharmProjects/Peanut_Internship/.venv/lib/python3.14/site-packages/aiogram/dispatcher/middlewares/error.py", line 27, in __call__
    return await handler(event, data)
           ^^^^^^^^^^^^^^^^^^^^^^^^^^
  File "/Users/ivantaborskykh/PycharmProjects/Peanut_Internship/.venv/lib/python3.14/site-packages/aiogram/dispatcher/middlewares/user_context.py", line 58, in __call__
    return await handler(event, data)
           ^^^^^^^^^^^^^^^^^^^^^^^^^^
  File "/Users/ivantaborskykh/PycharmProjects/Peanut_Internship/.venv/lib/python3.14/site-packages/aiogram/fsm/middleware.py", line 43, in __call__
    return await handler(event, data)
           ^^^^^^^^^^^^^^^^^^^^^^^^^^
  File "/Users/ivantaborskykh/PycharmProjects/Peanut_Internship/.venv/lib/python3.14/site-packages/aiogram/dispatcher/event/telegram.py", line 126, in trigger
    return await wrapped_inner(event, kwargs)
           ^^^^^^^^^^^^^^^^^^^^^^^^^^^^^^^^^^
  File "/Users/ivantaborskykh/PycharmProjects/Peanut_Internship/.venv/lib/python3.14/site-packages/aiogram/dispatcher/event/handler.py", line 71, in call
    return await wrapped()
           ^^^^^^^^^^^^^^^
  File "/Users/ivantaborskykh/PycharmProjects/Peanut_Internship/.venv/lib/python3.14/site-packages/aiogram/dispatcher/dispatcher.py", line 283, in _listen_update
    return await self.propagate_event(update_type=update_type, event=event, **kwargs)
           ^^^^^^^^^^^^^^^^^^^^^^^^^^^^^^^^^^^^^^^^^^^^^^^^^^^^^^^^^^^^^^^^^^^^^^^^^^
  File "/Users/ivantaborskykh/PycharmProjects/Peanut_Internship/.venv/lib/python3.14/site-packages/aiogram/dispatcher/router.py", line 163, in propagate_event
    return await observer.wrap_outer_middleware(_wrapped, event=event, data=kwargs)
           ^^^^^^^^^^^^^^^^^^^^^^^^^^^^^^^^^^^^^^^^^^^^^^^^^^^^^^^^^^^^^^^^^^^^^^^^
  File "/Users/ivantaborskykh/PycharmProjects/Peanut_Internship/.venv/lib/python3.14/site-packages/aiogram/dispatcher/router.py", line 155, in _wrapped
    return await self._propagate_event(
           ^^^^^^^^^^^^^^^^^^^^^^^^^^^^
    ...<4 lines>...
    )
    ^
  File "/Users/ivantaborskykh/PycharmProjects/Peanut_Internship/.venv/lib/python3.14/site-packages/aiogram/dispatcher/router.py", line 191, in _propagate_event
    response = await router.propagate_event(update_type=update_type, event=event, **kwargs)
               ^^^^^^^^^^^^^^^^^^^^^^^^^^^^^^^^^^^^^^^^^^^^^^^^^^^^^^^^^^^^^^^^^^^^^^^^^^^^
  File "/Users/ivantaborskykh/PycharmProjects/Peanut_Internship/.venv/lib/python3.14/site-packages/aiogram/dispatcher/router.py", line 163, in propagate_event
    return await observer.wrap_outer_middleware(_wrapped, event=event, data=kwargs)
           ^^^^^^^^^^^^^^^^^^^^^^^^^^^^^^^^^^^^^^^^^^^^^^^^^^^^^^^^^^^^^^^^^^^^^^^^
  File "/Users/ivantaborskykh/PycharmProjects/Peanut_Internship/.venv/lib/python3.14/site-packages/aiogram/dispatcher/router.py", line 155, in _wrapped
    return await self._propagate_event(
           ^^^^^^^^^^^^^^^^^^^^^^^^^^^^
    ...<4 lines>...
    )
    ^
  File "/Users/ivantaborskykh/PycharmProjects/Peanut_Internship/.venv/lib/python3.14/site-packages/aiogram/dispatcher/router.py", line 183, in _propagate_event
    response = await observer.trigger(event, **kwargs)
               ^^^^^^^^^^^^^^^^^^^^^^^^^^^^^^^^^^^^^^^
  File "/Users/ivantaborskykh/PycharmProjects/Peanut_Internship/.venv/lib/python3.14/site-packages/aiogram/dispatcher/event/telegram.py", line 126, in trigger
    return await wrapped_inner(event, kwargs)
           ^^^^^^^^^^^^^^^^^^^^^^^^^^^^^^^^^^
  File "/Users/ivantaborskykh/PycharmProjects/Peanut_Internship/.venv/lib/python3.14/site-packages/aiogram/dispatcher/event/handler.py", line 71, in call
    return await wrapped()
           ^^^^^^^^^^^^^^^
  File "/Users/ivantaborskykh/PycharmProjects/Peanut_Internship/src/notifications/telegram_notifier.py", line 353, in _cmd_shutdown
    await message.answer("🛑 Shutting down — bot will exit in a moment.")
  File "/Users/ivantaborskykh/PycharmProjects/Peanut_Internship/.venv/lib/python3.14/site-packages/aiogram/methods/base.py", line 82, in emit
    return await bot(self)
           ^^^^^^^^^^^^^^^
  File "/Users/ivantaborskykh/PycharmProjects/Peanut_Internship/.venv/lib/python3.14/site-packages/aiogram/client/bot.py", line 493, in __call__
    return await self.session(self, method, timeout=request_timeout)
           ^^^^^^^^^^^^^^^^^^^^^^^^^^^^^^^^^^^^^^^^^^^^^^^^^^^^^^^^^
  File "/Users/ivantaborskykh/PycharmProjects/Peanut_Internship/.venv/lib/python3.14/site-packages/aiogram/client/session/base.py", line 259, in __call__
    return cast(TelegramType, await middleware(bot, method))
                              ^^^^^^^^^^^^^^^^^^^^^^^^^^^^^
  File "/Users/ivantaborskykh/PycharmProjects/Peanut_Internship/.venv/lib/python3.14/site-packages/aiogram/client/session/aiohttp.py", line 176, in make_request
    raise TelegramNetworkError(method=method, message=f"{type(e).__name__}: {e}") from e
aiogram.exceptions.TelegramNetworkError: HTTP Client says - ServerDisconnectedError: Server disconnected
2026-05-09 20:07:54,101 | INFO | Bot stopped.
2026-05-09 20:07:54,102 | INFO | Polling stopped for bot @arb_bot_peanutbot id=8642945117 - 'arb_bot_peanut'
2026-05-09 20:07:54,357 | INFO | SPREAD | pair=CHIP/USDC | cex=0.06692/0.06695 | dex_sell=0.0669273 dex_buy=0.0669498 | spread_a=-3.4bps spread_b=-4.5bps | min=30.0bps
